company_name,company_number,company_status,company_type,company_subtype,dissolution_date,incorporation_date,removed_date,registered_date,nature_of_business,registered_office_address
SOLAH GIFT CO. LTD,17149972,active,ltd,,,2026-04-10,,2026-04-10,[47910, 82301],Office 18354 182-184 High Street North London United Kingdom E6 2JA
LEGACYSYNC AUTOMATION LTD,17178297,active,ltd,,,2026-04-24,,2026-04-24,[62012, 71121, 71122, 71129],167-169 Great Portland Street London England W1W 5PF
PILLAR FACILITIES & MAINTENANCE LTD,17192667,active,ltd,,,2026-04-30,,2026-04-30,[81100, 81210, 81222],71-75 Shelton Street London United Kingdom WC2H 9JQ
SNOUT CLUB LTD,17186488,active,ltd,,,2026-04-28,,2026-04-28,[47760, 47910],Silverstream House London England W1T 6EB
THE OLD CUT LONDON LTD,17178343,active,ltd,,,2026-04-24,,2026-04-24,[47190],167-169 Great Portland Street London W1W 5PF
WELLTH CLUB LTD,17178525,active,ltd,,,2026-04-24,,2026-04-24,[86900],128 City Road, London City Road London England EC1V 2NX
ATLAS STRATEGY LTD,17183923,active,ltd,,,2026-04-27,,2026-04-27,[62090],4th Floor, Silverstream House London United Kingdom W1T 6EB
IFW GROUP LTD,17182803,active,ltd,,,2026-04-27,,2026-04-27,[64209],Suite Ra01 195-197 London England E17 3NU
OSECURITY LTD,17168865,active,ltd,,,2026-04-20,,2026-04-20,[80100],71-75 Shelton Street London United Kingdom WC2H 9JQ
DELISH DISH CATERING LTD,17155528,active,ltd,,,2026-04-13,,2026-04-13,[56210],167-169 Great Portland Street London England W1W 5PF
ATLAS CAPITAL ESTATES LIMITED,17131583,active,ltd,,,2026-04-01,,2026-04-01,[68209],Salisbury House London England EC2M 6SE
HEKEN LTD,17168999,active,ltd,,,2026-04-20,,2026-04-20,[73110],19 Burford House Stockwell Road London England SW9 9PU
STERLING CLEANING LTD,17192998,active,ltd,,,2026-04-30,,2026-04-30,[81221, 81299],167-169 Great Portland Street London England W1W 5PF
DREDGE PRODUCTIONS UK LIMITED,17154368,active,ltd,,,2026-04-13,,2026-04-13,[59111],3 Queen Caroline Street London W6 9PE
DIVARA GROUP LIMITED,17150069,active,ltd,,,2026-04-10,,2026-04-10,[64209, 70100, 70229],2nd Floor College House Ruislip, United Kingdom HA4 7AE
42 CLOUDESLEY ROAD (FREEHOLD) LIMITED,17171249,active,ltd,,,2026-04-21,,2026-04-21,[98000],42 Cloudesley Road London England N1 0EB
LONDON TOWN MAINTENANCE LTD,17174716,active,ltd,,,2026-04-22,,2026-04-22,[81100],Flat 17 Berry House London England SW11 5DL
ZAFIRA CASH & CARRY LIMITED,17132584,active,ltd,,,2026-04-01,,2026-04-01,[46390, 47110],50a Penge Road London England E13 0SN
KALNAS HOLDINGS LTD,17140960,active,ltd,,,2026-04-07,,2026-04-07,[43290, 43390, 47781, 47910],9 Birkbeck Road London United Kingdom N12 8DZ
ZEN.HEM LTD,17186795,active,ltd,,,2026-04-28,,2026-04-28,[71200],167-169 Great Portland Street London England W1W 5PF
OBLEE LIMITED,17190196,active,ltd,,,2026-04-29,,2026-04-29,[62012, 63120, 77291, 82301],71-75 Shelton Street London United Kingdom WC2H 9JQ
VERNIK PROPERTY LTD,17173768,active,ltd,,,2026-04-22,,2026-04-22,[47749, 47890, 47910],167 - 169 Great Portland Street London England W1W 5PF
SELEKT SULTAN LTD,17131569,active,ltd,,,2026-04-01,,2026-04-01,[56103],29 Watford Way London England NW4 3JH
TC CLEANING LAB LTD,17145341,active,ltd,,,2026-04-09,,2026-04-09,[81229],167-169 Great Portland Street London England W1W 5PF
PROPERTYCOREOS LIMITED,17173109,active,ltd,,,2026-04-21,,2026-04-21,[63120],124 City Road London England EC1V 2NX
THE COSIEST GIRL IN CHELSEA LTD,17173785,active,ltd,,,2026-04-22,,2026-04-22,[64209],C/O Hilton Consulting Limited Canalot Studios London United Kingdom W10 5BN
ALB TRIMLAB LTD,17165797,active,ltd,,,2026-04-17,,2026-04-17,[96020],8 Gainsborough Road London England E11 1HT
ACHIE'S FISH & CHIPS LTD,17186215,active,ltd,,,2026-04-28,,2026-04-28,[56102, 56103, 56290],2nd Floor College House 17 King Edwards Road London United Kingdom HA4 7AE
ITEMIX SOLUTIONS LTD,17143566,active,ltd,,,2026-04-08,,2026-04-08,[63990, 70210, 73110, 74300],International House, 109-111 Fulham Palace Road London United Kingdom W6 8JA
STUDIO AUSTRALIS LTD,17142520,active,ltd,,,2026-04-08,,2026-04-08,[47781, 47910, 74100],Office One London England EC1R 5HL
PATHWRIGHT LIMITED,17178451,active,ltd,,,2026-04-24,,2026-04-24,[62012],71-75 Shelton Street London United Kingdom WC2H 9JQ
CAPSTONE STAYS LTD,17171283,active,ltd,,,2026-04-21,,2026-04-21,[68209],167-169 Great Portland Street, 5th Floor London England W1W 5PF
VARTESH LTD,17143742,active,ltd,,,2026-04-08,,2026-04-08,[70100],Flat 5, 1a Browning Street London England SE17 1LN
MICRO AGI LTD,17131449,active,ltd,,,2026-04-01,,2026-04-01,[62012],New Broad Street House 35 New Broad Street London England EC2M 1NH
FRYT LTD,17160195,active,ltd,,,2026-04-15,,2026-04-15,[49410],44-45 Beaufort Court Admirals Way London England E14 9XL
STERLING RENEWABLES LIMITED,17177075,active,ltd,,,2026-04-23,,2026-04-23,[43290],160, Fortis House London Road London United Kingdom IG11 8BB
SYNTERA SOLUTIONS LTD,17179389,active,ltd,,,2026-04-24,,2026-04-24,[62012, 62020, 73110],International House London United Kingdom N1 7SR
AC EMPIRE HOLDINGS LTD,17179328,active,ltd,,,2026-04-24,,2026-04-24,[64209],1st Floor 44 Worship Street London United Kingdom EC2A 2EA
WHITE ROSE EQUINE VETS LTD,17192865,active,ltd,,,2026-04-30,,2026-04-30,[75000],71-75 Shelton Street London United Kingdom WC2H 9JQ
18 BRAMERTON STREET FREEHOLD LIMITED,17131527,active,ltd,,,2026-04-01,,2026-04-01,[98000],Upper Maisonette London United Kingdom SW3 5JX
JRST INVESTMENTS LTD,17131929,active,ltd,,,2026-04-01,,2026-04-01,[68100],4th Floor 101 Whitechaple High Street London England E1 7RA
LEVIO LIMITED,17131912,active,ltd,,,2026-04-01,,2026-04-01,[62020],Flat 54 St. Richards House London England NW1 1BS
YBM VENTURES OK GOOGLE LTD,17132053,active,ltd,,,2026-04-01,,2026-04-01,[52290],Flat 2, Greenleaf Close London United Kingdom SW2 2HB
G-ZED MOBILE INTERNATIONAL LTD,17132060,active,ltd,,,2026-04-01,,2026-04-01,[20140, 20301, 29320, 47429],20 Wenlock Road London England N1 7GU
SEJAL JACOB DIETITIAN LIMITED,17132068,active,ltd,,,2026-04-01,,2026-04-01,[86900],128 City Road London United Kingdom EC1V 2NX
RIDNOBUD LIMITED,17132124,active,ltd,,,2026-04-01,,2026-04-01,[41201, 41202],49 West Ham Lane London England E15 4PH
VERTEX AUTOMOTIVE TECHNOLOGIES HOLDINGS LTD,17132126,active,ltd,,,2026-04-01,,2026-04-01,[62012, 64209, 82990],20 Wenlock Road London England N1 7GU
REDHILL CARE LTD,17132119,active,ltd,,,2026-04-01,,2026-04-01,[86900],Unit 4c Crawley Leisure Park Crawley England RH10 8LR
IFUSION VOLT LTD,17132118,active,ltd,,,2026-04-01,,2026-04-01,[35140, 46520, 46900, 47910],C/O Ace Vehicle Deliveries Ltd, Rays House London United Kingdom NW10 7XP
MK ECRIN LTD,17132337,active,ltd,,,2026-04-01,,2026-04-01,[47990, 56103],500 White Hart Lane London England N17 7NA
URBAN CGI UK LTD,17132336,active,ltd,,,2026-04-01,,2026-04-01,[71112, 71129],71-75 Shelton Street London United Kingdom WC2H 9JQ
ARCOV LTD,17132351,active,ltd,,,2026-04-01,,2026-04-01,[46900, 52290, 62020],21 Adeney Close London England W6 8ES
PIXIVO STUDIOS LTD,17132341,active,ltd,,,2026-04-01,,2026-04-01,[62012, 62090, 63120],71-75 Shelton Street London United Kingdom WC2H 9JQ
DAVIDINE SPEECH GYM LIMITED,17132986,active,ltd,,,2026-04-02,,2026-04-02,[47710, 47910, 58110, 85600],86-90 Paul Street London England EC2A 4NE
ESTATE LDN LIMITED,17133113,active,ltd,,,2026-04-02,,2026-04-02,[46190, 47781, 82301, 90040],Studio 4 Stephens Court London United Kingdom E2 7QL
FIREWAVE GLOBAL LTD,17133354,active,ltd,,,2026-04-02,,2026-04-02,[70100, 70210, 70229],71-75 Shelton Street London United Kingdom WC2H 9JQ
SPRINGADOR GROUP LTD,17133353,active,ltd,,,2026-04-02,,2026-04-02,[70229],71-75 Shelton Street London United Kingdom WC2H 9JQ
DENIZ TICARET LTD,17133480,active,ltd,,,2026-04-02,,2026-04-02,[47910],4 Raven Road, Unit 1c3-1124 London United Kingdom E18 1HB
HTA ADVISORY LTD,17133484,active,ltd,,,2026-04-02,,2026-04-02,[70229],71-75 Shelton Street London United Kingdom WC2H 9JQ
STAR DYNAMICS CONSULTING LTD,17133482,active,ltd,,,2026-04-02,,2026-04-02,[70210, 70229, 74909, 85590],71-75 Shelton Street London United Kingdom WC2H 9JQ
BROOKLEIGH INTERNATIONAL LIMITED,17133493,active,ltd,,,2026-04-02,,2026-04-02,[96090],72 Halliwick Road London England N10 1AB
ZERO WHOLESALE LTD,17133577,active,ltd,,,2026-04-02,,2026-04-02,[46410, 46420, 46900],128 City Road London United Kingdom EC1V 2NX
CAREER GATEWAY GLOBAL LTD,17133575,active,ltd,,,2026-04-02,,2026-04-02,[62020],Office 18048 182-184 High Street North London United Kingdom E6 2JA
BITMOOR LTD,17133695,active,ltd,,,2026-04-02,,2026-04-02,[62090],Unit A478, 4-6 Greatorex Street London United Kingdom E1 5NF
DEXLAB CONSULTING LIMITED,17134037,active,ltd,,,2026-04-02,,2026-04-02,[62020],Allia Future Business Centre Peterborough England PE2 8AN
INKLUSIVE NATURE STUDIOS LTD,17134027,active,ltd,,,2026-04-02,,2026-04-02,[85590, 90030],124-128 City Road London England EC1V 2NX
ARDIS TECH LIMITED,17134025,active,ltd,,,2026-04-02,,2026-04-02,[46900, 47910, 62012, 62020],124 City Road London United Kingdom EC1V 2NX
NONPROFITIMPACT LTD,17134032,active,ltd,,,2026-04-02,,2026-04-02,[70229],21 Alma Road London England N10 2NG
FTMM MERCHANDISE GROUP LIMITED,17134414,active,ltd,,,2026-04-02,,2026-04-02,[47290, 52290, 77291, 82302],20 Wenlock Road London England N1 7GU
GRIT AND GRACE LTD,17134415,active,ltd,,,2026-04-02,,2026-04-02,[93199],71-75 Shelton Street London United Kingdom WC2H 9JQ
MIA AND THE GOAT LTD,17134547,active,ltd,,,2026-04-02,,2026-04-02,[46180],3rd Floor, 86-90 Paul Street London United Kingdom EC2A 4NE
CINE HARBOR LTD,17134732,active,ltd,,,2026-04-02,,2026-04-02,[59112, 59120, 73110, 77291],2 Park View Mansions London England E20 1FA
VKW LTD,17134729,active,ltd,,,2026-04-02,,2026-04-02,[45112],71-75 Shelton Street London United Kingdom WC2H 9JQ
QUADLOGIC AI LTD,17134742,active,ltd,,,2026-04-02,,2026-04-02,[62020],71-75 Shelton Street London United Kingdom WC2H 9JQ
KINSAIL PROPERTY LIMITED,17134885,active,ltd,,,2026-04-02,,2026-04-02,[81100, 82110, 82990],71-75 Shelton Street London United Kingdom WC2H 9JQ
PROMOTE2U LTD,17134995,active,ltd,,,2026-04-02,,2026-04-02,[73110],28 Lady Aylesford Avenue Stanmore England HA7 4FH
NATURALVIVE LTD,17135160,active,ltd,,,2026-04-02,,2026-04-02,[47910],Suite 10663 5 Brayford Square London United Kingdom E1 0SG
COMEN UK CO. LTD,17135173,active,ltd,,,2026-04-02,,2026-04-02,[47749],80-83 Long Lane London England EC1A 9ET
ONLINEMANKIN LTD,17135168,active,ltd,,,2026-04-02,,2026-04-02,[85590],Flat 20, 38, Meads Court Carnarvon Road London United Kingdom E15 4LB
DE’GREATDREAM LIMITED,17135430,active,ltd,,,2026-04-02,,2026-04-02,[79110, 79909, 82990],71-75 Shelton Street London United Kingdom WC2H 9JQ
BLUE WATER INSIGHTS LIMITED,17135438,active,ltd,,,2026-04-02,,2026-04-02,[64301],27 Old Gloucester St London United Kingdom WC1N 3AX
FACTORIZER LTD,17135445,active,ltd,,,2026-04-02,,2026-04-02,[46900, 47990, 62012, 70229],20 Wenlock Road London England N1 7GU
TITAN CAPITAL HOLDINGS LTD,17135437,active,ltd,,,2026-04-02,,2026-04-02,[64209, 64999, 70100, 70229],71-75 Shelton Street London United Kingdom WC2H 9JQ
CONSTELLATOR LIMITED,17135505,active,ltd,,,2026-04-02,,2026-04-02,[62012],71-75 Shelton Street London United Kingdom WC2H 9JQ
MIK-88 LTD,17135870,active,ltd,,,2026-04-02,,2026-04-02,[43290],54 London Road London England E13 0DE
KBK GROUNDWORKS LTD,17136040,active,ltd,,,2026-04-03,,2026-04-03,[41201, 41202, 42990],66 Paul Street London United Kingdom EC2A 4NA
EVENTEDGE LTD,17136135,active,ltd,,,2026-04-03,,2026-04-03,[62020],281 Whitehorse Lane London England SE25 6UL
BLACKNEON LTD,17136441,active,ltd,,,2026-04-03,,2026-04-03,[58290],66 Paul Street London United Kingdom EC2A 4NA
BASIN ONE LTD,17136445,active,ltd,,,2026-04-03,,2026-04-03,[70229],66 Paul Street London United Kingdom EC2A 4NA
RMSS GROUP LTD,17136821,active,ltd,,,2026-04-04,,2026-04-04,[80100],125 Barking Road London England E16 4HQ
WAYPOINT TRAVEL TECHNOLOGIES LTD,17137108,active,ltd,,,2026-04-05,,2026-04-05,[62090],Flat 1 390 City Road London England EC1V 2QA
CRICKLEWOOD MOBILE TYRES LIMITED,17137121,active,ltd,,,2026-04-05,,2026-04-05,[45200, 45320, 46900],Flat 4 13 Chichele Road London England NW2 3AH
SWINLEY INTERIORS LTD,17137123,active,ltd,,,2026-04-05,,2026-04-05,[43290],4th Floor 18 St. Cross Street London United Kingdom EC1N 8UN
JB COMMERCIAL SERVICES LTD,17137260,active,ltd,,,2026-04-05,,2026-04-05,[74902],Flat 2 Nesham House London England N1 5LY
THE PATTERN ADVANTAGE LTD,17137265,active,ltd,,,2026-04-05,,2026-04-05,[70229],66 Paul Street London England EC2A 4NA
DIRAC LABS UK LTD,17137320,active,ltd,,,2026-04-06,,2026-04-06,[71121],5 New Street Square London United Kingdom EC4A 3TW
NELSON LORD GROUP LTD,17137619,active,ltd,,,2026-04-06,,2026-04-06,[64209],Unit A309 4 - 6 Greatorex Street London United Kingdom E1 5NF
R&W FIRE SOLUTIONS LTD,17137625,active,ltd,,,2026-04-06,,2026-04-06,[84250],128 City Road London United Kingdom EC1V 2NX
ERIC LYVA SOFTWARE LTD,17137643,active,ltd,,,2026-04-06,,2026-04-06,[18130, 58290, 59200],66 Paul Street London United Kingdom EC2A 4NA
HASLAM LIVING LIMITED,17137642,active,ltd,,,2026-04-06,,2026-04-06,[47910],66 Paul Street London United Kingdom EC2A 4NA
BERNERS WHOLESALE LTD,17137633,active,ltd,,,2026-04-06,,2026-04-06,[47910],60 Tottenham Court Road London United Kingdom W1T 2EW
PEARCE & CO PROPERTIES LTD,17137909,active,ltd,,,2026-04-06,,2026-04-06,[41100, 68100, 68209],20 Wenlock Road London England N1 7GU
VANTAGE MERIDIAN LIMITED,17137892,active,ltd,,,2026-04-06,,2026-04-06,[69109, 70229, 82990],167-169 Great Portland Street London England W1W 5PF
FINANCE POINT LTD,17137918,active,ltd,,,2026-04-06,,2026-04-06,[69201],Unit 10, Grange Mill London England SW12 0NE
TERMGUARD.AI LIMITED,17137884,active,ltd,,,2026-04-06,,2026-04-06,[62012],Flat 6 7 Kensington Square London England W8 5EP
OMNIA HOTEL SYSTEMS LTD,17137911,active,ltd,,,2026-04-06,,2026-04-06,[62012, 62020, 63110],Office 167-169 Great Portland Street London United Kingdom W1W 5PF
JS2 GROUP LIMITED,17137878,active,ltd,,,2026-04-06,,2026-04-06,[96090],128 City Road London United Kingdom EC1V 2NX
DR ASHTON AESTHETICS LTD,17138199,active,ltd,,,2026-04-06,,2026-04-06,[86210, 86220, 86900],66 Paul Street London United Kingdom EC2A 4NA
SYMMORI LTD,17138222,active,ltd,,,2026-04-06,,2026-04-06,[73110],66 Paul Street London United Kingdom EC2A 4NA
TE ODA LONDON LTD,17138324,active,ltd,,,2026-04-06,,2026-04-06,[56102, 56103],Barkat House, Suite 9 London England NW3 5HT
RAVE NEAL & ASSOCIATES LTD,17138467,active,ltd,,,2026-04-06,,2026-04-06,[70229],10 St. Anns Villas London England W11 4RX
CHOPSTICKS & DREAMS LTD,17138589,active,ltd,,,2026-04-06,,2026-04-06,[56101, 56210, 56302],Unit 10 Lockwood Way London England E17 5RB
PASCALL HYGIENE LTD,17138738,active,ltd,,,2026-04-07,,2026-04-07,[86230, 86900],20 Wenlock Road London England N1 7GU
EU VIGNETTES LTD,17138801,active,ltd,,,2026-04-07,,2026-04-07,[47910],4 Norbreck Gardens London England NW10 7HS
GARDEN KITCHEN CATERING LTD,17139031,active,ltd,,,2026-04-07,,2026-04-07,[56210],Unit D1 Wagon Yard Marlborough United Kingdom SN8 1LH
DAO PROPERTY LIMITED,17139038,active,ltd,,,2026-04-07,,2026-04-07,[68209],179 Mount View Road London United Kingdom N4 4JT
GREYCOKER LTD,17139124,active,ltd,,,2026-04-07,,2026-04-07,[81210, 81229, 81299],C/O Fruition Consultants Ltd London United Kingdom EC3N 1BJ
COLINCO LTD,17139120,active,ltd,,,2026-04-07,,2026-04-07,[62011],22a Ongar Road London England SW6 1SJ
GEN-METRICS LTD,17139348,active,ltd,,,2026-04-07,,2026-04-07,[62020, 70229],71-75 Shelton Street London United Kingdom WC2H 9JQ
SHINSEI HOSPITALITY LTD,17139352,active,ltd,,,2026-04-07,,2026-04-07,[56101],2 Jardine House Harrovian Business Village Harrow England HA1 3EX
CHAT WITH CRM LTD,17139354,active,ltd,,,2026-04-07,,2026-04-07,[58290],International House London United Kingdom E16 2DQ
PANDABOT LIMITED,17139357,active,ltd,,,2026-04-07,,2026-04-07,[85600],Office 18187 182-184 High Street North London United Kingdom E6 2JA
EUROPEAN (OVERSEAS) LUBRICANTS LTD,17139832,active,ltd,,,2026-04-07,,2026-04-07,[82990],1146 High Road London England N20 0RA
GULF FLAVOURS AND FRAGRANCES LIMITED,17139815,active,ltd,,,2026-04-07,,2026-04-07,[46450, 47190],Office 17669 182-184 High Street North London United Kingdom E6 2JA
ARTEMYST LTD,17140096,active,ltd,,,2026-04-07,,2026-04-07,[47910],124 City Road London United Kingdom EC1V 2NX
HOME AND GARDEN LDN LTD,17140245,active,ltd,,,2026-04-07,,2026-04-07,[46150],73, Home And Garden London United Kingdom SE23 3HT
BLAIRGOWRIE HE LIMITED,17140253,active,ltd,,,2026-04-07,,2026-04-07,[70229],71-75 Shelton Street London United Kingdom WC2H 9JQ
RB SCAFFOLDING LTD,17140243,active,ltd,,,2026-04-07,,2026-04-07,[43991],113 Manor Road London England E10 7HW
UPBEAT SOFTWARE LTD,17140434,active,ltd,,,2026-04-07,,2026-04-07,[62012],50 Argyle Road London England W13 8AA
FARMER J (CURZON STREET) LIMITED,17140440,active,ltd,,,2026-04-07,,2026-04-07,[56101, 56103, 56210],3rd Floor The Coade London United Kingdom SE11 5EL
SIMPLEFUD LTD,17140422,active,ltd,,,2026-04-07,,2026-04-07,[56290],257 Torridon Road London United Kingdom SE6 1RF
INHERIT101 LTD,17140425,active,ltd,,,2026-04-07,,2026-04-07,[82990],66 Paul Street London United Kingdom EC2A 4NA
IMPATTO CO LTD,17140428,active,ltd,,,2026-04-07,,2026-04-07,[72200],1st Floor The Brew Eagle House London United Kingdom EC1V 1NR
S.A PEST CONTROL LTD,17140427,active,ltd,,,2026-04-07,,2026-04-07,[81291],52 Dobson Close London United Kingdom NW6 4RU
MEDIA HERO ADVERTISING LTD,17140432,active,ltd,,,2026-04-07,,2026-04-07,[73110, 73120],128 City Road London United Kingdom EC1V 2NX
EAGLE EYE DIGITAL LTD,17140414,active,ltd,,,2026-04-07,,2026-04-07,[70229],66 Paul Street London England EC2A 4NA
LUXURY LINEN SOLUTIONS LTD,17140654,active,ltd,,,2026-04-07,,2026-04-07,[46160],112 Princes Gardens London England W3 0LJ
BESUCH UK LTD,17140665,active,ltd,,,2026-04-07,,2026-04-07,[56101],Shop 7 Pennine Parade London United Kingdom NW2 1NT
HEMROC CONSTRUCTION LTD,17140667,active,ltd,,,2026-04-07,,2026-04-07,[41202],Shop 7 Pennine Parade London United Kingdom NW2 1NT
NOFILCRAFTS LTD,17140869,active,ltd,,,2026-04-07,,2026-04-07,[47910],Office 1058 60 Tottenham Court Road London United Kingdom W1T 2EW
R AND R DIGGING AND DEMOLITION SERVICES LTD,17140880,active,ltd,,,2026-04-07,,2026-04-07,[41202, 43999],24 Morris Street London England E1 2NP
NEXORA LOGISTICS LTD,17140945,active,ltd,,,2026-04-07,,2026-04-07,[49410, 52290, 53202],88 Brookdene Road London England SE18 1EL
SHAREKTE420 LTD,17141129,active,ltd,,,2026-04-07,,2026-04-07,[46900],275 New N Rd #3110 London United Kingdom N1 7AA
PATHWAYS SOLUTIONS LIMITED,17141128,active,ltd,,,2026-04-07,,2026-04-07,[68209, 85590, 87900, 88990],48 Radbourne Crescent London England E17 3RS
HHH EATERIES LTD,17141100,active,ltd,,,2026-04-07,,2026-04-07,[56290],Seymour Chambers Liverpool United Kingdom L3 5NW
VECTOSA LTD,17141101,active,ltd,,,2026-04-07,,2026-04-07,[62012, 62020, 62090, 73110],128 City Road London United Kingdom EC1V 2NX
HSN ELECTRICAL SOLUTIONS LTD,17141095,active,ltd,,,2026-04-07,,2026-04-07,[43210],21 Trewint Street Earlsfield United Kingdom SW18 4TY
LENVORA LTD,17140893,active,ltd,,,2026-04-07,,2026-04-07,[47910, 62012, 62090, 63120],23 Sheen Road London United Kingdom TW9 1BN
SAGE NEST CARE LTD,17141477,active,ltd,,,2026-04-07,,2026-04-07,[87900],70 Bathurst Gardens London England NW10 5HY
FUN HOUSE (LONDON) LIMITED,17141864,active,ltd,,,2026-04-07,,2026-04-07,[93290],45-47 Station Road London England E4 7BJ
VALTERON LTD,17141860,active,ltd,,,2026-04-07,,2026-04-07,[70221, 70229],124 City Road London United Kingdom EC1V 2NX
DJ FREIGHT LTD,17142064,active,ltd,,,2026-04-07,,2026-04-07,[46900],C/O Melon Accountants Ltd London England SW1V 1DW
ORIGENLAYER LTD,17142125,active,ltd,,,2026-04-08,,2026-04-08,[62012, 63110],66 Paul Street London United Kingdom EC2A 4NA
FREQUENCY REFERENCES LIMITED,17142123,active,ltd,,,2026-04-07,,2026-04-07,[99999],66 Paul Street London England EC2A 4NA
KRO PIPELINES SERVICES LTD,17142531,active,ltd,,,2026-04-08,,2026-04-08,[74909],66 Paul Street London United Kingdom EC2A 4NA
HOLIDAY WITH ME LTD,17142537,active,ltd,,,2026-04-08,,2026-04-08,[62011],18 Chelsea Crescent London United Kingdom SW10 0XB
KLIRINVEST ANALYTICS LTD,17142541,active,ltd,,,2026-04-08,,2026-04-08,[62012],128 City Road London United Kingdom EC1V 2NX
SHAREKTE423 LTD,17142693,active,ltd,,,2026-04-08,,2026-04-08,[46900],275 New N Rd #3110 London United Kingdom N1 7AA
TINKR APP LTD,17142710,active,ltd,,,2026-04-08,,2026-04-08,[62012, 62090],71-75 Shelton Street London United Kingdom WC2H 9JQ
ALDOSIA LTD,17142707,active,ltd,,,2026-04-08,,2026-04-08,[70210, 70229, 73110, 74100],71-75 Shelton Street London United Kingdom WC2H 9JQ
DEKODU LTD,17142706,active,ltd,,,2026-04-08,,2026-04-08,[62012],124 City Road London England EC1V 2NX
METALS N KETTLES LTD,17142725,active,ltd,,,2026-04-08,,2026-04-08,[46120, 46480, 46770, 96090],20 Wenlock Road London England N1 7GU
BEYOND RIDGE COMMERCE LTD,17142714,active,ltd,,,2026-04-08,,2026-04-08,[47910],71-75 Shelton Street London United Kingdom WC2H 9JQ
GG-063-193 LIMITED,17142890,active,ltd,,,2026-04-08,,2026-04-08,[68209],1 Lyric Square London England W6 0NB
TBO COACHING LTD,17139802,active,ltd,,,2026-04-07,,2026-04-07,[70229, 73110, 85590, 96090],66 Paul Street London England EC2A 4NA
AQUA TRADING UK LTD,17143374,active,ltd,,,2026-04-08,,2026-04-08,[56103],80 Hoe Street Walthamstow, London United Kingdom E17 4PG
OTAKOMI LTD,17143350,active,ltd,,,2026-04-08,,2026-04-08,[47910],128 City Road London United Kingdom EC1V 2NX
EYOB ANDEBRHAN LIMITED,17143346,active,ltd,,,2026-04-08,,2026-04-08,[68100, 68209],16a Chatsworth Road London England E5 0LP
VISTALES LTD,17143366,active,ltd,,,2026-04-08,,2026-04-08,[58290, 62012, 62090, 63120],5 Brayford Square London England E1 0SG
LNM ORANGE LTD,17143363,active,ltd,,,2026-04-08,,2026-04-08,[47910, 70229],Unit 274 48 Waterside Heights London United Kingdom E16 2GP
MOHNALT LIMITED,17143355,active,ltd,,,2026-04-08,,2026-04-08,[62012],124 City Road London United Kingdom EC1V 2NX
GOLDEN LINE LTD,17143354,active,ltd,,,2026-04-08,,2026-04-08,[46520, 46900, 47540],41 Devonshire Street Ground Floor Office 1 London United Kingdom W1G 7AJ
SETHIA PROPERTIES LIMITED,17143543,active,ltd,,,2026-04-08,,2026-04-08,[68209, 98000],105 St. John Street London England EC1M 4AS
PROVOLVE SOLUTIONS INCORPORATED LTD,17143568,active,ltd,,,2026-04-08,,2026-04-08,[41100],124-128 City Road London England EC1V 2NX
VERITO IMMIGRATION SERVICES LTD,17143549,active,ltd,,,2026-04-08,,2026-04-08,[69109],25 Gatonby Street London England SE15 5GU
AQUA THERMAL PLUMBING AND HEATING LTD,17143559,active,ltd,,,2026-04-08,,2026-04-08,[41201, 41202],124 City Road London United Kingdom EC1V 2NX
I NEVER LEFT LTD,17143542,active,ltd,,,2026-04-08,,2026-04-08,[63990],71-75 Shelton Street London United Kingdom WC2H 9JQ
HEXABEE LTD,17143560,active,ltd,,,2026-04-08,,2026-04-08,[62012, 63110, 64999],71-75 Shelton Street London United Kingdom WC2H 9JQ
TRADE+PASS LIMITED,17143703,active,ltd,,,2026-04-08,,2026-04-08,[58210, 70229],10 Durham Terrace London England W2 5PB
RACHEL SKLAN THERAPY LTD,17143694,active,ltd,,,2026-04-08,,2026-04-08,[86900],39 Lullington Garth London England N12 7LT
ORM COMPANY LTD,17144011,active,ltd,,,2026-04-08,,2026-04-08,[73110, 78101, 82990, 96090],128 City Road London United Kingdom EC1V 2NX
EDEN NEXUS LTD,17144031,active,ltd,,,2026-04-08,,2026-04-08,[47410, 47421, 47429, 95110],40 Ben Jonson Road London United Kingdom E1 3NN
VECTRA CAPITAL LTD,17144040,active,ltd,,,2026-04-08,,2026-04-08,[68209],Spaces London United Kingdom W6 7AP
THR NUMBER 54 LIMITED,17144049,active,ltd,,,2026-04-08,,2026-04-08,[64306],Level 4 Dashwood House London United Kingdom EC2M 1QS
UVB THERAPY LTD,17144023,active,ltd,,,2026-04-08,,2026-04-08,[47910, 86900],124, 124, Uvb Therapy Ltd City Road London United Kingdom EC1V 2NX
BERENT LTD,17144020,active,ltd,,,2026-04-08,,2026-04-08,[99999],Ormond House 26/27 Boswell Street London United Kingdom WC1N 3JZ
KATANIME LTD,17144026,active,ltd,,,2026-04-08,,2026-04-08,[47710, 47910],66 Paul Street London United Kingdom EC2A 4NA
SALES ABF LTD,17144027,active,ltd,,,2026-04-08,,2026-04-08,[47910],Suite Ra01 195-197 Wood Street London United Kingdom E17 3NU
LOCARISK LTD,17144325,active,ltd,,,2026-04-08,,2026-04-08,[82990],Portman House Fidcorp London United Kingdom W1H 6DU
TOKERBRIDGE CREATORS LTD,17131313,active,ltd,,,2026-04-01,,2026-04-01,[70229, 73110],167-169 Great Portland Street London United Kingdom W1W 5PF
GLASS AND GLAZING LTD,17131312,active,ltd,,,2026-04-01,,2026-04-01,[43342],29 Aylmer Road London England N2 0PE
WILLIS ACCOMMODATION UK LTD,17131444,active,ltd,,,2026-04-01,,2026-04-01,[68209],C/O Getground London England W6 0NB
HOLBORN NAILS & BEAUTY LTD,17131354,active,ltd,,,2026-04-01,,2026-04-01,[96020],57 Red Lion Street London England WC1R 4PD
BREWINS SOCIAL LIMITED,17131355,active,ltd,,,2026-04-01,,2026-04-01,[73110],Flat 1, 13 Abbeville Road London England SW4 9LA
EARDLEY MEDICAL LIMITED,17131349,active,ltd,,,2026-04-01,,2026-04-01,[86220],13b Eardley Crescent London United Kingdom SW5 9JS
KALISI FAST FOOD LTD,17131535,active,ltd,,,2026-04-01,,2026-04-01,[56103],426 Hoe Street London United Kingdom E17 9AA
EMBR FIRE PROTECTION LTD,17132183,active,ltd,,,2026-04-01,,2026-04-01,[43290],3rd Floor, 86-90 Paul Street London United Kingdom EC2A 4NE
MIKESTRANGER LTD,17132377,active,ltd,,,2026-04-01,,2026-04-01,[62012],71-75 Shelton Street London United Kingdom WC2H 9JQ
PRIME CONSULTING AND STRATEGY LTD,17132362,active,ltd,,,2026-04-01,,2026-04-01,[62020, 70229, 73110, 74100],124-128 City Road London England EC1V 2NX
LAWYARD LTD,17132787,active,ltd,,,2026-04-01,,2026-04-01,[69102, 70229],2 Leman Street London England E1 8FA
P99 TRAINING LTD,17132934,active,ltd,,,2026-04-01,,2026-04-01,[63990, 96040],Flat 28 Gray House London England SE17 1DT
BLACKOAK TRADING LIMITED,17132933,active,ltd,,,2026-04-01,,2026-04-01,[47910],27 Harbridge Avenue London United Kingdom SW15 4HA
HOUSE OF SWAN INTERNATIONAL LTD,17133948,active,ltd,,,2026-04-02,,2026-04-02,[68209],128 City Road London United Kingdom EC1V 2NX
ANY SIZE STEEL LTD,17134108,active,ltd,,,2026-04-02,,2026-04-02,[46720],70a Osbaldeston Road London United Kingdom N16 7DR
FARTHING ADVISORY LTD,17134104,active,ltd,,,2026-04-02,,2026-04-02,[70229],71-75 Shelton Street London United Kingdom WC2H 9JQ
HIPPOLOCKS LTD,17134095,active,ltd,,,2026-04-02,,2026-04-02,[47910, 80200],Flat 29 Snowman House London England NW6 4DN
RIO GLOBAL SERVICES LTD,17134441,active,ltd,,,2026-04-02,,2026-04-02,[47990, 70229, 79110, 98000],46b Church Road Manaor Park United Kingdom E12 6AF
INCHINN LIMITED,17134673,active,ltd,,,2026-04-02,,2026-04-02,[69201],1 Loughborough Street London United Kingdom SE11 5RB
RISK INTELLIGENCE ADVISORY LTD,17134744,active,ltd,,,2026-04-02,,2026-04-02,[70221, 70229, 82990],71-75 Shelton Street London United Kingdom WC2H 9JQ
RISK STRATEGIC LTD,17134755,active,ltd,,,2026-04-02,,2026-04-02,[62012, 62020, 69102, 70229],24 Shackleton Way London United Kingdom E16 2JT
BLOOMBUDDY LTD,17134764,active,ltd,,,2026-04-02,,2026-04-02,[86900],66 Paul Street London United Kingdom EC2A 4NA
HIMALIA LTD,17134756,active,ltd,,,2026-04-02,,2026-04-02,[56103],20 Wenlock Road London England N1 7GU
SALMA SAEED LIMITED,17135261,active,ltd,,,2026-04-02,,2026-04-02,[68209],656 High Road Leytonstone London England E11 3AA
SDJ MEDIA ADVISORY LTD,17135238,active,ltd,,,2026-04-02,,2026-04-02,[73120],20 Wenlock Road London England N1 7GU
MAVENS OF LONDON LTD,17135240,active,ltd,,,2026-04-02,,2026-04-02,[81210, 81222, 81229, 81299],29 Holland Street London England W8 4NA
MULLER MEDIA LTD,17135418,active,ltd,,,2026-04-02,,2026-04-02,[62012],Office 18207 182-184 High Street North London United Kingdom E6 2JA
SPELLS OF THE SEA MUSICAL LTD,17135702,active,ltd,,,2026-04-02,,2026-04-02,[90010, 90020],71-75 Shelton Street London United Kingdom WC2H 9JQ
STAR HEADCARE LTD,17135737,active,ltd,,,2026-04-02,,2026-04-02,[96020],167-169 Great Portland Street London England W1W 5PF
MDIZ DRIVING SCHOOL LTD,17135946,active,ltd,,,2026-04-02,,2026-04-02,[85530],Flat 7, Charlton Court London England E6 6JD
MAXWELL FITNESS LIMITED,17136021,active,ltd,,,2026-04-03,,2026-04-03,[64301, 64999],Basement Flat London England SE14 6NY
IJEOMA GROCERIES LTD,17136101,active,ltd,,,2026-04-03,,2026-04-03,[46190, 47110, 56210, 56290],11 Milward Walk London England SE18 4DQ
BROCCOLIFE LIMITED,17136097,active,ltd,,,2026-04-03,,2026-04-03,[10390, 10890, 47290, 47910],66 Paul Street London England EC2A 4NA
IMPERIAL STAND LTD,17136432,active,ltd,,,2026-04-03,,2026-04-03,[68209],163 Holloway Road London United Kingdom N7 8LX
AERONYX LTD,17136430,active,ltd,,,2026-04-03,,2026-04-03,[33140, 35110, 43210, 71129],66 Paul Street London England EC2A 4NA
DR ZEUS LIMITED,17136640,active,ltd,,,2026-04-04,,2026-04-04,[96090],Flat 40 Westminster Mansions London England SW1P 3BP
FLCL LIMITED,17136666,active,ltd,,,2026-04-04,,2026-04-04,[86900],Atlantic House London England W1C 2JF
RAVEN AI LTD,17136668,active,ltd,,,2026-04-04,,2026-04-04,[63990],80 Hawkwood Crescent London England E4 7PJ
VIDONLINEUK LTD,17136903,active,ltd,,,2026-04-04,,2026-04-04,[47910],42 Rose Bates Drive London England NW9 9QJ
PAVILION PEST SOLUTIONS LTD,17137084,active,ltd,,,2026-04-05,,2026-04-05,[81291],66 Paul Street London United Kingdom EC2A 4NA
BLACKSTONE TEXTILE LTD,17137082,active,ltd,,,2026-04-05,,2026-04-05,[47820, 47910],17 Green Lanes London United Kingdom N16 9BS
PLUMBER SPORTING LTD,17137578,active,ltd,,,2026-04-06,,2026-04-06,[93120],2nd Floor College House Ruislip, United Kingdom HA4 7AE
PARKER COMMONS LTD,17137568,active,ltd,,,2026-04-06,,2026-04-06,[96090],71-75 Shelton Street London United Kingdom WC2H 9JQ
TODLAR LTD,17137570,active,ltd,,,2026-04-06,,2026-04-06,[43999],71 Durban Road London England N17 8ED
THE WILSON ACADEMY OF PERFORMING ARTS LTD,17137560,active,ltd,,,2026-04-06,,2026-04-06,[90010, 90020],128 City Road London United Kingdom EC1V 2NX
THE NATURAL HEALTH COMMUNITY LTD,17137546,active,ltd,,,2026-04-06,,2026-04-06,[63120, 63990, 73110],167-169 Great Portland Street London England W1W 5PF
TYME RETREAT MASSAGE & WELLNESS LIMITED,17137713,active,ltd,,,2026-04-06,,2026-04-06,[85590, 86900, 96040],338a Regents Park Road London United Kingdom N3 2LN
AHO CONSULTANCY LTD,17137722,active,ltd,,,2026-04-06,,2026-04-06,[70229],13 Relph Court Kenneth Way London England W5 2TS
SEN CRAFTS LIMITED,17137975,active,ltd,,,2026-04-06,,2026-04-06,[46420, 47721, 47722, 47770],71-75 Shelton Street London United Kingdom WC2H 9JQ
MAGIS RETAIL ONLINE LTD,17137984,active,ltd,,,2026-04-06,,2026-04-06,[47910],20 Wenlock Road London England N1 7GU
STONEBRIDGE HILL LTD,17138151,active,ltd,,,2026-04-06,,2026-04-06,[68100, 68209],1259 London Road Leigh-On-Sea England SS9 2AF
CREWHUB LTD,17138143,active,ltd,,,2026-04-06,,2026-04-06,[62012],71-75 Shelton Street London United Kingdom WC2H 9JQ
ORVEMARIS LTD,17138140,active,ltd,,,2026-04-06,,2026-04-06,[46190],Unit 116 Second Floor Capital House 61 Amhurst Road, London United Kingdom E8 1LL
LOOSE CHANGE CLUB LTD,17138150,active,ltd,,,2026-04-06,,2026-04-06,[85600],167-169 Great Portland Street London United Kingdom W1W 5PF
ABRAM INVESTMENTS LTD,17138438,active,ltd,,,2026-04-06,,2026-04-06,[41201],3 Avondale Park Road London England W11 4HG
TAGHAUL LTD,17138723,active,ltd,,,2026-04-07,,2026-04-07,[58290, 62020],66 Paul Street London United Kingdom EC2A 4NA
LUIMMYSAACSTORES LTD,17138891,active,ltd,,,2026-04-07,,2026-04-07,[47910, 47990],66 Paul Street London United Kingdom EC2A 4NA
MOOBOO RETAIL LIMA BELAS LIMITED,17139253,active,ltd,,,2026-04-07,,2026-04-07,[56103],140 Brompton Road London England SW3 1HY
SYONOPERATIONS LTD,17139243,active,ltd,,,2026-04-07,,2026-04-07,[70221],167-169 Great Portland Street London England W1W 5PF
BLACK UNICORN DIGITAL SOLUTIONS LTD,17139247,active,ltd,,,2026-04-07,,2026-04-07,[46160, 46190, 46900, 47910],128 City Road London United Kingdom EC1V 2NX
HADA STRATEGY LTD,17139485,active,ltd,,,2026-04-07,,2026-04-07,[70229, 82301, 85520, 90030],71-75 Shelton Street London United Kingdom WC2H 9JQ
ROBERT JAMES 2026 LTD,17139733,active,ltd,,,2026-04-07,,2026-04-07,[59111],Flat 2 3 Navarino Road London England E8 1AD
GOLF SIM STUDIOS LTD,17139927,active,ltd,,,2026-04-07,,2026-04-07,[47640, 85510, 93110, 93290],71-75 Shelton Street London United Kingdom WC2H 9JQ
SCALEHOUSE CONSULTANCY LTD,17139924,active,ltd,,,2026-04-07,,2026-04-07,[70229],71-75 Shelton Street London United Kingdom WC2H 9JQ
TRANTOR PRIME LIMITED,17139934,active,ltd,,,2026-04-07,,2026-04-07,[45200],Turnpike House 1208-1210 London Road Leigh-On-Sea England SS9 2UA
IA BUSINESS CONSULTING SERVICES LIMITED,17140170,active,ltd,,,2026-04-07,,2026-04-07,[70221, 70229],162 All Souls Avenue London England NW10 3AB
SERG MECH LTD,17140175,active,ltd,,,2026-04-07,,2026-04-07,[33170],20 Wenlock Road London England N1 7GU
SHELLBRIDGE CONSTRUCTION LTD,17140185,active,ltd,,,2026-04-07,,2026-04-07,[41202, 43390],71-75 Shelton Street London United Kingdom WC2H 9JQ
CARPETS SUPREME LTD,17140176,active,ltd,,,2026-04-07,,2026-04-07,[47530],94 Bourne Terrace London United Kingdom W2 5TH
PSL GLOBAL IT AND SERVICES LTD,17140399,active,ltd,,,2026-04-07,,2026-04-07,[62020, 62090, 63990],17 Green Lanes London England N16 9BS
WILL CHURCHILL LIGHTING LIMITED,17140640,active,ltd,,,2026-04-07,,2026-04-07,[90020],20 Wenlock Road London England N1 7GU
JGP WILLIAMS HOLDINGS LTD,17140804,active,ltd,,,2026-04-07,,2026-04-07,[96090],128 City Road London United Kingdom EC1V 2NX
SENNA AI LTD,17140800,active,ltd,,,2026-04-07,,2026-04-07,[62012, 85600],66 Paul Street London United Kingdom EC2A 4NA
MEDILEAF CLINIC LIMITED,17140808,active,ltd,,,2026-04-07,,2026-04-07,[62012],67 Westow Street London England SE19 3RW
ENGENATION LTD,17140807,active,ltd,,,2026-04-07,,2026-04-07,[62011, 62012],124 City Road London England EC1V 2NX
DORUKCOM LTD,17140983,active,ltd,,,2026-04-07,,2026-04-07,[47910],Suite 10698 5 Brayford Square London United Kingdom E1 0SG
LIGHTLINES BAND LTD,17141274,active,ltd,,,2026-04-07,,2026-04-07,[59200, 90010],124-128 City Road London England EC1V 2NX
CLEARMIND HORIZONS LTD,17141277,active,ltd,,,2026-04-07,,2026-04-07,[86900],66 Paul Street London United Kingdom EC2A 4NA
FRESH STARWORK LTD,17141287,active,ltd,,,2026-04-07,,2026-04-07,[96020],9 Larch Close London England E13 8SF
SOLING LTD,17141293,active,ltd,,,2026-04-07,,2026-04-07,[62020],128 City Road London United Kingdom EC1V 2NX
TAHADO LTD,17141305,active,ltd,,,2026-04-07,,2026-04-07,[79110, 79120, 79901],128 City Road London United Kingdom EC1V 2NX
STERLING SINGH & CO LIMITED,17141271,active,ltd,,,2026-04-07,,2026-04-07,[62012],Office 293 Unit 5, 399-405 Oxford Street London United Kingdom W1C 2BU
KYNTERRA FOODS UK PVT LTD,17141268,active,ltd,,,2026-04-07,,2026-04-07,[46310, 46380, 47210, 47290],128 City Road London United Kingdom EC1V 2NX
PERFORMICS MEDIA LIMITED,17141291,active,ltd,,,2026-04-07,,2026-04-07,[62012, 62020, 70229, 73110],128 City Road London United Kingdom EC1V 2NX
FIVARO GLOBAL LTD,17141422,active,ltd,,,2026-04-07,,2026-04-07,[53202],128 City Road London United Kingdom EC1V 2NX
SEEK FIRST LTD,17141425,active,ltd,,,2026-04-07,,2026-04-07,[82990],71-75 Shelton Street London United Kingdom WC2H 9JQ
KNCB LIMITED,17141430,active,ltd,,,2026-04-07,,2026-04-07,[81299],Flat 11 Allerton House London England N1 7QX
SAAD MALIK LTD,17141682,active,ltd,,,2026-04-07,,2026-04-07,[62090],71-75 Shelton Street London United Kingdom WC2H 9JQ
FOURSHINEPROPERTIES LTD,17141684,active,ltd,,,2026-04-07,,2026-04-07,[68209],71-75 Shelton Street London United Kingdom WC2H 9JQ
WEAVEROUTE LTD,17141681,active,ltd,,,2026-04-07,,2026-04-07,[49410, 53201],71-75 Shelton Street London United Kingdom WC2H 9JQ
SUPER NATURALNA POLAND LTD,17141693,active,ltd,,,2026-04-07,,2026-04-07,[79110],86-90 Paul Street London England EC2A 4NE
POLIWISE LTD,17141692,active,ltd,,,2026-04-07,,2026-04-07,[62012, 63110],45 Kingshurst Road London England SE12 9LD
VEROLAA LTD,17141585,active,ltd,,,2026-04-07,,2026-04-07,[47910, 63120],167-169 Great Portland Street London England W1W 5PF
LS DRYLINING AND CONSTRUCTION LTD,17141946,active,ltd,,,2026-04-07,,2026-04-07,[41202],66 Paul Street London United Kingdom EC2A 4NA
PLATINUM SONGS LTD,17141953,active,ltd,,,2026-04-07,,2026-04-07,[59200],11 Charlotte Place London England W1T 1SJ
CHIDORI LIMITED,17141956,active,ltd,,,2026-04-07,,2026-04-07,[63990],46b Maybury Gardens London England NW10 2LY
ESMERALDA VERDE HOLDINGS LIMITED,17141981,active,ltd,,,2026-04-07,,2026-04-07,[68209],36 Whitehall Road London England E4 6DH
IP 2026 LTD,17141974,active,ltd,,,2026-04-07,,2026-04-07,[96090],149 Clayponds Gardens London England W5 4RQ
SASHCHENKO LTD,17142155,active,ltd,,,2026-04-08,,2026-04-08,[96020],66 Paul Street London United Kingdom EC2A 4NA
AMIRI PROPERTY HOLDINGS LTD,17142161,active,ltd,,,2026-04-08,,2026-04-08,[64209, 70229],66 Paul Street London United Kingdom EC2A 4NA
SIGHTLINE WORKS LTD,17142157,active,ltd,,,2026-04-08,,2026-04-08,[62012],99, Loraine Mansions Widdenham Road London United Kingdom N7 9SE
HACKNEY JEWELLERS LIMITED,17142172,active,ltd,,,2026-04-08,,2026-04-08,[47770, 95250],220 The Vale London England NW11 8SR
RESETO LTD,17142178,active,ltd,,,2026-04-08,,2026-04-08,[99999],128 City Road London United Kingdom EC1V 2NX
ITS YOU 2026 LIMITED,17142181,active,ltd,,,2026-04-08,,2026-04-08,[46420, 47710, 47910],292 A Haydons Road London England SW19 8JZ
81TRADESCANTROAD LTD,17142251,active,ltd,,,2026-04-08,,2026-04-08,[68209],18 Queens Walk London England NW9 8ER
ROSE PROPERTY VENTURES LTD,17142235,active,ltd,,,2026-04-08,,2026-04-08,[41202, 43390, 68100, 68310],32 Fortis Green London England N2 9EL
G14 PROSPECT MANAGEMENT LTD,17142239,active,ltd,,,2026-04-08,,2026-04-08,[68100, 68209],Flat 9 Marshall House London England SE17 2DX
SHAREKTE407 LTD,17142234,active,ltd,,,2026-04-08,,2026-04-08,[46900],275 New N Rd #3110 London United Kingdom N1 7AA
MOMENTUM CONSULTING LTD,17142283,active,ltd,,,2026-04-08,,2026-04-08,[85590],55 Ederline Avenue London England SW16 4RZ
NOOK AND NEAT LTD,17142269,active,ltd,,,2026-04-08,,2026-04-08,[47910],International House London United Kingdom N1 7SR
AKERA GLOBAL BUSINESS LTD,17142245,active,ltd,,,2026-04-08,,2026-04-08,[47910],20 Wenlock Road London England N1 7GU
ALCHEMITE AI LTD,17142368,active,ltd,,,2026-04-08,,2026-04-08,[62020],71-75 Shelton Street London United Kingdom WC2H 9JQ
AVP INSIGHTS LTD,17142350,active,ltd,,,2026-04-08,,2026-04-08,[70229],71-75 Shelton Street London United Kingdom WC2H 9JQ
WHITEFORD BIO LTD,17142455,active,ltd,,,2026-04-08,,2026-04-08,[70229],71-75 Shelton Street London United Kingdom WC2H 9JQ
GM WORLD ENTERPRISE LTD,17142448,active,ltd,,,2026-04-08,,2026-04-08,[47910],19 Paddington Street London United Kingdom W1U 5QN
GK TOWERS LTD,17142450,active,ltd,,,2026-04-08,,2026-04-08,[47910],71-75 Shelton Street London United Kingdom WC2H 9JQ
NFIREIT LTD,17142457,active,ltd,,,2026-04-08,,2026-04-08,[62020],124 City Road London United Kingdom EC1V 2NX
LSD FILMS LTD,17142460,active,ltd,,,2026-04-08,,2026-04-08,[59111, 59112, 59120, 59131],128 City Road London United Kingdom EC1V 2NX
HEXAFORT LABS LTD,17142594,active,ltd,,,2026-04-08,,2026-04-08,[58290, 62012, 62020, 62090],Stoney Works London United Kingdom SE19 3BD
STERNTRADING SH. FAMILY LTD,17142603,active,ltd,,,2026-04-08,,2026-04-08,[17240, 49410, 52290, 53201],7 Heather Road London United Kingdom NW2 7ND
DL SHAW ENTERPRISE LTD,17142589,active,ltd,,,2026-04-08,,2026-04-08,[64209],195-197, Suite Ra01 Wood Street London United Kingdom E17 3NU
GAMM LUXURY CHAUFFEURS LTD,17142584,active,ltd,,,2026-04-08,,2026-04-08,[49320],Flat 1, 59 Waterfall Road London United Kingdom N11 1JE
MAPLE MEDIA GROUP LTD,17142580,active,ltd,,,2026-04-08,,2026-04-08,[73110],71-75 Shelton Street London United Kingdom WC2H 9JQ
ALMA LOCAL LTD,17142578,active,ltd,,,2026-04-08,,2026-04-08,[47110],6-8 Alma Street London England E15 1QA
DECISION READY DATA LTD,17142573,active,ltd,,,2026-04-08,,2026-04-08,[74909],2nd Floor College House Ruislip, United Kingdom HA4 7AE
GLEEBY LTD,17142662,active,ltd,,,2026-04-08,,2026-04-08,[47910, 47990],71-75 Shelton Street London United Kingdom WC2H 9JQ
SABEE TECH LIMITED,17142658,active,ltd,,,2026-04-08,,2026-04-08,[62012, 62090],Office 18302 182-184 High Street North London United Kingdom E6 2JA
LURENTA LIMITED,17142777,active,ltd,,,2026-04-08,,2026-04-08,[47910],Suite 10703 5 Brayford Square London United Kingdom E1 0SG
SCRY AI LTD,17142797,active,ltd,,,2026-04-08,,2026-04-08,[62012, 63110],Suite Ra01 195-197 Wood Street London United Kingdom E17 3NU
BARBARA EISEN MD LTD,17142793,active,ltd,,,2026-04-08,,2026-04-08,[86220],6 Rose Square London United Kingdom SW3 6RS
FLESHMEINSTA LTD,17142816,active,ltd,,,2026-04-08,,2026-04-08,[47910, 62090, 70229, 82990],66 Paul Street London England EC2A 4NA
PRIMROSE HILL ARTS CLUB LTD,17142811,active,ltd,,,2026-04-08,,2026-04-08,[47781, 68209, 90040, 93290],17 Princess Road London England NW1 8JR
SASKIA MARTINDALE LTD,17142805,active,ltd,,,2026-04-08,,2026-04-08,[74100],Studio 7, Unit 10 Elizabeth Industrial Estate London England SE14 5RW
TURQSTORE LTD,17142819,active,ltd,,,2026-04-08,,2026-04-08,[47910],71-75 Shelton Street London United Kingdom WC2H 9JQ
DIGIMO TECH LIMITED,17142814,active,ltd,,,2026-04-08,,2026-04-08,[62012],128 City Road London United Kingdom EC1V 2NX
WISE GLOBAL HOLDINGS LIMITED,17142883,active,ltd,,,2026-04-08,,2026-04-08,[64205],1st Floor Worship Square London United Kingdom EC2A 4JE
TACTICAL GROWTH PARTNERS LTD,17142870,active,ltd,,,2026-04-08,,2026-04-08,[70229],71-75 Shelton Street London United Kingdom WC2H 9JQ
NARROW MARGIN MAGAZINE LTD,17142881,active,ltd,,,2026-04-08,,2026-04-08,[58142],Flat 5 Lea House London England E5 9HF
S. GARNIER LTD,17142869,active,ltd,,,2026-04-08,,2026-04-08,[70210],30 Gloucester Terrace London England W2 3DA
VL HOLDINGS LTD,17143130,active,ltd,,,2026-04-08,,2026-04-08,[47820],124-128 City Road London United Kingdom EC1V 2NX
JOHNSON COSTUME LTD,17143109,active,ltd,,,2026-04-08,,2026-04-08,[59111, 90020],167-169 Great Portland Street, 5th Floor London England W1W 5PF
LORD PROCHAZKA AWARD LTD,17143089,active,ltd,,,2026-04-08,,2026-04-08,[58190, 73110, 82301, 90030],20 Wenlock Road London England N1 7GU
RLO CONSULTANCY LTD,17143132,active,ltd,,,2026-04-08,,2026-04-08,[72190],66 Paul Street London United Kingdom EC2A 4NA
BUZZD ENTERTAINMENT LTD,17143103,active,ltd,,,2026-04-08,,2026-04-08,[62012],35 Hornsey Lane Gardens London England N6 5NY
KKC PROPERTY HOLDINGS LIMITED,17143402,active,ltd,,,2026-04-08,,2026-04-08,[68209],C/O Getground London England W6 0NB
DARAMA SOFT LTD,17143404,active,ltd,,,2026-04-08,,2026-04-08,[47910, 62012, 62020, 62090],Suite 10706 5 Brayford Square London United Kingdom E1 0SG
SEARCHLINE LTD,17143405,active,ltd,,,2026-04-08,,2026-04-08,[82990],14, Baycliffe House Anderson Road London United Kingdom E9 6HN
ATT TECHNICAL SERVICES LTD,17143394,active,ltd,,,2026-04-08,,2026-04-08,[43210, 43220, 81100],66 Paul Street London England EC2A 4NA
NORMCO HOLDINGS LTD,17143380,active,ltd,,,2026-04-08,,2026-04-08,[68310],32a Lower Addison Gardens London United Kingdom W14 8BQ
CDI CONSULTING LTD,17143379,active,ltd,,,2026-04-08,,2026-04-08,[70229, 82990],71-75 Shelton Street London United Kingdom WC2H 9JQ
CAIA CHILDMINDER LIMITED,17143389,active,ltd,,,2026-04-08,,2026-04-08,[85600, 88910],9, Fowler House, Flat 201 Bowen Drive London United Kingdom SE7 7GE
AVION KEY HOMES LTD,17143401,active,ltd,,,2026-04-08,,2026-04-08,[68100, 68201, 68209, 68320],128 City Road London United Kingdom EC1V 2NX
NOON TRACE LTD,17143586,active,ltd,,,2026-04-08,,2026-04-08,[62012],128 City Road London United Kingdom EC1V 2NX
M3 TRADING UK LTD,17143590,active,ltd,,,2026-04-08,,2026-04-08,[64922, 64999, 66110, 70221],286b Chase Road London England N14 6HF
NONKI LTD,17143584,active,ltd,,,2026-04-08,,2026-04-08,[47650, 56102],66 Nonki Store London United Kingdom SE13 6SN
EVENTRY UK LTD,17143593,active,ltd,,,2026-04-08,,2026-04-08,[78300, 82301],6 Waverley Crescent London England SE18 7QS
WHEAT BAKERY & BREAKFAST LIMITED,SC885604,active,ltd,,,2026-04-08,,2026-04-08,[10710, 47240],188 London Road Glasgow United Kingdom G40 1PB
EMIR INTERNATIONAL TRADE LIMITED,17143789,active,ltd,,,2026-04-08,,2026-04-08,[47820, 47910],Suite 10707 5 Brayford Square London United Kingdom E1 0SG
PROTOCOL COACHING LTD,17143983,active,ltd,,,2026-04-08,,2026-04-08,[70229, 93199, 96040],26 Mansfield Hill London England E4 7JT
MOHAMUD HASSAN LTD,17143999,active,ltd,,,2026-04-08,,2026-04-08,[47910, 47990],66 Paul Street London England EC2A 4NA
ZURNAC BUSINESS SERVICES LIMITED,17143976,active,ltd,,,2026-04-08,,2026-04-08,[70229],Quadnet House Unit 66-71 Staffa Road London England E10 7QZ
GRAND CHINESE LIMITED,17143977,active,ltd,,,2026-04-08,,2026-04-08,[56301],28 Heritage Avenue London United Kingdom NW9 5GE
K.UK ELECTRICAL INSTALLER LTD,17144007,active,ltd,,,2026-04-08,,2026-04-08,[41201],First Floor Office London United Kingdom W8 4LZ
KLO HOSPITALITY GROUP LTD,17144009,active,ltd,,,2026-04-08,,2026-04-08,[68209],1 Kings Avenue Winchmore Hill United Kingdom N21 3NA
VATHI HOMES 3 LTD,17144002,active,ltd,,,2026-04-08,,2026-04-08,[68100, 68209],11 Portland Road London England SE25 4UF
EMERGENT REVENUE MECHANICS LTD,17144371,active,ltd,,,2026-04-08,,2026-04-08,[70229, 74909],71-75 Shelton Street London United Kingdom WC2H 9JQ
PREMIUM SOURCING PROPERTY  SOLUTION LTD,17144382,active,ltd,,,2026-04-08,,2026-04-08,[98000],20 Wenlock Road London England N1 7GU
THE POSSIBLE COLLECTIVE LIMITED,17144368,active,ltd,,,2026-04-08,,2026-04-08,[70229],16 Great Queen Street London United Kingdom WC2B 5AH
RRR ENTERPRISE LTD,17144359,active,ltd,,,2026-04-08,,2026-04-08,[49320],45a Raven Row London England E1 2EG
RVG CONSULTANCY LIMITED,17130323,active,ltd,,,2026-04-01,,2026-04-01,[74909],66 Naval House 6 Victory Parade London United Kingdom SE18 6FN
RENDEZVOUS ADVISORY LTD,17131163,active,ltd,,,2026-04-01,,2026-04-01,[69109],7 Mulberry Place London United Kingdom SE9 6AR
NAUTILUS INTELLIGENCE LTD,17131036,active,ltd,,,2026-04-01,,2026-04-01,[62020, 62090, 63990],128 City Road London United Kingdom EC1V 2NX
AURATE AI LTD,17131159,active,ltd,,,2026-04-01,,2026-04-01,[62012, 63990],71-75 Shelton Street London United Kingdom WC2H 9JQ
ADCITY ADDITIF CONSULTING BT LTD,17131372,active,ltd,,,2026-04-01,,2026-04-01,[62012, 63110, 73110, 85590],Carlyle House 235-237 Vauxhall Bridge Road London United Kingdom SW1V 1EJ
PRESLEY HART CAPITAL LIMITED,17131380,active,ltd,,,2026-04-01,,2026-04-01,[66300],35 Berkeley Square Mayfair England W1J 5BF
CHEALSEA BARBER SHOP LTD,17131410,active,ltd,,,2026-04-01,,2026-04-01,[96020],27 Lordship Lane London England N17 6RU
BLACKWIRE AI LTD,17131387,active,ltd,,,2026-04-01,,2026-04-01,[70229],71-75 Shelton Street London United Kingdom WC2H 9JQ
FG CAPITAL PARTNERS LIMITED,17132082,active,ltd,,,2026-04-01,,2026-04-01,[55900, 68209, 68320],35 Arundel Square London England N7 8AS
CROWLAND ASSETS HOLDING LTD,17132076,active,ltd,,,2026-04-01,,2026-04-01,[68100, 68209],39 Wargrave Avenue London England N15 6UH
THEODORUS LTD,17132412,active,ltd,,,2026-04-01,,2026-04-01,[47791],4th Floor Silverstream House London England W1T 6EB
IDEAS PRODUCE VISION LTD,17132395,active,ltd,,,2026-04-01,,2026-04-01,[59112],Flat 4.04 1 Bolander Grove London England SW6 1EQ
IRONMARK DIGITAL LTD,17132407,active,ltd,,,2026-04-01,,2026-04-01,[62012, 62090],167-169 Great Portland Street London United Kingdom W1W 5PF
ALMIRA LABS LTD,17132546,active,ltd,,,2026-04-01,,2026-04-01,[58290, 62012],71-75 Shelton Street London United Kingdom WC2H 9JQ
AVENTRADE LTD,17132554,active,ltd,,,2026-04-01,,2026-04-01,[47910],Flat 15 Aneurin Bevan Court London United Kingdom NW2 6EE
KTM AFTER SCHOOL CLUB LIMITED,17132779,active,ltd,,,2026-04-01,,2026-04-01,[88910],189 Park Lane London England N17 0HJ
NAKAI NATURALS LTD,17133083,active,ltd,,,2026-04-02,,2026-04-02,[46450, 47750],Flat 8, 300, Bascule House Manor Road London United Kingdom E16 4DQ
LIAM RODGERS PHOTOGRAPHY LTD,17133088,active,ltd,,,2026-04-02,,2026-04-02,[74201],Apartment 311, 417 Wick Lane London United Kingdom E3 2JJ
VALORIS ENTERPRISES LTD,17133185,active,ltd,,,2026-04-02,,2026-04-02,[47910],20 Wenlock Road London England N1 7GU
LHB PROJECT LTD,17133203,active,ltd,,,2026-04-02,,2026-04-02,[46900, 47910],124 City  Road London United Kingdom EC1V 2NX
ALVAREZ DIGITAL LTD,17133197,active,ltd,,,2026-04-02,,2026-04-02,[62020, 62090],128 City Road London United Kingdom EC1V 2NX
VITAHEMA LTD,17133194,active,ltd,,,2026-04-02,,2026-04-02,[62012],54 Mornington Street London United Kingdom NW1 7QA
ZESTIFY EMIRATES SOLUTION LTD,17133430,active,ltd,,,2026-04-02,,2026-04-02,[47910, 47990],Office 18236 182-184 High Street North East Ham London London United Kingdom E6 2JA
THETRADINGCARDVAULT LTD,17133421,active,ltd,,,2026-04-02,,2026-04-02,[47190],Suite G04 1 Quality Court, Chancery Lane London England WC2A 1HR
SRWA88 LTD,17133598,active,ltd,,,2026-04-02,,2026-04-02,[56102, 56103],500 White Hart Lane London England N17 7NA
DLVSTUDIO LTD,17133591,active,ltd,,,2026-04-02,,2026-04-02,[70229, 96020, 96090],28-29 The Broadway London United Kingdom W5 2NP
SYNTERRA TECHNOLOGIES LTD,17133600,active,ltd,,,2026-04-02,,2026-04-02,[62020, 62030],3rd Floor, 86-90 Paul Street London United Kingdom EC2A 4NE
BLACK ARCH LTD,17133833,active,ltd,,,2026-04-02,,2026-04-02,[46499, 47190, 96090],20 Wenlock Road London England N1 7GU
CELOFIN LTD,17133811,active,ltd,,,2026-04-02,,2026-04-02,[47910],20 Wenlock Road London England N1 7GU
STUDIO SCOUT LTD,17133812,active,ltd,,,2026-04-02,,2026-04-02,[96090],C/O Hilton Consulting Limited Canalot Studios London United Kingdom W10 5BN
79TH UNIT LIMITED,17133814,active,ltd,,,2026-04-02,,2026-04-02,[62012, 74909, 78109],71-75 Shelton Street London United Kingdom WC2H 9JQ
MALACHY GAUGHAN LTD,17134068,active,ltd,,,2026-04-02,,2026-04-02,[41202],3rd Floor, 86-90 Paul Street London United Kingdom EC2A 4NE
LONDON TOW 247 LTD,17134049,active,ltd,,,2026-04-02,,2026-04-02,[49410],Flat 5 Admirals Court London England SW19 6AP
CURIO06 LTD,17134050,active,ltd,,,2026-04-02,,2026-04-02,[85200, 85310, 85590, 85600],2 Frederick Street London United Kingdom WC1X 0ND
NM MANAGEMENT SERVICES LTD,17134287,active,ltd,,,2026-04-02,,2026-04-02,[70229],3rd Floor Paternoster House London United Kingdom EC4M 8AB
INVITRACE UK LTD,17134447,active,ltd,,,2026-04-02,,2026-04-02,[62012, 62020, 63110, 86101],4-8 Ludgate Circus Fourth Floor London United Kingdom EC4M 7LF
RECOVRLY HEALTH LTD,17134638,active,ltd,,,2026-04-02,,2026-04-02,[86101, 86220, 86900],128 City Road London United Kingdom EC1V 2NX
BULLBEARS LABS LTD,17134971,active,ltd,,,2026-04-02,,2026-04-02,[62012],71-75 Shelton Street London United Kingdom WC2H 9JQ
COOKSON ADVISORY LIMITED,17134977,active,ltd,,,2026-04-02,,2026-04-02,[70229],27 Old Gloucester Street London United Kingdom WC1N 3AX
TERRA216 LTD,17134966,active,ltd,,,2026-04-02,,2026-04-02,[68100, 68209],310 High Road London England N22 8JR
SIMLED LTD,17135199,active,ltd,,,2026-04-02,,2026-04-02,[18201],5th Floor 111 Charterhouse Street London England EC1M 6AW
PEACEFUL POST LTD,17135345,active,ltd,,,2026-04-02,,2026-04-02,[47910],71-75 Shelton Street London United Kingdom WC2H 9JQ
EJ CODING LTD,17135347,active,ltd,,,2026-04-02,,2026-04-02,[62012, 62020, 64209, 70229],71-75 Shelton Street London United Kingdom WC2H 9JQ
ESKAN PROPERTY LIMITED,17135353,active,ltd,,,2026-04-02,,2026-04-02,[68100],79 New Place Square London United Kingdom SE16 2HP
THETEJTOUCH LTD,17135360,active,ltd,,,2026-04-02,,2026-04-02,[96020],Flat 21, Addy House London United Kingdom SE16 2PB
DEEPDENE HOLDINGS LTD,17135596,active,ltd,,,2026-04-02,,2026-04-02,[64209],71-75 Shelton Street London United Kingdom WC2H 9JQ
THE SUNSHINE COMPANY LONDON LTD,17135600,active,ltd,,,2026-04-02,,2026-04-02,[82990],182-184 Edgware Road London England W2 2DS
TBG BIRMINGHAM LTD,17135583,active,ltd,,,2026-04-02,,2026-04-02,[56103],12, 188, The Park London Road Leicester United Kingdom LE2 1ND
MG SMART CLEAN LTD,17135631,active,ltd,,,2026-04-02,,2026-04-02,[81299],Flat 1 101 High Street Colliers Wood London England SW19 2JF
REMVIO LTD,17135629,active,ltd,,,2026-04-02,,2026-04-02,[43290, 62090, 68320],71-75 Shelton Street London United Kingdom WC2H 9JQ
VOSKENAI LTD,17135918,active,ltd,,,2026-04-02,,2026-04-02,[58290],66 Paul Street London United Kingdom EC2A 4NA
SMILE ATELIER LONDON LTD,17135989,active,ltd,,,2026-04-03,,2026-04-03,[86230],14 Temple Road London United Kingdom E6 1LU
R K TYRES & WHEEL ALIGNMENT LTD,17136163,active,ltd,,,2026-04-03,,2026-04-03,[45200],Unit 11c 76-78 Willoughby Lane London United Kingdom N17 0YL
ASCENDANCE PROPERTY LTD,17136448,active,ltd,,,2026-04-03,,2026-04-03,[68320],73 Cornhill London England EC3V 3QQ
BOOST THEM ALL LIMITED,17136643,active,ltd,,,2026-04-04,,2026-04-04,[45112, 45200, 45400],901 London Road High Wycombe England HP10 9TB
STOKE EXPRESS LTD,17136812,active,ltd,,,2026-04-04,,2026-04-04,[56103],387 London Road Stoke-On-Trent United Kingdom ST4 5AN
KAAL-L LTD,17136798,active,ltd,,,2026-04-04,,2026-04-04,[47910],82 Tennyson Road London England E15 4DR
AUDI MOTORS SERVICE LTD,17136920,active,ltd,,,2026-04-04,,2026-04-04,[45200],66 Paul Street London England EC2A 4NA
ESH DIRECT LIMITED,17136930,active,ltd,,,2026-04-04,,2026-04-04,[47910],8 Bale Road London England E1 4QJ
ARTISAN INTERIORS SOLUTIONS LTD,17137069,active,ltd,,,2026-04-05,,2026-04-05,[41202],Flat 1 115 Denmark Road London England SE5 9JP
WOODLANDS CO-LIVING LTD,17137199,active,ltd,,,2026-04-05,,2026-04-05,[41100],Office 4003, 87 Kimber Road London United Kingdom SW18 4FS
22LUXE PROPERTY GROUP LTD,17137200,active,ltd,,,2026-04-05,,2026-04-05,[68310],66 Paul Street London England EC2A 4NA
FLATSED LTD,17137188,active,ltd,,,2026-04-05,,2026-04-05,[62012, 62090, 63120],28 Shelgate Road London England SW11 1BG
TECH AND GARMS LTD,17137316,active,ltd,,,2026-04-06,,2026-04-06,[47799, 47910],Flat 65 Arica House London England SE16 2EJ
ISTUPOSH LTD,17137518,active,ltd,,,2026-04-06,,2026-04-06,[47789, 56103, 56210, 96020],2nd Floor College House Ruislip, United Kingdom HA4 7AE
ELASTIC MATTER LTD,17137513,active,ltd,,,2026-04-06,,2026-04-06,[62012, 62020, 63110, 63990],128 City Road London United Kingdom EC1V 2NX
LEGACY & SCALE CONSTRUCTION GROUP LTD,17137512,active,ltd,,,2026-04-06,,2026-04-06,[41202, 43390, 68100, 96090],20 Wenlock Road London England N1 7GU
TESLASOFT LTD,17137499,active,ltd,,,2026-04-06,,2026-04-06,[62012, 62020, 63110, 70229],71-75 Shelton Street London United Kingdom WC2H 9JQ
KATON TECHNOLOGIES LTD,17137613,active,ltd,,,2026-04-06,,2026-04-06,[58290, 62020],128 City Road London United Kingdom EC1V 2NX
THE HUMANITIES ROOM LTD,17137595,active,ltd,,,2026-04-06,,2026-04-06,[85310, 85421, 85422, 85600],71-75 Shelton Street London United Kingdom WC2H 9JQ
LAB CHRYSALIS LTD,17137606,active,ltd,,,2026-04-06,,2026-04-06,[59200],20 Wenlock Road London England N1 7GU
SMARTFLOW AV CONSULTANCY LTD,17137581,active,ltd,,,2026-04-06,,2026-04-06,[62020],124 City Road London England EC1V 2NX
HAMMOND ROW PROPERTY LTD,17137608,active,ltd,,,2026-04-06,,2026-04-06,[68320, 70229, 79909],77 Milson Road London England W14 0LH
CODION SOLUTIONS LTD,17137583,active,ltd,,,2026-04-06,,2026-04-06,[62012],128 City Road London United Kingdom EC1V 2NX
SELLVIA LIMITED,17137922,active,ltd,,,2026-04-06,,2026-04-06,[47910],124 City  Road London United Kingdom EC1V 2NX
SAXIRABEAUTY LTD.,17137935,active,ltd,,,2026-04-06,,2026-04-06,[96020],71-75 Shelton Street London United Kingdom WC2H 9JQ
GETFINETIME LTD,17138499,active,ltd,,,2026-04-06,,2026-04-06,[62012, 63120],18 St. Cross Street London England EC1N 8UN
IRIS ZHOU LEGAL ADVISORY LTD,17138619,active,ltd,,,2026-04-06,,2026-04-06,[69109],124-128 City Road London England EC1V 2NX
VUCHKOV CLEANING LTD,17138715,active,ltd,,,2026-04-07,,2026-04-07,[81210],304 Sherrard Road London England E12 6UF
HELD GROUP LTD,17138714,active,ltd,,,2026-04-07,,2026-04-07,[86900],66 Paul Street London United Kingdom EC2A 4NA
PROFESSIONEER LTD,17138704,active,ltd,,,2026-04-07,,2026-04-07,[58110, 62020, 70229, 85590],5 Brayford Square London England E1 0SG
NEONTANUKI LTD,17138911,active,ltd,,,2026-04-07,,2026-04-07,[58290, 62011, 62012],71-75 Shelton Street London United Kingdom WC2H 9JQ
LUMIERE LIVING LIMITED,17139149,active,ltd,,,2026-04-07,,2026-04-07,[81210],167-169 Great Portland Street London England W1W 5PF
CAKE OPERATION LTD,17139164,active,ltd,,,2026-04-07,,2026-04-07,[56103],1 Eagling Close London United Kingdom E3 4EE
WELLNESS-VIDA LTD,17139173,active,ltd,,,2026-04-07,,2026-04-07,[86900],3 Wellington Street London England SE18 6NY
NESTIQ HOME LTD,17139153,active,ltd,,,2026-04-07,,2026-04-07,[46499],66 Paul Street London United Kingdom EC2A 4NA
TAKE 2 LEARNING LTD,17139377,active,ltd,,,2026-04-07,,2026-04-07,[85590],755 Fulham Road London England SW6 5UU
PROSWISS LIMITED,17139392,active,ltd,,,2026-04-07,,2026-04-07,[43210],128 City Road London United Kingdom EC1V 2NX
FL INVEST LTD,17139383,active,ltd,,,2026-04-07,,2026-04-07,[68209],C/O Getground London England W6 0NB
LEPURI LTD,17139382,active,ltd,,,2026-04-07,,2026-04-07,[47910],128 City Road London United Kingdom EC1V 2NX
LJA TRADING LTD,17139777,active,ltd,,,2026-04-07,,2026-04-07,[47910],124 City Road London United Kingdom EC1V 2NX
THE IVORY ROOM LTD,17139746,active,ltd,,,2026-04-07,,2026-04-07,[56101],First Floor, 101 London Road Warrington United Kingdom WA4 6LG
AYAANAS HOLDING LTD,17139747,active,ltd,,,2026-04-07,,2026-04-07,[45112, 46190, 47190, 79110],71-75 Shelton Street London United Kingdom WC2H 9JQ
AUGWON LTD,17139767,active,ltd,,,2026-04-07,,2026-04-07,[74100, 82110],Unit A462, 4-6 Greatorex Street London United Kingdom E1 5NF
EVLAAR LTD,17139785,active,ltd,,,2026-04-07,,2026-04-07,[58290],3rd Floor, 86-90 Paul Street London United Kingdom EC2A 4NE
MEVAN KITCHEN LTD,17139780,active,ltd,,,2026-04-07,,2026-04-07,[56101],500 White Hart Lane London England N17 7NA
AXIOMA CONSULTING LIMITED,17139788,active,ltd,,,2026-04-07,,2026-04-07,[82990],Flat 203 Maher Court 156 Upper North Street London England E14 6TW
CR NOTTING HILL CC LIMITED,17140053,active,ltd,,,2026-04-07,,2026-04-07,[70221],33 Cavendish Square London England W1G 0PW
ACUITY BUSINESS ANALYTICS LTD,17140058,active,ltd,,,2026-04-07,,2026-04-07,[70229],124 City Road London United Kingdom EC1V 2NX
COBRA11 SERVICES LTD,17140066,active,ltd,,,2026-04-07,,2026-04-07,[43220, 43290, 43390],71-75 Shelton Street London United Kingdom WC2H 9JQ
MAMOX ADVISORY LTD,17140068,active,ltd,,,2026-04-07,,2026-04-07,[70229, 74909],71-75 Shelton Street London United Kingdom WC2H 9JQ
CALPAN CONSTRUCTION LTD,17140059,active,ltd,,,2026-04-07,,2026-04-07,[41201, 68209],32 Nile Drive London England N9 0FL
DIAMOND DECORATORS SOUTH EAST LIMITED,17140362,active,ltd,,,2026-04-07,,2026-04-07,[43341, 43390],Kasa London Road West Malling United Kingdom ME19 5AL
MEGANOVA LTD,17140380,active,ltd,,,2026-04-07,,2026-04-07,[64209],26 Tantallon Road London England SW12 8DG
STRATEGIC FINANCE PRIVATE MARKETS LTD,17140509,active,ltd,,,2026-04-07,,2026-04-07,[64303, 64999, 66190, 70221],87 Chancery Lane London United Kingdom WC2A 1ET
WINNING INDEPENDENT SOCIAL WORK LTD,17140738,active,ltd,,,2026-04-07,,2026-04-07,[88990],71-75 Shelton Street London United Kingdom WC2H 9JQ
NOVAIRE FLEET LTD,17140743,active,ltd,,,2026-04-07,,2026-04-07,[52290, 77110],4 Laker House, 10 Nautical Drive London England E16 2SH
GREEN OAK NOTTS LTD,17140753,active,ltd,,,2026-04-07,,2026-04-07,[59111, 70210, 74100, 85590],66 Paul Street London England EC2A 4NA
FPEG LTD,17140725,active,ltd,,,2026-04-07,,2026-04-07,[43390, 43999],67 Water Lane London England E15 4NL
OLFACTORY LABS LTD,17140736,active,ltd,,,2026-04-07,,2026-04-07,[47910, 62012, 62090, 96020],71-75 Shelton Street London United Kingdom WC2H 9JQ
IONUT BUILDERS LONDON LTD,17141052,active,ltd,,,2026-04-07,,2026-04-07,[43999],148 Anstridge Road London England SE9 2LN
SOLVEMERCE LTD,17141064,active,ltd,,,2026-04-07,,2026-04-07,[47990],183 Plashet Road London England E13 0QZ
SRM MEDICAL LTD,17141219,active,ltd,,,2026-04-07,,2026-04-07,[74909, 85590, 86101, 86220],8 Station Parade London England E11 1QF
SHAREKTE415 LTD,17141242,active,ltd,,,2026-04-07,,2026-04-07,[46900],275 New N Rd #3110 London United Kingdom N1 7AA
LA FLORA STUDIO LTD,17141237,active,ltd,,,2026-04-07,,2026-04-07,[47760, 47910],124-128 City Road London England EC1V 2NX
APEX AUTOMATION AI LTD,17141449,active,ltd,,,2026-04-07,,2026-04-07,[70229],66 Paul Street London United Kingdom EC2A 4NA
BSA (91) LIMITED,17141472,active,ltd,,,2026-04-07,,2026-04-07,[64209],290 Westbourne Grove London England W11 2PS
NEX MEDYA LIMITED,17141655,active,ltd,,,2026-04-07,,2026-04-07,[47910, 59200, 62012],71-75 Shelton Street London United Kingdom WC2H 9JQ
MISSH HOLDINGS LTD,17141652,active,ltd,,,2026-04-07,,2026-04-07,[68100, 68209],71-75 Shelton Street London United Kingdom WC2H 9JQ
GREENBRICK MANAGEMENT LTD,17141653,active,ltd,,,2026-04-07,,2026-04-07,[68202, 68209, 68310, 68320],71-75 Shelton Street London United Kingdom WC2H 9JQ
EVERVOLVE LTD,17141654,active,ltd,,,2026-04-07,,2026-04-07,[62012, 62020, 63110],71-75 Shelton Street London United Kingdom WC2H 9JQ
AIONCORESYSTEMS LTD,17141664,active,ltd,,,2026-04-07,,2026-04-07,[58290, 62011],71-75 Shelton Street London United Kingdom WC2H 9JQ
WIDMAR LTD,17141965,active,ltd,,,2026-04-07,,2026-04-07,[52290, 53202],14 Brentmead Place London England NW11 9LH
LUMECREST ESTATES LTD,17142330,active,ltd,,,2026-04-08,,2026-04-08,[68209, 68320],124-128 City Road London England EC1V 2NX
CRUISE PORT TOURS LTD,17142416,active,ltd,,,2026-04-08,,2026-04-08,[49390],27 Old Gloucester Street London United Kingdom WC1N 3AX
TAIM PARTNERS LIMITED,17142402,active,ltd,,,2026-04-08,,2026-04-08,[62090],1 Verdant Mews London United Kingdom SE19 3FH
DESIRED LIVING LIMITED,17142428,active,ltd,,,2026-04-08,,2026-04-08,[87100, 87200, 87900, 88990],71-75 Shelton Street London United Kingdom WC2H 9JQ
SOUQ RETAIL LTD,17142429,active,ltd,,,2026-04-08,,2026-04-08,[47910],71-75 Shelton Street London United Kingdom WC2H 9JQ
FLAGSHIPS GLOBAL LTD,17142426,active,ltd,,,2026-04-08,,2026-04-08,[62012],71-75 Shelton Street London United Kingdom WC2H 9JQ
82 MARE STREET LIMITED,17142424,active,ltd,,,2026-04-08,,2026-04-08,[68209],23 Vernon Road London United Kingdom E11 4QT
DISANIX LTD,17142407,active,ltd,,,2026-04-08,,2026-04-08,[62012, 62020, 70229],86 Butchers Road London England E16 1ND
SCALE MINDED LTD,17142476,active,ltd,,,2026-04-08,,2026-04-08,[70229],71-75 Shelton Street London United Kingdom WC2H 9JQ
ZERLYN LTD,17142473,active,ltd,,,2026-04-08,,2026-04-08,[46180],27 Felixstowe Road London United Kingdom SE2 9QW
OA COMMS LTD,17142495,active,ltd,,,2026-04-08,,2026-04-08,[61200],66 Paul Street London United Kingdom EC2A 4NA
TASHUS LIMITED,17142617,active,ltd,,,2026-04-08,,2026-04-08,[47990],Office 18296 182-184 High Street North London United Kingdom E6 2JA
TANDA BRANDS LTD,17142613,active,ltd,,,2026-04-08,,2026-04-08,[47190, 47910],71-75 Shelton Street London United Kingdom WC2H 9JQ
HUSTLER CLOTHING LTD,17142608,active,ltd,,,2026-04-08,,2026-04-08,[47820],483, Prime Apartments Green Lanes London United Kingdom N13 4FG
BEEJ PROPERTIES LTD,17142616,active,ltd,,,2026-04-08,,2026-04-08,[68100, 68209, 68320],71-75 Shelton Street London United Kingdom WC2H 9JQ
FLEXSTORE LTD,17142615,active,ltd,,,2026-04-08,,2026-04-08,[45400],Office 18271 182-184 High Street North London United Kingdom E6 2JA
WAQI ECOM LTD,17142629,active,ltd,,,2026-04-08,,2026-04-08,[15120],Office 18243 182-184 High Street North London United Kingdom E6 2JA
KRASTIN LTD,17142763,active,ltd,,,2026-04-08,,2026-04-08,[58190],71-75 Shelton Street London United Kingdom WC2H 9JQ
LETIVO CONNECTS LIMITED,17142746,active,ltd,,,2026-04-08,,2026-04-08,[98000],Office 18259 182-184 High Street North London United Kingdom E6 2JA
DATE ZONE LIMITED,17142751,active,ltd,,,2026-04-08,,2026-04-08,[46900],01 182-184 Office 12517 High Street North London United Kingdom E6 2JA
UKMLACE LTD,17142735,active,ltd,,,2026-04-08,,2026-04-08,[85422, 85600],128 City Road London United Kingdom EC1V 2NX
BASE1MARKETING LTD,17142947,active,ltd,,,2026-04-08,,2026-04-08,[73110],66 Paul Street London United Kingdom EC2A 4NA
PARITON HOLDINGS LTD,17142949,active,ltd,,,2026-04-08,,2026-04-08,[64209],Nfs 211 Boundary House Boston Road London United Kingdom W7 2QE
NSBJJ SUPPLY CO LTD,17142951,active,ltd,,,2026-04-08,,2026-04-08,[46180],Flat 10, 368 Norwood Road London United Kingdom SE27 9AA
13WEEKS CASHFLOW LTD,17142999,active,ltd,,,2026-04-08,,2026-04-08,[70229],71-75 Shelton Street London United Kingdom WC2H 9JQ
SNAPCRAFT DIGITAL SOLUTIONS LTD,17142990,active,ltd,,,2026-04-08,,2026-04-08,[63120],128 City Road London United Kingdom EC1V 2NX
WAVE REACTIVATION LIMITED,17143149,active,ltd,,,2026-04-08,,2026-04-08,[71122],73 Cornhill London United Kingdom EC3V 3QQ
LONDBERRY LTD,17143145,active,ltd,,,2026-04-08,,2026-04-08,[46310, 47210, 47910, 82920],66 Paul Street London England EC2A 4NA
KUDOZ LTD,17143164,active,ltd,,,2026-04-08,,2026-04-08,[62012, 63120],167-169, Kudoz Great Portland Street 5th Floor London United Kingdom W1W 5PF
V-CUT GROUP HOLDINGS LTD,17143170,active,ltd,,,2026-04-08,,2026-04-08,[64209],167-169 Great Portland Street London United Kingdom W1W 5PF
GOHARD RENTAL LTD,17143163,active,ltd,,,2026-04-08,,2026-04-08,[77110],66 Paul Street London United Kingdom EC2A 4NA
VELNORA GLOBAL LIMITED,17143181,active,ltd,,,2026-04-08,,2026-04-08,[47910],31a Plashet Grove London England E6 1AD
SOLO COLLECTIVE LTD,17143477,active,ltd,,,2026-04-08,,2026-04-08,[62012, 63120],128 City Road London United Kingdom EC1V 2NX
FINDAWAY LOGISTICS LTD,17143463,active,ltd,,,2026-04-08,,2026-04-08,[52290, 78200],128 City Road London United Kingdom EC1V 2NX
DOTDEVT LTD,17143454,active,ltd,,,2026-04-08,,2026-04-08,[62012, 62020, 62090, 63110],71-75 Shelton Street London United Kingdom WC2H 9JQ
OM SCENICS LTD,17143466,active,ltd,,,2026-04-08,,2026-04-08,[90030],45 St. Helens Gardens London England W10 6LN
CARBONWISE LTD,17143464,active,ltd,,,2026-04-08,,2026-04-08,[74901],128 City Road London United Kingdom EC1V 2NX
LENI C LTD,17143918,active,ltd,,,2026-04-08,,2026-04-08,[85510, 93199, 96040],167-169 Great Portland Street London England W1W 5PF
DELIGHT TR61 LTD,17143919,active,ltd,,,2026-04-08,,2026-04-08,[56103, 56210],293 Northfield Avenue London England W5 4XB
D1GH LTD,17143935,active,ltd,,,2026-04-08,,2026-04-08,[68209],124 Drummond Street London England NW1 2PA
HK BUSINESSES LTD,17143936,active,ltd,,,2026-04-08,,2026-04-08,[47910, 47990],20 Wenlock Road London England N1 7GU
LOUDLOGIC TECH LTD,17144142,active,ltd,,,2026-04-08,,2026-04-08,[62090],128 City Road London United Kingdom EC1V 2NX
BOUT STUDIO LTD,17144114,active,ltd,,,2026-04-08,,2026-04-08,[62012, 62020, 63110, 93199],71-75 Shelton Street London United Kingdom WC2H 9JQ
SVC GLOBAL LTD,17144117,active,ltd,,,2026-04-08,,2026-04-08,[46499, 47910],Office 7091 Zu 182-184 High Street North London United Kingdom E6 2JA
B-PRO CONSTRUCTION LTD,17131642,active,ltd,,,2026-04-01,,2026-04-01,[43390],Flat 32 Merley Court London England NW9 8JT
TOMMOVISION LTD,17131672,active,ltd,,,2026-04-01,,2026-04-01,[59112, 70229, 73110],71-75 Shelton Street London United Kingdom WC2H 9JQ
NAJVERA INTERNATIONAL LTD,17131655,active,ltd,,,2026-04-01,,2026-04-01,[47910],5th Floor 167-169 Great Portland Street London United Kingdom W1W 5PF
HYPSISTOS LTD,17131671,active,ltd,,,2026-04-01,,2026-04-01,[64209],Dept 4025, 196 High Road London United Kingdom N22 8HH
UNIQUE CONVENIENCE STORE LTD,17131750,active,ltd,,,2026-04-01,,2026-04-01,[47110],7 Lower Richmond Road London England SW15 1EJ
DOMINUS PBSA MANAGEMENT LIMITED,17131776,active,ltd,,,2026-04-01,,2026-04-01,[68320],1 London Street Reading United Kingdom RG1 4PN
COCIDIUS RED LIMITED,17131828,active,ltd,,,2026-04-01,,2026-04-01,[62012, 72190],71-75 Shelton Street London United Kingdom WC2H 9JQ
DIGITAL GROWTHUB LTD,17131817,active,ltd,,,2026-04-01,,2026-04-01,[85590, 85600],2nd Floor College House Ruislip, United Kingdom HA4 7AE
PENNYPATH LTD,17131816,active,ltd,,,2026-04-01,,2026-04-01,[63120],20 Wenlock Road London England N1 7GU
PATRIZIA MANIAS UK LIMITED,17131800,active,ltd,,,2026-04-01,,2026-04-01,[46180, 96020, 96090],C/O Taxassist Accountants Screenworks, Office 218 London England N5 2EF
EUDO MEDIA & MARKETING LTD,17131815,active,ltd,,,2026-04-01,,2026-04-01,[18140],35 Southover London United Kingdom N12 7JG
H & J NAILS LTD,17131964,active,ltd,,,2026-04-01,,2026-04-01,[96020],499b Hornsey Road London England N19 3QL
SHEARFIELD LIMITED,17132017,active,ltd,,,2026-04-01,,2026-04-01,[93110],74 Ecclestone Square Mews Westminster England SW1V 1QN
DIGISTOUN LTD,17132019,active,ltd,,,2026-04-01,,2026-04-01,[47410, 47910, 62090],128 City Road London United Kingdom EC1V 2NX
HOP INTERIORS HOLDINGS LIMITED,17132006,active,ltd,,,2026-04-01,,2026-04-01,[64209],101 Turnmill Street Farringdon London United Kingdom EC1M 5QP
GEMATRIA HOLDINGS LTD,17132027,active,ltd,,,2026-04-01,,2026-04-01,[68310],1st Floor 124 Cleveland Street London United Kingdom W1T 6PG
MADLANI LABS LTD,17132149,active,ltd,,,2026-04-01,,2026-04-01,[62012, 63110, 63120],71-75 Shelton Street London United Kingdom WC2H 9JQ
AMPLIFY DIGITAL SOLUTIONS LIMITED,17132494,active,ltd,,,2026-04-01,,2026-04-01,[73110],205 Lavender Hill London England SW11 5TB
EMERGENCY HOUSING GROUP LTD,17132620,active,ltd,,,2026-04-01,,2026-04-01,[70229],Office One 1 Coldbath Square London United Kingdom EC1R 5HL
ELIN17 LTD,17132611,active,ltd,,,2026-04-01,,2026-04-01,[10520],41 Salehurst Road London United Kingdom SE4 1AS
FCL PINNER AND NORTHWOOD LTD,17132615,active,ltd,,,2026-04-01,,2026-04-01,[85200, 85310],71-75 Shelton Street London United Kingdom WC2H 9JQ
DEON CONTRACTORS LTD,17132764,active,ltd,,,2026-04-01,,2026-04-01,[41100, 41201, 41202, 43390],Flat 79d Raffles House London England NW4 4BX
FRANCES GRACE ODIM-LOUGHLIN LTD,17133064,active,ltd,,,2026-04-02,,2026-04-02,[73110],14 Gloucester Square London England E2 8RS
YALI INTERNATIONAL LIMITED,17133057,active,ltd,,,2026-04-02,,2026-04-02,[63990, 85510, 96040],20 Wenlock Road London England N1 7GU
GLOBROUTE LIMITED,17133231,active,ltd,,,2026-04-02,,2026-04-02,[46190, 46900, 82990],128 City Road London United Kingdom EC1V 2NX
URBAN LOGIC LTD,17133232,active,ltd,,,2026-04-02,,2026-04-02,[62012, 62020, 63110],167-169 Great Portland Street London United Kingdom W1W 5PF
AJE CREATIVE LTD,17133228,active,ltd,,,2026-04-02,,2026-04-02,[90010],128 City Road London United Kingdom EC1V 2NX
247 SERVICE GROUP LTD,17133205,active,ltd,,,2026-04-02,,2026-04-02,[33120],5 Brayford Square London England E1 0SG
JBLL LTD,17133307,active,ltd,,,2026-04-02,,2026-04-02,[82990, 94910, 94920],71-75 Shelton Street London United Kingdom WC2H 9JQ
NOBEL & AETHEL LTD,17133299,active,ltd,,,2026-04-02,,2026-04-02,[70221],71-75 Shelton Street London United Kingdom WC2H 9JQ
BREEZE CREATIVE STUDIOS LTD,17133532,active,ltd,,,2026-04-02,,2026-04-02,[61100, 82200, 82990],20 Wenlock Road London England N1 7GU
SASSY GHOST LTD,17133614,active,ltd,,,2026-04-02,,2026-04-02,[62011],12a Heathway London England SE3 7AN
DATA VITALITY HOLDINGS LIMITED,17133775,active,ltd,,,2026-04-02,,2026-04-02,[64209],167-169 Great Portland Street London United Kingdom W1W 5PF
TOTAL TECH SUPPORT LTD,17133797,active,ltd,,,2026-04-02,,2026-04-02,[62020],167-169 Great Portland Street 5th Floor London United Kingdom W1W 5PF
LUNA AI CONSULTING LTD,17133768,active,ltd,,,2026-04-02,,2026-04-02,[58290, 62012, 62020, 62090],128 City Road London United Kingdom EC1V 2NX
ARCLIGHT DIGITALS LTD,17134219,active,ltd,,,2026-04-02,,2026-04-02,[62012, 73110, 74100],Office 18251 182-184 High Street North London United Kingdom E6 2JA
SOK DISTRICT LTD,17134233,active,ltd,,,2026-04-02,,2026-04-02,[47910],71-75 Shelton Street London United Kingdom WC2H 9JQ
MCMURRAY AUTOMATION SOLUTIONS LTD,17134372,active,ltd,,,2026-04-02,,2026-04-02,[62020],66 Paul Street London United Kingdom EC2A 4NA
GUARDIANSHIP ENGINEERING LTD,17134865,active,ltd,,,2026-04-02,,2026-04-02,[42990, 64203],Rear Of 245 High Road London United Kingdom E18 2PB
BBHD WEALTH MANAGEMENT LIMITED,17134846,active,ltd,,,2026-04-02,,2026-04-02,[70221],63 St. Mary Axe London England EC3A 8AA
HADGEAN LTD,17135031,active,ltd,,,2026-04-02,,2026-04-02,[70229, 73110, 73200, 74901],71-75 Shelton Street London United Kingdom WC2H 9JQ
SERVE SENSE LTD,17135025,active,ltd,,,2026-04-02,,2026-04-02,[56210, 73110],30a Hanley Road London United Kingdom N4 3DR
CODEE OFFICE LTD,17135187,active,ltd,,,2026-04-02,,2026-04-02,[62090],71-75 Shelton Street London United Kingdom WC2H 9JQ
LUCAS PRIMEBUILD LTD,17135377,active,ltd,,,2026-04-02,,2026-04-02,[43390],345 Church Lane London England NW9 8JD
CITY HUTS BNB LTD,17135370,active,ltd,,,2026-04-02,,2026-04-02,[68209],27 Westmoor Gardens London United Kingdom EN3 7LQ
B.O.R.G.E.S LTD,17136154,active,ltd,,,2026-04-03,,2026-04-03,[56210, 81299, 96040],12 Bernal Close London England SE28 8NN
NAB LONDON LIMITED,17136243,active,ltd,,,2026-04-03,,2026-04-03,[46160, 74100, 85590, 96040],29b Tressillian Road London England SE4 1YG
INAYA INVESTMENT LTD,17136400,active,ltd,,,2026-04-03,,2026-04-03,[41202, 68100],180 Campbell Road London England E3 4ED
WAZIR FAST FOOD LTD,17136399,active,ltd,,,2026-04-03,,2026-04-03,[56103],88 Brixton Hill London England SW2 1QN
EMERY BUSINESS DEVELOPMENT & MARKETING LTD,17136405,active,ltd,,,2026-04-03,,2026-04-03,[62090, 70210, 70229, 73110],167-169 Great Portland Street London England W1W 5PF
BEAUTYJENICS AESTHETICS LIMITED,17136508,active,ltd,,,2026-04-03,,2026-04-03,[96020],16 Park Road London England N18 2UQ
JOHNSTON CREATIVE LTD,17136708,active,ltd,,,2026-04-04,,2026-04-04,[70229, 74100],71-75 Shelton Street London United Kingdom WC2H 9JQ
STRYVA LABS LTD,17136710,active,ltd,,,2026-04-04,,2026-04-04,[63990],71-75 Shelton Street London United Kingdom WC2H 9JQ
INCENSIA LTD,17136703,active,ltd,,,2026-04-04,,2026-04-04,[47910],71-75 Shelton Street London United Kingdom WC2H 9JQ
SIDR DEVELOPMENT OLDHAM (1) LTD,17136957,active,ltd,,,2026-04-05,,2026-04-05,[68100],167-169 Great Portland Street London England W1W 5PF
VELCROFT HOLDINGS LTD,17136963,active,ltd,,,2026-04-05,,2026-04-05,[64209],167-169 Great Portland Street London England W1W 5PF
LOOM AND NEST INTERIORS LTD,17137031,active,ltd,,,2026-04-05,,2026-04-05,[47510, 47530],171 Rye Lane London England SE15 4TL
HIBOU CORPORATION LTD,17137648,active,ltd,,,2026-04-06,,2026-04-06,[59140],66 Paul Street London United Kingdom EC2A 4NA
KELVIN AI LTD,17137967,active,ltd,,,2026-04-06,,2026-04-06,[62012],71-75 Shelton Street London United Kingdom WC2H 9JQ
GLOWPETALS LTD,17137955,active,ltd,,,2026-04-06,,2026-04-06,[88910, 96020],124-128 City Road London England EC1V 2NX
ASSIKO LTD,17137970,active,ltd,,,2026-04-06,,2026-04-06,[70229],71-75 Shelton Street London United Kingdom WC2H 9JQ
9 ELMS OSTEOPATHS LTD,17138126,active,ltd,,,2026-04-06,,2026-04-06,[86900],Riverside Medical Centre Hobart House London England SW8 2JB
MOOTZY LTD,17138133,active,ltd,,,2026-04-06,,2026-04-06,[62012, 63120],71-75 Shelton Street London United Kingdom WC2H 9JQ
E-ZAP HEALTH LTD,17138117,active,ltd,,,2026-04-06,,2026-04-06,[62090],128 City Road London United Kingdom EC1V 2NX
ZYLVARROW LTD,17138121,active,ltd,,,2026-04-06,,2026-04-06,[46190],Unit 115 Second Floor Capital House 61 Amhurst Road, London United Kingdom E8 1LL
S JACKSON LOGISTICS LTD,17138293,active,ltd,,,2026-04-06,,2026-04-06,[49410],66 Paul Street London United Kingdom EC2A 4NA
BEANCOUNTER PARTNERS LTD,17135051,active,ltd,,,2026-04-02,,2026-04-02,[70229],66 Paul Street London England EC2A 4NA
IN HER BASEMENT PRODUCTIONS LTD,17138306,active,ltd,,,2026-04-06,,2026-04-06,[59112],22 Loveday Road London England W13 9JS
CHARLIN GROUP LIMITED,17138308,active,ltd,,,2026-04-06,,2026-04-06,[74909],167-169 Great Portland Street London England W1W 5PF
DYSCOURSE LTD,17138345,active,ltd,,,2026-04-06,,2026-04-06,[59200, 70229, 85590],4 Carew Road London England N17 9BA
THINKING GLOBALLY CONSULTING LIMITED,17138834,active,ltd,,,2026-04-07,,2026-04-07,[62020, 70229],128 City Road London United Kingdom EC1V 2NX
DASMAT PROPERTY LIMITED,17138829,active,ltd,,,2026-04-07,,2026-04-07,[41100],Flat 2, Brocklebank House London United Kingdom E16 2LY
THE OPTIMAL SALE PRO LTD,17138823,active,ltd,,,2026-04-07,,2026-04-07,[85590],128 City Road London United Kingdom EC1V 2NX
ZANJABEEL LTD,17138825,active,ltd,,,2026-04-07,,2026-04-07,[62012],Unit 501 Leroy House London United Kingdom N1 3FY
NEBOSTRAZH LTD,17138935,active,ltd,,,2026-04-07,,2026-04-07,[72190],International House London United Kingdom WC1X 9LP
CLARITY INDUSTRIES LTD,17138925,active,ltd,,,2026-04-07,,2026-04-07,[46420, 47910],24a Ivy Road London United Kingdom E17 8HX
INKPOINT LTD,17138933,active,ltd,,,2026-04-07,,2026-04-07,[47910],71-75 Shelton Street London United Kingdom WC2H 9JQ
WR RESTORATION LTD,17139184,active,ltd,,,2026-04-07,,2026-04-07,[68100, 68209],85 Great Portland Street London United Kingdom W1W 7LT
INNOVATE CONSULTANCY SOLUTIONS LIMITED,17139195,active,ltd,,,2026-04-07,,2026-04-07,[62020, 70229],107 Baronet House Lakeside Drive London United Kingdom NW10 7GN
CHARINS GROUP LTD,17139459,active,ltd,,,2026-04-07,,2026-04-07,[68320],66 Paul Street London United Kingdom EC2A 4NA
AAENTERPRISES786 LTD,17139470,active,ltd,,,2026-04-07,,2026-04-07,[47190],Office 18188 182-184 High Street North London United Kingdom E6 2JA
CAFE OPERA LIMITED,17139467,active,ltd,,,2026-04-07,,2026-04-07,[56101, 56102],236-238 North Circular Road London England NW10 0JU
ADJENTIC LTD,17139544,active,ltd,,,2026-04-07,,2026-04-07,[62012, 62020],66 Paul Street London England EC2A 4NA
NUDGING LTD,17139539,active,ltd,,,2026-04-07,,2026-04-07,[62012, 63110],66 Paul Street London United Kingdom EC2A 4NA
SEK INVESTMENT LIMITED,17139524,active,ltd,,,2026-04-07,,2026-04-07,[41100, 43390, 68100, 68209],338a Regents Park Road London United Kingdom N3 2LN
AFRICANUS CONSTRUCTION GROUP LTD,17139868,active,ltd,,,2026-04-07,,2026-04-07,[41201, 41202],Flat 14, 4, Capri House Darndale Close London United Kingdom E17 5LH
FBA INTERNATIONAL FINANCE (UK) LIMITED,17139863,active,ltd,,,2026-04-07,,2026-04-07,[62020, 70221, 70229],128 City Road London United Kingdom EC1V 2NX
PEAKY SPATELUS LTD,17140324,active,ltd,,,2026-04-07,,2026-04-07,[41201, 41202],28 Hesketh Road London United Kingdom E7 0AJ
XANARIOS LIMITED,17140321,active,ltd,,,2026-04-07,,2026-04-07,[70229],3rd Floor, 45 Albemarle Street London United Kingdom W1S 4JL
YURT MEDYA LTD,17140328,active,ltd,,,2026-04-07,,2026-04-07,[47910, 62012],71-75 Shelton Street London United Kingdom WC2H 9JQ
GTI GLOBAL LTD,17140326,active,ltd,,,2026-04-07,,2026-04-07,[46190, 46900, 70229, 79110],128 City Road London United Kingdom EC1V 2NX
SOUTHBEACH HOLDINGS LTD,17140313,active,ltd,,,2026-04-07,,2026-04-07,[62012, 64209],71-75 Shelton Street London United Kingdom WC2H 9JQ
PHAROAHS FLAVOURS LTD,17140300,active,ltd,,,2026-04-07,,2026-04-07,[56103],228, Pharoahs Brownhill Road London United Kingdom SE6 1AT
STEWART-FRASER CONSULTANT LTD,17140296,active,ltd,,,2026-04-07,,2026-04-07,[88100],124 City Road London United Kingdom EC1V 2NX
ANCHORED PSYCHOLOGY LTD,17140290,active,ltd,,,2026-04-07,,2026-04-07,[86220],71-75 Shelton Street London United Kingdom WC2H 9JQ
SONE KI CHIDIYA LTD,17140558,active,ltd,,,2026-04-07,,2026-04-07,[62012],128 City Road London United Kingdom EC1V 2NX
BECOMING THE HOUSE LTD,17140583,active,ltd,,,2026-04-07,,2026-04-07,[41100],Quadrant House London United Kingdom E1W 1YW
CURIOUS DEVELOPMENTS LTD,17140557,active,ltd,,,2026-04-07,,2026-04-07,[62020],124 City Road London United Kingdom EC1V 2NX
YOYOTOKIO LTD,17140560,active,ltd,,,2026-04-07,,2026-04-07,[47910],218a Fernhead Road London England W9 3EJ
ABRIDGINGLENDER2 LTD,17140822,active,ltd,,,2026-04-07,,2026-04-07,[64929],167-169 Great Portland Street London England W1W 5PF
OBSIDIAN PATH LTD,17140836,active,ltd,,,2026-04-07,,2026-04-07,[47910, 47990],167-169 Great Portland Street London England W1W 5PF
CLEO AND CO DISTRIBUTION LTD,17141140,active,ltd,,,2026-04-07,,2026-04-07,[47910],3rd Floor, 86-90 Paul Street London United Kingdom EC2A 4NE
TONETIC MEDIA LTD,17141164,active,ltd,,,2026-04-07,,2026-04-07,[58190],71-75 Shelton Street London United Kingdom WC2H 9JQ
ARLENTA LTD,17141171,active,ltd,,,2026-04-07,,2026-04-07,[47910],Office 1054 60 Tottenham Court Road London United Kingdom W1T 2EW
APEX LEGACY GROUP LTD,17141406,active,ltd,,,2026-04-07,,2026-04-07,[59111, 73110, 96020, 96090],71-75 Shelton Street London United Kingdom WC2H 9JQ
STONEFOLDS LTD,17141404,active,ltd,,,2026-04-07,,2026-04-07,[70229],128 City Road London United Kingdom EC1V 2NX
PABA PROPERTIES LTD,17141391,active,ltd,,,2026-04-07,,2026-04-07,[68209],3rd Floor, 86-90 Paul Street London United Kingdom EC2A 4NE
ALS LONDON LTD,17141398,active,ltd,,,2026-04-07,,2026-04-07,[82110, 82190],128 City Road London United Kingdom EC1V 2NX
STUDIOBLUE CO. LTD,17141416,active,ltd,,,2026-04-07,,2026-04-07,[68202, 68320, 71111, 90030],128 City Road London United Kingdom EC1V 2NX
TCHEKSPLAY HOLDINGS LTD,17141573,active,ltd,,,2026-04-07,,2026-04-07,[64209],20 Wenlock Road London England N1 7GU
DIRECT DEALZ LIMITED,17141878,active,ltd,,,2026-04-07,,2026-04-07,[46900, 47910],147 Hale Drive London England NW7 3EJ
NEW COSMIC VENTURES LIMITED,17141889,active,ltd,,,2026-04-07,,2026-04-07,[55209],Flat D London England SE13 7RL
CORE SUPPORT GROUP LIMITED,17141886,active,ltd,,,2026-04-07,,2026-04-07,[62012, 63120, 81210],39 Craven Park London England NW10 8ST
SMART PACT LTD,17141930,active,ltd,,,2026-04-07,,2026-04-07,[70229],Suite Ra01 195-197 Wood Street London United Kingdom E17 3NU
NEXT STEP ELITE LTD,17141939,active,ltd,,,2026-04-07,,2026-04-07,[47710, 47910],Unit B 125 Christian Street London United Kingdom E1 1RS
EQUATORIAL STRATEGIES GROUP LIMITED,17142196,active,ltd,,,2026-04-08,,2026-04-08,[80300],167 - 169 Great Portland Street London United Kingdom W1W 5PF
EMA MANAGEMENT LIMITED,17142187,active,ltd,,,2026-04-08,,2026-04-08,[70229, 71129],167-169 Great Portland Street London United Kingdom W1W 5PF
SH DIRECT LTD,17142199,active,ltd,,,2026-04-08,,2026-04-08,[47910],Suite Ra01, 195-197 Wood Street London United Kingdom E17 3NU
SAVVY MOVES SERVICES LTD,17142216,active,ltd,,,2026-04-08,,2026-04-08,[49410],Flat 1-6, 195 Wood Street London United Kingdom E17 3NU
INSTRUCTO LTD,17142218,active,ltd,,,2026-04-08,,2026-04-08,[62012],135 Balham High Road London United Kingdom SW12 9AU
ESPREN LTD,17142221,active,ltd,,,2026-04-08,,2026-04-08,[10832, 46370, 46690, 47910],66 Paul Street London England EC2A 4NA
PATRUNO & CO. STRATEGIC ADVISORY LTD,17142300,active,ltd,,,2026-04-08,,2026-04-08,[62020, 70229],71-75 Shelton Street London United Kingdom WC2H 9JQ
DOLLSY REBORNS UK LTD,17142305,active,ltd,,,2026-04-08,,2026-04-08,[47910],Unit 9 The Gateway 2a London England SE7 7QW
BLADES INVESTMENTS LIMITED,17142304,active,ltd,,,2026-04-08,,2026-04-08,[68100, 68209, 68320],167-169 Great Portland Street London England W1W 5PF
T&A HAIR STYLIST LTD,17142294,active,ltd,,,2026-04-08,,2026-04-08,[96020],Flat 105, 4, Sky Sail House Mast Quay London United Kingdom SE18 5BG
BY SIRIUS GROUP AI AND TECHNOLOGY CO LTD.,17142392,active,ltd,,,2026-04-08,,2026-04-08,[47910, 59120, 62012],71-75 Shelton Street London United Kingdom WC2H 9JQ
ALT STEEL LTD,17142501,active,ltd,,,2026-04-08,,2026-04-08,[41201, 41202],2 Romany Gardens London England E17 5PB
AM LASHES LTD,17142500,active,ltd,,,2026-04-08,,2026-04-08,[96020],66 Paul Street London United Kingdom EC2A 4NA
BASE VISION HOLDINGS GROUP LTD,17142503,active,ltd,,,2026-04-08,,2026-04-08,[07290, 46120, 46130, 70229],128 City Road London United Kingdom EC1V 2NX
CRAVEFALL LTD,17142527,active,ltd,,,2026-04-08,,2026-04-08,[58210, 62012],Suite 10700 5 Brayford Square London United Kingdom E1 0SG
WORKSOW LIMITED,17142506,active,ltd,,,2026-04-08,,2026-04-08,[90030],71-75 Shelton Street London United Kingdom WC2H 9JQ
HARROW AUTO CENTRE LIMITED,17142522,active,ltd,,,2026-04-08,,2026-04-08,[45200],Quadnet House Unit 66-71 Staffa Road London England E10 7QZ
MH GLOBAL COMMERCE LTD,17142534,active,ltd,,,2026-04-08,,2026-04-08,[46450, 46900, 47910],124 City  Road London United Kingdom EC1V 2NX
QORVELIS LTD,17142559,active,ltd,,,2026-04-08,,2026-04-08,[47910],Unit 121 Second Floor Capital House, 61 Amhurst Road, London United Kingdom E8 1LL
UK PROPERTY ANGEL LTD,17142564,active,ltd,,,2026-04-08,,2026-04-08,[68320, 98000],30 Memorial Avenue London England E15 3BT
WM-H LTD,17142672,active,ltd,,,2026-04-08,,2026-04-08,[62012, 64209, 70221, 70229],71-75 Shelton Street London United Kingdom WC2H 9JQ
NOMADLOGY LTD,17142679,active,ltd,,,2026-04-08,,2026-04-08,[70229, 73110, 82990],124 City Road London United Kingdom EC1V 2NX
SELAPHUS LTD,17142676,active,ltd,,,2026-04-08,,2026-04-08,[62012],71-75 Shelton Street London United Kingdom WC2H 9JQ
FUEL SET EU LIMITED,17142827,active,ltd,,,2026-04-08,,2026-04-08,[96090],72 Halliwick Road London England N10 1AB
LANDLINES FILM UK LTD,17142839,active,ltd,,,2026-04-08,,2026-04-08,[59111],215-221 Borough High Street London England SE1 1JA
EUVARIS LTD,17142834,active,ltd,,,2026-04-08,,2026-04-08,[46460],12 Old Bond Street London England W1S 4PW
ASHLEY KINNARD STUDIO LTD,17143081,active,ltd,,,2026-04-08,,2026-04-08,[74100, 90030],7b Clandon Street London United Kingdom SE8 4EL
CP NAILS LTD,17143050,active,ltd,,,2026-04-08,,2026-04-08,[96020],43 High Street London England SE20 7HW
LA STALLA ENTERTAINMENT LTD,17143234,active,ltd,,,2026-04-08,,2026-04-08,[73110],66 Paul Street London United Kingdom EC2A 4NA
NOMYA LTD,17143250,active,ltd,,,2026-04-08,,2026-04-08,[47750],167-169 Great Portland Street London England W1W 5PF
TWOLMEO LIMITED,17143260,active,ltd,,,2026-04-08,,2026-04-08,[56103],29 Old Compton Street London England W1D 5JR
WHITE CLOUD COURIERS LIMITED,17143281,active,ltd,,,2026-04-08,,2026-04-08,[52290],2a Connaught Avenue London United Kingdom E4 7AA
NOTTING GRILL LTD,17143242,active,ltd,,,2026-04-08,,2026-04-08,[56290, 73120],The Basement London United Kingdom W2 5BB
BS02 PROPERTIES LIMITED,17143524,active,ltd,,,2026-04-08,,2026-04-08,[98000],14th Floor 33 Cavendish Square London United Kingdom W1G 0PW
NOVARE ESTATES LIMITED,17141544,active,ltd,,,2026-04-07,,2026-04-07,[68310],71-75 Shelton Street London United Kingdom WC2H 9JQ
TEROLD UK LTD,17143526,active,ltd,,,2026-04-08,,2026-04-08,[64209],106-109 Saffron Hill London United Kingdom EC1N 8QS
SKSBUILDING LTD,17143500,active,ltd,,,2026-04-08,,2026-04-08,[41202],66 Paul Street London United Kingdom EC2A 4NA
ACTIVEMIST LTD,17143649,active,ltd,,,2026-04-08,,2026-04-08,[47750],3rd Floor, 86-90 Paul Street London United Kingdom EC2A 4NE
GENTLE PRESENCE COMPANION LIMITED,17143809,active,ltd,,,2026-04-08,,2026-04-08,[88100],Silverstream House London England W1T 6EB
PACIFICOSTUDIOS LTD,17143807,active,ltd,,,2026-04-08,,2026-04-08,[58110],Flat 20 Lofts Apartments London England NW7 3AZ
CHANNEL FORMULA LTD,17143820,active,ltd,,,2026-04-08,,2026-04-08,[70229],66 Paul Street London United Kingdom EC2A 4NA
WHITESTONE COFFEE LTD,17143830,active,ltd,,,2026-04-08,,2026-04-08,[10832],Flat A London England SE11 4TU
PLUMBING & BOILERS LONDON LTD,17144059,active,ltd,,,2026-04-08,,2026-04-08,[43220],1 Bubbling Well Square London England SW18 1UQ
PAN SEVEN LIMITED,17144073,active,ltd,,,2026-04-08,,2026-04-08,[69102],5 Thorne Passage London England SW13 0PA
WW TEA SOLUTIONS LTD,17144074,active,ltd,,,2026-04-08,,2026-04-08,[46370, 47290, 47910],4th Floor Office London England W1B 4HB
YOOP TECHNOLOGY LIMITED,17144077,active,ltd,,,2026-04-08,,2026-04-08,[62012, 62090, 64209],125 Wood Street London United Kingdom EC2V 7AW
DPI WORLD SHIPPING SERVICES LIMITED,17144082,active,ltd,,,2026-04-08,,2026-04-08,[52102, 52103, 52241, 52243],71-75 Shelton Street London United Kingdom WC2H 9JQ
WESTHOME HOLDINGS LTD,17144084,active,ltd,,,2026-04-08,,2026-04-08,[47910, 62020, 70229],128 City Road London United Kingdom EC1V 2NX
XUANMAOYU LTD,17144056,active,ltd,,,2026-04-08,,2026-04-08,[47910],292475 Office Suite 29a, 3/F., 23 Wharf Street London England SE8 3GG
ZR NEXUS SERVICES LTD,17144188,active,ltd,,,2026-04-08,,2026-04-08,[47910, 70229, 82110, 85600],56 Bondfield Road London England E6 5TS
VALERE VIRGINIA WATER LIMITED,17144193,active,ltd,,,2026-04-08,,2026-04-08,[82990],Broom House Hadleigh, Benfleet United Kingdom SS7 2QL
MICHELLEBELLE GROUP LTD,17144181,active,ltd,,,2026-04-08,,2026-04-08,[64209],20 Wenlock Road London England N1 7GU
MHU VENTURES LTD,17131124,active,ltd,,,2026-04-01,,2026-04-01,[46900, 47910],20 Wenlock Road London England N1 7GU
NEXON GLOBAL LTD,17131072,active,ltd,,,2026-04-01,,2026-04-01,[78109, 78200],71-75 Shelton Street London United Kingdom WC2H 9JQ
FRESHLYUK LTD,17131117,active,ltd,,,2026-04-01,,2026-04-01,[46150],5 Brayford Square London United Kingdom E1 0SG
KOREAN TASTE COLLECTIVE LTD,17131172,active,ltd,,,2026-04-01,,2026-04-01,[56102, 56103],247 Liverpool Road London United Kingdom N1 1LX
OSCAR SWEENEY HOLDINGS LIMITED,17131187,active,ltd,,,2026-04-01,,2026-04-01,[77400, 82990],3rd Floor 9 St. Clare Street London England EC3N 1LQ
MAJORELLE DIGITAL LIMITED,17131191,active,ltd,,,2026-04-01,,2026-04-01,[47910],Office 17452 182-184 High Street North London United Kingdom E6 2JA
PRO-SERVE TRADES & PROPERTY SERVICES LTD,17131189,active,ltd,,,2026-04-01,,2026-04-01,[43220, 43330, 43341, 43390],71-75 Shelton Street London United Kingdom WC2H 9JQ
FLOWRA TECHNOLOGIES LIMITED,17131183,active,ltd,,,2026-04-01,,2026-04-01,[62012, 62020, 62090, 63110],71-75 Shelton Street London United Kingdom WC2H 9JQ
T2C COMMERCE UK LTD,17131080,active,ltd,,,2026-04-01,,2026-04-01,[47910],2nd Floor College House Ruislip, United Kingdom HA4 7AE
MUZZY CCTV DRAINAGE LTD,17131093,active,ltd,,,2026-04-01,,2026-04-01,[37000, 43999, 71122, 81299],161 Forest Road London England E17 6HE
SUNNDAE LTD,17131074,active,ltd,,,2026-04-01,,2026-04-01,[62012],20 Wenlock Road London England N1 7GU
MOLEX INTERCONNECT UK HOLDINGS, LTD.,17131058,active,ltd,,,2026-04-01,,2026-04-01,[64205],20 Wood Street London United Kingdom EC2V 7AF
LOVE THAT STUDIOS LTD,17131062,active,ltd,,,2026-04-01,,2026-04-01,[90030],71-75 Shelton Street London United Kingdom WC2H 9JQ
GREATSTREAM ESTATES LIMITED,17131053,active,ltd,,,2026-04-01,,2026-04-01,[68100],5 Fountayne Road London England N16 7EA
SOUTHWEST QUANTITY SURVEYORS LTD,17131139,active,ltd,,,2026-04-01,,2026-04-01,[74902],3rd Floor, 86-90 Paul Street London England EC2A 4NE
STOAIX LTD,17131250,active,ltd,,,2026-04-01,,2026-04-01,[62020],4 Raven Road, Unit 1c3-1121 London United Kingdom E18 1HB
DELTA GAME STUDIOS LTD,17132443,active,ltd,,,2026-04-01,,2026-04-01,[58210, 62011],2nd Floor College House Ruislip, United Kingdom HA4 7AE
SITARA E COMMERCE LTD,17132444,active,ltd,,,2026-04-01,,2026-04-01,[47910],Office 18012 182-184 High Street North London United Kingdom E6 2JA
OZ & DOGAN LTD,17132450,active,ltd,,,2026-04-01,,2026-04-01,[96020],851 High Road London England N12 8PT
KRAUSE CLINICAL PSYCHOLOGY LTD,17132571,active,ltd,,,2026-04-01,,2026-04-01,[86220],271a Franciscan Road London England SW17 8HE
OAKMONT SUPPLY GROUP LTD,17132819,active,ltd,,,2026-04-01,,2026-04-01,[74909],66 Paul Street London United Kingdom EC2A 4NA
SENOJ INSIGHT LIMITED,17132823,active,ltd,,,2026-04-01,,2026-04-01,[41201, 41202],5 Brayford Square London United Kingdom E1 0SG
VANARCI LIMITED,17132924,active,ltd,,,2026-04-01,,2026-04-01,[68209],85 Great Portland Street London England W1W 7LT
SR PM LTD,17132923,active,ltd,,,2026-04-01,,2026-04-01,[41100, 68209, 68320, 82990],17 Leigh Street London England WC1H 9EW
CLUBHOUSE YORKSHIRE LIMITED,17133043,active,ltd,,,2026-04-02,,2026-04-02,[56290],13 London Road Sheffield England S2 4LA
ATEA LIGHTING LIMITED,17133044,active,ltd,,,2026-04-02,,2026-04-02,[47599],11 Old Jewry London United Kingdom EC2R 8DU
RAPCHAR RESTAURANT LTD,17133155,active,ltd,,,2026-04-02,,2026-04-02,[56101],225 Clapham Road London England SW9 9BE
COOL PLUMBINGS INC LTD,17133376,active,ltd,,,2026-04-02,,2026-04-02,[43220],Flat 15 Hampden Court London England N10 2HN
TOLIDJI LTD,17133448,active,ltd,,,2026-04-02,,2026-04-02,[96040],47 Farringdon Street London United Kingdom EC4A 4LL
CAMGOD SERVICES LIMITED,17133444,active,ltd,,,2026-04-02,,2026-04-02,[68209],395b Queens Road London England SE14 5HD
APEX REVENUE PARTNERS LTD,17133462,active,ltd,,,2026-04-02,,2026-04-02,[70229],20 Wenlock Road London England N1 7GU
DANCETRACK LTD,17133447,active,ltd,,,2026-04-02,,2026-04-02,[56210],124 City Road London United Kingdom EC1V 2NX
XJ1 STRATEGY LTD,17133667,active,ltd,,,2026-04-02,,2026-04-02,[62020, 70229, 73110, 82990],167-169 Great Portland Street London England W1W 5PF
SOCIAL TENANTS NETWORK LTD,17134347,active,ltd,,,2026-04-02,,2026-04-02,[82990, 88990],124, Social Tenants Network City Road London United Kingdom EC1V 2NX
SHENZHEN BRILLIANT VISION TECHNOLOGY CO., LTD.,17134336,active,ltd,,,2026-04-02,,2026-04-02,[46190],2nd Floor College House 17 King Edwards Road, Ruislip, London United Kingdom HA4 7AE
TOSDRA LTD,17134703,active,ltd,,,2026-04-02,,2026-04-02,[62020],128 City Road London United Kingdom EC1V 2NX
SPORTYNO LTD,17134692,active,ltd,,,2026-04-02,,2026-04-02,[47910],5 Brayford Square London England E1 0SG
COLOUR UP LTD,17134774,active,ltd,,,2026-04-02,,2026-04-02,[43341],109 Longton Avenue London United Kingdom SE26 6RF
CLAUD W DENNIS COFFEE RETAIL LIMITED,17134770,active,ltd,,,2026-04-02,,2026-04-02,[56102],3 Chase Side London England N14 5BP
BADLAB DEVELOPMENTS LTD,17134766,active,ltd,,,2026-04-02,,2026-04-02,[29320, 71122],71-75 Shelton Street London United Kingdom WC2H 9JQ
SIENNA & ELINA LTD,17134786,active,ltd,,,2026-04-02,,2026-04-02,[47789],3rd Floor, 86-90 Paul Street London United Kingdom EC2A 4NE
CONSULTEGA LIMITED,17135062,active,ltd,,,2026-04-02,,2026-04-02,[70229],18a Cannon Hill London United Kingdom N14 7HD
ARTIS ADVANCE LTD,17135065,active,ltd,,,2026-04-02,,2026-04-02,[64999],9 Kingsway London United Kingdom WC2B 6XF
SEALCO ENGINEERING LTD,17135056,active,ltd,,,2026-04-02,,2026-04-02,[70229, 71122],2nd Floor College House Ruislip, United Kingdom HA4 7AE
ZORVET LTD,17134711,active,ltd,,,2026-04-02,,2026-04-02,[47910, 62012, 62090, 63120],239 High Street Kensington London United Kingdom W8 6SN
LYNORVIA LTD,17135072,active,ltd,,,2026-04-02,,2026-04-02,[62020, 62090, 63110],71-75 Shelton Street London United Kingdom WC2H 9JQ
ROSCAS APP (UK) LTD,17135474,active,ltd,,,2026-04-02,,2026-04-02,[62012, 62020, 62090],128 City Road London United Kingdom EC1V 2NX
SUREPATH LIMITED,17135461,active,ltd,,,2026-04-02,,2026-04-02,[70229, 96090],71-75 Shelton Street London United Kingdom WC2H 9JQ
HASTEN REPAIRS LIMITED,17135459,active,ltd,,,2026-04-02,,2026-04-02,[45200],Flat 47 Warwick Lodge London England NW2 3PE
VAL'S VIRTUAL VENTURES LIMITED,17135467,active,ltd,,,2026-04-02,,2026-04-02,[56290],78 Royston Avenue London England E4 9DF
BUFF PROPERTIES LTD,17135655,active,ltd,,,2026-04-02,,2026-04-02,[68100, 68201, 68202],128 City Road London United Kingdom EC1V 2NX
TRUEFIX ELECTRICAL LTD,17136257,active,ltd,,,2026-04-03,,2026-04-03,[43210],Flat 6 Selena Court London England N20 0DW
SARBO LTD,17136493,active,ltd,,,2026-04-03,,2026-04-03,[46410],33 Allison Road London United Kingdom W3 6HZ
LUMIERE HOSTING LTD,17137142,active,ltd,,,2026-04-05,,2026-04-05,[61900, 63110],167-169 Great Portland Street London England W1W 5PF
REBECCA LAM LTD,17137246,active,ltd,,,2026-04-05,,2026-04-05,[86220],83 St. Ann's Hill London England SW18 2RZ
TISTA INVESTMENT LTD,17137277,active,ltd,,,2026-04-05,,2026-04-05,[68100, 68201, 68209, 68320],4 Sebert Road London England E7 0NQ
MILLENNIUM BAKERY COMPANY LTD,17137357,active,ltd,,,2026-04-06,,2026-04-06,[10890],71-75 Shelton Street London United Kingdom WC2H 9JQ
ATELIER SOURCING LTD,17137691,active,ltd,,,2026-04-06,,2026-04-06,[69109],128 City Road London United Kingdom EC1V 2NX
FRUNZA MEDICAL SERVICES LTD,17137679,active,ltd,,,2026-04-06,,2026-04-06,[86220],Ramsay House London England N21 1RA
NOODLE XPRESS LIMITED,17137871,active,ltd,,,2026-04-06,,2026-04-06,[56103],85 Amhurst Road London United Kingdom E8 2AH
ESPERO STUDIO LTD,17137850,active,ltd,,,2026-04-06,,2026-04-06,[74209],91 Brick Lane London England E1 6QL
LEAS BEAUTY LIMITED,17137843,active,ltd,,,2026-04-06,,2026-04-06,[96020],Apartment 12 3 Chalkstone Lane London England SE10 8HU
THE PATIENT CLUB LTD,17138217,active,ltd,,,2026-04-06,,2026-04-06,[47910],5 Brayford Square London United Kingdom E1 0SG
EUPHORIC FOODS LTD,17138212,active,ltd,,,2026-04-06,,2026-04-06,[46380, 47910],124-128 City Road London England EC1V 2NX
PROMOTHEON LTD,17138391,active,ltd,,,2026-04-06,,2026-04-06,[70229, 73200, 74909],71-75 Shelton Street London United Kingdom WC2H 9JQ
PDFRENDER LTD,17138398,active,ltd,,,2026-04-06,,2026-04-06,[62012],71-75 Shelton Street London United Kingdom WC2H 9JQ
VP ASTIA LTD,17138412,active,ltd,,,2026-04-06,,2026-04-06,[43220],3 Avondale Park Road London England W11 4HG
RAVI CONSULTING LTD,17138432,active,ltd,,,2026-04-06,,2026-04-06,[52290, 70229],167-169 Great Portland Street London United Kingdom W1W 5PF
SOJU KOREAN FOOD LTD,17138435,active,ltd,,,2026-04-06,,2026-04-06,[56290],282 Cambridge Heath Road London United Kingdom E2 9DA
TANI TRADING LTD,17138434,active,ltd,,,2026-04-06,,2026-04-06,[47910],71-75 Shelton Street London United Kingdom WC2H 9JQ
SCALYTICS LIMITED,17138636,active,ltd,,,2026-04-06,,2026-04-06,[73110],Flat 405 Sketch Apartments 42 White Horse Lane London England E1 3FY
NEXWEB DIGITAL LTD,17138812,active,ltd,,,2026-04-07,,2026-04-07,[62012, 62020, 63120],128 City Road London United Kingdom EC1V 2NX
HARI (NORFOLK) STORES LTD,17138975,active,ltd,,,2026-04-07,,2026-04-07,[47110],334-336 Goswell Road London England EC1V 7RP
SIAN GISSING GLOBAL HOLDINGS LTD,17138981,active,ltd,,,2026-04-07,,2026-04-07,[64209],128 City Road London United Kingdom EC1V 2NX
REEALESTATE LTD,17138989,active,ltd,,,2026-04-07,,2026-04-07,[62012],Apartment 51 Berkeley Tower London England E14 8RP
GG-712-752 LIMITED,17138984,active,ltd,,,2026-04-07,,2026-04-07,[68209],C/O Getground London England W6 0NB
EL EXCLUSIVE MOTORS LTD,17138985,active,ltd,,,2026-04-07,,2026-04-07,[45112],124 City Road London England EC1V 2NX
PRONOUNCEME LTD,17139316,active,ltd,,,2026-04-07,,2026-04-07,[85590],71-75 Shelton Street London United Kingdom WC2H 9JQ
COMMERCIAL CONSTRUCTION SOLUTIONS LTD,17139330,active,ltd,,,2026-04-07,,2026-04-07,[70229, 74902, 74909],Allia Future Business Centre Peterborough Peterborough England PE2 8AN
SAHANO LTD,17139315,active,ltd,,,2026-04-07,,2026-04-07,[47910, 47990],71-75 Shelton Street London United Kingdom WC2H 9JQ
NORTHFALL ADVISORY LIMITED,17139555,active,ltd,,,2026-04-07,,2026-04-07,[62020],128 City Road London United Kingdom EC1V 2NX
GRACE PSYCHOLOGY CONSULTING LTD,17139556,active,ltd,,,2026-04-07,,2026-04-07,[70229, 85590, 86900, 96090],71-75 Shelton Street London United Kingdom WC2H 9JQ
NOVA DWELL PROPERTIES LTD,17139582,active,ltd,,,2026-04-07,,2026-04-07,[68100, 68209],128 City Road London United Kingdom EC1V 2NX
BH PLUMBING & VENTILATION LTD,17139588,active,ltd,,,2026-04-07,,2026-04-07,[43220],20 Wenlock Road London England N1 7GU
CRAFTY SISTERS COLLECTION LTD,17139576,active,ltd,,,2026-04-07,,2026-04-07,[47890, 47910],128 City Road London United Kingdom EC1V 2NX
PROOF SYSTEMS LTD,17139592,active,ltd,,,2026-04-07,,2026-04-07,[62012, 62020, 62090, 63120],Office 9713 Pf 182-184 High Street North London United Kingdom E6 2JA
NISHAE BOTANICAL LIMITED,17139596,active,ltd,,,2026-04-07,,2026-04-07,[96020],Quadrant House London United Kingdom E1W 1YW
YOUR SAFETY LTD,17139597,active,ltd,,,2026-04-07,,2026-04-07,[62012, 62090],128 City Road London United Kingdom EC1V 2NX
CARNIV LTD,17139804,active,ltd,,,2026-04-07,,2026-04-07,[46900, 47910],Unit 1 Hookers Road London England E17 6DP
SHARPE ENERGY CONSULTING LTD,17139807,active,ltd,,,2026-04-07,,2026-04-07,[70229],Suite Ra01 195-197 Wood Street London United Kingdom E17 3NU
PRAIRIE DORÉE LIMITED,17139796,active,ltd,,,2026-04-07,,2026-04-07,[47710],167-169 Great Portland Street London United Kingdom W1W 5PF
MIZUHO EMEA IT SERVICES LIMITED,17139954,active,ltd,,,2026-04-07,,2026-04-07,[82990],30 Old Bailey London England EC4M 7AU
KENZZAA LIMITED,17139956,active,ltd,,,2026-04-07,,2026-04-07,[70221],Office 18126 182-184 High Street North London United Kingdom E6 2JA
NGU HOMES LTD,17140269,active,ltd,,,2026-04-07,,2026-04-07,[68310],124-128 City Road London England EC1V 2NX
ELUVIS PENZANCE LTD,17140271,active,ltd,,,2026-04-07,,2026-04-07,[41100],Unit 149 Cannon Workshops, Cannon Drive London United Kingdom E14 4AS
BOOKER CAPITAL LTD,17138118,active,ltd,,,2026-04-06,,2026-04-06,[70229],66 Paul Street London England EC2A 4NA
ELUVIS FIR TREES LTD,17140265,active,ltd,,,2026-04-07,,2026-04-07,[41100],Unit 149 Cannon Workshops, Cannon Drive London United Kingdom E14 4AS
E2C GROWTH LTD,17140277,active,ltd,,,2026-04-07,,2026-04-07,[62020, 68100, 68209, 73110],8 Clock House Parade London England N13 6BG
YKQ SPORTS LTD,17140452,active,ltd,,,2026-04-07,,2026-04-07,[85510],Unit 5 North Circular Business Park London England NW10 0AB
UNISUPP UK LTD,17140699,active,ltd,,,2026-04-07,,2026-04-07,[46390, 56290],356 Stag Lane London England NW9 9AG
BLACKSTONE ONLINE MARKET LIMITED,17140691,active,ltd,,,2026-04-07,,2026-04-07,[47910],Unit 4 233 High Street London United Kingdom W3 9BY
TIGER ADVISORY ASSOCIATES LIMITED,17141067,active,ltd,,,2026-04-07,,2026-04-07,[70229],Studio 16 Cloisters House London United Kingdom SW8 4BG
NEXGEN BEAUTY LTD,17141072,active,ltd,,,2026-04-07,,2026-04-07,[47910, 47990],241 Upper Rainham Road Romford United Kingdom RM12 4EY
MBA CAFE LTD,17141071,active,ltd,,,2026-04-07,,2026-04-07,[56103],Ashley House Office 304 235-239 High Road London United Kingdom N22 8HF
IAG TECHNOLOGY GROUP LTD,17141378,active,ltd,,,2026-04-07,,2026-04-07,[46900, 62012, 62020, 70229],124 City Road London England EC1V 2NX
LUUJAH PROPERTY LTD,17141356,active,ltd,,,2026-04-07,,2026-04-07,[68209, 68310, 68320],10 Waterside Close London United Kingdom SE28 0GS
INCE NEXUS GROUP LIMITED,17141619,active,ltd,,,2026-04-07,,2026-04-07,[70229],124, Ince Nexus Group Limited London United Kingdom EC1V 2NX
GROVE KEBAB & PIZZA LTD,17141625,active,ltd,,,2026-04-07,,2026-04-07,[56103],261 Green Lanes London England N13 4XE
INTELLIGENT INNOVATION LTD,17141614,active,ltd,,,2026-04-07,,2026-04-07,[47910, 62012, 63110, 63120],Office 18078 182-184 High Street North London United Kingdom E6 2JA
RYOMA INSIGHT LIMITED,17141623,active,ltd,,,2026-04-07,,2026-04-07,[70229],131a Kingsman Street London England SE18 5PS
HELEN LOUISE WINGRAVE LTD,17141722,active,ltd,,,2026-04-07,,2026-04-07,[99999],24 St Augustines Court Bermondsey England SE1 5DP
CUBI MAKES LTD,17141726,active,ltd,,,2026-04-07,,2026-04-07,[58110, 59200, 90010, 90030],71-75 Shelton Street London United Kingdom WC2H 9JQ
THE 0808 GROUP LTD,17141712,active,ltd,,,2026-04-07,,2026-04-07,[47910, 68209, 73110, 82302],124-128 City Road London United Kingdom EC1V 2NX
MONEYLAB STUDIO LTD,17141701,active,ltd,,,2026-04-07,,2026-04-07,[62012],71-75 Shelton Street London United Kingdom WC2H 9JQ
AB INTERVENTIONS LIMITED,17141909,active,ltd,,,2026-04-07,,2026-04-07,[74909],71-75 Shelton Street London United Kingdom WC2H 9JQ
TRIP BEGIN LTD,17142915,active,ltd,,,2026-04-08,,2026-04-08,[62090, 79110, 79120, 79901],128 City Road London United Kingdom EC1V 2NX
AZNIY LTD,17142919,active,ltd,,,2026-04-08,,2026-04-08,[68100],167 - 169 Great Portland Street London England W1W 5PF
IBY PLUMBING AND APPLIANCES LTD,17143012,active,ltd,,,2026-04-08,,2026-04-08,[43220, 43290, 95220],124 City Road London United Kingdom EC1V 2NX
GG-081-307 LIMITED,17143038,active,ltd,,,2026-04-08,,2026-04-08,[68209],1 Lyric Square London England W6 0NB
ELEVNUTRA LIMITED,17143025,active,ltd,,,2026-04-08,,2026-04-08,[47910],124-128 City Road London England EC1V 2NX
STORESAGA LTD,17143027,active,ltd,,,2026-04-08,,2026-04-08,[47910, 47990],71-75 Shelton Street London United Kingdom WC2H 9JQ
MOLLEY LTD,17143035,active,ltd,,,2026-04-08,,2026-04-08,[63120],71-75 Shelton Street London United Kingdom WC2H 9JQ
MOSFORD LIVESTOCK LTD,17143206,active,ltd,,,2026-04-08,,2026-04-08,[01430, 01500],128 City Road London United Kingdom EC1V 2NX
DGSPS LTD,17143214,active,ltd,,,2026-04-08,,2026-04-08,[47910],128 City Road London United Kingdom EC1V 2NX
ANY OTHER BAKES LTD,17143222,active,ltd,,,2026-04-08,,2026-04-08,[10710, 47910, 56290],128 City Road London United Kingdom EC1V 2NX
V&S HOLDINGS GROUP LTD,17143221,active,ltd,,,2026-04-08,,2026-04-08,[68100],97 London Road Slough England SL3 7RS
SATEEB VALVE SERVICES LTD,17143189,active,ltd,,,2026-04-08,,2026-04-08,[33120, 33190],2 Frederick Street London United Kingdom WC1X 0ND
TUFORA LTD,17143195,active,ltd,,,2026-04-08,,2026-04-08,[13931, 13939, 46470, 47530],Office 17262 182-184 High Street North East Ham, London United Kingdom E6 2JA
POLYARB CAPITAL LTD,17143435,active,ltd,,,2026-04-08,,2026-04-08,[64999, 66300, 70229],128 City Road London United Kingdom EC1V 2NX
OLATIDE TRADE LIMITED,17143432,active,ltd,,,2026-04-08,,2026-04-08,[32120, 47749, 47782, 47910],124-128 City Road London England EC1V 2NX
OLWEN WALSH LTD,17143413,active,ltd,,,2026-04-08,,2026-04-08,[74100],35, Lock House, Flat 74 Oval Road London United Kingdom NW1 7BF
ARYANAS STORE LTD,17143414,active,ltd,,,2026-04-08,,2026-04-08,[47910],483 Green Lanes London England N13 4BS
ZERISS TECHNOLOGIES LTD,17143423,active,ltd,,,2026-04-08,,2026-04-08,[62012, 62090, 63110],71-75 Shelton Street London United Kingdom WC2H 9JQ
MARAMI GAMES LTD,17143442,active,ltd,,,2026-04-08,,2026-04-08,[62011, 62012],71-75 Shelton Street London United Kingdom WC2H 9JQ
SCALECART LTD,17143440,active,ltd,,,2026-04-08,,2026-04-08,[47910],71-75 Shelton Street London United Kingdom WC2H 9JQ
JELLISAN LTD,17143426,active,ltd,,,2026-04-08,,2026-04-08,[96090],71-75 Shelton Street London United Kingdom WC2H 9JQ
WEZTECH LIMITED,17143771,active,ltd,,,2026-04-08,,2026-04-08,[47910],167-169 Great Portland Street London England W1W 5PF
KUPOL LIMITED,17143864,active,ltd,,,2026-04-08,,2026-04-08,[96090],72 Halliwick Road London England N10 1AB
JULES COMFORT STAYS LTD,17143874,active,ltd,,,2026-04-08,,2026-04-08,[55209],66 Paul Street London United Kingdom EC2A 4NA
IT SPECTACULAR LTD,17143869,active,ltd,,,2026-04-08,,2026-04-08,[62020],128 City Road London United Kingdom EC1V 2NX
MDMS RECORDS LIMITED,17131420,active,ltd,,,2026-04-01,,2026-04-01,[90010, 90020, 90030, 90040],128 City Road London United Kingdom EC1V 2NX
ISHDOESPROPERTY LTD,17131415,active,ltd,,,2026-04-01,,2026-04-01,[41100],3rd Floor, 86-90 Paul Street London United Kingdom EC2A 4NE
MICROZEN CONSULTING LTD,17131428,active,ltd,,,2026-04-01,,2026-04-01,[62012, 62020],74a High Street Wanstead London United Kingdom E11 2RJ
DARK STAGE LTD,17131437,active,ltd,,,2026-04-01,,2026-04-01,[90020],114 Lakenheath London England N14 4RX
CHINA HOUSE LTD,17131426,active,ltd,,,2026-04-01,,2026-04-01,[56103],88a George Lane London England E18 1JJ
LDP INTERNATIONAL LTD,17131243,active,ltd,,,2026-04-01,,2026-04-01,[47990, 70229, 85590],41 Devonshire Street London United Kingdom W1G 7AJ
THE SPACE EDIT LTD,17131228,active,ltd,,,2026-04-01,,2026-04-01,[74100],167-169 Great Portland Street London United Kingdom W1W 5PF
VALTHERA LTD,17131237,active,ltd,,,2026-04-01,,2026-04-01,[47910],4 Raven Road, Unit 1c3-11122 London United Kingdom E18 1HB
FURKAN OGUZ LTD,17131333,active,ltd,,,2026-04-01,,2026-04-01,[47910, 73110],4 Raven Road, Unit 1c3-1123 London United Kingdom E18 1HB
EMBER LEARNING LTD,17131451,active,ltd,,,2026-04-01,,2026-04-01,[62090, 85590],52a Spring Grove Road London United Kingdom TW3 4BN
ADELAIDE CLARKE LEGAL CONSULTANCY LTD,17131455,active,ltd,,,2026-04-01,,2026-04-01,[69101, 69109, 82990],167-169 Great Portland Street London England W1W 5PF
COSMIC JAM LTD,17131561,active,ltd,,,2026-04-01,,2026-04-01,[62012],Flat 61 Ensign House London England SW18 1TR
VANTAGGIO SALES COACHING LTD,17131592,active,ltd,,,2026-04-01,,2026-04-01,[70229],6th Floor Capital Tower London United Kingdom SE1 8RT
FORTIS WEAR LTD,17131597,active,ltd,,,2026-04-01,,2026-04-01,[47910],Suite C185, 4 - 6 Greatorex Street London United Kingdom E1 5NF
HEALONANCE LTD,17131573,active,ltd,,,2026-04-01,,2026-04-01,[47910],Office 1548 Vv 182-184 High Street North London United Kingdom E6 2JA
FRAKTAL SOLUTIONS LTD,17131581,active,ltd,,,2026-04-01,,2026-04-01,[62090],66 Paul Street London England EC2A 4NA
ELEKTROTEKNIK LIMITED,17131584,active,ltd,,,2026-04-01,,2026-04-01,[99999],27 Old Gloucester Street London England WC1N 3AX
ONCKEN LONDON LIMITED,17131578,active,ltd,,,2026-04-01,,2026-04-01,[82990],12 Stanhope Gardens London England SW7 5RG
CEGLYS GROUP LTD,17132593,active,ltd,,,2026-04-01,,2026-04-01,[64209, 64999],45 Osidge Lane London England N14 5JL
FLIGHTSTRATIX LTD,17132587,active,ltd,,,2026-04-01,,2026-04-01,[62012],128 City Road London United Kingdom EC1V 2NX
SKYLINE COMPLIANCE LTD,17132713,active,ltd,,,2026-04-01,,2026-04-01,[71200],5 Brayford Square London England E1 0SG
STEAMY LTD,17132842,active,ltd,,,2026-04-01,,2026-04-01,[86900],47 Brooke Road London England N16 7RA
LUMIERE LOGISTICS LIMITED,17133091,active,ltd,,,2026-04-02,,2026-04-02,[46190, 46900, 47910, 82990],24 Rothsay Road London England E7 8LY
HOMEWYZ LTD,17133250,active,ltd,,,2026-04-02,,2026-04-02,[68209, 68310, 68320, 85600],277 Dover House Road London United Kingdom SW15 5BP
ACE ACCOUNTS (SUSSEX) LIMITED,17133249,active,ltd,,,2026-04-02,,2026-04-02,[69202, 70221],167-169 Great Portland Street London England W1W 5PF
MATHAMATIX LTD,17133253,active,ltd,,,2026-04-02,,2026-04-02,[74909],122 Nelson Road London United Kingdom E4 9AS
SUNSET INTEGRATED BLINDS LTD,17133235,active,ltd,,,2026-04-02,,2026-04-02,[25120, 43320, 43342, 46900],105 Eltham Green Road London England SE9 6BE
GUNPOWDER EMPIRE MARYLEBONE LTD,17133358,active,ltd,,,2026-04-02,,2026-04-02,[56101],Suite 3.06 1-3 Brixton Road London England SW9 6DE
HELM PROPERTY INVESTMENTS LTD,17133359,active,ltd,,,2026-04-02,,2026-04-02,[41100],3rd Floor, 86-90 Paul Street London United Kingdom EC2A 4NE
NORTH STAR SCS LTD,17133361,active,ltd,,,2026-04-02,,2026-04-02,[70229],71-75 Shelton Street London United Kingdom WC2H 9JQ
STRATHWILL LTD,17133379,active,ltd,,,2026-04-02,,2026-04-02,[62012, 62020, 70229, 74909],167-169 Great Portland Street London United Kingdom W1W 5PF
YOURS TRULY PROMOTIONS LTD,17133635,active,ltd,,,2026-04-02,,2026-04-02,[70210],22 Reynolds Close London England SW19 2QJ
PDR SMART MANAGEMENT LIMITED,17133645,active,ltd,,,2026-04-02,,2026-04-02,[45200],C/O Cwa Lockkeepers Cottage Waltham Abbey United Kingdom EN9 1FJ
VELURI LTD,17133886,active,ltd,,,2026-04-02,,2026-04-02,[47250, 56101, 56302, 82990],71-75 Shelton Street London United Kingdom WC2H 9JQ
BEI LIESEL LIMITED,17133897,active,ltd,,,2026-04-02,,2026-04-02,[47910, 58110, 58190, 74209],71-75 Shelton Street London United Kingdom WC2H 9JQ
DIE UNTERNEHMENSAUSKUNFT LTD,17133900,active,ltd,,,2026-04-02,,2026-04-02,[58120, 58190, 63990],71-75 Shelton Street London United Kingdom WC2H 9JQ
TANNAH ISRAEL MINISTRIES LTD,17134256,active,ltd,,,2026-04-02,,2026-04-02,[47910, 58110, 59112, 94910],71-75 Shelton Street London United Kingdom WC2H 9JQ
CREATIVE COMMERCIAL MIND LTD,17134258,active,ltd,,,2026-04-02,,2026-04-02,[46190, 47910],291398 Office Suite 29a 3/F. 23 Wharf Street London United Kingdom SE8 3GG
INGSOFTWARE LIMITED,17134254,active,ltd,,,2026-04-02,,2026-04-02,[62012],20 Wenlock Road London England N1 7GU
DORA COSMETICS UK LTD,17134244,active,ltd,,,2026-04-02,,2026-04-02,[20420, 46450, 47910],17 Green Lanes London England N16 9BS
MER ATHLETICS LTD,17134235,active,ltd,,,2026-04-02,,2026-04-02,[93199],20 Wenlock Road London England N1 7GU
ZEDWELL UK 3 LIMITED,17134261,active,ltd,,,2026-04-02,,2026-04-02,[68320],C/O Zedwell Hotel Great Windmill Street London United Kingdom W1D 7DH
HIU SPARES UK LIMITED,17134401,active,ltd,,,2026-04-02,,2026-04-02,[43220, 46740],10 Empire Parade Great Cambridge Road London United Kingdom N18 1AA
MODUS SITE SERVICES LIMITED,17134398,active,ltd,,,2026-04-02,,2026-04-02,[38110, 38120, 39000],167-169 Great Portland Street, 5th Floor London England W1W 5PF
SHAREKTE412 LTD,17134576,active,ltd,,,2026-04-02,,2026-04-02,[46900],275 New N Rd #3110 London United Kingdom N1 7AA
MA DWELLINGS LTD,17134820,active,ltd,,,2026-04-02,,2026-04-02,[68100, 68209],Flat 101 Boston Lodge 171 Canton Street London United Kingdom E14 6FL
FERRY ISLAND OP GP LIMITED,17134813,active,ltd,,,2026-04-02,,2026-04-02,[41100],4 Stable Street London United Kingdom N1C 4AB
MEHASHI LTD,17134832,active,ltd,,,2026-04-02,,2026-04-02,[58290],66 Paul Street London United Kingdom EC2A 4NA
AURORAOX HOLDINGS LTD,17134953,active,ltd,,,2026-04-02,,2026-04-02,[72110],27 Old Gloucester Street London United Kingdom WC1N 3AX
ECMN LTD,17134948,active,ltd,,,2026-04-02,,2026-04-02,[49410, 56103],71-75 Shelton Street London United Kingdom WC2H 9JQ
DEAH 2026 LIMITED,17135229,active,ltd,,,2026-04-02,,2026-04-02,[56101],Suite 112 Ajp Business Centre London United Kingdom NW2 7HD
NETEX INVESTMENTS UK LTD,17135214,active,ltd,,,2026-04-02,,2026-04-02,[99999],Ormond House 26/27 Boswell Street London United Kingdom WC1N 3JZ
UNBOSSED LTD,17135225,active,ltd,,,2026-04-02,,2026-04-02,[70229, 82990],71-75 Shelton Street London United Kingdom WC2H 9JQ
JOE MOTION LTD,17135227,active,ltd,,,2026-04-02,,2026-04-02,[74100],26 Ballantine Street London England SW18 1AL
SDJ MEDIA ADVISORS LTD,17135226,active,ltd,,,2026-04-02,,2026-04-02,[70229, 73120],20 Wenlock Road London England N1 7GU
SMCVENTURES LTD,17135388,active,ltd,,,2026-04-02,,2026-04-02,[64209],3rd Floor, 86-90 Paul Street London United Kingdom EC2A 4NE
EQUINE BUDDY LTD,17135569,active,ltd,,,2026-04-02,,2026-04-02,[62011, 62012, 63120],71-75 Shelton Street London United Kingdom WC2H 9JQ
BEIRUT STREET FOOD LTD,17135682,active,ltd,,,2026-04-02,,2026-04-02,[56102],303 New Cross Road London England SE14 6AS
JULIEPRAISE UK LTD,17135942,active,ltd,,,2026-04-02,,2026-04-02,[86220],33 Edward Street London United Kingdom SE8 5HB
OLIVER DURNFORD LTD,17136033,active,ltd,,,2026-04-03,,2026-04-03,[74909],3rd Floor, 86-90 Paul Street London United Kingdom EC2A 4NE
BRAND OF BOLLA LTD,17136029,active,ltd,,,2026-04-03,,2026-04-03,[70229],35 Dover Road London England E12 5DZ
NOUILLE STUDIO LIMITED,17136168,active,ltd,,,2026-04-03,,2026-04-03,[58290, 62090],Flat 86, Vanbrugh Court London United Kingdom SE11 4NR
S JORDAN GROUP LTD,17136180,active,ltd,,,2026-04-03,,2026-04-03,[43290, 81210],83 Newmarsh Road London England SE28 8TA
WE ARE NAVA LIMITED,17136346,active,ltd,,,2026-04-03,,2026-04-03,[56210],109a Clarendon Road London United Kingdom W11 4JG
RAHA SUPPORT LTD,17136344,active,ltd,,,2026-04-03,,2026-04-03,[86220],66 Paul Street London England EC2A 4NA
MUTULU LTD,17136481,active,ltd,,,2026-04-03,,2026-04-03,[85200],66 Paul Street London United Kingdom EC2A 4NA
DWA ELECTRICAL SERVICES LTD,17136490,active,ltd,,,2026-04-03,,2026-04-03,[43210],86 Studland Road London England W7 3QX
SELECT VEHICLE SERVICES LTD,17136690,active,ltd,,,2026-04-04,,2026-04-04,[45320],66 Paul Street London United Kingdom EC2A 4NA
NEXTIER MANAGEMENT LTD,17136684,active,ltd,,,2026-04-04,,2026-04-04,[70221, 70229],66 Paul Street London United Kingdom EC2A 4NA
WANA PROPERTY SOLUTIONS LTD,17136794,active,ltd,,,2026-04-04,,2026-04-04,[43290, 43390, 81100, 81210],68 Nye Bevan Estate London United Kingdom E5 0AQ
EVERYDAY ESSENTIAL USES LTD,17136784,active,ltd,,,2026-04-04,,2026-04-04,[47910],41 Mayday Gardens London England SE3 8NJ
ONE SIX VEHICLE SERVICE LTD,17136998,active,ltd,,,2026-04-05,,2026-04-05,[45200],12 Helmsdale Road London England SW16 5UR
QUANTRO COMMERCE LTD,17137164,active,ltd,,,2026-04-05,,2026-04-05,[47910],52 Ratcliff Road London England E7 8DD
ORI-TEA CO. LTD,17137179,active,ltd,,,2026-04-05,,2026-04-05,[56103],4 Gerrard Street London England W1D 5PE
NZ SHINE CLEANING LONDON LIMITED,17137299,active,ltd,,,2026-04-05,,2026-04-05,[81222],43 Brownfield Street London England E14 6ND
MAP TO MOON LTD,17137533,active,ltd,,,2026-04-06,,2026-04-06,[62012, 62020, 63990],71-75 Shelton Street London United Kingdom WC2H 9JQ
JOYOFCAB LTD,17137529,active,ltd,,,2026-04-06,,2026-04-06,[47910],66 Paul Street London United Kingdom EC2A 4NA
INFERSONIC LTD,17137744,active,ltd,,,2026-04-06,,2026-04-06,[62012, 62020, 70229, 85590],71-75 Shelton Street London United Kingdom WC2H 9JQ
CARENAV 360 LTD,17137756,active,ltd,,,2026-04-06,,2026-04-06,[70229, 78109, 82990],71-75 Shelton Street London United Kingdom WC2H 9JQ
MS NOVA LTD,17137754,active,ltd,,,2026-04-06,,2026-04-06,[47910, 66110, 69201, 70229],124-128 City Road London England EC1V 2NX
PAULA LOUISE PRITCHARD LTD,17138011,active,ltd,,,2026-04-06,,2026-04-06,[46520, 47750, 47910],292243 Office Suite 29a  3/F England United Kingdom SE8 3GG
NEA SMIRNI LTD,17138020,active,ltd,,,2026-04-06,,2026-04-06,[68100, 68209],Jacob House 233b, Flat 30 Amhurst Road London United Kingdom E8 2BS
VIACARA LTD,17138185,active,ltd,,,2026-04-06,,2026-04-06,[62012, 63990],66 Paul Street London England EC2A 4NA
AL MALIK GLOBAL BUSINESS LTD,17138943,active,ltd,,,2026-04-07,,2026-04-07,[46900],71-75 Shelton Street London United Kingdom WC2H 9JQ
MDL LONDON LTD,17138957,active,ltd,,,2026-04-07,,2026-04-07,[43390],Flat 76 Paramount Court London England WC1E 6JW
JE'MOOREL UK LTD,17138941,active,ltd,,,2026-04-07,,2026-04-07,[47290, 47910, 56103, 85590],128 City Road London United Kingdom EC1V 2NX
KINGSTON COMPUTERS LTD,17139096,active,ltd,,,2026-04-07,,2026-04-07,[47410, 62012],66 Paul Street London United Kingdom EC2A 4NA
LUXIHUB LIMITED,17139086,active,ltd,,,2026-04-07,,2026-04-07,[96090],128 City Road London United Kingdom EC1V 2NX
AQUESTO HOLDINGS LTD,17139298,active,ltd,,,2026-04-07,,2026-04-07,[68100, 68209],128 City Road London United Kingdom EC1V 2NX
BESTIEZ LTD,17139303,active,ltd,,,2026-04-07,,2026-04-07,[96090],128 City Road London United Kingdom EC1V 2NX
SURPLUS NYC LTD,17139314,active,ltd,,,2026-04-07,,2026-04-07,[47910],71-75 Shelton Street London United Kingdom WC2H 9JQ
MOXHUN.MEDIA LIMITED,17139718,active,ltd,,,2026-04-07,,2026-04-07,[73110],195 Wood Street London England E17 3NU
BLACKSTONE PROPERTIES LONDON LTD,17139882,active,ltd,,,2026-04-07,,2026-04-07,[68100, 68209],155 Edgware Road London England W2 2HR
JEANNETTE LTD,17139901,active,ltd,,,2026-04-07,,2026-04-07,[62012, 62020, 62090],71-75 Shelton Street London United Kingdom WC2H 9JQ
GUARDIAN PAY LIMITED,17139899,active,ltd,,,2026-04-07,,2026-04-07,[62020],128 City Road London United Kingdom EC1V 2NX
RG ECONOMICS LTD,17139920,active,ltd,,,2026-04-07,,2026-04-07,[70229],3rd Floor, 86-90 Paul Street London United Kingdom EC2A 4NE
ANTIMUON STUDIOS LIMITED,17139906,active,ltd,,,2026-04-07,,2026-04-07,[58290],71-75 Shelton Street London United Kingdom WC2H 9JQ
GROUNDS FOR DIVORCE COFFEE CO LIMITED,17140076,active,ltd,,,2026-04-07,,2026-04-07,[46370],128 City Road London United Kingdom EC1V 2NX
ELLEVEN LTD,17140088,active,ltd,,,2026-04-07,,2026-04-07,[85590],128 City Road London United Kingdom EC1V 2NX
ARCANE PANTRY LTD,17140285,active,ltd,,,2026-04-07,,2026-04-07,[47599, 47910],84 Wood Lane London United Kingdom W12 0BZ
DKC DUCTWORK LIMITED,17141032,active,ltd,,,2026-04-07,,2026-04-07,[43290],88b Blenheim Crescent Notting Hill United Kingdom W11 1NZ
ENTANGLED MIND LTD,17141040,active,ltd,,,2026-04-07,,2026-04-07,[62020],Flat 47 Buick House Kingston Upon Thames England KT2 6QS
STREET CONSULTANCY LTD,17141042,active,ltd,,,2026-04-07,,2026-04-07,[70229, 85590],67 Huddleston Road London England N7 0AE
LOUVERTURE LONDON RECORDS LTD,17141025,active,ltd,,,2026-04-07,,2026-04-07,[59200],215 Shrewsbury Road London England E7 8QH
MOTION WEALTH LTD,17141570,active,ltd,,,2026-04-07,,2026-04-07,[47910, 98000],20 Wenlock Road London England N1 7GU
BENS ROOFING AND GUTTER LTD,17141546,active,ltd,,,2026-04-07,,2026-04-07,[96090],70 Bounces Road London England N9 8JS
NINEACADEMIA LTD,17141543,active,ltd,,,2026-04-07,,2026-04-07,[85590],71-75 Shelton Street London United Kingdom WC2H 9JQ
FSK LOGISTIC LTD,17141571,active,ltd,,,2026-04-07,,2026-04-07,[38310],215a High Street North London United Kingdom E6 1JG
SWA PARTNERS LTD,17141746,active,ltd,,,2026-04-07,,2026-04-07,[62012, 63120, 68310],128 City Road London United Kingdom EC1V 2NX
BUSINESS BRIDGE ADVISORY LTD,17141812,active,ltd,,,2026-04-07,,2026-04-07,[70229, 73200, 82990],128 City Road London United Kingdom EC1V 2NX
OLVIO TECHNOLOGY LTD,17141819,active,ltd,,,2026-04-07,,2026-04-07,[52290, 62011, 62012],128 City Road London United Kingdom EC1V 2NX
SAMANTHA GATES LIMITED,17141815,active,ltd,,,2026-04-07,,2026-04-07,[70229],71-75 Shelton Street London United Kingdom WC2H 9JQ
ARC STUDIO COLLECTIVE LTD,17142046,active,ltd,,,2026-04-07,,2026-04-07,[93110],66 Paul Street London United Kingdom EC2A 4NA
ENOLIS TECHNOLOGIES LTD,17142108,active,ltd,,,2026-04-07,,2026-04-07,[74901],7 Villiers Mews London England SW9 9PJ
MM ORION BIDCO LIMITED,17143624,active,ltd,,,2026-04-08,,2026-04-08,[96090],2 Babmaes Street London United Kingdom SW1Y 6HD
IRON VAULT LONDON LTD,17143623,active,ltd,,,2026-04-08,,2026-04-08,[93110, 93130],66 Paul Street London United Kingdom EC2A 4NA
GLOBALBRIDGE COMMODITIES LIMITED,17143635,active,ltd,,,2026-04-08,,2026-04-08,[46120],2 Spencer Way London United Kingdom E1 2PN
PUDMORE WEALTH MANAGEMENT LIMITED,17143881,active,ltd,,,2026-04-08,,2026-04-08,[64999],C/O Esdg Accountancy Ltd London United Kingdom SE3 0TN
TENFIVE LTD,17143892,active,ltd,,,2026-04-08,,2026-04-08,[62012],167-169 Great Portland Street London United Kingdom W1W 5PF
VITALABX LTD,17143875,active,ltd,,,2026-04-08,,2026-04-08,[47910, 47990],44b, Unimix House, Abbey Road London England NW10 7TR
SHAREKTE425 LTD,17143894,active,ltd,,,2026-04-08,,2026-04-08,[46900],275 New N Rd #3110 London United Kingdom N1 7AA
BK PRIME INVESTMENTS LTD,17144176,active,ltd,,,2026-04-08,,2026-04-08,[68100],71-75 Shelton Street London United Kingdom WC2H 9JQ
DIVERTICO LIMITED,17144174,active,ltd,,,2026-04-08,,2026-04-08,[47710, 47781, 58142, 58190],71-75 Shelton Street London United Kingdom WC2H 9JQ
ROSEVELOURBOUTIQUE LTD,17144160,active,ltd,,,2026-04-08,,2026-04-08,[96090],71-75 Shelton Street London United Kingdom WC2H 9JQ
OTTO KITCHENS LTD,17144155,active,ltd,,,2026-04-08,,2026-04-08,[56290],114 Stoke Newington High Street London United Kingdom N16 7NY
IBERICA DESIGN LIMITED,17131621,active,ltd,,,2026-04-01,,2026-04-01,[31020, 43320, 74100],Sterling House Walthamstow England E17 4EE
GRADCLIP LTD,17131683,active,ltd,,,2026-04-01,,2026-04-01,[62012],71-75 Shelton Street London United Kingdom WC2H 9JQ
ZENTARI NETWORKS LTD,17131696,active,ltd,,,2026-04-01,,2026-04-01,[61900, 62012, 62090],71-75 Shelton Street London United Kingdom WC2H 9JQ
PMC TECH LTD,17131786,active,ltd,,,2026-04-01,,2026-04-01,[47910],71-75 Shelton Street London United Kingdom WC2H 9JQ
TAITT MOTORS LTD,17131888,active,ltd,,,2026-04-01,,2026-04-01,[45112, 45200, 52243],124-128 City Road London England EC1V 2NX
SHIKANOKO NETWORKS LTD,17131877,active,ltd,,,2026-04-01,,2026-04-01,[61100, 61200, 62020, 62030],128 City Road London United Kingdom EC1V 2NX
SNACKCORNER LTD,17131871,active,ltd,,,2026-04-01,,2026-04-01,[47190],513 London Road Sutton England SM3 8JR
TROPIS UK LTD,17132002,active,ltd,,,2026-04-01,,2026-04-01,[52290],662 High Road London England N12 0NL
FATZAH HOMES LIMITED,17132000,active,ltd,,,2026-04-01,,2026-04-01,[68209],60 Franciscan Road London England SW17 8EG
CORE CLINICAL CONNECT LTD,17132003,active,ltd,,,2026-04-01,,2026-04-01,[82990],4-6 Greatorex Street London United Kingdom E1 5NF
NARAVELOP LTD,17132097,active,ltd,,,2026-04-01,,2026-04-01,[71122],71-75 Shelton Street London United Kingdom WC2H 9JQ
COSY KITCHEN LTD,17132109,active,ltd,,,2026-04-01,,2026-04-01,[56301],Flat 45, Westlake Rotherhithe New Road London United Kingdom SE16 2BW
ICIG LTD,17132108,active,ltd,,,2026-04-01,,2026-04-01,[46190, 64999, 68320, 70229],71-75 Shelton Street London United Kingdom WC2H 9JQ
ADILQADRI E-COMMERCE PRIVATE LIMITED,17132263,active,ltd,,,2026-04-01,,2026-04-01,[46450, 47750, 47910, 47990],128 City Road London United Kingdom EC1V 2NX
NUVADO LTD,17132256,active,ltd,,,2026-04-01,,2026-04-01,[47990],Office 18004 182-184 High Street North London United Kingdom E6 2JA
FINREGIS LTD,17132428,active,ltd,,,2026-04-01,,2026-04-01,[70229],71-75 Shelton Street London United Kingdom WC2H 9JQ
CANDOR LIMITED,17132528,active,ltd,,,2026-04-01,,2026-04-01,[62012, 70229],128 City Road London United Kingdom EC1V 2NX
ROYSTON COLLECTION LTD,17132523,active,ltd,,,2026-04-01,,2026-04-01,[68100, 68209],102 Mile End Road London England E1 4UN
A & NY GRILL LTD,17132538,active,ltd,,,2026-04-01,,2026-04-01,[56103],653 Holloway Road London England N19 5SE
RB ART LIMITED,17132687,active,ltd,,,2026-04-01,,2026-04-01,[90030],71-75 Shelton Street London United Kingdom WC2H 9JQ
GNRX HOSPITALITY CONSULTING LTD,17132894,active,ltd,,,2026-04-01,,2026-04-01,[62020],71-75 Shelton Street London United Kingdom WC2H 9JQ
THE RED THREAD APP LTD,17132896,active,ltd,,,2026-04-01,,2026-04-01,[63120],86 Claude Road London United Kingdom E13 0QG
ELGIN ADVISORY LTD,17132892,active,ltd,,,2026-04-01,,2026-04-01,[70229],5 Coulter Road London United Kingdom W6 0BJ
AMAS SOLUTIONS LTD,17134161,active,ltd,,,2026-04-02,,2026-04-02,[46499, 47910, 47990],2nd Floor College House Ruislip, United Kingdom HA4 7AE
NOVA BM LTD,17134143,active,ltd,,,2026-04-02,,2026-04-02,[70229],Crown House London United Kingdom WC1N 3AX
PERFUMEO DIRECT LTD,17134283,active,ltd,,,2026-04-02,,2026-04-02,[47910],71-75 Shelton Street London United Kingdom WC2H 9JQ
YEAKIN BIN ASADUL LTD,17134273,active,ltd,,,2026-04-02,,2026-04-02,[29100, 45310, 45320, 46420],20 Wenlock Road London England N1 7GU
R&R LETTING LTD,17134262,active,ltd,,,2026-04-02,,2026-04-02,[68100, 68201, 68209, 68320],71-75 Shelton Street London United Kingdom WC2H 9JQ
CURA GLOBAL COMPLIANCE LTD,17134524,active,ltd,,,2026-04-02,,2026-04-02,[62012],167-169 Great Portland Street London England W1W 5PF
J RIVANS CONSTRUCTION LTD,17134515,active,ltd,,,2026-04-02,,2026-04-02,[41201, 41202],15 Gillett Avenue London England E6 3AW
12 CORNERS LTD,17134708,active,ltd,,,2026-04-02,,2026-04-02,[56102],27 Goldwing Close London United Kingdom E16 3EQ
EDUCRAFT ADVISORY LIMITED,17135101,active,ltd,,,2026-04-02,,2026-04-02,[85600],93-101 Greenfield Road London United Kingdom E1 1EJ
API CHILLINGTON INVESTMENTS LIMITED,17135103,active,ltd,,,2026-04-02,,2026-04-02,[66300],29 York Street London United Kingdom W1H 1EZ
PRO BRITISH SAFETY LTD,17135281,active,ltd,,,2026-04-02,,2026-04-02,[85320, 85590],128 City Road London United Kingdom EC1V 2NX
84 MANAGEMENT LIMITED,17135275,active,ltd,,,2026-04-02,,2026-04-02,[90010, 90030, 90040, 93130],71-75 Shelton Street London United Kingdom WC2H 9JQ
VYKIER LTD,17135291,active,ltd,,,2026-04-02,,2026-04-02,[70229, 74909],71-75 Shelton Street London United Kingdom WC2H 9JQ
PEKZE ENTERTAINMENT LTD,17135271,active,ltd,,,2026-04-02,,2026-04-02,[62011],71-75 Shelton Street London United Kingdom WC2H 9JQ
PBSW1 LIMITED,17135526,active,ltd,,,2026-04-02,,2026-04-02,[56102],191 Victoria Street London England SW1E 5NE
FANVO SPORTS LIMITED,17135550,active,ltd,,,2026-04-02,,2026-04-02,[62011],Unit 7 Brent New Enterprise Centre London United Kingdom NW10 9SF
ROZI CAPITAL LTD,17135554,active,ltd,,,2026-04-02,,2026-04-02,[68209],71-75 Shelton Street London United Kingdom WC2H 9JQ
EUROFIT DAIRY PRODUCTS LTD,17135743,active,ltd,,,2026-04-02,,2026-04-02,[46390],Unit 33, Waterside, Schooner Court, 44-48 Wharf Road, London United Kingdom N1 7UX
LUVERA BRANDS LIMITED,17135750,active,ltd,,,2026-04-02,,2026-04-02,[47910],167-169 Great Portland Street London England W1W 5PF
STOIC FROG LIMITED,17135865,active,ltd,,,2026-04-02,,2026-04-02,[96090],First Floor Flat London England N4 1NL
L&L CARDS AND COLLECTIBLES LTD,17136234,active,ltd,,,2026-04-03,,2026-04-03,[46180],Flat 2, Walton House London United Kingdom NW1 3PE
STURELL LTD,17136569,active,ltd,,,2026-04-03,,2026-04-03,[62012, 73110],71-75 Shelton Street London United Kingdom WC2H 9JQ
PRAYVAIL LTD,17136562,active,ltd,,,2026-04-03,,2026-04-03,[58290, 62012],71-75 Shelton Street London United Kingdom WC2H 9JQ
SIMSABEEL LTD,17136563,active,ltd,,,2026-04-03,,2026-04-03,[61200, 61900, 62020, 63120],71-75 Shelton Street London United Kingdom WC2H 9JQ
EYAM LTD,17136574,active,ltd,,,2026-04-03,,2026-04-03,[49320],15 Huggins Place London United Kingdom SW2 3UQ
CILLANE LTD,17136568,active,ltd,,,2026-04-03,,2026-04-03,[47722],71-75 Shelton Street London United Kingdom WC2H 9JQ
ADDISON MINING VENTURES LTD,17136652,active,ltd,,,2026-04-04,,2026-04-04,[09900],64 Addison Road London England E11 2RG
RESULTS JAY CONSULTANCY LTD,17136648,active,ltd,,,2026-04-04,,2026-04-04,[70229],2b Thorpe Crescent London United Kingdom E17 5BY
CF GADGETS LIMITED,17136935,active,ltd,,,2026-04-04,,2026-04-04,[46900],2 Wilton Road London United Kingdom SE2 9RH
SEV BUILDING LTD,17136937,active,ltd,,,2026-04-04,,2026-04-04,[41201, 41202],40 Pasteur Gardens London England N18 1JF
CIVIC PROSPERITY DEVELOPMENTS LIMITED,17137015,active,ltd,,,2026-04-05,,2026-04-05,[41100, 68209, 68320, 70229],416 Somerset Court Copley Close London England W7 1QH
NATURE PHD LTD,17137021,active,ltd,,,2026-04-05,,2026-04-05,[47750],5 Brayford Square London England E1 0SG
BREZIN JOINERY LTD,17137347,active,ltd,,,2026-04-06,,2026-04-06,[43320],Flat 43 Newbury House London England N22 8DY
KEY METRIX LTD,17137337,active,ltd,,,2026-04-06,,2026-04-06,[70221, 70229],128 City Road London United Kingdom EC1V 2NX
ASH BAJWA HOLDINGS LTD,17137488,active,ltd,,,2026-04-06,,2026-04-06,[47910],Office 18227 182-184 High Street North London United Kingdom E6 2JA
TK CHILDCARE ENFIELD LTD,17137480,active,ltd,,,2026-04-06,,2026-04-06,[88910],7 Ensign Drive London United Kingdom N13 5AF
RESOLVE PROJECTS GROUP LTD,17137777,active,ltd,,,2026-04-06,,2026-04-06,[71129, 74909],3rd Floor, 86-90 Paul Street London United Kingdom EC2A 4NE
OM NONG NOY LTD,17137799,active,ltd,,,2026-04-06,,2026-04-06,[84120, 96020],343, Ground Floor, Green Lanes London England N4 1DZ
THEGAMEISON LIMITED,17138051,active,ltd,,,2026-04-06,,2026-04-06,[93110],66 Paul Street London United Kingdom EC2A 4NA
VK RAIL TECH LTD,17138048,active,ltd,,,2026-04-06,,2026-04-06,[71122],182-184, Office 18213 High Street North London United Kingdom E6 2JA
DULI HEALTH LTD,17138047,active,ltd,,,2026-04-06,,2026-04-06,[70229],Office 1075, 60 Tottenham Court Road London United Kingdom W1T 2EW
NÜNERD LIMITED,17138288,active,ltd,,,2026-04-06,,2026-04-06,[58110],226 Plumstead Common Road London England SE18 2RS
UROS STOJADINOVIC STUDIO LTD,17138285,active,ltd,,,2026-04-06,,2026-04-06,[71111],Flat 255 Atwood House Warwick Road London England W14 8TX
NORTHSTAY LIVING LTD,17138314,active,ltd,,,2026-04-06,,2026-04-06,[68201],66 Paul Street London United Kingdom EC2A 4NA
FLOS FILM LIMITED,17138309,active,ltd,,,2026-04-06,,2026-04-06,[59111],20 Colehill Lane London England SW6 5EG
GOSAI REMOVALS LTD,17138542,active,ltd,,,2026-04-06,,2026-04-06,[38110],24 The Green London England N21 1AY
WIPERS2U LTD,17138605,active,ltd,,,2026-04-06,,2026-04-06,[47910],66 Paul Street London United Kingdom EC2A 4NA
MOBEEN ENTERPRISES LTD,17138703,active,ltd,,,2026-04-07,,2026-04-07,[47910],Flat 15 Edna House London England W2 1RY
LG WOODS BUILDING SERVICES LTD,17138743,active,ltd,,,2026-04-07,,2026-04-07,[43220],69 Glisson Road Uxbridge England UB10 0HL
TIMESTANDSTILL LTD,17139012,active,ltd,,,2026-04-07,,2026-04-07,[96090],5th Floor 167-169 Great Portland St London United Kingdom W1W 5PF
DIVISION ART & BUSINESS STRATEGIC ACTION LTD,17139030,active,ltd,,,2026-04-07,,2026-04-07,[47910, 70229, 96020, 98000],128 City Road London United Kingdom EC1V 2NX
IT STARTS WITH YOU GIFTS LTD,17139021,active,ltd,,,2026-04-07,,2026-04-07,[47190, 90030],Flat 24 Ridley Court London England SW16 5NF
ARCHIVE VINTAGE DUBAI LIMITED,17139217,active,ltd,,,2026-04-07,,2026-04-07,[96090],128 City Road London United Kingdom EC1V 2NX
SAHIN22 LTD,17139223,active,ltd,,,2026-04-07,,2026-04-07,[56103],360 Walworth Rd London England SE17 2NF
ALLCOM GROUP LTD,17139513,active,ltd,,,2026-04-07,,2026-04-07,[62090, 63120],128 City Road London United Kingdom EC1V 2NX
WEDDINGS IN ALGARVE LTD,17139680,active,ltd,,,2026-04-07,,2026-04-07,[96090],22 Ankerdine Crescent London England SE18 3LQ
BASIRAT AI LTD,17139661,active,ltd,,,2026-04-07,,2026-04-07,[62012],140 Wakefield Street London England E6 1NS
EMRA PAIN AND ANAESTHETIC SERVICES LTD,17139664,active,ltd,,,2026-04-07,,2026-04-07,[86220],Suite 5, 5th Floor City Reach London United Kingdom E14 9NN
ELSON MOBILE CARWASH LTD,17140018,active,ltd,,,2026-04-07,,2026-04-07,[81299],190 Billet Road London England E17 5DX
AKURO SOLUTIONS LIMITED,17140220,active,ltd,,,2026-04-07,,2026-04-07,[70229],71-75 Shelton Street London United Kingdom WC2H 9JQ
SHARPS MAINTENANCE SOLUTIONS LTD,17140199,active,ltd,,,2026-04-07,,2026-04-07,[41100],3rd Floor, 86-90 Paul Street London United Kingdom EC2A 4NE
NORTHBYTE NORWAY TEC LTD.,17140202,active,ltd,,,2026-04-07,,2026-04-07,[58210, 62012, 62020, 62090],71-75 Shelton Street London United Kingdom WC2H 9JQ
DIGITAL E-COMM LTD,17140206,active,ltd,,,2026-04-07,,2026-04-07,[96090],71-75 Shelton Street London United Kingdom WC2H 9JQ
SENTIA POST LIMITED,17140616,active,ltd,,,2026-04-07,,2026-04-07,[47910],124-128 City Road London England EC1V 2NX
LOGICARIX LTD,17140907,active,ltd,,,2026-04-07,,2026-04-07,[73110],Office 18216 182-184 High Street North London United Kingdom E6 2JA
ZUBACORE TECHNOLOGIES LTD,17140910,active,ltd,,,2026-04-07,,2026-04-07,[62012, 62020, 62090, 63120],128 City Road London United Kingdom EC1V 2NX
BYLAND PLAY LIMITED,17140892,active,ltd,,,2026-04-07,,2026-04-07,[93290],55 Sanderstead Road London England E10 7PW
NE79 SUPPLIES LTD,17140899,active,ltd,,,2026-04-07,,2026-04-07,[47520, 47540, 47599, 47910],3rd Floor, 86-90 Paul Street London United Kingdom EC2A 4NE
DKOC LTD,17140937,active,ltd,,,2026-04-07,,2026-04-07,[47910, 62012, 70229, 82990],4 Raven Road, Unit 1c3-1128 London United Kingdom E18 1HB
FAST PLUMBING LTD,17140933,active,ltd,,,2026-04-07,,2026-04-07,[98200],66 Paul Street London United Kingdom EC2A 4NA
ACE OF SHADES - BEDLINGTON LTD,17140935,active,ltd,,,2026-04-07,,2026-04-07,[96020],128 City Road London United Kingdom EC1V 2NX
DIPSON PLASTICS AND RECYCLING PLANT LIMITED,17141205,active,ltd,,,2026-04-07,,2026-04-07,[20160, 46190, 77120],42 Battery Road London England SE28 0JT
NOVA DISTRICT LTD,17141192,active,ltd,,,2026-04-07,,2026-04-07,[46420, 47710],20 Wenlock Road London England N1 7GU
SHAREKTE414 LTD,17141185,active,ltd,,,2026-04-07,,2026-04-07,[46900],275 New N Rd #3110 London United Kingdom N1 7AA
VELORIA HOLDINGS LTD,17141540,active,ltd,,,2026-04-07,,2026-04-07,[47910],71-75 Shelton Street London England WC2H 9JQ
PRIME GUIDE LTD,17141538,active,ltd,,,2026-04-07,,2026-04-07,[79110, 79120, 79909, 82302],2nd Floor College House Ruislip, United Kingdom HA4 7AE
BROCKLEYPAWS LTD,17141535,active,ltd,,,2026-04-07,,2026-04-07,[01629],20 Wenlock Road London England N1 7GU
QUOBEX LTD,17141524,active,ltd,,,2026-04-07,,2026-04-07,[47990],8b Fordham Street London England E1 1HS
FAIRPATH LTD,17141526,active,ltd,,,2026-04-07,,2026-04-07,[62012, 62090, 72190, 85590],Office 18321 182-184 High Street North East Ham United Kingdom E6 2JA
HJD INVESTMENTS 1 LTD,17141521,active,ltd,,,2026-04-07,,2026-04-07,[64209],20 Wenlock Road London England N1 7GU
MATT CUTS LTD,17141637,active,ltd,,,2026-04-07,,2026-04-07,[59120],45 Tyrrell Road London England SE22 9NE
NM BUILDING SOLUTIONS LTD,17141800,active,ltd,,,2026-04-07,,2026-04-07,[41202, 43310, 43341, 43390],71-75 Shelton Street London United Kingdom WC2H 9JQ
ORION CAPITAL MANAGEMENT LTD,17141799,active,ltd,,,2026-04-07,,2026-04-07,[66300],71-75 Shelton Street London United Kingdom WC2H 9JQ
R-T FENCING & TIMBER SUPPLIES LTD,17142069,active,ltd,,,2026-04-07,,2026-04-07,[43999],66 Paul Street London United Kingdom EC2A 4NA
E&B PRIME SERVICES LIMITED,17142081,active,ltd,,,2026-04-07,,2026-04-07,[41201, 41202],50 Marlborough Road London England E7 8HB
HILOFIX LTD,17142131,active,ltd,,,2026-04-08,,2026-04-08,[46510, 47410, 62090, 95110],124-128 City Road London England EC1V 2NX
CYBERLIGHT INDUSTRIES LTD,17142130,active,ltd,,,2026-04-08,,2026-04-08,[62020],167-169 Great Portland Street London England W1W 5PF
CHACHA PROPERTIES LTD,17143299,active,ltd,,,2026-04-08,,2026-04-08,[68100, 68209, 68310, 68320],1 Villas Road London England SE18 7PN
EVIDASH LTD,17143293,active,ltd,,,2026-04-08,,2026-04-08,[58290, 62012],71-75 Shelton Street London United Kingdom WC2H 9JQ
JAY UK SERVICES LTD,17143301,active,ltd,,,2026-04-08,,2026-04-08,[68320, 98000],Flat 1 13-15 London Road Southend-On-Sea England SS1 1FW
LIMITLESS  PROPERTY &  INVESTMENTS LTD,17143305,active,ltd,,,2026-04-08,,2026-04-08,[68100, 68209],128 City Road London United Kingdom EC1V 2NX
ALC TRAINING LTD,17143322,active,ltd,,,2026-04-08,,2026-04-08,[93199],55, Fitness First Baker Street London United Kingdom W1U 8EW
KYRO PROPERTIES LTD,17143285,active,ltd,,,2026-04-08,,2026-04-08,[68100, 98000],113 Dulwich Road London England SE24 0NG
FREEQUENCY MUSIC LIMITED,17143313,active,ltd,,,2026-04-08,,2026-04-08,[46491],1 Coy Terrace London England SE15 3RT
CREDIT SOLUTIONS LTD,17143612,active,ltd,,,2026-04-08,,2026-04-08,[62020],Apartment 11-71 Gasholders Building 1 Lewis Cubitt Square London England N1C 4BX
BERING PROPERTIES LTD,17143605,active,ltd,,,2026-04-08,,2026-04-08,[68100, 68209],114 St. Martin's Lane London England WC2N 4BE
YB12 LTD,17144271,active,ltd,,,2026-04-08,,2026-04-08,[41100],2 Leman Street London United Kingdom E1W 9US
FORGEHOUSE STUDIO LTD,17144297,active,ltd,,,2026-04-08,,2026-04-08,[96090],71-75 Shelton Street London United Kingdom WC2H 9JQ
BLACKCREST CAPITAL LTD,17144289,active,ltd,,,2026-04-08,,2026-04-08,[64999],71-75 Shelton Street London United Kingdom WC2H 9JQ
EJR CONSULTING SERVICES LTD,17144280,active,ltd,,,2026-04-08,,2026-04-08,[80100],66 Paul Street London United Kingdom EC2A 4NA
GREEN MAN DESIGN LTD,17144286,active,ltd,,,2026-04-08,,2026-04-08,[62020],71-75 Shelton Street London United Kingdom WC2H 9JQ
ORCHAI DEV GROUP HOLDING LTD,17144278,active,ltd,,,2026-04-08,,2026-04-08,[62012, 62090],Parker Russell, Level 30 The Leadenhall Building London United Kingdom EC3V 4AB
PREMIUM PRESTIGE VEHICLES LIMITED,17144269,active,ltd,,,2026-04-08,,2026-04-08,[77110],27 Old Gloucester St London United Kingdom WC1N 3AX
ASSIST360 LTD,17144273,active,ltd,,,2026-04-08,,2026-04-08,[82200],Newton House 118-119 Piccadilly London England W1J 7NW
CONNECT CREATE VIBEZ NETWORK LTD,17131721,active,ltd,,,2026-04-01,,2026-04-01,[82302],128 City Road London United Kingdom EC1V 2NX
SJM NETWORK CONSULTING LTD,17131723,active,ltd,,,2026-04-01,,2026-04-01,[62020],71-75 Shelton Street London United Kingdom WC2H 9JQ
COSTX LTD,17131711,active,ltd,,,2026-04-01,,2026-04-01,[62090],5 Brayford Square London England E1 0SG
JAYWHITE INVESTMENTS LIMITED,17132040,active,ltd,,,2026-04-01,,2026-04-01,[68100],14 Haslemere Avenue London United Kingdom NW4 2PX
FONSECA SOLUÇÕES DE LIMPEZA LTD,17132034,active,ltd,,,2026-04-01,,2026-04-01,[81299],Flat 7 Donnington Mansions London England NW10 3QP
MILEGATE FOODS LIMITED,17132315,active,ltd,,,2026-04-01,,2026-04-01,[46380, 68209],8a Electric Avenue London England SW9 8JX
PERPETUAL MARKETING ASSETS LTD,17132309,active,ltd,,,2026-04-01,,2026-04-01,[73110],71-75 Shelton Street London United Kingdom WC2H 9JQ
TAG ISOTOPICS LTD,17132306,active,ltd,,,2026-04-01,,2026-04-01,[71122, 72190],128 City Road London United Kingdom EC1V 2NX
DILAALI LTD,17132299,active,ltd,,,2026-04-01,,2026-04-01,[56103],500 White Hart Lane London England N17 7NA
PRIME CARTEL LTD,17132314,active,ltd,,,2026-04-01,,2026-04-01,[47990],Office 18157 182-184 High Street North London United Kingdom E6 2JA
PAD ATELIER LIMITED,17132284,active,ltd,,,2026-04-01,,2026-04-01,[16230],60 High Street London United Kingdom SW19 5EE
PET AVRUPA UK LIMITED,17132321,active,ltd,,,2026-04-01,,2026-04-01,[32990, 46499, 47760, 96090],71-75 Shelton Street London United Kingdom WC2H 9JQ
THEUXPERTS LTD,17132642,active,ltd,,,2026-04-01,,2026-04-01,[62020, 70229, 74909],10 Eastbourne Road London United Kingdom E15 3LJ
TASTE OF CHARCOAL LIMITED,17132634,active,ltd,,,2026-04-01,,2026-04-01,[56101],57 London Road Brighton England BN1 4JE
EDSPARK CREATIVE LABS LTD,17132638,active,ltd,,,2026-04-01,,2026-04-01,[58290, 62012, 85590, 85600],71-75 Shelton Street London United Kingdom WC2H 9JQ
VAULTEDTCGX LTD,17132639,active,ltd,,,2026-04-01,,2026-04-01,[47910],71-75 Shelton Street London United Kingdom WC2H 9JQ
HB RAIL LEGAL LIMITED,17132728,active,ltd,,,2026-04-01,,2026-04-01,[69109],32 Crouch Hall Road London England N8 8HJ
CROSSCUT CONSULTING LTD,17132731,active,ltd,,,2026-04-01,,2026-04-01,[62020, 69201, 69203, 70221],82a James Carter Road London United Kingdom IP28 7DE
AVLEASE LTD,17132726,active,ltd,,,2026-04-01,,2026-04-01,[77351],18 Priory Road London England W4 5JA
CITE STUDIOS LTD,17132863,active,ltd,,,2026-04-01,,2026-04-01,[47910, 62012, 63120, 74100],66 Paul Street London England EC2A 4NA
MEDISAN LIMITED,17132867,active,ltd,,,2026-04-01,,2026-04-01,[46450],164 Hammersmith Road London England W6 7JP
VIJA BRANDS LTD,17132953,active,ltd,,,2026-04-02,,2026-04-02,[47910],128 Becklow Road London England W12 9HJ
SHEILDROCK SOLUTIONS LIMITED,17132959,active,ltd,,,2026-04-02,,2026-04-02,[47820],119 Dollis Hill Avenue London United Kingdom NW2 6RB
AC ELECTRICAL NEWHEY LTD,17133004,active,ltd,,,2026-04-02,,2026-04-02,[41202],3rd Floor, 86-90 Paul Street London United Kingdom EC2A 4NE
CROSSPOINT DEVELOPMENTS LIMITED,17133131,active,ltd,,,2026-04-02,,2026-04-02,[68100],11 St Christopher’S Place London United Kingdom W1U 1NG
EMOTION CARTEL LTD,17133287,active,ltd,,,2026-04-02,,2026-04-02,[59112],2 Buxton Road London United Kingdom E15 1QU
VERTEX CORPORATION LTD,17133522,active,ltd,,,2026-04-02,,2026-04-02,[62012],20 Wenlock Road London England N1 7GU
CHEMIGRAHIC LIMITED,17133526,active,ltd,,,2026-04-02,,2026-04-02,[27120],66 Paul Street London England EC2A 4NA
ACOLITE LTD,17133566,active,ltd,,,2026-04-02,,2026-04-02,[70210],Flat 14 Fourscore Mansions London England E8 4LZ
HUN COMPETITIONS LTD,17133735,active,ltd,,,2026-04-02,,2026-04-02,[93290],71-75 Shelton Street London United Kingdom WC2H 9JQ
NOBELIX LTD,17133724,active,ltd,,,2026-04-02,,2026-04-02,[18129, 63120, 73110, 74100],167-169 Great Portland Street London United Kingdom W1W 5PF
NYMOCH HOSTING LIMITED,17133909,active,ltd,,,2026-04-02,,2026-04-02,[63110],128 City Road London United Kingdom EC1V 2NX
QORTET VALLEY LODGE 26 LTD,17133923,active,ltd,,,2026-04-02,,2026-04-02,[68209],C/O Getground London England W6 0NB
SHAREKTE409 LTD,17134114,active,ltd,,,2026-04-02,,2026-04-02,[46900],275 New N Rd #3110 London United Kingdom N1 7AA
YOUKEI UK LIMITED,17134323,active,ltd,,,2026-04-02,,2026-04-02,[68100, 68209],Apartment 505 45 Holloway Road London England N7 8JW
BERK'S KEBAB HOUSE LTD,17134328,active,ltd,,,2026-04-02,,2026-04-02,[56103],565 Green Lanes London England N8 0RL
BRITISH-GERMAN HUBTRAC TYRES LTD,17134482,active,ltd,,,2026-04-02,,2026-04-02,[46900],6 Devonshire Place London England NW2 2HX
KALENE CONSULTING LTD,17134804,active,ltd,,,2026-04-02,,2026-04-02,[70229],Flat 12 23 Palace Court London England W2 4LP
WALKERS PROFESSIONAL SERVICES (UK) LIMITED,17134929,active,ltd,,,2026-04-02,,2026-04-02,[64999, 66190, 82990],1 Blossom Yard London United Kingdom E1 6RS
OLIN INVESTMENT GROUP LTD,17134923,active,ltd,,,2026-04-02,,2026-04-02,[62020, 64999],20 Wenlock Road London England N1 7GU
EDRICK LTD,17135135,active,ltd,,,2026-04-02,,2026-04-02,[70229],141c Gray's Inn Road London United Kingdom WC1X 8UB
STUDY STAY UK LTD,17135142,active,ltd,,,2026-04-02,,2026-04-02,[82990],C/O J R Accounts London United Kingdom EC2M 7PP
YORK MIDCO LIMITED,17135127,active,ltd,,,2026-04-02,,2026-04-02,[64209],30-31 Cowcross Street London United Kingdom EC1M 6DQ
TOWERBIT LTD,17135332,active,ltd,,,2026-04-02,,2026-04-02,[62011, 62012, 62020],128 City Road London United Kingdom EC1V 2NX
NW9 TRADING LTD,17135529,active,ltd,,,2026-04-02,,2026-04-02,[47190],Flat 32 Lissenden Mansions London England NW5 1PP
JA CAPITALES UNIDOS LIMITED,17135520,active,ltd,,,2026-04-02,,2026-04-02,[64209, 64301, 64303, 70221],1 London Street Reading United Kingdom RG1 4PN
KEYSTONE MOTORS LTD,17135512,active,ltd,,,2026-04-02,,2026-04-02,[45112, 45190],1 West Green Road London England N15 5BX
FREEHANNIBAL LIMITED,17135785,active,ltd,,,2026-04-02,,2026-04-02,[45190, 45310],71-75 Shelton Street London United Kingdom WC2H 9JQ
MAISON 65 LIMITED,17135792,active,ltd,,,2026-04-02,,2026-04-02,[74100],20 Wenlock Road London England N1 7GU
WAVE COCKTAIL LTD,17136015,active,ltd,,,2026-04-03,,2026-04-03,[46341, 46342],5 Brayford Square London England E1 0SG
CARTIFY HUB LTD,17136016,active,ltd,,,2026-04-03,,2026-04-03,[47910],9 Marlborough Road London England E7 8HA
INSTAPROFIT LTD,17136077,active,ltd,,,2026-04-03,,2026-04-03,[62012],280 King Street London England W6 0SP
HAPPYSPHERE LTD,17136082,active,ltd,,,2026-04-03,,2026-04-03,[47820, 47890, 47910],28 Kirkstall Road London England SW2 4HF
BA 26 SERVICES LIMITED,17136363,active,ltd,,,2026-04-03,,2026-04-03,[88910],225 Crownfield Road London England E15 2AS
LA TRADE & COMMERCE LTD,17136604,active,ltd,,,2026-04-04,,2026-04-04,[47910],3rd Floor, 86-90 Paul Street London United Kingdom EC2A 4NE
SAGENT4 LIMITED,17136671,active,ltd,,,2026-04-04,,2026-04-04,[62012],66 Paul Street London United Kingdom EC2A 4NA
STAFFORD BLAKE LTD,17136717,active,ltd,,,2026-04-04,,2026-04-04,[78109],124-128 City Road London United Kingdom EC1V 2NX
TOOBA INVESTMENTS LTD,17136946,active,ltd,,,2026-04-05,,2026-04-05,[68100, 68209],7 Bell Yard London England WC2A 2JR
NB ASSET HOLDINGS LTD,17137133,active,ltd,,,2026-04-05,,2026-04-05,[68100, 68209, 68320],71-75 Shelton Street London United Kingdom WC2H 9JQ
RENDER-IT-NORTHWEST LTD,17137138,active,ltd,,,2026-04-05,,2026-04-05,[43310],71-75 Shelton Street London United Kingdom WC2H 9JQ
TEZE LTD,17137231,active,ltd,,,2026-04-05,,2026-04-05,[62012],66 Paul Street London England EC2A 4NA
MIRAE LABS LTD,17137432,active,ltd,,,2026-04-06,,2026-04-06,[62020, 62090],98 Crowborough Road London England SW17 9QG
OIDA AI LTD,17137423,active,ltd,,,2026-04-06,,2026-04-06,[62012, 62020, 63110, 82990],Office 1040 60 Tottenham Court Road London United Kingdom W1T 2EW
AVATAR HOMES LIMITED,17137427,active,ltd,,,2026-04-06,,2026-04-06,[41100, 68100, 68209],171a Kentish Town Road London England NW1 8PD
BRADY INDEPENDENT CLINICAL ADVISORY AND REVIEW SERVICES LTD,17137822,active,ltd,,,2026-04-06,,2026-04-06,[74909],195-197 Suite Ra01 London United Kingdom E17 3NU
MAIDENHEAD FRIES LTD,17138359,active,ltd,,,2026-04-06,,2026-04-06,[56103],8b Accommodation Road London England NW11 8ED
SAIKUL PROPERTY PORTFOLIO LIMITED,17138770,active,ltd,,,2026-04-07,,2026-04-07,[68100, 68209, 68320],277 Roman Road London England E2 0SL
MORNHAVEN LTD,17138870,active,ltd,,,2026-04-07,,2026-04-07,[46190],Mornhaven Ltd 17 King Edwards Road, Ruislip, London United Kingdom HA4 7AE
METAACOG LTD,17139076,active,ltd,,,2026-04-07,,2026-04-07,[85600],71-75 Shelton Street London United Kingdom WC2H 9JQ
DARNELL INCORPORATED LTD,17139077,active,ltd,,,2026-04-07,,2026-04-07,[70229],66 Paul Street London United Kingdom EC2A 4NA
242 NEWS LIMITED,17139054,active,ltd,,,2026-04-07,,2026-04-07,[58190],60 Crunden Road Greater London United Kingdom CR2 6HD
EFSAM LTD,17139424,active,ltd,,,2026-04-07,,2026-04-07,[47910],Suite 10686 5 Brayford Square London United Kingdom E1 0SG
ASSEMBLY ROOMS EVENT MANAGEMENT LTD,17139442,active,ltd,,,2026-04-07,,2026-04-07,[56210, 82302, 90040, 96090],20 Wenlock Road London England N1 7GU
AMALFI PROPERTY GROUP LTD,17139411,active,ltd,,,2026-04-07,,2026-04-07,[68310, 68320],71-75 Shelton Street London United Kingdom WC2H 9JQ
Q-MY-TRADE LTD,17139604,active,ltd,,,2026-04-07,,2026-04-07,[62090],71-75 Shelton Street London United Kingdom WC2H 9JQ
ATHLETE FOCUSED LONDON CITY LTD,17139600,active,ltd,,,2026-04-07,,2026-04-07,[93199],71-75 Shelton Street London United Kingdom WC2H 9JQ
WOODFORD PRIVATE OFFICE LTD,17140003,active,ltd,,,2026-04-07,,2026-04-07,[68100, 68209, 68320],Apartment 160 Watermans Quay William Morris Way Chelsea United Kingdom SW6 2UW
AESTHETIC STAYS LTD,17140008,active,ltd,,,2026-04-07,,2026-04-07,[68310, 68320],71-75 Shelton Street London United Kingdom WC2H 9JQ
AAN ECOMMERCE SOLUTIONS LTD,17140011,active,ltd,,,2026-04-07,,2026-04-07,[47910],71-75 Shelton Street London United Kingdom WC2H 9JQ
AUGMENTAMAZON LIMITED,17140113,active,ltd,,,2026-04-07,,2026-04-07,[73110],66 Paul Street London United Kingdom EC2A 4NA
FULLERTONHR LIMITED,17140358,active,ltd,,,2026-04-07,,2026-04-07,[78300],167-169 Great Portland Street, 5th Floor London England W1W 5PF
SAVOUR SERVICES LTD,17140336,active,ltd,,,2026-04-07,,2026-04-07,[96090],23 Wickliffe Avenue London England N3 3EL
HUEMAN BRANDS LTD,17140341,active,ltd,,,2026-04-07,,2026-04-07,[32990, 74100],124-128 City Road London England EC1V 2NX
ILIAD ENTERTAINMENT LIMITED,17140518,active,ltd,,,2026-04-07,,2026-04-07,[59111],27 Old Gloucester St London United Kingdom WC1N 3AX
ESKAY VENTURES LTD,17140786,active,ltd,,,2026-04-07,,2026-04-07,[59112, 70210, 73110, 74100],66 Paul Street London United Kingdom EC2A 4NA
TEKKA LTD,17140787,active,ltd,,,2026-04-07,,2026-04-07,[46420],20 Wenlock Road London United Kingdom N1 7GU
BRUNO HERTIZE MANAGEMENT LIMITED,17140777,active,ltd,,,2026-04-07,,2026-04-07,[66300],167-169 Great Portland Street London England W1W 5PF
MAEJKO LTD,17140992,active,ltd,,,2026-04-07,,2026-04-07,[68209],66 Paul Street London United Kingdom EC2A 4NA
STERLING ASSIST LTD,17141012,active,ltd,,,2026-04-07,,2026-04-07,[52290, 82990],66 Paul Street London United Kingdom EC2A 4NA
SKOUTQUEST LTD,17141311,active,ltd,,,2026-04-07,,2026-04-07,[62012, 62020, 63120],11 Kenbury Mansion London United Kingdom SE5 9BU
GOLDEN & GLORY LTD,17141313,active,ltd,,,2026-04-07,,2026-04-07,[43210, 43290, 43330, 74100],132 South Esk Road London England E7 8HD
PURE JUICES TRADING LIMITED,17141590,active,ltd,,,2026-04-07,,2026-04-07,[46900],01 182-184 Office 12517 High Street North London United Kingdom E6 2JA
FKU SPORTS FASHION LTD,17141843,active,ltd,,,2026-04-07,,2026-04-07,[46420],128 City Road London United Kingdom EC1V 2NX
QAZIWHOLESALERS LTD,17141832,active,ltd,,,2026-04-07,,2026-04-07,[46180],61 The Risings London United Kingdom E17 3PH
PAVE & GROUNDWORKS LTD,17141857,active,ltd,,,2026-04-07,,2026-04-07,[41202],75 Millway London England NW7 3QT
NEW CHAPTER ACADEMY LIMITED,17142142,active,ltd,,,2026-04-08,,2026-04-08,[62020, 85520, 85590],Flat 27 Roy Smith House London England NW10 8LN
CDL HOLDINGS LTD,17143741,active,ltd,,,2026-04-08,,2026-04-08,[68209],16 Ingestre Place London England W1F 0JJ
S AUTOMOTIVES LTD,17143958,active,ltd,,,2026-04-08,,2026-04-08,[45320],20 Wenlock Road London England N1 7GU
FUTURETECH TR LTD,17143957,active,ltd,,,2026-04-08,,2026-04-08,[47910],128 City Road London United Kingdom EC1V 2NX
DE COURTENE LIMITED,17143950,active,ltd,,,2026-04-08,,2026-04-08,[64209, 68100, 77400],72 Halliwick Road London England N10 1AB
THE DAVE’S GUTTERS LTD,17144216,active,ltd,,,2026-04-08,,2026-04-08,[81210, 81221, 81222, 81299],128 City Road London United Kingdom EC1V 2NX
RESOLVIQ LIMITED,17144219,active,ltd,,,2026-04-08,,2026-04-08,[62020, 62090],Flat 13 Games House London England SE7 7TN
WILLOWS JOURNEY PRODUCTIONS LTD,17144635,active,ltd,,,2026-04-08,,2026-04-08,[59111],71-75 Shelton Street London United Kingdom WC2H 9JQ
THE ORDINARY TRADER LTD,17144683,active,ltd,,,2026-04-08,,2026-04-08,[64991],128 City Road London United Kingdom EC1V 2NX
JOSEPH AND SONS CAPITAL LTD,17144690,active,ltd,,,2026-04-08,,2026-04-08,[68209],35 Grafton Way London England W1T 5DB
GREYMILL LIMITED,17144930,active,ltd,,,2026-04-08,,2026-04-08,[62012, 62020],71-75 Shelton Street London United Kingdom WC2H 9JQ
RENZARA CREATIVE LTD,17144934,active,ltd,,,2026-04-08,,2026-04-08,[59112, 73110],66 Paul Street London United Kingdom EC2A 4NA
EQUANIM LABS LTD,17145230,active,ltd,,,2026-04-09,,2026-04-09,[62012],Suite Ra01 195-197 Wood Street London United Kingdom E17 3NU
REDROAD STUDIOS LIMITED,17145281,active,ltd,,,2026-04-09,,2026-04-09,[59112, 73110, 74201, 74209],124 City Road London United Kingdom EC1V 2NX
RASSO INVESTMENTS LTD,17145289,active,ltd,,,2026-04-09,,2026-04-09,[68100, 68209],C/O Roseworth Limited London United Kingdom N12 0NL
VOLTD CHARGING LTD,17145336,active,ltd,,,2026-04-09,,2026-04-09,[47990, 77291, 82990],71-75 Shelton Street London United Kingdom WC2H 9JQ
ADZA PROPERTIES LIMITED,17145335,active,ltd,,,2026-04-09,,2026-04-09,[55209, 68209],46 New Broad Street London England EC2M 1JH
ALL SERVICES 4U-LOCKSMITH NORTH LONDON LIMITED,17145333,active,ltd,,,2026-04-09,,2026-04-09,[80200],Building 3 Oakleigh Road South London England N11 1GN
ALL SERVICES 4U - LOCKSMITH MANCHESTER LIMITED,17145326,active,ltd,,,2026-04-09,,2026-04-09,[80200],Building 3 Oakleigh Road South London England N11 1GN
TF MANUFACTURING & QUALITY CONSULTING LTD,17145611,active,ltd,,,2026-04-09,,2026-04-09,[70229, 71200],342 London Road Benfleet England SS7 1BG
161 FINBOROUGH ROAD FREEHOLD LIMITED,17145610,active,ltd,,,2026-04-09,,2026-04-09,[68100],Flat D London England SW10 9AP
CORCORAN CAPITAL LIMITED,17145607,active,ltd,,,2026-04-09,,2026-04-09,[64999, 68100],71-75 Shelton Street London United Kingdom WC2H 9JQ
SALIMAH SOLUTIONS LTD,17145733,active,ltd,,,2026-04-09,,2026-04-09,[62020, 62090, 70229, 73110],71-75 Shelton Street London United Kingdom WC2H 9JQ
GO PAYROLL SERVICES LTD,17145736,active,ltd,,,2026-04-09,,2026-04-09,[82990],20 Wenlock Road London England N1 7GU
NORTHERN IMPACT ENERGY LIMITED,17145734,active,ltd,,,2026-04-09,,2026-04-09,[41100],Quadrant House London United Kingdom E1W 1YW
KAYZER BUILDERS LTD,17146019,active,ltd,,,2026-04-09,,2026-04-09,[41201, 41202],104 Cobbold Road London England E11 3NS
HEALI.TECH LTD,17146002,active,ltd,,,2026-04-09,,2026-04-09,[62012, 62020, 62090],66 Paul Street London England EC2A 4NA
CHRISTOPHE BERNARDINI ADVISORY LTD,17146023,active,ltd,,,2026-04-09,,2026-04-09,[70229],1 Ridgmount Road London England SW18 2DA
BANSTEAD MEISURIA LIMITED,17146189,active,ltd,,,2026-04-09,,2026-04-09,[64991, 68209],5 Luke Street London England EC2A 4PX
AVIS M&E LTD,17146795,active,ltd,,,2026-04-09,,2026-04-09,[43210, 43220],1 Kings Avenue London England N21 3NA
FINAL THIRD EVENTS LTD,17146794,active,ltd,,,2026-04-09,,2026-04-09,[93290],9 Hatton Street London England NW8 8PL
PBE CORA LTD,17146796,active,ltd,,,2026-04-09,,2026-04-09,[59111],Unit 17a Perseverance Works London England E2 8DD
ANNULI HEALTH LTD,17146807,active,ltd,,,2026-04-09,,2026-04-09,[62012, 86900],71-75 Shelton Street London United Kingdom WC2H 9JQ
ODEON (UK) PROPERTY CAPITAL LTD,17146812,active,ltd,,,2026-04-09,,2026-04-09,[68209],First Floor London United Kingdom EC4M 7RD
ATELIER '79 LTD,17146869,active,ltd,,,2026-04-09,,2026-04-09,[56101, 56102, 56103, 56210],71-75 Shelton Street London United Kingdom WC2H 9JQ
ILFORD ESTATES LTD,17147100,active,ltd,,,2026-04-09,,2026-04-09,[68100, 68209, 68310, 98000],64, Boardman House Broadway London United Kingdom E15 1NT
GET PLANNER LTD,17147111,active,ltd,,,2026-04-09,,2026-04-09,[58290, 62012, 62090, 63110],71-75 Shelton Street London United Kingdom WC2H 9JQ
BAMBIES LTD,17147098,active,ltd,,,2026-04-09,,2026-04-09,[46190, 47190, 47750, 47910],128 City Road London United Kingdom EC1V 2NX
CRESTORA PROPERTY GROUP LIMITED,17147372,active,ltd,,,2026-04-09,,2026-04-09,[68100, 68209, 68310],5 Brayford Square London England E1 0SG
STRIDE.VC HOLDINGS LIMITED,17147392,active,ltd,,,2026-04-09,,2026-04-09,[64205],4 Grotto Passage London England W1U 4JX
AYSGARTH GROUP LTD,17147386,active,ltd,,,2026-04-09,,2026-04-09,[62012, 62020, 62090],71-75 Shelton Street London United Kingdom WC2H 9JQ
SCENE 55 LTD,17147504,active,ltd,,,2026-04-09,,2026-04-09,[59112],71-75 Shelton Street London United Kingdom WC2H 9JQ
IMA VENTURES LTD,17147494,active,ltd,,,2026-04-09,,2026-04-09,[47910, 47990],71-75 Shelton Street London United Kingdom WC2H 9JQ
SCRIBE INSTALLATIONS LIMITED,17147493,active,ltd,,,2026-04-09,,2026-04-09,[16230],8 Cowdenbeath Path London England N1 0LG
ROMAN RESTAURANT LTD,17148345,active,ltd,,,2026-04-10,,2026-04-10,[56101],71-75 Shelton Street London United Kingdom WC2H 9JQ
BOXHAUS PACKAGING LTD,17148340,active,ltd,,,2026-04-10,,2026-04-10,[46760, 46900],71-75 Shelton Street London United Kingdom WC2H 9JQ
GLOBAL RACQUETS SPORTS GROUP LTD,17148329,active,ltd,,,2026-04-10,,2026-04-10,[93199],9a Waldron Road London United Kingdom SW18 3TB
ALGRACE LTD,17148451,active,ltd,,,2026-04-10,,2026-04-10,[47190],3rd Floor, 86-90 Paul Street London United Kingdom EC2A 4NE
BORISGATE INVESTMENTS LTD,17148448,active,ltd,,,2026-04-10,,2026-04-10,[68100, 68209],71-75 Shelton Street London United Kingdom WC2H 9JQ
QASRA LTD,17148425,active,ltd,,,2026-04-10,,2026-04-10,[47910, 47990, 73110],20 Wenlock Road London England N1 7GU
NICOLLE LTD,17148632,active,ltd,,,2026-04-10,,2026-04-10,[14132, 14141, 14190, 95290],66 Paul Street London United Kingdom EC2A 4NA
RENT TO GO CAR & VAN HIRE LTD,17148633,active,ltd,,,2026-04-10,,2026-04-10,[49100, 49390, 52219, 52290],128 City Road London United Kingdom EC1V 2NX
1ST KNIGHT LIMITED,17148638,active,ltd,,,2026-04-10,,2026-04-10,[96090],72 Halliwick Road London England N10 1AB
HIJIKI LTD,17148811,active,ltd,,,2026-04-10,,2026-04-10,[56103],Ztk Tax Advisory Suite 1, Ideas House London United Kingdom E18 1BY
ARAZ VENTURES LIMITED,17149078,active,ltd,,,2026-04-10,,2026-04-10,[68209],Flat 4 22 Aldersbrook Road London United Kingdom E12 5HH
ALLSAFE ASBESTOS SERVICES LTD,17149072,active,ltd,,,2026-04-10,,2026-04-10,[96090],71-75 Shelton Street London United Kingdom WC2H 9JQ
BRONZO CUCINA LIMITED,17149191,active,ltd,,,2026-04-10,,2026-04-10,[56101],62 Silver Crescent London England W4 5SE
LA ROSSA KITCHEN LTD,17149209,active,ltd,,,2026-04-10,,2026-04-10,[56103],278 Langham Road London England N15 3NP
LIFE MATE GLOBAL TECHNOLOGIES LIMITED,17149203,active,ltd,,,2026-04-10,,2026-04-10,[46510, 47410, 62020, 62090],167-169 Great Portland Street London England W1W 5PF
HŌCHA LTD,17149312,active,ltd,,,2026-04-10,,2026-04-10,[11070],124-128 City Road London England EC1V 2NX
HYPERHAVEN LTD,17149318,active,ltd,,,2026-04-10,,2026-04-10,[47910],128 City Road London United Kingdom EC1V 2NX
WELLNESS BY ANG LTD,17149552,active,ltd,,,2026-04-10,,2026-04-10,[86230, 86900],71-75 Shelton Street London United Kingdom WC2H 9JQ
RENASCENS LTD,17149556,active,ltd,,,2026-04-10,,2026-04-10,[41100, 41201, 68100, 71111],27 Old Gloucester Street London United Kingdom WC1N 3AX
AC SPORTS & PERFORMANCE AUTOMOTIVE LTD,17149710,active,ltd,,,2026-04-10,,2026-04-10,[45112, 45200],71-75 Shelton Street London United Kingdom WC2H 9JQ
XUYILONG CROSS BORDER LTD,17149823,active,ltd,,,2026-04-10,,2026-04-10,[46450, 47910],291625 Office Suite 29a, 3/F. 23 Wharf Street London England SE8 3GG
BUKADU LTD,17149819,active,ltd,,,2026-04-10,,2026-04-10,[62012],71-75 Shelton Street London United Kingdom WC2H 9JQ
MI CONSTRUCTION GROUP LTD,17150122,active,ltd,,,2026-04-10,,2026-04-10,[41201, 41202],41 Maryland Road London England E15 1JJ
INTEGRATED COMPLIANCE & REPAIRS GROUP LTD,17150112,active,ltd,,,2026-04-10,,2026-04-10,[70229],Flat 5 Goswell Court London England E20 1LL
BRAD DAWS HOLDINGS LIMITED,17150126,active,ltd,,,2026-04-10,,2026-04-10,[64209],9 Great Chesterford Court Great Chesterford United Kingdom CB10 1PF
IIAIT LTD,17150269,active,ltd,,,2026-04-10,,2026-04-10,[85600],71-75 Shelton Street London England WC2H 9JQ
KINDRED KNOWLEDGE LTD,17150562,active,ltd,,,2026-04-11,,2026-04-11,[84120],66 Paul Street London United Kingdom EC2A 4NA
BLUE CREATIVE CONSTRUCTION LTD,17150570,active,ltd,,,2026-04-11,,2026-04-11,[74100],21 Malvern Mews London England NW6 5PT
SH PRO CONSULTING LTD,17150700,active,ltd,,,2026-04-11,,2026-04-11,[62020],71-75 Shelton Street London United Kingdom WC2H 9JQ
ECCLESIA PROPERTY SERVICES LTD,17150717,active,ltd,,,2026-04-11,,2026-04-11,[81210],71-75 Shelton Street London United Kingdom WC2H 9JQ
HEALTH-SEEKING ADVISORY AND CONSULTING LTD,17150705,active,ltd,,,2026-04-11,,2026-04-11,[70229, 72200, 85600, 86900],71-75 Shelton Street London United Kingdom WC2H 9JQ
THE GOOD COMPANY NETWORK LTD,17150688,active,ltd,,,2026-04-11,,2026-04-11,[49420, 88100],71-75 Shelton Street London United Kingdom WC2H 9JQ
MULLAH MASTAN LTD,17150708,active,ltd,,,2026-04-11,,2026-04-11,[64209],71-75 Shelton Street London United Kingdom WC2H 9JQ
LIMASSOL CAPITAL HOLDINGS LIMITED,17150897,active,ltd,,,2026-04-11,,2026-04-11,[64209],Solar House London England N14 6NZ
JEMSA LIMITED,17150884,active,ltd,,,2026-04-11,,2026-04-11,[46900, 68310, 78200, 86900],71-75 Shelton Street London United Kingdom WC2H 9JQ
E L ACCOUNTING SERVICES LTD,17151081,active,ltd,,,2026-04-11,,2026-04-11,[69201],124, E L Accounting Services Ltd London United Kingdom EC1V 2NX
BZ HOTEL LTD,17151264,active,ltd,,,2026-04-11,,2026-04-11,[55100],113 Roman Road London England E2 0QN
RH ELEVATE LTD,17151270,active,ltd,,,2026-04-11,,2026-04-11,[64999],20 Wenlock Road London England N1 7GU
1 ORION AI LTD,17151272,active,ltd,,,2026-04-11,,2026-04-11,[58290],71-75 Shelton Street London United Kingdom WC2H 9JQ
CITY VIEW HOTEL 2 LTD,17151267,active,ltd,,,2026-04-11,,2026-04-11,[55100],113 Roman Road London England E2 0QN
SIMPLIF-I SYSTEMS LTD,17151499,active,ltd,,,2026-04-11,,2026-04-11,[58290],66 Paul Street London United Kingdom EC2A 4NA
BEST INTERNATIONAL PROJECT LTD,17151502,active,ltd,,,2026-04-11,,2026-04-11,[58130, 58190, 82302],71-75 Shelton Street London United Kingdom WC2H 9JQ
BELLHAVEN INTERNATIONAL LIMITED,17151495,active,ltd,,,2026-04-11,,2026-04-11,[96090],72 Halliwick Road London England N10 1AB
M T P CONSULTANCY LTD,17151773,active,ltd,,,2026-04-11,,2026-04-11,[70229],Hale House Unit 5 Palmers Green United Kingdom N13 5TW
EASY TAKER TECHNOLOGY LIMITED,17151755,active,ltd,,,2026-04-11,,2026-04-11,[62012, 62090, 63110],565 Green Lanes London England N8 0RL
TRADE THREADS LTD,17151927,active,ltd,,,2026-04-11,,2026-04-11,[47910],71-75 Shelton Street London United Kingdom WC2H 9JQ
MALIKA MUSIC LTD,17151941,active,ltd,,,2026-04-11,,2026-04-11,[59200, 90010],71-75 Shelton Street London United Kingdom WC2H 9JQ
VECTOR RESEARCH (UK) LTD,17141058,active,ltd,,,2026-04-07,,2026-04-07,[72190],The Food Exchange Mission Kitchen London England SW8 5EL
LAUNCHPT LTD,17151933,active,ltd,,,2026-04-11,,2026-04-11,[85600],71-75 Shelton Street London United Kingdom WC2H 9JQ
HAULI LTD,17151931,active,ltd,,,2026-04-11,,2026-04-11,[49420],71-75 Shelton Street London United Kingdom WC2H 9JQ
CALYX ADVISORY LTD,17151940,active,ltd,,,2026-04-11,,2026-04-11,[64999, 66190, 70229],71-75 Shelton Street London United Kingdom WC2H 9JQ
TERRAVIVE HOLISTICA LTD,17152009,active,ltd,,,2026-04-11,,2026-04-11,[47290, 73110, 85590],4 Somerford Way London United Kingdom SE16 6QW
BYMY LTD,17152198,active,ltd,,,2026-04-11,,2026-04-11,[59112, 73110, 74202, 90030],51 Monro Way London United Kingdom E5 8NY
LINGUA PATH LTD,17152540,active,ltd,,,2026-04-12,,2026-04-12,[63120, 85520, 85590, 85600],The Rectory London United Kingdom SW2 5BU
DEV NEXA SOLUTIONS LTD,17152665,active,ltd,,,2026-04-12,,2026-04-12,[62012],23 Gooseley Lane London England E6 6AW
COSMIC JOURNAL LTD,17152715,active,ltd,,,2026-04-13,,2026-04-13,[62012],198 Chigwell Road London England E18 1HA
NO RULES RECORDS LTD,17152792,active,ltd,,,2026-04-13,,2026-04-13,[59120, 59200, 90010, 90030],128 City Road London United Kingdom EC1V 2NX
INTEGRASTRUCT GROUP LTD,17152775,active,ltd,,,2026-04-13,,2026-04-13,[41100, 41201, 41202, 71122],T/O The Accountancy Partnership Suite 5, 5th Floor, City Reach London United Kingdom E14 9NN
LDL DRAGON LETTINGS LTD,17152774,active,ltd,,,2026-04-13,,2026-04-13,[55209, 55900, 68209],1st Floor 124 Cleveland Street London United Kingdom W1T 6PG
TERA GLOBAL HOLDINGS LIMITED,17152789,active,ltd,,,2026-04-13,,2026-04-13,[70229],27 Old Gloucester Street London United Kingdom WC1N 3AX
PLUSWAY LTD,17152788,active,ltd,,,2026-04-13,,2026-04-13,[62020],C/O The Accountancy Partnership Suite 5, 5th Floor, City Reach London United Kingdom E14 9NN
LIZDAZ LTD,17152782,active,ltd,,,2026-04-13,,2026-04-13,[87300, 87900],Flat 29, Busby House London England SW16 1TZ
CLOVERLEAF GROUP LIMITED,17152966,active,ltd,,,2026-04-13,,2026-04-13,[78109],67 Corporation Street London England E15 3HB
OMNIX QUANTUM LTD,17153109,active,ltd,,,2026-04-13,,2026-04-13,[62012, 62020, 62090],71-75 Shelton Street London United Kingdom WC2H 9JQ
DIOJA LTD,17153094,active,ltd,,,2026-04-13,,2026-04-13,[47910, 59112, 59200, 90030],167-169 Great Portland Street London England W1W 5PF
VISION MOTORS GROUP LTD,17153101,active,ltd,,,2026-04-13,,2026-04-13,[45112, 45320, 52290],53c Unimix House Abbey Road London England NW10 7TR
UKBLAB LTD,17153096,active,ltd,,,2026-04-13,,2026-04-13,[47910],71-75 Shelton Street London United Kingdom WC2H 9JQ
DAYS LIKE THIS LIFE LTD,17153291,active,ltd,,,2026-04-13,,2026-04-13,[58110, 59111, 59113],71-75 Shelton Street London United Kingdom WC2H 9JQ
JACOBS SINCE 1932 PROPERTIES LTD,17153290,active,ltd,,,2026-04-13,,2026-04-13,[68100],49 Cobden House London England NW1 7LL
KEVIN DRYLINER LTD,17153282,active,ltd,,,2026-04-13,,2026-04-13,[43290, 43310, 43320],13 Albion Road London England E17 3HY
CITY LEBANESE LTD,17153294,active,ltd,,,2026-04-13,,2026-04-13,[56102, 56103, 56210],340 West End Lane London England NW6 1LN
4PIXEL STUDIO LTD,17153283,active,ltd,,,2026-04-13,,2026-04-13,[62012],124 City Road London United Kingdom EC1V 2NX
GLOBAL SMART CONNECT LTD,17153458,active,ltd,,,2026-04-13,,2026-04-13,[38110, 47429, 56210, 61200],18152 Icon Offices London United Kingdom E6 2JA
SAMCA LIMITED,17153451,active,ltd,,,2026-04-13,,2026-04-13,[47910],71-75 Shelton Street London United Kingdom WC2H 9JQ
FIELDED.AI LIMITED,17153452,active,ltd,,,2026-04-13,,2026-04-13,[62020, 62090],124 City Road London England EC1V 2NX
WISE TUITION LTD,17153467,active,ltd,,,2026-04-13,,2026-04-13,[85590, 85600],98 Boileau Road London England W5 3AJ
VIVICA LEE LIMITED,17153803,active,ltd,,,2026-04-13,,2026-04-13,[47910],71-75 Shelton Street London United Kingdom WC2H 9JQ
OMNIX EST SOLUTIONS LIMITED,17139258,active,ltd,,,2026-04-07,,2026-04-07,[62020],Apartment 16, Woods House, London England SW1W 8DE
VV PROPERTIES LTD,17153792,active,ltd,,,2026-04-13,,2026-04-13,[41100],66 Paul Street London United Kingdom EC2A 4NA
LOMARRK SECURITY LTD,17154051,active,ltd,,,2026-04-13,,2026-04-13,[78200, 80100, 81210],Flat 85 Abbotsford Court London England NW10 7GB
L.S.E INTERNATIONAL SERVICE LTD,17154024,active,ltd,,,2026-04-13,,2026-04-13,[62020, 63110],128 City Road London United Kingdom EC1V 2NX
REMON MAINTENANCE GROUP LTD,17154053,active,ltd,,,2026-04-13,,2026-04-13,[43210, 43220, 43390, 81100],9 Sarsfeld Road London England SW12 8HR
TBJ THE BEST JOB LTD,17154026,active,ltd,,,2026-04-13,,2026-04-13,[98200],1 Pembury Place London United Kingdom E5 8LX
ALO PACK LIMITED,17154033,active,ltd,,,2026-04-13,,2026-04-13,[82920],63 Brondesbury Park London England NW6 7AX
J-BEAUTY BRANDS LTD,17154263,active,ltd,,,2026-04-13,,2026-04-13,[46450, 47750, 47910],71-75 Shelton Street London United Kingdom WC2H 9JQ
HAWKSMOOR MORTGAGE FUNDING 2026 HOLDINGS LIMITED,17154020,active,ltd,,,2026-04-13,,2026-04-13,[64999],10th Floor 5 Churchill Place London United Kingdom E14 5HU
N THREE SLEEP LTD,17154251,active,ltd,,,2026-04-13,,2026-04-13,[20420, 46450, 47910],Flat 4, 9 D'Arbaly Street London United Kingdom W1F 8DR
DREAMWINCLUB LTD,17154499,active,ltd,,,2026-04-13,,2026-04-13,[47910, 63990, 82990, 93290],71-75 Shelton Street London United Kingdom WC2H 9JQ
BLUE QUERCUS PARTNERS LTD,17154708,active,ltd,,,2026-04-13,,2026-04-13,[64999],22 Barmouth Road London England SW18 2DN
LWW PROPERTIES LIMITED,17154718,active,ltd,,,2026-04-13,,2026-04-13,[68209],Flat 1 Criterium House London England E20 1NY
ECONOMIC PLANNING SERVICES LTD,17154805,active,ltd,,,2026-04-13,,2026-04-13,[74909],Suite Ra01, 195-197 Wood Street London United Kingdom E17 3NU
SHAREKTE458 LTD,17154812,active,ltd,,,2026-04-13,,2026-04-13,[46900],275 New N Rd #3110 London United Kingdom N1 7AA
KARAMCI TECHNOLOGIES LTD,17154966,active,ltd,,,2026-04-13,,2026-04-13,[62012, 62020, 63120],71-75 Shelton Street London United Kingdom WC2H 9JQ
NOVA RESEARCH SUPPLIES LTD,17154974,active,ltd,,,2026-04-13,,2026-04-13,[46180],71-75 Shelton Street London United Kingdom WC2H 9JQ
MYCONET LTD,17154981,active,ltd,,,2026-04-13,,2026-04-13,[62012],71-75 Shelton Street London United Kingdom WC2H 9JQ
WALKIES DOG FIELDS READING NORTH LIMITED,17155164,active,ltd,,,2026-04-13,,2026-04-13,[99999],7 Lord Roberts Mews London England SW6 2DW
GLOBAL PATHWAYS FOR H-EDUCATION LTD,17155206,active,ltd,,,2026-04-13,,2026-04-13,[70229, 82302, 85590, 85600],20 Wenlock Road London England N1 7GU
MBS COUNSELLING AND WELLBEING LIMITED,17140213,active,ltd,,,2026-04-07,,2026-04-07,[86900],Rear Of 4th Floor London England W1W 8RP
SERIOUS JOY LTD,17155800,active,ltd,,,2026-04-14,,2026-04-14,[70229],20 Wenlock Road London England N1 7GU
TRUENORTH SUPPLY LTD,17155795,active,ltd,,,2026-04-14,,2026-04-14,[47910],Office 17864 182-184 High Street North London United Kingdom E6 2JA
TTOK LTD,17155796,active,ltd,,,2026-04-14,,2026-04-14,[47910],Office 17941 182-184 High Street North London United Kingdom E6 2JA
ZENVIAA LTD,17155806,active,ltd,,,2026-04-14,,2026-04-14,[47910],Office 17493 182-184 High Street North London United Kingdom E6 2JA
WHITEWAVE HOSPITALITY LIMITED,17155803,active,ltd,,,2026-04-14,,2026-04-14,[70229],4th Floor 4 Tabernacle Street London United Kingdom EC2A 4LU
SENNUR LTD,17155852,active,ltd,,,2026-04-14,,2026-04-14,[47510, 47530, 47910],24-26 Arcadia Avenue, Fin009 London United Kingdom N3 2JU
NORTHVIEW PROPERTIES LTD,17155848,active,ltd,,,2026-04-14,,2026-04-14,[68100],212 Romford Road London England E7 9HY
LUXURYCLOSET2000 LTD,17155863,active,ltd,,,2026-04-14,,2026-04-14,[47910],71-75 Shelton Street London United Kingdom WC2H 9JQ
EMPORIAX LTD,17155861,active,ltd,,,2026-04-14,,2026-04-14,[47910],6a Aldermans Hill London England N13 4PJ
AURELIAN STONE & CO LTD,17156010,active,ltd,,,2026-04-14,,2026-04-14,[64209],Suite 2 10 Abbey Parade London United Kingdom SW19 1DG
AVEN SYSTEMS LTD,17156019,active,ltd,,,2026-04-14,,2026-04-14,[62012],128 City Road London United Kingdom EC1V 2NX
INVESTMENTS SERVED LTD,17156018,active,ltd,,,2026-04-14,,2026-04-14,[82990, 94110],Regents Park Nantwich England CW5 6LW
LCGS LAW LTD,17156011,active,ltd,,,2026-04-14,,2026-04-14,[69109],71-75 Shelton Street London United Kingdom WC2H 9JQ
RELLAB TECH LTD,17156224,active,ltd,,,2026-04-14,,2026-04-14,[62011, 62012, 62090, 63120],Apartment 303 Bentinck House 34 Monck Street London England SW1P 2BF
ZAVI GLOBAL HUB PVT LTD,17156213,active,ltd,,,2026-04-14,,2026-04-14,[47910, 47990],Second Floorflat 9, 28, Studio Court Tottenham London United Kingdom N15 4EG
SHINY PRO CLEANING PLUS LTD,17156516,active,ltd,,,2026-04-14,,2026-04-14,[81222],Flat 27, 24 Mahindra Way London United Kingdom E6 5AR
MAMABRITANNIA LTD,17156492,active,ltd,,,2026-04-14,,2026-04-14,[47910],71-75 Shelton Street London United Kingdom WC2H 9JQ
MSQUASHPRO LTD,17156608,active,ltd,,,2026-04-14,,2026-04-14,[46499, 47640, 47910, 85510],Flat 32 Danescroft Brent Street London England NW4 2QH
SFERAVIOLA LTD,17156614,active,ltd,,,2026-04-14,,2026-04-14,[47190, 47510, 47710, 47722],66 Paul Street London England EC2A 4NA
TINNED FISH WORLD LTD,17156825,active,ltd,,,2026-04-14,,2026-04-14,[46380, 47910],4, Christchurch House London United Kingdom NW5 2DY
RAINBOW UK NEWCO LIMITED,17156831,active,ltd,,,2026-04-14,,2026-04-14,[64209],Duo, Level 6 London United Kingdom EC2M 4RB
RADIANT ARC LTD,17156954,active,ltd,,,2026-04-14,,2026-04-14,[73110],71-75 Shelton Street London United Kingdom WC2H 9JQ
SDAWISH LTD,17156955,active,ltd,,,2026-04-14,,2026-04-14,[47910],71-75 Shelton Street London United Kingdom WC2H 9JQ
HISTORIC BUILDING CLEANING LIMITED,17156961,active,ltd,,,2026-04-14,,2026-04-14,[43999],71-75 Shelton Street London United Kingdom WC2H 9JQ
BLACK OPAL SOLUTIONS LTD,17156967,active,ltd,,,2026-04-14,,2026-04-14,[62020, 62090, 63110, 63120],71-75 Shelton Street London United Kingdom WC2H 9JQ
GRIFFIN SAFETY LTD,17157076,active,ltd,,,2026-04-14,,2026-04-14,[70229, 71200, 82990],Seymour Chambers Liverpool United Kingdom L3 5NW
STAMPED FEATURES LTD,17157080,active,ltd,,,2026-04-14,,2026-04-14,[62012, 63120],40 Charles Street London England W1J 5EF
KIYO DATA AND AI CONSULTING LTD,17157081,active,ltd,,,2026-04-14,,2026-04-14,[62020],124-128 City Road London England EC1V 2NX
HYPERFOCUS HOLDINGS LTD,17157246,active,ltd,,,2026-04-14,,2026-04-14,[64209, 68209],205 Lavender Hill London England SW11 5TB
GUJA GLOBAL SERVICES LTD,17146557,active,ltd,,,2026-04-09,,2026-04-09,[85600],58-59 Hyde Park Gate London England SW7 5ED
ELITE ECOM HUB LTD,17157231,active,ltd,,,2026-04-14,,2026-04-14,[46900, 47910],24-26 Arcadia Avenue, Fin009 London United Kingdom N3 2JU
CUFFS & COLLARS LTD,17157237,active,ltd,,,2026-04-14,,2026-04-14,[47710],71-75 Shelton Street London United Kingdom WC2H 9JQ
ELEANOR KITCHEN LTD,17157253,active,ltd,,,2026-04-14,,2026-04-14,[56290],21a Sherriff Road London United Kingdom NW6 2AS
MARIANNE DA COSTA THERAPY LIMITED,17157256,active,ltd,,,2026-04-14,,2026-04-14,[96040],Flat 84 Horseley Court London England E1 4RX
CARLTON WORKSPACE LTD,17157518,active,ltd,,,2026-04-14,,2026-04-14,[82110],Suite 5 315 Regents Park Road London United Kingdom N3 1DP
PC DRAINAGE SYSTEMS LTD,17157691,active,ltd,,,2026-04-14,,2026-04-14,[37000, 39000],33 Bengarth Road Northolt England UB5 5LG
KRATOSYN LIMITED,17157687,active,ltd,,,2026-04-14,,2026-04-14,[70229, 78109, 78300, 82990],71-75 Shelton Street London United Kingdom WC2H 9JQ
MAVNIX PROPERTIES LTD,17157688,active,ltd,,,2026-04-14,,2026-04-14,[68209],128 City Road London United Kingdom EC1V 2NX
WESTPORT LIVING LTD,17157695,active,ltd,,,2026-04-14,,2026-04-14,[68100, 68209],23 Mortimer Road London United Kingdom W13 8NG
LUNA AGENCY LTD,17157789,active,ltd,,,2026-04-14,,2026-04-14,[58190, 59112, 59120],128 City Road London United Kingdom EC1V 2NX
HAYSTACK TECHNOLOGY LTD,17157792,active,ltd,,,2026-04-14,,2026-04-14,[58290],66 Paul Street London United Kingdom EC2A 4NA
ELEVATE PROPERTY SUPPORT LIMITED,17158221,active,ltd,,,2026-04-14,,2026-04-14,[81210],Flat A London England SE5 9JJ
ALMAR OCEANUS LTD,17133281,active,ltd,,,2026-04-02,,2026-04-02,[52290],66 Paul Street London England EC2A 4NA
NEXUS CENTRAL HOLDINGS LTD,17172060,active,ltd,,,2026-04-21,,2026-04-21,[68100, 68209],43 Upton Lane London England E7 9PA
WHITEGATE ESTATES LTD,17172033,active,ltd,,,2026-04-21,,2026-04-21,[68100],Unit A Westcliff-On-Sea England SS0 9PE
SHEPHERDS CONSULTANTS LIMITED,17172048,active,ltd,,,2026-04-21,,2026-04-21,[68310, 68320, 70229],71-75 Shelton Street London United Kingdom WC2H 9JQ
ZAK ACCOUNTING & TAX LTD,17172055,active,ltd,,,2026-04-21,,2026-04-21,[69201, 69202, 69203],71-75 Shelton Street London United Kingdom WC2H 9JQ
EVENTURUS ASIA LTD,17172044,active,ltd,,,2026-04-21,,2026-04-21,[79110],71-75 Shelton Street London United Kingdom WC2H 9JQ
FOX-LEWIS LTD,17172094,active,ltd,,,2026-04-21,,2026-04-21,[73110],66 Paul Street London United Kingdom EC2A 4NA
JASE DIGITAL LTD,17172093,active,ltd,,,2026-04-21,,2026-04-21,[62012, 62020],66 Paul Street London United Kingdom EC2A 4NA
DEN34 LTD,17172135,active,ltd,,,2026-04-21,,2026-04-21,[62012],80-83 Long Lane London United Kingdom EC1A 9ET
MOMENTINI LTD,17172231,active,ltd,,,2026-04-21,,2026-04-21,[47910],20 Wenlock Road London United Kingdom N1 7GU
CUBIBOOKS LTD,17172238,active,ltd,,,2026-04-21,,2026-04-21,[69202],4 St. Kilda's Road London England N16 5BP
HORSLEY PROPERTY MANAGEMENT LTD,17172234,active,ltd,,,2026-04-21,,2026-04-21,[68209],76 Raleigh Road London England N8 0JA
SPARROWHAWK GROUP LTD,17172267,active,ltd,,,2026-04-21,,2026-04-21,[45200],Arch 15 Munster Rd London, United Kingdom SW6 4RY
D14 SPORTS LTD,17172264,active,ltd,,,2026-04-21,,2026-04-21,[58290, 62020, 62090],128 City Road London United Kingdom EC1V 2NX
OTTER PLUMBING LTD,17172271,active,ltd,,,2026-04-21,,2026-04-21,[43220],71-75 Shelton Street London United Kingdom WC2H 9JQ
ELITE VASE STUDIO LTD,17172320,active,ltd,,,2026-04-21,,2026-04-21,[46499, 47789],16 Raeburn Road Edgware England HA8 5TP
MYTHRIX LTD,17153103,active,ltd,,,2026-04-13,,2026-04-13,[74909],16 Beaufort Court Admirals Way Canary Wharf England E14 9XL
UR MARV HOLDINGS LIMITED,17172467,active,ltd,,,2026-04-21,,2026-04-21,[64209],11 Portland Mews London England W1F 8JL
SPEEDBRICKARTISAN LTD,17172514,active,ltd,,,2026-04-21,,2026-04-21,[47910],No.220 182-184 High Street North East Ham London United Kingdom E6 2JA
AES MANAGEMENT CONSULTING LTD,17172558,active,ltd,,,2026-04-21,,2026-04-21,[62030, 69201, 70229],29 Montcalm Road London United Kingdom SE7 8QG
RENOVASTRA LTD,17172545,active,ltd,,,2026-04-21,,2026-04-21,[68100, 68209, 68320],1a Falmer Court Uckfield United Kingdom TN22 1HN
ANAPTY DELTA LTD,17172549,active,ltd,,,2026-04-21,,2026-04-21,[62020, 70210, 70229, 73110],71-75 Shelton Street London United Kingdom WC2H 9JQ
BE KIND LIVING LTD,17172552,active,ltd,,,2026-04-21,,2026-04-21,[55900],244 Fore Street London United Kingdom N18 2QD
DDE HABEAS CORPUS FILM LTD,17172623,active,ltd,,,2026-04-21,,2026-04-21,[90010],71-75 Shelton Street London United Kingdom WC2H 9JQ
HAYDONS ROAD COMPANY LTD,17172624,active,ltd,,,2026-04-21,,2026-04-21,[68100],Haydons Road Dental Practice Ltd London United Kingdom SW19 1AW
MARCUS AURELIUS CAPITAL. LTD,17172671,active,ltd,,,2026-04-21,,2026-04-21,[62020, 64209, 70229],3rd Floor 207 Regent Street London Greater London United Kingdom W1B 3HH
ALEPH KLEANERZ LIMITED,17172684,active,ltd,,,2026-04-21,,2026-04-21,[81210],80 Shelbourne Road London England N17 9XY
BREATHE WITH KELLY LTD,17172687,active,ltd,,,2026-04-21,,2026-04-21,[96040, 96090],71-75 Shelton Street London United Kingdom WC2H 9JQ
HUMANITY.50 LTD,17172689,active,ltd,,,2026-04-21,,2026-04-21,[73120],Unit 14 Princeton Mews Kingston Upon Thames England KT2 6PT
CRESTOCODE LIMITED,17172721,active,ltd,,,2026-04-21,,2026-04-21,[62012, 62020, 62090],14 Cantley Gardens London England SE19 2SD
PURPLE ENTERTAINMENT LTD,17172713,active,ltd,,,2026-04-21,,2026-04-21,[63110],128 City Road London United Kingdom EC1V 2NX
IKAR LONDON LIMITED,17172750,active,ltd,,,2026-04-21,,2026-04-21,[68100, 68209],552 Romford Road London England E12 5AF
SFG SYSTEMS LTD,17172759,active,ltd,,,2026-04-21,,2026-04-21,[64209, 70100, 70229, 82990],128 City Road London United Kingdom EC1V 2NX
PUMA RESOURCING LIMITED,17172792,active,ltd,,,2026-04-21,,2026-04-21,[78109],71-75 Shelton Street London United Kingdom WC2H 9JQ
RJF MART LTD,17172822,active,ltd,,,2026-04-21,,2026-04-21,[47990],Office 18656 182-184 High Street North London United Kingdom E6 2JA
SASHTIKA FOOD LIMITED,17172820,active,ltd,,,2026-04-21,,2026-04-21,[56103, 56290],43 Anerley Road London England SE19 2AS
MXB HIRE LTD,17172821,active,ltd,,,2026-04-21,,2026-04-21,[45112],66 Paul Street London United Kingdom EC2A 4NA
SRF SHOPFITTING LTD,17172836,active,ltd,,,2026-04-21,,2026-04-21,[43290],66 Paul Street London United Kingdom EC2A 4NA
HORDER HOLDINGS LIMITED,17172850,active,ltd,,,2026-04-21,,2026-04-21,[64209],1 Lyric Square London England W6 0NB
KODDUS PROPERTIES LTD,17172900,active,ltd,,,2026-04-21,,2026-04-21,[68100, 68209, 68310],24 Church Crescent London United Kingdom E9 7DH
SMART HOMES LETTING LTD,17172896,active,ltd,,,2026-04-21,,2026-04-21,[68209],130 Old Oak Road London United Kingdom W3 7HF
YASAMIN CLINIC LTD,17172901,active,ltd,,,2026-04-21,,2026-04-21,[96020],220 Edgware Road London England W2 1DH
NOVA WELLNESS GROUP LTD,17172937,active,ltd,,,2026-04-21,,2026-04-21,[96040],4th Floor, Silverstream House 45 Fitzroy Street, London United Kingdom W1T 6EB
WELLSERVE DIGITAL LTD,17172951,active,ltd,,,2026-04-21,,2026-04-21,[58290, 62012],71-75 Shelton Street London United Kingdom WC2H 9JQ
PERFORMANCE COACHING GROUP LIMITED,17172952,active,ltd,,,2026-04-21,,2026-04-21,[93199],3rd Floor, 86-90 Paul Street London United Kingdom EC2A 4NE
VERTEC GLOBAL LTD,17172958,active,ltd,,,2026-04-21,,2026-04-21,[70229, 85590, 85600],71-75 Shelton Street London United Kingdom WC2H 9JQ
FTAI AIRCRAFT LEASING UK II (2025) LTD,17173006,active,ltd,,,2026-04-21,,2026-04-21,[77351],C/O Wilmington Trust Sp Services (London) Limited Third Floor London United Kingdom EC2R 7AF
ULTIMATE (COMMERCIAL INTERIORS) PEOPLE LIMITED,17173050,active,ltd,,,2026-04-21,,2026-04-21,[78200],19 Honiton Gardens London England NW7 1GF
MONKHOUSE & PARTNERS LTD,17173084,active,ltd,,,2026-04-21,,2026-04-21,[62012, 62020, 70229, 74909],44 Queens Gardens London England W2 3AA
CORVUS SUPPLY LIMITED,17173115,active,ltd,,,2026-04-21,,2026-04-21,[47910],167-169 Great Portland Street London United Kingdom W1W 5PF
HARROWHUB LTD,17173133,active,ltd,,,2026-04-21,,2026-04-21,[47910, 62090],56 Fleetwood Road London United Kingdom NW10 1NL
JIGSAW DULWICH LTD,17172073,active,ltd,,,2026-04-21,,2026-04-21,[85510],77 Midmoor Road London England SW12 0ES
EVRGRN LTD,17172086,active,ltd,,,2026-04-21,,2026-04-21,[62011],15a Dickens Street London England SW8 3ES
WALKIES DOG FIELDS SLOUGH LIMITED,17172085,active,ltd,,,2026-04-21,,2026-04-21,[99999],7 Lord Roberts Mews London England SW6 2DW
OFFROADBAR LTD,17172081,active,ltd,,,2026-04-21,,2026-04-21,[56210, 77390],66 Paul Street London United Kingdom EC2A 4NA
5 STAR DOG WALKS LIMITED,17172114,active,ltd,,,2026-04-21,,2026-04-21,[96090],Flat 8 Meads Court London England E15 4LB
EMERALD AUTO LIMITED,17172129,active,ltd,,,2026-04-21,,2026-04-21,[45310, 77110, 79909],128 City Road London United Kingdom EC1V 2NX
APPMIND DIGITAL LTD,17172125,active,ltd,,,2026-04-21,,2026-04-21,[62020],Suite 10757 5 Brayford Square London United Kingdom E1 0SG
AXORA MARKETING LTD,17172126,active,ltd,,,2026-04-21,,2026-04-21,[73110, 73120],20 Wenlock Road London United Kingdom N1 7GU
ZENVY STYLE LIMITED,17172156,active,ltd,,,2026-04-21,,2026-04-21,[47650],Unit B100 4-6 Greatorex Street London United Kingdom E1 5NF
B & T SPARES LTD,17172160,active,ltd,,,2026-04-21,,2026-04-21,[45310],1007 London Road Leigh-On-Sea England SS9 3JY
TRISKEL BALANCE LTD,17172174,active,ltd,,,2026-04-21,,2026-04-21,[86900],341 Garratt Lane London England SW18 4DX
UNDER ONE TRADE LTD,17172184,active,ltd,,,2026-04-21,,2026-04-21,[43390, 68320],107 George Lane London England E18 1AN
IRONWOOD LANDSCAPING LTD,17172175,active,ltd,,,2026-04-21,,2026-04-21,[81300],10-16 Tiller Road London England E14 8PX
EMMA ENTERTAINMENT & MEDIA LTD,17172196,active,ltd,,,2026-04-21,,2026-04-21,[59112, 59113, 90020, 90030],71-75 Shelton Street London United Kingdom WC2H 9JQ
DS REIDS BUILDINGS SUB LTD,17172198,active,ltd,,,2026-04-21,,2026-04-21,[68100, 68209],45 Stamford Hill London England N16 5SR
TRIFECTA WEALTH LTD,17172243,active,ltd,,,2026-04-21,,2026-04-21,[66190],33 Cannon Street London United Kingdom EC4M 5SB
REDDOWNN ROAD LIMITED,17172240,active,ltd,,,2026-04-21,,2026-04-21,[98000],Office 102 New Cavendish Street London England W1W 6XX
YOP SALES LIMITED,17172249,active,ltd,,,2026-04-21,,2026-04-21,[96090],14 Burley Road London England E16 3JU
TALKING LOUD PROJECTS LTD,17172251,active,ltd,,,2026-04-21,,2026-04-21,[70229],71-75 Shelton Street London England WC2H 9JQ
HT BUILDERS LTD,17141334,active,ltd,,,2026-04-07,,2026-04-07,[41202],Flat 5 Blay Apartments London United Kingdom SW20 9AY
AMJJ HOLDINGS LIMITED,17172328,active,ltd,,,2026-04-21,,2026-04-21,[64209],39a Minerva Road London England NW10 6HJ
OUTSIDE IN UK HOLDINGS LTD,17172330,active,ltd,,,2026-04-21,,2026-04-21,[47750],C/O Tmf Group 13th Floor London United Kingdom EC2R 7HJ
SIGNETQA LTD,17172341,active,ltd,,,2026-04-21,,2026-04-21,[62012, 63110, 70229, 74909],71-75 Shelton Street London United Kingdom WC2H 9JQ
HESIAN LANE LIMITED,17172373,active,ltd,,,2026-04-21,,2026-04-21,[64301],4 Wardour Mews London England W1F 8AJ
BEYOND ALL MEASURES LTD,17172361,active,ltd,,,2026-04-21,,2026-04-21,[88910],28 Flat London United Kingdom E15 4BQ
THE GODLEY GROUP LTD,17172403,active,ltd,,,2026-04-21,,2026-04-21,[70229],71-75 Shelton Street London United Kingdom WC2H 9JQ
OPEREON SYSTEMS LTD,17172406,active,ltd,,,2026-04-21,,2026-04-21,[62012, 62020, 63110, 86900],167 - 169 Great Portland Street London England W1W 5PF
ELICITRA LTD,17172531,active,ltd,,,2026-04-21,,2026-04-21,[62012],167 - 169 Great Portland Street London England W1W 5PF
DRINK RESIDENCY LTD,17172529,active,ltd,,,2026-04-21,,2026-04-21,[11070],Flat 2 40 Carlton Drive London United Kingdom SW15 2DG
WORTH KNOWING THAT LTD,17172660,active,ltd,,,2026-04-21,,2026-04-21,[96090],Suite Ra01 195-197 Wood Street London United Kingdom E17 3NU
GENPLAY LTD,17172685,active,ltd,,,2026-04-21,,2026-04-21,[62012, 62020],Unit 501 Leroy House London United Kingdom N1 3FY
ISLESHOP LIMITED,17135406,active,ltd,,,2026-04-02,,2026-04-02,[47910],Unit B104 4-6 Greatorex Street London England E1 5NF
MUNRO WORKS LIMITED,17172694,active,ltd,,,2026-04-21,,2026-04-21,[74209],Suite 5 315 Regents Park Road London United Kingdom N3 1DP
SPARKLY CARE LTD,17172732,active,ltd,,,2026-04-21,,2026-04-21,[81210, 81229],235 Regents Park Road London England N3 3LF
W.T. EVELYN GARDENS LIMITED,17172767,active,ltd,,,2026-04-21,,2026-04-21,[68209],215 Euston Rd London United Kingdom NW1 2BE
SOLIDCORE INTERIORS LTD,17172811,active,ltd,,,2026-04-21,,2026-04-21,[43290, 43390],9 Addison Avenue London England N14 4AL
UNMTC COLLEGE LTD,17172861,active,ltd,,,2026-04-21,,2026-04-21,[85422, 85590, 85600],10 Portal Way London England W3 6RT
ZALREAY LIMITED,17172859,active,ltd,,,2026-04-21,,2026-04-21,[47910, 70100, 70229, 82302],71-75 Shelton Street London United Kingdom WC2H 9JQ
META MARKETING LONDON LTD,17172868,active,ltd,,,2026-04-21,,2026-04-21,[73110],109a Chiswick High Road London England W4 2ED
CS HGV & WASTE LTD,17172917,active,ltd,,,2026-04-21,,2026-04-21,[36000],66 Paul Street London United Kingdom EC2A 4NA
MF FREEHOLD INVESTMENTS LTD,17172929,active,ltd,,,2026-04-21,,2026-04-21,[68100],Garment Building London United Kingdom W4 1RX
GYM LEASE MANAGEMENT LTD,17172933,active,ltd,,,2026-04-21,,2026-04-21,[68209, 68320],2 Helena Road London England E17 7PY
ASTRAWAVE 5 LIMITED,17172926,active,ltd,,,2026-04-21,,2026-04-21,[68209],38 Lombard Street London England EC3V 9BS
AF CROWN REAL ESTATE LTD,17172972,active,ltd,,,2026-04-21,,2026-04-21,[68100, 68209],23 Hessel Street London England E1 2LR
BGL LONDON LIMITED,17173061,active,ltd,,,2026-04-21,,2026-04-21,[64303],135 Taybridge Road London England SW11 5PY
HYI MAISON LTD,17173074,active,ltd,,,2026-04-21,,2026-04-21,[43330],66 Paul Street London United Kingdom EC2A 4NA
NRMS WOODWORK SERVICES LIMITED,17173073,active,ltd,,,2026-04-21,,2026-04-21,[43999],77 Wigston Road London England E13 8QN
JOURNEY WITH JONES LIMITED,17141215,active,ltd,,,2026-04-07,,2026-04-07,[86900],167-169 Great Portland Street London England W1W 5PF
EPAYME TECH DISTRIBUTION LTD,17173095,active,ltd,,,2026-04-21,,2026-04-21,[78300],5th Floor 167-169 Great Portland Street London United Kingdom W1W 5PF
M&S CARPETS & FURNITURE LTD,17173086,active,ltd,,,2026-04-21,,2026-04-21,[47530],237 Hoe Street London England E17 9PP
DE BEAUVOIR PHARMA LTD,17173150,active,ltd,,,2026-04-21,,2026-04-21,[47730],2 Wapping Wall London England E1W 3ST
LIXUS TRADING LIMITED,17144656,active,ltd,,,2026-04-08,,2026-04-08,[47910],Basement London England W10 6ET
URBANCOMMERCE LTD,17144662,active,ltd,,,2026-04-08,,2026-04-08,[47910],128 City Road London United Kingdom EC1V 2NX
AL SHAQRA DIGITAL ENTERPRISES LTD,17144837,active,ltd,,,2026-04-08,,2026-04-08,[47910],Office 18346 182-184 High Street North London United Kingdom E6 2JA
TITAN AM LTD,17144849,active,ltd,,,2026-04-08,,2026-04-08,[66300],71-75 Shelton Street London United Kingdom WC2H 9JQ
BUILT FOR PURPOSE LTD,17144851,active,ltd,,,2026-04-08,,2026-04-08,[47710, 47910, 85510],71-75 Shelton Street London United Kingdom WC2H 9JQ
TAYLLS LTD,17144841,active,ltd,,,2026-04-08,,2026-04-08,[62011, 62012, 63110],128 City Road London United Kingdom EC1V 2NX
ALIREESTORE LTD,17144986,active,ltd,,,2026-04-08,,2026-04-08,[47910],77 Lonsdale Avenue London United Kingdom E6 3JZ
PRO-ROOF LTD,17144989,active,ltd,,,2026-04-08,,2026-04-08,[41202],66 Paul Street London United Kingdom EC2A 4NA
CLOMOR TRADING LTD,17145123,active,ltd,,,2026-04-08,,2026-04-08,[46150, 46650, 47640],291241, Office Suite 29a, 3/F 23 Wharf Street London England SE8 3GG
ALSAN LEGAL LIMITED,17145133,active,ltd,,,2026-04-08,,2026-04-08,[69109],736a Barking Road London United Kingdom E13 9LB
BCHIOPU LTD,17145179,active,ltd,,,2026-04-09,,2026-04-09,[41202],2 Chesilton Road London England SW6 5AB
AESTHETICS BY KELLY LIMITED,17145436,active,ltd,,,2026-04-09,,2026-04-09,[96020],4 London Road Biggleswade England SG18 8EB
CHOSENMOTORS LTD,17145435,active,ltd,,,2026-04-09,,2026-04-09,[45112],Suite Ra01 195 - 197 Wood Street, London London United Kingdom E17 3NU
ENTERTAINMENT AC LTD,17145446,active,ltd,,,2026-04-09,,2026-04-09,[70210],Unit 8 Holles House London England SW9 7AP
INSIDER STAGING LTD,17145449,active,ltd,,,2026-04-09,,2026-04-09,[74100],13 Whites Row London England E1 7NF
FOREFLOW SOLUTIONS LTD,17145521,active,ltd,,,2026-04-09,,2026-04-09,[62090],167-169 Great Portland Street London England W1W 5PF
MJJ GROUP LTD,17145636,active,ltd,,,2026-04-09,,2026-04-09,[47910],71-75 Shelton Street London United Kingdom WC2H 9JQ
AP DULWICH LTD,17145793,active,ltd,,,2026-04-09,,2026-04-09,[93120],C/O Rayner Essex Llp Tavistock House South London England WC1H 9LG
GUARDEN LTD,17145798,active,ltd,,,2026-04-09,,2026-04-09,[62012, 63120, 78109, 80100],45, Silverstream House Fitzroy Street London United Kingdom W1T 6EB
SUDE YACHTING LIMITED,17145948,active,ltd,,,2026-04-09,,2026-04-09,[99999],Third Floor London England W1B 3HH
BEN BEST BUILDERS LTD,17145934,active,ltd,,,2026-04-09,,2026-04-09,[43390],Forest House Business Centre London England E11 1HT
ZDM 1 LIMITED,17146036,active,ltd,,,2026-04-09,,2026-04-09,[82990],2 London Wall Place London England EC2Y 5AU
GRO DEVELOPMENTS LIMITED,17146239,active,ltd,,,2026-04-09,,2026-04-09,[41100],Foresters Hall 25-27 Westow Street London England SE19 3RY
NAILA GLOBAL VENTURES LTD,17146220,active,ltd,,,2026-04-09,,2026-04-09,[47190, 47910, 47990, 82990],Office 295 Unit 5, 399-405 Oxford Street London United Kingdom W1C 2BU
UMAKIND LIMITED,17146223,active,ltd,,,2026-04-09,,2026-04-09,[82990],26 Ramsay Road London England E7 9EW
COACHED BY SHEZ LTD,17146222,active,ltd,,,2026-04-09,,2026-04-09,[93130],20 Wenlock Road London England N1 7GU
APEX ELITE PERFORMANCE CENTRE LTD,17146525,active,ltd,,,2026-04-09,,2026-04-09,[93110],175a Gladstone Avenue London United Kingdom N22 6LB
ONYX BIN VALET LIMITED,17146524,active,ltd,,,2026-04-09,,2026-04-09,[81222, 81299],128 City Road London United Kingdom EC1V 2NX
COOLEDGE SOLUTIONS LTD,17146532,active,ltd,,,2026-04-09,,2026-04-09,[46900, 81210],66 Paul Street London United Kingdom EC2A 4NA
MCD MOTORS LTD,17146755,active,ltd,,,2026-04-09,,2026-04-09,[45112],71-75 Shelton Street London United Kingdom WC2H 9JQ
ZENITH PS LIMITED,17146988,active,ltd,,,2026-04-09,,2026-04-09,[43290],Suite Ra01, 195-197 Wood Street London United Kingdom E17 3NU
INNOVA SOFTWARE SERVICES PRIVATE LIMITED,17146998,active,ltd,,,2026-04-09,,2026-04-09,[62012, 62020, 78109, 78200],71-75 Shelton Street London United Kingdom WC2H 9JQ
SUPPLY CHAIN AI PRO LTD,17147000,active,ltd,,,2026-04-09,,2026-04-09,[62090, 63990, 70229, 85590],71-75 Shelton Street London United Kingdom WC2H 9JQ
NORDEX AJ LTD,17142937,active,ltd,,,2026-04-08,,2026-04-08,[47910, 62012, 62090, 63120],566 Chiswick High Road London United Kingdom W4 5YA
AEON PROPERTY LETTINGS LIMITED,17146989,active,ltd,,,2026-04-09,,2026-04-09,[68209],4 A Roman Road London United Kingdom E6 3RX
VIRITIAS LIMITED,17146995,active,ltd,,,2026-04-09,,2026-04-09,[47910, 62012, 70229],71-75 Shelton Street London United Kingdom WC2H 9JQ
GALAXIA SPACE UK LTD,17147006,active,ltd,,,2026-04-09,,2026-04-09,[30300],10 John Street London United Kingdom WC1N 2EB
BLACKVAULT GROUP LTD,17147232,active,ltd,,,2026-04-09,,2026-04-09,[64205, 68100, 68209, 68310],71-75 Shelton Street London United Kingdom WC2H 9JQ
ANSH EARTH LTD,17147241,active,ltd,,,2026-04-09,,2026-04-09,[20420, 46450, 47750, 47910],71-75 Shelton Street London United Kingdom WC2H 9JQ
HOLBERTON SELECT PRIVATE OFFICE LTD,17147251,active,ltd,,,2026-04-09,,2026-04-09,[70221, 70229],71-75 Shelton Street London United Kingdom WC2H 9JQ
SATURNIA MANAGEMENT LTD,17147245,active,ltd,,,2026-04-09,,2026-04-09,[69201],1 Kilmarsh Road London England W6 0PL
FUTBOLPLUS LIMITED,17147296,active,ltd,,,2026-04-09,,2026-04-09,[79110],71 Queen Victoria Street London United Kingdom EC4V 4BE
HELMXR LTD,17147971,active,ltd,,,2026-04-10,,2026-04-10,[77390],11 Old Bond Street London England W1S 4PN
ULTRYXIS LTD,17148068,active,ltd,,,2026-04-10,,2026-04-10,[47910, 47990],167-169 Great Portland Street London England W1W 5PF
AUGMENTFIRST LTD,17148288,active,ltd,,,2026-04-10,,2026-04-10,[62020, 70229],128 City Road London United Kingdom EC1V 2NX
SURE CAPITAL RESOURCES LTD,17148306,active,ltd,,,2026-04-10,,2026-04-10,[70229],71-75 Shelton Street London United Kingdom WC2H 9JQ
SHAREKTE428 LTD,17148308,active,ltd,,,2026-04-10,,2026-04-10,[46900],275 New N Rd #3110 London United Kingdom N1 7AA
TENIPUPO LTD,17148303,active,ltd,,,2026-04-10,,2026-04-10,[68100, 68201],128 City Road London United Kingdom EC1V 2NX
OUTSIDEY LTD,17148298,active,ltd,,,2026-04-10,,2026-04-10,[62012, 63120],71-75 Shelton Street London United Kingdom WC2H 9JQ
MEJE CREATIVES LTD,17134881,active,ltd,,,2026-04-02,,2026-04-02,[73110],124 City Road City Road London England EC1V 2NX
QUAVIA LIMITED,17148787,active,ltd,,,2026-04-10,,2026-04-10,[47210],44 Broadway London England E15 1XH
AYOBET INTERNATIONAL TECHNOLOGY LTD.,17148793,active,ltd,,,2026-04-10,,2026-04-10,[47910, 47990],128 City Road London United Kingdom EC1V 2NX
RELAFOODS LTD,17148963,active,ltd,,,2026-04-10,,2026-04-10,[56103, 56210],71-75 Shelton Street London United Kingdom WC2H 9JQ
KINETIKA LTD,17148976,active,ltd,,,2026-04-10,,2026-04-10,[43999],71-75 Shelton Street London United Kingdom WC2H 9JQ
PIERS HICKIN HOLDINGS LIMITED,17148950,active,ltd,,,2026-04-10,,2026-04-10,[64209],9 Great Chesterford Court Great Chesterford United Kingdom CB10 1PF
CARGILL PROPERTY MANAGEMENT LTD,17149131,active,ltd,,,2026-04-10,,2026-04-10,[68209],20 Wenlock Road London England N1 7GU
LIGHTHOUSE 2026 LIMITED,17149308,active,ltd,,,2026-04-10,,2026-04-10,[46900],Third Floor London England EC4A 1AN
TIMBAJAL PROPERTIES LIMITED,17149304,active,ltd,,,2026-04-10,,2026-04-10,[68209, 82990],122 Victoria Way London England SE7 7FN
DIAMOND TOUCH CLEAN LIMITED,17149294,active,ltd,,,2026-04-10,,2026-04-10,[41201, 81210, 81299],138a Winchester Road London England N9 9EF
IST GLOBAL CONSULTANCY AND IT LTD,17149474,active,ltd,,,2026-04-10,,2026-04-10,[62020, 62090, 63990],17 Green Lanes London England N16 9BS
LOWER CROFT MEWS MANAGEMENT COMPANY LIMITED,17149473,active,ltd,,,2026-04-10,,2026-04-10,[68320],26 Monkville Avenue London England NW11 0AH
YINORA UK LTD,17149592,active,ltd,,,2026-04-10,,2026-04-10,[47591, 85520, 90010],Flat 10 Oaklands House 59-65 Belsize Road London England NW6 4BE
CRITH LTD,17149768,active,ltd,,,2026-04-10,,2026-04-10,[62012, 62090],71-75 Shelton Street London United Kingdom WC2H 9JQ
CROWNPOINT PROPERTY MANAGEMENT LTD,17149771,active,ltd,,,2026-04-10,,2026-04-10,[68320],128 City Road London United Kingdom EC1V 2NX
JDB STONE LTD,17150087,active,ltd,,,2026-04-10,,2026-04-10,[23700],Flat 17 Skua Court London England SE8 5NG
MILESTONE PROJECT MANAGEMENT SERVICES LTD,17150268,active,ltd,,,2026-04-10,,2026-04-10,[74909],14 Floral Street London United Kingdom WC2E 9DH
SIKTH LTD,17150533,active,ltd,,,2026-04-10,,2026-04-10,[18201],86-90 Paul Street London United Kingdom EC2A 4NE
VERMZ LTD,17138244,active,ltd,,,2026-04-06,,2026-04-06,[64999],66 Paul Street London England EC2A 4NA
NEW CHANGES GROUP LIMITED,17150592,active,ltd,,,2026-04-11,,2026-04-11,[47910, 90020, 90030, 93290],167-169 Great Portland Street London United Kingdom W1W 5PF
IMPACT ADVERTISING LIMITED,17150591,active,ltd,,,2026-04-11,,2026-04-11,[62090, 73110, 82990],128 City Road London United Kingdom EC1V 2NX
SAPPHIRE CINEMA LIMITED,17150620,active,ltd,,,2026-04-11,,2026-04-11,[59111],167-169 Great Portland Street London England W1W 5PF
ADVERTAZ LTD,17150609,active,ltd,,,2026-04-11,,2026-04-11,[58290, 62012, 62090],151a London Road Sheffield United Kingdom S2 4LH
ZERO2ONE LABS LTD,17150619,active,ltd,,,2026-04-11,,2026-04-11,[62020],128 City Road London United Kingdom EC1V 2NX
FINIK LABS LIMITED,17150759,active,ltd,,,2026-04-11,,2026-04-11,[62012],Suite 1 46 Dorset Street London England W1U 7NB
MIDSUMMER ROYSTON LIMITED,17150757,active,ltd,,,2026-04-11,,2026-04-11,[64209],195 Wandsworth High Street London England SW18 4JE
MALLOEDGE LIMITED,17151027,active,ltd,,,2026-04-11,,2026-04-11,[62012],71-75 Shelton Street London United Kingdom WC2H 9JQ
PIETROO TRANS LTD,17151041,active,ltd,,,2026-04-11,,2026-04-11,[49410],167 - 169 Great Portland Street London England W1W 5PF
NASSEM LTD,17151183,active,ltd,,,2026-04-11,,2026-04-11,[62020],128 City Road London United Kingdom EC1V 2NX
NEXUS GLOBAL MANAGED SERVICES LTD,17151163,active,ltd,,,2026-04-11,,2026-04-11,[62090],Office 18171 182-184 High Street North East Ham United Kingdom E6 2JA
D AND P  TRADING 1987 LTD,17151379,active,ltd,,,2026-04-11,,2026-04-11,[68320],128 City Road London United Kingdom EC1V 2NX
VOWVEX LIMITED,17151359,active,ltd,,,2026-04-11,,2026-04-11,[62012, 62020, 63110],71-75 Shelton Street London United Kingdom WC2H 9JQ
SKINHORIZON AESTHETICS LTD,17151364,active,ltd,,,2026-04-11,,2026-04-11,[47990],4 Clarendon Terrace London England W9 1BZ
STREAM SOFT SOLUTION LTD,17151393,active,ltd,,,2026-04-11,,2026-04-11,[46450, 47910, 62020, 74909],128 City Road London United Kingdom EC1V 2NX
GLOBAL HORIZON IMPORT (UK) LIMITED,17151395,active,ltd,,,2026-04-11,,2026-04-11,[47910],26 Parkside Apartments Cascade Way London England W12 7RD
VIRTUONIC LABS LTD,17151366,active,ltd,,,2026-04-11,,2026-04-11,[62090],128 City Road London United Kingdom EC1V 2NX
KORII LTD,17151612,active,ltd,,,2026-04-11,,2026-04-11,[47910],71-75 Shelton Street London United Kingdom WC2H 9JQ
AKANBI ADVISORY LIMITED,17151608,active,ltd,,,2026-04-11,,2026-04-11,[69201, 69203],Suite Ra01 195-197 Wood Street London United Kingdom E17 3NU
BILVANTIS TECHNOLOGIES LTD,17151631,active,ltd,,,2026-04-11,,2026-04-11,[62012, 62020, 63110, 63990],Dns House Harrow United Kingdom HA3 8DP
INTELLI-GEM LTD,17151636,active,ltd,,,2026-04-11,,2026-04-11,[70229],20 Wenlock Road London England N1 7GU
KESTRO DIGITAL LTD,17151640,active,ltd,,,2026-04-11,,2026-04-11,[62020],4th Floor Office London England W1B 4HB
GKRD MANUFACTURING LTD,17151649,active,ltd,,,2026-04-11,,2026-04-11,[13923, 14120, 15200, 32990],27 Old Gloucester Street London United Kingdom WC1N 3AX
VENUEGUARD LTD,17151968,active,ltd,,,2026-04-11,,2026-04-11,[80100],Flat 22, Shere House London United Kingdom SE1 4YQ
BOOKY WOOKY BOOKSHOP LTD,17152128,active,ltd,,,2026-04-11,,2026-04-11,[47610],66 Paul Street London United Kingdom EC2A 4NA
REALNIE PATSANU LIMITED,17152216,active,ltd,,,2026-04-11,,2026-04-11,[47910],60 Cheneys Road London England E11 3LN
MOTO BY MOTO LTD,17152353,active,ltd,,,2026-04-12,,2026-04-12,[46420, 47710, 47910, 74100],15 Jersey Court Dairy Close London England SW6 4HB
REVISIONARY LIMITED,17152360,active,ltd,,,2026-04-12,,2026-04-12,[85310],66 Paul Street London United Kingdom EC2A 4NA
AMINEX TRAVELS & TOURS LIMITED,17152367,active,ltd,,,2026-04-12,,2026-04-12,[79110],124-128 City Road London England EC1V 2NX
SG & GK LTD,17152436,active,ltd,,,2026-04-12,,2026-04-12,[82990],Apartment 34 Westgate Apartments London England E16 1BJ
LCBM CAPITAL & SUPPLIES LIMITED,17152741,active,ltd,,,2026-04-13,,2026-04-13,[46900, 47910, 73110, 77400],9 Chapel Place London England EC2A 3DQ
SUNVESA LIMITED,17152731,active,ltd,,,2026-04-13,,2026-04-13,[47910],71-75 Shelton Street London United Kingdom WC2H 9JQ
ZT PROPERTY MANAGEMENT LTD,17152916,active,ltd,,,2026-04-13,,2026-04-13,[68310, 68320],79 Ambergate Street London England SE17 3RZ
GPS CONSULTANTS LTD,17153051,active,ltd,,,2026-04-13,,2026-04-13,[70221],20 Wenlock Road London England N1 7GU
AZM PRO LTD,17153068,active,ltd,,,2026-04-13,,2026-04-13,[47990],Office 18430 182-184 High Street North London United Kingdom E6 2JA
MAISON RICO LTD,17153070,active,ltd,,,2026-04-13,,2026-04-13,[32990, 46450, 47910],71-75 Shelton Street London United Kingdom WC2H 9JQ
AARYAS HORIZON LTD,17153081,active,ltd,,,2026-04-13,,2026-04-13,[56103],Unit 116, The Light Bulb Wandsworth United Kingdom SW18 4GQ
KSGS DISTRIBUTION LTD,17153075,active,ltd,,,2026-04-13,,2026-04-13,[47910],66 Paul Street London United Kingdom EC2A 4NA
LUMEA PROPERTY LTD,17153058,active,ltd,,,2026-04-13,,2026-04-13,[68209],111 Charterhouse Street London England EC1M 6AW
THE PEOPLE’S SECURITY WATCH LTD,17153053,active,ltd,,,2026-04-13,,2026-04-13,[80100],4-6 Greatorex Street London England E1 5NF
KIR PRO UK LTD,17153376,active,ltd,,,2026-04-13,,2026-04-13,[41201, 41202, 43999],133 Park Avenue London England E6 2PN
ALGARVE EVENTS LIMITED,17153360,active,ltd,,,2026-04-13,,2026-04-13,[56210],71-75 Shelton Street London United Kingdom WC2H 9JQ
NEFELIBATA LIMITED,17153608,active,ltd,,,2026-04-13,,2026-04-13,[47910],292235, Office Suite 29a, 3/F 23 Wharf Street London England SE8 3GG
AMAYA MENSWEAR LTD,17153606,active,ltd,,,2026-04-13,,2026-04-13,[47710],16 Kennard Road London United Kingdom N11 3JL
MUG AND BEAN LTD,17153611,active,ltd,,,2026-04-13,,2026-04-13,[47910, 47990],Office 18381 182-184 High Street North East Ham London England E6 2JA
THIS FRIDAY STUDIOS LTD,17153596,active,ltd,,,2026-04-13,,2026-04-13,[47910],2 Harting Road London United Kingdom SE9 4JR
MECJO HEALTH LIMITED,17153599,active,ltd,,,2026-04-13,,2026-04-13,[47749, 86210, 86220, 86900],49 Fryent Grove London England NW9 7HE
BUNON LTD,17153600,active,ltd,,,2026-04-13,,2026-04-13,[88990],31 Crescent Road London United Kingdom E6 1EB
INTQRA LTD,17152575,active,ltd,,,2026-04-12,,2026-04-12,[74909],124 City Road London England EC1V 2NX
AISHA SUKAINA FOOD LIMITED,17153845,active,ltd,,,2026-04-13,,2026-04-13,[56102, 56103],63 Aubrey Road London England E17 4SL
DOMESTIQUE ADVISORY LTD,17153849,active,ltd,,,2026-04-13,,2026-04-13,[70229],28, 5, Buttercup House Springfield Drive London United Kingdom SW17 0SX
NNC DIGITAL SOLUTIONS LTD,17154123,active,ltd,,,2026-04-13,,2026-04-13,[18140],110a Burgers Road London United Kingdom E6 2BH
RAHAT MUSIC LTD,17154141,active,ltd,,,2026-04-13,,2026-04-13,[47630, 59200],66 Paul Street London United Kingdom EC2A 4NA
AMETHYST100 LTD,17154323,active,ltd,,,2026-04-13,,2026-04-13,[47910],Flat 7 Spa View London England SW16 2LA
TOBY EVANS CONSULTANCY LTD,17154326,active,ltd,,,2026-04-13,,2026-04-13,[70229],31 Pulteney Road London England E18 1PR
UNLIMITED GIG LTD,17154502,active,ltd,,,2026-04-13,,2026-04-13,[62012, 62090, 63110, 63120],66 Paul Street London United Kingdom EC2A 4NA
JBL ELECTRICAL SERVICES LTD,17154523,active,ltd,,,2026-04-13,,2026-04-13,[43210],6 Turnbury Close London England SE28 8QP
MONOCHROME COUTURE LTD,17154513,active,ltd,,,2026-04-13,,2026-04-13,[46160],71-75 Shelton Street London United Kingdom WC2H 9JQ
THE ROBIN HOOD SWANNINGTON LTD,17154500,active,ltd,,,2026-04-13,,2026-04-13,[56101, 56302],71-75 Shelton Street London United Kingdom WC2H 9JQ
IMASCORE LTD.,17154657,active,ltd,,,2026-04-13,,2026-04-13,[90030],71-75 Shelton Street London United Kingdom WC2H 9JQ
OLAPREP LTD,17154665,active,ltd,,,2026-04-13,,2026-04-13,[85600],124 City Road London England EC1V 2NX
SATISFYAN LTD,17154667,active,ltd,,,2026-04-13,,2026-04-13,[47910],Unit 283 48 Waterside Heights London United Kingdom E16 2GP
ROSHAN LABS LTD,17154681,active,ltd,,,2026-04-13,,2026-04-13,[58290, 62011, 62090, 63120],71-75 Shelton Street London United Kingdom WC2H 9JQ
THE NEW FOREST MIND CLINIC LTD,17154668,active,ltd,,,2026-04-13,,2026-04-13,[86900],71-75 Shelton Street London United Kingdom WC2H 9JQ
DYNE AESTHETICS LTD,17154839,active,ltd,,,2026-04-13,,2026-04-13,[96020],71-75 Shelton Street London England WC2H 9JQ
SPECTERZ TECH LTD,17154961,active,ltd,,,2026-04-13,,2026-04-13,[47990],Office 18371 182-184 High Street North London United Kingdom E6 2JA
PROBOR LTD,17154964,active,ltd,,,2026-04-13,,2026-04-13,[68100],58 Mowatt Close London England N19 3XY
WINSTON HAS IT ALL LIMITED,17155199,active,ltd,,,2026-04-13,,2026-04-13,[45112],11 St. Albans Avenue London England E6 6HH
LT REAL ESTATE GROUP LTD,17155524,active,ltd,,,2026-04-13,,2026-04-13,[68100],167-169 Great Portland Street London England W1W 5PF
A1 PROPERTY & INVESTMENT GROUP LTD,17155590,active,ltd,,,2026-04-14,,2026-04-14,[41100, 68100, 68209, 68320],66 Paul Street London United Kingdom EC2A 4NA
PM ALLIANCE LTD,17155908,active,ltd,,,2026-04-14,,2026-04-14,[43999],5 Beauchamp Court Victors Way London United Kingdom EN5 5TZ
CLEANING GROUP LONDON LIMITED,17155899,active,ltd,,,2026-04-14,,2026-04-14,[96090],128 City Road London United Kingdom EC1V 2NX
2 HOLMBUSH ROAD LTD,17155901,active,ltd,,,2026-04-14,,2026-04-14,[98000],Flat 1 2 Holmbush Road London England SW15 3LE
PLASTECH VENTURES LIMITED,17156033,active,ltd,,,2026-04-14,,2026-04-14,[64209],3rd Floor 114a Cromwell Road London England SW7 4AG
VELA FLASK CO., LTD,17156055,active,ltd,,,2026-04-14,,2026-04-14,[46190, 47910],International House London United Kingdom WC1X 9LP
AYAYA TECHNOLOGIES LTD,17156026,active,ltd,,,2026-04-14,,2026-04-14,[62020, 62090, 73110],66 Paul Street London England EC2A 4NA
VENERA HOUSE LIMITED,17156036,active,ltd,,,2026-04-14,,2026-04-14,[68209, 68320],71-75 Shelton Street London United Kingdom WC2H 9JQ
JJ REMOVALS LIMITED,17156040,active,ltd,,,2026-04-14,,2026-04-14,[49420],71-75 Shelton Street London United Kingdom WC2H 9JQ
CRYPTIQUE TAX LTD,17156044,active,ltd,,,2026-04-14,,2026-04-14,[62012, 62090, 63110],Ground Floor, Victor House Barnet Road St. Albans England AL2 1BJ
ADELAIDE PROPERTIES (CHESHAM) LIMITED,17156262,active,ltd,,,2026-04-14,,2026-04-14,[68209],12 Adelaide Close Stanmore England HA7 3EL
UK COD FATHER LTD,17156263,active,ltd,,,2026-04-14,,2026-04-14,[56103],235-239 High Road Ashley House Office 201 United Kingdom N22 8HF
ESTATELOGICAI LTD,17156272,active,ltd,,,2026-04-14,,2026-04-14,[62012, 62090, 63110],20 Wenlock Road London England N1 7GU
KC ADVISORY PARTNERS LTD,17156645,active,ltd,,,2026-04-14,,2026-04-14,[70229],10d Gwynne Road London United Kingdom SW11 3GJ
APEX EDGE SOLUTIONS LTD,17156634,active,ltd,,,2026-04-14,,2026-04-14,[41202, 49410, 78109, 82990],71-75 Shelton Street London United Kingdom WC2H 9JQ
FLAMINGO UK GP LTD,17156856,active,ltd,,,2026-04-14,,2026-04-14,[64209],Duo, Level 6 London United Kingdom EC2M 4RB
KEDULIFE LTD,17156986,active,ltd,,,2026-04-14,,2026-04-14,[66220],128 City Road London United Kingdom EC1V 2NX
ETRYON LTD,17156982,active,ltd,,,2026-04-14,,2026-04-14,[62012, 62020, 62090, 63120],128 City Road London United Kingdom EC1V 2NX
PLUMTREE FUNDING 2026-UKRP1 LIMITED,17156981,active,ltd,,,2026-04-14,,2026-04-14,[64999],35-41 Folgate Street London England E1 6BX
ALTAMEER LIMITED,17157182,active,ltd,,,2026-04-14,,2026-04-14,[46900],First Floor Office London United Kingdom W8 4LZ
LUMA ISLAND LTD,17157208,active,ltd,,,2026-04-14,,2026-04-14,[73110],20 Wenlock Road London England N1 7GU
NEW CHANNEL INTERNATIONAL EDUCATION UK LTD,17157294,active,ltd,,,2026-04-14,,2026-04-14,[85600],187 High Road Leyton London England E15 2BY
AGILELITE LTD,17157465,active,ltd,,,2026-04-14,,2026-04-14,[70229, 85590],66 Paul Street London United Kingdom EC2A 4NA
AGRICORE GROUP LTD,17157861,active,ltd,,,2026-04-14,,2026-04-14,[46190, 46610, 46750],17 Grosvenor Gardens London England SW1W 0BD
BCD GLOBAL SOLUTIONS LTD,17157863,active,ltd,,,2026-04-14,,2026-04-14,[46190, 47910, 62020, 70229],71-75 Shelton Street London United Kingdom WC2H 9JQ
SALT & SPICE STUDIO LTD,17157858,active,ltd,,,2026-04-14,,2026-04-14,[59112, 93199],96 Havelock Road London England SW19 8HB
POWERX GROUP UK LTD,17143899,active,ltd,,,2026-04-08,,2026-04-08,[46900],Office 1.03 Vauxhall Sky Gardens London England SW8 2GB
STUDIO FLIQ LIMITED,17157843,active,ltd,,,2026-04-14,,2026-04-14,[47910, 59111, 59112, 90030],41 Perrymead Street London England SW6 3SN
ANATOLIA OEY TRADING LTD,17157849,active,ltd,,,2026-04-14,,2026-04-14,[47910],102 Rookery Court, 80 Ruckholt Road London United Kingdom E10 5FA
SECOND TYME AROUND LTD,17157942,active,ltd,,,2026-04-14,,2026-04-14,[96090],2a Connaught Avenue London United Kingdom E4 7AA
SIGNATURE SCREED & RESIN LTD,17158059,active,ltd,,,2026-04-14,,2026-04-14,[41202],66 Paul Street London United Kingdom EC2A 4NA
EHY HOSPITALITY LTD,17158065,active,ltd,,,2026-04-14,,2026-04-14,[56302],60 Millmead Business Centre London United Kingdom N17 9QU
JADECROFT LTD,17158062,active,ltd,,,2026-04-14,,2026-04-14,[47910],71 The Quarterdeck London England E14 8SH
FAMILY FIRST INDEPENDENT SOCIAL WORK LIMITED,17158142,active,ltd,,,2026-04-14,,2026-04-14,[88100, 88990],167-169 Great Portland Street London England W1W 5PF
LW LONDON ESTATES LTD,17158220,active,ltd,,,2026-04-14,,2026-04-14,[68209, 68310, 68320],4 Spring Way London England SE5 9AQ
HOSPITAL SIGNAL LTD,17173189,active,ltd,,,2026-04-22,,2026-04-22,[62012],Brompton Hospital Nurses Home London England SW3 6LL
RASN FRANCHISE LTD,17189042,active,ltd,,,2026-04-29,,2026-04-29,[56102, 56103],515-519 High Road, London United Kingdom N17 6SB
LEOMINIX LTD,17149346,active,ltd,,,2026-04-10,,2026-04-10,[47510, 63120, 73110],128 City Road London United Kingdom EC1V 2NX
AMARUZ PROPCO 4 LTD,17143797,active,ltd,,,2026-04-08,,2026-04-08,[68100, 68209],2 Sanders Parade, Greyhound Lane London England SW16 5NL
LITTLE CHIPPY(DOWNHAM MARKET) LIMITED LIMITED,17151728,active,ltd,,,2026-04-11,,2026-04-11,[47230],14 London Road London Road Downham Market England PE38 9AW
MINGLE PLACE CO LTD,17187630,active,ltd,,,2026-04-28,,2026-04-28,[43991],66 Paul Street London United Kingdom EC2A 4NA
YOU, ME AND AN ALLEN KEY LTD,17153898,active,ltd,,,2026-04-13,,2026-04-13,[62012, 86210],Ramsay House London England N21 1RA
NOVARA CAPITAL HOLDINGS LIMITED,17162599,active,ltd,,,2026-04-16,,2026-04-16,[64209],167-169 Great Portland Street, 5th Floor 167-169 Great Portland Street, 5th Floor London England W1W 5PF
MYSTIC DOOR LTD,17189411,active,ltd,,,2026-04-29,,2026-04-29,[69202, 90010],304 Whitby House, 26 Marsh Wall, London 304 Whitby House London England E14 9AX
IRON AND INK EQUITY LIMITED,17184557,active,ltd,,,2026-04-27,,2026-04-27,[70229],167-169 Great Portland Street London England W1W 5PF
BGA EUROGROUP LTD,17153570,active,ltd,,,2026-04-13,,2026-04-13,[70229],14/2e Docklands Business Centre 10-16 Tiller Road London England E14 8PX
ARC ACCOUNTING PRO LIMITED,17171888,active,ltd,,,2026-04-21,,2026-04-21,[62020, 69201, 69203],128 City Road London United Kingdom EC1V 2NX
KHANEH LIMITED,17152143,active,ltd,,,2026-04-11,,2026-04-11,[68100, 68209, 90030],Flat 230 Compass House Smugglers Way London England SW18 1DQ
IQ PROPERTY SOFTWARE LIMITED,17184183,active,ltd,,,2026-04-27,,2026-04-27,[62012, 63110],71-75 Shelton Street London United Kingdom WC2H 9JQ
SULTAN2021 LTD,17176513,active,ltd,,,2026-04-23,,2026-04-23,[56103],305 Hertford Road London England N9 7ET
CHARTWIGHT LTD,17187339,active,ltd,,,2026-04-28,,2026-04-28,[70229, 82110, 86900, 90010],66 Paul Street London United Kingdom EC2A 4NA
TROJAN FIRE & SECURITY SOLUTIONS LTD,17146927,active,ltd,,,2026-04-09,,2026-04-09,[43290],Turnpike House, 1208/1210 London Road Leigh-On-Sea England SS9 2UA
ZSM DIGITAL LTD,17187626,active,ltd,,,2026-04-28,,2026-04-28,[47910, 62012, 62020, 63110],4th Floor Office London England W1B 4HB
AAL CLEANNG LTD,17140849,active,ltd,,,2026-04-07,,2026-04-07,[81210],5 Brayford Square London England E1 0SG
HIBANT CARE LIMITED,17180137,active,ltd,,,2026-04-24,,2026-04-24,[88990],82 Longland Court Rolls Road London England SE1 5HB
ELITECLEAN PRO LIMITED,17189395,active,ltd,,,2026-04-29,,2026-04-29,[81210],45 3rd Floor London England W1S 4JL
ELI & VAL PROPERTY SOLUTION LTD,17133893,active,ltd,,,2026-04-02,,2026-04-02,[68100],Flat 8 Chester House London England N19 5DJ
COMAS GROUP LIMITED,17175077,active,ltd,,,2026-04-22,,2026-04-22,[66220],46 Heathfield Gardens London England NW11 9JA
LIMES CAFE 2026 LTD,17133516,active,ltd,,,2026-04-02,,2026-04-02,[56102],884 Green Lanes London England N21 2RS
MATILDA ENTERPRISE UK LIMITED,17177562,active,ltd,,,2026-04-23,,2026-04-23,[46310, 46330, 46380],71-75 Shelton Street London United Kingdom WC2H 9JQ
THEEMBROIDERYCENTRE LIMITED,17174032,active,ltd,,,2026-04-22,,2026-04-22,[14110, 14131],Unit A1103 4-6 Greatorex Street London United Kingdom E1 5NF
BF HOLDINGS BLOCCO REGNO UNITO LIMITED,17166568,active,ltd,,,2026-04-19,,2026-04-19,[66300],30 Orange Street London England WC2H 7HF
EPC CONSULTANCY LTD,17157661,active,ltd,,,2026-04-14,,2026-04-14,[71129, 74909, 82990],71-75 Shelton Street London United Kingdom WC2H 9JQ
CONCORDIA AETERNUM LTD,17188208,active,ltd,,,2026-04-29,,2026-04-29,[68100, 68209],Flat 3, Tedder House London England N6 4HB
KEF HEALTH TRAVEL LTD,17138577,active,ltd,,,2026-04-06,,2026-04-06,[86900, 96090],71-75 Shelton Street London United Kingdom WC2H 9JQ
MORIARTY INVESTMENTS LTD,17189170,active,ltd,,,2026-04-29,,2026-04-29,[68100, 68320],59b St Pauls Road London United Kingdom N1 2LT
YACHTSYNC LTD,17152913,active,ltd,,,2026-04-13,,2026-04-13,[62012, 62090, 63110],66 Paul Street London England EC2A 4NA
STORAGE FIRST LTD,17145713,active,ltd,,,2026-04-09,,2026-04-09,[46650, 47990],5 Brayford Square London England E1 0SG
DAC EXPORTS LTD,17156624,active,ltd,,,2026-04-14,,2026-04-14,[52220, 52230, 52290],124 City Road London England EC1V 2NX
EWA AESTHETICS LTD,17168537,active,ltd,,,2026-04-20,,2026-04-20,[96020],71-75 Shelton Street London United Kingdom WC2H 9JQ
GOKER & GOLD WEALTH MANAGEMENT LIMITED,17176151,active,ltd,,,2026-04-23,,2026-04-23,[64999],70 Hurstwood Road London England NW11 0AU
KAMA HOMES LTD,17182314,active,ltd,,,2026-04-27,,2026-04-27,[55100],167-169 Great Portland Street London England W1W 5PF
DB MARKETING GROUP LTD,17159095,active,ltd,,,2026-04-15,,2026-04-15,[70210, 73110],167 - 169 Great Portland Street London England W1W 5PF
ERIKA HOPKINS LTD,17187108,active,ltd,,,2026-04-28,,2026-04-28,[68310],167-169 Great Portland Street London England W1W 5PF
MINDKIND THERAPIES LTD,17168492,active,ltd,,,2026-04-20,,2026-04-20,[86900],167-169 Great Portland Street London United Kingdom W1W 5PF
TART MODERN HOLDINGS LTD,17177525,active,ltd,,,2026-04-23,,2026-04-23,[77400],71-75 Shelton Street London United Kingdom WC2H 9JQ
HEIRCYET ASSET INTELLIGENCE LTD,17138787,active,ltd,,,2026-04-07,,2026-04-07,[62012, 63990, 70229, 85590],66 Paul Street London England EC2A 4NA
PUTZVEND CORPORATION LIMITED,17189980,active,ltd,,,2026-04-29,,2026-04-29,[47990],Kemp House London England EC1V 2NX
AVENTO PROPERTY GROUP LTD,17161524,active,ltd,,,2026-04-16,,2026-04-16,[82990],Office 18472 High Street North London England E6 2JA
ARC & CO STRUCTURED FINANCE LIMITED,17158331,active,ltd,,,2026-04-15,,2026-04-15,[99999],110 Cannon Street London United Kingdom EC4N 6EU
BLACKSMITHS ENTERPRISES LTD,17160319,active,ltd,,,2026-04-15,,2026-04-15,[47250],30 Station Terrace London England NW10 5RP
TRACKS & FIELDS LONDON LTD,17155867,active,ltd,,,2026-04-14,,2026-04-14,[70229],5th Floor 167-169 Great Portland Street 5th Floor 167-169 Great Portland Street London England W1W 5PF
HOMEVERDICT LTD,17183190,active,ltd,,,2026-04-27,,2026-04-27,[62012],71-75 Shelton Street London United Kingdom WC2H 9JQ
HOLISTIC CARE GIVER LTD,17140378,active,ltd,,,2026-04-07,,2026-04-07,[86900],Office 7 Falcon Road London England SW11 2PJ
ADVANCED BEAUTY CLINIC AND TRAINING CENTRAL LTD,17156583,active,ltd,,,2026-04-14,,2026-04-14,[96020],37th Floor, 1 Canada Square London United Kingdom E14 5AA
DISCASSETTE MUSIC FOLDERS LIMITED,17186128,active,ltd,,,2026-04-28,,2026-04-28,[17230],167-169 Great Portland Street, 5th Floor London England W1W 5PF
MANGYBYTE LTD,17175779,active,ltd,,,2026-04-23,,2026-04-23,[58290],167-169 Great Portland Street London England W1W 5PF
EMLEAD LTD,17191116,active,ltd,,,2026-04-30,,2026-04-30,[68100],20 Wenlock Road London England N1 7GU
NUMINOUS HOLDINGS LTD,17151844,active,ltd,,,2026-04-11,,2026-04-11,[70229, 74909, 82990],66 Paul Street London England EC2A 4NA
TY83 LTD,17143681,active,ltd,,,2026-04-08,,2026-04-08,[70229],9 Casella Road London England SE14 5QN
RADIANTSHINE LIMITED,17173083,active,ltd,,,2026-04-21,,2026-04-21,[81210, 81221, 81222, 81300],66 Paul Street London United Kingdom EC2A 4NA
SOLID BASE CONTRACTORS LTD,17176648,active,ltd,,,2026-04-23,,2026-04-23,[43330, 78200],69 Frobisher Road London England N8 0QU
UNLOCKYOU CONSULTING LTD,17162632,active,ltd,,,2026-04-16,,2026-04-16,[62012, 62020, 70229, 85590],128 City Road City Road London England EC1V 2NX
TRUE NORTH FORM LTD,17156763,active,ltd,,,2026-04-14,,2026-04-14,[58290, 62012, 62020],71-75 Shelton Street London United Kingdom WC2H 9JQ
ALOAD CLOTHING LTD,17183128,active,ltd,,,2026-04-27,,2026-04-27,[47820],4 Mortlock Close London England SE15 2QE
KEY MAP PROP LTD,17148715,active,ltd,,,2026-04-10,,2026-04-10,[68100],C/O Live Wire Business Services Limited Suite 522, Mappin House London England W1W 8HF
BRIXWELL GROUP LTD,17166382,active,ltd,,,2026-04-19,,2026-04-19,[41202, 78200],18a Hampshire Road London United Kingdom N22 8LR
AI DATA FUTURES LTD,17162711,active,ltd,,,2026-04-16,,2026-04-16,[78109, 78200],167-169 Great Portland Street London England W1W 5PF
BE STILL COLLECTIVE LTD,17160864,active,ltd,,,2026-04-16,,2026-04-16,[55209, 74201, 74202],69-71 Lambeth Walk London England SE11 6DX
LEVEL 99 GLOBAL LTD,17132091,active,ltd,,,2026-04-01,,2026-04-01,[70229],167-169 Great Portland Street 5th Floor London England W1W 5PF
PLUMTEC LTD,17161339,active,ltd,,,2026-04-16,,2026-04-16,[43220],128 City Road London United Kingdom EC1V 2NX
ZENUS IT LIMITED,17190365,active,ltd,,,2026-04-29,,2026-04-29,[63990],58 Westgate House London United Kingdom W5 1AY
NOVA CRYSTALS LIMITED,17189090,active,ltd,,,2026-04-29,,2026-04-29,[47910],Office 1182 60 Tottenham Court Road, London England W1T 2EW
LOGIA RESEARCH LTD,17148825,active,ltd,,,2026-04-10,,2026-04-10,[62012],71-75 Shelton Street London United Kingdom WC2H 9JQ
LUCA LABS (UK) LTD,17162977,active,ltd,,,2026-04-16,,2026-04-16,[62090],103 Farringdon Road London England EC1R 3BS
J PENNELL LTD,17190115,active,ltd,,,2026-04-29,,2026-04-29,[46180],71-75 Shelton Street London United Kingdom WC2H 9JQ
BIRD NESTS LONDON LTD,17144312,active,ltd,,,2026-04-08,,2026-04-08,[58190, 68100, 68209, 74100],53 Cleves Road London England E6 1QF
SPEEDYS REMOVAL LTD,17188087,active,ltd,,,2026-04-29,,2026-04-29,[38110, 49420],167-169 Great Portland Street London England W1W 5PF
IVORY SWAN SERVICES LTD,17155918,active,ltd,,,2026-04-14,,2026-04-14,[81210, 81222],Yahesa Accounting Ltd Golden Cross House London England WC2N 4JF
LUNNS ENTERTAINMENT LTD,17187759,active,ltd,,,2026-04-28,,2026-04-28,[70210, 78109, 78200, 82990],167-169 Great Portland Street London England W1W 5PF
HELDI LTD,17179772,active,ltd,,,2026-04-24,,2026-04-24,[46390, 47910],71-75 Shelton Street London United Kingdom WC2H 9JQ
FUSE PEAKER ASSETS 1 LIMITED,17145830,active,ltd,,,2026-04-09,,2026-04-09,[35110],Fuse Energy Canary Wharf England E14 4SG
FUSE FENTON LANE LIMITED,17149272,active,ltd,,,2026-04-10,,2026-04-10,[35110],Fuse Energy Canary Wharf England E14 4SG
ABT LOGIC CONTRACTORS LIMITED,17162175,active,ltd,,,2026-04-16,,2026-04-16,[78300],Flat 3 Britannia House London England N12 9RY
CONSTRUCTION QUALITY MANAGEMENT LTD,17178682,active,ltd,,,2026-04-24,,2026-04-24,[43390],10 Montague Road London United Kingdom N15 4BD
CURIOSITY FLEX LTD,17189876,active,ltd,,,2026-04-29,,2026-04-29,[62012, 62020, 72190],47 Cape House 2 Cunningham Avenue London England E16 2PS
YAMY FOOD LIMITED,17167331,active,ltd,,,2026-04-19,,2026-04-19,[56290, 82990],Apartment 18 Verge Apartments London England W1S 1BL
MADARIS CONSULTING GROUP LTD,17143571,active,ltd,,,2026-04-08,,2026-04-08,[70229],Dr Smith Aesthetics London England SE11 4QE
FOOD FIESTA CATERING LTD,17153734,active,ltd,,,2026-04-13,,2026-04-13,[56210],5th Floor, 167-169 Great Portland Street London England W1W 5PF
ALDERWICK HOLDINGS LTD,17161770,active,ltd,,,2026-04-16,,2026-04-16,[56210],124 Pretoria Road L United Kingdom SW16 6RN
THE SEED METHOD LTD,17168929,active,ltd,,,2026-04-20,,2026-04-20,[86900],167-169, 5th Floor Great Portland Street London England W1W 5PF
LONGBROOK LAND (GEDDINGTON) LTD,17171652,active,ltd,,,2026-04-21,,2026-04-21,[41100],16 Corby Enterprise Centre Corby England NN17 5EU
PADEL4SCHOOLS LIMITED,17162327,active,ltd,,,2026-04-16,,2026-04-16,[93110],Office 16 Corby Enterprise Centre Corby England NN17 5EU
NBRANCHES LTD,17153764,active,ltd,,,2026-04-13,,2026-04-13,[62090],71-75 Shelton Street London United Kingdom WC2H 9JQ
PENFOLD PROPERTY PARTNERS LTD,17186543,active,ltd,,,2026-04-28,,2026-04-28,[68209],C/O Getground, 1 London United Kingdom W6 0NB
JMAEL LTD,17183789,active,ltd,,,2026-04-27,,2026-04-27,[47910],11b Chestnut Grove London United Kingdom SW12 8JA
THE PRIVACY BASICS LTD,17174823,active,ltd,,,2026-04-22,,2026-04-22,[70229],C/O Express Accounting London England E3 2SE
THE CONSTRUCTION COMPANY OF UK LTD,17133584,active,ltd,,,2026-04-02,,2026-04-02,[41100, 68209, 98000],128 City Road London United Kingdom EC1V 2NX
ORDER & STEWARD LTD,17174257,active,ltd,,,2026-04-22,,2026-04-22,[58290],111 Park Street London England W1K 7HJ
HINTZE UK LTD,17161767,active,ltd,,,2026-04-16,,2026-04-16,[94120],41 Lothbury London United Kingdom EC2R 7HF
SYNAXIS LTD,17137114,active,ltd,,,2026-04-05,,2026-04-05,[10910, 47910],71-75 Shelton Street London United Kingdom WC2H 9JQ
INFUSION MIDCO 1 LIMITED,17159505,active,ltd,,,2026-04-15,,2026-04-15,[64209],C/O Peak Rock Capital Europe Llp London United Kingdom SW1E 5BY
INFUSION MIDCO 2 LIMITED,17159649,active,ltd,,,2026-04-15,,2026-04-15,[64209],C/O Peak Rock Capital Europe Llp London United Kingdom SW1E 5BY
INFUSION HOLDCO LIMITED,17159337,active,ltd,,,2026-04-15,,2026-04-15,[64209],C/O Peak Rock Capital Europe Llp London United Kingdom SW1E 5BY
TRAWLR LTD,17191213,active,ltd,,,2026-04-30,,2026-04-30,[62012],71-75 Shelton Street London United Kingdom WC2H 9JQ
MZN TRADING LTD,17180693,active,ltd,,,2026-04-26,,2026-04-26,[47910],Flat 19 Farrant House London United Kingdom W10 4BU
KOY SAUCE LIMITED,17144738,active,ltd,,,2026-04-08,,2026-04-08,[10890],470a Green Lanes London England N13 5PA
NORTHERN REWIND LTD,17144743,active,ltd,,,2026-04-08,,2026-04-08,[47820, 47890, 47910],71-75 Shelton Street London United Kingdom WC2H 9JQ
ZP ESTATE LTD,17144748,active,ltd,,,2026-04-08,,2026-04-08,[68209],C/O Getground London England W6 0NB
DIRECT WAY TRANSPORTATION LTD,17144870,active,ltd,,,2026-04-08,,2026-04-08,[49320],13 Rivington Crescent London England NW7 2LE
ABX CARD CO LIMITED,17144947,active,ltd,,,2026-04-08,,2026-04-08,[47910],Flat 12 Royal Standard Court London United Kingdom SE17 3JD
CALLIVO LTD,17145082,active,ltd,,,2026-04-08,,2026-04-08,[73110],66 Paul Street London United Kingdom EC2A 4NA
FINCH COLLECTIVE LTD,17145146,active,ltd,,,2026-04-08,,2026-04-08,[59112, 70210, 73110],167-169 Great Portland Street London United Kingdom W1W 5PF
KORIA GROUP LTD,17145709,active,ltd,,,2026-04-09,,2026-04-09,[62020],20 Wenlock Road London England N1 7GU
ERVAM COMMERCE LTD,17145716,active,ltd,,,2026-04-09,,2026-04-09,[47910],71-75 Shelton Street London United Kingdom WC2H 9JQ
SOUTH STREET GLOBAL LTD,17145855,active,ltd,,,2026-04-09,,2026-04-09,[64999],Berkeley House Berkeley Square, 2nd Floor London United Kingdom W1J 6BD
ECHELONE LTD,17145863,active,ltd,,,2026-04-09,,2026-04-09,[74909],Flat 2, Cotton House London United Kingdom SW2 4LA
YAMASI ENTERPRISE LTD,17145861,active,ltd,,,2026-04-09,,2026-04-09,[77110],Suite Ra01 195-197 Wood Street London United Kingdom E17 3NU
SSH BUKHARI LTD,17145849,active,ltd,,,2026-04-09,,2026-04-09,[68100, 96090],71-75 Shelton Street London United Kingdom WC2H 9JQ
SUPPACATERING LTD,17145912,active,ltd,,,2026-04-09,,2026-04-09,[56103, 56290],66 Paul Street London United Kingdom EC2A 4NA
SO DESIGN LTD,17145915,active,ltd,,,2026-04-09,,2026-04-09,[64209],20 Wenlock Road London England N1 7GU
WILCOMMERCE LIMITED,17146162,active,ltd,,,2026-04-09,,2026-04-09,[10860, 10890, 46380, 47910],5 Brayford Square London United Kingdom E1 0SG
LAMIRA LUXE LIMITED,17146316,active,ltd,,,2026-04-09,,2026-04-09,[47710, 47750, 47820, 47910],Flat 19 70 Upper North Street London England E14 6EW
AI SECURITY ACADEMY LTD,17146331,active,ltd,,,2026-04-09,,2026-04-09,[62012, 62020, 62090, 85590],167-169 Great Portland Street London England W1W 5PF
STORMLIGHT BOOKS LTD,17146325,active,ltd,,,2026-04-09,,2026-04-09,[58110, 58190],Stoney Works London United Kingdom SE19 3BD
VOICINGLAB LTD,17146348,active,ltd,,,2026-04-09,,2026-04-09,[58290],66 Paul Street London United Kingdom EC2A 4NA
LINARA SPORTS TECHNOLOGY LIMITED,17146705,active,ltd,,,2026-04-09,,2026-04-09,[62012, 62020, 62090, 63110],66 Paul Street London United Kingdom EC2A 4NA
MARMAR ACADEMY HOLDINGS LTD,17147200,active,ltd,,,2026-04-09,,2026-04-09,[68100],Flat 30, Merle Court, London United Kingdom NW6 5HH
KEYSTONE BUSINESS CONSULTING LTD,17147191,active,ltd,,,2026-04-09,,2026-04-09,[70221],71-75 Shelton Street London United Kingdom WC2H 9JQ
GRYPHIX GROUP LIMITED,17147168,active,ltd,,,2026-04-09,,2026-04-09,[43390, 93130],167 - 169 Great Portland Street London England W1W 5PF
D & CO. ACCOUNTANTS LTD,17147172,active,ltd,,,2026-04-09,,2026-04-09,[69201],7-15 Greatorex Street London England E1 5NF
OCEAN AURORA TECHNOLOGY CO., LIMITED,17147185,active,ltd,,,2026-04-09,,2026-04-09,[59132, 62090],291363 Office Suite 29a, 3/F. London United Kingdom SE8 3GG
AGORA RETAIL CONSULTANCY LIMITED,17147178,active,ltd,,,2026-04-09,,2026-04-09,[68209],98 Hornchurch Road Hornchurch United Kingdom RM11 1JS
ARTHENTIC LIMITED,17147400,active,ltd,,,2026-04-09,,2026-04-09,[85600],Suite Ra01, 195-197 Wood Street London United Kingdom E17 3NU
CARTSI LTD,17147415,active,ltd,,,2026-04-09,,2026-04-09,[47910],Office 18339 182-184 High Street North London United Kingdom E6 2JA
CARNIVOOR LIMITED,17147714,active,ltd,,,2026-04-09,,2026-04-09,[56101],42 New Oxford Street London England WC1A 1EP
NAATH LIMITED,17147808,active,ltd,,,2026-04-09,,2026-04-09,[56103],54a Expressway Studios North Woolwich Road London England E16 2AA
EH VISION ACCOUNTANCY LTD,17147812,active,ltd,,,2026-04-09,,2026-04-09,[69201, 69202, 70229],Unit 501 Leroy House 434-436 Essex Road London England N1 3FY
PAT AND MAT BUILDERS LTD,17147816,active,ltd,,,2026-04-09,,2026-04-09,[41202],50 Enmore Road London England SE25 5NG
VI-GO LABS LTD,17147340,active,ltd,,,2026-04-09,,2026-04-09,[72190],86 - 90 Paul Street London England EC2A 4NE
GOLDEN INK CONSULTING LTD,17148012,active,ltd,,,2026-04-10,,2026-04-10,[69202, 69203, 70221, 70229],71-75 Shelton Street London England WC2H 9JQ
1971 CARPENTRY LTD,17148003,active,ltd,,,2026-04-10,,2026-04-10,[16100],66 Paul Street London United Kingdom EC2A 4NA
BEIJING X INTERACT CULTURE TECHNOLOGY CO. LTD,17148272,active,ltd,,,2026-04-10,,2026-04-10,[62011],66 Paul Street London England EC2A 4NA
MARKS POST LTD,17148282,active,ltd,,,2026-04-10,,2026-04-10,[59120],93b Shakspeare Walk London United Kingdom N16 8TB
ZENTOFLEX LTD,17148402,active,ltd,,,2026-04-10,,2026-04-10,[47910],Office 18244 182-184 High Street North London United Kingdom E6 2JA
IDW ENTERTAINMENT LTD,17148398,active,ltd,,,2026-04-10,,2026-04-10,[93290],20 Wenlock Road London England N1 7GU
SWELL TECHNOLOGY LTD,17148401,active,ltd,,,2026-04-10,,2026-04-10,[32990],71-75 Shelton Street London United Kingdom WC2H 9JQ
NERIAH COSMETICS INTERNATIONAL LIMITED,17148561,active,ltd,,,2026-04-10,,2026-04-10,[96090],First Floor Office London United Kingdom W8 4LZ
RELIEVED LTD,17148724,active,ltd,,,2026-04-10,,2026-04-10,[86900],3rd Floor, 86-90 Paul Street London United Kingdom EC2A 4NE
FIRST PLAN PROPERTIES LTD,17148721,active,ltd,,,2026-04-10,,2026-04-10,[68100, 68209],111 Redbridge Gardens London England SE5 7HB
OMNI INTEGRATED RISK LIMITED,17148728,active,ltd,,,2026-04-10,,2026-04-10,[80100],Flat 35 Fairburn House London England N16 5QH
BROTHERHOOD ESTATES LIMITED,17148732,active,ltd,,,2026-04-10,,2026-04-10,[68310, 68320],Flat 2 4 Essex Place London England W4 5UT
TUNIX UK HOLDING LTD,17149031,active,ltd,,,2026-04-10,,2026-04-10,[64209],71-75 Shelton Street London United Kingdom WC2H 9JQ
FELSINEA LTD,17149226,active,ltd,,,2026-04-10,,2026-04-10,[58290],225 Brompton Park Crescent London United Kingdom SW6 1SZ
NEXAPULSE SOLUTIONS LTD,17149230,active,ltd,,,2026-04-10,,2026-04-10,[62012, 63110, 63120],2 Frederick Street London United Kingdom WC1X 0ND
ZO-HAIR LTD,17149341,active,ltd,,,2026-04-10,,2026-04-10,[96020],114 Heath Street London England NW3 1DR
SYNPATH AI LTD,17149679,active,ltd,,,2026-04-10,,2026-04-10,[62012, 62020],Flat 3806 67 Bondway London England SW8 1GT
BLUEPRINT ERP SOLUTIONS LTD,17149688,active,ltd,,,2026-04-10,,2026-04-10,[62012],128 City Road London United Kingdom EC1V 2NX
ARCLINK FIBER (US) LIMITED,17135290,active,ltd,,,2026-04-02,,2026-04-02,[64209],C/O Patrizia London United Kingdom WC2H 9HQ
REC ADVANCED MECHANICAL LTD,17149915,active,ltd,,,2026-04-10,,2026-04-10,[43220],Unit 20, The Circle London England SE1 2JE
SUBITO PROPERTY CONSULTANTS LTD,17149907,active,ltd,,,2026-04-10,,2026-04-10,[68320],14 Oaklands Road London England N20 8AX
SWIPELIVE LTD,17150158,active,ltd,,,2026-04-10,,2026-04-10,[63990],124-128 City Road London England EC1V 2NX
PHYCOWAVE SOLUTIONS LTD,17150154,active,ltd,,,2026-04-10,,2026-04-10,[20140, 72110],5 Brayford Square London England E1 0SG
ALLSTAR EMBROIDERY LTD,17150165,active,ltd,,,2026-04-10,,2026-04-10,[13300, 13990, 46410, 47910],7 Granard Business Centre Mill Hill, London United Kingdom NW7 2DQ
ALASSIR LTD,17150229,active,ltd,,,2026-04-10,,2026-04-10,[53202],27 Old Gloucester Street London England WC1N 3AX
EUROPEAN FREIGHT SOLUTIONS LTD,17150274,active,ltd,,,2026-04-10,,2026-04-10,[49410, 52243],66 Paul Street London England EC2A 4NA
WBBT GROUP LTD,17150661,active,ltd,,,2026-04-11,,2026-04-11,[59200, 62012, 63110, 73110],71-75 Shelton Street London United Kingdom WC2H 9JQ
COMPOSING AI LTD,17150662,active,ltd,,,2026-04-11,,2026-04-11,[90020],71-75 Shelton Street London United Kingdom WC2H 9JQ
YASMIN ABOULELA LIMITED,17150657,active,ltd,,,2026-04-11,,2026-04-11,[86210],Flat 47 Matlock Court London United Kingdom W11 3BS
BRIDGE DIGITAL GROUP LTD,17150655,active,ltd,,,2026-04-11,,2026-04-11,[47910, 62012, 62020, 73110],124-128 City Road London England EC1V 2NX
MERCI VANS LTD,17150664,active,ltd,,,2026-04-11,,2026-04-11,[77110, 77390],128 City Road London United Kingdom EC1V 2NX
TRAVELLERGRAM UK LTD,17151153,active,ltd,,,2026-04-11,,2026-04-11,[79110],71-75 Shelton Street London United Kingdom WC2H 9JQ
OPTICS ACTION SECURITY LIMITED,17151465,active,ltd,,,2026-04-11,,2026-04-11,[74909, 96090],71-75 Shelton Street London United Kingdom WC2H 9JQ
ARKVELL CO LTD,17151446,active,ltd,,,2026-04-11,,2026-04-11,[46180, 62012, 63110],20 Wenlock Road London England N1 7GU
OFF THE GRID TRAVEL LTD,17151449,active,ltd,,,2026-04-11,,2026-04-11,[79110, 79120],Suite Ra01 195 - 197 Wood Street London United Kingdom E17 3NU
APELLES ADVISORY LIMITED,17151445,active,ltd,,,2026-04-11,,2026-04-11,[70221, 82990],167-169 Great Portland Street 5th Floor London England W1W 5PF
VORTEX FINTECH RESEARCH LIMITED,17151458,active,ltd,,,2026-04-11,,2026-04-11,[62090, 63990, 64999, 70229],128 City Road London United Kingdom EC1V 2NX
CHESHIRE ALLIED THERAPIES LTD,17151578,active,ltd,,,2026-04-11,,2026-04-11,[86900],71-75 Shelton Street London United Kingdom WC2H 9JQ
NOAPRO LTD,17151696,active,ltd,,,2026-04-11,,2026-04-11,[62012, 62090, 63120, 73110],20 Wenlock Road London England N1 7GU
THE BEVS GROUP LTD,17151698,active,ltd,,,2026-04-11,,2026-04-11,[10831, 46370],324 Kilburn Lane London England W9 3EF
THE ZODIAC PROPERTY LETS LIMITED,17151681,active,ltd,,,2026-04-11,,2026-04-11,[55209],Flat 324 Holly Lodge Mansions London England N6 6EB
RESPIRE HOMES BIRMINGHAM LTD,17151686,active,ltd,,,2026-04-11,,2026-04-11,[68201],20 Wenlock Road London England N1 7GU
ARDENBRIDGE CAPITAL LTD,17151703,active,ltd,,,2026-04-11,,2026-04-11,[47990, 64209, 68209, 82990],71-75 Shelton Street London United Kingdom WC2H 9JQ
GG-HOLDCO-161-772 LIMITED,17151693,active,ltd,,,2026-04-11,,2026-04-11,[64209],C/O Getground London England W6 0NB
BIOGLOW AESTHETICS LIMITED,17151692,active,ltd,,,2026-04-11,,2026-04-11,[96020],128 City Road London United Kingdom EC1V 2NX
EXPRESS TINTS AND WRAPS LTD,17152001,active,ltd,,,2026-04-11,,2026-04-11,[45320],34 Wrottesley Road London England NW10 5YL
CROWN MPS LTD,17152166,active,ltd,,,2026-04-11,,2026-04-11,[68100, 68209, 68320],41 St. Stephens Gardens London England W2 5NA
BUDGETESTATES LTD,17152153,active,ltd,,,2026-04-11,,2026-04-11,[68310, 98000],69 Geere Road London England E15 3PP
273 ADVISORY LIMITED,17152340,active,ltd,,,2026-04-12,,2026-04-12,[70229],66 Paul Street London England EC2A 4NA
COLEMAN GROUNDWORKS & DEVELOPMENTS LTD,17152416,active,ltd,,,2026-04-12,,2026-04-12,[41202],3rd Floor, 86-90 Paul Street London United Kingdom EC2A 4NE
NBH RETAIL LTD,17152705,active,ltd,,,2026-04-13,,2026-04-13,[47190],1st & 2nd Floor 41 High Road London England E18 2QP
JDN VALET LTD,17152712,active,ltd,,,2026-04-13,,2026-04-13,[81299],18 Mansfield Court Whiston Road London England E2 8BL
MSD ACADEMY LTD,17152823,active,ltd,,,2026-04-13,,2026-04-13,[87200, 87900],Flat 27, 1, Emer Court Rowland Road London United Kingdom N17 7AW
RNU ELECTRICAL SERVICES LTD,17152816,active,ltd,,,2026-04-13,,2026-04-13,[43210],128 City Road London United Kingdom EC1V 2NX
RAHAA'S KITCHEN LTD,17152835,active,ltd,,,2026-04-13,,2026-04-13,[47810, 56103],Hamilton House London England E4 9LD
A&S CHAROEN THAI LTD,17152831,active,ltd,,,2026-04-13,,2026-04-13,[56103],Flat 6 Garda House London England SE10 0TN
SABI LOGIC LIMITED,17152838,active,ltd,,,2026-04-13,,2026-04-13,[62012, 62020, 62090, 63120],128 City Road London United Kingdom EC1V 2NX
CODEBRIDGER LTD,17152834,active,ltd,,,2026-04-13,,2026-04-13,[46510, 58290, 62011, 71122],2 Frederick Street London United Kingdom WC1X 0ND
UEGRP LTD,17152986,active,ltd,,,2026-04-13,,2026-04-13,[49320],66 Paul Street London United Kingdom EC2A 4NA
ANOTHER FINE MESS LONDON LIMITED,17153178,active,ltd,,,2026-04-13,,2026-04-13,[43320],37b Riffel Road London England NW2 4PB
ANSHUL INTERNATIONAL LIMITED,17153180,active,ltd,,,2026-04-13,,2026-04-13,[46390, 62090],95 Mortimer Street London England W1W 7ST
LEASEHOLD ADMINISTRATION SERVICES LTD,17153198,active,ltd,,,2026-04-13,,2026-04-13,[82990],128 City Road London United Kingdom EC1V 2NX
SPICE HUT (NL) LTD,17153193,active,ltd,,,2026-04-13,,2026-04-13,[56102, 56103],38 Philip Lane London England N15 4JB
WEARESMS LIMITED,17153488,active,ltd,,,2026-04-13,,2026-04-13,[61900],Apartment 515 3 Television Centre 101 Wood Lane London England W12 7FT
SANERBA LTD,17153477,active,ltd,,,2026-04-13,,2026-04-13,[56101],66 Paul Street London United Kingdom EC2A 4NA
LUXYH HAIR & SKINCARE LTD,17153695,active,ltd,,,2026-04-13,,2026-04-13,[47910],Office 18266 182-184 High Street North London United Kingdom E6 2JA
CYRUS LABS LTD,17153679,active,ltd,,,2026-04-13,,2026-04-13,[62012],Flat 71 Charlbert Court London England NW8 7DB
INTERMEDIATE STEPS LTD,17153922,active,ltd,,,2026-04-13,,2026-04-13,[68209],5b St. Stephens Road Hounslow England TW3 2BH
CAMERON DOUGLAS ADVISORY LTD,17153919,active,ltd,,,2026-04-13,,2026-04-13,[70229],103 Casewick Road London England SE27 0TA
CODEE COLLECTIVE LTD,17153929,active,ltd,,,2026-04-13,,2026-04-13,[47710, 47910],71-75 Shelton Street London United Kingdom WC2H 9JQ
FIXMYCURLSUK PRIVATE LIMITED,17154231,active,ltd,,,2026-04-13,,2026-04-13,[47910],167-169 Great Portland Street London United Kingdom W1W 5PF
FAST SALES STORE LTD,17154475,active,ltd,,,2026-04-13,,2026-04-13,[47910],66 Paul Street London United Kingdom EC2A 4NA
YUTYEESARM LTD,17154478,active,ltd,,,2026-04-13,,2026-04-13,[70210, 70229, 73110, 74100],20 Wenlock Road London England N1 7GU
SHAREKTE455 LTD,17154455,active,ltd,,,2026-04-13,,2026-04-13,[46900],275 New N Rd #3110 London United Kingdom N1 7AA
RISHI PVT LTD,17154628,active,ltd,,,2026-04-13,,2026-04-13,[47910],2nd Floor College House Ruislip, United Kingdom HA4 7AE
EY SERVICE LTD,17154607,active,ltd,,,2026-04-13,,2026-04-13,[49410],71-75 Shelton Street London United Kingdom WC2H 9JQ
FASTSAW BUILDING SERVICES LTD,17154799,active,ltd,,,2026-04-13,,2026-04-13,[41201, 41202],28 Bartle Avenue London England E6 3AJ
COKER & CO. ADVISORY LIMITED,17154782,active,ltd,,,2026-04-13,,2026-04-13,[69102],Flat 1518 New Providence Wharf 1 Fairmont Avenue London England E14 9PW
MAQUTT STUDIO LTD,17154771,active,ltd,,,2026-04-13,,2026-04-13,[47910, 59112, 85590, 90030],71-75 Shelton Street London United Kingdom WC2H 9JQ
LILLIPILLI 2 LIMITED,17154793,active,ltd,,,2026-04-13,,2026-04-13,[64205],35 Ballards Lane London United Kingdom N3 1XW
GOSSIP NAILS PORTSMOUTH LTD,17148150,active,ltd,,,2026-04-10,,2026-04-10,[96020],92 Mayes Road London England N22 6SY
360BIP LTD,17154944,active,ltd,,,2026-04-13,,2026-04-13,[58130, 58142, 59113, 59200],71-75 Shelton Street London United Kingdom WC2H 9JQ
BEEDELL DM LIMITED,17155119,active,ltd,,,2026-04-13,,2026-04-13,[68100, 68209],195-197, Suite Ra01 Wood Street London United Kingdom E17 3NU
BB UK CONSULTANCY LTD,17155150,active,ltd,,,2026-04-13,,2026-04-13,[82990],167-169 Great Portland Street, 5th Floor London England W1W 5PF
VEHICLE RECOVERY 24/7 LTD,17155151,active,ltd,,,2026-04-13,,2026-04-13,[52219],10 Casselden Road London England NW10 8QR
MCC MIDLAND PROJECTS LIMITED,17155136,active,ltd,,,2026-04-13,,2026-04-13,[43999],27 Old Gloucester St London United Kingdom WC1N 3AX
COCO POINT MANAGEMENT LIMITED,17155140,active,ltd,,,2026-04-13,,2026-04-13,[68320, 70221, 70229],Unit 26 New North House London United Kingdom N1 7BJ
BOILER AND BREEZE LTD,17155139,active,ltd,,,2026-04-13,,2026-04-13,[43220],3 Horseshoe Mews London United Kingdom SW2 5TH
QUALYFI LTD,17155270,active,ltd,,,2026-04-13,,2026-04-13,[62012, 63110, 63120],71-75 Shelton Street London United Kingdom WC2H 9JQ
MENDED BY APPS LTD,17155259,active,ltd,,,2026-04-13,,2026-04-13,[62012],71-75 Shelton Street London United Kingdom WC2H 9JQ
STUBBY'S LONDON LTD,17155273,active,ltd,,,2026-04-13,,2026-04-13,[56101, 56102],100 Druid Street London England SE1 2HQ
SAFEHAVEN LIVING LTD,17155433,active,ltd,,,2026-04-13,,2026-04-13,[41100, 98000],66 Paul Street London United Kingdom EC2A 4NA
INTERCUT TECHNOLOGIES LTD,17155552,active,ltd,,,2026-04-13,,2026-04-13,[58290, 62012, 63110],Flat 10 Carlyle Mansions London England W8 4DT
ELLINGTON MANAGEMENT AND ADVISORY LTD,17155614,active,ltd,,,2026-04-14,,2026-04-14,[70229],20 Wenlock Road London England N1 7GU
BH HOLDINGS (ENG) LIMITED,17155813,active,ltd,,,2026-04-14,,2026-04-14,[64209, 68209],128 City Road London United Kingdom EC1V 2NX
AA VISA SERVICES LTD,17155933,active,ltd,,,2026-04-14,,2026-04-14,[82110],37 Dukes Avenue London England N10 2PX
BIELAK HOLDINGS LTD,17156120,active,ltd,,,2026-04-14,,2026-04-14,[33120, 46140, 46370, 46690],128 City Road London England EC1V 2NX
EATWAY LIMITED,17156241,active,ltd,,,2026-04-14,,2026-04-14,[56102],285 Fore Street London United Kingdom N9 0PD
VISTRA FS (UK) LIMITED,17156235,active,ltd,,,2026-04-14,,2026-04-14,[70229],7th Floor 50 Broadway London United Kingdom SW1H 0DB
YOGA 15 LIMITED,17139051,active,ltd,,,2026-04-07,,2026-04-07,[86900, 93130],1372 London Road Leigh-On-Sea England SS9 2UH
PRODUCT DESIGN PEOPLE LIMITED,17156483,active,ltd,,,2026-04-14,,2026-04-14,[96090],71-75 Shelton Street London United Kingdom WC2H 9JQ
GROW, FLOURISH FLY LTD,17156735,active,ltd,,,2026-04-14,,2026-04-14,[85590],66 Paul Street London United Kingdom EC2A 4NA
VE PROPERTY INVESTMENTS LTD,17156739,active,ltd,,,2026-04-14,,2026-04-14,[68209],45a Tressillian Road London England SE4 1YG
N&AD UNI HELP LTD,17156710,active,ltd,,,2026-04-14,,2026-04-14,[85600],Flat 1003 Amory Tower 199 Marsh Wall London England E14 9ZH
EWRG LTD,17157004,active,ltd,,,2026-04-14,,2026-04-14,[86900],1 Court Mews London Road Cheltenham United Kingdom GL52 6HS
MITZLACH PROPERTIES LTD,17157282,active,ltd,,,2026-04-14,,2026-04-14,[68209],3 Norfolk Avenue London England N15 6JX
TAU TECHNOLOGY LTD,17157392,active,ltd,,,2026-04-14,,2026-04-14,[62012, 62020, 63110],71-75 Shelton Street London United Kingdom WC2H 9JQ
TRIPLE O SECURITY TRUSTEE LIMITED,17157380,active,ltd,,,2026-04-14,,2026-04-14,[82990],6 Ashburton House London United Kingdom TW10 6RJ
FLAVJO DEMOLITION FOUNDATIONS LTD,17157388,active,ltd,,,2026-04-14,,2026-04-14,[43290, 43390],20 Rayleigh Road London England N13 5QR
VELVETICA LONDON LTD,17157382,active,ltd,,,2026-04-14,,2026-04-14,[47910],71-75 Shelton Street London United Kingdom WC2H 9JQ
PERFUME EMPORIUM LTD,17157670,active,ltd,,,2026-04-14,,2026-04-14,[46450],20 Wenlock Road London England N1 7GU
T&J PARTNERS LTD,17157681,active,ltd,,,2026-04-14,,2026-04-14,[68100],20 Wenlock Road London England N1 7GU
ADVIAN PARTNERS UK LTD,17157685,active,ltd,,,2026-04-14,,2026-04-14,[70229, 82990, 96090],128 City Road London United Kingdom EC1V 2NX
POLIGORESA LTD,17157725,active,ltd,,,2026-04-14,,2026-04-14,[62020],Flat 6 Waterfall House London England SW2 1BF
PET HORIZON LTD,17157729,active,ltd,,,2026-04-14,,2026-04-14,[47910],71-75 Shelton Street London United Kingdom WC2H 9JQ
MIDNIGHT TATTOO & PIERCE LIMITED,17157908,active,ltd,,,2026-04-14,,2026-04-14,[96090],190 Camden High Street London United Kingdom NW1 8QP
BURHANS KITCHEN LTD,17157914,active,ltd,,,2026-04-14,,2026-04-14,[56103],Sports Ground London United Kingdom W3 9QA
MOANNAKAI LTD,17157976,active,ltd,,,2026-04-14,,2026-04-14,[47910],62a St. Georges Drive London England SW1V 4BX
MANDARIN PANDA LIMITED,17158108,active,ltd,,,2026-04-14,,2026-04-14,[62011],66 Paul Street London England EC2A 4NA
DREAMEFFICIENT LTD,17158186,active,ltd,,,2026-04-14,,2026-04-14,[41100],1 Temeraire Street London United Kingdom SE16 7JE
BEACONSFIELD HOUSE LTD,17158187,active,ltd,,,2026-04-14,,2026-04-14,[68100, 68209],99 Ravensdale Road London England N16 6TH
ABBA GLOBAL HOMES LTD,17144386,active,ltd,,,2026-04-08,,2026-04-08,[68100, 68201, 68209, 68320],Flat 804 Thole Court 51 Mastmaker Road London England E14 9WX
I DAYA CONSULTANTS LTD,17144400,active,ltd,,,2026-04-08,,2026-04-08,[43999],71-75 Shelton Street London United Kingdom WC2H 9JQ
MIYRA GROUP LTD,17144444,active,ltd,,,2026-04-08,,2026-04-08,[45112, 46150],71-75 Shelton Street London United Kingdom WC2H 9JQ
NATLUXE LTD,17144445,active,ltd,,,2026-04-08,,2026-04-08,[47910],71-75 Shelton Street London United Kingdom WC2H 9JQ
BENAS FINANCE LIMITED,17144708,active,ltd,,,2026-04-08,,2026-04-08,[68100, 68209],Aston House London United Kingdom N3 1LF
ALWAZ LONDON LTD,17144699,active,ltd,,,2026-04-08,,2026-04-08,[63120, 68320, 96090],71-75 Shelton Street London United Kingdom WC2H 9JQ
RAY YAP IMAGING LTD,17144710,active,ltd,,,2026-04-08,,2026-04-08,[86220],71-75 Shelton Street London United Kingdom WC2H 9JQ
INK&BASE STUDIO LTD,17144697,active,ltd,,,2026-04-08,,2026-04-08,[96020],20 Wenlock Road London England N1 7GU
SOLUNIST COMMERCE LTD,17144793,active,ltd,,,2026-04-08,,2026-04-08,[73110],71-75 Shelton Street London United Kingdom WC2H 9JQ
JAKUB STRZASKA STRUCTURAL ENGINEERING LIMITED,17144823,active,ltd,,,2026-04-08,,2026-04-08,[71111, 71122, 71129],590 Kingston Road London England SW20 8DN
CORESCOUT LTD,17144813,active,ltd,,,2026-04-08,,2026-04-08,[62012, 63110, 63120, 93199],128 City Road London United Kingdom EC1V 2NX
VYAGHRA LTD,17145091,active,ltd,,,2026-04-08,,2026-04-08,[86210],15 Taybridge Road London England SW11 5PR
AURELINE CARE ADVISORY LTD,17145177,active,ltd,,,2026-04-09,,2026-04-09,[62020, 70229],124-128 City Road London England EC1V 2NX
BENNN FILMS LIMITED,17145178,active,ltd,,,2026-04-09,,2026-04-09,[59111],2 Chesilton Road London England SW6 5AB
EAST GREENWICH HUB LIMITED,17145197,active,ltd,,,2026-04-09,,2026-04-09,[52103],195-197, Suite Ra01 Wood Street London United Kingdom E17 3NU
NOVION CAPITAL LIMITED,17145193,active,ltd,,,2026-04-09,,2026-04-09,[66300],24 Conduit Place Conduit Place London England W2 1EP
SIU LABS LTD,17145236,active,ltd,,,2026-04-09,,2026-04-09,[62012, 62090, 63110, 63120],71-75 Shelton Street London United Kingdom WC2H 9JQ
PRIMIO SOFTWARE GROUP LTD,17145264,active,ltd,,,2026-04-09,,2026-04-09,[58290, 62012, 62020, 64209],71-75 Shelton Street London United Kingdom WC2H 9JQ
SPINTIME GROUP LTD,17145268,active,ltd,,,2026-04-09,,2026-04-09,[47910],71-75 Shelton Street London United Kingdom WC2H 9JQ
4UKSOFACLEANERS LTD,17145350,active,ltd,,,2026-04-09,,2026-04-09,[81210, 81222, 96010],285 Ground Floor London United Kingdom N9 0PD
FLASHBURN TECHNOLOGY LTD,17145554,active,ltd,,,2026-04-09,,2026-04-09,[47910],Unit 276 48 Waterside Heights London United Kingdom E16 2GP
LUBIA GROUP LTD,17145547,active,ltd,,,2026-04-09,,2026-04-09,[46900, 47910, 82990],20 Wenlock Road London United Kingdom N1 7GU
HOME IN A MINUTE LTD,17145536,active,ltd,,,2026-04-09,,2026-04-09,[47910, 74100],87 Lyndhurst Gardens London England N3 1TE
SAV GENERAL TRADING LTD,17145680,active,ltd,,,2026-04-09,,2026-04-09,[46520],71-75 Shelton Street London United Kingdom WC2H 9JQ
VJG CONSULTING LTD,17145697,active,ltd,,,2026-04-09,,2026-04-09,[70229],71-75 Shelton Street London United Kingdom WC2H 9JQ
THE MELDAR GROUP LTD,17145700,active,ltd,,,2026-04-09,,2026-04-09,[47799, 47910, 62090],167-169 Great Portland Street London England W1W 5PF
AMBER HOUSE HOLDINGS LTD,17145843,active,ltd,,,2026-04-09,,2026-04-09,[64209],71-75 Shelton Street London United Kingdom WC2H 9JQ
ZIVOKE LIMITED,17146114,active,ltd,,,2026-04-09,,2026-04-09,[62020, 62090],128 City Road London United Kingdom EC1V 2NX
2 DARWIN STREET FREEHOLD LIMITED,17146126,active,ltd,,,2026-04-09,,2026-04-09,[98000],2 Darwin Street London United Kingdom SE17 1HB
TA.TWO CONSULTANCY LTD,17146123,active,ltd,,,2026-04-09,,2026-04-09,[70210],124-128 City Road London England EC1V 2NX
GRILL N CHILL LTD,17146200,active,ltd,,,2026-04-09,,2026-04-09,[56290],980 London Road Thornton Heath United Kingdom CR7 7PG
ACE TUNA LTD,17146411,active,ltd,,,2026-04-09,,2026-04-09,[55100, 56101],20 Wenlock Road London England N1 7GU
TREEPEACE LIMITED,17146413,active,ltd,,,2026-04-09,,2026-04-09,[47910],93 Tabernacle Street London United Kingdom EC2A 4BA
RBE CONSULTANT LTD,17146431,active,ltd,,,2026-04-09,,2026-04-09,[70229],128 City Road London United Kingdom EC1V 2NX
FIVE RODWAY LTD,17146650,active,ltd,,,2026-04-09,,2026-04-09,[98000],5 Rodway Road London England SW15 5DN
AT BEYOND LIMITED,17146628,active,ltd,,,2026-04-09,,2026-04-09,[62012, 62020, 63110, 70229],71-75 Shelton Street London United Kingdom WC2H 9JQ
KASIA LTD,17146640,active,ltd,,,2026-04-09,,2026-04-09,[47789],66 Paul Street London United Kingdom EC2A 4NA
WALKER-KHAN LIMITED,17146641,active,ltd,,,2026-04-09,,2026-04-09,[60200],Summit House London United Kingdom NW3 6BP
PANDDA SOFTWARE SOLUTIONS LTD,17146631,active,ltd,,,2026-04-09,,2026-04-09,[62012],71-75 Shelton Street London United Kingdom WC2H 9JQ
M SOUL RECORDS LTD,17147039,active,ltd,,,2026-04-09,,2026-04-09,[47910],71-75 Shelton Street London United Kingdom WC2H 9JQ
ZENNON PROPERTY LIMITED,17147025,active,ltd,,,2026-04-09,,2026-04-09,[68209],1 Bevans House London United Kingdom SW18 1GR
KACAN LTD,17147015,active,ltd,,,2026-04-09,,2026-04-09,[47910],71-75 Shelton Street London United Kingdom WC2H 9JQ
CLEAN SEAS LIMITED,17147358,active,ltd,,,2026-04-09,,2026-04-09,[64209],167-169 Great Portland Street, 5th Floor London England W1W 5PF
RKA NEURODEVELOPMENTAL SUPPORT LIMITED,17147335,active,ltd,,,2026-04-09,,2026-04-09,[85600, 86900, 88990],Kingshead House Beaconsfield England HP9 2HN
SSB LOGISTICS AND TRANSPORT LTD,17147478,active,ltd,,,2026-04-09,,2026-04-09,[49410, 52219, 52290, 53202],71-75 Shelton Street London United Kingdom WC2H 9JQ
BIBI'S HOUSE LTD,17147472,active,ltd,,,2026-04-09,,2026-04-09,[10840, 56290],66, 66 Paul Street London United Kingdom EC2A 4NA
SHZ LIMITED,17147483,active,ltd,,,2026-04-09,,2026-04-09,[56102],334-336 Goswell Road London England EC1V 7RP
KNOWDA LIMITED,17147474,active,ltd,,,2026-04-09,,2026-04-09,[90010],2nd Floor Northumberland House 303-306 London England WC1V 7JZ
WELL HALL PREMIER LTD,17147491,active,ltd,,,2026-04-09,,2026-04-09,[47110],150 Well Hall Road London England SE9 6SN
BLACKBIRD HILL STORE LTD,17147479,active,ltd,,,2026-04-09,,2026-04-09,[47110],47 Blackbird Hill London England NW9 8RS
RAVASEC LTD,17147742,active,ltd,,,2026-04-09,,2026-04-09,[62012, 62090],71-75 Shelton Street London United Kingdom WC2H 9JQ
JONATHAN CAPSTAFF LTD,17147752,active,ltd,,,2026-04-09,,2026-04-09,[71121, 71129, 74909],71-75 Shelton Street London United Kingdom WC2H 9JQ
ONCE DREAMED LTD,17147893,active,ltd,,,2026-04-09,,2026-04-09,[63120, 79909],101 King's Cross Road London England WC1X 9LP
ZEN STUDIO CREATIVES LIMITED,17148020,active,ltd,,,2026-04-10,,2026-04-10,[47910, 58110, 59112, 74100],66 Paul Street London United Kingdom EC2A 4NA
AFTRHAUS LTD,17148019,active,ltd,,,2026-04-10,,2026-04-10,[93290],167-169 Great Portland Street London England W1W 5PF
SOCIETE JURIDIQUE LTD,17148016,active,ltd,,,2026-04-10,,2026-04-10,[62020],20 Wenlock Road London England N1 7GU
DURA EVENTS LTD,17148033,active,ltd,,,2026-04-10,,2026-04-10,[82301],198 Richmond Road London United Kingdom E11 4BS
ELIORA ORA LTD,17148222,active,ltd,,,2026-04-10,,2026-04-10,[47910],71-75 Shelton Street London United Kingdom WC2H 9JQ
THE RDRC MEDICS LIMITED,17148219,active,ltd,,,2026-04-10,,2026-04-10,[86210, 86220, 86900],The Long Lodge 265-269 Kingston Road London United Kingdom SW19 3NW
OPSENSE LIMITED,17148199,active,ltd,,,2026-04-10,,2026-04-10,[62012],5 Great James Street London United Kingdom WC1N 3DB
MOONSTONE TECHNOLOGIES LTD,17148197,active,ltd,,,2026-04-10,,2026-04-10,[70229, 71122, 71129, 72190],128 City Road London United Kingdom EC1V 2NX
DOUBLEG ENTERPRISES LTD,17148216,active,ltd,,,2026-04-10,,2026-04-10,[47910],71-75 Shelton Street London United Kingdom WC2H 9JQ
CONNECTED TO THE STREETS LTD,17148608,active,ltd,,,2026-04-10,,2026-04-10,[14190, 46420, 47710, 47910],35 Grafton Way London England W1T 5DB
LGI NORTH AMERICAN I LTD,17148606,active,ltd,,,2026-04-10,,2026-04-10,[70100],120 King's Road London United Kingdom SW3 4TR
BERKIL COMMERCE LTD,17148609,active,ltd,,,2026-04-10,,2026-04-10,[47910],71-75 Shelton Street London United Kingdom WC2H 9JQ
JACK TAYLOR HOLDINGS LIMITED,17148601,active,ltd,,,2026-04-10,,2026-04-10,[64209],9 Great Chesterford Court Great Chesterford United Kingdom CB10 1PF
REM FOODS LIMITED,17148598,active,ltd,,,2026-04-10,,2026-04-10,[46380],71-75 Shelton Street London United Kingdom WC2H 9JQ
FRIGHTMARE FILMS LIMITED,17148602,active,ltd,,,2026-04-10,,2026-04-10,[59111],Flat B London United Kingdom W1T 5NU
SMILE HUB DENTAL HOLDINGS LIMITED,17148594,active,ltd,,,2026-04-10,,2026-04-10,[64209],Figurit Kensington, London United Kingdom W8 7JB
BD MUTHA LTD,17148931,active,ltd,,,2026-04-10,,2026-04-10,[62012],128 City Road London United Kingdom EC1V 2NX
BRITELINE CONSTRUCTION LTD,17148917,active,ltd,,,2026-04-10,,2026-04-10,[41202],1 Avenons Road London England E13 8HU
MARINE 60 LTD,17148923,active,ltd,,,2026-04-10,,2026-04-10,[46380],71-75 Shelton Street London United Kingdom WC2H 9JQ
BEAUTYALLUREAESTHETICS LTD,17148927,active,ltd,,,2026-04-10,,2026-04-10,[96020],Office 18275 182-184 High Street North London United Kingdom E6 2JA
COLEBRIDGE LTD,17148930,active,ltd,,,2026-04-10,,2026-04-10,[70221, 70229],128 City Road London United Kingdom EC1V 2NX
HOWELL HOUSES LTD,17149184,active,ltd,,,2026-04-10,,2026-04-10,[41202],327a Brockley Road London United Kingdom SE4 2QZ
SHOPTERRA LTD,17149177,active,ltd,,,2026-04-10,,2026-04-10,[47910, 47990],13-15 Ridley Road London England E8 2NP
AT EASE ONLINE LTD,17149529,active,ltd,,,2026-04-10,,2026-04-10,[62090, 82990],71-75 Shelton Street London United Kingdom WC2H 9JQ
RLR RIVERPARK PROPCO LIMITED,17149526,active,ltd,,,2026-04-10,,2026-04-10,[68209],4th Floor 140 Aldersgate Street London United Kingdom EC1A 4HY
ASTWICK HOUSE LTD,17149505,active,ltd,,,2026-04-10,,2026-04-10,[43342, 43390, 43910, 43991],C/O The Accountancy Partnership Suite 5, 5th Floor, City Reach London England E14 9NN
POCKET.WORKS LTD,17149507,active,ltd,,,2026-04-10,,2026-04-10,[73110],23 Crossmead London England SE9 3AA
TEO AERO LTD,17149853,active,ltd,,,2026-04-10,,2026-04-10,[33160],167-169 Great Portland Street, 5th Floor London England W1W 5PF
MOREDY LIMITED,17149856,active,ltd,,,2026-04-10,,2026-04-10,[62090, 64921],Dept 6682, 196 High Road London United Kingdom N22 8HH
QORTET LTD,17133810,active,ltd,,,2026-04-02,,2026-04-02,[68100, 68209, 68320],27 Old Gloucester Street London United Kingdom WC1N 3AX
COMPLIMENTS OF THE COMPANY LTD,17149990,active,ltd,,,2026-04-10,,2026-04-10,[59200],167-169 Great Portland Street London England W1W 5PF
BUILDERS QS LTD,17150290,active,ltd,,,2026-04-10,,2026-04-10,[74902],Silverstream House London England W1T 6EB
THE CHILLED GRILL CULTURE LTD,17150583,active,ltd,,,2026-04-11,,2026-04-11,[56102, 56103, 56210],124 City Road London England EC1V 2NX
ILUXIA LTD,17150589,active,ltd,,,2026-04-11,,2026-04-11,[96020],66 Paul Street London United Kingdom EC2A 4NA
GRAND CURATIONS LTD,17150789,active,ltd,,,2026-04-11,,2026-04-11,[47910],124 City  Road London United Kingdom EC1V 2NX
SHAREKTE441 LTD,17150794,active,ltd,,,2026-04-11,,2026-04-11,[46900],275 New N Rd #3110 London United Kingdom N1 7AA
ELITE HEAVY EQUIPMENT SPARE PARTS COMPANY LIMITED,17150982,active,ltd,,,2026-04-11,,2026-04-11,[99999],32 Woodstock Grove London England W12 8LE
PIXYM LIMITED,17150977,active,ltd,,,2026-04-11,,2026-04-11,[62012, 63120, 66190, 74909],Flat 5 104 London Road Oxford England OX3 9AJ
LIGHT YEAR STUDIOS LIMITED,17150978,active,ltd,,,2026-04-11,,2026-04-11,[59200],32 Berwick Street London England W1F 8RL
FABALO LTD,17151216,active,ltd,,,2026-04-11,,2026-04-11,[78101],Apartment 111 Becquerel Court West Parkside London England SE10 0QA
SPOOL TICKETING LTD,17151219,active,ltd,,,2026-04-11,,2026-04-11,[47910, 62012, 63120, 90020],Suite Ra01 195-197 London United Kingdom E17 3NU
AVEN SOCIAL LTD,17151218,active,ltd,,,2026-04-11,,2026-04-11,[62012, 63120],128 City Road London United Kingdom EC1V 2NX
LEMONA CLEANING LIMITED,17151228,active,ltd,,,2026-04-11,,2026-04-11,[81210],27, Premier House Essex Park London United Kingdom N3 1ND
WITNESS INTERNATIONAL LIMITED,17151207,active,ltd,,,2026-04-11,,2026-04-11,[58190],195 Wood Street London England E17 3NU
LENORTECH SOLUTIONS LIMITED,17151297,active,ltd,,,2026-04-11,,2026-04-11,[58290, 62012],128 City Road London United Kingdom EC1V 2NX
SWARMI LTD,17151299,active,ltd,,,2026-04-11,,2026-04-11,[14190, 20420, 46420, 47910],483 Green Lanes London England N13 4BS
DISTRIBY LTD,17151316,active,ltd,,,2026-04-11,,2026-04-11,[46450],71-75 Shelton Street London United Kingdom WC2H 9JQ
VOLTRA TALENT LTD,17151671,active,ltd,,,2026-04-11,,2026-04-11,[78109, 82990],Level 30, The Leadenhall Building London United Kingdom EC3V 4AB
DIGITAL DEMAND LTD,17151662,active,ltd,,,2026-04-11,,2026-04-11,[62090, 73110, 73120],128 City Road London United Kingdom EC1V 2NX
SPICE HUT CHINGFORD LIMITED,17151663,active,ltd,,,2026-04-11,,2026-04-11,[56102, 56103],70 Chingford Mount Road London England E4 9AA
RHR INVICTA LIMITED,17151806,active,ltd,,,2026-04-11,,2026-04-11,[68209],4th Floor 140 Aldersgate Street London United Kingdom EC1A 4HY
FUTURE STARS DEVELOPMENT FOOTBALL LTD,17152040,active,ltd,,,2026-04-11,,2026-04-11,[85510, 93199],167-169 Great Portland Street London England W1W 5PF
PACIFIC TRAINING SOLUTIONS LIMITED,17152047,active,ltd,,,2026-04-11,,2026-04-11,[80100],Solar House 1-9 Romford Road London England E15 4LJ
TUTORIA LTD,17152133,active,ltd,,,2026-04-11,,2026-04-11,[85600],Avicenna House 258-262 Romford Road London England E7 9HZ
PANDA CHINESE LIMITED,17152255,active,ltd,,,2026-04-12,,2026-04-12,[56103],66 Paul Street London England EC2A 4NA
MISTLABS LTD,17152306,active,ltd,,,2026-04-12,,2026-04-12,[47910, 62090, 63120],71-75 Shelton Street London United Kingdom WC2H 9JQ
BABOULENE UN LIMITED,17152456,active,ltd,,,2026-04-12,,2026-04-12,[90030],18 Gavestone Road London England SE12 9BP
MAKERIE HOUSE LTD,17152460,active,ltd,,,2026-04-12,,2026-04-12,[90030],43 Laburnum Grove London England N21 3HT
PALM EQUITY PARTNERS LTD,17152468,active,ltd,,,2026-04-12,,2026-04-12,[70229],Flat 4 Sylvanus House London Road Ascot England SL5 9RY
HIYA VINTAGE LTD,17152692,active,ltd,,,2026-04-12,,2026-04-12,[47910],Flat 2204 Bale House Conington Road London England SE13 7GY
REFLEX RESEARCH TECHNOLOGIES LTD,17152798,active,ltd,,,2026-04-13,,2026-04-13,[63110],71-75 Shelton Street London United Kingdom WC2H 9JQ
ONE UNDER LTD,17152807,active,ltd,,,2026-04-13,,2026-04-13,[82301],66 Paul Street London United Kingdom EC2A 4NA
DAXIE DIARIES LIMITED,17152803,active,ltd,,,2026-04-13,,2026-04-13,[47710, 47910],Suite 146 272 Kensington High Street London United Kingdom W8 6ND
COURSE RADAR LTD,17152805,active,ltd,,,2026-04-13,,2026-04-13,[62090, 63120],Suite Ra01 195-197 Wood Street London United Kingdom E17 3NU
HEALTH INTELLIGENCE GROUP LTD,17153028,active,ltd,,,2026-04-13,,2026-04-13,[86900],Holly Road Medical Centre 2a Holly Road London United Kingdom W4 1NU
AYGENTIS LTD,17153022,active,ltd,,,2026-04-13,,2026-04-13,[62012],71-75 Shelton Street London United Kingdom WC2H 9JQ
KYL22 LTD,17153042,active,ltd,,,2026-04-13,,2026-04-13,[86230],Flat 7 Fairview Court London United Kingdom NW4 1JS
FORTY FIVE PROPERTY LTD,17153335,active,ltd,,,2026-04-13,,2026-04-13,[68100],71-75 Shelton Street London United Kingdom WC2H 9JQ
GEOMARGINS LTD,17153343,active,ltd,,,2026-04-13,,2026-04-13,[72190],128 City Road London United Kingdom EC1V 2NX
POOLE RENOVATION LTD,17153329,active,ltd,,,2026-04-13,,2026-04-13,[47520, 47710, 47910],71-75 Shelton Street London United Kingdom WC2H 9JQ
ARTIUS DESIGNS CONSTRUCTION LIMITED,17153313,active,ltd,,,2026-04-13,,2026-04-13,[41201, 41202, 43210, 43220],128 City Road London United Kingdom EC1V 2NX
AJP ABARTH LTD,17153324,active,ltd,,,2026-04-13,,2026-04-13,[45112, 45200],71-75 Shelton Street London United Kingdom WC2H 9JQ
UH&CO. LTD,17153571,active,ltd,,,2026-04-13,,2026-04-13,[45112, 47910],134 The Vale London England NW11 8SN
THE FOUNDING NARRATIVE LTD,17153587,active,ltd,,,2026-04-13,,2026-04-13,[70229],Unit 1d The Chandlery London England SE1 7QY
REGO SERVICES LTD,17153584,active,ltd,,,2026-04-13,,2026-04-13,[62020],Red Parrot Accounting, Pentax House, South Harrow, London, United Kingdom HA2 0DU
SMH DIGITAL LTD,17153736,active,ltd,,,2026-04-13,,2026-04-13,[47910, 62012],71-75 Shelton Street London United Kingdom WC2H 9JQ
STANDGUARD SECURITY LTD,17153735,active,ltd,,,2026-04-13,,2026-04-13,[80100],Suite Ra01 195-197 Wood Street London United Kingdom E17 3NU
IRONFLEET LIMITED,17153710,active,ltd,,,2026-04-13,,2026-04-13,[64202],Floor 3, Holborn Tower London United Kingdom WC1V 6PL
FERTILITY STRATEGY LIMITED,17153732,active,ltd,,,2026-04-13,,2026-04-13,[86220],24 Chopwell Close London England E15 4RP
TRUEPATH CARE LTD,17153733,active,ltd,,,2026-04-13,,2026-04-13,[78200, 86900, 88100, 88990],507 Crown House London England NW10 7PN
SHAREKTE454 LTD,17153987,active,ltd,,,2026-04-13,,2026-04-13,[46900],275 New N Rd #3110 London United Kingdom N1 7AA
EKANI PARTNERS LTD,17154921,active,ltd,,,2026-04-13,,2026-04-13,[62020],71-75 Shelton Street London United Kingdom WC2H 9JQ
AUREUM STUDIOS UK LTD,17154920,active,ltd,,,2026-04-13,,2026-04-13,[73110],85 Newman Street F1 5 London England W1T 3EU
PROPFLOW AI LIMITED,17155051,active,ltd,,,2026-04-13,,2026-04-13,[62090],128 City Road London United Kingdom EC1V 2NX
EASYMOTION PHYSIOTHERAPY LTD,17155057,active,ltd,,,2026-04-13,,2026-04-13,[86900],Flat 40 Mccabe Court London England E16 4HE
CAPTURA LTD,17155232,active,ltd,,,2026-04-13,,2026-04-13,[72190],71-75 Shelton Street London United Kingdom WC2H 9JQ
A-C VFX LTD,17155244,active,ltd,,,2026-04-13,,2026-04-13,[59120],139 Chelmsford Road London United Kingdom E17 8NP
KIDNAM LIMITED,17155506,active,ltd,,,2026-04-13,,2026-04-13,[88990],Flat 3 City House Croydon England CR0 2NS
KADMAITY SERVICES LTD,17155736,active,ltd,,,2026-04-14,,2026-04-14,[62012],Office 7416bj 182-184 High Street North London United Kingdom E6 2JA
GURHAN LTD,17155731,active,ltd,,,2026-04-14,,2026-04-14,[47910],Office 17764 182-184 High Street North London United Kingdom E6 2JA
IGB SOFT LIMITED,17155738,active,ltd,,,2026-04-14,,2026-04-14,[62020],167-169 Great Portland Street London United Kingdom W1W 5PF
MISAURELIA CONSULTANCY LTD,17155741,active,ltd,,,2026-04-14,,2026-04-14,[82990],27 Old Gloucester St London United Kingdom WC1N 3AX
SHARSHA LTD,17155914,active,ltd,,,2026-04-14,,2026-04-14,[68209],87 Munster Gardens London United Kingdom N13 5DU
MAKITON LTD,17155920,active,ltd,,,2026-04-14,,2026-04-14,[68209],124-128 City Road London England EC1V 2NX
A & P PROPERTIES BATH LTD,17155912,active,ltd,,,2026-04-14,,2026-04-14,[68209],112 Princes Gardens London England W3 0LJ
TACTILE VENTURES LTD,17155983,active,ltd,,,2026-04-14,,2026-04-14,[71122],3 Braxted Park London England SW16 3DW
ALLEVIATE GROUP LTD,17155985,active,ltd,,,2026-04-14,,2026-04-14,[68209],128 City Road London United Kingdom EC1V 2NX
NORTH LONDON INVESTMENT LTD,17155991,active,ltd,,,2026-04-14,,2026-04-14,[68100, 68209],Unit 1 Regents Avenue London United Kingdom N13 5UR
MIXER SOLUTIONS LTD,17156358,active,ltd,,,2026-04-14,,2026-04-14,[42990, 71121, 71122, 71129],20 Wenlock Road London England N1 7GU
KAR ENTREPRENEUR ALLIANCE LONDON LTD,17156371,active,ltd,,,2026-04-14,,2026-04-14,[46390, 62020, 80200],167-169, (5th Floor) Great Portland Street London England W1W 5PF
THE THOUGHT FACTORY LTD,17156589,active,ltd,,,2026-04-14,,2026-04-14,[62012],71-75 Shelton Street London United Kingdom WC2H 9JQ
RESHMOVE LTD,17156761,active,ltd,,,2026-04-14,,2026-04-14,[68100],66 Paul Street London United Kingdom EC2A 4NA
AQUARIUS RIO GROUP LIMITED,17156755,active,ltd,,,2026-04-14,,2026-04-14,[68100, 68209],Flat 1, 50 The Grove London England W5 5LG
BOTANE ELEMENTS LTD,17156777,active,ltd,,,2026-04-14,,2026-04-14,[20420, 46450, 47910],71-75 Shelton Street London United Kingdom WC2H 9JQ
DAKU UK HOLDINGS LIMITED,17146301,active,ltd,,,2026-04-09,,2026-04-09,[64204],140 Brompton Road London England SW3 1HY
SSHK LIMITED,17156932,active,ltd,,,2026-04-14,,2026-04-14,[56210],Flat 602 Corsair House 13 Henley Cross London England SE3 9RZ
VELTHAE EXPORTS LTD,17156938,active,ltd,,,2026-04-14,,2026-04-14,[47910],Unit 126 Second Floor Capital House 61 Amhurst Road, London United Kingdom E8 1LL
KRUSH AEROSPACE LTD,17156935,active,ltd,,,2026-04-14,,2026-04-14,[26110, 30300, 46690, 62012],Cannon Place London United Kingdom EC4N 6AF
AFDC TRANSPORT LTD,17156944,active,ltd,,,2026-04-14,,2026-04-14,[49410],1 Wycherley Close London United Kingdom SE3 7QH
SWIFT ADMINISTRATION SERVICES LIMITED,17156947,active,ltd,,,2026-04-14,,2026-04-14,[66290],28 Church Road London England SW19 5DH
BA&MI LTD,17157091,active,ltd,,,2026-04-14,,2026-04-14,[68209, 86900],20 Wenlock Road London England N1 7GU
CALDERCROFT SURVEYORS LIMITED,17157106,active,ltd,,,2026-04-14,,2026-04-14,[74909],271a Franciscan Road London England SW17 8HE
FORTIS PRIME SOLUTIONS LTD,17157100,active,ltd,,,2026-04-14,,2026-04-14,[78300],167-169 Great Portland Street London England W1W 5PF
SMARTINO TECHNOLOGIES LTD,17157217,active,ltd,,,2026-04-14,,2026-04-14,[58290, 62012, 62020, 63120],71-75 Shelton Street London United Kingdom WC2H 9JQ
RISEORING LTD,17157220,active,ltd,,,2026-04-14,,2026-04-14,[62020, 62090],Mappin House London England W1W 8HF
GLOBAL CREATURES RIGHTS UK LIMITED,17157222,active,ltd,,,2026-04-14,,2026-04-14,[90020],124 Finchley Road London United Kingdom NW3 5JS
PUENTE TRADING GROUP LTD,17157333,active,ltd,,,2026-04-14,,2026-04-14,[46170, 46342, 46900],128 City Road London United Kingdom EC1V 2NX
NOCKI PLAYS LIMITED,17157405,active,ltd,,,2026-04-14,,2026-04-14,[96090],Office 18463 182-184 High Street North London United Kingdom E6 2JA
SKIN BY MARLA LTD,17157631,active,ltd,,,2026-04-14,,2026-04-14,[47910],217 Norbury Crescent London England SW16 4JX
WAKEFIELD ROAD LTD,17157632,active,ltd,,,2026-04-14,,2026-04-14,[68100],Unit 8 Hawthorn Business Park London England NW2 2AZ
GLOBAL FINTECH SYSTEMS LTD,17157876,active,ltd,,,2026-04-14,,2026-04-14,[62012],71-75 Shelton Street London United Kingdom WC2H 9JQ
GREENWICH BEAUTY GARDEN LTD,17157999,active,ltd,,,2026-04-14,,2026-04-14,[96020],10 College Approach London England SE10 9HY
YMG HOLDINGS 2 LTD,17159385,active,ltd,,,2026-04-15,,2026-04-15,[68100],C/O 32 Castlewood Road London England N16 6DW
TEKTO LTD,17159398,active,ltd,,,2026-04-15,,2026-04-15,[58290],45 Holland Gardens London United Kingdom SE9 2AY
WUXI XDC UK LIMITED,17159453,active,ltd,,,2026-04-15,,2026-04-15,[64209],Duo Level 6 London United Kingdom EC2M 4RB
BRIDGEWELL CAPITAL LTD,17159471,active,ltd,,,2026-04-15,,2026-04-15,[64999, 66190],71-75 Shelton Street London United Kingdom WC2H 9JQ
NEMEA ENERGY LTD,17159464,active,ltd,,,2026-04-15,,2026-04-15,[70229],98 Cloudesley Road London England N1 0EB
MBIITA BEAUTY LTD,17159491,active,ltd,,,2026-04-15,,2026-04-15,[20420, 46450, 47750],483 Green Lanes London England N13 4FG
CHEJ PROPERTY LTD,17159482,active,ltd,,,2026-04-15,,2026-04-15,[68209],Suite Ra01 195-197 Wood Street London United Kingdom E17 3NU
ZEN AUTO SECURITY LTD,17159504,active,ltd,,,2026-04-15,,2026-04-15,[80200],5 Brayford Square London England E1 0SG
MINICOZZI COLORECTAL SURGERY LTD,17159526,active,ltd,,,2026-04-15,,2026-04-15,[86220],20 Prospect Place London England E1W 3TJ
NAUGHTYHE LTD,17159542,active,ltd,,,2026-04-15,,2026-04-15,[47910],128 City Road London United Kingdom EC1V 2NX
PROPERTIES MK LTD,17159568,active,ltd,,,2026-04-15,,2026-04-15,[68209],66 Paul Street London United Kingdom EC2A 4NA
JMCLABS LTD,17159558,active,ltd,,,2026-04-15,,2026-04-15,[70229, 73110],71-75 Shelton Street London United Kingdom WC2H 9JQ
TAP55 LTD,17159545,active,ltd,,,2026-04-15,,2026-04-15,[62012, 62020, 62090],167-169 Great Portland Street London England W1W 5PF
DECARO LTD,17159550,active,ltd,,,2026-04-15,,2026-04-15,[62020, 62090],167 - 169 Great Portland Street London England W1W 5PF
SHEPHERD & KLUG PARTNERS LTD,17159600,active,ltd,,,2026-04-15,,2026-04-15,[70229],71-75 Shelton Street London United Kingdom WC2H 9JQ
SOBAR LONDON LTD,17159611,active,ltd,,,2026-04-15,,2026-04-15,[47250],129 Salmon Lane London England E14 7PG
TTTF SUBCO LIMITED,17159638,active,ltd,,,2026-04-15,,2026-04-15,[68100],Unit 8 Hawthorn Business Park London England NW2 2AZ
BRACKSTONE DIGITAL LIMITED,17159711,active,ltd,,,2026-04-15,,2026-04-15,[73110],71-75 Shelton Street London United Kingdom WC2H 9JQ
WE SELL TRAVEL LIMITED,17159709,active,ltd,,,2026-04-15,,2026-04-15,[79110],20 Wenlock Road London England N1 7GU
TTM VISION LTD,17159707,active,ltd,,,2026-04-15,,2026-04-15,[78200, 78300],52-56 Standard Road London England NW10 6EU
SOUTHBOUND PIZZA LTD,17159793,active,ltd,,,2026-04-15,,2026-04-15,[56103],2 Armoury Way London England SW18 1SH
D1 ACCOUNTANTS LTD,17159761,active,ltd,,,2026-04-15,,2026-04-15,[69201, 69202, 69203],Unit 2.3, 2nd Floor, Bank Studios London United Kingdom NW10 7JH
WELLEBIT LTD,17159760,active,ltd,,,2026-04-15,,2026-04-15,[62012, 62090, 74909],34 Finland Street London England SE16 7TP
HAVEN INVESTMENTS AND HOMES LTD,17159763,active,ltd,,,2026-04-15,,2026-04-15,[68100, 68209, 68320],167-169 Great Portland Street London England W1W 5PF
QIBZY GROUP LTD,17159847,active,ltd,,,2026-04-15,,2026-04-15,[11070, 47910],86 Central Park Road London United Kingdom E6 3DY
FERI SOLUTIONS LTD,17159871,active,ltd,,,2026-04-15,,2026-04-15,[47910],Unit 1 83, The Broadway London United Kingdom UB1 1LA
BALLE PUBLISHING LIMITED,17159919,active,ltd,,,2026-04-15,,2026-04-15,[62020],Flat B London United Kingdom SW12 9AP
KONNECT HOUSE GROUP LTD,17159946,active,ltd,,,2026-04-15,,2026-04-15,[70229],124-128 City Road London United Kingdom EC1V 2NX
SYDEN LTD,17159988,active,ltd,,,2026-04-15,,2026-04-15,[62012, 62020, 62090, 70229],180 London Road Romford England RM7 9EU
IPJV STRATFORD CROSS PLOT S2.5 NOMINEE 2 LIMITED,17159983,active,ltd,,,2026-04-15,,2026-04-15,[41100],Level 7 1 Eversholt Street London United Kingdom NW1 2DN
HAVORA SPACES LTD,17160006,active,ltd,,,2026-04-15,,2026-04-15,[68209],Monomark House London England WC1N 3AX
MARMARIS KEBAB MK LTD,17160001,active,ltd,,,2026-04-15,,2026-04-15,[56103],16 Palace Gates Road London England N22 7BN
DATAPORTFOLIOS LTD,17160054,active,ltd,,,2026-04-15,,2026-04-15,[70229],66 Paul Street London United Kingdom EC2A 4NA
CRALE SOFTWARE LIMITED,17160059,active,ltd,,,2026-04-15,,2026-04-15,[62012],Flat 21 Birdbrook House London England N1 8TA
EM STOREY LTD,17160046,active,ltd,,,2026-04-15,,2026-04-15,[74100],21-23 Dartmouth Place London England SE23 3AU
MAIDERVALE LTD,17160118,active,ltd,,,2026-04-15,,2026-04-15,[62020],22 Brondesbury Villas London England NW6 6AA
FAIR WARNING LTD,17160108,active,ltd,,,2026-04-15,,2026-04-15,[68310],128 City Road London United Kingdom EC1V 2NX
HOUSE OF CARTIER BARBERS LTD,17160115,active,ltd,,,2026-04-15,,2026-04-15,[96020],66 Paul Street London United Kingdom EC2A 4NA
SMASHNGRAB LIMITED,17160109,active,ltd,,,2026-04-15,,2026-04-15,[56103],Flat 58 Norton House London England E1 2PL
TEAK AND TEXTILE LTD,17160141,active,ltd,,,2026-04-15,,2026-04-15,[47910],66 Paul Street London United Kingdom EC2A 4NA
CEM GLOBAL LIMITED,17160134,active,ltd,,,2026-04-15,,2026-04-15,[70229],71-75 Shelton Street London United Kingdom WC2H 9JQ
BESA BRANDS LTD,17160146,active,ltd,,,2026-04-15,,2026-04-15,[46342],128 City Road London United Kingdom EC1V 2NX
THE WIG BAR & CO. LTD,17160244,active,ltd,,,2026-04-15,,2026-04-15,[47750],66 Paul Street London United Kingdom EC2A 4NA
DAT VIET LIMITED,17160221,active,ltd,,,2026-04-15,,2026-04-15,[56101],74 Westow Street London United Kingdom SE19 3AF
HOFFLAND INVESTMENTS LTD,17160296,active,ltd,,,2026-04-15,,2026-04-15,[68100],Unit 1 Pride House London England N15 4FB
CIOUS LTD,17160286,active,ltd,,,2026-04-15,,2026-04-15,[47910],20 Wenlock Road London England N1 7GU
PANDA BOOST LTD,17160321,active,ltd,,,2026-04-15,,2026-04-15,[62012, 63990, 70229, 73110],71-75 Shelton Street London United Kingdom WC2H 9JQ
ELIXYR LONDON LIMITED,17160325,active,ltd,,,2026-04-15,,2026-04-15,[47750],71-75 Shelton Street London United Kingdom WC2H 9JQ
GUDIX GLOBAL LTD,17160379,active,ltd,,,2026-04-15,,2026-04-15,[47910, 62090, 63120, 73110],71-75 Shelton Street London United Kingdom WC2H 9JQ
LYSA WELLNESS LTD,17160382,active,ltd,,,2026-04-15,,2026-04-15,[47910],71-75 Shelton Street London United Kingdom WC2H 9JQ
NMKCOMMERCE LTD,17160407,active,ltd,,,2026-04-15,,2026-04-15,[47910],71-75 Shelton Street London United Kingdom WC2H 9JQ
NOISSIME LTD.,17160439,active,ltd,,,2026-04-15,,2026-04-15,[62012],71-75 Shelton Street London United Kingdom WC2H 9JQ
COLUMN&CO LTD,17160441,active,ltd,,,2026-04-15,,2026-04-15,[78109, 78200, 78300],128 City Road London United Kingdom EC1V 2NX
MUNDAY GOLF LIMITED,17160456,active,ltd,,,2026-04-15,,2026-04-15,[47640, 47910],71-75 Shelton Street London United Kingdom WC2H 9JQ
ONWARDS AUTO LTD,17160458,active,ltd,,,2026-04-15,,2026-04-15,[77110],71-75 Shelton Street London United Kingdom WC2H 9JQ
SMOKE & ROLL LTD,17160462,active,ltd,,,2026-04-15,,2026-04-15,[56103],14 Beecroft Road London United Kingdom SE4 2BS
STRENGTH AND CONDITIONING FACTORY LTD,17160477,active,ltd,,,2026-04-15,,2026-04-15,[93199, 93290],71-75 Shelton Street London United Kingdom WC2H 9JQ
IFORGEAPPS LTD,17160532,active,ltd,,,2026-04-15,,2026-04-15,[62012],71-75 Shelton Street London United Kingdom WC2H 9JQ
SIRISAVANA LTD,17160566,active,ltd,,,2026-04-15,,2026-04-15,[81222],66 Paul Street London United Kingdom EC2A 4NA
DOMVESTA LTD,17160565,active,ltd,,,2026-04-15,,2026-04-15,[68310],66 Paul Street London United Kingdom EC2A 4NA
PHOENIX TRADE LTD,17160613,active,ltd,,,2026-04-15,,2026-04-15,[46740, 46900, 70229],Office 408, Screenworks 22 Highbury Grove London United Kingdom N5 2ER
PAINTINGS LASKA LTD,17160715,active,ltd,,,2026-04-15,,2026-04-15,[43341],Flat 32 John Keall House London England SW15 1DJ
METROPOLITAN DINING LTD,17160706,active,ltd,,,2026-04-15,,2026-04-15,[56101],104 Highbury Park London United Kingdom N5 2XE
GRILL & JUICE LTD,17160716,active,ltd,,,2026-04-15,,2026-04-15,[56103],66 Paul Street London United Kingdom EC2A 4NA
TEKTC GROUP LTD,17160743,active,ltd,,,2026-04-16,,2026-04-16,[62012, 62020, 62090, 63110],Tektc, 71-75, 71-75 Shelton Street London United Kingdom WC2H 9JQ
ARTEMIS MANAGED SOLUTIONS LIMITED,17160984,active,ltd,,,2026-04-16,,2026-04-16,[82990],124 City Road London England EC1V 2NX
BLENCOWE RESEARCH LIMITED,17160972,active,ltd,,,2026-04-16,,2026-04-16,[70229],2 Alexa Court London United Kingdom W8 6JL
JUDA DEVELOPMENTS LIMITED,17160980,active,ltd,,,2026-04-16,,2026-04-16,[62011],4-6 Greatorex Street London England E1 5NF
PBR SOFTWARE LTD,17161045,active,ltd,,,2026-04-16,,2026-04-16,[62011, 62012],71-75 Shelton Street London United Kingdom WC2H 9JQ
PADEL ROAMING LTD,17161035,active,ltd,,,2026-04-16,,2026-04-16,[79110],Flat 45 Lorraine Court London England NW1 8SG
BRITANNIA ONLINE COURSES LTD,17161039,active,ltd,,,2026-04-16,,2026-04-16,[74100, 85590, 85600],128 City Road London United Kingdom EC1V 2NX
FROM THE RAILS LTD,17161142,active,ltd,,,2026-04-16,,2026-04-16,[63990],195-197, Suite Ra01 Wood Street London United Kingdom E17 3NU
ROGER MICHAELS INVESTMENTS LTD,17161137,active,ltd,,,2026-04-16,,2026-04-16,[68100, 68209, 68320],128 City Road London United Kingdom EC1V 2NX
NESTA CAPITAL LIMITED,17161177,active,ltd,,,2026-04-16,,2026-04-16,[64209],3rd Floor Marlborough House London England N3 2SZ
SMFLOW LTD,17161173,active,ltd,,,2026-04-16,,2026-04-16,[62012, 62020, 62090],167-169 Great Portland Street London England W1W 5PF
AHWAN CAPITAL LTD,17161174,active,ltd,,,2026-04-16,,2026-04-16,[73110],130 Geere Road London United Kingdom E15 3PW
THE ORGANISATIONAL DEVELOPMENT COMPANY LTD,17161169,active,ltd,,,2026-04-16,,2026-04-16,[70229, 85590],20 Wenlock Road London England N1 7GU
GAMMAINFRA LTD,17161196,active,ltd,,,2026-04-16,,2026-04-16,[62012],66 Paul Street London England EC2A 4NA
PAPWORTH KEBAB LTD,17161189,active,ltd,,,2026-04-16,,2026-04-16,[47990, 56103],500 White Hart Lane London England N17 7NA
GOOD GROWTH CONSULTANCY LTD,17161198,active,ltd,,,2026-04-16,,2026-04-16,[70229],105 Hampton Road London England E7 0NX
FOLLOW THE NIGHTJAR LTD,17161230,active,ltd,,,2026-04-16,,2026-04-16,[90030],C/O Tc Citroen Wells Limited 3 Dorset Rise England EC4Y 8EN
KHODORA LTD,17161279,active,ltd,,,2026-04-16,,2026-04-16,[62012],66 Paul Street London United Kingdom EC2A 4NA
NOVORACO LTD,17161257,active,ltd,,,2026-04-16,,2026-04-16,[47910],Suite 10729 5 Brayford Square London United Kingdom E1 0SG
MR ELEVATE CONSTRUCTION LTD,17161258,active,ltd,,,2026-04-16,,2026-04-16,[41100, 41201, 41202],46 Lark Row London United Kingdom E2 9JA
YH FINANCE LIMITED,17161262,active,ltd,,,2026-04-16,,2026-04-16,[58190, 63990, 73110],71-75 Shelton Street London United Kingdom WC2H 9JQ
P&P INTERNATIONAL LTD,17161297,active,ltd,,,2026-04-16,,2026-04-16,[47910],71-75 Shelton Street London United Kingdom WC2H 9JQ
LJJE VENTURES LTD,17161380,active,ltd,,,2026-04-16,,2026-04-16,[41100, 64209, 68100, 68209],Seymour Chambers Liverpool United Kingdom L3 5NW
6T5 TECH LIMITED,17161377,active,ltd,,,2026-04-16,,2026-04-16,[58290],94-96 Seymour Place London England W1H 1NB
BRAND CAPITAL III LIMITED,17161357,active,ltd,,,2026-04-16,,2026-04-16,[64209],8th Floor 167 Fleet Street London United Kingdom EC4A 2EA
NG HOME CLEANERS LTD,17161366,active,ltd,,,2026-04-16,,2026-04-16,[81210, 81222],71-75 Shelton Street London United Kingdom WC2H 9JQ
ROYALLY ROOTED LTD,17161405,active,ltd,,,2026-04-16,,2026-04-16,[46220, 47760],71-75 Shelton Street London United Kingdom WC2H 9JQ
XERTZ INDUSTRIES LTD,17161423,active,ltd,,,2026-04-16,,2026-04-16,[62012],42 Charles Ii Place London England SW3 4NG
CLOUD NIGHT LTD,17161463,active,ltd,,,2026-04-16,,2026-04-16,[68310],28 The Mall London United Kingdom N14 6LN
LANSTAR VIEW LTD,17161562,active,ltd,,,2026-04-16,,2026-04-16,[68100, 68209],6 Linthorpe Road London England N16 5RF
JFP TRADING LTD,17161645,active,ltd,,,2026-04-16,,2026-04-16,[47910],195-197, Suite Ra01 Wood Street London United Kingdom E17 3NU
LAN BUSINESS CONSULTING LTD,17161633,active,ltd,,,2026-04-16,,2026-04-16,[70229],2nd Floor College House Ruislip, United Kingdom HA4 7AE
HOTEL GRAND LTD,17161640,active,ltd,,,2026-04-16,,2026-04-16,[55100],Tulip House Amory Towers 205 Marsh Wall London United Kingdom E14 9TW
WAREHOUSE REGISTRATION SERVICE LTD,17161657,active,ltd,,,2026-04-16,,2026-04-16,[82990],First Floor London England EC2A 2EP
SYNTRIC LIMITED,17161652,active,ltd,,,2026-04-16,,2026-04-16,[64209],565 Green Lanes London England N8 0RL
CERTIQ LTD,17161665,active,ltd,,,2026-04-16,,2026-04-16,[43210, 71129, 71200, 74909],128 City Road London United Kingdom EC1V 2NX
LASTMAN PROPERTY SERVICES LIMITED,17161685,active,ltd,,,2026-04-16,,2026-04-16,[58290],71-75 Shelton Street London United Kingdom WC2H 9JQ
BITOCHON C&S LTD,17161693,active,ltd,,,2026-04-16,,2026-04-16,[68100],86 Hillside Road London England N15 6NB
AXELORIX LIMITED,17161690,active,ltd,,,2026-04-16,,2026-04-16,[82990],128 City Road London United Kingdom EC1V 2NX
CHAT SETTING PROGRAM LTD,17161701,active,ltd,,,2026-04-16,,2026-04-16,[63990],71-75 Shelton Street London United Kingdom WC2H 9JQ
SEVENERGY LTD,17161717,active,ltd,,,2026-04-16,,2026-04-16,[46690, 46730, 46900, 74909],71-75 Shelton Street London United Kingdom WC2H 9JQ
SYNCOG LIMITED,17161710,active,ltd,,,2026-04-16,,2026-04-16,[62020, 70229, 72200, 74909],71-75 Shelton Street London United Kingdom WC2H 9JQ
PIVOT ENGINEERING LTD,17161707,active,ltd,,,2026-04-16,,2026-04-16,[71121, 71122],66 Paul Street London United Kingdom EC2A 4NA
GOB LTD,17161765,active,ltd,,,2026-04-16,,2026-04-16,[86210],5 Baxter Close Uxbridge England UB10 0DE
ACCELERATED SERVICES LTD,17161775,active,ltd,,,2026-04-16,,2026-04-16,[62012, 62020],66 Paul Street London England EC2A 4NA
SEARCH THE LAW GROUP LTD,17161794,active,ltd,,,2026-04-16,,2026-04-16,[62020, 63110],71-75 Shelton Street London United Kingdom WC2H 9JQ
ASTYA LTD,17161824,active,ltd,,,2026-04-16,,2026-04-16,[68209],14/2g Docklands Business Centre London United Kingdom E14 8PX
JS CORE LIMITED,17161855,active,ltd,,,2026-04-16,,2026-04-16,[59113, 71122, 74909],167-169 Great Portland Street London United Kingdom W1W 5PF
LUCIDA VENTURES LTD,17161862,active,ltd,,,2026-04-16,,2026-04-16,[70229],124 City Road London England EC1V 2NX
SOVEREIGN AI SERVICES UK LIMITED,17161880,active,ltd,,,2026-04-16,,2026-04-16,[62012, 62020, 62090, 63110],1st Floor 70 Mark Lane London United Kingdom EC3R 7NQ
KINGSWOOD ASSET MANAGEMENT LTD,17161939,active,ltd,,,2026-04-16,,2026-04-16,[68100],71-75 Shelton Street London United Kingdom WC2H 9JQ
CUREITALL LTD,17161921,active,ltd,,,2026-04-16,,2026-04-16,[62020],71-75 Shelton Street London United Kingdom WC2H 9JQ
ROSOLSKI LTD,17161935,active,ltd,,,2026-04-16,,2026-04-16,[49410],590 Kingston Road London England SW20 8DN
GM PERFORMANCE CREATIVE LTD,17161993,active,ltd,,,2026-04-16,,2026-04-16,[70229, 73110],Flat 13, 316 Camberwell New Road London United Kingdom SE5 0AG
BRYGE TECHNOLOGIES LIMITED,17161995,active,ltd,,,2026-04-16,,2026-04-16,[62012],64 Nile Street London England N1 7SR
FAST AND TRACK REMOVALS LTD,17162035,active,ltd,,,2026-04-16,,2026-04-16,[49420, 81210],100 Woodmansterne Road London England SW16 5UQ
SUPERIOR RENTALS LTD,17162038,active,ltd,,,2026-04-16,,2026-04-16,[77110],21 Yarmouth Crescent London England N17 9PG
OCTO CRAFT LTD,17162040,active,ltd,,,2026-04-16,,2026-04-16,[15120, 47890, 47910],124-128 City Road London England EC1V 2NX
ORBSIGHT LTD,17162020,active,ltd,,,2026-04-16,,2026-04-16,[70229, 71122, 72190],71-75 Shelton Street London United Kingdom WC2H 9JQ
INTEGRATE DIGITAL LIMITED,17162093,active,ltd,,,2026-04-16,,2026-04-16,[62012],71-75 Shelton Street London United Kingdom WC2H 9JQ
RUCOMPLIANT LTD,17162097,active,ltd,,,2026-04-16,,2026-04-16,[62012],128 City Road London United Kingdom EC1V 2NX
BLOOMS GROUP LTD,17162103,active,ltd,,,2026-04-16,,2026-04-16,[64209],167-169 Great Portland Street London England W1W 5PF
ANISEED SPICE LIMITED,17162110,active,ltd,,,2026-04-16,,2026-04-16,[56102, 56103],90 High Street South London England E6 3RL
AFA STORE LTD,17162106,active,ltd,,,2026-04-16,,2026-04-16,[47910],128 City Road London United Kingdom EC1V 2NX
JAUNATIS LUNATION LIMITED,17162200,active,ltd,,,2026-04-16,,2026-04-16,[68209],C/O Ifs Limited London England SE1 2RE
BLACK ENVOY SOLUTION LIMITED,17162199,active,ltd,,,2026-04-16,,2026-04-16,[62012, 70229],66 Paul Street London United Kingdom EC2A 4NA
DOJO VAN REL KARATE LTD,17162209,active,ltd,,,2026-04-16,,2026-04-16,[85510],27 Mortimer Street London United Kingdom W1T 3BL
SCENEPULSE LTD,17162221,active,ltd,,,2026-04-16,,2026-04-16,[62012, 62090, 63110, 63120],20 Wenlock Road London England N1 7GU
TATTLERS LTD,17162278,active,ltd,,,2026-04-16,,2026-04-16,[63120],66 Paul Street London United Kingdom EC2A 4NA
EVERFACTURE LTD,17162269,active,ltd,,,2026-04-16,,2026-04-16,[62012],Office 18481 182-184 High Street North London United Kingdom E6 2JA
GARDEN 01 LTD,17162265,active,ltd,,,2026-04-16,,2026-04-16,[56101],Unit 87 Mill Mead Road London England N17 9QU
CALM TRAVELS LTD,17142158,active,ltd,,,2026-04-08,,2026-04-08,[79110],49 Butchers Road 49 Butchers Road London England E16 1PH
PALMTREE LEISURE LIMITED,17162355,active,ltd,,,2026-04-16,,2026-04-16,[46499],Unit 38 Kilburn Square Market London England NW6 6PJ
DENT DOCTOR GARAGE LTD,17162442,active,ltd,,,2026-04-16,,2026-04-16,[45200, 45320],83 Amersham Avenue London United Kingdom N18 1DU
MIRAE ADVISORY LTD,17162447,active,ltd,,,2026-04-16,,2026-04-16,[62020],71-75 Shelton Street London United Kingdom WC2H 9JQ
TWO SNOWHILL JVCO LTD,17162466,active,ltd,,,2026-04-16,,2026-04-16,[68209],54 Portland Place London United Kingdom W1B 1DY
BUYPORT LTD,17162468,active,ltd,,,2026-04-16,,2026-04-16,[47910, 47990],Unit #2728 275 New North Road London England N1 7AA
UNITED STAFFING SOLUTIONS LTD,17162519,active,ltd,,,2026-04-16,,2026-04-16,[78200],182-184 High Street North London England E6 2JA
PETALS & PEARLS LONDON LTD,17136714,active,ltd,,,2026-04-04,,2026-04-04,[56102, 90040, 93290],71-75 Shelton Street London United Kingdom WC2H 9JQ
VIRGIL MIDCO 1 LIMITED,17162508,active,ltd,,,2026-04-16,,2026-04-16,[64209],Duo Level 6 London United Kingdom EC2M 4RB
MR GADGETS IN GREENWICH LTD,17162568,active,ltd,,,2026-04-16,,2026-04-16,[47421, 95120],189 Trafalgar Road London England SE10 9EQ
ZANVIRO GROUP LTD,17162567,active,ltd,,,2026-04-16,,2026-04-16,[81210, 81222],128 City Road London United Kingdom EC1V 2NX
RANCHEROS PUBLISHING LTD,17162612,active,ltd,,,2026-04-16,,2026-04-16,[58110],Suite Ra01 195-197 Wood Street London England E17 3NU
HOMSTEAD LTD,17162609,active,ltd,,,2026-04-16,,2026-04-16,[68100],Flat 18 Avigdor Mews London England N16 0QJ
LONDONTECHSYSTEMPVT LTD,17162705,active,ltd,,,2026-04-16,,2026-04-16,[46310, 46341, 47210],10 Node House Alfred Road London United Kingdom W3 6LH
TRUE NOISE LTD,17162702,active,ltd,,,2026-04-16,,2026-04-16,[47910, 62012, 63110, 73110],71-75 Shelton Street London United Kingdom WC2H 9JQ
MIR INTERNATIONAL IMPORT LTD,17162690,active,ltd,,,2026-04-16,,2026-04-16,[46350, 47260],155 Fore Street London England N18 2XB
CLINLABEL LTD,17162726,active,ltd,,,2026-04-16,,2026-04-16,[62020],20 Wenlock Road London England N1 7GU
DRISCOLL PRECAST LIMITED,17162716,active,ltd,,,2026-04-16,,2026-04-16,[43999],20 Wenlock Road London England N1 7GU
CLR BUILDING LTD,17162733,active,ltd,,,2026-04-16,,2026-04-16,[41201, 41202, 43999],33 Avenue Road London England N15 5JG
CRYSTALS HEAVEN LTD,17162766,active,ltd,,,2026-04-16,,2026-04-16,[47910],31 Hall Lane London England NW4 4TJ
LAI DIGITAL HOLDINGS LTD,17162782,active,ltd,,,2026-04-16,,2026-04-16,[70100],128 City Road London United Kingdom EC1V 2NX
UNIVERSAL PERFUME LTD,17162786,active,ltd,,,2026-04-16,,2026-04-16,[20420],142e Shakespeare Road London United Kingdom W7 1LX
YAMIN CATERERS’S LIMITED,17162826,active,ltd,,,2026-04-16,,2026-04-16,[56103, 56210, 56290],35 Plashet Grove London England E6 1AD
ALMARDOUD LIMITED,17162842,active,ltd,,,2026-04-16,,2026-04-16,[68100, 68209, 68310],5 Brayford Square London England E1 0SG
ZAYNA MOROCCAN HERITAGE LTD,17162857,active,ltd,,,2026-04-16,,2026-04-16,[47910],Flat 32, Falmouth House London United Kingdom W2 2NT
448 SUPPLIES LTD,17162915,active,ltd,,,2026-04-16,,2026-04-16,[46900],66 Paul Street London England EC2A 4NA
SELECTEL LTD,17162924,active,ltd,,,2026-04-16,,2026-04-16,[62012],167-169 Great Portland Street London England W1W 5PF
YSCEY BAKERY LTD,17163029,active,ltd,,,2026-04-16,,2026-04-16,[10710, 47240, 56102, 70229],Office 403 Screenworks 22 Highbury Grove London United Kingdom N5 2ER
ADONIS LEGAL LIMITED,17163107,active,ltd,,,2026-04-16,,2026-04-16,[69109],Flat 6 Colwall House London England SW9 0TY
LUCY & CO. PROPERTY SOLUTIONS LTD,17163113,active,ltd,,,2026-04-16,,2026-04-16,[68209, 82990],71-75 Shelton Street London England WC2H 9JQ
MN NETWORKS SOLUTIONS LTD,17163141,active,ltd,,,2026-04-16,,2026-04-16,[62020],Flat 1001 Royal Captain Court 26 Arniston Way London England E14 0QQ
LOCAL EXPRESS FB LTD,17163147,active,ltd,,,2026-04-16,,2026-04-16,[47110],43 Chigwell Road London England E18 1NG
PEPO CATERING LIMITED,17163138,active,ltd,,,2026-04-16,,2026-04-16,[56210],160a Uxbridge Road London England W13 8SB
ATIF PROPERTY SERVICES LTD,17163184,active,ltd,,,2026-04-17,,2026-04-17,[49420, 68209, 68310, 68320],115 Wadham Road London England E17 4HR
SPECIALIST KRIAH LTD,17163179,active,ltd,,,2026-04-17,,2026-04-17,[85590],C/O 28 Lynmouth Road London England N16 6XL
BIELA CART LIMITED,17163175,active,ltd,,,2026-04-17,,2026-04-17,[47910],133 Woolacombe Road London England SE3 8QP
GRO.AG LTD,17163230,active,ltd,,,2026-04-17,,2026-04-17,[01500, 01610],66 Paul Street London United Kingdom EC2A 4NA
XSKYLIGHT LTD,17163237,active,ltd,,,2026-04-17,,2026-04-17,[43210, 63110, 71122, 71129],167-169 Great Portland Street, 5th Floor London England W1W 5PF
TOMA & CO ESTATES LTD,17163313,active,ltd,,,2026-04-17,,2026-04-17,[68209],695 High Road London England N12 0BT
COMFYCHIC LTD,17163387,active,ltd,,,2026-04-17,,2026-04-17,[46160, 46180, 46190],128 City Road London United Kingdom EC1V 2NX
KLYVEN LTD,17163360,active,ltd,,,2026-04-17,,2026-04-17,[47910, 47990],Flat 15 Heath Court London England SE9 2BB
DEVELOPMENT SPRINT LTD,17163377,active,ltd,,,2026-04-17,,2026-04-17,[70229],78 Marten Road London United Kingdom E17 4NN
DAUGHTERSANDSONS LTD,17163433,active,ltd,,,2026-04-17,,2026-04-17,[81210],66 Paul Street London United Kingdom EC2A 4NA
MERCAN HOUSE LTD,17163446,active,ltd,,,2026-04-17,,2026-04-17,[74100],6 Shirley Road London England W4 1DD
MOONLIGHT AGENTS LTD,17161179,active,ltd,,,2026-04-16,,2026-04-16,[58290, 62012, 62020],66 Paul Street London England EC2A 4NA
AREYOUONTOPPROD.COM LTD,17163453,active,ltd,,,2026-04-17,,2026-04-17,[63110, 63120],Flat 6a Hamilton House London England E3 4NJ
HRONIX LTD,17163543,active,ltd,,,2026-04-17,,2026-04-17,[47910],International House London United Kingdom E14 9XL
N.E.O - NORTH EAST OPERATOR LTD,17163527,active,ltd,,,2026-04-17,,2026-04-17,[49320],Suite Ra01 195-197 Wood Street London United Kingdom E17 3NU
HTP PRODUCTIONS LTD,17163578,active,ltd,,,2026-04-17,,2026-04-17,[59111, 59120, 64202],1 Doughty Street London England WC1N 2PH
FARATOWAY LTD,17163586,active,ltd,,,2026-04-17,,2026-04-17,[47910],Unit 286 48 Waterside Heights London United Kingdom E16 2GP
CSZ CONSTRUCTION LTD,17163590,active,ltd,,,2026-04-17,,2026-04-17,[43999],129 Station Road Hendon England NW4 4NJ
SWITCHING SOLUTIONS LTD,17163612,active,ltd,,,2026-04-17,,2026-04-17,[71122],66 Paul Street London United Kingdom EC2A 4NA
JSD HR SOLUTIONS LTD,17163675,active,ltd,,,2026-04-17,,2026-04-17,[78300],20 Wenlock Road London England N1 7GU
YGGDRASIL INITIATIVE LTD,17163722,active,ltd,,,2026-04-17,,2026-04-17,[64209],71-75 Shelton Street London United Kingdom WC2H 9JQ
BAD TURTLE CONSULTING LTD,17163699,active,ltd,,,2026-04-17,,2026-04-17,[70229],128 City Road London United Kingdom EC1V 2NX
CANDGCLEARANCE LTD,17163709,active,ltd,,,2026-04-17,,2026-04-17,[38110],128 City Road London United Kingdom EC1V 2NX
HALVERON LIMITED,17163703,active,ltd,,,2026-04-17,,2026-04-17,[82110, 82990],128 City Road London United Kingdom EC1V 2NX
FOREIGNMONEY888 LTD,17159425,active,ltd,,,2026-04-15,,2026-04-15,[47910],Flat A, 9 London United Kingdom W14 0SP
FORTIS BALANCE LTD,17159424,active,ltd,,,2026-04-15,,2026-04-15,[69202],124 City Road London United Kingdom EC1V 2NX
VINCO CONSULTANCY LIMITED,17159594,active,ltd,,,2026-04-15,,2026-04-15,[62020, 62090, 63990],34 St. Andrews Close London United Kingdom SE28 8NZ
EDIFY AND GROW LTD,17159584,active,ltd,,,2026-04-15,,2026-04-15,[70229],66 Paul Street London United Kingdom EC2A 4NA
FIKA  BAKEHOUSE LTD,17159581,active,ltd,,,2026-04-15,,2026-04-15,[56102],32 Willoughby Road London England N8 0JG
COLIMIT LIMITED,17159591,active,ltd,,,2026-04-15,,2026-04-15,[62020, 70229],71-75 Shelton Street London United Kingdom WC2H 9JQ
LEXCUR LTD,17159585,active,ltd,,,2026-04-15,,2026-04-15,[47910],71-75 Shelton Street London United Kingdom WC2H 9JQ
ALCHEMY DATA LTD,17159626,active,ltd,,,2026-04-15,,2026-04-15,[62012],66 Paul Street London United Kingdom EC2A 4NA
SORSA CONSULTING GROUP LIMITED,17159622,active,ltd,,,2026-04-15,,2026-04-15,[70229, 80300, 82990],167-169 Great Portland Street London England W1W 5PF
RIVERSTONE SUPPLY LTD,17159624,active,ltd,,,2026-04-15,,2026-04-15,[46900, 49410, 52290, 82990],128 City Road London United Kingdom EC1V 2NX
II GENIUS LTD,17159625,active,ltd,,,2026-04-15,,2026-04-15,[47910],84 Katherine Road London England E6 1EN
EMPORIUM FRUITS LIMITED,17159677,active,ltd,,,2026-04-15,,2026-04-15,[47810],Argyle Court London England N7 7QR
ORDUNATI LTD,17159685,active,ltd,,,2026-04-15,,2026-04-15,[47710, 47820],66 Paul Street London United Kingdom EC2A 4NA
NAKADI LIVE LIMITED,17159687,active,ltd,,,2026-04-15,,2026-04-15,[61100, 61200, 61300, 62090],71-75 Shelton Street London United Kingdom WC2H 9JQ
PRIMESPACE STAGING LTD,17159688,active,ltd,,,2026-04-15,,2026-04-15,[74100],Suite Ra01, 195-197, London Virtual Address Wood Street London United Kingdom E17 3NU
MANDA MEDIA LTD,17159719,active,ltd,,,2026-04-15,,2026-04-15,[73120],66 Paul Street London United Kingdom EC2A 4NA
RUPOSH ESTATES LTD,17159728,active,ltd,,,2026-04-15,,2026-04-15,[68209],98 Commercial Road London England E1 1NU
THE BARRISTERS CLERK LIMITED,17159731,active,ltd,,,2026-04-15,,2026-04-15,[99999],167 - 169 Great Portland Street London England W1W 5PF
HANS RESIDENTIAL CARE LTD,17159736,active,ltd,,,2026-04-15,,2026-04-15,[87900],3rd Floor, 86-90 Paul Street London United Kingdom EC2A 4NE
LYRIC SOLUTIONS LIMITED,17159754,active,ltd,,,2026-04-15,,2026-04-15,[46900],124-128 City Road London England EC1V 2NX
KNIGHT VENTURES LTD,17159751,active,ltd,,,2026-04-15,,2026-04-15,[56210, 62020, 93290],Flat 8 Downy House London England W3 7FE
GRESHAM HOUSE EUROPEAN CARBON FORESTRY (UK) LIMITED,17159817,active,ltd,,,2026-04-15,,2026-04-15,[64209],5 New Street Square London United Kingdom EC4A 3TW
JRGTECH LTD,17159801,active,ltd,,,2026-04-15,,2026-04-15,[47650],128 City Road London United Kingdom EC1V 2NX
CARESTOCK LTD,17159816,active,ltd,,,2026-04-15,,2026-04-15,[62012, 63990],3rd Floor Suite London United Kingdom W1B 3HH
DEMIRHAN COFFEE LTD,17159824,active,ltd,,,2026-04-15,,2026-04-15,[56102],3a Station Parade London England W5 3LD
AXIOM RESOURCES LIMITED,17159812,active,ltd,,,2026-04-15,,2026-04-15,[70229],30 Jason Walk London United Kingdom SE9 3DH
ZOB COACHING AND CONSULTING LTD,17159863,active,ltd,,,2026-04-15,,2026-04-15,[70229, 85590],167-169 Great Portland Street London United Kingdom W1W 5PF
HAVE A BAKE LIMITED,17159869,active,ltd,,,2026-04-15,,2026-04-15,[47240],12 Barley Walk London England SW18 1UL
VOLTBERG LIMITED,17159856,active,ltd,,,2026-04-15,,2026-04-15,[35120, 45310],Apartment 16 Eustace Building London England SW11 8NT
BLETCHLEY PARK FUNDING 2026-1 HOLDINGS LIMITED,17159904,active,ltd,,,2026-04-15,,2026-04-15,[64999],10th Floor 5 Churchill Place London United Kingdom E14 5HU
CORE PRACTICE TRAINING LTD,17159925,active,ltd,,,2026-04-15,,2026-04-15,[82990, 85590],71-75 Shelton Street London United Kingdom WC2H 9JQ
PHOOBOO LTD,17159971,active,ltd,,,2026-04-15,,2026-04-15,[25110],66 Paul Street London United Kingdom EC2A 4NA
COOKE FILMS LIMITED,17159963,active,ltd,,,2026-04-15,,2026-04-15,[59113],Luthers Farm London England E4 7RF
ECHELON PRIVATE LTD,17159964,active,ltd,,,2026-04-15,,2026-04-15,[70229],138 Covelees Wall London United Kingdom E6 6WF
RXLINE LTD,17160093,active,ltd,,,2026-04-15,,2026-04-15,[62012],128 City Road London United Kingdom EC1V 2NX
APEX LAB SERVICE LIMITED,17160094,active,ltd,,,2026-04-15,,2026-04-15,[87900],707a Clive Court Maida Vale London England W9 1SG
SCM FAMILY HOMES LTD,17160085,active,ltd,,,2026-04-15,,2026-04-15,[68100, 68209],72 Hadley Street London England NW1 8TA
MY DREAM PRINTING LIMITED,17160084,active,ltd,,,2026-04-15,,2026-04-15,[18129],44 Broadway London England E15 1XH
ZENTRA SPORTS TECHNOLOGIES LIMITED,17160175,active,ltd,,,2026-04-15,,2026-04-15,[62020],167-169 Great Portland Street London United Kingdom W1W 5PF
MMEDIALINK LTD,17160174,active,ltd,,,2026-04-15,,2026-04-15,[61300, 73120],167-169 Great Portland Street London United Kingdom W1W 5PF
UNIQUE CAPITAL LIMITED,17160153,active,ltd,,,2026-04-15,,2026-04-15,[64209, 64991, 70229],71-75 Shelton Street London United Kingdom WC2H 9JQ
OWNKEY LTD,17160169,active,ltd,,,2026-04-15,,2026-04-15,[62012],128 City Road London United Kingdom EC1V 2NX
GRIPFY LTD,17160163,active,ltd,,,2026-04-15,,2026-04-15,[96090],128 City Road London United Kingdom EC1V 2NX
UT LAND 5 LTD,17160205,active,ltd,,,2026-04-15,,2026-04-15,[68100],73 Cornhill London England EC3V 3QQ
RICHMOND SCHOOLS FA LIMITED,17160274,active,ltd,,,2026-04-15,,2026-04-15,[93110],88 Ibsley Gardens London England SW15 4JW
LTA GROUP HOLDINGS LTD,17160270,active,ltd,,,2026-04-15,,2026-04-15,[32990, 73110],48 Warwick Street London England W1B 5AW
SOVEREIGN AI UK LIMITED,17160351,active,ltd,,,2026-04-15,,2026-04-15,[58290, 62020, 62090, 63110],1st Floor 70 Mark Lane London United Kingdom EC3R 7NQ
BRIGHT NEON LTD,17160357,active,ltd,,,2026-04-15,,2026-04-15,[68310, 68320],2nd Floor College House Ruislip, United Kingdom HA4 7AE
CORPZOLVE LIMITED,17154956,active,ltd,,,2026-04-13,,2026-04-13,[69109, 69202, 70229, 74909],167-169 Great Portland Street London England W1W 5PF
PEPTIDES LTD,17160352,active,ltd,,,2026-04-15,,2026-04-15,[20140, 47749, 72110],6 Kidderpore Gardens London England NW3 7SR
HULKCLAW COMMERCE LTD,17160353,active,ltd,,,2026-04-15,,2026-04-15,[47910],71-75 Shelton Street London United Kingdom WC2H 9JQ
OL LONDON LTD,17160378,active,ltd,,,2026-04-15,,2026-04-15,[46450],233 High Street London England W3 9BY
ROXAN MARINE LTD,17160398,active,ltd,,,2026-04-15,,2026-04-15,[99999],Third Floor London England W1B 3HH
A1 MIX WASTE SERVICES LTD,17160391,active,ltd,,,2026-04-15,,2026-04-15,[38110, 38120, 38210, 38220],14 London Street Andover United Kingdom SP10 2PA
STRATUM EV LTD,17160397,active,ltd,,,2026-04-15,,2026-04-15,[62020, 70229],66 Paul Street London United Kingdom EC2A 4NA
CEO ACTOR LTD,17160421,active,ltd,,,2026-04-15,,2026-04-15,[70229, 85590],71-75 Shelton Street London United Kingdom WC2H 9JQ
OAKTREE FLOORING LTD,17160431,active,ltd,,,2026-04-15,,2026-04-15,[43330],5 Brinkburn Close London United Kingdom SE2 9EJ
THE DATA EDGE LTD,17141193,active,ltd,,,2026-04-07,,2026-04-07,[78109, 78200],International House London England EC3V 3NG
LODESTAR ATLAS LTD,17160432,active,ltd,,,2026-04-15,,2026-04-15,[49410],124 City Road London England EC1V 2NX
CRIMSON NEXUS LTD,17160435,active,ltd,,,2026-04-15,,2026-04-15,[47910, 47990],167-169 Great Portland Street London England W1W 5PF
MCSTAR CAPITAL LTD,17160479,active,ltd,,,2026-04-15,,2026-04-15,[70229],66 Paul Street London United Kingdom EC2A 4NA
BKB HOMES LTD,17160483,active,ltd,,,2026-04-15,,2026-04-15,[68209, 68320],2nd Floor College House Ruislip, United Kingdom HA4 7AE
MANGAL FLAME KITCHEN LTD,17160486,active,ltd,,,2026-04-15,,2026-04-15,[56102, 56103],233 High Street London England W3 9BY
JL PROJECT MANAGEMENT LIMITED,17160500,active,ltd,,,2026-04-15,,2026-04-15,[73110],15 Dillwyn Close London England SE26 4DD
SCENTROOM INTERNATIONAL LIMITED,17160555,active,ltd,,,2026-04-15,,2026-04-15,[47910],128 City Road London United Kingdom EC1V 2NX
MRTG PROPERTY LTD,17160554,active,ltd,,,2026-04-15,,2026-04-15,[68209],20 Wenlock Road London England N1 7GU
EMBER PEOPLE LTD,17160538,active,ltd,,,2026-04-15,,2026-04-15,[70229],71-75 Shelton Street London United Kingdom WC2H 9JQ
NEZERTRIPS LTD,17160592,active,ltd,,,2026-04-15,,2026-04-15,[52219],277 Olney Road London United Kingdom SE17 3HS
JR LANDSCAPING AND FENCING LTD,17160624,active,ltd,,,2026-04-15,,2026-04-15,[71112],66 Paul Street London United Kingdom EC2A 4NA
E37 LTD,17160691,active,ltd,,,2026-04-15,,2026-04-15,[62012],Crown House London England WC1N 3AX
WOMEN IN TRADING LIMITED,17160692,active,ltd,,,2026-04-15,,2026-04-15,[82990, 94990],167-169 Great Portland Street London England W1W 5PF
MADARI BOTTLE IMPORTS LTD,17160704,active,ltd,,,2026-04-15,,2026-04-15,[46342],Flat 27 Browning House London England N16 8TL
TAG LOGIX LIMITED,17160699,active,ltd,,,2026-04-15,,2026-04-15,[53202],71-75 Shelton Street London England WC2H 9JQ
SARHAD COMPANY LTD,17160718,active,ltd,,,2026-04-15,,2026-04-15,[41202],3 Vernon Avenue London England E12 6DE
INVEST HOUSE GROUP LTD,17160756,active,ltd,,,2026-04-16,,2026-04-16,[64301, 64304],128 City Road London United Kingdom EC1V 2NX
BETH MORROW FINE ART ADVISORY LIMITED,17160765,active,ltd,,,2026-04-16,,2026-04-16,[70229],Flat 5 Oman Court London England NW2 6AY
BRILLANTE CLEANING & PROPERTY SERVICES LTD,17160760,active,ltd,,,2026-04-16,,2026-04-16,[41202, 81229],161a Forest Road London United Kingdom E17 6HE
DAPVEHICLE STORAGE AND TRANSPORT SOLUTIONS LTD,17160786,active,ltd,,,2026-04-16,,2026-04-16,[49410],66 Paul Street London England EC2A 4NA
DIMURUBIN LTD,17160820,active,ltd,,,2026-04-16,,2026-04-16,[71111, 71129],Office 18555 182-184 High Street North London United Kingdom E6 2JA
SHAREKTE403 LTD,17160815,active,ltd,,,2026-04-16,,2026-04-16,[46900],275 New N Rd #3110 London United Kingdom N1 7AA
GLEDHILL EMPLOYMENT LAW LTD,17160834,active,ltd,,,2026-04-16,,2026-04-16,[69109],86-90 Paul Street London England EC2A 4NE
TAN LAB LIMITED,17160841,active,ltd,,,2026-04-16,,2026-04-16,[96020],167 - 169 Great Portland Street London England W1W 5PF
SEMPARA UK LTD,17160829,active,ltd,,,2026-04-16,,2026-04-16,[47910],2-4 King Street London England SW1Y 6QP
MORLEYS CROWNDALE LTD,17160828,active,ltd,,,2026-04-16,,2026-04-16,[56103],1 Crown Point Parade Norwood United Kingdom SE19 3NG
HOXTON LEGAL (E&W) LIMITED,17160846,active,ltd,,,2026-04-16,,2026-04-16,[69109],101 New Cavendish Street London England W1W 6XH
JR ESTATE 1959 LIMITED,17160865,active,ltd,,,2026-04-16,,2026-04-16,[99999],Unit 3-4 Richer House London England SE1 4BB
JENNA HULTQUIST CONSULTING LTD,17160883,active,ltd,,,2026-04-16,,2026-04-16,[62090],14 Cromford Road London England SW18 1NX
THE BRIDGE CAREERS NETWORK LTD,17160900,active,ltd,,,2026-04-16,,2026-04-16,[78109],66 Paul Street London United Kingdom EC2A 4NA
MOMENTVM LIMITED,17160894,active,ltd,,,2026-04-16,,2026-04-16,[79110],167-169 Great Portland Street London England W1W 5PF
ARCHIPAD LTD,17160893,active,ltd,,,2026-04-16,,2026-04-16,[71111],20 Wenlock Road London England N1 7GU
TUCKER ENGINEERING SOLUTIONS LTD,17160916,active,ltd,,,2026-04-16,,2026-04-16,[71129],66 Paul Street London England EC2A 4NA
AURACION LTD,17160936,active,ltd,,,2026-04-16,,2026-04-16,[47910],128 City Road London United Kingdom EC1V 2NX
ZAFIROX TECH LTD,17160931,active,ltd,,,2026-04-16,,2026-04-16,[62090],Office 18158 182-184 High Street North London United Kingdom E6 2JA
ROBSART MANSIONS LTD,17160962,active,ltd,,,2026-04-16,,2026-04-16,[68100, 68209],1st Floor 50, Tavistock Place London United Kingdom WC1H 9RG
BOOFTECH LIMITED,17160959,active,ltd,,,2026-04-16,,2026-04-16,[62012],71-75 Shelton Street London United Kingdom WC2H 9JQ
MUNCASTER INVESTMENTS LTD,17161001,active,ltd,,,2026-04-16,,2026-04-16,[64209],71-75 Shelton Street London United Kingdom WC2H 9JQ
OUDBAE LTD,17161003,active,ltd,,,2026-04-16,,2026-04-16,[47750, 47890, 47990],71-75 Shelton Street London United Kingdom WC2H 9JQ
ELEVANCE PROPERTY GROUP LTD,17161049,active,ltd,,,2026-04-16,,2026-04-16,[41100, 55100, 68100, 68209],71-75 Shelton Street London United Kingdom WC2H 9JQ
STRATOR FOOTBALL ACADEMY LIMITED,17161130,active,ltd,,,2026-04-16,,2026-04-16,[74909, 93199],128 City Road London United Kingdom EC1V 2NX
HERMES HOLIDAY LTD,17161103,active,ltd,,,2026-04-16,,2026-04-16,[99999],27 Old Gloucester Street London United Kingdom WC1N 3AX
MARHALA AI LTD,17161138,active,ltd,,,2026-04-16,,2026-04-16,[62012, 62020],128 City Road London United Kingdom EC1V 2NX
EXCLUSIVE BEAUTY LTD,17161163,active,ltd,,,2026-04-16,,2026-04-16,[46450],9 Carlton Close London England NW3 7UA
GLOBAL COSMETICS LIMITED,17161164,active,ltd,,,2026-04-16,,2026-04-16,[46450, 68209],20 Wenlock Road London England N1 7GU
CAVENDISH & ALBANY INVESTMENT LIMITED,17161212,active,ltd,,,2026-04-16,,2026-04-16,[68100, 68209, 68320],71-75 Shelton Street London United Kingdom WC2H 9JQ
UNBENCHED GLOBAL LIMITED,17158956,active,ltd,,,2026-04-15,,2026-04-15,[78109],3rd Floor, Lawford House London England N3 1QA
TWINTRACK INTERNATIONAL SOLUTIONS PRIVATE LIMITED,17161322,active,ltd,,,2026-04-16,,2026-04-16,[45111, 45310, 45400],First Floor Office London United Kingdom W8 4LZ
SHAW FINANCIAL LIMITED,17138828,active,ltd,,,2026-04-07,,2026-04-07,[69203],Shaw Financial Limited London England SW17 9SH
GG-005-717 LIMITED,17161341,active,ltd,,,2026-04-16,,2026-04-16,[68209],C/O Getground London England W6 0NB
RULLA LTD,17161340,active,ltd,,,2026-04-16,,2026-04-16,[62012],71-75 Shelton Street London United Kingdom WC2H 9JQ
DIPLOMACY HUB LONDON LTD,17161353,active,ltd,,,2026-04-16,,2026-04-16,[70210, 82302],114 Gloucester Terrace London England W2 6HP
RLB ADVISORY LTD,17161346,active,ltd,,,2026-04-16,,2026-04-16,[62020, 70229, 82990],71-75 Shelton Street London United Kingdom WC2H 9JQ
DESIGN PIXEL STUDIO LIMITED,17161403,active,ltd,,,2026-04-16,,2026-04-16,[62012, 74100],71-75 Shelton Street London United Kingdom WC2H 9JQ
MICHAEL ANAGNOSTOU LIMITED,17161397,active,ltd,,,2026-04-16,,2026-04-16,[85510, 85600],74a High Street Wanstead London England E11 2RJ
COGITO AI LIMITED,17161438,active,ltd,,,2026-04-16,,2026-04-16,[62012, 62020],65 London Wall London United Kingdom EC2M 5TU
LUXE DENTAL WELLNESS LTD,17161443,active,ltd,,,2026-04-16,,2026-04-16,[86230],11 Approach Road London United Kingdom SW20 8BA
ESSENTIAL ORCHESTRA PRODUCTIONS LTD,17161479,active,ltd,,,2026-04-16,,2026-04-16,[90030],50 Liverpool Street London England EC2M 7PY
WOLINS LTD,17161482,active,ltd,,,2026-04-16,,2026-04-16,[47910],Office 18561 182-184 High Street North London United Kingdom E6 2JA
FALCON SPORTS HOLDINGS LTD,17161525,active,ltd,,,2026-04-16,,2026-04-16,[64209],30 Churchill Place London England E14 5RE
TRUENEST CONSTRUCTION LTD,17161527,active,ltd,,,2026-04-16,,2026-04-16,[41202],Flat 1 55 Waverley Gardens London England NW10 7EE
ULRICH CORP LTD,17161521,active,ltd,,,2026-04-16,,2026-04-16,[47910],20 Wenlock Road London England N1 7GU
STUDYVIAAI LTD,17161590,active,ltd,,,2026-04-16,,2026-04-16,[62012, 85590],124 Studyviaai Ltd, 124 City Road London United Kingdom EC1V 2NX
CUBE VENTURES HOLDING LTD,17161580,active,ltd,,,2026-04-16,,2026-04-16,[82990],89 Tooting Bec Road London England SW17 8BW
PROPTEFI LTD,17161575,active,ltd,,,2026-04-16,,2026-04-16,[62012, 62090, 63120],20 Wenlock Road London England N1 7GU
MELNYK MYKHAILO LTD,17161581,active,ltd,,,2026-04-16,,2026-04-16,[87300, 87900],Flat 19 Finsbury Court London England NW9 4EY
SHAFARAY LTD,17161611,active,ltd,,,2026-04-16,,2026-04-16,[47910],71-75 Shelton Street London United Kingdom WC2H 9JQ
NETWORKLABS LTD,17161630,active,ltd,,,2026-04-16,,2026-04-16,[58290, 62011, 62020, 63120],71-75 Shelton Street London United Kingdom WC2H 9JQ
VIREA APPS LTD,17161748,active,ltd,,,2026-04-16,,2026-04-16,[62012, 73110],71-75 Shelton Street London United Kingdom WC2H 9JQ
INTEGRAL2026 LIMITED,17161802,active,ltd,,,2026-04-16,,2026-04-16,[72200, 85520],5 Brayford Square London England E1 0SG
DATAFLOW SERVICES UK LTD,17161848,active,ltd,,,2026-04-16,,2026-04-16,[63110],20 Wenlock Road London England N1 7GU
THE YES YEARS LTD,17161853,active,ltd,,,2026-04-16,,2026-04-16,[74909],124 City Road London England EC1V 2NX
ENGLISHMADEEASY4YOU LTD,17161910,active,ltd,,,2026-04-16,,2026-04-16,[85600],20 Wenlock Road London England N1 7GU
SPC STORAGE LTD,17161899,active,ltd,,,2026-04-16,,2026-04-16,[52103],20 Wenlock Road London England N1 7GU
VIRANI ORTHOPAEDICS LTD,17161904,active,ltd,,,2026-04-16,,2026-04-16,[86220],Office Gold Building 7, Chiswick Business Park London United Kingdom W4 5YG
FRONTIER METALS LTD,17161964,active,ltd,,,2026-04-16,,2026-04-16,[08990],25 E P 25 Eccleston Place London United Kingdom SW1W 9NF
MYC BARBERS LTD,17161955,active,ltd,,,2026-04-16,,2026-04-16,[96020],74-75 Ground Floor Cornhill London United Kingdom EC3V 3QQ
WILDPALS LIMITED,17161958,active,ltd,,,2026-04-16,,2026-04-16,[85510, 93120, 93199],85 Camden Street London England NW1 0HP
UKGBE LIMITED,17162014,active,ltd,,,2026-04-16,,2026-04-16,[96090],27 Old Gloucester St London United Kingdom WC1N 3AX
GRAVESEND LTD,17162052,active,ltd,,,2026-04-16,,2026-04-16,[98000],Flat 15 Aberdeen Mansions London England WC1N 1NN
YONATAN TRANSPORT LTD,17162048,active,ltd,,,2026-04-16,,2026-04-16,[49320],57a Stratford Road London United Kingdom E13 0JN
AGOFERA LTD,17162063,active,ltd,,,2026-04-16,,2026-04-16,[47910],Office 18455 182-184 High Street North London United Kingdom E6 2JA
AXE POINT LTD,17162061,active,ltd,,,2026-04-16,,2026-04-16,[70229],Suite G04 1 Quality Court, Chancery Lane London England WC2A 1HR
SUMMIT RESIDENTIAL CARE IS LTD,17162062,active,ltd,,,2026-04-16,,2026-04-16,[87100],33-35 Finchley Lane London England NW4 1BX
LLNE26 INVESTMENTS LTD,17162075,active,ltd,,,2026-04-16,,2026-04-16,[68100, 68209, 68320],27 Old Gloucester Street London United Kingdom WC1N 3AX
MOHABBAT LIMITED,17162084,active,ltd,,,2026-04-16,,2026-04-16,[59112, 90010, 90020, 93290],Unit 2 1 Empire Mews London England SW16 2BF
CPS ENGINEERING CONSULTING LTD,17162133,active,ltd,,,2026-04-16,,2026-04-16,[71129],20 Wenlock Road London England N1 7GU
RIVA SEND LTD,17162155,active,ltd,,,2026-04-16,,2026-04-16,[62012],48 Townmead Road London England SW6 2RR
COREVIA CONSTRUCTION LTD,17162148,active,ltd,,,2026-04-16,,2026-04-16,[41201, 41202, 43290],177c Selhurst Road London England SE25 6LG
OWSMFC LTD,17162182,active,ltd,,,2026-04-16,,2026-04-16,[47910],71-75 Shelton Street London United Kingdom WC2H 9JQ
WATCHDOG EVASION LTD,17162194,active,ltd,,,2026-04-16,,2026-04-16,[69201, 82912],71-75 Shelton Street London United Kingdom WC2H 9JQ
URMIRTH LIMITED,17162179,active,ltd,,,2026-04-16,,2026-04-16,[47910],124-128 City Road London England EC1V 2NX
LINCO INVESTMENT GROUP LIMITED,17162249,active,ltd,,,2026-04-16,,2026-04-16,[46190, 64301, 68100],Flat 10 Bernard House London England E1 7NR
EMPLOYMENT LAW EXPLAINED LTD,17162244,active,ltd,,,2026-04-16,,2026-04-16,[70229, 85590],71-75 Shelton Street London United Kingdom WC2H 9JQ
BEAK COFFEE TRADE LTD,17162253,active,ltd,,,2026-04-16,,2026-04-16,[46370, 56102, 56103, 56290],352 Essex Road London England N1 3PD
ANGRY ELF LTD,17162310,active,ltd,,,2026-04-16,,2026-04-16,[47789, 47910, 56102, 96020],71-75 Shelton Street London United Kingdom WC2H 9JQ
CARPATHIAN VC LTD,17162330,active,ltd,,,2026-04-16,,2026-04-16,[64209],27 Old Gloucester Street London United Kingdom WC1N 3AX
GORC LTD,17162383,active,ltd,,,2026-04-16,,2026-04-16,[47710, 47990, 93120, 93199],128 City Road London United Kingdom EC1V 2NX
OBF RESIDENTIAL LTD,17162411,active,ltd,,,2026-04-16,,2026-04-16,[68310],102 Fulham Palace Road London England W6 9PL
BERIYTH GLOBAL SUPPLIES LTD,17162483,active,ltd,,,2026-04-16,,2026-04-16,[46390, 47910, 47990, 62090],2a Connaught Avenue London United Kingdom E4 7AA
DC20 PROPERTY LTD,17162479,active,ltd,,,2026-04-16,,2026-04-16,[68209],5th Floor, 111 Charterhouse St London United Kingdom EC1M 6AW
LUXLIFE COMPETITIONS LTD,17162472,active,ltd,,,2026-04-16,,2026-04-16,[99999],124 City Road London United Kingdom EC1V 2NX
CLARK CREATIVE UK LIMITED,17162538,active,ltd,,,2026-04-16,,2026-04-16,[59111],Flat 359 Ben Jonson House London England EC2Y 8NQ
DESTINATION DAN LTD,17162537,active,ltd,,,2026-04-16,,2026-04-16,[49410],Flat 35 Perth Court London England SE5 8HU
EXCITE GROUP HOLDINGS LTD,17162581,active,ltd,,,2026-04-16,,2026-04-16,[64209, 70100],71-75 Shelton Street London United Kingdom WC2H 9JQ
ARKITECT DESIGNS LTD,17162579,active,ltd,,,2026-04-16,,2026-04-16,[71121, 71122],66 Paul Street London United Kingdom EC2A 4NA
MOOCHA APP LTD,17162582,active,ltd,,,2026-04-16,,2026-04-16,[47910, 62012, 62090, 73120],71-75 Shelton Street London United Kingdom WC2H 9JQ
PROGRESSA SYSTEMS LTD,17162633,active,ltd,,,2026-04-16,,2026-04-16,[62012, 62020],167-169 Great Portland Street London United Kingdom W1W 5PF
TREDRAGON FARM LTD,17162642,active,ltd,,,2026-04-16,,2026-04-16,[01130],66 Paul Street London United Kingdom EC2A 4NA
NEURODIVERSE CONSULTING LTD,17162653,active,ltd,,,2026-04-16,,2026-04-16,[70229, 85590, 88990],71-75 Shelton Street London United Kingdom WC2H 9JQ
PORTFOLIO PROPERTY PARTNERS GROUP LIMITED,17162648,active,ltd,,,2026-04-16,,2026-04-16,[68320],China Works 100 Black Prince Road London England SE1 7SJ
8BM GROUP LTD,17162680,active,ltd,,,2026-04-16,,2026-04-16,[52290, 62012, 62090, 64209],71-75 Shelton Street London United Kingdom WC2H 9JQ
PRECISION ENERGY SERVICES LTD,17150340,active,ltd,,,2026-04-10,,2026-04-10,[43210],71-75 Shelton Street London United Kingdom WC2H 9JQ
MUSE PORTAL LIMITED,17162752,active,ltd,,,2026-04-16,,2026-04-16,[58290, 62012, 62020, 63120],71-75 Shelton Street London United Kingdom WC2H 9JQ
DAILY RENTAL PROPERTIES LTD,17162761,active,ltd,,,2026-04-16,,2026-04-16,[68320],66 Paul Street London United Kingdom EC2A 4NA
APRIL GLOBAL TRADING LTD,17162821,active,ltd,,,2026-04-16,,2026-04-16,[47910],2nd Floor College House Ruislip, United Kingdom HA4 7AE
PHONE CITY SOLUTIONS LTD,17162869,active,ltd,,,2026-04-16,,2026-04-16,[33140, 47410, 47421],35 Lee High Road London England SE13 5NS
TWO SNOWHILL BIDCO LTD,17162867,active,ltd,,,2026-04-16,,2026-04-16,[68209],54 Portland Place London United Kingdom W1B 1DY
DENIZ SIMSEK LTD,17162866,active,ltd,,,2026-04-16,,2026-04-16,[59112, 70229, 86900],Office 403 Screenworks 22 Highbury Grove London United Kingdom N5 2ER
FX CLEANING AND SUPPORT SERVICES LTD,17162900,active,ltd,,,2026-04-16,,2026-04-16,[81210],Flat 18, 119, Quayside House Tarling Road London United Kingdom E16 1GX
KANON PROJECTS ADVISORY LTD,17162936,active,ltd,,,2026-04-16,,2026-04-16,[70229],66 Paul Street London United Kingdom EC2A 4NA
D&MJ LIMITED,17162935,active,ltd,,,2026-04-16,,2026-04-16,[68100],157 Fishponds Road London United Kingdom SW17 7LL
WINOVO LTD,17162942,active,ltd,,,2026-04-16,,2026-04-16,[41202, 43290],60 Luton Road London England E17 5LN
SIDEBAR LABS LIMITED,17137829,active,ltd,,,2026-04-06,,2026-04-06,[62012, 63120],66 Paul Street London England EC2A 4NA
RK CAPITAL GROUP UK LTD,17162976,active,ltd,,,2026-04-16,,2026-04-16,[64209],225 Clapham Road London England SW9 9BE
SAS AIR SOLUTIONS LTD,17163067,active,ltd,,,2026-04-16,,2026-04-16,[71122],153a Broadfield Road London United Kingdom SE6 1TJ
IKVELES LTD,17163124,active,ltd,,,2026-04-16,,2026-04-16,[41201, 41202, 43290, 43999],10 Red Lodge 1 Hillside Road London England W5 2JA
ETERA CONCIERGE LIMITED,17163152,active,ltd,,,2026-04-16,,2026-04-16,[56210, 81100, 81210, 96090],15 Daffodil Street London England W12 0TG
RINVITA LTD,17163153,active,ltd,,,2026-04-16,,2026-04-16,[62012],Unit A435 4-6 Greatorex Street London England E1 5NF
BRAVIX ROOFING LTD,17163187,active,ltd,,,2026-04-17,,2026-04-17,[43910],37 Chambers Lane London England NW10 2RJ
RIPE CROP MARKET LTD,17163204,active,ltd,,,2026-04-17,,2026-04-17,[46150, 47910],292575 Office Suite 29a 3/F. 23 Wharf Street London United Kingdom SE8 3GG
STUDIO 11 LASH ACADEMY LTD,17163212,active,ltd,,,2026-04-17,,2026-04-17,[96020],124 City Road London England EC1V 2NX
ESCALARA LTD,17163279,active,ltd,,,2026-04-17,,2026-04-17,[62012],71-75 Shelton Street London United Kingdom WC2H 9JQ
THE SB LINK LTD,17163267,active,ltd,,,2026-04-17,,2026-04-17,[68209],71-75 Shelton Street London United Kingdom WC2H 9JQ
MANA & MISCHIEF LIMITED,17163301,active,ltd,,,2026-04-17,,2026-04-17,[47650],71-75 Shelton Street London United Kingdom WC2H 9JQ
MULTI SAPIEN LIMITED,17163294,active,ltd,,,2026-04-17,,2026-04-17,[62020, 62090],71-75 Shelton Street London United Kingdom WC2H 9JQ
BROWNE PSYCHOLOGICAL SERVICES LTD,17163291,active,ltd,,,2026-04-17,,2026-04-17,[86900],128 City Road London United Kingdom EC1V 2NX
FUNCTIONS ENGINEERING LIMITED,17163335,active,ltd,,,2026-04-17,,2026-04-17,[62012, 62020, 62090, 71122],5th Floor 167-169 Great Portland Street London United Kingdom W1W 5PF
STERLING JET HOLDINGS LTD,17163325,active,ltd,,,2026-04-17,,2026-04-17,[46140],Thames House, 2nd Floor London United Kingdom SE18 6NY
THE GARDEN APARTMENT - MIKE’S BAR LTD,17163332,active,ltd,,,2026-04-17,,2026-04-17,[55209],71-75 Shelton Street London United Kingdom WC2H 9JQ
ANCHORBRIDGE HOLDINGS LIMITED,17163401,active,ltd,,,2026-04-17,,2026-04-17,[64301],2nd Floor College House Ruislip, United Kingdom HA4 7AE
HOME COUNTY LIMITED,17163394,active,ltd,,,2026-04-17,,2026-04-17,[96090],72 Halliwick Road London England N10 1AB
OAK RIDGE CONSULTING SERVICES LTD,17163404,active,ltd,,,2026-04-17,,2026-04-17,[62020],66 Paul Street London United Kingdom EC2A 4NA
THE ANGLIAN TIMES LTD,17163408,active,ltd,,,2026-04-17,,2026-04-17,[58190],167-169 Great Portland Street London England W1W 5PF
LEBNANI FOOD MANUFACTURING LTD,17163489,active,ltd,,,2026-04-17,,2026-04-17,[47240, 56102],Apartment 708 Charrington Tower 11 Biscayne Avenue London England E14 9AY
M&G JEWELLERY LTD,17163475,active,ltd,,,2026-04-17,,2026-04-17,[46480, 47770, 95250],128 City Road London United Kingdom EC1V 2NX
KHOZI LTD,17163471,active,ltd,,,2026-04-17,,2026-04-17,[47430, 47710, 62012],121a London Road North Redhill England RH1 3AL
DRONE FORGE UK LIMITED,17163509,active,ltd,,,2026-04-17,,2026-04-17,[63110, 77390],C/O Pkf Littlejohn 30 Churchill Place London United Kingdom E14 5RE
LEIGLOW LTD,17163643,active,ltd,,,2026-04-17,,2026-04-17,[47910, 58110, 96040],71-75 Shelton Street London United Kingdom WC2H 9JQ
THINK AND SUCCEED LTD,17163650,active,ltd,,,2026-04-17,,2026-04-17,[85590, 85600],61 High Road London United Kingdom NW10 2SU
CADOGAN TUTORS LTD,17163752,active,ltd,,,2026-04-17,,2026-04-17,[85421],167-169 Great Portland Street London United Kingdom W1W 5PF
HANDYMAN PETE LTD,17163721,active,ltd,,,2026-04-17,,2026-04-17,[43390, 81100],20 Wenlock Road London England N1 7GU
LRSW DEVELOPMENT LTD,17163762,active,ltd,,,2026-04-17,,2026-04-17,[68100, 68209],128 City Road London United Kingdom EC1V 2NX
AL EXECUTIVE LTD,17163779,active,ltd,,,2026-04-17,,2026-04-17,[49320, 49390],66 Paul Street London England EC2A 4NA
VELLOPOST LTD,17181544,active,ltd,,,2026-04-27,,2026-04-27,[73110],66 Paul Street London England EC2A 4NA
VANGUARD STRATEGIC HOLDINGS LTD,17181540,active,ltd,,,2026-04-27,,2026-04-27,[70229],124 City Road London United Kingdom EC1V 2NX
M&A GLOBAL SOLUTIONS LTD,17181655,active,ltd,,,2026-04-27,,2026-04-27,[47910],71-75 Shelton Street London United Kingdom WC2H 9JQ
PARNEXUS HOLDINGS LIMITED,17181647,active,ltd,,,2026-04-27,,2026-04-27,[64209],20 Wenlock Road London England N1 7GU
S&J AWAD PROPERTIES LIMITED,17181659,active,ltd,,,2026-04-27,,2026-04-27,[98000],International House London England N1 7SR
TECH SHOW LIMITED,17181631,active,ltd,,,2026-04-27,,2026-04-27,[96090],72 Halliwick Road London England N10 1AB
DOZO LTD,17181734,active,ltd,,,2026-04-27,,2026-04-27,[47820],66 Paul Street London United Kingdom EC2A 4NA
DAAP DATA AND LOGISTICS LIMITED,17181817,active,ltd,,,2026-04-27,,2026-04-27,[53201, 62020],167-169 Great Portland Street London England W1W 5PF
MKJ INVEST LIMITED,17181788,active,ltd,,,2026-04-27,,2026-04-27,[87100],Flat 49 Cooper Building London England N1 7GR
BOZDAG TAEKWONDO LTD,17181562,active,ltd,,,2026-04-27,,2026-04-27,[93120],8 Clock House Parade London England N13 6BG
DG DEV LTD,17181546,active,ltd,,,2026-04-27,,2026-04-27,[62012],71-75 Shelton Street London United Kingdom WC2H 9JQ
OLIVER DUNCAN LOCATIONS LTD,17170943,active,ltd,,,2026-04-20,,2026-04-20,[78101],27 Mortimer Street London United Kingdom W1T 3BL
FB INTELLIGENCE LTD,17181662,active,ltd,,,2026-04-27,,2026-04-27,[73200],71-75 Shelton Street London United Kingdom WC2H 9JQ
SANDSTONE INVESTMENT HOLDINGS LIMITED,17181674,active,ltd,,,2026-04-27,,2026-04-27,[64209],27 Old Gloucester Street London United Kingdom WC1N 3AX
MODERN LUXE CLUB LTD,17181676,active,ltd,,,2026-04-27,,2026-04-27,[85200],124 City Road London United Kingdom EC1V 2NX
JAWAY LIMITED,17181753,active,ltd,,,2026-04-27,,2026-04-27,[62090],167-169 Great Portland Street London England W1W 5PF
SHAKESHAFT ENGINEERING LTD,17181755,active,ltd,,,2026-04-27,,2026-04-27,[25990],128 City Road London United Kingdom EC1V 2NX
DRAGON OIL & GAS LIMITED,17181570,active,ltd,,,2026-04-27,,2026-04-27,[09100, 35230],27 Old Gloucester Street London United Kingdom WC1N 3AX
SOLIDE TECHNOLOGY LIMITED,17181571,active,ltd,,,2026-04-27,,2026-04-27,[64301, 64302, 64999, 66110],27 Old Gloucester Street London United Kingdom WC1N 3AX
CASEFLO LIMITED,17181579,active,ltd,,,2026-04-27,,2026-04-27,[62012],16 Kirchen Road London England W13 0TY
JERSEY KICKS LTD,17181699,active,ltd,,,2026-04-27,,2026-04-27,[47820],20 Wenlock Road London England N1 7GU
VANDER PROJECTS LTD,17181700,active,ltd,,,2026-04-27,,2026-04-27,[16230],Suite 206, Britannia House, 11 Glenthorne Road London England W6 0LH
WIBBLE LIMITED,17181704,active,ltd,,,2026-04-27,,2026-04-27,[62012, 62020, 62090, 70229],Fifth Floor, Clareville House London United Kingdom SW1Y 4EL
S&M BROWNIES LTD,17181713,active,ltd,,,2026-04-27,,2026-04-27,[56102],1st Floor 44 Worship Street London England EC2A 2EA
BAKA TRAVEL LTD,17181825,active,ltd,,,2026-04-27,,2026-04-27,[79110],128 City Road London United Kingdom EC1V 2NX
BRIGHTCORTEX LTD,17182555,active,ltd,,,2026-04-27,,2026-04-27,[62012, 62020, 62090],Office 18466 182-184 High Street North London United Kingdom E6 2JA
PEAK PRO ROOFING LTD,17182549,active,ltd,,,2026-04-27,,2026-04-27,[43910],61 Praed Street London England W2 1NS
AYASA INSTRUMENTS UK LTD,17182571,active,ltd,,,2026-04-27,,2026-04-27,[32200],20 Wenlock Road London England N1 7GU
INZER LTD,17182654,active,ltd,,,2026-04-27,,2026-04-27,[62020, 70229, 82110],Suite Ra01, 195-197 Wood Street London United Kingdom E17 3NU
PRONTO UK DEVELOPMENT LTD,17182663,active,ltd,,,2026-04-27,,2026-04-27,[68320],71-75 Shelton Street London United Kingdom WC2H 9JQ
BACRIU ADVISORY LTD,17182645,active,ltd,,,2026-04-27,,2026-04-27,[70229],1c Patrick Road London United Kingdom E13 9QA
BOU2 LTD,17182651,active,ltd,,,2026-04-27,,2026-04-27,[62012],75 St. Marys Road London England W5 5RH
TARAZI AND SON LTD,17182646,active,ltd,,,2026-04-27,,2026-04-27,[62020, 62090],167-169 Great Portland Street London England W1W 5PF
FACTION AI UK LIMITED,17182678,active,ltd,,,2026-04-27,,2026-04-27,[62012, 62020, 71129, 72190],134 2nd Floor London United Kingdom SW1W 9SA
BARAN BARBER SALON LTD,17182765,active,ltd,,,2026-04-27,,2026-04-27,[96020],11 London Road Sheffield England S2 4LA
THE AM ADVISORY GROUP LTD,17182782,active,ltd,,,2026-04-27,,2026-04-27,[70229],167 - 169 Great Portland Street London England W1W 5PF
ADORE STAYS LTD,17182791,active,ltd,,,2026-04-27,,2026-04-27,[68100, 68201, 68209, 68320],66 Paul Street London England EC2A 4NA
SOLSTICE APPAREL LTD,17182792,active,ltd,,,2026-04-27,,2026-04-27,[46410, 46420, 47910],141-145 Curtain Road London England EC2A 3BX
CUCUMBER MAKI GAMES LIMITED,17182787,active,ltd,,,2026-04-27,,2026-04-27,[58210],International House London England SW11 5RQ
STRANGE WEATHER STUDIO LTD,17182862,active,ltd,,,2026-04-27,,2026-04-27,[73110],Flat 33 De Quincey House London England SW1V 3ER
OWAMBE CASH LTD,17182888,active,ltd,,,2026-04-27,,2026-04-27,[46190],128 City Road London United Kingdom EC1V 2NX
MELANAI LIMITED,17182883,active,ltd,,,2026-04-27,,2026-04-27,[62012, 86900],66 Paul Street London United Kingdom EC2A 4NA
GREENS CARE HOME LTD,17182885,active,ltd,,,2026-04-27,,2026-04-27,[87300],8 Chapel Market London United Kingdom N1 9EZ
ACAR21 LTD,17182895,active,ltd,,,2026-04-27,,2026-04-27,[56103],Ashley House Office 304 235-239 High Road London United Kingdom N22 8HF
NATIVES GROUP LTD,17182876,active,ltd,,,2026-04-27,,2026-04-27,[90020, 93290],Suite Ra01 195-197 Wood Street London England E17 3NU
ORVEXA TRADING LTD,17182877,active,ltd,,,2026-04-27,,2026-04-27,[45320, 46190],71-75 Shelton Street London United Kingdom WC2H 9JQ
OVERBEAM LTD,17182990,active,ltd,,,2026-04-27,,2026-04-27,[62012, 62020],71-75 Shelton Street London United Kingdom WC2H 9JQ
NEASDEN COFFEE LTD,17182975,active,ltd,,,2026-04-27,,2026-04-27,[56102],362 Neasden Lane North London England NW10 0BT
THEGMBSERVICE LTD,17183020,active,ltd,,,2026-04-27,,2026-04-27,[98200],66 Paul Street London United Kingdom EC2A 4NA
HARIX LTD,17183007,active,ltd,,,2026-04-27,,2026-04-27,[47910],42a Chingford Mount Road London England E4 9AB
AMICO STUDIO LTD,17183025,active,ltd,,,2026-04-27,,2026-04-27,[47910],71-75 Shelton Street London United Kingdom WC2H 9JQ
RAYAN EMBED LTD,17183138,active,ltd,,,2026-04-27,,2026-04-27,[62090, 71122, 71129, 85590],71-75 Shelton Street London United Kingdom WC2H 9JQ
LINDEN ATELIER LIMITED,17183139,active,ltd,,,2026-04-27,,2026-04-27,[47910],167-169 Great Portland Street London United Kingdom W1W 5PF
MGP DISTRIBUTION LTD,17183148,active,ltd,,,2026-04-27,,2026-04-27,[47910],124 City Road London United Kingdom EC1V 2NX
W&D UK INVESTMENT SALES PVT LTD,17183107,active,ltd,,,2026-04-27,,2026-04-27,[82990],19th Floor 51 Lime Street London United Kingdom EC3M 7DQ
NERGAARD MEDIA LTD,17183286,active,ltd,,,2026-04-27,,2026-04-27,[59112],128 City Road London United Kingdom EC1V 2NX
MALMAL LTD,17183253,active,ltd,,,2026-04-27,,2026-04-27,[20420, 47750],117 Tottenham Court Road London United Kingdom W1T 5AL
FENNARI LTD,17183255,active,ltd,,,2026-04-27,,2026-04-27,[47910],Suite 10780 5 Brayford Square London United Kingdom E1 0SG
ZENVERION LTD,17183337,active,ltd,,,2026-04-27,,2026-04-27,[47190, 47910],71-75 Shelton Street London United Kingdom WC2H 9JQ
BD BARBERS LTD,17183351,active,ltd,,,2026-04-27,,2026-04-27,[96020],80 Seven Sisters Road London England N7 6AE
CALISTRAT LTD,17183395,active,ltd,,,2026-04-27,,2026-04-27,[43341, 43390],2 Romany Gardens London England E17 5PB
AWA GLOBAL ECOM LTD,17183374,active,ltd,,,2026-04-27,,2026-04-27,[46510, 47710, 47910],71-75 Shelton Street London United Kingdom WC2H 9JQ
INHAUS CONSULTING LTD,17183325,active,ltd,,,2026-04-27,,2026-04-27,[62020, 70229, 88100],Suite Ra01 195-197 Wood Street London England E17 3NU
ADC PORTFOLIO LTD,17183329,active,ltd,,,2026-04-27,,2026-04-27,[68100, 68209],Flat 66 Peregrine Court London England E5 9AN
CODINAFRICA SERVICES LTD,17184020,active,ltd,,,2026-04-27,,2026-04-27,[47789, 49200, 49410, 51210],128 City Road London United Kingdom EC1V 2NX
ARIES SALON LIMITED,17183973,active,ltd,,,2026-04-27,,2026-04-27,[20420, 47910, 85590, 96020],Flat 91 25 Gresse Street London England W1T 1QP
KIRAND LTD,17183979,active,ltd,,,2026-04-27,,2026-04-27,[41201, 41202],2 Northington Street London England WC1N 2JJ
COPDEM UK LIMITED,17183959,active,ltd,,,2026-04-27,,2026-04-27,[18203, 58130],2 Isabel Terrace London England E13 9DN
SLEYANNE LIMITED,17183880,active,ltd,,,2026-04-27,,2026-04-27,[47770, 47910, 73110],275 New North Road London England N1 7AA
RARI AGENCY LTD,17183914,active,ltd,,,2026-04-27,,2026-04-27,[70210, 73110, 74100, 74909],71-75 Shelton Street London United Kingdom WC2H 9JQ
M WELLNESS LTD,17183939,active,ltd,,,2026-04-27,,2026-04-27,[56102, 93130, 96040],128 City Road London United Kingdom EC1V 2NX
ACTION INVESMENTS (INTERNATIONAL) LIMITED,17183977,active,ltd,,,2026-04-27,,2026-04-27,[68100],Apartment 115 Westfield 15 Kidderpore Avenue London England NW3 7SJ
ALIGN CURVE LTD,17184046,active,ltd,,,2026-04-27,,2026-04-27,[47710, 47722, 47910],71-75 Shelton Street London United Kingdom WC2H 9JQ
MW HOUSING GROUP LIMITED,17184034,active,ltd,,,2026-04-27,,2026-04-27,[68209, 68320],130 Westcott Crescent London United Kingdom W7 1PB
CAMPBELL HARRIS ESTATE AGENTS LTD,17184073,active,ltd,,,2026-04-27,,2026-04-27,[68310],Unit 16 Northfields Prospect Business Centre London England SW18 1PE
RAMEENHASSAM LTD,17184054,active,ltd,,,2026-04-27,,2026-04-27,[47190],128 City Road London United Kingdom EC1V 2NX
YEJANIC101 LTD,17184077,active,ltd,,,2026-04-27,,2026-04-27,[49410, 53100],Flat 45, The Cloisters, 83 London Road Guildford England GU1 1FY
SPEAKEM LTD,17184083,active,ltd,,,2026-04-27,,2026-04-27,[62012, 62090, 63120, 73110],71-75 Shelton Street London United Kingdom WC2H 9JQ
HASHIRAI LIMITED,17184116,active,ltd,,,2026-04-27,,2026-04-27,[71200],124 City Road London United Kingdom EC1V 2NX
VOWUNITE LTD,17184084,active,ltd,,,2026-04-27,,2026-04-27,[62012],66 Paul Street London United Kingdom EC2A 4NA
KURATEK LIMITED,17183925,active,ltd,,,2026-04-27,,2026-04-27,[56290],C/O Cogency Global (Uk) Limited 6 Lloyds Avenue London United Kingdom EC3N 3AX
QUIXX TECHNOLOGIES LTD,17184148,active,ltd,,,2026-04-27,,2026-04-27,[47410],Flat A, 14 Telephone Place London United Kingdom SW6 1TH
SAAS LOGIC LTD,17184036,active,ltd,,,2026-04-27,,2026-04-27,[58290],66 Paul Street London United Kingdom EC2A 4NA
PRAJOT ENTERPRISES LTD,17183984,active,ltd,,,2026-04-27,,2026-04-27,[46900, 47190],Silverstream House London England W1T 6EB
ABBATE FOOD LTD,17184080,active,ltd,,,2026-04-27,,2026-04-27,[56103, 56210, 56290],40 Frederick Square London England SE16 5XR
LEMNISCATE LABS LTD,17184093,active,ltd,,,2026-04-27,,2026-04-27,[62012, 72190, 72200],124-128 City Road London England EC1V 2NX
LANG PROJECTS LTD,17184363,active,ltd,,,2026-04-27,,2026-04-27,[41100, 41202, 68100],66 Paul Street London United Kingdom EC2A 4NA
CONSULT KINGSLEY LTD,17184355,active,ltd,,,2026-04-27,,2026-04-27,[66190],47 Gower Street London England WC1E 6HH
MAZELSTONE LTD,17184423,active,ltd,,,2026-04-27,,2026-04-27,[70229, 73110],71-75 Shelton Street London United Kingdom WC2H 9JQ
MALWISE CYBER LTD,17184436,active,ltd,,,2026-04-27,,2026-04-27,[62020],66 Paul Street London United Kingdom EC2A 4NA
RR MODERN ADVERTISING AND MANUFECTURING LTD,17184508,active,ltd,,,2026-04-27,,2026-04-27,[47910],611c High Road Leyton London England E10 6RF
MOODS & CO. LONDON LTD,17184511,active,ltd,,,2026-04-27,,2026-04-27,[47910],66 Paul Street London United Kingdom EC2A 4NA
BONROSE CARE & SUPPORT SERVICES LTD,17184510,active,ltd,,,2026-04-27,,2026-04-27,[86900, 87100, 87300, 87900],128 City Road London United Kingdom EC1V 2NX
DRIVERR TECHNOLOGIES LTD,17184545,active,ltd,,,2026-04-27,,2026-04-27,[62012],281 Whitehorse Lane London England SE25 6UL
ECLIPSE PROPERTY SERVICES LTD,17184502,active,ltd,,,2026-04-27,,2026-04-27,[68100, 68209, 68320],128 City Road London United Kingdom EC1V 2NX
CM ECOM LTD,17184536,active,ltd,,,2026-04-27,,2026-04-27,[47910],128 City Road London United Kingdom EC1V 2NX
MANI264 LIMITED,17184532,active,ltd,,,2026-04-27,,2026-04-27,[56103],264 Seven Sisters Road London England N4 2HY
OPERIX HEALTHCARE LTD,17184537,active,ltd,,,2026-04-27,,2026-04-27,[78200],Flat 5 Raymead London England NW4 1SU
ALANWAR GROUP LIMITED,17184628,active,ltd,,,2026-04-27,,2026-04-27,[56102],Flat 34 Perystreete Perry Vale London England SE23 2LF
RIVEN MOTOR GROUP LTD,17184630,active,ltd,,,2026-04-27,,2026-04-27,[45112, 45200, 45310, 45320],71-75 Shelton Street London United Kingdom WC2H 9JQ
SAFE DRIVE MOTORING LTD,17184670,active,ltd,,,2026-04-27,,2026-04-27,[85530],128 City Road London United Kingdom EC1V 2NX
IRIS BOUND LTD,17184682,active,ltd,,,2026-04-27,,2026-04-27,[71122],71-75 Shelton Street London United Kingdom WC2H 9JQ
COGNITIV LABS LTD,17184683,active,ltd,,,2026-04-27,,2026-04-27,[62012, 62020, 70229],71-75 Shelton Street London United Kingdom WC2H 9JQ
ROSEWOOD PROP VENTURES LIMITED,17184763,active,ltd,,,2026-04-27,,2026-04-27,[68100],20 Goodge Place London United Kingdom W1T 4SH
MYRIE’S PROPERTY’S LTD,17184823,active,ltd,,,2026-04-27,,2026-04-27,[68209],92 Aintree Estate London United Kingdom SW6 7QX
VERITY REIKI LTD,17185023,active,ltd,,,2026-04-27,,2026-04-27,[86900],66 Paul Street London England EC2A 4NA
YOUR EVENINGS LTD,17185055,active,ltd,,,2026-04-28,,2026-04-28,[62020],66 Paul Street London England EC2A 4NA
SIGLUM LABS LTD,17130515,active,ltd,,,2026-04-01,,2026-04-01,[62012, 62020, 63110, 63120],18289 Office 18289 182-184 High Street North, East Ham London United Kingdom E6 2JA
GG-892-776 LIMITED,17185199,active,ltd,,,2026-04-28,,2026-04-28,[68209],C/O Getground London England W6 0NB
CRESCENT RECRUIT LTD,17185189,active,ltd,,,2026-04-28,,2026-04-28,[82990],66 Paul Street London United Kingdom EC2A 4NA
AURELIARISE LTD,17185184,active,ltd,,,2026-04-28,,2026-04-28,[82990],Office 18670 182-184 High Street North London United Kingdom E6 2JA
RUBINO LTD,17185210,active,ltd,,,2026-04-28,,2026-04-28,[70229],International House London United Kingdom SW11 5RQ
DERUE NICOLAS LTD,17185220,active,ltd,,,2026-04-28,,2026-04-28,[70229],71-75 Shelton Street London United Kingdom WC2H 9JQ
NEZBOK HOMES LTD,17185229,active,ltd,,,2026-04-28,,2026-04-28,[68100],London Accounting Group Ltd London United Kingdom E5 9NA
AZURE TECH STUDIO LTD,17185221,active,ltd,,,2026-04-28,,2026-04-28,[62011, 62012, 62020],71-75 Shelton Street London United Kingdom WC2H 9JQ
ZELOFUN LIMITED,17185294,active,ltd,,,2026-04-28,,2026-04-28,[62012],146 New Cavendish Street London United Kingdom W1W 6YQ
RPA CONSULTING LTD,17185297,active,ltd,,,2026-04-28,,2026-04-28,[62020],124 City  Road London United Kingdom EC1V 2NX
ENID TECHNOLOGIES LTD,17185303,active,ltd,,,2026-04-28,,2026-04-28,[62012, 62020],2nd Floor College House Ruislip, United Kingdom HA4 7AE
DHANAA CEYLON SPICES LTD,17185293,active,ltd,,,2026-04-28,,2026-04-28,[46370],128 City Road London United Kingdom EC1V 2NX
SHC360 PRIVATE CLIENT LIMITED,17185399,active,ltd,,,2026-04-28,,2026-04-28,[70229, 82990],71-75 Shelton Street London United Kingdom WC2H 9JQ
HRISTO HRISTOV LTD,17185396,active,ltd,,,2026-04-28,,2026-04-28,[74209],Suite Ra01, 195-197 Wood Street, London United Kingdom E17 3NU
JOBSEER LTD,17185471,active,ltd,,,2026-04-28,,2026-04-28,[78109],Office 1174 60 Tottenham Court Road London United Kingdom W1T 2EW
ZONBUMA LTD,17185488,active,ltd,,,2026-04-28,,2026-04-28,[47910],71-75 Shelton Street London United Kingdom WC2H 9JQ
PAPA VENTILATION LTD,17185486,active,ltd,,,2026-04-28,,2026-04-28,[43220],Unit B Cypress House London England N22 6UJ
MYOHOMASSAGE LTD,17185479,active,ltd,,,2026-04-28,,2026-04-28,[86900],9a Lancaster Drive London England NW3 4EY
EANW HOLDINGS LIMITED,17185542,active,ltd,,,2026-04-28,,2026-04-28,[68209],124 City  Road London United Kingdom EC1V 2NX
82J LIMITED,17185524,active,ltd,,,2026-04-28,,2026-04-28,[47910],66 Paul Street London United Kingdom EC2A 4NA
IAMILKAY LTD,17185529,active,ltd,,,2026-04-28,,2026-04-28,[47910],Suite 10771 5 Brayford Square London United Kingdom E1 0SG
CONSTRUCT CON LTD,17185589,active,ltd,,,2026-04-28,,2026-04-28,[43999],71-75 Shelton Street London United Kingdom WC2H 9JQ
AI DESIGN & BUILD LIMITED,17185591,active,ltd,,,2026-04-28,,2026-04-28,[41100, 41201, 41202],71-75 Shelton Street London United Kingdom WC2H 9JQ
MY STUDIO BO LTD,17185683,active,ltd,,,2026-04-28,,2026-04-28,[71111],Flat 303 Sonic House 6 Monier Road London England E3 2NP
MORE GROWTH LIMITED,17185689,active,ltd,,,2026-04-28,,2026-04-28,[41201, 41202],8 Farley Place London England SE25 5JR
H D MEPANI LTD,17185686,active,ltd,,,2026-04-28,,2026-04-28,[68100, 68209],C J House 99a Cobbold Road London United Kingdom NW10 9SL
CDP WORLDWIDE HOLDINGS LIMITED,17185740,active,ltd,,,2026-04-28,,2026-04-28,[64209],Dixon House Second Floor London England EC3N 3DQ
VANDRIX CAPITAL LIMITED,17185742,active,ltd,,,2026-04-28,,2026-04-28,[64303],71-75 Shelton Street London United Kingdom WC2H 9JQ
AERO3 TECHNOLOGY LTD,17185763,active,ltd,,,2026-04-28,,2026-04-28,[46900, 47910],66 Paul Street London England EC2A 4NA
FIRECLAW LIMITED,17185773,active,ltd,,,2026-04-28,,2026-04-28,[62012, 62020],167-169 Great Portland Street London United Kingdom W1W 5PF
2POINT TALENT GROUP LTD,17185774,active,ltd,,,2026-04-28,,2026-04-28,[78109, 78300],Office 18595 182-184 High Street North East Ham United Kingdom E6 2JA
OMELVA LTD,17185873,active,ltd,,,2026-04-28,,2026-04-28,[47910],2nd Floor College House Ruislip, United Kingdom HA4 7AE
BROTHERHOOD OF SOLAR PANELS LTD,17185901,active,ltd,,,2026-04-28,,2026-04-28,[41201, 43210, 43999],30 Watson Avenue London England E6 2BP
ZACK FOWLER DIGITAL LTD,17185888,active,ltd,,,2026-04-28,,2026-04-28,[70229],124 City Road London United Kingdom EC1V 2NX
SLIMLIFE LTD,17174960,active,ltd,,,2026-04-22,,2026-04-22,[73110],International House London United Kingdom WC1X 9LP
MALL CONFECTIONERY UK LTD,17185864,active,ltd,,,2026-04-28,,2026-04-28,[68209],35 Grafton Way London England W1T 5DB
VALENTIN GROUPE LTD,17185890,active,ltd,,,2026-04-28,,2026-04-28,[96090],128 City Road London United Kingdom EC1V 2NX
REF PROPERTY GROUP LTD,17186046,active,ltd,,,2026-04-28,,2026-04-28,[68100, 68209, 68320],71-75 Shelton Street London United Kingdom WC2H 9JQ
LOVE BLUSH LTD,17186108,active,ltd,,,2026-04-28,,2026-04-28,[96020],71-75 Shelton Street London United Kingdom WC2H 9JQ
PIZZA KRAFT LTD,17186152,active,ltd,,,2026-04-28,,2026-04-28,[56103],565 Green Lanes London England N8 0RL
SUNESIO LTD,17186135,active,ltd,,,2026-04-28,,2026-04-28,[58290, 62012],124 City Road London United Kingdom EC1V 2NX
TEXT ALFIE LTD,17186143,active,ltd,,,2026-04-28,,2026-04-28,[96090],71-75 Shelton Street London United Kingdom WC2H 9JQ
MS HYDERABAD LTD,17186144,active,ltd,,,2026-04-28,,2026-04-28,[56301],86a Woodgrange Road London United Kingdom E7 0EW
JM LONDON PROPERTY LIMITED,17137627,active,ltd,,,2026-04-06,,2026-04-06,[68100],51 Gloucester Terrace London United Kingdom W2 3DQ
CONCIERGE BY SK LTD,17177522,active,ltd,,,2026-04-23,,2026-04-23,[96090],Office 182 8 Shepherd Market London England W1J 7QE
PRIMESTAY TRAVEL LTD,17186217,active,ltd,,,2026-04-28,,2026-04-28,[47910, 79110],20 Wenlock Road London England N1 7GU
WARNA CONSULT LTD,17186264,active,ltd,,,2026-04-28,,2026-04-28,[84120, 85590],66 Paul Street London United Kingdom EC2A 4NA
RAIZ & VIDA WELLNESS LIMITED,17186384,active,ltd,,,2026-04-28,,2026-04-28,[86900],128 City Road London United Kingdom EC1V 2NX
RORKE GC CONSULTING LIMITED,17186400,active,ltd,,,2026-04-28,,2026-04-28,[93199],80-83 Long Lane London England EC1A 9ET
TYPEFROG STUDIO LTD,17186399,active,ltd,,,2026-04-28,,2026-04-28,[74100],20 Wenlock Road London England N1 7GU
ARA FOOD MARKET LTD,17186383,active,ltd,,,2026-04-28,,2026-04-28,[47290],23 Sixth Avenue London England E12 5PP
REALLIVINGPROOF LTD,17186396,active,ltd,,,2026-04-28,,2026-04-28,[47910, 59200],66 Paul Street London United Kingdom EC2A 4NA
WIND BARRIER LTD,17186467,active,ltd,,,2026-04-28,,2026-04-28,[90010],C/O Bigstar Business Management Ltd 303 The Pillbox London United Kingdom E2 6GH
FEVZIAKSOY LTD,17186628,active,ltd,,,2026-04-28,,2026-04-28,[47910],Suite 10782 5 Brayford Square London United Kingdom E1 0SG
EARTHWHISPER LTD,17186711,active,ltd,,,2026-04-28,,2026-04-28,[47770, 47910, 47990],167-169 Great Portland Street London United Kingdom W1W 5PF
AREDIANO PROPERTY LTD,17186680,active,ltd,,,2026-04-28,,2026-04-28,[68320],128 City Road London United Kingdom EC1V 2NX
MSALLU LTD,17186687,active,ltd,,,2026-04-28,,2026-04-28,[18203, 47990, 71121],226 Tower Mews London England E17 7JJ
ROBKIN LTD,17186685,active,ltd,,,2026-04-28,,2026-04-28,[62090],71-75 Shelton Street London United Kingdom WC2H 9JQ
OCB PRIME LONDON PROPERTIES LIMITED,17186703,active,ltd,,,2026-04-28,,2026-04-28,[68310],Flat 8 11 Point Pleasant London England SW18 1PT
RAINBOW PERMUTATIONS LTD,17186834,active,ltd,,,2026-04-28,,2026-04-28,[90030],4 Powell Road London England E5 8DJ
MAI'S PERFORMANCE MOTORS LTD,17186827,active,ltd,,,2026-04-28,,2026-04-28,[45112],Flat 9 Poplar House London England SE4 1NE
HEATHGLEN TRADE LIMITED,17130271,active,ltd,,,2026-04-01,,2026-04-01,[47910],Office Suite 29a 3/F., 23 Wharf Street London United Kingdom SE8 3GG
MENOCOM LIMITED,17186933,active,ltd,,,2026-04-28,,2026-04-28,[61900],Zaj Associates 41-A Mill Lane London United Kingdom NW6 1NB
VARTA GROUP LIMITED,17187076,active,ltd,,,2026-04-28,,2026-04-28,[66190, 85590],66 Paul Street London England EC2A 4NA
MIKUTI LIMITED,17187089,active,ltd,,,2026-04-28,,2026-04-28,[74201, 74202],Snf 2806 Second Floor Office London United Kingdom SW5 0QT
GLOBAL RENAISSANCE GROUP LTD,17187063,active,ltd,,,2026-04-28,,2026-04-28,[82990],20 Wenlock Road London England N1 7GU
DEEP SEA ONE LTD,17187058,active,ltd,,,2026-04-28,,2026-04-28,[56103],356 Greenford Avenue, 356 Greenford Avenue London United Kingdom W7 3DA
MMM FINIT LIMITED,17187050,active,ltd,,,2026-04-28,,2026-04-28,[62020, 62090, 69202],Flat 36 Halley House London England NW9 9DR
MILESTONE AUCTION LIMITED,17187075,active,ltd,,,2026-04-28,,2026-04-28,[46190],6 Selkirk Road London England SW17 0ES
HEATFLOW PLUMBING & HEATING SOLUTIONS LTD,17187159,active,ltd,,,2026-04-28,,2026-04-28,[43220],128 City Road London United Kingdom EC1V 2NX
PROPERTY CLEANING 26 LTD,17187152,active,ltd,,,2026-04-28,,2026-04-28,[81210],29 Hardwicke Road London England N13 4SL
RIZQN GROUP LTD,17187151,active,ltd,,,2026-04-28,,2026-04-28,[47910],4-6 Greatorex Street London England E1 5NF
PAMISHSONS LTD,17187143,active,ltd,,,2026-04-28,,2026-04-28,[86102, 87200],128 City Road London United Kingdom EC1V 2NX
EVERGREEN OAK GARDEN SERVICES LTD,17187235,active,ltd,,,2026-04-28,,2026-04-28,[81300],135 Dressington Avenue London England SE4 1JQ
FORPSYCH PRO LTD,17187231,active,ltd,,,2026-04-28,,2026-04-28,[74909, 86900],71-75 Shelton Street London United Kingdom WC2H 9JQ
KAIZEN PROPERTY SERVICES LTD,17187239,active,ltd,,,2026-04-28,,2026-04-28,[68320],Suite Ra01 195-197 Wood Street London United Kingdom E17 3NU
RZERX LTD,17187226,active,ltd,,,2026-04-28,,2026-04-28,[47910, 62012, 73110, 74100],36 Sutherland Road London United Kingdom N17 0BN
SHIFTCOVER365 LTD,17187298,active,ltd,,,2026-04-28,,2026-04-28,[62020],Flat 2, 10, Hemlock House Quebec Way London United Kingdom SE16 7LF
URTHWILD LTD,17187407,active,ltd,,,2026-04-28,,2026-04-28,[47910, 90030],20 Wenlock Road London England N1 7GU
CLOSEDECK LIMITED,17187412,active,ltd,,,2026-04-28,,2026-04-28,[62012, 62020, 63990, 70229],Suite Ra01, 195-197 Wood Street London United Kingdom E17 3NU
ART CREATION TRADING CO., LTD,17187420,active,ltd,,,2026-04-28,,2026-04-28,[46190, 46720],Flat 107 25 Indescon Square London England E14 9DG
TURAS MIDI COACHES LTD,17187418,active,ltd,,,2026-04-28,,2026-04-28,[45190],15 Whitehall London United Kingdom SW1A 2DD
RESPONSE OS-UK LIMITED,17187440,active,ltd,,,2026-04-28,,2026-04-28,[87200, 88100],128 City Road London United Kingdom EC1V 2NX
LDO GROUP LTD,17187432,active,ltd,,,2026-04-28,,2026-04-28,[96090],128 City Road London United Kingdom EC1V 2NX
X2 XLV LTD,17187531,active,ltd,,,2026-04-28,,2026-04-28,[68209],3 Coldbath Square London United Kingdom EC1R 5HL
ROOK GROUP LIMITED,17187532,active,ltd,,,2026-04-28,,2026-04-28,[68100],18 Rookwood Road London England N16 6SS
ELITE CARS NORTHAMPTON LIMITED,17187551,active,ltd,,,2026-04-28,,2026-04-28,[49320],29 Leighton Avenue London England E12 6JW
UBUK ENDEAVOUR LIMITED,17187557,active,ltd,,,2026-04-28,,2026-04-28,[64209],Four Kingdom Street London United Kingdom W2 6BD
MARRAM INVESTORS LTD,17187674,active,ltd,,,2026-04-28,,2026-04-28,[64303],62 Dean Street London England W1D 4QF
WHITESTONE SWAN LTD,17187740,active,ltd,,,2026-04-28,,2026-04-28,[78200, 78300],Office 18442 182-184 High Street North London United Kingdom E6 2JA
SLDC CRITICAL CONSULTING LIMITED,17187734,active,ltd,,,2026-04-28,,2026-04-28,[62020, 70229, 71122],167-169 Great Portland Street London England W1W 5PF
90 STUDIOS LTD,17187784,active,ltd,,,2026-04-28,,2026-04-28,[62090],167-169 Great Portland Street London England W1W 5PF
STAR WORKTOPS LTD,17187793,active,ltd,,,2026-04-28,,2026-04-28,[43390],41 Kenwyn Drive London England NW2 7NX
BIBLICAL LIFE MENTORSHIP LTD,17187929,active,ltd,,,2026-04-28,,2026-04-28,[82990, 94110],66 Paul Street London England EC2A 4NA
ELVORA GIFTS LTD,17188009,active,ltd,,,2026-04-28,,2026-04-28,[47770],66 Paul Street London United Kingdom EC2A 4NA
ZEYARET LTD,17188005,active,ltd,,,2026-04-28,,2026-04-28,[62012, 63120, 79110, 85590],182-184 High Street North London England E6 2JA
AXION LABS TECHNOLOGY LTD,17181854,active,ltd,,,2026-04-27,,2026-04-27,[47910, 62020, 62090],Unit A1001 4-6 Greatorex Street London United Kingdom E1 5NF
SHIPNOVO LTD,17181871,active,ltd,,,2026-04-27,,2026-04-27,[47910],Office 18397 182-184 High Street North London United Kingdom E6 2JA
MY KANGA LTD,17181886,active,ltd,,,2026-04-27,,2026-04-27,[47910],Office 18395 182-184 High Street North London United Kingdom E6 2JA
EXKALIBA LTD,17181874,active,ltd,,,2026-04-27,,2026-04-27,[49410],167-169 Great Portland Street London England W1W 5PF
CHESTNUT LODGE CARE LIMITED,17181879,active,ltd,,,2026-04-27,,2026-04-27,[87900],Argyle House 3rd Floor, Northside Northwood Hills England HA6 1NW
CANARA INVESTMENTS LTD,17181945,active,ltd,,,2026-04-27,,2026-04-27,[68100],124 City Road London United Kingdom EC1V 2NX
HENSDEN LTD,17181932,active,ltd,,,2026-04-27,,2026-04-27,[47910],Office 18217 182-184 High Street North London United Kingdom E6 2JA
SOTHEBY'S AUSTRALIA PTY LTD,17181936,active,ltd,,,2026-04-27,,2026-04-27,[46900, 47910, 47990],307 Wharfside Point South London United Kingdom E14 9EL
ORTHOREST LTD,17182034,active,ltd,,,2026-04-27,,2026-04-27,[47789],66 Paul Street London United Kingdom EC2A 4NA
DGNA LIMITED,17182031,active,ltd,,,2026-04-27,,2026-04-27,[62030],66 Paul Street London United Kingdom EC2A 4NA
LAB&COMPANY UK LTD,17182029,active,ltd,,,2026-04-27,,2026-04-27,[46450, 47750],Unit 307 Vox Studios 1-45 Durham Street London England SE11 5JH
ZKB LTD,17182026,active,ltd,,,2026-04-27,,2026-04-27,[47910],Office 18638 182-184 High Street North London United Kingdom E6 2JA
AJ LEGACY MEDIA LTD,17182013,active,ltd,,,2026-04-27,,2026-04-27,[59111],71-75 Shelton Street London United Kingdom WC2H 9JQ
183 DEVONSHIRE FREEHOLD MANAGEMENT COMPANY LIMITED,17182020,active,ltd,,,2026-04-27,,2026-04-27,[68320, 96090],128 City Road London United Kingdom EC1V 2NX
PIZZA PLUG CO. LTD,17182010,active,ltd,,,2026-04-27,,2026-04-27,[56290],1, 10, Laker House Nautical Drive London United Kingdom E16 2SH
FARZAM PRO LTD,17182007,active,ltd,,,2026-04-27,,2026-04-27,[47990],Office 18681 182-184 High Street North London United Kingdom E6 2JA
ELEVATE COMMERCIAL MANAGEMENT LTD,17182025,active,ltd,,,2026-04-27,,2026-04-27,[74902],20 Wenlock Road London England N1 7GU
ALBARAKA RESOURCES LTD,17182006,active,ltd,,,2026-04-27,,2026-04-27,[88990],42 Mary Datchelor Close London England SE5 7AY
MRI ACTIVE PTE LTD,17182092,active,ltd,,,2026-04-27,,2026-04-27,[86900],167-169 Great Portland Street London England W1W 5PF
ATTENTRA STUDIOS LTD,17182090,active,ltd,,,2026-04-27,,2026-04-27,[47910, 58110, 58190, 62090],66 Paul Street London United Kingdom EC2A 4NA
EASTWHERE PRODUCTIONS LIMITED,17182089,active,ltd,,,2026-04-27,,2026-04-27,[59200],124 City Road London England EC1V 2NX
PB MECHANICAL ENGINEERING SERVICES LTD,17182113,active,ltd,,,2026-04-27,,2026-04-27,[09100],128 City Road London United Kingdom EC1V 2NX
VIATOREM TRAVEL GROUP LTD,17182112,active,ltd,,,2026-04-27,,2026-04-27,[79110, 79909],71-75 Shelton Street London United Kingdom WC2H 9JQ
A.C. SMILE PROJECT LTD,17182122,active,ltd,,,2026-04-27,,2026-04-27,[86230],20 Wenlock Road London England N1 7GU
STONE STREET GROUP LTD,17182095,active,ltd,,,2026-04-27,,2026-04-27,[64209],20 Wenlock Road London England N1 7GU
ALOTHMAN ANTIQUES TRADING LTD,17182101,active,ltd,,,2026-04-27,,2026-04-27,[46470, 46480, 47791, 47910],71-75 Shelton Street London United Kingdom WC2H 9JQ
SEATBACK CINEMA LIMITED,17182102,active,ltd,,,2026-04-27,,2026-04-27,[17219, 17290, 73110, 74100],128 City Road London United Kingdom EC1V 2NX
ADRIATIK STONE LTD,17182211,active,ltd,,,2026-04-27,,2026-04-27,[08110, 23700, 46730],Flat 57 60 Vauxhall Bridge Road London England SW1V 2RD
KAMIUK LTD,17182202,active,ltd,,,2026-04-27,,2026-04-27,[47910],128 City Road London United Kingdom EC1V 2NX
VIBE WHOLESALE LTD,17182197,active,ltd,,,2026-04-27,,2026-04-27,[46360, 46900, 47910],66 Paul Street London England EC2A 4NA
LEMON AND HERB LTD,17182195,active,ltd,,,2026-04-27,,2026-04-27,[58290],41 Turenne Close London United Kingdom SW18 1JN
RAHIVO LTD,17182305,active,ltd,,,2026-04-27,,2026-04-27,[62011, 62090],128 City Road London United Kingdom EC1V 2NX
ECOTIDE CLEANERS LTD,17182289,active,ltd,,,2026-04-27,,2026-04-27,[81221],Flat 3 28 Friern Park London England N12 9DA
FOCASIA UK LIMITED,17182292,active,ltd,,,2026-04-27,,2026-04-27,[47910],Unit 794 Salisbury House 29 Finsbury Circus London United Kingdom EC2M 7AQ
HERO CIDER LTD,17182296,active,ltd,,,2026-04-27,,2026-04-27,[11030],92 Columbia Road London England E2 7QB
ELJIN LTD,17182302,active,ltd,,,2026-04-27,,2026-04-27,[58290, 62012],71-75 Shelton Street London United Kingdom WC2H 9JQ
FINELL ROW PROPERTIES LTD,17182306,active,ltd,,,2026-04-27,,2026-04-27,[68100, 68209],809 Salisbury House 29 Finsbury Circus London United Kingdom EC2M 7AQ
LAZY LAKES DEVELOPMENTS LTD,17182345,active,ltd,,,2026-04-27,,2026-04-27,[41100],23 London Road Downham Market England PE38 9BJ
BONDARCHUK LTD,17182330,active,ltd,,,2026-04-27,,2026-04-27,[43999],Flat 18 Triangle Apartments London United Kingdom E14 3HN
CRNA RUKA DC LIMITED,17182327,active,ltd,,,2026-04-27,,2026-04-27,[96090],71-75 Shelton Street London United Kingdom WC2H 9JQ
ITHACUS LTD,17182433,active,ltd,,,2026-04-27,,2026-04-27,[71129],4th Floor, Silverstream House London United Kingdom W1T 6EB
BLACK BRITISH COMEDY PRODUCTIONS LTD,17182430,active,ltd,,,2026-04-27,,2026-04-27,[59113, 59120, 60200],Portman House, 3rd Floor C/O M I Accountants & Tax Advisers Ltd London United Kingdom W1H 6DU
SPIKO UK LTD,17182420,active,ltd,,,2026-04-27,,2026-04-27,[64999, 66190],6th Floor One London Wall London United Kingdom EC2Y 5EB
BLACK BRITISH COMEDY AWARDS LTD,17182425,active,ltd,,,2026-04-27,,2026-04-27,[90010, 90020, 90030, 90040],Portman House, 3rd Floor C/O M I Accountants & Tax Advisers Ltd London United Kingdom W1H 6DU
MANOR PARK MANAGEMENT (WILLIS WAY) LIMITED,17182395,active,ltd,,,2026-04-27,,2026-04-27,[68320],12th Floor Aldgate Tower London United Kingdom E1W 9US
CORDOBA FINANCIAL GROUP LTD,17182400,active,ltd,,,2026-04-27,,2026-04-27,[64303, 64304, 64306, 66190],71-75 Shelton Street London United Kingdom WC2H 9JQ
COMPLIANCE IT LTD,17182486,active,ltd,,,2026-04-27,,2026-04-27,[62012, 62020],71-75 Shelton Street London United Kingdom WC2H 9JQ
GRANDPICK LTD,17182483,active,ltd,,,2026-04-27,,2026-04-27,[46110, 46420, 46440, 47190],71-75 Shelton Street London United Kingdom WC2H 9JQ
PACK AND SERVE LTD,17182477,active,ltd,,,2026-04-27,,2026-04-27,[46190, 46760, 46900],20 Wenlock Road London England N1 7GU
RAPHA LIFE LTD,17182489,active,ltd,,,2026-04-27,,2026-04-27,[96020],98 Crawford Street London United Kingdom W1H 2HL
EVOLVE CAPITAL GROUP LTD,17182756,active,ltd,,,2026-04-27,,2026-04-27,[46900],128 City Road London United Kingdom EC1V 2NX
QUIRKY & CHIC LTD,17182747,active,ltd,,,2026-04-27,,2026-04-27,[47190, 47910, 47990],32a Tollington Park London England N4 3QY
SJZ PROPERTIES LTD,17182741,active,ltd,,,2026-04-27,,2026-04-27,[68209],Unit 2-3, 88 Mile End Road London England E1 4UN
(COMPANY RE-DOMICILED FROM BRITISH VIRGIN ISLANDS) LUX TRADE LTD,17182809,active,ltd,,,2026-04-27,,2026-04-27,[99999],141 Somerset Gardens London United Kingdom N17 8JX
LAZAROU INVESTMENTS LTD,17182820,active,ltd,,,2026-04-27,,2026-04-27,[68100, 68209, 68320],Hale House Unit 5 Palmers Green United Kingdom N13 5TW
S R JAHAN LIMITED,17182815,active,ltd,,,2026-04-27,,2026-04-27,[68209],46d Greatorex Street London England E1 5NP
SPECIFIC RISK ASSESSMENTS LTD,17182817,active,ltd,,,2026-04-27,,2026-04-27,[62012],71-75 Shelton Street London United Kingdom WC2H 9JQ
HEALTH ROCKS SUPPLEMENTS LTD,17182824,active,ltd,,,2026-04-27,,2026-04-27,[96090],71-75 Shelton Street London United Kingdom WC2H 9JQ
PRYCIZION TECHNOLOGIES LTD,17182795,active,ltd,,,2026-04-27,,2026-04-27,[46510, 62012, 62020, 62090],66 Paul Street London England EC2A 4NA
SEGLMOR ESTATES LTD,17182911,active,ltd,,,2026-04-27,,2026-04-27,[68100, 68209],39 Gainsborough Gardens London England NW11 9BJ
GAZA AYTEKIN LTD,17182923,active,ltd,,,2026-04-27,,2026-04-27,[47910],Office 18502 182-184 High Street North London United Kingdom E6 2JA
MISTRY & SONS CATERING LIMITED,17183052,active,ltd,,,2026-04-27,,2026-04-27,[56210],Flat 51 Conrad Court London England NW9 5ZW
PERIORA LTD,17183039,active,ltd,,,2026-04-27,,2026-04-27,[62012, 62020],71-75 Shelton Street London United Kingdom WC2H 9JQ
KEEP IT GLEAMING LTD,17183076,active,ltd,,,2026-04-27,,2026-04-27,[43999],128 City Road London United Kingdom EC1V 2NX
NEXVORAX LTD,17183101,active,ltd,,,2026-04-27,,2026-04-27,[47990],Office 18159 182-184 High Street North London United Kingdom E6 2JA
BAMIKE KITCHEN LIMITED,17183109,active,ltd,,,2026-04-27,,2026-04-27,[56103, 56290],11 Bradbury Street London England N16 8JN
CHESTER ACADEMY OF INDUSTRIES AND TECHNOLOGY LTD,17183110,active,ltd,,,2026-04-27,,2026-04-27,[85421, 85422, 85590, 85600],10-16 Tiller Road London United Kingdom E14 8PX
A S COURIER SERVICES LTD,17183089,active,ltd,,,2026-04-27,,2026-04-27,[52290],66 Paul Street London United Kingdom EC2A 4NA
ECB NETWORKING LIMITED,17183088,active,ltd,,,2026-04-27,,2026-04-27,[62030],2a Finance House London United Kingdom NW6 2EB
SYMPHIA LTD,17183189,active,ltd,,,2026-04-27,,2026-04-27,[47910],Office 18662, 182-184 High Street North London United Kingdom E6 2JA
ALLIANCE GESTION LTD,17183191,active,ltd,,,2026-04-27,,2026-04-27,[70229],Office 18699 182-184 High Street North London United Kingdom E6 2JA
VBL HOLDINGS LTD,17183182,active,ltd,,,2026-04-27,,2026-04-27,[64209],20 Woodford Road London England E7 0HA
IVY HOUSE HOSPITALITY LTD,17183181,active,ltd,,,2026-04-27,,2026-04-27,[78109],Apartment 44 Alberts Court London England NW1 6EL
VISION DRC CONSULTING LIMITED,17183157,active,ltd,,,2026-04-27,,2026-04-27,[70229, 82990],Flat 5, 207 Trafalgar Road London England SE10 9EQ
ERZGO LIMITED,17183169,active,ltd,,,2026-04-27,,2026-04-27,[47910, 58290, 62012, 62020],Suite 10777 5 Brayford Square London United Kingdom E1 0SG
WELLSOV LTD,17183159,active,ltd,,,2026-04-27,,2026-04-27,[47910],124-128 City Road London England EC1V 2NX
ZHIZIHUAKAI LTD,17183247,active,ltd,,,2026-04-27,,2026-04-27,[47910],Unit 150 Second Floor Capital House 61 Amhurst Road, London United Kingdom E8 1LL
ARKA TRANSPORT LTD,17183240,active,ltd,,,2026-04-27,,2026-04-27,[49410],15 Hermitage Road London England N4 1DF
ZAKI TRADEMAN LTD,17183248,active,ltd,,,2026-04-27,,2026-04-27,[68209, 68320, 86900, 96010],Flat 1, 26a Camberwell Road London England SE5 0EN
OHA LABS LIMITED,17183250,active,ltd,,,2026-04-27,,2026-04-27,[47910, 58290, 61900, 63990],71-75 Shelton Street London United Kingdom WC2H 9JQ
BLINKA LTD,17183494,active,ltd,,,2026-04-27,,2026-04-27,[62020],71-75 Shelton Street London United Kingdom WC2H 9JQ
AK FOLIAGE LTD,17183508,active,ltd,,,2026-04-27,,2026-04-27,[46220],71-75 Shelton Street London United Kingdom WC2H 9JQ
SHARK GLOBAL LTD,17183511,active,ltd,,,2026-04-27,,2026-04-27,[47910],71-75 Shelton Street London United Kingdom WC2H 9JQ
OBENNETT TM SOLUTIONS LTD,17183529,active,ltd,,,2026-04-27,,2026-04-27,[41202],4bb, 4b, Abbey Road Abbey Road London United Kingdom EN1 2QL
SCALICA LTD,17183504,active,ltd,,,2026-04-27,,2026-04-27,[62012, 62020],71-75 Shelton Street London United Kingdom WC2H 9JQ
PAWSON CONSULTING LTD,17183503,active,ltd,,,2026-04-27,,2026-04-27,[73110],124, Pawson Consulting City Road London United Kingdom EC1V 2NX
DONI EXPRESS LTD,17183507,active,ltd,,,2026-04-27,,2026-04-27,[49410, 52290],66 Paul Street London United Kingdom EC2A 4NA
KORA LOGIC LIMITED,17183421,active,ltd,,,2026-04-27,,2026-04-27,[62011, 62012],31 Sextant Avenue London England E14 3DX
DB CAPITAL ADVISORY LTD,17183460,active,ltd,,,2026-04-27,,2026-04-27,[66190, 70221, 70229],124 City Road London United Kingdom EC1V 2NX
FLOCK GROUP LTD,17183537,active,ltd,,,2026-04-27,,2026-04-27,[47910],Flat 4, 13 Ravensbury Terrace London United Kingdom SW18 4SD
LGD LOGISTICS LTD,17183384,active,ltd,,,2026-04-27,,2026-04-27,[43999],8 Dagenham Road London England E10 7LH
ANTI AUDIO LTD,17183383,active,ltd,,,2026-04-27,,2026-04-27,[59200],26c Dartmouth Road London United Kingdom NW2 4EX
EXPERIENCE ATELIER LTD,17183401,active,ltd,,,2026-04-27,,2026-04-27,[47799, 70229],Unit 1 465c Hornsey Road London United Kingdom N19 4DR
MKS ADVISORY LTD,17183541,active,ltd,,,2026-04-27,,2026-04-27,[70229],81 Fairfield Road London England E3 2QA
BLACKBULL LIGHTING LTD,17183547,active,ltd,,,2026-04-27,,2026-04-27,[27400],39 Pember Road London England NW10 5LT
THE METAL PUZZLE SOLUTIONS LTD,17183615,active,ltd,,,2026-04-27,,2026-04-27,[43290],Flat 33 Manor House Court London England W7 3EG
GROOVE27 LTD,17184301,active,ltd,,,2026-04-27,,2026-04-27,[90010],66 Paul Street London United Kingdom EC2A 4NA
BENCHMARK HOME & BUSINESS LIMITED,17184281,active,ltd,,,2026-04-27,,2026-04-27,[17220],66 Paul Street London United Kingdom EC2A 4NA
THINKRAG LTD,17184276,active,ltd,,,2026-04-27,,2026-04-27,[62012, 62020, 62090, 63120],128 City Road London United Kingdom EC1V 2NX
NTAB ANALYTICS LIMITED,17184308,active,ltd,,,2026-04-27,,2026-04-27,[66110],Flat 4 Oak Hill House London England NW3 7LP
ALAN LAW LTD,17184186,active,ltd,,,2026-04-27,,2026-04-27,[69109],First Central 200 2 Lakeside Drive London United Kingdom NW10 7FQ
NARTKOK LTD,17184242,active,ltd,,,2026-04-27,,2026-04-27,[47910],102 Rookery Court, 80 Ruckholt Road London United Kingdom E10 5FA
TENDERLAB LTD,17184263,active,ltd,,,2026-04-27,,2026-04-27,[70229],128 City Road London United Kingdom EC1V 2NX
DRUMINNOR HOLDINGS LTD,17184210,active,ltd,,,2026-04-27,,2026-04-27,[64209, 64999, 68209, 70100],20 Wenlock Road London England N1 7GU
MILLENAAR ESTATES LTD,17184159,active,ltd,,,2026-04-27,,2026-04-27,[68100, 68209],71-75 Shelton Street London United Kingdom WC2H 9JQ
T&D CONSTRUCTION LIMITED,17184196,active,ltd,,,2026-04-27,,2026-04-27,[41202],79 Pilgrims Close London England N13 4HZ
POINT GREEN PROGRAMMES LIMITED,17184157,active,ltd,,,2026-04-27,,2026-04-27,[70229],Flat 40 City Mill Apartments London England E8 4FB
LEADING WITH BALANCE LTD,17184304,active,ltd,,,2026-04-27,,2026-04-27,[96090],71-75 Shelton Street London United Kingdom WC2H 9JQ
REQUIFY LTD,17184588,active,ltd,,,2026-04-27,,2026-04-27,[62012, 71122],71-75 Shelton Street London United Kingdom WC2H 9JQ
ALME ADVISORY LTD,17184609,active,ltd,,,2026-04-27,,2026-04-27,[70229],71-75 Shelton Street London United Kingdom WC2H 9JQ
PARNASAH LTD,17184597,active,ltd,,,2026-04-27,,2026-04-27,[41100],26 Holmfield Avenue London United Kingdom NW4 2LN
SAMAR INVESTMENTS LTD,17184647,active,ltd,,,2026-04-27,,2026-04-27,[68100, 68209],108 Rochdale Road London United Kingdom SE2 0XB
FRESH ROSE LTD,17184713,active,ltd,,,2026-04-27,,2026-04-27,[68100],23 Sach Road London England E5 9LJ
ADELSO STUDIO LTD,17184751,active,ltd,,,2026-04-27,,2026-04-27,[62011, 62012],71-75 Shelton Street London United Kingdom WC2H 9JQ
PLADO APP LTD,17184801,active,ltd,,,2026-04-27,,2026-04-27,[58290, 62012, 85590, 85600],66 Paul Street London United Kingdom EC2A 4NA
3 BOHEMIA ROAD LTD,17185052,active,ltd,,,2026-04-28,,2026-04-28,[41100],121 Craven Park Road London United Kingdom N15 6BP
CROSSAN CAPITAL LTD,17185085,active,ltd,,,2026-04-28,,2026-04-28,[64209],101 New Cavendish Street London United Kingdom W1W 6XH
NO GOOD AI LTD,17185083,active,ltd,,,2026-04-28,,2026-04-28,[62090],71-75 Shelton Street London United Kingdom WC2H 9JQ
GATHERLY LTD,17185086,active,ltd,,,2026-04-28,,2026-04-28,[58290],71-75 Shelton Street London United Kingdom WC2H 9JQ
MARAVILOS LTD,17185088,active,ltd,,,2026-04-28,,2026-04-28,[47910],4 Raven Road, Unit 1c3-1158 London United Kingdom E18 1HB
LIONBRIDGE PROPERTY LIMITED,17185134,active,ltd,,,2026-04-28,,2026-04-28,[68100, 68209],124 City Road London United Kingdom EC1V 2NX
BASELINE VENTURES LTD,17185141,active,ltd,,,2026-04-28,,2026-04-28,[46420, 47640, 47710],128 City Road London United Kingdom EC1V 2NX
MAISON LAM LTD,17185131,active,ltd,,,2026-04-28,,2026-04-28,[47910],20 Wenlock Road London England N1 7GU
FLOWHIRE AUTOMATIONS LTD,17185253,active,ltd,,,2026-04-28,,2026-04-28,[62012, 62020, 62090, 63110],128 City Road London United Kingdom EC1V 2NX
MAINDRAW AI TECH LTD,17185258,active,ltd,,,2026-04-28,,2026-04-28,[62012],Flat A London England SW9 8QH
KEYSTONE SURVEYING & BUILDING CONSULTANCY LTD,17185263,active,ltd,,,2026-04-28,,2026-04-28,[74902],20 Wenlock Road London England N1 7GU
VALOR&TRUST LTD,17185277,active,ltd,,,2026-04-28,,2026-04-28,[47910],Office 18533 182-184 High Street North London United Kingdom E6 2JA
ZENOBE COALBURN BORROWER LIMITED,17185275,active,ltd,,,2026-04-28,,2026-04-28,[35110],Burdett House London United Kingdom WC2N 6DU
A1KNIGHT LABS LTD,17185268,active,ltd,,,2026-04-28,,2026-04-28,[47910],71-75 Shelton Street London United Kingdom WC2H 9JQ
BAKERLULU LTD,17185362,active,ltd,,,2026-04-28,,2026-04-28,[70229, 82301],20 Wenlock Road London England N1 7GU
KOVALLY LIMITED,17168838,active,ltd,,,2026-04-20,,2026-04-20,[62012, 63990],71-75 Shelton Street London United Kingdom WC2H 9JQ
AVDOSINA-KEMP BUSINESS-SOLUTIONS LIMITED,17185454,active,ltd,,,2026-04-28,,2026-04-28,[62020, 62090, 70229, 73110],71-75 Shelton Street London United Kingdom WC2H 9JQ
CHELSEA GARDEN ROOMS LTD,17185455,active,ltd,,,2026-04-28,,2026-04-28,[43999],128 City Road London United Kingdom EC1V 2NX
JACKJ LTD,17185445,active,ltd,,,2026-04-28,,2026-04-28,[47990],Office 17733 182-184 High Street North London United Kingdom E6 2JA
GG-558-098 LIMITED,17185510,active,ltd,,,2026-04-28,,2026-04-28,[68209],C/O Getground London England W6 0NB
AW MEDIA VENTURES LTD,17185506,active,ltd,,,2026-04-28,,2026-04-28,[63990],128 City Road London United Kingdom EC1V 2NX
LUCICA LTD,17185518,active,ltd,,,2026-04-28,,2026-04-28,[47190, 47910],66 Paul Street London England EC2A 4NA
AHIRAM ACADEMY LTD,17185497,active,ltd,,,2026-04-28,,2026-04-28,[69109, 72200, 85421, 85422],112 Loughborough House London United Kingdom RM8 2GJ
BREWNADO LTD,17185710,active,ltd,,,2026-04-28,,2026-04-28,[56102],11 Balaam Street London England E13 8EB
QUALIVA LTD,17185695,active,ltd,,,2026-04-28,,2026-04-28,[62020, 63110],167-169 Great Portland Street London England W1W 5PF
PEYTONS HORSESHOES LIMITED,17185822,active,ltd,,,2026-04-28,,2026-04-28,[56302],48 Coity Road London England NW5 4RY
SVEET HOMES LTD,17185824,active,ltd,,,2026-04-28,,2026-04-28,[68100, 68201, 68209, 68310],128 City Road London United Kingdom EC1V 2NX
SEVEN SUMMITS AT LTD,17185929,active,ltd,,,2026-04-28,,2026-04-28,[43999],71-75 Shelton Street London United Kingdom WC2H 9JQ
PROSHIELD CLEAING & MAINTENANCE LTD,17185910,active,ltd,,,2026-04-28,,2026-04-28,[43341, 81100, 81210, 81222],Flat 23 Rosemoor House 90-94 Broadway London England W13 0SA
VORTEX ACCESS SOLUTIONS LTD,17185935,active,ltd,,,2026-04-28,,2026-04-28,[43290, 43320, 43390, 43999],66 Paul Street London England EC2A 4NA
FATINA INSAAT TICARET LIMITED,17185937,active,ltd,,,2026-04-28,,2026-04-28,[47810],Office 8045bo 182-184 High Street North London United Kingdom E6 2JA
KILL DEVIL HILLS STUDIO LTD,17186031,active,ltd,,,2026-04-28,,2026-04-28,[62011, 71111],60 Tottenham Court Road London England W1T 2EW
MXC CONTROLS SERVICES LTD,17186006,active,ltd,,,2026-04-28,,2026-04-28,[71129, 71200],71-75 Shelton Street London United Kingdom WC2H 9JQ
REVERB INDUSTRIAL LIMITED,17186039,active,ltd,,,2026-04-28,,2026-04-28,[96090],Suite 631 Sixth Floor Linen Hall 162-168 London England W1B 5TG
TDYS LTD,17186008,active,ltd,,,2026-04-28,,2026-04-28,[56103],52 Lower Richmond Road London England SW15 1JT
ALLUM UK TRADING LTD,17186023,active,ltd,,,2026-04-28,,2026-04-28,[46480],First Floor Winston House London United Kingdom N3 1DH
GLOBELOOM LTD,17186080,active,ltd,,,2026-04-28,,2026-04-28,[62090],27 Old Gloucester Street London United Kingdom WC1N 3AX
DOBH LIMITED,17166909,active,ltd,,,2026-04-19,,2026-04-19,[68100, 68209, 68320],16 Beaufort Court Admirals Way London England E14 9XL
DAD BOD LESSONS LIMITED,17186232,active,ltd,,,2026-04-28,,2026-04-28,[86900],66 Paul Street London United Kingdom EC2A 4NA
HS 3D & AI CREATIVE CONSULTANCY LTD,17186333,active,ltd,,,2026-04-28,,2026-04-28,[59112],21 Ellis Street London United Kingdom SW1X 9AL
MERIDIAN ATLAS LTD,17186352,active,ltd,,,2026-04-28,,2026-04-28,[47910],11 Edgeworth Crescent London England NW4 4HA
RESOLVEIT TECHNOLOGIES UK LTD,17186346,active,ltd,,,2026-04-28,,2026-04-28,[62020, 62090, 63990],First Floor Office London United Kingdom W8 4LZ
RADION HEALTH LTD,17186356,active,ltd,,,2026-04-28,,2026-04-28,[86220, 86900],102 Rookery Court, 80 Ruckholt Road London United Kingdom E10 5FA
LAUREL FARM LEISURE LTD,17186358,active,ltd,,,2026-04-28,,2026-04-28,[55209, 55300],128 City Road London United Kingdom EC1V 2NX
MVCHOLDINGS LTD,17186405,active,ltd,,,2026-04-28,,2026-04-28,[56101],8 Liston Road London United Kingdom N17 9UG
RANYA RETAIL LTD,17186406,active,ltd,,,2026-04-28,,2026-04-28,[47770],209 Upper Tooting Road London England SW17 7TG
VELA RETAIL LTD,17186423,active,ltd,,,2026-04-28,,2026-04-28,[47910],Allied House Twickenham United Kingdom TW1 3SZ
LINKVIEW CONSULTING LTD,17186539,active,ltd,,,2026-04-28,,2026-04-28,[70229],66 Paul Street London United Kingdom EC2A 4NA
CABAI LTD,17186547,active,ltd,,,2026-04-28,,2026-04-28,[62012, 62020, 63120],71-75 Shelton Street London United Kingdom WC2H 9JQ
MYAYA LTD,17186554,active,ltd,,,2026-04-28,,2026-04-28,[68209],59 Cossall Walk London England SE15 2TN
MSCZ LIMITED,17186644,active,ltd,,,2026-04-28,,2026-04-28,[58190],124 City Road London England EC1V 2NX
THE DOLLS LONDON LTD,17186645,active,ltd,,,2026-04-28,,2026-04-28,[96020],161 Brent Street London England NW4 4DH
LEANZFO LTD,17186649,active,ltd,,,2026-04-28,,2026-04-28,[47910],71-75 Shelton Street London United Kingdom WC2H 9JQ
OSLO READERS LTD,17186657,active,ltd,,,2026-04-28,,2026-04-28,[47190],Office 18708 182-184 High Street North London United Kingdom E6 2JA
DANEZ CONSULTING LTD,17186673,active,ltd,,,2026-04-28,,2026-04-28,[70229],167-169 Great Portland Street London England W1W 5PF
MAHRA LTD,17186641,active,ltd,,,2026-04-28,,2026-04-28,[73200],92 White City Estate London England W12 7NX
CORESTRATA INCORPORATED LTD,17186803,active,ltd,,,2026-04-28,,2026-04-28,[70229],Third Floor London United Kingdom EC4M 7AN
ZARA B LTD,17186806,active,ltd,,,2026-04-28,,2026-04-28,[47910],Office 18671 182-184 High Street North London United Kingdom E6 2JA
ARCH UK PROPERTY MANAGEMENT LTD,17186804,active,ltd,,,2026-04-28,,2026-04-28,[55100, 55900, 68209],1 Rosemont Road London England NW3 6NG
VERGEIT LTD,17186782,active,ltd,,,2026-04-28,,2026-04-28,[62012],Flat 95, Samuel Jones Court London United Kingdom SE15 6FJ
SAEM CONSULTING LIMITED,17186787,active,ltd,,,2026-04-28,,2026-04-28,[86220],128 City Road London United Kingdom EC1V 2NX
FIVE POINT BUILDING SERVICES LIMITED,17186776,active,ltd,,,2026-04-28,,2026-04-28,[41100],Turnpike House 1208-1210 London Road Leigh-On-Sea England SS9 2UA
PUKA LABS LTD,17186808,active,ltd,,,2026-04-28,,2026-04-28,[47910],66 Paul Street London United Kingdom EC2A 4NA
SNORCAT TREASURES LTD,17186943,active,ltd,,,2026-04-28,,2026-04-28,[47650, 47890, 47910, 47990],71-75 Shelton Street London United Kingdom WC2H 9JQ
WISE EATS LTD,17186964,active,ltd,,,2026-04-28,,2026-04-28,[53202, 62012, 63120, 73120],71-75 Shelton Street London United Kingdom WC2H 9JQ
GBR HOARDING LTD,17186993,active,ltd,,,2026-04-28,,2026-04-28,[41202, 43290, 43991, 43999],102 Hudson Place London United Kingdom SE18 7SL
ZENTRO ESTATES LTD,17186998,active,ltd,,,2026-04-28,,2026-04-28,[68320],3 Norfolk Avenue London United Kingdom N15 6JX
SHITAL SIGN LTD,17187001,active,ltd,,,2026-04-28,,2026-04-28,[32990, 43290],Unit 1 Watling Gate 297-303 Edgware Road London England NW9 6NB
VELCREST SERVICES LIMITED,17187002,active,ltd,,,2026-04-28,,2026-04-28,[78109],49 Norbury Crescent London England SW16 4JS
SIMPORSHRIMP LTD,17186981,active,ltd,,,2026-04-28,,2026-04-28,[47710],182-184 High Street North London England E6 2JA
MELODIZA LTD,17187133,active,ltd,,,2026-04-28,,2026-04-28,[59200, 62012],71-75 Shelton Street London United Kingdom WC2H 9JQ
SALVE LTD,17187186,active,ltd,,,2026-04-28,,2026-04-28,[20411, 47910],Flat 3 26 Dartmouth Road London England SE23 3XU
ORAMA PORTFOLIO MANAGEMENT LTD,17187167,active,ltd,,,2026-04-28,,2026-04-28,[62012, 70229],167-169 Great Portland Street London United Kingdom W1W 5PF
GREEN FLIM TECH CO LTD,17187297,active,ltd,,,2026-04-28,,2026-04-28,[47910],Unit 297 48 Waterside Heights London United Kingdom E16 2GP
HNH CRAFTS LTD,17187341,active,ltd,,,2026-04-28,,2026-04-28,[47990],167-169 Great Portland Street London United Kingdom W1W 5PF
BESTFORM LTD,17187326,active,ltd,,,2026-04-28,,2026-04-28,[62012, 62020, 63990],71-75 Shelton Street London United Kingdom WC2H 9JQ
CAMBRIDGE ADVANCED INNOVATION AI LAB LTD,17187447,active,ltd,,,2026-04-28,,2026-04-28,[62020],71-75 Shelton Street London United Kingdom WC2H 9JQ
OPALSPHERE STRATEGIES PRIVATE LIMITED,17187463,active,ltd,,,2026-04-28,,2026-04-28,[45111, 45310],First Floor Office London United Kingdom W8 4LZ
AKRION GROUP HOLDINGS LTD,17187504,active,ltd,,,2026-04-28,,2026-04-28,[70229, 71122],71-75 Shelton Street London United Kingdom WC2H 9JQ
MAKER WATCHES LTD,17187489,active,ltd,,,2026-04-28,,2026-04-28,[47770, 47791, 47910, 95250],First Floor Office London United Kingdom W8 4LZ
ZEROTRACE CLEANING COMPANY LTD,17187493,active,ltd,,,2026-04-28,,2026-04-28,[81210],20 Wenlock Road London England N1 7GU
WATERMELON & GRILL LIMITED,17187537,active,ltd,,,2026-04-28,,2026-04-28,[56101],95 Chancery Lane London England WC2A 1DT
WM CONSULTANCY SERVICES LTD,17187655,active,ltd,,,2026-04-28,,2026-04-28,[62090],73 Nelson Street London England E6 2QA
ENDLESS MOMENTS LIMITED,17187645,active,ltd,,,2026-04-28,,2026-04-28,[74202, 74209],66 Paul Street London United Kingdom EC2A 4NA
TRIWA WATER TECHNOLOGIES LIMITED,17187692,active,ltd,,,2026-04-28,,2026-04-28,[36000],71-75 Shelton Street London England WC2H 9JQ
BAHAR - E - EVENT LTD,17187751,active,ltd,,,2026-04-28,,2026-04-28,[56210, 82301],137 Plashet Road London England E13 0RA
SUNRISE LOGISTIC SERVICES LTD,17187757,active,ltd,,,2026-04-28,,2026-04-28,[49410, 82990],Flat 29 Sherard Court London England N7 6FA
VELQARA LIMITED,17187822,active,ltd,,,2026-04-28,,2026-04-28,[46450],63 Peckham High Street London England SE15 5EB
MUGHNIFICENT CARE LTD,17187927,active,ltd,,,2026-04-28,,2026-04-28,[86230],167-169 Great Portland Street London England W1W 5PF
WAVA INVESTMENTS LTD,17187984,active,ltd,,,2026-04-28,,2026-04-28,[96090],71-75 Shelton Street London United Kingdom WC2H 9JQ
FIJI 100 LTD,17188050,active,ltd,,,2026-04-29,,2026-04-29,[96020],15 Goodge Place London England W1T 4SQ
NOOTEA LTD,17181857,active,ltd,,,2026-04-27,,2026-04-27,[47910],71-75 Shelton Street London United Kingdom WC2H 9JQ
ADAMFE LTD,17181913,active,ltd,,,2026-04-27,,2026-04-27,[47910],Office 18406 182-184 High Street North London United Kingdom E6 2JA
KHAN & ELWORTHY LABS LTD,17181916,active,ltd,,,2026-04-27,,2026-04-27,[62012],124-128 City Road London England EC1V 2NX
LANCASHIRE EDUCATION SERVICES LIMITED,17181925,active,ltd,,,2026-04-27,,2026-04-27,[85600],124 City Road London United Kingdom EC1V 2NX
TULLY LYELL COLLECTIVE LIMITED,17181930,active,ltd,,,2026-04-27,,2026-04-27,[64999],Solo House The Courtyard Horsham England RH12 1AT
AFTERS SUTTON LTD,17181921,active,ltd,,,2026-04-27,,2026-04-27,[47240, 47290],69a Amhurst Road London England E8 1LL
NEXLION CONSULTANCY LIMITED,17181987,active,ltd,,,2026-04-27,,2026-04-27,[62090],43 Mitcham Lane London England SW16 6LJ
HG ORION 1 NOMINEES LIMITED,17181969,active,ltd,,,2026-04-27,,2026-04-27,[66190],2 More London Riverside London United Kingdom SE1 2AP
GMKX LTD,17181971,active,ltd,,,2026-04-27,,2026-04-27,[46900],5 Dimsdale Drive London England NW9 8HS
OKAJAMI TECHNOLOGY LTD,17182082,active,ltd,,,2026-04-27,,2026-04-27,[62020],71-75 Shelton Street London United Kingdom WC2H 9JQ
CIPHER ANALYTIX LIMITED,17182051,active,ltd,,,2026-04-27,,2026-04-27,[70229],71-75 Shelton Street London United Kingdom WC2H 9JQ
PH RESEARCH LTD,17182045,active,ltd,,,2026-04-27,,2026-04-27,[46900, 47910],71-75 Shelton Street London United Kingdom WC2H 9JQ
EET PROPERTIES LIMITED,17182056,active,ltd,,,2026-04-27,,2026-04-27,[68100, 68209],62 Fife Road London England E16 1QB
212 SECURE SERVICES LTD,17182144,active,ltd,,,2026-04-27,,2026-04-27,[52290],212secureservices Ltd, 167-169 Great Portland Street London United Kingdom W1W 5PF
WELLINGTON BLACK LTD,17182137,active,ltd,,,2026-04-27,,2026-04-27,[78109],71-75 Shelton Street London United Kingdom WC2H 9JQ
SHIELD DESK LTD,17182167,active,ltd,,,2026-04-27,,2026-04-27,[62012, 62020],71-75 Shelton Street London United Kingdom WC2H 9JQ
NUBIAN SKI LTD,17182155,active,ltd,,,2026-04-27,,2026-04-27,[79110, 93120],128 City Road London United Kingdom EC1V 2NX
WSA ENTERPRISES LIMITED,17182158,active,ltd,,,2026-04-27,,2026-04-27,[58190, 62090, 70210, 73110],128 City Road London United Kingdom EC1V 2NX
ALIGN GLOBAL MOBILITY LTD,17182133,active,ltd,,,2026-04-27,,2026-04-27,[70229],71-75 Shelton Street London United Kingdom WC2H 9JQ
MJA GLOBAL LTD,17182224,active,ltd,,,2026-04-27,,2026-04-27,[59112, 73110, 77400, 90030],128 City Road London United Kingdom EC1V 2NX
MENYO AI LIMITED,17182231,active,ltd,,,2026-04-27,,2026-04-27,[62012, 62090, 63120],71-75 Shelton Street London United Kingdom WC2H 9JQ
WYCHERT SECURITIES LIMITED,17182236,active,ltd,,,2026-04-27,,2026-04-27,[64209],3 Coldbath Square London England EC1R 5HL
SIYADAH.AI LTD,17182221,active,ltd,,,2026-04-27,,2026-04-27,[61900, 62020, 62090, 70229],128 City Road London United Kingdom EC1V 2NX
THE YELLOW BOOK NOOK LTD,17182246,active,ltd,,,2026-04-27,,2026-04-27,[77390],272 Kensington High Street London England W8 6ND
PREXA LTD,17182264,active,ltd,,,2026-04-27,,2026-04-27,[62012],20 Wenlock Road London England N1 7GU
INMEDICA LTD,17182261,active,ltd,,,2026-04-27,,2026-04-27,[85600],66 Paul Street London United Kingdom EC2A 4NA
KEYSTONE MEP LTD,17157925,active,ltd,,,2026-04-14,,2026-04-14,[74902],167-169 Great Portland Street London England W1W 5PF
NOVALEX LEGAL LTD,17182369,active,ltd,,,2026-04-27,,2026-04-27,[69102],Meridien House London England W1H 5PW
ONE CRUCIBLE LTD,17182374,active,ltd,,,2026-04-27,,2026-04-27,[58290, 62012, 72190],71-75 Shelton Street London United Kingdom WC2H 9JQ
ELCE.AI LTD,17182388,active,ltd,,,2026-04-27,,2026-04-27,[62020, 62090, 71122],71-75 Shelton Street London United Kingdom WC2H 9JQ
SILENT NETWORK LTD,17182392,active,ltd,,,2026-04-27,,2026-04-27,[62090],Office 18703 182-184 High Street North London United Kingdom E6 2JA
UA GAMES LTD,17182354,active,ltd,,,2026-04-27,,2026-04-27,[58210, 62012],124-128 City Road London England EC1V 2NX
MMRPMC LTD,17182461,active,ltd,,,2026-04-27,,2026-04-27,[41100, 41202, 43290],71-75 Shelton Street London United Kingdom WC2H 9JQ
RAWAS & PARTNERS LTD,17182462,active,ltd,,,2026-04-27,,2026-04-27,[62020, 70210, 70229],Office 1163 60 Tottenham Court Road London United Kingdom W1T 2EW
ISIK IMPORTS LTD,17182438,active,ltd,,,2026-04-27,,2026-04-27,[47910],71-75 Shelton Street London United Kingdom WC2H 9JQ
THEDAILYPICKUP LTD,17182452,active,ltd,,,2026-04-27,,2026-04-27,[47910],Office 18619 182-184 High Street North London United Kingdom E6 2JA
SMSA HOSPITALITY LTD,17182449,active,ltd,,,2026-04-27,,2026-04-27,[56103],71-75 Shelton Street London United Kingdom WC2H 9JQ
HORIZONAI TALENT LTD,17182456,active,ltd,,,2026-04-27,,2026-04-27,[78109],27 Old Gloucester Street London United Kingdom WC1N 3AX
RH STAFF RESOURCES LTD,17182516,active,ltd,,,2026-04-27,,2026-04-27,[78200, 78300],170 Rye Lane London England SE15 4NB
PAT PARTNERS HOLDING LTD.,17182530,active,ltd,,,2026-04-27,,2026-04-27,[64209, 70229],20 Wenlock Road London England N1 7GU
YACHAY ART LTD,17182522,active,ltd,,,2026-04-27,,2026-04-27,[47781],27 Old Gloucester St London United Kingdom WC1N 3AX
KBC PROPERTY INVESTMENT LTD,17182616,active,ltd,,,2026-04-27,,2026-04-27,[68100, 68209],277-279 277-279 London United Kingdom W4 4PU
AUTOMOTIVE TRANSPORT SOLUTIONS LTD,17182638,active,ltd,,,2026-04-27,,2026-04-27,[49410],3rd Floor, 86-90 Paul Street London United Kingdom EC2A 4NE
COMPRESH LTD,17134534,active,ltd,,,2026-04-02,,2026-04-02,[62012],Unit 501 Leroy House London United Kingdom N1 3FY
BARS-ON-AIR LTD,17182592,active,ltd,,,2026-04-27,,2026-04-27,[73120, 74100, 74203, 74209],128 City Road London United Kingdom EC1V 2NX
ANOTHER LEVEL PROPERTY CARE LTD,17182593,active,ltd,,,2026-04-27,,2026-04-27,[43999],28 Ropers Avenue London United Kingdom E4 9EQ
WALM LANE ESTATES LIMITED,17182702,active,ltd,,,2026-04-27,,2026-04-27,[68100],Unit 1 Pride House London England N15 4FB
KINDRED TECHNOLOGY LTD,17182703,active,ltd,,,2026-04-27,,2026-04-27,[62012],124 City Road London United Kingdom EC1V 2NX
50 HAMPTON CLOSE LTD,17182694,active,ltd,,,2026-04-27,,2026-04-27,[68100],97 Judd Street London England WC1H 9JG
JOLLY KIDS PARTIES LTD,17182723,active,ltd,,,2026-04-27,,2026-04-27,[93290],Solar House London England N14 6NZ
ALMEXIRA MARKETING LTD,17182712,active,ltd,,,2026-04-27,,2026-04-27,[73110, 73120, 73200],167-169 Great Portland Street London United Kingdom W1W 5PF
HEXA PARTNERS LIMITED,17182722,active,ltd,,,2026-04-27,,2026-04-27,[68100],Jubilee House London England NW9 8TZ
BUFRO LTD,17182686,active,ltd,,,2026-04-27,,2026-04-27,[47910, 62012, 62020, 82990],71-75 Shelton Street London United Kingdom WC2H 9JQ
BST TRAINING CENTRE LIMITED,17182728,active,ltd,,,2026-04-27,,2026-04-27,[93130],36-38 Wigmore Street London United Kingdom W1U 2BP
TOOTING ELECTRONIC LTD,17182834,active,ltd,,,2026-04-27,,2026-04-27,[47421, 47429],6 Amen Corner London United Kingdom SW17 9JE
BRAVON DIGITAL LIMITED,17182838,active,ltd,,,2026-04-27,,2026-04-27,[62012, 63120],Office 1150 60 Tottenham Court Road London United Kingdom W1T 2EW
LIGHTS CAMERA JEWELLERY LTD,17182849,active,ltd,,,2026-04-27,,2026-04-27,[47770],58 Davies Street London England W1K 5LP
PURPLE LION DAY NURSERIES SOUTH BENFLEET LTD,17182943,active,ltd,,,2026-04-27,,2026-04-27,[88910],125 The Highway London United Kingdom E1W 2BP
EB ESTATE OPERATIONS & COMPLIANCE LTD,17182939,active,ltd,,,2026-04-27,,2026-04-27,[68209, 68320, 70229],71-75 Shelton Street London United Kingdom WC2H 9JQ
VIJAY SOLUTIONS LIMITED,17182945,active,ltd,,,2026-04-27,,2026-04-27,[62020],16-20 Clements Road Ilford,London United Kingdom IG1 1BA
KAYARA GROUP LTD,17182950,active,ltd,,,2026-04-27,,2026-04-27,[47910],54 Copperfield Drive London United Kingdom N15 4UF
JCU ESTATE LTD,17182927,active,ltd,,,2026-04-27,,2026-04-27,[68100, 68209],Flat 20 Greenfield Court London England SE9 4DF
SYLVA TRADE 2 LTD,17182961,active,ltd,,,2026-04-27,,2026-04-27,[70229],28a Estreham Road London England SW16 5PQ
JB HAULIN LTD,17182960,active,ltd,,,2026-04-27,,2026-04-27,[38110],124 City Road London United Kingdom EC1V 2NX
MARRAKESH GLOW LTD,17182964,active,ltd,,,2026-04-27,,2026-04-27,[46450, 96020],66 Paul Street London England EC2A 4NA
ZAREV SERVICES LIMITED,17182966,active,ltd,,,2026-04-27,,2026-04-27,[62012, 62090, 63120, 85510],5 Brayford Square London England E1 0SG
BGDB PROJECT SOLUTIONS LIMITED,17182969,active,ltd,,,2026-04-27,,2026-04-27,[70229],20 Wenlock Road London England N1 7GU
FPN CONSULTANCY LTD,17183071,active,ltd,,,2026-04-27,,2026-04-27,[70221, 70229, 85590],71-75 Shelton Street London United Kingdom WC2H 9JQ
GLAZEWOOD PROPERTIES LTD,17182216,active,ltd,,,2026-04-27,,2026-04-27,[68100, 68209],195-197 Wood Street London England E17 3NU
CLUB EIGHT3 LTD,17137928,active,ltd,,,2026-04-06,,2026-04-06,[93110],86-90 Paul Street London England EC2A 4NE
RIYA JEWELS LTD,17183219,active,ltd,,,2026-04-27,,2026-04-27,[47770, 47910],66 Paul Street London United Kingdom EC2A 4NA
SHIBAN INTERNATIONAL LTD,17183224,active,ltd,,,2026-04-27,,2026-04-27,[68320],8 Virginia Court London United Kingdom WC1H 9XY
AMALEENA HEALTH AND WELLNESS LTD,17183208,active,ltd,,,2026-04-27,,2026-04-27,[86900],3 Hugh Dalton Avenue London England SW6 7TG
EMPEROR GUILD LTD,17183194,active,ltd,,,2026-04-27,,2026-04-27,[62012, 62020, 62090, 74100],66 Paul Street London United Kingdom EC2A 4NA
PAMAGEAN CONSULTING SERVICES LTD,17183291,active,ltd,,,2026-04-27,,2026-04-27,[70229],66 Paul Street London England EC2A 4NA
NILLA SUPPLY LTD,17183747,active,ltd,,,2026-04-27,,2026-04-27,[46499],167-169 Great Portland Street London England W1W 5PF
PRO DIGITAL TRAINING LTD,17183725,active,ltd,,,2026-04-27,,2026-04-27,[73110, 85590],Office 18633 182-184 High Street North London United Kingdom E6 2JA
BIDRA LIMITED,17183744,active,ltd,,,2026-04-27,,2026-04-27,[70229],Flat 23 Calstock Royal College Street London England NW1 0RX
STUDIO TLG LIMITED,17183762,active,ltd,,,2026-04-27,,2026-04-27,[62012],56a Tantallon Road London United Kingdom SW12 8DG
MY FREEDOM REAL ESTATE LTD,17183741,active,ltd,,,2026-04-27,,2026-04-27,[68100, 68209],32-33 Upper Street London England N1 0PN
AJP INC LTD,17183726,active,ltd,,,2026-04-27,,2026-04-27,[96090],94-96 Seymour Place London United Kingdom W1H 1NB
DISCOUNT BUILDERS WAREHOUSE LTD,17183787,active,ltd,,,2026-04-27,,2026-04-27,[46730],20 Wenlock Road London England N1 7GU
DEERAM WORKS LTD,17183855,active,ltd,,,2026-04-27,,2026-04-27,[62012, 62020, 62090, 63110],66 Paul Street London United Kingdom EC2A 4NA
PADDY WATTS TRAINING LIMITED,17183850,active,ltd,,,2026-04-27,,2026-04-27,[85510],71-75 Shelton Street London United Kingdom WC2H 9JQ
MICAN MEDIA LIMITED,17183815,active,ltd,,,2026-04-27,,2026-04-27,[59111, 62012, 62020, 73110],128 City Road London United Kingdom EC1V 2NX
BMS BUILDING SERVICES GROUP LTD,17183824,active,ltd,,,2026-04-27,,2026-04-27,[41202],66 Paul Street London United Kingdom EC2A 4NA
JULU GROWTH LTD,17183876,active,ltd,,,2026-04-27,,2026-04-27,[58290, 62020, 70229, 73110],128 City Road London United Kingdom EC1V 2NX
THINKING CAPITAL PARTNERS LIMITED,17183887,active,ltd,,,2026-04-27,,2026-04-27,[66300],8 St. James's Square London England SW1Y 4JU
POSITIVELY SUCCEEDED LTD,17183592,active,ltd,,,2026-04-27,,2026-04-27,[85600],23 Fountayne Road London England N16 7EA
STABIVON MAINTENANCE LIMITED,17183591,active,ltd,,,2026-04-27,,2026-04-27,[62012, 62020, 62090, 63110],167-169 Great Portland Street London England W1W 5PF
KPM CONSULTANTS LTD,17183603,active,ltd,,,2026-04-27,,2026-04-27,[41100, 41201, 70229, 71122],124 City Road London United Kingdom EC1V 2NX
HANDY GUYZ LTD,17183709,active,ltd,,,2026-04-27,,2026-04-27,[49420, 81210, 95240],66 Paul Street London United Kingdom EC2A 4NA
YCM GOVERNANCE LIMITED,17183706,active,ltd,,,2026-04-27,,2026-04-27,[96090],167-169 Great Portland Street London England W1W 5PF
BLUEBELL AI LTD,17183714,active,ltd,,,2026-04-27,,2026-04-27,[85600],43 Roupell Street London United Kingdom SE1 8TB
GODS VISION LTD,17183710,active,ltd,,,2026-04-27,,2026-04-27,[94910, 96090],71-75 Shelton Street London United Kingdom WC2H 9JQ
CARBON PROOF LTD,17183786,active,ltd,,,2026-04-27,,2026-04-27,[62012, 62020, 74901],4th Floor Silverstream House Fitzrovia United Kingdom W1T 6EB
LIONESSME LTD,17183705,active,ltd,,,2026-04-27,,2026-04-27,[70229],Flat 2, 3 Wandsworth High Street London United Kingdom SW18 4LS
INDILUXE LTD,17183782,active,ltd,,,2026-04-27,,2026-04-27,[46900, 47190, 47910],167-169 Great Portland Street London England W1W 5PF
STONEVA LTD,17183749,active,ltd,,,2026-04-27,,2026-04-27,[41202],542 Westgate House West Gate London England W5 1BN
JERK AND CURRY PIT LTD,17183635,active,ltd,,,2026-04-27,,2026-04-27,[56103, 56210, 56290],44 Desford Road London England E16 4NJ
SCIENCE OF CAMBRIDGE LIMITED,17183859,active,ltd,,,2026-04-27,,2026-04-27,[26200],71-75 Shelton Street London United Kingdom WC2H 9JQ
CUT&FIT ELECTRICAL LTD,17183829,active,ltd,,,2026-04-27,,2026-04-27,[43210],167-169 Great Portland Street London England W1W 5PF
INNOVAS PACKAGING LTD,17184405,active,ltd,,,2026-04-27,,2026-04-27,[46390],128 City Road London United Kingdom EC1V 2NX
HATHIRAMANI FINE JEWELLERY LTD,17184381,active,ltd,,,2026-04-27,,2026-04-27,[47910],Flat 26 Beverly House London England NW8 7JD
CLEARZONE DIGITAL LTD,17184387,active,ltd,,,2026-04-27,,2026-04-27,[62012],66 Paul Street London United Kingdom EC2A 4NA
NEW STEP CLEAN LIMITED,17184389,active,ltd,,,2026-04-27,,2026-04-27,[81222],4 Arabia Close London England E4 7DU
WL PARTNERS LTD,17184479,active,ltd,,,2026-04-27,,2026-04-27,[70210, 73110],128 City Road London United Kingdom EC1V 2NX
LE V12 RESTAURANT IVOIRIEN LTD,17184463,active,ltd,,,2026-04-27,,2026-04-27,[56301],15 Lewisham Way London United Kingdom SE14 6PP
MWF BUILD LTD,17184470,active,ltd,,,2026-04-27,,2026-04-27,[41202, 43390],128 City Road London United Kingdom EC1V 2NX
WINVEST INTERNATIONAL LTD,17184468,active,ltd,,,2026-04-27,,2026-04-27,[62012, 63110, 70229, 73110],20 Wenlock Road London England N1 7GU
MAISON PRIVÉ CONCIERGE LIMITED,17184574,active,ltd,,,2026-04-27,,2026-04-27,[96090],167-169 Great Portland Street London England W1W 5PF
LENSFIELD CAPITAL LTD,17184558,active,ltd,,,2026-04-27,,2026-04-27,[62020],128 City Road London United Kingdom EC1V 2NX
HOME HAVEN CHILDCARE LTD,17184549,active,ltd,,,2026-04-27,,2026-04-27,[87900],66 Paul Street London United Kingdom EC2A 4NA
KENSINGTON REGENERATIVE CLINIC LIMITED,17184554,active,ltd,,,2026-04-27,,2026-04-27,[86210, 86220, 86900],Unimix House, Platinum Suite London United Kingdom NW10 7TR
CHHETRY PROPERTY LTD,17156097,active,ltd,,,2026-04-14,,2026-04-14,[68100, 68209],12 Gateway Mews London England N11 2UT
ALLMANA VENTURES LTD,17184700,active,ltd,,,2026-04-27,,2026-04-27,[63990],71-75 Shelton Street London United Kingdom WC2H 9JQ
HECRON LTD,17184702,active,ltd,,,2026-04-27,,2026-04-27,[62012, 64209],Tileman House 131-133 Upper Richmond Road London England SW15 2TR
CORRIDORIQ LTD,17184725,active,ltd,,,2026-04-27,,2026-04-27,[74909],66 Paul Street London United Kingdom EC2A 4NA
MISPER TECH LTD,17184738,active,ltd,,,2026-04-27,,2026-04-27,[47910, 62090, 73110],128 City Road London United Kingdom EC1V 2NX
PERRY CLEMENTS LTD,17184732,active,ltd,,,2026-04-27,,2026-04-27,[69102],Rex House London United Kingdom N12 0DD
COMREC UK LIMITED,17184740,active,ltd,,,2026-04-27,,2026-04-27,[69202],71-75 Shelton Street London United Kingdom WC2H 9JQ
ATLANTIC GEOSPATIAL LTD,17184797,active,ltd,,,2026-04-27,,2026-04-27,[42990, 71129],20 Wenlock Road London England N1 7GU
WOMEN ON THE SPECTRUM LTD,17184788,active,ltd,,,2026-04-27,,2026-04-27,[82301, 85590, 88990, 93290],24 Douglas Avenue London England E17 5BW
EPHRAIM CONSULTING LIMITED,17184838,active,ltd,,,2026-04-27,,2026-04-27,[62020, 74909],85 Great Portland Street London England W1W 7LT
CALYXEN LIMITED,17184894,active,ltd,,,2026-04-27,,2026-04-27,[70229],15 Fordhook Avenue London England W5 3LS
BIGPHISH LTD,17185032,active,ltd,,,2026-04-27,,2026-04-27,[47910, 52103],Flat 38 Copenhagen Court London England SE8 5ER
DREAMY DAYCARE LTD,17185031,active,ltd,,,2026-04-27,,2026-04-27,[88910],48 Portland Avenue London England N16 6EA
KULSOOM CATERING LTD,17185064,active,ltd,,,2026-04-28,,2026-04-28,[56103, 56210, 56290],43 Salmon Street London United Kingdom NW9 8PP
MOVAN GLOBAL LTD,17185154,active,ltd,,,2026-04-28,,2026-04-28,[52290],33, 33, Eglington Road Eglington Road London United Kingdom E4 7AS
SUNDAY SOUTH LTD,17185159,active,ltd,,,2026-04-28,,2026-04-28,[62090],230 Vauxhall Bridge Road London United Kingdom SW1V 1AU
MAHIR INTERNATIONAL LTD,17185286,active,ltd,,,2026-04-28,,2026-04-28,[46310, 46341, 46342, 51210],Office 1159 60 Tottenham Court Road London United Kingdom W1T 2EW
CP LONDON GROUP SUB LTD,17185287,active,ltd,,,2026-04-28,,2026-04-28,[68209],Harvest House London England E5 9LU
GO CHILDCARE LEICESTER LTD,17185323,active,ltd,,,2026-04-28,,2026-04-28,[85590, 88910],Office Lg06, 1 Quality Court London United Kingdom WC2A 1HR
SKINELLE LTD,17185320,active,ltd,,,2026-04-28,,2026-04-28,[47910, 47990],167-169 Great Portland Street London England W1W 5PF
ORVANTIS GROUP LTD,17185424,active,ltd,,,2026-04-28,,2026-04-28,[63990, 85590],Dfo Churchill House Mill Hill United Kingdom NW7 2AS
JM LONDON MANAGEMENT LTD,17143376,active,ltd,,,2026-04-08,,2026-04-08,[68209, 68320],51 Gloucester Terrace London United Kingdom W2 3DQ
MR SOFTIES ICECREAM'S LTD,17185619,active,ltd,,,2026-04-28,,2026-04-28,[56103],13 Medesenge Way London England N13 6DZ
HEATLY LTD,17185608,active,ltd,,,2026-04-28,,2026-04-28,[43220, 82990],20 Wenlock Road London England N1 7GU
GADARAG TRADING LTD,17185644,active,ltd,,,2026-04-28,,2026-04-28,[46900],Apartment 7 Charles Apartments London England WC2R 0AL
BROOKECROFT LIMITED,17185640,active,ltd,,,2026-04-28,,2026-04-28,[96090],72 Halliwick Road London England N10 1AB
AW MEDIA OPS LTD,17185666,active,ltd,,,2026-04-28,,2026-04-28,[63990],128 City Road London United Kingdom EC1V 2NX
SGV CAPITAL LTD,17185723,active,ltd,,,2026-04-28,,2026-04-28,[68209, 68320],2nd Floor College House Ruislip, United Kingdom HA4 7AE
DIVINE GRACE BAKER LTD,17185755,active,ltd,,,2026-04-28,,2026-04-28,[56210, 56290, 96090],128 City Road London United Kingdom EC1V 2NX
TANDOORI STREET LTD,17185847,active,ltd,,,2026-04-28,,2026-04-28,[56101],First Floor, 101 London Road Warrington United Kingdom WA4 6LG
PJ AUTO MOTIVE SERVICES LTD,17185853,active,ltd,,,2026-04-28,,2026-04-28,[96090],71-75 Shelton Street London United Kingdom WC2H 9JQ
GEORGE BUFF LIMITED,17185984,active,ltd,,,2026-04-28,,2026-04-28,[58110, 74909, 90030],56 Hertford Road London England N2 9BU
WISECARE PHARMA LTD,17186132,active,ltd,,,2026-04-28,,2026-04-28,[46380, 46450, 46460, 46900],66 Paul Street London England EC2A 4NA
HEIMDALL PARTNERS LIMITED,17186124,active,ltd,,,2026-04-28,,2026-04-28,[64209],167-179 Great Portland Street London United Kingdom W1W 5PF
THEME COLOR LTD,17186119,active,ltd,,,2026-04-28,,2026-04-28,[47910, 58290, 62012],2nd Floor College House Ruislip, United Kingdom HA4 7AE
YESOD GROUP LTD,17186116,active,ltd,,,2026-04-28,,2026-04-28,[64999],124-128 City Road London England EC1V 2NX
ROCK N LOAD LTD,17186159,active,ltd,,,2026-04-28,,2026-04-28,[78200, 82990, 90020],59 Altair Close London England N17 0BW
JJK CONSULTING LTD,17186190,active,ltd,,,2026-04-28,,2026-04-28,[74100, 74909],4 Kimberley Road London United Kingdom E11 4DQ
GRENE HEALTH TECHNOLOGIES LTD,17186325,active,ltd,,,2026-04-28,,2026-04-28,[62012, 62020],54 Kedleston Walk London United Kingdom E2 9RP
PILOTI ONE LIMITED,17186328,active,ltd,,,2026-04-28,,2026-04-28,[64209],C/O Marble Bar London United Kingdom W1U 8EW
SHOW FLOW TOURING LIMITED,17186329,active,ltd,,,2026-04-28,,2026-04-28,[70229],60 Tottenham Court Road, Office 1192 London United Kingdom W1T 2EW
PANDRON GROUP LTD,17186309,active,ltd,,,2026-04-28,,2026-04-28,[47910, 59200, 62012, 90020],Flat 31 Jubilee Court Thornton Heath England CR7 6JL
ONE OFF MAIL LTD,17186434,active,ltd,,,2026-04-28,,2026-04-28,[62090, 63120],167-169 Great Portland Street London England W1W 5PF
ASTUREON LTD,17186447,active,ltd,,,2026-04-28,,2026-04-28,[62012],71-75 Shelton Street London United Kingdom WC2H 9JQ
OPTIMEX CLEAN LTD,17186509,active,ltd,,,2026-04-28,,2026-04-28,[81210, 81221, 81229, 81299],71-75 Shelton Street London United Kingdom WC2H 9JQ
YAVAY ESTATES LIMITED,17186527,active,ltd,,,2026-04-28,,2026-04-28,[68320],Suite 16, 17, Avenue House East End Road London United Kingdom N3 3QE
HOLD VENTURES LTD,17186500,active,ltd,,,2026-04-28,,2026-04-28,[62012, 62090, 63120],71-75 Shelton Street London United Kingdom WC2H 9JQ
BALOTT LTD,17186510,active,ltd,,,2026-04-28,,2026-04-28,[58190, 63990],71-75 Shelton Street London United Kingdom WC2H 9JQ
MHB COMPLIANCE LTD,17186573,active,ltd,,,2026-04-28,,2026-04-28,[70229],36-38 Cornhill London England EC3V 3NG
IMAGINE SUMMER SNOW LTD,17186576,active,ltd,,,2026-04-28,,2026-04-28,[59112, 70229, 90020],17 Sellers Hall Close London England N3 1JL
AXERA CONSULTANCY LTD,17186584,active,ltd,,,2026-04-28,,2026-04-28,[46450, 46480, 62020, 70229],128 City Road London United Kingdom EC1V 2NX
RAJA REDDY LIMITED,17186590,active,ltd,,,2026-04-28,,2026-04-28,[41201],2 Haven Place London England W5 2NN
RICKI ROBIN LTD,17186577,active,ltd,,,2026-04-28,,2026-04-28,[47910, 74100],66 Paul Street London England EC2A 4NA
CARNABY WELLNESS LIMITED,17156531,active,ltd,,,2026-04-14,,2026-04-14,[86900],31 A High Street South London England E6 6EN
FINNAM INVESTMENTS HOLDING LIMITED,17173299,active,ltd,,,2026-04-22,,2026-04-22,[64209],Coppergate House Unit 110 10 Whites Row London United Kingdom E1 7NF
THE.CRAFTEDCRUMB LTD,17186738,active,ltd,,,2026-04-28,,2026-04-28,[10710],20 Wenlock Road London England N1 7GU
FATHOM AGENTIC LTD,17186717,active,ltd,,,2026-04-28,,2026-04-28,[62012, 62020],167-169 Great Portland Street London United Kingdom W1W 5PF
JJR BOOKS LTD,17187012,active,ltd,,,2026-04-28,,2026-04-28,[49410],22 Crawford Place London England W1H 5NQ
LOCHSTEAD LIMITED,17130267,active,ltd,,,2026-04-01,,2026-04-01,[47910],Office Suite 29a 3/F., 23 Wharf Street London United Kingdom SE8 3GG
ISW PROPERTY TRADING LTD,17187042,active,ltd,,,2026-04-28,,2026-04-28,[41202, 98000],Flat 6 70 Meeting House Lane London England SE15 2TX
DASHBARD LTD,17187110,active,ltd,,,2026-04-28,,2026-04-28,[99999],Suite Ra01 195-197 Wood Street London United Kingdom E17 3NU
ORVE-NEO LTD,17187202,active,ltd,,,2026-04-28,,2026-04-28,[47910],Suite 10785 5 Brayford Square London United Kingdom E1 0SG
PRESSURE SYSTEMS RECORDS LTD,17187218,active,ltd,,,2026-04-28,,2026-04-28,[59200],36 8 Queensbridge Road London United Kingdom E2 8NR
RUNWAY ADVISORY LTD,17187212,active,ltd,,,2026-04-28,,2026-04-28,[70229],66 Paul Street London United Kingdom EC2A 4NA
MAZI PROPERTIES LTD,17187266,active,ltd,,,2026-04-28,,2026-04-28,[68320],First Floor 10 Hampden Square London United Kingdom N14 5JR
TEKQOR LTD,17187264,active,ltd,,,2026-04-28,,2026-04-28,[58290, 62012, 63110, 72190],66 Paul Street London England EC2A 4NA
BIZZY DAY LTD,17187259,active,ltd,,,2026-04-28,,2026-04-28,[58290],Suite Ra01 195-197 Wood Street London United Kingdom E17 3NU
AIGEN LTD,17187277,active,ltd,,,2026-04-28,,2026-04-28,[62012, 62090],86-90 Paul Street London United Kingdom EC2A 4NE
PRIME TOOLS INOVATION LTD,17187256,active,ltd,,,2026-04-28,,2026-04-28,[46620],128 City Road London United Kingdom EC1V 2NX
AC GLOBAL VENTURES LTD,17187376,active,ltd,,,2026-04-28,,2026-04-28,[47910],71-75 Shelton Street London United Kingdom WC2H 9JQ
ROSS MACGREGOR ADVISORY LTD,17187382,active,ltd,,,2026-04-28,,2026-04-28,[70229],71-75 Shelton Street London United Kingdom WC2H 9JQ
ANIMACY LTD,17187364,active,ltd,,,2026-04-28,,2026-04-28,[74909, 85590, 90030],Flat 95 Lauderdale Mansions London England W9 1LX
HBF CONSULTING LIMITED,17187387,active,ltd,,,2026-04-28,,2026-04-28,[62020],4th Floor Office London England W1B 4HB
CROSS KEYS THIXENDALE LTD,17187571,active,ltd,,,2026-04-28,,2026-04-28,[55209, 56302],128 City Road London United Kingdom EC1V 2NX
HERE ON EARTH COMMUNITY LIMITED,17187688,active,ltd,,,2026-04-28,,2026-04-28,[90010],9 Rectory Road London United Kingdom N16 7QP
FAIRLIGHT HOUSE LTD,17187729,active,ltd,,,2026-04-28,,2026-04-28,[70229],5 Brayford Square London United Kingdom E1 0SG
ZENITH HEALTHCARE SOLUTIONS LTD,17187728,active,ltd,,,2026-04-28,,2026-04-28,[84120, 87900, 88100, 88990],20 Wenlock Road London England N1 7GU
MOONDIGS LTD,17187730,active,ltd,,,2026-04-28,,2026-04-28,[46150],66 Paul Street London United Kingdom EC2A 4NA
NYVARA LIMITED,17187722,active,ltd,,,2026-04-28,,2026-04-28,[88910, 96090],50a Albion Drive London England E8 4LX
DECISION DYNAMICS LIMITED,17187714,active,ltd,,,2026-04-28,,2026-04-28,[62020],167-169 Great Portland Street London England W1W 5PF
WHITESIDE RETAILING LTD,17180888,active,ltd,,,2026-04-26,,2026-04-26,[47910],167-169 Great Portland Street London England W1W 5PF
RISE AND SHINE CORPORATION LTD,17187894,active,ltd,,,2026-04-28,,2026-04-28,[86900],1 Swan Road London England SE16 7DU
THE MORE YOU KNOW LTD,17187888,active,ltd,,,2026-04-28,,2026-04-28,[62090, 73110, 85590, 94990],66 Paul Street London England EC2A 4NA
CAN I EAT? LTD,17187902,active,ltd,,,2026-04-28,,2026-04-28,[62012],66 Paul Street London United Kingdom EC2A 4NA
REDLINE MGMT LTD,17187958,active,ltd,,,2026-04-28,,2026-04-28,[63910, 63990],71-75 Shelton Street London United Kingdom WC2H 9JQ
S1UV SERIES LTD,17187949,active,ltd,,,2026-04-28,,2026-04-28,[93199],71-75 Shelton Street London United Kingdom WC2H 9JQ
HAKAI MEDIA LTD,17187961,active,ltd,,,2026-04-28,,2026-04-28,[73110],Flat 9, Woods House London United Kingdom SW8 4LA
HABERLEA LTD,17187952,active,ltd,,,2026-04-28,,2026-04-28,[82990],151 Gilson Place Coppetts Road London England N10 1BJ
ILMARIS LABS LTD,17187998,active,ltd,,,2026-04-28,,2026-04-28,[62012, 62020, 72190],71-75 Shelton Street London United Kingdom WC2H 9JQ
FOUR PEARLS CAPITAL LTD,17152753,active,ltd,,,2026-04-13,,2026-04-13,[68100, 68209],128 City Road London United Kingdom EC1V 2NX
ASOOGO LIMITED,17188059,active,ltd,,,2026-04-29,,2026-04-29,[47710],68 Charlwood Street London England SW1V 4PQ
DERA BRAIDS AND STYLES LTD,17188075,active,ltd,,,2026-04-29,,2026-04-29,[47190, 49410, 88100, 96020],128 City Road London United Kingdom EC1V 2NX
DIGITAL FARMHOUSE LTD,17173420,active,ltd,,,2026-04-22,,2026-04-22,[73110],66 Paul Street London United Kingdom EC2A 4NA
SMART AI DYNAMIC CONSULTINGS LTD,17173419,active,ltd,,,2026-04-22,,2026-04-22,[62020, 62090, 70229],128 City Road London United Kingdom EC1V 2NX
BANKOLE CAPITAL AND CONSULTING LIMITED,17173427,active,ltd,,,2026-04-22,,2026-04-22,[69201, 69202, 70221, 70229],71-75 Shelton Street London United Kingdom WC2H 9JQ
MITCHELL&TRADERS LTD,17173423,active,ltd,,,2026-04-22,,2026-04-22,[43220, 43310, 43330, 43341],20 Wenlock Road London England N1 7GU
ATDERA GLOBAL LIMITED,17173428,active,ltd,,,2026-04-22,,2026-04-22,[74909, 85590, 86900],102 Rookery Court, 80 Ruckholt Road London United Kingdom E10 5FA
DOUGLAS VALLEY MEDICAL LIMITED,17173437,active,ltd,,,2026-04-22,,2026-04-22,[86210],71-75 Shelton Street London United Kingdom WC2H 9JQ
BLACKICE LABS LTD,17173526,active,ltd,,,2026-04-22,,2026-04-22,[58290, 62020, 62030, 62090],71-75 Shelton Street London United Kingdom WC2H 9JQ
EH SCIENTIFIC CONSULTING LTD,17173555,active,ltd,,,2026-04-22,,2026-04-22,[74909],141 Fleetwood Road London England NW10 1NP
VALO COMMERCIAL LTD,17173545,active,ltd,,,2026-04-22,,2026-04-22,[70229, 74909],71-75 Shelton Street London United Kingdom WC2H 9JQ
A STAR HEATING AND PLUMBING LTD,17173280,active,ltd,,,2026-04-22,,2026-04-22,[43220],66 Paul Street London United Kingdom EC2A 4NA
SINGH EMPIRE LTD,17173278,active,ltd,,,2026-04-22,,2026-04-22,[68100, 68209],56 Sutton Hall Road Hounslow England TW5 0PY
ONTOGEN LABS LTD,17173495,active,ltd,,,2026-04-22,,2026-04-22,[62090],66 Paul Street London United Kingdom EC2A 4NA
HEXA LOGISTICS LTD,17173942,active,ltd,,,2026-04-22,,2026-04-22,[52290],66 Paul Street London United Kingdom EC2A 4NA
QARO NEWGEN FINANCE TECHNOLOGIES LIMITED,17173948,active,ltd,,,2026-04-22,,2026-04-22,[47910, 93290],86-90 Paul Street London England EC2A 4NE
FFKG CONSULTANCY LIMITED,17173935,active,ltd,,,2026-04-22,,2026-04-22,[63990],Flat 2 12 Westwood Hill London United Kingdom SE26 6QR
AB JEWELLERS LTD,17174010,active,ltd,,,2026-04-22,,2026-04-22,[47770],Unit 537 Stables Market London United Kingdom NW1 8AH
CENTAUR CAPITAL ADVISORY LIMITED,17173992,active,ltd,,,2026-04-22,,2026-04-22,[66190, 70229],47 Barlby Road London England W10 6AW
NUMIGUARD LTD,17173987,active,ltd,,,2026-04-22,,2026-04-22,[47910],66 Paul Street London United Kingdom EC2A 4NA
KAPADIA EMPIRE LTD,17174065,active,ltd,,,2026-04-22,,2026-04-22,[46900, 47910],71, Birchdale Rd Birchdale Road London United Kingdom E7 8AS
RUNNERS UP LTD,17174071,active,ltd,,,2026-04-22,,2026-04-22,[63120],71-75 Shelton Street London United Kingdom WC2H 9JQ
DONOVAN CONSULTING LTD,17174054,active,ltd,,,2026-04-22,,2026-04-22,[62020],20 Wenlock Road London England N1 7GU
PRANAYA LTD,17174124,active,ltd,,,2026-04-22,,2026-04-22,[96090],167-169 Great Portland Street London United Kingdom W1W 5PF
CREATORS CUP LTD,17174145,active,ltd,,,2026-04-22,,2026-04-22,[62012, 63120, 73110],58 Inks Green London England E4 9EL
ZYRO CLOTHING LTD,17174151,active,ltd,,,2026-04-22,,2026-04-22,[46420, 47710],20 Wenlock Road London England N1 7GU
AXONICK LIMITED,17174246,active,ltd,,,2026-04-22,,2026-04-22,[62012, 73110],61 Ermine Road London England SE13 7JJ
BARSNIK LTD,17174222,active,ltd,,,2026-04-22,,2026-04-22,[56102],69 Edgware Road London England W2 2HZ
POPHOUSE CREATIVE PRODUCTIONS UK LTD,17174321,active,ltd,,,2026-04-22,,2026-04-22,[90010, 90030],5th Floor 76 Wardour Street London England W1F 0UR
ECO ENTERPRISES LTD,17174326,active,ltd,,,2026-04-22,,2026-04-22,[82990],Office 18195 182-184 High Street North London United Kingdom E6 2JA
ASTERIA INTERNATIONAL RECRUITMENT LIMITED,17174306,active,ltd,,,2026-04-22,,2026-04-22,[78300],Unit 3.15 Chester House 1-3 Brixton Road London England SW9 6DE
MGR ROYALTIES LIMITED,17174305,active,ltd,,,2026-04-22,,2026-04-22,[99999],55 Loudoun Road St John's Wood London United Kingdom NW8 0DL
BIOSYNTHIX LTD,17165868,active,ltd,,,2026-04-18,,2026-04-18,[72110],Office 18639 182-184 High Street North London England E6 2JA
SEVEN HEADQUARTERS LTD,17174330,active,ltd,,,2026-04-22,,2026-04-22,[62090],128 City Road London United Kingdom EC1V 2NX
RDG CONSTRUCTION LTD,17174424,active,ltd,,,2026-04-22,,2026-04-22,[41202],124 City Road London England EC1V 2NX
JOINERS PUB LTD,17174423,active,ltd,,,2026-04-22,,2026-04-22,[56302],51 Ballards Lane London England N3 1XP
ARISTX CAPITAL LTD,17174438,active,ltd,,,2026-04-22,,2026-04-22,[66190, 66220],3rd Floor 45 Albemarle Street London United Kingdom W1S 4JL
PROPERTY DOVE LTD,17174554,active,ltd,,,2026-04-22,,2026-04-22,[68320],Flat 6, Telfer House London United Kingdom SE21 8QW
AVENOR AUTOS LIMITED,17174557,active,ltd,,,2026-04-22,,2026-04-22,[45112, 45200],124-128 City Road London England EC1V 2NX
UK THRIFT LTD,17174559,active,ltd,,,2026-04-22,,2026-04-22,[47910],52 Coborn Road London United Kingdom E3 2DG
PIZZA SE13 LTD,17174660,active,ltd,,,2026-04-22,,2026-04-22,[56290],76 Lee High Road London England SE13 5PT
KAV VENTURES LIMITED,17174657,active,ltd,,,2026-04-22,,2026-04-22,[56290],Second Floor, Sutherland House London United Kingdom NW9 7BT
INSOURCEHIRE LTD,17174780,active,ltd,,,2026-04-22,,2026-04-22,[82110, 82990],71-75 Shelton Street London United Kingdom WC2H 9JQ
CM WORKS LTD,17174787,active,ltd,,,2026-04-22,,2026-04-22,[41202, 81300, 96090],106a Church Street London England N9 9AS
THOHAT VENTURES LTD,17174781,active,ltd,,,2026-04-22,,2026-04-22,[62012, 70229, 71129, 74909],124-128 City Road London England EC1V 2NX
TRUSTFALL CONSULTING LTD,17174790,active,ltd,,,2026-04-22,,2026-04-22,[70229],66 Paul Street London United Kingdom EC2A 4NA
M.M.NADLAN LTD,17174778,active,ltd,,,2026-04-22,,2026-04-22,[68100],Holly House 214-218 High Road London England N15 4NP
VIBE DOSE COFFEE AND COCKTAIL COLLECTION LTD.,17174768,active,ltd,,,2026-04-22,,2026-04-22,[10890, 46390, 47910, 56101],71-75 Shelton Street London United Kingdom WC2H 9JQ
HILLS EXTRA (UK) LTD,17174885,active,ltd,,,2026-04-22,,2026-04-22,[47290, 56290],18 Excelsior Gardens London United Kingdom SE13 7PS
PELUXA LTD,17174991,active,ltd,,,2026-04-22,,2026-04-22,[47910],4 Raven Road, Unit 1c3-1153 London United Kingdom E18 1HB
ARTICLE 69 LTD,17174985,active,ltd,,,2026-04-22,,2026-04-22,[56302],71-75 Shelton Street London United Kingdom WC2H 9JQ
PRIME STONE RENOVATION LTD,17174982,active,ltd,,,2026-04-22,,2026-04-22,[43220, 43330, 43390, 68100],54 Credon Road London England E13 9BJ
PYRACLAW LTD,17175078,active,ltd,,,2026-04-22,,2026-04-22,[46510],66 Paul Street London United Kingdom EC2A 4NA
UK MANAGEMENT GROUP LTD,17175198,active,ltd,,,2026-04-22,,2026-04-22,[70221],Flat 29 Tignel Court London England W3 9AR
DISRPT LTD,17175201,active,ltd,,,2026-04-22,,2026-04-22,[62012, 62020, 70229],66 Paul Street London England EC2A 4NA
FOLD LTD,17175381,active,ltd,,,2026-04-22,,2026-04-22,[17230, 17290, 47910, 74100],Flat 15 Hornbeam House London England SE16 7EW
R&R BRANDS LTD,17175797,active,ltd,,,2026-04-23,,2026-04-23,[47910, 47990, 62090],27 Old Gloucester Street London United Kingdom WC1N 3AX
CATE DISTRIBUTION LIMITED,17175874,active,ltd,,,2026-04-23,,2026-04-23,[41201, 41202, 43290],167 - 169 Great Portland Street London England W1W 5PF
UNICORE SOLUTIONS LTD,17175883,active,ltd,,,2026-04-23,,2026-04-23,[64209],167-169 Great Portland Street London England W1W 5PF
SAVICO LTD,17176034,active,ltd,,,2026-04-23,,2026-04-23,[62030],138 Kyverdale Road London England N16 6PU
NA SYSTEMS CONSULTING LTD,17176115,active,ltd,,,2026-04-23,,2026-04-23,[70229, 71122, 85590],Flat 123 Dibdin House Maida Vale London England W9 1QG
AIG CROYDON LTD,17176181,active,ltd,,,2026-04-23,,2026-04-23,[68100],12 Urban Hive Theydon Road London England E5 9BQ
SELECTIV PROPERTY LTD,17176186,active,ltd,,,2026-04-23,,2026-04-23,[68310],128 City Road London United Kingdom EC1V 2NX
ONEWATER GROUP (UK) LTD,17176205,active,ltd,,,2026-04-23,,2026-04-23,[71121],Flat 3 Montagu House London United Kingdom W1U 4HG
DAVIDOL GROUP LTD,17176212,active,ltd,,,2026-04-23,,2026-04-23,[43210, 46690],2nd Floor College House Ruislip, United Kingdom HA4 7AE
JC LYNDON LTD,17176204,active,ltd,,,2026-04-23,,2026-04-23,[68100, 68209],71-75 Shelton Street London United Kingdom WC2H 9JQ
TERRAON LTD,17159284,active,ltd,,,2026-04-15,,2026-04-15,[68100, 68201, 68310, 68320],167-169 Great Portland Street, Fifth Floor London W1W 5PF
MELCLAU LTD,17176352,active,ltd,,,2026-04-23,,2026-04-23,[46160],66 Paul Street London United Kingdom EC2A 4NA
SOUTHERN STATE LTD,17176371,active,ltd,,,2026-04-23,,2026-04-23,[46390, 46499, 46900],71-75 Shelton Street London United Kingdom WC2H 9JQ
ESPARZA LTD,17176370,active,ltd,,,2026-04-23,,2026-04-23,[47910, 58290, 62012],Suite 10749 5 Brayford Square London United Kingdom E1 0SG
S1PP LONDON LTD,17176446,active,ltd,,,2026-04-23,,2026-04-23,[56102],500 White Hart Lane London England N17 7NA
SUNSHINE CIRCUS LTD,17176427,active,ltd,,,2026-04-23,,2026-04-23,[90030],66 Paul Street London United Kingdom EC2A 4NA
RILLET LTD,17176571,active,ltd,,,2026-04-23,,2026-04-23,[62012],International House, London England SW7 4EF
ESTATESAI LTD,17176574,active,ltd,,,2026-04-23,,2026-04-23,[62012],71-75 Shelton Street London United Kingdom WC2H 9JQ
VJ VERO LTD,17176661,active,ltd,,,2026-04-23,,2026-04-23,[47110, 47300],43 Anerley Road London England SE19 2AS
NEXRAY LIMITED,17176662,active,ltd,,,2026-04-23,,2026-04-23,[47910],71-75 Shelton Street London United Kingdom WC2H 9JQ
MCG OMEGA LIMITED,17176696,active,ltd,,,2026-04-23,,2026-04-23,[68209],16 Finchley Road London England NW8 6EB
THE DRESSING LTD,17176698,active,ltd,,,2026-04-23,,2026-04-23,[46160],18 C/- Sable International 5th Floor London United Kingdom EC4N 8AD
MOSS&MORN LTD,17177005,active,ltd,,,2026-04-23,,2026-04-23,[47910],2nd Floor College House London United Kingdom HA4 7AE
SBB ADVISORY LTD,17177043,active,ltd,,,2026-04-23,,2026-04-23,[73120],Flat 35, 30, Admirals Court Horselydown Lane London United Kingdom SE1 2LJ
PUBLISHINGOS LTD,17177049,active,ltd,,,2026-04-23,,2026-04-23,[62012],71-75 Shelton Street London United Kingdom WC2H 9JQ
GC WOKING LIMITED,17177205,active,ltd,,,2026-04-23,,2026-04-23,[68100],Unit4 The Technology Park London United Kingdom NW9 6BX
GRANDKO ESTATES LTD,17177201,active,ltd,,,2026-04-23,,2026-04-23,[68209],Hallswelle House London United Kingdom NW11 0DH
HENAO LIMITED,17177204,active,ltd,,,2026-04-23,,2026-04-23,[86900, 96020, 96090],5 Brayford Square London England E1 0SG
TRENDHIVE COMMERCE LTD,17177235,active,ltd,,,2026-04-23,,2026-04-23,[47910, 62020, 70229, 73110],Suite Ra01, 195-197 Wood Street London England E17 3NU
VDRIVE LTD,17177362,active,ltd,,,2026-04-23,,2026-04-23,[77110, 82990],Flat 22, Paymal House London United Kingdom E1 3HR
NEXGEN RECOVERY LTD,17177383,active,ltd,,,2026-04-23,,2026-04-23,[46900],5 Brayford Square London United Kingdom E1 0SG
OPERATIONAL CLARITY PARTNERS (OCP) LTD,17177364,active,ltd,,,2026-04-23,,2026-04-23,[70229, 82990, 85590],167-169 Great Portland Street London United Kingdom W1W 5PF
WORLD IN MOTION HOLDCO LIMITED,17177384,active,ltd,,,2026-04-23,,2026-04-23,[64209],60-62 Margaret Street London England W1W 8TF
JARVIS HONEY LIMITED,17177433,active,ltd,,,2026-04-23,,2026-04-23,[01490],2nd Floor College House Ruislip, United Kingdom HA4 7AE
KARAK HOUSE COLLECTIVE LTD,17177428,active,ltd,,,2026-04-23,,2026-04-23,[56290],71-75 Shelton Street London United Kingdom WC2H 9JQ
ZENULTIMATE LIMITED,17177571,active,ltd,,,2026-04-23,,2026-04-23,[58290, 62012, 86900],66 Paul Street London England EC2A 4NA
HAIM8 LTD,17177572,active,ltd,,,2026-04-23,,2026-04-23,[62012],24 Sherrick Green Road London United Kingdom NW10 1LD
ATICO MAS LTD,17177568,active,ltd,,,2026-04-23,,2026-04-23,[68209],32 Pellerin Road London England N16 8AT
VURA KIM DEVELOPMENTS LTD,17177573,active,ltd,,,2026-04-23,,2026-04-23,[41100, 68100, 68209],71-75 Shelton Street London United Kingdom WC2H 9JQ
BLACKPIN SOLUTIONS LTD,17177738,active,ltd,,,2026-04-23,,2026-04-23,[49420],26 Napier Road London United Kingdom NW10 5XJ
SHAHRIDES LTD,17177760,active,ltd,,,2026-04-23,,2026-04-23,[52219],Flat 25, Wolfe House London United Kingdom W12 7PX
CLASSIC TAILORS LTD,17177817,active,ltd,,,2026-04-23,,2026-04-23,[14131],Shop 2, The Grampians London United Kingdom W6 7LN
HELIO GROWTH LTD,17177854,active,ltd,,,2026-04-24,,2026-04-24,[73110],66 Paul Street London United Kingdom EC2A 4NA
HIGHPOINT VILLAGE LTD,17177992,active,ltd,,,2026-04-24,,2026-04-24,[68100, 68209, 68320],167-169 Great Portland Street London United Kingdom W1W 5PF
HENRY NOIR LTD,17178121,active,ltd,,,2026-04-24,,2026-04-24,[47910],128 City Road London United Kingdom EC1V 2NX
ORVEXA COMMERCE LTD,17178114,active,ltd,,,2026-04-24,,2026-04-24,[47910],167-169 Great Portland Street London England W1W 5PF
AVL STAYS LTD,17178127,active,ltd,,,2026-04-24,,2026-04-24,[68201],3 London Terrace Darwen United Kingdom BB3 3DF
ZAKHS HOLDINGS LTD,17178131,active,ltd,,,2026-04-24,,2026-04-24,[64999],66 Paul Street London England EC2A 4NA
PALS PACK LTD,17178101,active,ltd,,,2026-04-24,,2026-04-24,[46760, 46900],13a Woodgrange Road London England E7 8BA
PGSF ARCHITECTS LTD,17178298,active,ltd,,,2026-04-24,,2026-04-24,[71111],81b Shirland Road London United Kingdom W9 2EL
A WARRITAY CHILDCARE LTD,17178285,active,ltd,,,2026-04-24,,2026-04-24,[88910],115 Fermain Court West De Beauvoir Road London England N1 5TB
RESTPOINT ACCOMMODATION LTD,17178289,active,ltd,,,2026-04-24,,2026-04-24,[55209, 68209],27 Old Gloucester St London United Kingdom WC1N 3AX
SPACII LTD,17178279,active,ltd,,,2026-04-24,,2026-04-24,[62012, 62090, 63120],128 City Road London United Kingdom EC1V 2NX
M3CA HEALTHCARE LTD,17178288,active,ltd,,,2026-04-24,,2026-04-24,[84120, 86900, 87300, 87900],11 Old Bond Street London England W1S 4PN
WILD RIVER SOFT PLAY LTD,17178419,active,ltd,,,2026-04-24,,2026-04-24,[56102, 93110],66 Paul Street London England EC2A 4NA
ABODEYE LTD,17178409,active,ltd,,,2026-04-24,,2026-04-24,[47910],Office 18538 182-184 High Street North London United Kingdom E6 2JA
FGOLUX LIFE LTD,17178398,active,ltd,,,2026-04-24,,2026-04-24,[47910],Office 18539 182-184 High Street North London United Kingdom E6 2JA
NOVA ELITE LTD,17178492,active,ltd,,,2026-04-24,,2026-04-24,[47910],Unit 293 48 Waterside Heights London United Kingdom E16 2GP
REMF ESTATES LTD,17178480,active,ltd,,,2026-04-24,,2026-04-24,[98000],10-11 Heathfield Terrace London United Kingdom W4 4JE
WORLD GOLDEN PERFUMES LTD,17150267,active,ltd,,,2026-04-10,,2026-04-10,[47910],66 Paul Street London United Kingdom EC2A 4NA
SAMANTHAROUHIERBOTANICAL LTD,17178738,active,ltd,,,2026-04-24,,2026-04-24,[96020],13 Albemarle Wimbledon Park Side London England SW19 5NP
EDDI’S RECOVERY & DELIVERY SERVICES LTD,17178742,active,ltd,,,2026-04-24,,2026-04-24,[45200],57 Stroud Green Road London England N4 3EG
HOPLEY HALL LIMITED,17178745,active,ltd,,,2026-04-24,,2026-04-24,[59113],17 Riverview Park London United Kingdom SE6 4PL
QAMISAD VENTURES LTD,17178722,active,ltd,,,2026-04-24,,2026-04-24,[62090],Unit A1106 4-6, Greatorex Street London United Kingdom E1 5NF
CARELESS LTD,17178924,active,ltd,,,2026-04-24,,2026-04-24,[46450, 46460, 46499, 46900],71-75 Shelton Street London United Kingdom WC2H 9JQ
EQUS GLOBAL GROUP LTD,17178921,active,ltd,,,2026-04-24,,2026-04-24,[64209],71-75 Shelton Street London United Kingdom WC2H 9JQ
J RAHMAN CONSULTING LIMITED,17179035,active,ltd,,,2026-04-24,,2026-04-24,[73110],100 Corry Drive London England SW9 8QT
ISLEWORTH REALTY LIMITED,17179027,active,ltd,,,2026-04-24,,2026-04-24,[68209],Ground Floor London England W13 9BF
RELENTX LTD,17179152,active,ltd,,,2026-04-24,,2026-04-24,[62012],128 City Road London United Kingdom EC1V 2NX
ARBOR GROUP TYH 20 LTD,17179140,active,ltd,,,2026-04-24,,2026-04-24,[68100],Harvest House London England E5 9LU
TICKETSCOPE.NET LTD,17179274,active,ltd,,,2026-04-24,,2026-04-24,[82302],71-75 Shelton Street London United Kingdom WC2H 9JQ
TIWALLET LTD,17179279,active,ltd,,,2026-04-24,,2026-04-24,[62020],Dept 6752, 196 High Road London United Kingdom N22 8HH
GRABLOCAL LIMITED,17179359,active,ltd,,,2026-04-24,,2026-04-24,[47190],244 Vauxhall Bridge Road London England SW1V 1AU
AEG PARADIGM CONSULTING LTD,17179367,active,ltd,,,2026-04-24,,2026-04-24,[70229],39a Montrose Avenue London United Kingdom NW6 6LE
AF SMILES LTD,17179349,active,ltd,,,2026-04-24,,2026-04-24,[86230],71-75 Shelton Street London United Kingdom WC2H 9JQ
RITFITNESS (UK) LIMITED,17179356,active,ltd,,,2026-04-24,,2026-04-24,[32300, 47640, 93130],Flat 107 25 Indescon Square London England E14 9DG
IT FITS LTD,17179403,active,ltd,,,2026-04-24,,2026-04-24,[47710],5 Cole Court Lodge Twickenham England TW1 1HB
BLACK ROK LTD,17179409,active,ltd,,,2026-04-24,,2026-04-24,[47910],Office 18407 182-184 High Street North London United Kingdom E6 2JA
WATER METAL STUDIO LTD,17179411,active,ltd,,,2026-04-24,,2026-04-24,[47190, 47770, 47910],Unit J Netil House London United Kingdom E8 3RL
ZN PROPERTY INVESTMENT LTD,17179703,active,ltd,,,2026-04-24,,2026-04-24,[68100, 68209],43 Upton Lane London England E7 9PA
SUDEQ LTD,17179701,active,ltd,,,2026-04-24,,2026-04-24,[47910],4th Floor Silverstream House, London United Kingdom W1T 6EB
R.BROWNE PROPERTIES LTD,17179702,active,ltd,,,2026-04-24,,2026-04-24,[82990],66 Paul Street London United Kingdom EC2A 4NA
ADQUANTUM LTD,17179695,active,ltd,,,2026-04-24,,2026-04-24,[62012],71-75 Shelton Street London United Kingdom WC2H 9JQ
CANOPY MIDCO 1 LIMITED,17179751,active,ltd,,,2026-04-24,,2026-04-24,[64209],1 Grafton Street London United Kingdom W1S 4FE
TECHNICAL SOLUTIONS LTD,17147649,active,ltd,,,2026-04-09,,2026-04-09,[33120, 33140],124 City Road London England EC1V 2NX
PESKOSC LTD,17179876,active,ltd,,,2026-04-24,,2026-04-24,[16230],Flat 16 Newcomen House London England NW5 1DT
SAMSON PROPERTY MANAGEMENT LTD,17179884,active,ltd,,,2026-04-24,,2026-04-24,[68209],20 Wenlock Road London England N1 7GU
A MOVE REMOVALS LTD,17180002,active,ltd,,,2026-04-24,,2026-04-24,[49420],Flat 1, Dresden House London England SW11 5DP
VITAL ENERGY SERVICES LTD,17179996,active,ltd,,,2026-04-24,,2026-04-24,[41100, 43210, 43220, 43290],Zero Villa 532 Southgate 5th Floor The Grange, London United Kingdom N14 6BN
ASRA PO LTD,17179994,active,ltd,,,2026-04-24,,2026-04-24,[47110, 53100, 96090],Allied House Twickenham United Kingdom TW1 3SZ
XENNIAL CLEANING LTD,17179998,active,ltd,,,2026-04-24,,2026-04-24,[81222, 81229, 81299],71-75 Shelton Street London United Kingdom WC2H 9JQ
FUTURE SELF FILMS LTD,17180106,active,ltd,,,2026-04-24,,2026-04-24,[59112],71-75 Shelton Street London United Kingdom WC2H 9JQ
BLUEBIRD RENTAL SUPPORT LTD,17180103,active,ltd,,,2026-04-24,,2026-04-24,[82990],71-75 Shelton Street London United Kingdom WC2H 9JQ
AMYSTENDER CHILDCARE LTD,17180126,active,ltd,,,2026-04-24,,2026-04-24,[88910],Flat 137 Sertima House Poynders Gardens London England SW4 8PD
MARÉE LTD,17180191,active,ltd,,,2026-04-24,,2026-04-24,[62090, 70229, 90030],38 Parma Crescent London England SW11 1LT
RESELL ROUTE LTD,17180300,active,ltd,,,2026-04-24,,2026-04-24,[47910],66 Paul Street London United Kingdom EC2A 4NA
COTEL HOLDINGS LTD,17180310,active,ltd,,,2026-04-24,,2026-04-24,[55100, 56101, 56302],68 Manor Park London England SE13 5RL
UNION109 LIMITED,17179818,active,ltd,,,2026-04-24,,2026-04-24,[68100],109 Battersea Bridge Road London England SW11 3AT
SYNE LIFE LIMITED,17180428,active,ltd,,,2026-04-25,,2026-04-25,[46460, 47910, 62012, 72110],167 - 169 Great Portland Street London England W1W 5PF
WELLZI LTD,17159752,active,ltd,,,2026-04-15,,2026-04-15,[47910, 62090, 70210, 73110],5 Brayford Square London England E1 0SG
SETRI LTD,17180523,active,ltd,,,2026-04-25,,2026-04-25,[58290],101 South Esk Road London England E7 8HE
THE CARD HUB LTD,17180536,active,ltd,,,2026-04-25,,2026-04-25,[47650],66 Paul Street London England EC2A 4NA
CONSTRUCTION PROFESSIONALS PLATFORM LTD,17148330,active,ltd,,,2026-04-10,,2026-04-10,[62012],167-169 5th Floor Great Portland Street London England W1W 5PF
SO SKIN CLINIC LIMITED,17180629,active,ltd,,,2026-04-25,,2026-04-25,[47750, 86900, 96040],6 Porchester Square Mews London England W2 6AG
ELVAR SYSTEMS LIMITED,17180679,active,ltd,,,2026-04-25,,2026-04-25,[58290],66 Paul Street London United Kingdom EC2A 4NA
GROW SOLUTIONS GROUP LTD,17180683,active,ltd,,,2026-04-25,,2026-04-25,[52290],8 Norbury Crescent London United Kingdom SW16 4JU
AMBERLINE SOLUTIONS LTD,17180723,active,ltd,,,2026-04-26,,2026-04-26,[70229, 84120, 86900, 88100],66 Paul Street London United Kingdom EC2A 4NA
FRANCESCO REA LTD,17181147,active,ltd,,,2026-04-27,,2026-04-27,[14131, 47710, 96090],Flat 4 169 Gloucester Place London United Kingdom NW1 6DX
MW FINMAN LTD,17181284,active,ltd,,,2026-04-27,,2026-04-27,[69201],167-169 Great Portland Street London United Kingdom W1W 5PF
ARCHER & VAIL LTD,17181278,active,ltd,,,2026-04-27,,2026-04-27,[70229],45 Albemarle Street London England W1S 4JL
LIFESTONE HOMES LIMITED,17181292,active,ltd,,,2026-04-27,,2026-04-27,[99999],30 Finsbury Circus London England EC2M 7DT
STERLING STAFFING GROUP LTD,17181384,active,ltd,,,2026-04-27,,2026-04-27,[80100, 80200, 81100],International House 10 Beaufort Court London United Kingdom E14 9XL
SHEKO LTD,17181390,active,ltd,,,2026-04-27,,2026-04-27,[47910],1 Giltspur Street London United Kingdom EC1A 9DD
NEXAREACH MARKETING LIMITED,17181403,active,ltd,,,2026-04-27,,2026-04-27,[62090, 63990, 73110, 73200],128 City Road London United Kingdom EC1V 2NX
SEANGIFTSHOPZ LTD,17181393,active,ltd,,,2026-04-27,,2026-04-27,[47910, 90030],66 Paul Street London England EC2A 4NA
SOUTH DOWN RESIDENTIAL LTD,17181396,active,ltd,,,2026-04-27,,2026-04-27,[68310],128 City Road London United Kingdom EC1V 2NX
AV PLATINUM MAINTENANCE SERVICES LTD,17173830,active,ltd,,,2026-04-22,,2026-04-22,[62090],124-128 City Road London England EC1V 2NX
COGS SOURCING LIMITED,17173828,active,ltd,,,2026-04-22,,2026-04-22,[46900],7 The Mount Square London United Kingdom NW3 6SY
JAMESON KNIGHT WAPPING LIMITED,17141138,active,ltd,,,2026-04-07,,2026-04-07,[68100, 68209, 68310, 68320],Unit 10 New Crane Place London England E1W 3TU
FREEBIRD ECOM LTD,17173851,active,ltd,,,2026-04-22,,2026-04-22,[47910],20 Wenlock Road London England N1 7GU
HENILON HOLDCO LIMITED,17173856,active,ltd,,,2026-04-22,,2026-04-22,[64209],24 Woodlands London England NW11 9QL
FOREVER LOVE CELEBRANCY LTD,17173865,active,ltd,,,2026-04-22,,2026-04-22,[96030],35-37 Ludgate Hill London England EC4M 7JN
ENWORB PROPERTY LTD,17173870,active,ltd,,,2026-04-22,,2026-04-22,[68100, 68209],Unit 4 Justin Road London England E4 8SU
CORE COMMUNICATIONS LIMITED,17173878,active,ltd,,,2026-04-22,,2026-04-22,[82990],3c Carlisle Place London England SW1P 1NP
PANTERA CONSULT LTD,17173893,active,ltd,,,2026-04-22,,2026-04-22,[66190, 70221, 82990],20 Wenlock Road London England N1 7GU
YANDZI LIMITED,17173906,active,ltd,,,2026-04-22,,2026-04-22,[47910, 63990],34a, Suite 4, Strata House Waterloo Road London United Kingdom NW2 7UH
KOSABUKA LTD,17173914,active,ltd,,,2026-04-22,,2026-04-22,[43210],12 Chardwell Close London England E6 5RR
PALLAS DEFENCE SYSTEMS LTD,17173929,active,ltd,,,2026-04-22,,2026-04-22,[71122],27 Old Gloucester Street London United Kingdom WC1N 3AX
MAS BARI LTD,17174014,active,ltd,,,2026-04-22,,2026-04-22,[47190, 47220],292-296 Barking Road London United Kingdom E6 3BA
BROADWAY BOYS LTD,17174027,active,ltd,,,2026-04-22,,2026-04-22,[96020],88 Cricklewood Broadway London United Kingdom NW2 3EL
GERY DI GEO LTD,17174035,active,ltd,,,2026-04-22,,2026-04-22,[96020],Apartment 57 Stanton House London England SE16 5DJ
RIVERSIDE BARBER CAMDEN LIMITED,17174039,active,ltd,,,2026-04-22,,2026-04-22,[96020],84b Camden Road London England NW1 9EA
CARPET AND WOOD LIMITED,17174098,active,ltd,,,2026-04-22,,2026-04-22,[43330, 47530],457 Fulham Road London England SW10 9UZ
OG NETWORKS HOLDING LTD,17174096,active,ltd,,,2026-04-22,,2026-04-22,[56101, 56302, 90040],Flat 2 51 Belsize Park Gardens London England NW3 4JL
RUNKERRY HOLDINGS LIMITED,17174081,active,ltd,,,2026-04-22,,2026-04-22,[64209],C/O Goldwyns London Llp London United Kingdom EC3V 3DG
D.S.D GROUP HOLDINGS LTD,17174107,active,ltd,,,2026-04-22,,2026-04-22,[64209],97 Judd Street London England WC1H 9JG
MARCES ENTERTAINMENT LIMITED,17174166,active,ltd,,,2026-04-22,,2026-04-22,[93290],28 Eton College Road London England NW3 2BT
HORIZON HARVEST GLOBAL LTD,17174178,active,ltd,,,2026-04-22,,2026-04-22,[46310, 46900],71-75 Shelton Street London United Kingdom WC2H 9JQ
EDILIA LTD,17174334,active,ltd,,,2026-04-22,,2026-04-22,[74909],13 Lennox Road London United Kingdom E17 8NT
ELEMAR LIMITED,17174411,active,ltd,,,2026-04-22,,2026-04-22,[68100, 68209, 68320],23a Solway Road London England SE22 9BG
DUAL PORT LOGISTICS LTD,17174506,active,ltd,,,2026-04-22,,2026-04-22,[52101, 52103],Studio 6 Hornsey Street London England N7 8GR
TCOREWHOLESALEGROUP LIMITED,17174511,active,ltd,,,2026-04-22,,2026-04-22,[47910],Office - 18448, 182-184 High Street North London United Kingdom E6 2JA
TJD PRODUCTIONS LTD,17174497,active,ltd,,,2026-04-22,,2026-04-22,[59140],28a Marius Road London United Kingdom SW17 7QQ
URBAN NEST PROPERTY MANAGEMENT AND INVESTMENT LTD,17174624,active,ltd,,,2026-04-22,,2026-04-22,[68320],167-169 Great Portland Street London United Kingdom W1W 5PF
MAK SHOPORA LTD,17174647,active,ltd,,,2026-04-22,,2026-04-22,[47910],Suite Ra01 195-197 Wood Street London Walthamstow United Kingdom E17 3NU
EENERA LTD,17174636,active,ltd,,,2026-04-22,,2026-04-22,[62012, 62020, 63110, 70229],5th Floor, 167-169, The London Office Great Portland Street London United Kingdom W1W 5PF
THE ONE EXPERIENCE STORY LTD,17174726,active,ltd,,,2026-04-22,,2026-04-22,[64202],66 Paul Street London United Kingdom EC2A 4NA
LILIX LTD,17174730,active,ltd,,,2026-04-22,,2026-04-22,[46190, 46900, 47190, 47910],276 Chase Road Suite 7-0544 Lonsto House London United Kingdom N14 6HA
SIDMA SOLUTIONS LTD,17174923,active,ltd,,,2026-04-22,,2026-04-22,[49319, 52219],66 Paul Street London United Kingdom EC2A 4NA
ONGOING PROJECT LTD,17174947,active,ltd,,,2026-04-22,,2026-04-22,[59200],2nd Floor College House Ruislip, United Kingdom HA4 7AE
ROSS ALAM CONSULTANCY LTD,17175007,active,ltd,,,2026-04-22,,2026-04-22,[73110],66 Paul Street London United Kingdom EC2A 4NA
SUN-AT-LAST TRAVEL GLOBAL LTD,17175010,active,ltd,,,2026-04-22,,2026-04-22,[79110],27 St. John's Hill London England SW11 1TT
CLEANING AND WASTE MANAGEMENT LTD,17175004,active,ltd,,,2026-04-22,,2026-04-22,[81299],45 Kingfisher Street London England E6 5JZ
ROWANFIELD 1 LTD,17175022,active,ltd,,,2026-04-22,,2026-04-22,[68100],73 Craven Park Road London England N15 6AH
J&K SMITH PROPERTY LTD,17175062,active,ltd,,,2026-04-22,,2026-04-22,[68100, 68209],71-75 Shelton Street London United Kingdom WC2H 9JQ
PAPER FOCUSCO LTD,17173581,active,ltd,,,2026-04-22,,2026-04-22,[46900, 47620, 47910],12 Hammersmith Grove London United Kingdom W6 7AP
H.G GROUNDWORK’S & FENCING LTD,17175151,active,ltd,,,2026-04-22,,2026-04-22,[41202],86 London Road Downham Market United Kingdom PE38 9BP
BLACKSTONE HOLDING GROUP LTD,17175133,active,ltd,,,2026-04-22,,2026-04-22,[64209],66 Paul Street London United Kingdom EC2A 4NA
RESQU LTD,17175130,active,ltd,,,2026-04-22,,2026-04-22,[74909],66 Paul Street London United Kingdom EC2A 4NA
VOLT SEARCH PARTNERS LTD,17134818,active,ltd,,,2026-04-02,,2026-04-02,[78300],Cornerhouse London England SE15 4BQ
IGWETZEL LTD,17162646,active,ltd,,,2026-04-16,,2026-04-16,[47910, 62012, 62090, 63120],Avon House London England W14 8TS
MERCANTA LABS LTD,17175127,active,ltd,,,2026-04-22,,2026-04-22,[62012, 62020, 62090, 63110],71-75 Shelton Street London United Kingdom WC2H 9JQ
JMSA LOGISTICS LTD,17175392,active,ltd,,,2026-04-22,,2026-04-22,[47910],66 Paul Street London United Kingdom EC2A 4NA
THE HUMAN POTENTIAL GROUP LTD,17175391,active,ltd,,,2026-04-22,,2026-04-22,[58290, 62012, 63120],66 Paul Street London United Kingdom EC2A 4NA
CRAFTHOPPER LTD,17175760,active,ltd,,,2026-04-23,,2026-04-23,[43390, 68320],1 Rosemont Road London United Kingdom NW3 6NG
CE MANAGEMENT SERVICES UK LTD,17175825,active,ltd,,,2026-04-23,,2026-04-23,[82200, 82302, 82990],128 City Road London United Kingdom EC1V 2NX
SAMA TALENT & OFFSHORE SERVICES LTD,17175806,active,ltd,,,2026-04-23,,2026-04-23,[70229],27 Old Gloucester Street London United Kingdom WC1N 3AX
ABUS HOLDCO LIMITED,17175816,active,ltd,,,2026-04-23,,2026-04-23,[64209],47 Queen Anne Street London England W1G 9JG
TUANDY LTD,17175906,active,ltd,,,2026-04-23,,2026-04-23,[62012],167-169 Great Portland Street London England W1W 5PF
QUELR LTD,17175976,active,ltd,,,2026-04-23,,2026-04-23,[62012],Penhurst House London United Kingdom SW11 3BY
LITTLE WONDER STREET LTD,17175973,active,ltd,,,2026-04-23,,2026-04-23,[56102, 93290],128 City Road London United Kingdom EC1V 2NX
IROZ TECH LTD,17175982,active,ltd,,,2026-04-23,,2026-04-23,[62012, 62020],80 Burke Close London United Kingdom SW15 5RS
BSFI MSA CO LIMITED,17176087,active,ltd,,,2026-04-23,,2026-04-23,[82990],3 More London Riverside London England SE1 2AQ
AUREUM LAMBDA CONSULTING LTD,17176178,active,ltd,,,2026-04-23,,2026-04-23,[62012, 62020, 71122, 74909],124 City Road London United Kingdom EC1V 2NX
SARAH INTEGRATIVE HEALTH LTD,17176251,active,ltd,,,2026-04-23,,2026-04-23,[86900, 96020, 96040, 96090],225 Clapham Road London England SW9 9BE
ORTENT ADVISORY LTD,17176275,active,ltd,,,2026-04-23,,2026-04-23,[70229, 74909, 85590],14/2e Docklands Business Centre London United Kingdom E14 8PX
ZK CAPITAL LTD,17176289,active,ltd,,,2026-04-23,,2026-04-23,[64999],Sailsbury House London England EC2M 5QQ
DXD LOGISTICS LIMITED,17176278,active,ltd,,,2026-04-23,,2026-04-23,[49410],15 Paul Court Romford United Kingdom RM7 9PR
HESSINGTON GROUP LIMITED,17176394,active,ltd,,,2026-04-23,,2026-04-23,[64209],Grove House London United Kingdom N12 0DR
DDF2 LTD,17176462,active,ltd,,,2026-04-23,,2026-04-23,[90010],391 Green Lane London England SE9 3TE
THE KING'S CROSS GROUP FINCO LIMITED,17176460,active,ltd,,,2026-04-23,,2026-04-23,[64999],12.01 The Jellicoe Building 5 Beaconsfield Street London United Kingdom N1C 4EW
HUE HAUS LONDON LTD,17176497,active,ltd,,,2026-04-23,,2026-04-23,[47520, 47910],69 Vallance Road London England E1 5BS
TITE CIRCLE LIMITED,17176498,active,ltd,,,2026-04-23,,2026-04-23,[62012],71-75 Shelton Street London United Kingdom WC2H 9JQ
BRAVOIAN LIMITED,17176650,active,ltd,,,2026-04-23,,2026-04-23,[47722],Flat 33 130 Barlby Road London England W10 6DR
TRUSQ LTD,17176763,active,ltd,,,2026-04-23,,2026-04-23,[62020],184 Boundary Rd London United Kingdom N22 6AJ
CLINIDEUM LTD,17176744,active,ltd,,,2026-04-23,,2026-04-23,[47782],124-128 City Road London United Kingdom EC1V 2NX
MATILDA SERVICES LTD,17176884,active,ltd,,,2026-04-23,,2026-04-23,[52290],Flat 51 Bayliss Heights London England SE10 0GX
MIAUU LTD,17176882,active,ltd,,,2026-04-23,,2026-04-23,[64209],2a Ledbury Mews North London England W11 2AF
WILTERKAT ENTERPRISES LTD,17163968,active,ltd,,,2026-04-17,,2026-04-17,[46190, 46900],W107 1 Hertford Avenue London United Kingdom SW14 8EF
EVORX LTD,17176932,active,ltd,,,2026-04-23,,2026-04-23,[47910],66 Paul Street London United Kingdom EC2A 4NA
RYNA’S SKINSATIONAL LTD,17176908,active,ltd,,,2026-04-23,,2026-04-23,[96020],76 Parkway London England NW1 7AH
CORTIRION CONSULTING LIMITED,17177077,active,ltd,,,2026-04-23,,2026-04-23,[96090],20-21 Jockey's Fields London England WC1R 4BW
MJB VELOCITY LOGISTICS LTD,17177072,active,ltd,,,2026-04-23,,2026-04-23,[52103, 52243],66 Paul Street London United Kingdom EC2A 4NA
PEARL DIVE PICTURES LIMITED,17177083,active,ltd,,,2026-04-23,,2026-04-23,[59111],8 Burton Street London United Kingdom WC1H 9AQ
SWALLOW UK HOLDINGS LIMITED,17177081,active,ltd,,,2026-04-23,,2026-04-23,[68209],101 New Cavendish Street London England W1W 6XH
ZAYAN MOMO HOUSE LTD,17177090,active,ltd,,,2026-04-23,,2026-04-23,[56101],48 Eversholt Street London England NW1 1DA
VDK ENGINEERING UK LIMITED,17177087,active,ltd,,,2026-04-23,,2026-04-23,[71129],42-44 Bishopsgate London England EC2N 4AH
MIKE BENTLEY PERFORMANCE SERVICES LTD,17177216,active,ltd,,,2026-04-23,,2026-04-23,[85510, 93199],66 Paul Street London England EC2A 4NA
ROCKINGHAM EXPRESS LTD,17177228,active,ltd,,,2026-04-23,,2026-04-23,[47110, 47190, 47250, 56290],210, Atta Accountancy Brompton Library London United Kingdom SW5 0BS
PLUS BACK OFFICE LTD,17177297,active,ltd,,,2026-04-23,,2026-04-23,[82990],71-75 Shelton Street London United Kingdom WC2H 9JQ
FEZMEKNES LTD,17177303,active,ltd,,,2026-04-23,,2026-04-23,[59200, 70210, 70229],71-75 Shelton Street London United Kingdom WC2H 9JQ
ZENTHOR (LONDON) LTD,17177315,active,ltd,,,2026-04-23,,2026-04-23,[47910],16 Langham Road London England N15 3RA
ABRAR GULF LTD,17177404,active,ltd,,,2026-04-23,,2026-04-23,[14110, 29100, 41201, 45310],20 Wenlock Road London England N1 7GU
SEEN BUILD LTD,17177413,active,ltd,,,2026-04-23,,2026-04-23,[41201, 41202],Flat 5 Beech Walk 383a High Road London England N17 6QN
AI GOVERNANCE PARTNERS LTD,17177463,active,ltd,,,2026-04-23,,2026-04-23,[70229],66 Paul Street London United Kingdom EC2A 4NA
KONEX DIGITAL LTD,17177454,active,ltd,,,2026-04-23,,2026-04-23,[61900, 62012, 62090],128 City Road London United Kingdom EC1V 2NX
IRIS BECOMING LTD,17177526,active,ltd,,,2026-04-23,,2026-04-23,[70229, 74909, 85590, 96090],66 Paul Street London United Kingdom EC2A 4NA
GHWELLS CONSULTING LTD,17177527,active,ltd,,,2026-04-23,,2026-04-23,[62020],8 Brambledown Mansions London England N4 4SA
KOMP GROUP LTD,17177551,active,ltd,,,2026-04-23,,2026-04-23,[96090],71-75 Shelton Street London United Kingdom WC2H 9JQ
ARCHE PARTNERS LTD,17177671,active,ltd,,,2026-04-23,,2026-04-23,[70229, 74909],Galla House 695 High Road London England N12 0BT
CENTRAL CARIBBEAN PELICAN KITCHEN LTD,17177690,active,ltd,,,2026-04-23,,2026-04-23,[56103],12 Beckton Road London England E16 1PU
GASPARZINHO LTD,17177691,active,ltd,,,2026-04-23,,2026-04-23,[49410, 53201, 53202, 62020],66 Paul Street London England EC2A 4NA
ATMACAENTERPRISES LTD,17177702,active,ltd,,,2026-04-23,,2026-04-23,[47910],41 Somerset Close London United Kingdom N17 6DL
CQR ART GIFT LIMITED,17177863,active,ltd,,,2026-04-24,,2026-04-24,[46160, 46190, 46420, 47722],167-169 Great Portland Street London England W1W 5PF
MAKGRAFIX LIMITED,17177923,active,ltd,,,2026-04-24,,2026-04-24,[73110, 74100],14 Betoyne Avenue London England E4 9SG
NEXANOVA TECH LIMITED,17177899,active,ltd,,,2026-04-24,,2026-04-24,[58290],63 Beaconsfield Road London England E16 4HS
FOAM AND FLAVOUR LTD,17178048,active,ltd,,,2026-04-24,,2026-04-24,[56102],Flat 5, 388, Tollard House Kensington High Street London United Kingdom W14 8NL
THE SAIYAN METHOD LTD,17178053,active,ltd,,,2026-04-24,,2026-04-24,[86900],66 Paul Street London United Kingdom EC2A 4NA
AZADA BEAUTY LTD,17178047,active,ltd,,,2026-04-24,,2026-04-24,[47910],128 City Road London United Kingdom EC1V 2NX
PLEIDOD LABS LIMITED,17178168,active,ltd,,,2026-04-24,,2026-04-24,[58290, 62012, 62090, 63110],71-75 Shelton Street London United Kingdom WC2H 9JQ
SAMSARA CONSULTANCY LIMITED,17178218,active,ltd,,,2026-04-24,,2026-04-24,[46120, 46630, 46900, 70229],The Long Lodge Wimbledon United Kingdom SW19 3NW
HOST WITH THE MOST PROPERTY LTD,17178335,active,ltd,,,2026-04-24,,2026-04-24,[68320],167-169 Great Portland Street London United Kingdom W1W 5PF
SABLE HOMES LTD,17178342,active,ltd,,,2026-04-24,,2026-04-24,[68100, 68209],27 Old Gloucester Street London United Kingdom WC1N 3AX
TECH 1ST LIMITED,17178338,active,ltd,,,2026-04-24,,2026-04-24,[96090],72 Halliwick Road London England N10 1AB
TERRYNIS LTD,17178347,active,ltd,,,2026-04-24,,2026-04-24,[71122],4th Floor Office London England W1B 4HB
ONE OF ONE MARKET LIMITED,17178439,active,ltd,,,2026-04-24,,2026-04-24,[47990],71-75 Shelton Street London England WC2H 9JQ
NILE TRAVELS CONCIERGE LIMITED,17178500,active,ltd,,,2026-04-24,,2026-04-24,[79110, 79120],34 Arlington Road London England NW1 7HU
AURORE LECANON COACHING & CONSULTING LTD,17178579,active,ltd,,,2026-04-24,,2026-04-24,[70229],61 Taybridge Road London England SW11 5PX
BABYBOO AUSTRALIA PTY LTD,17178705,active,ltd,,,2026-04-24,,2026-04-24,[46900, 47910, 47990],307 Wharfside Point South London United Kingdom E14 9EL
STAGEHOOK GLOBAL LTD,17178694,active,ltd,,,2026-04-24,,2026-04-24,[96090],128 City Road London United Kingdom EC1V 2NX
HEALTHYMAILPLANTS LTD,17178800,active,ltd,,,2026-04-24,,2026-04-24,[01300, 47910],Suite Ra01 195-197 Wood Street London England E17 3NU
BSM ENERGY SOLUTIONS LTD,17178802,active,ltd,,,2026-04-24,,2026-04-24,[71121, 71122],Suite 10773 5 Brayford Square London United Kingdom E1 0SG
DYNEXODE LTD,17178804,active,ltd,,,2026-04-24,,2026-04-24,[47910],Suite 10766 5 Brayford Square London United Kingdom E1 0SG
ECO CLEAN LTD,17178770,active,ltd,,,2026-04-24,,2026-04-24,[81222],3rd Floor, 86-90 Paul Street London United Kingdom EC2A 4NE
BITEBIZ LTD,17178878,active,ltd,,,2026-04-24,,2026-04-24,[56102],7 Rondu Road London England NW2 3HB
DROVIX PRIME LIMITED,17178950,active,ltd,,,2026-04-24,,2026-04-24,[64999],Second Floor Berkeley Square House Mayfair England W1J 6BD
SLIM MANAGEMENT LTD,17179092,active,ltd,,,2026-04-24,,2026-04-24,[68310, 81299, 98000],159 Kilburn High Road London England NW6 7HU
EDEN BRIDGE HOUSING SERVICES LTD,17179082,active,ltd,,,2026-04-24,,2026-04-24,[68209],71-75 Shelton Street London United Kingdom WC2H 9JQ
LEGACY EMPIRE WOMEN LTD,17179072,active,ltd,,,2026-04-24,,2026-04-24,[47910],71-75 Shelton Street London United Kingdom WC2H 9JQ
QANDI LIMITED,17179187,active,ltd,,,2026-04-24,,2026-04-24,[56103, 56290],49-51 Unit 15 London United Kingdom E15 1XE
SIRRAH AUTOMOBILSPORT LIMITED,17179194,active,ltd,,,2026-04-24,,2026-04-24,[49410],128 City Road London United Kingdom EC1V 2NX
CAMNIVO LTD,17179244,active,ltd,,,2026-04-24,,2026-04-24,[46520],71-75 Shelton Street London United Kingdom WC2H 9JQ
AKM EXECUTIVE DRIVE LTD,17179396,active,ltd,,,2026-04-24,,2026-04-24,[49320, 49390],5 Brayford Square London United Kingdom E1 0SG
MOUNT HAMPTON LTD,17179394,active,ltd,,,2026-04-24,,2026-04-24,[68209],69 Watermint Quay London England N16 6DN
BLUE ACRE LIMITED,17179499,active,ltd,,,2026-04-24,,2026-04-24,[68100, 68209],4 Blandfield Avenue Balham England SW12 8BG
RUFF MINERALS LTD,17179612,active,ltd,,,2026-04-24,,2026-04-24,[66220],45 4th Floor, Silverstream House, Fitzroy Street London - United Kingdom W1T 6EB
V&S HEATHCARE LTD,17179599,active,ltd,,,2026-04-24,,2026-04-24,[82990],66 Paul Street London United Kingdom EC2A 4NA
AK PROPERTY LIVING LTD,17179625,active,ltd,,,2026-04-24,,2026-04-24,[68320],20 Wenlock Road London England N1 7GU
REH (OPCO 1) LIMITED,17179601,active,ltd,,,2026-04-24,,2026-04-24,[56302],20 Wenlock Road London England N1 7GU
X1 XLV LTD,17179681,active,ltd,,,2026-04-24,,2026-04-24,[64209],3 Coldbath Square London United Kingdom EC1R 5HL
REENZ AUTOMOTIVE LIMITED,17179676,active,ltd,,,2026-04-24,,2026-04-24,[45112, 45200],196 Barnardo Street London United Kingdom E1 0LL
SKYLARK PRODUCTIONS LIMITED,17179853,active,ltd,,,2026-04-24,,2026-04-24,[59111],10 Orange Street London United Kingdom WC2H 7DQ
27-38 BUSHELL CLOSE (FREEHOLD) LTD,17179841,active,ltd,,,2026-04-24,,2026-04-24,[98000],38 Bushell Close London England SW2 3LL
WORLD WIDE SERVICE LEGAL LTD,17179842,active,ltd,,,2026-04-24,,2026-04-24,[70229, 78109, 82990, 85600],167 - 169 Great Portland Street London England W1W 5PF
AXIOMORDO LTD,17179868,active,ltd,,,2026-04-24,,2026-04-24,[70229, 74909],128 City Road London United Kingdom EC1V 2NX
CEERAA’S LTD,17179938,active,ltd,,,2026-04-24,,2026-04-24,[47910],71-75 Shelton Street London United Kingdom WC2H 9JQ
XEROPHYTE ARTS LTD,17179918,active,ltd,,,2026-04-24,,2026-04-24,[32990, 46900, 62011],71-75 Shelton Street London United Kingdom WC2H 9JQ
CAPITAL GAINS CONSULTING LIMITED,17180065,active,ltd,,,2026-04-24,,2026-04-24,[70229, 74909],19 Golders Green Crescent London United Kingdom NW11 8LA
JUICE E KHAAS LTD,17180074,active,ltd,,,2026-04-24,,2026-04-24,[10320],20 Wenlock Road London England N1 7GU
GOVENDLY LTD,17180136,active,ltd,,,2026-04-24,,2026-04-24,[47990],167-169 Great Portland Street London United Kingdom W1W 5PF
MORELEADZ LTD,17180336,active,ltd,,,2026-04-25,,2026-04-25,[70210],International House London England WC1X 9LP
REX CART LTD,17180409,active,ltd,,,2026-04-25,,2026-04-25,[47910],Flat 6 Leith House London England N7 0QN
QUORUM CLINICAL LTD,17180559,active,ltd,,,2026-04-25,,2026-04-25,[86101],71-75 Shelton Street London United Kingdom WC2H 9JQ
MS MEAT SUPPLIERS LTD,17180553,active,ltd,,,2026-04-25,,2026-04-25,[46320],71-75 Shelton Street London United Kingdom WC2H 9JQ
JUSTEA LABS LTD,17180850,active,ltd,,,2026-04-26,,2026-04-26,[46370, 47910],Flat 706 Loder House 2 Anderson Road London England SE3 9GX
NETTORII LTD,17180882,active,ltd,,,2026-04-26,,2026-04-26,[62020],66 Paul Street London United Kingdom EC2A 4NA
RICHY CONSTRUCTION COMPANY LTD,17180883,active,ltd,,,2026-04-26,,2026-04-26,[41201, 41202],15 Scotia Road London United Kingdom SW2 2UF
LURA LABS LTD,17180996,active,ltd,,,2026-04-26,,2026-04-26,[62012],167-169 Great Portland Street London England W1W 5PF
WAZKU LTD,17181053,active,ltd,,,2026-04-26,,2026-04-26,[49320],10 Arthur Road London United Kingdom E6 6EF
JAMGO LABS LTD,17181144,active,ltd,,,2026-04-27,,2026-04-27,[58290, 62012],4th Floor, Silverstream House London England W1T 6EB
POLARIS PI LTD,17181139,active,ltd,,,2026-04-27,,2026-04-27,[70229, 82990],128 City Road London United Kingdom EC1V 2NX
MKF PLUMBING LIMITED,17181201,active,ltd,,,2026-04-27,,2026-04-27,[43220],Flat 17 Dent House London England SE17 1TT
TRANSITO TRAVELS LIMITED,17181223,active,ltd,,,2026-04-27,,2026-04-27,[62012],Flat 1-12 & L 55 Lancaster Gate London England W2 3NA
PILLAAR LTD,17181264,active,ltd,,,2026-04-27,,2026-04-27,[62090, 63120, 96030],167-169 Great Portland Street London England W1W 5PF
WIGGLY TAILS LTD,17181306,active,ltd,,,2026-04-27,,2026-04-27,[96090],124 Palmerston Road London England N22 8RD
NATIONAL WAQF SERVICES LIMITED,17181307,active,ltd,,,2026-04-27,,2026-04-27,[70229],63 Woodgrange Road London England E7 0EL
LIFESTONE HOUSING LIMITED,17181297,active,ltd,,,2026-04-27,,2026-04-27,[99999],30 Finsbury Circus London England EC2M 7DT
CAN COMMERCE LTD,17181419,active,ltd,,,2026-04-27,,2026-04-27,[47910],71-75 Shelton Street London United Kingdom WC2H 9JQ
SERVODATA LTD,17181414,active,ltd,,,2026-04-27,,2026-04-27,[62012, 62020, 62090, 63110],124 City Road London United Kingdom EC1V 2NX
MOJI TECHNOLOGIES LTD,17181491,active,ltd,,,2026-04-27,,2026-04-27,[62012, 62020, 62090, 63120],66 Paul Street London United Kingdom EC2A 4NA
FRANJA LTD,17181482,active,ltd,,,2026-04-27,,2026-04-27,[64209],71-75 Shelton Street London United Kingdom WC2H 9JQ
SAMTD LTD,17181484,active,ltd,,,2026-04-27,,2026-04-27,[69202],66 Paul Street London United Kingdom EC2A 4NA
WEBIXA LTD,17181486,active,ltd,,,2026-04-27,,2026-04-27,[62090, 82990],20 Wenlock Road London England N1 7GU
MAROON DIGITAL LTD,17173623,active,ltd,,,2026-04-22,,2026-04-22,[58290, 62012, 62020, 62090],Suite 10764 5 Brayford Square London United Kingdom E1 0SG
LENDEN VENTURES LTD,17173640,active,ltd,,,2026-04-22,,2026-04-22,[47910],38 Bromley Common Bromley Kent United Kingdom BR2 9PD
UMAYR ENTERPRISE LIMITED,17173683,active,ltd,,,2026-04-22,,2026-04-22,[47910],Flat 201 Pitt House 26 Barnsley Street London England E1 5GF
INDUCTA LTD,17173681,active,ltd,,,2026-04-22,,2026-04-22,[64209, 70100],71-75 Shelton Street London United Kingdom WC2H 9JQ
STRUCTURE.LDN LTD,17173682,active,ltd,,,2026-04-22,,2026-04-22,[56301],36 8 Queensbridge Road London United Kingdom E2 8NR
DESIGNER SIGNATURES LTD,17173210,active,ltd,,,2026-04-22,,2026-04-22,[62012],Office 18281 182-184 High Street North London United Kingdom E6 2JA
IR CLEANING SOLUTIONS LTD,17173300,active,ltd,,,2026-04-22,,2026-04-22,[81210],Flat 76 Barret House London England SW9 0UN
NEW DIRECTIONS PSYCHOLOGY LTD,17173303,active,ltd,,,2026-04-22,,2026-04-22,[70229, 72200, 86900],4th Floor Office London England W1B 4HB
B&B FORK AND FLAMES LIMITED,17173235,active,ltd,,,2026-04-22,,2026-04-22,[56102],Suite 4, 34a Waterloo Road London United Kingdom NW2 7UH
DREAMS MIRRORS LTD,17173216,active,ltd,,,2026-04-22,,2026-04-22,[46900, 47710, 47910],71-75 Shelton Street London United Kingdom WC2H 9JQ
FARHANGI HOLDINGS LTD,17173223,active,ltd,,,2026-04-22,,2026-04-22,[47910, 47990, 73110],2nd Floor College House Ruislip, United Kingdom HA4 7AE
ONE WORLD AI LIMITED,17173227,active,ltd,,,2026-04-22,,2026-04-22,[62012, 63110, 63120, 66300],71-75 Shelton Street London United Kingdom WC2H 9JQ
STONEBARK LANDSCAPING LTD,17173331,active,ltd,,,2026-04-22,,2026-04-22,[81300],10-16 Tiller Road 14/2e Docklands Business Centre London United Kingdom E14 8PX
MR REBUILDS LTD,17173318,active,ltd,,,2026-04-22,,2026-04-22,[45200],Ztk Tax Advisory Suite 1, Ideas House London United Kingdom E18 1BY
OSBOURNE WALLACE CONSULTANCY LTD,17173316,active,ltd,,,2026-04-22,,2026-04-22,[62020, 70229],10 Boyd Way London England SE3 9SD
DIKANSKA LTD,17173337,active,ltd,,,2026-04-22,,2026-04-22,[47910, 47990],71-75 Shelton Street London United Kingdom WC2H 9JQ
THAVAA SSA MM LIMITED,17173338,active,ltd,,,2026-04-22,,2026-04-22,[68100, 68209, 68320],61 Crossmead London United Kingdom SE9 3AA
GXM ART GIFT LIMITED,17173345,active,ltd,,,2026-04-22,,2026-04-22,[46160, 46190, 46420, 47722],85 Great Portland Street London England W1W 7LT
THE TRUSTED WRITERS LTD,17173393,active,ltd,,,2026-04-22,,2026-04-22,[47990],124-128 City Road London England EC1V 2NX
ENGAGE PADEL LTD,17173403,active,ltd,,,2026-04-22,,2026-04-22,[73110, 85510, 93199],1 Antigua Mews London England E13 0BF
LONDON PROPCO 11 LIMITED,17173660,active,ltd,,,2026-04-22,,2026-04-22,[68209],Wsm, Connect House 133-137 Alexandra Road London United Kingdom SW19 7JY
NEW WORLD INC LIMITED,17174250,active,ltd,,,2026-04-22,,2026-04-22,[62020],71-75 Shelton Street London United Kingdom WC2H 9JQ
MEL & CO. GLASS STUDIO LTD,17174264,active,ltd,,,2026-04-22,,2026-04-22,[90040],66 Paul Street London United Kingdom EC2A 4NA
CHERITON COURT LIMITED,17174385,active,ltd,,,2026-04-22,,2026-04-22,[68100],20 Wenlock Road London England N1 7GU
LONDON MOVE & BUILD LTD,17174401,active,ltd,,,2026-04-22,,2026-04-22,[43320, 49410, 49420],5 Millbrook Road London England N9 7HU
BSKOTTAH CONSTRUCTION LTD,17174450,active,ltd,,,2026-04-22,,2026-04-22,[41202],Flat 3 Manji Court London United Kingdom NW2 2NG
PODS FUTURE LIMITED,17174455,active,ltd,,,2026-04-22,,2026-04-22,[62020, 70229],66 Paul Street London England EC2A 4NA
HJW STUDIO LTD,17174549,active,ltd,,,2026-04-22,,2026-04-22,[74100],Flat 17 Nacovia House London England SW6 2GW
ZORAY FOODS LTD,17174528,active,ltd,,,2026-04-22,,2026-04-22,[56102],500 White Hart Lane London England N17 7NA
BRILLIANT CRYSTAL SVS LTD,17174544,active,ltd,,,2026-04-22,,2026-04-22,[96090],128 City Road London United Kingdom EC1V 2NX
GID PROPERTIES LTD,17174539,active,ltd,,,2026-04-22,,2026-04-22,[68310],128 City Road London United Kingdom EC1V 2NX
MAS APPS LTD,17174821,active,ltd,,,2026-04-22,,2026-04-22,[62012, 62090],128 City Road London United Kingdom EC1V 2NX
TRIPLE A LUX HOMES LTD,17174807,active,ltd,,,2026-04-22,,2026-04-22,[68209],First Floor 10 Hampden Square London United Kingdom N14 5JR
TOMI STUDIOS LTD,17174792,active,ltd,,,2026-04-22,,2026-04-22,[59200, 90030],91 Poplar Grove London England N11 3NJ
FYTIQUE LTD,17174804,active,ltd,,,2026-04-22,,2026-04-22,[47910],128 City Road London United Kingdom EC1V 2NX
CHARY & CO LTD,17174897,active,ltd,,,2026-04-22,,2026-04-22,[70210, 70229],66 Paul Street London United Kingdom EC2A 4NA
A PRODUCT STUDIO LIMITED,17156302,active,ltd,,,2026-04-14,,2026-04-14,[62020],167-169 Great Portland Street, 5th Floor London England W1W 5PF
HOMELIX LTD,SC887273,active,ltd,,,2026-04-22,,2026-04-22,[47910],Unit E Glasgow United Kingdom G31 4QG
JOTYI PAINT & TILE SOLUTIONS LTD,17175069,active,ltd,,,2026-04-22,,2026-04-22,[41202, 43330, 43341],21 Ellesmere Road London England NW10 1LJ
STARLIGHT TECH LIMITED,17175089,active,ltd,,,2026-04-22,,2026-04-22,[62012],71-75 Shelton Street London United Kingdom WC2H 9JQ
LINKNOSIS LTD,17175100,active,ltd,,,2026-04-22,,2026-04-22,[86900],251 Gray's Inn Road London England WC1X 8QT
GADGEVIA LTD,17175217,active,ltd,,,2026-04-22,,2026-04-22,[47910],128 City Road London United Kingdom EC1V 2NX
NY FIRST BRICKS LIMITED,17175243,active,ltd,,,2026-04-22,,2026-04-22,[41201, 41202],58 Albert Road London England E10 6NX
DEAR US LONDON LTD,17175235,active,ltd,,,2026-04-22,,2026-04-22,[47890],Flat 9 Bazalgette House London England NW10 3RE
BF LABS LTD,17175234,active,ltd,,,2026-04-22,,2026-04-22,[62012, 62020, 63110],65 London Wall London England EC2M 5TU
HEIS FISH BAR LTD,17175254,active,ltd,,,2026-04-22,,2026-04-22,[56103],128 London Road Sevenoaks England TN13 2UT
WILSON CARR LIMITED,17175269,active,ltd,,,2026-04-22,,2026-04-22,[64921],6 Grove Mews London England W6 7HS
VASCILA CARE LIMITED,17175359,active,ltd,,,2026-04-22,,2026-04-22,[47910],23 Sibthorpe Road London England SE12 9DN
C.W TOOTING LTD,17175357,active,ltd,,,2026-04-22,,2026-04-22,[46310],304 Norbury Avenue London England SW16 3RL
RFX COATINGS LTD,17175430,active,ltd,,,2026-04-23,,2026-04-23,[45112, 45200, 45320],14 Great Cambridge Road London England N18 1HX
TRIANOVA CAPITAL LTD,17175463,active,ltd,,,2026-04-23,,2026-04-23,[68209],71-75 Shelton Street London United Kingdom WC2H 9JQ
AUREX BLINDS LTD,17175460,active,ltd,,,2026-04-23,,2026-04-23,[47990],66 Paul Street London England EC2A 4NA
HANDFORD INNOVATIONS LTD,17175472,active,ltd,,,2026-04-23,,2026-04-23,[72190],71-75 Shelton Street London United Kingdom WC2H 9JQ
STARK METRIC GLOBAL LTD,17148952,active,ltd,,,2026-04-10,,2026-04-10,[47910],Office 11094 Office 11094, 182-184 High Street North London United Kingdom E6 2JA
ZEENO'S PIZZA & CHICKEN LTD,17175487,active,ltd,,,2026-04-23,,2026-04-23,[56103],128 City Road London United Kingdom EC1V 2NX
DESSERT DOLCE LTD,17175483,active,ltd,,,2026-04-23,,2026-04-23,[56103],128 City Road London United Kingdom EC1V 2NX
NFG PAYMENTS LIMITED,17175544,active,ltd,,,2026-04-23,,2026-04-23,[82990],167-169 Great Portland Street, 5th Floor London England W1W 5PF
NG TA LTD,17175554,active,ltd,,,2026-04-23,,2026-04-23,[56103],10 Northfield Avenue London England W13 9RJ
TALON ROOFING LIMITED,17175623,active,ltd,,,2026-04-23,,2026-04-23,[43910],20 Wenlock Road London England N1 7GU
MEGA MAC WORKS LTD,17175661,active,ltd,,,2026-04-23,,2026-04-23,[46439, 46510, 46520],71-75 Shelton Street London United Kingdom WC2H 9JQ
DRIVE MOVIE LTD,17175657,active,ltd,,,2026-04-23,,2026-04-23,[59111],1 New Acres Lane London England SW18 1HT
SPINEAK LTD,17175674,active,ltd,,,2026-04-23,,2026-04-23,[86101, 86220],128 City Road London United Kingdom EC1V 2NX
AMORI & FRIENDS LTD,17175680,active,ltd,,,2026-04-23,,2026-04-23,[70229, 77400],124 City Road London England EC1V 2NX
RAPTOR LIMITED,17175710,active,ltd,,,2026-04-23,,2026-04-23,[68320],Aston House London England N3 1LF
LEY MECHANICAL SERVICES LTD,17175706,active,ltd,,,2026-04-23,,2026-04-23,[43220],74 Boleyn Road London England E7 9QE
KCLASS LABS LTD,17175728,active,ltd,,,2026-04-23,,2026-04-23,[20420],International House London United Kingdom W1K 5QF
CHICAGO DAYLIGHT LTD,17175727,active,ltd,,,2026-04-23,,2026-04-23,[47910, 59200, 73110, 90030],71-75 Shelton Street London United Kingdom WC2H 9JQ
SOUTH CROWN CAPITAL LTD,17175726,active,ltd,,,2026-04-23,,2026-04-23,[70229, 78300],104a Trafalgar Road London United Kingdom SE10 9UW
EXCELSIS CONSULTANCY COMPANY LTD,17175753,active,ltd,,,2026-04-23,,2026-04-23,[70229],128 City Road London United Kingdom EC1V 2NX
ISLAND WORK LIMITED,17175858,active,ltd,,,2026-04-23,,2026-04-23,[96090],72 Halliwick Road London England N10 1AB
WESTCOUNTRY PARK LTD,17175859,active,ltd,,,2026-04-23,,2026-04-23,[45190, 55209, 55300],Jade House London United Kingdom NW10 7JJ
GRANDKEY ESTATES LTD,17175888,active,ltd,,,2026-04-23,,2026-04-23,[68100, 68209],Flat 1 Manesty Court London England N14 4LP
1ST INTERNET SYSTEMS LIMITED,17175990,active,ltd,,,2026-04-23,,2026-04-23,[96090],72 Halliwick Road London England N10 1AB
THE MAGICSIGHT LTD,17156377,active,ltd,,,2026-04-14,,2026-04-14,[84110, 87200, 96090],71-75 Shelton Street London United Kingdom WC2H 9JQ
WHITMORE LONDON LTD,17176140,active,ltd,,,2026-04-23,,2026-04-23,[47820],66 Paul Street London United Kingdom EC2A 4NA
MONMOS LTD,17176135,active,ltd,,,2026-04-23,,2026-04-23,[47290],66 Paul Street London United Kingdom EC2A 4NA
TERESHCHENKO LTD,17176264,active,ltd,,,2026-04-23,,2026-04-23,[47640, 47910],124 City Road London United Kingdom EC1V 2NX
NEXTSIMO LTD,17176270,active,ltd,,,2026-04-23,,2026-04-23,[62012],5 Brayford Square London United Kingdom E1 0SG
COMPASSION SYSTEMS LTD,17176515,active,ltd,,,2026-04-23,,2026-04-23,[62012, 71129, 72190],Flat 1, 14 Westville Road London United Kingdom W12 9BD
THEFUNFACTORYLDN LTD,17176528,active,ltd,,,2026-04-23,,2026-04-23,[93290],Flat 22, 90 Queens Road London United Kingdom SE15 2QS
TAMIDROP LTD,17176722,active,ltd,,,2026-04-23,,2026-04-23,[46180, 46190],71-75 Shelton Street London United Kingdom WC2H 9JQ
RUSS CAB LTD,17176716,active,ltd,,,2026-04-23,,2026-04-23,[49320],61 Bonchurch Road London United Kingdom W10 5NN
MERIDIAN LABS TECHNOLOGIES LTD,17176728,active,ltd,,,2026-04-23,,2026-04-23,[62012],64 Rushmore Road London England E5 0EX
EVIE CARE LTD,17176859,active,ltd,,,2026-04-23,,2026-04-23,[87300],71-75 Shelton Street London United Kingdom WC2H 9JQ
AODAEMON LTD,17176945,active,ltd,,,2026-04-23,,2026-04-23,[47910],Office 1138 60 Tottenham Court Road London United Kingdom W1T 2EW
KOMERZ BRANDS LIMITED,17176946,active,ltd,,,2026-04-23,,2026-04-23,[64209],Warwick House London United Kingdom SW1W 0PP
SYDENHAM TATTOOS LIMITED,17177166,active,ltd,,,2026-04-23,,2026-04-23,[96090],311 Sydenham Road London England SE26 5EW
THALASSA HERITAGE LTD,17177178,active,ltd,,,2026-04-23,,2026-04-23,[64301, 70100, 77341, 93290],49 West Ham Lane London England E15 4PH
PYBUS HOLDINGS LTD,17177188,active,ltd,,,2026-04-23,,2026-04-23,[70229],5, 5 Brayford Square London United Kingdom E1 0SG
BELL ORIGIN LTD,17177270,active,ltd,,,2026-04-23,,2026-04-23,[46190, 59111, 70229, 74909],11 Queen's Gate London England SW7 5EL
ROWALD AERO SERVICE LTD,17177358,active,ltd,,,2026-04-23,,2026-04-23,[33160],167-169 Great Portland Street, 5th Floor London England W1W 5PF
IMMOBEN INVESTMENT UK LIMITED,17177347,active,ltd,,,2026-04-23,,2026-04-23,[68100, 68209],167-169 Great Portland Street London England W1W 5PF
TIPSY ISLAND LTD,17177339,active,ltd,,,2026-04-23,,2026-04-23,[47250],5 Brayford Square London United Kingdom E1 0SG
KINGFISHER ADVISORY SERVICES LIMITED,17177439,active,ltd,,,2026-04-23,,2026-04-23,[70229],20 Wenlock Road London England N1 7GU
TONIC DIGITAL MARKETING LTD,17177497,active,ltd,,,2026-04-23,,2026-04-23,[73110],71-75 Shelton Street London United Kingdom WC2H 9JQ
A.J.SAXTON HOLDINGS LIMITED,17177628,active,ltd,,,2026-04-23,,2026-04-23,[64209],45 Sylvan Road London England SE19 2RU
KUDOS AIN LTD,17177713,active,ltd,,,2026-04-23,,2026-04-23,[62090, 66190, 85600, 94990],Office 18650 182-184 High Street North London England E6 2JA
SOLVA TRADE SERVICES LTD,17177802,active,ltd,,,2026-04-23,,2026-04-23,[81100, 81210, 81222, 81300],2a Kings Grove London England SE15 2NB
H BRADFORD PROPCO LIMITED,17177867,active,ltd,,,2026-04-24,,2026-04-24,[55100],Birchin Court London United Kingdom EC3V 9DJ
MERTHYR TYDFIL BIC LTD,17177972,active,ltd,,,2026-04-24,,2026-04-24,[68209],Unit 26 8 Hornsey Street London England N7 8EG
CHASING A DREAM FILM PRODUCTION LIMITED,17177977,active,ltd,,,2026-04-24,,2026-04-24,[59111, 59112, 59113, 59120],2e Cricklewood Broadway London England NW2 3HD
ANDRAGINER LTD,17178191,active,ltd,,,2026-04-24,,2026-04-24,[71111, 71112, 71129],167-169 Great Portland Street London United Kingdom W1W 5PF
BLACK PUNCH KO LTD,17178190,active,ltd,,,2026-04-24,,2026-04-24,[46342, 47250],66 Paul Street London England EC2A 4NA
PNV LOGISTICS LTD,17178169,active,ltd,,,2026-04-24,,2026-04-24,[52290],167-169 Great Portland Street London England W1W 5PF
MTECH SERVICES LTD,17178189,active,ltd,,,2026-04-24,,2026-04-24,[62020, 62090],27 Old Gloucester Street London United Kingdom WC1N 3AX
BEYOND WEEKENDS LTD,17178176,active,ltd,,,2026-04-24,,2026-04-24,[79120],24, 49, Sentinel Building Liberty Bridge Road London United Kingdom E15 1GB
ZAYN KAYA LIMITED,17178181,active,ltd,,,2026-04-24,,2026-04-24,[56102],28 Veryan Court Park Road London United Kingdom N8 8JR
IVORY & CO HYGIENIST LTD,17178170,active,ltd,,,2026-04-24,,2026-04-24,[86900],83 Wordsworth Road Hampton England TW12 1EP
AB TRANDING LIMITED,17178185,active,ltd,,,2026-04-24,,2026-04-24,[47190, 47910],Flat 25 Coral House London England NW10 7FH
YAVUZ STORE LTD,17178382,active,ltd,,,2026-04-24,,2026-04-24,[47910],Office 18540 182-184 High Street North London United Kingdom E6 2JA
INSER GLOBAL LTD,17178391,active,ltd,,,2026-04-24,,2026-04-24,[47910],Office 18537 182-184 High Street North London United Kingdom E6 2JA
KETTERING PROPERTIES (NO1) LIMITED,17178394,active,ltd,,,2026-04-24,,2026-04-24,[74990],35-37 Brent Street London England NW4 2EF
HEARTH HOUSE (SOUTHAMPTON) LIMITED,17178464,active,ltd,,,2026-04-24,,2026-04-24,[55900],12 Gloucester Gate London England NW1 4HG
CY SHIPPING UK LTD,17178461,active,ltd,,,2026-04-24,,2026-04-24,[52241],13 Approach Road London England SW20 8BA
NORTIAVE LTD,17178548,active,ltd,,,2026-04-24,,2026-04-24,[47910],Suite 10775 5 Brayford Square London United Kingdom E1 0SG
RESET1ST LTD,17178558,active,ltd,,,2026-04-24,,2026-04-24,[47910, 96020],128 City Road London United Kingdom EC1V 2NX
BISTRO SERVICES SOUTHPORT LTD,17178559,active,ltd,,,2026-04-24,,2026-04-24,[56101],20 Wenlock Road London England N1 7GU
HORIZON GROWTH INVESTMENTS LTD,17178626,active,ltd,,,2026-04-24,,2026-04-24,[68100, 68209],10 Balfe Street London England N1 9EG
JBD CARE LIMITED,17178642,active,ltd,,,2026-04-24,,2026-04-24,[41100],8th Floor 167 Fleet Street London United Kingdom EC4A 2EA
122 SERVICES LTD,17178684,active,ltd,,,2026-04-24,,2026-04-24,[74902],5 Brayford Square London England E1 0SG
GIRLS WHO RUN THE WORLD LTD,17178688,active,ltd,,,2026-04-24,,2026-04-24,[93199],Flat C, 25 Gordon Road London United Kingdom SE15 2AF
LONDON SHANGHAI TRADING LIMITED,17178692,active,ltd,,,2026-04-24,,2026-04-24,[46660],30 Lightfoot Road London England N8 7JN
HELMPOINT LTD,17178668,active,ltd,,,2026-04-24,,2026-04-24,[62030],Flat 6, Flat 6, Wavertree Court 66b The Broadway London United Kingdom NW7 3TE
THE EDITION PLATFORM GROUP LTD,17178820,active,ltd,,,2026-04-24,,2026-04-24,[68100],3101 1 Casson Square London United Kingdom SE1 7RX
EZEL27 LTD,17178947,active,ltd,,,2026-04-24,,2026-04-24,[56101],84-86 High Road London United Kingdom E18 2NA
BQUIZ LTD,17179002,active,ltd,,,2026-04-24,,2026-04-24,[62090, 82990],Office 18566 182-184 High Street North London United Kingdom E6 2JA
TEKORA INFOTECH PRIVATE LIMITED,17179107,active,ltd,,,2026-04-24,,2026-04-24,[62090],4-6 Greatorex Street London England E1 5NF
REACHER LTD,17179137,active,ltd,,,2026-04-24,,2026-04-24,[62012],71-75 Shelton Street London United Kingdom WC2H 9JQ
SFK EDUCATION LIMITED,17179223,active,ltd,,,2026-04-24,,2026-04-24,[85600],124-128 City Road London England EC1V 2NX
HEALTHCARE SCIENTIFIC CONSULTING AND PHARMACEUTICAL LTD,17179303,active,ltd,,,2026-04-24,,2026-04-24,[46460, 62090, 70210, 85590],41 Devonshire Street London United Kingdom W1G 7AJ
UPPER THAMES CONSULTANCY LTD,17179307,active,ltd,,,2026-04-24,,2026-04-24,[70229],20 Wenlock Road London England N1 7GU
NEZBOK ESTATES LTD,17179287,active,ltd,,,2026-04-24,,2026-04-24,[68100],London Accounting Group Ltd London United Kingdom E5 9NA
VEROMAX LTD,17179432,active,ltd,,,2026-04-24,,2026-04-24,[58190],Flat 3, Jacobs House London United Kingdom E13 9LW
MKA CAPITAL LTD,17179428,active,ltd,,,2026-04-24,,2026-04-24,[68100, 68209],71-75 Shelton Street London United Kingdom WC2H 9JQ
CANOPY HOLDCO 1 LIMITED,17179512,active,ltd,,,2026-04-24,,2026-04-24,[64209],1 Grafton Street London United Kingdom W1S 4FE
CRESCO FOODS UK LTD,17179505,active,ltd,,,2026-04-24,,2026-04-24,[47290, 96090],224a Church Lane London England NW9 8SN
KENG SHISHA LTD,17179502,active,ltd,,,2026-04-24,,2026-04-24,[47190],261a Chingford Mount Road London England E4 8LP
THE BERNARD COLLECTION LTD,17179518,active,ltd,,,2026-04-24,,2026-04-24,[68209],20 Wenlock Road London England N1 7GU
CLIFFNORTH ESTATES LIMITED,17155325,active,ltd,,,2026-04-13,,2026-04-13,[68100],9 Woodville Road London England NW11 9TP
A26A LTD,17179545,active,ltd,,,2026-04-24,,2026-04-24,[56103],500 White Hart Lane London England N17 7NA
CLEANSPACE COLLECTIVE LTD,17179647,active,ltd,,,2026-04-24,,2026-04-24,[81222],167-169 Great Portland Street London England W1W 5PF
ATHLONIAN LTD,17179644,active,ltd,,,2026-04-24,,2026-04-24,[47640],71-75 Shelton Street London United Kingdom WC2H 9JQ
BIBI COLLECTIVE LTD,17179626,active,ltd,,,2026-04-24,,2026-04-24,[73110, 82301, 82990],128 City Road London United Kingdom EC1V 2NX
TET PAUL NATURE TRAIL LTD,17179825,active,ltd,,,2026-04-24,,2026-04-24,[47910, 49390, 79120, 79901],Suite 65 Churchill House London United Kingdom NW4 4DJ
COYOTE SYSTEM LTD,17179823,active,ltd,,,2026-04-24,,2026-04-24,[58290],23 Copenhagen Street London England N1 0JB
NAVALUX LIMITED,17179830,active,ltd,,,2026-04-24,,2026-04-24,[68209],43 Westbury Road London England E7 8BU
CRATE LOGIC LTD,17165542,active,ltd,,,2026-04-17,,2026-04-17,[62012],169 Great Portland Street London England W1W 5PF
LMBBA HOLDING LTD,17179811,active,ltd,,,2026-04-24,,2026-04-24,[64209],23 Marylands Road London England W9 2DU
MKG LABS LTD,17179813,active,ltd,,,2026-04-24,,2026-04-24,[62090, 70229, 82990, 85590],71-75 Shelton Street London United Kingdom WC2H 9JQ
HYVX LIMITED,17179895,active,ltd,,,2026-04-24,,2026-04-24,[62012],Office 18091 182-184 High Street North East Ham United Kingdom E6 2JA
RASAMZ FINANCE LTD,17179943,active,ltd,,,2026-04-24,,2026-04-24,[64922],26 Buxton Road London United Kingdom E15 1QU
LIMO PRESTIGE LTD,17139037,active,ltd,,,2026-04-07,,2026-04-07,[77110],167-169 Great Portland Street London England W1W 5PF
SONDER BEAUTY AND MINDFULNESS LIMITED,17180052,active,ltd,,,2026-04-24,,2026-04-24,[96020],29 Dartmouth Road London England SE23 3HN
R J DEAMER PRODUCTIONS LTD,17180025,active,ltd,,,2026-04-24,,2026-04-24,[59200],71-75 Shelton Street London United Kingdom WC2H 9JQ
ATLANTIQUES FINE ART GALLERY LIMITED,17180058,active,ltd,,,2026-04-24,,2026-04-24,[47789, 47791, 47910],11 Beaumont Road London England W4 5AL
OTEO LTD,17180167,active,ltd,,,2026-04-24,,2026-04-24,[62012, 62020, 63110, 86900],31-33 High Holborn London England WC1V 6AX
ZORO COMMERCE LTD,17180194,active,ltd,,,2026-04-24,,2026-04-24,[47910],480 Larkshall Road London England E4 9HH
SPECIALIST EVENT MEDICAL LIMITED,17180262,active,ltd,,,2026-04-24,,2026-04-24,[86220],11 Zenoria Street London England SE22 8HP
DI MATTEO PROPERTY LTD,17180370,active,ltd,,,2026-04-25,,2026-04-25,[68209],Apartment 605 East Block Forum Magnum Square London England SE1 7GN
PATHIBHARA BUILDER LTD,17180452,active,ltd,,,2026-04-25,,2026-04-25,[41202, 82990],16 Alabama Street London England SE18 2SJ
LEDIO LABS LTD,17180613,active,ltd,,,2026-04-25,,2026-04-25,[58290],66 Paul Street London United Kingdom EC2A 4NA
CREATRBASE LTD,17180775,active,ltd,,,2026-04-26,,2026-04-26,[18203, 58290, 62012],66 Paul Street London United Kingdom EC2A 4NA
TACCONE PRODUCTIONS LTD,17180783,active,ltd,,,2026-04-26,,2026-04-26,[90010],158 Rosendale Road London United Kingdom SE21 8LG
LOGISTICARL SYSTEMS LTD,17180810,active,ltd,,,2026-04-26,,2026-04-26,[58290],66 Paul Street London United Kingdom EC2A 4NA
CMZ ESTATES LTD,17180808,active,ltd,,,2026-04-26,,2026-04-26,[68100, 68209],72 The Drive London United Kingdom NW11 9UL
LONDON STRUCTURAL INSPECTIONS LTD,17180945,active,ltd,,,2026-04-26,,2026-04-26,[71122],5 Archdale Road London United Kingdom SE22 9HL
HARRISON COLE LTD,17180939,active,ltd,,,2026-04-26,,2026-04-26,[78109, 78200],71-75 Shelton Street London United Kingdom WC2H 9JQ
MAMALINA LIMITED,17180954,active,ltd,,,2026-04-26,,2026-04-26,[56103],Flat 27 Cruickshank House London England NW8 6JY
COFFEEHOLDING LTD,17180938,active,ltd,,,2026-04-26,,2026-04-26,[64209],248 Brockley Road London England SE4 2SF
KHOO HEALTH LTD,17180975,active,ltd,,,2026-04-26,,2026-04-26,[86900],167-169 Great Portland Street London England W1W 5PF
FLEXY LOGISTICS LIMITED,17181110,active,ltd,,,2026-04-27,,2026-04-27,[49410],Suite Ra01 195-197 Wood Street London United Kingdom E17 3NU
GLOBAL THERANOSTICS LTD,17181195,active,ltd,,,2026-04-27,,2026-04-27,[74909],3rd Floor, 86-90 Paul Street London United Kingdom EC2A 4NE
TRAME SOFTWARE LTD,17181192,active,ltd,,,2026-04-27,,2026-04-27,[62012],66 Paul Street London England EC2A 4NA
PRIME SIGNAL GROUP LIMITED,17181178,active,ltd,,,2026-04-27,,2026-04-27,[82990],167-169 Great Portland Street London England W1W 5PF
EDO HOUSING CORPORATION LTD,17181310,active,ltd,,,2026-04-27,,2026-04-27,[68100, 68209, 68320],A, 2 Raleigh Gardens London United Kingdom SW2 1AB
KF REAL ESTATE INVESTMENT LTD,17181427,active,ltd,,,2026-04-27,,2026-04-27,[68100],257 Balham High Road London United Kingdom SW17 7BD
LAMZE SOLUTIONS LTD,17181428,active,ltd,,,2026-04-27,,2026-04-27,[38320, 62020, 85590],27 Old Gloucester Street London United Kingdom WC1N 3AX
JETPROXY LTD,17181429,active,ltd,,,2026-04-27,,2026-04-27,[62090, 63110],71-75 Shelton Street London United Kingdom WC2H 9JQ
DERRYSIDE CONSULTING LTD,17173741,active,ltd,,,2026-04-22,,2026-04-22,[70229],66 Paul Street London United Kingdom EC2A 4NA
220 HAMPSTEAD LTD,17173729,active,ltd,,,2026-04-22,,2026-04-22,[68100],72 Cranbourne Gardens London England NW11 0JD
INFINITE MATH RESEARCH LTD,17173752,active,ltd,,,2026-04-22,,2026-04-22,[72200],2nd Floor College House Ruislip, United Kingdom HA4 7AE
ELEVATE LEADS LTD,17173755,active,ltd,,,2026-04-22,,2026-04-22,[73120],71-75 Shelton Street London United Kingdom WC2H 9JQ
HAHGRP LTD,17173201,active,ltd,,,2026-04-22,,2026-04-22,[42130, 42990],20 Hartwell Drive London England E4 9LY
EA RAD LTD,17173258,active,ltd,,,2026-04-22,,2026-04-22,[86220],Suite 10761 5 Brayford Square London United Kingdom E1 0SG
JBELIVE LTD,17173237,active,ltd,,,2026-04-22,,2026-04-22,[46420, 47710],20 Wenlock Road London England N1 7GU
OLIVIA COCKER LIMITED,17173241,active,ltd,,,2026-04-22,,2026-04-22,[74100],25 Newport Road London England E10 6PH
GLASK LTD,17173246,active,ltd,,,2026-04-22,,2026-04-22,[68100],94 Stamford Hill London England N16 6XS
EMAD ABDULSALAM HUSSEIN ABDULLAH & PARTNERS GENERAL TRADING LIMITED,17173267,active,ltd,,,2026-04-22,,2026-04-22,[47810],Office 2310re 182-184 High Street North London United Kingdom E6 2JA
MOTORCYCLE HEARSE LTD,17173384,active,ltd,,,2026-04-22,,2026-04-22,[96030],71-75 Shelton Street London United Kingdom WC2H 9JQ
LEGACY ASSET RESEARCH LTD,17173467,active,ltd,,,2026-04-22,,2026-04-22,[63990, 82990],71-75 Shelton Street London United Kingdom WC2H 9JQ
PADEL YARD GROUP LTD,17173473,active,ltd,,,2026-04-22,,2026-04-22,[99999],16-18 Woodford Road Forest Gate England E7 0HA
PIMLICO CONSULTING COMPANY LTD,17173468,active,ltd,,,2026-04-22,,2026-04-22,[70229],167-169 Great Portland Street London United Kingdom W1W 5PF
STRESS FREE SOLUTIONS LTD,17173462,active,ltd,,,2026-04-22,,2026-04-22,[41202],315 Markhouse Road London England E17 8EE
DUELSTART LTD,17173512,active,ltd,,,2026-04-22,,2026-04-22,[62012],Unit 3, Office A, 1st Floor London England EC3R 8EE
ECO CONSTRUCTION GROUP LTD,17173513,active,ltd,,,2026-04-22,,2026-04-22,[41100],Lower Ground Floor West London United Kingdom W1U 5EW
GRADNGO LTD,17173505,active,ltd,,,2026-04-22,,2026-04-22,[78109],20 Wenlock Road London England N1 7GU
ROUNDTABLE MARKETING ADVISORS LTD,17173692,active,ltd,,,2026-04-22,,2026-04-22,[73110],71-75 Shelton Street London United Kingdom WC2H 9JQ
HILLMARTON15 LTD,17173815,active,ltd,,,2026-04-22,,2026-04-22,[41100],89a Boleyn Road London England E7 9QF
EMMA HARPIN DESIGN LIMITED,17173814,active,ltd,,,2026-04-22,,2026-04-22,[74100],33 Greyhound Road London United Kingdom NW10 5QH
ARTEMISX LIMITED,17174303,active,ltd,,,2026-04-22,,2026-04-22,[64209],First Floor London United Kingdom EC4M 7RD
REBOUNDS ENTERTAINMENT LIMITED,17174367,active,ltd,,,2026-04-22,,2026-04-22,[93290],24 Garfield Road London England SW11 5PN
PRIMELET PROPERTY MANAGEMENT LIMITED,17174362,active,ltd,,,2026-04-22,,2026-04-22,[68310, 68320],43 Forest Street London England E7 0HP
ASCENDUM ADVISORY LTD,17174382,active,ltd,,,2026-04-22,,2026-04-22,[70229],66 Paul Street London United Kingdom EC2A 4NA
FUL2C DEALS LIMITED,17174361,active,ltd,,,2026-04-22,,2026-04-22,[47599, 47910],21a Braemar Road London United Kingdom E13 8EH
JM SUBMARINES UK (ARGYLL) LIMITED,17174471,active,ltd,,,2026-04-22,,2026-04-22,[64209],Suite 1, 7th Floor 50 Broadway London United Kingdom SW1H 0DB
LAND PROMOTERS GROUP HOLDINGS LTD,17174489,active,ltd,,,2026-04-22,,2026-04-22,[64209, 70100, 96090],20-22 Wenlock Road London England N1 7GU
SHEEKEY MASON SHAUN LTD,17174682,active,ltd,,,2026-04-22,,2026-04-22,[47910],56 Grosvenor St London United Kingdom W1K 3HZ
TCR SUPPLIES (NORTHAMPTON) LIMITED,17174749,active,ltd,,,2026-04-22,,2026-04-22,[45320],71-75 Shelton Street London United Kingdom WC2H 9JQ
OX RECOVERY LTD,17174748,active,ltd,,,2026-04-22,,2026-04-22,[45200, 49410, 52290],408 Middle Park Avenue London England SE9 5QH
GARRY LTD,17174755,active,ltd,,,2026-04-22,,2026-04-22,[68100, 68209, 68320],18 Elmfield Avenue London England N8 8QG
KODEFY LTD,17174840,active,ltd,,,2026-04-22,,2026-04-22,[62012, 62020],Suite Ra01 195-197 Wood Street London United Kingdom E17 3NU
PRISTINE MODS AND MAINTENANCE LTD,17174845,active,ltd,,,2026-04-22,,2026-04-22,[71129],66 Paul Street London United Kingdom EC2A 4NA
MILANTYS LTD,17174841,active,ltd,,,2026-04-22,,2026-04-22,[70229],128 City Road London United Kingdom EC1V 2NX
TEKYI LTD,17174975,active,ltd,,,2026-04-22,,2026-04-22,[62090, 63120, 82990],71-75 Shelton Street London United Kingdom WC2H 9JQ
ORVIA LIMITED,17174976,active,ltd,,,2026-04-22,,2026-04-22,[73110],71-75 Shelton Street London United Kingdom WC2H 9JQ
CLI SURF LTD,17174972,active,ltd,,,2026-04-22,,2026-04-22,[49390, 55209, 79909, 93199],Office 1134 60 Tottenham Court Road London United Kingdom W1T 2EW
THREAD AND TALE LTD,17174968,active,ltd,,,2026-04-22,,2026-04-22,[82110],26 Lytham Street London England SE17 2PN
ZORREL LTD,17175027,active,ltd,,,2026-04-22,,2026-04-22,[10890, 11070, 47910],71-75 Shelton Street London United Kingdom WC2H 9JQ
MEZ CRAFTS UK LTD.,17175040,active,ltd,,,2026-04-22,,2026-04-22,[46410, 47990],20 Wenlock Road London England N1 7GU
ANDIAIN PROPERTIES LTD,17175123,active,ltd,,,2026-04-22,,2026-04-22,[41100, 55100, 68209],128 City Road London United Kingdom EC1V 2NX
CERES INTELLIGENCE LTD,17175118,active,ltd,,,2026-04-22,,2026-04-22,[84220],Flat 402 Dulke House 12 Goodluck Hope Walk London England E14 0XF
JR BESPOKE INTERIORS LTD,17175164,active,ltd,,,2026-04-22,,2026-04-22,[43320, 43390, 68320, 81100],167-169 Great Portland Street London England W1W 5PF
WEAVERS FURNITURE LIMITED,17175159,active,ltd,,,2026-04-22,,2026-04-22,[47599],30 Trahorn Close London England E1 5EL
STOKE BUILDERS SERVICES LTD,17175177,active,ltd,,,2026-04-22,,2026-04-22,[43390],Flat 1 Theobalds Court London England N4 2XG
ODIX8 UK LTD,17175171,active,ltd,,,2026-04-22,,2026-04-22,[62012, 70229],71-75 Shelton Street London United Kingdom WC2H 9JQ
SHANZAY LTD,17175407,active,ltd,,,2026-04-22,,2026-04-22,[47910],207 Sherrard Road London United Kingdom E12 6UG
LATENT SEARCH PARTNERS LIMITED,17175529,active,ltd,,,2026-04-23,,2026-04-23,[78109],17 Pennine Parade Pennine Drive London United Kingdom NW2 1NT
UNSQUARED PARTNERS LTD,17175531,active,ltd,,,2026-04-23,,2026-04-23,[62090],128 City Road London United Kingdom EC1V 2NX
ICAME PHARMA LAB LIMITED,17175565,active,ltd,,,2026-04-23,,2026-04-23,[46460, 46510, 47110, 47749],128 City Road London United Kingdom EC1V 2NX
FL ATELIER LTD,17175584,active,ltd,,,2026-04-23,,2026-04-23,[43999],128 City Road London United Kingdom EC1V 2NX
SOVEREIGN SHELL NEURAL-KNIT LTD LTD,17175567,active,ltd,,,2026-04-23,,2026-04-23,[62011, 72190],66 Paul Street London United Kingdom EC2A 4NA
UKRF1 LIMITED,17175572,active,ltd,,,2026-04-23,,2026-04-23,[68209],10 Orange Street London United Kingdom WC2H 7DQ
FERRIDAY STEPHANIE AMANDA LTD,17175574,active,ltd,,,2026-04-23,,2026-04-23,[47910],20 Farringdon St London United Kingdom EC4A 4AB
TERAVYN LTD,17175610,active,ltd,,,2026-04-23,,2026-04-23,[70229],20 Wenlock Road London England N1 7GU
UK CITY STAYS LTD,17175637,active,ltd,,,2026-04-23,,2026-04-23,[55100, 68209, 68320],20 Wenlock Road London England N1 7GU
5 STAR DOG GROOMERS LIMITED,17175698,active,ltd,,,2026-04-23,,2026-04-23,[96090],Flat 8 Meads Court London England E15 4LB
SLOVEX CAPITAL LTD,17175686,active,ltd,,,2026-04-23,,2026-04-23,[70221],Tower 42 International Financial Centre London England EC2N 1HN
3 PILLAR LAND LIMITED,17175738,active,ltd,,,2026-04-23,,2026-04-23,[41100, 41201, 64203, 68100],138 Houndsditch London England EC3A 7AR
OFINSPEC LTD,17175778,active,ltd,,,2026-04-23,,2026-04-23,[96090],71-75 Shelton Street London United Kingdom WC2H 9JQ
WEST INVESTMENTS U.K LTD,17175783,active,ltd,,,2026-04-23,,2026-04-23,[94120],70 Royston Avenue London England E4 9DF
COLLIER CARE PLUS LTD,17172844,active,ltd,,,2026-04-21,,2026-04-21,[84120],66 Paul Street London United Kingdom EC2A 4NA
SLP 41A LIMITED,17175844,active,ltd,,,2026-04-23,,2026-04-23,[68209],34 Layfield Crescent London England NW4 3UL
EVERY VOICE COUNTS LTD,17175928,active,ltd,,,2026-04-23,,2026-04-23,[86900],167 - 169 Great Portland Street London England W1W 5PF
MMR PROPERTY HOLDINGS LTD,17175946,active,ltd,,,2026-04-23,,2026-04-23,[68209],Vpc Accountants Harrow England HA1 1BQ
AHBC CONSULTING LTD,17176014,active,ltd,,,2026-04-23,,2026-04-23,[82990],66 Paul Street London United Kingdom EC2A 4NA
WEST ALAMUT LTD,17176103,active,ltd,,,2026-04-23,,2026-04-23,[70229],Unit 14 Princeton Mews Kingston Upon Thames United Kingdom KT2 6PT
MSME COMPLIANCE LTD,17176157,active,ltd,,,2026-04-23,,2026-04-23,[70229, 74909, 82110, 82990],128 City Road London United Kingdom EC1V 2NX
INORA PROPERTIES LTD,17176222,active,ltd,,,2026-04-23,,2026-04-23,[68100, 68209],Unit 6 Kirkdale House London England E11 1HP
HEMEROSCOPE STUDIOS LTD,17176321,active,ltd,,,2026-04-23,,2026-04-23,[59111, 59112, 59120, 59200],20 Wenlock Road London England N1 7GU
STUDIO SIGA LTD,17176414,active,ltd,,,2026-04-23,,2026-04-23,[59112],9 Queens Drive London England N4 2SZ
URBANPEAK COMMERCE LTD,17176406,active,ltd,,,2026-04-23,,2026-04-23,[47750],94 Cranbrook Road London United Kingdom SE8 4EJ
MARLLY LDN LIMITED,17176539,active,ltd,,,2026-04-23,,2026-04-23,[49410, 74300, 96020],9 Poplar Grove London England N11 3NH
WRAW LIMITED,17176546,active,ltd,,,2026-04-23,,2026-04-23,[96020],98 Commercial Road London England E1 1NU
POTTO LTD,17176542,active,ltd,,,2026-04-23,,2026-04-23,[62012, 62090, 63120],Flat 12 Hurlingham Court London England SW6 3SH
JLB COLLECTIVE LIMITED,17176547,active,ltd,,,2026-04-23,,2026-04-23,[01110, 62090, 70229],167 - 169 Great Portland Street London England W1W 5PF
ODYN LTD,17176536,active,ltd,,,2026-04-23,,2026-04-23,[11070],Apartment 905 5 Eastfields Avenue London England SW18 1JY
RONNIERE LTD,17176690,active,ltd,,,2026-04-23,,2026-04-23,[74100],66 Paul Street London United Kingdom EC2A 4NA
CKTS PROPERTIES LIMITED,17176691,active,ltd,,,2026-04-23,,2026-04-23,[68209],71-75 Shelton Street London United Kingdom WC2H 9JQ
RS PRIVATE WELLNESS LTD,17176688,active,ltd,,,2026-04-23,,2026-04-23,[96040],71-75 Shelton Street London United Kingdom WC2H 9JQ
NAT LOGISTICS LTD,17176671,active,ltd,,,2026-04-23,,2026-04-23,[52290],66a Westbury Avenue London United Kingdom N22 6RS
HEKA SOLUTIONS UK LIMITED,17176788,active,ltd,,,2026-04-23,,2026-04-23,[63110],20 Old Bailey London England EC4M 7AN
THE CLIENT BOOK LTD,17176841,active,ltd,,,2026-04-23,,2026-04-23,[62012],Office 18591 182-184 High Street North London United Kingdom E6 2JA
TRANSIVA INVESTMENT UK LTD,17176974,active,ltd,,,2026-04-23,,2026-04-23,[46900, 47190, 62090, 82990],115 London Road Morden England SM4 5HP
YANHAK LTD,17176952,active,ltd,,,2026-04-23,,2026-04-23,[62012, 63120],41 Luke Street London England EC2A 4DP
RIDGELINE HIRES LTD,17176962,active,ltd,,,2026-04-23,,2026-04-23,[43390, 43910],55b Boundary Road London United Kingdom N22 6AS
2107 AUTHENTIC LEBANESE FOOD LTD,17176959,active,ltd,,,2026-04-23,,2026-04-23,[56103],85b Agar Grove London England NW1 9UE
AFRO FOOD BOXX LTD,17177010,active,ltd,,,2026-04-23,,2026-04-23,[56103],54 Semley Road London United Kingdom SW16 4PJ
HARMONY COMPANIONSHIP SUFFOLK LTD,17177029,active,ltd,,,2026-04-23,,2026-04-23,[88100],66 Paul Street London England EC2A 4NA
JOHAN IMPIRE LTD,17177136,active,ltd,,,2026-04-23,,2026-04-23,[47190],20 Wenlock Road London England N1 7GU
HIDEN GEMS LTD,17177137,active,ltd,,,2026-04-23,,2026-04-23,[56301, 56302],5 Brayford Square London England E1 0SG
APEX BLOCK MANAGEMENT LTD,17177161,active,ltd,,,2026-04-23,,2026-04-23,[68320],71-75 Shelton Street London United Kingdom WC2H 9JQ
SCOPR LTD,17177153,active,ltd,,,2026-04-23,,2026-04-23,[62012],66 Paul Street London United Kingdom EC2A 4NA
MTCR HOLDINGS LTD,17177142,active,ltd,,,2026-04-23,,2026-04-23,[45200, 49410, 51210, 52102],2nd Floor College House Ruislip, United Kingdom HA4 7AE
GARDNER CONTRACT SERVICES LIMITED,17177141,active,ltd,,,2026-04-23,,2026-04-23,[81300],20 Wenlock Road London England N1 7GU
HANDS THINKING LTD,17177144,active,ltd,,,2026-04-23,,2026-04-23,[62020, 62090],71-75 Shelton Street London United Kingdom WC2H 9JQ
WE ARE SOURCE LTD,17177279,active,ltd,,,2026-04-23,,2026-04-23,[58190, 59132, 62012, 63120],71-75 Shelton Street London United Kingdom WC2H 9JQ
DIRECT LAB SUPPLIES LTD,17177276,active,ltd,,,2026-04-23,,2026-04-23,[46690],101, 1511 Enclave House Wales Farm Road London United Kingdom W3 6WX
EXPEDITO PROPERTIES LTD,17177322,active,ltd,,,2026-04-23,,2026-04-23,[68100, 68209, 68320],Flat 304 Nell Gwynn House London England SW3 3BA
HOLDERS HILL CONCIERGE LIMITED,17177324,active,ltd,,,2026-04-23,,2026-04-23,[49320, 70229],56 Holders Hill Road London England NW4 1LR
AK DOVE STERLING LTD,17177326,active,ltd,,,2026-04-23,,2026-04-23,[68100, 68201, 68209],128 City Road London United Kingdom EC1V 2NX
MR & MRS PICKERING LTD,17177520,active,ltd,,,2026-04-23,,2026-04-23,[68310],20 Wenlock Road London England N1 7GU
HEAVENLY CARE DORSET LTD,17177597,active,ltd,,,2026-04-23,,2026-04-23,[86900],92 White City Estate London England W12 7NX
HAJDINGO LTD,17177683,active,ltd,,,2026-04-23,,2026-04-23,[58190, 59200, 90010, 90030],66 Paul Street London England EC2A 4NA
DDCCLEANING LTD,17177777,active,ltd,,,2026-04-23,,2026-04-23,[81210],1 Lord Terrace London England NW10 2BR
SUNNY & SEB TRANSPORT LIMITED,17177957,active,ltd,,,2026-04-24,,2026-04-24,[49410],Suite G04 1 Quality Court, Chancery Lane London England WC2A 1HR
WEB25 LTD,17177935,active,ltd,,,2026-04-24,,2026-04-24,[62012, 62020, 74100],Flat 1 65a Old Oak Common Lane London England W3 7NT
VAULTED SOLUTIONS LTD,17178013,active,ltd,,,2026-04-24,,2026-04-24,[52102, 52290, 62012, 96090],Suite Ra01 195-197 Wood Street London United Kingdom E17 3NU
NO GLEAM CREAM LIMITED,17178039,active,ltd,,,2026-04-24,,2026-04-24,[20420, 46450, 47910, 96020],124 City Road London United Kingdom EC1V 2NX
LAUNCHFLOW UK LIMITED,17178069,active,ltd,,,2026-04-24,,2026-04-24,[62012, 62090],103a London Road Grays England RM17 5YB
PRIME HOME REFURBISHMENT LTD,17178138,active,ltd,,,2026-04-24,,2026-04-24,[43320, 43330, 43390, 43999],71-75 Shelton Street London United Kingdom WC2H 9JQ
PRET A LIRE LTD,17178212,active,ltd,,,2026-04-24,,2026-04-24,[62012, 85590],71-75 Shelton Street London United Kingdom WC2H 9JQ
GH AUTO HOLDING LTD,17178210,active,ltd,,,2026-04-24,,2026-04-24,[45112, 45200, 45320],71-75 Shelton Street London United Kingdom WC2H 9JQ
L. S. CHRISTA LTD,17178204,active,ltd,,,2026-04-24,,2026-04-24,[47910],128 City Road London United Kingdom EC1V 2NX
IBOTAXI SERVICES LIMITED,17178202,active,ltd,,,2026-04-24,,2026-04-24,[49320],555a Leabridge Road London United Kingdom E10 7EQ
MEASURE IN LOVE LIMITED,17178195,active,ltd,,,2026-04-24,,2026-04-24,[90010],124 Finchley Road London England NW3 5JS
THE P WORD LIMITED,17178196,active,ltd,,,2026-04-24,,2026-04-24,[78101],11-19 Smiths Court London England W1D 7DP
PRIMEPOINT KEYS LTD,17178220,active,ltd,,,2026-04-24,,2026-04-24,[68100, 68209],846 Lea Bridge Road London England E17 9DN
GROUND8 TECHNOLOGIES LTD,17178327,active,ltd,,,2026-04-24,,2026-04-24,[58290, 62012],128 City Road London United Kingdom EC1V 2NX
BILLY GREAVES CARPENTRY LIMITED,17178423,active,ltd,,,2026-04-24,,2026-04-24,[16230],4 A Roman Road London United Kingdom E6 3RX
BLACK GLASS STAFFING LTD,17178421,active,ltd,,,2026-04-24,,2026-04-24,[78200],66 Paul Street London United Kingdom EC2A 4NA
SILK CITY HOMEWARE LTD,17178527,active,ltd,,,2026-04-24,,2026-04-24,[47599],29-31 Powis Street London England SE18 6HZ
PENVENT LTD,17178545,active,ltd,,,2026-04-24,,2026-04-24,[81222],128 City Road London United Kingdom EC1V 2NX
GALERIE MINUIT LTD,17178566,active,ltd,,,2026-04-24,,2026-04-24,[63120, 63990],71-75 Shelton Street London United Kingdom WC2H 9JQ
ARSALAN OUTLET LIMITED,17178573,active,ltd,,,2026-04-24,,2026-04-24,[47910],Unit A1105 4-6, Greatorex Street London United Kingdom E1 5NF
KRYPVAULT LTD,17178572,active,ltd,,,2026-04-24,,2026-04-24,[64999, 66190, 74909],Office 18634 182-184 High Street North London United Kingdom E6 2JA
CAMELLIANO LTD,17178569,active,ltd,,,2026-04-24,,2026-04-24,[47910],Suite 10762 5 Brayford Square London United Kingdom E1 0SG
FERRINEL LTD,17178661,active,ltd,,,2026-04-24,,2026-04-24,[62020, 62090],124 City Road London England EC1V 2NX
ST PRIME SOURCE LTD,17178665,active,ltd,,,2026-04-24,,2026-04-24,[68100],Occ Building A London England N4 1FL
CONSTRUCTION SERVICEXPRESS LTD,17178650,active,ltd,,,2026-04-24,,2026-04-24,[41202, 43390],Flat 6 Hogarth Court London England SE19 1UY
TYRE SWIFT LTD,17138591,active,ltd,,,2026-04-06,,2026-04-06,[45200],Flat 2 209 London United Kingdom NW2 1JJ
UK PATHWAY LTD,17178989,active,ltd,,,2026-04-24,,2026-04-24,[85530],167-169 Great Portland Street London England W1W 5PF
TERNIC LIMITED,17178982,active,ltd,,,2026-04-24,,2026-04-24,[70210],68 Vincent Square London England SW1P 2NU
ROBINSON SECURITY LTD,17178995,active,ltd,,,2026-04-24,,2026-04-24,[80100],128 City Road London United Kingdom EC1V 2NX
KAINOVA LTD,17179062,active,ltd,,,2026-04-24,,2026-04-24,[47910],Unit A1107 4-6, Greatorex Street London United Kingdom E1 5NF
CORESTACK GROUP LTD,17179057,active,ltd,,,2026-04-24,,2026-04-24,[78109],5 Chigwell Road London United Kingdom E18 1LR
TORINO LONDON LIMITED,17179213,active,ltd,,,2026-04-24,,2026-04-24,[56101],15 Lonsdale Road London England NW6 6RA
ARAM INTERPRETING AND TRANSLATION SERVICES LTD,17179218,active,ltd,,,2026-04-24,,2026-04-24,[74300],108 Boundary Road London England NW8 0RH
LOCAL WISE OWL LTD,17179220,active,ltd,,,2026-04-24,,2026-04-24,[62020, 62090, 70229, 73110],20 Wenlock Road London England N1 7GU
GOJAY GLOBAL LTD,17179319,active,ltd,,,2026-04-24,,2026-04-24,[47910],2 Frederick Street London United Kingdom WC1X 0ND
FRESHSPACE PROPERTY GROUP LTD,17179448,active,ltd,,,2026-04-24,,2026-04-24,[43390],5 Brayford Square London England E1 0SG
BARS AND TONE ENGINEERING LIMITED,17179437,active,ltd,,,2026-04-24,,2026-04-24,[70229],Pendragon House St. Albans United Kingdom AL1 1LJ
RNP MUSIC LIMITED,17179441,active,ltd,,,2026-04-24,,2026-04-24,[90030],1st Floor 104 Oxford Street London United Kingdom W1D 1LP
THE BAKERY (LEIGH ON SEA) PROPERTY COMPANY LIMITED,17179533,active,ltd,,,2026-04-24,,2026-04-24,[68100],1155 London Road Leigh-On-Sea England SS9 3JE
LEGACY HOSPITALITY AND SECURITY SERVICES LTD,17179531,active,ltd,,,2026-04-24,,2026-04-24,[56210, 64991, 80100, 84120],Unit 6, 30 Friern Park London United Kingdom N12 9DA
GPC DIGITAL SYSTEMS LTD,17179528,active,ltd,,,2026-04-24,,2026-04-24,[70229],84 Cranmer Avenue London England W13 9XU
BIGGIN HILL SPORTS LTD,17179535,active,ltd,,,2026-04-24,,2026-04-24,[93110, 93120, 93130, 93199],71-75 Shelton Street London United Kingdom WC2H 9JQ
HEBEKA GROUP UK LIMITED,17179671,active,ltd,,,2026-04-24,,2026-04-24,[64209],71-75 Shelton Street London United Kingdom WC2H 9JQ
GENTEC EPC LIMITED,17179672,active,ltd,,,2026-04-24,,2026-04-24,[46140],7c Pembridge Villas London England W11 3EN
ITS BAGELS HAMPSTEAD LIMITED,17179655,active,ltd,,,2026-04-24,,2026-04-24,[96090],C/O Viewpoint Partners Limited Suite 3.06 Canterbury Court London England SW9 6DE
HORSESTAT LTD,17179664,active,ltd,,,2026-04-24,,2026-04-24,[62012, 63110, 63120],71-75 Shelton Street London United Kingdom WC2H 9JQ
JUNIPER HOUSE CARE LTD,17179669,active,ltd,,,2026-04-24,,2026-04-24,[87900],Argyle House, 3rd Floor, Joel Street Northwood England HA6 1NW
STRAY DOGS TWO LIMITED,17179714,active,ltd,,,2026-04-24,,2026-04-24,[90030],1st Floor 104 Oxford Street London United Kingdom W1D 1LP
JOMMAC SITE SERVICES LTD,17179780,active,ltd,,,2026-04-24,,2026-04-24,[43120, 43290, 43999],71-75 Shelton Street London United Kingdom WC2H 9JQ
RED KITE MARKETING CONSULTANCY LTD,17179776,active,ltd,,,2026-04-24,,2026-04-24,[96090],23 Maybury Street London England SW17 0SB
IN LAWS FILM LIMITED,17179794,active,ltd,,,2026-04-24,,2026-04-24,[59111],35 Endell Street London England WC2H 9BA
CONFIDTHERAPY LTD,17179796,active,ltd,,,2026-04-24,,2026-04-24,[58290],71-75 Shelton Street London United Kingdom WC2H 9JQ
HBL REAL ESTATE LIMITED,17179804,active,ltd,,,2026-04-24,,2026-04-24,[68310],128 City Road London United Kingdom EC1V 2NX
CPG BUTE STREET LIMITED,17179800,active,ltd,,,2026-04-24,,2026-04-24,[68100],2 Leman Street London United Kingdom E1W 9US
ELEVEN THIRTY-FIVE LTD.,17179968,active,ltd,,,2026-04-24,,2026-04-24,[43320, 45200, 50100, 50300],71-75 Shelton Street London United Kingdom WC2H 9JQ
LONDON SERVICES GROUP LTD,17180018,active,ltd,,,2026-04-24,,2026-04-24,[96090],20 Wenlock Road London England N1 7GU
SINYU TECHNOLOGIES LIMITED,17180016,active,ltd,,,2026-04-24,,2026-04-24,[58290],Unit A548 4 - 6 Greatorex Street London United Kingdom E1 5NF
EASTWOOD AND PARTNERS PROPERTY CONSULTANTS LIMITED,17180096,active,ltd,,,2026-04-24,,2026-04-24,[68310, 70229],71-75 Shelton Street London United Kingdom WC2H 9JQ
TAURUS SUPPLY CHAIN LTD,17180101,active,ltd,,,2026-04-24,,2026-04-24,[70229],Apartment 15 4 Gaumont Place London England SW2 4GA
APMARCH LIMITED,17180100,active,ltd,,,2026-04-24,,2026-04-24,[62020, 62090, 63990],1417-1419 London Road London England SW16 4AH
SQUARE CIRCLE VENTURES LTD,17180172,active,ltd,,,2026-04-24,,2026-04-24,[58110, 70210, 70229, 85590],66 Paul Street London England EC2A 4NA
RADIANT FLOORING LTD,17180244,active,ltd,,,2026-04-24,,2026-04-24,[43330],Flat 12 Odelia Court 1b Biggerstaff Road London England E15 2LL
SUPREME SITE SERVICES LTD,17180240,active,ltd,,,2026-04-24,,2026-04-24,[41202],124-128 City Road London England EC1V 2NX
BTG SALES LTD,17180268,active,ltd,,,2026-04-24,,2026-04-24,[70229],10 Chestnut Avenue London United Kingdom N8 8NY
SOLVE IT CONSULTANT LTD,17180281,active,ltd,,,2026-04-24,,2026-04-24,[62012, 62020],2a Heigham Road London England E6 2JG
Y17 INVESTMENTS LIMITED,17180343,active,ltd,,,2026-04-25,,2026-04-25,[64209],128 City Road London England EC1V 2NX
J.KENNEDY LONDON LIMITED,17162544,active,ltd,,,2026-04-16,,2026-04-16,[74100, 74202, 90030],167-169 Great Portland Street London England W1W 5PF
CJ NEXUS UK LTD,17180396,active,ltd,,,2026-04-25,,2026-04-25,[70229],71-75 Shelton Street London United Kingdom WC2H 9JQ
MAANDEEQ RESTAURANT LTD,17180485,active,ltd,,,2026-04-25,,2026-04-25,[56102],13 Anglesea Road London England SE18 6EG
CHANGE AND THRIVE LTD,17180578,active,ltd,,,2026-04-25,,2026-04-25,[86900],Flat 26 Furness House London England SW1V 4JN
GOLDEN EAGLE TALENT LTD,17180575,active,ltd,,,2026-04-25,,2026-04-25,[78109],5 Brayford Square London England E1 0SG
HELIOS LABS LTD,17180623,active,ltd,,,2026-04-25,,2026-04-25,[46750],5 Brayford Square London England E1 0SG
VENNEEAR HATCHET HOUSE LIMITED,17180674,active,ltd,,,2026-04-25,,2026-04-25,[93110],36 Hassett Road London United Kingdom E9 5SN
ACCURECS LIMITED,17180667,active,ltd,,,2026-04-25,,2026-04-25,[69201, 69202],127 Hedge Lane London England N13 5BY
MOODWEARUK LTD,17180747,active,ltd,,,2026-04-26,,2026-04-26,[47710],39a Alkham Road London England N16 7AA
BLUESOM RECRUITMENT LTD,17180760,active,ltd,,,2026-04-26,,2026-04-26,[78109, 78200],213 Church Road London England NW10 9EP
KAYBSTORE LIMITED,17180821,active,ltd,,,2026-04-26,,2026-04-26,[47910],Flat 6 Arnside House London England SE17 2EX
BAARI LTD,17180834,active,ltd,,,2026-04-26,,2026-04-26,[56102],132 Churchfield Road London England W3 6BS
CHEFLINGS LTD,17180862,active,ltd,,,2026-04-26,,2026-04-26,[85590],66 Paul Street London United Kingdom EC2A 4NA
NARVA RESIDENCE LTD,17180863,active,ltd,,,2026-04-26,,2026-04-26,[68209],Office 1186, 60 Tottenham Court Road London United Kingdom W1T 2EW
NMHP LIMITED,17180901,active,ltd,,,2026-04-26,,2026-04-26,[43220],13 Nursery Lane London England E7 8BL
PROPERTY SERVICES CS LTD,17180931,active,ltd,,,2026-04-26,,2026-04-26,[49420, 81222],15 London Road Sawbridgeworth England CM21 9EH
GILDWYN ATELIER LTD,17180929,active,ltd,,,2026-04-26,,2026-04-26,[47910, 47990],71-75 Shelton Street London United Kingdom WC2H 9JQ
MSY BUILDS LTD,17180927,active,ltd,,,2026-04-26,,2026-04-26,[41202, 43290],77 Eric Street London England E3 4SR
INSHIELD LIMITED,17181010,active,ltd,,,2026-04-26,,2026-04-26,[62020, 63110],66 Paul Street London United Kingdom EC2A 4NA
LDR RECRUITMENT LTD,17181116,active,ltd,,,2026-04-27,,2026-04-27,[82990],66 Paul Street London United Kingdom EC2A 4NA
APEX PRIME CONSULTING LTD,17181237,active,ltd,,,2026-04-27,,2026-04-27,[62020, 62090],167 - 169 Great Portland Street London England W1W 5PF
I AM A BILLIONAIRE UK LTD,17181248,active,ltd,,,2026-04-27,,2026-04-27,[15120],3 Levendale Road London United Kingdom SE23 2TP
LAUDU LIMITED,17181256,active,ltd,,,2026-04-27,,2026-04-27,[73110, 74100],275 Valley Road London England SW16 2AB
RR1999 LIMITED,17181328,active,ltd,,,2026-04-27,,2026-04-27,[68100, 68209],128 City Road London United Kingdom EC1V 2NX
FLEURSMANN LIMITED,17181321,active,ltd,,,2026-04-27,,2026-04-27,[47760, 47910],71-75 Shelton Street London England WC2H 9JQ
LAGOS EDUCATION OUTCOMES PARTNERSHIP LIMITED,17181369,active,ltd,,,2026-04-27,,2026-04-27,[88990],38 Seymour Street London England W1H 7BP
NRJF LTD,17181371,active,ltd,,,2026-04-27,,2026-04-27,[47910],66 Paul Street London United Kingdom EC2A 4NA
SOS ANIMAL HELP CIC,17181363,active,ltd,community-interest-company,,2026-04-27,,2026-04-27,[73110, 96090],275 New North Road London England N1 7AA
WESTLAND COFFEE & WINE AT BRENT CROSS LTD,17181450,active,ltd,,,2026-04-27,,2026-04-27,[56101],Unit G04 Import Building, Republic London United Kingdom E14 2BE
MIDO ECOM LTD,17181541,active,ltd,,,2026-04-27,,2026-04-27,[47910, 62020, 62090],39 Ludgate Hill London England EC4M 7JN
BLOCKIUM LTD,17188108,active,ltd,,,2026-04-29,,2026-04-29,[62012, 62090, 63110, 64999],20 Wenlock Road London England N1 7GU
SKINDATE CLINIC LTD,17188107,active,ltd,,,2026-04-29,,2026-04-29,[96020],1 Addington Square London England SE5 7JZ
TESE GROUP LTD,17188121,active,ltd,,,2026-04-29,,2026-04-29,[58290],128 City Road London United Kingdom EC1V 2NX
WITNESS FIRST LIMITED,17188111,active,ltd,,,2026-04-29,,2026-04-29,[85590],A4g Suite Nepicar House Wrotham Heath United Kingdom TN15 7RS
TECHNOLOGIX HOLDINGS LIMITED,17188112,active,ltd,,,2026-04-29,,2026-04-29,[64209],20 Wenlock Road London England N1 7GU
NATTER TECHNOLOGIES LTD,17188116,active,ltd,,,2026-04-29,,2026-04-29,[61900, 62012],70 Croxted Road London England SE21 8NP
FOA GROUP LTD,17188158,active,ltd,,,2026-04-29,,2026-04-29,[33120, 82990],Office 403, Screenworks 22 Highbury Grove London England N5 2ER
TWENTY TWO TEN HOSPITALITY LTD,17188172,active,ltd,,,2026-04-29,,2026-04-29,[56210, 56302],128 City Road London United Kingdom EC1V 2NX
ASTONGATE LIMITED,17188216,active,ltd,,,2026-04-29,,2026-04-29,[96090],72 Halliwick Road London England N10 1AB
BEAT-HIT.AI LTD,17188225,active,ltd,,,2026-04-29,,2026-04-29,[73110],89 Whitehall Gardens London United Kingdom E4 6EJ
WE BUY ANY ART LTD,17188236,active,ltd,,,2026-04-29,,2026-04-29,[62090],20 Wenlock Road London England N1 7GU
YEKTA TECHNOLOGIES LTD,17131296,active,ltd,,,2026-04-01,,2026-04-01,[62012, 62020, 62090],167-169 Great Portland Street London United Kingdom W1W 5PF
ENERGY HORIZONS LTD,17188321,active,ltd,,,2026-04-29,,2026-04-29,[09100, 64205, 64209, 64999],71-75 Shelton Street London United Kingdom WC2H 9JQ
PREVISO LTD,17188330,active,ltd,,,2026-04-29,,2026-04-29,[62012, 62020, 70229],71-75 Shelton Street London United Kingdom WC2H 9JQ
LIFE ARCHIVE FILMS LTD,17188312,active,ltd,,,2026-04-29,,2026-04-29,[59112, 96090],71-75 Shelton Street London United Kingdom WC2H 9JQ
HORIZON MEDIATION GROUP LIMITED,17188394,active,ltd,,,2026-04-29,,2026-04-29,[70229],36 Glebe Road Finchley England N3 2AX
JUNA PARTNERS LIMITED,17188391,active,ltd,,,2026-04-29,,2026-04-29,[78109],5 Approach Road London United Kingdom SW20 8BA
ENG SOLUTIONS LTD,17188395,active,ltd,,,2026-04-29,,2026-04-29,[71122],128 City Road London United Kingdom EC1V 2NX
OX BUSINESS PARK LTD,17188435,active,ltd,,,2026-04-29,,2026-04-29,[68100],115 Craven Park Road London England N15 6BL
TECHNOWORLD ONE LTD,17188433,active,ltd,,,2026-04-29,,2026-04-29,[58290, 62020, 62090, 63110],71-75 Shelton Street London United Kingdom WC2H 9JQ
BATHWICK HOSPITALITY LIMITED,17188425,active,ltd,,,2026-04-29,,2026-04-29,[68209],590 Green Lanes London United Kingdom N13 5RY
PALPIP LTD,17188468,active,ltd,,,2026-04-29,,2026-04-29,[41100, 68100, 68209],73a, 73a Watling Street London United Kingdom EC4M 9BJ
5 KEYS PROPERTIES LTD,17188466,active,ltd,,,2026-04-29,,2026-04-29,[68100, 68209],72 Park View London England W3 0PT
STELOSSA LTD,17188478,active,ltd,,,2026-04-29,,2026-04-29,[47910],66 Paul Street London United Kingdom EC2A 4NA
KRUU UK LTD,17188191,active,ltd,,,2026-04-29,,2026-04-29,[77291],15 Hanover Square London England W1S 1HS
CORNERSTONE 414 LTD,17182077,active,ltd,,,2026-04-27,,2026-04-27,[90030],5a Bear Lane Southwark England SE1 0UH
WASM PROPERTIES LTD,17188500,active,ltd,,,2026-04-29,,2026-04-29,[68100, 68209],C/O Taxassist Accountants 5th Floor, 30 Churchill Place London United Kingdom E14 5RE
BRIGHTVIEW 360 LIMITED,17188512,active,ltd,,,2026-04-29,,2026-04-29,[62012],The Barn Bramley Road Tadley United Kingdom RG26 5EY
FRECCERO CONSULTING LTD,17188511,active,ltd,,,2026-04-29,,2026-04-29,[70229],Suite Ra01 195-197 Wood Street London United Kingdom E17 3NU
FENWICK HEALTHCARE HOLDING LIMITED,17188609,active,ltd,,,2026-04-29,,2026-04-29,[64209],105-109 Sumatra Road London United Kingdom NW6 1PL
PROMAAS INTERNATIONAL LTD,17188625,active,ltd,,,2026-04-29,,2026-04-29,[62020, 70229, 82990],128 City Road London United Kingdom EC1V 2NX
GCS COFFEE ROASTERS LTD,17188670,active,ltd,,,2026-04-29,,2026-04-29,[10832, 46370],20 Wenlock Road London England N1 7GU
SMIT'S LONDON LTD,17188665,active,ltd,,,2026-04-29,,2026-04-29,[56102, 56302],Flat 1708 Bagshaw Building 1 Wards Place London England E14 9DA
KISARA LTD,17188666,active,ltd,,,2026-04-29,,2026-04-29,[47910],35 Bracewell Road London England W10 6AF
SHWATI ALBIHAR LTD,17188691,active,ltd,,,2026-04-29,,2026-04-29,[45111, 45112, 45190, 45310],128 City Road London United Kingdom EC1V 2NX
BACKWALLER LIMITED,17188683,active,ltd,,,2026-04-29,,2026-04-29,[46160],69 Onslow Gardens London England SW7 3QD
LABEL UK STUDIO LTD,17188685,active,ltd,,,2026-04-29,,2026-04-29,[47710, 47910],109 High Street London England NW10 4TS
JTON HEALTHCARE LTD,17188773,active,ltd,,,2026-04-29,,2026-04-29,[84120, 86900, 87200, 87300],519 Commercial Road London England E1 0HQ
SHOPVERSE LTD,17188761,active,ltd,,,2026-04-29,,2026-04-29,[47599],Office 18737 182-184 High Street North London United Kingdom E6 2JA
CONSERVA BROS LIMITED,17188756,active,ltd,,,2026-04-29,,2026-04-29,[46380],39 Elsworthy Road London England NW3 3BT
INTERNATIONAL STUDENT CONSULTATIONS LTD,17188817,active,ltd,,,2026-04-29,,2026-04-29,[85600],128 City Road London United Kingdom EC1V 2NX
CREATIVAHIVE SOLUTIONS LTD,17188868,active,ltd,,,2026-04-29,,2026-04-29,[74909],66 Paul Street London United Kingdom EC2A 4NA
LDV 1 LTD,17188873,active,ltd,,,2026-04-29,,2026-04-29,[41100, 68100, 68209],C204, Cunningham House 19-21 Westfield Lane Harrow England HA3 9ED
UK CONCESSIONS LIMITED,17188872,active,ltd,,,2026-04-29,,2026-04-29,[47890],71-75 Shelton Street London United Kingdom WC2H 9JQ
PROMETHEAN LABS LTD,17188929,active,ltd,,,2026-04-29,,2026-04-29,[47910, 71200, 72110, 72190],128 City Road London United Kingdom EC1V 2NX
CORNERSTONE RECOVERY SPECIALISTS LTD,17172222,active,ltd,,,2026-04-21,,2026-04-21,[80300, 82990],71-75 Shelton Street London United Kingdom WC2H 9JQ
YA WAHHABU YA ALLAH LTD,17188983,active,ltd,,,2026-04-29,,2026-04-29,[56101],268 Leigh Hunt Drive London England N14 6DS
RELIABLE RISK LIMITED,17188971,active,ltd,,,2026-04-29,,2026-04-29,[66220],71-75 Shelton Street London United Kingdom WC2H 9JQ
HOUD AI LTD,17188984,active,ltd,,,2026-04-29,,2026-04-29,[62012],66 Paul Street London England EC2A 4NA
SUPERNEX LIMITED,17188996,active,ltd,,,2026-04-29,,2026-04-29,[46410, 47910],Apartment 102 Charrington Tower 11 Biscayne Avenue London England E14 9AY
FARABI ENTERPRISE LTD,17189000,active,ltd,,,2026-04-29,,2026-04-29,[82990],103 Marlow Road London United Kingdom E6 3QG
LONGWOOD INVESTMENTS LIMITED,17189002,active,ltd,,,2026-04-29,,2026-04-29,[68209],Hyde House London England NW9 6LA
RS5 LTD,17188990,active,ltd,,,2026-04-29,,2026-04-29,[64209],107 George Lane London England E18 1AN
SYNERGICA SOLUTIONS LTD,17189078,active,ltd,,,2026-04-29,,2026-04-29,[62012, 62020, 62030, 63120],128 City Road London United Kingdom EC1V 2NX
WB DIGITAL LIMITED,17189080,active,ltd,,,2026-04-29,,2026-04-29,[47910, 62012, 96090],128 City Road London United Kingdom EC1V 2NX
J&G GROUP HOLDING LTD,17189126,active,ltd,,,2026-04-29,,2026-04-29,[46360, 46390],35 Heathcote Grove London England E4 6RZ
CRS NUTRITION LTD,17189166,active,ltd,,,2026-04-29,,2026-04-29,[70229, 73110, 82990, 86900],16 Colenso Drive London England NW7 2EZ
PB LONDON EXPERIENCE LTD,17189202,active,ltd,,,2026-04-29,,2026-04-29,[90020],Northburgh House London England EC1V 0AT
AI E-COM LTD,17189189,active,ltd,,,2026-04-29,,2026-04-29,[47910, 96090],128 City Road London United Kingdom EC1V 2NX
SPCTRL LTD,17189193,active,ltd,,,2026-04-29,,2026-04-29,[62012, 62020, 62090, 63120],71-75 Shelton Street London United Kingdom WC2H 9JQ
CLUB BEAT LTD,17189239,active,ltd,,,2026-04-29,,2026-04-29,[62012],128 City Road London United Kingdom EC1V 2NX
BIGSOFTIEINNOVATIONS LTD,17167687,active,ltd,,,2026-04-20,,2026-04-20,[32409, 47910, 58210, 62012],66 Paul Street London England EC2A 4NA
APPAKKOY LTD,17189245,active,ltd,,,2026-04-29,,2026-04-29,[47910, 63120],128 City Road London United Kingdom EC1V 2NX
URBAN KEYS PROPERTY MANAGEMENT LTD,17189230,active,ltd,,,2026-04-29,,2026-04-29,[68320],66 Paul Street London United Kingdom EC2A 4NA
NOVAREACH AGENCY LIMITED,17189258,active,ltd,,,2026-04-29,,2026-04-29,[62012, 62090, 70229, 73110],Flat 115 428 Woolwich Road London United Kingdom SE7 8SU
APEX FOUNDRY LIMITED,17189251,active,ltd,,,2026-04-29,,2026-04-29,[93130],20 Wenlock Road London England N1 7GU
SOPHIE VICTORIA LTD,17189302,active,ltd,,,2026-04-29,,2026-04-29,[70210, 70229],13 Westfields Avenue London England SW13 0AT
SNACURA LTD,17189311,active,ltd,,,2026-04-29,,2026-04-29,[62012],124-128 City Road London England EC1V 2NX
INFLUENCERS HEAVEN LIMITED,17189303,active,ltd,,,2026-04-29,,2026-04-29,[73110],Flat 103 Inwen Court Grinstead Road London England SE8 5BJ
BUKHARI ENTERPRISE LTD,17189300,active,ltd,,,2026-04-29,,2026-04-29,[46450],Office 18721 182-184 High Street North London United Kingdom E6 2JA
KIPLING BIDCO LIMITED,17189352,active,ltd,,,2026-04-29,,2026-04-29,[64209],Suite 1, 7th Floor 50 Broadway London United Kingdom SW1H 0DB
AAIRO LTD,17189351,active,ltd,,,2026-04-29,,2026-04-29,[58290],2nd Floor, 13 St. Swithin's Lane,  (Adl Sols) London United Kingdom EC4N 8AL
FONVIVA LTD,17189338,active,ltd,,,2026-04-29,,2026-04-29,[47910],International House London United Kingdom WC2R 3JF
TANTALLON CAPITAL LTD,17189331,active,ltd,,,2026-04-29,,2026-04-29,[64301],54b Stockwell Green London England SW9 9HX
TITAN MANNED GUARDING & K9 LTD,17189436,active,ltd,,,2026-04-29,,2026-04-29,[82990],377 Rochester Way London United Kingdom SE9 6PG
TECH BY SPEC LTD,17189463,active,ltd,,,2026-04-29,,2026-04-29,[62020],5 Brayford Square London England E1 0SG
CDP BRAND SERVICES UK LIMITED,17189475,active,ltd,,,2026-04-29,,2026-04-29,[64209],Dixon House Second Floor London England EC3N 3DQ
SHUTTERS STUDIOS LTD,17189473,active,ltd,,,2026-04-29,,2026-04-29,[59112, 74202],20 Canham Road London England W3 7SR
STOCKPORT ARC LTD,17189510,active,ltd,,,2026-04-29,,2026-04-29,[45111, 45200],71-75 Shelton Street London United Kingdom WC2H 9JQ
RIDLEY PARTNERS LTD,17189514,active,ltd,,,2026-04-29,,2026-04-29,[70229],66 Paul Street London United Kingdom EC2A 4NA
RSK MARKETS LTD,17189520,active,ltd,,,2026-04-29,,2026-04-29,[62012],71-75 Shelton Street London United Kingdom WC2H 9JQ
SHELTERLY HOMES LTD,17189611,active,ltd,,,2026-04-29,,2026-04-29,[68100, 68209, 68320],2nd Floor College House Ruislip, United Kingdom HA4 7AE
PS HABITAT LIMITED,17189615,active,ltd,,,2026-04-29,,2026-04-29,[68209],C/O Getground London England W6 0NB
HUMAI EUROPE LTD,17189628,active,ltd,,,2026-04-29,,2026-04-29,[62012, 62020, 62090, 63990],First Floor Office London United Kingdom W8 4LZ
P MACHINERY LIMITED,17189640,active,ltd,,,2026-04-29,,2026-04-29,[68209],5 Technology Park Colindeep Lane London United Kingdom NW9 6BX
RECURAFLOW LTD,17189629,active,ltd,,,2026-04-29,,2026-04-29,[62012],116 New Kent Road London England SE1 6TU
OPTIMIZEWISE LTD,17189680,active,ltd,,,2026-04-29,,2026-04-29,[74909],66 Paul Street London United Kingdom EC2A 4NA
LEATHER GOODS MANUFACTURER LTD,17189699,active,ltd,,,2026-04-29,,2026-04-29,[46160],27a-29a St. Johns Wood High Street London England NW8 7NH
EPIC AI LTD,17189748,active,ltd,,,2026-04-29,,2026-04-29,[62012],71-75 Shelton Street London United Kingdom WC2H 9JQ
PHYRE HORSE PRODUCTIONS LIMITED,17189754,active,ltd,,,2026-04-29,,2026-04-29,[59111, 59113],128 City Road London United Kingdom EC1V 2NX
DARIS RETAIL LTD,17189781,active,ltd,,,2026-04-29,,2026-04-29,[47910],128 City Road London United Kingdom EC1V 2NX
AVENUE PORTER LTD,17189787,active,ltd,,,2026-04-29,,2026-04-29,[52290, 53201],Flat 38 Lowe House London England SW8 2FT
ERUSS TRADING LTD,17189778,active,ltd,,,2026-04-29,,2026-04-29,[46900],20 Wenlock Road London England N1 7GU
LAHORI W12 LTD,17189765,active,ltd,,,2026-04-29,,2026-04-29,[56102],426 Uxbridge Road London England W12 0NR
MO'S ENGINEERING LTD,17189770,active,ltd,,,2026-04-29,,2026-04-29,[71129],71-75 Shelton Street London United Kingdom WC2H 9JQ
KWB GLOBAL LIMITED,17155773,active,ltd,,,2026-04-14,,2026-04-14,[46190],Apartment S4-03 Plimsoll Building London England N1C 4BP
OMNEX GROUP LTD,17189829,active,ltd,,,2026-04-29,,2026-04-29,[06200, 07290, 36000],71-75 Shelton Street London United Kingdom WC2H 9JQ
TIFERES ESTATES (KIMMERIDGE) LIMITED,17189849,active,ltd,,,2026-04-29,,2026-04-29,[68100],17 Sinclair Grove London United Kingdom NW11 9JH
LOCAL HG STUDIOS LIMITED,17189856,active,ltd,,,2026-04-29,,2026-04-29,[62090],52-56 Standard Road London England NW10 6EU
EDUPAY OS LTD,17189843,active,ltd,,,2026-04-29,,2026-04-29,[62012, 62090, 63110, 64999],16 St. Clare Street London England EC3N 1LQ
LEDEBE LIMITED,17189878,active,ltd,,,2026-04-29,,2026-04-29,[58290, 62012, 62020, 62090],71-75 Shelton Street London United Kingdom WC2H 9JQ
AYEKMM SPV LTD,17189929,active,ltd,,,2026-04-29,,2026-04-29,[68100, 68209],99 Sherrard Road London England E7 8DN
NESTORA LIVING LONDON LTD,17189983,active,ltd,,,2026-04-29,,2026-04-29,[68100, 68310, 68320],380a Kingsland Road London England E8 4AA
BOASIE LTD,17189991,active,ltd,,,2026-04-29,,2026-04-29,[46420, 47910],195-197, Suite Ra01 Wood Street London United Kingdom E17 3NU
AKT INCLUSIVE FINANCE LTD,17189981,active,ltd,,,2026-04-29,,2026-04-29,[64205, 66300, 70221, 70229],128 City Road London United Kingdom EC1V 2NX
A MILLION MAN CONSTRUCTION LTD,17190119,active,ltd,,,2026-04-29,,2026-04-29,[41201, 43999],87 Roman Road London England E6 3RY
COLDCARE GLOBAL UK LIMITED,17190116,active,ltd,,,2026-04-29,,2026-04-29,[28250, 43390, 46690, 46750],Office 155 Unit 5, 399-405 Oxford Street London United Kingdom W1C 2BU
LITIGANT LTD,17190124,active,ltd,,,2026-04-29,,2026-04-29,[62012, 69109],124-128 City Road London England EC1V 2NX
ENDPOINT AUTOMATION SERVICES TALENT LTD,17190093,active,ltd,,,2026-04-29,,2026-04-29,[62020],167 - 169 Great Portland Street London England W1W 5PF
M.S RETAIL SOLUTIONS LTD,17190204,active,ltd,,,2026-04-29,,2026-04-29,[47910, 47990],28 Hampstead Close London England SE28 8EL
RMDS HEALTH LTD.,17190186,active,ltd,,,2026-04-29,,2026-04-29,[86220, 86230],27 Old Gloucester Street London United Kingdom WC1N 3AX
GABI LTD,17190190,active,ltd,,,2026-04-29,,2026-04-29,[62012, 62090],40 A Heber Road London England NW2 6AA
BDL ENTERPRISE LTD,17190176,active,ltd,,,2026-04-29,,2026-04-29,[81221],Apartment 14 4a Maida Vale London England W9 1SP
FORTIFY ACCOUNTANTS LIMITED,17190252,active,ltd,,,2026-04-29,,2026-04-29,[69201],119 Truro Road London United Kingdom N22 8DH
NOVENTUM LTD,17190237,active,ltd,,,2026-04-29,,2026-04-29,[71122],71-75 Shelton Street London United Kingdom WC2H 9JQ
SURESHIFT CARE SERVICES LTD,17190297,active,ltd,,,2026-04-29,,2026-04-29,[78200, 78300],128 City Road London United Kingdom EC1V 2NX
BOOKS & KEEPERS ACCOUNTANTS LTD,17190293,active,ltd,,,2026-04-29,,2026-04-29,[69201, 69202, 69203],124 City Road London United Kingdom EC1V 2NX
D'NEXUS GROUP LTD,17190312,active,ltd,,,2026-04-29,,2026-04-29,[52290, 62020, 70229, 77390],17 Deptford Broadway London England SE8 4PA
REVERIE CREATIVE LIMITED,17190334,active,ltd,,,2026-04-29,,2026-04-29,[59111],124 Finchley Road London United Kingdom NW3 5JS
T&E BTL LTD,17190361,active,ltd,,,2026-04-29,,2026-04-29,[55100, 68209],20 Wenlock Road London England N1 7GU
DURASHIELD DOORS LTD,17190360,active,ltd,,,2026-04-29,,2026-04-29,[25120],66 Paul Street London United Kingdom EC2A 4NA
VEXTARA LIMITED,17190455,active,ltd,,,2026-04-29,,2026-04-29,[62020],196 Dept 4869a London United Kingdom N22 8HH
BASLONISONA LTD,17190438,active,ltd,,,2026-04-29,,2026-04-29,[85590, 85600],71-75 Shelton Street London United Kingdom WC2H 9JQ
JENDALE HOME MAINTENANCE LTD,17190441,active,ltd,,,2026-04-29,,2026-04-29,[95290],71-75 Shelton Street London United Kingdom WC2H 9JQ
AGTAM UK LTD,17190443,active,ltd,,,2026-04-29,,2026-04-29,[49420, 81210, 81229],11 Neptune Street London United Kingdom SE16 7JR
MINDBEARINGS LTD,17190448,active,ltd,,,2026-04-29,,2026-04-29,[62012, 63110, 63990, 70229],71-75 Shelton Street London United Kingdom WC2H 9JQ
GOLDEN VANTAGE LTD,17152139,active,ltd,,,2026-04-11,,2026-04-11,[56101],1174 High Road London United Kingdom N20 0LH
MFK 360 LTD,17190534,active,ltd,,,2026-04-29,,2026-04-29,[80200],11 Cundy Road London England E16 3DJ
FORAGE AND FALL LTD,17190533,active,ltd,,,2026-04-29,,2026-04-29,[55209],39 Dunstans Road London England SE22 0HQ
BJ CRAFTSMEN GROUP LTD,17190536,active,ltd,,,2026-04-29,,2026-04-29,[43290],48 Waleran Flats Old Kent Road London England SE1 5UX
NXORA SOLUTIONS LTD,17190630,active,ltd,,,2026-04-29,,2026-04-29,[62012, 62020, 62090],195 Wood Street London United Kingdom E17 3NU
MZ PROPERTY RENTALS LTD,17190632,active,ltd,,,2026-04-29,,2026-04-29,[68100, 68209],71-75 Shelton Street London United Kingdom WC2H 9JQ
TUHI LAMBDA LTD,17190681,active,ltd,,,2026-04-29,,2026-04-29,[71122],167-169 Great Portland Street London England W1W 5PF
INVENTORS LEAGUE LTD,17190710,active,ltd,,,2026-04-29,,2026-04-29,[85310, 85590],66 Paul Street London United Kingdom EC2A 4NA
MOON BEAR PRODUCTIONS LTD,17190794,active,ltd,,,2026-04-29,,2026-04-29,[59111, 59113, 59120],167-169 Great Portland Street London England W1W 5PF
REIN MONEY LIMITED,17190789,active,ltd,,,2026-04-29,,2026-04-29,[58210, 62011, 62012],310 High Road London England N22 8JR
JRB INVEST LTD,17190824,active,ltd,,,2026-04-29,,2026-04-29,[68209],40a Castlewood Road London England N16 6DW
REGALROUTE LOGISTICS LTD,17190896,active,ltd,,,2026-04-30,,2026-04-30,[52290],66 Paul Street London United Kingdom EC2A 4NA
HAUS NEW BUILD HOMES LIMITED,17190902,active,ltd,,,2026-04-30,,2026-04-30,[68310],9 Bonhill Street London England EC2A 4DJ
BORNEA COMMERCE LTD,17190906,active,ltd,,,2026-04-30,,2026-04-30,[47910],128 City Road London United Kingdom EC1V 2NX
CLOUDBRIDGE SOLUTIONS LTD,17190904,active,ltd,,,2026-04-30,,2026-04-30,[74909],128 City Road London United Kingdom EC1V 2NX
TUBALI PROPERTY LTD,17190937,active,ltd,,,2026-04-30,,2026-04-30,[41100, 55100, 68100, 68209],167-169 5th Floor, Great Portland Street London England W1W 5PF
HARPERS PROPERTY INVESTMENT AND CONSULTANCY LTD,17190942,active,ltd,,,2026-04-30,,2026-04-30,[68100, 68310],Flat 37, Kilner House London United Kingdom SE11 5SE
DOG NUTRITIONIST LIMITED,17190941,active,ltd,,,2026-04-30,,2026-04-30,[47760],Flat 1-2 527 Old York Road London England SW18 1TG
BRITPOWERSERVICES LTD,17190944,active,ltd,,,2026-04-30,,2026-04-30,[43210],27 Cambridge Close London England NW10 0AW
KAYA COMPANY 1 LTD,17190951,active,ltd,,,2026-04-30,,2026-04-30,[56102],3 Priscilla Close London England N15 3BF
MOORE NEUROHEALTH LTD,17190960,active,ltd,,,2026-04-30,,2026-04-30,[86220],66 Paul Street London United Kingdom EC2A 4NA
SHORE & HUDSON LTD,17190953,active,ltd,,,2026-04-30,,2026-04-30,[70229],20 Wenlock Road London England N1 7GU
PATS BREAKFAST & BRISKET LTD,17190976,active,ltd,,,2026-04-30,,2026-04-30,[56102],66 Paul Street London United Kingdom EC2A 4NA
EDWARDS FAMILY (FIC) LIMITED,17190987,active,ltd,,,2026-04-30,,2026-04-30,[64209],Menzies Llp 2nd Floor, Magna House Staines-Upon-Thames United Kingdom TW18 4BP
THE ACADEMY OF FITNESS, NUTRITION AND WELLBEING LIMITED,17190999,active,ltd,,,2026-04-30,,2026-04-30,[96040],71-75 Shelton Street London United Kingdom WC2H 9JQ
NEXARO GROUP LTD,17190993,active,ltd,,,2026-04-30,,2026-04-30,[47910],71-75 Shelton Street London United Kingdom WC2H 9JQ
OPTIMUM PRIME SERVICES LTD,17191121,active,ltd,,,2026-04-30,,2026-04-30,[81100],164b Wellmeadow Road London England SE6 1HP
INTERIOR DEVELOPMENT LTD,17191133,active,ltd,,,2026-04-30,,2026-04-30,[41100],92, Hamilton Studio Carlton Hill London United Kingdom NW8 0ER
CTZ SOLUTIONS LTD,17191128,active,ltd,,,2026-04-30,,2026-04-30,[62020, 70229, 85590],71-75 Shelton Street London United Kingdom WC2H 9JQ
FOCUS ELECTRICS LTD,17191188,active,ltd,,,2026-04-30,,2026-04-30,[43210],128 City Road London United Kingdom EC1V 2NX
ALFAKOBANS LIMITED,17191169,active,ltd,,,2026-04-30,,2026-04-30,[43290, 43341],22a Ballards Lane London England N3 2HB
HLH LTD,17191204,active,ltd,,,2026-04-30,,2026-04-30,[70229],20 Wenlock Road London England N1 7GU
MILKSHAKE CITY KILBURN LTD,17191215,active,ltd,,,2026-04-30,,2026-04-30,[56102],246 Belsize Road London England NW6 4BT
METSO DEVELOPMENT GROUP LIMITED,17191254,active,ltd,,,2026-04-30,,2026-04-30,[41201, 41202],Flat 7 Rowan House London England N14 4FR
STICKON LTD,17191295,active,ltd,,,2026-04-30,,2026-04-30,[61900, 62090, 71200, 73110],128 City Road London United Kingdom EC1V 2NX
LORD SANDHAUS LTD,17191293,active,ltd,,,2026-04-30,,2026-04-30,[90010, 90030],1 Rosenau Crescent London England SW11 4RY
METRO-LUX (SOUTH) LTD,17191294,active,ltd,,,2026-04-30,,2026-04-30,[41201, 41202, 42990],66 Paul Street London United Kingdom EC2A 4NA
SEHEN INTERNATIONAL TRADING LTD,17191365,active,ltd,,,2026-04-30,,2026-04-30,[47910],Basement Floor London United Kingdom NW1 1NJ
EKMA PROPERTIES LIMITED,17191363,active,ltd,,,2026-04-30,,2026-04-30,[68209],6 Bethany Close Hornchurch England RM12 4QD
HENRIK RIDDERHEIM LTD,17189653,active,ltd,,,2026-04-29,,2026-04-29,[73110],10 Brinkworth Way Trowbridge Estate London England E9 5JX
KG FINE CONSTRUCTIONS LTD,17191374,active,ltd,,,2026-04-30,,2026-04-30,[41202],66 Haselbury Road London England N18 1QA
LARA HOLDINGS LTD,17191427,active,ltd,,,2026-04-30,,2026-04-30,[64209],167-169 Great Portland Street London England W1W 5PF
PERI GRILL CHICKEN & RICE LTD,17191423,active,ltd,,,2026-04-30,,2026-04-30,[56103],Flat 26 Plessey Building London England E14 7ET
GYMFORCE OFFICIAL LTD,17191455,active,ltd,,,2026-04-30,,2026-04-30,[47910],Suite 10789 5 Brayford Square London United Kingdom E1 0SG
IMPACTWAVE LTD,17191465,active,ltd,,,2026-04-30,,2026-04-30,[70229],167-169 Great Portland Street London United Kingdom W1W 5PF
VEYRON PRIME LTD,17191463,active,ltd,,,2026-04-30,,2026-04-30,[62012, 62090, 63120],71-75 Shelton Street London United Kingdom WC2H 9JQ
THEPLACESTYL3 LIMITED,17191464,active,ltd,,,2026-04-30,,2026-04-30,[96020],153 Edgware Road London England W2 2HR
MOLT PROPERTY MANAGEMENT LTD,17191548,active,ltd,,,2026-04-30,,2026-04-30,[68209],66 Paul Street London United Kingdom EC2A 4NA
PALM KEYS PROPERTIES LTD,17191667,active,ltd,,,2026-04-30,,2026-04-30,[68209, 82990],167-169 Great Portland Street London England W1W 5PF
AMY AGHOMI LIMITED,17191675,active,ltd,,,2026-04-30,,2026-04-30,[14190, 47710, 47910, 74100],49 Teasel Crescent London England SE28 0LP
HAYDEN WINDOW LTD,17191670,active,ltd,,,2026-04-30,,2026-04-30,[81221],Flat 12 Chertsey Court London England SW14 7RD
AKROPORA LTD,17191706,active,ltd,,,2026-04-30,,2026-04-30,[62012, 62020],Flat 11 347 York Road London England SW11 3QY
SGP FAMILY LEGACY LIMITED,17191705,active,ltd,,,2026-04-30,,2026-04-30,[41100, 64209, 68100, 68320],3 Tooting Bec Gardens London England SW16 1QY
VAULTXHEALTH LIMITED,17191723,active,ltd,,,2026-04-30,,2026-04-30,[84120, 86900],205 Lavender Hill London England SW11 5TB
LAZY CLAY'S LTD,17191744,active,ltd,,,2026-04-30,,2026-04-30,[47710, 47910],71-75 Shelton Street London United Kingdom WC2H 9JQ
BLACK SWAN CONSULTANCY GROUP LIMITED,17191751,active,ltd,,,2026-04-30,,2026-04-30,[70221, 70229],71-75 Shelton Street London United Kingdom WC2H 9JQ
HAUS MENTORING LTD,17191750,active,ltd,,,2026-04-30,,2026-04-30,[85590],124 City Road London England EC1V 2NX
BLS CARDIFF LTD,17191764,active,ltd,,,2026-04-30,,2026-04-30,[68100, 68320],C/O Cantelowes Limited London United Kingdom EC3V 3LT
SILVERLINE INVESTMENTS LTD,17191859,active,ltd,,,2026-04-30,,2026-04-30,[68209],74a High Street Wanstead London United Kingdom E11 2RJ
TECHNOLOGIX LIMITED,17191855,active,ltd,,,2026-04-30,,2026-04-30,[47990, 62020, 62090],20 Wenlock Road London England N1 7GU
NS FOODS LTD,17191903,active,ltd,,,2026-04-30,,2026-04-30,[47110],10 Mordaunt Road London England NW10 8NU
BURTON'S BAKERY LTD,17191935,active,ltd,,,2026-04-30,,2026-04-30,[56102],5 Brayford Square London England E1 0SG
DEWLOYAL LTD,17191933,active,ltd,,,2026-04-30,,2026-04-30,[62012],128 City Road London United Kingdom EC1V 2NX
SATWORKERS LIMITED,17191968,active,ltd,,,2026-04-30,,2026-04-30,[62012, 62090, 63120, 78109],Office 6491 K A 182-184 High Street North London United Kingdom E6 2JA
JRM VENTURES LTD,17191962,active,ltd,,,2026-04-30,,2026-04-30,[59112, 74202],4-6 Greatorex Street London England E1 5NF
D11TH HOUR LTD,17191984,active,ltd,,,2026-04-30,,2026-04-30,[47910],110 Blackborne Road Dagenham London United Kingdom RM10 8SL
THE HEALTH AND WELLNESS GROUP LTD,17192015,active,ltd,,,2026-04-30,,2026-04-30,[64209],151 Beauchamp Road London England SE19 3DA
LUMAYSA LTD,17192067,active,ltd,,,2026-04-30,,2026-04-30,[47910],128 City Road London United Kingdom EC1V 2NX
BY DOT LTD,17192054,active,ltd,,,2026-04-30,,2026-04-30,[46410],66 Paul Street London United Kingdom EC2A 4NA
PATIO 2 HOTELS (UK) LTD,17192060,active,ltd,,,2026-04-30,,2026-04-30,[55100],70 Portland Place London England W1B 1NP
LONDON DOCKLANDS HOTEL HOLDINGS LIMITED,17188178,active,ltd,,,2026-04-29,,2026-04-29,[64209],1st Floor 88 Baker Street London England W1U 6TQ
JIGSAW GLOBAL LTD,17188186,active,ltd,,,2026-04-29,,2026-04-29,[62020, 70229],82 Tenterden Drive London United Kingdom NW4 1EE
LAYALI AL BEIRUT LTD,17188246,active,ltd,,,2026-04-29,,2026-04-29,[56102],176-177 Forest Lane London England E7 9BB
SOL3MATES LTD,17188254,active,ltd,,,2026-04-29,,2026-04-29,[46420, 47710, 47910],66 Paul Street London England EC2A 4NA
SKILLSTREAMPROUK LIMITED,17188272,active,ltd,,,2026-04-29,,2026-04-29,[43999],27 Old Gloucester Street London United Kingdom WC1N 3AX
AUVERIA LABS LTD,17188261,active,ltd,,,2026-04-29,,2026-04-29,[10860, 46460, 47910],66 Paul Street London England EC2A 4NA
SWAN101 LTD,17175978,active,ltd,,,2026-04-23,,2026-04-23,[68209],Unit 4 Fountayne Business Centre London England N15 4AG
P&J PUB SERVICES LTD,17188293,active,ltd,,,2026-04-29,,2026-04-29,[56302],66 Paul Street London United Kingdom EC2A 4NA
TR BUILDING & ROOFING LIMITED,17188308,active,ltd,,,2026-04-29,,2026-04-29,[43390, 43910],71-75 Shelton Street London United Kingdom WC2H 9JQ
LABAS HEALTH LTD,17188352,active,ltd,,,2026-04-29,,2026-04-29,[62012, 62020, 86900],21 Sir Alexander Close London England W3 7JQ
ENTERPRISE DATA PARTNERS LTD,17176737,active,ltd,,,2026-04-23,,2026-04-23,[62020],71-75 Shelton Street London United Kingdom WC2H 9JQ
FIGHTER READY LTD,17188544,active,ltd,,,2026-04-29,,2026-04-29,[62011],71-75 Shelton Street London United Kingdom WC2H 9JQ
AUSPICIOUS PARTNERS LTD,17188604,active,ltd,,,2026-04-29,,2026-04-29,[70229],Born & Co. 1st Floor, Devonshire House London United Kingdom W1J 8AJ
AMARUZ HOLDING LIMITED,17188587,active,ltd,,,2026-04-29,,2026-04-29,[64209],2 Greyhound Lane London England SW16 5NL
KYVERA SYSTEMS LTD,17188593,active,ltd,,,2026-04-29,,2026-04-29,[62012],132 Oakdale Road London England E11 4DL
POWER COUPLE LTD,17188591,active,ltd,,,2026-04-29,,2026-04-29,[68209],39 Nash Road Romford England RM6 5JL
KALSOON LTD,17188644,active,ltd,,,2026-04-29,,2026-04-29,[96090],Suite 35 The Designworks London United Kingdom NW10 4HT
LIQUID3 LTD,17188700,active,ltd,,,2026-04-29,,2026-04-29,[64991, 66120],128 City Road London United Kingdom EC1V 2NX
MSA PRESTIGE PERFORMANCE LTD,17188707,active,ltd,,,2026-04-29,,2026-04-29,[45112],32 Woodstock Grove London England W12 8LE
IDRAAK AI LIMITED,17136411,active,ltd,,,2026-04-03,,2026-04-03,[62012, 62020, 72190, 74909],Office 18283 182-184 High Street North London England E6 2JA
BEE SAVO LTD,17188744,active,ltd,,,2026-04-29,,2026-04-29,[68100, 68209, 68310, 68320],20 Wenlock Road London England N1 7GU
INDIGO MANCHESTER VICTORIA LIMITED,17134822,active,ltd,,,2026-04-02,,2026-04-02,[68320],C/O Zedwell Hotel Great Windmill Street London United Kingdom W1D 7DH
CIVO UK SPV2 LTD,17188789,active,ltd,,,2026-04-29,,2026-04-29,[62020],First Floor London United Kingdom EC2A 4AW
DOTUN KASSIM LTD,17188837,active,ltd,,,2026-04-29,,2026-04-29,[47910, 70229, 82990],71-75 Shelton Street London United Kingdom WC2H 9JQ
CAPITALPLUS GROUP LTD,17188829,active,ltd,,,2026-04-29,,2026-04-29,[70229],71-75 Shelton Street London United Kingdom WC2H 9JQ
TOINE DROPSHIPPING LTD,17188830,active,ltd,,,2026-04-29,,2026-04-29,[47910, 47990],71-75 Shelton Street London United Kingdom WC2H 9JQ
HEIRESSLABEL LTD,17188887,active,ltd,,,2026-04-29,,2026-04-29,[96020],128 City Road London United Kingdom EC1V 2NX
OROLUX CITY LIMITED,17188894,active,ltd,,,2026-04-29,,2026-04-29,[93130],27 Old Gloucester Street London United Kingdom WC1N 3AX
A&V COLLECTIVE LIMITED,17188909,active,ltd,,,2026-04-29,,2026-04-29,[68100],Lawford House London England N3 1QA
HARLEM TRADES LIMITED,17188936,active,ltd,,,2026-04-29,,2026-04-29,[47910],45 Fourth Avenue London England E12 6DP
CAPE TOPCO LIMITED,17188969,active,ltd,,,2026-04-29,,2026-04-29,[64209],C/O Fpe Capital 2nd Floor London United Kingdom W1B 4DE
LUKE ASH P&D LTD,17188956,active,ltd,,,2026-04-29,,2026-04-29,[43330, 43341, 43390, 43999],International House London United Kingdom SW11 5RQ
CLEARED PAYMENTS LIMITED,17179211,active,ltd,,,2026-04-24,,2026-04-24,[64999],Suite 11, Boundary House London England W7 2QE
AARUDHRA NEXTGEN AI LIMITED,17189093,active,ltd,,,2026-04-29,,2026-04-29,[58290, 62012, 62020, 63110],71-75 Shelton Street London United Kingdom WC2H 9JQ
SILVER QUAY LIMITED,17189112,active,ltd,,,2026-04-29,,2026-04-29,[69203],95 Wilton Road London United Kingdom SW1V 1BZ
BANFI LIMITED,17189159,active,ltd,,,2026-04-29,,2026-04-29,[45310, 46690, 70229, 77390],5 Brayford Square London England E1 0SG
COLLABME LTD,17189209,active,ltd,,,2026-04-29,,2026-04-29,[47910],66 Paul Street London United Kingdom EC2A 4NA
MARKET HUT LIMITED,17189218,active,ltd,,,2026-04-29,,2026-04-29,[47890, 47990],Studio 1 Coachworks London United Kingdom E8 2AA
CAPE MIDCO LIMITED,17189292,active,ltd,,,2026-04-29,,2026-04-29,[64209],C/O Fpe Capital 2nd Floor London United Kingdom W1B 4DE
TAU ENERGIES LTD,17189364,active,ltd,,,2026-04-29,,2026-04-29,[35110, 35300],128 City Road London United Kingdom EC1V 2NX
STEVE MAUD CREATIVE CONSULTANTS LIMITED,17158353,active,ltd,,,2026-04-15,,2026-04-15,[59112],20 Wenlock Road London England N1 7GU
GAFFER HQ LTD,17189389,active,ltd,,,2026-04-29,,2026-04-29,[62011, 63110, 63120, 93120],71-75 Shelton Street London United Kingdom WC2H 9JQ
SATURDAY SOLUTIONS LTD,17189369,active,ltd,,,2026-04-29,,2026-04-29,[62012, 62090, 70229, 73110],71-75 Shelton Street London United Kingdom WC2H 9JQ
SIMPSON COMPONENTS HOLDINGS LIMITED,17189376,active,ltd,,,2026-04-29,,2026-04-29,[64209],10-11 Charterhouse Square London United Kingdom EC1M 6EE
MTFX LIMITED,17186285,active,ltd,,,2026-04-28,,2026-04-28,[64999],45 Gresham Street London United Kingdom EC2V 7BG
SHARIATECH AI LIMITED,17189354,active,ltd,,,2026-04-29,,2026-04-29,[62012, 62020, 64209, 70100],71-75 Shelton Street London United Kingdom WC2H 9JQ
TECHSTONE TRADING LIMITED,17189414,active,ltd,,,2026-04-29,,2026-04-29,[96090],72 Halliwick Road London England N10 1AB
DISS LOGISTICS LTD,17144442,active,ltd,,,2026-04-08,,2026-04-08,[49410],20 Wenlock Road London England N1 7GU
SOLOMON PRESTIGE GROUP LTD,17189399,active,ltd,,,2026-04-29,,2026-04-29,[68310, 70229, 74909, 82990],71-75 Shelton Street London United Kingdom WC2H 9JQ
BELLEVUE BYTES LIMITED,17189408,active,ltd,,,2026-04-29,,2026-04-29,[62012],71-75 Shelton Street London United Kingdom WC2H 9JQ
IRH MANCO LIMITED,17189410,active,ltd,,,2026-04-29,,2026-04-29,[68320],Level 8 Ilona Rose House London United Kingdom W1D 4AL
ORTIGON LTD,17189491,active,ltd,,,2026-04-29,,2026-04-29,[46900, 47910],Flat 1 31 Long Acre London England WC2E 9LA
RADIPULLS LTD,17189480,active,ltd,,,2026-04-29,,2026-04-29,[47650, 47910],66 Paul Street London United Kingdom EC2A 4NA
37 WOODSTOCK AVENUE FREEHOLD LIMITED,17189501,active,ltd,,,2026-04-29,,2026-04-29,[98000],37 Woodstock Avenue London United Kingdom NW11 9RG
KRABKARDS LTD,17189541,active,ltd,,,2026-04-29,,2026-04-29,[47650],71-75 Shelton Street London United Kingdom WC2H 9JQ
WILD THINGS LTD,17189546,active,ltd,,,2026-04-29,,2026-04-29,[69201, 96020],71-75 Shelton Street London United Kingdom WC2H 9JQ
OSTVIK LTD,17189560,active,ltd,,,2026-04-29,,2026-04-29,[70229, 73110, 74909],66 Paul Street London United Kingdom EC2A 4NA
BARBER HOUSE LUMI LTD,17189557,active,ltd,,,2026-04-29,,2026-04-29,[96020],190 Billet Road London England E17 5DX
PROTEK HEATING & MAINTENANCE LIMITED,17189563,active,ltd,,,2026-04-29,,2026-04-29,[43210, 43220],54 First Avenue London United Kingdom W3 7JW
R D LYONS LTD,17189561,active,ltd,,,2026-04-29,,2026-04-29,[74100],71-75 Shelton Street London United Kingdom WC2H 9JQ
EYOKA TRADING LTD,17189577,active,ltd,,,2026-04-29,,2026-04-29,[46190],124 City Road Greater London United Kingdom EC1V 2NX
DATA SCI LON LTD,17189553,active,ltd,,,2026-04-29,,2026-04-29,[62020],71-75 Shelton Street London United Kingdom WC2H 9JQ
ASYMMETRY DATA LTD,17189579,active,ltd,,,2026-04-29,,2026-04-29,[70100],71-75 Shelton Street London United Kingdom WC2H 9JQ
WIGS LDN LTD,17189569,active,ltd,,,2026-04-29,,2026-04-29,[47910, 96020],74 Hewitt Avenue London United Kingdom N22 6QD
THATCH & FETCH STUDIOS LIMITED,17189649,active,ltd,,,2026-04-29,,2026-04-29,[23490, 74100, 90030],34 Crest Building 37 Wharf Road London United Kingdom N1 7GY
AI BUILDER JOBS LTD,17189661,active,ltd,,,2026-04-29,,2026-04-29,[82990],66 Paul Street London United Kingdom EC2A 4NA
THIRD FRAME STUDIOS LIMITED,17189656,active,ltd,,,2026-04-29,,2026-04-29,[59111, 59113, 59133],Elsley Court London United Kingdom W1W 8BE
ARTOPOLIS ACADEMY LTD,17189730,active,ltd,,,2026-04-29,,2026-04-29,[85100, 85200, 85520, 85590],Front Basement London England SW10 9HH
MERIVA IMPACT LTD,17189801,active,ltd,,,2026-04-29,,2026-04-29,[70229, 71122, 72190, 74909],71-75 Shelton Street London United Kingdom WC2H 9JQ
MSSN HOLDING LIMITED,17189796,active,ltd,,,2026-04-29,,2026-04-29,[64209],9 Chapel Place London England EC2A 3DQ
RHOMITA LTD,17189797,active,ltd,,,2026-04-29,,2026-04-29,[58210, 62011],71-75 Shelton Street London United Kingdom WC2H 9JQ
APEXOR LTD,17189815,active,ltd,,,2026-04-29,,2026-04-29,[46410],66 Paul Street London United Kingdom EC2A 4NA
MORINA BUILD LTD,17189873,active,ltd,,,2026-04-29,,2026-04-29,[41201],134 Fonthill Road London England N4 3HP
AH WORLDWIDE CONSULTING LTD,17189865,active,ltd,,,2026-04-29,,2026-04-29,[70229],Unit A559 4-6 Greatorex Street London England E1 5NF
MYNTD LTD,17163528,active,ltd,,,2026-04-17,,2026-04-17,[70229],Flat 3 91, Glennie Road London England SE27 0LX
UORPAY LIMITED,17189862,active,ltd,,,2026-04-29,,2026-04-29,[62020, 62090, 66300],71-75 Shelton Street London United Kingdom WC2H 9JQ
CONSYS LIMITED,17189948,active,ltd,,,2026-04-29,,2026-04-29,[70229, 71122, 74909],18 Rectory Road London England E17 3BQ
STREAMLINE LEEHIGH LTD,17189979,active,ltd,,,2026-04-29,,2026-04-29,[68100],1 Russell Gardens London England NW11 9NJ
UNIQUE BEAUTY TREATMENTS LIMITED,17189967,active,ltd,,,2026-04-29,,2026-04-29,[96020],104 Fortune Green Road London England NW6 1DS
MUSE&MORTAR STUDIO LIMITED,17189976,active,ltd,,,2026-04-29,,2026-04-29,[90030],26 Simmons Lane London England E4 6JH
SILENTFOX LABS LTD,17189974,active,ltd,,,2026-04-29,,2026-04-29,[63110],483 Green Lanes London England N13 4FG
WORLD TECH X LTD,17190022,active,ltd,,,2026-04-29,,2026-04-29,[70229],167-169, Great Portland Street, Fifth Floor Great Portland Street London United Kingdom W1W 5PF
GULLDRONE LTD,17190028,active,ltd,,,2026-04-29,,2026-04-29,[52290],Flat 50, 1, Regent Court North Bank London United Kingdom NW8 8UN
SHUJA HOLDINGS LTD,17190009,active,ltd,,,2026-04-29,,2026-04-29,[64209],Flat 80 The Library 2a St. Luke's Avenue, London United Kingdom SW4 7EB
A BEAUTIFUL CALL LTD,17190070,active,ltd,,,2026-04-29,,2026-04-29,[63120],124 City Road London England EC1V 2NX
HOMEWARD RECOVERY COMPANIONS LTD,17190078,active,ltd,,,2026-04-29,,2026-04-29,[96090],5 Brayford Square London England E1 0SG
ORIGIN HOUSE MANAGEMENT LTD,17190064,active,ltd,,,2026-04-29,,2026-04-29,[59112, 70210, 73110],66 Paul Street London United Kingdom EC2A 4NA
NOVABRIDGE IT LIMITED,17190061,active,ltd,,,2026-04-29,,2026-04-29,[62012, 62020],27 Old Gloucester St London United Kingdom WC1N 3AX
YDY CONSULTING LTD,17190136,active,ltd,,,2026-04-29,,2026-04-29,[70229],167-169 Great Portland Street, 5th Floor London England W1W 5PF
ISLA TALENT LTD,17190211,active,ltd,,,2026-04-29,,2026-04-29,[78200],66 Paul Street London United Kingdom EC2A 4NA
CALM WEALTH PRESS LTD,17190270,active,ltd,,,2026-04-29,,2026-04-29,[58110, 58190, 70229, 85590],128 City Road London United Kingdom EC1V 2NX
LANES HIRE LTD,17190281,active,ltd,,,2026-04-29,,2026-04-29,[71129],66 Paul Street London United Kingdom EC2A 4NA
RAVEN GOODS STORING LTD,17190381,active,ltd,,,2026-04-29,,2026-04-29,[52243],71-75 Shelton Street London United Kingdom WC2H 9JQ
REVSPHERE LTD,17190362,active,ltd,,,2026-04-29,,2026-04-29,[47910, 59200, 90010, 90020],71-75 Shelton Street London United Kingdom WC2H 9JQ
10 SEASONS LTD,17190373,active,ltd,,,2026-04-29,,2026-04-29,[68100, 68209],Lower Ground Floor London England N15 6LT
HOLD INVESTCO LTD,17190374,active,ltd,,,2026-04-29,,2026-04-29,[64209],136-148 Tooley Street London England SE1 2TU
MJSS HOMES LIMITED,17190406,active,ltd,,,2026-04-29,,2026-04-29,[68209],128 City Road London United Kingdom EC1V 2NX
REX STREET LTD,17190418,active,ltd,,,2026-04-29,,2026-04-29,[73110],66 Paul Street London United Kingdom EC2A 4NA
FYTORNE LIMITED,17190434,active,ltd,,,2026-04-29,,2026-04-29,[62090, 71129],124 City  Road London United Kingdom EC1V 2NX
PATHORACO LTD,17190526,active,ltd,,,2026-04-29,,2026-04-29,[47910],Flat 12, Arthur Henderson House London United Kingdom SW6 4JU
ASTRAWAVE 5 PROPCO LIMITED,17190547,active,ltd,,,2026-04-29,,2026-04-29,[68209],38 Lombard Street London England EC3V 9BS
SPOMENIK LIMITED,17152636,active,ltd,,,2026-04-12,,2026-04-12,[52103],213 Stoke Newington High Street London England N16 0LH
PAUSCHE CREATIVE GROUP LIMITED,17190614,active,ltd,,,2026-04-29,,2026-04-29,[58190, 74909, 90030],10 Menlo Gardens London England SE19 3DU
KENYA FESTIVAL (KEN-FEST) LIMITED,17190727,active,ltd,,,2026-04-29,,2026-04-29,[47810, 47820, 56210, 79110],4 Peak Hill Gardens London England SE26 4LE
DA MARIO KENSINGTON LTD,17175697,active,ltd,,,2026-04-23,,2026-04-23,[56101],15 Gloucester Road London England SW7 4PP
YD NADLAN LTD,17190819,active,ltd,,,2026-04-29,,2026-04-29,[68100, 68209],56 Daleview Road London England N15 6PJ
ANODE GLOBAL LIMITED,17190889,active,ltd,,,2026-04-30,,2026-04-30,[46520],167-169 Great Portland Street London England W1W 5PF
KITTA LTD,17191033,active,ltd,,,2026-04-30,,2026-04-30,[58290],128 City Road London United Kingdom EC1V 2NX
ERIKUS CONSTRUCTION LTD,17191034,active,ltd,,,2026-04-30,,2026-04-30,[41201, 41202],23 Lawson Close London United Kingdom E16 3JS
GAMJI PROPERTIES LTD,17191042,active,ltd,,,2026-04-30,,2026-04-30,[68209],71-75 Shelton Street London United Kingdom WC2H 9JQ
APP STR LIMITED,17191114,active,ltd,,,2026-04-30,,2026-04-30,[62012, 63120],15 Hanover Square London England W1S 1HS
ELAIA WELLNESS LTD,17191112,active,ltd,,,2026-04-30,,2026-04-30,[46330, 86900],66 Paul Street London United Kingdom EC2A 4NA
SM & L PROPERTY LTD,17191236,active,ltd,,,2026-04-30,,2026-04-30,[68100, 68209],Suite 9 Dalton House London United Kingdom SW19 2RR
GDM VERTEX LIMITED,17191238,active,ltd,,,2026-04-30,,2026-04-30,[82990],167-169 Great Portland Street London United Kingdom W1W 5PF
SBBA HOLDING LTD,17191244,active,ltd,,,2026-04-30,,2026-04-30,[64209],23 Marylands Road London England W9 2DU
ASA CHUKS UK LIMITED,17191277,active,ltd,,,2026-04-30,,2026-04-30,[43290],66 Waterside Close London United Kingdom SE28 0GS
VAN ZEELAND ADVISORY LTD,17191324,active,ltd,,,2026-04-30,,2026-04-30,[70229],29 Foskett Road London England SW6 3LY
AEGIS ENERGY SMITHYWOOD TRADING LTD,17191349,active,ltd,,,2026-04-30,,2026-04-30,[52219],27-31 Clerkenwell Close London England EC1R 0AT
RETRIEVERAI LTD,17191392,active,ltd,,,2026-04-30,,2026-04-30,[58290],66 Paul Street London United Kingdom EC2A 4NA
WEBFRESH LTD,17191389,active,ltd,,,2026-04-30,,2026-04-30,[47910, 58110, 58190, 63120],71-75 Shelton Street London United Kingdom WC2H 9JQ
INTROSURE LIMITED,17139542,active,ltd,,,2026-04-07,,2026-04-07,[82990],167-169 Great Portland Street London England W1W 5PF
MOSIQ LTD,17191380,active,ltd,,,2026-04-30,,2026-04-30,[59112, 62012],167-169 Great Portland Street London England W1W 5PF
MCKAY COMMERCIAL LIMITED,17191397,active,ltd,,,2026-04-30,,2026-04-30,[70229],71-75 Shelton Street London United Kingdom WC2H 9JQ
PROPIFY SW LTD,17141718,active,ltd,,,2026-04-07,,2026-04-07,[68209],124-128 City Road London England EC1V 2NX
ATM PAYMENTS AND PROCESSING LTD,17191417,active,ltd,,,2026-04-30,,2026-04-30,[66190],71-75 Shelton Street London United Kingdom WC2H 9JQ
OLDA UK LTD,17191416,active,ltd,,,2026-04-30,,2026-04-30,[25990],71-75 Shelton Street London United Kingdom WC2H 9JQ
KALPA GROUP LIMITED,17191409,active,ltd,,,2026-04-30,,2026-04-30,[78109],128 City Road London United Kingdom EC1V 2NX
ALEXANDROFF HOLDINGS LTD,17191449,active,ltd,,,2026-04-30,,2026-04-30,[68100, 68209],102 Hatton Garden London United Kingdom EC1N 8LY
HYM PROP LIMITED,17191517,active,ltd,,,2026-04-30,,2026-04-30,[68100],20 Goodge Place London England W1T 4SH
HANOVER CAPITAL AI LTD,17191522,active,ltd,,,2026-04-30,,2026-04-30,[68100],45, 3rd Floor Albemarle Street London United Kingdom W1S 4JL
AI SHIFT DIGITAL LTD,17191528,active,ltd,,,2026-04-30,,2026-04-30,[62090],71-75 Shelton Street London United Kingdom WC2H 9JQ
TRADEPOINT INTERNATIONAL LTD,17191527,active,ltd,,,2026-04-30,,2026-04-30,[62020, 70229],66 Paul Street London United Kingdom EC2A 4NA
IFW MARKETING SUITE LTD,17191500,active,ltd,,,2026-04-30,,2026-04-30,[73110],Suite Ra01 195-197 Wood Street London United Kingdom E17 3NU
STAAY GROUP LTD,17191561,active,ltd,,,2026-04-30,,2026-04-30,[68310],66 Paul Street London United Kingdom EC2A 4NA
RAIJIN LTD,17191564,active,ltd,,,2026-04-30,,2026-04-30,[62012],71-75 Shelton Street London United Kingdom WC2H 9JQ
SALT ATLAS LTD,17191615,active,ltd,,,2026-04-30,,2026-04-30,[79120, 79901, 79909],89 Hazellville Road London England N19 3NB
WAYLAND SECURITY LTD,17191643,active,ltd,,,2026-04-30,,2026-04-30,[80100],71-75 Shelton Street London United Kingdom WC2H 9JQ
TRISONS PVT LIMITED,17191701,active,ltd,,,2026-04-30,,2026-04-30,[47910],Office 18673 182-184 High Street North London United Kingdom E6 2JA
MUGENCHARGE LTD,17191788,active,ltd,,,2026-04-30,,2026-04-30,[47410, 95110],167-169 Great Portland Street London England W1W 5PF
GUDT LTD,17191793,active,ltd,,,2026-04-30,,2026-04-30,[86102],167-169 Great Portland Street London United Kingdom W1W 5PF
GEORGE GALE RAIL LTD,17191797,active,ltd,,,2026-04-30,,2026-04-30,[42120],23a The Precinct Waterlooville United Kingdom PO7 7DT
THE LUCKY STAR COLLECTIVE LTD,17191812,active,ltd,,,2026-04-30,,2026-04-30,[47789, 47910, 93290, 96040],4-6 Greatorex Street London United Kingdom E1 5NF
VELTRIX MM LTD,17189741,active,ltd,,,2026-04-29,,2026-04-29,[47910, 62012, 62090, 63120],239 High Street Kensington London United Kingdom W8 6SN
DILOSS LTD,17191837,active,ltd,,,2026-04-30,,2026-04-30,[47910],Suite 10791 5 Brayford Square London United Kingdom E1 0SG
AMBER & OLIVE INVESTMENTS LTD,17191842,active,ltd,,,2026-04-30,,2026-04-30,[68209],C/O Getground London England W6 0NB
MERCURA HOLDINGS LTD,17191846,active,ltd,,,2026-04-30,,2026-04-30,[64209],5th Floor 167-169 Great Portland Street London United Kingdom W1W 5PF
FLORE LONDON LTD,17191883,active,ltd,,,2026-04-30,,2026-04-30,[46480, 47770],95 Vicars Moor Lane London England N21 1BL
BLS WORKSOP LTD,17191878,active,ltd,,,2026-04-30,,2026-04-30,[68100, 68320],C/O Cantelowes Limited London United Kingdom EC3V 3LT
ZYMETA LIMITED,17191879,active,ltd,,,2026-04-30,,2026-04-30,[62012, 72110, 72190],Elsley Court London United Kingdom W1W 8BE
YUCHENART LTD,17191906,active,ltd,,,2026-04-30,,2026-04-30,[46480],22 Springfield Avenue London England SW20 9JX
KIMKYOCU LTD,17191908,active,ltd,,,2026-04-30,,2026-04-30,[68100, 68209],128 City Road London United Kingdom EC1V 2NX
OKOSI ADVISORY LTD,17191940,active,ltd,,,2026-04-30,,2026-04-30,[70229, 82990, 85590],71-75 Shelton Street London United Kingdom WC2H 9JQ
IRELAND UK HAPPY ORBIT LTD,17191991,active,ltd,,,2026-04-30,,2026-04-30,[46180, 47650, 47789, 47910],128 City Road London United Kingdom EC1V 2NX
GRACEMEET LTD,17192031,active,ltd,,,2026-04-30,,2026-04-30,[62012],66 Paul Street London United Kingdom EC2A 4NA
EJS CIVILS LIMITED,17159930,active,ltd,,,2026-04-15,,2026-04-15,[42990],23a The Precinct Waterlooville England PO7 7DT
NEXAURAA LTD,17192119,active,ltd,,,2026-04-30,,2026-04-30,[62012, 63990, 82990],167-169 5th Floor Great Portland Street London England W1W 5PF
SAJIDYIWU LIMITED,17192195,active,ltd,,,2026-04-30,,2026-04-30,[47910],Crown House London England NW10 7PN
LUMINAFACE UK BEAUTY & GLOBAL TRADING LIMITED,17192183,active,ltd,,,2026-04-30,,2026-04-30,[17220, 46450],167-169 Great Portland Street, London United Kingdom W1W 5PF
A-PEARL UK LTD,17192222,active,ltd,,,2026-04-30,,2026-04-30,[47910],Office 18404 182-184 High Street North London United Kingdom E6 2JA
ANAYA TECH LTD,17192231,active,ltd,,,2026-04-30,,2026-04-30,[62012, 74909, 96090],124 City Road London England EC1V 2NX
ERK PROJECT UK LTD,17192230,active,ltd,,,2026-04-30,,2026-04-30,[70229, 74902],74a High Street Wanstead London England E11 2RJ
PAVILION EDGE LTD,17192249,active,ltd,,,2026-04-30,,2026-04-30,[78109, 78200],71-75 Shelton Street London United Kingdom WC2H 9JQ
VILEX AESTHETIC CLINIC LTD,17192261,active,ltd,,,2026-04-30,,2026-04-30,[96020],20 Wenlock Road London England N1 7GU
PECKHAM FISH LIMITED,17192259,active,ltd,,,2026-04-30,,2026-04-30,[47230],77 Rye Lane London England SE15 5EX
COMPLAINT INTELLIGENCE ENGINE LTD,17192271,active,ltd,,,2026-04-30,,2026-04-30,[62012, 62020],2nd Floor College House Ruislip, United Kingdom HA4 7AE
TTN NAIL CLUB LTD,17192267,active,ltd,,,2026-04-30,,2026-04-30,[96020],203 North End Road London England W14 9NL
LAGOM FA LTD,17192275,active,ltd,,,2026-04-30,,2026-04-30,[70229],The Shard Floor 24/25 London England SE1 9SG
APLITIQ LTD,17192296,active,ltd,,,2026-04-30,,2026-04-30,[62011, 62012, 63110],Office 18707 182-184 High Street North London United Kingdom E6 2JA
RECLAMATION LIVING LIMITED,17192286,active,ltd,,,2026-04-30,,2026-04-30,[47190, 47890, 47910],Birchdown London Road Pulborough England RH20 3BP
GLOBANISE SERVICES (UK) LIMITED,17192310,active,ltd,,,2026-04-30,,2026-04-30,[47910, 70229],71-75 Shelton Street London United Kingdom WC2H 9JQ
AZAL STUDIO LTD,17192304,active,ltd,,,2026-04-30,,2026-04-30,[59120, 74100, 82990],124 City Road London England EC1V 2NX
AVELQEN LTD,17192327,active,ltd,,,2026-04-30,,2026-04-30,[47910],124 City Road London United Kingdom EC1V 2NX
HERMOSA VENTURES HOLDING LTD,17192308,active,ltd,,,2026-04-30,,2026-04-30,[01240, 01250],21 Ellis Street London United Kingdom SW1X 9AL
NEON TURTLE LTD,17192349,active,ltd,,,2026-04-30,,2026-04-30,[59111],13 Begbie Road London England SE3 8BY
HIRAKON LIMITED,17192369,active,ltd,,,2026-04-30,,2026-04-30,[68209],1 Millers Row London England E20 1HN
HB CCTV INSTALATION LIMITED,17192373,active,ltd,,,2026-04-30,,2026-04-30,[80200],23 Philbeach Gardens London England SW5 9DY
SUBASTA FALCON MOTORS LTD,17192379,active,ltd,,,2026-04-30,,2026-04-30,[45112, 45190],71-75 Shelton Street London United Kingdom WC2H 9JQ
BEAGH PROPERTIES LTD,17192381,active,ltd,,,2026-04-30,,2026-04-30,[68209],71-75 Shelton Street London United Kingdom WC2H 9JQ
MRINTELLIGENCE &CO LTD,17192421,active,ltd,,,2026-04-30,,2026-04-30,[66190, 69109, 70229],5 Brayford Square London England E1 0SG
CLEARSKIES HOLDINGS I LTD,17192415,active,ltd,,,2026-04-30,,2026-04-30,[64204],5-10 Bolton Street Mayfair United Kingdom W1J 8BA
FIRST BORN ARCHIVE LTD,17192422,active,ltd,,,2026-04-30,,2026-04-30,[46160],Unit 6 394 Camden Road London England N7 0SJ
HORIZON YIELD LTD,17192443,active,ltd,,,2026-04-30,,2026-04-30,[68100],10 Craven Walk London United Kingdom N16 6BT
PART SCANNER LTD,17192427,active,ltd,,,2026-04-30,,2026-04-30,[62012, 62090, 63120, 73110],5 Brayford Square London United Kingdom E1 0SG
JASON MEDIA GROUP LTD,17192441,active,ltd,,,2026-04-30,,2026-04-30,[59112],71-75 Shelton Street London United Kingdom WC2H 9JQ
NESTMERE LTD,17192505,active,ltd,,,2026-04-30,,2026-04-30,[47910],Office 1157 60 Tottenham Court Road London United Kingdom W1T 2EW
DK PIF LTD,17192513,active,ltd,,,2026-04-30,,2026-04-30,[64209],277-279 Chiswick High Road London United Kingdom W4 4PU
INGENCIUM LTD,17192508,active,ltd,,,2026-04-30,,2026-04-30,[70229],66 Paul Street London United Kingdom EC2A 4NA
D LEARNING EXCELLENCE LIMITED,17192517,active,ltd,,,2026-04-30,,2026-04-30,[85590],Office 18661 182-184 High Street North East Ham United Kingdom E6 2JA
AJMOL LIMITED,17192522,active,ltd,,,2026-04-30,,2026-04-30,[86220],71-75 Shelton Street London United Kingdom WC2H 9JQ
O CLARKE CONTRACTING LTD,17192521,active,ltd,,,2026-04-30,,2026-04-30,[43290],66 Paul Street London United Kingdom EC2A 4NA
HERAVOX LTD,17192543,active,ltd,,,2026-04-30,,2026-04-30,[96090],105 Thornsbeach Road London England SE6 1EY
MSA CORE LTD,17192541,active,ltd,,,2026-04-30,,2026-04-30,[82990],22 Clements Rd London United Kingdom E6 2DE
PL LABS LIMITED,17192585,active,ltd,,,2026-04-30,,2026-04-30,[75000],1 Canada Square London England E14 5AB
RADIX GROUP LTD,17192580,active,ltd,,,2026-04-30,,2026-04-30,[47910, 63120, 64209, 82990],71-75 Shelton Street London United Kingdom WC2H 9JQ
SAFNAX LIMITED,17192598,active,ltd,,,2026-04-30,,2026-04-30,[47910],71-75 Shelton Street London United Kingdom WC2H 9JQ
GHOUL MADE GAMES LTD,17192569,active,ltd,,,2026-04-30,,2026-04-30,[62011],167-169 Great Portland Street London England W1W 5PF
SHIGGINS LIMITED,17192627,active,ltd,,,2026-04-30,,2026-04-30,[78300],3 Triathlon Point London United Kingdom E20 1PA
YAYA ENTERPRISE LTD,17192603,active,ltd,,,2026-04-30,,2026-04-30,[47910],39 George Road London England E4 8NF
DA COSTA CAKES LTD,17192637,active,ltd,,,2026-04-30,,2026-04-30,[56103],Flat 3 James Stewart House London England NW6 7XY
ASQAURE PUBLISHING LIMITED,17192631,active,ltd,,,2026-04-30,,2026-04-30,[58110, 58141, 74909, 82302],182-184 High Street North London England E6 2JA
BIANCO LOGISTICS LTD,17192665,active,ltd,,,2026-04-30,,2026-04-30,[49410],88a London Road East Grinstead England RH19 1EP
FOUNDRY COMPLIANCE LTD,17192669,active,ltd,,,2026-04-30,,2026-04-30,[62012],71-75 Shelton Street London United Kingdom WC2H 9JQ
NEXUSYSTEM LTD,17192671,active,ltd,,,2026-04-30,,2026-04-30,[62012],124-128 City Road London England EC1V 2NX
ORKAN SOFTWARE LTD,17192691,active,ltd,,,2026-04-30,,2026-04-30,[47910, 62012],71-75 Shelton Street London United Kingdom WC2H 9JQ
FAHD NA CONSULTING LTD,17192687,active,ltd,,,2026-04-30,,2026-04-30,[62020],71-75 Shelton Street London United Kingdom WC2H 9JQ
SENTEC.AI LTD,17192708,active,ltd,,,2026-04-30,,2026-04-30,[62020],167-169 Great Portland Street London England W1W 5PF
EZAD CONSULTANT LTD,17192731,active,ltd,,,2026-04-30,,2026-04-30,[74909],66 Paul Street London United Kingdom EC2A 4NA
CHANDHIOK INVESTMENTS LIMITED,17192732,active,ltd,,,2026-04-30,,2026-04-30,[68209],Unit 3f, Beaver Industrial Park Southall United Kingdom UB2 5FB
CREWNICORN LTD,17192729,active,ltd,,,2026-04-30,,2026-04-30,[63120],66 Paul Street London England EC2A 4NA
PRO CARE LETTINGS LIMITED,17192748,active,ltd,,,2026-04-30,,2026-04-30,[68100, 68209],4, Reculver House, Flat 12 Lovelinch Close London United Kingdom SE15 1JW
YQS E-COMMERCE LTD,17192764,active,ltd,,,2026-04-30,,2026-04-30,[47190],Flat 1, 121a Ilford Lane Greater London United Kingdom IG1 2RN
YEMES WILDERTON LIMITED,17192768,active,ltd,,,2026-04-30,,2026-04-30,[68209],147 Stamford Hill London England N16 5LG
LUMEN TECHNOLOGY LTD,17192776,active,ltd,,,2026-04-30,,2026-04-30,[58290],66 Paul Street London United Kingdom EC2A 4NA
NZIMA LTD,17192789,active,ltd,,,2026-04-30,,2026-04-30,[68201],223 Portland Road London England SE25 4XB
IRONBRIDGE SEARCH LTD,17192805,active,ltd,,,2026-04-30,,2026-04-30,[78109, 78200],56, Office 7123 Peregrine Road Hainault, London United Kingdom IG6 3SZ
RING REBELLION LTD,17192817,active,ltd,,,2026-04-30,,2026-04-30,[47640],40 London Road Gravesend England DA11 9JR
ASHEE PROPERTY LIMITED,17192821,active,ltd,,,2026-04-30,,2026-04-30,[68100, 68209, 98000],Flat 2 Effra Mansions London England SW2 1LU
RUSTY RABBIT INT LTD,17192829,active,ltd,,,2026-04-30,,2026-04-30,[70229],39 Ludgate Hill London United Kingdom EC4M 7JN
LJZ GROUP LTD,17192857,active,ltd,,,2026-04-30,,2026-04-30,[68209],3 Norfolk Avenue London United Kingdom N15 6JX
RIVLYN CONSULTING LIMITED,17192894,active,ltd,,,2026-04-30,,2026-04-30,[70221, 70229],71-75 Shelton Street London United Kingdom WC2H 9JQ
HAYCH EXECUTIVE SERVICES LTD,17192901,active,ltd,,,2026-04-30,,2026-04-30,[96090],71-75 Shelton Street London United Kingdom WC2H 9JQ
YBW FOOD LIMITED,17192907,active,ltd,,,2026-04-30,,2026-04-30,[56101],10 Beaulieu Close London England SE5 8BA
KRISHNA MEDICAL ADVISORY CONSULTANCY LTD,17192926,active,ltd,,,2026-04-30,,2026-04-30,[70229, 86220],71-75 Shelton Street London United Kingdom WC2H 9JQ
NASRUZ LTD,17192940,active,ltd,,,2026-04-30,,2026-04-30,[56103],811 Commercial Road London England E14 7HG
GRANDWORTH LTD,17192955,active,ltd,,,2026-04-30,,2026-04-30,[45310, 46420, 46499, 47910],20 Wenlock Road London England N1 7GU
JST PROPERTY LIMITED,17192961,active,ltd,,,2026-04-30,,2026-04-30,[68100],128 City Road London United Kingdom EC1V 2NX
CH INSIGHTS LIMITED,17192964,active,ltd,,,2026-04-30,,2026-04-30,[70229],128 City Road London United Kingdom EC1V 2NX
CLOCKED OFF LTD,17192944,active,ltd,,,2026-04-30,,2026-04-30,[79110],5 Landon Walk London England E14 0BH
AMANAH TALENT LTD,17192974,active,ltd,,,2026-04-30,,2026-04-30,[78109],6a Friars Road London England E6 1LH
LEGACY GRID PROPERTY LIMITED,17192973,active,ltd,,,2026-04-30,,2026-04-30,[68100, 68201, 68209, 68320],128 City Road London United Kingdom EC1V 2NX
ISHIKAWA UDON LTD,17192976,active,ltd,,,2026-04-30,,2026-04-30,[56101],Unit B London England SE1 7AB
ULTIMATE LOW CARBON ADVISORY LTD,17192989,active,ltd,,,2026-04-30,,2026-04-30,[94120],71-75 Shelton Street London United Kingdom WC2H 9JQ
TORRES SOLUTIONS LTD,17193052,active,ltd,,,2026-04-30,,2026-04-30,[43390, 81229],45 Collett Road London England SE16 4DJ
DREAMLENGTH LTD,17193041,active,ltd,,,2026-04-30,,2026-04-30,[47789],209 Old Marylebone Road London United Kingdom NW1 5QT
CLEANR HOUR LTD,17193074,active,ltd,,,2026-04-30,,2026-04-30,[81229],66 Paul Street London United Kingdom EC2A 4NA
CLEANAIR HOSPITALITY SERVICES LTD,17193082,active,ltd,,,2026-04-30,,2026-04-30,[81229],66 Paul Street London United Kingdom EC2A 4NA
CHAND VENTURES LTD,17193132,active,ltd,,,2026-04-30,,2026-04-30,[53202, 70229],42 Dersingham Road London United Kingdom NW2 1SL
328 LORDSHIP LIMITED,17131493,active,ltd,,,2026-04-01,,2026-04-01,[68209],Gable House London United Kingdom N3 3LF
LEILA AESTHETIC LONDON LTD,17151410,active,ltd,,,2026-04-11,,2026-04-11,[86900, 96020],188 Brompton Road Knightsbridge England SW3 1HQ
SRI BALAJI PRIVATE LIMITED,17151237,active,ltd,,,2026-04-11,,2026-04-11,[96020],2a Burges Road London England E6 2BH
SYNCSTREAMSONGS LTD,17164814,active,ltd,,,2026-04-17,,2026-04-17,[59200],Flat 4, 58 High Street London United Kingdom N8 7NX
TWO LEFT FEET LTD,17185126,active,ltd,,,2026-04-28,,2026-04-28,[47910, 59112, 63120, 85510],3rd Floor Suite London England W1B 3HH
KITTI PAYMENTS LTD,17178163,active,ltd,,,2026-04-24,,2026-04-24,[58290],124 City Road London United Kingdom EC1V 2NX
AUREX INTERNATIONALS LLP LTD,17144597,active,ltd,,,2026-04-08,,2026-04-08,[70229, 79110],27 Cambridge Road London England KT1 3NQ
AMERICAN NAILS BEAUTY LTD,17148141,active,ltd,,,2026-04-10,,2026-04-10,[96020],92 Mayes Road London United Kingdom N22 6SY
HART & CO. GROUP LIMITED,17131048,active,ltd,,,2026-04-01,,2026-04-01,[64209],Missive London England SE1 4PG
MOON TRAVEL & TOURS LTD,17155705,active,ltd,,,2026-04-14,,2026-04-14,[79110],20, N1 7gu, Wenlock Road 20 Wenlock Road, London, England, N1 7gu London United Kingdom N1 7GU
ZURI ASSETS (STANMORE) LTD,17167226,active,ltd,,,2026-04-19,,2026-04-19,[68209],50 Ennerdale Avenue Stanmore England HA7 2LD
S.I. PROPERTY MANAGEMENT SERVICES LTD,17151565,active,ltd,,,2026-04-11,,2026-04-11,[68320],29 Tottenham Street London United Kingdom W1T 4RP
RENOLOGIK LTD,17170488,active,ltd,,,2026-04-20,,2026-04-20,[62012],3rd Floor Suite London England W1B 3HH
WATER LANE LIFE LIMITED,17179169,active,ltd,,,2026-04-24,,2026-04-24,[47599],4 Layton Road London United Kingdom TW3 1YH
VINISHKO TECHNOLOGIES LTD,17184758,active,ltd,,,2026-04-27,,2026-04-27,[58290, 62011, 62012],3rd Floor Suite London England W1B 3HH
INVORA INVESTMENTS LTD,17142271,active,ltd,,,2026-04-08,,2026-04-08,[56102, 56103, 56290],952 London Road Southend On Sea United Kingdom SS9 3NF
LUMVO SYSTEMS LTD,17150896,active,ltd,,,2026-04-11,,2026-04-11,[58290, 62020, 62090, 63110],3rd Floor Suite London England W1B 3HH
DECISIVE CONDITION LTD,17170647,active,ltd,,,2026-04-20,,2026-04-20,[58290, 62012, 63110],167-169 Great Portland Street London United Kingdom W1W 5PF
LSM CONSERVATION LIMITED,17186744,active,ltd,,,2026-04-28,,2026-04-28,[01700],Aldermary House London United Kingdom EC4N 1TX
LUMATICA LTD,17187361,active,ltd,,,2026-04-28,,2026-04-28,[46510],71-75 Shelton Street London United Kingdom WC2H 9JQ
GLOBAL DEALS 4U LTD,17176886,active,ltd,,,2026-04-23,,2026-04-23,[46900],171 Ballards Lane London England N3 1LP
SILVERLINE ICT LTD,17141784,active,ltd,,,2026-04-07,,2026-04-07,[47910, 49319],128 City Road London United Kingdom EC1V 2NX
ZIDEX TECHNOLOGIES LTD,17184739,active,ltd,,,2026-04-27,,2026-04-27,[46190, 46900, 71129, 82990],71-75 Shelton Street London United Kingdom WC2H 9JQ
NOVALINK HARDWARE LIMITED,17144722,active,ltd,,,2026-04-08,,2026-04-08,[61900],71-75 Shelton Street London United Kingdom WC2H 9JQ
STAYSTYLISH LIMITED,17144730,active,ltd,,,2026-04-08,,2026-04-08,[32120, 47910],71-75 Shelton Street London United Kingdom WC2H 9JQ
CANKAYA COMMERCE LTD,17144716,active,ltd,,,2026-04-08,,2026-04-08,[47910],71-75 Shelton Street London United Kingdom WC2H 9JQ
PHASESYNC LTD,17144715,active,ltd,,,2026-04-08,,2026-04-08,[26511, 62012, 74909],20 Wenlock Road London England N1 7GU
VELOSIS GROUP LTD,17144892,active,ltd,,,2026-04-08,,2026-04-08,[62012],128 City Road London United Kingdom EC1V 2NX
EMEGA LTD,17144900,active,ltd,,,2026-04-08,,2026-04-08,[47910],128 City Road London United Kingdom EC1V 2NX
ARBAB SHOUKAT TRADING LTD,17144888,active,ltd,,,2026-04-08,,2026-04-08,[47910],128 City Road London United Kingdom EC1V 2NX
ZYVERON LTD,17144882,active,ltd,,,2026-04-08,,2026-04-08,[47910, 47990],167-169 Great Portland Street London England W1W 5PF
OUTVALUE LTD,17145121,active,ltd,,,2026-04-08,,2026-04-08,[62012, 63120],5 Brayford Square London England E1 0SG
JUNA GROUP LIMITED,17145209,active,ltd,,,2026-04-09,,2026-04-09,[63110],16 Stanhope Place London England W2 2HH
HOUGHTON STREET ADVISORS LTD,17145208,active,ltd,,,2026-04-09,,2026-04-09,[62020, 62090],71-75 Shelton Street London United Kingdom WC2H 9JQ
TRINITY TECHNICAL MANAGEMENT SOLUTIONS LIMITED,17145205,active,ltd,,,2026-04-09,,2026-04-09,[70229],20 Wenlock Road London England N1 7GU
SK TOURS & RETREATS LTD,17145256,active,ltd,,,2026-04-09,,2026-04-09,[79120],20 Wenlock Road London England N1 7GU
HERONDALE ESTATES LTD,17145255,active,ltd,,,2026-04-09,,2026-04-09,[68310],20 Wenlock Road London England N1 7GU
BYT APP LTD,17145251,active,ltd,,,2026-04-09,,2026-04-09,[58290, 62012],66 Paul Street London United Kingdom EC2A 4NA
NUTTRAX COMPANY LTD,17145248,active,ltd,,,2026-04-09,,2026-04-09,[46900],124 City Road London United Kingdom EC1V 2NX
THOUGHTY LTD,17145259,active,ltd,,,2026-04-09,,2026-04-09,[62012],71-75 Shelton Street London United Kingdom WC2H 9JQ
DATAFLY ESIM LTD,17145302,active,ltd,,,2026-04-09,,2026-04-09,[47910],5 Brayford Square London England E1 0SG
NBB LIMITED,17145460,active,ltd,,,2026-04-09,,2026-04-09,[62012],249 Neville Road London England E7 9QL
RNMMVB LTD,17145468,active,ltd,,,2026-04-09,,2026-04-09,[70229],Apartment 32 Salisbury House London England SW11 4FX
VAAN VENTURES LTD,17145473,active,ltd,,,2026-04-09,,2026-04-09,[64202],128 City Road London United Kingdom EC1V 2NX
NETRIVA LTD,17145586,active,ltd,,,2026-04-09,,2026-04-09,[46190],4, 237, Flat 4 Mount Pleasant Road London United Kingdom N17 6HD
UK ENGINES LIMITED,17145569,active,ltd,,,2026-04-09,,2026-04-09,[45200],72 Halliwick Road London England N10 1AB
STORM ROOFING AND PROPERTY MAINTENANCE LTD,17145558,active,ltd,,,2026-04-09,,2026-04-09,[43910],66 Paul Street London United Kingdom EC2A 4NA
DESTINATION CYPRUS LTD,17145570,active,ltd,,,2026-04-09,,2026-04-09,[68209, 68320],71-75 Shelton Street London United Kingdom WC2H 9JQ
MAISON LUPINI LTD,17145592,active,ltd,,,2026-04-09,,2026-04-09,[58110],30 Barlby Road London United Kingdom W10 6AR
DUBOIS MEDIA LTD,17145674,active,ltd,,,2026-04-09,,2026-04-09,[73110],Ennis Suite Unit 4 London United Kingdom E3 2PW
MAHRA LANE LTD,17145831,active,ltd,,,2026-04-09,,2026-04-09,[47510, 47540, 47710, 47721],Office 18233 182-184 High Street North London United Kingdom E6 2JA
SHOK INTELLIGENCE SYSTEMS LTD,17145809,active,ltd,,,2026-04-09,,2026-04-09,[62012],128 City Road London United Kingdom EC1V 2NX
IDREAM FLORALS LTD,17146075,active,ltd,,,2026-04-09,,2026-04-09,[47760, 85520, 90030],71-75 Shelton Street London United Kingdom WC2H 9JQ
JOT THEATRE LTD,17146372,active,ltd,,,2026-04-09,,2026-04-09,[90010, 90020],19 Rosedew Road London England W6 9ET
DOVE ROW PROJECTS LIMITED,17146599,active,ltd,,,2026-04-09,,2026-04-09,[71111],63 Dove Row London United Kingdom E2 8RJ
LENTON- LIFTING AND RIGGING LTD,17146598,active,ltd,,,2026-04-09,,2026-04-09,[41202],66 Paul Street London United Kingdom EC2A 4NA
SMOKE OF INDIA LTD,17146580,active,ltd,,,2026-04-09,,2026-04-09,[56101],80 Igthtam Road Erith London England DA8 1LU
QUANTDINE LTD,17146711,active,ltd,,,2026-04-09,,2026-04-09,[62012],71-75 Shelton Street London United Kingdom WC2H 9JQ
INFINITYCAPITALFX LTD,17146723,active,ltd,,,2026-04-09,,2026-04-09,[64205, 70221],Office 3133 Zm 182-184 High Street North London United Kingdom E6 2JA
MANIFESTED DREAMS GROUP LTD,17146960,active,ltd,,,2026-04-09,,2026-04-09,[47990, 56290, 70100, 82301],128 City Road London United Kingdom EC1V 2NX
VIVID PRODUCTIONS LTD,17147149,active,ltd,,,2026-04-09,,2026-04-09,[77110, 82301, 82302, 82990],71-75 Shelton Street London United Kingdom WC2H 9JQ
S&B MODERN BARBER LTD,17147137,active,ltd,,,2026-04-09,,2026-04-09,[96020],500 White Hart Lane London England N17 7NA
SRK ADVISORY LTD,17147140,active,ltd,,,2026-04-09,,2026-04-09,[62012, 62020, 70229],71-75 Shelton Street London United Kingdom WC2H 9JQ
NEWMAN BOND LIMITED,17147144,active,ltd,,,2026-04-09,,2026-04-09,[70229],128 City Road London United Kingdom EC1V 2NX
AMMARA JAMIL PRO LTD,17147523,active,ltd,,,2026-04-09,,2026-04-09,[47990],Office 17863 182-184 High Street North London United Kingdom E6 2JA
AM ENTERPRISE HOLDING GROUP LTD,17147529,active,ltd,,,2026-04-09,,2026-04-09,[49320, 53202, 62012, 70229],Unit A492 4 - 6 Greatorex Street London United Kingdom E1 5NF
SMSL ADVISORY LIMITED,17147524,active,ltd,,,2026-04-09,,2026-04-09,[70221],24 Romanfield Road London England SW2 2UL
ELEVATE CLEANING COMPANY LIMITED,17147513,active,ltd,,,2026-04-09,,2026-04-09,[81229],71-75 Shelton Street London United Kingdom WC2H 9JQ
NO 10 DNR LTD,17147589,active,ltd,,,2026-04-09,,2026-04-09,[56102],10 Wood Street London England E17 3HT
VIRTUAL REALITY BUS LTD,17148140,active,ltd,,,2026-04-10,,2026-04-10,[49390, 79909, 85590, 93290],128 City Road London United Kingdom EC1V 2NX
LEMURIA LTD,17148145,active,ltd,,,2026-04-10,,2026-04-10,[47910],71-75 Shelton Street London United Kingdom WC2H 9JQ
KAI AGENTIC LIMITED,17148149,active,ltd,,,2026-04-10,,2026-04-10,[62012, 62020, 62090],128 City Road London United Kingdom EC1V 2NX
MAXMILES SOFTWARE LIMITED,17148171,active,ltd,,,2026-04-10,,2026-04-10,[62012, 62020],71-75 Shelton Street London United Kingdom WC2H 9JQ
GHEEK LTD,17148173,active,ltd,,,2026-04-10,,2026-04-10,[62012],2a Connaught Avenue London United Kingdom E4 7AA
NOVATO LABS LTD,17148169,active,ltd,,,2026-04-10,,2026-04-10,[58290, 62012],71-75 Shelton Street London United Kingdom WC2H 9JQ
WILMSHURST ADVISORY LTD,17148160,active,ltd,,,2026-04-10,,2026-04-10,[73110],71-75 Shelton Street London United Kingdom WC2H 9JQ
ETHNY UK LTD,17148186,active,ltd,,,2026-04-10,,2026-04-10,[46380, 46390],71-75 Shelton Street London United Kingdom WC2H 9JQ
MAX GROSSMAN BOOKS LTD,17148183,active,ltd,,,2026-04-10,,2026-04-10,[58110, 58190],66 Paul Street London England EC2A 4NA
LOCAL FAMILY NETWORK LTD,17148184,active,ltd,,,2026-04-10,,2026-04-10,[47910, 58190, 63120, 73110],71-75 Shelton Street London United Kingdom WC2H 9JQ
TUIB MOTION PICTURE GROUP LTD,17148176,active,ltd,,,2026-04-10,,2026-04-10,[90010, 90030, 93290],71-75 Shelton Street London United Kingdom WC2H 9JQ
AXIOMLABS SOFTWARE LTD,17148172,active,ltd,,,2026-04-10,,2026-04-10,[58290, 62012, 62020],Suite 10719 5 Brayford Square London United Kingdom E1 0SG
RANK IN ONE CLICK LTD,17148156,active,ltd,,,2026-04-10,,2026-04-10,[62012, 62020, 62030, 63110],128 City Road London United Kingdom EC1V 2NX
ROOM00 UK LETOH TWO LTD,17148459,active,ltd,,,2026-04-10,,2026-04-10,[55100, 64209],The Scalpel 18th Floor London United Kingdom EC3M 7AF
LDG FACILITIES CONSULTANTS MARKETING AND EVENTS LTD,17148473,active,ltd,,,2026-04-10,,2026-04-10,[70229],Flat 1 Artemis Court London England E14 3UH
ROOM00 UK SELECT ONE LTD,17148477,active,ltd,,,2026-04-10,,2026-04-10,[55100, 64209],The Scalpel 18th Floor London United Kingdom EC3M 7AF
NSN MOTOR VEHICLES LTD,17148669,active,ltd,,,2026-04-10,,2026-04-10,[45111],3 Avondale Park Road London United Kingdom W11 4HG
NTT DRINKS LTD,17148842,active,ltd,,,2026-04-10,,2026-04-10,[47250, 47910],66 Paul Street London England EC2A 4NA
MURI CONNECT LTD,17146024,active,ltd,,,2026-04-09,,2026-04-09,[70229],20 Blondin Street London England E3 2TR
PROXIMA ADVISORY LTD,17148835,active,ltd,,,2026-04-10,,2026-04-10,[69109],64 Chapter Road London England NW2 5LG
SUMER BUSINESS SERVICES LIMITED,17148829,active,ltd,,,2026-04-10,,2026-04-10,[82990],Acre House London United Kingdom NW1 3ER
ESMEX LTD,17148827,active,ltd,,,2026-04-10,,2026-04-10,[43120, 43999],71a Sternhold Avenue London England SW2 4PB
EVENTS 770 LTD,17149009,active,ltd,,,2026-04-10,,2026-04-10,[73110],71-75 Shelton Street London United Kingdom WC2H 9JQ
PROOFSEALED LTD,17149148,active,ltd,,,2026-04-10,,2026-04-10,[62020],Office 18335 182-184 High Street North London United Kingdom E6 2JA
GEODESIC CAPITAL LIMITED,17149387,active,ltd,,,2026-04-10,,2026-04-10,[82990],124 City Road London United Kingdom EC1V 2NX
MA CAPITAL HOLDINGS LIMITED,17149378,active,ltd,,,2026-04-10,,2026-04-10,[64209],Solar House London England N14 6NZ
MOVE WITH GOD LTD,17149359,active,ltd,,,2026-04-10,,2026-04-10,[47820],12 Hathorne Close London United Kingdom SE15 2BY
GRADEGAIN TUTORS LTD,17149363,active,ltd,,,2026-04-10,,2026-04-10,[85590],20 Wenlock Road London England N1 7GU
ACE UNITED CONSTRUCTION UK LTD,17149632,active,ltd,,,2026-04-10,,2026-04-10,[41100, 42990, 43290],6th Floor 9 Appold Street London United Kingdom EC2A 2AP
BASHER AHMAD LTD,17149640,active,ltd,,,2026-04-10,,2026-04-10,[47910],Office 18324 182-184 High Street North London United Kingdom E6 2JA
ZUHAN MARKETING LTD,17149661,active,ltd,,,2026-04-10,,2026-04-10,[47910],198a Billet Road London United Kingdom E17 5DX
REESE PROPERTY DEALS LTD,17149649,active,ltd,,,2026-04-10,,2026-04-10,[82990],71-75 Shelton Street London United Kingdom WC2H 9JQ
BARTYLABS LTD,17149644,active,ltd,,,2026-04-10,,2026-04-10,[62012],71-75 Shelton Street London United Kingdom WC2H 9JQ
3RS HOLDINGS LIMITED,17149648,active,ltd,,,2026-04-10,,2026-04-10,[68209],167 - 169 Great Portland Street London England W1W 5PF
NO DICE BOROUGH LTD,17149655,active,ltd,,,2026-04-10,,2026-04-10,[93290],15 Mentmore Terrace London United Kingdom E8 3PN
CENTER MARKETING GROUP LTD,17149656,active,ltd,,,2026-04-10,,2026-04-10,[73110],66 Lavender Hill London England SW11 5RQ
RAPHA HOMES LTD,17149844,active,ltd,,,2026-04-10,,2026-04-10,[87900],Flat 9 Laing House London England SE5 0LF
QUANTUM AI HOLDINGS LIMITED,17149848,active,ltd,,,2026-04-10,,2026-04-10,[64209],12 Old Bond Street London England W1S 4PW
MADARA GROUP LTD,17150202,active,ltd,,,2026-04-10,,2026-04-10,[68320],128 City Road London United Kingdom EC1V 2NX
DANIELS PROPERTY MANAGMENT LTD,17150726,active,ltd,,,2026-04-11,,2026-04-11,[68209],71-75 Shelton Street London United Kingdom WC2H 9JQ
IDIES LTD,17150744,active,ltd,,,2026-04-11,,2026-04-11,[96090],71-75 Shelton Street London United Kingdom WC2H 9JQ
ECOMCLTR LTD,17150729,active,ltd,,,2026-04-11,,2026-04-11,[47910, 82990],71-75 Shelton Street London United Kingdom WC2H 9JQ
ANTARA COLLECTIVE LIMITED,17150727,active,ltd,,,2026-04-11,,2026-04-11,[68209],128 City Road London United Kingdom EC1V 2NX
QUOTEGAIN SYSTEMS LTD,17150752,active,ltd,,,2026-04-11,,2026-04-11,[62012, 62090],4-6 Greatorex Street London England E1 5NF
KEMAL PROPERTY LIMITED,17150734,active,ltd,,,2026-04-11,,2026-04-11,[68100, 68201, 68209, 68320],89 Moselle Avenue London England N22 6EU
DASHI DESIGN LTD,17150855,active,ltd,,,2026-04-11,,2026-04-11,[41100],85 Tottenham Court Road London England W1T 4TQ
CLEAR SENSES REFINED LTD,17150859,active,ltd,,,2026-04-11,,2026-04-11,[86220, 86900],128 City Road London United Kingdom EC1V 2NX
NETRION AI LTD,17150874,active,ltd,,,2026-04-11,,2026-04-11,[58290, 61900, 62012],128 City Road London United Kingdom EC1V 2NX
KERAH HEALTHCARE PLUS LTD,17150872,active,ltd,,,2026-04-11,,2026-04-11,[87300],66 Paul Street London United Kingdom EC2A 4NA
CLEARLY LEGAL LIMITED,17150868,active,ltd,,,2026-04-11,,2026-04-11,[74909],71-75 Shelton Street London United Kingdom WC2H 9JQ
MONASH CONSULTING LTD,17150867,active,ltd,,,2026-04-11,,2026-04-11,[70229],Apartment 37, 33 Royal Engineers Way London United Kingdom NW7 1UX
CENKO TRADING LTD,17151055,active,ltd,,,2026-04-11,,2026-04-11,[47220, 56290],305 Hertford Road London England N9 7ET
SHOREDITCH HUB LTD,17151065,active,ltd,,,2026-04-11,,2026-04-11,[74100],71-75 Shelton Street London United Kingdom WC2H 9JQ
SK AUTOWORKS LTD,17151043,active,ltd,,,2026-04-11,,2026-04-11,[45320],124 City Road London United Kingdom EC1V 2NX
FIXIIT LONDON LTD,17151254,active,ltd,,,2026-04-11,,2026-04-11,[41202],167-169 Great Portland Street London England W1W 5PF
GINOE MUSA LTD,17151250,active,ltd,,,2026-04-11,,2026-04-11,[47910],66 Paul Street London United Kingdom EC2A 4NA
MSPLUMBING24/7 LTD,17151719,active,ltd,,,2026-04-11,,2026-04-11,[43220],73a Palmerston Road London England E17 6PU
MAIBEN LTD,17151733,active,ltd,,,2026-04-11,,2026-04-11,[62020, 85510],71-75 Shelton Street London United Kingdom WC2H 9JQ
GLOBAL RISK CONSULTANCY LTD,17151714,active,ltd,,,2026-04-11,,2026-04-11,[80100],9 Craven Hill London United Kingdom W2 3EN
THREE SPOONS TRADING LTD,17151738,active,ltd,,,2026-04-11,,2026-04-11,[56102, 56103],105 Dixie Court Adenmore Road London England SE6 4FB
GUNES DENIZ LTD,17151856,active,ltd,,,2026-04-11,,2026-04-11,[46480, 47770, 47910, 74100],Office 403 Screenworks 22 Highbury Grove London United Kingdom N5 2ER
QUIRKY STORIES LTD,17151877,active,ltd,,,2026-04-11,,2026-04-11,[58110, 90030],Crown House London United Kingdom WC1N 3AX
SOLUTIONS 4 AI LTD,17151876,active,ltd,,,2026-04-11,,2026-04-11,[70229],71-75 Shelton Street London United Kingdom WC2H 9JQ
SUNRISE FINANCIAL SA LTD,17151852,active,ltd,,,2026-04-11,,2026-04-11,[96090],71-75 Shelton Street London United Kingdom WC2H 9JQ
ANCHORPOINT PROPERTY SERVICES LTD,17151992,active,ltd,,,2026-04-11,,2026-04-11,[68320],51 Tottenham Court Road London England W1T 2EQ
LILKEN LTD,17152000,active,ltd,,,2026-04-11,,2026-04-11,[47910],71-75 Shelton Street London United Kingdom WC2H 9JQ
WESTMINSTER LAW SOUTH YORKSHIRE LTD,17152089,active,ltd,,,2026-04-11,,2026-04-11,[69109],Wellesley House Waterlooville United Kingdom PO7 7AN
PHAYAM LTD,17152091,active,ltd,,,2026-04-11,,2026-04-11,[43330],Flat 57 Jubilee Heights London England SE10 8FN
UK PRIME STAFFING LTD,17152140,active,ltd,,,2026-04-11,,2026-04-11,[78200],117 Whitechapel Road London England E1 1DT
VEFLOW LTD,17152260,active,ltd,,,2026-04-12,,2026-04-12,[46190, 82200],66 Paul Street London United Kingdom EC2A 4NA
SITE LAB PROJECTS LTD,17152474,active,ltd,,,2026-04-12,,2026-04-12,[41100],156 Landells Road London England SE22 9PN
REHMAT PROPERTY GROUP LTD,17152854,active,ltd,,,2026-04-13,,2026-04-13,[68209, 82990],20 Wenlock Road London England N1 7GU
LUKES LEARNERS LTD,17152843,active,ltd,,,2026-04-13,,2026-04-13,[85530],1 Kings Avenue London England N21 3NA
YELO THAMES LTD,17153143,active,ltd,,,2026-04-13,,2026-04-13,[47789, 70229, 73110, 85590],584 Kingsland Road London England E8 4AH
LIMIT IT LTD,17153151,active,ltd,,,2026-04-13,,2026-04-13,[62090],International House London United Kingdom SW11 5RQ
STACKED POKER COMPANY LTD,17153163,active,ltd,,,2026-04-13,,2026-04-13,[32409, 47910],Unit A476 4-6 Greatorex Street London England E1 5NF
SHAREKTE448 LTD,17153175,active,ltd,,,2026-04-13,,2026-04-13,[46900],275 New N Rd #3110 London United Kingdom N1 7AA
NEUTRON STAR EDUCATION LTD,17153147,active,ltd,,,2026-04-13,,2026-04-13,[85310],71-75 Shelton Street London United Kingdom WC2H 9JQ
KDK INVESTMENTS LTD,17153171,active,ltd,,,2026-04-13,,2026-04-13,[64209],319 St Ann's Road London England N15 3TL
SERRA COMMERCE LTD,17153170,active,ltd,,,2026-04-13,,2026-04-13,[47910],71-75 Shelton Street London United Kingdom WC2H 9JQ
ABS PHARMA LTD,17153270,active,ltd,,,2026-04-13,,2026-04-13,[86900],Office D, Unit 35 London United Kingdom N17 9QU
JS CHAWLA LTD,17153533,active,ltd,,,2026-04-13,,2026-04-13,[47910, 62090],Office 18450 182-184 High Street North East Ham London United Kingdom E6 2JA
FADE & GO LTD,17153526,active,ltd,,,2026-04-13,,2026-04-13,[96020],400 Green Lanes London England N13 5PD
PROUDLY PICKY LTD,17153537,active,ltd,,,2026-04-13,,2026-04-13,[10890],53 Brockley View London England SE23 1SL
TYR RETREATS LTD,17153519,active,ltd,,,2026-04-13,,2026-04-13,[86900, 93130, 96040],5 Brayford Square London England E1 0SG
CLARITY FINTECH LTD,17153544,active,ltd,,,2026-04-13,,2026-04-13,[62012],Flat A, 152 Amhurst Road London United Kingdom E8 2AZ
INEZ LONDON LTD,17153542,active,ltd,,,2026-04-13,,2026-04-13,[47710, 47910],43 Upton Lane London England E7 9PA
CABINET SOLUTIONS LTD,17153826,active,ltd,,,2026-04-13,,2026-04-13,[16230, 46730],20 Wenlock Road London England N1 7GU
LILLY YU LIMITED,17153822,active,ltd,,,2026-04-13,,2026-04-13,[86900],83 Lillie Road London England SW6 1UD
BOUNCEZERO LTD,17153835,active,ltd,,,2026-04-13,,2026-04-13,[62012],66 Paul Street London England EC2A 4NA
SHAREKTE452 LTD,17153836,active,ltd,,,2026-04-13,,2026-04-13,[46900],275 New N Rd #3110 London United Kingdom N1 7AA
SHAREKTE453 LTD,17153841,active,ltd,,,2026-04-13,,2026-04-13,[46900],275 New N Rd #3110 London United Kingdom N1 7AA
LAURA HOMMIES LIMITED,17153838,active,ltd,,,2026-04-13,,2026-04-13,[46190],84 Arthingworth Street London England E15 4PU
ROSEBANK SONGS LTD,17153942,active,ltd,,,2026-04-13,,2026-04-13,[59200],1 Berry Street London United Kingdom EC1V 0AA
JR MARDAN LTD,17153938,active,ltd,,,2026-04-13,,2026-04-13,[47910],195-197 Suite Ra01, Wood Street London United Kingdom E17 3NU
ROBERT JAMES MAINTENANCE LTD,17153956,active,ltd,,,2026-04-13,,2026-04-13,[41202, 43320, 43910],128 City Road London United Kingdom EC1V 2NX
UPWORLDFX LTD,17154164,active,ltd,,,2026-04-13,,2026-04-13,[59120, 62012, 71122],220 Arlington Road London England NW1 7HE
CUSTOM LOGO VALLEY LTD,17154310,active,ltd,,,2026-04-13,,2026-04-13,[62012, 62020, 62090],128 City Road London United Kingdom EC1V 2NX
FACIAL AESTHETICS & HAIR CLINIC LIMITED,17154311,active,ltd,,,2026-04-13,,2026-04-13,[96020],197 Lenoks Centre London England W4 5DA
OPS DEFEND LIMITED,17154309,active,ltd,,,2026-04-13,,2026-04-13,[62020],128 City Road London United Kingdom EC1V 2NX
VURA HOLDINGS LIMITED,17154397,active,ltd,,,2026-04-13,,2026-04-13,[47910, 62012, 70100, 70229],71-75 Shelton Street London United Kingdom WC2H 9JQ
HAUS OF RAYMENT LIMITED,17154399,active,ltd,,,2026-04-13,,2026-04-13,[47910],2b Thorpe Crescent London England E17 5BY
XTENDAV LTD,17154404,active,ltd,,,2026-04-13,,2026-04-13,[62090],66 Paul Street London United Kingdom EC2A 4NA
C911 LTD,17154427,active,ltd,,,2026-04-13,,2026-04-13,[42220],71-75 Shelton Street London United Kingdom WC2H 9JQ
SUNDIAL TRAVEL LIMITED,17154556,active,ltd,,,2026-04-13,,2026-04-13,[79110],71-75 Shelton Street London United Kingdom WC2H 9JQ
3RD BEAN LTD,17154568,active,ltd,,,2026-04-13,,2026-04-13,[56102, 90030, 93290],71-75 Shelton Street London United Kingdom WC2H 9JQ
TORITAP LTD,17154575,active,ltd,,,2026-04-13,,2026-04-13,[62012],105 Thornsbeach Road London England SE6 1EY
VIRGINIA HOLDINGS LTD,17154748,active,ltd,,,2026-04-13,,2026-04-13,[68100, 68209],10 Hayward Road London England N20 0HA
ARIES TECHSEC CONSULTING LTD,17154881,active,ltd,,,2026-04-13,,2026-04-13,[62020, 70229, 85590],4th Floor, Silverstream House London England W1T 6EB
THE GREATEST STORY LIMITED,17154886,active,ltd,,,2026-04-13,,2026-04-13,[47890],Royal Vale Caravan Park Knutsford United Kingdom WA16 9JD
SHAREKTE457 LTD,17154887,active,ltd,,,2026-04-13,,2026-04-13,[46900],275 New N Rd #3110 London United Kingdom N1 7AA
DHADDA MOTION PICTURES UK LTD,17154873,active,ltd,,,2026-04-13,,2026-04-13,[59111, 90020, 93290],20 Wenlock Road London England N1 7GU
EXPANIO LTD,17155018,active,ltd,,,2026-04-13,,2026-04-13,[35140, 46370, 46520, 70229],71-75 Shelton Street London United Kingdom WC2H 9JQ
WALKIES DOG FIELDS MAIDENHEAD LIMITED,17155415,active,ltd,,,2026-04-13,,2026-04-13,[99999],7 Lord Roberts Mews London England SW6 2DW
NFBUILDS LTD,17155481,active,ltd,,,2026-04-13,,2026-04-13,[41201, 41202, 43999],54 Rugby Avenue London England N9 9EP
NORDIC ATLAS LTD,17155628,active,ltd,,,2026-04-14,,2026-04-14,[62020],37 Lombard Street London England EC3V 9BQ
MHS VASCULAR LIMITED,17155621,active,ltd,,,2026-04-14,,2026-04-14,[86101, 86220, 86900],71-75 Shelton Street London United Kingdom WC2H 9JQ
ADS MOTORS UK LTD,17155672,active,ltd,,,2026-04-14,,2026-04-14,[45200],30 Raymouth Road London England SE16 2DB
CHOOSETAKE LTD,17155695,active,ltd,,,2026-04-14,,2026-04-14,[47910],Office 17895 182-184 High Street North London United Kingdom E6 2JA
AGENTS4SPORTS LIMITED,17155961,active,ltd,,,2026-04-14,,2026-04-14,[64209, 70229],Suite 18.9 Exhibition House Addison Bridge Place London United Kingdom W14 8XP
AKL IMPEXS LTD,17155973,active,ltd,,,2026-04-14,,2026-04-14,[47910],2nd Floor College House 17 King Edwards Road, Ruislip, London United Kingdom HA4 7AE
BAFFLED CAT STUDIOS LTD,17156063,active,ltd,,,2026-04-14,,2026-04-14,[62011],61 Hillfield Avenue London England N8 7DS
PRACTICE PEOPLE ADVISORY LTD,17156314,active,ltd,,,2026-04-14,,2026-04-14,[78300],71-75 Shelton Street London United Kingdom WC2H 9JQ
KLAB CHILDCARE SERVICES LIMITED,17156533,active,ltd,,,2026-04-14,,2026-04-14,[88910],15 Bluebird Way London England SE28 0HY
RITZ TRADECOM LTD,17156551,active,ltd,,,2026-04-14,,2026-04-14,[47910],167-169 Great Portland Street 5th Floor London England W1W 5PF
MOLLY TEA UK (HOLDINGS) LIMITED,17156527,active,ltd,,,2026-04-14,,2026-04-14,[47190],20 Wenlock Road London United Kingdom N1 7GU
AMEEN HOLDINGS LTD,17156546,active,ltd,,,2026-04-14,,2026-04-14,[64209],71-75 Shelton Street London United Kingdom WC2H 9JQ
STRUCTIVEX SOFTWARE LTD,17156556,active,ltd,,,2026-04-14,,2026-04-14,[58290, 62012, 62090, 63120],167-169 Great Portland Street London England W1W 5PF
HARVI PROPERTIES LTD,17156687,active,ltd,,,2026-04-14,,2026-04-14,[41100, 41202, 68201, 68209],63 Tewkesbury Terrace London United Kingdom N11 2LU
APILOT LTD,17156688,active,ltd,,,2026-04-14,,2026-04-14,[62012, 62090, 63110],124 City Road London England EC1V 2NX
LAB HOLDINGS INC LTD,17156704,active,ltd,,,2026-04-14,,2026-04-14,[70229],Suite 53c Unimix House London United Kingdom NW10 7TR
NEW BARTON ESTATES LTD,17156847,active,ltd,,,2026-04-14,,2026-04-14,[68209],14 Clifton Gardens London England N15 6AP
IPPINN PROFESSIONAL SERVICE LIMITED,17156840,active,ltd,,,2026-04-14,,2026-04-14,[62090, 63990, 82990, 96090],Office Suite 29a, 3/F.,23 Wharf Street London United Kingdom SE8 3GG
PORTAL TECHNOLOGY LTD,17156888,active,ltd,,,2026-04-14,,2026-04-14,[58290, 62012, 62090, 63120],167-169, Portal Great Portland Street London United Kingdom W1W 5PF
DDBUYER LTD,17156890,active,ltd,,,2026-04-14,,2026-04-14,[49320],20 Wenlock Road London England N1 7GU
DIGITANO LTD,17156897,active,ltd,,,2026-04-14,,2026-04-14,[47990],167-169 Great Portland Street London United Kingdom W1W 5PF
CATALYST TALENT HOLDINGS LTD,17157067,active,ltd,,,2026-04-14,,2026-04-14,[78109],71-75 Shelton Street London United Kingdom WC2H 9JQ
SANCTUARY OF LONDON LTD,17157068,active,ltd,,,2026-04-14,,2026-04-14,[47710],53 Westdown Road London England E15 2BZ
ARUABEAUTY LTD,17157043,active,ltd,,,2026-04-14,,2026-04-14,[94110],71-75 Shelton Street London United Kingdom WC2H 9JQ
HUMANITALES LTD,17157070,active,ltd,,,2026-04-14,,2026-04-14,[59111],163b Arthur Road London England SW19 8AD
MASMA STUDIOS LTD,17157039,active,ltd,,,2026-04-14,,2026-04-14,[59112, 90030],66 Paul Street London United Kingdom EC2A 4NA
HAIR BY TK LTD,17157342,active,ltd,,,2026-04-14,,2026-04-14,[96020],66 Paul Street London United Kingdom EC2A 4NA
STUDIO SAUMAN WONG LIMITED,17157378,active,ltd,,,2026-04-14,,2026-04-14,[74100],51c St. Mary's Road London England SE15 2EA
ARAMAPS LTD,17157486,active,ltd,,,2026-04-14,,2026-04-14,[62012, 63120],176 Oakleigh Road North London England N20 0UA
DEELITE SMALL CHOPS LIMITED,17157469,active,ltd,,,2026-04-14,,2026-04-14,[56210],71-75 Shelton Street London United Kingdom WC2H 9JQ
FREYASTYLE LIMITED,17157493,active,ltd,,,2026-04-14,,2026-04-14,[47910, 96090],Silverstream House London England W1T 6EB
LPRITCHARD SALES LTD,17157560,active,ltd,,,2026-04-14,,2026-04-14,[74909],182-184, 182-184 High Street North London United Kingdom E6 2JA
AUGMENTOS SOURCING LTD,17157556,active,ltd,,,2026-04-14,,2026-04-14,[46160],124 City Road London England EC1V 2NX
ASG PSYCHOLOGY LTD,17157571,active,ltd,,,2026-04-14,,2026-04-14,[85600],128 City Road London United Kingdom EC1V 2NX
BER-DECO LIMITED,17157559,active,ltd,,,2026-04-14,,2026-04-14,[41201, 41202],120 Shelbourne Road London England N17 9XY
SOURCING GOODS LTD,17158033,active,ltd,,,2026-04-14,,2026-04-14,[47910],66 Paul Street London United Kingdom EC2A 4NA
ELDR WORKS LTD,17158085,active,ltd,,,2026-04-14,,2026-04-14,[41202, 43390, 43999, 81300],66 Paul Street London England EC2A 4NA
PLASTERED LONDON LTD,17158157,active,ltd,,,2026-04-14,,2026-04-14,[41201, 41202, 43310],44 Stoneleigh Street London England W11 4DU
HKPRIME LTD,17158601,active,ltd,,,2026-04-15,,2026-04-15,[47910],66 Paul Street London United Kingdom EC2A 4NA
BURAKG LTD,17158603,active,ltd,,,2026-04-15,,2026-04-15,[47910],Suite 10709 5 Brayford Square London United Kingdom E1 0SG
TIOMO LTD,17158609,active,ltd,,,2026-04-15,,2026-04-15,[68209, 68320],Flat 3a Kingston House South London England SW7 1NF
MISSING PIECE FILM LTD,17158716,active,ltd,,,2026-04-15,,2026-04-15,[59111],6th Floor Manfield House London England WC2R 0LR
TOPTIERTIP LTD,17158702,active,ltd,,,2026-04-15,,2026-04-15,[70229],66 Paul Street London England EC2A 4NA
BEN JONES CREATIVE LTD,17158737,active,ltd,,,2026-04-15,,2026-04-15,[73110],34 Uplands Road London England N8 9NL
APPROVOX LTD,17158860,active,ltd,,,2026-04-15,,2026-04-15,[62012, 62020, 62090, 63110],71-75 Shelton Street London United Kingdom WC2H 9JQ
WESTBRIDGE ENTERPRISES LTD,17158863,active,ltd,,,2026-04-15,,2026-04-15,[70229, 73110],71-75 Shelton Street London United Kingdom WC2H 9JQ
APPLIGON LTD,17158857,active,ltd,,,2026-04-15,,2026-04-15,[58290, 62012, 63120],71-75 Shelton Street London United Kingdom WC2H 9JQ
PLUMTREE FUNDING 2026-UK1 LIMITED,17158967,active,ltd,,,2026-04-15,,2026-04-15,[64999],35-41 Folgate Street London England E1 6BX
CHELSEA GREEN CONSULTING LIMITED,17158959,active,ltd,,,2026-04-15,,2026-04-15,[74901],5th Floor 29 Queen Anne's Gate London United Kingdom SW1H 9BU
KOMA KOZMETIK TICARET LIMITED,17158969,active,ltd,,,2026-04-15,,2026-04-15,[47810],Office 1896wm 182-184 High Street North London United Kingdom E6 2JA
FULLBACK AND SIDES LTD,17159085,active,ltd,,,2026-04-15,,2026-04-15,[46450],124 City Road London United Kingdom EC1V 2NX
SILVER PRESS IMAGES LTD,17159082,active,ltd,,,2026-04-15,,2026-04-15,[91012],128 City Road London United Kingdom EC1V 2NX
MYAMDESIGNS LTD,17159071,active,ltd,,,2026-04-15,,2026-04-15,[47789],26 Hindrey Road London United Kingdom E5 8HG
RAMT LTD,17159102,active,ltd,,,2026-04-15,,2026-04-15,[96040],C/O Gains Accountants London England E20 3BS
DC SQUARED LOGISTICS LTD,17159173,active,ltd,,,2026-04-15,,2026-04-15,[49410],66 Paul Street London United Kingdom EC2A 4NA
BRITSHOPPER DIRECT LTD,17159219,active,ltd,,,2026-04-15,,2026-04-15,[47910],Flat, 111 New Cross Road London United Kingdom SE14 5DJ
GOTWINGS LTD,17159225,active,ltd,,,2026-04-15,,2026-04-15,[59200, 90010, 90020, 90030],167 - 169 Great Portland Street London England W1W 5PF
AZAN AKBAR LIMITED,17159250,active,ltd,,,2026-04-15,,2026-04-15,[47910],Office 18489 182-184 High Street North London United Kingdom E6 2JA
LONGWEIKEJI LTD,17144559,active,ltd,,,2026-04-08,,2026-04-08,[47910],291345 Office Suite 29a, 3/F., 23 Wharf Street London England SE8 3GG
ARTEMIS PRIVATE STAFF LIMITED,17144549,active,ltd,,,2026-04-08,,2026-04-08,[96090],15 Howgate Road London England SW14 8NQ
CHARBEL BIOTHERAPEUTICS LTD,17144548,active,ltd,,,2026-04-08,,2026-04-08,[70229, 72110, 74909, 86900],128 City Road London United Kingdom EC1V 2NX
KERNEL RESEARCH LTD,17144560,active,ltd,,,2026-04-08,,2026-04-08,[62020],71-75 Shelton Street London United Kingdom WC2H 9JQ
PALLETSNETWORK LTD,17144567,active,ltd,,,2026-04-08,,2026-04-08,[49410],66 Paul Street London United Kingdom EC2A 4NA
NOVO MEDIA LTD,17144570,active,ltd,,,2026-04-08,,2026-04-08,[62020, 63110],71-75 Shelton Street London United Kingdom WC2H 9JQ
RED ORYX LTD,17144609,active,ltd,,,2026-04-08,,2026-04-08,[62020],20 Wenlock Road London England N1 7GU
PRAEVOR TECHNOLOGIES LTD,17144781,active,ltd,,,2026-04-08,,2026-04-08,[62012, 62020, 62090],71-75 Shelton Street London United Kingdom WC2H 9JQ
BIGPIPE LTD,17144787,active,ltd,,,2026-04-08,,2026-04-08,[70229],71-75 Shelton Street London United Kingdom WC2H 9JQ
KWAVVE GLOBAL LIMITED,17144774,active,ltd,,,2026-04-08,,2026-04-08,[47910],66 Paul Street London England EC2A 4NA
SKELD MARITIME LTD,17144942,active,ltd,,,2026-04-08,,2026-04-08,[30110, 46140],44-45 Beaufort Court Admirals Way London United Kingdom E14 9XL
L&G DEVELOPMENT AND MANAGEMENT LTD,17145020,active,ltd,,,2026-04-08,,2026-04-08,[68320],2a Magdalen Mews London England NW3 5HB
LOHIA VENTURES LTD,17145028,active,ltd,,,2026-04-08,,2026-04-08,[47910],2 Hartham Road London United Kingdom N17 6SA
MIDLANDTP LTD,17145030,active,ltd,,,2026-04-08,,2026-04-08,[46480],1 Canada Square London United Kingdom E14 5AA
MAB MOUNTAIN LIMITED,17145992,active,ltd,,,2026-04-09,,2026-04-09,[59111],10 Orange Street London United Kingdom WC2H 7DQ
SWEET + SOUR LIMITED,17146209,active,ltd,,,2026-04-09,,2026-04-09,[73110],Flat 26 Sandon Court London United Kingdom N4 2UX
INDIO BRAVO UK LTD,17146272,active,ltd,,,2026-04-09,,2026-04-09,[01430],128 City Road London United Kingdom EC1V 2NX
ESSENTIAL ORCHESTRA LTD,17146484,active,ltd,,,2026-04-09,,2026-04-09,[90030],50 Liverpool Street London England EC2M 7PY
NAV INFINITY LTD,17146492,active,ltd,,,2026-04-09,,2026-04-09,[62012],2 Frederick Street London United Kingdom WC1X 0ND
CYBERNETIC INSTRUMENTS LTD,17146489,active,ltd,,,2026-04-09,,2026-04-09,[26110, 26511, 62012, 72190],Unit 2 2a Foulden Road London England N16 7UR
SHAKUR LIMITED,17146498,active,ltd,,,2026-04-09,,2026-04-09,[47990],Apartment 604 21 Osiers Road London England SW18 1ZG
51 CS LIMITED,17146578,active,ltd,,,2026-04-09,,2026-04-09,[68209],New Burlington House London England NW11 0PU
SOFERY LIVING LIMITED,17146579,active,ltd,,,2026-04-09,,2026-04-09,[46420, 46499, 47599, 47910],Suite Ra01 195-197 Wood Street London United Kingdom E17 3NU
GLOBAL ZONE LIMITED,17146834,active,ltd,,,2026-04-09,,2026-04-09,[47910, 47990],Flat 6 Stafford Cripps House London England E2 0LN
CAMERON HOUSTON LIGHTING LIMITED,17146815,active,ltd,,,2026-04-09,,2026-04-09,[90020],34a Cleveland Park Avenue London England E17 7BS
GPM MANSIONS LTD,17146820,active,ltd,,,2026-04-09,,2026-04-09,[68209],Office 1, 2a Curzon Road London United Kingdom W5 1NF
RAISING VOICES LTD,17146826,active,ltd,,,2026-04-09,,2026-04-09,[62012],66 Paul Street London United Kingdom EC2A 4NA
CONSULT4PROS LTD,17146833,active,ltd,,,2026-04-09,,2026-04-09,[33170, 82990],128 City Road London United Kingdom EC1V 2NX
AGAAZ GROUP LTD,17147118,active,ltd,,,2026-04-09,,2026-04-09,[47910],124-128 City Road London England EC1V 2NX
EPHRAIM LISK HOLDINGS LTD,17137306,active,ltd,,,2026-04-06,,2026-04-06,[64209],128 City Road London England EC1V 2NX
KUSANOHA LANDSCAPING LTD,17147129,active,ltd,,,2026-04-09,,2026-04-09,[71112],66 Paul Street London United Kingdom EC2A 4NA
NEXA TELECOMMUNICATIONS LIMITED,17147132,active,ltd,,,2026-04-09,,2026-04-09,[61100, 61200, 61900],71-75 Shelton Street London United Kingdom WC2H 9JQ
SECURION LTD,17147201,active,ltd,,,2026-04-09,,2026-04-09,[61900, 62012, 62020, 62090],2 Frederick Street London United Kingdom WC1X 0ND
RANA STAYS LTD,17147211,active,ltd,,,2026-04-09,,2026-04-09,[68209, 68320],71-75 Shelton Street London United Kingdom WC2H 9JQ
NEXENTRA DIGITAL LTD,17147224,active,ltd,,,2026-04-09,,2026-04-09,[47910, 62090, 63120, 73110],20 Wenlock Road London England N1 7GU
STARTUP COPILOT LIMITED,17147453,active,ltd,,,2026-04-09,,2026-04-09,[62012, 62020, 70229],71-75 Shelton Street London United Kingdom WC2H 9JQ
GFLORISH GLOBAL LTD,17147454,active,ltd,,,2026-04-09,,2026-04-09,[47910],71-75 Shelton Street London United Kingdom WC2H 9JQ
EXPILOT LTD,17147459,active,ltd,,,2026-04-09,,2026-04-09,[73110],Suite Ra01 195-197 Wood Street London United Kingdom E17 3NU
EASTON ANALYTICS LIMITED,17147445,active,ltd,,,2026-04-09,,2026-04-09,[73200],27 Old Gloucester St London United Kingdom WC1N 3AX
SOVEX AI LTD,17147758,active,ltd,,,2026-04-09,,2026-04-09,[62012],Flat 85 21 Chailey Place London United Kingdom UB3 3FL
REVITA IV LTD,17147929,active,ltd,,,2026-04-09,,2026-04-09,[86220, 86900],167-169 Great Portland Street London England W1W 5PF
OMAR CARE SERVICE LIMITED,17147938,active,ltd,,,2026-04-09,,2026-04-09,[87100],68 South End Close London England NW3 2RD
LMTS DEVELOPMENT LTD,17148125,active,ltd,,,2026-04-10,,2026-04-10,[58290, 62012, 62090],128 City Road London United Kingdom EC1V 2NX
SA SOLUTIONS LTD,17148130,active,ltd,,,2026-04-10,,2026-04-10,[47640, 47710, 47789, 47910],2a Connaught Avenue London United Kingdom E4 7AA
SHOPWORTH LIMITED,17148314,active,ltd,,,2026-04-10,,2026-04-10,[58290, 62012, 62020, 62090],128 City Road London United Kingdom EC1V 2NX
ERDEL LIMITED,17148547,active,ltd,,,2026-04-10,,2026-04-10,[56103],113 Burnt Ash Road London England SE12 8RA
DRIP CAMDEN LTD,17148582,active,ltd,,,2026-04-10,,2026-04-10,[47710],First Floor London United Kingdom NW1 7BU
MARLEX ELECTRICAL & PLUMBING SOLUTIONS LTD,17148585,active,ltd,,,2026-04-10,,2026-04-10,[43210, 43220],Turnpike House 1208-1210 London Road Leigh-On-Sea England SS9 2UA
ADE AI LIMITED,17148588,active,ltd,,,2026-04-10,,2026-04-10,[62012],5 New Street Square London United Kingdom EC4A 3TW
CLOUD BY 9 LIMITED,17148679,active,ltd,,,2026-04-10,,2026-04-10,[47910],25 Elms Lane Wembley England HA0 2NX
ROUTEX AI LTD,17148690,active,ltd,,,2026-04-10,,2026-04-10,[62012, 62090, 63120],124 City Road London United Kingdom EC1V 2NX
PROKOM UK LTD,17148687,active,ltd,,,2026-04-10,,2026-04-10,[46420, 46690],74a High Street Wanstead London England E11 2RJ
TOWER BEAR LIMITED,17148685,active,ltd,,,2026-04-10,,2026-04-10,[56302],71-75 Shelton Street London United Kingdom WC2H 9JQ
AMIRI AUTO DETAILING LTD,17148904,active,ltd,,,2026-04-10,,2026-04-10,[45200],71-75 Shelton Street London United Kingdom WC2H 9JQ
NEXARYON LIMITED,17148886,active,ltd,,,2026-04-10,,2026-04-10,[46520, 46900, 62090, 96090],Studio No. 19, 138 Marylebone Road London England NW1 5PH
ORDO LAB LTD,17148900,active,ltd,,,2026-04-10,,2026-04-10,[70229],Office 1091 60 Tottenham Court Road London United Kingdom W1T 2EW
BUCKS STORAGE SOLUTIONS LTD,17148901,active,ltd,,,2026-04-10,,2026-04-10,[52103, 82990],1 Kings Avenue Winchmore Hill United Kingdom N21 3NA
G3 PROPERTY & DOMESTIC SERVICES LTD,17148893,active,ltd,,,2026-04-10,,2026-04-10,[70229],128 City Road London United Kingdom EC1V 2NX
SHOUTABOUT TECHNOLOGIES LIMITED,17149090,active,ltd,,,2026-04-10,,2026-04-10,[74909],2nd Floor College House Ruislip, United Kingdom HA4 7AE
TAICOMERIN LTD,17149100,active,ltd,,,2026-04-10,,2026-04-10,[68320],66 Paul Street London United Kingdom EC2A 4NA
LEXORA GLOBAL SERVICES LTD,17149118,active,ltd,,,2026-04-10,,2026-04-10,[82990, 85600],66 Paul Street London United Kingdom EC2A 4NA
WIMBLEDON BOXING CLUB LIMITED,17149119,active,ltd,,,2026-04-10,,2026-04-10,[96040],71-75 Shelton Street London United Kingdom WC2H 9JQ
URIEL INFRASTRUCTURE LTD,17149109,active,ltd,,,2026-04-10,,2026-04-10,[42910, 43999, 71122, 81299],71-75 Shelton Street London United Kingdom WC2H 9JQ
SPENCER HEALTHCARE AND WELLBEING LIMITED,17149441,active,ltd,,,2026-04-10,,2026-04-10,[86220],71-75 Shelton Street London United Kingdom WC2H 9JQ
CVHZ 2 LTD,17149440,active,ltd,,,2026-04-10,,2026-04-10,[55100],527 Roman Road London England E3 5EL
PILLAR COMMERCIAL SERVICES LTD,17149599,active,ltd,,,2026-04-10,,2026-04-10,[70210, 70229, 73110, 73200],71-75 Shelton Street London United Kingdom WC2H 9JQ
LEVERED AI LTD,17149630,active,ltd,,,2026-04-10,,2026-04-10,[62012],167-169 Great Portland Street London England W1W 5PF
PETAL & BOO LIMITED,17149624,active,ltd,,,2026-04-10,,2026-04-10,[56101],167-169 Great Portland Street, 5th Floor London England W1W 5PF
NYIN HOUSE LTD,17149628,active,ltd,,,2026-04-10,,2026-04-10,[47910],128 City Road London United Kingdom EC1V 2NX
EVERETT NORTHERN ESTATES LTD,17149601,active,ltd,,,2026-04-10,,2026-04-10,[68100, 68209],International House London United Kingdom EC3V 3NG
AD11 GROUP LTD,17149622,active,ltd,,,2026-04-10,,2026-04-10,[62011],71-75 Shelton Street London United Kingdom WC2H 9JQ
HIGHER AND HIGHER LIMITED,17149755,active,ltd,,,2026-04-10,,2026-04-10,[56101],128 City Road London United Kingdom EC1V 2NX
MOREHEN & CO ACQUISITIONS LTD,17149740,active,ltd,,,2026-04-10,,2026-04-10,[64209, 64999, 68100],2nd Floor College House Ruislip, United Kingdom HA4 7AE
GILL PERFORMANCE GROUP LTD,17149753,active,ltd,,,2026-04-10,,2026-04-10,[96040],2nd Floor College House Ruislip, United Kingdom HA4 7AE
FACULTRA LIMITED,17149751,active,ltd,,,2026-04-10,,2026-04-10,[62012, 72190],71-75 Shelton Street London United Kingdom WC2H 9JQ
CITY TOWN INTERNATIONAL TRADING LTD,17149934,active,ltd,,,2026-04-10,,2026-04-10,[68209, 68310],115 London Road Morden England SM4 5HP
LIL CUTTIES LTD,17149940,active,ltd,,,2026-04-10,,2026-04-10,[47910, 56103, 56210],27 Old Gloucester Street London United Kingdom WC1N 3AX
SHABA PLUMBING & HEATING LTD,17150303,active,ltd,,,2026-04-10,,2026-04-10,[43220],56a Cannon Hill London England N14 6LH
GRD PROPERTY SOLUTIONS LTD,17150405,active,ltd,,,2026-04-10,,2026-04-10,[96090],66 Paul Street London United Kingdom EC2A 4NA
ANTECH INDUSTRY LIMITED,17150629,active,ltd,,,2026-04-11,,2026-04-11,[99999],41 Devonshire Street Ground Floor Office 1 London United Kingdom W1G 7AJ
JACOB VENTURES LTD,17150652,active,ltd,,,2026-04-11,,2026-04-11,[47910],71-75 Shelton Street London United Kingdom WC2H 9JQ
INTENSEAIMODEL LTD,17150647,active,ltd,,,2026-04-11,,2026-04-11,[63120],71-75 Shelton Street London United Kingdom WC2H 9JQ
THE AUDITION FILM LTD,17150642,active,ltd,,,2026-04-11,,2026-04-11,[59111],24 Rivington Street London England EC2A 3DU
KJ MEDIA EUROPE LTD,17150641,active,ltd,,,2026-04-11,,2026-04-11,[73110],71-75 Shelton Street London United Kingdom WC2H 9JQ
MEYONG LIMITED,17150834,active,ltd,,,2026-04-11,,2026-04-11,[13990, 46410, 47510],Apartment 25 Building 50 Argyll Road London England SE18 6PG
BROOKMANS ADVISORY LTD,17150846,active,ltd,,,2026-04-11,,2026-04-11,[70229],Forma House London United Kingdom EC1R 0NE
ARTA PROPERTY GROUP LIMITED,17150823,active,ltd,,,2026-04-11,,2026-04-11,[68100, 68209],124-128 City Road London England EC1V 2NX
LUXOR CAPITAL LTD,17150837,active,ltd,,,2026-04-11,,2026-04-11,[68100],20 Wenlock Road London England N1 7GU
KODARI GROUP LTD,17150962,active,ltd,,,2026-04-11,,2026-04-11,[41100, 68100, 68209, 74100],Silverstream House London England W1T 6EB
MANAGEMENT FIVE LTD,17150955,active,ltd,,,2026-04-11,,2026-04-11,[70229],124 City Road London United Kingdom EC1V 2NX
TANSKIY DIGITAL LTD,17150952,active,ltd,,,2026-04-11,,2026-04-11,[59111, 62012, 73110],71-75 Shelton Street London United Kingdom WC2H 9JQ
GAMES CENTRE FULHAM LTD,17151202,active,ltd,,,2026-04-11,,2026-04-11,[47421, 47650, 47990],167 - 169 Great Portland Street London England W1W 5PF
KENSHILL LTD,17151182,active,ltd,,,2026-04-11,,2026-04-11,[68320, 81100, 81210],21 Knightsbridge London United Kingdom SW1X 7LY
FOURPOINT PROPERTY GROUP LTD,17151186,active,ltd,,,2026-04-11,,2026-04-11,[68100, 68209],Seymour Chambers Liverpool United Kingdom L3 5NW
TSTDP LTD,17151189,active,ltd,,,2026-04-11,,2026-04-11,[86230],724 High Road Leyton London England E10 6AA
LEVEL FOUR SEVEN LTD,17151358,active,ltd,,,2026-04-11,,2026-04-11,[71122],71-75 Shelton Street London United Kingdom WC2H 9JQ
HRB CONSULTING LTD,17151357,active,ltd,,,2026-04-11,,2026-04-11,[70229],Broom House Hadleigh, Benfleet United Kingdom SS7 2QL
HANGAR.MEDIA LTD,17151331,active,ltd,,,2026-04-11,,2026-04-11,[62012, 62020, 63110, 73110],128 City Road London United Kingdom EC1V 2NX
CAS SERVICES(UK) LTD,17151343,active,ltd,,,2026-04-11,,2026-04-11,[45111, 45112],84 Albert Hall Mansions London England SW7 2AQ
AS INVEST CAPITAL LTD,17151330,active,ltd,,,2026-04-11,,2026-04-11,[64203, 64306, 66300, 68100],128 City Road London United Kingdom EC1V 2NX
COGNIVIO LTD,17151322,active,ltd,,,2026-04-11,,2026-04-11,[47910],Dept 6714, 126 East Ferry Road London United Kingdom E14 9FP
DIAMONDCROP CARS LTD,17151560,active,ltd,,,2026-04-11,,2026-04-11,[45112],102 Purrett Road London England SE18 1JP
THAANUS SERVICE LTD,17151538,active,ltd,,,2026-04-11,,2026-04-11,[47110, 96090],49 London Road London England SW17 9JR
APPLEBY FREELANCE LTD,17151551,active,ltd,,,2026-04-11,,2026-04-11,[88990],5 Brayford Square London England E1 0SG
MWANEXO PARTNERSHIP LIMITED,17151847,active,ltd,,,2026-04-11,,2026-04-11,[64205, 64209, 66190, 70221],Suite 29a 3/F., 23 Wharf Street London United Kingdom SE8 3GG
CHAT SETTING LTD,17151836,active,ltd,,,2026-04-11,,2026-04-11,[62020],71-75 Shelton Street London United Kingdom WC2H 9JQ
HIGHLAND INNOVATION CONSULTING LIMITED,17151829,active,ltd,,,2026-04-11,,2026-04-11,[82990],64 Uverdale Road London England SW10 0SS
AHANA ENERGY LTD,17151831,active,ltd,,,2026-04-11,,2026-04-11,[09100, 24410, 46120, 47990],71-75 Shelton Street London United Kingdom WC2H 9JQ
GARDEN AND BUILDING SERVICES LIMITED,17152209,active,ltd,,,2026-04-11,,2026-04-11,[41201],6 Maybury Gardens London England NW10 2LY
SAMVED GENERAL GOODS LTD,17152322,active,ltd,,,2026-04-12,,2026-04-12,[46520],71-75 Shelton Street London United Kingdom WC2H 9JQ
CARABINHER LTD,17152383,active,ltd,,,2026-04-12,,2026-04-12,[47910],Flat 8 Carbroke House London England E9 7LR
GESACO LIMITED,17152387,active,ltd,,,2026-04-12,,2026-04-12,[47990, 78300, 81299, 84110],Flat 7 Gibbings House London England SE1 0DL
DM BESPOKE JOINERY LTD,17152389,active,ltd,,,2026-04-12,,2026-04-12,[43320],66 Paul Street London United Kingdom EC2A 4NA
PAMSAN CHILDCARE LTD,17152573,active,ltd,,,2026-04-12,,2026-04-12,[85590],66 Paul Street London United Kingdom EC2A 4NA
ALLORA B LTD,17152578,active,ltd,,,2026-04-12,,2026-04-12,[47910],31 Park Road London England E6 1EA
EAST LONDON ROVERS LTD,17152583,active,ltd,,,2026-04-12,,2026-04-12,[93199],33 Nightingale Way London England E6 5JU
DIWAN CAFE & LOUNGE LTD,17152634,active,ltd,,,2026-04-12,,2026-04-12,[56102],Flat 3 Hazel House London England NW3 2HB
THE STYLE DISTRICT LIMITED,17152949,active,ltd,,,2026-04-13,,2026-04-13,[47910],3 Dorset Rise London United Kingdom EC4Y 8EN
ELZ LOGISTICS LTD,17152939,active,ltd,,,2026-04-13,,2026-04-13,[96090],Mount View Court London England N20 0RA
KATARZYNA LUKASIK DESIGN & ART DIRECTION LTD,17152977,active,ltd,,,2026-04-13,,2026-04-13,[90010, 90020, 90030],Apartment 316 21-33 Worple Road London England SW19 4BJ
ETSA GROUP LTD,17152972,active,ltd,,,2026-04-13,,2026-04-13,[64209, 70100, 82990, 96040],Unit 19 Exhibition House London England W14 8XP
WOODBYRNE SOLUTIONS LIMITED,17153211,active,ltd,,,2026-04-13,,2026-04-13,[88990],44 Rivulet Road,  Tottenham London United Kingdom N17 7JS
SOVEREIGN ORCHESTRATION ENGINES LTD,17153214,active,ltd,,,2026-04-13,,2026-04-13,[62012, 72190],167-169 Great Portland Street London England W1W 5PF
HIKMETRA GLOBAL LTD,17153216,active,ltd,,,2026-04-13,,2026-04-13,[70229],Hikmetra Global Ltd Office 18203 London United Kingdom E6 2JA
SHREKTE447 LTD,17153206,active,ltd,,,2026-04-13,,2026-04-13,[46900],275 New N Rd #3110 London United Kingdom N1 7AA
SHER TRADERS LTD,17153215,active,ltd,,,2026-04-13,,2026-04-13,[46170, 46370, 46390, 46900],18 Fifth Avenue London United Kingdom E12 6DA
A&A INVESTMENT PARTNERS LTD,17153220,active,ltd,,,2026-04-13,,2026-04-13,[68100],285b Stanstead Road London United Kingdom SE23 1JB
ENABLAI LTD,17153203,active,ltd,,,2026-04-13,,2026-04-13,[62012, 62020],71-75 Shelton Street London United Kingdom WC2H 9JQ
ANDSWARIAN LTD,17153386,active,ltd,,,2026-04-13,,2026-04-13,[70229],71-75 Shelton Street London United Kingdom WC2H 9JQ
CRÈME AND CRUMB LTD,17153503,active,ltd,,,2026-04-13,,2026-04-13,[10710],167-169 Great Portland Street London United Kingdom W1W 5PF
SULEMANI ENTREPRENEURS LTD,17153641,active,ltd,,,2026-04-13,,2026-04-13,[47990],Office 17844 182-184 High Street North London United Kingdom E6 2JA
BETTER LIFE SUPPORT LTD,17153645,active,ltd,,,2026-04-13,,2026-04-13,[87200],28 Skylines Village London United Kingdom E14 9TS
TVL-CLUB LIMITED,17153663,active,ltd,,,2026-04-13,,2026-04-13,[79110, 79120],139 Nether Street London England N12 8ES
NIRO DESIGN LIMITED,17153891,active,ltd,,,2026-04-13,,2026-04-13,[55900, 68209, 68320],188 Brent Street London England NW4 1BE
DISASTER MANAGEMENT LIMITED,17153877,active,ltd,,,2026-04-13,,2026-04-13,[43999],22 Milton Park London England N6 5QA
THAEM PROPERTIES LIMITED,17154187,active,ltd,,,2026-04-13,,2026-04-13,[68209],697 Harrow Road London United Kingdom NW10 5NY
H&N FACILITIES LTD,17154181,active,ltd,,,2026-04-13,,2026-04-13,[62020, 62030, 96090],66 Paul Street London United Kingdom EC2A 4NA
XOWIT LABS LTD,17154346,active,ltd,,,2026-04-13,,2026-04-13,[62012, 62020],71-75 Shelton Street London United Kingdom WC2H 9JQ
8GG HOLDINGS LTD,17149545,active,ltd,,,2026-04-10,,2026-04-10,[62020],20-22 Wenlock Road London United Kingdom N1 7GU
VERDEXA LTD,17154522,active,ltd,,,2026-04-13,,2026-04-13,[39000],9 Beltane Drive London England SW19 5JR
MAPLECRAFT GAMES LTD,17154530,active,ltd,,,2026-04-13,,2026-04-13,[62011, 62012],71-75 Shelton Street London United Kingdom WC2H 9JQ
THE ODD ROOMS LTD,17133128,active,ltd,,,2026-04-02,,2026-04-02,[58110, 59200, 90030],66 Paul Street London England EC2A 4NE
MNK CONSULTING GROUP LTD,17154531,active,ltd,,,2026-04-13,,2026-04-13,[18130, 18140, 69201, 82110],66 Paul Street London United Kingdom EC2A 4NA
PRIMION LTD,17154552,active,ltd,,,2026-04-13,,2026-04-13,[47910],71-75 Shelton Street London United Kingdom WC2H 9JQ
EGOS TECHNOLOGIES LIMITED,17154724,active,ltd,,,2026-04-13,,2026-04-13,[62012, 62020, 62090, 63110],71-75 Shelton Street London United Kingdom WC2H 9JQ
LABBAIK EVENTS LTD,17154727,active,ltd,,,2026-04-13,,2026-04-13,[56210, 82301, 93199],Unit 2, 100 Rosebery Avenue London United Kingdom E12 6PS
PSJB ELECTRICAL SERVICES LTD,17154720,active,ltd,,,2026-04-13,,2026-04-13,[43210, 43390],Unit 1c The Show House London England SW19 2RD
AETHORVEX TRADE LTD,17154860,active,ltd,,,2026-04-13,,2026-04-13,[47910],Aethorvex Trade Ltd 17 King Edwards Road, Ruislip, London United Kingdom HA4 7AE
SCRAMBLED EGGS LTD,17154853,active,ltd,,,2026-04-13,,2026-04-13,[70229],20 Wenlock Road London England N1 7GU
SHAREKTE459 LTD,17154861,active,ltd,,,2026-04-13,,2026-04-13,[46900],275 New N Rd #3110 London United Kingdom N1 7AA
MEDIAKRISUK LIMITED,17154985,active,ltd,,,2026-04-13,,2026-04-13,[47749],146 New London Road Chelmsford England CM2 0AW
GORDON’S PUNCH LTD,17154989,active,ltd,,,2026-04-13,,2026-04-13,[96090],71-75 Shelton Street London United Kingdom WC2H 9JQ
MONARCH PLATINUM GROUP LTD,17154988,active,ltd,,,2026-04-13,,2026-04-13,[47990, 82990],Arch 90 Tent Street London United Kingdom E1 5DZ
HYERANGE MEDICAL WRITING LTD,17155098,active,ltd,,,2026-04-13,,2026-04-13,[58190],5 Brayford Square London United Kingdom E1 0SG
Q7X LTD,17155097,active,ltd,,,2026-04-13,,2026-04-13,[68320, 77400, 98000],77-Q Lots Road London England SW10 0RN
DRIVELHOUSE STUDIOS LTD,17155111,active,ltd,,,2026-04-13,,2026-04-13,[58110, 59112, 90030],71-75 Shelton Street London United Kingdom WC2H 9JQ
MARKETING MIND MASTERCLASS LTD.,17155096,active,ltd,,,2026-04-13,,2026-04-13,[70229],First Floor   85 Great Portland Street London United Kingdom W1W 7LT
VELTRIXA GROUP LTD,17155110,active,ltd,,,2026-04-13,,2026-04-13,[46900, 47910, 70229, 85590],128 City Road London United Kingdom EC1V 2NX
AW ROSS HOLDINGS LIMITED,17155283,active,ltd,,,2026-04-13,,2026-04-13,[64205],Calder & Co London United Kingdom WC2H 7HF
BRR PROPERTY SOLUTIONS LIMITED,17155282,active,ltd,,,2026-04-13,,2026-04-13,[68209],71-75 Shelton Street London United Kingdom WC2H 9JQ
ELEMENTS GREEN VENTURES LTD,17155277,active,ltd,,,2026-04-13,,2026-04-13,[64209],1 Half Moon Street London England W1J 7AY
REXTRO TECH LTD,17155276,active,ltd,,,2026-04-13,,2026-04-13,[58290, 62012, 62090],128 City Road London United Kingdom EC1V 2NX
SANOA HEALTH LTD,17136840,active,ltd,,,2026-04-04,,2026-04-04,[86900],66 Paul Street London England EC2A 4NA
SORTHIS LTD,17155549,active,ltd,,,2026-04-13,,2026-04-13,[62012, 62020, 62090],Apartment 2905 155 Wandsworth Road London England SW8 2FZ
PROPERTY SOLUTIONS RC LTD,17155646,active,ltd,,,2026-04-14,,2026-04-14,[41202],554 Hertford Road Enfield England EN3 5ST
SAMAZA ADVISORY SERVICES LTD,17155645,active,ltd,,,2026-04-14,,2026-04-14,[70229, 80100, 80300],20 Wenlock Road London England N1 7GU
IMF PLUMBING & HEATING LTD,17155652,active,ltd,,,2026-04-14,,2026-04-14,[43220],11 Boultwood Road London England E6 5QH
MARCORE PARTNERS LTD,17155836,active,ltd,,,2026-04-14,,2026-04-14,[82990],167 - 169 Great Portland Street London England W1W 5PF
LYSCELON SOURCING LTD,17156100,active,ltd,,,2026-04-14,,2026-04-14,[47910],Lyscelon Sourcing Ltd 17 King Edwards Road, Ruislip, London United Kingdom HA4 7AE
J G BELL ELECTRICAL LIMITED,17156086,active,ltd,,,2026-04-14,,2026-04-14,[43210],Flat 5, 99 Dalston Lane London United Kingdom E8 1NH
OMERTA MUSIC RESEARCH LTD,17156168,active,ltd,,,2026-04-14,,2026-04-14,[59200],Office 18469 182-184 High Street North London United Kingdom E6 2JA
IGP SERVICES LTD,17156193,active,ltd,,,2026-04-14,,2026-04-14,[82990],128 City Road London United Kingdom EC1V 2NX
ZEY PROPERTIES LIMITED,17156184,active,ltd,,,2026-04-14,,2026-04-14,[68100, 68201, 68209, 68320],Flat 125, Kenneth Robbins House London United Kingdom N17 0QB
SERVICE AND MAINTENANCE LONDON LTD,17156191,active,ltd,,,2026-04-14,,2026-04-14,[43390],14/2g Docklands Business Centre London United Kingdom E14 8PX
WAYPOINT CAREERS LIMITED,17156394,active,ltd,,,2026-04-14,,2026-04-14,[62090],27 Old Gloucester St London United Kingdom WC1N 3AX
GORNALL GAS LTD,17157441,active,ltd,,,2026-04-14,,2026-04-14,[43220],Flat 1 Fourdrinier Court High Wycombe England HP11 1LB
JASMINE BEAUTY CARE LTD,17157442,active,ltd,,,2026-04-14,,2026-04-14,[96020],27 High Road London England NW10 2TE
RLR RIVERPARK OPCO LIMITED,17157624,active,ltd,,,2026-04-14,,2026-04-14,[68209],4th Floor 140 Aldersgate Street London United Kingdom EC1A 4HY
ARRIANA TAKEAWAY LTD,17157628,active,ltd,,,2026-04-14,,2026-04-14,[56290],3 Pearson Street London England E2 8JD
EO ADUGO LTD,17157615,active,ltd,,,2026-04-14,,2026-04-14,[78109, 78200, 86900, 90030],128 City Road London United Kingdom EC1V 2NX
OSI LETTINGS LIMITED,17157606,active,ltd,,,2026-04-14,,2026-04-14,[68100, 68209],303c Green Lanes London England N13 4XS
BELL INDUSTRIES LIMITED,17157760,active,ltd,,,2026-04-14,,2026-04-14,[38110, 81210, 81221, 81299],63 Littleton Street London England SW18 3SZ
JIM LDN LTD,17157902,active,ltd,,,2026-04-14,,2026-04-14,[93110, 93120, 93130],154 Mildenhall Road London England E5 0RZ
MARK KIDD PLUMBING & HEATING LIMITED,17157899,active,ltd,,,2026-04-14,,2026-04-14,[43220],8 Malyons Road London England SE13 7XG
DOORZ LONDON LTD,17157905,active,ltd,,,2026-04-14,,2026-04-14,[43320],71-75 Shelton Street London United Kingdom WC2H 9JQ
ZA SYSTEMS LTD,17157904,active,ltd,,,2026-04-14,,2026-04-14,[70229],71-75 Shelton Street London United Kingdom WC2H 9JQ
CAPYTECH UK LTD,17157950,active,ltd,,,2026-04-14,,2026-04-14,[62012],66 Paul Street London United Kingdom EC2A 4NA
NUMEROS ADVISORY LIMITED,17158119,active,ltd,,,2026-04-14,,2026-04-14,[69201],167-169 Great Portland Street London England W1W 5PF
NEXT DOOR CLEANERS LTD,17158192,active,ltd,,,2026-04-14,,2026-04-14,[81210, 81229],1 Stanier Close London England W14 9NG
THE VEND FOLLOW LTD,17158191,active,ltd,,,2026-04-14,,2026-04-14,[47910],135 Vicarage Road London England E10 5DR
RENVUE LTD,17158256,active,ltd,,,2026-04-15,,2026-04-15,[58290],66 Paul Street London United Kingdom EC2A 4NA
HOSMOU LTD,17158273,active,ltd,,,2026-04-15,,2026-04-15,[62020],71-75 Shelton Street London United Kingdom WC2H 9JQ
NAVID PARTNERS LTD.,17158327,active,ltd,,,2026-04-15,,2026-04-15,[70229],71-75 Shelton Street London United Kingdom WC2H 9JQ
MANTON MEDICO-LEGAL LIMITED,17158341,active,ltd,,,2026-04-15,,2026-04-15,[86220],167-169 Great Portland Street, 5th Floor London England W1W 5PF
ESSENTIAL WOMAN LTD,17158354,active,ltd,,,2026-04-15,,2026-04-15,[70229, 82302, 96090],66 Paul Street London United Kingdom EC2A 4NA
ALPHORA DIGITAL LTD,17158437,active,ltd,,,2026-04-15,,2026-04-15,[62020],167-169 Great Portland Street London England W1W 5PF
YUWEI LTD,17158457,active,ltd,,,2026-04-15,,2026-04-15,[47910],128 City Road London United Kingdom EC1V 2NX
SAIM TRADING PRIVATE LIMITED,17158455,active,ltd,,,2026-04-15,,2026-04-15,[46900],01 182-184 Office 12517 High Street North London United Kingdom E6 2JA
AND SO AWAY LTD,17158613,active,ltd,,,2026-04-15,,2026-04-15,[79110],19 Stodart Road London England SE20 8ET
MUSE SUPPLY CO LTD,17158693,active,ltd,,,2026-04-15,,2026-04-15,[46900],89 Claremont Road London England E7 0QA
KNOWLEDGE CARE CIC,17158692,active,ltd,community-interest-company,,2026-04-15,,2026-04-15,[85320, 85600, 87200],Muslim Cultural Heritage Centre London England W10 5YG
RINDABBEVILLE LTD,17158682,active,ltd,,,2026-04-15,,2026-04-15,[56101],27 Abbeville Road London England SW4 9LA
PENINSULA CONSTRUCTION GROUP NI LTD,17158813,active,ltd,,,2026-04-15,,2026-04-15,[43320],66 Paul Street London United Kingdom EC2A 4NA
ELIT HOLDINGS LTD,17158789,active,ltd,,,2026-04-15,,2026-04-15,[68100, 68209, 68320],27 Old Gloucester Street London United Kingdom WC1N 3AX
NETROVIA LTD,17158838,active,ltd,,,2026-04-15,,2026-04-15,[63110, 96090],Office 18467 182-184 High Street North London United Kingdom E6 2JA
MACBAY INVESTMENT LTD,17158842,active,ltd,,,2026-04-15,,2026-04-15,[68100, 68209],183 Fore Street London England N18 2UD
FINAL BOARDING UK PRODUCTIONS LIMITED,17135305,active,ltd,,,2026-04-02,,2026-04-02,[59111],71 Queen Victoria Street London United Kingdom EC4V 4BE
STRANGE DNA LIMITED,17158897,active,ltd,,,2026-04-15,,2026-04-15,[62090, 90020],9 Waterden Road London England E20 3AN
AEDIFICIA ORBIS LTD,17159010,active,ltd,,,2026-04-15,,2026-04-15,[74100],Apartment 303, 20 Enterprise Way London United Kingdom SW18 1SA
AFRILINQO LTD,17159014,active,ltd,,,2026-04-15,,2026-04-15,[47910],2 Frederick Street London United Kingdom WC1X 0ND
REBASE CHELSEA LIMITED,17159013,active,ltd,,,2026-04-15,,2026-04-15,[47250, 56290, 86900, 93130],1a St. Vincent Street London England W1U 4DA
IZ CLEANING LTD,17158996,active,ltd,,,2026-04-15,,2026-04-15,[81210],128 City Road London United Kingdom EC1V 2NX
LAS CONSULTING LTD,17159004,active,ltd,,,2026-04-15,,2026-04-15,[62020],71-75 Shelton Street London United Kingdom WC2H 9JQ
MAMA BEAR CHILDCARE SERVICES LTD,17159007,active,ltd,,,2026-04-15,,2026-04-15,[88910],13 St. Swithin's Lane London England EC4N 8AL
STRIVEPOINT RECRUITMENT LTD,17159096,active,ltd,,,2026-04-15,,2026-04-15,[78109, 78200],2 Frederick Street London United Kingdom WC1X 0ND
SEALLY LTD,17159107,active,ltd,,,2026-04-15,,2026-04-15,[61900],2 Frederick Street London United Kingdom WC1X 0ND
COREN DIGITAL LTD,17159290,active,ltd,,,2026-04-15,,2026-04-15,[62012],Unit 501 Leroy House London United Kingdom N1 3FY
REISS 27 LTD,17159266,active,ltd,,,2026-04-15,,2026-04-15,[56103],87 Millmead Business Centre London United Kingdom N17 9QU
BCPE WELLBEING HOLDCO TWO LIMITED,17159273,active,ltd,,,2026-04-15,,2026-04-15,[64209],Duo Level 6 London United Kingdom EC2M 4RB
POMPEY TAXI LTD,17144526,active,ltd,,,2026-04-08,,2026-04-08,[49320],23a The Precinct Waterlooville United Kingdom PO7 7DT
KYSKO LTD,17144533,active,ltd,,,2026-04-08,,2026-04-08,[43999, 46900, 47910, 74909],71-75 Shelton Street London United Kingdom WC2H 9JQ
JOMS MULTIMEDIA LTD,17144527,active,ltd,,,2026-04-08,,2026-04-08,[58110, 59112, 59200, 63120],128 City Road London United Kingdom EC1V 2NX
LOAN WORD LTD,17144529,active,ltd,,,2026-04-08,,2026-04-08,[74300, 90010, 90020, 90030],71-75 Shelton Street London United Kingdom WC2H 9JQ
FORAM GENERAL TRADING LTD,17144531,active,ltd,,,2026-04-08,,2026-04-08,[46520],71-75 Shelton Street London United Kingdom WC2H 9JQ
DIGITRAX GLOBAL LTD,17144428,active,ltd,,,2026-04-08,,2026-04-08,[52290, 61900, 62020, 62090],20 Wenlock Road London England N1 7GU
KUARTO INSAAT SANAYI VE TICARET LIMITED,17144425,active,ltd,,,2026-04-08,,2026-04-08,[47810],Office 2608ke 182-184 High Street North London United Kingdom E6 2JA
LUNA AVIATION SERVICES LTD,17144440,active,ltd,,,2026-04-08,,2026-04-08,[74909],66 Paul Street London United Kingdom EC2A 4NA
PALE RUBY WINE LTD,17144305,active,ltd,,,2026-04-08,,2026-04-08,[47250],27 27 Old Gloucester Street London England WC1N 3AX
AQPUNCHING LTD,17144418,active,ltd,,,2026-04-08,,2026-04-08,[47910, 73110, 74100],Suite C230 4 - 6, Greatorex Street London United Kingdom E1 5NF
DESIGNHUB COMMUNICATIONS LTD,17144500,active,ltd,,,2026-04-08,,2026-04-08,[70210, 73110, 73120, 74100],128 City Road London United Kingdom EC1V 2NX
21 AND ONE LTD,17144494,active,ltd,,,2026-04-08,,2026-04-08,[73110, 74209],128 City Road London United Kingdom EC1V 2NX
MENGHON INSIGHTS LTD,17144489,active,ltd,,,2026-04-08,,2026-04-08,[70229],Office 18332 182-184 High Street North London United Kingdom E6 2JA
BRI CAPITAL LTD,17144422,active,ltd,,,2026-04-08,,2026-04-08,[96090],128 City Road London United Kingdom EC1V 2NX
TAYO HOLDINGS LTD,17144427,active,ltd,,,2026-04-08,,2026-04-08,[68209],20 Wenlock Road London England N1 7GU
URBAN PARADOX LTD,17144465,active,ltd,,,2026-04-08,,2026-04-08,[41100, 41202, 55900, 68100],128 City Road London United Kingdom EC1V 2NX
VIAPLAN LIMITED,17144478,active,ltd,,,2026-04-08,,2026-04-08,[70229],11 Blackheath Village London England SE3 9LA
NEW ARTS OPERA LTD,17144486,active,ltd,,,2026-04-08,,2026-04-08,[90010, 90030],71-75 Shelton Street London United Kingdom WC2H 9JQ
SMILEPREVIEW LIMITED,17145628,active,ltd,,,2026-04-09,,2026-04-09,[62012],128 City Road London United Kingdom EC1V 2NX
DESERT FUNDED LTD,17133469,active,ltd,,,2026-04-02,,2026-04-02,[62090, 64999],66 Paul Street London England EC2A 4NA
EKTIFA ACADEMY & BUSINESS CONSULTATION LTD,17145621,active,ltd,,,2026-04-09,,2026-04-09,[85600],71-75 Shelton Street London United Kingdom WC2H 9JQ
THE TRANSFER CONCIERGE LIMITED,17145764,active,ltd,,,2026-04-09,,2026-04-09,[70229],809 Salisbury House 29 Finsbury Circus London United Kingdom EC2M 7AQ
STUART REECE LTD,17145776,active,ltd,,,2026-04-09,,2026-04-09,[46170],114b Norbury Crescent London England SW16 4JZ
ROUTESTONE HOUSING LTD,17145754,active,ltd,,,2026-04-09,,2026-04-09,[68310, 68320, 70229],20 Wenlock Road London England N1 7GU
ONE KISS EVENTS LTD,17145878,active,ltd,,,2026-04-09,,2026-04-09,[56302],20 Wenlock Road London England N1 7GU
POND KINETICS LTD,17145875,active,ltd,,,2026-04-09,,2026-04-09,[28290],71-75 Shelton Street London United Kingdom WC2H 9JQ
CHALK LANDING LTD,17145879,active,ltd,,,2026-04-09,,2026-04-09,[64209],Enterprise London United Kingdom SW3 5RJ
QUANTUM COMPUTE LTD,17146092,active,ltd,,,2026-04-09,,2026-04-09,[62011, 62012],71-75 Shelton Street London United Kingdom WC2H 9JQ
YUSUFIDREES LTD,17146091,active,ltd,,,2026-04-09,,2026-04-09,[47910],Dns House Harrow United Kingdom HA3 8DP
LULE NATYRALE LONDON LTD,17146258,active,ltd,,,2026-04-09,,2026-04-09,[47240, 47760],77 High Street London England E17 7DB
FULL GROWTH LIMITED,17146251,active,ltd,,,2026-04-09,,2026-04-09,[01610, 96090],167-169 Great Portland Street, 5th Floor London England W1W 5PF
OTI BIDCO LTD,17146386,active,ltd,,,2026-04-09,,2026-04-09,[64209],5 Brayford Square London England E1 0SG
MAGIC PERFUMES LIMITED,17146391,active,ltd,,,2026-04-09,,2026-04-09,[47750],42 Broadway London England W13 0SU
STRATTON MERCER GROUP LTD,17146453,active,ltd,,,2026-04-09,,2026-04-09,[64999, 74909, 82990],124 City Road London United Kingdom EC1V 2NX
HAMID & RAHMAN LIMITED,17146438,active,ltd,,,2026-04-09,,2026-04-09,[68100, 68209],Flat 6 Arbury Court London United Kingdom SE20 8ER
SKYSUPPLY PRO LTD,17146455,active,ltd,,,2026-04-09,,2026-04-09,[47410, 47710, 62012, 62090],Unit 6858, 5 Brayford Square London United Kingdom E1 0SG
PASSING ON LTD,17146468,active,ltd,,,2026-04-09,,2026-04-09,[47910],128 City Road London United Kingdom EC1V 2NX
CONGIA LTD,17146663,active,ltd,,,2026-04-09,,2026-04-09,[47910],4 Raven Road, Unit 1c3-1034 London United Kingdom E18 1HB
MITCHELL SOLUTIONS LIMITED,17146860,active,ltd,,,2026-04-09,,2026-04-09,[58290, 62012, 62020, 63110],71-75 Shelton Street London United Kingdom WC2H 9JQ
FINDIE LTD,17146847,active,ltd,,,2026-04-09,,2026-04-09,[63110],39 Lime Court London England SW15 5RJ
SIDRA SERVICES LTD,17146843,active,ltd,,,2026-04-09,,2026-04-09,[96090],128 City Road London United Kingdom EC1V 2NX
NORI VENTURES LTD,17146856,active,ltd,,,2026-04-09,,2026-04-09,[64209],61 Lyme Grove London United Kingdom E9 6PX
MAHY GRID LTD,17147057,active,ltd,,,2026-04-09,,2026-04-09,[43210, 71129],71-75 Shelton Street London United Kingdom WC2H 9JQ
CURATED HOME COLLECTIONS LTD,17147042,active,ltd,,,2026-04-09,,2026-04-09,[47910],66 Paul Street London United Kingdom EC2A 4NA
TOWER CAFE CANTERBURY LTD,17147086,active,ltd,,,2026-04-09,,2026-04-09,[56102],500 White Hart Lane London England N17 7NA
ZS GLOBAL VENTURES LTD,17147053,active,ltd,,,2026-04-09,,2026-04-09,[47789],Flat 7, 593 Harrow Road Wembley England HA0 2EF
ORVIXCREST LTD,17147069,active,ltd,,,2026-04-09,,2026-04-09,[73110],71-75 Shelton Street London United Kingdom WC2H 9JQ
ALIST LEGAL ADVISORY LIMITED,17147325,active,ltd,,,2026-04-09,,2026-04-09,[69109],128 City Road London England EC1V 2NX
SE 100-139 LIMITED,17147321,active,ltd,,,2026-04-09,,2026-04-09,[68100, 68209, 68310],5 Brayford Square London England E1 0SG
ECOMWORLD2026 LTD,17147336,active,ltd,,,2026-04-09,,2026-04-09,[47990, 96090],27 Old Gloucester Street London United Kingdom WC1N 3AX
WEGONORTH LTD,17147426,active,ltd,,,2026-04-09,,2026-04-09,[62020],Studio 82 54 - 56 Standard Road London United Kingdom NW10 6EU
PRIME DESIGN CLOTHING LTD,17147441,active,ltd,,,2026-04-09,,2026-04-09,[13990],105 Clova Road London England E7 9AG
RITZ PARTNERS LIMITED,17147432,active,ltd,,,2026-04-09,,2026-04-09,[62012, 62020],1 Canada Square London England E14 5AA
REL LENDCO 6 LIMITED,17147421,active,ltd,,,2026-04-09,,2026-04-09,[64999],6th Floor 2 London Wall Place London United Kingdom EC2Y 5AU
JULIAN PAINTING AND DECORATING LTD,17147612,active,ltd,,,2026-04-09,,2026-04-09,[43341],14 Ruskin Road London England N17 8ND
PARALLAX ADVISORY LIMITED,17147598,active,ltd,,,2026-04-09,,2026-04-09,[70229],66 Paul Street London England EC2A 4NA
LIALLA LTD,17147599,active,ltd,,,2026-04-09,,2026-04-09,[86230],7-15 Greatorex Street London England E1 5NF
CHAMELEON-AI-AGENT LTD,17147789,active,ltd,,,2026-04-09,,2026-04-09,[62012, 69201, 95110],3rd Floor, 86-90 Paul Street London United Kingdom EC2A 4NE
APEX MOBILE REPAIRS LTD,17147788,active,ltd,,,2026-04-09,,2026-04-09,[71129],66 Paul Street London United Kingdom EC2A 4NA
BRIGHTLANE COMMERCE LTD,17147783,active,ltd,,,2026-04-09,,2026-04-09,[47910],Office 18277 182-184 High Street North London United Kingdom E6 2JA
JAKEZ LTD,17147801,active,ltd,,,2026-04-09,,2026-04-09,[73110],66 Paul Street London United Kingdom EC2A 4NA
D&ME LTD,17147794,active,ltd,,,2026-04-09,,2026-04-09,[46420, 47722, 47820],138 Milton Avenue London England E6 1BL
GALO GLOBAL LIMITED,17148246,active,ltd,,,2026-04-10,,2026-04-10,[64209],Suite 1, 7th Floor 50 Broadway London United Kingdom SW1H 0DB
VERITY STUDIO LTD,17148255,active,ltd,,,2026-04-10,,2026-04-10,[62012, 62020, 63120],128 City Road London United Kingdom EC1V 2NX
CLOUD 27 SERVICES LTD,17148252,active,ltd,,,2026-04-10,,2026-04-10,[55100],195-197, Suite Ra01 Wood Street London United Kingdom E17 3NU
NERO FRAGRANCE LTD,17148241,active,ltd,,,2026-04-10,,2026-04-10,[47750, 47910],20 Wenlock Road London England N1 7GU
LVA HOLDINGS LTD,17148228,active,ltd,,,2026-04-10,,2026-04-10,[96020],1 Francis Street London United Kingdom E15 1JG
KYVVA LTD,17148356,active,ltd,,,2026-04-10,,2026-04-10,[46420],71-75 Shelton Street London United Kingdom WC2H 9JQ
AVOCADAY LTD,17148384,active,ltd,,,2026-04-10,,2026-04-10,[62012],124-128 City Road London England EC1V 2NX
KEYSTONE EXECUTIVE PARTNERS LTD,17148363,active,ltd,,,2026-04-10,,2026-04-10,[70229],71-75 Shelton Street London United Kingdom WC2H 9JQ
SCNJ SPARK LIMITED,17148367,active,ltd,,,2026-04-10,,2026-04-10,[62020],71-75 Shelton Street London United Kingdom WC2H 9JQ
LONDON HOUSING COMMUNITY LTD,17148380,active,ltd,,,2026-04-10,,2026-04-10,[68100],141 High Street London England N14 6BP
ULTRYX SERVICES LIMITED,17148738,active,ltd,,,2026-04-10,,2026-04-10,[46520, 46900, 62090, 96090],Studio No. 11, 138 Marylebone Road London England NW1 5PH
MOODFIRE LTD,17148753,active,ltd,,,2026-04-10,,2026-04-10,[62012],124 City Road London United Kingdom EC1V 2NX
CRAFT AI AGENTS LTD,17148858,active,ltd,,,2026-04-10,,2026-04-10,[82990],80 Cheapside London United Kingdom EC2V 6EE
DE FERMO LTD,17148868,active,ltd,,,2026-04-10,,2026-04-10,[47910],Suite 10716 5 Brayford Square London United Kingdom E1 0SG
IJAYA PROMOTIONS LTD,17148872,active,ltd,,,2026-04-10,,2026-04-10,[73120, 82301, 90020, 93290],Office 17488 182-184 High Street North London United Kingdom E6 2JA
NCG ESTATES LTD,17149043,active,ltd,,,2026-04-10,,2026-04-10,[68209],20 Wenlock Road London England N1 7GU
RD CAPITAL FREEHOLD LIMITED,17149067,active,ltd,,,2026-04-10,,2026-04-10,[68100, 68209, 68320],Apartment 24 315 Chiswick High Road London England W4 4DG
EBENEL GROUP LTD,17149285,active,ltd,,,2026-04-10,,2026-04-10,[64209, 70229, 82990],167-169 Great Portland Street London United Kingdom W1W 5PF
HCLM PROPERTY LIMITED,17149274,active,ltd,,,2026-04-10,,2026-04-10,[68209],Wellesley House Waterlooville England PO7 7AN
CALMARIA LTD,17149275,active,ltd,,,2026-04-10,,2026-04-10,[73110],24a Aldermans Hill London England N13 4PN
CRACKWILLOW LIMITED,17149256,active,ltd,,,2026-04-10,,2026-04-10,[64201],167 - 169 Great Portland Street London England W1W 5PF
HONED STONE INTERIORS LTD,17149453,active,ltd,,,2026-04-10,,2026-04-10,[23700],303 Unit 5, 399-405 Oxford Street London United Kingdom W1C 2BU
JEN PARR HAND THERAPY LTD,17149462,active,ltd,,,2026-04-10,,2026-04-10,[86220],20 Wenlock Road London England N1 7GU
ISLAND-WIDE RENOVATIONS LTD,17149498,active,ltd,,,2026-04-10,,2026-04-10,[41100, 41201, 41202, 43390],71-75 Shelton Street London United Kingdom WC2H 9JQ
AEGIS ORIGIN LTD.,17149691,active,ltd,,,2026-04-10,,2026-04-10,[46210],71-75 Shelton Street London United Kingdom WC2H 9JQ
MICHELLE'S HAIR LIMITED,17149728,active,ltd,,,2026-04-10,,2026-04-10,[96020],Unit 306 3 Schwartz Wharf London England E9 5GW
MORTLOCK RM CONSULTING LTD,17149735,active,ltd,,,2026-04-10,,2026-04-10,[70229],71-75 Shelton Street London United Kingdom WC2H 9JQ
PADEL AFTER DARK LTD,17149712,active,ltd,,,2026-04-10,,2026-04-10,[93290],71-75 Shelton Street London United Kingdom WC2H 9JQ
MOBILE SPA GROUP LTD,17134232,active,ltd,,,2026-04-02,,2026-04-02,[96020],3rd Floor, 86-90 Paul Street London United Kingdom EC2A 4NE
OFFBEYOND LTD,17149723,active,ltd,,,2026-04-10,,2026-04-10,[62012, 62020, 70229, 85590],14/2e Docklands Business Centre London United Kingdom E14 8PX
MAISON CHRISTO LETTINGS AND MANAGEMENT LIMITED,17150030,active,ltd,,,2026-04-10,,2026-04-10,[68320],Flat 121 New Providence Wharf London England E14 9PL
DRIKIWI LIMITED,17150050,active,ltd,,,2026-04-10,,2026-04-10,[13922, 14190, 32300, 47910],81 Cromwell Road London England SW19 8LF
PREMA VENTURES LTD,17150197,active,ltd,,,2026-04-10,,2026-04-10,[63990, 70229],128 City Road London United Kingdom EC1V 2NX
LOW SKIES RETAIL LTD,17150187,active,ltd,,,2026-04-10,,2026-04-10,[47789, 47910],128 City Road London United Kingdom EC1V 2NX
36 AVENUE GARDENS FREEHOLD LIMITED,17150176,active,ltd,,,2026-04-10,,2026-04-10,[68209],36 Avenue Gardens London England W3 8HB
HASEBA SERVICES LTD,17150192,active,ltd,,,2026-04-10,,2026-04-10,[81222],66 Paul Street London United Kingdom EC2A 4NA
L3 SOFTWARE LTD,17150313,active,ltd,,,2026-04-10,,2026-04-10,[62012],128 City Road London United Kingdom EC1V 2NX
VISCOUNT INVESTMENTS LIMITED,17150319,active,ltd,,,2026-04-10,,2026-04-10,[68100],Flat 22 Sherborne Court 180-186 Cromwell Road London England SW5 0SS
DERGHAM LTD,17150322,active,ltd,,,2026-04-10,,2026-04-10,[62020],182-184 High Street North London England E6 2JA
BLACKETTS (WATFORD) LTD,17150438,active,ltd,,,2026-04-10,,2026-04-10,[68100],Aston House London England N3 1LF
CONSPECTION LTD,17150505,active,ltd,,,2026-04-10,,2026-04-10,[62012, 62090, 71129],195 Wood Street London England E17 3NU
TRUEGEM LTD,17150934,active,ltd,,,2026-04-11,,2026-04-11,[20420, 47750, 47910],128 City Road London United Kingdom EC1V 2NX
BRUCIRA DESIGN LTD,17150939,active,ltd,,,2026-04-11,,2026-04-11,[47910, 74100, 96090],167-169 Great Portland Street London United Kingdom W1W 5PF
SOHNI’S NEIGHBOUR LTD,17150900,active,ltd,,,2026-04-11,,2026-04-11,[46190, 47190, 47820, 47890],71-75 Shelton Street London United Kingdom WC2H 9JQ
OURIASTORE LTD,17150908,active,ltd,,,2026-04-11,,2026-04-11,[47910],71-75 Shelton Street London United Kingdom WC2H 9JQ
NUBÉ GROUP LTD,17150913,active,ltd,,,2026-04-11,,2026-04-11,[47910],71-75 Shelton Street London United Kingdom WC2H 9JQ
AURUX LTD,17151120,active,ltd,,,2026-04-11,,2026-04-11,[62012, 62090, 63110, 63990],71-75 Shelton Street London United Kingdom WC2H 9JQ
GSR CORP LTD,17151406,active,ltd,,,2026-04-11,,2026-04-11,[32990, 47910, 70229, 73110],60 Tottenham Court Road London England W1T 2EW
SYMMETRIC LABS LTD,17151399,active,ltd,,,2026-04-11,,2026-04-11,[62020, 70229, 72190],71-75 Shelton Street London United Kingdom WC2H 9JQ
QIONGCHAN26 LTD,17151424,active,ltd,,,2026-04-11,,2026-04-11,[47910],Apartment 102 Charrington Tower 11 Biscayne Avenue London England E14 9AY
L&O’ GROUP LTD,17151413,active,ltd,,,2026-04-11,,2026-04-11,[41100, 68100, 68209],D S Burge And Co Ltd London United Kingdom SW19 4DW
PRIME OAK ENGINEERED LIMITED,17151512,active,ltd,,,2026-04-11,,2026-04-11,[43330],342 Regents Park Road London England N3 2LJ
GLOBAL ENTRY SOLUTIONS LTD,17151533,active,ltd,,,2026-04-11,,2026-04-11,[82990],71-75 Shelton Street London United Kingdom WC2H 9JQ
ROTARY & CO PUBLISHING LTD,17151524,active,ltd,,,2026-04-11,,2026-04-11,[58110],71-75 Shelton Street London United Kingdom WC2H 9JQ
BD BURWOOD LTD,17151526,active,ltd,,,2026-04-11,,2026-04-11,[41202, 68100],Lynton House London United Kingdom WC1H 9BQ
ALDEBARAN INTERNATIONAL LTD,17151527,active,ltd,,,2026-04-11,,2026-04-11,[51102, 51210, 52230],71-75 Shelton Street London United Kingdom WC2H 9JQ
ORION GLOBAL VENTURES LTD,17151904,active,ltd,,,2026-04-11,,2026-04-11,[46520, 46690, 46900],60 Tottenham Court Road Fitzrovia England W1T 2EW
IAWA INTERNATIONAL LTD,17151891,active,ltd,,,2026-04-11,,2026-04-11,[74909, 85520],69 Chandler Way London England SE15 6GB
MUDALUXE HOMES LIMITED,17151890,active,ltd,,,2026-04-11,,2026-04-11,[68100, 68209, 68310, 68320],20 Wenlock Road London England N1 7GU
HELLOWORLD TECHNOLOGIES LTD,17151886,active,ltd,,,2026-04-11,,2026-04-11,[58290, 62090],Silverstream House London England W1T 6EB
KINETIN GOVERNANCE LIMITED,17151889,active,ltd,,,2026-04-11,,2026-04-11,[64209],195 Wood Street London England E17 3NU
LUNATIK LTD,17151897,active,ltd,,,2026-04-11,,2026-04-11,[99999],27 Old Gloucester Street London United Kingdom WC1N 3AX
UA VENTURES LIMITED,17151895,active,ltd,,,2026-04-11,,2026-04-11,[70229, 80100, 85590, 85600],5 Brayford Square London England E1 0SG
GYMNASTICS SKILL CO. LTD,17152068,active,ltd,,,2026-04-11,,2026-04-11,[47910, 85510],167-169 Great Portland Street London United Kingdom W1W 5PF
NASI JAYA LTD,17152079,active,ltd,,,2026-04-11,,2026-04-11,[64999],399-405 Oxford Street London United Kingdom W1C 2BU
AVORA LTD,17152898,active,ltd,,,2026-04-13,,2026-04-13,[73110],Dunford House London England N22 6SA
LILIANIJO LIMITED,17152889,active,ltd,,,2026-04-13,,2026-04-13,[87900],15 Talbot Walk, Church Road London England NW10 9HU
DESSIE B LIMITED,17152885,active,ltd,,,2026-04-13,,2026-04-13,[59200],4 Sunnyhill Close London England E5 0ST
ORBIT SYSTEMS LTD,17153116,active,ltd,,,2026-04-13,,2026-04-13,[62012],71-75 Shelton Street London United Kingdom WC2H 9JQ
SHAREKTE444 LTD,17153229,active,ltd,,,2026-04-13,,2026-04-13,[46900],275 New N Rd #3110 London United Kingdom N1 7AA
CRITICALCARE ALLIANCE LTD,17153237,active,ltd,,,2026-04-13,,2026-04-13,[86900],3 Great Chart Street London United Kingdom SW11 2QX
AYSKA LIMITED,17153224,active,ltd,,,2026-04-13,,2026-04-13,[47910],71-75 Shelton Street London United Kingdom WC2H 9JQ
YOUSEF GLOBAL PROFESSIONAL SERVICES LTD,17153401,active,ltd,,,2026-04-13,,2026-04-13,[62012, 63110, 63120, 69109],128 City Road London United Kingdom EC1V 2NX
TRUE TURQUOISE LTD,17153408,active,ltd,,,2026-04-13,,2026-04-13,[47910],124-128 City Road London England EC1V 2NX
MARSHAL GROWTH LTD,17153407,active,ltd,,,2026-04-13,,2026-04-13,[47910, 73110, 90020],128 City Road London United Kingdom EC1V 2NX
MPC LABS LTD,17153412,active,ltd,,,2026-04-13,,2026-04-13,[62012],128 City Road London United Kingdom EC1V 2NX
BRAMBLE CARE LIMITED,17153428,active,ltd,,,2026-04-13,,2026-04-13,[68100],167-169 Great Portland Street London United Kingdom W1W 5PF
SIMIEN HILLS LTD,17153433,active,ltd,,,2026-04-13,,2026-04-13,[86220],Flat 7 2a Rundell Crescent London England NW4 3AZ
FOLIO PROPERTY LIMITED,17134291,active,ltd,,,2026-04-02,,2026-04-02,[41100, 68100, 68209],124 City Road London England EC1V 2NX
FM MASSARIOL LIMITED,17153905,active,ltd,,,2026-04-13,,2026-04-13,[74100],48 Brunswick Road London England E10 6RS
N.A.H ENTERPRISE LTD,17154072,active,ltd,,,2026-04-13,,2026-04-13,[47910],128 City Road London United Kingdom EC1V 2NX
AK29 LTD,17154071,active,ltd,,,2026-04-13,,2026-04-13,[41202],118 Lewisham Way London England SE14 6PD
QUIKLY LTD,17154080,active,ltd,,,2026-04-13,,2026-04-13,[47910],167-169 Great Portland Street London England W1W 5PF
BOREALITE LTD,17154365,active,ltd,,,2026-04-13,,2026-04-13,[46900, 47910],71-75 Shelton Street London United Kingdom WC2H 9JQ
BARBASTRO REM LTD,17154380,active,ltd,,,2026-04-13,,2026-04-13,[62020, 62090],71-75 Shelton Street London United Kingdom WC2H 9JQ
ELYTE SOLUTIONS LTD,17154389,active,ltd,,,2026-04-13,,2026-04-13,[47990],20 Wenlock Road London England N1 7GU
HUTTON INNOVATION GROUP LTD,17154913,active,ltd,,,2026-04-13,,2026-04-13,[47190],167-169 Great Portland Street London England W1W 5PF
AURORA CLAIR LTD,17154911,active,ltd,,,2026-04-13,,2026-04-13,[73110],Office 18032 182-184 High Street North London United Kingdom E6 2JA
LITTLE STARZ CHILDCARE LTD,17154889,active,ltd,,,2026-04-13,,2026-04-13,[85100, 85590, 85600, 88910],4 Garrick Court London United Kingdom E1 8DR
ALISON SHARPE CONSULTING LIMITED,17155033,active,ltd,,,2026-04-13,,2026-04-13,[82990],124-128 City Road London England EC1V 2NX
COLOMBO HURD UK LTD,17155168,active,ltd,,,2026-04-13,,2026-04-13,[69102],Suite 120 Berkeley Square House London England W1J 6BD
JM X PROPERTY LIMITED,17155169,active,ltd,,,2026-04-13,,2026-04-13,[68100],143 Ashfield Street London England E1 3EX
PRO'S HCW LTD,17155310,active,ltd,,,2026-04-13,,2026-04-13,[45200],83d London Road Romford England RM7 9QD
ENGINUITY SOCIAL LTD,17155410,active,ltd,,,2026-04-13,,2026-04-13,[73110],66 Paul Street London United Kingdom EC2A 4NA
DOMINION AUTOMOTIVE GROUP LTD,17155584,active,ltd,,,2026-04-14,,2026-04-14,[45112],67 Churston Avenue London England E13 0RJ
MARALLUM PARTNERSHIP LTD,17155572,active,ltd,,,2026-04-14,,2026-04-14,[70229],66 Paul Street London England EC2A 4NA
LUNAVI LTD,17155744,active,ltd,,,2026-04-14,,2026-04-14,[47910],Office 17866 182-184 High Street North London United Kingdom E6 2JA
LA HANA LTD,17155751,active,ltd,,,2026-04-14,,2026-04-14,[56103],104 High Street Colliers Wood London United Kingdom SW19 2BT
SOFTG LIMITED,17155766,active,ltd,,,2026-04-14,,2026-04-14,[96090],27 Old Gloucester Street London United Kingdom WC1N 3AX
OKANS ELECTRICAL ENGINEERING SERVICE LTD,17155882,active,ltd,,,2026-04-14,,2026-04-14,[43210],26 Passel House 2 Heartwood Boulevard London United Kingdom W3 6YT
SOFIA LUMIÈRE LTD,17155872,active,ltd,,,2026-04-14,,2026-04-14,[46450],71-75 Shelton Street London United Kingdom WC2H 9JQ
SASTEKH LTD,17155870,active,ltd,,,2026-04-14,,2026-04-14,[62012, 62020],71-75 Shelton Street London United Kingdom WC2H 9JQ
WATERSHED CONSORTIUM LTD,17156154,active,ltd,,,2026-04-14,,2026-04-14,[70229, 82990],6th Floor 37 Lombard Street London England EC3V 9BQ
DENEB WORKS LTD,17156151,active,ltd,,,2026-04-14,,2026-04-14,[62012, 62090],Office 1104 60 Tottenham Court Road London United Kingdom W1T 2EW
RONSBURY PUBLISHING LTD,17156148,active,ltd,,,2026-04-14,,2026-04-14,[58110, 58130, 58142, 58190],20 Wenlock Road London England N1 7GU
MEET MOLLY LTD,17156159,active,ltd,,,2026-04-14,,2026-04-14,[62012],71-75 Shelton Street London United Kingdom WC2H 9JQ
CJV ESTATES LTD,17156413,active,ltd,,,2026-04-14,,2026-04-14,[68209],20 Wenlock Road London England N1 7GU
VDCAKE LIMITED,17156621,active,ltd,,,2026-04-14,,2026-04-14,[10710],Unit 11 119-121 Nathan Way London England SE28 0AQ
PROJECT MACHINE LTD,17156802,active,ltd,,,2026-04-14,,2026-04-14,[58290],Flat 2, 90 Lewin Road London United Kingdom SW16 6JU
HAMDIU LTD,17156913,active,ltd,,,2026-04-14,,2026-04-14,[82990],492 Harrow Road London England W9 3QA
ENGINEERING CAD UPDATE LTD,17156900,active,ltd,,,2026-04-14,,2026-04-14,[71121, 71122, 71129],66 Paul Street London United Kingdom EC2A 4NA
RBGN LTD,17157134,active,ltd,,,2026-04-14,,2026-04-14,[68209],278 Northfield Avenue Ealing London United Kingdom W5 4UB
STUDIO OF DESIGN AND ARCHITECTURE HOLDINGS LIMITED,17157127,active,ltd,,,2026-04-14,,2026-04-14,[68100, 71111],101 New Cavendish Street London England W1W 6XH
CORE TECH CONSULTING LTD,17157124,active,ltd,,,2026-04-14,,2026-04-14,[71122],114 Merton High Street London England SW19 1BD
CORENODEHQ VALIDATOR HIZMETLERI LTD,17157174,active,ltd,,,2026-04-14,,2026-04-14,[70229],4 Raven Road, Unit 1c3-1141 London United Kingdom E18 1HB
ALPHA HOUSING ENTERPRISE LTD,17157158,active,ltd,,,2026-04-14,,2026-04-14,[68209],20 Wenlock Road London England N1 7GU
MURPHY INVESTMENTS (MURPHY CAPITAL) LIMITED,17157311,active,ltd,,,2026-04-14,,2026-04-14,[64209],Hiview House London United Kingdom NW5 1TN
TOTAL TOUCH GROUP LTD,17157418,active,ltd,,,2026-04-14,,2026-04-14,[43290, 81210],26 Arngask Road London England SE6 1XU
HENGWEI GLOBAL ECONOMIC COMPANY LTD,17157543,active,ltd,,,2026-04-14,,2026-04-14,[47910, 69102, 69203, 70221],112 Loughborough House London United Kingdom RM8 2GJ
RAM SECURITY LTD,17157527,active,ltd,,,2026-04-14,,2026-04-14,[80200],227 Park Road Uxbridge England UB8 1NS
LIVE LONG PROPERTIES LTD,17157549,active,ltd,,,2026-04-14,,2026-04-14,[68100, 68320, 98000],Flat 5 5 Selhurst Road London England SE25 5PE
EXELL POST LTD,17157539,active,ltd,,,2026-04-14,,2026-04-14,[59112],Flat 2 206 Archway Road London England N6 5BA
DELORA DIGITAL LTD,17157555,active,ltd,,,2026-04-14,,2026-04-14,[62011, 62090, 63110],37 Caledonian Wharf London England E14 3EN
PIXEL POPCORN LTD,17157817,active,ltd,,,2026-04-14,,2026-04-14,[58210, 62011],71-75 Shelton Street London United Kingdom WC2H 9JQ
RLHC PROPERTY LIMITED,17158012,active,ltd,,,2026-04-14,,2026-04-14,[68209],Rose Cottage Little London Road Reading England RG7 2PP
VI'S NAILS LIMITED,17158121,active,ltd,,,2026-04-14,,2026-04-14,[96020],134 Acre Lane London England SW2 5RJ
NYRVYRA TRADELINK LTD,17158290,active,ltd,,,2026-04-15,,2026-04-15,[47910],Unit 127 Second Floor Capital House 61 Amhurst Road, London United Kingdom E8 1LL
PIZZERIA LEMORE LTD,17158291,active,ltd,,,2026-04-15,,2026-04-15,[56290],66 Paul Street London United Kingdom EC2A 4NA
SMART CART DIGITAL LTD,17158287,active,ltd,,,2026-04-15,,2026-04-15,[46900, 47910],24-26 Arcadia Avenue, Fin009 London United Kingdom N3 2JU
BLACKSWAN STRATEGY PARTNERS LIMITED,17158315,active,ltd,,,2026-04-15,,2026-04-15,[62012, 62020, 70229],71-75 Shelton Street London United Kingdom WC2H 9JQ
HIGHAMS PARK BUTCHERS LTD,17158323,active,ltd,,,2026-04-15,,2026-04-15,[47220],Hamilton House London England E4 9LD
MARKTISTRY LIMITED,17158307,active,ltd,,,2026-04-15,,2026-04-15,[62012, 73110, 73120],71-75 Shelton Street London United Kingdom WC2H 9JQ
SELCELON EXPORTS LTD,17158306,active,ltd,,,2026-04-15,,2026-04-15,[47910],Selcelon Exports Ltd 17 King Edwards Road, Ruislip, London United Kingdom HA4 7AE
SECOND SELVES LIMITED,17158301,active,ltd,,,2026-04-15,,2026-04-15,[47910, 70229, 73110],71-75 Shelton Street London United Kingdom WC2H 9JQ
KENITOS WIMBLEDON LTD,17158394,active,ltd,,,2026-04-15,,2026-04-15,[56103],11 Wimbledon Road London England SW17 0UG
MR BENJAMIN SESSION & EDITORIAL LTD,17158416,active,ltd,,,2026-04-15,,2026-04-15,[96020],3rd Floor, 86-90 Paul Street London United Kingdom EC2A 4NE
BROLLYGO LTD,17158418,active,ltd,,,2026-04-15,,2026-04-15,[58290],Flat 50, 1, Regent Court North Bank London United Kingdom NW8 8UN
COURTORA LTD,17158432,active,ltd,,,2026-04-15,,2026-04-15,[82301, 93290, 96090],71-75 Shelton Street London United Kingdom WC2H 9JQ
S.M.A.R.T CHANGE LTD,17158430,active,ltd,,,2026-04-15,,2026-04-15,[86900],66 Paul Street London United Kingdom EC2A 4NA
V.I.S INTERNATIONAL SERVICES LIMITED,17158427,active,ltd,,,2026-04-15,,2026-04-15,[82990],1-2 Charterhouse Mews London England EC1M 6BB
AMC LDN LTD,17158411,active,ltd,,,2026-04-15,,2026-04-15,[93110, 93120],105 Macoma Road London United Kingdom SE18 2QJ
PERFECT CORNER TCG LTD,17158548,active,ltd,,,2026-04-15,,2026-04-15,[47910],71-75 Shelton Street London United Kingdom WC2H 9JQ
WESTBROOKE FML FINCO 1 LIMITED,17158549,active,ltd,,,2026-04-15,,2026-04-15,[64921],Level 5 20 Fenchurch Street London United Kingdom EC3M 3BY
PAYCONA LTD,17158561,active,ltd,,,2026-04-15,,2026-04-15,[69109],Dept 6193, 196 High Road London United Kingdom N22 8HH
HANSUHAN LTD,17158558,active,ltd,,,2026-04-15,,2026-04-15,[47910],Suite 10730 5 Brayford Square London United Kingdom E1 0SG
SYTE STUDIO LIMITED,17158556,active,ltd,,,2026-04-15,,2026-04-15,[70229],225 Clapham Road London England SW9 9BE
FEREDAY HOLDCO LIMITED,17158592,active,ltd,,,2026-04-15,,2026-04-15,[64209],30 King's Bench Street Greater London United Kingdom SE1 0QX
SAMOID LTD,17158578,active,ltd,,,2026-04-15,,2026-04-15,[62090, 78200],65 Waterside Close London England SE28 0GT
SHP REAL ESTATE LTD,17158659,active,ltd,,,2026-04-15,,2026-04-15,[68209],20 Wenlock Road London England N1 7GU
WESTMINSTER ONE ESTATES LTD,17158665,active,ltd,,,2026-04-15,,2026-04-15,[68209],115 Craven Park Road London England N15 6BL
EUROPEAN CONTRATOR LTD,17158760,active,ltd,,,2026-04-15,,2026-04-15,[71129],128 City Road London United Kingdom EC1V 2NX
MYERS PROPERTY ACQUISITIONS LTD,17158758,active,ltd,,,2026-04-15,,2026-04-15,[68310],20 Wenlock Road London England N1 7GU
CONSULENTI RE LTD,17158776,active,ltd,,,2026-04-15,,2026-04-15,[68209],87 Chancery Lane London United Kingdom WC2A 1ET
COOKERCHOPPER LTD,17158773,active,ltd,,,2026-04-15,,2026-04-15,[47910],128 City Road London United Kingdom EC1V 2NX
SELMORA MERCANTILE LTD,17158903,active,ltd,,,2026-04-15,,2026-04-15,[47910],Selmora Mercantile Ltd 17 King Edwards Road, Ruislip, London United Kingdom HA4 7AE
TRAIN HARD LIVE SOFT LTD,17158901,active,ltd,,,2026-04-15,,2026-04-15,[47990],3rd Floor, 86-90 Paul Street London United Kingdom EC2A 4NE
PRESENTED BY ORIGIN LTD,17158934,active,ltd,,,2026-04-15,,2026-04-15,[47820],Suite 8 244a Kilburn High Road London United Kingdom NW6 2BS
DHEE VENTURES LTD,17158938,active,ltd,,,2026-04-15,,2026-04-15,[64209],71-75 Shelton Street London United Kingdom WC2H 9JQ
4AK HOMES LTD,17158951,active,ltd,,,2026-04-15,,2026-04-15,[68100, 68209],20 Wenlock Road London England N1 7GU
FAST TRACK RETAIL LTD,17159054,active,ltd,,,2026-04-15,,2026-04-15,[46900, 47910],24-26 Arcadia Avenue, Fin009 London United Kingdom N3 2JU
WARM DESIGN AND BUILD LTD,17159065,active,ltd,,,2026-04-15,,2026-04-15,[41202],320 Garratt Lane London England SW18 4EJ
AZREM LTD,17159064,active,ltd,,,2026-04-15,,2026-04-15,[99999],27 Old Gloucester Street London United Kingdom WC1N 3AX
PRIME SHIP VENTURES LTD,17159070,active,ltd,,,2026-04-15,,2026-04-15,[46900, 47910],24-26 Arcadia Avenue, Fin009 London United Kingdom N3 2JU
FORTIUS DRIVEN HOLDINGS LIMITED,17159031,active,ltd,,,2026-04-15,,2026-04-15,[49320],71-75 Shelton Street London United Kingdom WC2H 9JQ
VEMADOA LTD,17159052,active,ltd,,,2026-04-15,,2026-04-15,[47190, 47910, 47990],128 City Road London United Kingdom EC1V 2NX
ATHLETE EXECUTIVE GROUP LIMITED,17159057,active,ltd,,,2026-04-15,,2026-04-15,[58290, 62012, 70229],124-128 City Road London United Kingdom EC1V 2NX
EGYPTIAN COMPANY FOR ELECTRICAL CONSTRUCTION AND MAINTENANCE LTD,17159126,active,ltd,,,2026-04-15,,2026-04-15,[41100, 70100, 71111, 71129],Office 18143 182-184 High Street North East Ham United Kingdom E6 2JA
ADAM 44 LIMITED,17159142,active,ltd,,,2026-04-15,,2026-04-15,[49320, 96090],372c Green Lanes London England N13 5PD
MAXIMETIC LTD,17159131,active,ltd,,,2026-04-15,,2026-04-15,[62020, 62090, 70229],71-75 Shelton Street London United Kingdom WC2H 9JQ
SAW LTD,17159125,active,ltd,,,2026-04-15,,2026-04-15,[41202],Apartment 279, Building 50 Argyll Road London United Kingdom SE18 6PP
MTA GLOBAL TRADE LTD,17159179,active,ltd,,,2026-04-15,,2026-04-15,[46900, 47910],24-26 Arcadia Avenue, Fin009 London United Kingdom N3 2JU
CRUMBS & CREAM CO LTD,17159174,active,ltd,,,2026-04-15,,2026-04-15,[56210, 74209, 96090],Flat 504, 31, Venture House East Escapade Place London United Kingdom E14 0WR
ARRC HEALTH LTD,17159205,active,ltd,,,2026-04-15,,2026-04-15,[86900],9a Delia Street London United Kingdom SW18 2BT
MORGLAS ABS 2026-1 HOLDINGS LIMITED,17159306,active,ltd,,,2026-04-15,,2026-04-15,[64999],10th Floor 5 Churchill Place London United Kingdom E14 5HU
EURO SKIPS LTD,17159308,active,ltd,,,2026-04-15,,2026-04-15,[38110],71-75 Shelton Street London United Kingdom WC2H 9JQ
ATELLIER KITCHENS LTD,17159311,active,ltd,,,2026-04-15,,2026-04-15,[31020, 31090, 49410],71-75 Shelton Street London United Kingdom WC2H 9JQ
USEINOV HOLDINGS LTD,17159312,active,ltd,,,2026-04-15,,2026-04-15,[68100, 68209],Flat 47 Miles Building London United Kingdom NW1 6RG
LCR PROPCO 2 LIMITED,17159335,active,ltd,,,2026-04-15,,2026-04-15,[64209],C/O Citco Reif Services Uk Limited, London United Kingdom W1S 4HQ
SKOROBOHACH PROPERTY INVESTMENTS LTD,17159307,active,ltd,,,2026-04-15,,2026-04-15,[68100, 68209],5th Floor 30 Churchill Place London United Kingdom E14 5RE
ESCAPISM LIMITED,17163807,active,ltd,,,2026-04-17,,2026-04-17,[90020],Fifth Floor, Clareville House 26-27 Oxendon Street London United Kingdom SW1Y 4EL
MCCORRY LAW LTD,17163809,active,ltd,,,2026-04-17,,2026-04-17,[94110],71-75 Shelton Street London United Kingdom WC2H 9JQ
KP HARROW LTD,17163821,active,ltd,,,2026-04-17,,2026-04-17,[56103],191 Northolt Road Harrow England HA2 0LY
SKINNER STREET CAR PARK LTD,17163833,active,ltd,,,2026-04-17,,2026-04-17,[82990],1st Floor Cromwell House London United Kingdom WC1V 6HZ
BULLDOG WAVES LTD,17163906,active,ltd,,,2026-04-17,,2026-04-17,[99999],27 Old Gloucester Street London United Kingdom WC1N 3AX
EAGLE MG CAPITAL LTD,17163908,active,ltd,,,2026-04-17,,2026-04-17,[64209, 70100],71-75 Shelton Street London United Kingdom WC2H 9JQ
NORTHERN IMPACT VENTURES LIMITED,17163972,active,ltd,,,2026-04-17,,2026-04-17,[41100],Quadrant House London United Kingdom E1W 1YW
REH (OPCO3) LIMITED,17164058,active,ltd,,,2026-04-17,,2026-04-17,[56302],20 Wenlock Road London England N1 7GU
ADAMAS AUREUM HOLDINGS LTD,17164175,active,ltd,,,2026-04-17,,2026-04-17,[64209],2nd Floor College House Ruislip, United Kingdom HA4 7AE
MUVIPRO UNIT LTD,17164170,active,ltd,,,2026-04-17,,2026-04-17,[59111, 59120, 62012, 74909],66 Paul Street London United Kingdom EC2A 4NA
MAISON VELANORE LTD,17164171,active,ltd,,,2026-04-17,,2026-04-17,[47770, 47789, 47910],2 Frederick Street London United Kingdom WC1X 0ND
CUNNINGHAM PRACTICE LIMITED,17164271,active,ltd,,,2026-04-17,,2026-04-17,[70229, 85590, 86900, 96090],124 City  Road London United Kingdom EC1V 2NX
LIVE DOTS INDUSTRIES LTD,17164268,active,ltd,,,2026-04-17,,2026-04-17,[28990],27 Calthorpe Street London England WC1X 0JX
FARMOPTIMAL NETWORKS LTD,17164242,active,ltd,,,2026-04-17,,2026-04-17,[47910, 62090, 63120, 82990],30 Bruton Way London England W13 0BY
CORTEX ASSET LTD,17164262,active,ltd,,,2026-04-17,,2026-04-17,[47910, 68209, 82110],128 City Road London United Kingdom EC1V 2NX
REMOVA LTD,17164414,active,ltd,,,2026-04-17,,2026-04-17,[49420],Suite Ra01, 195-197 Wood Street London United Kingdom E17 3NU
ALMASEY LTD,17164402,active,ltd,,,2026-04-17,,2026-04-17,[47910, 82990],195-197 Suite Ra01 London United Kingdom E17 3NU
DEFENDER DAYS LTD,17164461,active,ltd,,,2026-04-17,,2026-04-17,[47910],71-75 Shelton Street London United Kingdom WC2H 9JQ
LVN 2026 LIMITED,17164520,active,ltd,,,2026-04-17,,2026-04-17,[96020],124-128 City Road London England EC1V 2NX
HBGY AERO LTD,17164511,active,ltd,,,2026-04-17,,2026-04-17,[51102],71-75 Shelton Street London United Kingdom WC2H 9JQ
AMIN GANI LTD,17164537,active,ltd,,,2026-04-17,,2026-04-17,[68100, 68209],149 Auckland Road Ilford England IG1 4SQ
MB MAINTENANCE PRIVATE LTD,17164609,active,ltd,,,2026-04-17,,2026-04-17,[41201, 41202, 43210, 43220],15 Hassop Road London United Kingdom NW2 6RX
JG COMPLIANCE & CONSULTANCY LTD,17164602,active,ltd,,,2026-04-17,,2026-04-17,[70229],71-75 Shelton Street London United Kingdom WC2H 9JQ
SAUCE CODE MKT LTD,17164614,active,ltd,,,2026-04-17,,2026-04-17,[73110],124 City Road London United Kingdom EC1V 2NX
KEYBUILD CONTRACTS LTD,17164620,active,ltd,,,2026-04-17,,2026-04-17,[41201, 41202, 43290],23a The Precinct Waterlooville United Kingdom PO7 7DT
OPALINE PROPERTY MANAGEMENT UK LTD,17149615,active,ltd,,,2026-04-10,,2026-04-10,[55209, 68209, 68320],70 Crowther Road London England SE25 5QP
JACKSON BRICKWORK AND CONSTRUCTION LIMITED,17164591,active,ltd,,,2026-04-17,,2026-04-17,[43290],4a Roman Road London United Kingdom E6 3RX
HALE FORMULA LTD,17164717,active,ltd,,,2026-04-17,,2026-04-17,[10920, 46380, 47910],Office 12115 182-184 High Street North London United Kingdom E6 2JA
INFUSED SOLAR ENERGY LTD,17164723,active,ltd,,,2026-04-17,,2026-04-17,[35110, 43210, 43910],124-128 City Road London England EC1V 2NX
CORNERSTONE DELIVERY LTD,17164757,active,ltd,,,2026-04-17,,2026-04-17,[62020],86-90 Paul Street London United Kingdom EC2A 4NE
OFFSHORE MINDS LIMITED,17164892,active,ltd,,,2026-04-17,,2026-04-17,[62012, 86900],124-128 City Road London England EC1V 2NX
GDA TECH LTD,17164891,active,ltd,,,2026-04-17,,2026-04-17,[47910, 62020, 70229],51 Romford Road London England E15 4LY
ROL SUMMIT LTD,17163775,active,ltd,,,2026-04-17,,2026-04-17,[47910, 62012, 62090, 63120],84 Wood Lane London United Kingdom W12 0BZ
EAT UP APPLICATIONS LTD,17165015,active,ltd,,,2026-04-17,,2026-04-17,[62012],167-169 Great Portland Street London United Kingdom W1W 5PF
LET IT BREW LTD,17165013,active,ltd,,,2026-04-17,,2026-04-17,[10720],3 Font Hills London United Kingdom N2 8JB
CHOCOFRUIT HUB LIMITED,17165048,active,ltd,,,2026-04-17,,2026-04-17,[56103],241e High Street North London United Kingdom E12 6SJ
LIVV LTD,17165025,active,ltd,,,2026-04-17,,2026-04-17,[62012, 62020],71-75 Shelton Street London United Kingdom WC2H 9JQ
SKYLINE SUPPLY LTD,17165139,active,ltd,,,2026-04-17,,2026-04-17,[47910],Unit 136 Second Floor Capital House 61 Amhurst Road, London United Kingdom E8 1LL
JAYKAT GROUP LTD,17165136,active,ltd,,,2026-04-17,,2026-04-17,[55209, 68100, 68209, 68320],20 Wenlock Road London England N1 7GU
PROWISE MECHANIC LTD,17165123,active,ltd,,,2026-04-17,,2026-04-17,[45112, 45190, 45200, 45310],5th Floor 167-169 Great Portland Street London United Kingdom W1W 5PF
EDUCALABS LTD,17165140,active,ltd,,,2026-04-17,,2026-04-17,[62011],128 City Road London United Kingdom EC1V 2NX
AGR ESTATES LTD,17165178,active,ltd,,,2026-04-17,,2026-04-17,[41100, 55100, 68100, 68209],128 City Road London United Kingdom EC1V 2NX
D FORCE SHOP LTD,17165185,active,ltd,,,2026-04-17,,2026-04-17,[47910],167-169 Great Portland Street , 5th Floor London United Kingdom W1W 5PF
VELVYRA COMMERCE LTD,17165175,active,ltd,,,2026-04-17,,2026-04-17,[47910],Unit 135 Second Floor Capital House 61 Amhurst Road, London United Kingdom E8 1LL
ADDITON LIMITED,17165172,active,ltd,,,2026-04-17,,2026-04-17,[58290, 62012, 62020, 62090],20 Wenlock Road London England N1 7GU
ZEN P3 LIMITED,17165274,active,ltd,,,2026-04-17,,2026-04-17,[26400, 47910],87 Frithville Gardens London England W12 7JQ
RENDEL-KNIGHT LTD,17165368,active,ltd,,,2026-04-17,,2026-04-17,[58290, 62012, 63120, 63990],182-184 High Street North Office 18326 London United Kingdom E6 2JA
WINTHELUXE LTD,17165386,active,ltd,,,2026-04-17,,2026-04-17,[63120, 82990, 96090],71-75 Shelton Street London United Kingdom WC2H 9JQ
ETHOS HODDESDON LTD,17165383,active,ltd,,,2026-04-17,,2026-04-17,[93120],128 City Road London United Kingdom EC1V 2NX
ENISHOMES LTD,17165371,active,ltd,,,2026-04-17,,2026-04-17,[68100, 68209],20 Wenlock Road London England N1 7GU
ETHOS SUPPORTED CARE LTD,17165460,active,ltd,,,2026-04-17,,2026-04-17,[87200],124 City Road London England EC1V 2NX
CAVALLORI LTD,17164210,active,ltd,,,2026-04-17,,2026-04-17,[47910],71-75 Shelton Street London United Kingdom WC2H 9JQ
SOLVANTA TRADING LTD,17165467,active,ltd,,,2026-04-17,,2026-04-17,[46190],Unit 139 Second Floor Capital House 61 Amhurst Road, London United Kingdom E8 1LL
INTELLIGENCE PRIME LTD,17165494,active,ltd,,,2026-04-17,,2026-04-17,[18129, 18130, 62020, 74100],167-169 Great Portland Street London England W1W 5PF
TRUMPETERTECH LTD,17165496,active,ltd,,,2026-04-17,,2026-04-17,[58290, 62090],66 Paul Street London England EC2A 4NA
HENSON'S CONSULTING LTD,17165490,active,ltd,,,2026-04-17,,2026-04-17,[70210],167-169 Great Portland Street London United Kingdom W1W 5PF
BLUEMETRIC OPCO LIMITED,17165530,active,ltd,,,2026-04-17,,2026-04-17,[71122],73 Felix Road London England W13 0NZ
TORIVIA LTD,17165597,active,ltd,,,2026-04-17,,2026-04-17,[70229, 73110],152 Wards Wharf Approach London England E16 2ER
JXSPEAKERS LTD,17165622,active,ltd,,,2026-04-17,,2026-04-17,[59200],22 Warfield Road London England NW10 5GL
SAUCE HIGHBURY LTD,17165673,active,ltd,,,2026-04-17,,2026-04-17,[68100, 68209],554 Hertford Road Enfield England EN3 5ST
SPLASH AND MORE ENTERTAINMENT LIMITED,17165702,active,ltd,,,2026-04-17,,2026-04-17,[93290],115 London Road Morden England SM4 5HP
