company_name,company_number,company_status,company_type,company_subtype,dissolution_date,incorporation_date,removed_date,registered_date,nature_of_business,registered_office_address
COMPUTER HYPE LTD,16111064,active,ltd,,,2024-12-01,,2024-12-01,[47410, 62020],129 Mile End Road London England E1 4BG
AB MAESTRO LTD,16111471,active,ltd,,,2024-12-02,,2024-12-02,[90010, 90020],13, Jenner House, Flat 101 Skippers Yard London United Kingdom E3 2RE
APEX GLOBAL DIGITAL DESIGNS LTD,16111678,active,ltd,,,2024-12-02,,2024-12-02,[74100, 74201, 74202],71-75 Shelton Street London United Kingdom WC2H 9JQ
FOREX AI LTD,16111698,active,ltd,,,2024-12-02,,2024-12-02,[66120, 66300, 85421, 85590],86-90 Paul Street London England EC2A 4NE
GAMETHEORY STUDIOS LTD,16112550,active,ltd,,,2024-12-02,,2024-12-02,[59113],Flat 24 Clifton House London England E2 7HB
CORNER HALAL MEAT AND GROCERS LIMITED,16112553,active,ltd,,,2024-12-02,,2024-12-02,[47210, 47220, 47230],408 Green Street London England E13 9JJ
AKSU BEVERAGE LTD,16112868,active,ltd,,,2024-12-02,,2024-12-02,[47810, 56290],Aksu, 98 Cricklewood Broadway London United Kingdom NW2 3EL
ROKKO LTD,16112856,active,ltd,,,2024-12-02,,2024-12-02,[62012],71-75 Shelton Street London United Kingdom WC2H 9JQ
FJORD FINDINGS LTD,16112849,active,ltd,,,2024-12-02,,2024-12-02,[47710, 47721],71-75 Shelton Street London United Kingdom WC2H 9JQ
PRESERVE SOLUTIONS LTD,16113405,active,ltd,,,2024-12-02,,2024-12-02,[74909],1 Ascalon Street London United Kingdom SW8 4DL
BLACK LIGHT PROPERTY LIMITED,16113414,active,ltd,,,2024-12-02,,2024-12-02,[68100, 68209],28 Powis Gardens London England NW11 8HH
TUX PROPERTIES AND PENSION LTD,16113401,active,ltd,,,2024-12-02,,2024-12-02,[68209],5 Brayford Square London England E1 0SG
CLEANBLOOM LTD,16113578,active,ltd,,,2024-12-02,,2024-12-02,[81222],69 Holland Road London England E15 3BP
LEAP IQ LTD,16113566,active,ltd,,,2024-12-02,,2024-12-02,[62012],3rd Floor, 86-90 Paul Street London United Kingdom EC2A 4NE
A M ADLER PROPERTY LTD,16113771,active,ltd,,,2024-12-02,,2024-12-02,[68100],67a Heathland Road London England N16 5PQ
MR CHARCOAL RESTAURANT LIMITED,16113773,active,ltd,,,2024-12-02,,2024-12-02,[56101],82 Kennington Road London United Kingdom SE11 6NL
CREATURES OF THE DARK LTD,16113954,active,ltd,,,2024-12-02,,2024-12-02,[90030],34 Edmeston Close London England E9 5TJ
ISUZA LIMITED,16114651,active,ltd,,,2024-12-03,,2024-12-03,[74909],22 Cutter House 1 Admiralty Avenue Royal Wharf London England E16 2PL
ORDERY LTD,16114629,active,ltd,,,2024-12-03,,2024-12-03,[47910],71-75 Shelton Street London United Kingdom WC2H 9JQ
PIDIMA LTD,16114656,active,ltd,,,2024-12-03,,2024-12-03,[62012],Dns House Harrow United Kingdom HA3 8DP
M D VASSOU LIMITED,16115185,active,ltd,,,2024-12-03,,2024-12-03,[68209],15 Holly Drive London England E4 7NG
MARYSF LTD,16115217,active,ltd,,,2024-12-03,,2024-12-03,[46190, 47540, 47710],38 Frederick Street London England WC1X 0ND
LUDUMO STYLES LTD,16111416,active,ltd,,,2024-12-02,,2024-12-02,[47770],36, Acacia House Douglas Road London United Kingdom N22 5RS
MAXXIX LTD,16111657,active,ltd,,,2024-12-02,,2024-12-02,[46420, 46499, 46900, 47640],71-75 Shelton Street London United Kingdom WC2H 9JQ
COMMERCIAL TRADE SALES LIMITED,16111952,active,ltd,,,2024-12-02,,2024-12-02,[45112],94 Unit 8, Fulham Palace Road London England W6 9PL
THE BUILD EXPERTS LTD,16111951,active,ltd,,,2024-12-02,,2024-12-02,[41202, 43390, 81300],Capital Office London United Kingdom EC1V 2NX
WRAPMATES AND PRINT SOLUTIONS LTD,16111964,active,ltd,,,2024-12-02,,2024-12-02,[18129, 74100],Unit 4 Rolt Street London England SE8 5JB
BOOXPERT PUBLISHING LTD,16112439,active,ltd,,,2024-12-02,,2024-12-02,[18130, 58110, 63990, 82110],71-75 Shelton Street London England WC2H 9JQ
LANYINA CO., LTD,16112457,active,ltd,,,2024-12-02,,2024-12-02,[99999],41 Devonshire Street Ground Floor Office 1 London United Kingdom W1G 7AJ
PARKERNOMICS LTD,16112785,active,ltd,,,2024-12-02,,2024-12-02,[70221, 70229],71-75 Shelton Street London United Kingdom WC2H 9JQ
STERLING CROWN PROPERTIES LTD,16112786,active,ltd,,,2024-12-02,,2024-12-02,[43210, 68320],Unimix House, Platinum Suite London United Kingdom NW10 7TR
STARTING UP CONSULTANTS LTD,16113064,active,ltd,,,2024-12-02,,2024-12-02,[62020, 70229, 73110],85 Great Portland Street London England W1W 7LT
ELEKTROTRADING BV LTD,16113046,active,ltd,,,2024-12-02,,2024-12-02,[27320],59 Raymond Road London England E13 0SP
FLYING ROBOTS LTD,16113638,active,ltd,,,2024-12-02,,2024-12-02,[74202],4 Wroxton Road London England SE15 2BN
DK’S COFFEE TIME LIMITED,16113662,active,ltd,,,2024-12-02,,2024-12-02,[56102],149 New Cross Road London England SE14 5DJ
GATSBY WEST END LIMITED,16113659,active,ltd,,,2024-12-02,,2024-12-02,[90010],124 Finchley Road London England NW3 5JS
RIB ESTATES LIMITED,16114116,active,ltd,,,2024-12-02,,2024-12-02,[68209],80 Fairholt Road London England N16 5HN
REGENT AND LILY LIMITED,16114795,active,ltd,,,2024-12-03,,2024-12-03,[64209],124 City Road London United Kingdom EC1V 2NX
KLT WINDOW SOLUTIONS LTD,16115115,active,ltd,,,2024-12-03,,2024-12-03,[43342, 43390, 43910],23a The Precinct Waterlooville United Kingdom PO7 7DT
THE WORKSHOP WAY LTD,16115118,active,ltd,,,2024-12-03,,2024-12-03,[47910],80-83 Long Lane London England EC1A 9ET
FUHUATING LTD,16115132,active,ltd,,,2024-12-03,,2024-12-03,[41201, 41202, 43390],17 Chalton Street London England NW1 1JD
X MEMORABILIA LTD,16111051,active,ltd,,,2024-12-01,,2024-12-01,[47910],3rd Floor, 86-90 Paul Street London United Kingdom EC2A 4NE
PUK ROBOTICS LIMITED,16111551,active,ltd,,,2024-12-02,,2024-12-02,[56290],2nd Floor Connaught House, 1-3 Mount Street London United Kingdom W1K 3NB
HALAND DEVELOPMENTS LTD,16111540,active,ltd,,,2024-12-02,,2024-12-02,[68209],Seymour Chambers Liverpool United Kingdom L3 5NW
ERA GROUP GLOBAL LTD,16111881,active,ltd,,,2024-12-02,,2024-12-02,[93290],Era Group Global Ltd London United Kingdom EC1V 2NX
TRILEY CARPETS LIMITED,16111913,active,ltd,,,2024-12-02,,2024-12-02,[47530],282 London Road Westcliff-On-Sea England SS0 7JG
THE GREENWICH PHOTO STUDIO LTD,16111922,active,ltd,,,2024-12-02,,2024-12-02,[74201],1a Peyton Place London United Kingdom SE10 8RS
HAMPER LONDON LTD,16111904,active,ltd,,,2024-12-02,,2024-12-02,[46390],71-75 Shelton Street London United Kingdom WC2H 9JQ
FLOW ACCOUNTANCY LIMITED,16112227,active,ltd,,,2024-12-02,,2024-12-02,[69201],85 Great Portland Street London England W1W 7LT
ASWAR QASIR ALREHAB LTD,16112199,active,ltd,,,2024-12-02,,2024-12-02,[43210, 46520],75 Coniston Gardens London England NW9 0BA
ANIYA CONSULTANCY LIMITED,16112635,active,ltd,,,2024-12-02,,2024-12-02,[88990],20 Wenlock Road London England N1 7GU
VIRTUO LTD.,16112620,active,ltd,,,2024-12-02,,2024-12-02,[64999, 82990],7 Bell Yard London England WC2A 2JR
BUSY BEE END OF TENANCY CLEANING SERVICES LTD,16112626,active,ltd,,,2024-12-02,,2024-12-02,[81210, 81222, 81229, 81299],Flat 76, Altitude Point London England N8 0EJ
OXFORDSHIRE UKLOG ASSETS LIMITED,16112611,active,ltd,,,2024-12-02,,2024-12-02,[64209],4th Floor, Westworks London United Kingdom W12 7FQ
SGB INDUSTRY LIMITED,16112644,active,ltd,,,2024-12-02,,2024-12-02,[99999],41 Devonshire Street Ground Floor Office 1 London United Kingdom W1G 7AJ
EXCELIFY LIMITED,16112643,active,ltd,,,2024-12-02,,2024-12-02,[62090],124-128 City Road London United Kingdom EC1V 2NX
LAVEEN LONDON LTD,16113247,active,ltd,,,2024-12-02,,2024-12-02,[10890],20 Wenlock Road London England N1 7GU
HARVEST FAMILY FINANCE AND TRUK CONSULTANCY LTD,16113490,active,ltd,,,2024-12-02,,2024-12-02,[63990, 64999, 70229, 85590],85 Great Portland Street London England W1W 7LT
MANZINI LTD,16113623,active,ltd,,,2024-12-02,,2024-12-02,[96090],2nd Floor College House Ruislip, United Kingdom HA4 7AE
LAGNIAPPE LTD,16113611,active,ltd,,,2024-12-02,,2024-12-02,[93290],19 Bunning Way London England N7 9UN
DATA & BUSINESS SOLUTIONS LIMITED,16114189,active,ltd,,,2024-12-02,,2024-12-02,[62012, 63110, 70229, 71200],124 Whitehead Close London England N18 1UZ
CROSSFIELD CHAMBERS DEVELOPMENT LTD,16114331,active,ltd,,,2024-12-03,,2024-12-03,[68100],Vineyards Business Centre London United Kingdom NW1 7BB
THE POTIONS TINCTURE COMPANY LTD,16114755,active,ltd,,,2024-12-03,,2024-12-03,[56290],Flat 23 Barclay House London England E9 7RA
SAILR LTD,16114958,active,ltd,,,2024-12-03,,2024-12-03,[62020, 63110, 63120, 73110],2nd Floor College House Ruislip, United Kingdom HA4 7AE
PIPEWRENCH LIMITED,16115184,active,ltd,,,2024-12-03,,2024-12-03,[58290],128 City Road London United Kingdom EC1V 2NX
TAPPA’S SOUL FOOD LTD,16115154,active,ltd,,,2024-12-03,,2024-12-03,[56210],85 Great Portland Street London England W1W 7LT
ETERNALPLANET ENERGY UK, LTD,16115163,active,ltd,,,2024-12-03,,2024-12-03,[46900],7 Albemarle Street London England W1S 4HQ
DIPPEN HALL HOLDINGS 1 LTD,16115174,active,ltd,,,2024-12-03,,2024-12-03,[68209],Roeder House London England N4 1QE
BE BRAVE LTD,16111214,active,ltd,,,2024-12-01,,2024-12-01,[74100],Flat 1 17 Trafalgar Avenue London England SE15 6NP
KHURRAM C LIMITED,16111331,active,ltd,,,2024-12-02,,2024-12-02,[87100],10 St. Quintin Road London England E13 9DT
RCIH 16 LIMITED,16111446,active,ltd,,,2024-12-02,,2024-12-02,[68209],C/O Ztk Tax Advisory, Suite 1, Ideas House London United Kingdom E18 1BY
EVERLAST ROOFING AND BUILDING LTD,16111736,active,ltd,,,2024-12-02,,2024-12-02,[43910],591 London Road Sutton England SM3 9AG
SUSTAINED PERFORMANCE LTD,16111739,active,ltd,,,2024-12-02,,2024-12-02,[96090],29 Charlwood Road London England SW15 1QA
PANN PROPERTY SERVICES LIMITED,16111751,active,ltd,,,2024-12-02,,2024-12-02,[96090],71-75 Shelton Street London United Kingdom WC2H 9JQ
ELECTRICITY NETWORK SERVICES LTD,16111753,active,ltd,,,2024-12-02,,2024-12-02,[42220],71-75 Shelton Street London United Kingdom WC2H 9JQ
ULIN LTD,16111711,active,ltd,,,2024-12-02,,2024-12-02,[62090],71-75 Shelton Street London United Kingdom WC2H 9JQ
TOA PROPERTIES LTD,16111727,active,ltd,,,2024-12-02,,2024-12-02,[68100, 68201],128 City Road London United Kingdom EC1V 2NX
CLOUD SKINCARE LIMITED,16112137,active,ltd,,,2024-12-02,,2024-12-02,[47910],86-90 Paul Street London United Kingdom EC2A 4NE
EURO BRIDGE CONSULTANCY* LTD,16112804,active,ltd,,,2024-12-02,,2024-12-02,[62020, 70229],167 - 169 Great Portland Street, 5th Floor London England W1W 5PF
VISIBLE HEALTH UK LTD,16112805,active,ltd,,,2024-12-02,,2024-12-02,[82990],7 Savoy Court London United Kingdom WC2R 0EX
TRIPKO HOLDING LTD,16112793,active,ltd,,,2024-12-02,,2024-12-02,[49319, 58290, 62012, 63110],20 Wenlock Road London England N1 7GU
ESEN SIGN LTD,16112796,active,ltd,,,2024-12-02,,2024-12-02,[74100],65-67 Stoke Newington Road London United Kingdom N16 8BJ
FEROLANI LTD,16112788,active,ltd,,,2024-12-02,,2024-12-02,[47710, 47910],71-75 Shelton Street London United Kingdom WC2H 9JQ
RAINBOW WONDERLAND NURSERY LIMITED,16113023,active,ltd,,,2024-12-02,,2024-12-02,[85100, 88910],Old Baptist Church Purfleet-On-Thames England RM19 1QT
MURRAY FISHPOOL LTD,16113844,active,ltd,,,2024-12-02,,2024-12-02,[74100],50 Lillieshall Road London United Kingdom SW4 0LP
SORASTUDIO LTD,16113841,active,ltd,,,2024-12-02,,2024-12-02,[47990],176 Third Avenue London England W10 4HR
VENTARA INVESTMENTS LTD,16113854,active,ltd,,,2024-12-02,,2024-12-02,[68100, 68209, 68320],Flat 12 Woodside Court London England E12 5HB
VISPROPERTY LTD,16114221,active,ltd,,,2024-12-02,,2024-12-02,[68100, 68209, 68320],39 Falcon Road London England SW11 2PH
AK INVESTMENT TRADING LTD,16114290,active,ltd,,,2024-12-03,,2024-12-03,[64209, 70229],1 Kings Avenue London United Kingdom N21 3NA
BROMLEY SQUARE PROPERTIES LTD,16114314,active,ltd,,,2024-12-03,,2024-12-03,[68209],C/O Getground London England W6 0NB
T365 UK LTD,16114568,active,ltd,,,2024-12-03,,2024-12-03,[58290],3rd Floor, 86-90 Paul Street London United Kingdom EC2A 4NE
PSK FOODS UK LTD,16114559,active,ltd,,,2024-12-03,,2024-12-03,[46210, 46360, 46370, 46390],71-75 Shelton Street London United Kingdom WC2H 9JQ
THE PE COLLECTIVE LTD,16114683,active,ltd,,,2024-12-03,,2024-12-03,[70229],20 Wenlock Road London England N1 7GU
SUPREME QUALITY LTD,16114673,active,ltd,,,2024-12-03,,2024-12-03,[47910],128 City Road London United Kingdom EC1V 2NX
NEEDLEBERRY LIMITED,16114676,active,ltd,,,2024-12-03,,2024-12-03,[47510],20-22 Wenlock Road London England N1 7GU
HOLDEN RATHMORE & CO LTD,16114675,active,ltd,,,2024-12-03,,2024-12-03,[68100, 70229],20 Wenlock Road London England N1 7GU
MORRIS GROUP NW LTD,16114689,active,ltd,,,2024-12-03,,2024-12-03,[43120],71-75 Shelton Street London United Kingdom WC2H 9JQ
KALE TRADING LTD,16114904,active,ltd,,,2024-12-03,,2024-12-03,[49410],Demsa Accounts London England N8 0RL
AGITAL LTD,16114974,active,ltd,,,2024-12-03,,2024-12-03,[62012, 62020, 70229, 78300],20 Wenlock Road London England N1 7GU
NEWELL RESIDENTIAL LIMITED,16115247,active,ltd,,,2024-12-03,,2024-12-03,[68209],1st Floor County House Chelmsford United Kingdom CM2 0RG
SOUTHDALE INVESTMENTS ONE LTD,16115244,active,ltd,,,2024-12-03,,2024-12-03,[68100, 68209],21 Norfolk Avenue London United Kingdom N15 6JX
LEVINE LEVI MANAGEMENT LTD,16111203,active,ltd,,,2024-12-01,,2024-12-01,[46740],2a Keppel Road London England E6 2BD
RCIH 17 LIMITED,16111426,active,ltd,,,2024-12-02,,2024-12-02,[68209],C/O Ztk Tax Advisory, Suite 1, Ideas House London United Kingdom E18 1BY
TNS TRADE (UK) LTD,16111588,active,ltd,,,2024-12-02,,2024-12-02,[47910],128 City Road London United Kingdom EC1V 2NX
RESICLAD LTD,16111615,active,ltd,,,2024-12-02,,2024-12-02,[39000, 41202, 43290, 43999],20 Wenlock Road London England N1 7GU
RIDING ROCK LTD,16111578,active,ltd,,,2024-12-02,,2024-12-02,[59200, 70229],First Floor London United Kingdom W2 1DS
MH WOODFORD LTD,16112094,active,ltd,,,2024-12-02,,2024-12-02,[56102, 56103],Mh Woodford Ltd 65-67 High Road London United Kingdom E18 2QP
RONJAM LIMITED,16112060,active,ltd,,,2024-12-02,,2024-12-02,[47910],71-75 Shelton Street London United Kingdom WC2H 9JQ
GAIA COMMERCE LTD,16112086,active,ltd,,,2024-12-02,,2024-12-02,[46420, 47721, 47722, 47910],Flat 65 Warren House London United Kingdom W14 8TT
REBOOT IT MSP LTD,16112026,active,ltd,,,2024-12-02,,2024-12-02,[62020],71-75 Shelton Street London United Kingdom WC2H 9JQ
PROTERATA LTD,16112488,active,ltd,,,2024-12-02,,2024-12-02,[68209],20 Wenlock Road London England N1 7GU
KAARAV TECHNOLOGIES LTD,16112481,active,ltd,,,2024-12-02,,2024-12-02,[62012, 62020, 62090],10-16 Tiller Road London England E14 8PX
PLATTENEYE LIMITED,16112596,active,ltd,,,2024-12-02,,2024-12-02,[70229],71-75 Shelton Street London United Kingdom WC2H 9JQ
REALTYSTONES LTD,16112583,active,ltd,,,2024-12-02,,2024-12-02,[68100, 68209, 68310, 68320],128 City Road London United Kingdom EC1V 2NX
ALDERLEY VENTURES (2019) LIMITED,16112570,active,ltd,,,2024-12-02,,2024-12-02,[64209],50 Sloane Avenue Chelsea United Kingdom SW3 3DD
PERFECT SMILE THERAPIST LTD,16112910,active,ltd,,,2024-12-02,,2024-12-02,[86230],20 Wenlock Road London England N1 7GU
OPTIMAL PROPERTIES LTD,16113142,active,ltd,,,2024-12-02,,2024-12-02,[68100, 68209, 68310, 68320],27 Old Gloucester Street London United Kingdom WC1N 3AX
DIAMOND CITY ESTATES LTD,16113148,active,ltd,,,2024-12-02,,2024-12-02,[68310],395 Katherine Road London England E7 8LT
LAURIE HASNIP LTD,16113756,active,ltd,,,2024-12-02,,2024-12-02,[59112],3rd Floor, 86-90 Paul Street London United Kingdom EC2A 4NE
DAVID LIMITLESS HEALTH LTD,16113746,active,ltd,,,2024-12-02,,2024-12-02,[93130],121 Wandle Way London England SW18 4UL
ZK COPY LTD,16113886,active,ltd,,,2024-12-02,,2024-12-02,[73110],112 Warner Road London England E17 7DZ
THE HOGARTH ACADEMY LIMITED,16113897,active,ltd,,,2024-12-02,,2024-12-02,[85510],31 Cleveland Avenue London England W4 1SN
S.KENNEDY PROPERTY LTD,16114352,active,ltd,,,2024-12-03,,2024-12-03,[68100],128 City Road London United Kingdom EC1V 2NX
MAGICDOSE HOLDINGS UK LIMITED,16114510,active,ltd,,,2024-12-03,,2024-12-03,[64209],Unit 7g, 7th Floor, 201 Bishopsgate, London United Kingdom EC2M 3AB
AG BP IOS PROPCO 2 LIMITED,16114521,active,ltd,,,2024-12-03,,2024-12-03,[68209],23 Savile Row London England W1S 2ET
WHERE'S MY BOOZE LTD,16114861,active,ltd,,,2024-12-03,,2024-12-03,[63990],124 City Road London United Kingdom EC1V 2NX
PIEERO LTD,16114926,active,ltd,,,2024-12-03,,2024-12-03,[46900],Flat 9 Riverside London England SE6 3NF
TUFFNUT LAW LIMITED,16115098,active,ltd,,,2024-12-03,,2024-12-03,[69109],114 Lady Margaret Road London United Kingdom N19 5EX
ADOX SPORTSWEAR LTD,16110979,active,ltd,,,2024-12-01,,2024-12-01,[47710],3rd Floor, 86-90 Paul Street London United Kingdom EC2A 4NE
UNIPADS STUDENTS LIMITED,16111387,active,ltd,,,2024-12-02,,2024-12-02,[68310],Daws House 33-35 London England NW7 4SD
RCIH 20 LIMITED,16111521,active,ltd,,,2024-12-02,,2024-12-02,[68209],C/O Ztk Tax Advisory, Suite 1, Ideas House London United Kingdom E18 1BY
STUDIO V LIMITED,16111520,active,ltd,,,2024-12-02,,2024-12-02,[70229],3rd Floor, 45 Albemarle Street London England W1S 4JL
RENOVIUM LIMITED,16111496,active,ltd,,,2024-12-02,,2024-12-02,[28990, 46610, 77390, 82990],84 Wormholt Road London England W12 0LP
FEARLESSLY TAYLOR LTD,16111770,active,ltd,,,2024-12-02,,2024-12-02,[90010],Flat B London England SW16 4JX
JTP ANALYTICS LTD,16111773,active,ltd,,,2024-12-02,,2024-12-02,[70229],20 Wenlock Road London England N1 7GU
ADE CONSTRUCT LTD,16111806,active,ltd,,,2024-12-02,,2024-12-02,[43999],312 West Green Road London England N15 3AN
TECH FACILITIES LIMITED,16112346,active,ltd,,,2024-12-02,,2024-12-02,[62030, 62090, 81100],23 St. Joan's Road London England N9 9PH
SAMLA PROPERTIES LIMITED,16112365,active,ltd,,,2024-12-02,,2024-12-02,[68209],7 Church Walk London England N16 8QL
MAVERICK FORGE LIMITED,16112334,active,ltd,,,2024-12-02,,2024-12-02,[58290],Flat 13 Novem House, 9 Chicksand Street London United Kingdom E1 5AE
AIR SIAL LTD,16113272,active,ltd,,,2024-12-02,,2024-12-02,[79110],11a Ivy Road London England NW2 6SU
CONFIGHUB LTD,16113281,active,ltd,,,2024-12-02,,2024-12-02,[63110],9th Floor 107 Cheapside London United Kingdom EC2V 6DN
MEDUSCORE LTD,16113599,active,ltd,,,2024-12-02,,2024-12-02,[78109, 86210, 86220, 86900],71-75 Shelton Street London United Kingdom WC2H 9JQ
ZOOMDOC PRO LTD,16114012,active,ltd,,,2024-12-02,,2024-12-02,[62012, 86210],2 Chanin Mews London United Kingdom NW2 4AQ
PARADIGM POINT PROPERTIES LTD,16114227,active,ltd,,,2024-12-02,,2024-12-02,[68310, 68320],85 Great Portland Street London England W1W 7LT
VAST PROPERTY GROUP LTD,16114253,active,ltd,,,2024-12-03,,2024-12-03,[68320],40 St. Kilda's Road London England N16 5BZ
SM.MM-UK LIMITED,16114388,active,ltd,,,2024-12-03,,2024-12-03,[70229],20 Wenlock Road London England N1 7GU
ATHLETESIA LIMITED,16114412,active,ltd,,,2024-12-03,,2024-12-03,[47910],128 City Road London United Kingdom EC1V 2NX
AV HOLISTIC LTD,16114422,active,ltd,,,2024-12-03,,2024-12-03,[79120, 79909, 93199, 96040],71-75 Shelton Street London United Kingdom WC2H 9JQ
CORNERSTONE CAPITAL VENTURES LIMITED,16114876,active,ltd,,,2024-12-03,,2024-12-03,[47910, 56290, 82990],124 City Road London United Kingdom EC1V 2NX
VVENT LTD,16115028,active,ltd,,,2024-12-03,,2024-12-03,[35300, 43220],18 Argyle Road London United Kingdom E15 1UJ
ARROW EVENTS LIMITED,16111027,active,ltd,,,2024-12-01,,2024-12-01,[85510],71-75 Shelton Street London England WC2H 9JQ
HHANDCOJEWELLERY LTD,16111857,active,ltd,,,2024-12-02,,2024-12-02,[47770],Flat 2 54 Peckham Grove London England SE15 6PN
EDISONSPARKS LTD,16111841,active,ltd,,,2024-12-02,,2024-12-02,[43210],Flat 1-12 15-19 Benwell Road London England N7 7BL
MHB CLINIC LTD,16112278,active,ltd,,,2024-12-02,,2024-12-02,[86101],205 Second Floor London England W1B 4HB
MCG (MARYLEBONE INVESTMENTS) LIMITED,16112282,active,ltd,,,2024-12-02,,2024-12-02,[68209],16 Finchley Road London England NW8 6EB
STAR NEPTUNE CO-INVESTMENT NOMINEE LIMITED,16112699,active,ltd,,,2024-12-02,,2024-12-02,[64209],33 Cavendish Square London England W1G 0PW
ESTONA LIMITED,16112710,active,ltd,,,2024-12-02,,2024-12-02,[62020],71-75 Shelton Street London United Kingdom WC2H 9JQ
KISYE LTD,16113000,active,ltd,,,2024-12-02,,2024-12-02,[62020],3rd Floor, 86-90 Paul Street London United Kingdom EC2A 4NE
AHMED’S LIMITED COMPANY LTD,16113309,active,ltd,,,2024-12-02,,2024-12-02,[96090],71-75 Shelton Street London United Kingdom WC2H 9JQ
LATIMOUR JOHNSON'S LTD,16113288,active,ltd,,,2024-12-02,,2024-12-02,[52290],Flat 27 Smeaton Court London England SE1 6PF
GOLDEN BUTCHER MEAT SHOP LTD,16113303,active,ltd,,,2024-12-02,,2024-12-02,[47220],83-85 London Road Liverpool England L3 8JA
ATHENA WORKS LIMITED,16113321,active,ltd,,,2024-12-02,,2024-12-02,[63990],727-729 High Road London England N12 0BP
ANDREA CHRISTINA STUDIO LTD,16113471,active,ltd,,,2024-12-02,,2024-12-02,[96020],35 Grafton Way London England W1T 5DB
J. LIANG CONSULTING LTD,16114259,active,ltd,,,2024-12-03,,2024-12-03,[71122],Apartment 192 Unex Tower 7 Station Street London England E15 1LB
U&Z CONSTRUCTION LIMITED,16114328,active,ltd,,,2024-12-03,,2024-12-03,[43390],422a Hoe Street London England E17 9AA
PAGE & CO CONSULTING LIMITED,16114528,active,ltd,,,2024-12-03,,2024-12-03,[70229],128 City Road London United Kingdom EC1V 2NX
AMALI SYSTEMS LIMITED,16115079,active,ltd,,,2024-12-03,,2024-12-03,[71129],86-90 Paul Street London England EC2A 4NE
BERL S COLLECTION LTD,16115323,active,ltd,,,2024-12-03,,2024-12-03,[47910],4 Raven Road, Unit 1c3-557 London United Kingdom E18 1HB
GOLDEN HARBOUR EGGS LIMITED,16115272,active,ltd,,,2024-12-03,,2024-12-03,[46330],21 Heritage Avenue Flat 22 Croft House London United Kingdom NW9 5XY
TEESHOPHOME LTD,16115536,active,ltd,,,2024-12-03,,2024-12-03,[47910],24-26 Arcadia Avenue, Fin0000 London United Kingdom N3 2JU
OAKLORE MEDIA LTD,16115964,active,ltd,,,2024-12-03,,2024-12-03,[47910, 58110, 85590, 90030],2nd Floor College House Ruislip, United Kingdom HA4 7AE
O'SHEA ESTATES LIMITED,16116080,active,ltd,,,2024-12-03,,2024-12-03,[68100, 68209, 68320],20 Wenlock Road London England N1 7GU
FILMZYA PRODUCTIONS LIMITED,16116077,active,ltd,,,2024-12-03,,2024-12-03,[47910],30 Riverhead Close London England E17 5PY
SAMBAT 2 LIMITED,16116094,active,ltd,,,2024-12-03,,2024-12-03,[68100],7 Boulevard Drive London England NW9 5JH
SAFEGREEN QUALIFICATIONS LIMITED,16116275,active,ltd,,,2024-12-03,,2024-12-03,[85320, 85590],71-75 Shelton Street London United Kingdom WC2H 9JQ
ZAAA LTD,16116286,active,ltd,,,2024-12-03,,2024-12-03,[56102],261 Green Lanes London England N13 4XE
PPNL SPV TC1 LIMITED,16116267,active,ltd,,,2024-12-03,,2024-12-03,[82990],Monomark House London England WC1N 3AX
GM BESPOKE INTERIORS LIMITED,16116807,active,ltd,,,2024-12-03,,2024-12-03,[31090],3rd Floor, 86-90 Paul Street London United Kingdom EC2A 4NE
HALLIBURTON UK INVESTMENTS II LTD,16115462,active,ltd,,,2024-12-03,,2024-12-03,[64209],The Building, 2nd Floor London United Kingdom W4 5RP
OLIVE MISSY LTD,16115480,active,ltd,,,2024-12-03,,2024-12-03,[64209],1 Kings Avenue London United Kingdom N21 3NA
AG BLOOM LML 4 LIMITED,16115612,active,ltd,,,2024-12-03,,2024-12-03,[64209],23 Savile Row London United Kingdom W1S 2ET
COMMERCIALBINCLEANINGG LTD,16115604,active,ltd,,,2024-12-03,,2024-12-03,[38110, 38210, 81222, 81229],11 Petworth Road London England N12 9HE
LALA LOUNGE LTD,16116392,active,ltd,,,2024-12-03,,2024-12-03,[55100, 55209],128 City Road London United Kingdom EC1V 2NX
JAVI JEWELLERS LTD,16116388,active,ltd,,,2024-12-03,,2024-12-03,[47770, 95250],128 City Road London United Kingdom EC1V 2NX
FIRST CHOICE ONE LTD,16116556,active,ltd,,,2024-12-03,,2024-12-03,[33130, 47421],554 Streatham High Road London England SW16 3QG
LINCOLN MGA LIMITED,16116555,active,ltd,,,2024-12-03,,2024-12-03,[65120, 65202, 66220],2nd Floor College House Ruislip, United Kingdom HA4 7AE
SOLANKI INVESTMENTS LIMITED,16116681,active,ltd,,,2024-12-03,,2024-12-03,[64209, 68100, 68209],1259 London Road Leigh-On-Sea England SS9 2AF
0086 WOOLWICH LTD,16116817,active,ltd,,,2024-12-03,,2024-12-03,[47190, 47210, 47240, 56102],403 Bessborough House 28 Circus Road West London England SW11 8EG
KNIGHTSBRIDGE CHEMTECH LTD,16115316,active,ltd,,,2024-12-03,,2024-12-03,[20412, 46750, 46900, 47910],128 City Road London United Kingdom EC1V 2NX
FERNHILL CAPITAL LIMITED,16115358,active,ltd,,,2024-12-03,,2024-12-03,[68209],C/O Getground London England W6 0NB
BONIAM INVESTMENTS LTD,16115799,active,ltd,,,2024-12-03,,2024-12-03,[68100],Office 1.01 411 - 413 Oxford Street London England W1C 2PE
DELIVERY INNOVATION LIMITED,16115931,active,ltd,,,2024-12-03,,2024-12-03,[62020],124 City Road London United Kingdom EC1V 2NX
FA-FA INVESTMENTS LTD,16116103,active,ltd,,,2024-12-03,,2024-12-03,[68100, 68209],Ground Floor London United Kingdom E1 0ND
STRATEGIC AF LTD,16116531,active,ltd,,,2024-12-03,,2024-12-03,[70229, 82990],167 - 169 Great Portland Street, 5th Floor London England W1W 5PF
SPRYY LTD,16116724,active,ltd,,,2024-12-03,,2024-12-03,[46342],Flat 4.03 1 Bolander Grove London England SW6 1EQ
RC05 ENTERTAINMENT LTD,16115304,active,ltd,,,2024-12-03,,2024-12-03,[18202, 84110],71-75 Shelton Street London United Kingdom WC2H 9JQ
HAZA NUT LIMITED,16115377,active,ltd,,,2024-12-03,,2024-12-03,[47290],42 Stoke Newington Road London United Kingdom N16 7XJ
FLOOR&DECOR LTD,16115387,active,ltd,,,2024-12-03,,2024-12-03,[43330],12 Scholefield Road London England N19 3EX
343 AMHURST LTD,16115756,active,ltd,,,2024-12-03,,2024-12-03,[68100],C/O 32 Castlewood Road London United Kingdom N16 6DW
ARIX PROPERTIES LTD,16116069,active,ltd,,,2024-12-03,,2024-12-03,[68100],111 Island Business Centre 18-36 Wellington Street Woolwich England SE18 6PF
THE STADIUM THEATRE SCHOOL LTD,16116239,active,ltd,,,2024-12-03,,2024-12-03,[90010],Flat 10 Murray House London England SE18 5ES
CLICK & MONITOR LTD,16116504,active,ltd,,,2024-12-03,,2024-12-03,[61900],6 Homer Street London England W1H 4NT
NW TUTORS LTD,16116588,active,ltd,,,2024-12-03,,2024-12-03,[85600],71-75 Shelton Street London England WC2H 9JQ
EXCEL EDUCATORS LTD,16117169,active,ltd,,,2024-12-04,,2024-12-04,[85590],32 Station Road London England E12 5BT
MAMMOTH SCREEN (BETRAYAL) LIMITED,16117245,active,ltd,,,2024-12-04,,2024-12-04,[59113],Itv White City London United Kingdom W12 7RU
METIB STRUCTURAL ENGINEERING LTD,16117499,active,ltd,,,2024-12-04,,2024-12-04,[41100],(C/O) Salvares Jbs Uk Ltd, Niddry Lodge London United Kingdom W8 7JB
GLOW BLUSH PALETTE COSMETICS LTD,16117460,active,ltd,,,2024-12-04,,2024-12-04,[46450],Unit A Jasmine House London England SW18 1GJ
KAYK INVESTMENTS LTD,16117462,active,ltd,,,2024-12-04,,2024-12-04,[64209],167-169 Great Portland Street London England W1W 5PF
MANDATORY SKILLS TRAINING LTD,16117479,active,ltd,,,2024-12-04,,2024-12-04,[85590],71-75 Shelton Street London United Kingdom WC2H 9JQ
MAYFAIR ESTATE NOMINEE LIMITED,16117710,active,ltd,,,2024-12-04,,2024-12-04,[64209],70 Grosvenor Street London United Kingdom W1K 3JP
AUTOGPT LIMITED,16117825,active,ltd,,,2024-12-04,,2024-12-04,[73110],182-184 High Street North London England E6 2JA
BEACON HILL CARE LIMITED,16117887,active,ltd,,,2024-12-04,,2024-12-04,[87300],38 Station Road Harrow United Kingdom HA2 7SE
GLOWING BEAUTY LIMITED,16117975,active,ltd,,,2024-12-04,,2024-12-04,[96090],3 Golders Way London England NW11 8JY
HDN STUDIO LTD,16117984,active,ltd,,,2024-12-04,,2024-12-04,[62012, 62020, 62090],71-75 Shelton Street London United Kingdom WC2H 9JQ
VENDFLY LTD,16118041,active,ltd,,,2024-12-04,,2024-12-04,[47910],11a Kensington Park Road London United Kingdom W11 3BY
WHITE HORSE CONSULTING LTD,16118083,active,ltd,,,2024-12-04,,2024-12-04,[70229],56 London Road Marlborough England SN8 2AJ
HULME TRUSTEE LTD,16118121,active,ltd,,,2024-12-04,,2024-12-04,[69109],Floor 8 71 Queen Victoria Street London United Kingdom EC4V 4AY
FCM MOTORS LTD,16118140,active,ltd,,,2024-12-04,,2024-12-04,[45112],128 City Road London United Kingdom EC1V 2NX
NEOS PARTNERS LTD,16118305,active,ltd,,,2024-12-04,,2024-12-04,[70229],Mony Musk Hook United Kingdom RG27 9EF
ASF INVESTMENTS LTD,16118306,active,ltd,,,2024-12-04,,2024-12-04,[68100],1 Greenheys Drive South Woodford United Kingdom E18 2HA
CAFWAY LIMITED,16118424,active,ltd,,,2024-12-04,,2024-12-04,[56102],357/359 Cambridge Heath Road London United Kingdom E2 9RA
CIRCUL CONCIERGE LTD,16118481,active,ltd,,,2024-12-04,,2024-12-04,[86210],112 Earlshall Road London England SE9 1PR
WEST LONDON CAR FIX LTD,16118533,active,ltd,,,2024-12-04,,2024-12-04,[45200],232a West Hendon Broadway London England NW9 7ED
CHOICE BY WISH LTD,16118530,active,ltd,,,2024-12-04,,2024-12-04,[56101],3rd Floor, 86-90 Paul Street London United Kingdom EC2A 4NE
LABB STREET LTD,16118534,active,ltd,,,2024-12-04,,2024-12-04,[68100, 68209],29 Ropery Street London United Kingdom E3 4QH
JAKE COX DESIGN LTD,16118557,active,ltd,,,2024-12-04,,2024-12-04,[74100],40 Emmanuel Road London United Kingdom SW12 0HH
FOOSH ENGINEERING LTD,16118615,active,ltd,,,2024-12-04,,2024-12-04,[42990, 43999, 71122, 71129],220a Stapleton Hall Road London England N4 4QR
DAC CAPITAL LIMITED,16118804,active,ltd,,,2024-12-04,,2024-12-04,[70221],International House London United Kingdom W1K 5QF
24 & 30 SG LIMITED,16118878,active,ltd,,,2024-12-04,,2024-12-04,[55100],1 Bell Street London United Kingdom NW1 5BY
MAPLE IT AND MEDIA HK LIMITED,16118861,active,ltd,,,2024-12-04,,2024-12-04,[59111, 59120, 59131, 78101],Flat 16 Bettswood Court London England SE20 8EH
CEISS LTD,16119032,active,ltd,,,2024-12-04,,2024-12-04,[64209],20 Wenlock Road London England N1 7GU
OVERCLIFF LIMITED,16119092,active,ltd,,,2024-12-04,,2024-12-04,[68209],147 Stamford Hill London England N16 5LG
JAMIE MCDONALD SERVICES LTD,16119094,active,ltd,,,2024-12-04,,2024-12-04,[43910],36 Balfe Street London England N1 9EG
HARRINGAY GADGET ZONE LTD,16116922,active,ltd,,,2024-12-04,,2024-12-04,[33130, 47429, 95210],545a Green Lanes London United Kingdom N8 0RL
EXPEDITE GTM LTD,16117072,active,ltd,,,2024-12-04,,2024-12-04,[70229],20 Wenlock Road London England N1 7GU
ECOS GROUP LIMITED,16117107,active,ltd,,,2024-12-04,,2024-12-04,[68100],46 Leighton Road London England W13 9EH
SALEH ENTERPRISES LTD,16117237,active,ltd,,,2024-12-04,,2024-12-04,[47910],86-90 Paul Street London England EC2A 4NE
DESTRESSO LIMITED,16117305,active,ltd,,,2024-12-04,,2024-12-04,[47910],8 Scarlet Close London England E20 1FN
INTERNATIONAL LEGAL ACADEMY LTD,16117322,active,ltd,,,2024-12-04,,2024-12-04,[58190, 69109, 85590, 85600],167-169 Great Portland Street London England W1W 5PF
GSTL TRADING LTD,16117390,active,ltd,,,2024-12-04,,2024-12-04,[47910],128 City Road London United Kingdom EC1V 2NX
ANYTIME SOLUTIONS & LOGISTICS LTD,16117405,active,ltd,,,2024-12-04,,2024-12-04,[49410, 62012, 62090, 96090],128 City Road London United Kingdom EC1V 2NX
ALPHAGEN SOLUTIONS UK LTD,16117530,active,ltd,,,2024-12-04,,2024-12-04,[56290, 62090],434 High Street North London England E12 6RH
WIJAYA KUSAMA LTD,16117506,active,ltd,,,2024-12-04,,2024-12-04,[70100],121-123 Long Acre London England WC2E 9PA
TAYLOR MOTORS LTD,16117508,active,ltd,,,2024-12-04,,2024-12-04,[45112, 45200, 45310],20 Wenlock Road London England N1 7GU
KRIK INTERLOCK LTD,16117526,active,ltd,,,2024-12-04,,2024-12-04,[25110, 26511, 26513, 28140],Rf001 1st Floor Front London England W1D 5QA
AI UNLIMITED LTD.,16117516,active,ltd,,,2024-12-04,,2024-12-04,[63990],20 Wenlock Road London England N1 7GU
CONCRETE PRINTED CONTRACTORS LTD,16117733,active,ltd,,,2024-12-04,,2024-12-04,[42110],128 City Road London United Kingdom EC1V 2NX
STRAULAB LTD,16117737,active,ltd,,,2024-12-04,,2024-12-04,[63110],C/O D S Burge And Co Ltd London United Kingdom SW19 4DW
MELROSE MEWS ESTATE LTD,16117728,active,ltd,,,2024-12-04,,2024-12-04,[98000],73 Cornhill London United Kingdom EC3V 3QQ
APR GROUP HOLDINGS LTD,16117757,active,ltd,,,2024-12-04,,2024-12-04,[64209],190 Billet Road London United Kingdom E17 5DX
H2A INVESTMENTS LTD,16117756,active,ltd,,,2024-12-04,,2024-12-04,[70229],71-75 Shelton Street London United Kingdom WC2H 9JQ
REGAL LATER LIVING (NEWBURY) LIMITED,16117761,active,ltd,,,2024-12-04,,2024-12-04,[68209],60 Charlotte Street London United Kingdom W1T 2NU
TOUBA CLEANING LTD,16117851,active,ltd,,,2024-12-04,,2024-12-04,[81299],Barkat House, Suite 9 London England NW3 5HT
FIRST CRESCENT FINANCE LTD,16117863,active,ltd,,,2024-12-04,,2024-12-04,[46380, 46690, 46900],Suite 17003 43 Bedford Street London England WC2E 9HA
TIMELESS PROJECTS STUDIO LTD,16117943,active,ltd,,,2024-12-04,,2024-12-04,[63120, 73110, 96090],20 Wenlock Road London England N1 7GU
INNOWISEUK LIMITED,16118026,active,ltd,,,2024-12-04,,2024-12-04,[62012, 62020, 70229],55 Loudoun Road St. John's Wood London United Kingdom NW8 0DL
MICH SOLUTIONS LIMITED,16118403,active,ltd,,,2024-12-04,,2024-12-04,[68100],180 London Road Romford England RM7 9EU
AIWAVE LTD,16118470,active,ltd,,,2024-12-04,,2024-12-04,[58210, 58290, 63110, 63120],71-75 Shelton Street London United Kingdom WC2H 9JQ
BOBCAT BARBECUE LTD,16118467,active,ltd,,,2024-12-04,,2024-12-04,[56210],21a Moring Road London United Kingdom SW17 8DN
KELLER US FINANCE LIMITED,16118582,active,ltd,,,2024-12-04,,2024-12-04,[64999],2 Kingdom Street London England W2 6BD
VALERO INTERNATIONAL HOLDINGS LIMITED,16118590,active,ltd,,,2024-12-04,,2024-12-04,[64209],27th Floor 1 Canada Square, Canary Wharf London United Kingdom E14 5AA
REIZ GLOBAL SERVICES LTD,16118725,active,ltd,,,2024-12-04,,2024-12-04,[86900],137 Harrow Manorway Abbeywood England SE2 9XJ
DUKELOW ESTATES LIMITED,16118829,active,ltd,,,2024-12-04,,2024-12-04,[68100],1386 London Road Leigh On Sea England SS9 2UJ
REGAL OKR LTD,16118901,active,ltd,,,2024-12-04,,2024-12-04,[68100],Regal Real Estates Ltd London England NW6 3QH
WILLOW GREEN SOLUTIONS LTD,16118907,active,ltd,,,2024-12-04,,2024-12-04,[62020],3rd Floor 86-90 Paul Street London United Kingdom EC2A 4NE
EVERYTHING RENEWABLE LIMITED,16116900,active,ltd,,,2024-12-04,,2024-12-04,[70229],128 City Road London England EC1V 2NX
ROAM COMMUNICATION LIMITED,16116903,active,ltd,,,2024-12-04,,2024-12-04,[61200, 61900, 62012],71-75 Shelton Street London United Kingdom WC2H 9JQ
DARK STAR SERVICES LTD,16117086,active,ltd,,,2024-12-04,,2024-12-04,[49320],Flat 19 Acorn Court London England E3 2GD
HB STRUCTURES LTD,16117288,active,ltd,,,2024-12-04,,2024-12-04,[43390],8 Gainsborough Road London England E11 1HT
CORPUS PROGRAMMATUM LTD,16117428,active,ltd,,,2024-12-04,,2024-12-04,[61200, 61900, 62012, 62090],16a Errington Road London United Kingdom W9 3LF
WEBB ACCOUNTING LIMITED,16117446,active,ltd,,,2024-12-04,,2024-12-04,[69201, 69202, 69203],128 City Road London United Kingdom EC1V 2NX
TOGZA TRAVEL PRIVATE TOURS LTD,16117561,active,ltd,,,2024-12-04,,2024-12-04,[49390, 52219],128 City Road London United Kingdom EC1V 2NX
LANCOX PROPERTY LTD,16117551,active,ltd,,,2024-12-04,,2024-12-04,[68100, 68209],85 Great Portland Street London United Kingdom W1W 7LT
CRAVEN CLOSE LTD,16117680,active,ltd,,,2024-12-04,,2024-12-04,[68100],33 Colberg Place London England N16 5RA
HER AND HER LTD,16117800,active,ltd,,,2024-12-04,,2024-12-04,[47910],Silverstream House London England W1T 6EB
KAYK CAPITAL LTD,16118076,active,ltd,,,2024-12-04,,2024-12-04,[64303, 64991, 64999, 68320],167-169 Great Portland Street London England W1W 5PF
QUALIN LTD,16118175,active,ltd,,,2024-12-04,,2024-12-04,[62020],74 Topsham Road London England SW17 8SP
SULTAN HERITAGE LIMITED,16118233,active,ltd,,,2024-12-04,,2024-12-04,[46190, 46310, 47210, 47910],71-75 Shelton Street London United Kingdom WC2H 9JQ
BRANDAID GROUP LTD,16118236,active,ltd,,,2024-12-04,,2024-12-04,[73110],70 White Lion Street London United Kingdom N1 9PP
INFRANOVA LTD,16118260,active,ltd,,,2024-12-04,,2024-12-04,[58290, 61900, 62020, 62090],71-75 Shelton Street London United Kingdom WC2H 9JQ
ELLIOTFRANCIS LTD,16118286,active,ltd,,,2024-12-04,,2024-12-04,[74100],70 Balfour Road London United Kingdom BR2 9SL
MAZIKUBEAUTYSERVICES LTD,16118277,active,ltd,,,2024-12-04,,2024-12-04,[96020],3rd Floor, 86-90 Paul Street London United Kingdom EC2A 4NE
PUSAT BSRN LIMITED,16118437,active,ltd,,,2024-12-04,,2024-12-04,[46380],285 Fore Street London United Kingdom N9 0PD
599 PROPERTY LTD,16118515,active,ltd,,,2024-12-04,,2024-12-04,[68209],Office 7 35-37 London United Kingdom EC4M 7JN
AURORA CAPITAL HOLDINGS LTD,16118569,active,ltd,,,2024-12-04,,2024-12-04,[68100, 68209, 68320],34 Watchfield Court London England W4 4NB
PRIFASTE CLEANING SOLUTIONS LTD,16118561,active,ltd,,,2024-12-04,,2024-12-04,[81210, 81229, 81291, 81299],128 City Road London United Kingdom EC1V 2NX
MARTON OAK UK LIMITED,16118841,active,ltd,,,2024-12-04,,2024-12-04,[64209],22 Chancery Lane London United Kingdom WC2A 1LS
TREVELLYAN ENTERPRISES LIMITED,16118990,active,ltd,,,2024-12-04,,2024-12-04,[71111],Silverstream House London England W1T 6EB
SHL VENTURES LTD,16119101,active,ltd,,,2024-12-04,,2024-12-04,[68100, 68209],22 Overlea Road London England E5 9BG
NEXIA FS LIMITED,16115399,active,ltd,,,2024-12-03,,2024-12-03,[70229],Flat 35 Prospect House London England SE1 6HF
21POINT5GROUP LTD,16115508,active,ltd,,,2024-12-03,,2024-12-03,[70229],954 High Road London England N12 9RT
JR ELEY LIMITED,16115886,active,ltd,,,2024-12-03,,2024-12-03,[64209],19 London Road Colchester United Kingdom CO3 0NR
GREENWOODS LEGAL SERVICES LIMITED,16115882,active,ltd,,,2024-12-03,,2024-12-03,[69102],Queens House London England WC2A 3LJ
ELIZACO LTD,16116005,active,ltd,,,2024-12-03,,2024-12-03,[86230],320 City Road London England EC1V 2NZ
OM NAMAHA SHIVAYE LTD,16116181,active,ltd,,,2024-12-03,,2024-12-03,[68100],103 Trafalgar Road London England SE10 9TS
RTAK CONSULTANCY LTD,16116373,active,ltd,,,2024-12-03,,2024-12-03,[82990],26 Osborne Court London England W5 2JE
CERTISERV LTD,16116371,active,ltd,,,2024-12-03,,2024-12-03,[43999],124-128 City Road London England EC1V 2NX
SYNERGY STUDIOS LTD,16116641,active,ltd,,,2024-12-03,,2024-12-03,[59200],114-118 Southampton Row London England WC1B 5AA
A ELEANOR LTD,16116669,active,ltd,,,2024-12-03,,2024-12-03,[52290],43a Loughborough Road London England SW9 7TB
BAREFOOT REFLEXOLOGY LIMITED,16116749,active,ltd,,,2024-12-03,,2024-12-03,[86900],Flat 45 Cameron House London England SE5 0UL
M & M RADIANCE LIMITED,16116747,active,ltd,,,2024-12-03,,2024-12-03,[96020],14a Briar Close London England N13 5NL
HECTMAR EQUITY LTD,16121538,active,ltd,,,2024-12-05,,2024-12-05,[64205],85 Great Portland Street, First Floor London England W1W 7LT
PRIMEE SOLUTIONS LTD,16121544,active,ltd,,,2024-12-05,,2024-12-05,[68100],159 Willifield Way London United Kingdom NW11 6XY
MAYFAIR AI LTD,16145221,active,ltd,,,2024-12-19,,2024-12-19,[62090],2 Eversleigh Road London England N3 1JB
KINGDOMS OF CARE LIMITED,16123340,active,ltd,,,2024-12-09,,2024-12-09,[96090],42-44 Bishopsgate London United Kingdom EC2N 4AH
MILLIONS INVESTMENT LTD,16112356,active,ltd,,,2024-12-02,,2024-12-02,[41100],41 Burdett Road London England E3 4TN
SAHINLER LIMITED,16139487,active,ltd,,,2024-12-17,,2024-12-17,[47110],Unit 137 4 Roach Road London England E3 2GY
SMILE DIGITAL TALENT LTD,16146021,active,ltd,,,2024-12-20,,2024-12-20,[78109],124 City Road London United Kingdom EC1V 2NX
LEMI SOLUTIONS PARTNERS LTD,16157465,active,ltd,,,2024-12-31,,2024-12-31,[63120, 78200],71-75 Shelton Street London United Kingdom WC2H 9JQ
SPREAD DIGITAL UK LTD,16127787,active,ltd,,,2024-12-10,,2024-12-10,[62020, 62090, 63990, 70229],167-169 Great Portland Street London W1W 5PF
NADIA ENTERPRISE LTD,16113625,active,ltd,,,2024-12-02,,2024-12-02,[77110],Flat 103, Amory Tower 199 Marsh Wall London England E14 9ES
LEADARC LTD,16157916,active,ltd,,,2024-12-31,,2024-12-31,[73110],124 City Road London England EC1V 2NX
DESIGN REVOLUTION LONDON LIMITED,16133296,active,ltd,,,2024-12-12,,2024-12-12,[71111, 74100, 90030, 95240],205 Lavender Hill London England SW11 5TB
DIOZ GROUP LTD,16128089,active,ltd,,,2024-12-10,,2024-12-10,[47910],55a Catherine Place London England SW1E 6DY
JARDIM DAS FLORES LTD,16126440,active,ltd,,,2024-12-09,,2024-12-09,[68209],38 Wilcox Road London England SW8 2UX
ELEVATE BY KERRY EDWARDS LTD,16157012,active,ltd,,,2024-12-31,,2024-12-31,[56210, 82110],E1 10 East Bay Lane London United Kingdom E15 2SJ
GENUINE CONSULTINGS LTD,16130951,active,ltd,,,2024-12-11,,2024-12-11,[70229],Silverstream House 45 Fitzroy Street London England W1T 6EB
HENRY FAMILY CAPITAL LTD,16126469,active,ltd,,,2024-12-09,,2024-12-09,[64929],35 Ballards Lane London United Kingdom N3 1XW
CANDY MOUNTAIN PROPERTY LIMITED,16115993,active,ltd,,,2024-12-03,,2024-12-03,[68100],Flat 1 63 Alexandra Drive London United Kingdom SE19 1AN
COPPERWOOD CONSULTING LIMITED,16133718,active,ltd,,,2024-12-13,,2024-12-13,[74909],3rd Floor 86-90 Paul Street London England EC2A 4NE
OOAK CORPORATION LTD,16147596,active,ltd,,,2024-12-20,,2024-12-20,[47910],5th Floor Great Portland Street London England W1W 5PF
SYNOA LIMITED,16142101,active,ltd,,,2024-12-18,,2024-12-18,[62090, 70229, 79110, 85600],Unit M1, Clifton Trade Center London United Kingdom E1 5NF
MSH ESTATES LTD,16148474,active,ltd,,,2024-12-23,,2024-12-23,[68100, 68209],383 Durnsford Road London England SW19 8EF
SERVI APP LIMITED,16111299,active,ltd,,,2024-12-01,,2024-12-01,[62012, 81210],128 City Road London England EC1V 2NX
INTI GLOBAL LTD,16111235,active,ltd,,,2024-12-01,,2024-12-01,[47750, 47990],128 City Road London England EC1V 2NX
AFFORDABLETRAVEL4U LTD,16153125,active,ltd,,,2024-12-27,,2024-12-27,[73110],71-75 Shelton Street London United Kingdom WC2H 9JQ
UNITE CLEAN LTD,16153104,active,ltd,,,2024-12-27,,2024-12-27,[81210],203 London Road Benfleet England SS7 2RD
CENVAREE THAI SPA LTD,16119348,active,ltd,,,2024-12-05,,2024-12-05,[86900],101 Essex Road London England N1 2SJ
LONDON LONGEVITY CLUB LIMITED,16144654,active,ltd,,,2024-12-19,,2024-12-19,[86210, 86220, 86900],C/O Tc Citroen Wells Limited 3 Dorset Rise England EC4Y 8EN
CMZ HOLDINGS LTD,16127029,active,ltd,,,2024-12-10,,2024-12-10,[68100, 68209],190a-190e Lordship Road London England N16 5ES
C-WAD CONSULTANCY LIMITED,16127762,active,ltd,,,2024-12-10,,2024-12-10,[70229, 73200],Barking, Jhumat House Barking England IG11 8BB
A.Y.R PROPERTY SERVICES LTD,16126190,active,ltd,,,2024-12-09,,2024-12-09,[43999],Silverstream House, 4th Floor London England W1T 6EB
HISTE LTD,16131085,active,ltd,,,2024-12-11,,2024-12-11,[70229],124 City Road London England EC1V 2NX
PINELOOM PROPERTIES LIMITED,16122051,active,ltd,,,2024-12-08,,2024-12-08,[68100, 68209],167-169 Great Portland Street London England W1W 5PF
VICTOR STIRLING LTD,16155451,active,ltd,,,2024-12-30,,2024-12-30,[58110, 70229, 82990],The Hoxton Mix 3rd Floor London England EC2A 4NE
AVEBA LTD,16150076,active,ltd,,,2024-12-23,,2024-12-23,[56103],14 Claypole Road London England E15 2RJ
AISTARS LEAGUE LTD,16156968,active,ltd,,,2024-12-31,,2024-12-31,[62020],483 Green Lanes 483 Green Lanes London England N13 4BS
A GRADE ADMINISTRATION LIMITED,16146381,active,ltd,,,2024-12-20,,2024-12-20,[82110],75 Milestone Close London England N9 9GA
CONNAUGHT PLACE SERVICES LIMITED,16156171,active,ltd,,,2024-12-30,,2024-12-30,[98000],5 Connaught Place London England W2 2ET
VALENCA LTD,16150764,active,ltd,,,2024-12-24,,2024-12-24,[47910],Aa House 55, 27 Old Gloucester Street London England WC1N 3AX
HERITAGE HOLDINGS PARTNERS LIMITED,16150810,active,ltd,,,2024-12-24,,2024-12-24,[70221],111 Park Street London England W1K 7JF
PC COMMERCE LTD,16150827,active,ltd,,,2024-12-24,,2024-12-24,[47910],3rd Floor, 86-90 Paul Street London United Kingdom EC2A 4NE
ALDERGROVE TECHNOLOGY LTD,16150825,active,ltd,,,2024-12-24,,2024-12-24,[62020],71-75 Shelton Street London United Kingdom WC2H 9JQ
CLEAR VIEW INVENTORIES LTD,16150896,active,ltd,,,2024-12-24,,2024-12-24,[98000],85 Great Portland Street London England W1W 7LT
RPK ASSOCIATES LTD,16150941,active,ltd,,,2024-12-24,,2024-12-24,[74909],Ashley House 235-239 High Road London England N22 8HF
DANANAFEE LTD,16150932,active,ltd,,,2024-12-24,,2024-12-24,[64209, 64303, 64991],124 City Road London United Kingdom EC1V 2NX
SEU TRENDORA LTD,16150934,active,ltd,,,2024-12-24,,2024-12-24,[47910, 70229, 73110, 85590],Dept 5394, 196 High Road London United Kingdom N22 8HH
ODIN DEFENCE LTD,16150964,active,ltd,,,2024-12-24,,2024-12-24,[84220],International House 10 Beaufort Court London England E14 9XL
UNITLINKED LIMITED,16150982,active,ltd,,,2024-12-24,,2024-12-24,[47910, 82990],29363 Office Suite 29a, 3/F 23 Wharf Street London England SE8 3GG
GRW REFRACTORIES LIMITED,16150987,active,ltd,,,2024-12-24,,2024-12-24,[46120, 46130, 46140, 46180],41 Devonshire Street Ground Floor Office 1 London United Kingdom W1G 7AJ
S S BUILDING SOLUTIONS LTD,16151053,active,ltd,,,2024-12-24,,2024-12-24,[41100, 41202],Unit 5 60 Hanbury Street London England E1 5JL
FELDBB LTD,16151049,active,ltd,,,2024-12-24,,2024-12-24,[68209],Unit B Occ Estate London United Kingdom N4 1TJ
CARPLAY DIRECT LIMITED,16151041,active,ltd,,,2024-12-24,,2024-12-24,[82990],869 High Road London United Kingdom N12 8QA
PROACTIVE HEALTH SYSTEMS LTD,16151083,active,ltd,,,2024-12-24,,2024-12-24,[86900],Flat 1 124 Packington Street London England N1 7EA
SUNVACAY LTD,16151081,active,ltd,,,2024-12-24,,2024-12-24,[79110, 96090],71-75 Shelton Street London United Kingdom WC2H 9JQ
LEACLO LTD,16151074,active,ltd,,,2024-12-24,,2024-12-24,[47910, 47990],Leaclo Ltd London United Kingdom EC1V 2NX
BOARD OF COACHING LIMITED,16151095,active,ltd,,,2024-12-24,,2024-12-24,[70229, 82990, 85590],39 Bickenhall Mansions Bickenhall Street London England W1U 6BR
TALENTCORE ENTERPRISE LTD,16151126,active,ltd,,,2024-12-24,,2024-12-24,[78109, 78200, 78300],First Floor Office London United Kingdom W8 4LZ
GEN AI DIGITAL LTD,16151182,active,ltd,,,2024-12-24,,2024-12-24,[58290, 62012, 62020, 63120],128 City Road London United Kingdom EC1V 2NX
YOUR EVENT LTD,16151192,active,ltd,,,2024-12-24,,2024-12-24,[56210],128 City Road London United Kingdom EC1V 2NX
BEREXIA SUSTAINABLE PROJECTS LTD,16151209,active,ltd,,,2024-12-24,,2024-12-24,[62020, 62090, 74901, 84130],20 Wenlock Road London England N1 7GU
BEST BRIDAL LTD,16145250,active,ltd,,,2024-12-19,,2024-12-19,[47710],99 Fonthill Road London England N4 3JH
ALEXABAGS LTD,16151212,active,ltd,,,2024-12-24,,2024-12-24,[96090],128 City Road London United Kingdom EC1V 2NX
TECEX AI UK LIMITED,16151243,active,ltd,,,2024-12-24,,2024-12-24,[64209],First Floor, Omni House London England NW6 4BT
CGEN A LIMITED,16151327,active,ltd,,,2024-12-24,,2024-12-24,[70100],147 Stamford Hill London England N16 5LG
ATILNA LTD,16151354,active,ltd,,,2024-12-24,,2024-12-24,[68100],18 Leweston Place London United Kingdom N16 6RH
CODE LINK LTD,16151401,active,ltd,,,2024-12-24,,2024-12-24,[46900],167-169 Great Portland Street London United Kingdom W1W 5PF
REVOLUTION PACKERS LTD,16151524,active,ltd,,,2024-12-24,,2024-12-24,[82920],128 City Road London United Kingdom EC1V 2NX
PROANALYTICS LTD,16141734,active,ltd,,,2024-12-18,,2024-12-18,[85590, 85600],860-862 Garratt Lane London United Kingdom SW17 0NB
SCB OPERATIONS LTD,16141761,active,ltd,,,2024-12-18,,2024-12-18,[81222, 81299, 98000],1 Fitzgerald Road London United Kingdom SW14 8HA
EVA MAY LTD,16141787,active,ltd,,,2024-12-18,,2024-12-18,[82110],128 City Road London United Kingdom EC1V 2NX
SHINY QUEST CARD LTD,16119165,active,ltd,,,2024-12-04,,2024-12-04,[47910],118a Greyhound Road London United Kingdom W6 8NS
MEGHNA BUILDERS LTD,16119321,active,ltd,,,2024-12-05,,2024-12-05,[41100, 41201, 41202],131 Strathdon Drive London United Kingdom SW17 0PS
TURKUAZ SOCIAL LIMITED,16119327,active,ltd,,,2024-12-05,,2024-12-05,[77400, 96090],Flat E Estate House 225-231 Upper Richmond Road London England SW15 6SJ
MEDCARE COMMUNITY LIMITED,16119505,active,ltd,,,2024-12-05,,2024-12-05,[68100],2a Connaught Avenue, London, E4 7aa London United Kingdom E4 7AA
NUL HEALTH LIMITED,16119526,active,ltd,,,2024-12-05,,2024-12-05,[86900],3rd Floor, 86-90 Paul Street London United Kingdom EC2A 4NE
TL TWO LIMITED,16119528,active,ltd,,,2024-12-05,,2024-12-05,[64209],71 Queen Victoria Street London United Kingdom EC4V 4BE
J.B. SAWYER LTD,16119594,active,ltd,,,2024-12-05,,2024-12-05,[41202, 46160, 49410, 52243],65 Lightfoot Road London England N8 7JF
CARDIOMEDAS LIMITED,16119583,active,ltd,,,2024-12-05,,2024-12-05,[86101, 86220],71-75 Shelton Street London United Kingdom WC2H 9JQ
DOT INC LTD,16119662,active,ltd,,,2024-12-05,,2024-12-05,[49390, 59200, 79120, 90030],485 Lordship Lane London England N22 5DJ
SUSSEX BRM LTD,16119671,active,ltd,,,2024-12-05,,2024-12-05,[43390],Oakley Farm Robertsbridge England TN32 5LX
SMAIZ LTD,16119664,active,ltd,,,2024-12-05,,2024-12-05,[47220, 47710, 56290],19a Church Lane London England E11 1HG
ANCHORLINK TECHNOLOGY LTD,16119716,active,ltd,,,2024-12-05,,2024-12-05,[62012],1 Liberia Road London England N5 1JP
EGYPTIAN THREADS LTD,16119834,active,ltd,,,2024-12-05,,2024-12-05,[46410, 47510],128 City Road London United Kingdom EC1V 2NX
EMMY’S PRECIOUS PAWS LTD,16119819,active,ltd,,,2024-12-05,,2024-12-05,[68209],Aston House London United Kingdom N3 1LF
VIET FINANCE LTD,16119938,active,ltd,,,2024-12-05,,2024-12-05,[66190],133 Creek Road London England SE8 3BU
THE CLEANING BUSINESS LTD,16120047,active,ltd,,,2024-12-05,,2024-12-05,[81210, 81222, 81299],23 Freeland Park Holders Hill Road London England NW4 1LP
TASTY TIMES LTD,16120038,active,ltd,,,2024-12-05,,2024-12-05,[56103, 56210, 56290],71-75 Shelton Street London United Kingdom WC2H 9JQ
UTELLS LTD,16120023,active,ltd,,,2024-12-05,,2024-12-05,[62011, 62012],128 City Road London United Kingdom EC1V 2NX
GG-836-870 LIMITED,16120153,active,ltd,,,2024-12-05,,2024-12-05,[68209],C/O Getground London England W6 0NB
ZERO COGNITIVE SYSTEMS UK LIMITED,16120151,active,ltd,,,2024-12-05,,2024-12-05,[62012],128 City Road London United Kingdom EC1V 2NX
PRIME TECH HUB LIMITED,16120243,active,ltd,,,2024-12-05,,2024-12-05,[63110],71-75 Shelton Street London United Kingdom WC2H 9JQ
EBURNEIS COETUS HABENDI HOLDING LTD,16120227,active,ltd,,,2024-12-05,,2024-12-05,[64209],Dept 757, 196 High Road London United Kingdom N22 8HH
THE RUNNING ROOM TRAINING LIMITED,16118629,active,ltd,,,2024-12-04,,2024-12-04,[93130],43 Betstyle Road London England N11 1JA
DGB WELLCARE LTD,16120212,active,ltd,,,2024-12-05,,2024-12-05,[86230],Flat 309 Defoe House 123 City Island Way London England E14 0TU
SERGIO WORKS PROPERTY MAINTENANCE LTD,16120314,active,ltd,,,2024-12-05,,2024-12-05,[43341, 43390, 96090],20 Colville Road London England W11 2BS
JILOR CARE LTD,16120286,active,ltd,,,2024-12-05,,2024-12-05,[87200],20 Wenlock Road London England N1 7GU
OBSCURACODE LTD,16120395,active,ltd,,,2024-12-05,,2024-12-05,[58290],3rd Floor, 86-90 Paul Street London United Kingdom EC2A 4NE
NANE LAB LTD,16120372,active,ltd,,,2024-12-05,,2024-12-05,[47410],5 Wetherden Street London United Kingdom E17 8EH
THOMAZI PROPERTY INVESTMENTS LTD,16119360,active,ltd,,,2024-12-05,,2024-12-05,[68209],20 Wenlock Road London England N1 7GU
LUCELL HOLDING UK LIMITED,16119382,active,ltd,,,2024-12-05,,2024-12-05,[82990],Apartment 907 Cashmere House London United Kingdom E1 8PU
KADY TRADING LTD,16119405,active,ltd,,,2024-12-05,,2024-12-05,[47910],Office 10921 182-184 High Street North London United Kingdom E6 2JA
TJOP TWO LIMITED,16119556,active,ltd,,,2024-12-05,,2024-12-05,[64209],71 Queen Victoria Street London United Kingdom EC4V 4BE
BACHU BUILDERS LTD,16119690,active,ltd,,,2024-12-05,,2024-12-05,[41201, 41202],31 Trader Road London England E6 6FR
UKTAM & SONS LTD,16119858,active,ltd,,,2024-12-05,,2024-12-05,[68100, 68209],128 City Road London United Kingdom EC1V 2NX
UNIGUYS LTD,16119882,active,ltd,,,2024-12-05,,2024-12-05,[58290, 62012, 62090, 63110],71-75 Shelton Street London United Kingdom WC2H 9JQ
TODAYECOM LTD,16119968,active,ltd,,,2024-12-05,,2024-12-05,[96090],71-75 Shelton Street London United Kingdom WC2H 9JQ
JGREEN HOUSING LTD,16119965,active,ltd,,,2024-12-05,,2024-12-05,[68209],20 Wenlock Road London England N1 7GU
TAU SUPPORT LTD,16120017,active,ltd,,,2024-12-05,,2024-12-05,[90010],304 Sonic House London United Kingdom E3 2NP
APPY 365 LIMITED,16120082,active,ltd,,,2024-12-05,,2024-12-05,[62012, 62090],2nd Floor College House Ruislip, United Kingdom HA4 7AE
CRYPTAPRINT LTD,16120131,active,ltd,,,2024-12-05,,2024-12-05,[47910],124-128 City Road London United Kingdom EC1V 2NX
GG-228-361 LIMITED,16120278,active,ltd,,,2024-12-05,,2024-12-05,[68209],1 Lyric Square London England W6 0NB
GLOBAL 2A LTD,16120551,active,ltd,,,2024-12-05,,2024-12-05,[47910, 62012, 62090],128 City Road London United Kingdom EC1V 2NX
SCGL CONSULTANCY LIMITED,16120559,active,ltd,,,2024-12-05,,2024-12-05,[62020],32 Keslake Road London England NW6 6DL
SEED VENTURES INVESTMENT LIMITED,16120560,active,ltd,,,2024-12-05,,2024-12-05,[68100, 68209],5 Broadwater Road London England SE28 0AZ
DELAMIS INVESTMENTS LTD,16120570,active,ltd,,,2024-12-05,,2024-12-05,[68100],14/2g Docklands Business Centre London United Kingdom E14 8PX
GOLDFINCH WORLDWIDE LIMITED,16150141,active,ltd,,,2024-12-23,,2024-12-23,[49320, 79110],235 Peach Road London United Kingdom W10 4DX
TECH REBELS LTD,16150201,active,ltd,,,2024-12-23,,2024-12-23,[70229],128 City Road London United Kingdom EC1V 2NX
STATISTIQUE LTD,16150204,active,ltd,,,2024-12-23,,2024-12-23,[62020],128 City Road London United Kingdom EC1V 2NX
ACCSELLERA LTD,16150277,active,ltd,,,2024-12-23,,2024-12-23,[62012, 90010],48 Silchester Court London Road Thornton Heath England CR7 6HT
ECLAT AEROSPACE CO., LTD,16150279,active,ltd,,,2024-12-23,,2024-12-23,[46180, 46190],Flat 107 25 Indescon Square London England E14 9DG
EOL CONSULTING LTD,16150346,active,ltd,,,2024-12-23,,2024-12-23,[62020, 82110],20 Wenlock Road London England N1 7GU
LOLA MORALES MUSIC LTD,16150463,active,ltd,,,2024-12-23,,2024-12-23,[59200, 90020],21 Plato Road London England SW2 5UP
RR.J POINT LTD,16150523,active,ltd,,,2024-12-23,,2024-12-23,[47910],128 City Road London United Kingdom EC1V 2NX
KOKO RUSH LIMITED,16150658,active,ltd,,,2024-12-23,,2024-12-23,[56290],172 Strone Road London England E7 8ES
IANA HEEL LIMITED,16150208,active,ltd,,,2024-12-23,,2024-12-23,[47710, 47721, 47770, 47910],10 Ovington Mews London England SW3 1LT
CRAVEN CONSULTANTS LTD,16150236,active,ltd,,,2024-12-23,,2024-12-23,[68100],198 West End Lane London England NW6 1SG
KNIGHT DRAGON 1.02 LIMITED,16150558,active,ltd,,,2024-12-23,,2024-12-23,[41100],6 Mitre Passage London England SE10 0ER
E&C SOLUTIONS LTD.,16150606,active,ltd,,,2024-12-23,,2024-12-23,[58290, 62012, 62030, 63120],2nd Floor College House Ruislip, United Kingdom HA4 7AE
THORNDALE DEVELOPMENTS LTD,16150711,active,ltd,,,2024-12-24,,2024-12-24,[41100],8 Little London Road Heathfield England TN21 0BN
ENES KEBAB LTD,16151574,active,ltd,,,2024-12-24,,2024-12-24,[56103],261 Green Lanes London England N13 4XE
SOUNDART BY CALE LIMITED,16151583,active,ltd,,,2024-12-24,,2024-12-24,[90030],277-279 Chiswick High Road London England W4 4PU
WHALEDESIGN LTD,16151599,active,ltd,,,2024-12-24,,2024-12-24,[62020, 63110, 63120, 63990],71-75 Shelton Street London United Kingdom WC2H 9JQ
BEAUTY BY MAISIE LTD,16151638,active,ltd,,,2024-12-24,,2024-12-24,[96020],15 Hatherley Crescent London England DA14 4JA
NEVITT TRADING LIMITED,16151659,active,ltd,,,2024-12-24,,2024-12-24,[64991],Flat 10 Winchelsea House London England SE16 4LH
CONSVENT MEDIA LTD,16151670,active,ltd,,,2024-12-24,,2024-12-24,[59111],124 City  Road London United Kingdom EC1V 2NX
PINAR GRILL UK LTD,16151687,active,ltd,,,2024-12-24,,2024-12-24,[56103],192 Fore Street London England N18 2JB
MMB PROPERTY GROUP LTD,16143606,active,ltd,,,2024-12-18,,2024-12-18,[68100, 68209],128 City Road London United Kingdom EC1V 2NX
SHN TUBMAN LTD,16143632,active,ltd,,,2024-12-18,,2024-12-18,[68209],124 City Road London England EC1V 2NX
AKAAF LTD,16143663,active,ltd,,,2024-12-18,,2024-12-18,[47910, 62090, 64999, 96090],71-75 Shelton Street London United Kingdom WC2H 9JQ
MAKARIOS PROPERTY ASSET MANAGEMENT LIMITED,16126491,active,ltd,,,2024-12-09,,2024-12-09,[64304, 64306, 98000],188 Brent Street London England NW4 1BE
GRIDLINK INTERCONNECTOR MIDCO LTD,16143651,active,ltd,,,2024-12-18,,2024-12-18,[64209],5th Floor 15 Golden Square London United Kingdom W1F 9JG
ASCENTA LTD,16143729,active,ltd,,,2024-12-18,,2024-12-18,[62090, 70210, 70229, 73110],128 City Road London United Kingdom EC1V 2NX
EZTRADES PRO LTD,16143766,active,ltd,,,2024-12-18,,2024-12-18,[56290],52 Leighton Gardens London England NW10 3PU
SHAMZ BARBERS LTD,16143795,active,ltd,,,2024-12-18,,2024-12-18,[96020],5 Wager Street London United Kingdom E3 4JD
THE JOLLY TEACHER LTD,16143824,active,ltd,,,2024-12-18,,2024-12-18,[85590],1 Ridgway Place London England SW19 4EW
ARTIFICIAL INTELLIGENCE RESOURCES LTD,16143822,active,ltd,,,2024-12-18,,2024-12-18,[78109, 78200, 78300],128 City Road London United Kingdom EC1V 2NX
OAKLEAFINNS LIMITED,16143832,active,ltd,,,2024-12-18,,2024-12-18,[56302],32 Canonbury Street London England N1 2TB
COMFORT BITES LTD,16143883,active,ltd,,,2024-12-18,,2024-12-18,[56103, 56210],13 Barmeston Road London England SE6 3BJ
SCHAFFELEN BRAZILIAN STORE LTD,16143925,active,ltd,,,2024-12-18,,2024-12-18,[56290],94 Wellesley Road London England W4 3AL
PIZZA2U LTD,16143932,active,ltd,,,2024-12-18,,2024-12-18,[56103],649d Watford Way London England NW7 3JR
THE BABY SHOWER EXPERIENCE LIMITED,16143988,active,ltd,,,2024-12-18,,2024-12-18,[56210, 82990, 90020, 90030],62 Vespan Road London England W12 9QQ
EDU INTEL LIMITED,16157853,active,ltd,,,2024-12-31,,2024-12-31,[70229],71-75 Shelton Street London England WC2H 9JQ
BENGAL FROZEN FOOD LTD,16153985,active,ltd,,,2024-12-28,,2024-12-28,[46380],14 2/B 10-16 Tiller Road London England E14 8PX
HOMESTYLE FILMS LTD,16157137,active,ltd,,,2024-12-31,,2024-12-31,[59111, 59112, 82990],Flat 22 Royston House London United Kingdom SE15 1SA
EMEL GLOBAL CONSULTING LTD,16148429,active,ltd,,,2024-12-23,,2024-12-23,[70229],30 Rectory Field Crescent London England SE7 7DQ
PEARTREE PATHOLOGY LTD,16135049,active,ltd,,,2024-12-13,,2024-12-13,[86220],Flat 5 Queen Court London England WC1N 3BA
M4 TRAINING HUB LIMITED,16113755,active,ltd,,,2024-12-02,,2024-12-02,[85590],Unit F9, 1, Expressway Studios London United Kingdom E16 1AH
VV LONDON LTD,16150657,active,ltd,,,2024-12-23,,2024-12-23,[46341],1st Floor 102 Mile End Road London England E1 4UN
SJL DEPLOYMENT LTD,16115286,active,ltd,,,2024-12-03,,2024-12-03,[62020],40 Woodgate Avenue London England KT9 2JL
THE WICKED MUSIC COMPANY LIMITED,16137912,active,ltd,,,2024-12-16,,2024-12-16,[90010, 90020, 90030],167-169 Great Portland Street London United Kingdom W1W 5PF
MARBLESTONE CONSTRUCTION LTD,16137529,active,ltd,,,2024-12-16,,2024-12-16,[41100, 41201, 41202],34 The Circle London United Kingdom NW2 7QX
RED GUNNERS LTD,16119063,active,ltd,,,2024-12-04,,2024-12-04,[56302],9 Eden Grove London United Kingdom N7 8EE
DATAWAVING LTD,16150895,active,ltd,,,2024-12-24,,2024-12-24,[62020, 62090, 63110, 63120],71-75 Shelton Street London United Kingdom WC2H 9JQ
MYRACLE LIMITED,16154564,active,ltd,,,2024-12-30,,2024-12-30,[47250, 47910],3rd Floor 86-90 Paul Street London England EC2A 4NE
LIVINGWELL SUPPORT SERVICES LIMITED,16149670,active,ltd,,,2024-12-23,,2024-12-23,[87200, 87300],260 Bostall Lane London United Kingdom SE2 0QU
ROSITA BY ROSA LTD,16139171,active,ltd,,,2024-12-16,,2024-12-16,[74100],124 City Road London England EC1V 2NX
HERMINE DOUBLON ILLUSTRATIONS LTD,16111971,active,ltd,,,2024-12-02,,2024-12-02,[74100],21 Plympton Avenue London England NW6 7TL
LUV OF HAIR LIMITED,16115850,active,ltd,,,2024-12-03,,2024-12-03,[96020, 96090],Unit 50b, City Business Centre London England SE16 2XB
METGL COMMERCIAL LTD,16155779,active,ltd,,,2024-12-30,,2024-12-30,[94990],Freemasons Hall London England WC2B 5AZ
FAIRLINGTON LTD,16131948,active,ltd,,,2024-12-12,,2024-12-12,[82990],Flat 40 The Lock Building London E15 2QB
THE CARRIAGE HORSHAM LIMITED,16145128,active,ltd,,,2024-12-19,,2024-12-19,[56102],236 Graham Road London England E8 1BP
DYNAMIK NORWICH LTD,16132174,active,ltd,,,2024-12-12,,2024-12-12,[41100, 41202],14 Village Way East Harrow England HA2 7LU
FSQP01 LTD,16127596,active,ltd,,,2024-12-10,,2024-12-10,[41100],4th Floor - 140 Brompton Road London England SW3 1HY
AURATUS TECHNOLOGIES LIMITED,16119804,active,ltd,,,2024-12-05,,2024-12-05,[62020],1st Floor 8 Bloomsbury Street London England WC1B 3SR
LDD NEWS LTD,16146113,active,ltd,,,2024-12-20,,2024-12-20,[58130, 58190, 59112, 90020],Office Gold Building 7, Floor 5, 566 Chiswick High Road London United Kingdom W4 5YG
BELMOKHTAR LTD,16151106,active,ltd,,,2024-12-24,,2024-12-24,[45111, 45112],57 College Court London United Kingdom W6 9DZ
VBOSSI LTD,16134174,active,ltd,,,2024-12-13,,2024-12-13,[70229],Flat 3, 38-40 Pembroke Road Flat 3, 38-40 Pembroke Road London England E17 9PB
KINGS MEDICS LIMITED,16129846,active,ltd,,,2024-12-11,,2024-12-11,[78200],137 Greenvale Road London England SE9 1PG
LAVSE TRADE LTD,16114571,active,ltd,,,2024-12-03,,2024-12-03,[38110, 46900],Office 403, Screenworks, 22 Highbury Grove London United Kingdom N5 2ER
STEEPLEMOUNT HOLDINGS 2 LTD,16116348,active,ltd,,,2024-12-03,,2024-12-03,[68209],214 Stamford Hill London England N16 6RA
SQUAREMD LTD,16150331,active,ltd,,,2024-12-23,,2024-12-23,[58290, 62012, 70229, 86900],Office 403, Screenworks 22 Highbury Grove London United Kingdom N5 2ER
PIKTUS CREATIVE LTD,16150535,active,ltd,,,2024-12-23,,2024-12-23,[62012, 73110, 74100],Office 403, Screenworks 22 Highbury Grove London United Kingdom N5 2ER
URBAN SPICY LTD,16150919,active,ltd,,,2024-12-24,,2024-12-24,[56103, 56210],32 Falcanbrook Gardens 15 Silvertown Way London E16 1JT
ANAC ESTATE OXFORD 1 LTD,16135069,active,ltd,,,2024-12-13,,2024-12-13,[68100, 68201, 68209, 68320],Office 403, Screenworks 22 Highbury Grove London United Kingdom N5 2ER
ANAC ESTATE BERMONDSEY 1 LTD,16135187,active,ltd,,,2024-12-13,,2024-12-13,[68100, 68201, 68209, 68320],Office 403, Screenworks 22 Highbury Grove London United Kingdom N5 2ER
ANAC ESTATE BERMONDSEY 2 LTD,16135741,active,ltd,,,2024-12-13,,2024-12-13,[68100, 68201, 68209, 68320],Office 403, Screenworks 22 Highbury Grove London United Kingdom N5 2ER
ALYUR LIMITED,16125336,active,ltd,,,2024-12-09,,2024-12-09,[46380, 47230, 47710],Flat 10, Sunderland Court London United Kingdom SE22 8JX
LIVAPRO LTD,16154626,active,ltd,,,2024-12-30,,2024-12-30,[47910],197 Westcombe Hill London England SE3 7DR
THE FARRINGDON EVENT LIMITED,16154916,active,ltd,,,2024-12-30,,2024-12-30,[64209],42-44 Bishopsgate London England EC2N 4AH
BEAT MIDCO 2 LIMITED,16134287,active,ltd,,,2024-12-13,,2024-12-13,[64205],The Hallmark Building London England EC3A 2BJ
DRIP LAB UK LTD,16152107,active,ltd,,,2024-12-26,,2024-12-26,[86900],Drip Lab Uk Ltd London England EC1V 2NX
AEP-II EGYPT HOLDCO 2 LIMITED,16143093,active,ltd,,,2024-12-18,,2024-12-18,[64209],C/O Csc Cls (Uk) Limited 5 Churchill Place London United Kingdom E14 5HU
ALL ABOUT ART LIMITED,16113435,active,ltd,,,2024-12-02,,2024-12-02,[46180, 47781, 90030],9th Floor 6 New Street Square London United Kingdom EC4A 3BF
BLACK COW-JJK (UK) BUYER CO LIMITED,16117034,active,ltd,,,2024-12-04,,2024-12-04,[64209],9th Floor 6 New Street Square London United Kingdom EC4A 3BF
SADJ17 LTD,16140817,active,ltd,,,2024-12-17,,2024-12-17,[68100, 68209, 68320],71-75 Shelton Street London United Kingdom WC2H 9JQ
COMPANY FORMATIONS DIRECT LTD,16150856,active,ltd,,,2024-12-24,,2024-12-24,[82990],71-75 Shelton Street London England WC2H 9JQ
BNF HOSPITALITY TOO LIMITED,16118399,active,ltd,,,2024-12-04,,2024-12-04,[56101],25 Hanover Square London England W1S 1JF
GENIUSS GLOBAL FULFILLMENT LTD,16156998,active,ltd,,,2024-12-31,,2024-12-31,[47910, 52103, 52290, 82920],278 Langham Road London England N15 3NP
PRECISELYAGILE LABS LTD,16120886,active,ltd,,,2024-12-05,,2024-12-05,[62012, 62020],167-169 Great Portland Street London England W1W 5PF
SANDIA LIBRE LTD,16157959,active,ltd,,,2024-12-31,,2024-12-31,[59111],27 Mortimer Street London England W1T 3BL
LIMITLESS HAVENS LTD,16123302,active,ltd,,,2024-12-09,,2024-12-09,[68310],20 Wenlock Road London England N1 7GU
DJELLZA LIMITED,16142305,active,ltd,,,2024-12-18,,2024-12-18,[56103],264 King Street London England W6 0SP
MOROCCAN BROTHERS ACADEMY LTD,16152760,active,ltd,,,2024-12-27,,2024-12-27,[85590],124 City Road London England EC1V 2NX
GMI PARTNERS AND SOLUTIONS LIMITED,16128216,active,ltd,,,2024-12-10,,2024-12-10,[49410],82 Kitchener Road London England E7 8JJ
LOHAR LEGACY LTD,16140987,active,ltd,,,2024-12-17,,2024-12-17,[46150, 47910],167-169 Great Portland Street London England W1W 5PF
BWP CONSTRUCTION LTD,16151037,active,ltd,,,2024-12-24,,2024-12-24,[41100, 43390],Hale House Unit 5 Palmers Green United Kingdom N13 5TW
MUVEAZY LIMITED,16121165,active,ltd,,,2024-12-05,,2024-12-05,[62090, 63120],85 Great Portland Street London England W1W 7LT
SALBION GLOBAL MOTORS LIMITED,16129773,active,ltd,,,2024-12-11,,2024-12-11,[62012],Flat A, London England N7 0ET
BOXXER MANAGEMENT LTD,16153334,active,ltd,,,2024-12-27,,2024-12-27,[82110],394 Unit 2, Muswell Hill Broadway London England N10 1DJ
FOX GLOBAL SERVICES LIMITED,16116983,active,ltd,,,2024-12-04,,2024-12-04,[82990],167-169 Great Portland Street London England W1W 5PF
ANDY GILBERT LIMITED,16131131,active,ltd,,,2024-12-11,,2024-12-11,[63990],20 Mortlake Mortlake High Street London England SW14 8JN
ELIANT UK LIMITED,16124873,active,ltd,,,2024-12-09,,2024-12-09,[64209],2nd Floor 107 Cheapside London United Kingdom EC2V 6DN
ZYAN PETRU TRANSPORT LTD,16134073,active,ltd,,,2024-12-13,,2024-12-13,[49410],3 Credon Road London England E13 9BH
VARNI VENTURE LTD,16152689,active,ltd,,,2024-12-27,,2024-12-27,[96020],Flat 2 5 Locket Road London United Kingdom HA3 7LY
EIX CONSULTING LTD,16147044,active,ltd,,,2024-12-20,,2024-12-20,[70229],Level 1 Devonshire House 1 Mayfair Place London United Kingdom W1J 8AJ
INTEC ENERGY SOLUTIONS HOLDING LTD,16132091,active,ltd,,,2024-12-12,,2024-12-12,[64209],25 Cabot Square London England E14 4QA
ASP SPC III-A UK II FACILITATION LTD,16128594,active,ltd,,,2024-12-10,,2024-12-10,[64205],7th Floor 50 Broadway London United Kingdom SW1H 0DB
KUYPER LAW LIMITED,16131222,active,ltd,,,2024-12-11,,2024-12-11,[69102],18 Oregon Avenue London England E12 5JE
GET MOVING REMOVALS LIMITED,16126909,active,ltd,,,2024-12-09,,2024-12-09,[49420],124 City Road City Road London England EC1V 2NX
DOMOMEA LONDON LTD,16133205,active,ltd,,,2024-12-12,,2024-12-12,[56290],19 Russell Court London England SW11 5HZ
SALT & PEPPER FOOD LTD,16122905,active,ltd,,,2024-12-09,,2024-12-09,[56102],7 The Quarterdeck London England E14 8SH
CEASED TRADING 16124072 LIMITED,16124072,active,ltd,,,2024-12-09,,2024-12-09,[87200, 87900],Crown House London England WC1N 3AX
HOMEY ESPRESSO LIMITED,16123576,active,ltd,,,2024-12-09,,2024-12-09,[10832, 56102],170 Westbourne Grove London England W11 2RW
BUSINESS X LTD,16140665,active,ltd,,,2024-12-17,,2024-12-17,[58142, 58190, 63120, 63910],2nd Floor College House Ruislip, United Kingdom HA4 7AE
UKIYO LTD,16151163,active,ltd,,,2024-12-24,,2024-12-24,[47910, 49320],190 Forest Road London England E17 6JG
KAPPA VENTURES PARTNERS LTD,16133340,active,ltd,,,2024-12-12,,2024-12-12,[70229, 82990],4th Floor 2 Brook Street London United Kingdom W1S 1BQ
HAMZA LDN LTD,16116075,active,ltd,,,2024-12-03,,2024-12-03,[68209],C/O Baloch 38 Corbidge Court Greenwich United Kingdom SE8 3ES
PRIMEASE LTD,16151990,active,ltd,,,2024-12-26,,2024-12-26,[47910, 73110, 73120],119 Eswyn Road London England SW17 8TW
REACH HARVEST LIMITED,16135251,active,ltd,,,2024-12-13,,2024-12-13,[70229],128 City Road London United Kingdom EC1V 2NX
YOUR DAILY FOODS LTD,16124226,active,ltd,,,2024-12-09,,2024-12-09,[47190, 47910, 47990, 56290],124 City Road London England EC1V 2NX
LEASEHOLD FINANCE LTD,16153257,active,ltd,,,2024-12-27,,2024-12-27,[64921],66 Paul Street London England EC2A 4NA
45 SEAGRAVE ROAD FREEHOLD LIMITED,16137425,active,ltd,,,2024-12-16,,2024-12-16,[98000],Flat 3 45 Seagrave Road London England SW6 1SB
MCKENZIE EXTERIOR CLEANING LTD,16131226,active,ltd,,,2024-12-11,,2024-12-11,[81210],120 Summers Lane London England N12 0PX
WEBTREE SERVICES LTD,16157464,active,ltd,,,2024-12-31,,2024-12-31,[62090],167-169 Great Portland Street London England W1W 5PF
PET CAKE AND BAKE LTD,16158052,active,ltd,,,2024-12-31,,2024-12-31,[10920],20 Wenlock Road London England N1 7GU
CAELUM ASSOCIATES LTD,16144669,active,ltd,,,2024-12-19,,2024-12-19,[66190, 70229],Flat 10 Merlins Eyot London England SW3 5DL
GANDALF MIDCO LIMITED,16118170,active,ltd,,,2024-12-04,,2024-12-04,[64209],49 St James's Street London England SW1A 1AH
MEOSMAN LTD,16153918,active,ltd,,,2024-12-28,,2024-12-28,[66120],8 Selwyn Road London England NW10 8QY
HEBE CAFE BAR LTD,16149372,active,ltd,,,2024-12-23,,2024-12-23,[56101],258 Kingsland Road London United Kingdom E8 4DG
AEO GROUP LTD,16125572,active,ltd,,,2024-12-09,,2024-12-09,[47749],Churchill House, Suite 35 London England NW4 4DJ
SAINT MICHAEL WEB SERVICES LIMITED,16121191,active,ltd,,,2024-12-05,,2024-12-05,[46760],124 City Road London England EC1V 2NX
PEERLESS TRADE LIMITED,16117633,active,ltd,,,2024-12-04,,2024-12-04,[46190],258-262 Romford Road London England E7 9HZ
UK HORIZON GROUP CO., LTD.,16137609,active,ltd,,,2024-12-16,,2024-12-16,[26400, 27400, 27510, 47190],167-169 Great Portland Street, London United Kingdom W1W 5PF
BEAUTY OF POLLY LTD,16153026,active,ltd,,,2024-12-27,,2024-12-27,[96020],11 Rope Terrace London England E16 2PQ
7L LONDON LTD,16115106,active,ltd,,,2024-12-03,,2024-12-03,[82990],4 Brent Mansions London England NW4 2HJ
ZEDSMS LTD,16143779,active,ltd,,,2024-12-18,,2024-12-18,[61900, 62020],128 City Road London England EC1V 2NX
VITALYZE LTD,16132734,active,ltd,,,2024-12-12,,2024-12-12,[56290, 70229, 73110],335 Prince Regent Lane London England E16 3JL
BTS HOLDCO LTD,16136695,active,ltd,,,2024-12-16,,2024-12-16,[64209],16 Victoria Road London England W8 5RD
MS AUDIT LTD,16151377,active,ltd,,,2024-12-24,,2024-12-24,[69201, 70229, 96090],167-169 Great Portland Street London England W1W 5PF
CONNECT THROUGH COMMUNITY LTD,16128237,active,ltd,,,2024-12-10,,2024-12-10,[99999],26 Herongate Road London United Kingdom E12 5EG
DNS CLOUD ACCOUNTANT LTD,16155156,active,ltd,,,2024-12-30,,2024-12-30,[69201, 69202],108 Island Business Centre 18-36 Wellington Street London England SE18 6PF
NEWS CAFE CARDIFF LIMITED,16113083,active,ltd,,,2024-12-02,,2024-12-02,[56101],325 Fulham Road London England SW10 9QL
GEORGE BARRINGTON PROPERTY LIMITED,16132815,active,ltd,,,2024-12-12,,2024-12-12,[68100, 68209],Flat 19 Dace House London England NW9 4GS
MONT BLANC INVESTING LIMITED,16153322,active,ltd,,,2024-12-27,,2024-12-27,[64303, 64991, 66110, 66210],167-169 Great Portland Street London England W1W 5PF
HUK 152 LIMITED,16126755,active,ltd,,,2024-12-09,,2024-12-09,[64999],84 Grosvenor Street London England W1K 3JZ
HUK 154 LIMITED,16126763,active,ltd,,,2024-12-09,,2024-12-09,[64999],84 Grosvenor Street London England W1K 3JZ
BERTIE TECHNOLOGY LTD,16157913,active,ltd,,,2024-12-31,,2024-12-31,[62012, 62090],8-9 New Street London England EC2M 4TP
YACHOU LTD,16153217,active,ltd,,,2024-12-27,,2024-12-27,[47910],71-75 Shelton Street London United Kingdom WC2H 9JQ
CREATIVE KITCHENS WESTERHAM LTD,16153277,active,ltd,,,2024-12-27,,2024-12-27,[47599, 47990],128 City Road London United Kingdom EC1V 2NX
LEACH BOOKKEEPING LTD,16155455,active,ltd,,,2024-12-30,,2024-12-30,[69202],20 Wenlock Road London England N1 7GU
SIMPATH LTD,16119462,active,ltd,,,2024-12-05,,2024-12-05,[62020],Third Floor, 86-90 Paul Street London United Kingdom EC2A 4NE
FRESHDRINKUS LTD,16125593,active,ltd,,,2024-12-09,,2024-12-09,[46370],Suite 126 Westlink House London United Kingdom TW8 9DN
CATTERNO PROPERTIES LTD,16142450,active,ltd,,,2024-12-18,,2024-12-18,[41100, 68100],20 Wenlock Road London England N1 7GU
GLIA HQ LTD,16151647,active,ltd,,,2024-12-24,,2024-12-24,[58290, 62012],16 Lambert Road London England E16 3NN
REJUVECARE LIMITED,16115551,active,ltd,,,2024-12-03,,2024-12-03,[86900],Vpc Accountants Harrow England HA1 1BQ
R DEAN LTD,16151309,active,ltd,,,2024-12-24,,2024-12-24,[86230],Vpc Accountants Harrow England HA1 1BQ
CHERRY RIDGE LIMITED,16126245,active,ltd,,,2024-12-09,,2024-12-09,[68100, 68209],Vpc Accountants Harrow England HA1 1BQ
OGEN CONSTRUCTION LIMITED,16111284,active,ltd,,,2024-12-01,,2024-12-01,[41100],20 Green Lane London England NW4 2NN
TRIBAL EMPORIUM LIMITED,16130824,active,ltd,,,2024-12-11,,2024-12-11,[96090],Flat 8 Hatch House London United Kingdom N10 1BB
BLEND LIFESTYLE LIMITED,16145936,active,ltd,,,2024-12-20,,2024-12-20,[93130],27 Clapham High Street London England SW4 7TR
UK DECELLE AGRICHEMICAL GROUP LIMITED,16136734,active,ltd,,,2024-12-16,,2024-12-16,[20150, 47760],167-169 Great Portland Street, London United Kingdom W1W 5PF
RB BRIDGING LTD,16131857,active,ltd,,,2024-12-12,,2024-12-12,[64922, 68100, 68209],15 Melon Road London England E11 4YJ
HAYLEY'S FAMILY LIMITED,16118160,active,ltd,,,2024-12-04,,2024-12-04,[71129],3rd Floor, 86-90 Paul Street London United Kingdom EC2A 4NE
DINESH AI LTD,16153863,active,ltd,,,2024-12-27,,2024-12-27,[62012],81 Cambridge Avenue London England NW6 5AA
HYPERPOLYMATH PRODUCTIONS LTD,16148194,active,ltd,,,2024-12-22,,2024-12-22,[99999],33 Erskine Hill London England NW11 6EY
MOODMEETS LIMITED,16151218,active,ltd,,,2024-12-24,,2024-12-24,[56101, 56302, 62012, 96090],9 Oakland Quay London England E14 9EA
YS MOORFIELDS LIMITED,16147092,active,ltd,,,2024-12-20,,2024-12-20,[68100, 68209],Unit 1 5 Baldwin Street London United Kingdom EC1V 9NU
VARSANI HOLDINGS LIMITED,16133679,active,ltd,,,2024-12-13,,2024-12-13,[68100, 68209, 68320],Vpc Accountants Harrow England HA1 1BQ
HIMALAYAN-WOK LTD,16132272,active,ltd,,,2024-12-12,,2024-12-12,[56101],6 - 7 Seven Stars Corner London England W12 8ET
AKONELECTRICS LTD,16141624,active,ltd,,,2024-12-17,,2024-12-17,[99999],24 Bodney Road London England E8 1AY
ROOSTER TOPCO LIMITED,16137778,active,ltd,,,2024-12-16,,2024-12-16,[64209],36-40 Maple Street London United Kingdom W1T 6HE
ROOSTER BIDCO LIMITED,16138367,active,ltd,,,2024-12-16,,2024-12-16,[64209],36-40 Maple Street London United Kingdom W1T 6HE
SHI HAN TRADING CO., LTD,16151245,active,ltd,,,2024-12-24,,2024-12-24,[14190, 26400, 46450, 46510],292479 Office Suite 29a, 3/F., 23 Wharf Street London England SE8 3GG
MOODMETRICS AI, LIMITED,16157503,active,ltd,,,2024-12-31,,2024-12-31,[63110, 74909],61 Munro Mews Munro Mews London England W10 5RZ
EVERGREEN SPACES GARDEN SERVICES LTD,16114551,active,ltd,,,2024-12-03,,2024-12-03,[81300],22 The Grangeway London England N21 2HG
BIEDA LTD,16143161,active,ltd,,,2024-12-18,,2024-12-18,[28990],3 Godalming Road London England E14 6AF
UNICOM CONSULTING LTD,16125850,active,ltd,,,2024-12-09,,2024-12-09,[70100, 70229],72 Halliwick Road London United Kingdom N10 1AB
SENSAGLASS LTD,16118350,active,ltd,,,2024-12-04,,2024-12-04,[43290, 43390],71-75 Shelton Street London United Kingdom WC2H 9JQ
ILLASTIC LIMITED,16123239,active,ltd,,,2024-12-09,,2024-12-09,[45112, 46520, 47910, 63110],49b-49d Oseney Crescent London England NW5 2BE
SATURN GROUP SERVICES LIMITED,16129029,active,ltd,,,2024-12-10,,2024-12-10,[78109],International House London England E14 9XL
COZY BREW LTD,16156872,active,ltd,,,2024-12-31,,2024-12-31,[56102],Unit 12 Ground Floor, Onslow Parade London England N14 5JN
SKUNK GROUP LTD,16112580,active,ltd,,,2024-12-02,,2024-12-02,[62012],Suite Ra01 195-197 Wood Street London England E17 3NU
VATR LTD,16122660,active,ltd,,,2024-12-08,,2024-12-08,[41201, 41202],28 Bromley Road London England E10 7AD
EKS RENOVATIONS LTD,16156346,active,ltd,,,2024-12-30,,2024-12-30,[43290],155 Abbey Road London England NW6 4SS
GREATEST MUSIC ARTISTS LTD,16137869,active,ltd,,,2024-12-16,,2024-12-16,[90010, 90020],Unit 407 64 Pratt Street London England NW1 0DL
MIDDLEFIELD HOLDINGS LIMITED,16156431,active,ltd,,,2024-12-30,,2024-12-30,[70229],Suite 9 Dalton House London England SW19 2RR
MEXBAY VENTURES LIMITED,16118603,active,ltd,,,2024-12-04,,2024-12-04,[68100, 68209, 68320],7-15 Greatorex Street London England E1 5NF
CERA AIRCON SOLUTIONS LTD,16155136,active,ltd,,,2024-12-30,,2024-12-30,[41202],61 Springfield Mount London England NW9 0SD
ZARADEL PROPERTIES LTD,16115305,active,ltd,,,2024-12-03,,2024-12-03,[68100, 68209],39 King Edwards Road London England N9 7RN
HANELI LTD,16152493,active,ltd,,,2024-12-27,,2024-12-27,[47730],91 Cricklewood Lane London United Kingdom NW2 1HR
GAME CHANGERS GLOBAL LTD,16143458,active,ltd,,,2024-12-18,,2024-12-18,[62020, 62090],167 169 Great Portland Street London England W1W 5PF
GIBEON DEVELOPMENTS LIMITED,16134114,active,ltd,,,2024-12-13,,2024-12-13,[41100, 68100, 68209, 68320],Quill & Ledger Accounting Ltd Ability House Waltham Abbey United Kingdom EN9 1JH
WE ARE AGENTIC LTD,16133626,active,ltd,,,2024-12-13,,2024-12-13,[62012, 62020],124 City Road London England EC1V 2NX
ANGUILLARA HOLDINGS LTD,16137105,active,ltd,,,2024-12-16,,2024-12-16,[64209],85 Great Portland Street London W1W 7LT
HH ESTATES&STAYS LIMITED,16148722,active,ltd,,,2024-12-23,,2024-12-23,[68209],71-75 Shelton Street London England WC2H 9JQ
GLOBAL CERTIFICATION & INSPECTION UK LIMITED,16124450,active,ltd,,,2024-12-09,,2024-12-09,[70229, 74909],124-128 City Road London United Kingdom EC1V 2NX
ATTIC CRAFT LTD,16133594,active,ltd,,,2024-12-13,,2024-12-13,[41100, 41202, 43910],28b Wycombe Gardens London England NW11 8AL
AC MAYFAIR LTD,16111014,active,ltd,,,2024-12-01,,2024-12-01,[86220],4th Floor 33 Cavendish Square London England W1G 0PW
EMBRACE ADHD SERVICES LIMITED,16134917,active,ltd,,,2024-12-13,,2024-12-13,[70229],128 City Road London England EC1V 2NX
MEI FILMS LTD,16120523,active,ltd,,,2024-12-05,,2024-12-05,[59111],10 Ealing Village London England W5 2LY
SBDI LIMITED,16129808,active,ltd,,,2024-12-11,,2024-12-11,[63120],167-169 Great Portland Street London England W1W 5PF
KIRANOVA HOLDINGS LIMITED,16128528,active,ltd,,,2024-12-10,,2024-12-10,[64209],25 Farringdon Road London England EC1M 3HA
PARAMOUNT BUILDING SOLUTIONS LTD,16131763,active,ltd,,,2024-12-11,,2024-12-11,[41201, 41202],Flat 52 Coombe Hill House London England SW20 0AR
MACESTEEM LTD,16123012,active,ltd,,,2024-12-09,,2024-12-09,[70229, 71122, 72190, 98000],Unit 1, 9 Leonard Street London England EC2A 4BF
REDLIGHT GLOBAL LTD,16124773,active,ltd,,,2024-12-09,,2024-12-09,[47910],4 Raven Road, Unit 1c3 London United Kingdom E18 1HB
TERRATURGY LTD,16122761,active,ltd,,,2024-12-09,,2024-12-09,[58210],66 Paul Street London England EC2A 4NA
GREEN WIND OCEAN SERVICES LTD,16124212,active,ltd,,,2024-12-09,,2024-12-09,[70229],25 Gwyne House Challice Way London United Kingdom SW2 3RB
ASSET GLOBAL GROUP LTD,16132209,active,ltd,,,2024-12-12,,2024-12-12,[68310, 68320],60 Tottenham Court Road, Suite 5367a London United Kingdom W1T 2EW
HUNTER & BROWN LTD,16127518,active,ltd,,,2024-12-10,,2024-12-10,[43290, 82990],C/O Zero Villa Ltd 532 Southgate, 5th Floor The Grange London England N14 6BN
CLEAR SOLUTIONS PARTNERS LTD,16118862,active,ltd,,,2024-12-04,,2024-12-04,[70229],Office 3 Piano House London England SW9 8DJ
INVEXA LTD,16143362,active,ltd,,,2024-12-18,,2024-12-18,[45310],167-169 Great Portland Street London W1W 5PF
COMPANY THE SAHI'S LTD,16126300,active,ltd,,,2024-12-09,,2024-12-09,[47910],3173 275 New North Road London England N1 7AA
BEEBOO INTERNATIONAL LTD,16117307,active,ltd,,,2024-12-04,,2024-12-04,[79901, 85590],60 Tottenham Court Road, Suite 5360a London United Kingdom W1T 2EW
DEVOTOMY LTD,16133061,active,ltd,,,2024-12-12,,2024-12-12,[59120, 62012, 73110],60 Tottenham Court Road, Suite 5391a London United Kingdom W1T 2EW
CUENTA SOLUTIONS LTD,16156401,active,ltd,,,2024-12-30,,2024-12-30,[69201, 69202, 82990],128 City Road London England EC1V 2NX
INFIGO WORLD LTD,16129324,active,ltd,,,2024-12-10,,2024-12-10,[45112, 46720],60 Tottenham Court Road, Suite 5529a London United Kingdom W1T 2EW
METRIX E.U.K. LIMITED,16157080,active,ltd,,,2024-12-31,,2024-12-31,[47640, 93199],85 Great Portland Street London England W1W 7LT
NUVEXA AI LTD,16119231,active,ltd,,,2024-12-04,,2024-12-04,[62020],Unit B Munster Court London England W3 8UU
ELITESURGIX LTD,16142105,active,ltd,,,2024-12-18,,2024-12-18,[86220],Ramsay Brown Llp The Brentano Suite North Finchley United Kingdom N12 8QJ
PEAKXTON LIMITED,16113887,active,ltd,,,2024-12-02,,2024-12-02,[43341, 43999, 49420, 81222],10 Weddell House Duckett Street London England E1 4LT
HUSH MIDCO 2 LIMITED,16145048,active,ltd,,,2024-12-19,,2024-12-19,[64209],66 66 Paul Street London United Kingdom EC2A 4NA
HUSH TOPCO LIMITED,16144680,active,ltd,,,2024-12-19,,2024-12-19,[64209],66 Paul Street London England EC2A 4NA
GLOBAL SOUTH SOURCE SYNDICATION LIMITED,16132105,active,ltd,,,2024-12-12,,2024-12-12,[63110, 70221, 70229, 74909],71-75 Shelton Street London United Kingdom WC2H 9JQ
KGFM LIMITED,16127887,active,ltd,,,2024-12-10,,2024-12-10,[78200, 80100, 81100, 81210],Office 888 60 Tottenham Court Road London England W1T 2EW
SOUTHERN PINES SUPPLY CO LTD,16148710,active,ltd,,,2024-12-23,,2024-12-23,[62012],International House, 12 Constance Street London England E16 2DQ
T3ABC GLOBAL LTD,16157531,active,ltd,,,2024-12-31,,2024-12-31,[69201, 69202, 69203],27 Old Gloucester Street London United Kingdom WC1N 3AX
NRG PLUS LIFE CHAMBERS LTD,16154802,active,ltd,,,2024-12-30,,2024-12-30,[28990, 46690],1st Floor Gallery Court London England N3 2FG
JABBAR KHAN ENTERPRISES LIMITED,16148413,active,ltd,,,2024-12-22,,2024-12-22,[46900, 47910, 73110, 73120],33 Colville Road London England E11 4EQ
MOOZOO 01 LIMITED,16123322,active,ltd,,,2024-12-09,,2024-12-09,[46160, 46420, 47910],Suite 1262 5 Brayford Square London United Kingdom E1 0SG
POWER PROPERTIES HOLDINGS LTD,16138719,active,ltd,,,2024-12-16,,2024-12-16,[68209],Flat 4 Beach House London England SW5 9EX
SBX ACCOUNTANTS LIMITED,16117542,active,ltd,,,2024-12-04,,2024-12-04,[69201, 69202],71-75 Shelton Street London United Kingdom WC2H 9JQ
TRAP BRANDING LTD,16156265,active,ltd,,,2024-12-30,,2024-12-30,[90030, 93120, 93290],2nd Floor College House, London United Kingdom HA4 7AE
BLACKSTONE COFFEE LIMITED,16129659,active,ltd,,,2024-12-11,,2024-12-11,[56102],3rd Floor, 86-90 Paul Street London United Kingdom EC2A 4NE
LEARNFAST MEDIA LTD,16153896,active,ltd,,,2024-12-27,,2024-12-27,[58190, 63110, 85590],V420 Vox Studios London England SE11 5JH
PULSE IGNITE LTD,16118519,active,ltd,,,2024-12-04,,2024-12-04,[46160, 46180, 46190, 47910],Flat 905 8 Cutter Lane London United Kingdom SE10 0WY
CONTINENTAL VISA LTD,16149984,active,ltd,,,2024-12-23,,2024-12-23,[78109, 79110, 82990],17 Hanover Square London England W1S 1BN
MSD BUSINESS LTD,16118852,active,ltd,,,2024-12-04,,2024-12-04,[46150, 46190],72 Chase Side Enfield England EN2 6NX
PROPERTY WORKERS LTD,16150008,active,ltd,,,2024-12-23,,2024-12-23,[82990],60 Suite 5420a Tottenham Court Road London England W1T 2EW
SAVINO LTD,16126107,active,ltd,,,2024-12-09,,2024-12-09,[27510, 46390, 46439, 47540],Flat 28 William Court London England NW8 9PA
AJ PYTHON LTD,16114008,active,ltd,,,2024-12-02,,2024-12-02,[62012, 63120, 73110, 85590],14/2e Docklands Business Centre Tiller Road London England E14 8PX
SMARTEST BUSINESS SOLUTIONS LONDON" LTD,16156954,active,ltd,,,2024-12-31,,2024-12-31,[69202, 70229, 82990],Suite 207 Citygate House Business Center London United Kingdom E7 9HZ
KANDIL GROUP LIMITED,16148486,active,ltd,,,2024-12-23,,2024-12-23,[46499],17 Green Lanes Newington Green London N16 9BS
HARMONY CARE PARTNERS LTD,16141321,active,ltd,,,2024-12-17,,2024-12-17,[88990],34a Chalcot Square London England NW1 8YP
COINSWAPS LTD,16118847,active,ltd,,,2024-12-04,,2024-12-04,[62090],71-75 Shelton Street London United Kingdom WC2H 9JQ
VG REALTY LTD,16130960,active,ltd,,,2024-12-11,,2024-12-11,[82990],Office 3 Piano House London England SW9 8DJ
ADAMAS DIAMOND STUDIO LIMITED,16143615,active,ltd,,,2024-12-18,,2024-12-18,[32120],60 Tottenham Court Road, Suite 39 Fitzrovia United Kingdom W1T 2EW
KOSAKANA LTD,16149668,active,ltd,,,2024-12-23,,2024-12-23,[90030],C/O Starbridge London England EC1V 2NZ
MINI GEMS LTD,16154633,active,ltd,,,2024-12-30,,2024-12-30,[88910],18 East Bank London United Kingdom N16 5RG
STARFISH GROUP HOLDINGS LIMITED,16124009,active,ltd,,,2024-12-09,,2024-12-09,[18203, 58110, 58141, 74100],167 To 169 167 To 169 Great Portland Street London England W1W 5PF
KINETIC HUB SPV 1 LTD,16149676,active,ltd,,,2024-12-23,,2024-12-23,[41100, 41201, 68100],128 City Road London England EC1V 2NX
JBC SUSSEX LTD,16116712,active,ltd,,,2024-12-03,,2024-12-03,[56103],2nd Floor, 255-259 Commercial Rd, London United Kingdom E1 2BT
GEM EVENTS INSPIRATIONS LTD,16144666,active,ltd,,,2024-12-19,,2024-12-19,[74100, 82301, 82302, 93290],3rd Floor, 86-90 Paul Street London England EC2A 4NE
AF RIVIERA LTD,16145192,active,ltd,,,2024-12-19,,2024-12-19,[47710],101 New Cavendish Street London United Kingdom W1W 6XH
PREMIUM RETAILING LIMITED,16146280,active,ltd,,,2024-12-20,,2024-12-20,[47710],71-75 Shelton Street London United Kingdom WC2H 9JQ
INFO TECH SOFT LIMITED,16143101,active,ltd,,,2024-12-18,,2024-12-18,[62012, 63990],41 Putney High Street London England SW15 1SP
GRUPOTEC SOLAR UK 11 LIMITED,16120797,active,ltd,,,2024-12-05,,2024-12-05,[41100],Bm2s.02  Barley Mow Centre London United Kingdom W4 4PH
BLOCK REPORT LIMITED,16112510,active,ltd,,,2024-12-02,,2024-12-02,[73110],7 Carlisle Street London England W1D 3BW
N&M 1 LTD,16114692,active,ltd,,,2024-12-03,,2024-12-03,[47710, 47722, 47910],7-15 Greatorex Street London England E1 5NF
JOBAKERS LIMITED,16140297,active,ltd,,,2024-12-17,,2024-12-17,[99999],39 Featherstone Court, Featherstone Road Southall United Kingdom UB2 5GP
GIA LEEDS HOLDINGS LIMITED,16144113,active,ltd,,,2024-12-19,,2024-12-19,[64205],Broadwalk House 5 Appold Street London United Kingdom EC2A 2DA
STRUKTURERT NETTVERK LIMITED,16150424,active,ltd,,,2024-12-23,,2024-12-23,[99999],27 Old Gloucester Street London United Kingdom WC1N 3AX
FOREFRONT RETAIL LTD,16118746,active,ltd,,,2024-12-04,,2024-12-04,[47110, 47240, 47250],38c London Road London England SW17 9HP
HENNINGS EL-SPARK VERKSTED LIMITED,16116500,active,ltd,,,2024-12-03,,2024-12-03,[99999],27 Old Gloucester Street London United Kingdom WC1N 3AX
ZOLTECS SWEDEN LIMITED,16132326,active,ltd,,,2024-12-12,,2024-12-12,[99999],27 Old Gloucester Street London United Kingdom WC1N 3AX
NJ CONTRACTORS LIMITED,16139279,active,ltd,,,2024-12-16,,2024-12-16,[43290],132 Thorold Road Ilford England IG1 4EY
POPPYHARP LTD,16141858,active,ltd,,,2024-12-18,,2024-12-18,[59200, 85520, 90010, 94990],87 London Road Waterlooville United Kingdom PO8 8XB
FUTURES ESTATES LIMITED,16140727,active,ltd,,,2024-12-17,,2024-12-17,[68100, 68209, 68320],Dept 5710 196 High Road Wood Green N22 8HH
CLUB SAUCE LIMITED,16120940,active,ltd,,,2024-12-05,,2024-12-05,[62090],71-75 Shelton Street London England WC2H 9JQ
SCHOLAR SPACE CONSULTANCY LTD,16157773,active,ltd,,,2024-12-31,,2024-12-31,[85600],34 Park Grove Road London E11 4PU
BYRNE INVESTMENTS LONDON LTD,16131201,active,ltd,,,2024-12-11,,2024-12-11,[74990],22 Chancery Lane London United Kingdom WC2A 1LS
TARAS INVESTMENTS LTD,16144633,active,ltd,,,2024-12-19,,2024-12-19,[64209, 68100, 68209],71-75 Shelton Street London United Kingdom WC2H 9JQ
SKYROS SIGNATURE ESTATES LTD,16147654,active,ltd,,,2024-12-20,,2024-12-20,[64209, 68100],167 - 169 Great Portland Street London England W1W 5PF
VALESTONE HOLDINGS LTD,16146661,active,ltd,,,2024-12-20,,2024-12-20,[64209, 70100],20 Wenlock Road London England N1 7GU
CHAOS AI LTD,16137157,active,ltd,,,2024-12-16,,2024-12-16,[62020],131 Finsbury Pavement London United Kingdom EC2A 1NT
YAHWAY SECURITY SERVICES (YSS) LIMITED,16157811,active,ltd,,,2024-12-31,,2024-12-31,[80100],26 Dean Road London SE28 8SB
ILLUMIFI ADVISORY LTD,16118269,active,ltd,,,2024-12-04,,2024-12-04,[62090],167-169 Great Portland Street London England W1W 5PF
CRABKIDS LONDON LTD,16154383,active,ltd,,,2024-12-29,,2024-12-29,[46420, 47710, 47721, 47910],86-90 Paul Street London England EC2A 4NE
E K C EGYPTIAN KEBAB LTD,16148228,active,ltd,,,2024-12-22,,2024-12-22,[56103],77 Chelsea Bridge Road London England SW1W 8RQ
DEEN MEDIA HOUSE LIMITED,16156837,active,ltd,,,2024-12-31,,2024-12-31,[56210, 59112, 73200, 93290],51 Granary Road London United Kingdom E1 5DE
ROOT CONSULTANCY LIMITED,16116201,active,ltd,,,2024-12-03,,2024-12-03,[70229],167-169 Great Portland Street London England W1W 5PF
INSPIRA HPA1 LIMITED,16120446,active,ltd,,,2024-12-05,,2024-12-05,[77310],86-90 Paul Street London England EC2A 4NE
NPW ECHO LTD,16129619,active,ltd,,,2024-12-11,,2024-12-11,[64205],6th Floor 3 Valentine Place London United Kingdom SE1 8QH
HAYSTACK DATING LTD,16142345,active,ltd,,,2024-12-18,,2024-12-18,[79909],Haystack Dating Ltd London E1 0SG
COLD GLASS PRODUCTIONS LIMITED,16149516,active,ltd,,,2024-12-23,,2024-12-23,[73110],55-56 Russell Square London England WC1B 4HP
2QBIT LTD,16139657,active,ltd,,,2024-12-17,,2024-12-17,[62020],87 Chancery Lane London United Kingdom WC2A 1ET
REDIECAPITAL LTD,16147624,active,ltd,,,2024-12-20,,2024-12-20,[70229],66 Paul Street London England EC2A 4NA
LE FUR LTD,16133563,active,ltd,,,2024-12-12,,2024-12-12,[46160, 47910, 96090],Room 321 The Engine Room London United Kingdom SW11 8BZ
AL-MANSOOR LTD,16149024,active,ltd,,,2024-12-23,,2024-12-23,[47910],53 Harrowby Street London England W1H 5EQ
DIGITAL CREATOR GROUP LTD,16145352,active,ltd,,,2024-12-19,,2024-12-19,[59112, 62090],167 - 169 Great Portland Street London England W1W 5PF
ANEESAH'S AESTHETICS LTD,16149344,active,ltd,,,2024-12-23,,2024-12-23,[99999],398 London Road Carlisle United Kingdom CA1 3ER
UAS LONDON LIMITED,16148461,active,ltd,,,2024-12-23,,2024-12-23,[50100, 52220, 70229, 71122],10-16 Tiller Road London England E14 8PX
OLIVE TREE COLLECTIVE LTD,16156344,active,ltd,,,2024-12-30,,2024-12-30,[47190],71-75 Shelton Street London United Kingdom WC2H 9JQ
PARACELSUS INNOVATION LIMITED,16140012,active,ltd,,,2024-12-17,,2024-12-17,[71122],71-75 Shelton Street Covent Garden United Kingdom WC2H 9JQ
CMSS CONSULTING LTD,16157725,active,ltd,,,2024-12-31,,2024-12-31,[96020],71-75 Shelton Street London United Kingdom WC2H 9JQ
AVRP LTD,16157790,active,ltd,,,2024-12-31,,2024-12-31,[59200, 90030],12 Reservoir Road London England SE4 2NU
ELEVAR GROUP LTD,16139603,active,ltd,,,2024-12-17,,2024-12-17,[78109],81 Rivington Street London England EC2A 3AY
VDC RENTALS LTD,16154855,active,ltd,,,2024-12-30,,2024-12-30,[99999],20 Wenlock Road London England N1 7GU
SHIHON SEISAKU ADVISORS LTD,16129665,active,ltd,,,2024-12-11,,2024-12-11,[70229],65 London Wall 65 London Wall London United Kingdom EC2M 5TU
WALKSTONE HOLDINGS UK LIMITED,16119554,active,ltd,,,2024-12-05,,2024-12-05,[62090, 64209, 64999],5 Brayford Square London England E1 0SG
DOCAN SOLUTIONS LTD,16142428,active,ltd,,,2024-12-18,,2024-12-18,[62090],18 The Power Station London England SW11 8BZ
KATSU BOYZ LIMITED,16142995,active,ltd,,,2024-12-18,,2024-12-18,[56103],Flat 1, 42a Powis Street London England SE18 6LQ
ELEV8 MASTERMIND LTD,16126197,active,ltd,,,2024-12-09,,2024-12-09,[70229, 82990, 96090],128 City Road London United Kingdom EC1V 2NX
FLIGHT GUARDIANS VIP LTD,16141664,active,ltd,,,2024-12-18,,2024-12-18,[52230],167-169 Great Portland Street London United Kingdom W1W 5PF
BUZZTRAIL LTD,16113501,active,ltd,,,2024-12-02,,2024-12-02,[59112, 59132],Flat 1d, William Blake House London United Kingdom SW11 3AD
TOMFEAH LTD,16144618,active,ltd,,,2024-12-19,,2024-12-19,[62090, 63120, 82990],128 City Road London United Kingdom EC1V 2NX
DEMAXOLA LTD,16156822,active,ltd,,,2024-12-31,,2024-12-31,[64203],71-75 Shelton Street London United Kingdom WC2H 9JQ
VERTABOXX2 LTD,16153477,active,ltd,,,2024-12-27,,2024-12-27,[47910],5 Brayford Square London United Kingdom E1 0SG
WARDWISE LTD,16126590,active,ltd,,,2024-12-09,,2024-12-09,[85600],2nd Floor College House Ruislip, United Kingdom HA4 7AE
CLOSER DREAMS LTD,16158029,active,ltd,,,2024-12-31,,2024-12-31,[59111, 90020, 90030],Flat 1, Syon Court Brentford England TW8 8JS
ROSA VELARE LTD,16129652,active,ltd,,,2024-12-11,,2024-12-11,[62012],71-75 Shelton Street London United Kingdom WC2H 9JQ
HRS EXECUTIVE RECRUITMENT GROUP LIMITED,16139067,active,ltd,,,2024-12-16,,2024-12-16,[78300],1 Canada Square London England E14 5AA
SPOTLESSSOLUTIONSUK LTD,16117383,active,ltd,,,2024-12-04,,2024-12-04,[81299],2 Greycoat Place London SW1P 1SB
THE REAL BOMBAY FOOD LIMITED,16151478,active,ltd,,,2024-12-24,,2024-12-24,[56103],83 Mitcham Road London England SW17 9PD
CIMENUK LTD,16134304,active,ltd,,,2024-12-13,,2024-12-13,[47910],24-26 Arcadia Avenue, Fin009 London United Kingdom N3 2JU
MONEYLIFT LIMITED,16132120,active,ltd,,,2024-12-12,,2024-12-12,[62012, 62090, 63110, 63120],128 City Road London United Kingdom EC1V 2NX
EQUITY SURVEYORS LIMITED,16128861,active,ltd,,,2024-12-10,,2024-12-10,[68310, 74909],124 City Road London United Kingdom EC1V 2NX
ANQA HOLDINGS (UK) LTD,16126378,active,ltd,,,2024-12-09,,2024-12-09,[62012],10 York Road London England SE1 7ND
MUTLU CONSULT LTD,16133174,active,ltd,,,2024-12-12,,2024-12-12,[47770, 47910, 74909],17 Tennyson House 7 Culford Gardens London England SW3 2SX
RANI'S CLUB LTD,16146604,active,ltd,,,2024-12-20,,2024-12-20,[47990, 90030],71-75 Shelton Street London United Kingdom WC2H 9JQ
HARD HAT WORX LTD,16144776,active,ltd,,,2024-12-19,,2024-12-19,[41201, 41202],Suite 65 Churchill House London United Kingdom NW4 4DJ
RAW SPORT CLUB LTD,16117399,active,ltd,,,2024-12-04,,2024-12-04,[47710],128 City Road London United Kingdom EC1V 2NX
KINETIC BUSINESS BROKERS LTD,16130793,active,ltd,,,2024-12-11,,2024-12-11,[64209, 70229],71-75 Shelton Street London United Kingdom WC2H 9JQ
EVR FRANCHISE LTD,16131095,active,ltd,,,2024-12-11,,2024-12-11,[75000, 77400],First Floor London England EC4M 7RD
SQUIGGLE BEAM LTD,16131419,active,ltd,,,2024-12-11,,2024-12-11,[32990, 47910],128 City Road London United Kingdom EC1V 2NX
TRAILBLAZERS SOLUTION LTD,16127603,active,ltd,,,2024-12-10,,2024-12-10,[68100, 68209],124 City Road London England EC1V 2NX
VANZA PROPERTIES LTD,16142341,active,ltd,,,2024-12-18,,2024-12-18,[68209, 68320, 81210],128 City Road London United Kingdom EC1V 2NX
SANITY CHECK GAMES LTD,16153020,active,ltd,,,2024-12-27,,2024-12-27,[47650, 58210, 63120],47 Rowan Apartments Seven Sisters Road London United Kingdom N4 1FS
GLOBAL ASPIRE VENTURES LTD,16144287,active,ltd,,,2024-12-19,,2024-12-19,[64301, 68100, 96020, 96030],Suite Ra01 195-197 Wood Street London England E17 3NU
ITS66 LTD,16134726,active,ltd,,,2024-12-13,,2024-12-13,[43210, 43390, 62020],10 Whitechapel High St, London E1 8qs London England E1 8QS
EFS FIRE DOORS LTD,16113073,active,ltd,,,2024-12-02,,2024-12-02,[32990],A4g Suite Nepicar House Wrotham Heath United Kingdom TN15 7RS
FLY SYSTEM UK LTD,16120740,active,ltd,,,2024-12-05,,2024-12-05,[46520, 62012, 69109, 70229],141-142 Lower Marsh Road, Office No. 301 London United Kingdom SE1 7EA
MKD ROOFING & PROPERTY LTD,16116918,active,ltd,,,2024-12-04,,2024-12-04,[43910],124 City Road London England EC1V 2NX
GODAVARI RESTAURANTS LTD,16120497,active,ltd,,,2024-12-05,,2024-12-05,[56101, 56102, 56103, 56210],315 High Street North London England E12 6SL
ROHATI LTD,16124080,active,ltd,,,2024-12-09,,2024-12-09,[33170, 49410],16 Charles Bennet Court London England E13 0FE
ATOMARK LTD,16151573,active,ltd,,,2024-12-24,,2024-12-24,[47910],Suite 5435a 399-405 Oxford Street London England W1C 2BU
HAPPY NEST CO-LIVING LTD,16122612,active,ltd,,,2024-12-08,,2024-12-08,[68100, 68209],71-75 Shelton Street London United Kingdom WC2H 9JQ
RAPID CLAIM SOLUTIONS LTD,16156818,active,ltd,,,2024-12-31,,2024-12-31,[45200, 52103, 77110, 82990],2a Canal Way London England W10 5AZ
BRICK SYSTEMS UK LTD,16133565,active,ltd,,,2024-12-13,,2024-12-13,[62090, 70210, 77390],International House 10 Beaufort Court London England E14 9XL
LEOMIND LABS LTD,16131306,active,ltd,,,2024-12-11,,2024-12-11,[62012, 62020],276 Chase Road London England N14 6HA
LAYERISYS TECHNOLOGIES LTD,16144396,active,ltd,,,2024-12-19,,2024-12-19,[62012, 62020, 63120, 72190],Lord Kensington House, Flat 59 London England W14 8BU
REBUILD WIRRAL LIMITED,16126998,active,ltd,,,2024-12-09,,2024-12-09,[41100],Seymour Chambers Liverpool England L3 5NW
TTCO LTD,16153845,active,ltd,,,2024-12-27,,2024-12-27,[56102, 82990],1a Dalling Road London England W6 0JD
FRESHTECHVENTURES LTD,16111077,active,ltd,,,2024-12-01,,2024-12-01,[78109],50, Lygon House London Road Bromley England BR1 3RA
LONDON CONNECT BRAZIL TOURS LTD,16124131,active,ltd,,,2024-12-09,,2024-12-09,[52290],C/O Tn London Accountancy, Office 303 London England E8 1HE
HALO SYSTEMS LTD.,16135447,active,ltd,,,2024-12-13,,2024-12-13,[43330],128 City Road London United Kingdom EC1V 2NX
MONDEJAR GALLERY LTD,16144977,active,ltd,,,2024-12-19,,2024-12-19,[47781],167-169 Great Portland Street, Fifth Floor Great Portland Street London England W1W 5PF
LARGE M LIMITED,16154937,active,ltd,,,2024-12-30,,2024-12-30,[62020],142 Downton Avenue London England SW2 3TT
VIOLETTA STAR LINK LTD,16147097,active,ltd,,,2024-12-20,,2024-12-20,[46520, 46900, 59112],Regus London England WC1H 0AF
ESN COMMERCE LTD,16133705,active,ltd,,,2024-12-13,,2024-12-13,[47910],4 Raven Road, Unit 1c3-569 London United Kingdom E18 1HB
MODERN LANGUAGE LESSONS LIMITED,16132894,active,ltd,,,2024-12-12,,2024-12-12,[85590],5 Belvedere Buildings London England SE1 0DQ
BLENBROOK LIMITED,16151465,active,ltd,,,2024-12-24,,2024-12-24,[70210, 70229],167-169 Great Portland Street London England W1W 5PF
TAL TRADING SYSTEMS LIMITED,16136247,active,ltd,,,2024-12-14,,2024-12-14,[62020],167-169 Great Portland Street London England W1W 5PF
HARP & CROWN VENTURES LTD,16117862,active,ltd,,,2024-12-04,,2024-12-04,[62020, 62090, 63110, 69202],71-75 Shelton Street London United Kingdom WC2H 9JQ
KWALUX LTD,16119499,active,ltd,,,2024-12-05,,2024-12-05,[82990],Southgate Office Village 286-A Chase Road London England N14 6HF
TERRAFIRMA VP LIMITED,16130723,active,ltd,,,2024-12-11,,2024-12-11,[62020],29 Rowlands Avenue Pinner England HA5 4DF
BROADGATE SQUARE LTD,16143336,active,ltd,,,2024-12-18,,2024-12-18,[70229],3rd Floor, 86-90 Paul Street London England EC2A 4NE
LONDON MIND RISE - PSYCHOTHERAPY AND MENTAL HEALTH CONSULTANCY LTD,16126186,active,ltd,,,2024-12-09,,2024-12-09,[86900],71-75 Shelton Street London England WC2H 9JQ
COFFEES CLUB LTD,16121876,active,ltd,,,2024-12-08,,2024-12-08,[47910],167-169 Great Portland Street London W1W 5PF
DILPREET LTD,16153517,active,ltd,,,2024-12-27,,2024-12-27,[47910, 47990],85 Great Portland Street London W1W 7LT
RICHWAY LIMITED,16117019,active,ltd,,,2024-12-04,,2024-12-04,[68209],2 Leman Street London United Kingdom E1W 9US
QUANTICFX LTD,16115637,active,ltd,,,2024-12-03,,2024-12-03,[62012, 62020, 70229],128 City Road London United Kingdom EC1V 2NX
REDBOX RECORDS LTD,16119576,active,ltd,,,2024-12-05,,2024-12-05,[59112, 59132, 59200],12 Cleaverholme Close London SE25 5HF
CHAPAR EXPRESS LTD,16157308,active,ltd,,,2024-12-31,,2024-12-31,[51210, 52219, 53100, 53202],Office 11 Niddry Lodge London W8 7JB
MOWRIA LTD,16152548,active,ltd,,,2024-12-27,,2024-12-27,[79110, 79120, 79901, 79909],Mowria Ltd, Regus Barking, Jhumat House Greater London United Kingdom IG11 8BB
MOONGLAZE COSMETICS LIMITED,16114508,active,ltd,,,2024-12-03,,2024-12-03,[46450],141-142 Lower Marsh Road London, Waterloo United Kingdom SE1 7AE
COINKICK LIMITED,16120977,active,ltd,,,2024-12-05,,2024-12-05,[62011],71-75 Shelton Street London United Kingdom WC2H 9JQ
EDEVIYE LTD,16150200,active,ltd,,,2024-12-23,,2024-12-23,[47910],Unit 1c3-578 4 Raven Road London England E18 1HB
SYNCXWORLD LTD,16134593,active,ltd,,,2024-12-13,,2024-12-13,[45111, 45112, 47910, 47990],132 Studland Road London England W7 3QZ
INFINITE BEAUTY GLOW LTD,16151119,active,ltd,,,2024-12-24,,2024-12-24,[96020],42 Great Cumberland Place London W1H 7TP
TUKO COFFEE HOLDINGS LIMITED,16132826,active,ltd,,,2024-12-12,,2024-12-12,[46370],71-75 Shelton Street London United Kingdom WC2H 9JQ
BENITH RECRUITMENT GROUP LIMITED,16158071,active,ltd,,,2024-12-31,,2024-12-31,[78200],Unit L, Reliance Wharf London England N1 5EW
ZUGO TECHNOLOGY LIMITED,16116896,active,ltd,,,2024-12-04,,2024-12-04,[62090],1 Royal Exchange Avenue London England EC3V 3LT
MARBLE HOMESTONES LTD,16114164,active,ltd,,,2024-12-02,,2024-12-02,[23700, 43290],342 Streatham High Road London United Kingdom SW16 6HH
CALAA LAB GROUP LIMITED,16120658,active,ltd,,,2024-12-05,,2024-12-05,[62011, 62012, 62020, 62090],60 Tottenham Court Road Suite 5341a London United Kingdom W1T 2EW
HOLMAN’S TECH SOLUTIONS LTD,16155360,active,ltd,,,2024-12-30,,2024-12-30,[74100],128 City Road London United Kingdom EC1V 2NX
KIWI COMMISSIONING SERVICES LTD,16120285,active,ltd,,,2024-12-05,,2024-12-05,[43999],C/O Hard Hat Group London England EC1V 2NZ
CODERACLE LTD,16154710,active,ltd,,,2024-12-30,,2024-12-30,[62012],60 Tottenham Court Road, Suite 5437a London United Kingdom W1T 2EW
HINDSIGHT RECRUITMENT LTD,16121363,active,ltd,,,2024-12-05,,2024-12-05,[78109, 78200],60 Tottenham Court Road, Suite 5317a London United Kingdom W1T 2EW
NUTRIZQ SUPPLEMENTS LIMITED,16152466,active,ltd,,,2024-12-27,,2024-12-27,[10890, 46900, 47910, 86900],71-75 Shelton Street London England WC2H 9JQ
HEYGATE ESTATE LIMITED,16143559,active,ltd,,,2024-12-18,,2024-12-18,[82990],5 China Hall Mews London England SE16 2XN
AGENDA SCREENING SERVICES LIMITED,16114332,active,ltd,,,2024-12-03,,2024-12-03,[82990],167-169 Great Portland Street London England W1W 5PF
XAICARE LTD,16126637,active,ltd,,,2024-12-09,,2024-12-09,[63120, 86210, 86220, 86900],9th Floor 107 Cheapside London United Kingdom EC2V 6DN
DAWA TRADING LTD,16151533,active,ltd,,,2024-12-24,,2024-12-24,[46450, 46460, 47750],Office 338 Unit 5, 399-405 Oxford Street London United Kingdom W1C 2BU
JVT VENTURES LIMITED,16145550,active,ltd,,,2024-12-19,,2024-12-19,[68100],167-169 Great Portland Street, 5th Floor London England W1W 5PF
THE HEATHWAY PUB LTD,16124119,active,ltd,,,2024-12-09,,2024-12-09,[56302],Flat 2 335 Markhouse Road Markhouse Road London England E17 8EE
IPG PLUS LIMITED,16122890,active,ltd,,,2024-12-09,,2024-12-09,[82990],167-169 Great Portland Street London England W1W 5PF
HUNTER CREATIVE LTD,16134916,active,ltd,,,2024-12-13,,2024-12-13,[59200],22 Crewdson Road London England SW9 0LJ
CHISWICK CUT HAIRSTYLE LTD,16116757,active,ltd,,,2024-12-03,,2024-12-03,[96020],1 Bridge House London England NW10 3NR
WELDKEY PRODUCTIONS LTD,16125653,active,ltd,,,2024-12-09,,2024-12-09,[59112],130a Kingston Road Kingston Road London England SW19 1LY
CLIMSEN LTD,16129031,active,ltd,,,2024-12-10,,2024-12-10,[66120, 66300, 70229, 74901],Millenium Village Child Lane London England SE10 0PZ
BIG TIME HOLDINGS LIMITED,16141789,active,ltd,,,2024-12-18,,2024-12-18,[64209],167-169 Great Portland Street London England W1W 5PF
KOMEALS LTD,16144099,active,ltd,,,2024-12-19,,2024-12-19,[10890],C/O 28 Lynmouth Road London England N16 6XL
ABRACO FREEHOLDS LTD,16154412,active,ltd,,,2024-12-29,,2024-12-29,[68209],4th Floor, Silverstream House London England W1T 6EB
HANA HOUSING GROUP LIMITED,16145308,active,ltd,,,2024-12-19,,2024-12-19,[68320, 87900],Unit 9 Timberwharf Road London United Kingdom N16 6DB
M2F ASSOCIATES LTD,16118317,active,ltd,,,2024-12-04,,2024-12-04,[85600],174 (Ground Floor) Cannon Street Road London England E1 2LH
GLOBAL EMIGRATE LTD,16153366,active,ltd,,,2024-12-27,,2024-12-27,[85590],47 Shrewsbury Road London England E7 8AJ
POLARSTAR GLOBAL LTD,16139647,active,ltd,,,2024-12-17,,2024-12-17,[46900],66 Paul Street London England EC2A 4NA
BEE BRIGHT VA SERVICES LIMITED,16152392,active,ltd,,,2024-12-27,,2024-12-27,[82110],Office  19876 182-184 High Street North London England E6 2JA
BLUEPINE SERVICES LTD,16118440,active,ltd,,,2024-12-04,,2024-12-04,[68209],Strand Level, Shell Mex House London England WC2R 0DT
MIND AND MOTION CLAPHAM LIMITED,16115866,active,ltd,,,2024-12-03,,2024-12-03,[93130],310 High Road London England N22 8JR
EROSE LTD,16146032,active,ltd,,,2024-12-20,,2024-12-20,[10710, 56101, 56102, 56103],66 Paul Street London England EC2A 4NE
PANCA LTD,16151044,active,ltd,,,2024-12-24,,2024-12-24,[71112],205 Building B4 Soames Walk England SE10 0BN
HAMEED'S BUTCHERS LTD,16116841,active,ltd,,,2024-12-04,,2024-12-04,[46320, 47220],72 Halliwick Road London England N10 1AB
NIL GROUP LTD,16142178,active,ltd,,,2024-12-18,,2024-12-18,[41201, 41202],160 High Road Leytonstone London England E15 1UA
90 ADMIN HUB. LTD,16124209,active,ltd,,,2024-12-09,,2024-12-09,[70229, 82990],97 97 Carshalton Road London England SM1 4LL
DIGIDOO LTD,16138756,active,ltd,,,2024-12-16,,2024-12-16,[62012, 73110, 82990, 93290],167-169 Great Portland Street London W1W 5PF
AFROISM LIMITED,16136575,active,ltd,,,2024-12-15,,2024-12-15,[47910],66 Paul Street London England EC2A 4NA
GLOBAL COMMUNITY MEDIA SOLUTIONS LTD,16155063,active,ltd,,,2024-12-30,,2024-12-30,[73110],Unit 8 Holles House London England SW9 7AP
DY SERVICES LTD,16115035,active,ltd,,,2024-12-03,,2024-12-03,[81210],271a Whitechapel Road London E1 1BY
IAB AGENCY LIMITED,16141056,active,ltd,,,2024-12-17,,2024-12-17,[68100],1st Floor 104 Oxford Street Fitzrovia United Kingdom W1D 1LP
FISCAL HOLDINGS LTD,16142910,active,ltd,,,2024-12-18,,2024-12-18,[64999],20 Ironmonger Lane, London, England, London England EC2V 8EP
SALTANDSHAIKH LTD,16133631,active,ltd,,,2024-12-13,,2024-12-13,[63990, 73110],The Limes London England N20 9HR
NESTLORD ESTATES LTD,16151408,active,ltd,,,2024-12-24,,2024-12-24,[68209, 68320],21 Reculver Mews London England N18 2QY
LONGTERM COLAB LIMITED,16139661,active,ltd,,,2024-12-17,,2024-12-17,[70229],Capital Office London England EC1V 2NX
80 TOLLINGTON PARK FREEHOLD LIMITED,16142841,active,ltd,,,2024-12-18,,2024-12-18,[98000],80 Tollington Park London United Kingdom N4 3RG
HEART UP INVESTMENT LTD,16146767,active,ltd,,,2024-12-20,,2024-12-20,[64209, 68100],C/O Pini Franco Llp, 12th Floor London England EC3R 7AA
INDUS TECHNOLOGIES LTD,16155316,active,ltd,,,2024-12-30,,2024-12-30,[62012],Flat 4, Cathedral Lodge London United Kingdom EC1A 4JE
SIMONE’S CARE SOLUTIONS LTD,16128034,active,ltd,,,2024-12-10,,2024-12-10,[86102],17 Manor Estate London England SE16 3NP
PULSARIO TRADE NETWORK LTD,16150891,active,ltd,,,2024-12-24,,2024-12-24,[46190, 46900, 52219, 82990],Dept 6515 196 High Road London England N22 8HH
PW ROOFING LTD,16138204,active,ltd,,,2024-12-16,,2024-12-16,[43910],Suite G04 1 Quality Court, Chancery Lane London England WC2A 1HR
PAY TEN PAYMENT SERVICES PROVIDER LIMITED,16149515,active,ltd,,,2024-12-23,,2024-12-23,[82990],75 King William Street London England EC4N 7BE
MODAVOLT SERVICES INTERNATIONAL LTD,16141941,active,ltd,,,2024-12-18,,2024-12-18,[46520, 47421, 82990],Unit 116, The Light Bulb London England SW18 4GQ
YAXARE LTD,16132971,active,ltd,,,2024-12-12,,2024-12-12,[10831, 46370],128 City Road London EC1V 2NX
AURUM PRIME SERVICES LTD,16151019,active,ltd,,,2024-12-24,,2024-12-24,[81210, 81299, 81300],66 Paul Street London England EC2A 4NA
DECOMPRESS LONDON LTD,16155892,active,ltd,,,2024-12-30,,2024-12-30,[47910, 96020],167 To 169 Great Portland Street 5th Floor London England W1W 5PF
EASTERN TRADE IMPORT AND EXPORT LTD,16131046,active,ltd,,,2024-12-11,,2024-12-11,[46180, 46190, 46900, 52290],6 Berber Parade London England SE18 4GB
SHAOXING YUGUANG HOME TEXTILE CO., LTD,16151310,active,ltd,,,2024-12-24,,2024-12-24,[46160, 46190, 46410, 46420],41 Devonshire Street Ground Floor Office 1 London United Kingdom W1G 7AJ
SALCETTE REMODELLING COMPANY LIMITED,16133179,active,ltd,,,2024-12-12,,2024-12-12,[68209],C/O Richmond Gatehouse Leigh-On-Sea England SS9 3JP
BEAUTY EX-PORTER LIMITED,16113295,active,ltd,,,2024-12-02,,2024-12-02,[46900],7 Bell Yard London WC2A 2JR
BAYUTI SPV 4 LIMITED,16121341,active,ltd,,,2024-12-05,,2024-12-05,[68100],809 Salisbury House 29 Finsbury Circus London United Kingdom EC2M 7AQ
ANIMAL LONDON INNOVATION LTD,16152754,active,ltd,,,2024-12-27,,2024-12-27,[62020],4th Floor Office London England W1B 4HB
QUANTILLION LIMITED,16130489,active,ltd,,,2024-12-11,,2024-12-11,[62012, 62020, 62090, 64991],167-169 Great Portland Street London United Kingdom W1W 5PF
SHEDINBURGH SHOWS LIMITED,16156774,active,ltd,,,2024-12-31,,2024-12-31,[90020],75b Downs Road London England E5 8DS
TANDEM PIZZA LTD,16118652,active,ltd,,,2024-12-04,,2024-12-04,[56101],International House London England W6 8JA
CREATE CATALYST LTD,16150659,active,ltd,,,2024-12-23,,2024-12-23,[62020, 73110],86 Ansell Road London England SW17 7LT
SODIUM GROUPS LIMITED,16150768,active,ltd,,,2024-12-24,,2024-12-24,[62020],14/2e Docklands Business Centre Tiller Road London England E14 8PX
YETER PROPERTY HOLDING LTD,16112016,active,ltd,,,2024-12-02,,2024-12-02,[68100, 68320],37 London Fields East Side London United Kingdom E8 3SA
MEGAPERKS LIMITED,16156734,active,ltd,,,2024-12-31,,2024-12-31,[94990],20 Wenlock Road London England N1 7GU
BRAND HAUS LIMITED,16130322,active,ltd,,,2024-12-11,,2024-12-11,[46470, 47599],3rd Floor Suite London England W1B 3HH
CORE RECYCLING LTD,16121257,active,ltd,,,2024-12-05,,2024-12-05,[43910],637b Nash House Old Oak Lane London England NW10 6FB
SZ FINANCIAL SERVICES LTD,16147085,active,ltd,,,2024-12-20,,2024-12-20,[64922, 64999, 66220],5 Kimberley Road London England NW6 7SG
SECRED BEAUTY LTD,16140684,active,ltd,,,2024-12-17,,2024-12-17,[96020],20 Wenlock Road London England N1 7GU
GKA LOCKS SOLUTIONS LTD,16153962,active,ltd,,,2024-12-28,,2024-12-28,[45200, 96090],27 South Rise Way London England SE18 7PG
MEILK LTD,16126941,active,ltd,,,2024-12-09,,2024-12-09,[47910],124 City Road London England EC1V 2NX
BLUSIDE LIMITED,16118392,active,ltd,,,2024-12-04,,2024-12-04,[59112, 73110],124 City Road, London City Road London England EC1V 2NX
CLARLIEN LIMITED,16137520,active,ltd,,,2024-12-16,,2024-12-16,[64209],1-2 Charterhouse Mews London United Kingdom EC1M 6BB
PRIME FACILITIES SOLUTIONS LTD,16133367,active,ltd,,,2024-12-12,,2024-12-12,[96090],4th Floor, Silverstream House 45 Fitzroy Street London England W1T 6EB
ONE STOP BUSINESS ENERGY UK LIMITED,16146059,active,ltd,,,2024-12-20,,2024-12-20,[82990],3 Hanbury Drive London England E11 1GA
PROJIRO LTD,16119484,active,ltd,,,2024-12-05,,2024-12-05,[62012, 62020, 63120, 74100],12 Fusion Apartments Moulding Lane London England SE14 6BG
RIGEL BIDCO LIMITED,16140563,active,ltd,,,2024-12-17,,2024-12-17,[64209],100 Wood Street London England EC2V 7AN
STRIPE AND ZEST LIMITED,16150378,active,ltd,,,2024-12-23,,2024-12-23,[96040],C/O Esdg Accountancy Ltd London United Kingdom SE3 0TN
E8 MOTORS LTD,16122463,active,ltd,,,2024-12-08,,2024-12-08,[45200],28 Elvendon Road London England N13 4SJ
ASCENSA LTD,16122480,active,ltd,,,2024-12-08,,2024-12-08,[70229],126 St. John's Way London United Kingdom N19 3RN
IMPERIO LAUNCH LTD,16122541,active,ltd,,,2024-12-08,,2024-12-08,[70229],100b Perry Rise London United Kingdom SE23 2QP
COWORK CLUB NOTTINGHAM LTD,16122879,active,ltd,,,2024-12-09,,2024-12-09,[68100],71-75 Shelton Street London United Kingdom WC2H 9JQ
BLESSING HOLDING LTD,16123204,active,ltd,,,2024-12-09,,2024-12-09,[47410, 47910, 62012, 62020],20 Wenlock Road London England N1 7GU
DRYLINING DEVELOPMENTS LTD,16123908,active,ltd,,,2024-12-09,,2024-12-09,[43310, 43999],23a The Precinct Waterlooville United Kingdom PO7 7DT
KHERA PROPERTY PARTNERS LTD,16123902,active,ltd,,,2024-12-09,,2024-12-09,[68100, 68201, 68209, 68320],20 Wenlock Road London England N1 7GU
SPIRE OUTCOMES LIMITED,16123901,active,ltd,,,2024-12-09,,2024-12-09,[74909],20 Wenlock Road London England N1 7GU
BLUE CLOUD LTD,16123916,active,ltd,,,2024-12-09,,2024-12-09,[56102],124 City Road London United Kingdom EC1V 2NX
PRODUCT REACTION LTD,16123928,active,ltd,,,2024-12-09,,2024-12-09,[46170],1 6a Durweston Mews London United Kingdom W1U 6DF
BISO ECOMMERCE LTD,16125263,active,ltd,,,2024-12-09,,2024-12-09,[47910],128 City Road London United Kingdom EC1V 2NX
SWIFTRSERVICE LTD,16125261,active,ltd,,,2024-12-09,,2024-12-09,[69201, 69202, 69203, 70221],128 City Road London United Kingdom EC1V 2NX
WRST LTD.,16125236,active,ltd,,,2024-12-09,,2024-12-09,[59132, 59200, 90010, 90030],71-75 Shelton Street London United Kingdom WC2H 9JQ
FOHMBU ADVISORY LTD,16125731,active,ltd,,,2024-12-09,,2024-12-09,[82990],C/O D S Burge And Co Ltd London United Kingdom SW19 4DW
SERVICEMATCH LTD,16125701,active,ltd,,,2024-12-09,,2024-12-09,[82990],85 Great Portland Street London England W1W 7LT
VPENSION LTD,16125710,active,ltd,,,2024-12-09,,2024-12-09,[64999],71-75 Shelton Street London United Kingdom WC2H 9JQ
SPARCLEY LTD,16125713,active,ltd,,,2024-12-09,,2024-12-09,[62090],Suite 3 567 Fulham Road London England SW6 1ES
PINAKINE GROUP LIMITED,16125698,active,ltd,,,2024-12-09,,2024-12-09,[64209],134 Buckingham Palace Road London England SW1W 9SA
ORINIX LTD,16125694,active,ltd,,,2024-12-09,,2024-12-09,[62012, 62020, 62090, 63110],71-75 Shelton Street London United Kingdom WC2H 9JQ
WHETSTONE PIZZA & PASTA LTD,16126311,active,ltd,,,2024-12-09,,2024-12-09,[56103],2 Athenaeum Road London United Kingdom N20 9AE
SATICO LIMITED,16118919,active,ltd,,,2024-12-04,,2024-12-04,[70229],124 City Road London England EC1V 2NX
BLUE ARK CYBER LTD,16126269,active,ltd,,,2024-12-09,,2024-12-09,[62020],Door London United Kingdom SE13 5DG
VIANDE FARRALEOS LIMITED,16126290,active,ltd,,,2024-12-09,,2024-12-09,[10130, 46230, 46320, 47220],2nd Floor College House Ruislip, United Kingdom HA4 7AE
MINGDE LTD,16126687,active,ltd,,,2024-12-09,,2024-12-09,[46190, 46900, 47890, 47910],87 Wheat Sheaf Close London England E14 9UY
KUKUDE LTD,16126689,active,ltd,,,2024-12-09,,2024-12-09,[62012, 62020, 62090, 63120],71-75 Shelton Street London United Kingdom WC2H 9JQ
CLEARCODE CONSULTING LTD,16126810,active,ltd,,,2024-12-09,,2024-12-09,[62020, 70229],3rd Floor, 86-90 Paul Street London United Kingdom EC2A 4NE
WR RIGGING & SCAFFOLDING LTD,16126805,active,ltd,,,2024-12-09,,2024-12-09,[59111],Wellington House London Colney United Kingdom AL2 1HA
DARK HORSE LOGISTICS LIMITED,16126850,active,ltd,,,2024-12-09,,2024-12-09,[46320, 52103, 68100],51 Grove Park Road London England SE9 4NS
UPSCEND LTD,16127078,active,ltd,,,2024-12-10,,2024-12-10,[59132, 61200, 62012, 63120],71-75 Shelton Street London United Kingdom WC2H 9JQ
PENDRAGON ENERGY GLOBAL LIMITED,16127073,active,ltd,,,2024-12-10,,2024-12-10,[70229],Crown House London United Kingdom WC1N 3AX
TALENT SPACE CONSULTANCY LTD,16127314,active,ltd,,,2024-12-10,,2024-12-10,[78109],35 Grafton Way London England W1T 5DB
OSWA HOLDING LTD,16127544,active,ltd,,,2024-12-10,,2024-12-10,[64303],71-75 Shelton Street London United Kingdom WC2H 9JQ
HORIZON ENTERTAINMENT GROUP LTD,16127922,active,ltd,,,2024-12-10,,2024-12-10,[70100, 74909, 82990, 90020],71-75 Shelton Street London United Kingdom WC2H 9JQ
INGENIUM TECHNOLOGIES LIMITED,16127924,active,ltd,,,2024-12-10,,2024-12-10,[71122, 74909],First Floor Office London United Kingdom W8 4LZ
SUREFIX SHUTTERS LIMITED,16128446,active,ltd,,,2024-12-10,,2024-12-10,[99999],3 - 5 Fernwood House Cowplain United Kingdom PO8 8DH
1TABLE LIMITED,16128439,active,ltd,,,2024-12-10,,2024-12-10,[73120],Suite G04 1 Quality Court, Chancery Lane London England WC2A 1HR
MARFORD 3 LTD,16128441,active,ltd,,,2024-12-10,,2024-12-10,[41100],Station House London England SW13 0HT
PARKWISE TECH GROUP LTD,16128472,active,ltd,,,2024-12-10,,2024-12-10,[96090],128 City Road London United Kingdom EC1V 2NX
ENRGY FORCE CONSULTING LTD,16129025,active,ltd,,,2024-12-10,,2024-12-10,[82990],124 City Road London England EC1V 2NX
DR JELLY LTD,16129018,active,ltd,,,2024-12-10,,2024-12-10,[10890],86-90 Paul Street London United Kingdom EC2A 4NE
SHOPASCEND LTD,16122439,active,ltd,,,2024-12-08,,2024-12-08,[47910],85 Harp Road London England W7 1JG
LOMATO VENTURES LTD,16122814,active,ltd,,,2024-12-09,,2024-12-09,[70229],21a Aberdare Gardens London United Kingdom NW6 3AJ
AADA BEAUTY LTD,16123364,active,ltd,,,2024-12-09,,2024-12-09,[20420],Silverstream House London England W1T 6EB
217 BURGERS LTD,16123368,active,ltd,,,2024-12-09,,2024-12-09,[56102],2 Pollards Hill East Streatham United Kingdom SW16 4UT
B2B HEALTHCARE SOLUTIONS LTD,16124186,active,ltd,,,2024-12-09,,2024-12-09,[86101, 86900],9 Langford Close London England E8 2JW
ZERBEVENT LTD,16124176,active,ltd,,,2024-12-09,,2024-12-09,[56210],242 Portland Road London England SE25 4SL
FERMELA HAIR & BEAUTY LTD,16125005,active,ltd,,,2024-12-09,,2024-12-09,[96020],94 Wellesley Road London England W4 3AL
KOLORSEAL DIRECT (NW) LIMITED,16124967,active,ltd,,,2024-12-09,,2024-12-09,[25120, 25720, 96090],2nd Floor College House Ruislip, United Kingdom HA4 7AE
AXION AI LTD,16124918,active,ltd,,,2024-12-09,,2024-12-09,[62012, 62020, 62090],20 Wenlock Road London England N1 7GU
MELO LIFE LTD,16125590,active,ltd,,,2024-12-09,,2024-12-09,[85600],71-75 Shelton Street London United Kingdom WC2H 9JQ
NOVVI LTD,16125582,active,ltd,,,2024-12-09,,2024-12-09,[70229],20 Wenlock Road London England N1 7GU
MEDIUS DISPUTE SOLUTIONS LTD,16126163,active,ltd,,,2024-12-09,,2024-12-09,[69109],71-75 Shelton Street London United Kingdom WC2H 9JQ
GAIA POWERED LIMITED,16126166,active,ltd,,,2024-12-09,,2024-12-09,[43999],124 City Road London United Kingdom EC1V 2NX
ARTWORKS EAST LTD,16126125,active,ltd,,,2024-12-09,,2024-12-09,[47781, 90040],32 - 34 Unit 1 & 2 Leyton United Kingdom E10 5SB
COLLINS MOTORSPORT LIMITED,16126124,active,ltd,,,2024-12-09,,2024-12-09,[70229],4th Floor, 399-401 Strand London England WC2R 0LT
DECHAK PROPERTY LTD,16126138,active,ltd,,,2024-12-09,,2024-12-09,[68100, 68209, 68320],Flat 28 Crondall Court St John's Estate England N1 6TZ
FOOD AT 66 LTD,16126549,active,ltd,,,2024-12-09,,2024-12-09,[56101],1st Floor 44 Worship Street London United Kingdom EC2A 2EA
DO DIGITAL LTD,16126566,active,ltd,,,2024-12-09,,2024-12-09,[58190, 58290, 62020, 62090],71-75 Shelton Street London United Kingdom WC2H 9JQ
CHAI 27 LTD,16117161,active,ltd,,,2024-12-04,,2024-12-04,[68100],52 Lingwood Road London England E5 9BN
BEALE & INMAN LIMITED,16125781,active,ltd,,,2024-12-09,,2024-12-09,[47710],71-75 Shelton Street London United Kingdom WC2H 9JQ
LONDON TREE CARE SERVICE LTD,16126723,active,ltd,,,2024-12-09,,2024-12-09,[81300],35 Pytchley Crescent London England SE19 3QT
FORSCIE LIMITED,16127045,active,ltd,,,2024-12-10,,2024-12-10,[58290, 62020, 85590],101 King's Cross Road London England WC1X 9LP
BOUCHOU LTD,16127043,active,ltd,,,2024-12-10,,2024-12-10,[47190, 47910, 47990],2nd Floor College House Ruislip, United Kingdom HA4 7AE
XPERT LOGISTICS INTERNATIONAL LTD,16127619,active,ltd,,,2024-12-10,,2024-12-10,[52290],3rd Floor, 86-90 Paul Street London United Kingdom EC2A 4NE
HD UK EVENTS LIMITED,16127582,active,ltd,,,2024-12-10,,2024-12-10,[96090],128 City Road London United Kingdom EC1V 2NX
KELKLOPE LTD,16127942,active,ltd,,,2024-12-10,,2024-12-10,[63120],20 Wenlock Road London England N1 7GU
KN SONS CONVENIENCE STORE LTD,16128209,active,ltd,,,2024-12-10,,2024-12-10,[47110],298 Northborough Road London England SW16 4TT
ALHAM MART PVT LTD,16128314,active,ltd,,,2024-12-10,,2024-12-10,[47910],30 Riverhead Close London England E17 5PY
GRAYSON & CHESTER ELECTRICAL LTD,16128554,active,ltd,,,2024-12-10,,2024-12-10,[43210],71d Talbot Road London United Kingdom W2 5JL
RADIANT TOUCH LIMITED,16128548,active,ltd,,,2024-12-10,,2024-12-10,[47910, 47990],128 City Road London United Kingdom EC1V 2NX
KOURITEN LUTON LIMITED,16128808,active,ltd,,,2024-12-10,,2024-12-10,[47190],124 Baker Street London England W1U 6TY
DEUZ AI LTD,16128796,active,ltd,,,2024-12-10,,2024-12-10,[62012, 62020, 62090, 63110],71-75 Shelton Street London United Kingdom WC2H 9JQ
HYDRO PIPE PLANTS LIMITED,16128794,active,ltd,,,2024-12-10,,2024-12-10,[74909],124 City  Road London United Kingdom EC1V 2NX
SELAM PROPERTY LIMITED,16128793,active,ltd,,,2024-12-10,,2024-12-10,[68201, 68209, 68320],Flat 15 Aske House London England N1 6JY
BRIAN RILEY LTD,16128814,active,ltd,,,2024-12-10,,2024-12-10,[58210, 73110],29 Brightside Road London England SE13 6EP
SOCIALHEADS LIMITED,16129065,active,ltd,,,2024-12-10,,2024-12-10,[62012],Socialheads Canopi London United Kingdom SE1 3GN
COMMCAREE ARC LIMITED,16129050,active,ltd,,,2024-12-10,,2024-12-10,[87200],20 Wenlock Road London England N1 7GU
BELLEVUE DENTAL LTD,16129057,active,ltd,,,2024-12-10,,2024-12-10,[86230],334-336 Goswell Road London England EC1V 7RP
VULCAN UK MIDCO 1 LIMITED,16129064,active,ltd,,,2024-12-10,,2024-12-10,[64209],Suite 1, 7th Floor 50 Broadway London United Kingdom SW1H 0DB
LALIT INVESTMENTS LIMITED,16122587,active,ltd,,,2024-12-08,,2024-12-08,[68100],7 Bell Yard, London England WC2A 2JR
L&A REVOLUTIONS LTD,16122584,active,ltd,,,2024-12-08,,2024-12-08,[43310],56 Mount Nod Road London England SW16 2LL
RICHMOND INVESTMENTS HOLDINGS LIMITED,16123065,active,ltd,,,2024-12-09,,2024-12-09,[68100],Wonea House London United Kingdom TW7 7BL
WEB3 & LTD,16123414,active,ltd,,,2024-12-09,,2024-12-09,[62012, 62020, 62090],85 Great Portland Street London England W1W 7LT
THE JEWELS CLUB LTD,16123444,active,ltd,,,2024-12-09,,2024-12-09,[73120],20 Wenlock Road London England N1 7GU
THE ARK GALLERY LTD,16124141,active,ltd,,,2024-12-09,,2024-12-09,[74100],Flat 60 Xchange Point London England N7 9GS
CURZON HARDWARE LTD,16124110,active,ltd,,,2024-12-09,,2024-12-09,[47520],34 Curzon Street London England W1J 7TS
HK PONNA LIMITED,16124128,active,ltd,,,2024-12-09,,2024-12-09,[46160, 46450, 46460, 46480],85 Great Portland Street London United Kingdom W1W 7LT
BISTRO488 LTD,16124104,active,ltd,,,2024-12-09,,2024-12-09,[47110, 56101, 56103],488 West Green Road London England N15 3DA
ADAM&CO GROUP LTD,16124781,active,ltd,,,2024-12-09,,2024-12-09,[77110],152-154 Coles Green Road London England NW2 7HD
OLALA STUDIO LTD,16125435,active,ltd,,,2024-12-09,,2024-12-09,[74100],71-75 Shelton Street London United Kingdom WC2H 9JQ
COOXTECH LIMITED,16126051,active,ltd,,,2024-12-09,,2024-12-09,[47910, 62012, 62020, 62090],71-75 Shelton Street London United Kingdom WC2H 9JQ
UK VIP SERVICES LTD,16126351,active,ltd,,,2024-12-09,,2024-12-09,[82990],32 Woodstock Grove London England W12 8LE
TIANCHEN CONSTRUCTION LIMITED,16126349,active,ltd,,,2024-12-09,,2024-12-09,[43999],The Green Room London England W1G 0JR
NEXTERAPRO LTD,16126331,active,ltd,,,2024-12-09,,2024-12-09,[62012, 62020, 62090],71-75 Shelton Street London United Kingdom WC2H 9JQ
BREWED BY AYALA LTD,16127041,active,ltd,,,2024-12-10,,2024-12-10,[10831, 46370, 47910],167-169 Great Portland Street London England W1W 5PF
EDENREACH SOLUTIONS LTD,16127499,active,ltd,,,2024-12-10,,2024-12-10,[62090],128 City Road London United Kingdom EC1V 2NX
HARAR LTD,16127498,active,ltd,,,2024-12-10,,2024-12-10,[68310],128 City Road London United Kingdom EC1V 2NX
LARTEY ENTERPRISES LTD,16127815,active,ltd,,,2024-12-10,,2024-12-10,[96090],Flat 94 Cropley Court London England N1 7HH
61&61A BRADBOURNE ST LIMITED,16128993,active,ltd,,,2024-12-10,,2024-12-10,[68209],71-75 Shelton Street London United Kingdom WC2H 9JQ
AJG ROSS FACILITIES LTD,16123631,active,ltd,,,2024-12-09,,2024-12-09,[68100],4 Abbey Trading Estate Bell Green Lane London United Kingdom SE26 5TW
IT ACTIVITIES CONSULTING LTD,16123667,active,ltd,,,2024-12-09,,2024-12-09,[62020],Basement Flat London United Kingdom W8 4HY
UNITED BUTCHERS LTD,16124395,active,ltd,,,2024-12-09,,2024-12-09,[46320],Unit 7 68-86 Powis Street London England SE18 6LQ
ADDVOR LTD,16124340,active,ltd,,,2024-12-09,,2024-12-09,[85600],36 Locton Green, Ruston Street London United Kingdom E3 2LP
ELLES ESTATES LIMITED,16114792,active,ltd,,,2024-12-03,,2024-12-03,[68100],Flat 18 Dolphin Court London England NW11 9QY
LIMES PUBLISHING LTD,16125220,active,ltd,,,2024-12-09,,2024-12-09,[90030],2nd Floor College House Ruislip, United Kingdom HA4 7AE
SUNNUY YOGA COUTURE LTD,16125223,active,ltd,,,2024-12-09,,2024-12-09,[47910],Ghost Mail Ltd, 5 London United Kingdom E1 0SG
BINGTAI LTD,16125228,active,ltd,,,2024-12-09,,2024-12-09,[47910],71-75 Shelton Street London United Kingdom WC2H 9JQ
WEBBALLAN LIMITED,16125226,active,ltd,,,2024-12-09,,2024-12-09,[68209],Flat 3 Amwell House Ware England SG12 9FR
EASYOPTIONXY LTD,16125207,active,ltd,,,2024-12-09,,2024-12-09,[47910],71-75 Shelton Street London United Kingdom WC2H 9JQ
KDG BRIXTON LTD,16125650,active,ltd,,,2024-12-09,,2024-12-09,[56290],Unit B London Road West Malling England ME19 5SH
CARLOS ART LTD,16125655,active,ltd,,,2024-12-09,,2024-12-09,[96090],71-75 Shelton Street London United Kingdom WC2H 9JQ
GOLDEN GRAND VENTURES LTD,16126250,active,ltd,,,2024-12-09,,2024-12-09,[68209],C/O Getground London England W6 0NB
IN TOTO ED PETERBOROUGH LIMITED,16126781,active,ltd,,,2024-12-09,,2024-12-09,[85590],St Agnes House Cresswell Park London England SE3 9RD
YEW PUBLISHERS LTD,16127174,active,ltd,,,2024-12-10,,2024-12-10,[58110],128 City Road London United Kingdom EC1V 2NX
TECHROS LTD,16127427,active,ltd,,,2024-12-10,,2024-12-10,[69201, 82990],128 City Road London United Kingdom EC1V 2NX
VK5 LTD,16127757,active,ltd,,,2024-12-10,,2024-12-10,[10840, 47910, 56103],128 City Road London United Kingdom EC1V 2NX
THE BAMBEE FAMILY LTD,16128399,active,ltd,,,2024-12-10,,2024-12-10,[47910],Flat 54 Hillsborough Court London England NW6 5NS
BARK & HOUND LTD,16128372,active,ltd,,,2024-12-10,,2024-12-10,[47910],C/O The Accountancy Partnership Suite 5, 5th Floor, City Reach London United Kingdom E14 9NN
LYMO CARS LTD,16128760,active,ltd,,,2024-12-10,,2024-12-10,[49320],56 Fulham High Street London United Kingdom SW6 3LQ
TDPROTECTION LTD,16128883,active,ltd,,,2024-12-10,,2024-12-10,[66220],29 Westcombe Park Road London United Kingdom SE3 7RE
PRODUCT INC LTD,16122450,active,ltd,,,2024-12-08,,2024-12-08,[62020],124-128 City Road London United Kingdom EC1V 2NX
HASHTAG PLUMBING LTD,16122667,active,ltd,,,2024-12-09,,2024-12-09,[43220],12 Chandler Way London England SE15 6DY
PKX HOLDINGS LTD,16122695,active,ltd,,,2024-12-09,,2024-12-09,[70229],18 Tunnel Gardens London England N11 2AP
FANTASTIC'MAROUANE LIMITED,16122712,active,ltd,,,2024-12-09,,2024-12-09,[81210],1 Elsham Road London England W14 8HA
CRG PROPERTY UK LTD,16122948,active,ltd,,,2024-12-09,,2024-12-09,[68209],343 City Road London United Kingdom EC1V 1LR
RAHMANIAECOM LTD,16122970,active,ltd,,,2024-12-09,,2024-12-09,[47990],182-184 High Street North London England E6 2JA
OLIVEROSS INTERIORS LTD,16122955,active,ltd,,,2024-12-09,,2024-12-09,[74100],71-75 Shelton Street London United Kingdom WC2H 9JQ
CENTRAL ACCOUNT SERVICES LIMITED,16123735,active,ltd,,,2024-12-09,,2024-12-09,[70229, 82990],3rd Floor, 86-90 Paul Street London England EC2A 4NE
PETRINA CHRISTINE LTD,16123771,active,ltd,,,2024-12-09,,2024-12-09,[62090],51 Arngask Road London England SE6 1XY
ONLY HOPE LIMITED,16124488,active,ltd,,,2024-12-09,,2024-12-09,[68100, 69101, 69102],101 Ossulton Way London England N2 0JS
ORBIT LEASING COMPANY LIMITED,16124443,active,ltd,,,2024-12-09,,2024-12-09,[68320],22 Guildown Avenue London United Kingdom N12 7DQ
M-DEST SERVICES LTD,16124537,active,ltd,,,2024-12-09,,2024-12-09,[86210],20-22 Wenlock Road London England N1 7GU
WYRDWORKS LTD,16124432,active,ltd,,,2024-12-09,,2024-12-09,[59111],181 Queens Crescent London England NW5 4DS
BOOKWAVE LTD,16125134,active,ltd,,,2024-12-09,,2024-12-09,[85410, 85422, 85590, 85600],71-75 Shelton Street London United Kingdom WC2H 9JQ
CIA CYBER ADVISORY & CONSULTANCY LTD,16125135,active,ltd,,,2024-12-09,,2024-12-09,[62020, 62090, 63110],128 City Road London United Kingdom EC1V 2NX
BT QUARTZ EUSTON LIMITED,16125402,active,ltd,,,2024-12-09,,2024-12-09,[61900],1 Braham Street London United Kingdom E1 8EE
KAIROS SOCIAL LTD,16125412,active,ltd,,,2024-12-09,,2024-12-09,[58290, 62012, 62020, 73110],71-75 Shelton Street London United Kingdom WC2H 9JQ
DZAK LIMITED,16125411,active,ltd,,,2024-12-09,,2024-12-09,[96020],191 Ardleigh Green Road Hornchurch England RM11 2SD
DEAN DASH LTD,16126460,active,ltd,,,2024-12-09,,2024-12-09,[47910],71-75 Shelton Street London United Kingdom WC2H 9JQ
MEETING POINT LIMITED,16126861,active,ltd,,,2024-12-09,,2024-12-09,[47300],14 East Acton Lane London England W3 7EG
RANIKER LTD,16127552,active,ltd,,,2024-12-10,,2024-12-10,[68100, 68201, 68209, 68320],128 City Road London United Kingdom EC1V 2NX
BIA INNOVATE LIMITED,16128086,active,ltd,,,2024-12-10,,2024-12-10,[62012, 62090, 70229],20 Wenlock Road London England N1 7GU
TEE JAY LIMO LTD,16128277,active,ltd,,,2024-12-10,,2024-12-10,[49390, 77110, 96090],30 Clare Gardens London England W11 1NX
SDSH ESTATES LTD,16128278,active,ltd,,,2024-12-10,,2024-12-10,[68100],83 Leadale Road London England N16 6DG
AI IN CLEAR LTD,16128954,active,ltd,,,2024-12-10,,2024-12-10,[62012, 62020, 62090, 63110],71-75 Shelton Street London United Kingdom WC2H 9JQ
AEQUITAS MEDICOLEGAL LTD,16128958,active,ltd,,,2024-12-10,,2024-12-10,[86210, 86900],The Profile West Brentford England TW8 9ES
HKI NORBURY LTD,16122287,active,ltd,,,2024-12-08,,2024-12-08,[56102],1513-1515 London Road London England SW16 4AE
LITTLN LTD,16123013,active,ltd,,,2024-12-09,,2024-12-09,[47910],71-75 Shelton Street London United Kingdom WC2H 9JQ
MOTORPOLITAN LTD,16123015,active,ltd,,,2024-12-09,,2024-12-09,[45200],57 Stroud Green Road London England N4 3EG
DENIMTON LTD,16123030,active,ltd,,,2024-12-09,,2024-12-09,[82990],14a Elmers Drive London United Kingdom TW11 9JB
HTO MEDICAL LTD,16123023,active,ltd,,,2024-12-09,,2024-12-09,[86210],71-75 Shelton Street London United Kingdom WC2H 9JQ
LE FUR HOLDINGS LTD,16124054,active,ltd,,,2024-12-09,,2024-12-09,[64209],128 Malt Court London United Kingdom E17 7FH
ALEXICO LIMITED,16124026,active,ltd,,,2024-12-09,,2024-12-09,[70229],Flat 251 Halo 158 High Street London England E15 2FY
CATFORD HILL ESTATES LTD,16124707,active,ltd,,,2024-12-09,,2024-12-09,[68100, 68209],22 Overlea Road London England E5 9BG
VISSIONE STAFFING LIMITED,16124721,active,ltd,,,2024-12-09,,2024-12-09,[82990],Cumberland House London England NW10 6RF
BLUE JAY TECHNOLOGY CONSULTING LTD,16124735,active,ltd,,,2024-12-09,,2024-12-09,[62020],49 Sarsfeld Road London United Kingdom SW12 8HR
JOBWIZARD LTD,16124732,active,ltd,,,2024-12-09,,2024-12-09,[78109, 78200],Flat 7 Berry Lodge London England N4 4BA
PEARL STAYS LIMITED,16124678,active,ltd,,,2024-12-09,,2024-12-09,[68209],54 Covington Way London England SW16 3SQ
LIFE WITHOUT TOXINS LTD,16125358,active,ltd,,,2024-12-09,,2024-12-09,[47910],71-75 Shelton Street London United Kingdom WC2H 9JQ
GPMAC TECH LTD,16125328,active,ltd,,,2024-12-09,,2024-12-09,[58290, 62011, 62012],128 City Road London United Kingdom EC1V 2NX
GROWN LTD,16125320,active,ltd,,,2024-12-09,,2024-12-09,[32120],Apartment 1101 Tantallon House 130 Elephant Road London England SE17 1EX
REVARO LTD,16125326,active,ltd,,,2024-12-09,,2024-12-09,[58110, 58190, 58290, 62020],128 City Road London United Kingdom EC1V 2NX
PROVESTOR ECO GRANTS LTD,16125318,active,ltd,,,2024-12-09,,2024-12-09,[43220, 43910, 43999],8 Spurway Parade Woodford Avenue London United Kingdom IG2 6UU
APG PROJECTS LIMITED,16126083,active,ltd,,,2024-12-09,,2024-12-09,[99999],29 York Street London United Kingdom W1H 1EZ
COURT & GREENS LTD,16126206,active,ltd,,,2024-12-09,,2024-12-09,[79110, 93199],20 Wenlock Road London England N1 7GU
BITBET LTD,16126578,active,ltd,,,2024-12-09,,2024-12-09,[62012, 62020, 63990],71-75 Shelton Street London United Kingdom WC2H 9JQ
CHEMICALXR LTD,16126598,active,ltd,,,2024-12-09,,2024-12-09,[26200, 30990, 62012, 93290],71-75 Shelton Street London United Kingdom WC2H 9JQ
AOR ARTS LTD,16126728,active,ltd,,,2024-12-09,,2024-12-09,[90030],Flat 9 Roberts Court London England SE20 8JJ
BETTER WAY LIGHTING UK LTD.,16127107,active,ltd,,,2024-12-10,,2024-12-10,[90020],71-75 Shelton Street London United Kingdom WC2H 9JQ
SAFE AND SIMPLE LTD,16127099,active,ltd,,,2024-12-10,,2024-12-10,[70229],20 Wenlock Road London England N1 7GU
PROSERVICE24 LTD,16127120,active,ltd,,,2024-12-10,,2024-12-10,[25610, 45200],27 Old Gloucester Street London United Kingdom WC1N 3AX
TAKE AWAY CHICKEN LIMITED,16127454,active,ltd,,,2024-12-10,,2024-12-10,[56103],60 Brewery Road London England N7 9NH
DOUBLE POINT AUDIT LIMITED,16127439,active,ltd,,,2024-12-10,,2024-12-10,[69201, 70229],124 City Road London United Kingdom EC1V 2NX
BELLSTONE GROUP HOLDINGS LIMITED,16127772,active,ltd,,,2024-12-10,,2024-12-10,[70229],128 City Road London United Kingdom EC1V 2NX
RSLM HOLDINGS LTD,16127799,active,ltd,,,2024-12-10,,2024-12-10,[64209],Elsley Court London United Kingdom W1W 8BE
LSEG INTERNATIONAL FINANCING LIMITED,16128262,active,ltd,,,2024-12-10,,2024-12-10,[74990],10 Paternoster Square London England EC4M 7LS
EDUFIX CONSULTANCY LTD,16128678,active,ltd,,,2024-12-10,,2024-12-10,[85590, 85600],93-101, G-6 Greenfield Road London United Kingdom E1 1EJ
M NASIR UDDIN & PARTNERS LTD,16122785,active,ltd,,,2024-12-09,,2024-12-09,[69201, 69202, 69203],Unit A 12 Vallance Road London United Kingdom E1 5HR
DIGI3X LTD,16123175,active,ltd,,,2024-12-09,,2024-12-09,[62012, 62020, 73110],30 Churchill Place London England E14 5RE
STORYTELLERS COLLECTIVE LIMITED,16123806,active,ltd,,,2024-12-09,,2024-12-09,[70210],Calder & Co London United Kingdom WC2H 7HF
AZURITE ENTERPRISES LTD,16123796,active,ltd,,,2024-12-09,,2024-12-09,[74100, 96090],12 Raven Road London England E18 1HB
WHIZZCRAFT SOLUTIONS LIMITED,16123803,active,ltd,,,2024-12-09,,2024-12-09,[62020, 85600],Whizzcraft Solutions Limited London United Kingdom EC1V 2NX
ATS CONSULTANCY SERVICES LTD,16124823,active,ltd,,,2024-12-09,,2024-12-09,[62020, 70229],3rd Floor, 86-90 Paul Street London United Kingdom EC2A 4NE
FOUNDER'S VOYAGE LTD,16124829,active,ltd,,,2024-12-09,,2024-12-09,[58190],Flat 506, 2, Headwater Point Dipper Drive London United Kingdom E3 3YQ
CREATIGLO LTD,16125959,active,ltd,,,2024-12-09,,2024-12-09,[47910],71-75 Shelton Street London United Kingdom WC2H 9JQ
SKOOT PAYMENT SERVICES LTD,16126012,active,ltd,,,2024-12-09,,2024-12-09,[64999],15 Stratton Street London England W1J 8LQ
MAX AND BETTY'S LTD,16125980,active,ltd,,,2024-12-09,,2024-12-09,[47650],118 Butlers And Colonial Wharf London United Kingdom SE1 2PY
UNIT 13 AUTOS LTD,16126501,active,ltd,,,2024-12-09,,2024-12-09,[45112, 45200],3rd Floor, 86-90 Paul Street London England EC2A 4NE
THE MUMMY SLEEP CONSULTANT LIMITED,16126512,active,ltd,,,2024-12-09,,2024-12-09,[96090],71-75 Shelton Street London United Kingdom WC2H 9JQ
AMERR VENTURES LIMITED,16127229,active,ltd,,,2024-12-10,,2024-12-10,[56102],18 Mawbey Place London England SE1 5JL
JSMD LTD,16127693,active,ltd,,,2024-12-10,,2024-12-10,[71122],3rd Floor, 86-90 Paul Street London United Kingdom EC2A 4NE
DND LIVERPOOL LIMITED,16127710,active,ltd,,,2024-12-10,,2024-12-10,[56101],Seymour Chambers Liverpool United Kingdom L3 5NW
REMIRAGE LTD,16127986,active,ltd,,,2024-12-10,,2024-12-10,[62012, 62020],20 Wenlock Road London England N1 7GU
YAKUP313 LTD,16127980,active,ltd,,,2024-12-10,,2024-12-10,[56103],500 White Hart Lane London England N17 7NA
GF CARMARTHEN ENERGY LTD,16127989,active,ltd,,,2024-12-10,,2024-12-10,[35110],20 Wenlock Road London England N1 7GU
PARAMOUNT UTILITY AND RECRUITMENT LIMITED,16128190,active,ltd,,,2024-12-10,,2024-12-10,[35140, 70229, 78200, 82990],93-101 Greenfield Road London United Kingdom E1 1EJ
R & F CAPITAL LTD,16128616,active,ltd,,,2024-12-10,,2024-12-10,[68100, 68209],71-75 Shelton Street London United Kingdom WC2H 9JQ
LLD BIRMINGHAM LIMITED,16122727,active,ltd,,,2024-12-09,,2024-12-09,[68100, 68209],First Floor Winston House London United Kingdom N3 1DH
NTT GLOBAL DATA CENTERS LON2-A LTD,16122721,active,ltd,,,2024-12-09,,2024-12-09,[68100],1 King William Street London United Kingdom EC4N 7AR
AJG ACQUISITION FINANCE LIMITED,16122719,active,ltd,,,2024-12-09,,2024-12-09,[64205],The Walbrook Building London United Kingdom EC4N 8AW
AGR HOLDCO 2 LIMITED,16123151,active,ltd,,,2024-12-09,,2024-12-09,[64209],Fourth Floor Burlington Building London England W1B 4BG
WILLOW BEAM LTD,16123086,active,ltd,,,2024-12-09,,2024-12-09,[62020, 70229],27 Taverner Square London United Kingdom N5 2PA
THE SALE STAR OFFICIAL LTD,16123084,active,ltd,,,2024-12-09,,2024-12-09,[47910],The Sale Star Official London United Kingdom EC1V 2NX
DJVSOFT CONCEPTS LIMITED,16123142,active,ltd,,,2024-12-09,,2024-12-09,[62012, 62020],Office 10790 182-184 High Street North London United Kingdom E6 2JA
SR GLOBAL SERVICES LTD,16112469,active,ltd,,,2024-12-02,,2024-12-02,[62090],233 A High Street Walthamstow London United Kingdom E17 7BH
RAPID REMIT PVT LIMITED,16123980,active,ltd,,,2024-12-09,,2024-12-09,[64999],Unit 16-A 277a Green Street London United Kingdom E7 8LJ
WORCESTER47 LTD,16123973,active,ltd,,,2024-12-09,,2024-12-09,[68100, 68209],47 Worcester Crescent London England NW7 4LP
40 GOLDERS WAY LIMITED,16123979,active,ltd,,,2024-12-09,,2024-12-09,[68209],7 Hatton Street London United Kingdom NW8 8PL
35 RAVENSCROFT LIMITED,16123972,active,ltd,,,2024-12-09,,2024-12-09,[68209],7 Hatton Street London United Kingdom NW8 8PL
HORIZON TUTORS LTD,16124543,active,ltd,,,2024-12-09,,2024-12-09,[85600],10 Ennismore Gardens London England SW7 1NP
PROJECT RUMI LIMITED,16124559,active,ltd,,,2024-12-09,,2024-12-09,[68209],The Long Lodge Wimbledon United Kingdom SW19 3NW
PIF ENTERPRISES LTD,16124599,active,ltd,,,2024-12-09,,2024-12-09,[68209],43 Felsham Road London England SW15 1AZ
AREWACUSINE LIMITED,16124589,active,ltd,,,2024-12-09,,2024-12-09,[56210],12c Brent Road London England SE18 3DS
ANGELS ACQUISITIONS LIMITED,16125149,active,ltd,,,2024-12-09,,2024-12-09,[96020],238 Chingford Mount Road London England E4 8JL
FENNBEND REVERSIONS LIMITED,16125163,active,ltd,,,2024-12-09,,2024-12-09,[68100, 68209],68 Grafton Way London United Kingdom W1T 5DS
KDG DOCKSIDE LIMITED,16125492,active,ltd,,,2024-12-09,,2024-12-09,[56290],Unit B London Road West Malling England ME19 5SH
ONCANLAR LTD,16125520,active,ltd,,,2024-12-09,,2024-12-09,[47910],71-75 Shelton Street London United Kingdom WC2H 9JQ
SKYLINEREACH CONSULTING LTD,16126416,active,ltd,,,2024-12-09,,2024-12-09,[73200],128 City Road London United Kingdom EC1V 2NX
PIZZA KLUB GRILL HOUSE FOREST GATE LTD,16126889,active,ltd,,,2024-12-09,,2024-12-09,[56103],50 Woodgrange Road London England E7 0QH
JINSUI LTD,16126963,active,ltd,,,2024-12-09,,2024-12-09,[47910],Flat 40 Alfreda Court London England SW11 5HQ
LANO LONDON LTD,16127131,active,ltd,,,2024-12-10,,2024-12-10,[47710],1 Imani Terrace London England E17 8LP
LYSIS PRO LIMITED,16127128,active,ltd,,,2024-12-10,,2024-12-10,[68100, 68209, 68320],9 Kenward Road Eltham United Kingdom SE9 6AD
RUKO GENERAL TRADING LIMITED,16127164,active,ltd,,,2024-12-10,,2024-12-10,[46330],124 City Road London United Kingdom EC1V 2NX
EAB MEDIA LTD,16127671,active,ltd,,,2024-12-10,,2024-12-10,[59112],3rd Floor 86-90 Paul Street London United Kingdom EC2A 4NE
CHANGE HR CONSULTING LTD,16127683,active,ltd,,,2024-12-10,,2024-12-10,[70229],3rd Floor 86-90 Paul Street London United Kingdom EC2A 4NE
HW LEGAL SOLICITORS & CO LIMITED,16128001,active,ltd,,,2024-12-10,,2024-12-10,[69102],124-128 City Road London England EC1V 2NX
5 AKHIS PRESTON LIMITED,16128138,active,ltd,,,2024-12-10,,2024-12-10,[56102, 56103],Business Plus Mitcham England CR4 4EA
5 AKHIS CAMDEN LIMITED,16128368,active,ltd,,,2024-12-10,,2024-12-10,[56102, 56103],390 London Road Mitcham England CR4 4EA
CAPTAIN CHAUFFEURS LTD,16128908,active,ltd,,,2024-12-10,,2024-12-10,[49320],3 Gresham Road London England E6 6DS
HOPE RISING KIDS LTD,16122401,active,ltd,,,2024-12-08,,2024-12-08,[88910],42 Penberth Road London England SE6 1ES
PALATINE WEALTH MANAGEMENT LTD,16122305,active,ltd,,,2024-12-08,,2024-12-08,[66190],43 Gourock Road London United Kingdom SE9 1HY
LION WHARF HOLDINGS LIMITED,16123529,active,ltd,,,2024-12-09,,2024-12-09,[68100],Wonea House Wonea House 2 Richmond Road London United Kingdom TW7 7BL
XG LEAGUES LTD,16123520,active,ltd,,,2024-12-09,,2024-12-09,[85510, 93110, 93120],36 Lewes Road London England N12 9NL
PROMOTASTE LTD,16123470,active,ltd,,,2024-12-09,,2024-12-09,[46170, 73110, 82301],Office 56 Millmead Business Centre London United Kingdom N17 9QU
THE PADEL STUDIO LTD,16123511,active,ltd,,,2024-12-09,,2024-12-09,[93110],167-169 Great Portland Street London England W1W 5PF
ZAYRA ROSE LTD,16123569,active,ltd,,,2024-12-09,,2024-12-09,[47910],3rd Floor, 86-90 Paul Street London United Kingdom EC2A 4NE
NH ACADEMY LIMITED,16124268,active,ltd,,,2024-12-09,,2024-12-09,[74209, 85590],81 Park Avenue London England E6 2PY
FLOLUX LTD,16124270,active,ltd,,,2024-12-09,,2024-12-09,[59112],Flat 67 Cherry Court London England SW19 8HT
HOGA RIBBAN LIMITED,16124290,active,ltd,,,2024-12-09,,2024-12-09,[68209, 82990],5 Barlow Place London England W1J 6DG
WEST BREE LTD,16111345,active,ltd,,,2024-12-02,,2024-12-02,[90010, 90030],61 Kelmscott Gardens London United Kingdom W12 9DB
LEFTOVERS FILM LTD,16125059,active,ltd,,,2024-12-09,,2024-12-09,[59111],Flat 6 Manor Court London England SE15 5PD
EVERGREE FAMILY INVESTMENT CO., LTD,16125078,active,ltd,,,2024-12-09,,2024-12-09,[99999],41 Devonshire Street Ground Floor Office 1 London United Kingdom W1G 7AJ
TRADESMART CONSTRUCTION LTD,16125825,active,ltd,,,2024-12-09,,2024-12-09,[46390, 46690, 46900],Suite 4051 43 Bedford Street London England WC2E 9HA
ORA HORIZON TRADING LTD,16125818,active,ltd,,,2024-12-09,,2024-12-09,[45320, 46150, 47910],71-75 Shelton Street London United Kingdom WC2H 9JQ
CAIRN-N-COAST LTD,16125805,active,ltd,,,2024-12-09,,2024-12-09,[63110],3rd Floor, 86-90 Paul Street London England EC2A 4NE
KDG PECKHAM LIMITED,16125771,active,ltd,,,2024-12-09,,2024-12-09,[56290],Unit B London Road West Malling England ME19 5SH
TERU VENTURES LTD,16125754,active,ltd,,,2024-12-09,,2024-12-09,[68100, 68209, 68320],20 Wenlock Road London England N1 7GU
OPTI BRIDGE LTD,16126396,active,ltd,,,2024-12-09,,2024-12-09,[70229],20 Wenlock Road London England N1 7GU
THE FORD STRATEGY CONSULTING LIMITED,16126400,active,ltd,,,2024-12-09,,2024-12-09,[70210],2nd Floor College House Ruislip, United Kingdom HA4 7AE
STAND ON BUSINESS LTD,16126646,active,ltd,,,2024-12-09,,2024-12-09,[46420, 47710],128 City Road London United Kingdom EC1V 2NX
R&L REVOLUTION LTD,16126884,active,ltd,,,2024-12-09,,2024-12-09,[41202],Flat 45 Walters House London England SE17 3PG
IAN CAPE LTD,16127650,active,ltd,,,2024-12-10,,2024-12-10,[47910],128 City Road London United Kingdom EC1V 2NX
BIG TREE VENTURES LIMITED,16127975,active,ltd,,,2024-12-10,,2024-12-10,[68209],C/O Getground London England W6 0NB
ALP CONSULTING & COACHING LIMITED,16128931,active,ltd,,,2024-12-10,,2024-12-10,[71122],71-75 Shelton Street London United Kingdom WC2H 9JQ
MOMA FREEHOLD LTD,16129275,active,ltd,,,2024-12-10,,2024-12-10,[68100],508a Hornsey Road London England N19 3QW
AIR CLAIMS SOLUTIONS LTD,16129722,active,ltd,,,2024-12-11,,2024-12-11,[62012],20 Wenlock Road London England N1 7GU
SOBARCELO LTD,16129699,active,ltd,,,2024-12-11,,2024-12-11,[65120],34a Half Moon Lane London England SE24 9HU
SUHBAH TOURS LTD,16129857,active,ltd,,,2024-12-11,,2024-12-11,[79110, 79120, 84110],103 Braintree Street London United Kingdom E2 0FT
BEYOND PAGES LTD,16129817,active,ltd,,,2024-12-11,,2024-12-11,[58110],71-75 Shelton Street London United Kingdom WC2H 9JQ
DIVINE ANSH LIMITED,16129953,active,ltd,,,2024-12-11,,2024-12-11,[68100, 68320],650a Kingsbury Road London England NW9 9HN
HASHJAMLIDA LTD,16129948,active,ltd,,,2024-12-11,,2024-12-11,[86101],Flat 126 St. Williams Court London England N1 0GN
INDIGO CREATIONS LTD,16130032,active,ltd,,,2024-12-11,,2024-12-11,[25620, 90030],128 City Road London United Kingdom EC1V 2NX
ALIN EXPRESS LTD,16130194,active,ltd,,,2024-12-11,,2024-12-11,[49410, 52103, 53201],2nd Floor College House Ruislip, United Kingdom HA4 7AE
3D HOMES GROUP LIMITED,16130374,active,ltd,,,2024-12-11,,2024-12-11,[64209, 68100, 68209, 68320],25 Shooters Hill Road London England SE3 7AS
INTERIORS STRATEGIES LIMITED,16130676,active,ltd,,,2024-12-11,,2024-12-11,[70229],25 Ellerton Road London England SW18 3NG
GL AND PEDI LTD,16131075,active,ltd,,,2024-12-11,,2024-12-11,[99999],128 City Road London United Kingdom EC1V 2NX
LH CONSULTING LTD,16129547,active,ltd,,,2024-12-11,,2024-12-11,[70229],Suite 9 Dalton House London United Kingdom SW19 2RR
UPB GLOBAL NUTRITION SCIENCE R&D CENTER LTD,16129609,active,ltd,,,2024-12-11,,2024-12-11,[10822, 46390, 47110, 47190],Office Suite 29a, 3/F, 23 Wharf Street London England SE8 3GG
MCS 120PM LTD,16129599,active,ltd,,,2024-12-11,,2024-12-11,[68209, 68320],71-75 Shelton Street London United Kingdom WC2H 9JQ
STONE GROVE ESTATE LTD,16129755,active,ltd,,,2024-12-11,,2024-12-11,[64205, 68310, 68320, 82990],27 Old Gloucester Street London United Kingdom WC1N 3AX
SLAPSTAR LTD,16129989,active,ltd,,,2024-12-11,,2024-12-11,[58210, 62012],85 Great Portland Street London England W1W 7LT
VEGA SKY PROPERTIES LTD,16130064,active,ltd,,,2024-12-11,,2024-12-11,[41100, 68100, 68209],128 City Road London United Kingdom EC1V 2NX
BB ORTHOPAEDICS LTD,16130045,active,ltd,,,2024-12-11,,2024-12-11,[74909],20 Wenlock Road London England N1 7GU
H. CAPITOL PETROLEUM LTD,16130257,active,ltd,,,2024-12-11,,2024-12-11,[46711],Suite S 7 Rays House London United Kingdom NW10 7XP
BALANCE LABS LTD,16130328,active,ltd,,,2024-12-11,,2024-12-11,[86900],3 Blenheim Road London England W4 1UB
LOAM HOME LIMITED,16130843,active,ltd,,,2024-12-11,,2024-12-11,[47910],196 Olney Road London United Kingdom SE17 3HR
NETTHY LIMITED,16131049,active,ltd,,,2024-12-11,,2024-12-11,[47910],71-75 Shelton Street London United Kingdom WC2H 9JQ
ASSEMBLE GROUP HOLDINGS LTD,16130591,active,ltd,,,2024-12-11,,2024-12-11,[64209],251-253 Katherine Road London England E7 8PP
APHRA ASSISTANTS LTD,16130607,active,ltd,,,2024-12-11,,2024-12-11,[62090],128 City Road London United Kingdom EC1V 2NX
MKZ DELIN DEVELOPMENT 1 LIMITED,16130964,active,ltd,,,2024-12-11,,2024-12-11,[64209],15 Stukeley Street London England WC2B 5LT
NASCON ENGINEERING CONTRACTING LTD,16130573,active,ltd,,,2024-12-11,,2024-12-11,[43220, 46520, 71111, 81100],115 London Road Morden England SM4 5HP
SIRIUSLY CREATIVE LTD,16130581,active,ltd,,,2024-12-11,,2024-12-11,[58190, 62090, 70210, 90030],71-75 Shelton Street London United Kingdom WC2H 9JQ
MKZ DELIN TUNBRIDGE LIMITED,16131028,active,ltd,,,2024-12-11,,2024-12-11,[68209],15 Stukeley Street London England WC2B 5LT
LION VISIONS LIMITED,16129486,active,ltd,,,2024-12-11,,2024-12-11,[82990],11 St. James's London United Kingdom SW1Y 4LR
TOP MARK TUITION PLUS LIMITED,16129490,active,ltd,,,2024-12-11,,2024-12-11,[85200, 88910],39 Station Raod Chingford England E4 7BJ
ETB CONTRACTING & CIVIL ENGINEERING LTD,16129508,active,ltd,,,2024-12-11,,2024-12-11,[41100, 42990, 43290, 43999],20 Wenlock Road London England N1 7GU
AMBIENT MOTOR GROUP LIMITED,16129517,active,ltd,,,2024-12-11,,2024-12-11,[45112],20 Wenlock Road London England N1 7GU
FAVOURLAND PROPERTIES LTD,16129633,active,ltd,,,2024-12-11,,2024-12-11,[68209, 68320],71-75 Shelton Street London United Kingdom WC2H 9JQ
CRYSTAL ZONE LONDON LTD,16129789,active,ltd,,,2024-12-11,,2024-12-11,[46450],22 Titmuss Avenue London England SE28 8DH
SUJATA PGK LTD,16129805,active,ltd,,,2024-12-11,,2024-12-11,[46900],Flat 6 Khudaza Building London England E3 4TL
FALCON DEFENCE LIMITED,16129919,active,ltd,,,2024-12-11,,2024-12-11,[30300, 62090, 80100, 80200],124 City Road London United Kingdom EC1V 2NX
NORTH CIRCULAR AUTOS LTD,16130016,active,ltd,,,2024-12-11,,2024-12-11,[45200],715 North Circular Road London United Kingdom NW2 7AQ
TAXI NOW GROUP HOLDINGS LTD,16130019,active,ltd,,,2024-12-11,,2024-12-11,[62090],128 City Road London United Kingdom EC1V 2NX
WAVE CARE LTD,16130018,active,ltd,,,2024-12-11,,2024-12-11,[86220],20 Wenlock Road London England N1 7GU
BLUEPRINT SPORTS MANAGEMENT LIMITED,16130135,active,ltd,,,2024-12-11,,2024-12-11,[82990],85 Great Portland Street London England W1W 7LT
LIFT UP SUPPLEMENTS LTD,16130139,active,ltd,,,2024-12-11,,2024-12-11,[47910],4th Floor Office London England W1B 4HB
MOMENTUM PROJECT CONTROLS LIMITED,16130275,active,ltd,,,2024-12-11,,2024-12-11,[70229, 71129],107 Fleet Street London United Kingdom EC4A 2AB
MIRAY LTD,16130297,active,ltd,,,2024-12-11,,2024-12-11,[56102],2 Cobden Mews London England SW19 1RH
BRF MANAGEMENT LTD,16130272,active,ltd,,,2024-12-11,,2024-12-11,[98000],128 City Road London United Kingdom EC1V 2NX
PRIMEMEATS LTD,16130690,active,ltd,,,2024-12-11,,2024-12-11,[10110],128 City Road London United Kingdom EC1V 2NX
VULCAN UK BIDCO LIMITED,16129190,active,ltd,,,2024-12-10,,2024-12-10,[64209],Suite 1, 7th Floor 50 Broadway London United Kingdom SW1H 0DB
HAZARDOUS TO HEALTH LTD,16129653,active,ltd,,,2024-12-11,,2024-12-11,[46420, 47710],128 City Road London United Kingdom EC1V 2NX
DB CONSTRUCTION PARTNERS LTD,16130073,active,ltd,,,2024-12-11,,2024-12-11,[41202],190 Billet Road London United Kingdom E17 5DX
NERO MAINTENANCE LTD,16130239,active,ltd,,,2024-12-11,,2024-12-11,[81210, 81222],9 Dunnock Close London United Kingdom N9 8UB
THE LT AGENCY LTD,16130425,active,ltd,,,2024-12-11,,2024-12-11,[70210],71-75 Shelton Street London United Kingdom WC2H 9JQ
FIDUCIA AI SERVICES LTD,16130780,active,ltd,,,2024-12-11,,2024-12-11,[62020],124-128 City Road London England EC1V 2NX
GREENLEAF CAFE LIMITED,16130927,active,ltd,,,2024-12-11,,2024-12-11,[56102, 56103],569 Green Street London United Kingdom E13 9BF
COX ARCHITECTURE LTD,16130912,active,ltd,,,2024-12-11,,2024-12-11,[71111],15 Whitehall London United Kingdom SW1A 2DD
REGIIS INTERNALS LIMITED,16130536,active,ltd,,,2024-12-11,,2024-12-11,[43290],Grove House London Road Kent United Kingdom TN14 7DS
CUCOMM LTD,16130551,active,ltd,,,2024-12-11,,2024-12-11,[47429, 61100, 61200, 61900],384 London Road Warrington United Kingdom WA4 5PW
EVOLUTION IN D MUSIC LIMITED,16130740,active,ltd,,,2024-12-11,,2024-12-11,[90030],22 Friary Road London United Kingdom N12 9HU
VISA-ONLINE LTD,16130933,active,ltd,,,2024-12-11,,2024-12-11,[96090],128 City Road London United Kingdom EC1V 2NX
PROVINCEWIDE LONDON MARKETS LTD,16130940,active,ltd,,,2024-12-11,,2024-12-11,[66220],Dukes House London England EC3A 7LP
THINKDEEPSWIMGOOD. LTD,16130463,active,ltd,,,2024-12-11,,2024-12-11,[47910],139a Penwith Road London England SW18 4PZ
SHEERO HOMES LTD,16131203,active,ltd,,,2024-12-11,,2024-12-11,[68100, 68209, 68320],115 London Road Morden England SM4 5HP
PARKSIDE HOMES LTD,16131198,active,ltd,,,2024-12-11,,2024-12-11,[68100, 68209, 68320],49 Highview Road London United Kingdom W13 0HA
SD DESIGN AND BUILD CONSULTANTS LTD,16131189,active,ltd,,,2024-12-11,,2024-12-11,[43999],3rd Floor, 86-90 Paul Street London United Kingdom EC2A 4NE
GOPA PORTFOLIO LIMITED,16131417,active,ltd,,,2024-12-11,,2024-12-11,[68100, 68209],112 Morden Road London England SW19 3BP
QLA LTD,16131662,active,ltd,,,2024-12-11,,2024-12-11,[74909],3rd Floor, 86-90 Paul Street London United Kingdom EC2A 4NE
THE PROPER SHOPPER LTD,16131688,active,ltd,,,2024-12-11,,2024-12-11,[47710, 47910],Flat 506 Judde House Duke Of Wellington Avenue London England SE18 6DG
SANI & CO RESTAURANT AND CATERING LTD,16131932,active,ltd,,,2024-12-12,,2024-12-12,[56102],107 Westbourne Grove London United Kingdom W2 4UW
BELLA OWEN CREATIVE LIMITED,16132442,active,ltd,,,2024-12-12,,2024-12-12,[73110],156 Ashburton Triangle Drayton Park London England N5 1GD
KO PROPERTY HOLDINGS LIMITED,16132793,active,ltd,,,2024-12-12,,2024-12-12,[68209],Unit 20, The Circle London England SE1 2JE
YOUR FLOORING LTD,16133798,active,ltd,,,2024-12-13,,2024-12-13,[47530],20 Wenlock Road London England N1 7GU
ELEIOS CAPITAL LTD,16133786,active,ltd,,,2024-12-13,,2024-12-13,[26309, 64209],71-75 Shelton Street London United Kingdom WC2H 9JQ
CRC COLLECTIVE LIMITED,16131458,active,ltd,,,2024-12-11,,2024-12-11,[64209],23 London Road Downham Market England PE38 9BJ
GENESIS HUB LIMITED,16131690,active,ltd,,,2024-12-11,,2024-12-11,[82990],72 Avalon Road London England W13 0BN
NIELIX CAPITAL LIMITED,16131736,active,ltd,,,2024-12-11,,2024-12-11,[68100, 68209],107 Burdett Road London England E3 4JN
PRISTINE CITY CLEANERS LTD,16131738,active,ltd,,,2024-12-11,,2024-12-11,[81210],Flat 14 Truman House London England SW9 9AW
ZONARIS LTD,16131854,active,ltd,,,2024-12-12,,2024-12-12,[61900],80-83 Long Lane London United Kingdom EC1A 9ET
INFIN8 SOLUTIONS LTD,16131859,active,ltd,,,2024-12-12,,2024-12-12,[71122],20 Wenlock Road London England N1 7GU
THE NAIL COMPANY HIGHAMS PARK LTD,16131923,active,ltd,,,2024-12-12,,2024-12-12,[96020],399 Larkshall Road London England E4 9EF
LAST AUTUMN LTD,16132514,active,ltd,,,2024-12-12,,2024-12-12,[56103],Ashley House 235-239 High Road London England N22 8HF
SKYLINE FUNCTIONAL BEVERAGES LTD,16132515,active,ltd,,,2024-12-12,,2024-12-12,[46170],128 City Road London United Kingdom EC1V 2NX
AO TELECOM LTD,16132705,active,ltd,,,2024-12-12,,2024-12-12,[71129],12 Jim Veal Drive London England N7 9FB
LCB CONSULT LIMITED,16132697,active,ltd,,,2024-12-12,,2024-12-12,[70229, 73110, 82990],167-169 Great Portland Street London England W1W 5PF
JEUDISFRENCHIES LTD,16132813,active,ltd,,,2024-12-12,,2024-12-12,[56210],158 Basin Approach London United Kingdom E14 7JJ
GUMBENA MEDIA LTD,16133147,active,ltd,,,2024-12-12,,2024-12-12,[59112],184 Farrant Avenue London England N22 6PG
TNB THE NEW BUSINESS LIMITED,16133154,active,ltd,,,2024-12-12,,2024-12-12,[47710],29 Pennethorne Close London United Kingdom E9 7HF
SEVEN ROUNDS MEDIA LIMITED,16133229,active,ltd,,,2024-12-12,,2024-12-12,[90030],3 Archery Close London England W2 2BE
PLANT RENTAL CORPORATION LTD,16133231,active,ltd,,,2024-12-12,,2024-12-12,[77320],15 London End Beaconsfield United Kingdom HP9 2HN
RADASHITZ PROPERTY LIMITED,16133222,active,ltd,,,2024-12-12,,2024-12-12,[68209],107 Darenth Road London England N16 6EB
CONGI ANIMAL CARE LTD,16133384,active,ltd,,,2024-12-12,,2024-12-12,[75000],71-75 Shelton Street London United Kingdom WC2H 9JQ
CAIGGHOUSE ENTERTAINMENT LTD,16133389,active,ltd,,,2024-12-12,,2024-12-12,[59111],Flat 11 St. Quentin House London England SW18 3SE
JOBSCEND LTD,16133675,active,ltd,,,2024-12-13,,2024-12-13,[78109],156 Overton Drive London England E11 2LP
MAPLIN HOMES LIMITED,16131303,active,ltd,,,2024-12-11,,2024-12-11,[68209, 68320],16 Aylmer Parade London England N2 0PE
UK STUDY HUB LIMITED,16131319,active,ltd,,,2024-12-11,,2024-12-11,[55100, 85510, 85600],377 Edgware Road London England W2 1BT
CATFORD HILL ESTATES 1 LTD,16131542,active,ltd,,,2024-12-11,,2024-12-11,[68100, 68209],22 Overlea Road London England E5 9BG
FAMCO HOLDINGS GROUP LIMITED,16131540,active,ltd,,,2024-12-11,,2024-12-11,[64209],Unit 3 18 Plumbers Row London England E1 1EP
MIDBOUND LIMITED,16132629,active,ltd,,,2024-12-12,,2024-12-12,[62020],Flat 7 Spaceworks Building London England E1 1AG
CUBIC MIDCO LIMITED,16132635,active,ltd,,,2024-12-12,,2024-12-12,[64209],33 Glasshouse Street London United Kingdom W1B 5DG
TAZZI HOLDING LTD,16132995,active,ltd,,,2024-12-12,,2024-12-12,[64209],20 Wenlock Road London England N1 7GU
BEYOND DISCOUNTS LTD,16133012,active,ltd,,,2024-12-12,,2024-12-12,[46190, 46900, 47910, 96090],128 City Road London United Kingdom EC1V 2NX
RE:VELVET LTD,16133010,active,ltd,,,2024-12-12,,2024-12-12,[47799, 47910],71-75 Shelton Street London United Kingdom WC2H 9JQ
J G MOTORCYCLES LIMITED,16133278,active,ltd,,,2024-12-12,,2024-12-12,[45190],Broom House Hadleigh, Benfleet United Kingdom SS7 2QL
CIVILS CARE LIMITED,16133639,active,ltd,,,2024-12-13,,2024-12-13,[64209],45 Victoria Road London United Kingdom E18 1LJ
GLOBAL ECOLOGY & ENVIRONMENTAL LIMITED,16133623,active,ltd,,,2024-12-13,,2024-12-13,[64209, 74901],85 Great Portland Street, First Floor London England W1W 7LT
GSA LONDON CONSTRUCTION LTD,16133771,active,ltd,,,2024-12-13,,2024-12-13,[41201, 43110],128 City Road London United Kingdom EC1V 2NX
ALLATO LTD,16131106,active,ltd,,,2024-12-11,,2024-12-11,[58290, 62012, 62020, 70229],128 City Road London United Kingdom EC1V 2NX
SEE YOU AGAIN RESTAURANT LTD,16131336,active,ltd,,,2024-12-11,,2024-12-11,[56102],56 Charlton Church Lane London England SE7 7AB
LUNICORN INVESTMENTS LTD,16131349,active,ltd,,,2024-12-11,,2024-12-11,[66300],71-75 Shelton Street London United Kingdom WC2H 9JQ
M RASOL LTD,16131668,active,ltd,,,2024-12-11,,2024-12-11,[68209],54 Heath Street London England NW3 1DL
AYSA MAINTENANCE LIMITED,16131905,active,ltd,,,2024-12-12,,2024-12-12,[43310, 43341],533a Romford Road London United Kingdom E7 8AD
ROVAXZSTORE LTD,16131894,active,ltd,,,2024-12-12,,2024-12-12,[47910],71-75 Shelton Street London United Kingdom WC2H 9JQ
MARCHÉ MARCHÉ PLACE LTD,16132986,active,ltd,,,2024-12-12,,2024-12-12,[82990],63 Carnanton Road London England E17 4DB
CK ALLIANCE LTD,16132981,active,ltd,,,2024-12-12,,2024-12-12,[55100, 68100, 68209, 68310],20 Wenlock Road London England N1 7GU
LUKE WILKINS CONSULTING LTD,16131258,active,ltd,,,2024-12-11,,2024-12-11,[70229],137 Nimrod Road London England SW16 6TH
TL ADMINISTRATION LTD,16131266,active,ltd,,,2024-12-11,,2024-12-11,[82990],Maple House London England W1T 7NF
DMU CATERING UK LTD,16131756,active,ltd,,,2024-12-11,,2024-12-11,[56101],Suite151 94 London Road Oxford England OX3 9FN
TINYTOTSCOLLECTION LTD,16132878,active,ltd,,,2024-12-12,,2024-12-12,[46160],71-75 Shelton Street London United Kingdom WC2H 9JQ
WMADE CREATIVE SOLUTIONS LTD,16133079,active,ltd,,,2024-12-12,,2024-12-12,[73110, 82110],45, 4th Floor, Silverstream House Fitzroy Street London United Kingdom W1T 6EB
JUDD POWER LIMITED,16133092,active,ltd,,,2024-12-12,,2024-12-12,[32990],Blinkhorns London United Kingdom W1T 3BL
APREDREW ESTATES LTD,16133103,active,ltd,,,2024-12-12,,2024-12-12,[68100, 68201, 68209, 68320],90 Brixton Hill London England SW2 1QN
MENDING REPAIRS LIMITED,16133468,active,ltd,,,2024-12-12,,2024-12-12,[41202, 43390, 98000],1a Warspite Road London England SE18 5PG
THE THREE TUNS HOT LIMITED,16133621,active,ltd,,,2024-12-13,,2024-12-13,[56101],Sutherland House Leigh On Sea United Kingdom SS9 2RZ
RMM PARTNERS LIMITED,16133758,active,ltd,,,2024-12-13,,2024-12-13,[69201],128 City Road London United Kingdom EC1V 2NX
BIRLESIK TEXTILE LIMITED,16131551,active,ltd,,,2024-12-11,,2024-12-11,[46410, 47710, 47910],Dns House Harrow United Kingdom HA3 8DP
NATURE AIN'T A LUXURY LTD,16131609,active,ltd,,,2024-12-11,,2024-12-11,[59132, 59200, 63990],316 Wimbledon Central London United Kingdom SW19 4BJ
BURKE MEDICAL SERVICES LTD,16131639,active,ltd,,,2024-12-11,,2024-12-11,[86210],18 West Hallowes London England SE9 4EX
WATTSUP WITH MARK LIMITED,16131759,active,ltd,,,2024-12-11,,2024-12-11,[70229, 79110],3rd Floor, 86-90 Paul Street London United Kingdom EC2A 4NE
MONOTONE EVENTS LTD,16131800,active,ltd,,,2024-12-12,,2024-12-12,[56210, 59200],40 Bowie Close London England SW4 8HB
DENTELL LTD,16132430,active,ltd,,,2024-12-12,,2024-12-12,[70229],109 Lever Street London England EC1V 3RQ
CUBIC TOPCO LIMITED,16132550,active,ltd,,,2024-12-12,,2024-12-12,[64209],33 Glasshouse Street London United Kingdom W1B 5DG
LIME SUPERMARKET LIMITED,16132544,active,ltd,,,2024-12-12,,2024-12-12,[47110, 47210, 47220],Hughes House 101-103 London Road Liverpool England L3 8JA
THE TEEN SPECIALIST LTD,16132543,active,ltd,,,2024-12-12,,2024-12-12,[85310, 85590, 85600, 88990],5 Brayford Square London England E1 0SG
AGRI-GRO MARKETING CO., LTD,16132547,active,ltd,,,2024-12-12,,2024-12-12,[20150, 47760],41 Devonshire Street Ground Floor Office 1 London United Kingdom W1G 7AJ
FONTY PICTURES LIMITED,16132723,active,ltd,,,2024-12-12,,2024-12-12,[59111],50 Mendip Houses Welwyn Street London England E2 0JW
HARRISON & MATTI LIMITED,16132895,active,ltd,,,2024-12-12,,2024-12-12,[70229],49 Brookland Rise London United Kingdom NW11 6DT
CUBIC BIDCO LIMITED,16132889,active,ltd,,,2024-12-12,,2024-12-12,[64209],33 Glasshouse Street London United Kingdom W1B 5DG
FIRST CHOICE UK PROPERTY LIMITED,16113957,active,ltd,,,2024-12-02,,2024-12-02,[68100, 68209],42 Grosvenor Park Road London England E17 9PG
DELF CONSULTANCY LIMITED,16132912,active,ltd,,,2024-12-12,,2024-12-12,[70229, 82990],Flat 302 Landing Waiters House London England E14 0GJ
MARGX LIMITED,16133127,active,ltd,,,2024-12-12,,2024-12-12,[68209, 68320],41 Laverstoke Gardens London England SW15 4JB
TALK MACHINE LTD,16133429,active,ltd,,,2024-12-12,,2024-12-12,[71129],3rd Floor, 86-90 Paul Street London United Kingdom EC2A 4NE
OLIVE GROWTH SYSTEMS LIMITED,16133687,active,ltd,,,2024-12-13,,2024-12-13,[70221, 70229, 82990],7 Robinswood Mews London England N5 1RH
STC MITSUBISHI STOKE LTD,16131841,active,ltd,,,2024-12-12,,2024-12-12,[45200],20 Wenlock Road London England N1 7GU
STC MITSUBISHI STAFFORDSHIRE LTD,16131910,active,ltd,,,2024-12-12,,2024-12-12,[45310],20 Wenlock Road London England N1 7GU
SHAZ INC LTD,16131996,active,ltd,,,2024-12-12,,2024-12-12,[46180, 46190],20 Wenlock Road London England N1 7GU
PERITUSCLARK LTD,16132746,active,ltd,,,2024-12-12,,2024-12-12,[62020, 71121, 80200],20 Wenlock Road London England N1 7GU
ELEVATE TA LTD,16132752,active,ltd,,,2024-12-12,,2024-12-12,[70229],71-75 Shelton Street London United Kingdom WC2H 9JQ
EBLANA CAPITAL PARTNERS LTD,16132749,active,ltd,,,2024-12-12,,2024-12-12,[68209],483 Green Lanes London England N13 4BS
THE AI ELEMENT LTD,16132758,active,ltd,,,2024-12-12,,2024-12-12,[62020],71-75 Shelton Street London United Kingdom WC2H 9JQ
ASSR SOLUTIONS LTD,16132922,active,ltd,,,2024-12-12,,2024-12-12,[78109],71-75 Shelton Street London United Kingdom WC2H 9JQ
KAHLON SMILES LTD,16132921,active,ltd,,,2024-12-12,,2024-12-12,[86230],128 City Road London United Kingdom EC1V 2NX
REMITON LTD,16133419,active,ltd,,,2024-12-12,,2024-12-12,[64999],191 Balaam Street London England E13 8AA
SCP INVESTMENT ADVISORS LIMITED,16137654,active,ltd,,,2024-12-16,,2024-12-16,[64209],C/O Tmf Group 13th Floor London United Kingdom EC2R 7HJ
GHANNOUCHI CENTRE LTD,16137829,active,ltd,,,2024-12-16,,2024-12-16,[58110, 58190],71-75 Shelton Street London United Kingdom WC2H 9JQ
WHOLE BUDDY LTD,16137854,active,ltd,,,2024-12-16,,2024-12-16,[47760],128 City Road London United Kingdom EC1V 2NX
GM CREATIONS LTD,16137839,active,ltd,,,2024-12-16,,2024-12-16,[43290, 49420, 81210, 81300],21 Fairlop Road London England E11 1BL
DC SALES & MARKETING LTD,16137816,active,ltd,,,2024-12-16,,2024-12-16,[70210, 70229],27a Chapel Farm Road London England SE9 3NJ
ELAN & FRIENDS LTD,16138017,active,ltd,,,2024-12-16,,2024-12-16,[82990, 90010, 90020, 90030],20 Wenlock Road London England N1 7GU
CLAROR LTD,16138037,active,ltd,,,2024-12-16,,2024-12-16,[62012, 62090, 74909],First Floor Office London United Kingdom W8 4LZ
UNIQUE NAILS & SPA 72 LTD,16138142,active,ltd,,,2024-12-16,,2024-12-16,[96020],8b Ellingfort Road London England E8 3PA
SEWELL LTD,16138136,active,ltd,,,2024-12-16,,2024-12-16,[58110],71-75 Shelton Street London United Kingdom WC2H 9JQ
FIRETHORN STRATFORD LIMITED,16138117,active,ltd,,,2024-12-16,,2024-12-16,[68209],265 Tottenham Court Road London United Kingdom W1T 7RQ
THE BIG LIVERPOOL BAKE LIMITED,16138296,active,ltd,,,2024-12-16,,2024-12-16,[93290],Kemp House London United Kingdom EC1V 2NX
SIBNER LENDCO LTD,16138390,active,ltd,,,2024-12-16,,2024-12-16,[64921],43 Kelvedon Road London United Kingdom SW6 5BP
AMRO KINGSTON LIMITED,16138394,active,ltd,,,2024-12-16,,2024-12-16,[41100],24 Berkeley Square London United Kingdom W1J 6EJ
SAVOY O CONSTRUCTION LIMITED,16138417,active,ltd,,,2024-12-16,,2024-12-16,[41201, 41202],1 Ariel Way London England W12 7SL
TWENTY ONE APPLES LIMITED,16138620,active,ltd,,,2024-12-16,,2024-12-16,[90020],First Floor, 39-41 Charing Cross Road London England WC2H 0AR
CUPRITE PRODUCTIONS LTD,16138616,active,ltd,,,2024-12-16,,2024-12-16,[59111, 59120, 90010, 90020],71-75 Shelton Street London United Kingdom WC2H 9JQ
P MARCH BUILDERS LIMITED,16138766,active,ltd,,,2024-12-16,,2024-12-16,[41202],Kings Court Business Centre Stevenage England SG1 2NG
509 BRE LTD,16138781,active,ltd,,,2024-12-16,,2024-12-16,[41100],20 Wenlock Road London England N1 7GU
UNSEI CONSULTING LTD,16138936,active,ltd,,,2024-12-16,,2024-12-16,[79110, 79909, 82110],71-75 Shelton Street London United Kingdom WC2H 9JQ
YO LISAS FEAST LTD,16138953,active,ltd,,,2024-12-16,,2024-12-16,[56210],Turnpike House 1208-1210 London Road Leigh-On-Sea England SS9 2UA
GG-NUL-113 LTD,16138957,active,ltd,,,2024-12-16,,2024-12-16,[68209],C/O Getground London England W6 0NB
SMRC FOOD LTD,16138956,active,ltd,,,2024-12-16,,2024-12-16,[47810, 56290],2 New Mount Court London United Kingdom W5 4XA
BB NEWWORXS LTD,16139457,active,ltd,,,2024-12-17,,2024-12-17,[74990],27 Greville Street London England EC1N 8SU
119BGLDN LIMITED,16139566,active,ltd,,,2024-12-17,,2024-12-17,[68209],869 High Road London United Kingdom N12 8QA
INTIMOSS LTD,16139691,active,ltd,,,2024-12-17,,2024-12-17,[64209],Carlyle House 235-237 Vauxhall Bridge Road London United Kingdom SW1V 1EJ
QUALITY INTERVIEW COACHING LTD,16139939,active,ltd,,,2024-12-17,,2024-12-17,[85520, 85590, 85600],71-75 Shelton Street London United Kingdom WC2H 9JQ
PIMLICO DRY CLEANERS LTD,16140037,active,ltd,,,2024-12-17,,2024-12-17,[82990, 95290, 96010],80 Lupus Street London England SW1V 3EL
JUCI LTD,16140031,active,ltd,,,2024-12-17,,2024-12-17,[56102],128 City Road London United Kingdom EC1V 2NX
SEA FOOD LONDON LTD,16133835,active,ltd,,,2024-12-13,,2024-12-13,[56103],93 Maple Road London United Kingdom SE20 8LN
HOLLINX LTD,16133959,active,ltd,,,2024-12-13,,2024-12-13,[47990],20 Wenlock Road London England N1 7GU
JAMCISCO COLLECTIVE LTD,16134438,active,ltd,,,2024-12-13,,2024-12-13,[47190],71-75 Shelton Street London United Kingdom WC2H 9JQ
OXFORD BIOPHARM LTD,16134625,active,ltd,,,2024-12-13,,2024-12-13,[72110, 72190],27 Old Gloucester Street London United Kingdom WC1N 3AX
TENDRING LOGS LTD,16134986,active,ltd,,,2024-12-13,,2024-12-13,[81300],1 London Road Ipswich United Kingdom IP1 2HA
BETTER WORLD PROJECTS LTD,16135061,active,ltd,,,2024-12-13,,2024-12-13,[62090],30 Sunbury Avenue London United Kingdom SW14 8RA
PARKOTRIP LTD,16135292,active,ltd,,,2024-12-13,,2024-12-13,[62020, 82990],2nd Floor College House Ruislip, United Kingdom HA4 7AE
SPACETOCO UK LTD,16135448,active,ltd,,,2024-12-13,,2024-12-13,[62012],10 John Street London United Kingdom WC1N 2EB
CMJ PROPERTY HOLDINGS LTD,16135426,active,ltd,,,2024-12-13,,2024-12-13,[68100],20 Wenlock Road London England N1 7GU
KANKALAR LIMITED,16135436,active,ltd,,,2024-12-13,,2024-12-13,[52290, 56210, 59112, 70229],Suite 314 Ashley House 235-239 High Road London United Kingdom N22 8HF
ZH (PROPERTY MANAGEMENT) LIMITED,16135843,active,ltd,,,2024-12-13,,2024-12-13,[98000],1 London Road Ipswich England IP1 2HA
SIKORSKI&CO. LTD.,16135836,active,ltd,,,2024-12-13,,2024-12-13,[74909],71-75 Shelton Street London United Kingdom WC2H 9JQ
SCANDI FRED LTD,16135894,active,ltd,,,2024-12-13,,2024-12-13,[96090],16 St. Saviours Court London United Kingdom N22 7AZ
ZAM CARE LTD,16135997,active,ltd,,,2024-12-13,,2024-12-13,[87300],Flat 79, Claymill House London United Kingdom SE18 7HX
GOOD MESS LTD,16136381,active,ltd,,,2024-12-15,,2024-12-15,[10890],Flat 6 Hollywood Court London England SW10 9HR
SANGATE LIMITED,16136639,active,ltd,,,2024-12-16,,2024-12-16,[70229],Flat 3 Westward Apartments London England NW10 3TB
VENAR LIMITED,16136696,active,ltd,,,2024-12-16,,2024-12-16,[64209],111 Park Street London England W1K 7JF
WESTEND CARRIAGES LTD,16136844,active,ltd,,,2024-12-16,,2024-12-16,[49390, 77110],Octavia House London England W1H 4NX
TRIOCHEM LTD,16136842,active,ltd,,,2024-12-16,,2024-12-16,[47730],Flat 28 Windsor Court Newcastle England ST5 1NY
MAVERICK THERAPIES LTD,16136832,active,ltd,,,2024-12-16,,2024-12-16,[86900],20 Wenlock Road London England N1 7GU
DIORAMA CONSULTING LTD,16137029,active,ltd,,,2024-12-16,,2024-12-16,[70229, 71122, 72190, 74901],71-75 Shelton Street London United Kingdom WC2H 9JQ
FUNCTIONAL BEVERAGES UK LIMITED,16137506,active,ltd,,,2024-12-16,,2024-12-16,[11070],85 Great Portland Street London England W1W 7LT
DARINA MARIE VSIANSKA PROPERTY SOLUTIONS LIMITED,16137534,active,ltd,,,2024-12-16,,2024-12-16,[68100],85 Great Portland Street London United Kingdom W1W 7LT
SYMBIOTIC DYNAMICS LTD,16137753,active,ltd,,,2024-12-16,,2024-12-16,[71122, 71129, 72190],124 City Road London United Kingdom EC1V 2NX
UNIVERSAL NEIGHBOURHOOD PROPERTIES LTD,16137728,active,ltd,,,2024-12-16,,2024-12-16,[68209],50 Seymour Street London United Kingdom W1H 7JG
BESPOKE FEED DIGITAL SOLUTIONS LTD,16137954,active,ltd,,,2024-12-16,,2024-12-16,[73110],3rd Floor, 86-90 Paul Street London United Kingdom EC2A 4NE
CMED.AI LTD,16137936,active,ltd,,,2024-12-16,,2024-12-16,[62090, 84120, 86210, 86220],10 Grange Mills Weir Road London England SW12 0NE
SERVEON GLOBAL LIMITED,16137938,active,ltd,,,2024-12-16,,2024-12-16,[70229, 82990],2nd Floor College House Ruislip, United Kingdom HA4 7AE
ARCHON INDUSTRIES LIMITED,16137389,active,ltd,,,2024-12-16,,2024-12-16,[58210],International House International House London England N1 7SR
SOULFULLY LTD,16137919,active,ltd,,,2024-12-16,,2024-12-16,[96090],71-75 Shelton Street London United Kingdom WC2H 9JQ
ASARU LABS LTD,16138089,active,ltd,,,2024-12-16,,2024-12-16,[62012],71-75 Shelton Street London United Kingdom WC2H 9JQ
ARK SQUARED LTD,16138079,active,ltd,,,2024-12-16,,2024-12-16,[98200],16 Great Queen Street London England WC2B 5DG
AFRICALL CONNECT LTD,16138093,active,ltd,,,2024-12-16,,2024-12-16,[61900],128 City Road London United Kingdom EC1V 2NX
KIRBEYI UK LTD,16115909,active,ltd,,,2024-12-03,,2024-12-03,[41100, 68100, 68209],32 Hepworth Court, 30 Gatliff Road London England SW1W 8QN
CHORLEYWOOD PIZZA & WOOD GRILL LTD,16138710,active,ltd,,,2024-12-16,,2024-12-16,[56103],60 Mill Mead Business Centre London United Kingdom N17 9QU
ICMC BROS LTD,16138903,active,ltd,,,2024-12-16,,2024-12-16,[68201],17 Tilney Road Southall London United Kingdom UB2 5LT
ALISI 16 LIMITED,16138908,active,ltd,,,2024-12-16,,2024-12-16,[68100, 68201, 68209, 68320],105 Thornsbeach Road London England SE6 1EY
METRIXLINK CORPORATION LTD,16138906,active,ltd,,,2024-12-16,,2024-12-16,[96090],128 City Road London United Kingdom EC1V 2NX
VLADY'S PAVING LTD,16138911,active,ltd,,,2024-12-16,,2024-12-16,[43390, 43999],3rd Floor, 86-90 Paul Street London England EC2A 4NE
VVI TECH EXPERTS LTD,16138916,active,ltd,,,2024-12-16,,2024-12-16,[62012, 62020, 62090],Flat 1002 Devine House 1 Southern Way London England SE10 0AU
THE DESK THERAPY LTD.,16138995,active,ltd,,,2024-12-16,,2024-12-16,[47910],71-75 Shelton Street London United Kingdom WC2H 9JQ
EOL ENTERPRISES LTD,16138989,active,ltd,,,2024-12-16,,2024-12-16,[95110, 96090],128 City Road London United Kingdom EC1V 2NX
PANDAEMONIUM PRODUCTIONS LTD,16139038,active,ltd,,,2024-12-16,,2024-12-16,[59120],Second Floor Windsor House London England W1W 8LU
THE 39TH COMPANY COSMETICS LTD,16139126,active,ltd,,,2024-12-16,,2024-12-16,[46450, 47750],128 City Road London United Kingdom EC1V 2NX
MIRABILIS CONTRACTS LTD,16139130,active,ltd,,,2024-12-16,,2024-12-16,[68100, 70229, 98000],5 Brayford Square London England E1 0SG
AAQUATICS CLOTHING LIMITED,16139407,active,ltd,,,2024-12-17,,2024-12-17,[32300, 47640, 47710],303 Bury Street West London England N9 9JN
LAND OF COLOURFUL CREATURES LTD,16139553,active,ltd,,,2024-12-17,,2024-12-17,[46410, 47599, 47610, 74100],6 Sheridan Road Wimbledon United Kingdom SW19 3HP
THE LOCKEDIN MINDSET LTD,16112791,active,ltd,,,2024-12-02,,2024-12-02,[47710, 47990, 62012, 63990],71-75 Shelton Street London United Kingdom WC2H 9JQ
MINÁKO LTD,16139733,active,ltd,,,2024-12-17,,2024-12-17,[47910],124-128 City Road London England EC1V 2NX
MEDIC WORLD LTD,16139723,active,ltd,,,2024-12-17,,2024-12-17,[85422, 86210, 86220],Apartment 206 50 Bolsover Street London England W1W 5NG
OMA BIKES PROJECTS CIC,16139875,active,ltd,community-interest-company,,2024-12-17,,2024-12-17,[47640],325 Fulham Palace Road London England SW6 6TJ
NOBLE JUNO LTD,16139885,active,ltd,,,2024-12-17,,2024-12-17,[68209],128 City Road London United Kingdom EC1V 2NX
65 MILES LIMITED,16139967,active,ltd,,,2024-12-17,,2024-12-17,[78109],128 City Road London United Kingdom EC1V 2NX
AI PROPERTY PORTAL LTD,16140091,active,ltd,,,2024-12-17,,2024-12-17,[62012, 62090, 63110],20 Wenlock Road London England N1 7GU
QC HUT BAZAR LTD,16140103,active,ltd,,,2024-12-17,,2024-12-17,[47190],78 Queens Crescent London United Kingdom NW5 4EB
KLASS N BOUGIE LTD,16140100,active,ltd,,,2024-12-17,,2024-12-17,[70229, 74100, 74209],71-75 Shelton Street London United Kingdom WC2H 9JQ
DAXXA LIMITED,16140226,active,ltd,,,2024-12-17,,2024-12-17,[78200],3rd Floor 12 Groveland Court London United Kingdom EC4M 9EH
L4F LTD,16137887,active,ltd,,,2024-12-16,,2024-12-16,[96090],71-75 Shelton Street London United Kingdom WC2H 9JQ
TRITSAROLIS CONSULTING LIMITED,16137902,active,ltd,,,2024-12-16,,2024-12-16,[70229],6 Cicada Road London United Kingdom SW18 2NW
SANDWARE LTD,16137914,active,ltd,,,2024-12-16,,2024-12-16,[47910],140 Whinchat Road London United Kingdom SE28 0DP
PRECIOUSPP LIMITED,16137860,active,ltd,,,2024-12-16,,2024-12-16,[47910],116 Godstow Road London England SE2 9AZ
H & S THERAPIES LTD,16137861,active,ltd,,,2024-12-16,,2024-12-16,[86220],71-75 Shelton Street London United Kingdom WC2H 9JQ
NHKP LIMITED,16137859,active,ltd,,,2024-12-16,,2024-12-16,[70229],Churchill House London United Kingdom NW4 4DJ
MATE MASIE LTD,16137872,active,ltd,,,2024-12-16,,2024-12-16,[90030],Unit 16 Palmers Rd London United Kingdom E2 0SZ
HEVERIZ (HOLDING) LTD,16138242,active,ltd,,,2024-12-16,,2024-12-16,[64209],32 Kinburn Street London England SE16 6DW
DIY BPO LTD,16138264,active,ltd,,,2024-12-16,,2024-12-16,[82110],1st Floor 124 Cleveland Street London United Kingdom W1T 6PG
DZALUX LTD,16138333,active,ltd,,,2024-12-16,,2024-12-16,[96090],21 Youngs Court, Charlotte Despard Avenue London England SW11 5JD
MCD & PARTNERS LIMITED,16113293,active,ltd,,,2024-12-02,,2024-12-02,[70229],Unit 206 401 Edgware Road London England NW2 6GY
GREENACRE FZCO LIMITED,16138435,active,ltd,,,2024-12-16,,2024-12-16,[46450],483 Green Lanes London United Kingdom N13 4BS
A2J INNOVATIONS LTD,16138450,active,ltd,,,2024-12-16,,2024-12-16,[62012, 62020, 63110],71-75 Shelton Street London United Kingdom WC2H 9JQ
SKYVIEW PROPERTY GROUP LTD,16138449,active,ltd,,,2024-12-16,,2024-12-16,[68209],414 Barking Road London England E13 8HJ
91 (2) BLANDFORD STREET LIMITED,16138574,active,ltd,,,2024-12-16,,2024-12-16,[68100, 68209],70 Baker Street London United Kingdom W1U 7DJ
TAMARIND GROVE INVESTMENTS PARTNERS (UK) LIMITED,16138572,active,ltd,,,2024-12-16,,2024-12-16,[64991, 70221, 70229],27 Old Gloucester Street London United Kingdom WC1N 3AX
AURELIAN GROUP LTD,16138702,active,ltd,,,2024-12-16,,2024-12-16,[96090],71-75 Shelton Street London United Kingdom WC2H 9JQ
HALSBURY SOLICITORS LTD,16138880,active,ltd,,,2024-12-16,,2024-12-16,[69102],328 Lea Bridge Road London England E10 7LD
SKYWISE DIGITAL LIMITED,16139023,active,ltd,,,2024-12-16,,2024-12-16,[73110],124 City Road London United Kingdom EC1V 2NX
SILVER KEY REALTY LIMITED,16139024,active,ltd,,,2024-12-16,,2024-12-16,[68100],39 Robin Hood Lane London England SW15 3PU
QUANTUM SECURITY CONSULTANTS LTD,16139194,active,ltd,,,2024-12-16,,2024-12-16,[62012, 62030, 62090, 63110],20 Wenlock Road London England N1 7GU
EVA BUSINESS LIMITED,16139191,active,ltd,,,2024-12-16,,2024-12-16,[46180, 47890, 47910, 81210],Regent House, 316a Beulah Hill London United Kingdom SE19 3HF
PATRONIKS LTD,16139375,active,ltd,,,2024-12-16,,2024-12-16,[47910, 62011, 62012, 82990],Flat 2 41 Churchfield Avenue London England N12 0NS
HDEBUCI LIMITED,16139432,active,ltd,,,2024-12-17,,2024-12-17,[68100, 68209],Flat 15 Shawbury Court 99-115 Lordship Lane London England SE22 9DQ
NIKITA BEAUTY SALON LTD,16139522,active,ltd,,,2024-12-17,,2024-12-17,[96020],134e Kingsland Road Shoreditch England E2 8DY
LAS VEGAS NAILS 32 LTD,16139630,active,ltd,,,2024-12-17,,2024-12-17,[96020],30-32 Fulham High Street London England SW6 3LQ
FINNECT TECHNOLOGY LIMITED,16139761,active,ltd,,,2024-12-17,,2024-12-17,[62012],Flat 18 Cobden House London England E2 7AH
HORIZON PROPERTY RENTALS LTD,16139769,active,ltd,,,2024-12-17,,2024-12-17,[68320],Euro House Flat 29 London England N20 9BW
UMI TRAVEL AND TOURS UK LTD,16139767,active,ltd,,,2024-12-17,,2024-12-17,[41202, 68209, 77110, 79110],108 Valetta Road London England W3 7TW
FESTIVAL RETAIL PROPERTIES LIMITED,16139907,active,ltd,,,2024-12-17,,2024-12-17,[68209],Enterprise House First Floor London England NW4 2HN
G7 FOREST LIMITED,16139987,active,ltd,,,2024-12-17,,2024-12-17,[68209],C/O Getground London England W6 0NB
CONTINUOUS POWER LTD,16140001,active,ltd,,,2024-12-17,,2024-12-17,[27200, 71129, 71200, 72190],71-75 Shelton Street London United Kingdom WC2H 9JQ
CREATIVE TOURING SERVICES LTD,16140150,active,ltd,,,2024-12-17,,2024-12-17,[90030],2nd Floor Northumberland House London United Kingdom WC1V 7JZ
SEA TURTLE LTD,16138477,active,ltd,,,2024-12-16,,2024-12-16,[99999],27 Old Gloucester Street London United Kingdom WC1N 3AX
MRA VENTURES LTD,16139231,active,ltd,,,2024-12-16,,2024-12-16,[68100, 68209],27-29 Atlantic Road London England SW9 8JJ
ALSO 22 CREATIVE LTD,16139474,active,ltd,,,2024-12-17,,2024-12-17,[59112, 59200, 73110],24 Skyline House Dickens Yard London United Kingdom W5 2BJ
CASA TOSCANO LTD,16139588,active,ltd,,,2024-12-17,,2024-12-17,[10890, 56290],20 Wenlock Road London England N1 7GU
HOME HAVEN PROPERTY LTD,16139817,active,ltd,,,2024-12-17,,2024-12-17,[68320],Euro House Flat 29 London England N20 9BW
NIKOLAI K LTD,16140190,active,ltd,,,2024-12-17,,2024-12-17,[74100],71-75 Shelton Street London United Kingdom WC2H 9JQ
SENSEWARE INTERNATIONAL LIMITED,16140261,active,ltd,,,2024-12-17,,2024-12-17,[47910, 47990],85 Great Portland Street, First Floor London England W1W 7LT
ERREMME UK LIMITED,16134030,active,ltd,,,2024-12-13,,2024-12-13,[82990],48-49 Chancery Lane London England WC2A 1JF
JARI TRADING LIMITED,16134321,active,ltd,,,2024-12-13,,2024-12-13,[46310],123 Holland Road London England NW10 5AT
RE UK 0012 LTD,16134307,active,ltd,,,2024-12-13,,2024-12-13,[68100, 68209],87-89 Baker Street London England W1U 6RJ
RANKWISE LTD,16134301,active,ltd,,,2024-12-13,,2024-12-13,[62012, 63120, 70210, 73110],24-26 Arcadia Avenue, Fin009/Govonly London United Kingdom N3 2JU
CONNECTIVE VENTURES LTD,16134302,active,ltd,,,2024-12-13,,2024-12-13,[47910],14/2e Docklands Business Centre London United Kingdom E14 8PX
PEN-Y-GLOL HOLIDAYS LIMITED,16135136,active,ltd,,,2024-12-13,,2024-12-13,[55300],Royal Vale Caravan Park London Road Knutsford United Kingdom WA16 9JD
DR JINA SWARTZ CONSULTING LTD,16135400,active,ltd,,,2024-12-13,,2024-12-13,[82990],3rd Floor, Great Titchfield House London United Kingdom W1W 8BD
HANDS3 LTD,16135612,active,ltd,,,2024-12-13,,2024-12-13,[47789],3rd Floor, 86-90 Paul Street London United Kingdom EC2A 4NE
IBH (PROPERTY MANAGEMENT) LIMITED,16135788,active,ltd,,,2024-12-13,,2024-12-13,[98000],1 London Road Ipswich England IP1 2HA
KETNER PRODUCTIONS LTD,16135762,active,ltd,,,2024-12-13,,2024-12-13,[90020],34 Museum Street London United Kingdom WC1A 1LH
LONDON PROPERTY & DESIGN LIMITED,16135756,active,ltd,,,2024-12-13,,2024-12-13,[68100, 68209],128 City Road London United Kingdom EC1V 2NX
BUZZBOX GADGETS LIMITED,16135769,active,ltd,,,2024-12-13,,2024-12-13,[46900, 47789, 47890, 47910],71-75 Shelton Street London United Kingdom WC2H 9JQ
AMBIX RETAIL GROUP LTD,16136331,active,ltd,,,2024-12-15,,2024-12-15,[46160],167-169 Great Portland Street London United Kingdom W1W 5PF
OS MACHINES LTD,16136542,active,ltd,,,2024-12-15,,2024-12-15,[28990],3rd Floor, 86-90 Paul Street London United Kingdom EC2A 4NE
NEXT LEVEL BUILDING SERVICES LIMITED,16136631,active,ltd,,,2024-12-15,,2024-12-15,[41100],59 Lansdown Road London England E7 8NF
GREAT PULTENEY PROPERTIES LIMITED,16136724,active,ltd,,,2024-12-16,,2024-12-16,[68209],7th Floor Portman House London United Kingdom W1H 6DU
MLTF GROUP LTD,16136927,active,ltd,,,2024-12-16,,2024-12-16,[70100],107 Roman Road London England E2 0QN
HATTON GARDEN LIFESTYLE LTD,16136932,active,ltd,,,2024-12-16,,2024-12-16,[47770],88-90 Hatton Garden Suite 39 London England EC1N 8PN
PRECISION CLIMATE SOLUTIONS LIMITED,16137184,active,ltd,,,2024-12-16,,2024-12-16,[43220],124 City Rd London United Kingdom EC1V 2NX
NOVA 961 LTD,16137188,active,ltd,,,2024-12-16,,2024-12-16,[56101],Lg06 1 Quality Court London United Kingdom WC2A 1HR
LIANARK LTD,16133926,active,ltd,,,2024-12-13,,2024-12-13,[86900],Christopher House Leicester United Kingdom LE2 0QS
SPARK LEGAL AND POLICY SOLUTIONS LTD,16134153,active,ltd,,,2024-12-13,,2024-12-13,[69109],Unit 2 37 Colville Road London United Kingdom W3 8BL
ROLLING AROUND LTD,16134366,active,ltd,,,2024-12-13,,2024-12-13,[93199],Flat 39 Limehouse Lodge London England E5 9RN
NM PROPERTY MANAGEMENT SERVICES LIMITED,16134326,active,ltd,,,2024-12-13,,2024-12-13,[68209],C/O Cwa Lockkeepers Cottage Waltham Abbey United Kingdom EN9 1FJ
SILKENS LONDON LTD,16134340,active,ltd,,,2024-12-13,,2024-12-13,[47910],124 City Road London United Kingdom EC1V 2NX
FUEL SUPPLEMENTS LTD,16134563,active,ltd,,,2024-12-13,,2024-12-13,[47190, 47910],5 Brayford Square London United Kingdom E1 0SG
WICK ASSET MANAGEMENT LIMITED,16134834,active,ltd,,,2024-12-13,,2024-12-13,[70229],1st Floor, Gallery Court London United Kingdom N3 2FG
TITAN DRIVING SCHOOL LTD,16134818,active,ltd,,,2024-12-13,,2024-12-13,[85530],145b Peckham Rye London United Kingdom SE15 3UL
DOCKED ON MONDAYS LTD,16134821,active,ltd,,,2024-12-13,,2024-12-13,[47710],128 City Road London United Kingdom EC1V 2NX
SUNE BEAUTY LTD,16134839,active,ltd,,,2024-12-13,,2024-12-13,[96020],695 Seven Sisters Road London England N15 5LA
ROEBUD LIMITED,16135244,active,ltd,,,2024-12-13,,2024-12-13,[62020, 70229],71-75 Shelton Street London United Kingdom WC2H 9JQ
REMITRAX LTD,16135526,active,ltd,,,2024-12-13,,2024-12-13,[66190],10 Abbey Parade London England SW19 1DG
BLOOM CORP LTD,16136207,active,ltd,,,2024-12-14,,2024-12-14,[62012],Apartment 808 3 Tidal Basin Road London England E16 1UW
ELEGANCE FACADE DESIGN LTD,16136808,active,ltd,,,2024-12-16,,2024-12-16,[71111],Elegance Facade Designs Ltd Office 11037 London United Kingdom E6 2JA
FLYING LEO UK PRODUCTIONS LIMITED,16136985,active,ltd,,,2024-12-16,,2024-12-16,[59111],71 Queen Victoria Street London United Kingdom EC4V 4BE
FRATER INTERNATIONAL LTD,16136972,active,ltd,,,2024-12-16,,2024-12-16,[47640],20 Wenlock Road London England N1 7GU
THINK BAKE EAT LTD,16137169,active,ltd,,,2024-12-16,,2024-12-16,[47240],232, Unit 1a Hornsey Road London United Kingdom N7 7LL
MY LITTLE STAR BOOKS LTD,16137135,active,ltd,,,2024-12-16,,2024-12-16,[47910, 58110],71-75 Shelton Street London United Kingdom WC2H 9JQ
AS MECHANIC SERVICES LTD,16137417,active,ltd,,,2024-12-16,,2024-12-16,[33160],71-75 Shelton Street London United Kingdom WC2H 9JQ
PROP SET LTD,16134242,active,ltd,,,2024-12-13,,2024-12-13,[23200],11 Sunbury Workshops London United Kingdom E2 7LF
PAUL ENERGY PRIVATE LTD,16134288,active,ltd,,,2024-12-13,,2024-12-13,[47110],6 Pepys Road Rayns Park United Kingdom SW20 8NG
ST DROPS LTD,16134255,active,ltd,,,2024-12-13,,2024-12-13,[47910],128 City Road London United Kingdom EC1V 2NX
NEXGEN BUSINESS SOLUTIONS LTD,16134246,active,ltd,,,2024-12-13,,2024-12-13,[47910],3rd Floor, 86-90 Paul Street London United Kingdom EC2A 4NE
AVENUE LETTINGS LTD,16134488,active,ltd,,,2024-12-13,,2024-12-13,[68100, 68209, 68320],12 Cumberland Road London England E12 5AZ
COVENTRYFIRST LIMITED,16134724,active,ltd,,,2024-12-13,,2024-12-13,[68209],C/O Getground London England W6 0NB
MISFITS BB LTD,16125505,active,ltd,,,2024-12-09,,2024-12-09,[59111],5th Floor 22 Soho Square London United Kingdom W1D 4NS
MAKLASINS LTD,16135180,active,ltd,,,2024-12-13,,2024-12-13,[62020],20 Wenlock Road London England N1 7GU
DOWNHILLS LETTING LTD,16135177,active,ltd,,,2024-12-13,,2024-12-13,[68310],1 West Green Road London United Kingdom N15 3BL
ZENITH HALLAMORE LIMITED,16135639,active,ltd,,,2024-12-13,,2024-12-13,[68100, 68310, 70229],7 Bell Yard London England WC2A 2JR
TOOLSURE LTD,16135807,active,ltd,,,2024-12-13,,2024-12-13,[47910],88 Lower Marsh London England SE1 7AB
SOLSEON LTD,16136353,active,ltd,,,2024-12-15,,2024-12-15,[47910],27 27 Old Gloucester Street London United Kingdom WC1N 3AX
ONE SQUARE PROPERTY INVESTMENTS LIMITED,16136557,active,ltd,,,2024-12-15,,2024-12-15,[68100],3rd Floor, 86-90 Paul Street London United Kingdom EC2A 4NE
TAMARIND THAI CAFE LIMITED,16137059,active,ltd,,,2024-12-16,,2024-12-16,[56101],1 Beaufort Gardens London United Kingdom NW4 3QN
SANITARY CLEANS LTD,16137304,active,ltd,,,2024-12-16,,2024-12-16,[81210],167-169 Great Portland Street London England W1W 5PF
ADLER BORNSTEIN INVEST GROUP LTD,16133986,active,ltd,,,2024-12-13,,2024-12-13,[64209],Suite T, Units 1 & 11, Second Floor, Building A&E London England N4 1TJ
PROTRADE PROPERTY LTD,16133975,active,ltd,,,2024-12-13,,2024-12-13,[41100, 43210, 43290, 43390],71-75 Shelton Street London United Kingdom WC2H 9JQ
CRISTILE PROPERTIES LIMITED,16134102,active,ltd,,,2024-12-13,,2024-12-13,[68209],590 Green Lanes London United Kingdom N13 5RY
STARBRIGHT ESTATES LTD,16134376,active,ltd,,,2024-12-13,,2024-12-13,[68100],Dominion House Suite 17, Dominion House London United Kingdom NW2 7AX
TECH SKETCH LTD,16134694,active,ltd,,,2024-12-13,,2024-12-13,[96090],Studio 311 Netil House London United Kingdom E8 3RL
WEN LOH LIMITED,16134862,active,ltd,,,2024-12-13,,2024-12-13,[68209],C/O Getground London England W6 0NB
QUADRIFOGLIO FOUR LTD,16135075,active,ltd,,,2024-12-13,,2024-12-13,[58290, 62012, 62090, 66300],14 Cotton's Gardens London United Kingdom E2 8DN
MAISON SAS LTD,16135294,active,ltd,,,2024-12-13,,2024-12-13,[74100],193 Trentham Court London United Kingdom W3 6BT
LI-AL CONSULTING LTD,16135534,active,ltd,,,2024-12-13,,2024-12-13,[70229],69 The Larches, London England N13 5QD
MCLAUCHLAN INDUSTRIES LTD,16135739,active,ltd,,,2024-12-13,,2024-12-13,[56101],20 Wenlock Road London England N1 7GU
OAKLEY & CO HEATING LTD,16135724,active,ltd,,,2024-12-13,,2024-12-13,[43220],77 Avery Hill Road London United Kingdom SE9 2BJ
TB SOLVEIG LTD,16135746,active,ltd,,,2024-12-13,,2024-12-13,[68209],C/O Emmaus Chartered Accountants Camberley United Kingdom GU15 3HL
CAPIZZI LTD,16135958,active,ltd,,,2024-12-13,,2024-12-13,[56103],1 Duke Street Hill London England SE1 2SW
N SQUARED CREATIVE LTD,16136017,active,ltd,,,2024-12-13,,2024-12-13,[43999],44 Courtland Grove London England SE28 8PB
MAISON IV LTD,16132354,active,ltd,,,2024-12-12,,2024-12-12,[20420, 46450],Suite 1, 5th Floor London United Kingdom EC3M 1EU
SHANNON SPALDING LIMITED,16132250,active,ltd,,,2024-12-12,,2024-12-12,[70229, 74209],Afe Accountants Ltd Building 3 London England N11 1GN
JULES' CREATIVE CONTENT LTD,16132398,active,ltd,,,2024-12-12,,2024-12-12,[59112],Aston House London United Kingdom N3 1LF
PROJECTS BULK PIPING LIMITED,16132375,active,ltd,,,2024-12-12,,2024-12-12,[46630, 46690, 46740, 46900],115 London Road Morden England SM4 5HP
GRACE AND ROSE TECH LTD,16132221,active,ltd,,,2024-12-12,,2024-12-12,[74909],71-75 Shelton Street London United Kingdom WC2H 9JQ
FIELD KINARDOCHY LTD,16132333,active,ltd,,,2024-12-12,,2024-12-12,[35110],Fora Montacute Yards London United Kingdom E1 6HU
LANDCARE  GROUP LTD,16132100,active,ltd,,,2024-12-12,,2024-12-12,[41100, 68100, 68209],71-75 Shelton Street London United Kingdom WC2H 9JQ
RAD NEWS LTD,16132025,active,ltd,,,2024-12-12,,2024-12-12,[63910],132-140 Goswell Road London United Kingdom EC1V 7DY
DELLIAN INVESTMENTS LTD,16132178,active,ltd,,,2024-12-12,,2024-12-12,[68209],27 Old Gloucester Street London United Kingdom WC1N 3AX
HARPGROWTH LTD,16132259,active,ltd,,,2024-12-12,,2024-12-12,[47910],Office 11017, 182-184 High Street North East Ham United Kingdom E6 2JA
KS LONDON HOLDINGS LTD,16132278,active,ltd,,,2024-12-12,,2024-12-12,[68209],29 Craignish Avenue London England SW16 4RN
INTERNATIONAL CPD LTD,16132112,active,ltd,,,2024-12-12,,2024-12-12,[63990, 85320, 94120],20 Wenlock Road London England N1 7GU
P GUPTA LIMITED,16132029,active,ltd,,,2024-12-12,,2024-12-12,[56103],89 Wapping Lane London England E1W 2RW
VOLICITI GROUP VENTURES LTD,16132088,active,ltd,,,2024-12-12,,2024-12-12,[46190, 58290, 62020, 96020],128 City Road London United Kingdom EC1V 2NX
AIKZ LTD,16132093,active,ltd,,,2024-12-12,,2024-12-12,[56103],54-56 London Road Sheffield United Kingdom S2 4LR
NOVA TECHNOLOGY CONSULTING LTD,16132165,active,ltd,,,2024-12-12,,2024-12-12,[62020, 62090],124-128 City Road London England EC1V 2NX
COSMO JV GP LTD,16132302,active,ltd,,,2024-12-12,,2024-12-12,[64209],Level 6 Duo London United Kingdom EC2M 4RB
PRIME EVENT PERSONNEL LTD,16136227,active,ltd,,,2024-12-14,,2024-12-14,[78109, 82302, 96090],124-128 City Road London England EC1V 2NX
CELEBRATE LYF LIMITED,16136346,active,ltd,,,2024-12-15,,2024-12-15,[90010],167-169 Great Portland Street London United Kingdom W1W 5PF
R & R GLOBAL SOLUTIONS LTD,16136446,active,ltd,,,2024-12-15,,2024-12-15,[82990],79a Florence Road London England SE14 6QL
H&Z PLUMBING AND BUILDING SERVICES LTD,16136519,active,ltd,,,2024-12-15,,2024-12-15,[43220],Flat 402 Kushiyara House 49 Pedley Street London England E1 5FQ
GIANT ABODE LTD,16136582,active,ltd,,,2024-12-15,,2024-12-15,[68209],88 West Green Road London England N15 5NS
CALENDA LTD,16136710,active,ltd,,,2024-12-16,,2024-12-16,[58290, 70229],195 Wood Street London United Kingdom E17 3NU
MG PROPERTY & CONSTRUCTION LIMITED,16136717,active,ltd,,,2024-12-16,,2024-12-16,[41100, 68320],38 Bakers Avenue London England E17 9AW
JP ABODES LIMITED,16136882,active,ltd,,,2024-12-16,,2024-12-16,[68100, 68209],85 Great Portland Street London United Kingdom W1W 7LT
MEDIA COHESION LTD,16137065,active,ltd,,,2024-12-16,,2024-12-16,[96090],71-75 Shelton Street London United Kingdom WC2H 9JQ
TKHK INVESTMENTS LIMITED,16137071,active,ltd,,,2024-12-16,,2024-12-16,[68100],71-75 Shelton Street London United Kingdom WC2H 9JQ
69 CITY TRANSPORT LTD,16137083,active,ltd,,,2024-12-16,,2024-12-16,[49320],Suite 209a Peel House, 34-44 London Road Morden England SM4 5BT
INAT TRANSPORT LTD,16137075,active,ltd,,,2024-12-16,,2024-12-16,[49410],246a Hoe Street London England E17 3AX
JBOOGIE LTD,16137319,active,ltd,,,2024-12-16,,2024-12-16,[62020],38 Coles Green Court London England NW2 7FL
MCG FABRICS LIMITED,16133826,active,ltd,,,2024-12-13,,2024-12-13,[46160],396 Long Lane London United Kingdom N2 8JX
THE GENTLEDOG CLUB LTD,16133992,active,ltd,,,2024-12-13,,2024-12-13,[01621],Flat 9 St. Martins House London England NW1 1QB
CRAFT HOTELS LTD,16134226,active,ltd,,,2024-12-13,,2024-12-13,[41100, 55100],3 Boscombe Road London England W12 9HS
FAM ASSET MANAGEMENT LTD,16134202,active,ltd,,,2024-12-13,,2024-12-13,[68100, 68209],103 Booth Road London England NW9 5JU
VANISHING ACT PRODUCTIONS LIMITED,16134445,active,ltd,,,2024-12-13,,2024-12-13,[59111],1 Westfield Avenue London England E20 1HZ
MAKALU UK TOPCO LIMITED,16134661,active,ltd,,,2024-12-13,,2024-12-13,[64209],Level 25 One Canada Square London United Kingdom E14 5AA
HACKNEY SOUND LTD,16134667,active,ltd,,,2024-12-13,,2024-12-13,[96090],Studio 311 Netil House London United Kingdom E8 3RL
PARNIX LTD,16134915,active,ltd,,,2024-12-13,,2024-12-13,[62020],Flat 3 Craig House London England W13 8QJ
CROSSROADS CREATIVE LTD,16134931,active,ltd,,,2024-12-13,,2024-12-13,[22290, 47190, 47599, 47760],71-75 Shelton Street London United Kingdom WC2H 9JQ
GOUP TRADE LTD,16134937,active,ltd,,,2024-12-13,,2024-12-13,[46520, 46690, 46900],128 City Road London United Kingdom EC1V 2NX
STEFFY CONSULTING LTD,16134920,active,ltd,,,2024-12-13,,2024-12-13,[62020],86-90 Paul Street London England EC2A 4NE
SOUTHERN PLUMBING SOLUTIONS LTD,16135104,active,ltd,,,2024-12-13,,2024-12-13,[43220],3rd Floor, 86-90 Paul Street London United Kingdom EC2A 4NE
ASTRIVA LTD,16135340,active,ltd,,,2024-12-13,,2024-12-13,[47190, 70229, 85422, 85520],128 City Road London United Kingdom EC1V 2NX
SIELLE INTERIORS LTD,16116104,active,ltd,,,2024-12-03,,2024-12-03,[74100],3 Fitzhardinge Street London England W1H 6EF
WEL CONSULTING LTD,16135564,active,ltd,,,2024-12-13,,2024-12-13,[62020],71-75 Shelton Street London United Kingdom WC2H 9JQ
MAXOONA LIMITED,16135700,active,ltd,,,2024-12-13,,2024-12-13,[98000],7 Hastings Street London England SE18 6SY
FIELD ENGINEER NETWORK LTD,16135718,active,ltd,,,2024-12-13,,2024-12-13,[73110],20 Wenlock Road London England N1 7GU
ZAV & ZAK LTD,16137119,active,ltd,,,2024-12-16,,2024-12-16,[52290],665 Sidcup Road London England SE9 3AQ
YWM GROUP LTD,16137379,active,ltd,,,2024-12-16,,2024-12-16,[46900],128 City Road London United Kingdom EC1V 2NX
PLAN B ENGINEERING LTD,16137380,active,ltd,,,2024-12-16,,2024-12-16,[43999],3rd Floor, 86-90 Paul Street London United Kingdom EC2A 4NE
ALMOND VILLAGE INVESTMENTS LTD,16137384,active,ltd,,,2024-12-16,,2024-12-16,[68100, 68201, 68209, 68320],105 Thornsbeach Road London England SE6 1EY
PURECARE LONDON LTD,16137400,active,ltd,,,2024-12-16,,2024-12-16,[46499],71 Pont Street London England SW1X 0BH
NOEL HOLDINGS LTD,16137570,active,ltd,,,2024-12-16,,2024-12-16,[64209],44 Kew Bridge Road Brentford England TW8 0EW
DCSN LTD,16116458,active,ltd,,,2024-12-03,,2024-12-03,[47910],85 Great Portland Street London England W1W 7LT
IMPL SPARKLE SERVICES LTD,16121744,active,ltd,,,2024-12-08,,2024-12-08,[81210, 81299],26a Stork Road London England E7 9HR
ASKA JOINERY LTD,16121748,active,ltd,,,2024-12-08,,2024-12-08,[16230],Unit 2 Building Bloqs Unit 2 Anthony Way London United Kingdom N18 3QT
SNSEWRLD LTD,16121755,active,ltd,,,2024-12-08,,2024-12-08,[47990],22 Farmdale Road London England SE10 0LS
CHINTUITION STUDIOS LTD,16121866,active,ltd,,,2024-12-08,,2024-12-08,[47710, 58190],3rd Floor, 86-90 Paul Street London United Kingdom EC2A 4NE
GERGELY INVESTMENT LIMITED,16121763,active,ltd,,,2024-12-08,,2024-12-08,[53201],69 Windsor Road London England E7 0QY
TSP BUILDING LTD,16121771,active,ltd,,,2024-12-08,,2024-12-08,[43390],167-169 Great Portland Street London United Kingdom W1W 5PF
GUEST & DAUGHTERS LIMITED,16121787,active,ltd,,,2024-12-08,,2024-12-08,[47990, 96090],15 Whitehall London England SW1A 2DD
VOX MAX LTD,16121836,active,ltd,,,2024-12-08,,2024-12-08,[74100],3rd Floor, 86-90 Paul Street London United Kingdom EC2A 4NE
CHIRPIER LTD,16121841,active,ltd,,,2024-12-08,,2024-12-08,[62012],63 Mildmay Road London England N1 4PU
SU SAN NAILS 16 LTD,16121843,active,ltd,,,2024-12-08,,2024-12-08,[96020],Ground Floor, 16 Lavender Hill London England SW11 5RW
CHINESE FUSION LTD,16121909,active,ltd,,,2024-12-08,,2024-12-08,[47890],Flat 103, Tenby Court Tenby Road London United Kingdom E17 7AU
CK MOTORS AND HIRE LTD,16121999,active,ltd,,,2024-12-08,,2024-12-08,[45112, 49320],294 Grove Green Road London England E11 4EN
SAS LEGAL LIMITED,16121989,active,ltd,,,2024-12-08,,2024-12-08,[69102],C/O Merali Beedle Vicarage House London England W8 4DB
WEBTECH SOLUTIONS GROUP LTD,16121967,active,ltd,,,2024-12-08,,2024-12-08,[73110],3rd Floor, 86-90 Paul Street London United Kingdom EC2A 4NE
ANGEL TECH REPAIRS LIMITED,16122098,active,ltd,,,2024-12-08,,2024-12-08,[47421, 95110],346 Upper Street London England N1 0PD
BAGESHREE INVESTMENTS LIMITED,16122035,active,ltd,,,2024-12-08,,2024-12-08,[68100],7 Bell Yard, London England WC2A 2JR
LIAISE PROPERTY COMPANY SPV2 LIMITED,16122073,active,ltd,,,2024-12-08,,2024-12-08,[68209],Highbury Crescent Rooms London United Kingdom N5 1XA
LUMONIX LTD,16122188,active,ltd,,,2024-12-08,,2024-12-08,[73110],53 Napier Avenue London England SW6 3PS
THE BOILER DUDE LTD,16122178,active,ltd,,,2024-12-08,,2024-12-08,[43220],61 Leadale Avenue London England E4 8AX
INTELLIGENTLY DESIGNED EDUCATION LTD.,16122220,active,ltd,,,2024-12-08,,2024-12-08,[85590],28 Carminia Road London England SW17 8AH
ANDRINA LOUISE LUTTER LTD,16122246,active,ltd,,,2024-12-08,,2024-12-08,[99999],Flat 59 Hathersage Court London England N1 4RF
TAHMAZ MARINE LTD,16141905,active,ltd,,,2024-12-18,,2024-12-18,[99999],Third Floor London England W1B 3HH
XPARK GAMES LTD,16141918,active,ltd,,,2024-12-18,,2024-12-18,[58210, 62090, 85600],20 Wenlock Road London England N1 7GU
CYI PROPERTIES LTD,16141964,active,ltd,,,2024-12-18,,2024-12-18,[68100, 68209, 68320],Unit 5 Block 2 Woolwich Church Street London England SE18 5PQ
HTK STORE LTD,16141977,active,ltd,,,2024-12-18,,2024-12-18,[47190],71-75 Shelton Street London United Kingdom WC2H 9JQ
VIRAL MEDIA VISION LTD,16141981,active,ltd,,,2024-12-18,,2024-12-18,[59112],International House London United Kingdom EC3V 3NG
CLARKE & CO HOLDINGS LTD,16141979,active,ltd,,,2024-12-18,,2024-12-18,[68100],20 Wenlock Road London England N1 7GU
ECI - LEGAL CONSULT LIMITED,16141985,active,ltd,,,2024-12-18,,2024-12-18,[69102],Bilt Mansions Suite 109-110 Bilt Mansions London England SE8 4HH
SECURITY GRC ENGINEERING LTD,16142022,active,ltd,,,2024-12-18,,2024-12-18,[62020, 63990],Hamilton House London England E4 9LD
78 THE CHASE MANAGEMENT LTD,16142016,active,ltd,,,2024-12-18,,2024-12-18,[68209],78a The Chase London England SW4 0NG
SAFA AUTOS LTD,16142009,active,ltd,,,2024-12-18,,2024-12-18,[45112, 45200],110 Sheaveshill Avenue London England NW9 6RY
DR K CITRON LIMITED,16142034,active,ltd,,,2024-12-18,,2024-12-18,[86210],9 Harley Street London England W1G 9QY
GRIZEDALE MOTORS LIMITED,16142078,active,ltd,,,2024-12-18,,2024-12-18,[45112],71-75 Shelton Street London United Kingdom WC2H 9JQ
BAKE IT! BRISTOL LTD,16142077,active,ltd,,,2024-12-18,,2024-12-18,[93290],71-75 Shelton Street London United Kingdom WC2H 9JQ
NOCOMM RETAIL LIMITED,16142083,active,ltd,,,2024-12-18,,2024-12-18,[41100, 68209],311 Regents Park Road London England N3 1DP
EGR SCAFFOLDING LTD,16142093,active,ltd,,,2024-12-18,,2024-12-18,[43991],71-75 Shelton Street London United Kingdom WC2H 9JQ
OG SOURCED LTD,16142124,active,ltd,,,2024-12-18,,2024-12-18,[82990],71-75 Shelton Street London United Kingdom WC2H 9JQ
TMD TALENT MANAGEMENT LIMITED,16142130,active,ltd,,,2024-12-18,,2024-12-18,[93199],71-75 Shelton Street London United Kingdom WC2H 9JQ
LUXE MANAGEMENT GROUP LTD,16142138,active,ltd,,,2024-12-18,,2024-12-18,[98000],International House London United Kingdom SW11 5RQ
GREENCHANGE LTD,16142212,active,ltd,,,2024-12-18,,2024-12-18,[46760],71-75 Shelton Street London United Kingdom WC2H 9JQ
VIKTOR LONDON LTD,16142231,active,ltd,,,2024-12-18,,2024-12-18,[41100, 56210],Flat 12 Avenue Court London England NW2 2PT
NO LIMITS EDUCATION LTD,16142361,active,ltd,,,2024-12-18,,2024-12-18,[85600],20 Wenlock Road London England N1 7GU
EVOLTA LTD,16142368,active,ltd,,,2024-12-18,,2024-12-18,[47910],128 City Road London United Kingdom EC1V 2NX
STEER AUTO LTD,16142412,active,ltd,,,2024-12-18,,2024-12-18,[45200],128 City Road London United Kingdom EC1V 2NX
CALL OF MARKETING LTD,16142451,active,ltd,,,2024-12-18,,2024-12-18,[73110],3rd Floor, 86-90 Paul Street London United Kingdom EC2A 4NE
WATERLOW INVESTMENTS LIMITED,16142471,active,ltd,,,2024-12-18,,2024-12-18,[64991],Calder & Co London United Kingdom WC2H 7HF
HATHERELL DIGITAL LIMITED,16142484,active,ltd,,,2024-12-18,,2024-12-18,[58190, 62020],Sutherland House Leigh-On-Sea England SS9 2RZ
BMR PROPERTIES SUB 1 LTD,16142495,active,ltd,,,2024-12-18,,2024-12-18,[68100],C/O 32 Castlewood Road London United Kingdom N16 6DW
QRC MORTGAGE LIMITED,16142516,active,ltd,,,2024-12-18,,2024-12-18,[64999],71-75 Shelton Street London United Kingdom WC2H 9JQ
BOXGROVE CONSULTING LTD,16142538,active,ltd,,,2024-12-18,,2024-12-18,[69202, 70221],71-75 Shelton Street London United Kingdom WC2H 9JQ
THE URBAN GREENING PROJECT LTD,16140296,active,ltd,,,2024-12-17,,2024-12-17,[81300],37 Park Hall Road London England SE21 8EX
SIRIUS INVESTMENTS LONDON LTD,16140385,active,ltd,,,2024-12-17,,2024-12-17,[68209],4 Nutter Lane London England E11 2HY
DUST IT OFF LTD,16140472,active,ltd,,,2024-12-17,,2024-12-17,[81210],20 Wenlock Road London England N1 7GU
CLUBTABLE LIMITED,16140479,active,ltd,,,2024-12-17,,2024-12-17,[63120],16 Wiseton Road London England SW17 7EE
CAYAN EXPRESS LTD,16140843,active,ltd,,,2024-12-17,,2024-12-17,[47110],293 Hermitage Road London United Kingdom N4 1NT
FRIENDLY CONSULTING EDMONTON LTD,16140896,active,ltd,,,2024-12-17,,2024-12-17,[69202],185 Fore Street London England N18 2UD
OIRAM PROPERTY GROUP LIMITED,16141246,active,ltd,,,2024-12-17,,2024-12-17,[68209],124 City Road London United Kingdom EC1V 2NX
FACE VALUE LTD,16141280,active,ltd,,,2024-12-17,,2024-12-17,[46900],128 City Road London United Kingdom EC1V 2NX
APEX MOJO LIMITED,16141604,active,ltd,,,2024-12-17,,2024-12-17,[73110],53 Queens Avenue London England N21 3JH
JO-ELEANORS BREAD AND BUTTER TEYNHAM LTD,16140401,active,ltd,,,2024-12-17,,2024-12-17,[56102],167a London Road Sittingbourne England ME9 9QJ
MOBILITY VERSE UK LTD,16140567,active,ltd,,,2024-12-17,,2024-12-17,[62020, 62090],5 Cheapside North Circular Road London United Kingdom N13 5ED
CLEAN KUTZ BARBER LIMITED,16140735,active,ltd,,,2024-12-17,,2024-12-17,[96020],399 Cambridge Heath Road London England E2 9RA
J STAR CARE LIMITED,16140734,active,ltd,,,2024-12-17,,2024-12-17,[78200, 87300, 87900, 88910],Office 11028 182-184 High Street North London United Kingdom E6 2JA
PRADA RE UK LTD,16140972,active,ltd,,,2024-12-17,,2024-12-17,[68209],17-18 Old Bond Street London United Kingdom W1S 4PT
AWCT HOLDING LIMITED,16141060,active,ltd,,,2024-12-17,,2024-12-17,[68209],16 Ingestre Place London England W1F 0JJ
LAPIS MIDCO LIMITED,16141138,active,ltd,,,2024-12-17,,2024-12-17,[64209],C/O Marlin Equity Partners 4th Floor London United Kingdom W1T 1PB
KS7 PROMOTIONS LIMITED,16141227,active,ltd,,,2024-12-17,,2024-12-17,[93199],71 Queen Victoria Street London United Kingdom EC4V 4BE
OASIS CAPITAL MARKETS LIMITED,16141236,active,ltd,,,2024-12-17,,2024-12-17,[62012],124 City  Road London United Kingdom EC1V 2NX
MUSHMELLO LTD,16141335,active,ltd,,,2024-12-17,,2024-12-17,[47760, 47910],2 Lothair Road London England W5 4TA
PEACEHAVEN PROPERTY LIMITED,16141346,active,ltd,,,2024-12-17,,2024-12-17,[68209],Leytonstone House 3 Hanbury Drive London England E11 1GA
SIMPLY PILATES LONDON LIMITED,16141423,active,ltd,,,2024-12-17,,2024-12-17,[93130],167 Battersea High Street London England SW11 3JS
SBA CONSULTING LIMITED,16141482,active,ltd,,,2024-12-17,,2024-12-17,[62020],124-128 City Road London England EC1V 2NX
EUROHILL ESTATES LTD,16129512,active,ltd,,,2024-12-11,,2024-12-11,[68100, 68209, 70229],179 Torridon Road London United Kingdom SE6 1RG
MDG PROPCO 1 LIMITED,16141622,active,ltd,,,2024-12-17,,2024-12-17,[68320],73-81 Southwark Bridge Road London England SE1 0NQ
TYYTAX LIMITED,16141666,active,ltd,,,2024-12-18,,2024-12-18,[69202, 69203],Flat 17 Bredel House London England E14 7AS
AGRODRIVE SOLUTIONS LTD,16140357,active,ltd,,,2024-12-17,,2024-12-17,[82990, 96090],42-44 Bishopsgate London England EC2N 4AH
MILFORD ARMS LTD,16140370,active,ltd,,,2024-12-17,,2024-12-17,[56302, 68209],104 Popes Lane London England W5 4NS
BLISS PROFESSIONAL HEALTHCARE LIMITED,16140466,active,ltd,,,2024-12-17,,2024-12-17,[86102],69 Overton Road London England SE2 9SF
X-LITE BEVERAGES UK LIMITED,16140528,active,ltd,,,2024-12-17,,2024-12-17,[46170],128 City Road London United Kingdom EC1V 2NX
TOPAZWINDOWS LIMITED,16140627,active,ltd,,,2024-12-17,,2024-12-17,[25120],152-154 Coles Green Road London England NW2 7HD
ZT LONDON LTD,16140681,active,ltd,,,2024-12-17,,2024-12-17,[47910],4 Cyprus Road London England N3 3RY
NEXASOFT LTD,16140852,active,ltd,,,2024-12-17,,2024-12-17,[62012],71-75 Shelton Street London United Kingdom WC2H 9JQ
DUTY AND PURPOSE LIMITED,16140849,active,ltd,,,2024-12-17,,2024-12-17,[68209],Flat 50 Ellison House London England SE13 7NB
ERCETIN YACHTING LTD,16141112,active,ltd,,,2024-12-17,,2024-12-17,[99999],27 Old Gloucester Street London United Kingdom WC1N 3AX
RIT TECH UK LTD,16141181,active,ltd,,,2024-12-17,,2024-12-17,[62090],Elscot House London England N3 2JU
JAYMS PROPERTIES LIMITED,16141472,active,ltd,,,2024-12-17,,2024-12-17,[68100, 68209],24a Sydenham Road London United Kingdom SE26 5QW
TUUFU LIMITED,16141583,active,ltd,,,2024-12-17,,2024-12-17,[47910],5 Brayford Square London England E1 0SG
COLBERG INVESTMENTS LTD,16141648,active,ltd,,,2024-12-17,,2024-12-17,[68209],33 Colberg Place London England N16 5RA
SAFI AMANI LIMITED,16141644,active,ltd,,,2024-12-17,,2024-12-17,[46450],Flat 22 Cromberdale Court London England N17 9UX
WEOUTSIDE.AI LTD,16141646,active,ltd,,,2024-12-17,,2024-12-17,[62020],3rd Floor, 86-90 Paul Street London England EC2A 4NE
SIERRA ALPHA TECHNOLOGIES LTD,16140303,active,ltd,,,2024-12-17,,2024-12-17,[62012],86-90 Paul Street London United Kingdom EC2A 4NE
SAKHI & SONS SELLWELL PROPERTY LTD,16140312,active,ltd,,,2024-12-17,,2024-12-17,[68100, 68201, 68209],72 Sundew Avenue London England W12 0RR
MONACO DENTURE DIRECT LTD,16140319,active,ltd,,,2024-12-17,,2024-12-17,[86230],Unit 2, 16 Crown Street London United Kingdom W3 8SB
HOOKINS HOMES LTD,16140596,active,ltd,,,2024-12-17,,2024-12-17,[68209],Flat I London United Kingdom SE13 6HB
NSPI 2 LIMITED,16140587,active,ltd,,,2024-12-17,,2024-12-17,[41202, 68100],43c Grosvenor Road London England W7 1HR
FATIMAH GHAZI LIMITED,16140709,active,ltd,,,2024-12-17,,2024-12-17,[86900],27 Old Gloucester Street London United Kingdom WC1N 3AX
KIVE ESTATES LIMITED,16140801,active,ltd,,,2024-12-17,,2024-12-17,[68100, 68201, 68209, 68320],71-75 Shelton Street London United Kingdom WC2H 9JQ
UROCARE INNOVATIONS LIMITED,16141204,active,ltd,,,2024-12-17,,2024-12-17,[32500, 74909, 86220],167-169 Great Portland Street London England W1W 5PF
GRIFFIN RED 2025 LIMITED,16115843,active,ltd,,,2024-12-03,,2024-12-03,[64209],5 Churchill Place London England E14 5HU
NEWCOMEN LIMITED,16141507,active,ltd,,,2024-12-17,,2024-12-17,[68209],59 Queen Elizabeths Walk London England N16 5UG
MOREWORK LIMITED,16141566,active,ltd,,,2024-12-17,,2024-12-17,[41100, 43220, 43341, 43390],3rd Floor, 86-90 Paul Street London England EC2A 4NE
LAM SPACES LTD,16141568,active,ltd,,,2024-12-17,,2024-12-17,[74100],19 Bride Street London England N7 8RN
GDI HUB COMMERCIAL LIMITED,16142573,active,ltd,,,2024-12-18,,2024-12-18,[70229, 74909],Gdi Hub Ucl East (Marshgate) Stratford United Kingdom E20 2AE
CORE CONNECT ACCOUNTANTS INTERNATIONAL LTD,16142603,active,ltd,,,2024-12-18,,2024-12-18,[69201],23 Southampton Place London England WC1A 2BP
EXACTCOAT SERVICES LTD,16142779,active,ltd,,,2024-12-18,,2024-12-18,[43341, 43390, 43999],27 Linton Gardens London United Kingdom E6 5SQ
LACE BAKES LTD,16142814,active,ltd,,,2024-12-18,,2024-12-18,[58110, 59132, 73110, 90030],71-75 Shelton Street London United Kingdom WC2H 9JQ
SASKIA CLAUSEN LIMITED,16142842,active,ltd,,,2024-12-18,,2024-12-18,[90030],Flat 7 9-11 London Lane London England E8 3PR
JEN HOOKE LIMITED,16142883,active,ltd,,,2024-12-18,,2024-12-18,[74909],39 Long Acre London United Kingdom WC2E 9LG
AUGUST PC03 LIMITED,16142930,active,ltd,,,2024-12-18,,2024-12-18,[55209],124 Finchley Road London United Kingdom NW3 5JS
AJ TECH LEYTONSTONE LTD,16143078,active,ltd,,,2024-12-18,,2024-12-18,[47429],815a High Road London England E11 1HQ
LOCATION SECURE SERVICES LTD,16143089,active,ltd,,,2024-12-18,,2024-12-18,[80100],71-75 Shelton Street London United Kingdom WC2H 9JQ
RY WORKS LTD,16143070,active,ltd,,,2024-12-18,,2024-12-18,[71129],3rd Floor, 86-90 Paul Street London United Kingdom EC2A 4NE
BRAINSOFTWARE LTD,16143152,active,ltd,,,2024-12-18,,2024-12-18,[58290, 62012, 71122],128 City Road London United Kingdom EC1V 2NX
GOLDENTREE PRIVATE CREDIT II UK FEEDER LTD,16143278,active,ltd,,,2024-12-18,,2024-12-18,[64205],Suite 1, 7th Floor 50 Broadway London United Kingdom SW1H 0DB
KENTON MARTIAL ARTS LIMITED,16143272,active,ltd,,,2024-12-18,,2024-12-18,[85510],20 Wenlock Road London England N1 7GU
CELITE CONCIERGE LIMITED,16143298,active,ltd,,,2024-12-18,,2024-12-18,[79110],Flat 462 Scarsdale Place, Tara Copthorne Hotel London United Kingdom W8 5SY
ARK TECHNOLOGIES LTD,16143357,active,ltd,,,2024-12-18,,2024-12-18,[62020],7 Bell Yard London England WC2A 2JR
SPICY SAGA LIMITED,16143356,active,ltd,,,2024-12-18,,2024-12-18,[56101],27 Heigham Road London United Kingdom E6 2JL
KMG HOSPITALITY LTD,16143399,active,ltd,,,2024-12-18,,2024-12-18,[56302],Manor Arms 150 London United Kingdom E14 0BP
ROMEO LANE UK LIMITED,16143424,active,ltd,,,2024-12-18,,2024-12-18,[55100, 56101],71-75 Shelton Street London United Kingdom WC2H 9JQ
GRIDLINK INTERCONNECTOR TOPCO LTD,16143508,active,ltd,,,2024-12-18,,2024-12-18,[64209],5th Floor 15 Golden Square London United Kingdom W1F 9JG
COX LANE INVEST LTD,16143588,active,ltd,,,2024-12-18,,2024-12-18,[68100],13 Denver Road London England N16 5JL
EUROCENT (111 HIGH STREET) LTD,16142619,active,ltd,,,2024-12-18,,2024-12-18,[68100],C/O 32 Castlewood Road London United Kingdom N16 6DW
A QUARTIC LTD,16142678,active,ltd,,,2024-12-18,,2024-12-18,[62020],71-75 Shelton Street London United Kingdom WC2H 9JQ
ASCENDEV LIMITED,16142694,active,ltd,,,2024-12-18,,2024-12-18,[62020],4th Floor Silverstream House Fitzrovia, London England W1T 6EB
THE BUSINESS MIX MEDIA SERVICE LTD,16142795,active,ltd,,,2024-12-18,,2024-12-18,[58190],17a Electric Lane London United Kingdom SW9 8LA
EMERGE PROTOCOL LTD,16142850,active,ltd,,,2024-12-18,,2024-12-18,[63110],86-90 Paul Street London England EC2A 4NE
NEXUS LEGACY INVESTMENTS LIMITED,16124351,active,ltd,,,2024-12-09,,2024-12-09,[64209],14/2e Docklands Business Centre, 10-16 Tiller Road 14/2e Docklands Business Centre London England E14 8PX
REDGRAVE & SCOTT LTD,16142906,active,ltd,,,2024-12-18,,2024-12-18,[69109, 70229],3rd Floor, 86-90 Paul Street London England EC2A 4NE
313 PROPERTY HOLDING LTD,16142913,active,ltd,,,2024-12-18,,2024-12-18,[68209],C/O Melon Accountants Ltd London United Kingdom SW1V 1DW
SKILLOVIA LTD,16142971,active,ltd,,,2024-12-18,,2024-12-18,[62012, 62020, 63120],128 City Road London United Kingdom EC1V 2NX
EVERYTHING COPACETIC LTD,16142965,active,ltd,,,2024-12-18,,2024-12-18,[70210, 73110],80 Manor Road London England E10 7HN
TAKEPOINT RICHMOND LIMITED,16143056,active,ltd,,,2024-12-18,,2024-12-18,[64209],C/O Avanton Brock House London England W1W 6BP
BLJ GROUP LTD,16143110,active,ltd,,,2024-12-18,,2024-12-18,[47190],Flat 6 Langham Court London England NW4 2NY
RADAR HEALTH LIMITED,16143112,active,ltd,,,2024-12-18,,2024-12-18,[86210, 86220, 86230],Flat 18 Marlow Court London United Kingdom NW6 7PS
LIMITLESS COMMERCE WORLDWIDE LTD,16143331,active,ltd,,,2024-12-18,,2024-12-18,[82990],Lynton House London United Kingdom WC1H 9BQ
HI-END LTD,16143315,active,ltd,,,2024-12-18,,2024-12-18,[47990],36 Melbourne Road London United Kingdom E17 6LR
SD DEV SOLUTIONS LTD,16143437,active,ltd,,,2024-12-18,,2024-12-18,[62012, 62020],71-75 Shelton Street London United Kingdom WC2H 9JQ
R PROPERTIES UK INVESTMENT LTD,16143482,active,ltd,,,2024-12-18,,2024-12-18,[68209],57 Stroud Green Road London United Kingdom N4 3EG
T&C CONSULTING LIMITED,16115647,active,ltd,,,2024-12-03,,2024-12-03,[70229],Apt 3003 Apartment 3003, 1 Newfoundland Place London United Kingdom E14 4BP
CHRIS MUNDAY CONSULTING LTD,16115614,active,ltd,,,2024-12-03,,2024-12-03,[70229],71-75 Shelton Street London United Kingdom WC2H 9JQ
GELATO& LIMITED,16115694,active,ltd,,,2024-12-03,,2024-12-03,[10520],228 Earlsfield Road London United Kingdom SW18 3DX
MTS ENTERTAINMENT LTD,16115675,active,ltd,,,2024-12-03,,2024-12-03,[90010, 90020],2nd Floor, Premier House London United Kingdom N12 8LY
RKN EATS LTD,16115679,active,ltd,,,2024-12-03,,2024-12-03,[56103],128 City Road London United Kingdom EC1V 2NX
WESTWARD RME LTD,16115690,active,ltd,,,2024-12-03,,2024-12-03,[70229],22 Gladstone Street London England SE1 6EY
GLOBAL CATERING SERVICES PVT LTD,16115667,active,ltd,,,2024-12-03,,2024-12-03,[56103],Unit B London United Kingdom N8 7PB
H-ECOM SPACE LTD,16115659,active,ltd,,,2024-12-03,,2024-12-03,[46160, 46180],71-75 Shelton Street London United Kingdom WC2H 9JQ
MUSIKXPRESS LTD,16115711,active,ltd,,,2024-12-03,,2024-12-03,[70229],106 Gaskarth Road London United Kingdom SW12 9NW
INVESFLOW LIMITED,16115862,active,ltd,,,2024-12-03,,2024-12-03,[62012, 62020],16a Well Hall Parade London England SE9 6SP
GRILL SOFIA LTD,16115851,active,ltd,,,2024-12-03,,2024-12-03,[56103],93 Green Lanes London United Kingdom N13 4TD
LA FONTAINE DE CHOCOLATE LIMITED,16116029,active,ltd,,,2024-12-03,,2024-12-03,[56210],212 Central Park Road London England E6 3DL
HONG-HAI-ER FACILITIES SERVICES LTD,16116333,active,ltd,,,2024-12-03,,2024-12-03,[35110, 35140, 41100, 41201],2nd Floor College House Ruislip, United Kingdom HA4 7AE
HORIZANCE TECHNOLOGIES LIMITED,16120592,active,ltd,,,2024-12-05,,2024-12-05,[72190],8b Accommodation Road London United Kingdom NW11 8ED
MAYBAL LOGISTICS SERVICES LIMITED,16120573,active,ltd,,,2024-12-05,,2024-12-05,[49390],129 Castlecombe Road London England SE9 4AS
GURU INVESTMENTS (FERN LODGE) LTD,16120630,active,ltd,,,2024-12-05,,2024-12-05,[68209],167-169 Great Portland Street London England W1W 5PF
RMFX CAPITAL MARKETS LTD,16120644,active,ltd,,,2024-12-05,,2024-12-05,[70221],Flat 100, Paynter House, 1 Shipbuilding Way London England E13 9FG
AILO LIMITED,16120642,active,ltd,,,2024-12-05,,2024-12-05,[96020],513 London Road Sutton England SM3 8JR
OLIVER WARD MAGIC LTD,16120685,active,ltd,,,2024-12-05,,2024-12-05,[90010],5 Sutherland House London United Kingdom IG8 8NS
CNE PROPINVEST LTD,16120693,active,ltd,,,2024-12-05,,2024-12-05,[68209],20 Wenlock Road London England N1 7GU
GURU INVESTMENTS (PEACH LODGE) LTD,16120676,active,ltd,,,2024-12-05,,2024-12-05,[68209],167-169 Great Portland Street London England W1W 5PF
THE LIFESTYLE MEDIC CLINIC LTD,16120672,active,ltd,,,2024-12-05,,2024-12-05,[86900],124-128 City Road London England EC1V 2NX
BSD ALL LONDON ROADS LIMITED,16120702,active,ltd,,,2024-12-05,,2024-12-05,[68100],Flat 8 Maltings Court London England E5 8ES
FOUR HYBRID LIMITED,16120769,active,ltd,,,2024-12-05,,2024-12-05,[70229, 73110, 93120],4th Floor 4 Tabernacle Street London United Kingdom EC2A 4LU
GURU INVESTMENTS (NADA LODGE) LTD,16120774,active,ltd,,,2024-12-05,,2024-12-05,[68209],167-169 Great Portland Street London England W1W 5PF
BANGLE.SWEETS LTD,16120795,active,ltd,,,2024-12-05,,2024-12-05,[10720],Unit-15 Bow Triangle Business Centre London United Kingdom E3 4UR
CMK CORPORATION LIMITED,16120815,active,ltd,,,2024-12-05,,2024-12-05,[68100],34 Powis Gardens London England NW11 8HH
ÉLAN FLEET LIMITED,16120835,active,ltd,,,2024-12-05,,2024-12-05,[77110],Élan Fleet 3rd Floor London United Kingdom EC2A 4NE
RIGHT FOOD TECHNOLOGY LTD,16120872,active,ltd,,,2024-12-05,,2024-12-05,[46210, 46310, 72110, 72190],128 City Road London United Kingdom EC1V 2NX
GURU INVESTMENTS (WIRA LODGE) LTD,16120868,active,ltd,,,2024-12-05,,2024-12-05,[68209],167-169 Great Portland Street London England W1W 5PF
FELIX PROP LIMITED,16120870,active,ltd,,,2024-12-05,,2024-12-05,[68100],20 Goodge Place London England W1T 4SH
TNTK INFRA UK LTD,16120897,active,ltd,,,2024-12-05,,2024-12-05,[62020, 62030, 62090, 63110],Stoney Works London United Kingdom SE19 3BD
INTELLFENCE LTD,16120939,active,ltd,,,2024-12-05,,2024-12-05,[58110, 58290, 59111, 59112],71-75 Shelton Street London United Kingdom WC2H 9JQ
BRITANNIA ACADEMIC PRESS LTD,16120991,active,ltd,,,2024-12-05,,2024-12-05,[58110, 58141, 58190, 62020],27 Old Gloucester Street London United Kingdom WC1N 3AX
BEST HOPE SOLUTIONS PRIVATE LIMITED,16121005,active,ltd,,,2024-12-05,,2024-12-05,[62020],71-75 Shelton Street London United Kingdom WC2H 9JQ
EKAUM LIMITED,16121008,active,ltd,,,2024-12-05,,2024-12-05,[68100, 68201],71-75 Shelton Street London United Kingdom WC2H 9JQ
GG-501-602 LIMITED,16121039,active,ltd,,,2024-12-05,,2024-12-05,[68209],C/O Getground London England W6 0NB
FARHANGS STUDIO LIMITED,16121083,active,ltd,,,2024-12-05,,2024-12-05,[96020],513 London Road Sutton England SM3 8JR
KYZER SOFTWARE LIMITED,16121200,active,ltd,,,2024-12-05,,2024-12-05,[62012],124 City  Road London United Kingdom EC1V 2NX
DPSI LIMITED,16121170,active,ltd,,,2024-12-05,,2024-12-05,[82990],C/O Brodies Llp London United Kingdom EC1A 7BN
EGRE INTERNATIONAL LTD,16121260,active,ltd,,,2024-12-05,,2024-12-05,[68310],The Sati Room London England W1G 0JR
21KENT INV LTD,16121285,active,ltd,,,2024-12-05,,2024-12-05,[68209],143b Clapton Common London United Kingdom E5 9AE
CHAXXE LTD,16120843,active,ltd,,,2024-12-05,,2024-12-05,[47990],71-75 Shelton Street London United Kingdom WC2H 9JQ
ADALTECH LIMITED,16121366,active,ltd,,,2024-12-05,,2024-12-05,[62020],56 First Avenue London United Kingdom E12 6AN
A2 HOLDING LTD,16121382,active,ltd,,,2024-12-05,,2024-12-05,[64209],39 Dahomey Road London England SW16 6NB
CARE SUPPLIES UK LTD,16121423,active,ltd,,,2024-12-05,,2024-12-05,[46499, 96010],Unit 16a Princeton Mews Kingston Upon Thames England KT2 6PT
RDM PROPERTY MANAGEMENT LTD,16121414,active,ltd,,,2024-12-05,,2024-12-05,[68209],86 Fetter Lane London England EC4A 1AD
KATIE HARVARD TAYLOR LIMITED,16123432,active,ltd,,,2024-12-09,,2024-12-09,[69201],C/O Hillier Hopkins Llp Ground Floor London United Kingdom SW1Y 5JG
CARIBBEAN SUGAR UK LTD,16119876,active,ltd,,,2024-12-05,,2024-12-05,[10810, 10822, 46720, 66190],128 City Road London United Kingdom EC1V 2NX
0212 PROPERTIES LTD,16122085,active,ltd,,,2024-12-08,,2024-12-08,[56103, 56290, 68100],33 St. Lukes Road London England W11 1DD
PRAGMATIC HR PARTNERS LTD,16129938,active,ltd,,,2024-12-11,,2024-12-11,[78300],128 City Road London United Kingdom EC1V 2NX
PONTA LIMITED,16156541,active,ltd,,,2024-12-30,,2024-12-30,[64999],843 Finchley Road London England NW11 8NA
L7 IP LTD,16130701,active,ltd,,,2024-12-11,,2024-12-11,[59200],Suite A London England NW6 3BT
L&G DIGITAL INFRASTRUCTURE CO-INVEST HOLDING 1 LTD,16118315,active,ltd,,,2024-12-04,,2024-12-04,[64209],One London England EC2R 5AA
SBG INVEST LTD,16132036,active,ltd,,,2024-12-12,,2024-12-12,[70229],C/O Goldwyns London Llp London United Kingdom EC3V 3DG
AYMANAK LTD,16149050,active,ltd,,,2024-12-23,,2024-12-23,[86101, 86210],D S Burge And Co Ltd London United Kingdom SW19 4DW
GAMADID AFTERSCHOOL CLUB LTD,16118021,active,ltd,,,2024-12-04,,2024-12-04,[85600],17 Park Parade London England NW10 4JH
SHAHI KITCHEN LTD,16111258,active,ltd,,,2024-12-01,,2024-12-01,[56103],Unit- 10, 34 Plashet Grove London England E6 1AE
MK TRADERS LIMITED,16115613,active,ltd,,,2024-12-03,,2024-12-03,[46499, 47540],27 Woodgrange Road London England E7 8BA
PG EAST LIMITED,16128643,active,ltd,,,2024-12-10,,2024-12-10,[68100, 68209],Studio 408 The Archives Unit 10 High Cross Centre London United Kingdom N15 4QN
BUSINESS CALL LTD,16140721,active,ltd,,,2024-12-17,,2024-12-17,[62020, 63110, 82200],First Floor Office London United Kingdom W8 4LZ
AIPU SHIDE IP LIMITED,16112489,active,ltd,,,2024-12-02,,2024-12-02,[69109, 82990],483 Green Lanes London N13 4BS
CAMTO PROPERTIES LTD,16144366,active,ltd,,,2024-12-19,,2024-12-19,[68100, 68209],128 City Road London United Kingdom EC1V 2NX
REBORNE LONGEVITY LTD,16123585,active,ltd,,,2024-12-09,,2024-12-09,[86900],9 Queen Anne Street London England W1G 9HW
THE URBAN LAND LTD,16131141,active,ltd,,,2024-12-11,,2024-12-11,[47190],121 Stoke Newington Church Street London England N16 0UH
RADIUS TRADING LTD,16119108,active,ltd,,,2024-12-04,,2024-12-04,[82990, 85600],Room 2 Lower Ground Rear London England E1 2AX
CORNERSTONE SOURCING LTD,16118957,active,ltd,,,2024-12-04,,2024-12-04,[68100, 68310],86-90 Paul Street London England EC2A 4NE
MISH MASH PUBLICATIONS LTD,16121640,active,ltd,,,2024-12-08,,2024-12-08,[58110],128 City Road City Road London England EC1V 2NX
SIMONMAREE LTD,16147258,active,ltd,,,2024-12-20,,2024-12-20,[68100],128 City Road London United Kingdom EC1V 2NX
CV PARTS LTD,16135583,active,ltd,,,2024-12-13,,2024-12-13,[45310],C/O Farrow And Farrow Accounting Limited, 207 Mitcham United Kingdom CR4 2JD
BEYOND THE BRAND LTD,16124513,active,ltd,,,2024-12-09,,2024-12-09,[73110, 90010],32 Kinburn Street London SE16 6DW
THOMAS REPTILES LTD,16134720,active,ltd,,,2024-12-13,,2024-12-13,[47760],291 London Road Benfleet England SS7 2BN
ISTONOVA LTD,16112764,active,ltd,,,2024-12-02,,2024-12-02,[62020, 73110],124 City Road London England EC1V 2NX
INARA AESTHETICS LTD,16136280,active,ltd,,,2024-12-14,,2024-12-14,[96020],4th Floor, Silverstream House London England W1T 6EB
VISUAL'QIU LIMITED,16138848,active,ltd,,,2024-12-16,,2024-12-16,[47710, 47820, 47910],70-72 Bethnal Green Road London England E1 6GQ
AL TOM CE CONSULTING LTD,16135267,active,ltd,,,2024-12-13,,2024-12-13,[96090],Wn London England SE1 2PL
FRIENDS OF OURS RESTAURANTS LTD,16134452,active,ltd,,,2024-12-13,,2024-12-13,[56101],149a Upper Street London England N1 1RA
MSQUARE PACIFIC LIMITED,16117095,active,ltd,,,2024-12-04,,2024-12-04,[62012, 63110, 63120, 63990],Suite G04 1 Quality Court London England WC2A 1HR
FOUR AWESOME LTD,16125379,active,ltd,,,2024-12-09,,2024-12-09,[56101, 70229],68 Church Road London England SW13 0DQ
CONSULT & CREATE LTD,16145285,active,ltd,,,2024-12-19,,2024-12-19,[62012, 70229],Wn London England SE1 2PL
MILLIGIOTTA LTD,16143192,active,ltd,,,2024-12-18,,2024-12-18,[70229, 82990],18 St. Cross Street London England EC1N 8UN
SAVANNAHS (LONDON) LTD,16114099,active,ltd,,,2024-12-02,,2024-12-02,[56102],5 Lee Road London England SE3 9RQ
TRIPLE S ELECTRICAL LTD,16153908,active,ltd,,,2024-12-27,,2024-12-27,[43210],Flat 64 John Kennedy Court London England N1 4RT
FORDLAKE INTERNATIONAL LTD,16154748,active,ltd,,,2024-12-30,,2024-12-30,[70229],109 Camberwell Grove London England SE5 8JH
EACOTT HARRIS PROPERTY INVESTMENTS LTD,16154743,active,ltd,,,2024-12-30,,2024-12-30,[68100, 68209],71-75 Shelton Street London United Kingdom WC2H 9JQ
GGMCH LIMITED,16154755,active,ltd,,,2024-12-30,,2024-12-30,[56101],Unit 4 Canel Side London United Kingdom E15 2GW
PNM BUILDERS LTD,16154890,active,ltd,,,2024-12-30,,2024-12-30,[41202],Flat 8 Alderley House London England SW8 2AN
HARNUO LTD,16154848,active,ltd,,,2024-12-30,,2024-12-30,[46900, 47190, 47910],128 City Road London United Kingdom EC1V 2NX
MINNAL LTD,16154856,active,ltd,,,2024-12-30,,2024-12-30,[86220],68 London Road Slough England SL3 7HR
AYTERATE LIMITED,16155038,active,ltd,,,2024-12-30,,2024-12-30,[62020, 62090],124 City Road London England EC1V 2NX
ZEL TRADING LTD,16155418,active,ltd,,,2024-12-30,,2024-12-30,[46310],20 Westerham Avenue London England N9 9BU
KASHCAP LIMITED,16155850,active,ltd,,,2024-12-30,,2024-12-30,[99999],128 City Road London United Kingdom EC1V 2NX
TURN-KEY INVESTMENTS TRADING LTD,16153768,active,ltd,,,2024-12-27,,2024-12-27,[68100],2nd Floor College House Ruislip, United Kingdom HA4 7AE
THE BABY LINKS LTD,16153870,active,ltd,,,2024-12-27,,2024-12-27,[85590, 85600, 86900],3rd Floor, 86-90 Paul Street London England EC2A 4NE
DOODLE RECRUITMENT LTD,16154277,active,ltd,,,2024-12-29,,2024-12-29,[78200],Flat 10 Falcon Lodge London England W9 3TA
SNOW DROPS FASHION LTD,16154669,active,ltd,,,2024-12-30,,2024-12-30,[46420, 47910],34b Studley Road London United Kingdom E7 9LX
EXTENDED HANDS CONSULTANCY LTD,16154955,active,ltd,,,2024-12-30,,2024-12-30,[86102],3rd Floor, 86-90 Paul Street London England EC2A 4NE
EXCELLENT MINDS 28 LIMITED,16155084,active,ltd,,,2024-12-30,,2024-12-30,[32409, 47650, 47910, 85590],Excellent Minds London United Kingdom EC1V 2NX
RAPIDROUTE REMOVALS LTD,16155092,active,ltd,,,2024-12-30,,2024-12-30,[49420],49 Edgecombe House Whitlock Drive London United Kingdom SW19 6SN
COMMUNICATE SPEECH AND LANGUAGE THERAPY LIMITED,16155607,active,ltd,,,2024-12-30,,2024-12-30,[86900],Flat 19 Gloucester Court London England NW11 9AA
FILM FARMACY LTD,16155797,active,ltd,,,2024-12-30,,2024-12-30,[78101],17 Dobree Avenue London United Kingdom NW10 2AD
ROBERTS & CO PROPERTY GROUP LTD,16155800,active,ltd,,,2024-12-30,,2024-12-30,[68209],71-75 Shelton Street London United Kingdom WC2H 9JQ
BLUBBER STUDIO LTD,16153776,active,ltd,,,2024-12-27,,2024-12-27,[90030],Flat 88 Cottrill Gardens London England E8 1NY
SALAMTRUTHFUL LTD,16153851,active,ltd,,,2024-12-27,,2024-12-27,[47710, 47750, 47770],Flat 31 Linslade House London United Kingdom NW8 8TL
BIRBILEN LTD,16153890,active,ltd,,,2024-12-27,,2024-12-27,[47910],Flat 30 4 Salamanca Place London England SE1 7HB
ACTIVE EXCHANGE LTD,16153955,active,ltd,,,2024-12-28,,2024-12-28,[47640],13a Wix's Lane London England SW4 0AL
ABSOLUTELYBYABS LTD,16154717,active,ltd,,,2024-12-30,,2024-12-30,[47910],Unit 4 Richland House London England SE15 5SZ
M&E ENGINEERING GROUP LTD,16154714,active,ltd,,,2024-12-30,,2024-12-30,[33190, 43210, 43220, 71200],71-75 Shelton Street London United Kingdom WC2H 9JQ
FHFX LIMITED,16155001,active,ltd,,,2024-12-30,,2024-12-30,[59112],First Floor London United Kingdom W1W 7LT
PROPERTY BY MATTEO LTD,16155169,active,ltd,,,2024-12-30,,2024-12-30,[68100, 68209],80 Weirdale Avenue Barnet England N20 0AH
BAJWA LOGISTICS LTD,16155292,active,ltd,,,2024-12-30,,2024-12-30,[49410],Flat 11 Stoatley House London England SW15 4BP
FLEETBRAIN LTD,16155307,active,ltd,,,2024-12-30,,2024-12-30,[62012],128 City Road London England EC1V 2NX
JSPC GROUP LTD,16155553,active,ltd,,,2024-12-30,,2024-12-30,[42120],3rd Floor, 86-90 Paul Street London United Kingdom EC2A 4NE
SHCHERBAN13 LTD,16154329,active,ltd,,,2024-12-29,,2024-12-29,[41202],17 Garner Road London England E17 4HE
IZY LOCUMS LTD,16154445,active,ltd,,,2024-12-30,,2024-12-30,[86900],12 Buckingham Road London United Kingdom E18 2NJ
RANA SHAHZAIB LTD,16154455,active,ltd,,,2024-12-30,,2024-12-30,[47910],Flat 22 Bernard House London England E1 7NR
SILKUN INNOVATIONS LTD,16154462,active,ltd,,,2024-12-30,,2024-12-30,[62012],55 Maryland Road London England E15 1JL
FADM LTD,16154460,active,ltd,,,2024-12-30,,2024-12-30,[82990],2 Heigham Road London England E6 2JG
31A AR ASSET LTD,16154483,active,ltd,,,2024-12-30,,2024-12-30,[68209],1 Kings Avenue London United Kingdom N21 3NA
INSOLIT LTD,16154480,active,ltd,,,2024-12-30,,2024-12-30,[56210, 90010],1a South Villas London England NW1 9BS
RYVEX MEDIA LTD,16154498,active,ltd,,,2024-12-30,,2024-12-30,[62012, 62090, 70210, 73110],128 City Road London United Kingdom EC1V 2NX
GOKCE TRADING LTD,16154493,active,ltd,,,2024-12-30,,2024-12-30,[47910],284 Chase Road London United Kingdom N14 6HF
PERFECT PARTNERS LTD,16154507,active,ltd,,,2024-12-30,,2024-12-30,[68100, 68209],71-75 Shelton Street London United Kingdom WC2H 9JQ
ORAQUAL LTD,16154542,active,ltd,,,2024-12-30,,2024-12-30,[85600],20 Wenlock Road London England N1 7GU
VALLION LIMITED,16154557,active,ltd,,,2024-12-30,,2024-12-30,[63120],20 Wenlock Road London England N1 7GU
AR GLOBAL INVESTMENT GROUP LTD,16154565,active,ltd,,,2024-12-30,,2024-12-30,[64991, 66120, 66300, 70229],86-90 Paul Street London England EC2A 4NE
S.A MOTOR HOUSE LTD,16154831,active,ltd,,,2024-12-30,,2024-12-30,[45112, 45190],71-75 Shelton Street London United Kingdom WC2H 9JQ
WARANATU&JS LTD,16155181,active,ltd,,,2024-12-30,,2024-12-30,[46420, 47110, 47190],33 Winchfield Road London England SE26 5TQ
HELLOCHICENVOGUE LTD,16155198,active,ltd,,,2024-12-30,,2024-12-30,[47910, 62020],20 Wenlock Road London England N1 7GU
POPOKI LTD,16155197,active,ltd,,,2024-12-30,,2024-12-30,[70229, 78300],20 Wenlock Road London England N1 7GU
CAROLINE NEWMAN LTD,16155467,active,ltd,,,2024-12-30,,2024-12-30,[99999],58 Devonshire Road London England NW7 1LL
SECURESENSE LTD,16155570,active,ltd,,,2024-12-30,,2024-12-30,[80200],3rd Floor, 86-90 Paul Street London England EC2A 4NE
ROUTE 1 TCG LTD,16153813,active,ltd,,,2024-12-27,,2024-12-27,[93290],137 Station Road Chingford United Kingdom E4 6AG
MELODY WORKS LIMITED,16154183,active,ltd,,,2024-12-29,,2024-12-29,[58290],52 Walham Grove London England SW6 1QR
YELLOW SOURCING GLOBAL LTD,16154194,active,ltd,,,2024-12-29,,2024-12-29,[46190],Flat 35 Athenaeum Court London England N5 2DN
MGS PRODUCTIONS LTD,16154218,active,ltd,,,2024-12-29,,2024-12-29,[59112],93 Rusthall Avenue London England W4 1BN
PREMIER LETTINGS GROUP LTD,16154758,active,ltd,,,2024-12-30,,2024-12-30,[68100, 68209, 68320],71-75 Shelton Street London United Kingdom WC2H 9JQ
GREED LTD,16154908,active,ltd,,,2024-12-30,,2024-12-30,[10890],Unit H Chilli Works 91a London England N4 1FG
BIG CHEEK GAMES LTD,16154896,active,ltd,,,2024-12-30,,2024-12-30,[32409, 47910, 59112, 74100],167-169 Great Portland Street London England W1W 5PF
THE FARRINGDON TRADING LIMITED,16154893,active,ltd,,,2024-12-30,,2024-12-30,[15120],42-44 Bishopsgate London England EC2N 4AH
DAMP AND MOULD SURVEYORS LTD,16155363,active,ltd,,,2024-12-30,,2024-12-30,[43999],18b Holcroft Road London United Kingdom E9 7BA
ONUSHA LTD,16155355,active,ltd,,,2024-12-30,,2024-12-30,[47910],32 Linkway Dagenham England RM8 3UX
ETHOS MANAGERS LTD,16155473,active,ltd,,,2024-12-30,,2024-12-30,[66120],77 Cadogan Square London England SW1X 0DY
GRIFFIN MOTOR GROUP LTD,16155474,active,ltd,,,2024-12-30,,2024-12-30,[45112],20 Wenlock Road London England N1 7GU
MJ NOMINEE LIMITED,16155513,active,ltd,,,2024-12-30,,2024-12-30,[64301, 64306],C/O Mishcon De Reya Llp Africa House London United Kingdom WC2B 6AH
M&K SUITES LTD,16155682,active,ltd,,,2024-12-30,,2024-12-30,[55100, 68209, 68320],71-75 Shelton Street London United Kingdom WC2H 9JQ
THEPHOTONX LTD,16155886,active,ltd,,,2024-12-30,,2024-12-30,[33130, 46520, 47520, 95210],71-75 Shelton Street London United Kingdom WC2H 9JQ
ETERNAL GLASS LTD,16144213,active,ltd,,,2024-12-19,,2024-12-19,[43342, 46130],262 Brixton Hill London England SW2 1HP
CASABLANCA PROPERTY MAINTENANCE LTD,16144264,active,ltd,,,2024-12-19,,2024-12-19,[41100, 43390, 81229, 95290],5 10 Queens Road London England SE15 2PT
INKSYNC LTD,16144390,active,ltd,,,2024-12-19,,2024-12-19,[47910],128 City Road London United Kingdom EC1V 2NX
DHUM ENTERPRISE LTD,16144399,active,ltd,,,2024-12-19,,2024-12-19,[96090],128 City Road London United Kingdom EC1V 2NX
XTND NW LTD,16144369,active,ltd,,,2024-12-19,,2024-12-19,[41100, 41201, 41202],71-75 Shelton Street London United Kingdom WC2H 9JQ
171 BRIGHTWELL LTD,16144515,active,ltd,,,2024-12-19,,2024-12-19,[68100],106 Geldeston Road London United Kingdom E5 8RS
THORX SOLUTIONS LTD,16144575,active,ltd,,,2024-12-19,,2024-12-19,[62020, 71122],60 Windsor Avenue London United Kingdom SW19 2RR
CHILTERN ROAD LIMITED,16145165,active,ltd,,,2024-12-19,,2024-12-19,[56103],Studio 6 6 Hornsey Street London England N7 8GR
ELLIEPGREEN LTD,16145220,active,ltd,,,2024-12-19,,2024-12-19,[74100],46, Wavertree Court Streatham Hill London United Kingdom SW2 4TN
ARELSCO HOLDINGS 1 LTD,16145301,active,ltd,,,2024-12-19,,2024-12-19,[64209],20 Wenlock Road London England N1 7GU
BROKYAI LIMITED,16145306,active,ltd,,,2024-12-19,,2024-12-19,[62012, 62020],Silverstream House London England W1T 6EB
ARGO AERO UK LTD,16145501,active,ltd,,,2024-12-19,,2024-12-19,[33160, 46140],3-Rd Floor London England EC2A 4NE
ARASH FOULADVAND CORPORATION LTD,16144194,active,ltd,,,2024-12-19,,2024-12-19,[90010, 90030],167-169 Great Portland Street London United Kingdom W1W 5PF
TRENDSOFT LTD,16144241,active,ltd,,,2024-12-19,,2024-12-19,[58290, 62012, 62020, 63120],Aa House 54, 27 Old Gloucester Street London England WC1N 3AX
LATUSPET(UK) LIMITED,16144348,active,ltd,,,2024-12-19,,2024-12-19,[46180],71-75 Shelton Street London United Kingdom WC2H 9JQ
DANDOU ORGANICS C.I.C.,16144490,active,ltd,community-interest-company,,2024-12-19,,2024-12-19,[46370],Basement Flat London England SE5 9QL
JNYL LTD,16144474,active,ltd,,,2024-12-19,,2024-12-19,[64209],16 Beaufort Court Admirals Way London England E14 9XL
PICKLEBALL AND JELLY LTD,16144636,active,ltd,,,2024-12-19,,2024-12-19,[47640],42 Glengall Road London England SE15 6NH
SUFFOLK AVIATION SERVICES LTD,16144684,active,ltd,,,2024-12-19,,2024-12-19,[51102, 85320],Atbs House Beccles England NR34 8TS
EBNN PROPERTY LTD,16144997,active,ltd,,,2024-12-19,,2024-12-19,[68100, 68209],Ground Floor London United Kingdom E1 0ND
NAZKA LG LTD,16145064,active,ltd,,,2024-12-19,,2024-12-19,[96090],41 Devonshire Street London United Kingdom W1G 7AJ
MEDIPAY LIMITED,16145072,active,ltd,,,2024-12-19,,2024-12-19,[46190],72 Charteris Road London England NW6 7EX
V4 ENTERTAINMENT'S UK LTD,16145199,active,ltd,,,2024-12-19,,2024-12-19,[90010, 90020],10a Oakfield Road London England E6 1LW
CANCUN BLOODSTOCK LTD,16145288,active,ltd,,,2024-12-19,,2024-12-19,[01430],2nd Floor College House Ruislip, United Kingdom HA4 7AE
BMZ-ME LTD,16145436,active,ltd,,,2024-12-19,,2024-12-19,[47910],196 Eversleigh Road London England SW11 5XT
8B GASCONY LTD,16145472,active,ltd,,,2024-12-19,,2024-12-19,[68100],66 Leadale Road London England N15 6BH
CRP INVESTMENTS LTD,16145535,active,ltd,,,2024-12-19,,2024-12-19,[68209],3rd Floor, 86-90 Paul Street London England EC2A 4NE
BOWRING CAPITAL LTD,16144079,active,ltd,,,2024-12-19,,2024-12-19,[68100, 68209],24 Ballantine Street London England SW18 1AL
KUBEAR CAPITAL LTD,16144075,active,ltd,,,2024-12-19,,2024-12-19,[68209, 82990],3rd Floor, Great Titchfield House London United Kingdom W1W 8BD
RADIO HEARTCORE LTD,16144074,active,ltd,,,2024-12-19,,2024-12-19,[90030],20 Ilford House Dove Road London United Kingdom N1 3LZ
UKCNMART TRADING LIMITED,16144082,active,ltd,,,2024-12-19,,2024-12-19,[46900, 47910],Chase Business Centre London United Kingdom N14 5BP
WATER DOV LTD,16144159,active,ltd,,,2024-12-19,,2024-12-19,[68100, 68310, 68320],115 Osbaldeston Road London England N16 6ND
PECHINEY HOUSE FREEHOLD (SLOUGH) LIMITED,16144139,active,ltd,,,2024-12-19,,2024-12-19,[68209],2nd Floor Kingsbourne House London England WC1V 7DA
CRICKET SHED LONDON LTD,16144121,active,ltd,,,2024-12-19,,2024-12-19,[46900, 47640],105 Craven Gardens London England IG6 1PR
SENEGRO AGRO-INDUSTRUES LTD,16144300,active,ltd,,,2024-12-19,,2024-12-19,[64201, 64202, 64209],21 Millennium Court 3 Weld Place London England N11 1QZ
SREEGEN TECHNOLOGIES LTD,16144408,active,ltd,,,2024-12-19,,2024-12-19,[58290, 62012],11 Woodford Avenue London United Kingdom IG2 6UF
FINLIT MEDIA LTD,16144410,active,ltd,,,2024-12-19,,2024-12-19,[59112, 85590],71-75 Shelton Street London United Kingdom WC2H 9JQ
ALPASLAN ESTATES LIMITED,16144569,active,ltd,,,2024-12-19,,2024-12-19,[68100, 68209],195 Silver Street London England N18 1PL
BOLD SHIFT LTD,16144652,active,ltd,,,2024-12-19,,2024-12-19,[85510],71-75 Shelton Street London United Kingdom WC2H 9JQ
LUMINSTEP LTD,16144734,active,ltd,,,2024-12-19,,2024-12-19,[78109, 78200, 85590, 96090],128 City Road London United Kingdom EC1V 2NX
DURWESTON LIMITED,16144721,active,ltd,,,2024-12-19,,2024-12-19,[64209],8 Durweston Street London England W1H 1EW
TRILOGY LOGISTICS REIT INVESTMENT HOLDCO LIMITED,16144752,active,ltd,,,2024-12-19,,2024-12-19,[74990],Cannon Place London United Kingdom EC4N 6AG
CONSULTINGCO LTD,16144793,active,ltd,,,2024-12-19,,2024-12-19,[65120, 70229],20 Wenlock Road London England N1 7GU
SKYNETIA LTD,16144810,active,ltd,,,2024-12-19,,2024-12-19,[62012, 63110, 71122, 74300],124 City Road London United Kingdom EC1V 2NX
LIOK PET CARE LTD.,16144821,active,ltd,,,2024-12-19,,2024-12-19,[20590, 46190, 47910, 72110],Chase Business Centre London United Kingdom N14 5BP
VIDALOCA LTD,16145174,active,ltd,,,2024-12-19,,2024-12-19,[72110, 72190, 86900],128 City Road London United Kingdom EC1V 2NX
SPARKSHINE LTD,16145257,active,ltd,,,2024-12-19,,2024-12-19,[81299],32 Theydon Road London England E5 9NA
PETIT EXPRESS LIMITED,16145251,active,ltd,,,2024-12-19,,2024-12-19,[56103],Flat 7 Effra Gardens London England E16 1QH
LAYER MARNEY SOLAR FARM LTD,16144098,active,ltd,,,2024-12-19,,2024-12-19,[42220],Cornelius Barton & Co, Alliance House 29-30 London United Kingdom WC1V 6AZ
MIBI LOGISTICS LTD,16144106,active,ltd,,,2024-12-19,,2024-12-19,[47990],First Floor London England N4 1EY
GIOPRE AFRICAN FOODS LIMITED,16144450,active,ltd,,,2024-12-19,,2024-12-19,[96090],71-75 Shelton Street London United Kingdom WC2H 9JQ
NOCTILUCENT CONSULTING LIMITED,16144447,active,ltd,,,2024-12-19,,2024-12-19,[62020],Network House 5-11 Mortimer Street London England W1T 3HS
REZOLVE AI IP HOLDINGS LIMITED,16144594,active,ltd,,,2024-12-19,,2024-12-19,[82990],5 New Street Square London United Kingdom EC4A 3TW
NEW2HOURLIFESTYLE LTD,16144671,active,ltd,,,2024-12-19,,2024-12-19,[58290, 59112, 61900],20 Wenlock Road London England N1 7GU
BAMA PRIME LTD,16144663,active,ltd,,,2024-12-19,,2024-12-19,[70229, 79110, 85590, 85600],2nd Floor College House Ruislip, United Kingdom HA4 7AE
TONSLEY GS (MILTON KEYNES) LTD,16145021,active,ltd,,,2024-12-19,,2024-12-19,[52103],71 Queen Victoria Street London United Kingdom EC4V 4BE
CT INFORMATION SYSTEMS UK LTD.,16145094,active,ltd,,,2024-12-19,,2024-12-19,[62012],Fieldfisher Riverbank House London United Kingdom EC4R 3TT
SOPHIE GOODALL LTD,16145158,active,ltd,,,2024-12-19,,2024-12-19,[70210],Apt 911 Wembley Ark London United Kingdom HA9 0PE
ALPHADEVS LTD,16145320,active,ltd,,,2024-12-19,,2024-12-19,[62012, 62020],Office 11081 182-184 High Street North London United Kingdom E6 2JA
JB AUTO ZONE LTD,16145397,active,ltd,,,2024-12-19,,2024-12-19,[45190, 45200, 68100, 98000],Flat 56 Hatton House London England E1 8JJ
BEAUTY AT ANGELS LTD,16152057,active,ltd,,,2024-12-26,,2024-12-26,[96020],43 High Street Wanstead London England E11 2AA
ANCHOR COURT DEVELOPMENT LTD,16152299,active,ltd,,,2024-12-27,,2024-12-27,[68100],Office Number 59 Level 37 1 Canada Square London England E14 5AA
FILISHACK (WCP) LTD,16152333,active,ltd,,,2024-12-27,,2024-12-27,[56103],130 Peckham Hill Street London England SE15 5JT
UNE ENFANT LTD,16152420,active,ltd,,,2024-12-27,,2024-12-27,[46420, 46480, 74100],Studio 85 39 Rookwood Way, Fish Island Village London United Kingdom E3 2XT
RIGHTURN INTERNATIONAL LTD,16152622,active,ltd,,,2024-12-27,,2024-12-27,[78300],128 City Road London United Kingdom EC1V 2NX
DEVINTSTA LTD,16152608,active,ltd,,,2024-12-27,,2024-12-27,[93199],71-75 Shelton Street London United Kingdom WC2H 9JQ
PANTELLY LIMITED,16152625,active,ltd,,,2024-12-27,,2024-12-27,[99999],4th Floor Silverstream House London England W1T 6EB
INSPIRE LEARNING ACADEMY LTD,16152610,active,ltd,,,2024-12-27,,2024-12-27,[85590, 85600],Flat 91 Brunswick House London United Kingdom NW10 2EZ
HARMONY HOUSE RETREAT LTD,16152803,active,ltd,,,2024-12-27,,2024-12-27,[87900],20 Wenlock Road London England N1 7GU
PRIME MERIDIAN GROUP LTD,16152985,active,ltd,,,2024-12-27,,2024-12-27,[82990],71-75 Shelton Street London United Kingdom WC2H 9JQ
SENTOX LIMITED,16153010,active,ltd,,,2024-12-27,,2024-12-27,[62012],120 High Road London England N2 9ED
WHOSAY SOLUTIONS LTD,16153203,active,ltd,,,2024-12-27,,2024-12-27,[62012],71-75 Shelton Street London United Kingdom WC2H 9JQ
NEW BIRTH GENERATION LTD,16153218,active,ltd,,,2024-12-27,,2024-12-27,[74990],Grove Business Centre Unit W32 568-568  High Road Tottenham London England N17 9TA
KREATIVE AGENCY LTD,16153536,active,ltd,,,2024-12-27,,2024-12-27,[47910, 70210, 73110, 82990],Flat 57 Alice Shepherd House London England E14 3ET
LUXEFOCUS LTD,16153611,active,ltd,,,2024-12-27,,2024-12-27,[73110],Luxefocus Ltd, 3rd Floor, London, United Kingdom W1S 4JL
MY LONDON HOP LIMITED,16153695,active,ltd,,,2024-12-27,,2024-12-27,[68320],Apartment 85 4 Riverlight Quay London England SW11 8AA
ARCTIC ENGINES LTD,16152053,active,ltd,,,2024-12-26,,2024-12-26,[46510, 47410, 47910, 77330],71-75 Shelton Street London England WC2H 9JQ
FORMATIONS DIRECT LTD,16152229,active,ltd,,,2024-12-27,,2024-12-27,[99999],71-75 Shelton Street London United Kingdom WC2H 9JQ
WEALTH MIND LTD,16152294,active,ltd,,,2024-12-27,,2024-12-27,[47910],71-75 Shelton Street London United Kingdom WC2H 9JQ
PHOBOS DIGITAL PRODUCTS LIMITED,16152296,active,ltd,,,2024-12-27,,2024-12-27,[62012, 62020, 62090],71-75 Shelton Street London United Kingdom WC2H 9JQ
DIRECT Q LTD,16152511,active,ltd,,,2024-12-27,,2024-12-27,[68201],15 Alice Gilliatt Court London United Kingdom W14 9QG
RV ENGINEERI LTD,16153088,active,ltd,,,2024-12-27,,2024-12-27,[62012, 63120, 71121, 74100],128 City Road London United Kingdom EC1V 2NX
SKINSCRIPT LONDON LIMITED,16153331,active,ltd,,,2024-12-27,,2024-12-27,[47789, 47910, 90030],3rd Floor, 86-90 Paul Street London England EC2A 4NE
ADAMO PROPERTIES LTD,16153689,active,ltd,,,2024-12-27,,2024-12-27,[68100, 68209],Harwood House London England SW6 4QP
CANARY SHIELD LTD,16152001,active,ltd,,,2024-12-26,,2024-12-26,[62020],86-90 Paul Street London England EC2A 4NE
SAADET UK LIMITED,16152245,active,ltd,,,2024-12-27,,2024-12-27,[46360],Unit 4 Office Management Suit 2 Leyton England E10 7FB
CERYUS LTD,16152313,active,ltd,,,2024-12-27,,2024-12-27,[47910],71-75 Shelton Street London United Kingdom WC2H 9JQ
SIF WHOLESALERS LTD,16152314,active,ltd,,,2024-12-27,,2024-12-27,[47910],35 Pennine Drive London England NW2 1NU
RUGS HEAVEN LTD,16152386,active,ltd,,,2024-12-27,,2024-12-27,[47410, 95110],580 Kingsland Road London United Kingdom E8 4AH
RPY PROPERTY DEVELOPMENTS LTD,16152398,active,ltd,,,2024-12-27,,2024-12-27,[41100, 43220, 68100],124 City Road London United Kingdom EC1V 2NX
NETDEFEND LTD,16152593,active,ltd,,,2024-12-27,,2024-12-27,[62020, 62090],Flat 11 25 Queen's Gate London England SW7 5JE
SAIBO INVESTMENTS LIMITED,16152923,active,ltd,,,2024-12-27,,2024-12-27,[68209],51 Colwood Gardens London England SW19 2DS
CGEN D LIMITED,16152904,active,ltd,,,2024-12-27,,2024-12-27,[70100],147 Stamford Hill London England N16 5LG
A DUALE LTD,16152905,active,ltd,,,2024-12-27,,2024-12-27,[86900],First Floor Leicester United Kingdom LE2 0PF
BEAN YOU LTD,16152913,active,ltd,,,2024-12-27,,2024-12-27,[47250, 62090],23 Belgrave House London United Kingdom SW9 0JP
THE CREATIVE NANNIES LTD,16153126,active,ltd,,,2024-12-27,,2024-12-27,[78109, 78200, 97000],71-75 Shelton Street London United Kingdom WC2H 9JQ
OUTFITTERZ UK LTD,16153454,active,ltd,,,2024-12-27,,2024-12-27,[16290, 47710, 47910, 96090],69 St. Pier Court London England E13 9GU
MILL HOUSE UB2 LTD,16153441,active,ltd,,,2024-12-27,,2024-12-27,[68100],63a Elm Park Avenue London United Kingdom N15 6UN
EXCITE & WRITE LIMITED,16153560,active,ltd,,,2024-12-27,,2024-12-27,[47710, 73110, 74100, 82990],Flat 1 Arum Apartments London England NW7 1SX
SHALOM UK PROPERTY LTD,16153562,active,ltd,,,2024-12-27,,2024-12-27,[68209],C/O Getground London England W6 0NB
MNL WRAPS LTD,16153552,active,ltd,,,2024-12-27,,2024-12-27,[47990],3rd Floor, 86-90 Paul Street London England EC2A 4NE
WHYSE FOODS LTD,16151834,active,ltd,,,2024-12-25,,2024-12-25,[56103, 56290],59 Ladysmith Avenue London England E6 3AP
CUP OF JOY GROUP LTD,16151850,active,ltd,,,2024-12-25,,2024-12-25,[47240, 47290, 56102, 64209],Office 408, Screenworks 22 Highbury Grove London United Kingdom N5 2ER
THE STELLAR TRADE MARKETPLACE LIMITED,16151861,active,ltd,,,2024-12-25,,2024-12-25,[47910],Flat 39 Bridgepoint Lofts London England E7 8PL
CONSTANT PROPERTIES LTD,16151878,active,ltd,,,2024-12-25,,2024-12-25,[68100, 68209],85 Great Portland Street London England W1W 7LT
SAFETY PROTECT LTD,16151949,active,ltd,,,2024-12-26,,2024-12-26,[14110, 14190],3 Romany Gardens London England E17 5PB
VERSA HUB LTD,16152070,active,ltd,,,2024-12-26,,2024-12-26,[46450, 47910],121 Earlham Grove London England E7 9AP
HUMANTHREADSSS LTD,16152169,active,ltd,,,2024-12-27,,2024-12-27,[70210, 70229, 85520, 94990],3rd Floor, 86-90 Paul Street London England EC2A 4NE
BALANCING ACT FINANCIAL SERVICES LTD,16152214,active,ltd,,,2024-12-27,,2024-12-27,[69201, 69202, 70221, 70229],124 City  Road London United Kingdom EC1V 2NX
SIGMA GOLD & ALAZKA SANCTUARIES LTD,16152439,active,ltd,,,2024-12-27,,2024-12-27,[68320],128 City Road London United Kingdom EC1V 2NX
SUREDANTSERVICES LTD,16152552,active,ltd,,,2024-12-27,,2024-12-27,[41100],128 City Road London United Kingdom EC1V 2NX
TECH TEAM DALSTON LTD,16152767,active,ltd,,,2024-12-27,,2024-12-27,[47410, 95110],580 Kingsland Road London United Kingdom E8 4AH
GLOBAL REMOTE TALENT LTD,16152959,active,ltd,,,2024-12-27,,2024-12-27,[62012],71-75 Shelton Street London United Kingdom WC2H 9JQ
MESRY INVESTMENTS LIMITED,16152957,active,ltd,,,2024-12-27,,2024-12-27,[68100, 68209],29a High Street London United Kingdom HA3 5BY
AURA GROWTH LAB LTD,16153113,active,ltd,,,2024-12-27,,2024-12-27,[73120],128 City Road London United Kingdom EC1V 2NX
DAUNTLESS CONSULTANCY LTD,16153098,active,ltd,,,2024-12-27,,2024-12-27,[70229],124 City Road London United Kingdom EC1V 2NX
ABS TECHNOLOGIES LIMITED,16153263,active,ltd,,,2024-12-27,,2024-12-27,[82990],5 Brayford Square London England E1 0SG
EEC SERVICES LTD,16153360,active,ltd,,,2024-12-27,,2024-12-27,[74909],128 City Road London United Kingdom EC1V 2NX
ANTON POTAPOV GAMES LTD,16153508,active,ltd,,,2024-12-27,,2024-12-27,[58210],86-90 Paul Street London England EC2A 4NE
GOLDEN SUNRISE COFFEE LTD,16153676,active,ltd,,,2024-12-27,,2024-12-27,[56290],61 Forge Place Ferdinand Street London United Kingdom NW1 8DQ
ALEXANDER RESTAURANT LTD,16151960,active,ltd,,,2024-12-26,,2024-12-26,[56101],3rd Floor, 86-90 Paul Street London England EC2A 4NE
FORTUNA ACCOUNTING LTD,16152127,active,ltd,,,2024-12-26,,2024-12-26,[69201],43 George Elliston House London England SE1 5ET
BOOMSHAKALAK LIMITED,16152461,active,ltd,,,2024-12-27,,2024-12-27,[46190, 47910],128 City Road London United Kingdom EC1V 2NX
GIFTSOTSO LIMITED,16152675,active,ltd,,,2024-12-27,,2024-12-27,[84120],55 Salehurst Road London England SE4 1AR
STREAMLINED PROPERTIES LTD,16152680,active,ltd,,,2024-12-27,,2024-12-27,[68209],71-75 Shelton Street London United Kingdom WC2H 9JQ
SPORT ARROW LIMITED,16152650,active,ltd,,,2024-12-27,,2024-12-27,[93290],254 Goldhawk Road London England W12 9PE
EL CHAY LIMITED,16152874,active,ltd,,,2024-12-27,,2024-12-27,[47910],16 Manor Road London England W13 0JA
FREETOLD LTD,16153027,active,ltd,,,2024-12-27,,2024-12-27,[62090, 63120, 63990, 68209],85, First Floor Great Portland Street London United Kingdom W1W 7LT
KHAMULA HOLDINGS LTD,16153189,active,ltd,,,2024-12-27,,2024-12-27,[64209],71-75 Shelton Street London United Kingdom WC2H 9JQ
STARTUP SYLHET LTD,16153168,active,ltd,,,2024-12-27,,2024-12-27,[96090],71-75 Shelton Street London United Kingdom WC2H 9JQ
FORONE LTD,16153149,active,ltd,,,2024-12-27,,2024-12-27,[47910],128 City Road London United Kingdom EC1V 2NX
GREENOVATION SOLUTIONS LTD,16153196,active,ltd,,,2024-12-27,,2024-12-27,[71121, 71122, 72190, 85590],107 Putney High Street London United Kingdom SW15 1SS
BMC ADVISORY LTD,16153585,active,ltd,,,2024-12-27,,2024-12-27,[70221, 70229, 82990],108 Adelaide Grove London England W12 0JH
WIGAN WARWICK LTD,16153590,active,ltd,,,2024-12-27,,2024-12-27,[68100],106 Geldeston Road London United Kingdom E5 8RS
DAGITAB LIMITED,16153658,active,ltd,,,2024-12-27,,2024-12-27,[86900],Flat 39 Viridian Apartments London England SW8 4DA
GET WORKSY LTD,16156105,active,ltd,,,2024-12-30,,2024-12-30,[59112],85 Great Portland Street London England W1W 7LT
DELIVERANCE ENTERPRISES LTD,16156213,active,ltd,,,2024-12-30,,2024-12-30,[46510, 62020, 71122, 77390],20 Wenlock Road London England N1 7GU
WEST MIDS FINANCE LIMITED,16156287,active,ltd,,,2024-12-30,,2024-12-30,[69201],71-75 Shelton Street London United Kingdom WC2H 9JQ
SUPERSEDED LIMITED,16156283,active,ltd,,,2024-12-30,,2024-12-30,[70229],11 Shakespeare Road London England W3 6SG
FREZZA LTD,16156374,active,ltd,,,2024-12-30,,2024-12-30,[47910],3rd Floor, 86-90 Paul Street London United Kingdom EC2A 4NE
TRADE FUSION LTD,16156496,active,ltd,,,2024-12-30,,2024-12-30,[46130, 46760],Cumberland House London England NW10 6RF
IMMANUEL FOODS LTD,16156671,active,ltd,,,2024-12-31,,2024-12-31,[10710, 47240, 56103, 56210],20 Wenlock Road London England N1 7GU
EVERYDAY ABAYAS LTD,16156727,active,ltd,,,2024-12-31,,2024-12-31,[47910],154 Langthorne Road London England E11 4HR
MODERNISTLY LTD,16156773,active,ltd,,,2024-12-31,,2024-12-31,[47910],71-75 Shelton Street London United Kingdom WC2H 9JQ
IVFL LTD,16156838,active,ltd,,,2024-12-31,,2024-12-31,[86220, 86900],41 Stanlake Road London England W12 7HG
THE SHIELD EDUCATION LIMITED,16156899,active,ltd,,,2024-12-31,,2024-12-31,[85600],20 Hay Close London England E15 4HN
LA TOYA JACKSON LIFESTYLE HSS LTD,16155885,active,ltd,,,2024-12-30,,2024-12-30,[46420, 47710, 47910, 74100],Acumen, 37th Floor, 1 Canada Square London England E14 5DY
AARON & HUR ESTATES LTD,16157146,active,ltd,,,2024-12-31,,2024-12-31,[68100, 68310, 68320],20 Wenlock Road London England N1 7GU
LOTTIEBEL LIMITED,16157270,active,ltd,,,2024-12-31,,2024-12-31,[85100],71-75 Shelton Street London United Kingdom WC2H 9JQ
MOTION REALTY LTD,16157268,active,ltd,,,2024-12-31,,2024-12-31,[68209, 68310],71-75 Shelton Street London United Kingdom WC2H 9JQ
THOUGHT RELIANT LTD,16157351,active,ltd,,,2024-12-31,,2024-12-31,[74909],25 Grove Road London United Kingdom SW13 0HH
ARCHI AI LTD,16157352,active,ltd,,,2024-12-31,,2024-12-31,[63110, 63120],71-75 Shelton Street London United Kingdom WC2H 9JQ
VITAGEVITY LIMITED,16155998,active,ltd,,,2024-12-30,,2024-12-30,[46180, 46900, 47910, 82990],71-75 Shelton Street London United Kingdom WC2H 9JQ
SABLECOVE LTD,16156004,active,ltd,,,2024-12-30,,2024-12-30,[47190, 47910],71-75 Shelton Street London United Kingdom WC2H 9JQ
E & CC HOLDINGS LIMITED,16155994,active,ltd,,,2024-12-30,,2024-12-30,[64209],123 Pall Mall (Ground Floor) London United Kingdom SW1Y 5EA
RW STAYS LTD,16156051,active,ltd,,,2024-12-30,,2024-12-30,[68209, 68320],20 Wenlock Road London England N1 7GU
POSS GROUP LTD,16156055,active,ltd,,,2024-12-30,,2024-12-30,[49420, 52103],71-75 Shelton Street London United Kingdom WC2H 9JQ
ONE MORE PAGE LTD,16156049,active,ltd,,,2024-12-30,,2024-12-30,[47910],71-75 Shelton Street London United Kingdom WC2H 9JQ
NFK DIGITAL LTD,16156152,active,ltd,,,2024-12-30,,2024-12-30,[74909],Flat 28 Rathnew Court London England E2 0QG
SINGHA GLOBAL LTD,16147043,active,ltd,,,2024-12-20,,2024-12-20,[70229],3rd Floor 86-90 Paul Street London United Kingdom EC2A 4NE
TWENTY EIGHT REALTY LTD,16156268,active,ltd,,,2024-12-30,,2024-12-30,[68100, 68209, 68310, 68320],30 Wynnstay Gardens London England W8 6UR
AUXYLIA LTD,16156366,active,ltd,,,2024-12-30,,2024-12-30,[62012, 72200, 86900],32 Ponton Road London England SW11 7BA
N.R.A TRADING LTD,16156360,active,ltd,,,2024-12-30,,2024-12-30,[47910, 93199],71-75 Shelton Street London United Kingdom WC2H 9JQ
ZAHRIS LTD,16156668,active,ltd,,,2024-12-31,,2024-12-31,[47650],28 Perth Avenue London England NW9 7JT
QWIKSHIP LTD,16156756,active,ltd,,,2024-12-31,,2024-12-31,[46900, 47910],71-75 Shelton Street London United Kingdom WC2H 9JQ
TIMELESS BEAUTY LTD,16156804,active,ltd,,,2024-12-31,,2024-12-31,[96020],71-75 Shelton Street London United Kingdom WC2H 9JQ
REMBRANDT VAN WINE UK LIMITED,16156928,active,ltd,,,2024-12-31,,2024-12-31,[90040],Unit 1.3 Marlborough Rd 159-163 London United Kingdom N19 4NF
EPIC KIDS LTD,16156912,active,ltd,,,2024-12-31,,2024-12-31,[88990],89 Langham Road London England N15 3LR
NEDILIA LIMITED,16157432,active,ltd,,,2024-12-31,,2024-12-31,[70229],13 Summerhouse Road London England N16 0NA
QBIVIO UK ENERGY LIMITED,16155929,active,ltd,,,2024-12-30,,2024-12-30,[28250, 46740, 71122, 72190],71-75 Shelton Street London United Kingdom WC2H 9JQ
MARIEOLA LTD,16155932,active,ltd,,,2024-12-30,,2024-12-30,[47770, 47910],2nd Floor College House Ruislip, United Kingdom HA4 7AE
V M INVESTMENT LONDON LTD,16155937,active,ltd,,,2024-12-30,,2024-12-30,[41100, 68100],36 Glebe Road Finchley England N3 2AX
IRISH VAULT CO LTD,16156071,active,ltd,,,2024-12-30,,2024-12-30,[62020],84 Tivoli Road London England SE27 0EF
LEGACY AUTOMOTIVE LTD,16156228,active,ltd,,,2024-12-30,,2024-12-30,[71129],3rd Floor, 86-90 Paul Street London United Kingdom EC2A 4NE
ANDY HARTS FAST BURGER LTD,16156389,active,ltd,,,2024-12-30,,2024-12-30,[56101, 56103, 56210, 56290],Flat 24, Chessington Court London England N3 3DT
DASHA ELIZABETH LIMITED,16156539,active,ltd,,,2024-12-30,,2024-12-30,[62090],155 Milkwood Road London England SE24 0JB
DAMER LTD,16156608,active,ltd,,,2024-12-30,,2024-12-30,[86102],27 Riverside London England NW4 3TU
AMPHAM CONSULTING & TECHNOLGY LTD,16156868,active,ltd,,,2024-12-31,,2024-12-31,[62012, 62020, 70221, 70229],128 City Road London United Kingdom EC1V 2NX
JOYWOOD LIFE LIMITED,16156970,active,ltd,,,2024-12-31,,2024-12-31,[47890, 47990],128 City Road London United Kingdom EC1V 2NX
BLUEONYX PUBLISHING LTD,16156990,active,ltd,,,2024-12-31,,2024-12-31,[58110],Flat 3 Hutchinson House London England NW3 3PU
ZEPHYR WELLNESS LTD,16157107,active,ltd,,,2024-12-31,,2024-12-31,[85590],1a Acton Hill Mews London England W3 9QN
SCC MANAGEMENT LTD,16157114,active,ltd,,,2024-12-31,,2024-12-31,[68209],128 City Road London United Kingdom EC1V 2NX
LKK DESIGN STUDIO LTD,16157204,active,ltd,,,2024-12-31,,2024-12-31,[74100],30 Hendham Road London England SW17 7DQ
AMOR THE AGENCY LTD,16157214,active,ltd,,,2024-12-31,,2024-12-31,[73110],85 Great Portland Street, First Floor London United Kingdom W1W 7LT
CARE CENTRED CARE LTD,16155912,active,ltd,,,2024-12-30,,2024-12-30,[87200, 87900],20 Wenlock Road London England N1 7GU
BLUSHING BEE LTD,16155910,active,ltd,,,2024-12-30,,2024-12-30,[47910],16 Cherrywood Close London England E3 2DQ
GG-792-089 LIMITED,16156138,active,ltd,,,2024-12-30,,2024-12-30,[68209],C/O Getground London England W6 0NB
ONE OV 1 LTD,16156122,active,ltd,,,2024-12-30,,2024-12-30,[90030],71-75 Shelton Street London United Kingdom WC2H 9JQ
1PLANETDESIGN LIMITED,16156257,active,ltd,,,2024-12-30,,2024-12-30,[71111],71-75 Shelton Street London England WC2H 9JQ
AURALIS ASSOCIATES LIMITED,16156341,active,ltd,,,2024-12-30,,2024-12-30,[64303, 68209, 85600, 86900],2nd Floor College House Ruislip, United Kingdom HA4 7AE
ENERGA GROUP LTD.,16156443,active,ltd,,,2024-12-30,,2024-12-30,[27200, 27900, 29100, 71129],71-75 Shelton Street London United Kingdom WC2H 9JQ
BLISSFUL ESTATES LTD,16156691,active,ltd,,,2024-12-31,,2024-12-31,[68100, 68209, 68320],2nd Floor College House Ruislip, United Kingdom HA4 7AE
AMAANI CONSULTANCY LTD,16156943,active,ltd,,,2024-12-31,,2024-12-31,[88990],89 Langham Road London England N15 3LR
65 EAST STREET LTD,16157082,active,ltd,,,2024-12-31,,2024-12-31,[68100, 68209, 68320, 82110],115 London Road Morden England SM4 5HP
ALIMEER LTD,16157073,active,ltd,,,2024-12-31,,2024-12-31,[47910],87 Bell Street London England NW1 6TB
OSORIO LTD,16157219,active,ltd,,,2024-12-31,,2024-12-31,[82110, 82190, 96090],79 Essex Road London England N1 2SF
EDGEH LTD,16157235,active,ltd,,,2024-12-31,,2024-12-31,[46450],128 City Road London United Kingdom EC1V 2NX
BUILDPACK INTERNATIONAL LTD,16157216,active,ltd,,,2024-12-31,,2024-12-31,[41100],2nd Floor College House Ruislip, United Kingdom HA4 7AE
MORLEY NEWCO LIMITED,16157305,active,ltd,,,2024-12-31,,2024-12-31,[64209],Kroll Advisory Limited, 6th Floor London United Kingdom SE1 9SG
ANDREW FISHER CONSULTING LIMITED,16157392,active,ltd,,,2024-12-31,,2024-12-31,[65202],192 Spring Grove Road Isleworth England TW7 4BG
SOPHIE DATAGEN LTD,16157376,active,ltd,,,2024-12-31,,2024-12-31,[62012, 62020],128 City Road London United Kingdom EC1V 2NX
VINTIÉR LIMITED,16145588,active,ltd,,,2024-12-19,,2024-12-19,[47722, 47799],85 Great Portland Street London England W1W 7LT
INMAROSE SERVICES UK LTD,16145711,active,ltd,,,2024-12-20,,2024-12-20,[45320, 86900],Flat 1 Comet London England NW9 5NN
MARIKOKO LTD,16145752,active,ltd,,,2024-12-20,,2024-12-20,[47910, 74100, 96090],128 City Road London United Kingdom EC1V 2NX
BRAIN BODY AGENCY LIMITED,16145860,active,ltd,,,2024-12-20,,2024-12-20,[86900, 88990],Regent House London United Kingdom SE19 3HF
TECH SOLUTIONS REPAIR LTD,16145844,active,ltd,,,2024-12-20,,2024-12-20,[95110],76 Pennine Drive London England NW2 1NP
ADAMS CARE LIVING LTD,16145957,active,ltd,,,2024-12-20,,2024-12-20,[84120, 87200, 87300, 87900],167-169 Great Portland Street London United Kingdom W1W 5PF
WALDEN AFG BILLIONS LTD.,16146327,active,ltd,,,2024-12-20,,2024-12-20,[59111],10 Orange Street London United Kingdom WC2H 7DQ
BOSSY HANDS STUDIOS LTD,16146484,active,ltd,,,2024-12-20,,2024-12-20,[47910],128 City Road London United Kingdom EC1V 2NX
IMC MEDIA LTD,16146669,active,ltd,,,2024-12-20,,2024-12-20,[73120],Sailsbury House London United Kingdom EC2M 5QQ
TIYEN RESOURCING LTD,16146658,active,ltd,,,2024-12-20,,2024-12-20,[71122],Suite 207 Equitable House 7 General Gordon Square London United Kingdom SE18 6FH
YOURSCAFF LTD,16146743,active,ltd,,,2024-12-20,,2024-12-20,[43991],20 Wenlock Road London England N1 7GU
SAAS AIGENCY LTD,16146752,active,ltd,,,2024-12-20,,2024-12-20,[62012, 63120, 70210, 82990],128 City Road London United Kingdom EC1V 2NX
HESTIA HOME CARE LIMITED,16146881,active,ltd,,,2024-12-20,,2024-12-20,[88100],16 Pitt Crescent London United Kingdom SW19 8HS
SKYHAWK SOLUTIONS SA LIMITED,16147157,active,ltd,,,2024-12-20,,2024-12-20,[46690, 71122, 77390],2nd Floor College House Ruislip, United Kingdom HA4 7AE
AGENCY 12:12 LTD,16133052,active,ltd,,,2024-12-12,,2024-12-12,[72200],128 City Road London England EC1V 2NX
CORNERSTONE COFFEE LTD,16145554,active,ltd,,,2024-12-19,,2024-12-19,[56102],24 London Road Warrington England WA4 6HN
ASCENDANCY ADVISORY LTD,16145668,active,ltd,,,2024-12-19,,2024-12-19,[70229],311 Regents Park Road London England N3 1DP
SYDENHAM GROUP LTD,16145932,active,ltd,,,2024-12-20,,2024-12-20,[68100],Js & Co Accountants Ltd, 26 London England E5 9NA
NMI REFURBISHMENT LTD,16145939,active,ltd,,,2024-12-20,,2024-12-20,[43999],Unit 4 Meantime Studios Greenwich United Kingdom SE10 9NE
WE ARE BORING LTD,16146048,active,ltd,,,2024-12-20,,2024-12-20,[73110],C/O D S Burge And Co Ltd London United Kingdom SW19 4DW
SEREIN TECHNOLOGIES LIMITED,16146031,active,ltd,,,2024-12-20,,2024-12-20,[74909],128 City Road London United Kingdom EC1V 2NX
ILM4U LTD,16146127,active,ltd,,,2024-12-20,,2024-12-20,[85600],Silverstream House 4th Floor London United Kingdom W1T 6EB
MESMERIQ LTD,16146131,active,ltd,,,2024-12-20,,2024-12-20,[96090],Studio 311 Netil House London United Kingdom E8 3RL
EMPLOYNEX LTD,16146137,active,ltd,,,2024-12-20,,2024-12-20,[78109],71-75 Shelton Street London United Kingdom WC2H 9JQ
TASTE ITALIAN LTD,16146249,active,ltd,,,2024-12-20,,2024-12-20,[56101, 56103, 56210, 56302],Suite G04 1 Quality Court, Chancery Lane London England WC2A 1HR
ROOT & BRANCH FILMS LTD,16146379,active,ltd,,,2024-12-20,,2024-12-20,[59111, 59113],3rd Floor, 86-90 Paul Street London England EC2A 4NE
ALTUS MEDIA LIMITED,16146581,active,ltd,,,2024-12-20,,2024-12-20,[58290],One Ground Floor 3 London Square Guildford England GU1 1UJ
FEEDBACK DRIVEN LTD,16146733,active,ltd,,,2024-12-20,,2024-12-20,[74909],Basement, 10 London Road Cheltenham United Kingdom GL52 6DF
GFS DEVELOPERS LIMITED,16146722,active,ltd,,,2024-12-20,,2024-12-20,[62012, 68100, 68209],390 London Road Mitcham England CR4 4EA
AFYF ESTATES LTD,16146716,active,ltd,,,2024-12-20,,2024-12-20,[68100],C/O 32 Castlewood Road London United Kingdom N16 6DW
SUNNYSIDE HIGH LIMITED,16146706,active,ltd,,,2024-12-20,,2024-12-20,[62011],71 Queen Victoria Street London United Kingdom EC4V 4BE
ARIA KEBAB LTD,16147030,active,ltd,,,2024-12-20,,2024-12-20,[56103],261 Green Lanes London England N13 4XE
KRAFTWORK DESIGN LTD,16147049,active,ltd,,,2024-12-20,,2024-12-20,[70229, 74100, 90030],Office 408, Screenworks 22 Highbury Grove London United Kingdom N5 2ER
MCCONNELL JOHNSON PROJECT AND BUILDING CONSULTANCY LIMITED,16147022,active,ltd,,,2024-12-20,,2024-12-20,[81100],55 Jasmine Grove London England SE20 8JY
ASPIN PROJECTS LIMITED,16147120,active,ltd,,,2024-12-20,,2024-12-20,[41100],Flat 29 Gooch House London England EC1N 7SE
DJI FIX LTD,16147081,active,ltd,,,2024-12-20,,2024-12-20,[95210],128 City Road London United Kingdom EC1V 2NX
DMT ELECTRICAL GROUP LTD,16147208,active,ltd,,,2024-12-20,,2024-12-20,[43210],Thomas Harris 1929 Shop Merton Abbey Mills London United Kingdom SW19 2RD
LONDON AESTHETIC SURGEONS LTD,16145768,active,ltd,,,2024-12-20,,2024-12-20,[86220, 86900],The Long Lodge Wimbledon United Kingdom SW19 3NW
CEYDAM PROPERTIES LTD,16145869,active,ltd,,,2024-12-20,,2024-12-20,[68100, 68209],C/O Unit 4, Kinetica London United Kingdom E8 2FD
KOORINGA LTD,16145980,active,ltd,,,2024-12-20,,2024-12-20,[68100],1st Floor 44 Worship Street London United Kingdom EC2A 2EA
DMS PROCUREMENT LTD,16146097,active,ltd,,,2024-12-20,,2024-12-20,[71200, 96090],71-75 Shelton Street London United Kingdom WC2H 9JQ
DARUL PROPERTIES LIMITED,16146079,active,ltd,,,2024-12-20,,2024-12-20,[68100],1st Floor 182-184 Edgware Road London England W2 2DS
SIRVO LIMITED,16146155,active,ltd,,,2024-12-20,,2024-12-20,[43290, 43390, 43999],128 City Road London United Kingdom EC1V 2NX
ARCHBIO LTD,16146169,active,ltd,,,2024-12-20,,2024-12-20,[72110, 85590, 85600],128 City Road London United Kingdom EC1V 2NX
HI-TECH TRANSFORMATIONS LTD,16146272,active,ltd,,,2024-12-20,,2024-12-20,[70229],33 Carnarvon Road London England E10 6DW
HOLY CACAO LTD,16146299,active,ltd,,,2024-12-20,,2024-12-20,[10890],167-169 Great Portland Street London England W1W 5PF
SARAH MALTESE CONSULTANCY LTD,16146413,active,ltd,,,2024-12-20,,2024-12-20,[85600],71-75 Shelton Street London United Kingdom WC2H 9JQ
SANDBANK DEVELOPMENT LIMITED,16146600,active,ltd,,,2024-12-20,,2024-12-20,[41100],New Burlington House London England NW11 0PU
FIX THE WEAK LONDON CHURCH INTERNATIONAL LTD,16146587,active,ltd,,,2024-12-20,,2024-12-20,[94910],197 East Street London England SE17 2SD
PIJAY LIMITED,16146819,active,ltd,,,2024-12-20,,2024-12-20,[68100, 68209],155a Becklow Road London United Kingdom W12 9HH
MEMPHISGROW LTD,16146816,active,ltd,,,2024-12-20,,2024-12-20,[47910],2 Frederick Street London United Kingdom WC1X 0ND
LEGACY PATH LTD,16146801,active,ltd,,,2024-12-20,,2024-12-20,[71129, 74209, 90030, 96090],71-75 Shelton Street London United Kingdom WC2H 9JQ
11:10 LTD,16146823,active,ltd,,,2024-12-20,,2024-12-20,[62020],30 Merton Hall Gardens London England SW20 8SN
DOMNEST LTD,16146784,active,ltd,,,2024-12-20,,2024-12-20,[68209],C/O Getground London England W6 0NB
MDT DIGITAL LTD,16145805,active,ltd,,,2024-12-20,,2024-12-20,[62012],4th Floor Office London England W1B 4HB
KENSAL BROWNS LIMITED,16145796,active,ltd,,,2024-12-20,,2024-12-20,[41100],121 Clarendon Road London England W11 4JG
EDIEN SAID BEAUTY LTD,16146009,active,ltd,,,2024-12-20,,2024-12-20,[96020],18 Cruikshank Road London England E15 1SN
HAIRSTYLE ARBIANA LTD,16145999,active,ltd,,,2024-12-20,,2024-12-20,[96020],Flat 7 286 Richmond Road London England E8 3QS
THING ARCHITECTURE LTD,16146028,active,ltd,,,2024-12-20,,2024-12-20,[71111],44 Grayling Road London England N16 0BT
INSOLCINO GROUP LTD,16146201,active,ltd,,,2024-12-20,,2024-12-20,[62011, 62020, 62090, 63990],2nd Floor College House Ruislip, United Kingdom HA4 7AE
LIMITLESS ASSETS LTD,16146204,active,ltd,,,2024-12-20,,2024-12-20,[68100, 68310],20 Wenlock Road London England N1 7GU
RSM CONSTRUCTION SERVICES LTD,16146353,active,ltd,,,2024-12-20,,2024-12-20,[41201, 41202],20 Wenlock Road London England N1 7GU
RILLY BEE CARE LTD,16146506,active,ltd,,,2024-12-20,,2024-12-20,[68209],C/O Getground London England W6 0NB
S J ROBERTS JEWELLERY LTD,16146857,active,ltd,,,2024-12-20,,2024-12-20,[32120],53 Lofting Road London London United Kingdom N1 1ES
CAMUSRHE LTD,16146859,active,ltd,,,2024-12-20,,2024-12-20,[46180],Office 11062 182-184 High Street North London United Kingdom E6 2JA
TMJO LTD,16146932,active,ltd,,,2024-12-20,,2024-12-20,[68209],C/O Getground London England W6 0NB
VOIICES LIMITED,16146950,active,ltd,,,2024-12-20,,2024-12-20,[62090],Level 5a Maple House London United Kingdom W1T 7NF
SPARKLE COLLECTIONS LTD,16147058,active,ltd,,,2024-12-20,,2024-12-20,[58190, 59120, 59200, 63990],2 Craven Road Ealing United Kingdom W5 2UA
PURELY CLEAN AND MAINTENANCE LTD,16147074,active,ltd,,,2024-12-20,,2024-12-20,[81229],28 Lyne Crescent London England E17 5HZ
HOLMA CONSULTING LTD,16147076,active,ltd,,,2024-12-20,,2024-12-20,[70229],41 Devonshire Street London United Kingdom W1G 7AJ
OZ ERCIYES LTD,16147226,active,ltd,,,2024-12-20,,2024-12-20,[56103],477 High Road London United Kingdom N17 6QA
GREENBORNE DEVELOPMENTS LTD,16147227,active,ltd,,,2024-12-20,,2024-12-20,[41201, 41202],Unit A3, Gateway Tower London United Kingdom E16 1YL
CHANGING WATERS LIMITED,16147786,active,ltd,,,2024-12-20,,2024-12-20,[90030],Flat 701 Fairway Court 15 Culvert Drive London England E3 3UF
LONELY PRODUCTIONS LTD,16147832,active,ltd,,,2024-12-20,,2024-12-20,[59111],21 Rona Road London England NW3 2HY
ADULT MALE MODELS LTD,16147905,active,ltd,,,2024-12-20,,2024-12-20,[59112, 73110, 73120, 74202],Flat 153 Bakersfield Crayford Road London England N7 0LU
MAX BUILD LIMITED,16147918,active,ltd,,,2024-12-21,,2024-12-21,[43290],82 Humberstone Road London England E13 9NJ
ELITES RETREAT LTD,16147933,active,ltd,,,2024-12-21,,2024-12-21,[68320],9 Harlow Road London England N13 5QT
ZEPHLER CONSULTING GROUP LTD,16147937,active,ltd,,,2024-12-21,,2024-12-21,[70229],102 Dunbar Road London England N22 5BJ
ONLY ONE MORE LTD,16148108,active,ltd,,,2024-12-21,,2024-12-21,[47910],Flat B Pugin Court London England N1 1NE
DOLLY MEDIA LTD,16148122,active,ltd,,,2024-12-21,,2024-12-21,[59112, 74202],10-11 Great Russell Street London England WC1B 3NH
SGSS FINANCE LIMITED,16148294,active,ltd,,,2024-12-22,,2024-12-22,[69201],70 Gurney Drive London England N2 0DE
ETHICOS AI LTD,16148469,active,ltd,,,2024-12-23,,2024-12-23,[62020, 70229, 72190, 85590],3rd Floor, 86-90 Paul Street London England EC2A 4NE
UMEI INVESTMENT LIMITED,16147277,active,ltd,,,2024-12-20,,2024-12-20,[68100],20 Seymour Mews London United Kingdom W1H 6BQ
BNG LONDON LIMITED,16147319,active,ltd,,,2024-12-20,,2024-12-20,[46690, 77390, 96020],3 New Row London England NW2 6BF
CREEKRAFT LTD,16147353,active,ltd,,,2024-12-20,,2024-12-20,[47910],3rd Floor, 86-90 Paul Street London United Kingdom EC2A 4NE
ELYSIAN ATELIER LTD,16147509,active,ltd,,,2024-12-20,,2024-12-20,[79110],81 Selhurst Close London England SW19 6AY
TN PROPERTY MAINTENANCE LIMITED,16147547,active,ltd,,,2024-12-20,,2024-12-20,[41202, 43341],71-75 Shelton Street London United Kingdom WC2H 9JQ
OMRF (UK) LTD,16147604,active,ltd,,,2024-12-20,,2024-12-20,[64205],Duo, Level 6 London United Kingdom EC2M 4RB
BRMD LTD,16147727,active,ltd,,,2024-12-20,,2024-12-20,[68100],30 Penny Brookes Street London England E15 1GP
JM1865 LIMITED,16147724,active,ltd,,,2024-12-20,,2024-12-20,[68100],Flat 8 St Michaels Court London United Kingdom E14 6PS
AYAFLY LTD,16148010,active,ltd,,,2024-12-21,,2024-12-21,[79110],1a Golders Green Road London England NW11 8DY
IMPRESSING HOTEL LTD,16148094,active,ltd,,,2024-12-21,,2024-12-21,[55100],33-35 Praed Street London United Kingdom W2 1NR
THE PEOPLE INGREDIENT LTD,16148177,active,ltd,,,2024-12-22,,2024-12-22,[74909],5, Grove House London United Kingdom N3 3PU
MAKSLION LIMITED,16148303,active,ltd,,,2024-12-22,,2024-12-22,[49420, 98000],24 Kimbolton Close London England SE12 0JJ
VILLA 1 SYDENHAM LIMITED,16147271,active,ltd,,,2024-12-20,,2024-12-20,[68100, 68209],Flat 3 65 Sangley Road London England SE25 6QX
BRIWI EVENTS LTD.,16147281,active,ltd,,,2024-12-20,,2024-12-20,[82301, 82302],27 Old Gloucester Street London United Kingdom WC1N 3AX
QUICK LEARNING TUITION CENTRE LIMITED,16147391,active,ltd,,,2024-12-20,,2024-12-20,[88910],Suite 609 Cumberland House London United Kingdom NW10 6RF
LUKE PATRICK SERVICES LTD,16147536,active,ltd,,,2024-12-20,,2024-12-20,[41201, 56210],Flat 1 Dennington Park Mansions 267-279 West End Lane London England NW6 1QR
BATUHAN ALTAN LTD,16147518,active,ltd,,,2024-12-20,,2024-12-20,[62012, 62020, 62090],71-75 Shelton Street London United Kingdom WC2H 9JQ
BESPOKE BASE LTD,16143655,active,ltd,,,2024-12-18,,2024-12-18,[43320],352 Fulham Road London United Kingdom SW10 9UH
SISTERS LOVE UNITY & TRUTH FILMS LTD,16147682,active,ltd,,,2024-12-20,,2024-12-20,[59111],Flat 41 Lockwood House London England E5 9RE
MLK LTD,16148247,active,ltd,,,2024-12-22,,2024-12-22,[16230, 43390],515a Commercial Road London England E1 0HQ
ATHLIXIR LTD,16148371,active,ltd,,,2024-12-22,,2024-12-22,[46900, 47910, 96040],Flat 22 Overbridge House Twickenham England TW1 1FD
FIFTY YEARS HENCE LTD,16147303,active,ltd,,,2024-12-20,,2024-12-20,[85590],9th Floor 107 Cheapside London United Kingdom EC2V 6DN
XTND AGENCY LTD,16147419,active,ltd,,,2024-12-20,,2024-12-20,[73110],2nd Floor Northumberland House London United Kingdom WC1V 7JZ
PLATFORM PROPERTY GROUP LTD,16148151,active,ltd,,,2024-12-21,,2024-12-21,[98000],118a Camden Street London England NW1 0HY
BLUESKY LOGISTICS SERVICES LTD,16148160,active,ltd,,,2024-12-22,,2024-12-22,[49410],76b-76d Brook Green London England W6 7BE
THE HAPPY SKIN CO LTD,16148231,active,ltd,,,2024-12-22,,2024-12-22,[46450],71-75 Shelton Street London England WC2H 9JQ
AGI CLEANING SERVICES LTD,16148343,active,ltd,,,2024-12-22,,2024-12-22,[81210],22 Kings Road London England N18 2PN
APEX ESTATE SOLUTIONS LTD,16148431,active,ltd,,,2024-12-23,,2024-12-23,[68100, 68209],86 Downings London England E6 6WW
BOXFRESH HOLDINGS LIMITED,16148459,active,ltd,,,2024-12-23,,2024-12-23,[64209],8 Manchester Square London England W1U 3PH
SEND-OFF HOLDINGS LTD,16148467,active,ltd,,,2024-12-23,,2024-12-23,[62090],52-60 Tabernacle Street London England EC2A 4NJ
ACTISAFE LTD,16148522,active,ltd,,,2024-12-23,,2024-12-23,[47990],71-75 Shelton Street London United Kingdom WC2H 9JQ
O&A CONSULTANTS LTD,16148712,active,ltd,,,2024-12-23,,2024-12-23,[66220, 70229],Office 204 10 Courtenay Road London United Kingdom HA9 7ND
FUTURE ZERO LTD,16148699,active,ltd,,,2024-12-23,,2024-12-23,[43210, 43220, 43999],71-75 Shelton Street London United Kingdom WC2H 9JQ
BOOKS AND BEYOND LIMITED,16148819,active,ltd,,,2024-12-23,,2024-12-23,[85590, 85600],10 Acre Lane London United Kingdom SW2 5SG
LAKE CITY UK SALES AND MARKETING LIMITED,16148910,active,ltd,,,2024-12-23,,2024-12-23,[68320],188 Mitcham Road London England SW17 9NJ
CADCAMBAY LTD,16148932,active,ltd,,,2024-12-23,,2024-12-23,[46180],124 City Road London United Kingdom EC1V 2NP
INGUNNTHORS LTD,16149086,active,ltd,,,2024-12-23,,2024-12-23,[47910],124 City  Road London United Kingdom EC1V 2NX
CARBON CUTS RECORDS LIMITED,16149191,active,ltd,,,2024-12-23,,2024-12-23,[59200],Flat 3 35 Cheyne Place London England SW3 4HL
ROSE & CRAFT LTD,16149182,active,ltd,,,2024-12-23,,2024-12-23,[90030],16 Cherrywood Close London England E3 2DQ
JEPA CAPITAL PARTNERS LIMITED,16149186,active,ltd,,,2024-12-23,,2024-12-23,[64303],20 Wenlock Road London England N1 7GU
VIVENTA RESOURCES MANAGEMENT LIMITED,16149206,active,ltd,,,2024-12-23,,2024-12-23,[70229],2nd Floor 134 Buckingham Palace Road London United Kingdom SW1W 9SA
LONDON LUXE SPA LTD,16149175,active,ltd,,,2024-12-23,,2024-12-23,[96020],Flat 17 Burwash House London England SE1 3RW
RETERNITI LTD,16149614,active,ltd,,,2024-12-23,,2024-12-23,[96030],128 City Road London United Kingdom EC1V 2NX
LE CRAYON NOIR LTD,16149610,active,ltd,,,2024-12-23,,2024-12-23,[74100],Flat 15 57 Devons Road London England E3 3DW
JEBIR & ASSOCIATES LTD,16149695,active,ltd,,,2024-12-23,,2024-12-23,[70229, 71122],71-75 Shelton Street London United Kingdom WC2H 9JQ
VAULTCRAFTEDGE LTD,16149693,active,ltd,,,2024-12-23,,2024-12-23,[62020, 62090, 70210],128 City Road London United Kingdom EC1V 2NX
NIIMOS LIMITED,16149948,active,ltd,,,2024-12-23,,2024-12-23,[70229],Silverstream House London England W1T 6EB
MIGHTY TREE STRATEGIES LIMITED,16150050,active,ltd,,,2024-12-23,,2024-12-23,[62020],2nd Floor College House Ruislip, United Kingdom HA4 7AE
QUASI & KIN LIMITED,16150086,active,ltd,,,2024-12-23,,2024-12-23,[59200, 70229, 96090],Silverstream House 4th Floor London England W1T 6EB
TCHAI WELLBEING CAFE LTD,16150099,active,ltd,,,2024-12-23,,2024-12-23,[47290],The White House London United Kingdom N2 0BN
DATALEADR LIMITED,16148517,active,ltd,,,2024-12-23,,2024-12-23,[63110],3rd Floor 45 Albemarle Street Mayfair United Kingdom W1S 4JL
DANA COPY CO LTD,16148866,active,ltd,,,2024-12-23,,2024-12-23,[82990],71-75 Shelton Street London United Kingdom WC2H 9JQ
CEPSHOP LTD,16148853,active,ltd,,,2024-12-23,,2024-12-23,[47421],20 Wenlock Road London England N1 7GU
PGLP LIMITED,16148980,active,ltd,,,2024-12-23,,2024-12-23,[47890, 47910, 90020, 93290],182-184 High Street North East Ham United Kingdom E6 2JA
TECH FORGE DYNAMICS LIMITED,16149055,active,ltd,,,2024-12-23,,2024-12-23,[62020],36 Pellew House, Somerford Street London United Kingdom E1 5DX
SLASHSRC LTD,16149148,active,ltd,,,2024-12-23,,2024-12-23,[62020],115 London Road Braintree United Kingdom CM77 8PT
DEADLEAD LTD,16149339,active,ltd,,,2024-12-23,,2024-12-23,[10832],Flat 50 The Point London England E17 7JU
TRIGGER NORTH AMERICAN HOLDINGS LTD,16149513,active,ltd,,,2024-12-23,,2024-12-23,[93290],1 Fore Street Avenue London England EC2Y 9DT
LYNX MODA LTD,16149582,active,ltd,,,2024-12-23,,2024-12-23,[14131, 14132, 14190, 90030],2 Frederick Street London United Kingdom WC1X 0ND
AIX MANAGEMENT & LETTINGS LTD,16149580,active,ltd,,,2024-12-23,,2024-12-23,[68209],Plato Place, 72-74 St Dionis Rd, London United Kingdom SW6 4TU
OGIER GLOBAL CORPORATE SERVICES (UK) LIMITED,16149593,active,ltd,,,2024-12-23,,2024-12-23,[74909],Fourth Floor London United Kingdom EC3A 6AB
MC CRITICAL MINERALS LIMITED,16149716,active,ltd,,,2024-12-23,,2024-12-23,[24420],Mid City Place London England WC1V 6BA
KELMEND CONTRACTORS LTD,16149728,active,ltd,,,2024-12-23,,2024-12-23,[43390],107 Edgecot Grove London England N15 5HG
MOKA INVESTMENT HOLDINGS LTD,16148532,active,ltd,,,2024-12-23,,2024-12-23,[64304],20 Wenlock Road London England N1 7GU
BOXXEE LTD,16148761,active,ltd,,,2024-12-23,,2024-12-23,[14132, 47910, 96090],71-75 Shelton Street London United Kingdom WC2H 9JQ
THE GEM (LONDON) LTD,16148733,active,ltd,,,2024-12-23,,2024-12-23,[96020],14 Horselydown Lane London England SE1 2LN
VOGUELLE LTD,16148884,active,ltd,,,2024-12-23,,2024-12-23,[47910],24-26 Arcadia Avenue, Fin0000 London United Kingdom N3 2JU
NORD DYNAMICS LIMITED,16149111,active,ltd,,,2024-12-23,,2024-12-23,[63120],128 City Road London United Kingdom EC1V 2NX
DS&U LTD,16149260,active,ltd,,,2024-12-23,,2024-12-23,[47910],3 Villas Road London England SE18 7PN
BRIT BANGLA MEDIA LIMITED,16149268,active,ltd,,,2024-12-23,,2024-12-23,[18130, 18203, 63910, 73120],252-262 Romford Road London United Kingdom E7 9HZ
TROPICAL FISH LONDON LIMITED,16149232,active,ltd,,,2024-12-23,,2024-12-23,[47230],Pond Life Aquatics London United Kingdom NW7 1AS
PASSIONUA LTD,16149214,active,ltd,,,2024-12-23,,2024-12-23,[93120],Dudin Brown House 8a London England NW3 7SU
SMUUTI SKIN UK LIMITED,16149411,active,ltd,,,2024-12-23,,2024-12-23,[46450],78 York Street London England W1H 1DP
BEELON INVESTMENT LTD,16149534,active,ltd,,,2024-12-23,,2024-12-23,[68100, 68209],42 Russell Road London England N13 4RP
SHULTON AUTOMOTIVE (UK) LTD,16149733,active,ltd,,,2024-12-23,,2024-12-23,[45112, 45200, 45310, 45320],71-75 Shelton Street London United Kingdom WC2H 9JQ
HYPHN LIMITED,16149848,active,ltd,,,2024-12-23,,2024-12-23,[62012, 62020, 62090, 70229],3rd Floor, 86-90 Paul Street London England EC2A 4NE
MINT PROMOTIONS LTD,16149836,active,ltd,,,2024-12-23,,2024-12-23,[73110],22a Hillview Gardens London England NW4 2JH
PI PRESCOTT LTD,16150018,active,ltd,,,2024-12-23,,2024-12-23,[62020, 62090],4th Floor, 18 St. Cross Street London England EC1N 8UN
JADA ELECTRICAL LTD,16150084,active,ltd,,,2024-12-23,,2024-12-23,[43210],128 City Road London United Kingdom EC1V 2NX
BLENDY TECHNOLOGIES LIMITED,16157466,active,ltd,,,2024-12-31,,2024-12-31,[58290, 62012, 62020, 63110],Office 408, Screenworks 22 Highbury Grove London United Kingdom N5 2ER
SP CONSULTANCY LONDON LIMITED,16157450,active,ltd,,,2024-12-31,,2024-12-31,[70229],Wellesley House London England SE18 6SS
RIT TRANSFER LTD,16157533,active,ltd,,,2024-12-31,,2024-12-31,[49320],Unit 2 - 449 High Street North Manor Park England E12 6TJ
OLYMPUS COACHING LTD,16157536,active,ltd,,,2024-12-31,,2024-12-31,[93199],Flat 4 71 Marlborough Place London United Kingdom NW8 0PT
AUGUST EXCHANGE LIMITED,16157526,active,ltd,,,2024-12-31,,2024-12-31,[64999],128 City Road London United Kingdom EC1V 2NX
HOLLR PEOPLE LIMITED,16157579,active,ltd,,,2024-12-31,,2024-12-31,[47910],86-90 Paul Street London United Kingdom EC2A 4NE
DDE THE LOST ONES FILM LTD,16157572,active,ltd,,,2024-12-31,,2024-12-31,[90010],71-75 Shelton Street London United Kingdom WC2H 9JQ
NEXERASPARK LTD,16157783,active,ltd,,,2024-12-31,,2024-12-31,[58210, 58290, 62012, 63120],71-75 Shelton Street London United Kingdom WC2H 9JQ
FAIZAL PRIVEE FRAGRANCES LTD,16157832,active,ltd,,,2024-12-31,,2024-12-31,[20420, 46450],20 Wenlock Road London England N1 7GU
CJ TALKING THERAPIES LIMITED,16157839,active,ltd,,,2024-12-31,,2024-12-31,[86900],26 Border Road London England SE26 6HB
STUDIOPASTE LTD,16157918,active,ltd,,,2024-12-31,,2024-12-31,[62012, 62020, 73110, 74100],124 City Road London United Kingdom EC1V 2NX
OMEP HOLDINGS LIMITED,16157915,active,ltd,,,2024-12-31,,2024-12-31,[64209],136 Shooters Hill Road London England SE3 8RN
SIGNALFORGE LIMITED,16157984,active,ltd,,,2024-12-31,,2024-12-31,[62012, 62020, 63110, 64999],167-169 Great Portland Street London England W1W 5PF
VALERIE’S UNIFIED EDUCATION LTD,16158047,active,ltd,,,2024-12-31,,2024-12-31,[85520, 85590, 85600],3rd Floor, 86-90 Paul Street London England EC2A 4NE
SWISSCRAFT AVIATION LTD,16157496,active,ltd,,,2024-12-31,,2024-12-31,[52230, 52290, 96090],71-75 Shelton Street London United Kingdom WC2H 9JQ
ENERGIES & CO.UK LIMITED,16157547,active,ltd,,,2024-12-31,,2024-12-31,[71122],923 Finchley Road London England NW11 7PE
JOYLINK LTD,16157644,active,ltd,,,2024-12-31,,2024-12-31,[62012, 62020, 63120],71-75 Shelton Street London United Kingdom WC2H 9JQ
PRECISION VALETING LTD,16157634,active,ltd,,,2024-12-31,,2024-12-31,[81222],112 Church Manorway London United Kingdom SE2 9LX
CRESTORE LTD,16157693,active,ltd,,,2024-12-31,,2024-12-31,[47910],3rd Floor, 86-90 Paul Street London United Kingdom EC2A 4NE
ROOTOVERFLOW LTD,16157750,active,ltd,,,2024-12-31,,2024-12-31,[58290, 62011, 62012],128 City Road London United Kingdom EC1V 2NX
OVERSIGHT AI LTD,16157818,active,ltd,,,2024-12-31,,2024-12-31,[62012],48 Swinburne Road London England SW15 5EB
ENVISION TECHNOLOGY LTD,16149714,active,ltd,,,2024-12-23,,2024-12-23,[82990, 84130],71-75 Shelton Street London United Kingdom WC2H 9JQ
AQARAAT GROUP LTD,16157859,active,ltd,,,2024-12-31,,2024-12-31,[68100, 68310],71-75 Shelton Street London United Kingdom WC2H 9JQ
YAPPS LTD,16157994,active,ltd,,,2024-12-31,,2024-12-31,[62090],3rd Floor, 86-90 Paul Street London England EC2A 4NE
HOME CINEMA MANUFACTURING LTD,16158059,active,ltd,,,2024-12-31,,2024-12-31,[26400, 27900, 47430],5 Chatsworth Gardens London England W3 9LN
REHOIVES INVESTMENTS LTD,16158080,active,ltd,,,2024-12-31,,2024-12-31,[68209],136 Castlewood Road London England N15 6BE
KV DUONG LTD,16158088,active,ltd,,,2024-12-31,,2024-12-31,[90030],Flat 4 Isabella House London England SE11 4RT
GLOBAL REALTY HOMES LTD,16157520,active,ltd,,,2024-12-31,,2024-12-31,[43999],242 Linen Hall 162-168 Regents Street London United Kingdom W1B 5TB
EKAXEL GROUP LIMITED,16148633,active,ltd,,,2024-12-23,,2024-12-23,[70229, 74909, 78109, 78200],12 Raleigh Gardens London England SW2 1AD
HAILO PERSONAL CARE LTD,16157561,active,ltd,,,2024-12-31,,2024-12-31,[20420],20 Wenlock Road London England N1 7GU
LIMITLESS ZERO LABS LIMITED,16157685,active,ltd,,,2024-12-31,,2024-12-31,[58290, 62012, 62090, 63110],128 City Road London United Kingdom EC1V 2NX
MONITY.AI LTD,16157726,active,ltd,,,2024-12-31,,2024-12-31,[63120],71-75 Shelton Street London United Kingdom WC2H 9JQ
AFUAKI LTD,16157810,active,ltd,,,2024-12-31,,2024-12-31,[42120],90 Caledon Road London England E6 2HB
KNIGHTGATE LETTINGS LTD,16157795,active,ltd,,,2024-12-31,,2024-12-31,[68209],128 City Road London United Kingdom EC1V 2NX
FC TECHTRADE-SOLUTIONS LIMITED,16157798,active,ltd,,,2024-12-31,,2024-12-31,[46510, 58290],5 Brayford Square London England E1 0SG
HOME STYLE STAYS LTD,16157802,active,ltd,,,2024-12-31,,2024-12-31,[55100, 68209],128 City Road London United Kingdom EC1V 2NX
LITTLE APRIL PRODUCTIONS LIMITED,16149340,active,ltd,,,2024-12-23,,2024-12-23,[59111],3 Queen Caroline Street London W6 9PE
PARMA HOUSE WG LIMITED,16139472,active,ltd,,,2024-12-17,,2024-12-17,[68100],Bhl House London England NW11 0AF
MAH TRADING ZONE LTD,16130684,active,ltd,,,2024-12-11,,2024-12-11,[47710, 68320, 77110, 96090],Office 15 292-294 Plashet Grove London United Kingdom E6 1DQ
HIDDEN INJUSTICE INVESTIGATIONS LTD,16153161,active,ltd,,,2024-12-27,,2024-12-27,[59111, 59120, 82990, 88990],71-75 Shelton Street London United Kingdom WC2H 9JQ
REAL ESTATE CATALYST LTD,16136411,active,ltd,,,2024-12-15,,2024-12-15,[85600],2 Leman Street London United Kingdom E1W 9US
ASHURST  ENTERPRISES LIMITED,16146147,active,ltd,,,2024-12-20,,2024-12-20,[70229],50 Connaught Street London England W2 2AA
NOVARA SOLUTIONS LTD,16148167,active,ltd,,,2024-12-22,,2024-12-22,[74909],85 Great Portland Street London England W1W 7LT
YERBA MATTERS LTD,16116604,active,ltd,,,2024-12-03,,2024-12-03,[46330],12 Cornwall Gardens Walk London England SW7 4BJ
MORGAN BOND CAPITAL LTD,16138221,active,ltd,,,2024-12-16,,2024-12-16,[71200],71-75 Shelton Street London United Kingdom WC2H 9JQ
STAMROOS INVESTMENTS LIMITED,16129470,active,ltd,,,2024-12-11,,2024-12-11,[68209],124 City Road London England EC1V 2NX
OEB HOLDINGS LIMITED,16136456,active,ltd,,,2024-12-15,,2024-12-15,[68100, 68209, 68320],11 Queens Way London England NW4 2TN
ESTYLOS LTD,16127203,active,ltd,,,2024-12-10,,2024-12-10,[58190],Unit 4 Wellesley Court London England NW2 7HF
365 PREMIER GROUP LTD,16143198,active,ltd,,,2024-12-18,,2024-12-18,[49320, 59132, 63120],23a The Precinct Waterlooville United Kingdom PO7 7DT
54 DHONAU LIMITED,16151196,active,ltd,,,2024-12-24,,2024-12-24,[68100],Flat 54 Dhonau House London England SE1 5TL
SAUCE COLLECTIVE LIMITED,16157390,active,ltd,,,2024-12-31,,2024-12-31,[82990],111 Charterhouse Street London England EC1M 6AW
UPTRAFF LTD,16153901,active,ltd,,,2024-12-27,,2024-12-27,[62012, 62090, 63110],124 City Road London England EC1V 2NX
KRK TRADING LIMITED,16137432,active,ltd,,,2024-12-16,,2024-12-16,[46341, 46499],Unit 6 Bittacy Business Centre London England NW7 1BA
KLINE GROUP LTD,16111073,active,ltd,,,2024-12-01,,2024-12-01,[73110],16 Hawthorne Close London England N1 4AW
COLE-JAMES TALENT SOLUTIONS LTD,16120589,active,ltd,,,2024-12-05,,2024-12-05,[78200],107-111 Fleet Street London England EC4A 2AB
4MY CLOTHING LTD,16157945,active,ltd,,,2024-12-31,,2024-12-31,[46420, 47710],Silverstream House Fitzroy Street London England W1T 6EB
SDIP TAX LTD,16143885,active,ltd,,,2024-12-18,,2024-12-18,[70229],123 Fourth Avenue London England E12 6DP
RGH CONSULT LTD,16126273,active,ltd,,,2024-12-09,,2024-12-09,[78109],124 City Road 124 City Road London England EC1V 2NX
LJ DEVELOPMENT GROUP LIMITED,16112941,active,ltd,,,2024-12-02,,2024-12-02,[41100],18 Conduit Street London England W1S 2XN
BRIGHT OAK CARE LIMITED,16145326,active,ltd,,,2024-12-19,,2024-12-19,[87900],1278 High Road London England N20 9HH
SPACE HW LIMITED,16144263,active,ltd,,,2024-12-19,,2024-12-19,[41100, 56302],Unit 3 (First Floor) London England E3 2NT
AMYTH LTD,16122931,active,ltd,,,2024-12-09,,2024-12-09,[72110],71-75 Shelton Street London United Kingdom WC2H 9JQ
IDENTITY INTERIORS. LIMITED,16122282,active,ltd,,,2024-12-08,,2024-12-08,[43341],246-250 Romford Road London United Kingdom E7 9HZ
PRIMEKEYS PROPERTIES LTD,16155801,active,ltd,,,2024-12-30,,2024-12-30,[46420, 46900, 68100, 68209],128 City Road London United Kingdom EC1V 2NX
GK FILMS LIMITED,16120189,active,ltd,,,2024-12-05,,2024-12-05,[74203],1st Formations 71-75 Shelton Street London England WC2H 9JQ
RAAG HOLBORN HOTEL LIMITED,16134191,active,ltd,,,2024-12-13,,2024-12-13,[68209],3rd Floor 86-90 Paul Street London United Kingdom EC2A 4NE
CORCEL (KON-11) LTD,16123738,active,ltd,,,2024-12-09,,2024-12-09,[06100],6th Floor 99 Gresham Street London England EC2V 7NG
UK MASTERS LOCKSMITHS LIMITED,16124372,active,ltd,,,2024-12-09,,2024-12-09,[96090],16 Charnwood Road London England SE25 6NU
CUPID COFFEE LTD,16114469,active,ltd,,,2024-12-03,,2024-12-03,[56101],25 Wolfe Crescent London England SE7 8TS
TRANSFER EDGE ABS LIMITED,16112650,active,ltd,,,2024-12-02,,2024-12-02,[82990],Office One 1 Coldbath Square London England EC1R 5HL
BEK HOMES LTD,16151523,active,ltd,,,2024-12-24,,2024-12-24,[43999],35 Westdown Road London United Kingdom E15 2BZ
KOHTRAFFICSERVICES LTD,16146176,active,ltd,,,2024-12-20,,2024-12-20,[42110],24a Aldermans Hill London United Kingdom N13 4PN
RIMASH & CO LIMITED,16150637,active,ltd,,,2024-12-23,,2024-12-23,[47910],133 Bourne Terrace London England W2 6PB
THE ILLUMINATOR MEDIA LTD,16141917,active,ltd,,,2024-12-18,,2024-12-18,[73110, 73120],71-75 Shelton Street London United Kingdom WC2H 9JQ
BRIO DEVELOPMENTS UK LIMITED,16147587,active,ltd,,,2024-12-20,,2024-12-20,[41100],83 Baker Street London England W1U 6AG
STAR AIRLINE ALLIANCE LIMITED,16126129,active,ltd,,,2024-12-09,,2024-12-09,[79110],107 Fleet Street London England EC4A 2AB
SRAM & MRAM PROJECTS LTD,16145976,active,ltd,,,2024-12-20,,2024-12-20,[70229],Office Gold Building 7, Floor 5 London United Kingdom W4 5YG
REGFORCE LIMITED,16112759,active,ltd,,,2024-12-02,,2024-12-02,[70229],45 Somerford Way 45 Somerford Way London England SE16 6QN
WILLOW & WARE PROP HIRE LTD,16123581,active,ltd,,,2024-12-09,,2024-12-09,[77299],45 Huntingdon Road London United Kingdom N2 9DX
CORCEL (KON-12) LTD,16123407,active,ltd,,,2024-12-09,,2024-12-09,[06100],6th Floor 99 Gresham Street London England EC2V 7NG
CORCEL (KON-16) LTD,16123906,active,ltd,,,2024-12-09,,2024-12-09,[06100],6th Floor 99 Gresham Street London England EC2V 7NG
MARY RIPOSTA LTD,16132900,active,ltd,,,2024-12-12,,2024-12-12,[86900],7 Albert Mews London England N4 3RD
AK TAX CONSULTANCY LTD,16150304,active,ltd,,,2024-12-23,,2024-12-23,[69203],167-169 5th Floor London United Kingdom W1W 5PF
MSABUSINESS LIMITED,16144430,active,ltd,,,2024-12-19,,2024-12-19,[86230],167-169 Great Portland Street London W1W 5PF
TOJUPITER LIMITED,16132539,active,ltd,,,2024-12-12,,2024-12-12,[70229],86-90 Paul Street London England EC2A 4NE
RYAN STEWARD LTD,16157734,active,ltd,,,2024-12-31,,2024-12-31,[82990],20 Wenlock Road London England N1 7GU
OMIS LONDON LTD,16112819,active,ltd,,,2024-12-02,,2024-12-02,[70229],7 William Morley Close London England E6 1QY
PAPERWORKS CONSULTANTS LTD,16150722,active,ltd,,,2024-12-24,,2024-12-24,[70229],72 Charlotte Street London England W1T 4QQ
ECHO CREATIVE MEDIA LTD,16128447,active,ltd,,,2024-12-10,,2024-12-10,[96090],167/169 Great Portland Street London England W1W 5PF
PROQUANTIC SOFTWARE LTD,16124576,active,ltd,,,2024-12-09,,2024-12-09,[62012, 62020],71-75 Shelton Street London WC2H 9JQ
RICHARD D. DANSO GROUP LTD,16131390,active,ltd,,,2024-12-11,,2024-12-11,[74909],124 City Road City Road London England EC1V 2NX
DEERPATH CAPITAL UK CORPORATION LTD.,16149630,active,ltd,,,2024-12-23,,2024-12-23,[66190],Ground Floor Suite, 3 London W1J 5LB
EM-XTRONICS LTD,16148373,active,ltd,,,2024-12-22,,2024-12-22,[47910],1301 Fladgate House Circus Road West London England SW11 8EX
YUNE LONDON LTD,16144464,active,ltd,,,2024-12-19,,2024-12-19,[47910],Flat 64 Astral House London United Kingdom NW9 4GA
LUGANSKAYA LTD,16140562,active,ltd,,,2024-12-17,,2024-12-17,[90030],London (W1w 5pf) Office 167-169 Great Portland Street London England W1W 5PF
PURE TROPICS LTD,16156373,active,ltd,,,2024-12-30,,2024-12-30,[10840, 10890],124-128 City Road London EC1V 2NX
PROMONTORIA ISF UK TRAFFORD LIMITED,16128769,active,ltd,,,2024-12-10,,2024-12-10,[64999],10th Floor 5 Churchill Place London United Kingdom E14 5HU
ETHEREAL CORP LIMITED,16137882,active,ltd,,,2024-12-16,,2024-12-16,[96020, 96090],128 City Road London United Kingdom EC1V 2NX
CECI LIMITED,16136259,active,ltd,,,2024-12-14,,2024-12-14,[93130],21 Bonny Street London England NW1 9PE
CALLGURU LIMITED,16154967,active,ltd,,,2024-12-30,,2024-12-30,[62090],14/2e Docklands Business Centre 10-16 Tiller Road London United Kingdom E14 8PX
CORI CLINICAL LTD,16115688,active,ltd,,,2024-12-03,,2024-12-03,[62012],24 Eversholt Street London England NW1 1BS
ARCHE HORIZONS LIMITED,16115494,active,ltd,,,2024-12-03,,2024-12-03,[70221],2nd Floor 87-88 Turnmill Street London United Kingdom EC1M 5QU
SUNMI UK LIMITED,16141036,active,ltd,,,2024-12-17,,2024-12-17,[46190, 46510, 46690, 62020],C/O Ampa Holdings Llp Level 19, The Shard London United Kingdom SE1 9SG
RIGHTISION LTD,16156442,active,ltd,,,2024-12-30,,2024-12-30,[62012, 62090, 63110, 68310],124 City Road London England EC1V 2NX
DRAINEX FM LTD,16136934,active,ltd,,,2024-12-16,,2024-12-16,[37000],163 Herne Hill London England SE24 9LR
CROWD ADVISORY LTD,16114845,active,ltd,,,2024-12-03,,2024-12-03,[96090],49 Tabernacle Street London England EC2A 4AA
SOMETIMES LTD,16133775,active,ltd,,,2024-12-13,,2024-12-13,[74100],71 Defoe House Barbican London United Kingdom EC2Y 8DN
2BUSY2CLEAN LIMITED,16123775,active,ltd,,,2024-12-09,,2024-12-09,[81210, 81221, 81299, 96010],7 Blackdown Close 7 Blackdown Close London England N2 8JF
HEART PROPERTY GROUP LTD,16140633,active,ltd,,,2024-12-17,,2024-12-17,[68209],4th Floor Silverstream House London England W1T 6EB
DIRENCH PARTNERS LTD,16145635,active,ltd,,,2024-12-19,,2024-12-19,[69201],Office 403 Screenworks 22 Highbury Grove London England N5 2ER
G REP LTD,16156706,active,ltd,,,2024-12-31,,2024-12-31,[59200],145 Marmion Avenue London England E4 8EJ
GINA BACCONI HOLDINGS LIMITED,16126239,active,ltd,,,2024-12-09,,2024-12-09,[64209],Unit 8 Falcon Park Neasden United Kingdom NW10 1RZ
W&D UK HOLDCO LIMITED,16115501,active,ltd,,,2024-12-03,,2024-12-03,[64209],19th Floor 51 Lime Street London United Kingdom EC3M 7DQ
HUR INTERNATIONAL LTD,16118965,active,ltd,,,2024-12-04,,2024-12-04,[47990],36 Guildford Avenue Feltham TW13 4EW
ATTILA FROZEN FOODS WHOLESALER LTD,16111984,active,ltd,,,2024-12-02,,2024-12-02,[46310],Block A, Unit 137-138 New Covent Garden Market London England SW8 5EN
BRICKS WITH PURPOSE LTD,16122715,active,ltd,,,2024-12-09,,2024-12-09,[68100, 68310, 70229],Pendragon House St. Albans England AL1 1LJ
CLARET GROMIT SPECIALTY LENDING COMPANY I LIMITED,16120430,active,ltd,,,2024-12-05,,2024-12-05,[64209],100 Rochester Row 3rd Floor London England SW1P 1JP
TANSAN LIMITED,16129194,active,ltd,,,2024-12-10,,2024-12-10,[46420],74 Chase Side Enfield England EN2 6NX
CROWN UK TOPCO LIMITED,16123077,active,ltd,,,2024-12-09,,2024-12-09,[64209],51 Lime Street London England EC3M 7DQ
GLOBAL CAPITAL PARTNERS LONDON LTD,16140220,active,ltd,,,2024-12-17,,2024-12-17,[64999],8 St. James's Square London England SW1Y 4JU
P.THOMPSON LIMITED,16151965,active,ltd,,,2024-12-26,,2024-12-26,[87900, 97000],34 Lavender Road London England SW11 2UG
BRAEBURN EQUITYCO LIMITED,16116107,active,ltd,,,2024-12-03,,2024-12-03,[64209],C/O Alter Domus (Uk) Limited 10th Floor London United Kingdom EC3A 8BF
CLOUD RAIL LTD,16124366,active,ltd,,,2024-12-09,,2024-12-09,[62090, 63110],18 Crucifix Lane London England SE1 3JW
CRESTVIEW IV SB HOLDINGS, LTD,16141040,active,ltd,,,2024-12-17,,2024-12-17,[64205],7th Floor 50 Broadway London United Kingdom SW1H 0DB
PARFE LTD,16144326,active,ltd,,,2024-12-19,,2024-12-19,[46900, 47910, 70229],Ground Floor Flat London England W4 5NR
SOUTHWEST ROOFING AND SCAFFOLDING LTD,16116227,active,ltd,,,2024-12-03,,2024-12-03,[43290, 43910],. 101 4th Floor. 101 London England E1 7RA
MMM IMAGINATAL LTD,16119915,active,ltd,,,2024-12-05,,2024-12-05,[86210, 86220],Unit 2b  63-65 Princelet Street London England E1 5LP
PORTT HOLDINGS LIMITED,16141631,active,ltd,,,2024-12-17,,2024-12-17,[64209, 70229],86-90 Paul Street London England EC2A 4NE
EDGE DESIGNOISE LTD,16131321,active,ltd,,,2024-12-11,,2024-12-11,[47910],493 Latimer Road London England W10 6RD
TARRAGON WEALTH LIMITED,16112397,active,ltd,,,2024-12-02,,2024-12-02,[70221],30 Lombard Street London England EC3V 9BQ
TUK TUK SPICES LTD,16120071,active,ltd,,,2024-12-05,,2024-12-05,[10840],167-169 Great Portland Street London England W1W 5PF
BCP CONSULTING LIMITED,16151038,active,ltd,,,2024-12-24,,2024-12-24,[69203],Aviation House Holborn England WC2B 6NH
SAUDI AND GULF VISA SERVICES LIMITED,16135977,active,ltd,,,2024-12-13,,2024-12-13,[79110, 82110, 82190],167-169 Great Portland Street London England W1W 5PF
SOLANCE UK LTD,16118038,active,ltd,,,2024-12-04,,2024-12-04,[62090],35 Tudor House Gresse Street London United Kingdom W1T 1QY
DOWNSMALL LTD.,16113711,active,ltd,,,2024-12-02,,2024-12-02,[58210, 59200],117h Rowley Way London England NW8 0SP
RABELLO'S BARBER LIMITED,16113477,active,ltd,,,2024-12-02,,2024-12-02,[96020],825 Harrow Road Harrow Road London England NW10 5NJ
ZYPHORIA NEXUS LIMITED,16122868,active,ltd,,,2024-12-09,,2024-12-09,[47910, 82990],124 City Road London England EC1V 2NX
AME & EPINE LTD,16130658,active,ltd,,,2024-12-11,,2024-12-11,[47910],71-75 Shelton Street London United Kingdom WC2H 9JQ
REGENT MEADOWS LTD,16123539,active,ltd,,,2024-12-09,,2024-12-09,[68209],4th Floor 95 Gresham Street London United Kingdom EC2V 7AB
MANIE GOODS LTD,16151885,active,ltd,,,2024-12-25,,2024-12-25,[17211, 17219, 47910],240 South Ealing Road London England W5 4RP
ALIBAH U LTD,16137153,active,ltd,,,2024-12-16,,2024-12-16,[59112, 62020, 62090, 73110],71-75 Shelton Street London United Kingdom WC2H 9JQ
WAVES & SKYLARKS LTD,16126234,active,ltd,,,2024-12-09,,2024-12-09,[68100, 68310, 68320],Flat 21, 224 Stepney Way London United Kingdom E1 3EZ
STAFFWISE AGENCIES LTD,16127977,active,ltd,,,2024-12-10,,2024-12-10,[42110],128 City Road London United Kingdom EC1V 2NX
BECOOL CREATIVE LTD,16111093,active,ltd,,,2024-12-01,,2024-12-01,[73110],86-90 Paul Street London England EC2A 4NE
JUNK MARYLEBONE LTD,16150580,active,ltd,,,2024-12-23,,2024-12-23,[56101],45a Old Compton Street London England W1D 6HH
ALLPROS SOLUTIONS UK LTD,16113116,active,ltd,,,2024-12-02,,2024-12-02,[47190, 47910, 70229, 82990],124 City Road London United Kingdom EC1V 2NX
OKYAY PARTNERS LTD,16111247,active,ltd,,,2024-12-01,,2024-12-01,[68100, 98000],292-294 Plashet Grove London England E6 1DQ
HYPERBUNKER LTD.,16138052,active,ltd,,,2024-12-16,,2024-12-16,[62090],71-75 Shelton Street London United Kingdom WC2H 9JQ
ACESERVICE 4U LIMITED,16139309,active,ltd,,,2024-12-16,,2024-12-16,[70229, 96090],Flat 7 Tudor House London England W14 0UG
HAZAHSER LTD,16133923,active,ltd,,,2024-12-13,,2024-12-13,[49320],Ashley House Office 304 235-239 High Road London United Kingdom N22 8HF
SHOREFOX PARTNERS LIMITED,16132647,active,ltd,,,2024-12-12,,2024-12-12,[64304, 66300, 70221],73 Cornhill London United Kingdom EC3V 3QQ
ECONIC U.K. LIMITED,16147541,active,ltd,,,2024-12-20,,2024-12-20,[70229],Bloomsbury House London WC1B 3DA
SNAPS MANAGEMENT LTD,16149649,active,ltd,,,2024-12-23,,2024-12-23,[68209, 68320],Flat D, Erlanger House London United Kingdom SE14 5JN
SKYLINE MARKETING LIMITED,16144936,active,ltd,,,2024-12-19,,2024-12-19,[73110],Dept 6078a 126 East Ferry Road London United Kingdom E14 9FP
ALLURITI LTD,16119795,active,ltd,,,2024-12-05,,2024-12-05,[96020],25 Redcliffe Street London England SW10 9DR
ROJINX LTD,16113783,active,ltd,,,2024-12-02,,2024-12-02,[56102],1367 High Road London England N20 9LN
LEMON TREE LIVE LTD,16138270,active,ltd,,,2024-12-16,,2024-12-16,[90010],2nd Floor Connaught House, 1-3 Mount Street London United Kingdom W1K 3NB
ITSARAMEDIA LTD,16147542,active,ltd,,,2024-12-20,,2024-12-20,[47910, 63120, 70229, 82990],71-75 Shelton Street London WC2H 9JQ
PARSE AI LTD,16148892,active,ltd,,,2024-12-23,,2024-12-23,[62012],Office 19, 182-184 High Street North London England E6 2JA
VINCENT HOLDCO LIMITED,16113312,active,ltd,,,2024-12-02,,2024-12-02,[64209],10 Fenchurch Avenue London United Kingdom EC3M 5AG
6&6A ETON GARAGES LIMITED,16156893,active,ltd,,,2024-12-31,,2024-12-31,[98000],6 Eton Garages London England NW3 4PE
ES ACTION LIMITED,16128663,active,ltd,,,2024-12-10,,2024-12-10,[96090],C/O Hilton Consulting Limited, Canalot Studios London United Kingdom W10 5BN
47LR LTD,16146533,active,ltd,,,2024-12-20,,2024-12-20,[56101],Third Floor London England EC4M 7AN
INFINITY 33 LTD,16137636,active,ltd,,,2024-12-16,,2024-12-16,[47799, 47910, 62012, 73120],128 City Road London United Kingdom EC1V 2NX
TAMAF SHOP LTD,16152717,active,ltd,,,2024-12-27,,2024-12-27,[47910, 82990],Office 11136 182-184 High Street North London E6 2JA
ADVANTOS ENGINEERING SOLUTIONS LIMITED,16119920,active,ltd,,,2024-12-05,,2024-12-05,[43220],Suite G04 1 Quality Court London England WC2A 1HR
TOURNAMENT CREATIVE LTD,16141868,active,ltd,,,2024-12-18,,2024-12-18,[90030],182 Moffat Road Thornton Heath England CR7 8PX
DELFIN CREATIVE ART AND DESIGN LTD,16150392,active,ltd,,,2024-12-23,,2024-12-23,[47910, 85520, 90030],Flat 8 18, Kensington Court Kensington Court London England W8 5DW
GA MODEL & DESIGN LIMITED,16143963,active,ltd,,,2024-12-18,,2024-12-18,[59112, 62090, 73110],2nd Floor National House London England W1F 0TA
STARISER LIMITED,16128754,active,ltd,,,2024-12-10,,2024-12-10,[49320, 49390, 77110],277 - 279 Chiswick High Road London England W4 4PU
RALLY GROUP LIMITED,16122747,active,ltd,,,2024-12-09,,2024-12-09,[82302, 93120],Lawford House Lawford House London United Kingdom N3 1QA
PAKSINA PSYCHOLOGY LTD,16149207,active,ltd,,,2024-12-23,,2024-12-23,[86900],128 City Road London England EC1V 2NX
SIM SCAFFOLDING LTD,16151742,active,ltd,,,2024-12-24,,2024-12-24,[43991],167-169 Great Portland Street London England W1W 5PF
LORDS OF LONDON LTD,16115221,active,ltd,,,2024-12-03,,2024-12-03,[65202],1349/1353 London Road Leigh-On-Sea United Kingdom SS9 2AB
IMPACT CATALYST PARTNERS LTD,16137803,active,ltd,,,2024-12-16,,2024-12-16,[68320],C/O Moorhurst Partners Llp Suite S2 Blackwell House London United Kingdom EC2V 5AE
INNOVATIVE WEB SPECIALISTS LTD,16148033,active,ltd,,,2024-12-21,,2024-12-21,[74100],12b Camberwell Church Street London England SE5 8QU
1ST GOLD LIMITED,16115416,active,ltd,,,2024-12-03,,2024-12-03,[96090],72 Halliwick Road London England N10 1AB
ALL LONDON ROOFING AND GUTTERING LIMITED,16113210,active,ltd,,,2024-12-02,,2024-12-02,[43991, 43999],35 Grafton Way London England W1T 5DB
ARK AND CROSS LIMITED,16112377,active,ltd,,,2024-12-02,,2024-12-02,[31090, 46160, 46420, 47710],124 City Road, City Road London England EC1V 2NX
JADE TRADING LIMITED,16112047,active,ltd,,,2024-12-02,,2024-12-02,[96090],72 Halliwick Road London England N10 1AB
SANDY'S HEALTHCARE TRAINING LTD,16144592,active,ltd,,,2024-12-19,,2024-12-19,[86900],32 Willoughby Road London England N8 0JG
FAIR COUNTY LIMITED,16127742,active,ltd,,,2024-12-10,,2024-12-10,[96090],72 Halliwick Road London England N10 1AB
ETERNA WELLNESS LTD,16112328,active,ltd,,,2024-12-02,,2024-12-02,[86210],Apartment 31 Knights Tower London England SE8 3FW
KOCO TREAT LTD,16136748,active,ltd,,,2024-12-16,,2024-12-16,[56103],Suite Ra01 195-197 Wood Street London England E17 3NU
EDGEMIND SOLUTIONS LIMITED,16157234,active,ltd,,,2024-12-31,,2024-12-31,[70229, 82990, 85600],451 Wick Lane London England E3 2TB
AMPLIFYING LIFE LTD,16121949,active,ltd,,,2024-12-08,,2024-12-08,[86900],3rd Floor, 86-90 Paul Street London United Kingdom EC2A 4NE
MAHSUM LIMITED,16156909,active,ltd,,,2024-12-31,,2024-12-31,[68100, 68209],21-27 Lambs Conduit Street London England WC1N 3GS
ARGENTINE ASADO EVENTS LTD,16121925,active,ltd,,,2024-12-08,,2024-12-08,[56210],84 Brookwood Road London England SW18 5BY
KM SCOOTERS LIMITED,16133859,active,ltd,,,2024-12-13,,2024-12-13,[45400],Arch 107 Lea Bridge Road London England E10 7DN
16120519 LIMITED,16120519,active,ltd,,,2024-12-05,,2024-12-05,[68310, 68320],Elsley Court London United Kingdom W1W 8BE
PUFFPIZZA LTD,16126436,active,ltd,,,2024-12-09,,2024-12-09,[10890, 46380, 46390, 82990],92 St. Ervans Road London England W10 5QT
AL-YUM LTD,16123031,active,ltd,,,2024-12-09,,2024-12-09,[47190, 63120],71-75 Shelton Street London United Kingdom WC2H 9JQ
AHMAD ASIF LTD,16134012,active,ltd,,,2024-12-13,,2024-12-13,[47910, 64921],128 City Road London England EC1V 2NX
MANORFLOW GROUP LTD,16132521,active,ltd,,,2024-12-12,,2024-12-12,[43220],Foresters Hall 25-27 Westow Street London United Kingdom SE19 3RY
WENTWORTH HOUSE CARE GROUP LTD,16123125,active,ltd,,,2024-12-09,,2024-12-09,[87900, 88100, 88990],48 Ash Road London England E15 1HL
GROW WITH INTENT LIMITED,16124358,active,ltd,,,2024-12-09,,2024-12-09,[78200, 82302],116 Princethorpe House London W2 5SX
CAVENDISH TECHNOLOGY CONSULTANTS LIMITED,16122850,active,ltd,,,2024-12-09,,2024-12-09,[62090, 96090],124 City Road London England EC1V 2NX
SMANS DIGITAL SCHOOL UK LTD,16139065,active,ltd,,,2024-12-16,,2024-12-16,[85590, 85600],Avicenna House 258-262 Romford Road London England E7 9HZ
PIGEON PUBLISHING HOUSE LTD,16112698,active,ltd,,,2024-12-02,,2024-12-02,[58110, 90010],Camden Collective London England NW1 8NJ
1QG GROUP LIMITED,16121837,active,ltd,,,2024-12-08,,2024-12-08,[62020],86-90 Paul Street London England EC2A 4NE
FOXWOOD YORK LIMITED,16133444,active,ltd,,,2024-12-12,,2024-12-12,[41100, 70229],Suite Ra01, 195-197 Wood Street Suite Ra01, 195-197 Wood Street London England E17 3NU
CHECKMARK MEP LTD,16127185,active,ltd,,,2024-12-10,,2024-12-10,[71121],20 Wenlock Road London England N1 7GU
NTUITIV LTD,16139757,active,ltd,,,2024-12-17,,2024-12-17,[74909, 85422],85 Great Portland Street London England W1W 7LT
SAID LONDON. LTD,16115590,active,ltd,,,2024-12-03,,2024-12-03,[68310],20 Wenlock Road London United Kingdom N1 7GU
ATLAS UK TRADE LTD,16114435,active,ltd,,,2024-12-03,,2024-12-03,[47910],4 Raven Road, Unit 1c3-1000 London England E18 1HB
PUKA PROPERTIES LIMITED,16128739,active,ltd,,,2024-12-10,,2024-12-10,[68100],14a Winslow Grove London England E4 6EU
CDN INFRA LIMITED,16152856,active,ltd,,,2024-12-27,,2024-12-27,[61900, 62012, 63110],20 Wenlock Road London England N1 7GU
INNOVIS LEARN LTD,16125479,active,ltd,,,2024-12-09,,2024-12-09,[85590],12 Selsdon Road London England NW2 7NE
RADIANT RAINBOW INTERNATIONAL CO., LTD.,16140024,active,ltd,,,2024-12-17,,2024-12-17,[13921],167-169 Great Portland Street, London United Kingdom W1W 5PF
PAINLESS MOTION LTD,16135634,active,ltd,,,2024-12-13,,2024-12-13,[96040],2 Norcombe Gardens Harrow United Kingdom HA3 0DS
MOUNT UK PROPERTIES LIMITED,16152332,active,ltd,,,2024-12-27,,2024-12-27,[68320],4-5 Bedford Square London England WC1B 3RA
KINDY LTD,16132140,active,ltd,,,2024-12-12,,2024-12-12,[68100, 68209],143 Sherwood Park Road Croydon CR4 1NJ
TASTY SO TASTY LTD,16114126,active,ltd,,,2024-12-02,,2024-12-02,[59112],342 Streatham High Road London United Kingdom SW16 6HH
VERTYX SOLUTIONS LIMITED,16133558,active,ltd,,,2024-12-12,,2024-12-12,[47910, 59112, 62090, 73110],71-75 Shelton Street Covent Garden United Kingdom WC2H 9JQ
CHOCOTRADING ADVISORY LTD,16130880,active,ltd,,,2024-12-11,,2024-12-11,[70229],167-169 Great Portland Street London England W1W 5PF
AUTOMOBILE AXU LTD,16148020,active,ltd,,,2024-12-21,,2024-12-21,[45112, 45320, 49410, 49420],3rd Floor, 86-90 Paul Street London England EC2A 4NE
VERGEFORTYTWO LTD,16123752,active,ltd,,,2024-12-09,,2024-12-09,[70229],17 Warfield Road London England TW12 2AY
POTOYARN LTD,16155611,active,ltd,,,2024-12-30,,2024-12-30,[13910, 47890, 47910, 82990],39 Ellen Craft Apartments London England W6 9GS
FARIS INVESTMENTS LIMITED,16111444,active,ltd,,,2024-12-02,,2024-12-02,[68209],Ramsay Brown Llp The Brentano Suite North Finchley United Kingdom N12 8QJ
YE HOLDINGS LTD,16115943,active,ltd,,,2024-12-03,,2024-12-03,[68100],London Accounting Group Ltd London England E5 9NA
MOGUL MEDIA NETWORK LIMITED,16130141,active,ltd,,,2024-12-11,,2024-12-11,[70229],124 City Road London EC1V 2NX
LUXERY CARS LTD,16133368,active,ltd,,,2024-12-12,,2024-12-12,[45112, 45200],6 Pennine Drive London United Kingdom NW2 1NT
KALUZA HOLDINGS 2 LTD,16147561,active,ltd,,,2024-12-20,,2024-12-20,[64209],69 Notting Hill Gate London England W11 3JS
KALUZA HOLDINGS 1 LTD,16145351,active,ltd,,,2024-12-19,,2024-12-19,[64209],69 Notting Hill Gate London England W11 3JS
DRUIDSBRIDGE LTD,16119619,active,ltd,,,2024-12-05,,2024-12-05,[61100, 61200, 61300, 61900],136 Croydon Road London England SE20 7YZ
UKBEAUTYSHOP LTD,16129447,active,ltd,,,2024-12-11,,2024-12-11,[47750],121 City Road London England EC1V 2NX
ZILLIA TECH LTD,16132903,active,ltd,,,2024-12-12,,2024-12-12,[58290, 62011, 62012],710 Kent Building 47 Hope Street London England E14 0QG
DAVEVERSE LTD,16142057,active,ltd,,,2024-12-18,,2024-12-18,[68100, 68209, 68320],C/O Latest Consultancy Uk Ltd, 176 London England SW17 8HH
HSMSK LIMITED,16132575,active,ltd,,,2024-12-12,,2024-12-12,[47910],71-75 Shelton Street London United Kingdom WC2H 9JQ
UR GLOBAL TRADE LTD,16125987,active,ltd,,,2024-12-09,,2024-12-09,[46190, 46900, 70229],128 City Road London United Kingdom EC1V 2NX
MITSUI PROPERTY HOLDINGS LIMITED,16140693,active,ltd,,,2024-12-17,,2024-12-17,[68209],Unit 20, The Circle London England SE1 2JE
CHLENA LIMITED,16112981,active,ltd,,,2024-12-02,,2024-12-02,[68209],Unit 20, The Circle London England SE1 2JE
BIONESCA LTD,16119892,active,ltd,,,2024-12-05,,2024-12-05,[62012, 72110],124 City Road London United Kingdom EC1V 2NX
CRISTAL LIMIA WORLD LIMITED,16132244,active,ltd,,,2024-12-12,,2024-12-12,[47650, 62011],124-128 City Road London England EC1V 2NX
JWT PROPERTY (HOLDINGS) LTD,16127000,active,ltd,,,2024-12-09,,2024-12-09,[68100, 68209, 68320],85 Great Portland Street London England W1W 7LT
SHADES SNACKS LTD,16134179,active,ltd,,,2024-12-13,,2024-12-13,[47190],8 Broadstone Place London England W1U 7EP
ARTHENELLA TRADING LIMITED,16118183,active,ltd,,,2024-12-04,,2024-12-04,[41100],80 Strand London United Kingdom WC2R 0DT
CRYSTALCO LTD,16138543,active,ltd,,,2024-12-16,,2024-12-16,[81222, 81299],Suite Ra01 195-197 Wood Street London England E17 3NU
LO GYMS STN LTD,16140957,active,ltd,,,2024-12-17,,2024-12-17,[93130],C/O Band London England EC1M 6AW
TARIQRAIL2 LTD,16137295,active,ltd,,,2024-12-16,,2024-12-16,[43999],Flat 3 4 Corsica Street London N5 1FT
THOMPSON ACCOUNTANTS LTD,16141865,active,ltd,,,2024-12-18,,2024-12-18,[99999],Vestry Hall Mitcham England CR4 3UD
XIAOXIAO REN LTD,16141891,active,ltd,,,2024-12-18,,2024-12-18,[47990],Flat 104 Tidey Apartments London England W3 7JB
VALUABLE PERFORM LTD,16155144,active,ltd,,,2024-12-30,,2024-12-30,[49410],4th Floor, Silverstream House London England W1T 6EB
TREND HOUND LTD,16155968,active,ltd,,,2024-12-30,,2024-12-30,[63120, 64999, 66190],128 City Road London United Kingdom EC1V 2NX
M. DESIGN A. LIMITED,16142162,active,ltd,,,2024-12-18,,2024-12-18,[46470, 71111, 74100],91 Battersea Park Road London England SW8 4DU
GILA-THE CANCER ALCHEMIST LIMITED,16140354,active,ltd,,,2024-12-17,,2024-12-17,[85590],40 Homer Street London England W1H 4NL
LEVENT BOREK FITZROVIA LTD,16119446,active,ltd,,,2024-12-05,,2024-12-05,[46370, 56102, 56103, 56290],Office 408, Screenworks 22 Highbury Grove London United Kingdom N5 2ER
PUK LAND NO.1 LIMITED,16139940,active,ltd,,,2024-12-17,,2024-12-17,[68100],80-82 Glentham Road Glentham Road London England SW13 9JJ
THE MUSIC SUITE LTD,16146709,active,ltd,,,2024-12-20,,2024-12-20,[63110, 63990],10 Blake Gardens London England SW6 4QB
ORIGIO GROUP LTD,16147429,active,ltd,,,2024-12-20,,2024-12-20,[46900, 47910, 70229],Office 408, Screenworks 22 Highbury Grove London United Kingdom N5 2ER
DONG FANG CULTURE CUSINE LTD,16113043,active,ltd,,,2024-12-02,,2024-12-02,[56101],110 Great Portland Street London England W1W 6PQ
P.L.C SOLUTIONS LTD,16153581,active,ltd,,,2024-12-27,,2024-12-27,[46510, 95110],124 City Road London England EC1V 2NX
MLM RESTAURANT LTD,16136104,active,ltd,,,2024-12-14,,2024-12-14,[56210],25 Beaconsfield Road London England E16 4HS
MAJS FINANCE LIMITED,16143607,active,ltd,,,2024-12-18,,2024-12-18,[70221],58 Eaton Place London England SW1X 8AT
NEPKISH COFFEE LIMITED,16135186,active,ltd,,,2024-12-13,,2024-12-13,[56101],242 Upper Street London England N1 1RU
VOICU MUNCITORU LIMITED,16125301,active,ltd,,,2024-12-09,,2024-12-09,[47710],14 Lorne Road London England E7 0LJ
TRUECUT FILMS LTD,16135877,active,ltd,,,2024-12-13,,2024-12-13,[59111],167-169 Great Portland Street London England W1W 5PF
AVIVCO CONSTRUCTION LTD,16147100,active,ltd,,,2024-12-20,,2024-12-20,[41202],66 Peregrine Court Clapton Common London United Kingdom E5 9AN
CROWNZ LTD,16150460,active,ltd,,,2024-12-23,,2024-12-23,[46460, 82990, 86210],Apartment 1706 3 Tidal Basin Road London England E16 1UX
NOVASCALE AI LTD,16139762,active,ltd,,,2024-12-17,,2024-12-17,[62020],167-169 Great Portland Street London England W1W 5PF
ZINON LIMITED,16125742,active,ltd,,,2024-12-09,,2024-12-09,[46150, 46160, 46180, 46190],16 Beaufort Court Admirals Way London England E14 9XL
CORPORATE PROPERTIES LIMITED,16133242,active,ltd,,,2024-12-12,,2024-12-12,[49410],C1201 Legacy Point 4 Victoria Road London United Kingdom W3 6FH
EVOLUTION MEN'S HEALTH LTD,16129913,active,ltd,,,2024-12-11,,2024-12-11,[86900],64 Southwark Bridge Road London United Kingdom SE1 0AS
HDN TRADING LTD,16112953,active,ltd,,,2024-12-02,,2024-12-02,[74100],592 Kingsland Road London England E8 4AH
DWEWAIT LIMITED,16144174,active,ltd,,,2024-12-19,,2024-12-19,[47910],18 South Ealing Road London England W5 4QA
DFS HOLDINGS LTD,16115930,active,ltd,,,2024-12-03,,2024-12-03,[68100],London Accounting Group Ltd London England E5 9NA
LKR TECHNOLOGY LIMITED,16149049,active,ltd,,,2024-12-23,,2024-12-23,[62090],124 City Road London England EC1V 2NX
SPACE WORLD LTD,16129786,active,ltd,,,2024-12-11,,2024-12-11,[58190],106 Charles Hayward Building, 6 Goldsmiths Row Flat 106 Charles Hayward Building London England E2 8FU
LAND INTERNATIONAL LIMITED,16127906,active,ltd,,,2024-12-10,,2024-12-10,[96090],72 Halliwick Road London England N10 1AB
STRATAPOLIS LIMITED,16133207,active,ltd,,,2024-12-12,,2024-12-12,[62020],124 City Road London England EC1V 2NX
DEVIL STYLE LIMITED,16140668,active,ltd,,,2024-12-17,,2024-12-17,[96090],72 Halliwick Road London England N10 1AB
JP DUCKETT LTD,16111771,active,ltd,,,2024-12-02,,2024-12-02,[82990],12 Kimberley Avenue London England RM7 9JP
WEB44 LTD,16148129,active,ltd,,,2024-12-21,,2024-12-21,[62020],71-75 Shelton Street London United Kingdom WC2H 9JQ
METRO SERVE LIMITED,16137927,active,ltd,,,2024-12-16,,2024-12-16,[96090],72 Halliwick Road London England N10 1AB
BOZTAS ENTERPRISES LTD,16158004,active,ltd,,,2024-12-31,,2024-12-31,[68100, 68209, 68320],305 Hertford Road London England N9 7ET
DRAYCARE LIMITED,16150754,active,ltd,,,2024-12-24,,2024-12-24,[81210, 81299],260 South Norwood Hill London England SE25 6BG
MALIK GLOBAL TRADERS LIMITED,16151893,active,ltd,,,2024-12-25,,2024-12-25,[47910],12 New Close London England SW19 2SY
KIRKFERN LIMITED,16150758,active,ltd,,,2024-12-24,,2024-12-24,[41202],55 Etchingham Park Road London England N3 2EB
GG-HOLDCO-836-658 LIMITED,16111366,active,ltd,,,2024-12-02,,2024-12-02,[68209],C/O Getground London England W6 0NB
REVIVE AGRO LIMITED,16131663,active,ltd,,,2024-12-11,,2024-12-11,[70229],19 Hydefield Court London United Kingdom N9 9HH
KRATOSS HOLDINGS LTD,16119801,active,ltd,,,2024-12-05,,2024-12-05,[68209],167-169 Great Portland Street London England W1W 5PF
VERDASCO SHIPPING LTD,16130952,active,ltd,,,2024-12-11,,2024-12-11,[50200, 52290, 82990],167-169 Great Portland Street London United Kingdom W1W 5PF
LONDONCO CLEANING LTD,16124261,active,ltd,,,2024-12-09,,2024-12-09,[81210, 81222, 81299],1528 London Road - Thames House 1528 London Road Leigh-On-Sea England SS9 2QG
YAZ INVESTMENT LONDON LTD,16126481,active,ltd,,,2024-12-09,,2024-12-09,[55900],Flat 4 Portman Lodge London England N21 1RF
TECHSHOP LTD,16141156,active,ltd,,,2024-12-17,,2024-12-17,[68209],32 Woodstock Grove London England W12 8LE
GREATFLOWER LIMITED,16121026,active,ltd,,,2024-12-05,,2024-12-05,[47910],292601 Office Suite 29a, 3/F 23 Wharf Street London SE8 3GG
MICAD REAL ESTATE HOLDINGS LTD,16142832,active,ltd,,,2024-12-18,,2024-12-18,[68100, 68209],20 Wenlock Road London England N1 7GU
CELIA TALBOT LIMITED,16143669,active,ltd,,,2024-12-18,,2024-12-18,[70229],71-75 Shelton Street London United Kingdom WC2H 9JQ
BRT 8 LIMITED,16125554,active,ltd,,,2024-12-09,,2024-12-09,[70229],128 City Road London England EC1V 2NX
FRAME FABLES LIMITED,16120788,active,ltd,,,2024-12-05,,2024-12-05,[59120, 90030],167-169 Great Portland Street, 5th Floor London England W1W 5PF
LEARIVER LIMITED,16150755,active,ltd,,,2024-12-24,,2024-12-24,[41202],84 Camden Road London England NW1 9DY
1947 RESTAURANT & BAR LTD,16147359,active,ltd,,,2024-12-20,,2024-12-20,[56101, 56103],38 Middlesex Street London England E1 7EX
ASAMBE SERVICES LIMITED,16116996,active,ltd,,,2024-12-04,,2024-12-04,[90020],28 Shakespeare Road London England W3 6SJ
SMART VOLTAGE SOLUTION LIMITED,16148917,active,ltd,,,2024-12-23,,2024-12-23,[33140, 42220, 43210],124 City Road London England EC1V 2NX
AZUKACARE LTD,16137514,active,ltd,,,2024-12-16,,2024-12-16,[87900],5 Brayford Square, London London England E1 0SG
AMAB PROPERTIES LIMITED,16131733,active,ltd,,,2024-12-11,,2024-12-11,[55100, 55209, 68100, 68209],124-128 City Road London England EC1V 2NX
ZH & HQ LIMITED,16114170,active,ltd,,,2024-12-02,,2024-12-02,[56103],771 High Road London England N17 8AH
LOKO SPORTS LTD,16121573,active,ltd,,,2024-12-05,,2024-12-05,[47910],124-128 City Road London England EC1V 2NX
TALENT BRIDGE SEARCH UK LIMITED,16133658,active,ltd,,,2024-12-13,,2024-12-13,[78109],45 Albemarle Street London England W1S 4JL
WK DANTILA LTD,16150817,active,ltd,,,2024-12-24,,2024-12-24,[46190, 46440, 46499, 52103],41 Devonshire Street Ground Floor Office 1 London United Kingdom W1G 7AJ
SPG GLOBAL LIMITED,16154526,active,ltd,,,2024-12-30,,2024-12-30,[47910],71-75 Shelton Street London United Kingdom WC2H 9JQ
NEONEO HOLDINGS LTD,16121231,active,ltd,,,2024-12-05,,2024-12-05,[62090],20 Wenlock Road London England N1 7GU
GAME GOOD LTD,16123436,active,ltd,,,2024-12-09,,2024-12-09,[63120, 96090],124 City Road London England EC1V 2NX
OPSO OTG LIMITED,16127081,active,ltd,,,2024-12-10,,2024-12-10,[56102],57 Paddington Street London England W1U 4HZ
OPSO MARYLEBONE LIMITED,16122723,active,ltd,,,2024-12-09,,2024-12-09,[56101],57 Paddington Street London England W1U 4HZ
BARAKAH BRANDING LIMITED,16154057,active,ltd,,,2024-12-28,,2024-12-28,[73110],124 City Road London England EC1V 2NX
PBONNY COMPANY LTD,16126040,active,ltd,,,2024-12-09,,2024-12-09,[45112, 49390, 74209, 81299],Marquis Place Leicester England LE2 1EB
COMPLETELY LICENSED LIMITED,16155583,active,ltd,,,2024-12-30,,2024-12-30,[85590],Regus-Sabichi House 5 Wadsworth Road Greenford UB6 7JD
ETERNA PROPERTY SOLUTIONS LTD,16122798,active,ltd,,,2024-12-09,,2024-12-09,[68209],128 City Road London United Kingdom EC1V 2NX
ITS AIMS LTD,16144500,active,ltd,,,2024-12-19,,2024-12-19,[47910, 62020, 62090, 63120],Suite Ra01 195-197 Wood Street London England E17 3NU
DRAYN LTD,16149083,active,ltd,,,2024-12-23,,2024-12-23,[37000, 99999],71-75 Shelton Street London United Kingdom WC2H 9JQ
POCKET ROCKET LAW LTD,16129533,active,ltd,,,2024-12-11,,2024-12-11,[70229],11 Forestdale London England N14 7DY
WEALTH WORLD SOLUTIONS LIMITED,16149114,active,ltd,,,2024-12-23,,2024-12-23,[62012, 62020, 62090],124 City Road London England EC1V 2NX
WORNER CONSTRUCTION LTD,16151520,active,ltd,,,2024-12-24,,2024-12-24,[41201, 41202],128 City Road London United Kingdom EC1V 2NX
SMILE TREAT LTD,16155405,active,ltd,,,2024-12-30,,2024-12-30,[62020, 70229, 73110],2nd Floor College House Ruislip United Kingdom HA4 7AE
M CANDREA LTD,16151940,active,ltd,,,2024-12-26,,2024-12-26,[41201, 41202, 45200],237 Old Church Road Old Church Road London England E4 6RB
SLOUGH HOLDINGS UK LIMITED,16140892,active,ltd,,,2024-12-17,,2024-12-17,[64209],103 Mount Street London United Kingdom W1K 2TJ
NAQA LTD,16147917,active,ltd,,,2024-12-21,,2024-12-21,[82990, 85590],Cherrywood London United Kingdom E3 2DQ
JM ADMIN SOLUTIONS UK LTD,16126345,active,ltd,,,2024-12-09,,2024-12-09,[82110],22 Mount Road London England NW4 3PU
RIVERSTONE ESTATES LTD,16132401,active,ltd,,,2024-12-12,,2024-12-12,[98000],Second Floor, Sutherland House London United Kingdom NW9 7BT
PROPERTY UNITY LTD,16149358,active,ltd,,,2024-12-23,,2024-12-23,[68209, 68320],Flat 1, 5 Werndee Road London England SE25 5LB
CORELINK SOLUTIONS LTD,16127370,active,ltd,,,2024-12-10,,2024-12-10,[47910],124 City Road London United Kingdom EC1V 2NX
THE DOCUMENTARY CHAMBERS LTD,16133460,active,ltd,,,2024-12-12,,2024-12-12,[59111, 59112],125, Inwen Court Grinstead Road London United Kingdom SE8 5BJ
BENORATH LTD,16127784,active,ltd,,,2024-12-10,,2024-12-10,[47910],57 Shipwright Road London England SE16 6QA
TASK GENIE GROUP LTD,16137177,active,ltd,,,2024-12-16,,2024-12-16,[82110],Unit 11, Brockley Cross Business Centre London England SE4 2PD
T2 SEARCH LTD,16137378,active,ltd,,,2024-12-16,,2024-12-16,[99999],Sutherland House London England EC3N 3DS
LEAD STAR SOLUTIONS LIMITED,16142383,active,ltd,,,2024-12-18,,2024-12-18,[47910, 50200, 52242, 70229],124-128 City Road London England EC1V 2NX
NEXTEN LTD,16128265,active,ltd,,,2024-12-10,,2024-12-10,[47910],124 City Road London England EC1V 2NX
THE SIRIUS HOTEL MANAGEMENT GROUP LIMITED,16147180,active,ltd,,,2024-12-20,,2024-12-20,[55100],Unit 4 The Whitehouse London England SE1 8YS
MY SURVEYOR LTD,16131877,active,ltd,,,2024-12-12,,2024-12-12,[64203, 68100, 74902],4th Floor, Silverstream House 45 Fitzroy Street London England W1T 6EB
BV ACQUISITIONS XIV FL LIMITED,16146226,active,ltd,,,2024-12-20,,2024-12-20,[74990],Floor 7 40-50 Tottenham Street London England W1T 4RN
GEO ASSET MANAGEMENT LIMITED,16140926,active,ltd,,,2024-12-17,,2024-12-17,[68209],803 Iverson Point London United Kingdom SE10 0YN
ESTEE GLOBAL LTD,16125347,active,ltd,,,2024-12-09,,2024-12-09,[47910, 55900, 70229, 73110],128 City Road London United Kingdom EC1V 2NX
F&B BRAND MANAGEMENT LIMITED,16152804,active,ltd,,,2024-12-27,,2024-12-27,[46160, 46420, 47710, 47910],8 Standard Road London United Kingdom NW10 6EU
PAPER COMMUNICATION SYSTEM LTD,16120468,active,ltd,,,2024-12-05,,2024-12-05,[18129, 46180, 82990],4th Floor, Silverstream House London United Kingdom W1T 6EB
SOP GROUP LTD,16125342,active,ltd,,,2024-12-09,,2024-12-09,[47910, 62090, 70229],128 City Road London United Kingdom EC1V 2NX
AMPRO SOLUTIONS LIMITED,16142164,active,ltd,,,2024-12-18,,2024-12-18,[45112],Flat 46, Lupino Court, 140 Lambeth Walk London England SE11 6EZ
HYDEOUT STUDIOS LTD,16157060,active,ltd,,,2024-12-31,,2024-12-31,[59112, 59200, 90010, 90020],85 Great Portland Street London England W1W 7LT
MHC CARE SOLUTIONS LTD,16127204,active,ltd,,,2024-12-10,,2024-12-10,[88100],22 Cavell Street London England E1 2HP
DOUGHNUT PASSION LIMITED,16112491,active,ltd,,,2024-12-02,,2024-12-02,[56290],Block A 28 Maltings Close London United Kingdom E3 3TA
T IT LTD,16153388,active,ltd,,,2024-12-27,,2024-12-27,[62012, 62020, 62090, 74100],1a Dalling Road London England W6 0JD
REVELATION (HOME OF ARTS AND DESIGN) LIMITED,16126156,active,ltd,,,2024-12-09,,2024-12-09,[14190, 90030],128 City Road London United Kingdom EC1V 2NX
TREEM BUILD LTD,16125023,active,ltd,,,2024-12-09,,2024-12-09,[41201, 41202, 46470, 74100],Crown House 27 London England WC1N 3AX
MIYABI ASSETS LTD,16156981,active,ltd,,,2024-12-31,,2024-12-31,[68310, 70229],124-128 City Road London England EC1V 2NX
RADIANCE PRIVATE LIMITED,16118432,active,ltd,,,2024-12-04,,2024-12-04,[74909],128 City Road London United Kingdom EC1V 2NX
108 MAYFIELD LIMITED,16112777,active,ltd,,,2024-12-02,,2024-12-02,[68100],Regent House London United Kingdom SE19 3HF
CAR HIRE LONDON LTD,16155881,active,ltd,,,2024-12-30,,2024-12-30,[45112, 45200, 77110],128 City Road London United Kingdom EC1V 2NX
TALLA TRADING LTD,16120108,active,ltd,,,2024-12-05,,2024-12-05,[66190],22 Portman Close London England W1H 6BS
JR CONSULTING GROUP LTD,16134513,active,ltd,,,2024-12-13,,2024-12-13,[71111],5c Fountayne Road London England N16 7EA
INVERSION OPS LTD,16154906,active,ltd,,,2024-12-30,,2024-12-30,[58290, 62020],124 City Road London England EC1V 2NX
RP LANE ACCOUNTING LTD,16150712,active,ltd,,,2024-12-24,,2024-12-24,[69202],3rd Floor 86-90 Paul Street London United Kingdom EC2A 4NE
ULKER SOFUOGLU GLOBAL LTD,16154985,active,ltd,,,2024-12-30,,2024-12-30,[47910],24-26 Arcadia Avenue Fin009 London United Kingdom N3 2JU
WINEHUNT GB LTD,16156884,active,ltd,,,2024-12-31,,2024-12-31,[56290, 62090, 63120, 93290],Office 11104 182-184 High Street North, London United Kingdom E6 2JA
MENTARA HEALTH LTD,16131939,active,ltd,,,2024-12-12,,2024-12-12,[62012, 62020, 86900],71-75 Shelton Street London United Kingdom WC2H 9JQ
HOPE CARE PROPERTIES LTD,16151363,active,ltd,,,2024-12-24,,2024-12-24,[68209],5 Court Mews London Road Cheltenham England GL52 6JQ
LOTTIE'S LOFT LTD,16151121,active,ltd,,,2024-12-24,,2024-12-24,[47910],71-75 Shelton Street London England WC2H 9JQ
PROZPERITIII LTD,16139727,active,ltd,,,2024-12-17,,2024-12-17,[69202],4th Floor, 45, Silverstream House Fitzroy Street London United Kingdom W1T 6EB
GOSK9S LIMITED,16111112,active,ltd,,,2024-12-01,,2024-12-01,[62020, 78300, 80100, 80200],124 City Road, London City Road London England EC1V 2NX
TRAVEL TOWN LTD,16133185,active,ltd,,,2024-12-12,,2024-12-12,[79110],620-626 Streatham High Road London England SW16 3QJ
THE HOUSE RESET LIMITED,16138225,active,ltd,,,2024-12-16,,2024-12-16,[96090],657a Fulham Road London England SW6 5PY
PROCRIPIQ LIMITED,16125394,active,ltd,,,2024-12-09,,2024-12-09,[64999, 73110],71-75 Shelton Street London United Kingdom WC2H 9JQ
EXO PARTNERSHIP LIMITED,16140452,active,ltd,,,2024-12-17,,2024-12-17,[72200],Jubilee House Townsend Lane London England NW9 8TZ
FOXY TONGUE VOICES LTD,16133365,active,ltd,,,2024-12-12,,2024-12-12,[90020],167-169 Great Portland Street, Fifth Floor London United Kingdom W1W 5PF
ASCENSION ACCOUNTING LTD,16130381,active,ltd,,,2024-12-11,,2024-12-11,[69201],124 City Road London England EC1V 2NX
GRAND LITTLE PINK HOUSE LIMITED,16157598,active,ltd,,,2024-12-31,,2024-12-31,[90010],167-169 Great Portland Street London England W1W 5PF
CUP OF JOY MARYLEBONE LTD,16151859,active,ltd,,,2024-12-25,,2024-12-25,[47240, 47290, 56102],Office 408, Screenworks 22 Highbury Grove London United Kingdom N5 2ER
IT HUB AND RECYCLING LONDON LIMITED,16119030,active,ltd,,,2024-12-04,,2024-12-04,[38320, 46439, 46510, 46770],Unit 1, C 3 Ripple Road Barking, London United Kingdom IG11 0RJ
AKEDMICA UK LIMITED,16156698,active,ltd,,,2024-12-31,,2024-12-31,[24410, 26520],71-75 Shelton Street London United Kingdom WC2H 9JQ
IZBA MEDI SPA LTD,16124973,active,ltd,,,2024-12-09,,2024-12-09,[96020],667-669 Garratt Lane London England SW17 0PB
ONESA PARTNERS UK LIMITED,16124787,active,ltd,,,2024-12-09,,2024-12-09,[78109],Becket House London England SE1 7EU
DUA FOREVER LTD,16123927,active,ltd,,,2024-12-09,,2024-12-09,[59112],588 Harrow Road London England W10 4NJ
KÜLSÜMZ FRAGRANCE LTD,16152140,active,ltd,,,2024-12-26,,2024-12-26,[46450, 47750, 47890, 47910],167-169 Great Portland Street London W1W 5PF
DAIS ERBI JV LIMITED,16125699,active,ltd,,,2024-12-09,,2024-12-09,[35110],1st Floor 86 Jermyn Street London England SW1Y 6JD
SULUU LTD,16111887,active,ltd,,,2024-12-02,,2024-12-02,[47710, 47722, 47750, 47910],Goldsmith Apartments Flat 204 London England SE18 6YF
OIP FOODS LTD,16137172,active,ltd,,,2024-12-16,,2024-12-16,[56103],79 Lassell Street London England SE10 9PJ
ZXR HORLEY HOLDINGS LIMITED,16130743,active,ltd,,,2024-12-11,,2024-12-11,[41100],46 Curzon Street London United Kingdom W1J 7UH
MIKEYG PRODUCTIONS LTD,16132361,active,ltd,,,2024-12-12,,2024-12-12,[49410],3rd Floor, 86-90 Paul Street London England EC2A 4NE
THE SHELF LTD,16140089,active,ltd,,,2024-12-17,,2024-12-17,[47190],66 Lavender Hill London England SW11 5RQ
PLAYERS LIVE LTD,16146616,active,ltd,,,2024-12-20,,2024-12-20,[62090],124 City Road London England EC1V 2NX
ADDISON INVESTMENT LTD,16120925,active,ltd,,,2024-12-05,,2024-12-05,[68100],3 Norfolk Avenue London United Kingdom N15 6JX
AIR SPACE3D LTD,16125678,active,ltd,,,2024-12-09,,2024-12-09,[82990],167 - 169 Great Portland Street London United Kingdom W1W 5PF
PPT-DESIGN LTD,16115606,active,ltd,,,2024-12-03,,2024-12-03,[47910],2nd Floor College House Ruislip, United Kingdom HA4 7AE
WILTON FISH BAR LTD,16124524,active,ltd,,,2024-12-09,,2024-12-09,[56101],80-81 Wilton Road London England SW1V 1DL
MINIHOTEL LTD,16127196,active,ltd,,,2024-12-10,,2024-12-10,[62012],167-169 Great Portland Street London England W1W 5PF
BILLY'S BARBERS E14 LTD,16116102,active,ltd,,,2024-12-03,,2024-12-03,[96020],22 Villiers Gardens London England E20 1GW
GIANT REAL ESTATE LTD,16149993,active,ltd,,,2024-12-23,,2024-12-23,[68320],Suite 309 Crown House North Circular Road London England NW10 7PN
FB MKT AND ECOMMERCE LTD,16116007,active,ltd,,,2024-12-03,,2024-12-03,[47789],128 City Road City Road London United Kingdom EC1V 2NX
RIBERAWAY LTD,16118724,active,ltd,,,2024-12-04,,2024-12-04,[74909],Riberaway Ltd London England EC2A 4NA
WE MAKE CAREERS LTD,16145523,active,ltd,,,2024-12-19,,2024-12-19,[78109],3rd Floor, 86-90 Paul Street London United Kingdom EC2A 4NE
ATOM MANAGEMENT LIMITED,16121993,active,ltd,,,2024-12-08,,2024-12-08,[68320],45 Warwick Way London England SW1V 1QS
AER DIRECT LTD,16144467,active,ltd,,,2024-12-19,,2024-12-19,[47910],167 To 169 Great Portland Street London England W1W 5PF
COOPER NELSON LTD,16125155,active,ltd,,,2024-12-09,,2024-12-09,[47781],128 City Road London United Kingdom EC1V 2NX
ORVIA OVERSIGHT LTD,16123685,active,ltd,,,2024-12-09,,2024-12-09,[74909, 85590],3rd Floor, 86-90 Paul Street London England EC2A 4NE
VERNON WISE LTD,16113612,active,ltd,,,2024-12-02,,2024-12-02,[62012],71-75 Shelton Street London United Kingdom WC2H 9JQ
JC CHANGE CONSULTANTS LIMITED,16134770,active,ltd,,,2024-12-13,,2024-12-13,[70229],12 Gloucester Road London England W3 8PD
SINARA NON PRO LIMITED,16138604,active,ltd,,,2024-12-16,,2024-12-16,[68100, 68209, 68320],63 Tanner Street London England SE1 3PL
NUMONT CAPITAL LTD,16153056,active,ltd,,,2024-12-27,,2024-12-27,[64301, 70100],167-169 Great Portland Street London England W1W 5PF
PADEL JUNCTION LTD,16124837,active,ltd,,,2024-12-09,,2024-12-09,[93110],167-169 5th Floor London England W1W 5PF
SLABGO LTD,16136524,active,ltd,,,2024-12-15,,2024-12-15,[23700, 47910],167-169 Great Portland Street 167-169 Great Portland Street 5th Floor London London England W1W 5PF
SUSTAINABLE SPARKLE LTD,16126406,active,ltd,,,2024-12-09,,2024-12-09,[43110, 43390, 43999],Haynes Lane London England SE19 3AN
'O VER LONDON BRIDGE LTD,16128148,active,ltd,,,2024-12-10,,2024-12-10,[56101],167-169 Great Portland Street London England W1W 5PF
ACT UK COMMERCE LTD,16123430,active,ltd,,,2024-12-09,,2024-12-09,[46150, 46190, 70229],167-169 Great Portland Street London England W1W 5PF
GLBR TRADING LTD,16114681,active,ltd,,,2024-12-03,,2024-12-03,[96090],3rd Floor, 86-90 Paul Street London England EC2A 4NE
AL LONDON NOTARY LTD,16150828,active,ltd,,,2024-12-24,,2024-12-24,[69109],82 Containerville London England E2 9FP
FORREST ELECTRICAL SOLUTIONS LIMITED,16120079,active,ltd,,,2024-12-05,,2024-12-05,[43290, 68320],246 Commercial Way London England SE15 1PU
GOOD ADD VENTURES LTD,16155274,active,ltd,,,2024-12-30,,2024-12-30,[18130, 70229, 82990, 85520],86-90 Paul Street London England EC2A 4NE
MNT PROPERTY MANAGEMENT LIMITED,16155660,active,ltd,,,2024-12-30,,2024-12-30,[68320],71-75 Shelton Street London United Kingdom WC2H 9JQ
CREATURE COMFORTS 10 LIMITED,16116895,active,ltd,,,2024-12-04,,2024-12-04,[68209],5th Floor 16 Great Queen Street London United Kingdom WC2B 5DG
LEDGER MIGRATOR LIMITED,16137183,active,ltd,,,2024-12-16,,2024-12-16,[62012],167 Great Portland Street London England W1W 5PF
GEO CORP ACCOUNTANCY LIMITED,16140223,active,ltd,,,2024-12-17,,2024-12-17,[69201, 70221],167-169 Great Portland Street, 5th Floor London England W1W 5PF
IVYSTONE GOODS LIMITED,16140558,active,ltd,,,2024-12-17,,2024-12-17,[47110],C/O Cameron Moore Accountancy Limited Reigate United Kingdom RH2 9RJ
SHM HOTEL LIMITED,16143871,active,ltd,,,2024-12-18,,2024-12-18,[68209],1st Floor, Gallery Court London United Kingdom N3 2FG
THORIKOS LIMITED,16144059,active,ltd,,,2024-12-19,,2024-12-19,[68100],Worlds End Studios London England SW10 0RJ
ZEN MODELS LIMITED,16152071,active,ltd,,,2024-12-26,,2024-12-26,[78101, 78109],167-169 Great Portland Street, 5th Floor 167-169 Great Portland Street London England W1W 5PF
HD CRAWLEY LTD,16132854,active,ltd,,,2024-12-12,,2024-12-12,[47290],Unit 3b Crawley Leisure Park Crawley United Kingdom RH10 8LR
SBF THERAPY LTD,16149396,active,ltd,,,2024-12-23,,2024-12-23,[96090],167 - 169 Great Portland Street, Fifth Floor, Great Portland Street London England W1W 5PF
ARCADIA BETA PROPCO LIMITED,16137963,active,ltd,,,2024-12-16,,2024-12-16,[68209],1 Wood Street London England EC2V 7JB
MINDSPAN VENTURES LIMITED,16142504,active,ltd,,,2024-12-18,,2024-12-18,[63990],15 Canfield Place London United Kingdom NW6 3BT
ARCADIA ALPHA PROPCO LIMITED,16134537,active,ltd,,,2024-12-13,,2024-12-13,[68209],1 Wood Street London England EC2V 7JB
CYBERNED LTD,16128541,active,ltd,,,2024-12-10,,2024-12-10,[71122],190 Muswell Hill Road London England N10 3NG
VENTURE FIRST LTD,16111154,active,ltd,,,2024-12-01,,2024-12-01,[64209],122 Providence Square London England SE1 2ED
LES PETITS RIENS LTD,16141295,active,ltd,,,2024-12-17,,2024-12-17,[70229, 82990],167-169 5th Floor London England W1W 5PF
BIG H AND LITTLE R (TALENT) LIMITED,16120546,active,ltd,,,2024-12-05,,2024-12-05,[99999],206 Princess Park Manor Friern Barnet England N11 3FS
MINOR CHANGE LTD,16114291,active,ltd,,,2024-12-03,,2024-12-03,[47910],128 City Road London United Kingdom EC1V 2NX
GAIA AWAKENING LIMITED,16114380,active,ltd,,,2024-12-03,,2024-12-03,[47910],Suite 309 Cumberland House London United Kingdom NW10 6RF
LCH TRAINING LTD,16114653,active,ltd,,,2024-12-03,,2024-12-03,[85421, 85422, 85590, 85600],128 City Road London United Kingdom EC1V 2NX
NET ZERO THIRTY THREE LIMITED,16115409,active,ltd,,,2024-12-03,,2024-12-03,[74909],67 Westow Street London England SE19 3RW
ARIS CARE LTD,16115418,active,ltd,,,2024-12-03,,2024-12-03,[86900, 87200, 87900, 88990],2nd Floor College House Ruislip, United Kingdom HA4 7AE
SAFFRON SECURITIES LIMITED,16115794,active,ltd,,,2024-12-03,,2024-12-03,[68209],Baird House London United Kingdom EC1N 8UW
DATA BEAN (UK) LIMITED,16116316,active,ltd,,,2024-12-03,,2024-12-03,[63990],128 City Road London United Kingdom EC1V 2NX
VALTON THERAPY LIMITED,16116327,active,ltd,,,2024-12-03,,2024-12-03,[86900],128 City Road London United Kingdom EC1V 2NX
NINEVEH DENT LTD,16116617,active,ltd,,,2024-12-03,,2024-12-03,[86230],Flat 41 Melrose Apartments London England NW3 3NT
R.DOCKS TAX SOLUTIONS LTD,16120610,active,ltd,,,2024-12-05,,2024-12-05,[69203],124-128 City Road London England EC1V 2NX
NILA RECRUITMENT LTD,16120614,active,ltd,,,2024-12-05,,2024-12-05,[78300],124 City Road London United Kingdom EC1V 2NX
HOLISTIC WELLNESS SERVICES LTD,16120646,active,ltd,,,2024-12-05,,2024-12-05,[86900],3rd Floor, 86-90 Paul Street London England EC2A 4NE
MESOAESTHETIC LTD,16120671,active,ltd,,,2024-12-05,,2024-12-05,[46450, 96090],193-197 High Holborn London England WC1V 7BD
PHILLIMORE CAPITAL LTD,16120689,active,ltd,,,2024-12-05,,2024-12-05,[74909],1 Phillimore Gardens London United Kingdom W8 7QB
FORTUNELAB LTD,16120690,active,ltd,,,2024-12-05,,2024-12-05,[62012, 62020, 62090],2nd Floor College House Ruislip, United Kingdom HA4 7AE
SPINE PROPERTY LIMITED,16120720,active,ltd,,,2024-12-05,,2024-12-05,[68100, 68209],48 Plumstead High Street London United Kingdom SE18 1SL
KAYSAY LIMITED,16120703,active,ltd,,,2024-12-05,,2024-12-05,[49390],Flat 14 Boldero Place London England NW8 8EQ
M DAVIS STUDIO LIMITED,16120743,active,ltd,,,2024-12-05,,2024-12-05,[96020],513 London Road Sutton England SM3 8JR
DPI-000-002 LTD,16120756,active,ltd,,,2024-12-05,,2024-12-05,[68209],C/O Getground London England W6 0NB
LASER VISAGE KNIGHTSBRIDGE LTD,16120856,active,ltd,,,2024-12-05,,2024-12-05,[96020],55 Princes Gate London United Kingdom SW7 2PN
MOMI DEVELOPMENT LTD,16120855,active,ltd,,,2024-12-05,,2024-12-05,[41202, 43390, 68100, 68209],18 Chestnut Avenue Wembley England HA0 2LT
SA ART PARTNERS UK LIMITED,16120857,active,ltd,,,2024-12-05,,2024-12-05,[90030],22 Chancery Lane London United Kingdom WC2A 1LS
TIK TAX REBATES LIMITED,16120816,active,ltd,,,2024-12-05,,2024-12-05,[69201],Crystal Tax Consultancy Ltd Adam House London United Kingdom WC2N 6AA
MKTWIZ LTD,16120880,active,ltd,,,2024-12-05,,2024-12-05,[62020, 63110, 63910, 73110],128 City Road London United Kingdom EC1V 2NX
DRAGON HOLDING AND MANAGEMENT LIMITED,16120878,active,ltd,,,2024-12-05,,2024-12-05,[64209, 70229],C/O The Accountancy Partnership Suite 5, 5th Floor, City Reach London England E14 9NN
CRUTECH LTD,16120895,active,ltd,,,2024-12-05,,2024-12-05,[74909],31 Kentish Town Road London England NW1 8NL
GURU INVESTMENTS (GAJA LODGE) LTD,16120866,active,ltd,,,2024-12-05,,2024-12-05,[68209],167-169 Great Portland Street London England W1W 5PF
GN ADVISORY LTD,16120914,active,ltd,,,2024-12-05,,2024-12-05,[62020, 70229, 82990],71-75 Shelton Street London United Kingdom WC2H 9JQ
ONEIM EC LTD,16120917,active,ltd,,,2024-12-05,,2024-12-05,[64205],25 Park Lane London United Kingdom W1K 1RA
KUDOS EDUCATION SERVICES LTD,16120986,active,ltd,,,2024-12-05,,2024-12-05,[85600],71-75 Shelton Street London United Kingdom WC2H 9JQ
PEDIGREAT HOUSE LIMITED,16121059,active,ltd,,,2024-12-05,,2024-12-05,[68209],66 Nickelby Close London England SE28 8LY
PETIT CITRON LIMITED,16121100,active,ltd,,,2024-12-05,,2024-12-05,[47910],Apartment 67 Horizons Tower London England E14 9BH
ACASTA PARTNERS HOLDINGS LIMITED,16121099,active,ltd,,,2024-12-05,,2024-12-05,[64205],4 Sloane Terrace London United Kingdom SW1X 9DQ
GG-608-065 LIMITED,16121106,active,ltd,,,2024-12-05,,2024-12-05,[68209],C/O Getground London England W6 0NB
HAZEL RESIDENTIAL HOLDINGS LIMITED,16121119,active,ltd,,,2024-12-05,,2024-12-05,[64999],10th Floor 5 Churchill Place London United Kingdom E14 5HU
HARMONIC DIGITAL COLLECTIVE LTD,16121183,active,ltd,,,2024-12-05,,2024-12-05,[62012],71-75 Shelton Street London United Kingdom WC2H 9JQ
CYBEREYE WORLD LIMITED,16121316,active,ltd,,,2024-12-05,,2024-12-05,[62090],Quadrant House, Floor 6 London United Kingdom E1W 1YW
LAHORE EXPRESS KHANA KHAZANA LTD,16121332,active,ltd,,,2024-12-05,,2024-12-05,[56102],99 Green Street London United Kingdom E7 8JF
CHUANZHI WELLNESS BEAUTY LIMITED,16121342,active,ltd,,,2024-12-05,,2024-12-05,[86900, 96020],51 Warner Road London England E17 7DY
ROSEVINE CAPITAL LIMITED,16121354,active,ltd,,,2024-12-05,,2024-12-05,[70221],71-75 Shelton Street London United Kingdom WC2H 9JQ
ART AND COLOUR LIMITED,16121355,active,ltd,,,2024-12-05,,2024-12-05,[43341],Flat 5 177 South Ealing Road London England W5 4RH
LANCEFIELD ESTATES LTD,16121384,active,ltd,,,2024-12-05,,2024-12-05,[68100, 68209],5a Fountayne Road London England N16 7EA
GJJ FINTECH LTD,16121386,active,ltd,,,2024-12-05,,2024-12-05,[62020, 62090],128 City Road London United Kingdom EC1V 2NX
PAND HOLDINGS LIMITED,16121394,active,ltd,,,2024-12-05,,2024-12-05,[68209],Leytonstone House 3 Hanbury Drive London England E11 1GA
PAND INVESTMENTS LIMITED,16121422,active,ltd,,,2024-12-05,,2024-12-05,[41100],Leytonstone House 3 Hanbury Drive London England E11 1GA
FUFFY SIS LIMITED,16121421,active,ltd,,,2024-12-05,,2024-12-05,[62090],2nd Floor 10-12 Bourlet Close London United Kingdom W1W 7BR
QUCIE WHELE CONSULTING LTD,16121434,active,ltd,,,2024-12-05,,2024-12-05,[73110],3rd Floor, 86-90 Paul Street London United Kingdom EC2A 4NE
NAZNAB PROPERTIES LIMITED,16121477,active,ltd,,,2024-12-05,,2024-12-05,[68209],Flat 15 Orion House London England E1 5RX
WELLWATCH LTD,16121537,active,ltd,,,2024-12-05,,2024-12-05,[86900],20 Wenlock Road London England N1 7GU
EUROPEAN SKILL DEVELOPMENT BOARD LTD,16119796,active,ltd,,,2024-12-05,,2024-12-05,[85600],128 City Road London United Kingdom EC1V 2NX
CHERRY HILL PROPERTY INVESTMENTS LTD,16119822,active,ltd,,,2024-12-05,,2024-12-05,[68310],71-75 Shelton Street London United Kingdom WC2H 9JQ
BLACK QUARTER LIMITED,16119873,active,ltd,,,2024-12-05,,2024-12-05,[68100],71-75 Shelton Street London United Kingdom WC2H 9JQ
G.A.G LIMITED,16119991,active,ltd,,,2024-12-05,,2024-12-05,[81300],129 Colney Hatch Lane London England N10 1HD
SERENDIPITY SCRIPTS LTD,16119949,active,ltd,,,2024-12-05,,2024-12-05,[90030],Seymour Chambers Liverpool United Kingdom L3 5NW
DTM TRAINING LTD,16120005,active,ltd,,,2024-12-05,,2024-12-05,[96040],8 Scotswood Walk London England N17 0TF
KOMERCIT LTD,16119987,active,ltd,,,2024-12-05,,2024-12-05,[96090],71-75 Shelton Street London United Kingdom WC2H 9JQ
MAGNALL FORGE LTD,16120039,active,ltd,,,2024-12-05,,2024-12-05,[62090],71-75 Shelton Street London United Kingdom WC2H 9JQ
ALI & PARTNERS LTD,16120049,active,ltd,,,2024-12-05,,2024-12-05,[82990],International House London United Kingdom W1K 5QF
BAAN OF MASSAGE LTD,16120045,active,ltd,,,2024-12-05,,2024-12-05,[96040],171 Sansom Road London England E11 3HG
BLACKWALL SECURITY LTD,16120083,active,ltd,,,2024-12-05,,2024-12-05,[62012],3rd Floor 24 High Holborn London United Kingdom WC1V 6AT
ORCA STUDIOS DESIGN LTD,16120140,active,ltd,,,2024-12-05,,2024-12-05,[41100, 68100, 71111, 74100],The Market London United Kingdom SE15 4BQ
ABAR LIMITED,16120121,active,ltd,,,2024-12-05,,2024-12-05,[42910, 47910],71-75 Shelton Street London United Kingdom WC2H 9JQ
BROOM HOLDING GP LIMITED,16120115,active,ltd,,,2024-12-05,,2024-12-05,[64209],Duo, Level 6 London United Kingdom EC2M 4RB
TROUT FLIES SUPPLY LTD,16120158,active,ltd,,,2024-12-05,,2024-12-05,[47190, 47910],85 Great Portland Street London United Kingdom W1W 7LT
BUCHANAN FINANCIAL ADVISORY LTD,16120178,active,ltd,,,2024-12-05,,2024-12-05,[74909],1st Floor, 85 Wyatt Park Road London United Kingdom SW2 3TW
VF UK HILLS HOLDING LIMITED,16120246,active,ltd,,,2024-12-05,,2024-12-05,[64209],Axtell House London United Kingdom W1B 5NQ
MGR AUDIT LIMITED,16120424,active,ltd,,,2024-12-05,,2024-12-05,[69201],55 Loudoun Road St John's Wood London United Kingdom NW8 0DL
AMDRODD TECHNOLOGIES LIMITED,16120464,active,ltd,,,2024-12-05,,2024-12-05,[62020],The Profile West Brentford England TW8 9ES
LEGAL & GENERAL EVEREST UK HOLDCO LIMITED,16120507,active,ltd,,,2024-12-05,,2024-12-05,[64205],One London United Kingdom EC2R 5AA
VERDASTRA ENERGY LIMITED,16120553,active,ltd,,,2024-12-05,,2024-12-05,[70229],27 Old Gloucester Street London United Kingdom WC1N 3AX
LANGO MANAGEMENT UK LIMITED,16120564,active,ltd,,,2024-12-05,,2024-12-05,[70100],Suite 1 7th Floor London United Kingdom SW1H 0DB
GG-620-689 LIMITED,16114339,active,ltd,,,2024-12-03,,2024-12-03,[68209],C/O Getground London England W6 0NB
ESTE59 LIMITED,16115128,active,ltd,,,2024-12-03,,2024-12-03,[74990],59 Sydney Street London England SW3 6PX
BORN2SHINE LTD,16115636,active,ltd,,,2024-12-03,,2024-12-03,[47910],59 Shirland Road London England W9 2JD
GG-271-831 LIMITED,16115628,active,ltd,,,2024-12-03,,2024-12-03,[68209],C/O Getground London England W6 0NB
THE LUXE ACCENT LTD,16116232,active,ltd,,,2024-12-03,,2024-12-03,[46160, 46420, 46480, 82990],2 Frederick Street London United Kingdom WC1X 0ND
THREE PEAKS PROPERTY LTD,16116228,active,ltd,,,2024-12-03,,2024-12-03,[68209],124 City Road London United Kingdom EC1V 2NX
FLAIR FEMME LTD,16116453,active,ltd,,,2024-12-03,,2024-12-03,[47910],27 Old Gloucester Street London United Kingdom WC1N 3AX
PROMPT PAY CAPITAL LTD,16116414,active,ltd,,,2024-12-03,,2024-12-03,[64999],11 Falkland Road London England NW5 2PS
CGW CONSULTING LTD,16116407,active,ltd,,,2024-12-03,,2024-12-03,[70229, 71121, 71122],128 City Road London United Kingdom EC1V 2NX
MAISON DE CURED LIMITED,16116668,active,ltd,,,2024-12-03,,2024-12-03,[56101],85 Great Portland Street London England W1W 7LT
LAWRES GROUP LTD,16120590,active,ltd,,,2024-12-05,,2024-12-05,[70229],128 City Road London United Kingdom EC1V 2NX
THREE PENCE SHORT PRODUCTIONS LTD,16118276,active,ltd,,,2024-12-04,,2024-12-04,[58190],3rd Floor, 86-90 Paul Street London United Kingdom EC2A 4NE
TENANT LEGAL HELP SERVICE LTD,16118283,active,ltd,,,2024-12-04,,2024-12-04,[69109],3rd Floor, 86-90 Paul Street London United Kingdom EC2A 4NE
RAAJA GROUP INVESTMENTS LIMITED,16118442,active,ltd,,,2024-12-04,,2024-12-04,[56210],Flat 11 Mahogany House London England SW6 2PT
JUST A FASHION MINUTE LIMITED,16118444,active,ltd,,,2024-12-04,,2024-12-04,[60100],54d Harleyford Road London England SE11 5AY
MARUFA C LIMITED,16118462,active,ltd,,,2024-12-04,,2024-12-04,[68100],78 Waverley Road London England E17 3LQ
SANFORD WALK PROPERTY LTD,16118613,active,ltd,,,2024-12-04,,2024-12-04,[68100],106 Geldeston Road London United Kingdom E5 8RS
7SKYTOURS LTD,16118597,active,ltd,,,2024-12-04,,2024-12-04,[79110, 79909],124 City Road London United Kingdom EC1V 2NX
QWICK STOP PVT LTD,16118600,active,ltd,,,2024-12-04,,2024-12-04,[47110],270, Hoe Street, Walthamstow United Kingdom E17 9QD
TCL SOLUTIONS LTD,16118654,active,ltd,,,2024-12-04,,2024-12-04,[70100],Flat 6 1 Coronet Street London England N1 6AE
SOFT LTD,16118717,active,ltd,,,2024-12-04,,2024-12-04,[62012, 62090],89 C/D London Road Morden United Kingdom SM4 5HP
BIG HARBOUR LTD,16118721,active,ltd,,,2024-12-04,,2024-12-04,[47910],128 City Road London United Kingdom EC1V 2NX
KID RIGGING LTD,16118784,active,ltd,,,2024-12-04,,2024-12-04,[43991],17a Myddelton Square London United Kingdom EC1R 1YE
MAYFAIR REMOVALS LONDON LTD,16118900,active,ltd,,,2024-12-04,,2024-12-04,[49420],27 Ingledew Road London England SE18 1AP
OAKTREE PARTNERS CAPITAL MANAGEMENT LTD,16119020,active,ltd,,,2024-12-04,,2024-12-04,[68100, 68209],71-75 Shelton Street London United Kingdom WC2H 9JQ
GROUPE ZAMANE LTD,16119080,active,ltd,,,2024-12-04,,2024-12-04,[47910, 62012, 62020, 85590],71-75 Shelton Street London United Kingdom WC2H 9JQ
MAPLEDON LIMITED,16119099,active,ltd,,,2024-12-04,,2024-12-04,[68209],147 Stamford Hill London England N16 5LG
YOUR LOCAL TUTORS LIMITED,16119140,active,ltd,,,2024-12-04,,2024-12-04,[85590],167-169 Great Portland Street London England W1W 5PF
NEURONSEARCHLAB LIMITED,16119242,active,ltd,,,2024-12-04,,2024-12-04,[62012],167-169 Great Portland Street London England W1W 5PF
SINAI GLOBAL LTD,16119341,active,ltd,,,2024-12-05,,2024-12-05,[82990],124 City  Road London United Kingdom EC1V 2NX
REGAL ROUND LTD,16119357,active,ltd,,,2024-12-05,,2024-12-05,[68100],Regal Real Estates Ltd London England NW6 3QH
EKA FILMS LTD,16119372,active,ltd,,,2024-12-05,,2024-12-05,[59111, 74201, 82110, 82301],27 Old Gloucester Street London United Kingdom WC1N 3AX
IROKO PROPERTIES AND INVESTMENTS LIMITED,16119414,active,ltd,,,2024-12-05,,2024-12-05,[68100],51 Newlands Park Sydneham England SE26 5PN
PRIMOS BURGA LTD,16119471,active,ltd,,,2024-12-05,,2024-12-05,[46342, 56210],34 Chesterton Square London England W8 6PH
TL ONE LIMITED,16119478,active,ltd,,,2024-12-05,,2024-12-05,[64209],71 Queen Victoria Street London England EC4V 4BE
TJOP ONE LIMITED,16119518,active,ltd,,,2024-12-05,,2024-12-05,[64209],71 Queen Victoria Street London United Kingdom EC4V 4BE
THE HOUR LONDON LIMITED,16119502,active,ltd,,,2024-12-05,,2024-12-05,[47770],25 Cabot Square London England E14 4QA
IN TOTO ED GROUP LIMITED,16119530,active,ltd,,,2024-12-05,,2024-12-05,[85590],St Agnes House Cresswell Park London England SE3 9RD
LOLEX CAPITAL LIMITED,16119561,active,ltd,,,2024-12-05,,2024-12-05,[70221],12 Northfields Prospect London United Kingdom SW18 1PE
SAFE CORE LTD,16119604,active,ltd,,,2024-12-05,,2024-12-05,[66190],167-169 Great Portland Street London England W1W 5PF
RUSK HNDN LIMITED,16119708,active,ltd,,,2024-12-05,,2024-12-05,[47290, 56102],55 The Burroughs London England NW4 4AX
NOVUS ARC MEDIA LTD,16118199,active,ltd,,,2024-12-04,,2024-12-04,[18130, 59112],20 Wenlock Road London England N1 7GU
BOTERO SPEECH 4 KIDS LTD,16118203,active,ltd,,,2024-12-04,,2024-12-04,[85590, 86900],Building 4, North London Business Park London United Kingdom N11 1GN
NEXUS TIMBER DESIGN LTD,16118265,active,ltd,,,2024-12-04,,2024-12-04,[71122],71-75 Shelton Street London United Kingdom WC2H 9JQ
LONGLEY HOUSE PROPERTIES LIMITED,16118383,active,ltd,,,2024-12-04,,2024-12-04,[68320],128 City Road London United Kingdom EC1V 2NX
URBAN BAKER CHASE LTD,16118532,active,ltd,,,2024-12-04,,2024-12-04,[68100],Flat 18, Dame Colet Court London United Kingdom E1 3FQ
AH CONSULTING LIMITED,16118524,active,ltd,,,2024-12-04,,2024-12-04,[82990],18 Rushcroft Road London England E4 8SG
MINET ESTATES LTD,16118630,active,ltd,,,2024-12-04,,2024-12-04,[68100],106 Geldeston Road London United Kingdom E5 8RS
TALENT PERFORM CONSULTING LIMITED,16118684,active,ltd,,,2024-12-04,,2024-12-04,[70229],74 Elm Walk London England SW20 9EE
VAN PEAKE CONSULTANTS LTD,16118690,active,ltd,,,2024-12-04,,2024-12-04,[70229, 74100],40 Fortescue Road London England SW19 2EB
AGITAIT LTD,16118703,active,ltd,,,2024-12-04,,2024-12-04,[62020, 62090],128 City Road London United Kingdom EC1V 2NX
TZ & M PROPERTIES LTD,16118974,active,ltd,,,2024-12-04,,2024-12-04,[68100],157 Whitehorse Lane London England SE25 6RB
SIMPSON MEDICOLEGAL SERVICES LTD,16119062,active,ltd,,,2024-12-04,,2024-12-04,[86220],Flat 15 6 Exmoor Street London England W10 6BF
RUTHERFORD GEOENGINEERS LTD,16119174,active,ltd,,,2024-12-04,,2024-12-04,[59112, 59132, 71122],15 Callow Street London England SW3 6BJ
COCOSPRING GROUP LTD,16119297,active,ltd,,,2024-12-04,,2024-12-04,[74100],167-169 Great Portland Street London England W1W 5PF
ZILDESIGN LTD,16119651,active,ltd,,,2024-12-05,,2024-12-05,[62012, 62020, 62090, 63120],71-75 Shelton Street London United Kingdom WC2H 9JQ
N&K HOUSING LTD,16119687,active,ltd,,,2024-12-05,,2024-12-05,[68100, 68209],14 Aldersford Close London United Kingdom SE4 2AE
COACHING BY R.L. BLAIR LTD,16119769,active,ltd,,,2024-12-05,,2024-12-05,[96090],124 City Road London United Kingdom EC1V 2NX
ISLAM ESTATE LTD,16119768,active,ltd,,,2024-12-05,,2024-12-05,[68209],391 London Road Grays England RM20 4AA
GENCOS LONDON LIMITED,16121583,active,ltd,,,2024-12-05,,2024-12-05,[56102],Demsa Accounts 565 Green Lanes London England N8 0RL
STABILITY CARE LTD,16111180,active,ltd,,,2024-12-01,,2024-12-01,[84120],3rd Floor, 86-90 Paul Street London England EC2A 4NE
DUDE ENTERPRISE LTD,16111178,active,ltd,,,2024-12-01,,2024-12-01,[56103, 56290],3rd Floor, 86-90 Paul Street London England EC2A 4NE
APRICITY TICKETS & EVENTS LTD,16111394,active,ltd,,,2024-12-02,,2024-12-02,[70229, 79110],128 City Road London United Kingdom EC1V 2NX
ATHLETICWARE MASS LTD,16111510,active,ltd,,,2024-12-02,,2024-12-02,[62012],78 York Street London England W1H 1DP
DIALECTIC EDUCATION LIMITED,16111530,active,ltd,,,2024-12-02,,2024-12-02,[85200, 85600],Flat 1801 Bagshaw Building London United Kingdom E14 9DU
BRIDGE HEALTH TRAVEL LTD.,16111781,active,ltd,,,2024-12-02,,2024-12-02,[86101, 86210, 86220, 86230],128 City Road London United Kingdom EC1V 2NX
LA PROCHAINE LTD,16111788,active,ltd,,,2024-12-02,,2024-12-02,[70229],4 Leconfield Avenue London England SW13 0LD
VANDCEA LTD,16111750,active,ltd,,,2024-12-02,,2024-12-02,[68310],71-75 Shelton Street London United Kingdom WC2H 9JQ
MOM ESCAPE LTD,16111774,active,ltd,,,2024-12-02,,2024-12-02,[55201, 55209],71-75 Shelton Street London United Kingdom WC2H 9JQ
KEYPOINT FINANCIAL SOLUTIONS LIMITED,16112087,active,ltd,,,2024-12-02,,2024-12-02,[69201, 69203],33 Tillingbourne Gardens London England N3 3JJ
1024 LTD,16112095,active,ltd,,,2024-12-02,,2024-12-02,[62012, 62030, 62090, 63110],71-75 Shelton Street London United Kingdom WC2H 9JQ
THERMAL-FLOW CONSULTANTS LTD,16112050,active,ltd,,,2024-12-02,,2024-12-02,[71122],71-75 Shelton Street London United Kingdom WC2H 9JQ
CAFE KAM 46 LTD,16112039,active,ltd,,,2024-12-02,,2024-12-02,[56102],14 Church Street London United Kingdom N9 9DX
MEDTRACKR LTD,16112074,active,ltd,,,2024-12-02,,2024-12-02,[63110],Flat 38 Lowe House London England SW8 2FT
CRANE GOURMET LIMITED,16112537,active,ltd,,,2024-12-02,,2024-12-02,[10110, 10840, 10850],71-75 Shelton Street London United Kingdom WC2H 9JQ
CRANE BOUTIQUE LIMITED,16112539,active,ltd,,,2024-12-02,,2024-12-02,[10710, 10821],71-75 Shelton Street London United Kingdom WC2H 9JQ
KARIM VENTURE I LTD,16112574,active,ltd,,,2024-12-02,,2024-12-02,[68209],Unit 2 60 Hanbury Street London England E1 5JL
COMMERCE AND TRADING LTD,16112575,active,ltd,,,2024-12-02,,2024-12-02,[47910],20 Wenlock Road London England N1 7GU
KOBK LIMITED,16112848,active,ltd,,,2024-12-02,,2024-12-02,[56101, 56102, 56210, 56290],128 City Road London United Kingdom EC1V 2NX
GKD CAPITAL LTD,16112833,active,ltd,,,2024-12-02,,2024-12-02,[68100],71-75 Shelton Street London United Kingdom WC2H 9JQ
TOOT CAT LTD,16112858,active,ltd,,,2024-12-02,,2024-12-02,[58290, 62011, 62012, 62090],71-75 Shelton Street London United Kingdom WC2H 9JQ
COUPERT SCIENCE UK LTD,16113314,active,ltd,,,2024-12-02,,2024-12-02,[62012, 62020],Flat 107 25 Indescon Square London England E14 9DG
HONEY VELVET CRAVINGS LTD,16113441,active,ltd,,,2024-12-02,,2024-12-02,[56210],First Floor Office London United Kingdom W8 4LZ
DR.DRAPES LTD,16113663,active,ltd,,,2024-12-02,,2024-12-02,[78101],3rd Floor, 86-90 Paul Street London United Kingdom EC2A 4NE
EPR HOTELS INTERNATIONAL LTD,16113966,active,ltd,,,2024-12-02,,2024-12-02,[71111],All Saints London United Kingdom SE11 4SJ
COWBOYS STUDIO LTD,16114251,active,ltd,,,2024-12-03,,2024-12-03,[62012, 74100],64a Honor Oak Park London England SE23 1DY
LIFETECH OCMS LTD,16110983,active,ltd,,,2024-12-01,,2024-12-01,[62012, 63110, 63120],Flat 1-2 115 Bloomfield Road London England SE18 7JE
MARKETING BGGROUP.UK LTD,16111040,active,ltd,,,2024-12-01,,2024-12-01,[74100, 96090],16a Denver Road London England N16 5JH
SEYMUR LIMITED,16111091,active,ltd,,,2024-12-01,,2024-12-01,[47890, 47910, 47990],76c Thornton Avenue London England W4 1QQ
ERGI LTD,16111166,active,ltd,,,2024-12-01,,2024-12-01,[58210],64 Hornfair Road London England SE7 7BD
OSMINGTON BAY LIMITED,16111484,active,ltd,,,2024-12-02,,2024-12-02,[64999],4th Floor 24 Old Bond Street London United Kingdom W1S 4AW
HWOC DIRECTORS LIMITED,16111490,active,ltd,,,2024-12-02,,2024-12-02,[74990],4th Floor 24 Old Bond Street London United Kingdom W1S 4AW
INDUSTRY SUPPLIES LIMITED,16111795,active,ltd,,,2024-12-02,,2024-12-02,[33200],85 Great Portland Street London England W1W 7LT
DIGIMENUBOX LTD,16112310,active,ltd,,,2024-12-02,,2024-12-02,[62090],129 Whitechapel Road London England E1 1DT
WEBSTONE MEDIA LTD,16112270,active,ltd,,,2024-12-02,,2024-12-02,[58142],Flat 54, The Piper Building London England SW6 3EF
ASHVIK FOOD LIMITED,16112277,active,ltd,,,2024-12-02,,2024-12-02,[56290],139 Tennison Road London England SE25 5NF
PRIME CHARGE LIMITED,16112667,active,ltd,,,2024-12-02,,2024-12-02,[43210, 43290],20 Wenlock Road London England N1 7GU
GMX BUSINESS & CONSULTING LTD,16112647,active,ltd,,,2024-12-02,,2024-12-02,[62012, 62020, 62030, 63110],Carlyle House 235-237 Vauxhall Bridge Road London United Kingdom SW1V 1EJ
ARCHIMAX GLOBAL SOLUTIONS LTD,16113033,active,ltd,,,2024-12-02,,2024-12-02,[70229],71-75 Shelton Street London United Kingdom WC2H 9JQ
HEX50 LTD,16113034,active,ltd,,,2024-12-02,,2024-12-02,[16230, 26400, 33190],71-75 Shelton Street London United Kingdom WC2H 9JQ
RUPERT LEE CONSULTING LTD,16113011,active,ltd,,,2024-12-02,,2024-12-02,[70229],91 Harberton Road London England N19 3JT
KAIZEN INTEGRATED HEALTH LIMITED,16113285,active,ltd,,,2024-12-02,,2024-12-02,[86230, 86900],115 Hampstead Road London United Kingdom NW1 3EE
KYN+CO TALENT LTD,16113427,active,ltd,,,2024-12-02,,2024-12-02,[78109, 93199],71-75 Shelton Street London United Kingdom WC2H 9JQ
ANDRENE SERVICES LTD,16113577,active,ltd,,,2024-12-02,,2024-12-02,[78200],187 Cedars Road London England SW4 0PS
CMX SKS LTD,16113585,active,ltd,,,2024-12-02,,2024-12-02,[68209],C/O Getground London England W6 0NB
FURLONG ESTATES LTD,16114068,active,ltd,,,2024-12-02,,2024-12-02,[68100, 68209],9 Egerton Road London England N16 6UE
KILO TWO NINER CONCEALMENT PRODUCTS LTD,16111173,active,ltd,,,2024-12-01,,2024-12-01,[47640],3rd Floor, 86-90 Paul Street London United Kingdom EC2A 4NE
SHARON URBAN DEVELOPMENTS LTD,16111217,active,ltd,,,2024-12-01,,2024-12-01,[41100],19 Dickensons Lane London England SE25 5HJ
R&M UK PROPERTY MANAGEMENT LIMITED,16111213,active,ltd,,,2024-12-01,,2024-12-01,[68320],10 Abbey Parade London England SW19 1DG
SA STAFFING LTD,16111433,active,ltd,,,2024-12-02,,2024-12-02,[78200],20 Wenlock Road London England N1 7GU
NUTRITIOUS LTD,16111445,active,ltd,,,2024-12-02,,2024-12-02,[56290],20 Wenlock Road London England N1 7GU
WILBRESAN LTD.,16111428,active,ltd,,,2024-12-02,,2024-12-02,[68209],C/O Getground London England W6 0NB
TEMPLE HOUSE PICTURES LTD,16111618,active,ltd,,,2024-12-02,,2024-12-02,[59111],3rd Floor, 86-90 Paul Street London England EC2A 4NE
AQAJOON DO LIMITED,16111945,active,ltd,,,2024-12-02,,2024-12-02,[63990, 90030],128 City Road London United Kingdom EC1V 2NX
SELECTED DECORATIONS LTD,16111918,active,ltd,,,2024-12-02,,2024-12-02,[41202, 43341, 43390, 43999],3rd Floor, 86-90 Paul Street London England EC2A 4NE
MAIDEN ENTERPRISE LTD,16113115,active,ltd,,,2024-12-02,,2024-12-02,[56101, 56301, 56302],71-75 Shelton Street London United Kingdom WC2H 9JQ
CHARLES PUGSLEY LTD,16113367,active,ltd,,,2024-12-02,,2024-12-02,[68209, 68310, 68320],20 Wenlock Road London England N1 7GU
BLUE HOUSE PROP LTD,16113355,active,ltd,,,2024-12-02,,2024-12-02,[68209],C/O Getground London England W6 0NB
VITAL MOTION LTD,16113784,active,ltd,,,2024-12-02,,2024-12-02,[96040],Flat 2 35 Linden Gardens London United Kingdom W2 4HH
HOSANA LIMITED,16113791,active,ltd,,,2024-12-02,,2024-12-02,[79110],277-279 Chiswick High Road London England W4 4PU
BOUJI PROPERTIES LIMITED,16113789,active,ltd,,,2024-12-02,,2024-12-02,[68209],80 Coleman Street London United Kingdom EC2R 5BJ
PANTHEON LUXE LTD,16113959,active,ltd,,,2024-12-02,,2024-12-02,[68320],106 Great Portland Street London England W1W 6PF
CNAWAN LTD,16114073,active,ltd,,,2024-12-02,,2024-12-02,[62012, 62020, 62090],10 Parkland Gardens London England SW19 6DT
KALT CONSTRUCTION LIMITED,16114233,active,ltd,,,2024-12-02,,2024-12-02,[43290, 43999],3rd Floor, 86-90 Paul Street London England EC2A 4NE
DAIZAH LTD,16110992,active,ltd,,,2024-12-01,,2024-12-01,[49320, 68100, 77110],Flat 4 Baring House London England E14 6JW
E YOUNG COMMUNICATIONS LTD,16111102,active,ltd,,,2024-12-01,,2024-12-01,[70210],35 Lyndhurst Gardens London England N3 1TA
WESTSTAR MEDIA LTD,16111728,active,ltd,,,2024-12-02,,2024-12-02,[73110],63 Nasmyth Street London England W6 0HA
NEPTO PUBLISHING LIMITED,16111700,active,ltd,,,2024-12-02,,2024-12-02,[58110, 58190],124 City Road London United Kingdom EC1V 2NX
HAMEDAN LTD,16111688,active,ltd,,,2024-12-02,,2024-12-02,[68100, 68209, 68320],211 Boundary House Boston Road London England W7 2QE
1 TO 100 LTD,16112169,active,ltd,,,2024-12-02,,2024-12-02,[70229],Flat 5, 15 Acer Road London United Kingdom E8 3GX
HARDWICK TAX CONSULTANTS LTD,16112160,active,ltd,,,2024-12-02,,2024-12-02,[69203],20 Wenlock Road London England N1 7GU
OCTOBERE LIMITED,16112129,active,ltd,,,2024-12-02,,2024-12-02,[96090],86-90 Paul Street London England EC2A 4NE
THOMAS FLYNN PUBLISHING LIMITED,16112639,active,ltd,,,2024-12-02,,2024-12-02,[58142],35 Ballards Lane London United Kingdom N3 1XW
CLEANSECO LTD,16112622,active,ltd,,,2024-12-02,,2024-12-02,[81222],Hadleigh Business Centre, Suite 9 Hadleigh England SS7 2BT
A J TUCKER & SONS LTD,16113220,active,ltd,,,2024-12-02,,2024-12-02,[45200],5 Brayford Square London England E1 0SG
SWIFT & BOLD TRADING LTD.,16113388,active,ltd,,,2024-12-02,,2024-12-02,[68209],C/O Getground London England W6 0NB
THE SELLING COLLECTIVE LTD,16113408,active,ltd,,,2024-12-02,,2024-12-02,[85590],3rd Floor, 86-90 Paul Street London United Kingdom EC2A 4NE
LANZANTE AUTOMOTIVE LTD,16113393,active,ltd,,,2024-12-02,,2024-12-02,[29100],23 London Road Petersfield England GU31 4BQ
TO CATCH A SIREN LTD,16113559,active,ltd,,,2024-12-02,,2024-12-02,[74203, 90030],Bogatyij Ltd, United House London United Kingdom N7 9DP
U-CON GROUP LTD,16113766,active,ltd,,,2024-12-02,,2024-12-02,[41201, 41202],209 Hendon Way London England NW2 1JJ
QUAZONE LTD,16113936,active,ltd,,,2024-12-02,,2024-12-02,[32200, 47591, 47910, 85590],71-75 Shelton Street London United Kingdom WC2H 9JQ
IMMUNEX HEALTH LTD,16114111,active,ltd,,,2024-12-02,,2024-12-02,[86220],Top Floor London England SE23 2AA
FASHION MEDIA GROUP LTD,16114108,active,ltd,,,2024-12-02,,2024-12-02,[46180, 46900, 62090, 90030],22 Winchester Street London England W3 8PA
Y&Y CONTRACTORS LTD,16114182,active,ltd,,,2024-12-02,,2024-12-02,[43320, 43341, 43390, 96090],57 Gladstone Park Gardens London England NW2 6JY
BSM2 LTD,16114180,active,ltd,,,2024-12-02,,2024-12-02,[74909],3rd Floor, 86-90 Paul Street London United Kingdom EC2A 4NE
FUSION REALTY LIMITED,16114250,active,ltd,,,2024-12-02,,2024-12-02,[68100],3rd Floor, The Glass House London United Kingdom SW19 8AE
THE OUTDOOR GROUP LIMITED,16111577,active,ltd,,,2024-12-02,,2024-12-02,[64304],1 Coldbath Square London England EC1R 5HL
THEBARBERCLUB.UK LTD,16111567,active,ltd,,,2024-12-02,,2024-12-02,[94990],641a Fulham Road London England SW6 5PU
SERENDIPITY SOCIAL LTD,16111574,active,ltd,,,2024-12-02,,2024-12-02,[73110],223 Stevenson Crescent London England SE16 3EW
DATA FOUNDERS LIMITED,16111584,active,ltd,,,2024-12-02,,2024-12-02,[62020],Data Founders London United Kingdom EC1V 2NX
EVOPRIME TECHNOLOGIES LTD,16111970,active,ltd,,,2024-12-02,,2024-12-02,[62020],85 Great Portland Street, First Floor London United Kingdom W1W 7LT
VILM PROJECTS LTD,16112022,active,ltd,,,2024-12-02,,2024-12-02,[59112, 59120],211 Blithdale Road London England SE2 9QE
RIZIL LIMITED,16112452,active,ltd,,,2024-12-02,,2024-12-02,[47710, 47721, 47722, 47770],83 Acre Lane London England SW2 5TN
ARULASH LIMITED,16112424,active,ltd,,,2024-12-02,,2024-12-02,[56103],187 Brockley Road London England SE4 2RS
HEALTH ROUTINE SOLUTIONS LTD,16112766,active,ltd,,,2024-12-02,,2024-12-02,[62020, 72200, 85590, 86900],20 Wenlock Road London England N1 7GU
RESOLVE SOURCING SOLUTIONS LTD,16112771,active,ltd,,,2024-12-02,,2024-12-02,[68100, 68310],20 Wenlock Road London England N1 7GU
STURDYTHOUGHTS LTD,16113095,active,ltd,,,2024-12-02,,2024-12-02,[58190],124 City Road London United Kingdom EC1V 2NX
KNIT AND PEARL YARNS LTD,16113087,active,ltd,,,2024-12-02,,2024-12-02,[13100],71-75 Shelton Street London United Kingdom WC2H 9JQ
M.A.M CONSULTANCY LIMITED,16113061,active,ltd,,,2024-12-02,,2024-12-02,[98000],167-169 Great Portland Street London England W1W 5PF
ANGLO FINANCE LIMITED,16113261,active,ltd,,,2024-12-02,,2024-12-02,[64999],128 City Road London United Kingdom EC1V 2NX
MCG (MARYLEBONE RENTALS) LIMITED,16113271,active,ltd,,,2024-12-02,,2024-12-02,[68209],16 Finchley Road London England NW8 6EB
WADAGSO UK LIMITED,16113275,active,ltd,,,2024-12-02,,2024-12-02,[62090],International House London United Kingdom EC3V 3NG
HOSTE HOLDINGS LTD,16113718,active,ltd,,,2024-12-02,,2024-12-02,[68100, 68209, 68310, 68320],128 City Road London United Kingdom EC1V 2NX
GG-293-763 LIMITED,16113708,active,ltd,,,2024-12-02,,2024-12-02,[68209],C/O Getground London England W6 0NB
CROWN AND CONTOUR CLINIC LIMITED,16113848,active,ltd,,,2024-12-02,,2024-12-02,[86230],71-75 Shelton Street London United Kingdom WC2H 9JQ
OUMED CONSULTANCY LTD,16113977,active,ltd,,,2024-12-02,,2024-12-02,[70229],10 Abbey Parade London England SW19 1DG
FBH DAMP PROOFING LTD,16110961,active,ltd,,,2024-12-01,,2024-12-01,[43290],2b Thorpe Crescent London United Kingdom E17 5BY
KIMERA SYSTEMS LTD,16111129,active,ltd,,,2024-12-01,,2024-12-01,[18203, 62012, 62020, 63110],5 Brayford Square London England E1 0SG
LISTEN AND TRANSFORM PSYCHOLOGICAL SERVICES LTD,16111423,active,ltd,,,2024-12-02,,2024-12-02,[86900, 88990],71-75 Shelton Street London United Kingdom WC2H 9JQ
BAYONET RESOLUTION LIMITED,16111405,active,ltd,,,2024-12-02,,2024-12-02,[82990],Unit 75 The Link London United Kingdom SW2 1BZ
PMTLC LIMITED,16111411,active,ltd,,,2024-12-02,,2024-12-02,[86230],7 Ardshiel Close London England SW15 1EB
RAPHAELS PROPERTIES LIMITED,16112893,active,ltd,,,2024-12-02,,2024-12-02,[68100],Solar House London England N14 6NZ
MJB COMMUNICATIONS LTD,16112881,active,ltd,,,2024-12-02,,2024-12-02,[70210],45 Eland Road London England SW11 5JX
PR DIGITAL & SERVICES LIMITED,16113169,active,ltd,,,2024-12-02,,2024-12-02,[62020, 82990],25 Lathom Road London United Kingdom E6 2DU
OUR FUTURE DESIGN PROJECTS LIMITED,16113170,active,ltd,,,2024-12-02,,2024-12-02,[62012, 72190],Flat A London England SE5 7JL
ZENITH VIEW LIMITED,16113175,active,ltd,,,2024-12-02,,2024-12-02,[55100, 68209, 68320],128 City Road London United Kingdom EC1V 2NX
3R ELECTRICAL LTD,16113697,active,ltd,,,2024-12-02,,2024-12-02,[43210],71-75 Shelton Street London United Kingdom WC2H 9JQ
DIGILORY LTD,16113889,active,ltd,,,2024-12-02,,2024-12-02,[47910],71-75 Shelton Street London United Kingdom WC2H 9JQ
MY FIRST DRAFT LTD,16113893,active,ltd,,,2024-12-02,,2024-12-02,[62012],Aston House London England N3 1LF
PROPERTY 1.0 LTD,16114020,active,ltd,,,2024-12-02,,2024-12-02,[68209],56a London Road Tonbridge England TN10 3DE
ELIMARI TECHNOLOGY LABORATORY LTD,16114151,active,ltd,,,2024-12-02,,2024-12-02,[62012, 62020, 62090, 63120],15 St. Quintin Road London England E13 9DT
JRO GROUP LTD,16114218,active,ltd,,,2024-12-02,,2024-12-02,[41100, 41201, 41202],21 Roehampton Lane London England SW15 5LS
BBB CENTRAL LTD,16111032,active,ltd,,,2024-12-01,,2024-12-01,[56101],Flat 35 Fuse Building London England E8 3DY
TAWFIQ GROUP LTD,16111143,active,ltd,,,2024-12-01,,2024-12-01,[58110, 85590],Flat 20 74 Cambridge Road London United Kingdom NW6 5FL
WEBV LTD,16111282,active,ltd,,,2024-12-01,,2024-12-01,[62020],Premier House London England EC1N 8AN
FOODTECH HOLDINGS LIMITED,16111549,active,ltd,,,2024-12-02,,2024-12-02,[64209],2nd Floor Connaught House, 1-3 Mount Street London United Kingdom W1K 3NB
UTURUNKU LTD,16112214,active,ltd,,,2024-12-02,,2024-12-02,[47710, 47910],Silverstream House 4th Floor, 45 Fitzroy Street London United Kingdom W1T 6EB
LADYBROOK LIMITED,16113005,active,ltd,,,2024-12-02,,2024-12-02,[70229],4th Floor 399-401 Strand London England WC2R 0LT
RMP CONSTRUCTION LTD,16112989,active,ltd,,,2024-12-02,,2024-12-02,[43290, 43390],333a Ballards Lane London England N12 8LT
ANOTHER VINTAGE WHOLESALER LTD,16112992,active,ltd,,,2024-12-02,,2024-12-02,[46420],3rd Floor, 86-90 Paul Street London United Kingdom EC2A 4NE
AAS SPORTS HOLDINGS UK LTD,16113466,active,ltd,,,2024-12-02,,2024-12-02,[96090],19 Hooper Street London England E1 8BU
GG-350-206 LIMITED,16113474,active,ltd,,,2024-12-02,,2024-12-02,[68209],1 Lyric Square London England W6 0NB
CRAVEN5 LIMITED,16113682,active,ltd,,,2024-12-02,,2024-12-02,[68100],21 Lampard Grove London England N16 6XA
MASSICOT 6040 LIMITED,16113671,active,ltd,,,2024-12-02,,2024-12-02,[68209],24 Hurstwood Road London England NW11 0AT
PORTO SPACES LIMITED,16114289,active,ltd,,,2024-12-03,,2024-12-03,[43290, 43320, 46470, 74100],124 Finchley Road London United Kingdom NW3 5JS
SPAM WORKSHOP LTD,16114487,active,ltd,,,2024-12-03,,2024-12-03,[71111, 90030],124 City Road London United Kingdom EC1V 2NX
POLEMOS CAPITAL LTD,16114499,active,ltd,,,2024-12-03,,2024-12-03,[70229],Flat 3 4-10 Tower Street London England WC2H 9NP
NST TRADING (LONDON) LTD,16114807,active,ltd,,,2024-12-03,,2024-12-03,[47290],277a Green Street London England E7 8LJ
THE BIG LOVE MOVEMENT LTD,16114827,active,ltd,,,2024-12-03,,2024-12-03,[86900],3rd Floor, 86-90 Paul Street London United Kingdom EC2A 4NE
DIPPEN HALL HOLDINGS 2 LTD,16115180,active,ltd,,,2024-12-03,,2024-12-03,[68209],Roeder House London England N4 1QE
GASTIC OLLARD HEALTHCARE LIMITED,16115169,active,ltd,,,2024-12-03,,2024-12-03,[78109, 78200, 85590, 86900],640 Commercial Road London England E14 7HS
JESSYWELL LIMITED,16115429,active,ltd,,,2024-12-03,,2024-12-03,[46160, 46410, 46420, 47820],71-75 Shelton Street London United Kingdom WC2H 9JQ
HEARD LANDSCAPES LIMITED,16115591,active,ltd,,,2024-12-03,,2024-12-03,[74100],The Fisheries London England E8 3PN
CASTLE IMPORTS LTD,16115583,active,ltd,,,2024-12-03,,2024-12-03,[47190],71-75 Shelton Street London United Kingdom WC2H 9JQ
MAYOR PROPERTY GROUP LTD,16115588,active,ltd,,,2024-12-03,,2024-12-03,[68100, 68209],71-75 Shelton Street London United Kingdom WC2H 9JQ
STUDIO VIMINI LTD,16115861,active,ltd,,,2024-12-03,,2024-12-03,[71111],12 A London England E8 1BZ
KOK HIN NG LTD,16115854,active,ltd,,,2024-12-03,,2024-12-03,[47910],128 City Road London United Kingdom EC1V 2NX
MINDHOUSE WINGS LIMITED,16115975,active,ltd,,,2024-12-03,,2024-12-03,[59113],3rd Floor Waverley House London United Kingdom W1F 8GQ
THE DATA AGE, LTD,16115977,active,ltd,,,2024-12-03,,2024-12-03,[47990],20 Wenlock Road London England N1 7GU
ECSEL CONSULTANCY LIMITED,16116092,active,ltd,,,2024-12-03,,2024-12-03,[96090],17 Leeland Mansions London England W13 9HE
GG-238-261 LIMITED,16116081,active,ltd,,,2024-12-03,,2024-12-03,[68209],C/O Getground London England W6 0NB
DIGTECH AI LTD,16116213,active,ltd,,,2024-12-03,,2024-12-03,[62012, 63110, 63120, 63910],71-75 Shelton Street London United Kingdom WC2H 9JQ
SIREN SOFTWARE LTD,16116211,active,ltd,,,2024-12-03,,2024-12-03,[62012],128 City Road London United Kingdom EC1V 2NX
28 SQUARED LTD,16116375,active,ltd,,,2024-12-03,,2024-12-03,[70229, 74901],11 Hancock House 20 Love Lane London United Kingdom SE18 6GU
JHAINS LTD,16116737,active,ltd,,,2024-12-03,,2024-12-03,[47910],3rd Floor, 86-90 Paul Street London United Kingdom EC2A 4NE
UMI BALANCE LTD,16114899,active,ltd,,,2024-12-03,,2024-12-03,[46360, 46370, 46450],4th Floor Silverstream House 45 Fitzroy Street London United Kingdom W1T 6EB
OTFIDELYA LTD,16115080,active,ltd,,,2024-12-03,,2024-12-03,[74100],128 City Road London United Kingdom EC1V 2NX
COMMENTA TECH LTD,16115339,active,ltd,,,2024-12-03,,2024-12-03,[62020],128 City Road London United Kingdom EC1V 2NX
SUPER MEATS AND KEBAB LTD,16115341,active,ltd,,,2024-12-03,,2024-12-03,[47220, 56103],3 Albert Mews London England N4 3RD
ASTRAL ATHLETES LTD,16115352,active,ltd,,,2024-12-03,,2024-12-03,[70229, 74909, 93199, 96090],71-75 Shelton Street London United Kingdom WC2H 9JQ
REDĒ TALENT LIMITED,16115357,active,ltd,,,2024-12-03,,2024-12-03,[73120],Afe Accountants Ltd Building 3 North London Business Park London England N11 1GN
SHARU'S ENTERPRISES LTD,16115757,active,ltd,,,2024-12-03,,2024-12-03,[47210],71-75 Shelton Street London United Kingdom WC2H 9JQ
PARK VIEW PROPERTY LONDON LIMITED,16115739,active,ltd,,,2024-12-03,,2024-12-03,[68310],6 Park View Mews London England SE13 5GD
CHIQ PROPERTIES LTD,16115762,active,ltd,,,2024-12-03,,2024-12-03,[68100, 68209, 68320],281 Billet Road London England E17 5PU
ALL FOR ONE SUPPORT LTD,16115953,active,ltd,,,2024-12-03,,2024-12-03,[82990],124 City  Road London United Kingdom EC1V 2NX
THE GREEN STUFF LONDON LTD,16116106,active,ltd,,,2024-12-03,,2024-12-03,[43999, 74901],809 Salisbury House 29 Finsbury Circus London United Kingdom EC2M 7AQ
PEAK PROPERTY INVESTMENTS LTD,16116258,active,ltd,,,2024-12-03,,2024-12-03,[68100],Flat D, 23 Norland Road London United Kingdom W11 4TS
WINDWARD DERIVATIVES LIMITED,16116265,active,ltd,,,2024-12-03,,2024-12-03,[66120],136 Tooley Street London United Kingdom SE1 2TU
TESSERAS PROPERTIES LIMITED,16116266,active,ltd,,,2024-12-03,,2024-12-03,[68209],2 Old Court Mews Southgate United Kingdom N14 6JS
BA SERVICES LTD,16116501,active,ltd,,,2024-12-03,,2024-12-03,[77110, 96090],612a Crown House London England NW10 7PN
PS ASSETS INVESTMENTS LTD,16114522,active,ltd,,,2024-12-03,,2024-12-03,[68100, 68201, 68209, 68320],71-75 Shelton Street London United Kingdom WC2H 9JQ
0TO100SITES LTD,16114553,active,ltd,,,2024-12-03,,2024-12-03,[62090, 63990],71-75 Shelton Street London United Kingdom WC2H 9JQ
DURRA AL-BAQA UK LTD,16115037,active,ltd,,,2024-12-03,,2024-12-03,[41100, 68100, 68209, 68320],Flat 19, 210, Bannister House Kilburn Park Road London United Kingdom NW6 5GZ
REVUP RACING COMPONENTS LTD,16115019,active,ltd,,,2024-12-03,,2024-12-03,[45310],167-169 Great Portland Street, Fifth Floor London England W1W 5PF
CJY ENTERPRISES LTD,16115016,active,ltd,,,2024-12-03,,2024-12-03,[47910],86-90 Paul Street London England EC2A 4NE
INQUILAB GROUP LIMITED,16115224,active,ltd,,,2024-12-03,,2024-12-03,[70229],71-75 Shelton Street London United Kingdom WC2H 9JQ
GG-016-096 LIMITED,16115229,active,ltd,,,2024-12-03,,2024-12-03,[68209],C/O Getground London England W6 0NB
RUISLIP ENF LTD,16115226,active,ltd,,,2024-12-03,,2024-12-03,[68209],C/O 32 Castlewood Road London United Kingdom N16 6DW
HORIZON CREATIONS LTD,16115261,active,ltd,,,2024-12-03,,2024-12-03,[46180, 46480, 47770],71-75 Shelton Street London United Kingdom WC2H 9JQ
INSIGHT COST CONSULTANTS LIMITED,16115257,active,ltd,,,2024-12-03,,2024-12-03,[74902, 74909],128 City Road London United Kingdom EC1V 2NX
STEIN RICHARDS EOT LIMITED,16115459,active,ltd,,,2024-12-03,,2024-12-03,[82990],10 London Mews London England W2 1HY
SGVI LIMITED,16115684,active,ltd,,,2024-12-03,,2024-12-03,[56103],267 Kilburn High Road London United Kingdom NW6 7JR
RADIANT FITNESS LTD,16115673,active,ltd,,,2024-12-03,,2024-12-03,[47640],First Floor London United Kingdom W2 1DS
CROWN CARP LIMITED,16115646,active,ltd,,,2024-12-03,,2024-12-03,[46420],6 Bridgetown Close London England SE19 1JZ
RPS (PROBATE SERVICES) LTD,16115918,active,ltd,,,2024-12-03,,2024-12-03,[69201, 69203],6 Broadwalk London United Kingdom E18 2DL
YOYO TECHNOLOGIES LTD,16116038,active,ltd,,,2024-12-03,,2024-12-03,[62090],20 Wenlock Road London England N1 7GU
GREEN HYBRID MOTORS LTD,16116034,active,ltd,,,2024-12-03,,2024-12-03,[45112, 45190, 45320],128 City Road London United Kingdom EC1V 2NX
EE HOLDCO LTD,16116031,active,ltd,,,2024-12-03,,2024-12-03,[64209],Unit 1.04 111 Power Road London United Kingdom W4 5PY
NOVAAI PARTNERS LTD,16116798,active,ltd,,,2024-12-03,,2024-12-03,[62020],Flat 91 Tyndale Mansions London England N1 2XG
AGNOIA LTD,16114304,active,ltd,,,2024-12-03,,2024-12-03,[62020, 70229, 74909, 80100],124 City Road London United Kingdom EC1V 2NX
NECO TECH UK LTD,16114358,active,ltd,,,2024-12-03,,2024-12-03,[71122, 74909],2nd Floor College House Ruislip, United Kingdom HA4 7AE
MINOO'S JEWELLERY LTD,16114300,active,ltd,,,2024-12-03,,2024-12-03,[47990],5 North End Road London England NW11 7RJ
DEEL IT LTD,16115056,active,ltd,,,2024-12-03,,2024-12-03,[62020, 62090, 77330],167-169 Great Portland Street London England W1W 5PF
GG-591-307 LIMITED,16115317,active,ltd,,,2024-12-03,,2024-12-03,[68209],C/O Getground London England W6 0NB
OPM CARNIVAL LTD,16115302,active,ltd,,,2024-12-03,,2024-12-03,[90020],20 Wenlock Road London England N1 7GU
FORZA PARTNERS LTD,16115266,active,ltd,,,2024-12-03,,2024-12-03,[70229],54 Radnor Walk London England SW3 4BN
MC AMANA LTD,16115710,active,ltd,,,2024-12-03,,2024-12-03,[68100],8b Ainsworth Way London United Kingdom NW8 0SR
DEYAMO LTD,16115701,active,ltd,,,2024-12-03,,2024-12-03,[32409],128 City Road London United Kingdom EC1V 2NX
UNIHAIRSITY LIMITED,16115868,active,ltd,,,2024-12-03,,2024-12-03,[96020],Unit 50b, City Business Centre London England SE16 2XB
CAVENDISH THE FILM LIMITED,16116137,active,ltd,,,2024-12-03,,2024-12-03,[59111],59 Nottingham Road London England E10 6EP
APPRONOX LTD,16116303,active,ltd,,,2024-12-03,,2024-12-03,[62012, 62020, 62090, 63110],128 City Road London United Kingdom EC1V 2NX
BATTERSEA BARBERS LTD,16116302,active,ltd,,,2024-12-03,,2024-12-03,[96020],70 Battersea Rise London United Kingdom SW11 1EH
CLIFFWOOD MANAGEMENT LTD,16116843,active,ltd,,,2024-12-04,,2024-12-04,[68100],91 Darenth Road London England N16 6EB
GG-630-712 LIMITED,16117056,active,ltd,,,2024-12-04,,2024-12-04,[68209],C/O Getground London England W6 0NB
EXTRACTION ENTERTAINMENT LTD,16117057,active,ltd,,,2024-12-04,,2024-12-04,[59111, 59120],124 City Road London United Kingdom EC1V 2NX
JON CLAY CONSULTANCY LIMITED,16117029,active,ltd,,,2024-12-04,,2024-12-04,[70229],2nd Floor College House Ruislip, United Kingdom HA4 7AE
ZL LABORATORIES LIMITED,16117031,active,ltd,,,2024-12-04,,2024-12-04,[62012],20 Wenlock Road London England N1 7GU
VISHNU SHAKTI PROPERTY DEVELOPMENT AND MANAGEMENT LTD,16117160,active,ltd,,,2024-12-04,,2024-12-04,[68100, 68209],Flat London England SW15 1EZ
EVIL EYE COFFEE LTD,16117230,active,ltd,,,2024-12-04,,2024-12-04,[10832],12, 3, College Building Forfar Road London United Kingdom SW11 4FR
ACRISURE UK SERVICES LIMITED,16117234,active,ltd,,,2024-12-04,,2024-12-04,[64209],40 Leadenhall Street London England EC3A 2BJ
RK RENTAL ESTATES LTD,16117228,active,ltd,,,2024-12-04,,2024-12-04,[68209],13 Stevedore Street London England E1W 2JR
MEET ME HALFWAY LTD,16117249,active,ltd,,,2024-12-04,,2024-12-04,[62012],9 Collamore Avenue London England SW18 3JR
PHILIDOR MARKETING LTD,16117337,active,ltd,,,2024-12-04,,2024-12-04,[73110],128 City Road London United Kingdom EC1V 2NX
LAVISH LIFE EVENT STYLING LIMITED,16117363,active,ltd,,,2024-12-04,,2024-12-04,[96090],Suite G04 1 Quality Court, Chancery Lane London England WC2A 1HR
GG-833-879 LIMITED,16117484,active,ltd,,,2024-12-04,,2024-12-04,[68209],C/O Getground London England W6 0NB
DUKELOW HOLDINGS LIMITED,16117679,active,ltd,,,2024-12-04,,2024-12-04,[64209],1386 London Road Leigh On Sea England SS9 2UJ
HLHP PROPERTY LTD,16117675,active,ltd,,,2024-12-04,,2024-12-04,[68100],8b Ellingfort Road London England E8 3PA
PERPETUITY LABS LIMITED,16117766,active,ltd,,,2024-12-04,,2024-12-04,[62090, 63110],2nd Floor College House Ruislip, United Kingdom HA4 7AE
BRIT PUBLISHING HUB LTD,16117866,active,ltd,,,2024-12-04,,2024-12-04,[58110],91b Poplar Road London England SE24 0BL
DALI.AHB LTD,16117875,active,ltd,,,2024-12-04,,2024-12-04,[45200],492 Lordship Lane London England N22 5DE
HEADSTRONG ADVISORY LIMITED,16117914,active,ltd,,,2024-12-04,,2024-12-04,[85590],Level 5a Maple House London United Kingdom W1T 7NF
BRITMOON PHARMA LTD,16118020,active,ltd,,,2024-12-04,,2024-12-04,[21100, 21200, 46460],65 London Wall London United Kingdom EC2M 5TU
ECO LOFT SOLUTIONS LTD,16118018,active,ltd,,,2024-12-04,,2024-12-04,[43290],20 Wenlock Road London England N1 7GU
SACRED SUMMIT LTD,16118022,active,ltd,,,2024-12-04,,2024-12-04,[10890],71-75 Shelton Street London United Kingdom WC2H 9JQ
PILOT ACCEL LIMITED,16117421,active,ltd,,,2024-12-04,,2024-12-04,[82990],20 Wenlock Road London England N1 7GU
LBTWBC LIMITED,16117513,active,ltd,,,2024-12-04,,2024-12-04,[64209],18 Ensign Street London England E1 8PA
SENSABLE LTD,16117505,active,ltd,,,2024-12-04,,2024-12-04,[63120, 85590, 86900, 98000],71-75 Shelton Street London United Kingdom WC2H 9JQ
KLO’S NAIL ACADEMY LTD,16117624,active,ltd,,,2024-12-04,,2024-12-04,[96020],130 Woodfield Drive London United Kingdom EN4 8PB
EVERY TAIL LTD,16117807,active,ltd,,,2024-12-04,,2024-12-04,[47910],3rd Floor, 86-90 Paul Street London United Kingdom EC2A 4NE
AZZURRO IMPORT AND EXPORT CO., LTD,16117830,active,ltd,,,2024-12-04,,2024-12-04,[99999],41 Devonshire Street Ground Floor Office 1 London United Kingdom W1G 7AJ
UNIKOLLECT LTD,16117813,active,ltd,,,2024-12-04,,2024-12-04,[47650, 47890, 47910, 47990],2nd Floor College House Ruislip, United Kingdom HA4 7AE
MYCORE SUPPLEMENTS LTD,16117879,active,ltd,,,2024-12-04,,2024-12-04,[46190, 47110, 47910],First Floor Office London United Kingdom W8 4LZ
BCF ADVISORY LIMITED,16117967,active,ltd,,,2024-12-04,,2024-12-04,[74909],239-241 Kennington Lane London United Kingdom SE11 5QU
HVG PRODUCTION LTD,16117981,active,ltd,,,2024-12-04,,2024-12-04,[59111],73a Beak Street London England W1F 9SR
SOVARA MEDIA LTD,16117968,active,ltd,,,2024-12-04,,2024-12-04,[85590],128 City Road London United Kingdom EC1V 2NX
COMPASS REALTY LIMITED,16116881,active,ltd,,,2024-12-04,,2024-12-04,[68100],3rd Floor The Glass House London United Kingdom SW19 8AE
CHINGFORD HALAL FOOD LTD,16116872,active,ltd,,,2024-12-04,,2024-12-04,[56290],1 New Road London United Kingdom E4 9EU
VIVANKO LTD,16116958,active,ltd,,,2024-12-04,,2024-12-04,[46190],128 City Road London United Kingdom EC1V 2NX
SOPIA LIMITED,16117185,active,ltd,,,2024-12-04,,2024-12-04,[47910],Flat 323 8 Esther Anne Place London England N1 1UN
INTERNATIONAL VEGAN AND VEGETARIAN FORUM LIMITED,16117214,active,ltd,,,2024-12-04,,2024-12-04,[70229, 82990, 96090],85 Great Portland Street, First Floor London England W1W 7LT
INFINYTECH SOLUTIONS LTD,16117443,active,ltd,,,2024-12-04,,2024-12-04,[46390, 46900, 47910, 58290],128 City Road London United Kingdom EC1V 2NX
PRODUCT CATALYST LTD,16117457,active,ltd,,,2024-12-04,,2024-12-04,[70229],71-75 Shelton Street London United Kingdom WC2H 9JQ
BIG BRAIN STUFF LTD,16117547,active,ltd,,,2024-12-04,,2024-12-04,[73110],128 City Road London United Kingdom EC1V 2NX
MOUNTAIN BLOOM LIMITED,16117617,active,ltd,,,2024-12-04,,2024-12-04,[64304],20 Fitzjohns Avenue London England NW3 5NA
BRIXCHAIN LTD,16117618,active,ltd,,,2024-12-04,,2024-12-04,[68209],354a Kilburn High Road London England NW6 2QJ
MELROSE MEWS MANAGEMENT COMPANY LTD,16117724,active,ltd,,,2024-12-04,,2024-12-04,[98000],73 Cornhill London United Kingdom EC3V 3QQ
FAMILY FIRST REAL ESTATE LTD,16117802,active,ltd,,,2024-12-04,,2024-12-04,[70229, 82990],17 Green Lanes London England N16 9BS
S&P GLOBAL OMICRON LIMITED,16117946,active,ltd,,,2024-12-04,,2024-12-04,[64209],4th Floor Ropemaker Place London United Kingdom EC2Y 9LY
VIOLET CREEP LIMITED,16118001,active,ltd,,,2024-12-04,,2024-12-04,[90030],Acre House London United Kingdom NW1 3ER
TOP 1 MEDIA LTD,16117999,active,ltd,,,2024-12-04,,2024-12-04,[63110],128 City Road London United Kingdom EC1V 2NX
KARWOWSKI MOTORS LTD,16118092,active,ltd,,,2024-12-04,,2024-12-04,[45112, 45200],Gmr Accountants Ltd 1st Floor Southport England PR9 0UE
CRAVEN WALK INVESTMENTS LTD,16118134,active,ltd,,,2024-12-04,,2024-12-04,[68100],47 Craven Walk London England N16 6BS
ETNA PROPERTIES LTD,16118138,active,ltd,,,2024-12-04,,2024-12-04,[68100],15 Grange Crescent London England SE28 8EX
FICTFACT LTD,16118151,active,ltd,,,2024-12-04,,2024-12-04,[58110],Flat 2-7 Wolfdene House London England SW12 0LT
ENDLESS STAYS LTD,16121658,active,ltd,,,2024-12-08,,2024-12-08,[98000],Flat 1106 Harmony Building 31 City Island Way London England E14 0QF
BARTON MANE CONSULTING LIMITED,16121951,active,ltd,,,2024-12-08,,2024-12-08,[69201, 69202, 70221, 70229],34 Henry Darlot Drive London England NW7 1SB
THE IT HOMES LTD,16122029,active,ltd,,,2024-12-08,,2024-12-08,[68100],122 St. Pancras Way London England NW1 9NB
RIDGEFORD DEVELOPMENTS OPERATIONS LTD,16122372,active,ltd,,,2024-12-08,,2024-12-08,[41202],167-169 Great Portland Street London England W1W 5PF
EMPIRE HOMES REAL ESTATES 2 LTD,16122371,active,ltd,,,2024-12-08,,2024-12-08,[68100, 68209, 68320],9-11 New Broadway London United Kingdom W5 5AW
ON OFF UNIFORM LIMITED,16122547,active,ltd,,,2024-12-08,,2024-12-08,[14120],50 Clarendon Drive London England SW15 1AH
THE BUDDING COLLECTION LTD,16122545,active,ltd,,,2024-12-08,,2024-12-08,[73110],3 Selby Road London England W5 1LY
STERLING OAK ASSET MANAGEMENT LTD,16122544,active,ltd,,,2024-12-08,,2024-12-08,[68209],47 Panmuir Road London England SW20 0PZ
MATTEN LIMITED,16122650,active,ltd,,,2024-12-08,,2024-12-08,[69201],Flat 135 Residence Tower Woodberry Grove London England N4 2BS
PINK STONE PROPERTIES LTD,16122799,active,ltd,,,2024-12-09,,2024-12-09,[68209, 68310],Flat 16 Mulberry Close London England SE7 8UB
BM EVENTS LTD,16122797,active,ltd,,,2024-12-09,,2024-12-09,[82990, 90020],884 London Road Thornton Heath England CR7 7PB
VENDAVA LTD,16122801,active,ltd,,,2024-12-09,,2024-12-09,[47910],27 Old Gloucester Street London United Kingdom WC1N 3AX
B7 RESTAURANT & BAR LTD,16122822,active,ltd,,,2024-12-09,,2024-12-09,[56101],12 Green Lanes London England N13 6JR
ACRION CONSULTING LIMITED,16122829,active,ltd,,,2024-12-09,,2024-12-09,[82990],Unit T13 Tideway Yard London United Kingdom SW14 8SN
ZENNA BEDS LTD,16122833,active,ltd,,,2024-12-09,,2024-12-09,[47910],71-75 Shelton Street London United Kingdom WC2H 9JQ
OUROBOROS LEATHER LTD,16122846,active,ltd,,,2024-12-09,,2024-12-09,[14190],4, 74 Bryantwood Road London United Kingdom N7 7BB
SHREEJEE LTD,16122848,active,ltd,,,2024-12-09,,2024-12-09,[47110, 53202],294 West Hendon Broadway London England NW9 6AE
BONKERS BALLOONS LTD,16123127,active,ltd,,,2024-12-09,,2024-12-09,[90030],45 Titmuss Avenue London England SE28 8DH
DREAM ANVIL LTD,16123144,active,ltd,,,2024-12-09,,2024-12-09,[62011, 71129],3rd Floor, 86-90 Paul Street London United Kingdom EC2A 4NE
LUCID PROPERTY INVESTMENTS LTD,16123135,active,ltd,,,2024-12-09,,2024-12-09,[41100],85 Great Portland Street London United Kingdom W1W 7LT
GIBANILUFE LTD,16123146,active,ltd,,,2024-12-09,,2024-12-09,[68100],46 Leighton Road London England W13 9EH
TPN PROPERTY UK LIMITED,16123518,active,ltd,,,2024-12-09,,2024-12-09,[68209, 68320, 70229],160 Shepherds Bush Road London England W6 7PB
LAW STREET LTD,16123633,active,ltd,,,2024-12-09,,2024-12-09,[82990],85 Great Portland Street, First Floor London England W1W 7LT
DESIGNER KIDS CLUB GROUP LTD,16121764,active,ltd,,,2024-12-08,,2024-12-08,[64209],167-169 Great Portland Street London England W1W 5PF
TAVY ESTATES LTD,16121709,active,ltd,,,2024-12-08,,2024-12-08,[68100, 98000],Flat 20 Tudor House London England NW2 2BG
OPEN FOOD STANDARD LIMITED,16122150,active,ltd,,,2024-12-08,,2024-12-08,[63110, 63120, 63990],7 Bell Yard London England WC2A 2JR
WEBTRENDZ LIMITED,16122095,active,ltd,,,2024-12-08,,2024-12-08,[62012],45a Broad Walk London England N21 3BL
THE RALLY CLUB LTD,16122117,active,ltd,,,2024-12-08,,2024-12-08,[47640],6 Harrington Road London England SE25 4LU
O'ANNA'S LTD,16122168,active,ltd,,,2024-12-08,,2024-12-08,[56102],1a London Road Reading United Kingdom RG1 5BJ
DIRT COFFEE AYLESBURY LTD,16122398,active,ltd,,,2024-12-08,,2024-12-08,[56101],8 King George Street London England SE10 8QJ
SOMERHILL GROUP LTD,16122416,active,ltd,,,2024-12-08,,2024-12-08,[68320],Apartment 29 Linton House London England SW18 1SY
SOURCE RECRUITMENT LTD,16122494,active,ltd,,,2024-12-08,,2024-12-08,[78109],Silverstream House London England W1T 6EB
POST METRICS LIMITED,16122556,active,ltd,,,2024-12-08,,2024-12-08,[62090, 63110],Smithfield Business Centre London United Kingdom EC1M 4BH
ECHOBRIDGE HOLDINGS LTD,16115703,active,ltd,,,2024-12-03,,2024-12-03,[62020, 64991, 82990],85 Great Portland Street London England W1W 7LT
OHM PRIVACY SOLUTIONS LIMITED,16122603,active,ltd,,,2024-12-08,,2024-12-08,[62020],58 Blenheim Road London England SW20 9BB
WESTFIELD PRIVATE CAPITAL LTD,16122698,active,ltd,,,2024-12-09,,2024-12-09,[64209],73 Cornhill London United Kingdom EC3V 3QQ
VIRTUS PERFORMANCE GROUP LTD,16122996,active,ltd,,,2024-12-09,,2024-12-09,[70229, 82990],71-75 Shelton Street London United Kingdom WC2H 9JQ
SOZYN UK LTD,16122985,active,ltd,,,2024-12-09,,2024-12-09,[82990],71-75 Shelton Street London United Kingdom WC2H 9JQ
POLYMETRICS LTD,16123033,active,ltd,,,2024-12-09,,2024-12-09,[62012, 62020],71-75 Shelton Street London United Kingdom WC2H 9JQ
ALLPROPERTYCLAIMS BIDCO LTD,16123006,active,ltd,,,2024-12-09,,2024-12-09,[64209],73 Cornhill London United Kingdom EC3V 3QQ
CHERYL AND PIERRE LIMITED,16123052,active,ltd,,,2024-12-09,,2024-12-09,[70229],124 Finchley Road London England NW3 5JS
CHESTERFIELD HOUSE PROPERTY LIMITED,16123221,active,ltd,,,2024-12-09,,2024-12-09,[64209],134 Buckingham Palace Road London England SW1W 9SA
BODYPLUS REFORMER LIMITED,16123255,active,ltd,,,2024-12-09,,2024-12-09,[47640],1386 London Road Leigh On Sea England SS9 2UJ
KINDRED DOCK LIMITED,16123259,active,ltd,,,2024-12-09,,2024-12-09,[56102, 68209, 90040],Kindred Studios, 14 Market Lane London England W12 8EZ
176 GOLDERS GREEN LIMITED,16123217,active,ltd,,,2024-12-09,,2024-12-09,[68209],7 Hatton Street London United Kingdom NW8 8PL
WAQQY BURGERS (TOOTING) LTD,16123416,active,ltd,,,2024-12-09,,2024-12-09,[56102],2 Pollards Hill East Streatham United Kingdom SW16 4UT
THESKINISLE LTD,16123612,active,ltd,,,2024-12-09,,2024-12-09,[59111],Flat 1 78 Milton Park London United Kingdom N6 5PZ
KHUSHIL NEXT-GEN FUEL LIMITED,16123613,active,ltd,,,2024-12-09,,2024-12-09,[47300],Magnolia House Edgware England HA8 7EB
SIX OF ONE GAMES LTD,16123580,active,ltd,,,2024-12-09,,2024-12-09,[62011],124-128 City Road London England EC1V 2NX
MF MONEY FIRST LIMITED,16123606,active,ltd,,,2024-12-09,,2024-12-09,[47710],Suite G04 1 Quality Court, Chancery Lane London England WC2A 1HR
DORTARKADAS LTD,16121931,active,ltd,,,2024-12-08,,2024-12-08,[46900, 47910],16-18 Charcot Road London England NW9 5WU
WOOL AND THREADS LTD,16121923,active,ltd,,,2024-12-08,,2024-12-08,[47910],First Floor 83d London Road Romford United Kingdom RM7 9QD
AS COLLECTIVE LIMITED,16121908,active,ltd,,,2024-12-08,,2024-12-08,[68310, 96090],32 Kinburn Street London England SE16 6DW
LEGALOPS CONSULTING LIMITED,16121854,active,ltd,,,2024-12-08,,2024-12-08,[70229],9 218 Kingsland Road London England E2 8DB
HYDE PARK ELEGANCE LTD,16121802,active,ltd,,,2024-12-08,,2024-12-08,[55100],47 - 48 Leinster Gardens London United Kingdom W2 3AT
CK CARS AND REPAIRS LTD,16121816,active,ltd,,,2024-12-08,,2024-12-08,[45112, 45200],294 Grove Green Road London England E11 4EN
PHALANX IT LTD,16122265,active,ltd,,,2024-12-08,,2024-12-08,[62020],86-90 Paul Street London England EC2A 4NE
BARTA REPAIR LTD,16122238,active,ltd,,,2024-12-08,,2024-12-08,[95290],11 Desford Road London England E16 4NJ
MINACO LIMITED,16122199,active,ltd,,,2024-12-08,,2024-12-08,[86101],12 Lechmere Road London England NW2 5BU
TDA MANAGEMENT LTD,16122207,active,ltd,,,2024-12-08,,2024-12-08,[68209],53 Woodstock Avenue London England NW11 9RG
BIRTHDAY FILMS LIMITED,16122732,active,ltd,,,2024-12-09,,2024-12-09,[90030],27 Mortimer Street London England W1T 3BL
VENTURELY LIMITED,16122963,active,ltd,,,2024-12-09,,2024-12-09,[47910, 70229, 74909, 96090],Unit G.05 93-101 Greenfield Road London United Kingdom E1 1EJ
NINE ELMS PROPERTIES LIMITED,16122920,active,ltd,,,2024-12-09,,2024-12-09,[64209],134 Buckingham Palace Road London England SW1W 9SA
RONELLA GROUP LTD,16122946,active,ltd,,,2024-12-09,,2024-12-09,[70229, 71122, 72190, 74901],71-75 Shelton Street London United Kingdom WC2H 9JQ
CURZON PROPERTY LONDON LTD,16122858,active,ltd,,,2024-12-09,,2024-12-09,[68100],22 Mount Street London England W1K 2RW
CHAI CUPS & CLOUDS LTD,16122876,active,ltd,,,2024-12-09,,2024-12-09,[56102],67-69 Hanbury Street London United Kingdom E1 5JP
PUZZLEBOX SOLUTIONS LTD,16123185,active,ltd,,,2024-12-09,,2024-12-09,[70229, 72200],Suite Ra01 195-197 Wood Street London United Kingdom E17 3NU
KTM CONSTRUCTION LTD,16123388,active,ltd,,,2024-12-09,,2024-12-09,[41201, 41202, 43341, 43910],20 Wenlock Road London England N1 7GU
MATLO POWER CONSULTING LTD,16123526,active,ltd,,,2024-12-09,,2024-12-09,[45112, 68209, 74909],27 Old Gloucester Street London United Kingdom WC1N 3AX
SIGMA ACCOUNTANCY LIMITED,16123527,active,ltd,,,2024-12-09,,2024-12-09,[69201, 69202, 69203],209a Plumstead High Street London England SE18 1HE
LITEVERGE LTD,16123551,active,ltd,,,2024-12-09,,2024-12-09,[62090],3rd Floor, 86-90 Paul Street London United Kingdom EC2A 4NE
GUS NICHOLSON MUSIC LTD,16123549,active,ltd,,,2024-12-09,,2024-12-09,[59200, 90010],20 Wenlock Road London England N1 7GU
3 MONTPELIER RISE LIMITED,16123538,active,ltd,,,2024-12-09,,2024-12-09,[68209],7 Hatton Street London United Kingdom NW8 8PL
BOONDOGGL LTD,16123524,active,ltd,,,2024-12-09,,2024-12-09,[62012],Monomark House London England WC1N 3AX
BEYOND THE SHED LIMITED,16123729,active,ltd,,,2024-12-09,,2024-12-09,[96090],4th Floor 100 Fenchurch Street London United Kingdom EC3M 5JD
THE MINK ZONE LTD,16123989,active,ltd,,,2024-12-09,,2024-12-09,[47910],98 Bedford Hill London England SW12 9HR
DAJE PAELLA LTD,16124115,active,ltd,,,2024-12-09,,2024-12-09,[56290],166 Inderwick Road London England N8 9JT
BITESIZEDGENIUS LTD,16124118,active,ltd,,,2024-12-09,,2024-12-09,[85590],Flat 4 42 Upper Richmond Road London United Kingdom SW15 2RU
KAP HOLDINGS GROUP LIMITED,16124175,active,ltd,,,2024-12-09,,2024-12-09,[62020],774 Fulham Road London England SW6 5SJ
BTW PROPERTY MANAGEMENT LTD,16124140,active,ltd,,,2024-12-09,,2024-12-09,[68209, 68320],63-64 Leinster Square London England W2 4PS
KIND CHEMICALS LTD,16124129,active,ltd,,,2024-12-09,,2024-12-09,[20412],23 London Road Downham Market England PE38 9BJ
MEGHNA GROUP OF INDUSTRIES LTD,16124294,active,ltd,,,2024-12-09,,2024-12-09,[62020, 64999, 66220, 79120],174 Cannon Street Road London England E1 2LH
H&A INTERIORS LTD,16124383,active,ltd,,,2024-12-09,,2024-12-09,[74100],Flat 104 City View House London United Kingdom E2 9QY
LONDON FOR GROUPS LTD,16124365,active,ltd,,,2024-12-09,,2024-12-09,[73110],175 St Albans Avenue London England W4 5JT
RESTAURANT1725 LTD,16124535,active,ltd,,,2024-12-09,,2024-12-09,[56101],487-489 Seven Sisters Road London England N15 6EP
SOPHIA GUENNOUN LTD,16124519,active,ltd,,,2024-12-09,,2024-12-09,[70229],Flat 20 Adelaide Court London England NW8 9AE
TRADEHUNG HOLDING LIMITED,16124692,active,ltd,,,2024-12-09,,2024-12-09,[82990],Birchin Court London United Kingdom EC3V 9DJ
GHEEROPPA LTD,16124786,active,ltd,,,2024-12-09,,2024-12-09,[62012, 62020, 62090, 72190],167-169 Great Portland Street London England W1W 5PF
BLACKMASS ENTERPRISES LTD,16124799,active,ltd,,,2024-12-09,,2024-12-09,[70229],20 Wenlock Road London England N1 7GU
VOLT EDGE SOLUTIONS LTD,16124840,active,ltd,,,2024-12-09,,2024-12-09,[71122],46a Dupont Road London England SW20 8EQ
HIGHFIELD FLOORING LTD,16125038,active,ltd,,,2024-12-09,,2024-12-09,[47530],337 London Road Sheffield England S2 4NG
UNCENSORED NEWS NETWORK LTD,16125192,active,ltd,,,2024-12-09,,2024-12-09,[58110, 58130, 60100, 60200],128 City Road London United Kingdom EC1V 2NX
SFF UK VENTURES LTD,16125185,active,ltd,,,2024-12-09,,2024-12-09,[80100, 81210, 98000],17 Dabin Crescent London England SE10 8TF
KALIBER MARKETING & COMMUNICATIONS LTD,16125164,active,ltd,,,2024-12-09,,2024-12-09,[70210],17 Eleanor Grove London United Kingdom SW13 0JN
TECH MOVES LTD,16125153,active,ltd,,,2024-12-09,,2024-12-09,[62020],128 City Road London United Kingdom EC1V 2NX
ODMK LTD,16125312,active,ltd,,,2024-12-09,,2024-12-09,[62012, 62020, 63110],124 City  Road London United Kingdom EC1V 2NX
KEWFERRY HILL LIMITED,16125329,active,ltd,,,2024-12-09,,2024-12-09,[68100],1 Mills Yard London United Kingdom SW6 3AQ
EZY ESTATES LTD,16125283,active,ltd,,,2024-12-09,,2024-12-09,[68201, 68209],128 City Road London United Kingdom EC1V 2NX
PURPLE MANSIONS LIMITED,16125343,active,ltd,,,2024-12-09,,2024-12-09,[68100, 68201, 68209],124 City  Road London United Kingdom EC1V 2NX
EVE ASHWELL EDITING LIMITED,16125345,active,ltd,,,2024-12-09,,2024-12-09,[59113],35 Ballards Lane London United Kingdom N3 1XW
MFP HOMES LTD,16125344,active,ltd,,,2024-12-09,,2024-12-09,[68209],71-75 Shelton Street London United Kingdom WC2H 9JQ
MARIE MARTIN LTD,16125368,active,ltd,,,2024-12-09,,2024-12-09,[96090],39 Marconi Road London England E10 7JD
SKOL BARTENDING LTD,16125406,active,ltd,,,2024-12-09,,2024-12-09,[47910],First Floor Office London United Kingdom W8 4LZ
POLARIS 2025-1 HOLDINGS LIMITED,16125407,active,ltd,,,2024-12-09,,2024-12-09,[64999],10th Floor 5 Churchill Place London United Kingdom E14 5HU
SOLARRAH LTD,16125564,active,ltd,,,2024-12-09,,2024-12-09,[47910],71-75 Shelton Street London United Kingdom WC2H 9JQ
STONHILAT LIMITED,16125619,active,ltd,,,2024-12-09,,2024-12-09,[46900],128 City Road London United Kingdom EC1V 2NX
CADO GIFTING LIMITED,16125578,active,ltd,,,2024-12-09,,2024-12-09,[47190, 47910],85 Great Portland Street London England W1W 7LT
IC BUCOHUB TRANSSERVICES LTD,16125608,active,ltd,,,2024-12-09,,2024-12-09,[49410],7 St. Edmunds Square London England SW13 8SA
SOLITARY BRAVE LTD,16125587,active,ltd,,,2024-12-09,,2024-12-09,[46160, 46190, 47990, 96090],71-75 Shelton Street London United Kingdom WC2H 9JQ
STELLAR MECHANICAL LTD,16125735,active,ltd,,,2024-12-09,,2024-12-09,[25990, 43220],2nd Floor College House Ruislip, United Kingdom HA4 7AE
LUXEON ILARA LIMITED,16125727,active,ltd,,,2024-12-09,,2024-12-09,[70229],85 Great Portland Street London United Kingdom W1W 7LT
TRIBUTARY DIGITAL LTD,16125842,active,ltd,,,2024-12-09,,2024-12-09,[73120],71-75 Shelton Street London England WC2H 9JQ
EVERGREEN 4 HEIGHTS LTD,16125834,active,ltd,,,2024-12-09,,2024-12-09,[68100, 68209],89 C/D London Road Morden United Kingdom SM4 5HP
BM PRODUCTS(LONDON) LTD,16125839,active,ltd,,,2024-12-09,,2024-12-09,[86220],19 Great Cumberland Place London England W1H 7AS
SPORTS REFUEL LTD,16125923,active,ltd,,,2024-12-09,,2024-12-09,[10390],128 City Road London United Kingdom EC1V 2NX
GIS UK INVESTMENTS LIMITED,16126062,active,ltd,,,2024-12-09,,2024-12-09,[70100],2 Kingdom Street London United Kingdom W2 6BD
DUCK TRADING HUB LTD,16126175,active,ltd,,,2024-12-09,,2024-12-09,[62020, 62090, 70210],85 Great Portland Street London United Kingdom W1W 7LT
HCX PARTNERS LIMITED,16126178,active,ltd,,,2024-12-09,,2024-12-09,[62020],27 Old Gloucester Street London United Kingdom WC1N 3AX
HEARTWORKS CREATIONS LTD,16126184,active,ltd,,,2024-12-09,,2024-12-09,[46190],128 City Road London United Kingdom EC1V 2NX
SAMSA IMPORT AND EXPORT CO., LTD,16126144,active,ltd,,,2024-12-09,,2024-12-09,[99999],41 Devonshire Street Ground Floor Office 1 London United Kingdom W1G 7AJ
JAYSHAL INVESTMENT LIMITED,16126137,active,ltd,,,2024-12-09,,2024-12-09,[68100],31 Penny Brookes Street London England E15 1GP
MAKO MALI LTD,16126147,active,ltd,,,2024-12-09,,2024-12-09,[47190, 47710, 47721, 90030],71-75 Shelton Street London United Kingdom WC2H 9JQ
PROJEMED LTD,16126364,active,ltd,,,2024-12-09,,2024-12-09,[73110],128 City Road London United Kingdom EC1V 2NX
ARCHIPELAGO TALENT LIMITED,16126459,active,ltd,,,2024-12-09,,2024-12-09,[78200],128 City Road London United Kingdom EC1V 2NX
NEXT STEP NEXUS LIMITED,16126479,active,ltd,,,2024-12-09,,2024-12-09,[59120, 85600],40 Nelson Road London United Kingdom N9 0RJ
KYSEA GROUP LTD,16123816,active,ltd,,,2024-12-09,,2024-12-09,[70229],14 Winifred Road London England SW19 3AS
AGILE DISCOVERY SERVICES LTD,16123913,active,ltd,,,2024-12-09,,2024-12-09,[41100, 70229, 74100],3rd Floor, 86-90 Paul Street London United Kingdom EC2A 4NE
SULTAN. AL - MADINA AIR INTERNATIONAL LTD,16124088,active,ltd,,,2024-12-09,,2024-12-09,[79110],216 Whitechapel Road London United Kingdom E1 1BJ
UKLIN LIMITED,16124045,active,ltd,,,2024-12-09,,2024-12-09,[68100, 68209],First Floor Winston House London United Kingdom N3 1DH
FIXHERE LTD,16124085,active,ltd,,,2024-12-09,,2024-12-09,[33130, 47110, 47290, 95110],362-364 Old Street London England EC1V 9LT
NEZ PERCE LTD,16124246,active,ltd,,,2024-12-09,,2024-12-09,[59111],83 Marylebone High Street London England W1U 4QW
CROWN LIQUOR LTD,16124255,active,ltd,,,2024-12-09,,2024-12-09,[47110],Crown Liquor Ltd London United Kingdom W1T 6EB
SAKTI SPHERE LTD,16124227,active,ltd,,,2024-12-09,,2024-12-09,[74909],46 Wise Lane London England NW7 2RE
CIRQUENASTICS LTD,16124469,active,ltd,,,2024-12-09,,2024-12-09,[90020],Flat 7 28 Hertford Road London England N1 5QT
AMC PRIME PROPERTIES LTD,16124439,active,ltd,,,2024-12-09,,2024-12-09,[68100, 68201, 68209, 68320],286b Chase Road London England N14 6HF
BRAVE NEW WORLD DESIGN LIMITED,16124492,active,ltd,,,2024-12-09,,2024-12-09,[74100],Television Centre 7th Floor, Soho Works White City United Kingdom W12 7FA
JKTV SERVICE LIMITED,16124497,active,ltd,,,2024-12-09,,2024-12-09,[56103, 56210, 56290],18 Grosvenor Crescent London England NW9 9DA
BIRTHING MUSLIMAH LTD,16124444,active,ltd,,,2024-12-09,,2024-12-09,[85590],3 Gwendwr Road London England W14 9BQ
AURA LABS LTD,16124607,active,ltd,,,2024-12-09,,2024-12-09,[46450],1 Doughty Street London England WC1N 2PH
PROPERTY 3000 LIMITED,16124880,active,ltd,,,2024-12-09,,2024-12-09,[68100, 68209],20 Wenlock Road London England N1 7GU
BEYOND THE BOUQUET LTD,16124864,active,ltd,,,2024-12-09,,2024-12-09,[46220, 47190, 47760, 47890],167-169 Great Portland Street London England W1W 5PF
MEDINA SHAWARMA LTD,16124897,active,ltd,,,2024-12-09,,2024-12-09,[56102],155 Fore Street London England N18 2XB
BLONDEHOUSE ESTATES LTD,16124931,active,ltd,,,2024-12-09,,2024-12-09,[68201, 68209, 68320],Rachel House London United Kingdom N15 4NP
PEAKY BLENDERS 49 LIMITED,16125119,active,ltd,,,2024-12-09,,2024-12-09,[96020],239 Clayhall Avenue Ilford England IG5 0NY
VENTUREVANS LTD,16125254,active,ltd,,,2024-12-09,,2024-12-09,[77110],71-75 Shelton Street London United Kingdom WC2H 9JQ
SELET LONDON LTD,16125257,active,ltd,,,2024-12-09,,2024-12-09,[56103],41 Charlton Church Lane London United Kingdom SE7 7AE
CA FIRE SAFETY & SECURITY LTD,16125264,active,ltd,,,2024-12-09,,2024-12-09,[84250],225 Gray's Inn Road London England WC1X 8RH
EUROPEAN ODYSSEY UK LTD,16125240,active,ltd,,,2024-12-09,,2024-12-09,[70229],128 City Road London United Kingdom EC1V 2NX
EDITING WIZ LTD,16125204,active,ltd,,,2024-12-09,,2024-12-09,[63990],128 City Road London United Kingdom EC1V 2NX
ASAMAKA INDUSTRIES LTD,16125441,active,ltd,,,2024-12-09,,2024-12-09,[71121, 71122, 71129, 74909],128 City Road London United Kingdom EC1V 2NX
CONNECTION TRAINING LIMITED,16125470,active,ltd,,,2024-12-09,,2024-12-09,[96090],71-75 Shelton Street London United Kingdom WC2H 9JQ
HDSC LTD,16125501,active,ltd,,,2024-12-09,,2024-12-09,[74909, 86230, 86900],71-75 Shelton Street London United Kingdom WC2H 9JQ
OAKMERE80 LIMITED,16125508,active,ltd,,,2024-12-09,,2024-12-09,[68100],21 Lampard Grove London England N16 6XA
FIELD RETREATS LTD,16125625,active,ltd,,,2024-12-09,,2024-12-09,[96090],20 Wenlock Road London England N1 7GU
GREYSIGHT LIMITED,16125667,active,ltd,,,2024-12-09,,2024-12-09,[68100],Adullam London Road Macclesfield United Kingdom SK10 4DU
PC & SG LIMITED,16125668,active,ltd,,,2024-12-09,,2024-12-09,[68209],24 Sandringham Road London England N22 6RB
RAS QUIN CONSULTING LTD,16125795,active,ltd,,,2024-12-09,,2024-12-09,[70229, 74909],128 City Road London United Kingdom EC1V 2NX
AURORA BLISS LTD,16125800,active,ltd,,,2024-12-09,,2024-12-09,[62090, 63990],71-75 Shelton Street London United Kingdom WC2H 9JQ
SHEEBI ONLINE TRADERS LTD,16125943,active,ltd,,,2024-12-09,,2024-12-09,[47990],167-169 Great Portland Street 5th Floor London United Kingdom W1W 5PF
ASKRI LTD,16125945,active,ltd,,,2024-12-09,,2024-12-09,[47910],71-75 Shelton Street London United Kingdom WC2H 9JQ
SIMPLE LEADS LTD,16125941,active,ltd,,,2024-12-09,,2024-12-09,[82990],20 Wenlock Road London England N1 7GU
HOBIWA SORA LIMITED,16125944,active,ltd,,,2024-12-09,,2024-12-09,[47910],2nd Floor College House Ruislip, United Kingdom HA4 7AE
SINCLAIR MICHELLE LIMITED,16126111,active,ltd,,,2024-12-09,,2024-12-09,[68100],64 Ballards Lane London England N3 2BU
IMMATERIAL GIRL PRODUCTIONS LIMITED,16126074,active,ltd,,,2024-12-09,,2024-12-09,[59111],51b Stockwell Green London England SW9 9HX
SOOF1 UK GP CO LIMITED,16126099,active,ltd,,,2024-12-09,,2024-12-09,[64205],Tower 42 Level 20 25 Old Broad Street London United Kingdom EC2N 1HQ
LEGAL PRO RECRUITMENT LTD,16126218,active,ltd,,,2024-12-09,,2024-12-09,[70229, 78109],128 City Road London United Kingdom EC1V 2NX
AP MUDEFORD LTD,16126233,active,ltd,,,2024-12-09,,2024-12-09,[93120],C/O Rayner Essex Llp Tavistock House South London United Kingdom WC1H 9LG
LUNÈBEVRA LTD,16126226,active,ltd,,,2024-12-09,,2024-12-09,[99999],124 City Road London United Kingdom EC1V 2NX
VITALITYDIETVALLEY LTD,16126221,active,ltd,,,2024-12-09,,2024-12-09,[96090],128 City Road London United Kingdom EC1V 2NX
MED-AESTHETIX LTD,16126325,active,ltd,,,2024-12-09,,2024-12-09,[70229],128 City Road London United Kingdom EC1V 2NX
EFES LINCOLN LTD,16126348,active,ltd,,,2024-12-09,,2024-12-09,[56103],500 White Hart Lane London England N17 7NA
SUNNY APARTMENTS LTD,16126423,active,ltd,,,2024-12-09,,2024-12-09,[68209],20 Wenlock Road London England N1 7GU
FUNERAL CONSULTANCY LIMITED,16126438,active,ltd,,,2024-12-09,,2024-12-09,[96030],15 Montpelier Vale London England SE3 0TA
MALING CONSULTANTS LIMITED,16126537,active,ltd,,,2024-12-09,,2024-12-09,[68320],153-155 London Road Hemel Hempstead England HP3 9SQ
LEAD INTELLIGENT EQUIPMENT (UK) LIMITED,16126576,active,ltd,,,2024-12-09,,2024-12-09,[33120, 33140, 33200, 46690],71-75 Shelton Street London United Kingdom WC2H 9JQ
RISQ DIGITAL LIMITED,16126586,active,ltd,,,2024-12-09,,2024-12-09,[66120],80 Cannon Street London United Kingdom EC4N 6HL
PROPERTIES ABI LTD,16126627,active,ltd,,,2024-12-09,,2024-12-09,[68100],Flat 406 Chorley Court 24 Madeira Street London England E14 6TS
CANVAS FTL MGMT LIMITED,16126625,active,ltd,,,2024-12-09,,2024-12-09,[68209],35 Luke Street London England EC2A 4LH
EXO POWER COMPUTING SERVICES LTD,16126612,active,ltd,,,2024-12-09,,2024-12-09,[63110],793 Commercial Road London England E14 7HG
CRAFT CONTRACTING LIMITED,16126620,active,ltd,,,2024-12-09,,2024-12-09,[43290, 43999],128 City Road London United Kingdom EC1V 2NX
PANMURE PROPERTY INVESTMENTS LIMITED,16126600,active,ltd,,,2024-12-09,,2024-12-09,[68209],Unit 20, The Circle London England SE1 2JE
ZACKELSTUDIOS LIMITED,16126641,active,ltd,,,2024-12-09,,2024-12-09,[96090],Flat 1 296 Kingsland Road London England E8 4DG
KYANOS COMPANY SERVICES LTD,16126655,active,ltd,,,2024-12-09,,2024-12-09,[82990],1 Bell Street London United Kingdom NW1 5BY
TRIGZ LTD,16126662,active,ltd,,,2024-12-09,,2024-12-09,[64306],Flat 124 St. Nicholas Court London England E4 9LX
PGM COMMERCIALS LTD,16126674,active,ltd,,,2024-12-09,,2024-12-09,[45200],124 City  Road London United Kingdom EC1V 2NX
SK DEFENCE UK LTD,16126678,active,ltd,,,2024-12-09,,2024-12-09,[82990],10 John Street London United Kingdom WC1N 2EB
AZZURE AESTHETICS LTD,16126702,active,ltd,,,2024-12-09,,2024-12-09,[96020],20 Wenlock Road London England N1 7GU
IN TOTO ED CAMBRIDGE LIMITED,16126780,active,ltd,,,2024-12-09,,2024-12-09,[85590],St Agnes House Cresswell Park London England SE3 9RD
COCODELISH LIMITED,16126801,active,ltd,,,2024-12-09,,2024-12-09,[10710],124 City Road London United Kingdom EC1V 2NX
SOFT WATER SALT LTD,16126820,active,ltd,,,2024-12-09,,2024-12-09,[47190],22 Walpole Road London England E17 6PT
AFRESH MEDIA LTD,16126868,active,ltd,,,2024-12-09,,2024-12-09,[70229],128 City Road London United Kingdom EC1V 2NX
ALL DAY WESTMINSTER LTD,16126872,active,ltd,,,2024-12-09,,2024-12-09,[47110, 47620, 47990],198 Princes Avenue London England NW9 9JG
VIPI LTD,16126876,active,ltd,,,2024-12-09,,2024-12-09,[56210],41 Fairview Road London England N15 6LH
OMNIA TECHNOLOGY LTD,16126993,active,ltd,,,2024-12-09,,2024-12-09,[62012],167-169 Great Portland Street London United Kingdom W1W 5PF
ESTATE DEVELOPERS GROUP LIMITED,16127004,active,ltd,,,2024-12-09,,2024-12-09,[55209],Flat 131 Quadrangle Tower Cambridge Square London England W2 2PL
KIZUKI LIMITED,16126999,active,ltd,,,2024-12-09,,2024-12-09,[14190],Apartment 10 26 Gwynne Road London England SW11 3HA
HIJAMA SPECIALIST LTD,16127011,active,ltd,,,2024-12-10,,2024-12-10,[86900],Silverstream House London England W1T 6EB
LEE SUPERMARKET LTD,16127093,active,ltd,,,2024-12-10,,2024-12-10,[47110],Ground Floor London England SE12 0AE
SUFFY PROPERTIES LTD,16127103,active,ltd,,,2024-12-10,,2024-12-10,[68100],27 Old Gloucester Street London United Kingdom WC1N 3AX
MITA LABS LTD,16127110,active,ltd,,,2024-12-10,,2024-12-10,[62012],Flat 420 The Beaux Arts Building 10-18 Manor Gardens London England N7 6JW
NOUR SOCIALS LTD,16127159,active,ltd,,,2024-12-10,,2024-12-10,[73110],173 Stradbroke Grove London United Kingdom IG5 0DJ
OMISONAFASINA LTD,16127193,active,ltd,,,2024-12-10,,2024-12-10,[86900],128 City Road London United Kingdom EC1V 2NX
SOUTH ASIAN NETWORK LTD,16127205,active,ltd,,,2024-12-10,,2024-12-10,[58290, 62020, 70210, 73200],20 Wenlock Road London England N1 7GU
GL MUSIC SERVICES (UK) LTD,16127237,active,ltd,,,2024-12-10,,2024-12-10,[58190, 70229],128 City Road London United Kingdom EC1V 2NX
INYA SYNERGY LIMITED,16127276,active,ltd,,,2024-12-10,,2024-12-10,[46460, 46690],2 Frederick Street London United Kingdom WC1X 0ND
JERMAINE COOLS KITCHEN LIMITED,16127260,active,ltd,,,2024-12-10,,2024-12-10,[56102],21 Portland Road London England SE25 4UF
DALUA PROPERTY LIMITED,16127259,active,ltd,,,2024-12-10,,2024-12-10,[68100, 68209, 68310, 68320],128 City Road London United Kingdom EC1V 2NX
RAAF RESIDENTIAL LTD,16127307,active,ltd,,,2024-12-10,,2024-12-10,[62090],6th Floor, Manfield House London England WC2R 0LR
CELESTE LIVING LIMITED,16127381,active,ltd,,,2024-12-10,,2024-12-10,[68320],Flat 7a Chadwell Street London England EC1R 1XD
BEE YOUR PROPERTY LTD,16127417,active,ltd,,,2024-12-10,,2024-12-10,[68100],3rd Floor, 86-90 Paul Street London United Kingdom EC2A 4NE
IZYSUN LTD,16127410,active,ltd,,,2024-12-10,,2024-12-10,[46520],25 Cabot Square London United Kingdom E14 4QZ
OYE GLOBAL CONSULTING LTD,16127477,active,ltd,,,2024-12-10,,2024-12-10,[63990, 82990],Office 10998 182-184 High Street North London United Kingdom E6 2JA
MY POCKET ULTRASOUND LTD,16127453,active,ltd,,,2024-12-10,,2024-12-10,[47749],71-75 Shelton Street London United Kingdom WC2H 9JQ
RACHEL LEE PEARL LTD,16127520,active,ltd,,,2024-12-10,,2024-12-10,[72200, 74100],158 Arnold Road London England N15 4JH
PINTAIL PROJECTS LTD,16127526,active,ltd,,,2024-12-10,,2024-12-10,[41100],3rd Floor, 86-90 Paul Street London United Kingdom EC2A 4NE
AS UNION HOLDCO EUR LIMITED,16127543,active,ltd,,,2024-12-10,,2024-12-10,[64209],Level 3 2 Pancras Square London United Kingdom N1C 4AG
FACTS ADVISORY LTD,16127562,active,ltd,,,2024-12-10,,2024-12-10,[63120, 69202, 70229, 82990],128 City Road London United Kingdom EC1V 2NX
MV SKIN DERMATOLOGY LTD,16127556,active,ltd,,,2024-12-10,,2024-12-10,[86210],82 Lawn Road London United Kingdom NW3 2XB
TAXIFAIR APPLICATION LTD,16127599,active,ltd,,,2024-12-10,,2024-12-10,[49320],20 Wenlock Road London England N1 7GU
S&S CREATIVE PUBLISHING LTD,16127631,active,ltd,,,2024-12-10,,2024-12-10,[58110],3rd Floor 86-90 Paul Street London United Kingdom EC2A 4NE
ALL PEACEFUL LIMITED,16127681,active,ltd,,,2024-12-10,,2024-12-10,[68209],71-75 Shelton Street London United Kingdom WC2H 9JQ
CREEK LANE LIMITED,16127675,active,ltd,,,2024-12-10,,2024-12-10,[68100, 68209],73 Cornhill London United Kingdom EC3V 3QQ
WESTWOOD2 LTD,16118839,active,ltd,,,2024-12-04,,2024-12-04,[68100],20 Warwick Grove London United Kingdom E5 9HU
CHARTERHOUSE IOS 7 LTD,16127709,active,ltd,,,2024-12-10,,2024-12-10,[68100],Charter House 3a London England W6 0LY
NEXT PHASE PROPERTY DEVELOPMENTS LTD,16127736,active,ltd,,,2024-12-10,,2024-12-10,[68209],20 Wenlock Road London England N1 7GU
ITS NOT HOT ITS CHILLI LTD,16127735,active,ltd,,,2024-12-10,,2024-12-10,[56103],55c Darwin Street London England SE17 1HA
GREENHAM BRICKWORK & CONSTRUCTION LTD,16127795,active,ltd,,,2024-12-10,,2024-12-10,[43999],3rd Floor, 86-90 Paul Street London United Kingdom EC2A 4NE
NJIKO LTD,16127857,active,ltd,,,2024-12-10,,2024-12-10,[73110],90 Somerford Grove Estate London England N16 7TN
CORNERSTONE DENTAL PRACTICE LTD,16127917,active,ltd,,,2024-12-10,,2024-12-10,[86230],1st Floor 137 High St , London United Kingdom W3 6LY
EH DIGITAL LTD,16127883,active,ltd,,,2024-12-10,,2024-12-10,[62020],3rd Floor 86-90 Paul St London United Kingdom EC2A 4NE
BREAKDOWNS@BB LTD,16127933,active,ltd,,,2024-12-10,,2024-12-10,[52219],1 Kings Avenue London United Kingdom N21 3NA
JSESD LTD,16127929,active,ltd,,,2024-12-10,,2024-12-10,[71129],71-75 Shelton Street London United Kingdom WC2H 9JQ
SSA STATIONERY STUDIO LTD,16127937,active,ltd,,,2024-12-10,,2024-12-10,[82190],Unit 52 Stratford Workshops London England E15 2SP
EZDA LONDON LTD,16127950,active,ltd,,,2024-12-10,,2024-12-10,[56102],7 Leigham Court Road London England SW16 2ND
TOP TO BOTTOM SOCIAL LTD,16128026,active,ltd,,,2024-12-10,,2024-12-10,[58190, 61900, 62020, 63910],20 Wenlock Road London England N1 7GU
COLINDALE YARDS LTD,16128033,active,ltd,,,2024-12-10,,2024-12-10,[68209],Devonshire House Stanmore England HA7 1JS
ZFB CONSULTING LTD,16128098,active,ltd,,,2024-12-10,,2024-12-10,[82990],124-128 City Road London England EC1V 2NX
HOMEHUB STORE LTD,16128101,active,ltd,,,2024-12-10,,2024-12-10,[47190],2a Blackstock Road London England N4 2DL
MORTGAGE AIDERS LIMITED,16128111,active,ltd,,,2024-12-10,,2024-12-10,[96090],Leytonstone House 3 Hanbury Drive London England E11 1GA
HOMEVIEW DESIGN & BUILD LTD,16128120,active,ltd,,,2024-12-10,,2024-12-10,[41100, 41202],128 City Road London United Kingdom EC1V 2NX
CHERRY RED ESTATES LTD,16140937,active,ltd,,,2024-12-17,,2024-12-17,[68209],124 City Road London United Kingdom EC1V 2NX
GRIFFIN INFRAD 2025 LIMITED,16115877,active,ltd,,,2024-12-03,,2024-12-03,[64209],5 Churchill Place London England E14 5HU
UTOPIA FLEX LTD,16141491,active,ltd,,,2024-12-17,,2024-12-17,[47910],5 Salisbury Road London England N22 6NL
CONVERA SWITZERLAND LIMITED,16141831,active,ltd,,,2024-12-18,,2024-12-18,[64999],Alphabeta Building London United Kingdom EC2A 1AH
KEEN CLEAN LTD,16141860,active,ltd,,,2024-12-18,,2024-12-18,[81210],16 Mitcham Lane London England SW16 6NN
RS13 UK LIMITED,16141044,active,ltd,,,2024-12-17,,2024-12-17,[46180],4th Floor, Elsley Court London United Kingdom W1W 8BE
NORTH SHISHA 1 LTD,16141041,active,ltd,,,2024-12-17,,2024-12-17,[47250, 47810],2 White Hart Lane London England N17 8DP
LAPIS BIDCO LIMITED,16141214,active,ltd,,,2024-12-17,,2024-12-17,[64209],C/O Marlin Equity Partners 4th Floor London United Kingdom W1T 1PB
ANTSOCCERGAME LTD,16141455,active,ltd,,,2024-12-17,,2024-12-17,[94110, 94120, 94200],71-75 Shelton Street London United Kingdom WC2H 9JQ
PETALO HOLDING LIMITED,16140997,active,ltd,,,2024-12-17,,2024-12-17,[64209],79 Sternhold Avenue London England SW2 4PB
CECOS VENTURES LIMITED,16141091,active,ltd,,,2024-12-17,,2024-12-17,[68100],Cecos ,1st Floor, St. Georges Chambers, 23 South Mall, London England N9 0TS
H.I. RUSSET LIMITED,16141072,active,ltd,,,2024-12-17,,2024-12-17,[90030],Third Floor London United Kingdom W1D 1LP
ELLIEE.ROB LTD,16141071,active,ltd,,,2024-12-17,,2024-12-17,[70210, 74209],247 Church Street London United Kingdom N16 9HP
NUCLEAN GROUP LIMITED,16141085,active,ltd,,,2024-12-17,,2024-12-17,[81210],71-75 Shelton Street London United Kingdom WC2H 9JQ
FERN ROSE DEVELOPMENTS LTD,16141328,active,ltd,,,2024-12-17,,2024-12-17,[41100],71-75 Shelton Street London United Kingdom WC2H 9JQ
STEPHIN ELECTRICALS LTD,16141476,active,ltd,,,2024-12-17,,2024-12-17,[33140, 43210],25 Second Avenue London England E13 8AS
PHANTOM RECORDS LTD,16141537,active,ltd,,,2024-12-17,,2024-12-17,[47630],72 Settrington Road London England SW6 3BA
DP 143 LIMITED,16140949,active,ltd,,,2024-12-17,,2024-12-17,[68209],147 Stamford Hill London England N16 5LG
JOSHGIB PARTIES LTD,16140978,active,ltd,,,2024-12-17,,2024-12-17,[56210],19 Bury Road London England N22 6HX
AMY HEALTH BEAUTY LTD,16141190,active,ltd,,,2024-12-17,,2024-12-17,[96020],20 Wenlock Road London England N1 7GU
AVIA MEDIA LTD,16141360,active,ltd,,,2024-12-17,,2024-12-17,[58190],174 London Road Mitcham England CR4 3LD
RAYMOND LEROSE LTD,16141358,active,ltd,,,2024-12-17,,2024-12-17,[90030],31 Carlton Mansions Holmleigh Road London England N16 5PX
MNZL LDN LIMITED,16141486,active,ltd,,,2024-12-17,,2024-12-17,[20420],87 Roman Road London England E2 0QN
BSD SERVICES GROUP LTD,16141484,active,ltd,,,2024-12-17,,2024-12-17,[68100, 68209],Flat 2 Kingsbridge London England N16 5HD
HITCHIN LUTON PROPERTIES LTD,16142055,active,ltd,,,2024-12-18,,2024-12-18,[68100],106 Geldeston Road London United Kingdom E5 8RS
FLAT 34 MALVERN CT LIMITED,16141021,active,ltd,,,2024-12-17,,2024-12-17,[68100, 68209, 68320],17 Mount Drive London United Kingdom HA9 9ED
EMOK TECHNOLOGIES LTD,16141169,active,ltd,,,2024-12-17,,2024-12-17,[70229, 71122],78 Birch Grove London United Kingdom E11 4YG
WASAT CENTRE FOR RESEARCH AND PUBLICATIONS LTD,16141433,active,ltd,,,2024-12-17,,2024-12-17,[58110, 58190, 96090],66 Hawfinch House 1 Moorhen Drive London United Kingdom NW9 7BF
OSMAN DEVELOPMENTS LTD,16141434,active,ltd,,,2024-12-17,,2024-12-17,[41100, 41202, 68100],3rd Floor, 86-90 Paul Street London England EC2A 4NE
PROFALIANS GROUP LTD,16141414,active,ltd,,,2024-12-17,,2024-12-17,[69201, 74300, 79120, 99999],20 Wenlock Road London England N1 7GU
MB PROP LTD,16136613,active,ltd,,,2024-12-15,,2024-12-15,[68100, 68209],Office 7 35-37 Ludgate Hill London United Kingdom EC4M 7JN
DR DIAGNOSIS LTD,16141653,active,ltd,,,2024-12-17,,2024-12-17,[45200],85 Great Portland Street London England W1W 7LT
SMAJLI ENGINEERING LTD,16140921,active,ltd,,,2024-12-17,,2024-12-17,[41201, 41202, 43210],Flat 30 Grendon House London England E9 7QG
2B1M LTD,16140915,active,ltd,,,2024-12-17,,2024-12-17,[47910, 59112, 73110, 93290],17 Green Lanes London England N16 9BS
GG-965-805 LIMITED,16141096,active,ltd,,,2024-12-17,,2024-12-17,[68209],C/O Getground London England W6 0NB
OLGA L.JUNG LTD.,16141111,active,ltd,,,2024-12-17,,2024-12-17,[46190, 86900],27 Old Gloucester Street London United Kingdom WC1N 3AX
NOVI COEPTUS SEARCH LTD,16141244,active,ltd,,,2024-12-17,,2024-12-17,[78109],Berwick House London Road Sevenoaks England TN13 2TQ
HELLFIRE BREWERY LIMITED,16141283,active,ltd,,,2024-12-17,,2024-12-17,[11050],35 Grafton Way London England W1T 5DB
YERBESTON LTD,16141269,active,ltd,,,2024-12-17,,2024-12-17,[70229],20 Wenlock Road London England N1 7GU
LRC E LIMITED,16141406,active,ltd,,,2024-12-17,,2024-12-17,[70229],60 Welbeck Street London England W1G 9XB
YOUR ORGANIC PANTRY LIMITED,16141404,active,ltd,,,2024-12-17,,2024-12-17,[47110, 47190, 47210, 82990],8 Grand Parade, London United Kingdom SW14 7PS
BOTEH FLOWERS LTD,16141470,active,ltd,,,2024-12-17,,2024-12-17,[74100],G-05 Davenport House London United Kingdom E14 9RP
TOPSPEC LTD,16141534,active,ltd,,,2024-12-17,,2024-12-17,[68320],46a Clapton Common London England E5 9BA
WT EXPRESS LIFTS LTD,16141697,active,ltd,,,2024-12-18,,2024-12-18,[43290],Eastcastle House London United Kingdom W1W 8DH
GSSF FRELD UK FEEDER LIMITED,16141711,active,ltd,,,2024-12-18,,2024-12-18,[64209],4th Floor 95 Chancery Lane London England WC2A 1DT
IMPLEMENT HOSPITALITY LIMITED,16141719,active,ltd,,,2024-12-18,,2024-12-18,[56210],12 Vallance Road, 2nd Floor London United Kingdom E1 5HR
NOZEIN LTD,16141714,active,ltd,,,2024-12-18,,2024-12-18,[68209],48 Westbourne Grove London England W2 5SH
KAIROS ADVISORY LTD,16141743,active,ltd,,,2024-12-18,,2024-12-18,[74909],3rd Floor, 86-90 Paul Street London United Kingdom EC2A 4NE
DENTASH LTD,16141774,active,ltd,,,2024-12-18,,2024-12-18,[86230],412 Katherine Road London England E7 8NP
NUQY LIMITED,16141875,active,ltd,,,2024-12-18,,2024-12-18,[93130],2nd Floor, 171-175 Brompton Road London England SW3 1NF
700QIBAI LTD,16142031,active,ltd,,,2024-12-18,,2024-12-18,[32120, 47890],77a Putney High Street London United Kingdom SW15 1SR
EDSOUL DYNAMICS LTD,16142033,active,ltd,,,2024-12-18,,2024-12-18,[47910],Flat 162, Tennyson Apartments 1 Saffron Central Square Croydon United Kingdom CR0 2FX
EMPOWERED RECOVERY SOLUTIONS LTD,16142032,active,ltd,,,2024-12-18,,2024-12-18,[70229, 82990, 85590],128 City Road London United Kingdom EC1V 2NX
DONVO LTD,16142109,active,ltd,,,2024-12-18,,2024-12-18,[47650, 47910],16a Star Lane London England E16 4RG
MARFORD 2 LTD,16128358,active,ltd,,,2024-12-10,,2024-12-10,[41100],Station House London England SW13 0HT
NOVACOM SOLUTIONS LTD,16128709,active,ltd,,,2024-12-10,,2024-12-10,[62020],124-128 City Road London England EC1V 2NX
BELVENTURES LTD,16128721,active,ltd,,,2024-12-10,,2024-12-10,[46180, 46900],71-75 Shelton Street London United Kingdom WC2H 9JQ
PL LASER LTD,16128695,active,ltd,,,2024-12-10,,2024-12-10,[96020],191 High Road London England NW10 2SB
STUDIO BOZZI LTD,16129462,active,ltd,,,2024-12-11,,2024-12-11,[71111],Flat 1 Pandangle House London United Kingdom E8 4DG
PUTMAN PUBLISHING LIMITED,16129518,active,ltd,,,2024-12-11,,2024-12-11,[58110],Mermaid House Puddle Dock London United Kingdom EC4V 3DB
KIIND LTD,16129514,active,ltd,,,2024-12-11,,2024-12-11,[62020],20 Wenlock Road London England N1 7GU
AXIONAIRE LTD,16129590,active,ltd,,,2024-12-11,,2024-12-11,[35300, 43220, 82990, 95220],71-75 Shelton Street Covent Garden London United Kingdom WC2H 9JQ
LENATA LTD,16129889,active,ltd,,,2024-12-11,,2024-12-11,[46380, 68100, 96090],71-75 Shelton Street London United Kingdom WC2H 9JQ
GG-511-063 LIMITED,16129991,active,ltd,,,2024-12-11,,2024-12-11,[68209],C/O Getground London England W6 0NB
MADE SMART LTD,16130087,active,ltd,,,2024-12-11,,2024-12-11,[85320, 85510, 85590, 85600],71-75 Shelton Street London United Kingdom WC2H 9JQ
ASCENT D1 LTD,16130078,active,ltd,,,2024-12-11,,2024-12-11,[06100],Taylor Wessing London England EC4A 3TW
REGENTS LODGE LTD,16130453,active,ltd,,,2024-12-11,,2024-12-11,[68209],140 High Road London England N15 6JN
JUST SELF LIMITED,16128305,active,ltd,,,2024-12-10,,2024-12-10,[86900],102 Harley Street London England W1G 7JB
OXFORD ACADEMY FOR TRAINING LTD,16128436,active,ltd,,,2024-12-10,,2024-12-10,[85421, 85422, 85590, 85600],27 Old Gloucester Street London United Kingdom WC1N 3AX
DJOUHRA LTD,16128497,active,ltd,,,2024-12-10,,2024-12-10,[88910],3 Lime Grove Shepherd's Bush United Kingdom W12 8EE
TAXBIT UK LTD,16128756,active,ltd,,,2024-12-10,,2024-12-10,[82990],5 New Street Square London United Kingdom EC4A 3TW
CHESTER KEBAB LTD,16128790,active,ltd,,,2024-12-10,,2024-12-10,[56103],261 Green Lanes London England N13 4XE
THIRD HORIZON STUDIO LTD,16129235,active,ltd,,,2024-12-10,,2024-12-10,[74100],156 Erlanger Road London England SE14 5TJ
SHINEVIEW ESTATES LTD,16129364,active,ltd,,,2024-12-10,,2024-12-10,[68100, 68209],16 St Andrews Mews London United Kingdom N16 5HX
ALVEZ VISION PRODUCTIONS LTD,16129816,active,ltd,,,2024-12-11,,2024-12-11,[90030],71-75 Shelton Street London United Kingdom WC2H 9JQ
S.VISUALS LTD,16129801,active,ltd,,,2024-12-11,,2024-12-11,[86102],Flat 55 Malling Lewisham Park London England SE13 6QL
BROOK STREAM INVESTMENTS LTD,16129820,active,ltd,,,2024-12-11,,2024-12-11,[68100],73 Cornhill London United Kingdom EC3V 3QQ
FBRL LTD,16129972,active,ltd,,,2024-12-11,,2024-12-11,[49420],Silverstream House London England W1T 6EB
RASHID SOLICITORS LTD,16130038,active,ltd,,,2024-12-11,,2024-12-11,[69102],23 Watson Court 61 Campbell Road London United Kingdom E3 3GL
KNOCK AT THE DOOR LTD,16130167,active,ltd,,,2024-12-11,,2024-12-11,[98000],3 Donegal House London England W7 3QJ
HWH RESTAURANTS (KX) LIMITED,16130161,active,ltd,,,2024-12-11,,2024-12-11,[56102],2 Leman Street London United Kingdom E1W 9US
CORE DYNAMIC SERVICES LIMITED,16130352,active,ltd,,,2024-12-11,,2024-12-11,[96090],71-75 Shelton Street London United Kingdom WC2H 9JQ
GERBOISE BLEUE LTD,16130357,active,ltd,,,2024-12-11,,2024-12-11,[64209],71-75 Shelton Street London United Kingdom WC2H 9JQ
WRITTEN OFF PRODUCTIONS LIMITED,16130383,active,ltd,,,2024-12-11,,2024-12-11,[90030, 93290],8th Floor 71 Queen Victoria Street London United Kingdom EC4V 4AY
GG-778-951 LIMITED,16130377,active,ltd,,,2024-12-11,,2024-12-11,[68209],C/O Getground London England W6 0NB
MARFORD 1 LTD,16128245,active,ltd,,,2024-12-10,,2024-12-10,[41100],Station House London England SW13 0HT
K9 PRIME CUTS LTD,16128404,active,ltd,,,2024-12-10,,2024-12-10,[01490, 01621, 46110, 47760],20 Wenlock Road London England N1 7GU
XPRESSAPPAREL LTD,16128381,active,ltd,,,2024-12-10,,2024-12-10,[63120],Gemma House London United Kingdom NW8 8SS
IBBOTSON ARCHITECTURE LTD,16128623,active,ltd,,,2024-12-10,,2024-12-10,[71111],167 Fyfield Road London England E17 3RA
ALEMAR GLOBAL LTD,16128856,active,ltd,,,2024-12-10,,2024-12-10,[62020, 70229],5, 72 Fairhazel Gardens London United Kingdom NW6 3SR
ILG HOLDING GROUP LTD,16129195,active,ltd,,,2024-12-10,,2024-12-10,[64209],71 Croyland Road London England N9 7BE
VSL DESIGN STUDIO LTD,16129456,active,ltd,,,2024-12-11,,2024-12-11,[90030],71-75 Shelton Street London United Kingdom WC2H 9JQ
AL1 EVENTS LIMITED,16129568,active,ltd,,,2024-12-11,,2024-12-11,[93290],42 Kashgar Road London England SE18 1HS
STERLING VISION LTD,16129705,active,ltd,,,2024-12-11,,2024-12-11,[82990],Flat 17, Vale House, Flat 17, 7 St. Annes Street London England E14 7PF
AM TO PM BRANDS LIMITED,16129713,active,ltd,,,2024-12-11,,2024-12-11,[70229, 73110],20 Wenlock Road London England N1 7GU
ANGA INTEGRATIVE MEDICINE LTD,16129678,active,ltd,,,2024-12-11,,2024-12-11,[86220, 86900],3a Kelmore Grove London England SE22 9BH
VENTULY LIMITED,16129785,active,ltd,,,2024-12-11,,2024-12-11,[47710],85 Great Portland Street London England W1W 7LT
RARE EARTH PRODUCTIONS LTD,16129794,active,ltd,,,2024-12-11,,2024-12-11,[59112],17a Electric Lane London England SW9 8LA
ETERNAL PROMOTIONS ENTERPRISE LIMITED,16129791,active,ltd,,,2024-12-11,,2024-12-11,[70210],34 Great Queen Street London England WC2B 5AA
YW ESTATES LTD,16129939,active,ltd,,,2024-12-11,,2024-12-11,[68100],54 Noko 3-6 Banister Road London England W10 4AR
SLIVER DREAM LIMITED,16130042,active,ltd,,,2024-12-11,,2024-12-11,[68209],C/O Getground London England W6 0NB
TC DIGITAL MARKETING LTD,16130249,active,ltd,,,2024-12-11,,2024-12-11,[62012, 70210],128 City Road London United Kingdom EC1V 2NX
DASGHAR LTD,16130262,active,ltd,,,2024-12-11,,2024-12-11,[33170, 45200],190 Billet Road London United Kingdom E17 5DX
TRADESKILLS OUTSOURCING LIMITED,16130241,active,ltd,,,2024-12-11,,2024-12-11,[78109, 78200],10 Hindle House London, Greater London United Kingdom E8 2DU
STARDUST1 LTD,16130259,active,ltd,,,2024-12-11,,2024-12-11,[74100],Apartment 701 Constance Green Court London England E2 8GL
BRITPOSTPACK LTD,16130415,active,ltd,,,2024-12-11,,2024-12-11,[53100],83a Cricklewood Broadway London England NW2 3JG
MIZATA SPV LIMITED,16130643,active,ltd,,,2024-12-11,,2024-12-11,[64209],The Beehive Beehive Ring Road Gatwick England RH6 0PA
COUNTRY & CITY HOMES LIMITED,16128127,active,ltd,,,2024-12-10,,2024-12-10,[41100, 41202, 68100, 68209],130 Shaftesbury Avenue London United Kingdom W1D 5EU
SGI CONSULTING LIMITED,16112216,active,ltd,,,2024-12-02,,2024-12-02,[70229],5 Lydden Grove London United Kingdom SW18 4LJ
RED POMEGRANATE MEDIA LTD,16128843,active,ltd,,,2024-12-10,,2024-12-10,[73110],21 Hambrook Road London England SE25 4HL
BUTTERFLY CARE LTD,16128852,active,ltd,,,2024-12-10,,2024-12-10,[87300],15 Pearson Street London England E2 8JD
20 STORK ROAD LTD,16129543,active,ltd,,,2024-12-11,,2024-12-11,[68100],Rear 123 Clapton Common London United Kingdom E5 9AB
AMAAN FOOD LTD,16129881,active,ltd,,,2024-12-11,,2024-12-11,[56102],43 Upton Lane London England E7 9PA
RICH & MI HOLBORN LTD,16130006,active,ltd,,,2024-12-11,,2024-12-11,[56101],25-27 Theobalds Road London United Kingdom WC1X 8SP
AMEZZWORLD LTD,16130017,active,ltd,,,2024-12-11,,2024-12-11,[47910],11 Covington Gardens London United Kingdom SW16 3SE
THE CATALYST PRO LTD,16130468,active,ltd,,,2024-12-11,,2024-12-11,[46190, 62020, 73110],8 Liffler Road London England SE18 1AT
LABYRINTH SYSTEMS LTD,16130585,active,ltd,,,2024-12-11,,2024-12-11,[43290, 43999, 93110, 93290],128 City Road London United Kingdom EC1V 2NX
SHINE HAIR EXTENSIONS LTD,16128575,active,ltd,,,2024-12-10,,2024-12-10,[47910],Flat 3 15 Dartmouth Road London United Kingdom NW4 3JA
VULCAN UK TOPCO LIMITED,16128998,active,ltd,,,2024-12-10,,2024-12-10,[64209],Suite 1, 7th Floor 50 Broadway London United Kingdom SW1H 0DB
EBRAM LTD,16129411,active,ltd,,,2024-12-10,,2024-12-10,[62020, 70229],17 Green Lanes London England N16 9BS
RISU CLOTHING LTD,16128744,active,ltd,,,2024-12-10,,2024-12-10,[47710],3rd Floor, 86-90 Paul Street London United Kingdom EC2A 4NE
AS UNION GP LTD,16128812,active,ltd,,,2024-12-10,,2024-12-10,[82990],Level 3 2 Pancras Square London United Kingdom N1C 4AG
SCILLY GENERATIONS LIMITED,16129269,active,ltd,,,2024-12-10,,2024-12-10,[64304],82 St. John Street London England EC1M 4JN
TECHSERVE MAINTENANCE LTD,16129320,active,ltd,,,2024-12-10,,2024-12-10,[33140, 43210, 43220],3rd Floor, 86-90 Paul Street London United Kingdom EC2A 4NE
ANAGRAM PROPERTY LIMITED,16129631,active,ltd,,,2024-12-11,,2024-12-11,[68209],4, Heron Place, Flat 90 Bramwell Way London United Kingdom E16 2FL
YOUR SUSTAINABLE FRIEND LTD,16129763,active,ltd,,,2024-12-11,,2024-12-11,[60100, 74901],0143 Dartmouth Park Road London United Kingdom NW5 1SU
SULLAMALULUM ACADEMY LTD,16129984,active,ltd,,,2024-12-11,,2024-12-11,[47910, 85590, 85600],167-169 Great Portland Street London England W1W 5PF
RESHAT LTD,16129978,active,ltd,,,2024-12-11,,2024-12-11,[68100, 68209, 68310, 68320],143-145 High Street London United Kingdom N14 6BP
ZERO DENTZ LIMITED,16130119,active,ltd,,,2024-12-11,,2024-12-11,[45200],3rd Floor 86-90 Paul Street London United Kingdom EC2A 4NE
BOWIE & TIE LTD,16130118,active,ltd,,,2024-12-11,,2024-12-11,[47710],Unit C, Toronto House London United Kingdom SE16 7AJ
RETOPS LIMITED,16130114,active,ltd,,,2024-12-11,,2024-12-11,[70229],71-75 Shelton Street London United Kingdom WC2H 9JQ
CHAY & COFFEE LIMITED,16130511,active,ltd,,,2024-12-11,,2024-12-11,[56102],Flat 8, 3, Tramway Court London United Kingdom E1 4RR
KAMEL LIMITED,16130529,active,ltd,,,2024-12-11,,2024-12-11,[47710, 47749, 47750, 47770],71-75 Shelton Street London United Kingdom WC2H 9JQ
NV MEDIA GROUP LTD,16142357,active,ltd,,,2024-12-18,,2024-12-18,[68209, 73110],3rd Floor, 86-90 Paul Street London United Kingdom EC2A 4NE
PHILOTROPHIE LTD,16142493,active,ltd,,,2024-12-18,,2024-12-18,[10519],71-75 Shelton Street London United Kingdom WC2H 9JQ
VALL77 LTD,16142502,active,ltd,,,2024-12-18,,2024-12-18,[43390],735a-735b Green Lanes London England N21 3RX
AETAS WEALTH LIMITED,16142509,active,ltd,,,2024-12-18,,2024-12-18,[70221],13 Hanover Square London England W1S 1HN
MNEE HOLDINGS LIMITED,16142513,active,ltd,,,2024-12-18,,2024-12-18,[82990],7 Savoy Court London United Kingdom WC2R 0EX
SIRFRANK PROPERTY LIFESTYLE LTD,16142579,active,ltd,,,2024-12-18,,2024-12-18,[68209, 68320],Flat 42 Marden House London England E8 1AZ
PECAN WOOD LIMITED,16142592,active,ltd,,,2024-12-18,,2024-12-18,[64991, 68100],Harwood House London United Kingdom SW6 4QP
SYLIBERTE LTD,16142815,active,ltd,,,2024-12-18,,2024-12-18,[74909, 78300, 82110, 82990],Syliberté, 3rd Floor, 86-90 Paul Street London United Kingdom EC2A 4NE
BROWN RESEARCH CORPORATION LTD,16143079,active,ltd,,,2024-12-18,,2024-12-18,[62012],20 Wenlock Road London England N1 7GU
KASRAD IMMIGRATION LTD,16143051,active,ltd,,,2024-12-18,,2024-12-18,[69109],115 London Road Morden United Kingdom SM4 5HP
KURDISH BOYS LIMITED,16143048,active,ltd,,,2024-12-18,,2024-12-18,[96020],35 Bank Street Ashford United Kingdom TN23 1DQ
IMPALA ADVISORY LTD,16143280,active,ltd,,,2024-12-18,,2024-12-18,[66290],71-75 Shelton Street London United Kingdom WC2H 9JQ
PTF SUPPLIES LTD,16143491,active,ltd,,,2024-12-18,,2024-12-18,[46620, 47520],20 Wenlock Road London England N1 7GU
ARJUN MOT AND REPAIRS LTD,16143484,active,ltd,,,2024-12-18,,2024-12-18,[45200],Unit 29d Abbey Manufacturing Estate Wembley England HA0 1NR
INSTANT CONTRACTORS LTD,16143789,active,ltd,,,2024-12-18,,2024-12-18,[43999, 70229],10 Craven Walk London England N16 6BT
PTVMAGIC LTD,16142542,active,ltd,,,2024-12-18,,2024-12-18,[94200, 94920, 95110],71-75 Shelton Street London United Kingdom WC2H 9JQ
NIVELTA LTD,16142546,active,ltd,,,2024-12-18,,2024-12-18,[46160, 46180, 46190, 46420],71-75 Shelton Street London United Kingdom WC2H 9JQ
SALAD F4A LENDING LIMITED,16142551,active,ltd,,,2024-12-18,,2024-12-18,[64921],49 Greek Street London England W1D 4EG
LUCID ALCHEMY LIMITED,16142531,active,ltd,,,2024-12-18,,2024-12-18,[64209],Dept 906, 196 High Road London United Kingdom N22 8HH
CORINTHIA GLOBAL MANAGEMENT GP HOLDCO LIMITED,16142791,active,ltd,,,2024-12-18,,2024-12-18,[64205],Sixth Floor London United Kingdom W1G 0PW
I & A CONSTRUCTION LONDON LTD,16142801,active,ltd,,,2024-12-18,,2024-12-18,[43999],35 Grafton Way London England W1T 5DB
MUSECOOL LTD,16142944,active,ltd,,,2024-12-18,,2024-12-18,[62012, 62090, 85590],1 Hilliard House London United Kingdom E1W 3NN
WALKERENQUIRIES LTD,16143138,active,ltd,,,2024-12-18,,2024-12-18,[68100],Flat 3 Norris The Concourse London United Kingdom NW9 5UL
IN2PROGRESS LTD,16143235,active,ltd,,,2024-12-18,,2024-12-18,[62020],20 Wenlock Road London England N1 7GU
SOONA TECHNOLOGY LTD,16143353,active,ltd,,,2024-12-18,,2024-12-18,[62020, 62090, 63990],71-75 Shelton Street London United Kingdom WC2H 9JQ
K2 CREDIT LIMITED,16143470,active,ltd,,,2024-12-18,,2024-12-18,[66220],5th Floor 35 Great St Helen’S London United Kingdom EC3A 6AP
MAGGIE LEFT AGENCY LTD,16143804,active,ltd,,,2024-12-18,,2024-12-18,[96090],71-75 Shelton Street London United Kingdom WC2H 9JQ
GREENWICH GROVE LTD,16143805,active,ltd,,,2024-12-18,,2024-12-18,[68209],7 Bell Yard London England WC2A 2JR
ANH BROS LIMITED,16142547,active,ltd,,,2024-12-18,,2024-12-18,[68209, 68310],124 City Road London England EC1V 2NX
44  GARTH ROAD LTD,16142253,active,ltd,,,2024-12-18,,2024-12-18,[68320],50 St.Marys Crescent London United Kingdom NW4 4LH
VERALINA LTD,16142296,active,ltd,,,2024-12-18,,2024-12-18,[46420, 47710, 47910],20 Wenlock Road London England N1 7GU
ALETHIEUM LIMITED,16142276,active,ltd,,,2024-12-18,,2024-12-18,[62012],167-169 Great Portland Street London England W1W 5PF
DESIRE & MKAI LTD,16142564,active,ltd,,,2024-12-18,,2024-12-18,[68100, 88990],85 Great Portland Street London England W1W 7LT
BRIXTON HOUSE TRADING LIMITED,16142683,active,ltd,,,2024-12-18,,2024-12-18,[90040],Brixton House, 385 Coldharbour Lane London United Kingdom SW9 8GL
GLOW THERAPY LIMITED,16142767,active,ltd,,,2024-12-18,,2024-12-18,[96020],Unit 6 Advent Way London England N18 3AH
TEMPLETONS FINANCIAL MANAGEMENT LTD,16142780,active,ltd,,,2024-12-18,,2024-12-18,[96090],309 Hoe Street London United Kingdom E17 9BG
PETLOG LIMITED,16143019,active,ltd,,,2024-12-18,,2024-12-18,[63110],10 Clarges Street London United Kingdom W1J 8AB
OZ UNISEX SALON LTD,16143037,active,ltd,,,2024-12-18,,2024-12-18,[96020],48 South Ealing Road London England W5 4QA
RAJVEE MASSAGE AND WELLNESS CENTER LTD,16143523,active,ltd,,,2024-12-18,,2024-12-18,[86900, 96040],85 Great Portland Street London United Kingdom W1W 7LT
CADMAN PAONE PROPERTY GROUP LTD.,16143534,active,ltd,,,2024-12-18,,2024-12-18,[68209],C/O Getground London England W6 0NB
GEOMUNDI EXPRESS LTD,16143621,active,ltd,,,2024-12-18,,2024-12-18,[52242],416 Brixton Road London United Kingdom SW9 7AY
ONA PROPERTY LIMITED,16143619,active,ltd,,,2024-12-18,,2024-12-18,[68100],Unit 530 Highgate Studios 53-79 Highgate Road London England NW5 1TL
SSINT. LTD,16143625,active,ltd,,,2024-12-18,,2024-12-18,[74100, 74909, 82990, 85590],71-75 Shelton Street London United Kingdom WC2H 9JQ
PIKOSTORE UK LTD,16143740,active,ltd,,,2024-12-18,,2024-12-18,[46420, 47721, 47722, 47910],16 Great Queen Street London United Kingdom WC2B 5AH
UNICAFE LTD,16143783,active,ltd,,,2024-12-18,,2024-12-18,[46370],Apartment 41 7 Sphere Walk London England SW11 3JY
FEEL BETTER TECHNOLOGIES LTD,16143777,active,ltd,,,2024-12-18,,2024-12-18,[62012],39 Lilestone Street London England NW8 8SS
ABILITY ADHD LTD,16143837,active,ltd,,,2024-12-18,,2024-12-18,[86220, 86900],128 City Road London United Kingdom EC1V 2NX
HILLSIDE MAINTENANCE LTD,16143841,active,ltd,,,2024-12-18,,2024-12-18,[68320],86 Hillside Road London England N15 6NB
YSY LIMITED,16143847,active,ltd,,,2024-12-18,,2024-12-18,[68100, 68209],135-136 Chapman Street London England E1 2PH
KEYCRAFT CONSTRUCTION LTD,16142166,active,ltd,,,2024-12-18,,2024-12-18,[41202],Flat 8 Spring House London England E17 4FF
TOP STAY HOSTS LTD,16138212,active,ltd,,,2024-12-16,,2024-12-16,[55100, 68209],128 City Road London United Kingdom EC1V 2NX
DELIVA LTD,16142433,active,ltd,,,2024-12-18,,2024-12-18,[62090],20 Wenlock Road London England N1 7GU
LONDON BIOPROCESS LIMITED,16142621,active,ltd,,,2024-12-18,,2024-12-18,[71122, 72110],33 Compton Road London England SW19 7QA
TURN IN LIMITED,16142972,active,ltd,,,2024-12-18,,2024-12-18,[56103],10 Osborne Street London England E1 6TD
SAM & ROSS ART GALLERY LTD,16142969,active,ltd,,,2024-12-18,,2024-12-18,[47781],20 Wenlock Road London England N1 7GU
MYTRIPSHARING LTD,16142993,active,ltd,,,2024-12-18,,2024-12-18,[58290],47 Westcliff House Baxter Road London England N1 3HS
CHAMELEON WALL PRINTING LTD,16143160,active,ltd,,,2024-12-18,,2024-12-18,[43341],5 Cato Road London England SW4 7TT
MIAAMOR LTD,16143176,active,ltd,,,2024-12-18,,2024-12-18,[47750, 47910, 73110],71-75 Shelton Street London United Kingdom WC2H 9JQ
MR BOOPS BUSINESS LTD,16143261,active,ltd,,,2024-12-18,,2024-12-18,[86220],20 Wenlock Road London England N1 7GU
SKY GLOBAL EVENTS LTD,16144014,active,ltd,,,2024-12-19,,2024-12-19,[56210, 70229, 90010, 90020],3rd Floor, 86-90 Paul Street London England EC2A 4NE
DENT ISH LIMITED,16142196,active,ltd,,,2024-12-18,,2024-12-18,[86230],71-75 Shelton Street London United Kingdom WC2H 9JQ
CARTER-HAWKINS INNOVATIONS LTD,16142452,active,ltd,,,2024-12-18,,2024-12-18,[62012],Flat 29 Quested Court London England E8 1JS
SAWAG BAZAAR LTD,16142446,active,ltd,,,2024-12-18,,2024-12-18,[47990],Flat 1 254 Upper Tooting Road London United Kingdom SW17 0DN
GMDREMOVALS&STORAGE LTD,16142447,active,ltd,,,2024-12-18,,2024-12-18,[49420],20 Wenlock Road London England N1 7GU
LKH DELIVERY SERVICES LTD,16142481,active,ltd,,,2024-12-18,,2024-12-18,[56103],78 London Road Dover United Kingdom CT17 0SP
SUPERCHARGER CENTRAL PROPERTIES LTD,16142638,active,ltd,,,2024-12-18,,2024-12-18,[68209],34-36 London Road Wembley England HA9 7EX
AIBI LTD,16142632,active,ltd,,,2024-12-18,,2024-12-18,[62012],80 Osborne Road London England W3 8SR
AMBERLIGHT ESTATES LTD,16142633,active,ltd,,,2024-12-18,,2024-12-18,[68100],19 Ashbourne Avenue London United Kingdom NW11 0DP
MEATBALL HEADER LTD,16142711,active,ltd,,,2024-12-18,,2024-12-18,[55209],Unit 15 Burnell House London United Kingdom E20 1GY
HYDRO PIPE TECHNOLOGY LIMITED,16142840,active,ltd,,,2024-12-18,,2024-12-18,[74909],124 City  Road London United Kingdom EC1V 2NX
REALTAF WIXAMS GP LIMITED,16143281,active,ltd,,,2024-12-18,,2024-12-18,[68209],80 Fenchurch Street London United Kingdom EC3M 4AE
OLIVIUM GLOBAL LTD,16143450,active,ltd,,,2024-12-18,,2024-12-18,[82990],71-75 Shelton Street London United Kingdom WC2H 9JQ
JUST IN TIME CONSTRUCTION LTD,16143681,active,ltd,,,2024-12-18,,2024-12-18,[41202],352 Fulham Road London United Kingdom SW10 9UH
COP 'EM LTD,16143909,active,ltd,,,2024-12-18,,2024-12-18,[47710, 47910],3rd Floor, 86-90 Paul Street London United Kingdom EC2A 4NE
YOSEF YEHUDA JOSEPH LTD,16144293,active,ltd,,,2024-12-19,,2024-12-19,[68310],13 Grosvenor Way London London United Kingdom E5 9ND
ALERO-UK LTD,16144444,active,ltd,,,2024-12-19,,2024-12-19,[32990],483 Green Lanes London England N13 4BS
KEVELYN LTD,16144422,active,ltd,,,2024-12-19,,2024-12-19,[43310, 43320, 43330, 43390],128 City Road London United Kingdom EC1V 2NX
SUPPORTED LIVING PATHWAYS LIMITED,16144434,active,ltd,,,2024-12-19,,2024-12-19,[87200],71-75 Shelton Street London United Kingdom WC2H 9JQ
UNIT FORE LTD,16144414,active,ltd,,,2024-12-19,,2024-12-19,[71111],16 Sonning Road London England SE25 5HD
RSP2 LTD,16144532,active,ltd,,,2024-12-19,,2024-12-19,[64209],5th Floor 3 Dorset Rise London United Kingdom EC4Y 8EN
IM CONSTRUCTION LTDA LTD,16144557,active,ltd,,,2024-12-19,,2024-12-19,[41201],20 Wenlock Road London England N1 7GU
DURWESTON HOLDINGS LIMITED,16144609,active,ltd,,,2024-12-19,,2024-12-19,[64209],8 Durweston Street London England W1H 1EW
PENNYCOOK CONSULTING LTD,16144617,active,ltd,,,2024-12-19,,2024-12-19,[78300],71-75 Shelton Street London United Kingdom WC2H 9JQ
MAYA GROOMING LTD,16144713,active,ltd,,,2024-12-19,,2024-12-19,[75000],62 Mill Lane London United Kingdom NW6 1NJ
PATCHWORKS AI CONSULTING LTD,16144699,active,ltd,,,2024-12-19,,2024-12-19,[62090],14 David Mews London United Kingdom W1U 6EQ
LUCY WOOD PRODUCTIONS LTD,16144805,active,ltd,,,2024-12-19,,2024-12-19,[90010],5th Floor 114 St Martin's Lane London United Kingdom WC2N 4BE
QUANTUM ORIGINE ESTATE LTD,16144795,active,ltd,,,2024-12-19,,2024-12-19,[64209],43 Castelnau Mansions London United Kingdom SW13 9QU
K&A COSY PROPERTIES LTD,16144921,active,ltd,,,2024-12-19,,2024-12-19,[68100, 68209],36 First Avenue London United Kingdom E12 6AN
NOOK RENTALS LTD,16145119,active,ltd,,,2024-12-19,,2024-12-19,[68209],71-75 Shelton Street London United Kingdom WC2H 9JQ
MEDI'S CONSULTANCY LIMITED,16145195,active,ltd,,,2024-12-19,,2024-12-19,[85600],253 Cheltenham House London United Kingdom E1 2BT
REPOSSESSION LTD,16145413,active,ltd,,,2024-12-19,,2024-12-19,[80100, 82990, 84230],3rd Floor, 86-90 Paul Street London England EC2A 4NE
PEMBS CAFE LTD,16145441,active,ltd,,,2024-12-19,,2024-12-19,[56102],500 White Hart Lane London England N17 7NA
SECURE 11 LTD,16145437,active,ltd,,,2024-12-19,,2024-12-19,[80100, 81100, 81299],92 Grange Park Road London England E10 5ES
MY SWEET HONEY LTD,16145569,active,ltd,,,2024-12-19,,2024-12-19,[46390],67 Hazelwood Lane London England N13 5HE
NEUROVIBE NUTRITION LTD,16145669,active,ltd,,,2024-12-19,,2024-12-19,[56290],114 Putney Park Lane London England SW15 5HT
PATOSI LTD,16145705,active,ltd,,,2024-12-20,,2024-12-20,[47910],18 Dunster Gardens London England NW6 7NH
ADPMRP LIMITED,16145733,active,ltd,,,2024-12-20,,2024-12-20,[68100, 68209],134 Buckingham Palace Road London England SW1W 9SA
LEGISTAI UK LIMITED,16145751,active,ltd,,,2024-12-20,,2024-12-20,[62012],31 Howcroft Crescent London England N3 1PA
INFINITY SOCIAL HUB LTD,16145795,active,ltd,,,2024-12-20,,2024-12-20,[73110],Ormond House 26/27 Boswell Street London United Kingdom WC1N 3JZ
D I REEVES CONSULTING LTD,16145794,active,ltd,,,2024-12-20,,2024-12-20,[70229],31c Handen Road London England SE12 8NR
BIOLOCATION LIMITED,16145842,active,ltd,,,2024-12-20,,2024-12-20,[72110],6 Courtfield London United Kingdom W5 1TA
VK HARINGEY LTD,16145943,active,ltd,,,2024-12-20,,2024-12-20,[56290],6 Salisbury Promenade London United Kingdom N8 0RX
WOW BEAUTY (CLAPHAM) LTD,16145958,active,ltd,,,2024-12-20,,2024-12-20,[68100, 68209],861 Coronation Road Park Royal London United Kingdom NW10 7PT
OVA INNOVATION LTD,16146092,active,ltd,,,2024-12-20,,2024-12-20,[62012, 62090, 70229, 73110],2nd Floor 33 Newman Street London England W1T 1PY
DFCC LTD,16146093,active,ltd,,,2024-12-20,,2024-12-20,[74909],2 Frederick Street London United Kingdom WC1X 0ND
OXFORD AI LAW REVIEW LTD,16146142,active,ltd,,,2024-12-20,,2024-12-20,[58142],9 Kempsford Gardens London England SW5 9LA
LOFT LIVING GLOBAL LIMITED,16146268,active,ltd,,,2024-12-20,,2024-12-20,[47599],60 Lambs Conduit Street London England WC1N 3LW
HERBAL WONDERS LTD,16146970,active,ltd,,,2024-12-20,,2024-12-20,[47910],20 Wenlock Road London England N1 7GU
LMR PROPERTY GROUP LTD,16146978,active,ltd,,,2024-12-20,,2024-12-20,[68100, 68209, 68310, 68320],20 Wenlock Road London England N1 7GU
BARON BLOOMER LIMITED,16147048,active,ltd,,,2024-12-20,,2024-12-20,[62012],Flat 71 41 Provost Street London England N1 7NB
CBPK HOLDINGS LIMITED,16147026,active,ltd,,,2024-12-20,,2024-12-20,[56290],201 George Lane London England SE13 6RY
ASTROLABE EXECUTIVE SEARCH LIMITED,16147041,active,ltd,,,2024-12-20,,2024-12-20,[78109],The Windsor Centre, 15-29 Windsor Street London United Kingdom N1 8QG
CHILD PSYCHIATRY CONSULTANCY LTD,16147055,active,ltd,,,2024-12-20,,2024-12-20,[86900],320 City Road London United Kingdom EC1V 2NZ
STROMA VENTURES LTD,16147107,active,ltd,,,2024-12-20,,2024-12-20,[96090],20 Wenlock Road London England N1 7GU
CHIBO LTD,16147108,active,ltd,,,2024-12-20,,2024-12-20,[56102],29 Church Road London England NW4 4EB
CENTURAY TECHNOLOGIES UK LTD,16147132,active,ltd,,,2024-12-20,,2024-12-20,[43210, 46900, 71122],167-169 Great Portland Street London United Kingdom W1W 5PF
LUDMER LIMITED,16147131,active,ltd,,,2024-12-20,,2024-12-20,[70229],Flat 8 Regatta House Teddington United Kingdom TW11 8AZ
HAVIN POOLE LTD,16147144,active,ltd,,,2024-12-20,,2024-12-20,[56103],500 White Hart Lane London England N17 7NA
XIG LTD,16147147,active,ltd,,,2024-12-20,,2024-12-20,[77110],128 City Road London United Kingdom EC1V 2NX
APOLLO EDUCATION SERVICES LTD,16147162,active,ltd,,,2024-12-20,,2024-12-20,[78109],3rd Floor, 86-90 Paul Street London United Kingdom EC2A 4NE
HERON, DAWSON & SAWYER LIMITED,16147159,active,ltd,,,2024-12-20,,2024-12-20,[18129, 58190],Heron Dawson & Sawyer, 30-36 Rosebery Avenue London United Kingdom EC1R 4TA
ASDAK CONSULTANCY LIMITED,16147187,active,ltd,,,2024-12-20,,2024-12-20,[96090],180 London Road Romford England RM7 9EU
AEQ LTD,16147218,active,ltd,,,2024-12-20,,2024-12-20,[99999],Flat 6 Chartham Court London England SW9 7PT
WINDACRE SOLUTIONS LIMITED,16147211,active,ltd,,,2024-12-20,,2024-12-20,[70229],5 Technology Park Colindeep Lane London United Kingdom NW9 6BX
WORLD OF WESTCOR UK LIMITED,16147234,active,ltd,,,2024-12-20,,2024-12-20,[46480, 47770],Ground Floor Marlborough House London United Kingdom N3 2SZ
EJ HANDLING LIMITED,16147242,active,ltd,,,2024-12-20,,2024-12-20,[82990],Harben House 13a Harben Parade London United Kingdom NW3 6LH
CONYRO LTD,16147253,active,ltd,,,2024-12-20,,2024-12-20,[62012, 62020, 62090],85 Great Portland Street London England W1W 7LT
XPERCEPT LTD,16147256,active,ltd,,,2024-12-20,,2024-12-20,[62012, 62090, 70229],128 City Road London United Kingdom EC1V 2NX
OUTSIDE OVER THERE LTD,16147285,active,ltd,,,2024-12-20,,2024-12-20,[41100],16 Beaufort Court Admirals Way London England E14 9XL
SS TRADERS PRIVATE LIMITED,16147297,active,ltd,,,2024-12-20,,2024-12-20,[47910],30 Riverhead Close London England E17 5PY
TENIFY LTD,16147370,active,ltd,,,2024-12-20,,2024-12-20,[47910],20 Wenlock Road London England N1 7GU
LOSHE LTD,16147436,active,ltd,,,2024-12-20,,2024-12-20,[47910, 47990],71-75 Shelton Street London United Kingdom WC2H 9JQ
CRAFTIO GROUP LTD,16147455,active,ltd,,,2024-12-20,,2024-12-20,[62012, 82990],1 Churchfield Road Welling England DA16 2AA
LUPUS ST POKE LTD,16147488,active,ltd,,,2024-12-20,,2024-12-20,[47230, 56102],Unit 3 Bradley House Golders Green United Kingdom NW11 7QE
SKYROCKET DIGITAL LTD,16147486,active,ltd,,,2024-12-20,,2024-12-20,[58290, 63120],128 City Road London United Kingdom EC1V 2NX
JANUS CONNECTION LTD,16147491,active,ltd,,,2024-12-20,,2024-12-20,[47910],71-75 Shelton Street London United Kingdom WC2H 9JQ
AI-Q ARTIFICIAL INTELLIGENCE QUOTIENT LTD,16147557,active,ltd,,,2024-12-20,,2024-12-20,[62020, 70229, 71122],20 Wenlock Road London England N1 7GU
BRIGHT IDEAS STRATEGIC CONSULTING LIMITED,16147572,active,ltd,,,2024-12-20,,2024-12-20,[70229],61 Bexhill Road London England SE4 1SJ
IWINGS AGENCY LTD,16147595,active,ltd,,,2024-12-20,,2024-12-20,[62020, 71200, 73110],71-75 Shelton Street London United Kingdom WC2H 9JQ
VM ASSETS LTD,16147609,active,ltd,,,2024-12-20,,2024-12-20,[70100],Ormond House 26/27 Boswell Street London United Kingdom WC1N 3JZ
CHNG HOLDING LIMITED,16144127,active,ltd,,,2024-12-19,,2024-12-19,[68209],16 Ingestre Place London England W1F 0JJ
SMART VALIDATION LTD,16144136,active,ltd,,,2024-12-19,,2024-12-19,[46190, 62012, 62020, 82990],42-44 Bishopsgate London United Kingdom EC2N 4AH
KNIGHTS HOLDINGS LTD,16144537,active,ltd,,,2024-12-19,,2024-12-19,[68209],20 Wenlock Road London England N1 7GU
ACADEMIC AID LTD,16144535,active,ltd,,,2024-12-19,,2024-12-19,[85200, 85310, 85421],20 Wenlock Road London England N1 7GU
WILLINNESSMITH LTD,16144598,active,ltd,,,2024-12-19,,2024-12-19,[59112],22 Hidcote Apartments 5 Danvers Avenue London United Kingdom SW11 1AN
S LIFESTYLES LIMITED,16144694,active,ltd,,,2024-12-19,,2024-12-19,[68100, 68209],Flat 35 Buckmaster House London England N7 9SB
MANTUA FILMS LIMITED,16144695,active,ltd,,,2024-12-19,,2024-12-19,[59111],Ground Floor, Hutley Wharf London England N1 5PW
LADYBIRD AND LEAF LIMITED,16144668,active,ltd,,,2024-12-19,,2024-12-19,[85200],104 Graham Road London England N15 3NJ
PYRI LTD,16144854,active,ltd,,,2024-12-19,,2024-12-19,[62090, 72190, 74901],9th Floor 107 Cheapside London United Kingdom EC2V 6DN
TAG FURNITURE PROJECTS LTD,16144964,active,ltd,,,2024-12-19,,2024-12-19,[96090],Seymour Chambers Liverpool United Kingdom L3 5NW
NORIRUMI LTD,16145179,active,ltd,,,2024-12-19,,2024-12-19,[47910],111 Wellesley Road, Ilford,Ig1 4ll London United Kingdom IG1 4LL
ORSA YACHTING LTD,16145284,active,ltd,,,2024-12-19,,2024-12-19,[99999],Third Floor London England W1B 3HH
EASY TICKET LTD,16144104,active,ltd,,,2024-12-19,,2024-12-19,[79110, 79120, 79901, 79909],128 City Road London United Kingdom EC1V 2NX
VENTURE CORE SOLUTIONS LTD,16144109,active,ltd,,,2024-12-19,,2024-12-19,[49420, 56103, 62020, 81299],71-75 Shelton Street London United Kingdom WC2H 9JQ
ALA ENTERPRISE LTD,16144111,active,ltd,,,2024-12-19,,2024-12-19,[47820, 47890],441 High Street North London England E12 6TJ
THE FLEXVP LTD,16144215,active,ltd,,,2024-12-19,,2024-12-19,[70229],24 Ormiston Road London England SE10 0LN
UK EUNI WORLDWIDE LIMITED,16144397,active,ltd,,,2024-12-19,,2024-12-19,[85320, 85410, 85421, 85422],First Floor Office London United Kingdom W8 4LZ
GRIDLINK INTERCONNECTOR GROUP LTD,16144577,active,ltd,,,2024-12-19,,2024-12-19,[64209],5th Floor 15 Golden Square London United Kingdom W1F 9JG
YOU AND I AGENCY LIMITED,16144665,active,ltd,,,2024-12-19,,2024-12-19,[73110],56 Stockwell Park Crescent London United Kingdom SW9 0DG
KALYPTO LTD,16144843,active,ltd,,,2024-12-19,,2024-12-19,[78300],224 Sutherland Grove London England SW18 5QX
NAYAAB REAL ESTATE LTD,16144877,active,ltd,,,2024-12-19,,2024-12-19,[68310],124 Varley Road London United Kingdom E16 3NS
ONE IN A ML BEAUTY LTD,16144989,active,ltd,,,2024-12-19,,2024-12-19,[47910],85 Great Portland Street London England W1W 7LT
LEAN WITH SWEEN LIMITED,16144979,active,ltd,,,2024-12-19,,2024-12-19,[93130],19 Lucas House Coleridge Gardens London England SW10 0RE
PROJECT CONSULTANCY MANAGEMENT LTD,16144992,active,ltd,,,2024-12-19,,2024-12-19,[70229],20 Wenlock Road London England N1 7GU
CHARLOTTE BWANA LTD,16145095,active,ltd,,,2024-12-19,,2024-12-19,[70229],C/O The Accountancy Partnership Suite 5, 5th Floor, City Reach London United Kingdom E14 9NN
THE WORKERS CLUB HOLDINGS LIMITED,16145159,active,ltd,,,2024-12-19,,2024-12-19,[64209],Gatehouse Studio London Road Didcot United Kingdom OX11 9PB
IPB MANAGEMENT LTD,16145167,active,ltd,,,2024-12-19,,2024-12-19,[69109],C/O Proview Accountants, 315, Regents Park Road London England N3 1DP
COBRAK LTD,16144069,active,ltd,,,2024-12-19,,2024-12-19,[32990, 70229, 74100],3rd Floor, 86-90 Paul Street London England EC2A 4NE
SYLLA GLOBAL LTD,16144176,active,ltd,,,2024-12-19,,2024-12-19,[47910],86-90 Paul Street London England EC2A 4NE
TIMELESS APPAREL LIMITED,16144349,active,ltd,,,2024-12-19,,2024-12-19,[46420],71-75 Shelton Street London United Kingdom WC2H 9JQ
GOING 2 ZERO LTD,16144548,active,ltd,,,2024-12-19,,2024-12-19,[62020, 74901],20 Wenlock Road London England N1 7GU
SEA SCOOTERS LONDON LTD,16144553,active,ltd,,,2024-12-19,,2024-12-19,[82990],73 Cornhill London England EC3V 3QQ
WP CONSULTING LTD,16144645,active,ltd,,,2024-12-19,,2024-12-19,[84110],Flat 35 Prebend Mansions London United Kingdom W4 2LU
PRESTIGE PHOTOBOOTHS LTD,16144813,active,ltd,,,2024-12-19,,2024-12-19,[74202],128 City Road London United Kingdom EC1V 2NX
SIRIUS COLLECTIVE LTD,16144906,active,ltd,,,2024-12-19,,2024-12-19,[63990, 70229, 73110, 90030],20 Wenlock Road London England N1 7GU
BOLEBEC LIMITED,16145041,active,ltd,,,2024-12-19,,2024-12-19,[64209],85 Great Portland Street, First Floor London England W1W 7LT
STREAMLINK MEDIA LIMITED,16145037,active,ltd,,,2024-12-19,,2024-12-19,[59112],277-279 Chiswick High Road London England W4 4PU
LITTLE ISLAND PRODUCTIONS (THE ORDER) LIMITED,16145243,active,ltd,,,2024-12-19,,2024-12-19,[59111],71 Queen Victoria Street London United Kingdom EC4V 4BE
NEKOBE LTD,16145217,active,ltd,,,2024-12-19,,2024-12-19,[58190],3rd Floor, 86-90 Paul Street London United Kingdom EC2A 4NE
CHEZZY HEAVEN LIMITED,16145404,active,ltd,,,2024-12-19,,2024-12-19,[56103],149 Upper Tooting Road London United Kingdom SW17 7TJ
PEOPLE OPTIMISE LTD,16145449,active,ltd,,,2024-12-19,,2024-12-19,[70229],57a Elizabeth Avenue London England N1 3BQ
A&H RESIDENTIAL LTD,16145488,active,ltd,,,2024-12-19,,2024-12-19,[68100, 68209],23 Horn Lane London England W3 9NJ
HERBANIC LTD,16145549,active,ltd,,,2024-12-19,,2024-12-19,[10890, 46341, 47290, 56103],Office 22e Unit 5, 399-405 Oxford Street London United Kingdom W1C 2BU
PM BOX LTD,16137285,active,ltd,,,2024-12-16,,2024-12-16,[62020],Flat 12, Embankment Court London England SE14 6PF
CONTEMPORARY PICTURES LTD,16145643,active,ltd,,,2024-12-19,,2024-12-19,[59111],Flat 209 Lauderdale Mansions Lauderdale Road London England W9 1LZ
THE HAFLA LONDON LIMITED,16145696,active,ltd,,,2024-12-20,,2024-12-20,[47910],Unit 4 113-115, Fonthill Road London United Kingdom N4 3HH
LOADED BASES LTD,16145780,active,ltd,,,2024-12-20,,2024-12-20,[70229, 73110, 73120, 90020],C/O The Accountancy Partnership Suite 5, 5th Floor, City Reach London United Kingdom E14 9NN
COCONUTS MEN LTD,16145875,active,ltd,,,2024-12-20,,2024-12-20,[46450, 47750],24-26 Arcadia Avenue, Fin0000 London United Kingdom N3 2JU
CHINA WISENERGY LTD,16145866,active,ltd,,,2024-12-20,,2024-12-20,[47910],Flat 14b Woburn Walk London England WC1H 0JL
MASONS EYEWEAR LTD,16146043,active,ltd,,,2024-12-20,,2024-12-20,[47910],15 Stanhope Terrace London England W2 2TT
INHAUS CREATIVE CO LIMITED,16146185,active,ltd,,,2024-12-20,,2024-12-20,[59112],24a Aldermans Hill London England N13 4PN
RICH FASHION LIMITED,16146170,active,ltd,,,2024-12-20,,2024-12-20,[46420],International House London United Kingdom SW11 5RQ
XONELOGIK LTD,16146763,active,ltd,,,2024-12-20,,2024-12-20,[71122],128 City Road London United Kingdom EC1V 2NX
CHRISTIANSBORG DEVELOPMENT LIMITED,16146797,active,ltd,,,2024-12-20,,2024-12-20,[62012, 82990],2nd Floor College House Ruislip, United Kingdom HA4 7AE
ARDMORE TALENT LTD,16146914,active,ltd,,,2024-12-20,,2024-12-20,[62020],20 Wenlock Road London England N1 7GU
FARSIGHT ADVISORY LTD,16146350,active,ltd,,,2024-12-20,,2024-12-20,[64209, 70229],137-139 Brent Street London England NW4 4DJ
VIVENTA HOLDINGS LIMITED,16146344,active,ltd,,,2024-12-20,,2024-12-20,[64209],2nd Floor 134 Buckingham Palace Road London United Kingdom SW1W 9SA
MOONACY FINANCE SOLUTIONS LIMITED,16146347,active,ltd,,,2024-12-20,,2024-12-20,[70221],245 Hammersmith Road London England W6 8PW
CAPITAL COM NEWCO LIMITED,16146367,active,ltd,,,2024-12-20,,2024-12-20,[82990],2nd Floor, 4 Orchard Place London England SW1H 0BF
IPCORE LTD,16146499,active,ltd,,,2024-12-20,,2024-12-20,[59112, 62020],71-75 Shelton Street Covent Garden United Kingdom WC2H 9JQ
OCTOPUS UK BIDCO LIMITED,16146577,active,ltd,,,2024-12-20,,2024-12-20,[64209],15 Stratton Street London United Kingdom W1J 8LQ
NW1 FREEHOLD LTD,16146649,active,ltd,,,2024-12-20,,2024-12-20,[68209],128 City Road London United Kingdom EC1V 2NX
THEATRE GROUP LTD,16146662,active,ltd,,,2024-12-20,,2024-12-20,[78101],389 Acton Lane London England W3 8NP
ENERVIX LTD,16146688,active,ltd,,,2024-12-20,,2024-12-20,[47190, 47770, 47789, 47910],128 City Road London United Kingdom EC1V 2NX
YASUDA REAL ESTATE UK LIMITED,16146684,active,ltd,,,2024-12-20,,2024-12-20,[64209, 68100, 68209, 68320],128 City Road London United Kingdom EC1V 2NX
CAVENDISH INTRODUCTIONS LTD,16146726,active,ltd,,,2024-12-20,,2024-12-20,[96090],124-128 City Road London England EC1V 2NX
19 ST. MARTINES WAY LLC LIMITED,16146789,active,ltd,,,2024-12-20,,2024-12-20,[68100],809 Salisbury House 29 Finsbury Circus London United Kingdom EC2M 7AQ
BECOMING CAPA PRODUCTIONS LIMITED,16146779,active,ltd,,,2024-12-20,,2024-12-20,[59111],6 Cobb Street London England E1 7LB
GLO BEAUTY LIMITED,16146787,active,ltd,,,2024-12-20,,2024-12-20,[96020],43 Moreton Street Pimlico England SW1V 2NY
BIRDS OF FEATHER LTD,16146841,active,ltd,,,2024-12-20,,2024-12-20,[62012, 62020],71-75 Shelton Street London United Kingdom WC2H 9JQ
BOKLERS LIMITED,16146875,active,ltd,,,2024-12-20,,2024-12-20,[47610, 58110, 58142, 58190],128 City Road London United Kingdom EC1V 2NX
UK GROOVY HOUSE CO., LTD,16147661,active,ltd,,,2024-12-20,,2024-12-20,[13923, 20411, 23410, 25710],120 (Room1) Manor Waye London United Kingdom UB8 2BH
INVOTECH CONSULTING LTD.,16147710,active,ltd,,,2024-12-20,,2024-12-20,[62020, 62090],8 79 Fermoy Road London United Kingdom W9 3NJ
40 GL LIMITED,16147769,active,ltd,,,2024-12-20,,2024-12-20,[68100],Office 1, 50 River Gardens Walk London England SE10 0UB
RA CONSULTING LTD,16147802,active,ltd,,,2024-12-20,,2024-12-20,[70229],167-169 Great Portland Street London United Kingdom W1W 5PF
BROWS BY RSC LTD,16147824,active,ltd,,,2024-12-20,,2024-12-20,[96020],34 Lavender Hill London England SW11 5RL
51KR OLD TRAFFORD LTD,16147822,active,ltd,,,2024-12-20,,2024-12-20,[68100, 68209],84 Mitcham Road London England SW17 9NG
PURE HEALTH PATH SOLUTIONS LTD,16128539,active,ltd,,,2024-12-10,,2024-12-10,[86900, 87200, 87900],296 Greenhaven Drive London United Kingdom SE28 8FY
INSPIRE US LTD,16148071,active,ltd,,,2024-12-21,,2024-12-21,[47910, 59112],124-128 City Road London England EC1V 2NX
FLEX SUPPLIES DIRECT LTD,16148102,active,ltd,,,2024-12-21,,2024-12-21,[47910],Unit 5 1000 North Circular Road London England NW2 7JP
HMO ACCOMMODATION LTD,16148103,active,ltd,,,2024-12-21,,2024-12-21,[68209],85 Great Portland Street London England W1W 7LT
NEDIC LTD,16148143,active,ltd,,,2024-12-21,,2024-12-21,[41202],64 Elmbank Way London England W7 3DQ
OKBEN GROUP LTD,16148150,active,ltd,,,2024-12-21,,2024-12-21,[41201, 41202],45 Newacres Road London England SE28 0LB
FEEZA’S FOODS LIMITED,16148154,active,ltd,,,2024-12-21,,2024-12-21,[47110],58 Plumstead High Street London England SE18 1SL
BASELINE ACCOUNTANTS LTD,16148163,active,ltd,,,2024-12-22,,2024-12-22,[69201],85 Tooting High Street London England SW17 0SU
MAISONSAISON LTD,16148162,active,ltd,,,2024-12-22,,2024-12-22,[23410, 46150, 47781, 47990],Flat 33 Temple Fortune Mansions London England NW11 0QX
BERI LTD,16148165,active,ltd,,,2024-12-22,,2024-12-22,[43390],Flat 41 Withy House London England E1 4AJ
AC/DC PLATFORM LIMITED,16148229,active,ltd,,,2024-12-22,,2024-12-22,[70229],104 Old Ford Road London England E2 9PW
CHEFSMITHS LTD,16148238,active,ltd,,,2024-12-22,,2024-12-22,[47290],3rd Floor, 86-90 Paul Street London United Kingdom EC2A 4NE
NDH CONSULTING LTD,16148255,active,ltd,,,2024-12-22,,2024-12-22,[62090],66 Firs Park Avenue London England N21 2PT
MAZIMA LIMITED,16148293,active,ltd,,,2024-12-22,,2024-12-22,[47750],5 Brayford Square London England E1 0SG
LATITUDE ZERO CONSULTING LTD,16148323,active,ltd,,,2024-12-22,,2024-12-22,[70229],11 Rathcoole Avenue London England N8 9LY
PATIENTHANDLINGTRAINING LTD,16148336,active,ltd,,,2024-12-22,,2024-12-22,[85600],Flat 41 Crossway Court 40-44 Endwell Road London England SE4 2NG
BELLY FUEL LIMITED,16148355,active,ltd,,,2024-12-22,,2024-12-22,[56103, 56210, 56290],Flat 1 Hadlow House London England SE17 2LG
MCKENZIE HOMES INC LTD,16148395,active,ltd,,,2024-12-22,,2024-12-22,[68209, 68310],440a Romford Road London England E7 8DF
LKT MANAGEMENT LTD,16148411,active,ltd,,,2024-12-22,,2024-12-22,[68209, 68320],2 St. Joan's Road London England N9 9PX
NOVKU LTD,16148466,active,ltd,,,2024-12-23,,2024-12-23,[96090],5 Brayford Square London England E1 0SG
VISAFONT LIMITED,16148481,active,ltd,,,2024-12-23,,2024-12-23,[70229, 79110, 85600, 96090],277 Bethnal Green Road London England E2 6AH
TLS CATERING LTD,16148501,active,ltd,,,2024-12-23,,2024-12-23,[56210, 56290],20 Wenlock Road London England N1 7GU
SIMIT INVESTMENTS LTD,16148509,active,ltd,,,2024-12-23,,2024-12-23,[68209],20 Wenlock Road London England N1 7GU
HAVEN LONDON A LTD,16148511,active,ltd,,,2024-12-23,,2024-12-23,[68209],93 Lee Road London United Kingdom SE3 9EN
UNTANGLED GROUP LTD,16148538,active,ltd,,,2024-12-23,,2024-12-23,[59111, 59112, 59113, 59120],124 City  Road London United Kingdom EC1V 2NX
LINCOLN CAFE LIMITED,16148548,active,ltd,,,2024-12-23,,2024-12-23,[56102],32 Willoughby Road London United Kingdom N8 0JG
TRACELINE INTERIOR CONTRACTING LIMITED,16148554,active,ltd,,,2024-12-23,,2024-12-23,[74100],C/O Pearlman Rose Jack Dash House London England E14 9YQ
MEENA THAI MASSAGE LTD,16148591,active,ltd,,,2024-12-23,,2024-12-23,[96040],611 High Road Leyton London United Kingdom E10 6RF
TRICKDOG LTD,16148578,active,ltd,,,2024-12-23,,2024-12-23,[59111],2 The Courtyard 21-23 Pirbright Road London England SW18 5NB
KUAK LTD,16148603,active,ltd,,,2024-12-23,,2024-12-23,[47910],Suite 437, Office 408, Screenworks 22 Highbury Grove London United Kingdom N5 2ER
SVN DIGITAL MEDIA LTD,16148646,active,ltd,,,2024-12-23,,2024-12-23,[59112, 62020, 62090, 73110],128 City Road London United Kingdom EC1V 2NX
BRADBURYHEALTH LTD,16148655,active,ltd,,,2024-12-23,,2024-12-23,[86101, 86102],3rd Floor, 86-90 Paul Street London England EC2A 4NE
FENG CHENG CAPITAL LTD,16148664,active,ltd,,,2024-12-23,,2024-12-23,[68100, 68209, 68320],20 Abercrombie Road London England E20 1FU
AWAN M LTD,16148713,active,ltd,,,2024-12-23,,2024-12-23,[47910],41b Hatherley Road, Walthamstow London United Kingdom E17 6SE
ECOGREEN TRADERS LTD,16148751,active,ltd,,,2024-12-23,,2024-12-23,[70229],20 Wenlock Road London England N1 7GU
KIROLUMO LTD,16148817,active,ltd,,,2024-12-23,,2024-12-23,[47710],124-128 City Road London England EC1V 2NX
SHOMOKH AL SAQER LTD,16148797,active,ltd,,,2024-12-23,,2024-12-23,[58210],71-75 Shelton Street London United Kingdom WC2H 9JQ
CAMELOT COURIER SERVICES LTD,16148783,active,ltd,,,2024-12-23,,2024-12-23,[52290, 53201, 53202],20 Wenlock Road London England N1 7GU
MYSECRETTBOX LTD,16148861,active,ltd,,,2024-12-23,,2024-12-23,[32120, 47890, 47910],3rd Floor, 86-90 Paul Street London England EC2A 4NE
CONTINUOUS INNOVATIONS LIMITED,16148855,active,ltd,,,2024-12-23,,2024-12-23,[47910],29235 Office Suite 29a, 3/F., 23 Wharf Street London United Kingdom SE8 3GG
EDONKOR CONSULTANCY LIMITED,16148845,active,ltd,,,2024-12-23,,2024-12-23,[70229],44 Bishopsthorpe Road London England SE26 4PA
SMART HUB SOFTWARE LIMITED,16148948,active,ltd,,,2024-12-23,,2024-12-23,[62012],12 Constance Street London United Kingdom E16 2DQ
BARONI ARTISAN SHOES LTD,16149004,active,ltd,,,2024-12-23,,2024-12-23,[46160],Flat 4 Hainault Court 2a London England N13 4JN
URBAN PILLARS LIMITED,16149023,active,ltd,,,2024-12-23,,2024-12-23,[68310, 68320],611 Romford Road London United Kingdom E12 5AD
GUIDING STARS LIVING LTD,16149088,active,ltd,,,2024-12-23,,2024-12-23,[68320, 87900],53 Allwood Close London England SE26 4JP
SPICE ISLAND LIMITED,16149084,active,ltd,,,2024-12-23,,2024-12-23,[56103],564 Commercial Road London England E14 7JD
EDSTEL CONSULTING HUB LTD,16149117,active,ltd,,,2024-12-23,,2024-12-23,[70229],Flat 6 201 Woodside Green London England SE25 5EN
NOMADAS LTD,16149127,active,ltd,,,2024-12-23,,2024-12-23,[63910, 66190, 79110, 79120],128 City Road London United Kingdom EC1V 2NX
CHARDON INVESTMENT COMPANY LIMITED,16149125,active,ltd,,,2024-12-23,,2024-12-23,[55100, 96090],Flat H Putney United Kingdom SW15 2QT
ENSEMBLE RIGHTS MANAGEMENT LTD.,16149140,active,ltd,,,2024-12-23,,2024-12-23,[59200],115e Parnell Road London England E3 2RT
CRYPTOFY DIGITAL SERVICES LTD,16149143,active,ltd,,,2024-12-23,,2024-12-23,[64999],128 City Road London United Kingdom EC1V 2NX
AFRISSANCE GROUP LIMITED,16149146,active,ltd,,,2024-12-23,,2024-12-23,[70229, 74909],71-75 Shelton Street London United Kingdom WC2H 9JQ
SW SERVICES NE LTD,16149147,active,ltd,,,2024-12-23,,2024-12-23,[41100, 43320, 43330, 43910],71-75 Shelton Street London United Kingdom WC2H 9JQ
CASE CENTRAL LTD,16149188,active,ltd,,,2024-12-23,,2024-12-23,[87900],64 Wandsworth Bridge Road London England SW6 2TH
THE RESURRECTION OF JESUS CHRIST DELIVERANCE ARMY ( ROJCDA) CATERING SERVICES T/A GLOW'S KITCHEN LTD,16149194,active,ltd,,,2024-12-23,,2024-12-23,[56210],21 Palmers Road London United Kingdom SW16 4SH
PLAYTIME AND ROADCALL LTD,16149155,active,ltd,,,2024-12-23,,2024-12-23,[90030],3rd Floor, 86-90 Paul Street London United Kingdom EC2A 4NE
LONDON PRO CONSTRUCTION LTD,16112564,active,ltd,,,2024-12-02,,2024-12-02,[41201, 41202],222a Kilburn High Road London England NW6 4JP
LONDON QUALITY DRY CLEANERS LTD,16149289,active,ltd,,,2024-12-23,,2024-12-23,[96010],816 London Road Thornton Heath England CR7 7PA
KARMO EXPRESS LIMITED,16149286,active,ltd,,,2024-12-23,,2024-12-23,[56290],21a Kentish Town Road London United Kingdom NW1 8NH
NOLOS STUDIOS LTD,16149242,active,ltd,,,2024-12-23,,2024-12-23,[74209],Flat 30 Arlington Park Mansions London England W4 4HE
EURASIAN PASSAGE LIMITED,16149350,active,ltd,,,2024-12-23,,2024-12-23,[46900, 64304, 68320, 82990],19 Arlington Way London England EC1R 1UY
ANGEL THOMAS LIMITED,16149379,active,ltd,,,2024-12-23,,2024-12-23,[82990, 85590],190 High Street London England SE20 7QB
HAYNES DRAINS LTD,16149389,active,ltd,,,2024-12-23,,2024-12-23,[96090],Flat 14 Chuter Ede House London England SW6 7RU
JOE MOSBY FREELANCING LTD,16149391,active,ltd,,,2024-12-23,,2024-12-23,[63990],71-75 Shelton Street London United Kingdom WC2H 9JQ
PACHA LTD,16149440,active,ltd,,,2024-12-23,,2024-12-23,[47910],124 City Road London England EC1V 2NX
CHARLESTOWN VIEW DEVELOPMENTS LIMITED,16149573,active,ltd,,,2024-12-23,,2024-12-23,[99999],29 York Street London United Kingdom W1H 1EZ
1912 HOTELS ST PAULS LTD,16149541,active,ltd,,,2024-12-23,,2024-12-23,[55100],71-75 Shelton Street London United Kingdom WC2H 9JQ
TERRA WASTE LIMITED,16133852,active,ltd,,,2024-12-13,,2024-12-13,[38110, 38120, 38210, 38220],44j Randolph Avenue London United Kingdom W9 1BE
B2B TRAVEL & SERVICES LTD,16149564,active,ltd,,,2024-12-23,,2024-12-23,[47910, 49390, 55209, 79120],1302 104 - 106 Scrubs Lane London United Kingdom NW10 6SH
JT SECURITY SERVICES LTD,16149970,active,ltd,,,2024-12-23,,2024-12-23,[80100],2nd Floor College House Ruislip, United Kingdom HA4 7AE
BUGGSI SUPERMARKET LIMITED,16150048,active,ltd,,,2024-12-23,,2024-12-23,[47110],86 Bramley Road London England W10 6UG
ATLAS2024 LTD,16150043,active,ltd,,,2024-12-23,,2024-12-23,[90020],Apartment 1602 10 Marsh Wall London England E14 9GU
KB FREEHOLD LIMITED,16150253,active,ltd,,,2024-12-23,,2024-12-23,[41100],447 Edgware Road London United Kingdom W2 1TH
LLF PROPERTY DEVELOPMENTS LTD,16150234,active,ltd,,,2024-12-23,,2024-12-23,[68100, 68209],809 Salisbury House 29 Finsbury Circus London United Kingdom EC2M 7AQ
HC PROGRAMMING LTD,16150363,active,ltd,,,2024-12-23,,2024-12-23,[62020],2nd Floor College House Ruislip, United Kingdom HA4 7AE
INN VICTUS LTD,16150366,active,ltd,,,2024-12-23,,2024-12-23,[56101],20 Wenlock Road London England N1 7GU
SOIE STUDIO LTD,16150518,active,ltd,,,2024-12-23,,2024-12-23,[14190, 38320, 47710],4th Floor Office London England W1B 4HB
KNIGHT DRAGON 1.03 LIMITED,16150566,active,ltd,,,2024-12-23,,2024-12-23,[41100],6 Mitre Passage London England SE10 0ER
AYOORX3 LIMITED,16150627,active,ltd,,,2024-12-23,,2024-12-23,[68100, 68310],137 Cuckoo Hall Lane London England N9 8DS
INTACT LTD,16150723,active,ltd,,,2024-12-24,,2024-12-24,[41202],167-169 Great Portland Street London England W1W 5PF
ALKHADER IMPORT AND EXPORT CO., LTD,16150997,active,ltd,,,2024-12-24,,2024-12-24,[99999],41 Devonshire Street Ground Floor Office 1 London United Kingdom W1G 7AJ
CHAMBERS SONS LTD,16147481,active,ltd,,,2024-12-20,,2024-12-20,[68100, 68209],17 Kempshott Road London England SW16 5LG
R-AI TECHNOLOGIES LTD,16149776,active,ltd,,,2024-12-23,,2024-12-23,[62012, 62090, 82990],20 Wenlock Road London England N1 7GU
SUITE ESCAPE LTD,16149766,active,ltd,,,2024-12-23,,2024-12-23,[55100],71-75 Shelton Street London United Kingdom WC2H 9JQ
DEVRIM TIRPANCI LTD,16149912,active,ltd,,,2024-12-23,,2024-12-23,[47910],71-75 Shelton Street London United Kingdom WC2H 9JQ
BIBIBTEES LIMITED,16149924,active,ltd,,,2024-12-23,,2024-12-23,[46160, 46420, 68100],71-75 Shelton Street London United Kingdom WC2H 9JQ
ENTANGLED GROUP LTD,16149999,active,ltd,,,2024-12-23,,2024-12-23,[64209],20 Wenlock Road London England N1 7GU
17 PRIORY TERRACE FREEHOLD LIMITED,16150004,active,ltd,,,2024-12-23,,2024-12-23,[98000],Flat 3 17 Priory Terrace London United Kingdom NW6 4DG
WILLOWTREE PM LTD,16150176,active,ltd,,,2024-12-23,,2024-12-23,[55209],809 Salisbury House 29 Finsbury Circus London United Kingdom EC2M 7AQ
RKAY CONSULTING LTD,16150294,active,ltd,,,2024-12-23,,2024-12-23,[69201, 71200],71-75 Shelton Street London United Kingdom WC2H 9JQ
ALT 21 NOMINEES (EMPLOYEES) LIMITED,16150443,active,ltd,,,2024-12-23,,2024-12-23,[96090],5 Market Yard Mews London United Kingdom SE1 3TQ
REGALO SOLUTIONS LIMITED,16150698,active,ltd,,,2024-12-23,,2024-12-23,[14190, 47910, 53202, 85590],5 Brayford Square London England E1 0SG
CITY BUILDING MANAGEMENT LTD,16113524,active,ltd,,,2024-12-02,,2024-12-02,[98000],5th Floor 167-169 Great Portland Street London England W1W 5PF
CGEN C LIMITED,16151314,active,ltd,,,2024-12-24,,2024-12-24,[70100],147 Stamford Hill London England N16 5LG
GG-866-560 LIMITED,16151464,active,ltd,,,2024-12-24,,2024-12-24,[68209],C/O Getground London England W6 0NB
ICARUS APPS LIMITED,16149839,active,ltd,,,2024-12-23,,2024-12-23,[62012],18 John Hunter Avenue London United Kingdom SW17 7FA
ARSJ LTD,16150031,active,ltd,,,2024-12-23,,2024-12-23,[68100, 68209],6 Old Inn Court London England SE6 4HW
BOM STUDIO LTD,16150033,active,ltd,,,2024-12-23,,2024-12-23,[47910, 58290, 62012, 62090],71-75 Shelton Street London United Kingdom WC2H 9JQ
VIVIDKART LTD,16150147,active,ltd,,,2024-12-23,,2024-12-23,[46210, 46410, 47190, 47910],128 City Road London United Kingdom EC1V 2NX
WYNNE TRADING CO LIMITED,16150136,active,ltd,,,2024-12-23,,2024-12-23,[73110],C/O Esdg Accountancy Ltd London United Kingdom SE3 0TN
THWONDERLAND LIMITED,16150320,active,ltd,,,2024-12-23,,2024-12-23,[90030],16 Great Queen Street London United Kingdom WC2B 5AH
99 TO 1 LIMITED,16150316,active,ltd,,,2024-12-23,,2024-12-23,[62012, 70210, 73110, 74100],35 Ballards Lane London United Kingdom N3 1XW
INTERSEXY STUDIO LTD,16150436,active,ltd,,,2024-12-23,,2024-12-23,[73110, 74100],28 Dunstan Houses London United Kingdom E1 3JH
WERX CLINICAL SOLUTIONS LIMITED,16150593,active,ltd,,,2024-12-23,,2024-12-23,[78109],19, Rudhall House Tulse Hill London United Kingdom SW2 2HZ
ELITES CONSULTS LTD,16150819,active,ltd,,,2024-12-24,,2024-12-24,[68209, 68310, 68320],85 Great Portland Street London United Kingdom W1W 7LT
SYNARCHY LTD,16150942,active,ltd,,,2024-12-24,,2024-12-24,[73110, 74901, 90030],C/O Doyuk&Co 162-168 Regent Street London United Kingdom W1B 5TB
APPTAX LTD,16146078,active,ltd,,,2024-12-20,,2024-12-20,[62020, 69201, 69202, 69203],71-75 Shelton Street London United Kingdom WC2H 9JQ
ENRICHERS CORP LTD,16151040,active,ltd,,,2024-12-24,,2024-12-24,[45320, 47910, 69201, 71111],Enrichers Corp. London United Kingdom EC1V 2NX
ASCENDIA TECH LTD,16151213,active,ltd,,,2024-12-24,,2024-12-24,[62020, 85590],128 City Road London United Kingdom EC1V 2NX
CURIUM 242 FINANCE LTD,16151391,active,ltd,,,2024-12-24,,2024-12-24,[70229],C/O The Accountancy Partnership Suite 5, 5th Floor, City Reach London United Kingdom E14 9NN
AUSTINTATIOUS ATELIERS LIMITED,16151407,active,ltd,,,2024-12-24,,2024-12-24,[15120, 32120, 46420, 47820],85 Great Portland Street London England W1W 7LT
FULHAM SUSHI LIMITED,16149807,active,ltd,,,2024-12-23,,2024-12-23,[56103],99 Winsor Terrace London England E6 6LJ
CRUNCH BUNCH GAMES LTD,16149805,active,ltd,,,2024-12-23,,2024-12-23,[62011, 62012],20 Wenlock Road London England N1 7GU
VOYAGER PROPERTY LTD,16149812,active,ltd,,,2024-12-23,,2024-12-23,[68209],94 Saint Marks Road London England W10 6BY
EMAR LIBYA LTD,16149823,active,ltd,,,2024-12-23,,2024-12-23,[62020, 62090],128 City Road London United Kingdom EC1V 2NX
GB NAILS AND BEAUTY LIMITED,16150112,active,ltd,,,2024-12-23,,2024-12-23,[96020],117 Alexandra Park Road London England N10 2DP
REDFLAG CAPITAL LIMITED,16150122,active,ltd,,,2024-12-23,,2024-12-23,[64209],Suite 5 Beaufort Court London England E14 9XL
NEW EDUCATION LTD,16150114,active,ltd,,,2024-12-23,,2024-12-23,[85310, 85600],71-75 Shelton Street London United Kingdom WC2H 9JQ
TRIPLE R AUTOMATIONS LIMITED,16150907,active,ltd,,,2024-12-24,,2024-12-24,[62012, 62020, 62090, 63120],128 City Road London United Kingdom EC1V 2NX
TRIUMPH 2020 LTD,16151291,active,ltd,,,2024-12-24,,2024-12-24,[56101],78 Tooting High Street London England SW17 0RN
JACK RABBIT EVENTS LTD,16151440,active,ltd,,,2024-12-24,,2024-12-24,[90010, 90020, 90040],609 Romford Road London United Kingdom E12 5AD
SERVICING BUSINESS NATURE LTD,16151433,active,ltd,,,2024-12-24,,2024-12-24,[43220],20 Wenlock Road London England N1 7GU
ALPONICS LIMITED,16149502,active,ltd,,,2024-12-23,,2024-12-23,[86220],9a Burroughs Gardens London England NW4 4AU
LANDOFGAMING LTD,16149943,active,ltd,,,2024-12-23,,2024-12-23,[58290, 62011],71-75 Shelton Street London United Kingdom WC2H 9JQ
BUSHWACKA PRODUCTIONS LIMITED,16150075,active,ltd,,,2024-12-23,,2024-12-23,[90030],2nd Floor Northumberland House London England WC1V 7JZ
BRAMLING CROSS MANAGEMENT COMPANY LTD,16150081,active,ltd,,,2024-12-23,,2024-12-23,[68320],Solar House London England N14 6NZ
GLOBAL CARGO AND STORAGE LTD,16150603,active,ltd,,,2024-12-23,,2024-12-23,[47190],107a West Green Road London United Kingdom N15 5DE
BLUESTONE ESTATES LTD,16145978,active,ltd,,,2024-12-20,,2024-12-20,[68100, 68209],30 Moundfield Road London England N16 6DT
PULSAR FINANCIAL SERVICES LTD,16150763,active,ltd,,,2024-12-24,,2024-12-24,[64922, 65110, 66220],71-75 Shelton Street London United Kingdom WC2H 9JQ
HEALTHY MIND COUNSELLING PSYCHOLOGY LIMITED,16150933,active,ltd,,,2024-12-24,,2024-12-24,[86900],6 Cresswell Park London United Kingdom SE3 9RD
PREMIER BARBERS LTD,16151064,active,ltd,,,2024-12-24,,2024-12-24,[96020],40b London Road Gloucester England GL1 3NU
SAMAKH MANAGEMENT CONSULTING LIMITED,16151073,active,ltd,,,2024-12-24,,2024-12-24,[70229],7 Granard Business Centre, Bunns Lane London United Kingdom NW7 2DQ
DIGITAL CORE LTD,16151069,active,ltd,,,2024-12-24,,2024-12-24,[46900],167-169 Great Portland Street London England W1W 5PF
SPOTRENDZONE LTD,16149525,active,ltd,,,2024-12-23,,2024-12-23,[47990],71-75 Shelton Street London United Kingdom WC2H 9JQ
TENANSY LTD,16149863,active,ltd,,,2024-12-23,,2024-12-23,[62012, 63990, 68320],338a Regents Park Road London England N3 2LN
PR RENOVATIONS LTD,16150869,active,ltd,,,2024-12-24,,2024-12-24,[96090],12b Flodden Road London England SE5 9LH
KALAMAZOOVINTAGE LTD,16150903,active,ltd,,,2024-12-24,,2024-12-24,[47910],3rd Floor, 86-90 Paul Street London England EC2A 4NE
CGEN B LIMITED,16151347,active,ltd,,,2024-12-24,,2024-12-24,[70100],147 Stamford Hill London England N16 5LG
FUTURAE SALUTIS LTD,16149667,active,ltd,,,2024-12-23,,2024-12-23,[86900],71-75 Shelton Street London United Kingdom WC2H 9JQ
NUA AGENCY LIMITED,16149656,active,ltd,,,2024-12-23,,2024-12-23,[47910, 62012, 62020],71-75 Shelton Street London United Kingdom WC2H 9JQ
UNITY OIL DISTRIBUTION LTD,16150209,active,ltd,,,2024-12-23,,2024-12-23,[49410],71-75 Shelton Street London United Kingdom WC2H 9JQ
SCALEO LTD,16150349,active,ltd,,,2024-12-23,,2024-12-23,[47910, 70229, 73110],Dept 5394, 196 High Road London United Kingdom N22 8HH
ONEPERCENTUK LTD,16150473,active,ltd,,,2024-12-23,,2024-12-23,[46420, 47710],124-128 City Road London England EC1V 2NJ
CROWN DEVELOPMENT PROPERTIES LIMITED,16150631,active,ltd,,,2024-12-23,,2024-12-23,[68100, 68209, 68320],64 Willoughby Lane London United Kingdom N17 0SP
MARIE STELLA LIMITED,16151324,active,ltd,,,2024-12-24,,2024-12-24,[59113],8 Delta Mews London England NW7 1RA
TENDER HUB LTD,16151505,active,ltd,,,2024-12-24,,2024-12-24,[62012, 62020, 63120],128 City Road London United Kingdom EC1V 2NX
SQUARE ROBOT UK LIMITED,16151660,active,ltd,,,2024-12-24,,2024-12-24,[74909],Suite 1, 7th Floor 50 Broadway London United Kingdom SW1H 0DB
ARAMFC LIMITED,16152149,active,ltd,,,2024-12-26,,2024-12-26,[49320],10a Coles Green Road London England NW2 7ER
MARIOS FLOOR & CLEANING LTD,16152264,active,ltd,,,2024-12-27,,2024-12-27,[43999],Flat 56 Orford Court London England SE27 9DB
ONE UNITED FAMILY LTD,16152665,active,ltd,,,2024-12-27,,2024-12-27,[68209],Flat 4 Elaine Court London England NW3 4RT
NINE PEAKS INVESTMENT LTD,16152634,active,ltd,,,2024-12-27,,2024-12-27,[64209],71-75 Shelton Street London United Kingdom WC2H 9JQ
GOLDEN ANGSA LTD,16153199,active,ltd,,,2024-12-27,,2024-12-27,[55900, 68100, 68209],71-75 Shelton Street London United Kingdom WC2H 9JQ
MYSTSHIFT LTD.,16153212,active,ltd,,,2024-12-27,,2024-12-27,[46190, 73110, 74100, 90030],71-75 Shelton Street London United Kingdom WC2H 9JQ
WANTED SOFTWARE AND ADVERTISING LTD,16153344,active,ltd,,,2024-12-27,,2024-12-27,[62012, 73110],4 Raven Road, Unit 1c3-585 London United Kingdom E18 1HB
SPROGI LIMITED,16153326,active,ltd,,,2024-12-27,,2024-12-27,[47910],71-75 Shelton Street London United Kingdom WC2H 9JQ
55COMMERCE LIMITED,16153324,active,ltd,,,2024-12-27,,2024-12-27,[47910],71-75 Shelton Street London United Kingdom WC2H 9JQ
AL OMAR LTD,16151624,active,ltd,,,2024-12-24,,2024-12-24,[26400],128 City Road London United Kingdom EC1V 2NX
SOIRÉE FINESSE EVENTS LTD,16151623,active,ltd,,,2024-12-24,,2024-12-24,[56210],C/O The Accountancy Partnership Suite 5, 5th Floor, City Reach London United Kingdom E14 9NN
BAZR LTD,16151666,active,ltd,,,2024-12-24,,2024-12-24,[47910],Bazr London United Kingdom EC1V 2NX
NATURAWOOD-ECOTHEC LTD,16145482,active,ltd,,,2024-12-19,,2024-12-19,[41202],Suite10 Capital House London United Kingdom E8 1LL
THE HYDERABAD KADAI LTD,16152475,active,ltd,,,2024-12-27,,2024-12-27,[56101, 56102],278-281 Lansdowne Road London England E11 3EY
SPIN GROUP LIMITED,16152729,active,ltd,,,2024-12-27,,2024-12-27,[64209],56 Ayres Street London United Kingdom SE1 1EU
ISI MORALES LIMITED,16152931,active,ltd,,,2024-12-27,,2024-12-27,[56210],Flat 2 80 Hornsey Road London England N7 7NN
WOLDTEC LTD,16153175,active,ltd,,,2024-12-27,,2024-12-27,[43320],20 Wenlock Road London England N1 7GU
VENLOR LTD,16153194,active,ltd,,,2024-12-27,,2024-12-27,[47910],71-75 Shelton Street London United Kingdom WC2H 9JQ
CGEN CARE GROUP LIMITED,16153299,active,ltd,,,2024-12-27,,2024-12-27,[87900],147 Stamford Hill London England N16 5LG
SAI VARAGI IMPORT & EXPORT LTD,16152337,active,ltd,,,2024-12-27,,2024-12-27,[46900, 47290],150 Altmore Avenue London England E6 2BT
GRIMEY KICKS LTD,16152718,active,ltd,,,2024-12-27,,2024-12-27,[90030],House London United Kingdom UB1 2JX
RIVERFROG LIMITED,16152707,active,ltd,,,2024-12-27,,2024-12-27,[96090],124 Riverdale Road Kent United Kingdom DA8 1PX
JILIN SENFENG PIPE CO., LTD.,16152911,active,ltd,,,2024-12-27,,2024-12-27,[24200, 24510, 25110, 28140],41 Devonshire Street Ground Floor Office 1 London United Kingdom W1G 7AJ
FINTRAMORE LTD,16152891,active,ltd,,,2024-12-27,,2024-12-27,[62012],Flat 3 38 Rookstone Road London United Kingdom SW17 9NQ
TPUP ENTERTAINMENT LTD,16153052,active,ltd,,,2024-12-27,,2024-12-27,[73120],Unit A Gresham Industrial Estate London England SW19 8ED
BORGHESE FILM LTD,16153071,active,ltd,,,2024-12-27,,2024-12-27,[59111],85 Great Portland Street London United Kingdom W1W 7LT
LONE WOLF VENTURES LIMITED,16153082,active,ltd,,,2024-12-27,,2024-12-27,[46900, 47910, 58290, 62012],20 Wenlock Road London England N1 7GU
JOLLY LIGHTING LIMITED,16153240,active,ltd,,,2024-12-27,,2024-12-27,[74209],71-75 Shelton Street London United Kingdom WC2H 9JQ
VISION BY RAVEEN LTD,16151827,active,ltd,,,2024-12-25,,2024-12-25,[47782, 86900],46 William Baffin Court London England E16 2UN
CONTINUE STEADFAST LIMITED,16152008,active,ltd,,,2024-12-26,,2024-12-26,[18121],17 Woodvale Walk London England SE27 0EZ
ACADEMICALLY RATIONAL LTD,16137718,active,ltd,,,2024-12-16,,2024-12-16,[85590],12 London Road Morden England SM4 5BQ
IT'S NOT THAT DEEP PRODUCTIONS LTD,16152177,active,ltd,,,2024-12-27,,2024-12-27,[59111],129 Park Road London England NW4 3PA
LUXE ORIGINS LIMITED,16152211,active,ltd,,,2024-12-27,,2024-12-27,[46450],128 City Road London United Kingdom EC1V 2NX
ROIAL VIRTUAL ASSETS LIMITED,16152424,active,ltd,,,2024-12-27,,2024-12-27,[64205],Devonshire House London England W1J 8AJ
337 SEVEN SISTERS FLAT 3 LTD,16152423,active,ltd,,,2024-12-27,,2024-12-27,[68100],85 Cazenove Road London England N16 6BB
MESSIER 57 LIMITED,16152416,active,ltd,,,2024-12-27,,2024-12-27,[62090, 78101, 78109, 96090],71-75 Shelton Street London United Kingdom WC2H 9JQ
VUJON INDIAN LIMITED,16152396,active,ltd,,,2024-12-27,,2024-12-27,[56103],Vjon Indian Take Away, 43b London United Kingdom E4 6LP
GTM42 LTD,16152555,active,ltd,,,2024-12-27,,2024-12-27,[70229],2 Ropers Orchard London United Kingdom SW3 5AX
FRAGRANCE SQUARE LTD,16153106,active,ltd,,,2024-12-27,,2024-12-27,[46450],35 Green Street London England E7 8DA
MARK WILLIAM PATRICK HUGHES LTD,16152143,active,ltd,,,2024-12-26,,2024-12-26,[69102],48 Wansey Street London England SE17 1JP
BALTIC WORKWEAR LIMITED,16152246,active,ltd,,,2024-12-27,,2024-12-27,[47910],27 Old Gloucester Street London United Kingdom WC1N 3AX
OUALI ENTERPRISES, LTD.,16152366,active,ltd,,,2024-12-27,,2024-12-27,[47910],2nd Floor College House Ruislip, United Kingdom HA4 7AE
WEYERGANS UK LTD,16152369,active,ltd,,,2024-12-27,,2024-12-27,[46450, 46690, 47750, 47990],71-75 Shelton Street London United Kingdom WC2H 9JQ
RIVI KEBAB LTD,16152365,active,ltd,,,2024-12-27,,2024-12-27,[56101],193 Uxbridge Road London United Kingdom W13 9AA
ENERTECH(UK) LTD,16152592,active,ltd,,,2024-12-27,,2024-12-27,[70229, 71129],2nd Floor College House Ruislip, United Kingdom HA4 7AE
LONDON BUSINESS CENTER LTD.,16152811,active,ltd,,,2024-12-27,,2024-12-27,[46900, 70229, 78300, 82302],128 City Road London United Kingdom EC1V 2NX
VANTAGE LOGISTICS PARTNERS LTD,16153018,active,ltd,,,2024-12-27,,2024-12-27,[51210, 52220, 52230, 52290],5th Floor, Blue Star House London United Kingdom SW9 9SP
IMÀA BEAUTY STUDIO LIMITED,16153124,active,ltd,,,2024-12-27,,2024-12-27,[96020],71-75 Shelton Street London England WC2H 9JQ
PURPLE HERON LTD,16153141,active,ltd,,,2024-12-27,,2024-12-27,[68209],71-75 Shelton Street London United Kingdom WC2H 9JQ
SPORTS CAR CHAUFFEURS LTD,16153147,active,ltd,,,2024-12-27,,2024-12-27,[49320],128 City Road London United Kingdom EC1V 2NX
LETTERPUNKS LIMITED,16152159,active,ltd,,,2024-12-26,,2024-12-26,[58190, 70229],71-75 Shelton Street London England WC2H 9JQ
FILISHACK (PK) LTD,16152218,active,ltd,,,2024-12-27,,2024-12-27,[56103],130 Peckham Hill Street London England SE15 5JT
FIRST PRIVATE INVESTMENT (UK) LIMITED,16152759,active,ltd,,,2024-12-27,,2024-12-27,[46900],413 Lea Bridge Road London England E10 7EA
INFOGENT LIMITED,16153364,active,ltd,,,2024-12-27,,2024-12-27,[62012, 62020, 63110],2nd Floor College House Ruislip, United Kingdom HA4 7AE
KIS INVESTMENT HOLDINGS LIMITED,16153356,active,ltd,,,2024-12-27,,2024-12-27,[64209],128 City Road London United Kingdom EC1V 2NX
NO MOTIVE PRODUCTIONS LIMITED,16153822,active,ltd,,,2024-12-27,,2024-12-27,[59112, 59200, 70229, 74209],Flat 90 Ilex House London England N4 4BY
PGEBYPGE LTD,16153882,active,ltd,,,2024-12-27,,2024-12-27,[47610],Flat 3 Randall House 1a London United Kingdom SW20 8JY
M&ATRADECO LIMITED,16152810,active,ltd,,,2024-12-27,,2024-12-27,[47910],Office 11089 182-184 High Street North East Ham United Kingdom E6 2JA
BIT DATA LTD,16153940,active,ltd,,,2024-12-28,,2024-12-28,[70229],1 Dursley Road London England SE3 8PA
AFDM LTD,16154458,active,ltd,,,2024-12-30,,2024-12-30,[82990],2 Heigham Road London England E6 2JG
DAFM1211 LTD,16154461,active,ltd,,,2024-12-30,,2024-12-30,[82990],2 Heigham Road London England E6 2JG
WAC INT’L LOGISTICS UK LTD,16154540,active,ltd,,,2024-12-30,,2024-12-30,[49410, 50200, 51210],13 Approach Road London United Kingdom SW20 8BA
HIGHLIGHT CARE SOLUTIONS LTD,16154577,active,ltd,,,2024-12-30,,2024-12-30,[87300],71-75 Shelton Street London United Kingdom WC2H 9JQ
AQUILA PATHWAYS LTD,16154801,active,ltd,,,2024-12-30,,2024-12-30,[62012],71-75 Shelton Street London United Kingdom WC2H 9JQ
1CARE HEALTH LTD,16154803,active,ltd,,,2024-12-30,,2024-12-30,[71129, 74909, 86210, 86220],71-75 Shelton Street London United Kingdom WC2H 9JQ
AVA ARABELLA CO LTD,16154964,active,ltd,,,2024-12-30,,2024-12-30,[79909, 93290],20 Wenlock Road London England N1 7GU
AV VENTURES LIMITED,16155163,active,ltd,,,2024-12-30,,2024-12-30,[62020, 68100, 68209, 70229],Flat 7 Thomas York House London England SE18 6EA
A.C.LDN LTD,16155288,active,ltd,,,2024-12-30,,2024-12-30,[96020],78 Wiltshire Close London United Kingdom SW3 2NU
CBO GROUP LTD,16153580,active,ltd,,,2024-12-27,,2024-12-27,[96090],27 Old Gloucester Street London United Kingdom WC1N 3AX
SV LONDON HOLDINGS LIMITED,16153583,active,ltd,,,2024-12-27,,2024-12-27,[64209],1 Bell Street London United Kingdom NW1 5BY
RENAISSANCE BATHROOMS LIMITED,16153582,active,ltd,,,2024-12-27,,2024-12-27,[43290],14 Eardley Crescent London England SW5 9JZ
MINA HOTEL LTD,16153687,active,ltd,,,2024-12-27,,2024-12-27,[55100],21-23 Craven Road London England W2 3BU
CUGULI TRADING LTD,16153721,active,ltd,,,2024-12-27,,2024-12-27,[56103],260 Plumstead High Street London England SE18 1JN
LUNA FLOWERS LIMITED,16153952,active,ltd,,,2024-12-28,,2024-12-28,[46220],Flat 6 Crown House London England SE18 7DG
DREAM CONSULTANCY LTD,16154176,active,ltd,,,2024-12-29,,2024-12-29,[74909],124-128 City Road London United Kingdom EC1V 2NX
VERIDION EDGE CONSULTING LTD,16154265,active,ltd,,,2024-12-29,,2024-12-29,[85590],167-169 Great Portland Street London United Kingdom W1W 5PF
YAZ SUPERCARS LTD,16154711,active,ltd,,,2024-12-30,,2024-12-30,[45112],71-75 Shelton Street London United Kingdom WC2H 9JQ
COGNIX SCIENCES LTD,16154723,active,ltd,,,2024-12-30,,2024-12-30,[47910, 72110],71-75 Shelton Street London United Kingdom WC2H 9JQ
D & M GLOBAL GROUP LIMITED,16154753,active,ltd,,,2024-12-30,,2024-12-30,[64209],6th Floor, Manfield House London England WC2R 0LR
RST TAKU LIMITED,16154898,active,ltd,,,2024-12-30,,2024-12-30,[64209],Flat 15 Tequila Wharf, Commercial Road London England E14 7LG
365 FUTURE LAB LTD,16154880,active,ltd,,,2024-12-30,,2024-12-30,[58120, 58290, 62090, 63110],71-75 Shelton Street London United Kingdom WC2H 9JQ
PRACTICE ACADEMY LIMITED,16155037,active,ltd,,,2024-12-30,,2024-12-30,[85590],128 City Road London England EC1V 2NX
SS SERVICES COMPANIES LTD,16150237,active,ltd,,,2024-12-23,,2024-12-23,[82990],1 Devonshire House One Mayfair Place London United Kingdom W1J 8AJ
TELESTES GROUP LTD,16155187,active,ltd,,,2024-12-30,,2024-12-30,[70229],2nd Floor 33 Newman Street London England W1T 1PY
TGH VENTURE LTD,16153399,active,ltd,,,2024-12-27,,2024-12-27,[68100, 68209],1079 Garratt Lane London England SW17 0LN
RFS PHOTOGRAPHY LTD,16153376,active,ltd,,,2024-12-27,,2024-12-27,[74202],Flat 1 The Manor London England SE23 3AT
ALLROUNDPRO LIMITED,16153440,active,ltd,,,2024-12-27,,2024-12-27,[49410, 49420, 81299],141 Harrington Road London United Kingdom SE25 4NW
SOLUTIONS HIVE LTD,16153639,active,ltd,,,2024-12-27,,2024-12-27,[47890, 47910, 47990, 63990],2 Frederick Street London United Kingdom WC1X 0ND
SCENT AHEAD LTD,16153857,active,ltd,,,2024-12-27,,2024-12-27,[46450],30 Lichfield Road London England NW2 2RN
H&R BUILDING CONSTRUCTION LIMITED,16153986,active,ltd,,,2024-12-28,,2024-12-28,[41202, 78109],75 Manton Road London England SE2 0JD
DIRECTEDBYDYLAN LTD,16154031,active,ltd,,,2024-12-28,,2024-12-28,[59112, 73120, 74202],167-169 Great Portland Street London United Kingdom W1W 5PF
GARSON COMMODITIES LTD,16154492,active,ltd,,,2024-12-30,,2024-12-30,[46110, 46210, 70229, 82990],27 Old Gloucester Street London United Kingdom WC1N 3AX
LATAM XSOFT LTD,16154568,active,ltd,,,2024-12-30,,2024-12-30,[47190, 47910, 47990],71-75 Shelton Street London United Kingdom WC2H 9JQ
BUILDWISE HOLDINGS LTD,16154779,active,ltd,,,2024-12-30,,2024-12-30,[96090],71-75 Shelton Street London United Kingdom WC2H 9JQ
TANGENT CORPORATION LIMITED,16154773,active,ltd,,,2024-12-30,,2024-12-30,[70229],20 Wenlock Road London England N1 7GU
DA CONSULTING AND TRADE LTD,16154940,active,ltd,,,2024-12-30,,2024-12-30,[43999, 68100, 71122],Flat 928 New Providence Wharf London England E14 9PL
CHAOS GALAXY LIMITED,16154943,active,ltd,,,2024-12-30,,2024-12-30,[74100],54 Fountain Road London England SW17 0HQ
WINZA DIGITAL MARKETING LTD,16155088,active,ltd,,,2024-12-30,,2024-12-30,[70229],25 Cabot Square London United Kingdom E14 4QZ
MERE RENTALS LTD,16153595,active,ltd,,,2024-12-27,,2024-12-27,[68209],71-75 Shelton Street London United Kingdom WC2H 9JQ
PROPERTY ASSET PRO LTD,16153674,active,ltd,,,2024-12-27,,2024-12-27,[41100],42 Brentmead Place London United Kingdom NW11 9LH
CREDENCE QUALITY CONSULTING LTD,16153734,active,ltd,,,2024-12-27,,2024-12-27,[70229],71-75 Shelton Street London United Kingdom WC2H 9JQ
NOVA GROUP VENTURES LTD,16153735,active,ltd,,,2024-12-27,,2024-12-27,[96020],167-169 Great Portland Street London England W1W 5PF
ECUADOR INFRASTRUCTURE PARTNERS LTD,16127424,active,ltd,,,2024-12-10,,2024-12-10,[42110, 64304],128 City Road London United Kingdom EC1V 2NX
SMARTPRO HOMES LTD,16153758,active,ltd,,,2024-12-27,,2024-12-27,[43290],102 Saxon Drive London England W3 0NS
BLACKHAWK TECHNOLOGIES LTD,16154196,active,ltd,,,2024-12-29,,2024-12-29,[62012, 62020],3rd Floor, 86-90 Paul Street London United Kingdom EC2A 4NE
TECHNIFYX LIMITED,16154590,active,ltd,,,2024-12-30,,2024-12-30,[46190, 62020],61 Thomas More Street London England E1W 1YD
TIKTEL LTD,16154601,active,ltd,,,2024-12-30,,2024-12-30,[47910, 61900, 62090],71-75 Shelton Street London United Kingdom WC2H 9JQ
SHAFRA GAMES LTD,16154597,active,ltd,,,2024-12-30,,2024-12-30,[58210],128 City Road London United Kingdom EC1V 2NX
SARACEN TRADING LIMITED,16154701,active,ltd,,,2024-12-30,,2024-12-30,[96090],128 City Road London United Kingdom EC1V 2NX
FX BEAUTY LTD,16154749,active,ltd,,,2024-12-30,,2024-12-30,[96020],42 Gorst Road London England NW10 6LD
KOBA MEET LIMITED,16153424,active,ltd,,,2024-12-27,,2024-12-27,[93290],27 Old Gloucester Street London United Kingdom WC1N 3AX
E14SPICEYZ LTD,16153524,active,ltd,,,2024-12-27,,2024-12-27,[56103, 56290],183 Teviot Street London England E14 6PY
SACRED CARE SOLUTIONS LIMITED,16153753,active,ltd,,,2024-12-27,,2024-12-27,[86900],Flat 19 Williams House London England SW2 3PB
RADIANT TRADE LIMITED,16154086,active,ltd,,,2024-12-28,,2024-12-28,[46450, 46900],30 Norman Road London England SE10 9QX
KHADYS DREAM PLATFORM LTD,16138807,active,ltd,,,2024-12-16,,2024-12-16,[85590],167-169 167-169 Great Portland Street London England W1W 5PF
PRESTIGE PARTNERS MANAGEMENT LTD,16154517,active,ltd,,,2024-12-30,,2024-12-30,[70229],20 Wenlock Road London England N1 7GU
MIRACLE WAY ACADEMY LTD,16154631,active,ltd,,,2024-12-30,,2024-12-30,[62020, 62090, 85590],71-75 Shelton Street London United Kingdom WC2H 9JQ
Y&Y TYRES LIMITED,16154845,active,ltd,,,2024-12-30,,2024-12-30,[45200],Unit 3 Johnsons Way London United Kingdom NW10 7PF
TR STAYS LTD,16154839,active,ltd,,,2024-12-30,,2024-12-30,[68209],71-75 Shelton Street London United Kingdom WC2H 9JQ
SPA101 LTD,16154840,active,ltd,,,2024-12-30,,2024-12-30,[96040],17 Boundary Road London England E13 9PS
SUCCESS FOR CARE ACADEMY LTD,16155055,active,ltd,,,2024-12-30,,2024-12-30,[85590],128 City Road London United Kingdom EC1V 2NX
MK GROOMING ATELIER LIMITED,16155202,active,ltd,,,2024-12-30,,2024-12-30,[96020],2 Burnt Ash Road London England SE12 8PZ
JAMESDEANWRITER LTD,16155429,active,ltd,,,2024-12-30,,2024-12-30,[70210],33 Agnew Road London England SE23 1DH
MARYAM HAIR AND BEAUTY LTD,16127791,active,ltd,,,2024-12-10,,2024-12-10,[96020, 96090],133 Uxbridge Road Uxbridge Road London England W7 3ST
R2V WINDSCREENS LTD,16158072,active,ltd,,,2024-12-31,,2024-12-31,[43342],Kingshead House Beaconsfield England HP9 2HN
NPLH PROPERTY GROUP LTD,16158084,active,ltd,,,2024-12-31,,2024-12-31,[98000],86-90 Paul Street London England EC2A 4NE
AVAANA LIMITED,16155471,active,ltd,,,2024-12-30,,2024-12-30,[70229],Blue Star House 234-240 Stockwell Road London England SW9 9SP
S.A.S TUITIONS LTD,16155585,active,ltd,,,2024-12-30,,2024-12-30,[85590],137 High Street, Walthamstow London United Kingdom E17 7DB
ARWA AHMED TRADE CO., LTD,16155768,active,ltd,,,2024-12-30,,2024-12-30,[99999],41 Devonshire Street Ground Floor Office 1 London United Kingdom W1G 7AJ
SPIRITUAL GIFT SHOP LTD,16155876,active,ltd,,,2024-12-30,,2024-12-30,[47789],124 City Road London United Kingdom EC1V 2NX
PINNOVA LTD,16156012,active,ltd,,,2024-12-30,,2024-12-30,[47910],71-75 Shelton Street London United Kingdom WC2H 9JQ
SIGHTAI LTD,16156002,active,ltd,,,2024-12-30,,2024-12-30,[62020, 62090, 63990],71-75 Shelton Street London United Kingdom WC2H 9JQ
CONNECT CAR CLEAN LTD,16147073,active,ltd,,,2024-12-20,,2024-12-20,[45200],167 - 169 Great Portland Street London England W1W 5PF
DEARYBAND LTD,16156110,active,ltd,,,2024-12-30,,2024-12-30,[59200],8 Villiers Avenue Surbiton United Kingdom KT5 8BD
SECUNDERABAD FOODS LTD,16156215,active,ltd,,,2024-12-30,,2024-12-30,[56103],162 A Church Road London United Kingdom NW10 9NH
PERIDOT DELUXE TRAVEL LIMITED,16156553,active,ltd,,,2024-12-30,,2024-12-30,[77110],40 Carey Gardens London England SW8 4HL
FISHERDALE LTD,16156664,active,ltd,,,2024-12-31,,2024-12-31,[47910],71-75 Shelton Street London United Kingdom WC2H 9JQ
APPA RENTAL LTD,16156707,active,ltd,,,2024-12-31,,2024-12-31,[77110, 77341, 78200],128 City Road London United Kingdom EC1V 2NX
DEEPER LISTENING LTD,16156799,active,ltd,,,2024-12-31,,2024-12-31,[82990, 86900],64 Southwark Bridge Road London England SE1 0AS
NADIVA JEWELLERY LIMITED,16156873,active,ltd,,,2024-12-31,,2024-12-31,[47710, 47770],Flat 8 Braefoot Court 22-26 Putney Hill London England SW15 6AG
FREENOVAX LTD,16157154,active,ltd,,,2024-12-31,,2024-12-31,[46420, 47190, 47510, 47710],128 City Road London United Kingdom EC1V 2NX
JASANA HOLDINGS LIMITED,16157163,active,ltd,,,2024-12-31,,2024-12-31,[64209],85 Great Portland Street London England W1W 7LT
EVERCREST INTERNATIONAL LTD,16155484,active,ltd,,,2024-12-30,,2024-12-30,[73110],Silverstream House London England W1T 6EB
MIYORA LTD,16155670,active,ltd,,,2024-12-30,,2024-12-30,[47750],20 Wenlock Road London England N1 7GU
ATOMIC REAL ESTATE LTD,16155803,active,ltd,,,2024-12-30,,2024-12-30,[68100, 68201, 68209, 68320],2nd Floor College House Ruislip, United Kingdom HA4 7AE
REMTECH GROUP LIMITED,16155911,active,ltd,,,2024-12-30,,2024-12-30,[64209],167-169 Great Portland Street London England W1W 5PF
CLATTERBRIDGE PROPERTIES LIMITED,16156137,active,ltd,,,2024-12-30,,2024-12-30,[68100],1st Floor 182-184 Edgware Road London England W2 2DS
YAKIMA FUNDING NO.1 LTD,16156141,active,ltd,,,2024-12-30,,2024-12-30,[64922, 64999],5 Churchill Place London United Kingdom E14 5HU
OXSERVERS LTD,16156147,active,ltd,,,2024-12-30,,2024-12-30,[63110],Office 11158 182-184 High Street North London United Kingdom E6 2JA
AL-RUBIE PROPERTIES LTD,16156352,active,ltd,,,2024-12-30,,2024-12-30,[68100, 68209],26 Sidmouth Road London United Kingdom NW2 5HJ
MURTAZA HUSSAIN 2408 LIMITED,16156343,active,ltd,,,2024-12-30,,2024-12-30,[47910],Flat 2, 96 Park Street London England W1K 6NY
BENJOSS LTD,16156388,active,ltd,,,2024-12-30,,2024-12-30,[47910],124-128 City Road London England EC1V 2NX
GLOBAL ESG QUALIFICATIONS LTD,16125455,active,ltd,,,2024-12-09,,2024-12-09,[70229, 85590, 85600, 94120],Level 30 The Leadenhall Building London United Kingdom EC3V 4AB
PAPERTUNITY LTD,16156605,active,ltd,,,2024-12-30,,2024-12-30,[17120],124-128 City Road London England EC1V 2NX
OYT MEDIA LTD,16156666,active,ltd,,,2024-12-31,,2024-12-31,[82990],440 Roman Road London England E3 5LU
FSJ HOLDCO LIMITED,16156667,active,ltd,,,2024-12-31,,2024-12-31,[64209],Hx1 16th Floor London United Kingdom E14 9GE
MAAKSON LTD,16156673,active,ltd,,,2024-12-31,,2024-12-31,[47990],5 Brayford Square London United Kingdom E1 0SG
HGM VISION LTD,16156776,active,ltd,,,2024-12-31,,2024-12-31,[96090],128 City Road London United Kingdom EC1V 2NX
PNS CONSULTING & TRADING LTD,16156806,active,ltd,,,2024-12-31,,2024-12-31,[46390, 70229],71-75 Shelton Street London United Kingdom WC2H 9JQ
JAY CARTER LTD,16156821,active,ltd,,,2024-12-31,,2024-12-31,[62012, 62020, 62090, 74100],71-75 Shelton Street London United Kingdom WC2H 9JQ
DEEVEE CAPITAL LTD,16156916,active,ltd,,,2024-12-31,,2024-12-31,[47910],167-169 Great Portland Street London United Kingdom W1W 5PF
THE VIBE CULTURE EVENTS LTD,16156913,active,ltd,,,2024-12-31,,2024-12-31,[90010, 96090],3rd Floor, 86-90 Paul Street London England EC2A 4NE
FINQUEST GAMES LTD,16156929,active,ltd,,,2024-12-31,,2024-12-31,[58210],1a Adamson Road London England NW3 3HX
BISQUE LTD,16157041,active,ltd,,,2024-12-31,,2024-12-31,[47190, 47910],20 Tibberton Square London England N1 8SF
PEISER APCAR LTD,16157036,active,ltd,,,2024-12-31,,2024-12-31,[82990],8 Hestercombe Avenue London England SW6 5LD
MORE LONDON LTD,16157126,active,ltd,,,2024-12-31,,2024-12-31,[47429],More, Unit G10, Chadwell Heath Industrial Park Dagenham United Kingdom RM8 1SL
A TO Z SIGNS LONDON LTD,16157128,active,ltd,,,2024-12-31,,2024-12-31,[73110],4th Floor Office London England W1B 4HB
WINPROSOFT LTD,16145882,active,ltd,,,2024-12-20,,2024-12-20,[62020, 62090, 63120, 63990],27 Old Gloucester Street London United Kingdom WC1N 3AX
NEWBURY STREET RESEARCH LIMITED,16155823,active,ltd,,,2024-12-30,,2024-12-30,[62090, 66190],71-75 Shelton Street London United Kingdom WC2H 9JQ
HARRIS & PARKIN LIMITED,16155824,active,ltd,,,2024-12-30,,2024-12-30,[68100],71-75 Shelton Street London United Kingdom WC2H 9JQ
BOODY VENTURES LTD,16155815,active,ltd,,,2024-12-30,,2024-12-30,[46499, 47789, 47990, 74909],128 City Road London United Kingdom EC1V 2NX
LUMIS ADVISORY LTD,16155818,active,ltd,,,2024-12-30,,2024-12-30,[82990],71-75 Shelton Street London United Kingdom WC2H 9JQ
HONEST LOCKSMITHS LTD,16156090,active,ltd,,,2024-12-30,,2024-12-30,[80200],27 Burrard Road London England NW6 1DA
INDUSTRIAL TECHNOLOGIES LTD,16156091,active,ltd,,,2024-12-30,,2024-12-30,[71121],Q West, 3.12 International House, Brentford, London England TW8 0GP
SENDR LTD,16156075,active,ltd,,,2024-12-30,,2024-12-30,[62090],20 3rd Floor London United Kingdom EC2V 8EP
HEALL.AI LIMITED,16156252,active,ltd,,,2024-12-30,,2024-12-30,[62090, 84120, 86900],71-75 Shelton Street London United Kingdom WC2H 9JQ
STAFFORDSHIRE MOTOR GROUP LTD,16156247,active,ltd,,,2024-12-30,,2024-12-30,[45112],71-75 Shelton Street London United Kingdom WC2H 9JQ
TAS HOSPITALITY GROUP LTD,16156249,active,ltd,,,2024-12-30,,2024-12-30,[55100],500 White Hart Lane London England N17 7NA
WOLFHOUSE GROUP LTD,16156233,active,ltd,,,2024-12-30,,2024-12-30,[64209],76 Lower Clapton Road London England E5 0RN
PREMIER SCAFFOLDING SOLUTIONS LTD,16156330,active,ltd,,,2024-12-30,,2024-12-30,[43991],Unit 27, M40 Offices Wheatley Business Centre, Old London Road Oxford England OX33 1XW
ONEFINITY LIVE LTD,16156332,active,ltd,,,2024-12-30,,2024-12-30,[62090],2nd Floor College House Ruislip, United Kingdom HA4 7AE
IT HUB LOCAL LIMITED,16156329,active,ltd,,,2024-12-30,,2024-12-30,[62020],2 Clockhouse Parade London England N13 6BG
ADVANCED TRAVEL AGENCY LTD,16156487,active,ltd,,,2024-12-30,,2024-12-30,[55100],71-75 Shelton Street London United Kingdom WC2H 9JQ
VIR UK PROPERTIES LTD,16156567,active,ltd,,,2024-12-30,,2024-12-30,[68100, 68209],2 Whitehall Park London England N19 3TL
SYNTAX QUOTE LIMITED,16156836,active,ltd,,,2024-12-31,,2024-12-31,[58290, 62012, 62020, 63110],71-75 Shelton Street London United Kingdom WC2H 9JQ
BASSI HOMES 2 LTD,16156827,active,ltd,,,2024-12-31,,2024-12-31,[68209],132 Palmerston Road London England E17 6PY
MATA MARIN LTD,16156830,active,ltd,,,2024-12-31,,2024-12-31,[99999],17 Green Lanes London England N16 9BS
JIA LEGACY PROPERTIES LTD,16156842,active,ltd,,,2024-12-31,,2024-12-31,[68100, 68209],124 City Road London United Kingdom EC1V 2NX
GHR INVESTMENTS LIMITED,16156902,active,ltd,,,2024-12-31,,2024-12-31,[68209, 68320],71-75 Shelton Street London United Kingdom WC2H 9JQ
KABUTO SUSHI LTD,16157099,active,ltd,,,2024-12-31,,2024-12-31,[56103],65 Wolfe Crescent London England SE7 8TS
LOCATE LUXURY LTD,16155436,active,ltd,,,2024-12-30,,2024-12-30,[55100],71-75 Shelton Street London United Kingdom WC2H 9JQ
PICOBELLO LTD,16155415,active,ltd,,,2024-12-30,,2024-12-30,[58290, 62012, 63110, 64209],128 City Road London United Kingdom EC1V 2NX
ELLIPTIC ENGINEERING LTD,16155839,active,ltd,,,2024-12-30,,2024-12-30,[72190],71-75 Shelton Street London United Kingdom WC2H 9JQ
RAINGLE LTD,16155940,active,ltd,,,2024-12-30,,2024-12-30,[62011, 62012, 62020, 62090],71-75 Shelton Street London United Kingdom WC2H 9JQ
CROSS INNOVATIONS UK LTD,16155939,active,ltd,,,2024-12-30,,2024-12-30,[32500],71-75 Shelton Street London United Kingdom WC2H 9JQ
NN TEAM CONSULT LTD,16156063,active,ltd,,,2024-12-30,,2024-12-30,[70229],90 Mill Lane London England NW6 1NL
ARTURE LTD,16156170,active,ltd,,,2024-12-30,,2024-12-30,[90030],167 - 169 Great Portland Street London England W1W 5PF
MICHAEL OUT IN MANCHESTER LIMITED,16156173,active,ltd,,,2024-12-30,,2024-12-30,[58210, 58290, 59112, 62012],71-75 Shelton Street London United Kingdom WC2H 9JQ
INDUSTRIAL PARTS LIMITED,16156407,active,ltd,,,2024-12-30,,2024-12-30,[46120, 46140, 46190, 82990],71-75 Shelton Street London United Kingdom WC2H 9JQ
HEARTH PARLOUR LIMITED,16156403,active,ltd,,,2024-12-30,,2024-12-30,[46499],44 Ballantine Street London England SW18 1AL
DEADLY HATCH LTD,16156420,active,ltd,,,2024-12-30,,2024-12-30,[47750],71-75 Shelton Street London United Kingdom WC2H 9JQ
DIGITAL SOCIAL LTD,16156444,active,ltd,,,2024-12-30,,2024-12-30,[63120],71-75 Shelton Street London United Kingdom WC2H 9JQ
ROBO DEVELOPMENT LTD,16156675,active,ltd,,,2024-12-31,,2024-12-31,[41100],1 Kings Avenue London United Kingdom N21 3NA
STEVENSON WILDE PROPERTY LTD,16156684,active,ltd,,,2024-12-31,,2024-12-31,[68100],20 Wenlock Road London England N1 7GU
CANTONICA LTD,16156864,active,ltd,,,2024-12-31,,2024-12-31,[96090],128 City Road London United Kingdom EC1V 2NX
YUCEL BUILDERS LTD,16156963,active,ltd,,,2024-12-31,,2024-12-31,[41100, 41201, 41202, 43390],86 Galliard Road London United Kingdom N9 7LR
DDB VENTURE CAPITAL LTD,16156948,active,ltd,,,2024-12-31,,2024-12-31,[64304, 64999, 66300],The Plaza London England SW10 0SZ
5ERIES LTD,16156994,active,ltd,,,2024-12-31,,2024-12-31,[47910],95 Maryland Road London England United Kingdom N22 5AR
CO.CO. COMMERCIAL CONSULTANCY LTD,16156983,active,ltd,,,2024-12-31,,2024-12-31,[70229],20 Wenlock Road London England N1 7GU
CONSTYLING LTD,16157083,active,ltd,,,2024-12-31,,2024-12-31,[70229],87a Wandsworth Bridge Road London United Kingdom SW6 2TD
SNOWLITE ELECTRIC LTD,16157067,active,ltd,,,2024-12-31,,2024-12-31,[47990],128 City Road London United Kingdom EC1V 2NX
BID CONSULTANCY SERVICES LIMITED,16157222,active,ltd,,,2024-12-31,,2024-12-31,[70229],71-75 Shelton Street London United Kingdom WC2H 9JQ
DECIMA PARTNERS LTD,16157226,active,ltd,,,2024-12-31,,2024-12-31,[70229],167-169 Great Portland Street London United Kingdom W1W 5PF
HEPTAGONE LTD,16157413,active,ltd,,,2024-12-31,,2024-12-31,[07290],71-75 Shelton Street London England WC2H 9JQ
LAZULI COMMUNICATIONS LTD,16157456,active,ltd,,,2024-12-31,,2024-12-31,[70210],20 Wenlock Road London England N1 7GU
SURE AI LIMITED,16157528,active,ltd,,,2024-12-31,,2024-12-31,[62012],20 Wenlock Road London England N1 7GU
GALAXYBEBE LTD,16157698,active,ltd,,,2024-12-31,,2024-12-31,[47910],71-75 Shelton Street London United Kingdom WC2H 9JQ
EASTERN REALM HOLDINGS LIMITED,16152417,active,ltd,,,2024-12-27,,2024-12-27,[64209],3rd Floor 45 Albemarle Street London England W1S 4JL
PAMUKK LTD,16157786,active,ltd,,,2024-12-31,,2024-12-31,[58290, 62011, 62012, 62020],54 Ferrers Road London England SW16 6JQ
MRBCC LTD,16157779,active,ltd,,,2024-12-31,,2024-12-31,[25730],71-75 Shelton Street London England WC2H 9JQ
JEMZ GLOBAL LIMITED,16157912,active,ltd,,,2024-12-31,,2024-12-31,[52290],71/75 Shelton Street London England WC2H 9JQ
J ARNOLD ASSOCIATES LIMITED,16157923,active,ltd,,,2024-12-31,,2024-12-31,[78300],Unit 4 122 Fellows Road London United Kingdom NW3 3JH
B PATANI LIMITED,16157950,active,ltd,,,2024-12-31,,2024-12-31,[86900],71-75 Shelton Street London United Kingdom WC2H 9JQ
MANDALA ENTERTAINMENT GROUP LTD,16157992,active,ltd,,,2024-12-31,,2024-12-31,[64209],59b Bartholomew Road London United Kingdom NW5 2AH
BENCHMARKAI LIMITED,16148053,active,ltd,,,2024-12-21,,2024-12-21,[63110],45a Ashbourne Grove London England SE22 8RN
ESSENTIAL SELLERS LTD,16157322,active,ltd,,,2024-12-31,,2024-12-31,[47910],71-75 Shelton Street London United Kingdom WC2H 9JQ
RTO.AI HOLDING LIMITED,16157377,active,ltd,,,2024-12-31,,2024-12-31,[64209],128 City Road London United Kingdom EC1V 2NX
KOBAC GENERAL TRADING LIMITED,16157380,active,ltd,,,2024-12-31,,2024-12-31,[96090],The Oaks, Flat 23 London United Kingdom NW10 3SA
ELY KITCHEN LTD,16157439,active,ltd,,,2024-12-31,,2024-12-31,[56103],17 Green Lanes London England N16 9BS
CONVEYANCE NETWORK LTD,16157670,active,ltd,,,2024-12-31,,2024-12-31,[73110],20 Wenlock Road London England N1 7GU
NIMFOUR CONSULTING GROUP LTD,16157719,active,ltd,,,2024-12-31,,2024-12-31,[70221, 70229],85 Great Portland Street London England W1W 7LT
ROSA SMITH TRADING LTD,16157733,active,ltd,,,2024-12-31,,2024-12-31,[68209],124 Long Drive London England W3 7PH
PLASCORE LIMITED,16157961,active,ltd,,,2024-12-31,,2024-12-31,[46711, 46750, 46760, 46770],239-241 Kennington Lane London United Kingdom SE11 5QU
BLUE SWAN HOUSE HOTEL LTD,16158016,active,ltd,,,2024-12-31,,2024-12-31,[55100],56 Langdon Crescent London England E6 2PP
BLUESKY PLANET LTD,16157241,active,ltd,,,2024-12-31,,2024-12-31,[74901],20 Wenlock Road London England N1 7GU
CLARIOR GROUP LTD,16157273,active,ltd,,,2024-12-31,,2024-12-31,[43999],71-75 Shelton Street London United Kingdom WC2H 9JQ
WOLFPACK7 HOLDINGS LIMITED,16157272,active,ltd,,,2024-12-31,,2024-12-31,[64209],91 Waterloo Road London England SE1 8RT
BUY SELL EXCHANGE LTD,16157331,active,ltd,,,2024-12-31,,2024-12-31,[62090],124-128 City Road London England EC1V 2NX
LIAISE PROPERTY COMPANY SPV3 LIMITED,16157473,active,ltd,,,2024-12-31,,2024-12-31,[68209],Highbury Crescent Rooms London England N5 1XA
NAIDAL LTD,16157763,active,ltd,,,2024-12-31,,2024-12-31,[47910, 47990],71-75 Shelton Street London United Kingdom WC2H 9JQ
AFBM LTD,16157800,active,ltd,,,2024-12-31,,2024-12-31,[62020],3rd Floor, 86-90 Paul Street London England EC2A 4NE
MIDNIGHT FOX COMICS LIMITED,16157801,active,ltd,,,2024-12-31,,2024-12-31,[58190],75c Graham Road London United Kingdom E8 1PB
FAKIR GROUP LIMITED,16157806,active,ltd,,,2024-12-31,,2024-12-31,[96020],278 Cambridge Heath Road London United Kingdom E2 9DA
ESTATE FELLOWS LIMITED,16157892,active,ltd,,,2024-12-31,,2024-12-31,[68100, 68209, 68320],263 Mitcham Lane London England SW16 6QB
CAPTURECOEVENTS LTD,16157934,active,ltd,,,2024-12-31,,2024-12-31,[82301],85 Great Portland Street London England W1W 7LT
GLOBALCOMP TECHNOLOGY LTD,16157968,active,ltd,,,2024-12-31,,2024-12-31,[47410, 62012, 62020, 62090],20 Wenlock Road London England N1 7GU
YISSO HOUSING LTD,16118733,active,ltd,,,2024-12-04,,2024-12-04,[68100, 68209],85c Cazenove Road London England N16 6BB
MD&J LIMITED,16115640,active,ltd,,,2024-12-03,,2024-12-03,[68209],15 Holly Drive London England E4 7NG
BJKCL EQUITY HOLDINGS LIMITED,16130872,active,ltd,,,2024-12-11,,2024-12-11,[93199],Bank Lane London United Kingdom SW15 5XZ
GENEXELLE LTD,16130870,active,ltd,,,2024-12-11,,2024-12-11,[72110],27 Old Gloucester Street London United Kingdom WC1N 3AX
BLUE NORTHERN BLK LTD.,16130866,active,ltd,,,2024-12-11,,2024-12-11,[64209],30 Panton Street London United Kingdom SW1Y 4AJ
FROUD PROPERTY & GROUNDS SERVICES LIMITED,16131216,active,ltd,,,2024-12-11,,2024-12-11,[43999],71-75 Shelton Street London United Kingdom WC2H 9JQ
INSPIRECO LIMITED,16131413,active,ltd,,,2024-12-11,,2024-12-11,[70229],338a Regents Park Road London United Kingdom N3 2LN
EARLY INTERVENTION SOLUTIONS LTD,16131468,active,ltd,,,2024-12-11,,2024-12-11,[70229],167-169 Great Portland Street London England W1W 5PF
AL MEDINA LTD,16131830,active,ltd,,,2024-12-12,,2024-12-12,[47220],370 High Street North London England E12 6PH
SERENTHERAPY PVT LTD,16131832,active,ltd,,,2024-12-12,,2024-12-12,[47910, 82990, 86900],14 Allied Way Off Warple Way England W3 0RQ
ALZAIN RESTAURANT LTD,16131983,active,ltd,,,2024-12-12,,2024-12-12,[56101],19-21 High Street London England W3 6NG
HANNAH LDN LTD,16131990,active,ltd,,,2024-12-12,,2024-12-12,[14190, 14390, 47710, 47910],508 Lumiere Apartments 58 St Johns Hill London England SW11 1AD
SKYDEEP HOLDINGS LIMITED,16132438,active,ltd,,,2024-12-12,,2024-12-12,[68209],6th Floor 2 London Wall Place London United Kingdom EC2Y 5AU
LUTE SHIPPING LIMITED,16132437,active,ltd,,,2024-12-12,,2024-12-12,[50200, 52290, 70229],338a Regents Park Road London United Kingdom N3 2LN
365 CAR HIRE LTD,16130849,active,ltd,,,2024-12-11,,2024-12-11,[77110],483 Green Lanes London England N13 4BS
LAZYS INC LTD,16130842,active,ltd,,,2024-12-11,,2024-12-11,[56101],116 High Road Leyton London United Kingdom E15 2BX
KNOCK KNOCK HOLDINGS LTD,16130851,active,ltd,,,2024-12-11,,2024-12-11,[64209],181 Union Street London United Kingdom SE1 0LN
GOLDEN DRAGON (ESSEX) LTD,16130839,active,ltd,,,2024-12-11,,2024-12-11,[56103],16 Ingestre Place London England W1F 0JJ
B&N CONSULTING LIMITED,16131022,active,ltd,,,2024-12-11,,2024-12-11,[82990],C/O Golder Baqa Ground Floor London United Kingdom EC1R 3DB
KANDO PRECISION HEALTHCARE LIMITED,16131076,active,ltd,,,2024-12-11,,2024-12-11,[64209],9 Chanctonbury Way London United Kingdom N12 7JB
MB ADVISORY CONSULTANCY LTD,16131077,active,ltd,,,2024-12-11,,2024-12-11,[82990],11 Lingwood Road London United Kingdom E5 9BN
CINNAMON VILLAGE WHOLE FOOD LIMITED,16131323,active,ltd,,,2024-12-11,,2024-12-11,[47110, 47210],158 Blackstock Road London United Kingdom N5 1HA
88 PROPERTY HOLDINGS LTD,16131322,active,ltd,,,2024-12-11,,2024-12-11,[68209],5 Hepscott Road London England E9 5HB
EXCELLERON LTD,16131635,active,ltd,,,2024-12-11,,2024-12-11,[47910],85 Great Portland Street London England W1W 7LT
GULMAHER SURGICO LTD,16130775,active,ltd,,,2024-12-11,,2024-12-11,[32500, 47910],30 Riverhead Close London England E17 5PY
1B SERVICES LIMITED,16130910,active,ltd,,,2024-12-11,,2024-12-11,[81210],63 Tildesley Road London England SW15 3AA
CHEF FIRST LTD,16131060,active,ltd,,,2024-12-11,,2024-12-11,[56290],128 City Road London United Kingdom EC1V 2NX
LOTUS PARK HOLDING LIMITED,16131057,active,ltd,,,2024-12-11,,2024-12-11,[68100],Third Floor London United Kingdom EC4M 7AN
DYSPHAGIOLOGY LTD,16131127,active,ltd,,,2024-12-11,,2024-12-11,[86900],71-75 Shelton Street London United Kingdom WC2H 9JQ
LAHORI STYLE BARBERS LTD,16131385,active,ltd,,,2024-12-11,,2024-12-11,[96020],1468 London Road London United Kingdom SW16 4BU
WELANDIT LTD,16129866,active,ltd,,,2024-12-11,,2024-12-11,[62020, 74100, 82110, 82990],3rd Floor, 86-90 Paul Street London England EC2A 4NE
WEBDOTBIZ LTD,16131893,active,ltd,,,2024-12-12,,2024-12-12,[47190, 63120, 73120],71-75 Shelton Street London United Kingdom WC2H 9JQ
ZIP MANAGEMENT LTD,16130738,active,ltd,,,2024-12-11,,2024-12-11,[70229, 73110],71-75 Shelton Street London United Kingdom WC2H 9JQ
FUTURE REALTY PROPERTIES LIMITED,16130739,active,ltd,,,2024-12-11,,2024-12-11,[68310, 98000],Penton Business Centre London United Kingdom SE17 3AG
ATTICUS INTELLIGENCE LTD,16130885,active,ltd,,,2024-12-11,,2024-12-11,[58290, 62020],Flat 324, Ben Jonson House London United Kingdom EC2Y 8NQ
AGROMIMA LTD,16130992,active,ltd,,,2024-12-11,,2024-12-11,[47190],286b Chase Road London England N14 6HF
ADORO PROPERTIES LIMITED,16130976,active,ltd,,,2024-12-11,,2024-12-11,[68209],Broom House Hadleigh, Benfleet United Kingdom SS7 2QL
MUZAFFARLI INVEST LTD,16131105,active,ltd,,,2024-12-11,,2024-12-11,[47910],71-75 Shelton Street London United Kingdom WC2H 9JQ
SIMPLICITY TRAINING SOLUTIONS LTD,16131190,active,ltd,,,2024-12-11,,2024-12-11,[85590],71-75 Shelton Street London United Kingdom WC2H 9JQ
BI CONNECT LIMITED,16131608,active,ltd,,,2024-12-11,,2024-12-11,[62020],112 Morden Road London England SW19 3BP
VANITY SKIN CARE LTD,16131686,active,ltd,,,2024-12-11,,2024-12-11,[96020],Unit 4 Holles House London England SW9 7AP
EBRAM PROPERTIES LTD,16131793,active,ltd,,,2024-12-12,,2024-12-12,[68209],17 Green Lanes London England N16 9BS
WEEPING TIGER LTD,16132429,active,ltd,,,2024-12-12,,2024-12-12,[56101],93 London Road Waterlooville England PO7 7EG
THEATER MOGUL UK LTD,16130726,active,ltd,,,2024-12-11,,2024-12-11,[64304],Fergusson House London United Kingdom EC1V 2NJ
WARM HOME IMPROVEMENTS LTD,16130922,active,ltd,,,2024-12-11,,2024-12-11,[43342, 43910],71-75 Shelton Street London United Kingdom WC2H 9JQ
BLOSSOMS HEALTHCARE GROUP LTD,16131041,active,ltd,,,2024-12-11,,2024-12-11,[87200, 87300, 88100, 88990],20 Wenlock Road London England N1 7GU
MORTON HOLDINGS LTD,16131024,active,ltd,,,2024-12-11,,2024-12-11,[68100, 68209, 68320],90a Morton Road London United Kingdom N1 3BE
LEGEARD STUDIO LTD,16131099,active,ltd,,,2024-12-11,,2024-12-11,[74100],85 Great Portland Street London England W1W 7LT
BROOM MIDCO LIMITED,16131091,active,ltd,,,2024-12-11,,2024-12-11,[64209],Duo, Level 6 London United Kingdom EC2M 4RB
LA 47 LTD,16131164,active,ltd,,,2024-12-11,,2024-12-11,[31090, 74202],128 City Road London United Kingdom EC1V 2NX
BASSET HOUND PRODUCTION SERVICES LTD,16131278,active,ltd,,,2024-12-11,,2024-12-11,[82301],85 Great Portland Street, First Floor London England W1W 7LT
SILK & FIRE LTD,16131264,active,ltd,,,2024-12-11,,2024-12-11,[32990, 46499, 47190],88 Havelock Road London United Kingdom SW19 8HB
CAPODONICO INVESTMENTS LTD,16131514,active,ltd,,,2024-12-11,,2024-12-11,[99999],141 Somerset Gardens London United Kingdom N17 8JX
LOYALTYWINS LTD,16131575,active,ltd,,,2024-12-11,,2024-12-11,[90010, 90030, 90040, 93290],85 Great Portland Street London United Kingdom W1W 7LT
SMART BADGER LIMITED,16131664,active,ltd,,,2024-12-11,,2024-12-11,[62012],Flat 2 Aurora Point London England SE8 3FQ
ROVAN&CO LTD,16131762,active,ltd,,,2024-12-11,,2024-12-11,[68209],21 Bethune Avenue London United Kingdom N11 3LD
BALLOON PROPERTY INVESTMENTS LTD,16131970,active,ltd,,,2024-12-12,,2024-12-12,[68310],71-75 Shelton Street London United Kingdom WC2H 9JQ
GRAIN ON A WHISKER PRODUCTIONS LTD,16131976,active,ltd,,,2024-12-12,,2024-12-12,[58190],Flat 10, 10, Warren Court Castlebar Park London United Kingdom W5 1BX
GOURMET GRILL LTD,16131977,active,ltd,,,2024-12-12,,2024-12-12,[56102],350 Baring Road London England SE12 0DU
GAVSHEV LIMITED,16132457,active,ltd,,,2024-12-12,,2024-12-12,[68100],43 Green Lane London England NW4 2AG
CUBIC HOLDCO LIMITED,16132745,active,ltd,,,2024-12-12,,2024-12-12,[64209],33 Glasshouse Street London United Kingdom W1B 5DG
MASS GLOBAL LTD,16132754,active,ltd,,,2024-12-12,,2024-12-12,[70229, 74909, 85600],71-75 Shelton Street London United Kingdom WC2H 9JQ
CONTACT POINT INVESTMENTS LTD,16132750,active,ltd,,,2024-12-12,,2024-12-12,[68209],147 Station Road London United Kingdom E4 6AG
EFFECTIVE PRECISION LTD,16132794,active,ltd,,,2024-12-12,,2024-12-12,[62020],20 Wenlock Road London England N1 7GU
L&G HERNE HILL HOLDCO NOMINEE LIMITED,16132803,active,ltd,,,2024-12-12,,2024-12-12,[66300],One London United Kingdom EC2R 5AA
LEONARDO'S SHOP LTD,16132798,active,ltd,,,2024-12-12,,2024-12-12,[68209],10-12 Bourlet Close London England W1W 7BR
ALCG HOLDINGS LTD,16133181,active,ltd,,,2024-12-12,,2024-12-12,[47640],124-128 City Road London England EC1V 2NX
TV MOUNTING LONDON LTD,16133318,active,ltd,,,2024-12-12,,2024-12-12,[43290],124-128 City Road London England EC1V 2NX
NAGAD FX EXPRESS LTD,16133497,active,ltd,,,2024-12-12,,2024-12-12,[64205],3rd Floor, 86-90 Paul Street London England EC2A 4NE
VITALIA ADVISORY LTD,16133518,active,ltd,,,2024-12-12,,2024-12-12,[70229, 74901],11 Beckwith Road London England SE24 9LH
NEXOR GROUP LTD,16133700,active,ltd,,,2024-12-13,,2024-12-13,[64205, 82990],41 Devonshire Street London United Kingdom W1G 7AJ
JACKYUN CO., LTD,16133703,active,ltd,,,2024-12-13,,2024-12-13,[46420],207 Regent Street London England W1B 3HH
GINNI LTD,16133893,active,ltd,,,2024-12-13,,2024-12-13,[58290, 62012, 62020, 62090],128 City Road London United Kingdom EC1V 2NX
DELLIUX LIMITED,16134028,active,ltd,,,2024-12-13,,2024-12-13,[62012, 62090, 63110, 74100],128 City Road London United Kingdom EC1V 2NX
SWK SECURITY LTD,16134350,active,ltd,,,2024-12-13,,2024-12-13,[80100],Flat 19 Lemonwell Court London England SE9 2PF
EUROCENT (WARWICK STREET) LTD,16134341,active,ltd,,,2024-12-13,,2024-12-13,[68100],C/O 32 Castlewood Road London United Kingdom N16 6DW
SUN SAVANNA ENERGY SOLUTION LTD,16134519,active,ltd,,,2024-12-13,,2024-12-13,[35140],5 Brayford Square London England E1 0SG
LOOP RETURNS UK, LTD,16132280,active,ltd,,,2024-12-12,,2024-12-12,[62012],5 New Street Square London United Kingdom EC4A 3TW
PAMIR SOLUTIONS LTD,16134535,active,ltd,,,2024-12-13,,2024-12-13,[66210],20 Wenlock Road London England N1 7GU
ECOM GROOMER LTD,16134732,active,ltd,,,2024-12-13,,2024-12-13,[47910],54 Rutland Road London England E7 8PH
GEOGOD PLUMBING & HEATING LTD,16134957,active,ltd,,,2024-12-13,,2024-12-13,[43220],128 City Road London United Kingdom EC1V 2NX
OMG ASSOCIATES LTD,16132606,active,ltd,,,2024-12-12,,2024-12-12,[70221, 70229],128 City Road London United Kingdom EC1V 2NX
MAIZANE & CO PROPERTIES LTD,16132677,active,ltd,,,2024-12-12,,2024-12-12,[68100, 68209, 68320],310 High Road London England N22 8JR
DREWERY ASH PROPERTY LTD,16132819,active,ltd,,,2024-12-12,,2024-12-12,[68310],128 City Road London United Kingdom EC1V 2NX
HOICHOI INTERNATIONAL LTD,16132951,active,ltd,,,2024-12-12,,2024-12-12,[59111, 59112, 59131, 63990],71-75 71-75 Shelton Streeet, London England United Kingdom WC2H 9JQ
WOODCO HR SOLUTIONS LTD,16132935,active,ltd,,,2024-12-12,,2024-12-12,[78300],Flat 9 184a Balham High Road London United Kingdom SW12 9BW
ABC INTERNATIONAL EXPORT IMPORT TRADE LOGISTICS WAREHOUSE SERVICES LTD,16133060,active,ltd,,,2024-12-12,,2024-12-12,[46450, 47890, 47910, 47990],71-75 Shelton Street London United Kingdom WC2H 9JQ
ESR EUROPE CARRY GP LIMITED,16133040,active,ltd,,,2024-12-12,,2024-12-12,[64209],Ferguson House London United Kingdom NW1 5JD
URBDV LIMITED,16133245,active,ltd,,,2024-12-12,,2024-12-12,[41100, 41202],101 New Cavendish Street London England W1W 6XH
BYRON SERVICES LTD,16133439,active,ltd,,,2024-12-12,,2024-12-12,[82990],Flat 1 Desborough Court London England SE25 4LH
INNOVANATURE LTD,16133668,active,ltd,,,2024-12-13,,2024-12-13,[47910, 47990],85 Great Portland Street London United Kingdom W1W 7LT
SMART SPRINT LIMITED,16133659,active,ltd,,,2024-12-13,,2024-12-13,[62012, 62020, 63120],2 Frederick Street London United Kingdom WC1X 0ND
LOUIS ALEXANDER LTD,16133747,active,ltd,,,2024-12-13,,2024-12-13,[58110, 60200, 93199],128 City Road London United Kingdom EC1V 2NX
TECHWAVE NETWORK LIMITED,16133827,active,ltd,,,2024-12-13,,2024-12-13,[62020],128 City Road London United Kingdom EC1V 2NX
SOHO CARE GROUP LTD,16133832,active,ltd,,,2024-12-13,,2024-12-13,[68201, 87900],83 Lavender Hill London England SW11 5QL
NDGLT LIMITED,16133889,active,ltd,,,2024-12-13,,2024-12-13,[47990],27 Tottenham Street London England W1T 4RW
TOTAL FACILITIES SOLUTIONS LTD,16134128,active,ltd,,,2024-12-13,,2024-12-13,[81100],20 Wenlock Road London England N1 7GU
E&G GENERAL CONSTRUCTION LTD,16134299,active,ltd,,,2024-12-13,,2024-12-13,[41202],104 Totteridge Road London London United Kingdom EN3 6NG
CORALYS FASHION LIMITED,16134453,active,ltd,,,2024-12-13,,2024-12-13,[47710, 47910],20 Greyhound Road London England W6 8NX
ALBION CODEWORKS LTD,16134893,active,ltd,,,2024-12-13,,2024-12-13,[62012, 62020, 62090],71-75 Shelton Street London United Kingdom WC2H 9JQ
RIGHTLY GUIDED ACADEMY LTD,16134873,active,ltd,,,2024-12-13,,2024-12-13,[84120],3rd Floor, 86-90 Paul Street London United Kingdom EC2A 4NE
EVE’S SALON AND SPA LTD,16134845,active,ltd,,,2024-12-13,,2024-12-13,[96020],20 Wenlock Road London England N1 7GU
SAMA PROPERTY LIMITED,16135004,active,ltd,,,2024-12-13,,2024-12-13,[68209],96 Wilton Road London England SW1V 1DW
ELLIE KITCHEN LTD,16135007,active,ltd,,,2024-12-13,,2024-12-13,[56103, 56210, 56290],Flat 5 Southgate House London England SW9 8FU
TWGUK LIMITED,16132496,active,ltd,,,2024-12-12,,2024-12-12,[71111],128 City Road London United Kingdom EC1V 2NX
GO GLOBAL PRODUCTION NETWORK LTD,16132588,active,ltd,,,2024-12-12,,2024-12-12,[59112, 68209, 73110, 90030],240 Plashet Grove London United Kingdom E6 1DQ
K! CONSULTING INTERNATIONAL LIMITED,16132713,active,ltd,,,2024-12-12,,2024-12-12,[70229],22 Manna House 14 Glade Walk London England E20 1DL
FEMME BRUTALE LIMITED,16132853,active,ltd,,,2024-12-12,,2024-12-12,[64202],129 Winston Road London United Kingdom N16 9LL
THIS IS PROPERTY MANAGEMENT LTD,16132956,active,ltd,,,2024-12-12,,2024-12-12,[68209],71-75 Shelton Street London United Kingdom WC2H 9JQ
QUEENSGATE LAW LIMITED,16133100,active,ltd,,,2024-12-12,,2024-12-12,[69102],7 Bell Yard London England WC2A 2JR
UNPLUGGED AERO LTD,16133273,active,ltd,,,2024-12-12,,2024-12-12,[71129],3rd Floor, 86-90 Paul Street London United Kingdom EC2A 4NE
REDEFINE PAY LTD,16133280,active,ltd,,,2024-12-12,,2024-12-12,[70229],3rd Floor, 86-90 Paul Street London United Kingdom EC2A 4NE
SHAYAN SERVICES LTD,16133457,active,ltd,,,2024-12-12,,2024-12-12,[59200],209 Cavendish Road London England SW12 0BP
FORENSIQS LIMITED,16133632,active,ltd,,,2024-12-13,,2024-12-13,[70229, 74902],Flat 8 Vale Royal House London England WC2H 7PS
CLIFTON GARDENS BLOCK N LIMITED,16133647,active,ltd,,,2024-12-13,,2024-12-13,[99999],29 York Street London United Kingdom W1H 1EZ
BSD REALTY LIMITED,16133781,active,ltd,,,2024-12-13,,2024-12-13,[68209],5 North End Road London England NW11 7RJ
SKRYPTD LIMITED,16133772,active,ltd,,,2024-12-13,,2024-12-13,[47910],15 Montpelier Vale London England SE3 0TA
YUPTOR LIMITED,16133843,active,ltd,,,2024-12-13,,2024-12-13,[62020],128 City Road London United Kingdom EC1V 2NX
GRP ENERGY LIMITED,16133854,active,ltd,,,2024-12-13,,2024-12-13,[35110, 35140],18 Overstrand Mansions Prince Of Wales Drive London United Kingdom SW11 4HA
ALCUTU LIMITED,16133924,active,ltd,,,2024-12-13,,2024-12-13,[82990],The Beehive Beehive Ring Road Gatwick England RH6 0PA
MIRROR SHEET CO LTD,16133939,active,ltd,,,2024-12-13,,2024-12-13,[47910, 47990],5 Edinburgh Close London United Kingdom E2 9NY
PE GROWTH HUB LIMITED,16134090,active,ltd,,,2024-12-13,,2024-12-13,[70229, 86900],Kings House London United Kingdom SW1Y 4BP
UX MYSTIC LIMITED,16134091,active,ltd,,,2024-12-13,,2024-12-13,[74100],71-75 Shelton Street London England WC2H 9JQ
BEAT FABRICATION LTD,16134232,active,ltd,,,2024-12-13,,2024-12-13,[96090],Studio 311 Netil House London United Kingdom E8 3RL
AQUA FRESH CLEANING SERVICES LTD,16134251,active,ltd,,,2024-12-13,,2024-12-13,[81229],3rd Floor, 86-90 Paul Street London United Kingdom EC2A 4NE
ZOROHUB LTD,16134264,active,ltd,,,2024-12-13,,2024-12-13,[47910],3rd Floor, 86-90 Paul Street London United Kingdom EC2A 4NE
ISLAVERDE UK LIMITED,16134420,active,ltd,,,2024-12-13,,2024-12-13,[43290],19 Grangeway London England NW6 2BT
TIGILLUS OPERATIONS (UK) LIMITED,16134401,active,ltd,,,2024-12-13,,2024-12-13,[64209],19 Seymour Place London United Kingdom W1H 5BG
RKW GLOBAL LTD,16134639,active,ltd,,,2024-12-13,,2024-12-13,[46900, 47910],128 City Road London United Kingdom EC1V 2NX
GOALBOUNTY LTD,16134633,active,ltd,,,2024-12-13,,2024-12-13,[58290, 74909],20 Wenlock Road London England N1 7GU
MONKEY MUSIC LONDON LTD,16134658,active,ltd,,,2024-12-13,,2024-12-13,[96090],Studio 311 Netil House London United Kingdom E8 3RL
HACKASOND LTD,16134649,active,ltd,,,2024-12-13,,2024-12-13,[96090],Studio 311 Netil House London United Kingdom E8 3RL
PRIMENEX LTD,16134822,active,ltd,,,2024-12-13,,2024-12-13,[47910],1, Alington House, Flat 99 Mary Neuner Road London United Kingdom N8 0ES
AF COMMERCE LTD,16134803,active,ltd,,,2024-12-13,,2024-12-13,[47910],128 City Road London United Kingdom EC1V 2NX
BANHMIPHO PROPERTY LTD,16134808,active,ltd,,,2024-12-13,,2024-12-13,[68100],Outwood House, Flat 29 London United Kingdom SW2 3LP
NEO PROPERTY ONE (UK) LIMITED,16132171,active,ltd,,,2024-12-12,,2024-12-12,[64999],5/F 2 Copthall Avenue London England EC2R 7DA
CREPE UNION LIMITED,16134829,active,ltd,,,2024-12-13,,2024-12-13,[56102],71-75 Shelton Street London United Kingdom WC2H 9JQ
FIELD WALHAM LTD,16132477,active,ltd,,,2024-12-12,,2024-12-12,[35110],Fora Montacute Yards London England E1 6HU
KONNECTR LIMITED,16132759,active,ltd,,,2024-12-12,,2024-12-12,[96090],128 City Road London United Kingdom EC1V 2NX
RIVER INVESTMENT LONDON LIMITED,16119413,active,ltd,,,2024-12-05,,2024-12-05,[68100, 68209],71-75 Shelton Street London United Kingdom WC2H 9JQ
CBK.AI LTD,16132916,active,ltd,,,2024-12-12,,2024-12-12,[62012, 63990],86-90 Paul Street London England EC2A 4NE
PARAPLAN PRO LTD,16133220,active,ltd,,,2024-12-12,,2024-12-12,[66190],4th Floor Silverstream House Fitzrovia United Kingdom W1T 6EB
FLEMING LAND LIMITED,16133301,active,ltd,,,2024-12-12,,2024-12-12,[96090],32 Willoughby Road London United Kingdom N8 0JG
ADAKZ PROPERTIES LIMITED,16133484,active,ltd,,,2024-12-12,,2024-12-12,[98000],5 Brayford Square London England E1 0SG
KAFA TRADING LTD,16134042,active,ltd,,,2024-12-13,,2024-12-13,[47190],Flat 5 18 Philbreach Gardnes London England SW5 9DY
ALEXANDRA S EVENTS LTD,16134224,active,ltd,,,2024-12-13,,2024-12-13,[56210, 70210],Apartment 35 Rosamond House London England SW1P 2FD
LOBITO AT SEA LTD,16134216,active,ltd,,,2024-12-13,,2024-12-13,[33150],128 City Road London United Kingdom EC1V 2NX
BUTTERWORTH PENZER LIMITED,16134399,active,ltd,,,2024-12-13,,2024-12-13,[46342],43-44 Cloth Fair London England EC1A 7JQ
KOSION LIMITED,16134604,active,ltd,,,2024-12-13,,2024-12-13,[69102, 77400],41 Devonshire Street Ground Floor Office 1 London United Kingdom W1G 7AJ
ZENITH ELITE BLACK LTD,16134595,active,ltd,,,2024-12-13,,2024-12-13,[82990],189 Brompton Road London England SW3 1NE
OZERO PRODUCTIONS LTD,16134543,active,ltd,,,2024-12-13,,2024-12-13,[90010],Cms Llp Cannon Place London England EC4N 6AF
EFSANE 27 LTD,16134904,active,ltd,,,2024-12-13,,2024-12-13,[56103],500 White Hart Lane London England N17 7NA
WY ENERGY CONSULTANTS LTD,16134905,active,ltd,,,2024-12-13,,2024-12-13,[74901],20 Wenlock Road London England N1 7GU
PINERO LONDON LTD,16134912,active,ltd,,,2024-12-13,,2024-12-13,[47710],Flat 6 Bathgate House London England SW9 6TT
GREENLIGHTON SALES LTD,16134896,active,ltd,,,2024-12-13,,2024-12-13,[45112, 45310, 46160, 46499],128 City Road London United Kingdom EC1V 2NX
FENICE SOLUTIONS LTD,16135034,active,ltd,,,2024-12-13,,2024-12-13,[70229],20 Wenlock Road London England N1 7GU
JURKISH LTD,16136726,active,ltd,,,2024-12-16,,2024-12-16,[56103, 56210],C/O Vivid Accountant 13 London United Kingdom SW17 7SD
CRAFT PROJECTS LTD,16136863,active,ltd,,,2024-12-16,,2024-12-16,[41100],3 Boscombe Road London England W12 9HS
SÂNZIANAFILMS LTD,16136931,active,ltd,,,2024-12-16,,2024-12-16,[59111, 59113, 59120, 90030],167-169 Great Portland Street London England W1W 5PF
T&L ADVISORY LTD,16136910,active,ltd,,,2024-12-16,,2024-12-16,[78300],20 Wenlock Road London England N1 7GU
RECOVERY CAR TOWING SERVICES LIMITED,16137001,active,ltd,,,2024-12-16,,2024-12-16,[45112],57 Nightingale Place London England SE18 4HG
MANIYA & CO. LTD,16137041,active,ltd,,,2024-12-16,,2024-12-16,[68100, 68201, 68209, 68320],Suite 36,33 Hatton Garden London England EC1N 8DL
SATO GROUP LIMITED,16137133,active,ltd,,,2024-12-16,,2024-12-16,[70100],71-75 Shelton Street London United Kingdom WC2H 9JQ
FABRIC OF A HOME LIMITED,16137134,active,ltd,,,2024-12-16,,2024-12-16,[43341, 81210, 81300],71-75 Shelton Street London United Kingdom WC2H 9JQ
RAHAT ORALCARE LTD,16137118,active,ltd,,,2024-12-16,,2024-12-16,[86230],124 City Road London United Kingdom EC1V 2NX
THE UNIFORM GROUP LIMITED,16137215,active,ltd,,,2024-12-16,,2024-12-16,[47710],128 City Road London United Kingdom EC1V 2NX
CANDE PROPERTY INVESTMENTS LTD,16137222,active,ltd,,,2024-12-16,,2024-12-16,[68100, 68209, 68320],71-75 Shelton Street London United Kingdom WC2H 9JQ
LEMANOS LTD,16137255,active,ltd,,,2024-12-16,,2024-12-16,[47540],2 Frederick Street London United Kingdom WC1X 0ND
THE DAISYFIELD GALLERIES LIMITED,16137346,active,ltd,,,2024-12-16,,2024-12-16,[41100, 68100, 98000],23b Wimbledon Park Road London England SW18 1LU
INFORMALE LTD,16137314,active,ltd,,,2024-12-16,,2024-12-16,[70229],22 Marvell Court Rosenburg Road London England W3 8FX
NEXTWAVE SOCKS LTD,16137326,active,ltd,,,2024-12-16,,2024-12-16,[47640],13a Beira Street London United Kingdom SW12 9LJ
ORDOSINTEL LIMITED,16137397,active,ltd,,,2024-12-16,,2024-12-16,[80300],124 City Road London United Kingdom EC1V 2NX
VICTORIA & ASSOCIATES GC LTD,16137523,active,ltd,,,2024-12-16,,2024-12-16,[68310],20 Wenlock Road London England N1 7GU
DEVG TECHNOLOGIES LIMITED,16137479,active,ltd,,,2024-12-16,,2024-12-16,[62012],Flat 6 1 Bendish Road London England E6 1BB
MICA STUDIO LIMITED,16137478,active,ltd,,,2024-12-16,,2024-12-16,[90020],F10 87 Pepys Road London England SE14 5SE
YHWH SEAL ENTERPRISES LIMITLESS BEYOND LTD,16137761,active,ltd,,,2024-12-16,,2024-12-16,[47910, 58110, 59112, 62090],128 City Road London United Kingdom EC1V 2NX
HIGHBROOK - OAST FARM LTD,16137773,active,ltd,,,2024-12-16,,2024-12-16,[41100],5 Technology Park Colindeep Lane London United Kingdom NW9 6BX
TOUCHÉ BEAUTY SALON LTD,16137888,active,ltd,,,2024-12-16,,2024-12-16,[96020],2 Sussex Ring Woodside Park London United Kingdom N12 7HY
DUNMOW SUPERMARKET LTD,16137883,active,ltd,,,2024-12-16,,2024-12-16,[47110],500 White Hart Lane London England N17 7NA
UKIYO ILOUNGE LTD,16137992,active,ltd,,,2024-12-16,,2024-12-16,[96020],71-75 Shelton Street London United Kingdom WC2H 9JQ
UTKAINLAW LTD,16136838,active,ltd,,,2024-12-16,,2024-12-16,[70229],Flat 23 19-24 Marcon Place London England E8 1LP
GET SOFTWARE DEALS LTD,16136982,active,ltd,,,2024-12-16,,2024-12-16,[46510],Office 11042 182-184 High Street North East Ham United Kingdom E6 2JA
FOCUSED LEO UK PRODUCTIONS LIMITED,16136976,active,ltd,,,2024-12-16,,2024-12-16,[59111],71 Queen Victoria Street London United Kingdom EC4V 4BE
SDK ENTERPRISES LIMITED,16136957,active,ltd,,,2024-12-16,,2024-12-16,[47910],714 North Circular Road London England NW2 7QH
DEFI ONCHAIN LIMITED,16136960,active,ltd,,,2024-12-16,,2024-12-16,[70229],20 Wenlock Road London England N1 7GU
FACTORY LANE LIMITED,16136962,active,ltd,,,2024-12-16,,2024-12-16,[68209],85 Great Portland Street London England W1W 7LT
EVERY RISK GROUP LTD,16137200,active,ltd,,,2024-12-16,,2024-12-16,[80100],3rd Floor, 86-90 Paul Street London United Kingdom EC2A 4NE
MCKANE & COMPANY LIMITED,16137146,active,ltd,,,2024-12-16,,2024-12-16,[68310, 74902, 98000],3rd Floor, 86-90 Paul Street London United Kingdom EC2A 4NE
AB BOOKS LTD,16137171,active,ltd,,,2024-12-16,,2024-12-16,[69202],71-75 Shelton Street London United Kingdom WC2H 9JQ
THE NOBLE HOUSEHOLD LIMITED,16137303,active,ltd,,,2024-12-16,,2024-12-16,[58110, 70229, 79110, 85520],1 Byron Court Richmond United Kingdom TW10 5LW
VEG & HEDGE LTD,16137278,active,ltd,,,2024-12-16,,2024-12-16,[46310],54 Lipton Road London England E1 0LJ
CARTEIA VENTURES LTD,16137350,active,ltd,,,2024-12-16,,2024-12-16,[70229, 71122],Flat 164 Coleherne Court Redcliffe Gardens London England SW5 0DX
GOLDEN HOUR EVENTS LTD,16137563,active,ltd,,,2024-12-16,,2024-12-16,[56210],Flat 803, 6, Forbes Apartments Brigadier Walk London United Kingdom SE18 6NZ
RC SOFTWARE AND MARKETING SERVICES LTD,16137579,active,ltd,,,2024-12-16,,2024-12-16,[62012],128 City Road London United Kingdom EC1V 2NX
X-TREEM PROPERTIES LIMITED,16137623,active,ltd,,,2024-12-16,,2024-12-16,[68100, 68209],31a London Road Blackwater United Kingdom GU17 0AB
RHFW LTD,16137682,active,ltd,,,2024-12-16,,2024-12-16,[62012],59 Monks Drive London England W3 0ED
FAITH AND LIGHT LIMITED,16137690,active,ltd,,,2024-12-16,,2024-12-16,[64999],9-11 New Broadway London United Kingdom W5 5AW
TEMARISE GOLD REFINERY LTD,16137796,active,ltd,,,2024-12-16,,2024-12-16,[09900],20 Wenlock Road London England N1 7GU
MISS LAMONIQUE LTD,16137782,active,ltd,,,2024-12-16,,2024-12-16,[47910],20 Wenlock Road London England N1 7GU
EID'S BARBER LTD,16137826,active,ltd,,,2024-12-16,,2024-12-16,[96020],25 Florican House London England NW6 5GU
CARE SUPPLIES INTERNATIONAL LTD,16137918,active,ltd,,,2024-12-16,,2024-12-16,[47749, 47990, 77299],85 Great Portland Street London England W1W 7LT
CHILWELL SERVICES LTD,16137941,active,ltd,,,2024-12-16,,2024-12-16,[69202],16 Fountayne Road London United Kingdom N16 7DX
JOHNNY BRAUN LTD,16128284,active,ltd,,,2024-12-10,,2024-12-10,[96040],71-75 Shelton Street London United Kingdom WC2H 9JQ
RALECORP LIMITED,16128326,active,ltd,,,2024-12-10,,2024-12-10,[47910, 47990],71-75 Shelton Street London United Kingdom WC2H 9JQ
CFIS INVESTMENTS LTD,16128324,active,ltd,,,2024-12-10,,2024-12-10,[68209],3 Norfolk Avenue London United Kingdom N15 6JX
LITTLE VIRAL HOLDINGS LIMITED,16128322,active,ltd,,,2024-12-10,,2024-12-10,[47910],30 Riverhead Close London England E17 5PY
DUBEL PRIZE LIMITED,16128321,active,ltd,,,2024-12-10,,2024-12-10,[90020, 90030, 90040],128 City Road London United Kingdom EC1V 2NX
LM - IT TRAINING SERVICES AND CONSULTANCY LTD,16128671,active,ltd,,,2024-12-10,,2024-12-10,[62090],71-75 Shelton Street London United Kingdom WC2H 9JQ
ONBROADWAY BAR LIMITED,16128665,active,ltd,,,2024-12-10,,2024-12-10,[56302],765b Green Lanes London England N21 3SA
REVGEN STRATEGY LTD,16128648,active,ltd,,,2024-12-10,,2024-12-10,[73110, 74909, 90030],71-75 Shelton Street London United Kingdom WC2H 9JQ
HERITAGE BY MYLUTHIER LTD,16128911,active,ltd,,,2024-12-10,,2024-12-10,[47591],49 Little Britain London England EC1A 7BH
TARTINO LIMITED,16127847,active,ltd,,,2024-12-10,,2024-12-10,[46900],54 Weir Hall Road London England N18 1EJ
MARGENE LTD,16129418,active,ltd,,,2024-12-10,,2024-12-10,[46420, 47710, 74100, 96090],Flat 25 Burwash House London England SE1 3RW
MASTER ACCOUNTANTS LTD,16138055,active,ltd,,,2024-12-16,,2024-12-16,[69201, 69203],128 City Road London United Kingdom EC1V 2NX
BHESANDHU LIMITED,16138068,active,ltd,,,2024-12-16,,2024-12-16,[68100, 68209],Apartment 3 Harwood Point London England SE16 5HD
LABS-LEAD ACQUISITION FOR BUSINESSES LTD,16138043,active,ltd,,,2024-12-16,,2024-12-16,[47910],30 Riverhead Close London England E17 5PY
INKOPS LTD,16135150,active,ltd,,,2024-12-13,,2024-12-13,[96090],Studio 311 Netil House London United Kingdom E8 3RL
RIGHT CLEAN LTD,16132760,active,ltd,,,2024-12-12,,2024-12-12,[74909],109a Ravensdale Road London United Kingdom N16 6TH
IL INKED LTD,16135145,active,ltd,,,2024-12-13,,2024-12-13,[96090],15 Peto Street North London United Kingdom E16 1DP
GENESIS MEDIA EVOLUTION LTD,16135274,active,ltd,,,2024-12-13,,2024-12-13,[18203, 60200, 63120, 78101],27 Old Gloucester Street London United Kingdom WC1N 3AX
RUBY RIDGE REALTY LTD.,16135361,active,ltd,,,2024-12-13,,2024-12-13,[68209],C/O Getground London England W6 0NB
2IC GLOBAL LTD,16135659,active,ltd,,,2024-12-13,,2024-12-13,[62020],128 City Road London United Kingdom EC1V 2NX
CROCKERTON RESIDENTS LTD,16135738,active,ltd,,,2024-12-13,,2024-12-13,[98000],71-75 Shelton Street London United Kingdom WC2H 9JQ
RONDAS BUSINESS CONSULTANCY LTD,16135874,active,ltd,,,2024-12-13,,2024-12-13,[70229],C/O The Accountancy Partnership Suite 5, 5th Floor, City Reach London United Kingdom E14 9NN
GLOBAL LEGAL AND BUSINESS LANGUAGE SERVICES LTD,16135901,active,ltd,,,2024-12-13,,2024-12-13,[85422],40 Jasmine House Juniper Drive London England SW18 1GJ
MASTERHOUSE LTD,16136015,active,ltd,,,2024-12-13,,2024-12-13,[41201, 41202],253 Romford Road London England E7 9HJ
KENNYD FOOD LTD,16136065,active,ltd,,,2024-12-14,,2024-12-14,[56210],96 Glenwood Road London England N15 3JR
EXULTED SANDWICHES LTD,16132022,active,ltd,,,2024-12-12,,2024-12-12,[56102],10 Raynham Avenue London England N18 2BW
JHM GLOBAL CONSULTING LTD,16132336,active,ltd,,,2024-12-12,,2024-12-12,[96040],19 Cricklewood Lane London England NW2 1HN
HWH RESTAURANTS (BS) LIMITED,16132054,active,ltd,,,2024-12-12,,2024-12-12,[56102],2 Leman Street London United Kingdom E1W 9US
294 ELM PARK LTD,16130431,active,ltd,,,2024-12-11,,2024-12-11,[68202],46 Camden Road London England NW1 9DR
GESHFX LTD,16136119,active,ltd,,,2024-12-14,,2024-12-14,[64999, 66110],25 Bridge Road London England E6 2AG
KEEN SCAFFOLDING LTD,16136255,active,ltd,,,2024-12-14,,2024-12-14,[43991],174b Carlyle Road London England W5 4BJ
SOMMER CURRIE LTD,16136338,active,ltd,,,2024-12-15,,2024-12-15,[78109, 86900],5 Brayford Square London United Kingdom E1 0SG
OMHMEDICAL SERVICES LTD,16136512,active,ltd,,,2024-12-15,,2024-12-15,[86210],2 Coral Court London England E18 2GH
STEPHENSON & SIMONS LETTINGS SOLUTIONS LTD,16136604,active,ltd,,,2024-12-15,,2024-12-15,[68209],45 Albemarle Street London United Kingdom W1S 4JL
THE PADEL RALLY LTD,16136709,active,ltd,,,2024-12-16,,2024-12-16,[79110],3rd Floor, 86-90 Paul Street London United Kingdom EC2A 4NE
GLYNDEN INVESTMENTS UK LIMITED,16136698,active,ltd,,,2024-12-16,,2024-12-16,[68209],7-8 Manson Place London England SW7 5LT
ILLIEEART LTD,16135058,active,ltd,,,2024-12-13,,2024-12-13,[90030],71-75 Shelton Street London United Kingdom WC2H 9JQ
BOOKWORM APP LTD,16113569,active,ltd,,,2024-12-02,,2024-12-02,[58290, 62012, 85590, 85600],3rd Floor, 86-90 Paul Street London United Kingdom EC2A 4NE
AB INVEST GROUP LTD,16135185,active,ltd,,,2024-12-13,,2024-12-13,[68100, 68320, 96090],Suite T, Units 1 & 11 Second Floor, Building A&E London England N4 1TJ
MOTOHAUL LTD,16135317,active,ltd,,,2024-12-13,,2024-12-13,[52290],86-90 Paul Street London England EC2A 4NE
REVENUE AMP LIMITED,16135315,active,ltd,,,2024-12-13,,2024-12-13,[62020],71-75 Shelton Street London United Kingdom WC2H 9JQ
APT QUALIFICATIONS LIMITED,16135297,active,ltd,,,2024-12-13,,2024-12-13,[85590],27 Old Gloucester Street London England WC1N 3AX
V-COUNT GLOBAL HOLDING LIMITED,16135397,active,ltd,,,2024-12-13,,2024-12-13,[64209],C/O Unit 4 London United Kingdom E8 2FD
GEESEC LTD,16135496,active,ltd,,,2024-12-13,,2024-12-13,[62020, 63110, 63990],27 Old Gloucester Street London United Kingdom WC1N 3AX
NJ DYNAMICS LIMITED,16135516,active,ltd,,,2024-12-13,,2024-12-13,[86900],63 Markhouse Avenue London England E17 8AY
M J D MACHINING SERVICES LTD,16135569,active,ltd,,,2024-12-13,,2024-12-13,[25620],Wren House St Albans United Kingdom AL1 1NG
RE UK 0013 LTD,16135645,active,ltd,,,2024-12-13,,2024-12-13,[68100, 68209],87 89 Baker Street London United Kingdom W1U 6RJ
EWF GLOBAL MARKET LIMITED,16135726,active,ltd,,,2024-12-13,,2024-12-13,[64999, 66110, 66190],2nd Floor College House Ruislip, United Kingdom HA4 7AE
ABC STAFFING GROUP LIMITED,16135722,active,ltd,,,2024-12-13,,2024-12-13,[78200],71-75 Shelton Street London United Kingdom WC2H 9JQ
EBG VENTURES LTD,16135826,active,ltd,,,2024-12-13,,2024-12-13,[43220],7 Bell Yard London England WC2A 2JR
THANOS CAR MOVEMENT LTD,16135885,active,ltd,,,2024-12-13,,2024-12-13,[45112, 49410],3rd Floor, 86-90 Paul Street London England EC2A 4NE
GLOBAL ROVE LTD,16132031,active,ltd,,,2024-12-12,,2024-12-12,[79110],128 City Road London United Kingdom EC1V 2NX
AFH OFFICES LIMITED,16132404,active,ltd,,,2024-12-12,,2024-12-12,[64304],128 City Road London United Kingdom EC1V 2NX
TREEHOUSE REAL ESTATE DEVELOPMENT & INVESTMENT COMPANY LIMITED,16132289,active,ltd,,,2024-12-12,,2024-12-12,[68100, 68209, 68310],Flat 7 Hartley House London England SE1 5RY
BIKE AMALGAMA LTD,16132292,active,ltd,,,2024-12-12,,2024-12-12,[10710, 10821, 10832, 47250],86-90 Paul Street London United Kingdom EC2A 4NE
MALIXA UK LTD,16132143,active,ltd,,,2024-12-12,,2024-12-12,[46240, 46420, 47710, 47820],86-90 Paul Street London United Kingdom EC2A 4NE
OBSERVABILITY ENGINEERING LIMITED,16132332,active,ltd,,,2024-12-12,,2024-12-12,[62020],Flat 69 Oakleigh Court London England N1 7LR
SO YOU DON'T HAVE TO LTD,16132218,active,ltd,,,2024-12-12,,2024-12-12,[70229],20 Wenlock Road London England N1 7GU
COSMO MIDCO GP LTD,16132304,active,ltd,,,2024-12-12,,2024-12-12,[64209],Level 6 Duo London United Kingdom EC2M 4RB
TRANSA&A LTD,16136095,active,ltd,,,2024-12-14,,2024-12-14,[49200],Flat B London England E11 4AQ
KS BIRMINGHAM CONSTRUCTION LTD,16136140,active,ltd,,,2024-12-14,,2024-12-14,[41201, 43110, 43999, 78200],3rd Floor, 86-90 Paul Street London England EC2A 4NE
NAPOLEON SERVICES LTD,16136276,active,ltd,,,2024-12-14,,2024-12-14,[41100, 41202, 49420, 95220],7 Rosecroft Gardens London England NW2 6HX
HERWOOD SUB LTD,16136452,active,ltd,,,2024-12-15,,2024-12-15,[68209],20 Warwick Grove London England E5 9HU
KDKSIBLINGS LTD,16136536,active,ltd,,,2024-12-15,,2024-12-15,[68209],17 Guy Barnett Grove London England SE3 9AL
SOLVEO LTD,16136678,active,ltd,,,2024-12-16,,2024-12-16,[62090],71-75 Shelton Street London United Kingdom WC2H 9JQ
ALI GHOURI LIMITED,16135228,active,ltd,,,2024-12-13,,2024-12-13,[56101],Flat 9 Maplefield London England N4 3FH
MAGGIX LTD,16135213,active,ltd,,,2024-12-13,,2024-12-13,[86230, 86900],Flat 20 Greenfield House London England SW19 6DN
LAGOS HOUSE RESTAURANT LTD,16135238,active,ltd,,,2024-12-13,,2024-12-13,[56290],164 West Hendon Broadway London United Kingdom NW9 7AA
STRONGER SALES LTD,16135373,active,ltd,,,2024-12-13,,2024-12-13,[82990],128 City Road London United Kingdom EC1V 2NX
FIRETHORN STRATFORD HOLDINGS LIMITED,16135437,active,ltd,,,2024-12-13,,2024-12-13,[68209],265 Tottenham Court Road London United Kingdom W1T 7RQ
0X01 LTD,16135440,active,ltd,,,2024-12-13,,2024-12-13,[58290],1605 Hoola East London England E16 1UX
NATURE WELLNESS HUB UK LTD,16135683,active,ltd,,,2024-12-13,,2024-12-13,[86900],124 City  Road London United Kingdom EC1V 2NX
6 BROTHERS LONDON LTD,16135690,active,ltd,,,2024-12-13,,2024-12-13,[47110],17 West Green Road London England N15 5BX
ATLAS REVIVE MOTOR LTD,16135775,active,ltd,,,2024-12-13,,2024-12-13,[45112],1-3 Pemberton Row London United Kingdom EC4A 3BG
BLUE BUILD HERITAGE LTD,16111368,active,ltd,,,2024-12-02,,2024-12-02,[41201, 41202],43a Erskine Road London England E17 6RZ
APEX FX INVESTMENT LTD,16135917,active,ltd,,,2024-12-13,,2024-12-13,[64209],Dept 757, 196 High Road London United Kingdom N22 8HH
AVENUE CT (PROPERTY MANAGEMENT) LIMITED,16135918,active,ltd,,,2024-12-13,,2024-12-13,[98000],1 London Road Ipswich England IP1 2HA
PROO MAINTENANCE LIMITED,16136012,active,ltd,,,2024-12-13,,2024-12-13,[43330, 43341, 43390],159 Kilburn High Road London England NW6 7HU
LZK23 CONSULTING LTD,16136100,active,ltd,,,2024-12-14,,2024-12-14,[82990],Flat 45 105 Hallam Street London England W1W 5HE
AUJG ENTERPRISES LIMITED,16136529,active,ltd,,,2024-12-15,,2024-12-15,[47910],167-169 Great Portland Street London England W1W 5PF
INTREPID TIMES LTD,16128199,active,ltd,,,2024-12-10,,2024-12-10,[63120],71-75 Shelton Street London United Kingdom WC2H 9JQ
TINY SWIMMERS (2023) LIMITED,16129110,active,ltd,,,2024-12-10,,2024-12-10,[85590],3, Lonsto House London United Kingdom N10 3LU
VULCAN UK MIDCO 2 LIMITED,16129116,active,ltd,,,2024-12-10,,2024-12-10,[64209],Suite 1, 7th Floor 50 Broadway London United Kingdom SW1H 0DB
FYNEX LTD,16129425,active,ltd,,,2024-12-11,,2024-12-11,[56103, 96090],Flat 1, 198 North End Road London United Kingdom W14 9NX
WILSTOCK LTD,16139259,active,ltd,,,2024-12-16,,2024-12-16,[41100],46 Ridley Road London England NW10 5UA
FAIRLIGHT CAVENDISH LIMITED,16139261,active,ltd,,,2024-12-16,,2024-12-16,[70229],68 Harpenden Road London England SE27 0AF
SJH ESTATES LIMITED,16139301,active,ltd,,,2024-12-16,,2024-12-16,[68209],124-128 City Road London England EC1V 2NX
EG HOUSING LTD,16139310,active,ltd,,,2024-12-16,,2024-12-16,[68100],65 Montpelier Rise London England NW11 9DU
PERSIS DEVELOPMENT LTD,16139334,active,ltd,,,2024-12-16,,2024-12-16,[41201, 41202, 71111, 71112],10 Orme Court London England W2 4RL
HNZ UK NEXUS LIMITED,16139380,active,ltd,,,2024-12-16,,2024-12-16,[47990],Unit 57 F52 The Winning Box 27-37 Station Road Hayes United Kingdom UB3 4DX
THE SALAD SPOT LIMITED,16139416,active,ltd,,,2024-12-17,,2024-12-17,[56103],Argyle Court London England N7 7QR
MEW SCHOOL OF LEADERSHIP LTD,16139452,active,ltd,,,2024-12-17,,2024-12-17,[85320, 85422, 85600],71-75 Shelton Street London United Kingdom WC2H 9JQ
ASCEND CONSULTING LTD,16139461,active,ltd,,,2024-12-17,,2024-12-17,[70210, 70229, 74100],128 City Road London United Kingdom EC1V 2NX
JV ECOMMERCE LTD,16139473,active,ltd,,,2024-12-17,,2024-12-17,[46410, 46480, 46510, 46900],71-75 Shelton Street London United Kingdom WC2H 9JQ
FUSIONIX SOLUTIONS LTD,16139485,active,ltd,,,2024-12-17,,2024-12-17,[62012, 63120, 71122, 82990],35/37 Ludgate Hill London United Kingdom EC4M 7JN
MIHALEV 2000 LIMITED,16139494,active,ltd,,,2024-12-17,,2024-12-17,[53202],1 Highfield Court London England N14 4DX
UNDERGROUND VENDING LTD,16139535,active,ltd,,,2024-12-17,,2024-12-17,[47890],35 Kensington Gardens Square London United Kingdom W2 4BQ
FEATURED PROPERTIES LIMITED,16139521,active,ltd,,,2024-12-17,,2024-12-17,[68100, 68209],128 City Road London United Kingdom EC1V 2NX
VOLTREX LTD,16139562,active,ltd,,,2024-12-17,,2024-12-17,[43210],89 Warland Road London England SE18 2ES
ETERNAL FAMILY OFFICE LIMITED,16139594,active,ltd,,,2024-12-17,,2024-12-17,[96090],26-28 Victoria Parade London England SE10 9FR
STIRRUP LOUNGE BAR LIMITED,16139572,active,ltd,,,2024-12-17,,2024-12-17,[56302],20 Wenlock Road London England N1 7GU
CAREERSPACE LTD,16139586,active,ltd,,,2024-12-17,,2024-12-17,[70229],71-75 Shelton Street London United Kingdom WC2H 9JQ
3W BROTHER LONDON LIMITED,16139577,active,ltd,,,2024-12-17,,2024-12-17,[47290],795 High Road Leyton London England E10 7AA
HORIZON EQUITIES UK LIMITED,16139611,active,ltd,,,2024-12-17,,2024-12-17,[68209],111 Cromwell Road London England SW7 4DP
CENTRAL CIRCUS DEVELOPMENTS LIMITED,16139655,active,ltd,,,2024-12-17,,2024-12-17,[41100, 41202],35 Ballards Lane London United Kingdom N3 1XW
THE PANTRY LONDON LIMITED,16139739,active,ltd,,,2024-12-17,,2024-12-17,[10710, 10890],6 Hill View Studios London England SE9 5EA
TESORO BUSINESS COACHING LIMITED,16139765,active,ltd,,,2024-12-17,,2024-12-17,[70229],Suite G04 1 Quality Court, Chancery Lane London England WC2A 1HR
PREM PHOTOGRAPHY PRIVATE LIMITED,16139741,active,ltd,,,2024-12-17,,2024-12-17,[74202],155 Princes Avenue London England NW9 9QS
ARACO INTERIORS LIMITED,16139820,active,ltd,,,2024-12-17,,2024-12-17,[47599],128 City Road London United Kingdom EC1V 2NX
RIVERVIEW LTD,16139832,active,ltd,,,2024-12-17,,2024-12-17,[68100],54 Springfield London England E5 9EF
PATTANI INVESTMENTS LTD,16139900,active,ltd,,,2024-12-17,,2024-12-17,[64991],128 City Road London United Kingdom EC1V 2NX
KURAK SKINS LIMITED,16139920,active,ltd,,,2024-12-17,,2024-12-17,[47910],128 City Road London United Kingdom EC1V 2NX
UMJ LTD,16140053,active,ltd,,,2024-12-17,,2024-12-17,[52290, 68100, 68320, 85600],128 City Road London United Kingdom EC1V 2NX
HORIZON BLUE PROPERTY LIMITED,16140028,active,ltd,,,2024-12-17,,2024-12-17,[68209],C/O Getground London England W6 0NB
MASSICOT THREE QUARTERS LIMITED,16140087,active,ltd,,,2024-12-17,,2024-12-17,[68209],24 Hurstwood Road London England NW11 0AT
STARBOARD W1 LIMITED,16140148,active,ltd,,,2024-12-17,,2024-12-17,[86230],C/O Tc Citroen Wells Limited 3 Dorset Rise England EC4Y 8EN
ASAIM LTD,16140163,active,ltd,,,2024-12-17,,2024-12-17,[70100, 70210, 70221],71-75 Shelton Street London United Kingdom WC2H 9JQ
JEN MP LTD,16140182,active,ltd,,,2024-12-17,,2024-12-17,[64209],Suite 1, 7th Floor 50 Broadway London United Kingdom SW1H 0DB
TK PROPERTY VENTURES LIMITED,16140173,active,ltd,,,2024-12-17,,2024-12-17,[68209],Seymour Chambers Liverpool United Kingdom L3 5NW
GULDOGAN GLOBAL LTD,16140177,active,ltd,,,2024-12-17,,2024-12-17,[47910],4 Raven Road, Unit 1c3-573 London United Kingdom E18 1HB
ASEL INVESTMENTS LTD,16140176,active,ltd,,,2024-12-17,,2024-12-17,[68100, 68209],71-75 Shelton Street London United Kingdom WC2H 9JQ
THORPEHFIT LTD,16140201,active,ltd,,,2024-12-17,,2024-12-17,[43220],83 Davenport Road London England SE6 2AU
LINKEDCX LTD,16140186,active,ltd,,,2024-12-17,,2024-12-17,[62020, 70229, 82200, 82990],71-75 Shelton Street London United Kingdom WC2H 9JQ
SLIX FINANCE LTD,16140193,active,ltd,,,2024-12-17,,2024-12-17,[66110],Slix Finance Ltd London United Kingdom EC2A 4NE
LEDIG LTD,16140230,active,ltd,,,2024-12-17,,2024-12-17,[62090],128 City Road London United Kingdom EC1V 2NX
NGR SERVICES GROUP LTD,16138144,active,ltd,,,2024-12-16,,2024-12-16,[64204, 64205, 64302, 64999],71-75 Shelton Street London United Kingdom WC2H 9JQ
STAR TRACKERS LIMITED,16116917,active,ltd,,,2024-12-04,,2024-12-04,[53201],63 London Street Reading England RG1 4PS
HRONIN LTD,16138184,active,ltd,,,2024-12-16,,2024-12-16,[64991],17 Arragon Road London England E6 1QN
INSIGHTS COMPANIES LTD,16138292,active,ltd,,,2024-12-16,,2024-12-16,[41100, 61200, 69201, 70229],2nd Floor College House Ruislip, United Kingdom HA4 7AE
AGRESOLVE LTD,16138293,active,ltd,,,2024-12-16,,2024-12-16,[01500, 01610, 01629],71-75 Shelton Street London United Kingdom WC2H 9JQ
BLACKHORSE SUPERMARKET LIMITED,16138327,active,ltd,,,2024-12-16,,2024-12-16,[47110],6 6 Blackhorse Lane London United Kingdom E17 6HJ
MHR MUSWELL LIMITED,16138360,active,ltd,,,2024-12-16,,2024-12-16,[96090],101 New Cavendish Street London United Kingdom W1W 6XH
FIT BRANDED LIMITED,16138451,active,ltd,,,2024-12-16,,2024-12-16,[62012, 93199],167 - 169 Great Portland Street, 5th Floor London England W1W 5PF
PLUG IN STATION COMMERCIAL LTD,16138601,active,ltd,,,2024-12-16,,2024-12-16,[96090],2nd Floor 10-12 Bourlet Close London England W1W 7BR
BANAFRICA EBENE LTD,16138614,active,ltd,,,2024-12-16,,2024-12-16,[86220],Flat 58 Bedwell House London England SW9 0UH
HAMPSTEADHIDEAWAY LTD,16121438,active,ltd,,,2024-12-05,,2024-12-05,[68209],30 The Bourne London United Kingdom N14 6QS
FIELD BROADFORD LTD,16138774,active,ltd,,,2024-12-16,,2024-12-16,[35110],Fora Montacute Yards London United Kingdom E1 6HU
AA SMART SELLER SOLUTIONS LTD,16138861,active,ltd,,,2024-12-16,,2024-12-16,[47990],71-75 Shelton Street London United Kingdom WC2H 9JQ
SHIELDESS SECURITY LIMITED,16138997,active,ltd,,,2024-12-16,,2024-12-16,[80100],58 Atkinson Road London England E16 3LR
STARBOARD GP HOLDING LIMITED,16139205,active,ltd,,,2024-12-16,,2024-12-16,[64209],C/O Tc Citroen Wells Limited 3 Dorset Rise England EC4Y 8EN
PH CATERHAM LTD,16138080,active,ltd,,,2024-12-16,,2024-12-16,[64209],21-22 Maiden Lane London England WC2E 7NA
ORGANIC HERBAL HEALTH LTD,16138081,active,ltd,,,2024-12-16,,2024-12-16,[47910],3rd Floor, 86-90 Paul Street London England EC2A 4NE
FUNNYCUTTERS LTD,16138256,active,ltd,,,2024-12-16,,2024-12-16,[46150, 46420],71-75 Shelton Street London United Kingdom WC2H 9JQ
JUST THAT GOOD LIMITED,16138261,active,ltd,,,2024-12-16,,2024-12-16,[47990],105 Palewell Park London England SW14 8JJ
LOW KEY OPTICS LTD,16138306,active,ltd,,,2024-12-16,,2024-12-16,[59111],C/O Eam London Limited London England SE1 1JA
MODICA LONDON LTD,16138354,active,ltd,,,2024-12-16,,2024-12-16,[56101],167 Station Road London England E4 6AG
WANDERING FEATHERS LTD,16138391,active,ltd,,,2024-12-16,,2024-12-16,[01470],76 Daneby Road London England SE6 2QG
AGORA ADVISORY LTD,16138656,active,ltd,,,2024-12-16,,2024-12-16,[70229],71-75 Shelton Street London United Kingdom WC2H 9JQ
MISTRAL AURA LTD,16138739,active,ltd,,,2024-12-16,,2024-12-16,[64209],Carlyle House 235-237 Vauxhall Bridge Road London United Kingdom SW1V 1EJ
BLANK PAPER LTD,16138716,active,ltd,,,2024-12-16,,2024-12-16,[70229],14 Bickersteth Road Tooting England SW17 9SF
TOTORO MANAGEMENT LIMITED,16138718,active,ltd,,,2024-12-16,,2024-12-16,[70229],17 Bassingham Road London United Kingdom SW18 3AF
NAVIGATE365 LTD,16138688,active,ltd,,,2024-12-16,,2024-12-16,[62020],128 City Road London United Kingdom EC1V 2NX
ZEPHYR AURA LTD,16138712,active,ltd,,,2024-12-16,,2024-12-16,[64209],Carlyle House 235-237 Vauxhall Bridge Road London United Kingdom SW1V 1EJ
RENTSER LTD,16138694,active,ltd,,,2024-12-16,,2024-12-16,[68201, 68310],71-75 Shelton Street London United Kingdom WC2H 9JQ
CRC LETTING LIMITED,16138812,active,ltd,,,2024-12-16,,2024-12-16,[68209],23 London Road Downham Market England PE38 9BJ
ZOID ENTERPRISES LTD,16138823,active,ltd,,,2024-12-16,,2024-12-16,[85520, 90010, 90030],128 City Road London United Kingdom EC1V 2NX
ENDURED PROFESSIONAL LIMITED,16138940,active,ltd,,,2024-12-16,,2024-12-16,[93199],86-90 Paul Street London England EC2A 4NE
HOLISTIC VITAMIN  AND WELLNESS PRODUCTS LTD,16138921,active,ltd,,,2024-12-16,,2024-12-16,[86210, 86900],Gloria Ishola 13 Welling High Street London United Kingdom DA16 1TR
HORUS DISCOUNT LTD,16138952,active,ltd,,,2024-12-16,,2024-12-16,[46510, 46900, 47190],128 City Road London United Kingdom EC1V 2NX
THERMAL SOLUTIONS LTD,16138932,active,ltd,,,2024-12-16,,2024-12-16,[43220],128 City Road London United Kingdom EC1V 2NX
GIPSY ROSE LTD,16139010,active,ltd,,,2024-12-16,,2024-12-16,[56102],237 Gipsy Road London United Kingdom SE27 9QY
FOLLOW IQ LIMITED,16139145,active,ltd,,,2024-12-16,,2024-12-16,[46510, 62012, 62020, 62090],6 Hill View Studios London England SE9 5EA
20 ADOLPHUS ROAD FREEHOLD COMPANY LIMITED,16139221,active,ltd,,,2024-12-16,,2024-12-16,[98000],20 Adolphus Road London England N4 2AZ
K&P BARBERS LTD,16139230,active,ltd,,,2024-12-16,,2024-12-16,[96020],21 West Green Road London England N15 5BX
PREM PLACE LTD,16139240,active,ltd,,,2024-12-16,,2024-12-16,[68100, 68209],Suite 21, 81 Lee High Road London England SE13 5NS
HICKEY & CO TAX AND DISPUTE RESOLUTION LIMITED,16140251,active,ltd,,,2024-12-17,,2024-12-17,[69101],71-75 Shelton Street London United Kingdom WC2H 9JQ
THE REIGN GP CLINIC LTD,16140250,active,ltd,,,2024-12-17,,2024-12-17,[86220, 86900],144-146 King's Cross Road London England WC1X 9DU
GG-127-721 LIMITED,16140321,active,ltd,,,2024-12-17,,2024-12-17,[68209],C/O Getground London England W6 0NB
TOUR DE 4 LIMITED,16140353,active,ltd,,,2024-12-17,,2024-12-17,[82990],C/O Brodies Llp London United Kingdom EC1A 7BN
SL LUXURY COLLECTION HOLDING LIMITED,16140365,active,ltd,,,2024-12-17,,2024-12-17,[64209],27 Old Gloucester Street London United Kingdom WC1N 3AX
FINOVA SOLUTIONS LTD,16140417,active,ltd,,,2024-12-17,,2024-12-17,[70229],71-75 Shelton Street London United Kingdom WC2H 9JQ
FK HEALTH CONSULTANCY LTD,16140415,active,ltd,,,2024-12-17,,2024-12-17,[86900],Flat 19 Chelsfield House London England SE17 1SX
PEST HUNTERZ LTD,16140426,active,ltd,,,2024-12-17,,2024-12-17,[81291],71-75 Shelton Street London England WC2H 9JQ
QNETSEC LTD,16140477,active,ltd,,,2024-12-17,,2024-12-17,[62012, 68100, 68201, 71200],128 City Road London United Kingdom EC1V 2NX
MACULA HEDGECO 1 LIMITED,16140515,active,ltd,,,2024-12-17,,2024-12-17,[64209],2nd Floor 107 Cheapside London United Kingdom EC2V 6DN
PHILCAPITALS LIMITED,16140511,active,ltd,,,2024-12-17,,2024-12-17,[64999],1 Kings Avenue London United Kingdom N21 3NA
CITYNEXUS (UK) LIMITED,16140531,active,ltd,,,2024-12-17,,2024-12-17,[58290],C/O Tmf Group 13th Floor London United Kingdom EC2R 7HJ
CHAMPIGNON UK LTD,16140530,active,ltd,,,2024-12-17,,2024-12-17,[46330],100 Liverpool Street London United Kingdom EC2M 2AT
MELLOR INVESTMENT GROUP LTD,16140565,active,ltd,,,2024-12-17,,2024-12-17,[68100, 68209],2nd Floor College House Ruislip, United Kingdom HA4 7AE
STOBIONT HOLDING LTD,16140557,active,ltd,,,2024-12-17,,2024-12-17,[47990],Nova North 11 Bressenden Place London United Kingdom SW1E 5BY
HNKTRADE LTD,16140551,active,ltd,,,2024-12-17,,2024-12-17,[66110],71-75 Shelton Street London United Kingdom WC2H 9JQ
CROC PROD 1 LIMITED,16140620,active,ltd,,,2024-12-17,,2024-12-17,[90010],30 Berners Street London United Kingdom W1T 3LR
ELITE INFO LEADS LIMITED,16140635,active,ltd,,,2024-12-17,,2024-12-17,[64209],159 A Goldhurst Terrace London United Kingdom NW6 3EU
STYLEPRO TECH LIMITED,16140632,active,ltd,,,2024-12-17,,2024-12-17,[62012, 62020, 62090],27 Old Gloucester Street London United Kingdom WC1N 3AX
STIPIDIK LTD,16140655,active,ltd,,,2024-12-17,,2024-12-17,[94200, 94920, 95110],71-75 Shelton Street London United Kingdom WC2H 9JQ
AMICUS TALENT GROUP LTD,16140695,active,ltd,,,2024-12-17,,2024-12-17,[73110, 78109, 78300],71-75 Shelton Street London United Kingdom WC2H 9JQ
KEY CHARACTERS LTD,16140677,active,ltd,,,2024-12-17,,2024-12-17,[62012],20 Wenlock Road London England N1 7GU
NURSCAPE 24HOURS HEALTHCARE LTD,16140698,active,ltd,,,2024-12-17,,2024-12-17,[78109, 82990, 87300, 88100],71-75 Shelton Street London United Kingdom WC2H 9JQ
DYNVEST LIMITED,16140715,active,ltd,,,2024-12-17,,2024-12-17,[63120],Dynamis House London England EC1Y 0SW
ALPS REAL ESTATE LTD,16140740,active,ltd,,,2024-12-17,,2024-12-17,[68209],217 East India Dock Road London England E14 0ED
ACTIVATE GROWTH LTD,16140744,active,ltd,,,2024-12-17,,2024-12-17,[70229],111 Trundley's Road London United Kingdom SE8 5BD
SMOKE & BONES LTD,16140774,active,ltd,,,2024-12-17,,2024-12-17,[56102],52 Hounslow Road Twickenham London United Kingdom TW2 7EX
MINDER 365 LTD,16140792,active,ltd,,,2024-12-17,,2024-12-17,[74909],18 Berwick Road London United Kingdom N22 5QB
BARRINGTON FAMILY HOLDINGS LTD,16140834,active,ltd,,,2024-12-17,,2024-12-17,[70100],128 City Road London United Kingdom EC1V 2NX
IMPERIAL PROPERTY HOLDINGS LTD,16140839,active,ltd,,,2024-12-17,,2024-12-17,[68100],81 Tooting High Street London United Kingdom SW17 0SU
SMQ 84 B ONE LTD,16140850,active,ltd,,,2024-12-17,,2024-12-17,[68100],11a Empire Parade Empire Way Wembley England HA9 0RQ
DYNAMIS HOLDINGS LIMITED,16140855,active,ltd,,,2024-12-17,,2024-12-17,[63120],Dynamis House London England EC1Y 0SW
ADANA DIGITAL SUPPLIES LIMITED,16131227,active,ltd,,,2024-12-11,,2024-12-11,[18129],Unit 2, Eldon Chambers 30-32 Fleet St London England EC4Y 1AA
SAISON WINES LIMITED,16129959,active,ltd,,,2024-12-11,,2024-12-11,[46342],71-75 Shelton Street London United Kingdom WC2H 9JQ
ACTV EIGHT LTD,16125526,active,ltd,,,2024-12-09,,2024-12-09,[96090],71-75 Shelton Street London United Kingdom WC2H 9JQ
HEALTHY GREEN COSMETICS LTD,16118062,active,ltd,,,2024-12-04,,2024-12-04,[46450],137-139 Brent Street London England NW4 4DJ
FLOWER ART GLOBAL LTD,16134564,active,ltd,,,2024-12-13,,2024-12-13,[47190, 47760, 82990],Britannia House, 11 Glenthorne Road London England W6 0LH
PARAFORA LTD,16145518,active,ltd,,,2024-12-19,,2024-12-19,[61900],London (W1w 5pf) Office 167-169 Great Portland Street London England W1W 5PF
BRIDGE LENDING SOLUTIONS LTD,16111081,active,ltd,,,2024-12-01,,2024-12-01,[64999],27 Hill Street London United Kingdom W1J 5LP
4U INVESTMENTS LTD,16139020,active,ltd,,,2024-12-16,,2024-12-16,[68100, 68209],112 Evelyn Grove Southall England UB1 2BT
KENSINGTON-GROUP-PLUMBERS LTD,16152052,active,ltd,,,2024-12-26,,2024-12-26,[41202, 43220, 43290, 43390],47 B Portland Road London England SE25 4UF
BERKELEY CREDIT LIMITED,16111009,active,ltd,,,2024-12-01,,2024-12-01,[64999],27 Hill Street London United Kingdom W1J 5LP
ETULINTU LTD,16128009,active,ltd,,,2024-12-10,,2024-12-10,[62012, 73110],3rd Floor Suite London England W1B 3HH
TRITAX POWERBOX MEMBER CO 2 LIMITED,16120847,active,ltd,,,2024-12-05,,2024-12-05,[68209],72 Broadwick Street London United Kingdom W1F 9QZ
QT TECHNOLOGIES LTD,16135266,active,ltd,,,2024-12-13,,2024-12-13,[64209],1a Falmer Court Uckfield United Kingdom TN22 1HN
EVM GLOBAL LTD,16131698,active,ltd,,,2024-12-11,,2024-12-11,[73120],45 Albemarle Street Mayfair England W1S 4JL
OUTRUN WAX COMPANY LTD,16154607,active,ltd,,,2024-12-30,,2024-12-30,[47190, 47910],3rd Floor 86-90 Paul Street London England EC2A 4NE
MARLBOROUGH ADVISORY LTD,16149612,active,ltd,,,2024-12-23,,2024-12-23,[70229],124 City Road London England EC1V 2NX
SWELLY LTD,16148330,active,ltd,,,2024-12-22,,2024-12-22,[74100],4th Floor Silverstream House 45 Fitzroy Street London England W1T 6EB
LUXXE NAILS LTD,16157735,active,ltd,,,2024-12-31,,2024-12-31,[96020],407 Hoe Street London England E17 9AP
KLEO KIDS UK LIMITED,16133909,active,ltd,,,2024-12-13,,2024-12-13,[62090, 63120],124 City Road London England EC1V 2NX
CUT + ROLL FILMS LTD,16132384,active,ltd,,,2024-12-12,,2024-12-12,[59111, 59131, 78101, 90010],Flat A London England N10 1DN
OIL ON CANVAS LIMITED,16136053,active,ltd,,,2024-12-14,,2024-12-14,[47781],Flat 4 75 Holland Park London England W11 3SL
NEWMAN CAPITAL GROUP LIMITED,16129694,active,ltd,,,2024-12-11,,2024-12-11,[68100, 68209, 68320],71-75 Shelton Street London England WC2H 9JQ
DOVECOTE PICTURES LIMITED,16130224,active,ltd,,,2024-12-11,,2024-12-11,[59111, 59113],124 City Road, London City Road London England EC1V 2NX
E2 GROUP VENTURES LTD,16132009,active,ltd,,,2024-12-12,,2024-12-12,[11070],30 Churchill Place London England E14 5RE
MD.CO.UK HEALTH LIMITED,16146603,active,ltd,,,2024-12-20,,2024-12-20,[86230],20 Old Brompton Road London England SW7 3DL
AURELIA COLLECTIVE LTD,16133660,active,ltd,,,2024-12-13,,2024-12-13,[58190, 85590, 90030, 96040],Flat 24 Esmond Court London England W8 5HB
BASTET FILMS LTD,16118288,active,ltd,,,2024-12-04,,2024-12-04,[59111],6 Skipworth Road London England E9 7JH
ATOUSA AESTHETICS LTD,16126685,active,ltd,,,2024-12-09,,2024-12-09,[96020],158 Horn Lane London W3 6PH
WE LEND LIMITED,16150898,active,ltd,,,2024-12-24,,2024-12-24,[68100],85 Great Portland Street London W1W 7LT
KANADEVIA INOVA MANAGEMENT SERVICES UK HOLDCO LTD,16118789,active,ltd,,,2024-12-04,,2024-12-04,[64209],123 Pall Mall London England SW1Y 5EA
IAE-2 INTERCO 3 LTD,16146001,active,ltd,,,2024-12-20,,2024-12-20,[64205],C/O Alter Domus (Uk) Limited 10th Floor London United Kingdom EC3A 8BF
4TH UTILITY ISP2 LIMITED,16143401,active,ltd,,,2024-12-18,,2024-12-18,[61900],3rd Floor 86-90 Paul Street London United Kingdom EC2A 4NE
IAE-1 INTERCO 4 LTD,16146681,active,ltd,,,2024-12-20,,2024-12-20,[64205],C/O Alter Domus (Uk) Limited 10th Floor London United Kingdom EC3A 8BF
PAZER TRADERS LTD,16115912,active,ltd,,,2024-12-03,,2024-12-03,[41202],Flat 117 Cityview Point 139 Leven Road London England E14 0XT
OMAX GROUP LTD,16125244,active,ltd,,,2024-12-09,,2024-12-09,[46520, 47910, 61200, 61900],71-75 Shelton Street London United Kingdom WC2H 9JQ
J.S.F & SONS LTD,16115500,active,ltd,,,2024-12-03,,2024-12-03,[41201, 41202, 68100],83d London Road Romford England RM7 9QD
TIKKAS GROUP LIMITED,16132072,active,ltd,,,2024-12-12,,2024-12-12,[56102, 56103],1 Great Titchfield Street London England W1W 8AU
PAULIUS SERVICES LTD,16115474,active,ltd,,,2024-12-03,,2024-12-03,[43290],25 Greatfield Avenue London England E6 3RU
FINSYS APPS LIMITED,16137210,active,ltd,,,2024-12-16,,2024-12-16,[62020],124 City Road London England EC1V 2NX
VERNA WALL LTD,16146455,active,ltd,,,2024-12-20,,2024-12-20,[47910],11 Hills Place London United Kingdom W1F 7SE
JPJ FINANCE LIMITED,16146890,active,ltd,,,2024-12-20,,2024-12-20,[64999],C/O Mcl Accountants, Leigh-On-Sea England SS9 2AF
THE OLD VAULTS LIMITED,16120081,active,ltd,,,2024-12-05,,2024-12-05,[56290],13 London Road Sheffield England S2 4LA
VAMAN DEVELOPMENTS LTD,16117861,active,ltd,,,2024-12-04,,2024-12-04,[68209, 68320],6 New Close London England SW19 2SY
STEADY PACE FOOD AND DRINK LIMITED,16111978,active,ltd,,,2024-12-02,,2024-12-02,[46900],Suite Ra01 195 - 197 Wood Street London England E17 3NU
VAREON LIMITED,16118193,active,ltd,,,2024-12-04,,2024-12-04,[62012, 62020, 63110, 70229],17 Green Lanes London England N16 9BS
J&J CAPITAL PARTNERS LTD,16130223,active,ltd,,,2024-12-11,,2024-12-11,[64991, 68100, 68209],333 Edgware Road London England NW9 6TD
KALULU HOMES LIMITED,16117936,active,ltd,,,2024-12-04,,2024-12-04,[68209],C/O Getground, 1 London England W6 0NB
PRAXIOR HELIX CAPITAL LTD,16120777,active,ltd,,,2024-12-05,,2024-12-05,[96090],Wn London England W1D 1PT
RATIO METRICS LTD,16131242,active,ltd,,,2024-12-11,,2024-12-11,[96090],Wn London England W1D 1PT
HCM SPORTS UK LTD,16130554,active,ltd,,,2024-12-11,,2024-12-11,[93199],71 Queen Victoria Street London United Kingdom EC4V 4BE
IDEAL HOME AND BUSINESS LIMITED,16126615,active,ltd,,,2024-12-09,,2024-12-09,[47520, 47599],211 Camberwell Road London England SE5 0HG
REVOLUTIONARY GROUP LIMITED,16142443,active,ltd,,,2024-12-18,,2024-12-18,[86900],30 Sydenham Road London England SE26 5QF
CLEAN LIVING PROPERTY CARE LTD,16156708,active,ltd,,,2024-12-31,,2024-12-31,[96010],2nd Floor College House Ruislip, United Kingdom HA4 7AE
SYNCSTREAM LTD,16147449,active,ltd,,,2024-12-20,,2024-12-20,[47910],71-75 Shelton Street London United Kingdom WC2H 9JQ
PENMAN NASSIF LTD,16151757,active,ltd,,,2024-12-25,,2024-12-25,[70221, 70229],The Tapestry Building 3rd Floor London England W1D 4SH
KAIVEX LIMITED,16133088,active,ltd,,,2024-12-12,,2024-12-12,[81300],20 Stroud Crescent London England SW15 3EJ
D&K FINANCE SERVICE LTD,16120313,active,ltd,,,2024-12-05,,2024-12-05,[64999, 66110, 69203, 70229],Dept 7399a 196 High Road London United Kingdom N22 8HH
LEGALUX CONSULTING LTD.,16140086,active,ltd,,,2024-12-17,,2024-12-17,[70229, 74100],128 City Road London United Kingdom EC1V 2NX
CARL DEVELOPMENTS LTD,16137691,active,ltd,,,2024-12-16,,2024-12-16,[41100, 68100, 68209],6 Satin Court London England NW9 6DW
BUILDING & JOINERY CONSTRUCTION LTD,16116657,active,ltd,,,2024-12-03,,2024-12-03,[41202],Flat 11 Braemar House, London England W9 1UT
EVAS INTERIORS LIMITED,16156367,active,ltd,,,2024-12-30,,2024-12-30,[95240],129 Mile End Road London United Kingdom E1 4BG
QUANTUM TECHNOLOGY SOLUTIONS INC (UK) LTD,16137027,active,ltd,,,2024-12-16,,2024-12-16,[62012],20 Eastbourne Terrace London England W2 6LG
SHALIM CATERING LTD,16124516,active,ltd,,,2024-12-09,,2024-12-09,[56103],19a Curry King Fairford England GL7 4AQ
LOGAN ASSOCIATES LTD,16152572,active,ltd,,,2024-12-27,,2024-12-27,[47781],52 Mayfield Gardens London England W7 3RH
MGT WEB SOLUTIONS LTD,16135046,active,ltd,,,2024-12-13,,2024-12-13,[62012, 63120, 74100],167-169 Great Portland Street London United Kingdom W1W 5PF
SJC LONDON LTD,16115067,active,ltd,,,2024-12-03,,2024-12-03,[43999, 82990],17 Cottage Street London England E14 0AA
MTM METRIC LIMITED,16145515,active,ltd,,,2024-12-19,,2024-12-19,[62012],86-90 Paul Street London England EC2A 4NE
M&B WHOLESALE LTD,16126766,active,ltd,,,2024-12-09,,2024-12-09,[47910],36 Ravensdale Road London England N16 6SH
CONTEMPORARY CULTURE COLLECTIVE LTD,16143566,active,ltd,,,2024-12-18,,2024-12-18,[90040],6 Cobb Street London England E1 7LB
ROOHIN SHISHA LOUNGE AND EVENTS LTD,16122860,active,ltd,,,2024-12-09,,2024-12-09,[56302],29 London Road London England SW17 9JR
VELTRIX LIMITED,16111107,active,ltd,,,2024-12-01,,2024-12-01,[47190, 47910],Unit 21 Balfor Business Centre Southall England UB2 5BY
FPB CONSULTING LIMITED,16129767,active,ltd,,,2024-12-11,,2024-12-11,[62020],86-90 Paul Street London England EC2A 4NE
SPARKLING CLEAN 14 LTD,16128076,active,ltd,,,2024-12-10,,2024-12-10,[81210, 81299],124 City Road London England EC1V 2NX
WARWICK ROAD ESTATE & PROPERTY MANAGEMENT LTD,16157628,active,ltd,,,2024-12-31,,2024-12-31,[68209, 68320, 98000],167-169 Great Portland Street London England W1W 5PF
HETCH (UK) LTD,16157368,active,ltd,,,2024-12-31,,2024-12-31,[47910],187 High Road Leyton London England E15 2BY
MACI MNGMT LIMITED,16130486,active,ltd,,,2024-12-11,,2024-12-11,[70229, 74909],128 City Road London United Kingdom EC1V 2NX
AQUA TRAVEL GROUP LIMITED,16112949,active,ltd,,,2024-12-02,,2024-12-02,[79110],124 City Road London England EC1V 2NX
FUNDING-247 LIMITED,16116177,active,ltd,,,2024-12-03,,2024-12-03,[64999],124 City  Road London United Kingdom EC1V 2NX
PROFIT MOJO LTD,16151451,active,ltd,,,2024-12-24,,2024-12-24,[62020],20 Wenlock Road London England N1 7GU
SUNNYHILL ASSETS LIMITED,16117731,active,ltd,,,2024-12-04,,2024-12-04,[68209],16a Urban Hive London United Kingdom E5 9BQ
KA WHOLESALERS LIMITED,16114424,active,ltd,,,2024-12-03,,2024-12-03,[46900],219a Nash House Old Oak Lane London England NW10 6DE
ANDRE SPENCE CONSULTING LIMITED,16118308,active,ltd,,,2024-12-04,,2024-12-04,[70229],Soho Works 180 Strand London England WC2R 1EA
YORKE TV LIMITED,16146212,active,ltd,,,2024-12-20,,2024-12-20,[59113, 59133, 60200],62 Anerley Vale London England SE19 2BG
ROCKET.INVEST LTD,16116524,active,ltd,,,2024-12-03,,2024-12-03,[64209],14th Floor 33 Cavendish Square London England W1G 0PW
DB NEXUS CONSULTING LTD,16113991,active,ltd,,,2024-12-02,,2024-12-02,[62090],62 First Avenue London United Kingdom SW14 8SR
JPF WASTE LTD,16118992,active,ltd,,,2024-12-04,,2024-12-04,[46900, 49420],621b Nash House Old Oak Lane London England NW10 6FB
MLX HOLDING LTD,16111539,active,ltd,,,2024-12-02,,2024-12-02,[99999],128 City Road London United Kingdom EC1V 2NX
ALL IN ONE HOME EXPERTS LTD,16118855,active,ltd,,,2024-12-04,,2024-12-04,[41100],8 Old James Street London England SE15 3TS
MOONSHOT INVESTMENT HOLDINGS LIMITED,16130618,active,ltd,,,2024-12-11,,2024-12-11,[82990],180 Strand London England WC2R 1EA
SALLOVIA JEWELLERY LTD,16120818,active,ltd,,,2024-12-05,,2024-12-05,[47770],99 Hatton Garden London England EC1N 8NX
SGC BUILDERS SERVICES LTD,16117746,active,ltd,,,2024-12-04,,2024-12-04,[41202, 43390],Flat 16 Ashbourne House London England NW11 0AE
618 FUNGI CLUB LIMITED,16152646,active,ltd,,,2024-12-27,,2024-12-27,[10890, 47910],85 Great Portland Street London England W1W 7LT
HEROIC INNOVATIONS LIMITED,16149635,active,ltd,,,2024-12-23,,2024-12-23,[47910],29091 Office Suite 29a, 3/F 23 Wharf Street London SE8 3GG
COREFRONT LTD,16131243,active,ltd,,,2024-12-11,,2024-12-11,[62020],20 Wenlock Road London England N1 7GU
LPS INTERNATIONAL LTD,16138288,active,ltd,,,2024-12-16,,2024-12-16,[68310],20 Wenlock Road London England N1 7GU
FINANCE WISE ACCOUNTING LTD,16148674,active,ltd,,,2024-12-23,,2024-12-23,[69201, 69202],235 Regents Park Road London United Kingdom N3 3LF
EFG INC LTD,16133164,active,ltd,,,2024-12-12,,2024-12-12,[96020],94-96 Seymour Place London United Kingdom W1H 1NB
BOBLAYNM INTERNATIONAL CO. LIMITED,16127645,active,ltd,,,2024-12-10,,2024-12-10,[10890, 32120, 52242],72 Mcleod Road London England SE2 0BS
AVANCIVA LTD,16138001,active,ltd,,,2024-12-16,,2024-12-16,[70229],26 Meadow Close London England SW20 9JB
OAKFIELD ADVISORY LIMITED,16139670,active,ltd,,,2024-12-17,,2024-12-17,[70229],Flat 59 Cheylesmore House London England SW1W 8QZ
DURAKU GROUNDWORKS LTD,16120923,active,ltd,,,2024-12-05,,2024-12-05,[41202],33 Otley Road London England E16 3JT
FITZ WD18 LTD,16129142,active,ltd,,,2024-12-10,,2024-12-10,[68100, 68209],74 Brent Street London England NW4 2ES
ABDR PROPERTIES LIMITED,16112664,active,ltd,,,2024-12-02,,2024-12-02,[68100],183 Angel Place Fore Street London England N18 2UD
KERRI M.D SKIN LTD,16156807,active,ltd,,,2024-12-31,,2024-12-31,[96020],61 Kensington Church Street London England W8 4BA
ISKENDER EST. 1867 LIMITED,16135057,active,ltd,,,2024-12-13,,2024-12-13,[56101, 56103],C/O Unit 4, Kinetica London United Kingdom E8 2FD
ACE APOSTILLE UK LTD,16133201,active,ltd,,,2024-12-12,,2024-12-12,[69109, 74909],60 St. Martin's Lane London United Kingdom WC2N 4JS
KYUDEN INTERNATIONAL UK LTD,16150870,active,ltd,,,2024-12-24,,2024-12-24,[70229],16 Great Queen Street London United Kingdom WC2B 5AH
HOMER CONSULTING LTD,16154009,active,ltd,,,2024-12-28,,2024-12-28,[62020],C/- Sable International, 5th Floor London England EC4N 8AD
ROTI WRAPS CITY LTD,16136108,active,ltd,,,2024-12-14,,2024-12-14,[56103],Market Place London England SE15 5EW
C&V PROPERTIES LTD,16156597,active,ltd,,,2024-12-30,,2024-12-30,[68209],78 Riverway London England N13 5JX
VELLORIX LTD,16146385,active,ltd,,,2024-12-20,,2024-12-20,[56290],71-75 Shelton Street Covent Garden United Kingdom WC2H 9JQ
AFG LAW CONSULTANCY LTD,16121528,active,ltd,,,2024-12-05,,2024-12-05,[96090],273 Old Kent Road London England SE1 5LU
LTV MORTGAGE SOLUTIONS LTD,16131979,active,ltd,,,2024-12-12,,2024-12-12,[64922],C/O Very Hard Times Ltd, Signature, 30 St Mary's Axe London United Kingdom EC3A 8BF
GRABTIFY LTD,16117718,active,ltd,,,2024-12-04,,2024-12-04,[47910],71-75 Shelton Street London United Kingdom WC2H 9JQ
JMO TECH UK CO., LTD,16123176,active,ltd,,,2024-12-09,,2024-12-09,[62012, 62020],51 Kensington House 3 Palmer Road London England SW11 4FA
PARTNER IN PRODUCT LIMITED,16114874,active,ltd,,,2024-12-03,,2024-12-03,[62020],14 Windermere Road Archway London England N19 5SG
SURBITON ESTATES LTD,16134788,active,ltd,,,2024-12-13,,2024-12-13,[68100, 68209],Unit 4 Fountayne Business Centre London England N15 4AG
WESTMINSTER TRADING LIMITED,16121376,active,ltd,,,2024-12-05,,2024-12-05,[32500, 96090],11 Sale Place London W2 1PX
GGM INVESTMENTS LIMITED,16111013,active,ltd,,,2024-12-01,,2024-12-01,[64999],27 Hill Street London United Kingdom W1J 5LP
STARGEN LTD,16158081,active,ltd,,,2024-12-31,,2024-12-31,[72190],20 Underwood Road London England E1 5AW
FAMS PRODUCTION TRANSPORT LTD,16132040,active,ltd,,,2024-12-12,,2024-12-12,[49320],86 - 90 Paul Street London England EC2A 4NE
COMFY DWELLINGS LTD,16156167,active,ltd,,,2024-12-30,,2024-12-30,[68320],128 City Road London England EC1V 2NX
WHITE GROVE PROPERTIES LIMITED,16136579,active,ltd,,,2024-12-15,,2024-12-15,[68100],12 Holliday Square Holliday Square London England SW11 2HR
CATALYST CREATIVE LTD,16136922,active,ltd,,,2024-12-16,,2024-12-16,[73110],10a Cranley Parade London England SE9 4DZ
LOCAL FENCES LTD,16115062,active,ltd,,,2024-12-03,,2024-12-03,[46130],71-75 Shelton Street London United Kingdom WC2H 9JQ
EQUITY BUILD FINANCE LTD,16135045,active,ltd,,,2024-12-13,,2024-12-13,[64303, 68310, 68320],85 Great Portland Street First Floor London London England W1W 7LT
MDL08 LTD,16133731,active,ltd,,,2024-12-13,,2024-12-13,[41201, 81299],55 Manor Farm Drive London England E4 6HJ
KEEPING IT MINT LIMITED,16146326,active,ltd,,,2024-12-20,,2024-12-20,[81222],22 Heathland Road London England N16 5NH
PERMANENT CARE SOLUTIONS LIMITED,16118494,active,ltd,,,2024-12-04,,2024-12-04,[78109],3rd Floor 45 Albemarle Street London England W1S 4JL
FOUZIA RAHMAN LTD,16153392,active,ltd,,,2024-12-27,,2024-12-27,[47910],Flat 1 Codrington Court London England E1 5DH
LEERINK PARTNERS UK LIMITED,16115002,active,ltd,,,2024-12-03,,2024-12-03,[66120],78 Duke Street London England W1K 6JQ
ANAC ESTATE OXFORD 2 LTD,16135093,active,ltd,,,2024-12-13,,2024-12-13,[68100, 68201, 68209, 68320],Office 403, Screenworks 22 Highbury Grove London United Kingdom N5 2ER
ALBERCO LTD,16142066,active,ltd,,,2024-12-18,,2024-12-18,[56102],Office 403, Screenworks 22 Highbury Grove London United Kingdom N5 2ER
BRAZE SHINE LTD,16124215,active,ltd,,,2024-12-09,,2024-12-09,[46341, 47190],11 Ampton Street London England WC1X 0LT
VICTOR AND SRAM MRAM DEEVELOPER LTD,16135128,active,ltd,,,2024-12-13,,2024-12-13,[41100],Office Gold Building 7, Floor 5 London United Kingdom W4 5YG
FAMILY H LTD,16117077,active,ltd,,,2024-12-04,,2024-12-04,[68209],450 Bowes Road London England N11 1NN
ECONOPEDIA LTD,16153533,active,ltd,,,2024-12-27,,2024-12-27,[64205, 70221],67 Vallance Road London England E1 5BS
HOLDCO 24 LTD,16145647,active,ltd,,,2024-12-19,,2024-12-19,[69201],Office 403, Screenworks 22 Highbury Grove London United Kingdom N5 2ER
LONDORMA LTD,16132390,active,ltd,,,2024-12-12,,2024-12-12,[68209],310 Battersea Park Road London United Kingdom SW11 3BU
GAMEFRAME LIMITED,16139017,active,ltd,,,2024-12-16,,2024-12-16,[62012],Chrome Productions London United Kingdom NW5 1AS
ROC1 LTD,16113187,active,ltd,,,2024-12-02,,2024-12-02,[68100, 68209],22 Chancery Lane London United Kingdom WC2A 1LS
ROYAVI HOLDINGS LTD,16113051,active,ltd,,,2024-12-02,,2024-12-02,[64209],22 Chancery Lane London United Kingdom WC2A 1LS
THE PLAY SANCTUARY LTD,16126030,active,ltd,,,2024-12-09,,2024-12-09,[88910],2nd Floor College House Ruislip, United Kingdom HA4 7AE
GLOBE MEDICAL STAFFING LIMITED,16116325,active,ltd,,,2024-12-03,,2024-12-03,[78200],124 City Road London England EC1V 2NX
TRADE ON TIME LTD,16146330,active,ltd,,,2024-12-20,,2024-12-20,[45112, 77110],124 City Road London United Kingdom EC1V 2NX
TOW&GO LTD,16150506,active,ltd,,,2024-12-23,,2024-12-23,[49410],5 Coral Court London England E18 2GH
REGENIX LOGISTICS LTD,16154995,active,ltd,,,2024-12-30,,2024-12-30,[39000, 46190, 46900, 70229],128 City Road London England EC1V 2NX
AE BLACKMAN CONSULTANCY LTD,16122313,active,ltd,,,2024-12-08,,2024-12-08,[82990],10 Fernholme Road London England SE15 3EF
SALAAM IMMIGRATION RESOURCES AND SUPPORT LIMITED,16131335,active,ltd,,,2024-12-11,,2024-12-11,[96090],Edinburgh House Unit 118 London England SE11 5DP
LANGLEY GARAGE LTD,16143164,active,ltd,,,2024-12-18,,2024-12-18,[45200],Langley Garage London Road Hitchin England SG4 7PJ
AUTO TRADESMAN 1 LTD,16137349,active,ltd,,,2024-12-16,,2024-12-16,[45112],School House Business Centre London Road Derby England DE24 8UQ
VALAYO LTD,16142580,active,ltd,,,2024-12-18,,2024-12-18,[78109],85 Great Portland Street London England W1W 7LT
C.M. HOME SOLUTIONS LTD,16151094,active,ltd,,,2024-12-24,,2024-12-24,[43290],20 Wenlock Road London England N1 7GU
HERD MARKETING SERVICES LTD,16118595,active,ltd,,,2024-12-04,,2024-12-04,[73110],3rd Floor 86-90 Paul Street London England EC2A 4NE
PADEL QUARTER LTD,16124731,active,ltd,,,2024-12-09,,2024-12-09,[47640, 68209, 93110],101 New Cavendish Street London United Kingdom W1W 6XH
KOLINAHR CONSULTING GROUP LTD,16123136,active,ltd,,,2024-12-09,,2024-12-09,[74909, 86900],1 Cooks Road London England E15 2PW
THAKUR ADVISORS UK LIMITED,16153960,active,ltd,,,2024-12-28,,2024-12-28,[70229],Hyde House London United Kingdom NW9 6LH
NOVAMIND CONSULTING LIMITED,16156296,active,ltd,,,2024-12-30,,2024-12-30,[64209, 68310],46 High Mount London England NW4 3SS
SUPERMEAT PREPARED LTD,16118728,active,ltd,,,2024-12-04,,2024-12-04,[43999, 82990],Flat 1, 74 Bruce Grove London United Kingdom N17 6UZ
THE ALCHEMIST CONSULTANCY LTD,16134463,active,ltd,,,2024-12-13,,2024-12-13,[70229],1st Floor Unit 204 1 Dye House Lane London London England E3 2TB
MAISON & MORE LTD,16145854,active,ltd,,,2024-12-20,,2024-12-20,[47990],86-90 Paul Street London England EC2A 4NE
PINK LEMONADE FILM PRODUCTION LTD,16131397,active,ltd,,,2024-12-11,,2024-12-11,[59111],Demsa Accounts London England N8 0RL
ANDRE 2024 LTD,16144644,active,ltd,,,2024-12-19,,2024-12-19,[68100],8 Moresby Road London England E5 9LF
HIGHPOINT OFFICES LTD,16130305,active,ltd,,,2024-12-11,,2024-12-11,[82990],Heron House London England E6 2JG
MOSIX SERVICES LTD,16153815,active,ltd,,,2024-12-27,,2024-12-27,[47990, 82990, 85600],241a Upper Tooting Road London England SW17 7TG
YOUR BEAUTY R LTD,16134906,active,ltd,,,2024-12-13,,2024-12-13,[46450, 47721, 47770, 47789],20 Wenlock Road London England N1 7GU
DA VINCI INNOVATION LTD,16147231,active,ltd,,,2024-12-20,,2024-12-20,[70210, 70229],128 City Road London United Kingdom EC1V 2NX
CMBALP LIMITED,16137652,active,ltd,,,2024-12-16,,2024-12-16,[96090],49 Tabernacle Street London England EC2A 4AA
CONCORD SCHOOL OF BUSINESS EXCELLENCE (CSBE) LTD,16111576,active,ltd,,,2024-12-02,,2024-12-02,[85320, 85421, 85590, 85600],Unit M12 Greatorex Street London United Kingdom E1 5NF
W&D UK PVT LTD,16115736,active,ltd,,,2024-12-03,,2024-12-03,[64999],19th Floor 51 Lime Street London United Kingdom EC3M 7DQ
TAYLOR MADE BUILDS LIMITED,16134924,active,ltd,,,2024-12-13,,2024-12-13,[41100, 41201, 41202],2nd Floor College House Ruislip United Kingdom HA4 7AE
UNISREALTY LIMITED,16131204,active,ltd,,,2024-12-11,,2024-12-11,[68100, 68209],280 Green Street London United Kingdom E7 8LF
ARISTO ASSOCIATES LIMITED,16156905,active,ltd,,,2024-12-31,,2024-12-31,[99999],North Gate Flat 25 London England NW8 7EG
MACK & SCHUHLE UK LTD,16135777,active,ltd,,,2024-12-13,,2024-12-13,[46342],24 Fitzroy Square London England W1T 6EP
STAMINA PUBS LIMITED,16146584,active,ltd,,,2024-12-20,,2024-12-20,[56101],The Macbeth The Macbeth London United Kingdom N1 6LP
URNXTCAR GOLD LTD,16140592,active,ltd,,,2024-12-17,,2024-12-17,[77110],139 Inglis Barracks London England NW7 1SL
GRACEFUL HOUSING LTD,16121542,active,ltd,,,2024-12-05,,2024-12-05,[68209],124 City Road London England EC1V 2NX
IMPACTAR PRODUCTIONS LTD,16111582,active,ltd,,,2024-12-02,,2024-12-02,[59111, 59112, 82301, 90010],Flat 4 2 Rutford Road London England SW16 2DH
AT DERMYSHI LTD,16124001,active,ltd,,,2024-12-09,,2024-12-09,[43341],94 Lausanne Road London England N8 0HP
CHALI BUILDERS LIMITED,16143601,active,ltd,,,2024-12-18,,2024-12-18,[41202, 43310, 43390, 43999],36 Chester Road London England E7 8QS
SWEETSHIMU LTD,16128302,active,ltd,,,2024-12-10,,2024-12-10,[56102],Unit- M205 Hawley Wharf London England NW1 8JZ
EARLY RISERS TRAVEL LIMITED,16147773,active,ltd,,,2024-12-20,,2024-12-20,[79110],27 Old Gloucester Street London England WC1N 3AX
PERREN HOLDINGS LIMITED,16138948,active,ltd,,,2024-12-16,,2024-12-16,[64209],124 City Road London United Kingdom EC1V 2NX
O-XTRONICS LTD,16122155,active,ltd,,,2024-12-08,,2024-12-08,[47910],80 Tesla Court Warple Way London England W3 7DQ
MUSICAL AFFINITY LTD,16123731,active,ltd,,,2024-12-09,,2024-12-09,[59112, 85520, 90020, 90030],Studio 6 Sensible Music Studios London England N7 9NT
FIXKY LTD,16140105,active,ltd,,,2024-12-17,,2024-12-17,[45200],71-75 Shelton Street London United Kingdom WC2H 9JQ
RIGEL MIDCO 2 LIMITED,16140509,active,ltd,,,2024-12-17,,2024-12-17,[64209],100 Wood Street London England EC2V 7AN
ABHUIYAN LTD,16156550,active,ltd,,,2024-12-30,,2024-12-30,[47190],2 Hanbury House London England E1 5JD
RIGEL TOPCO LIMITED,16140222,active,ltd,,,2024-12-17,,2024-12-17,[64209],100 Wood Street London England EC2V 7AN
ORIENT CABLE (NBO UK) LTD.,16142560,active,ltd,,,2024-12-18,,2024-12-18,[27320, 62090, 71122],Suite 514,20 Old Bailey London England EC4M 7AN
EV HENDERSON LIMITED,16128681,active,ltd,,,2024-12-10,,2024-12-10,[82990],C/O The Accountancy Partnership Suite 5, 5th Floor, City Reach London United Kingdom E14 9NN
OSCAR PROPERTY SERVICE LIMITED,16117898,active,ltd,,,2024-12-04,,2024-12-04,[96090],85 Great Portland Street, First Floor London England W1W 7LT
GOWLINK ADVISORY LTD,16134185,active,ltd,,,2024-12-13,,2024-12-13,[70229, 78109],Office 4, Second Floor London England NW8 7JL
KOPAN LTD,16129725,active,ltd,,,2024-12-11,,2024-12-11,[56101],567 Garratt Lane London England SW18 4SR
QUORA CONSTRUCTION MATERIALS LTD,16132704,active,ltd,,,2024-12-12,,2024-12-12,[43999, 46730, 46900],Unit A3, Gateway Tower London United Kingdom E16 1YL
OAKHILL 682 LTD,16113520,active,ltd,,,2024-12-02,,2024-12-02,[56103],682 London Road Stoke-On-Trent England ST4 5BA
CLEAR-CUT STUDIOS LTD,16124627,active,ltd,,,2024-12-09,,2024-12-09,[18130, 59112, 59200],Silverstream House 45 Fitzroy Street London England W1T 6EB
SHEPHERDS LEDGER LTD,16139993,active,ltd,,,2024-12-17,,2024-12-17,[69201],T/As Thompson Accountants Vestry Hall, Cricket Green. England CR4 3UD
UVN LTD,16155923,active,ltd,,,2024-12-30,,2024-12-30,[42990, 46900, 47910, 70229],71-75 Shelton Street London United Kingdom WC2H 9JQ
MOBIXE LIMITED,16136298,active,ltd,,,2024-12-14,,2024-12-14,[47421, 47429],736a Lea Bridge Road London England E10 6AW
NEBIUS UK LTD,16146861,active,ltd,,,2024-12-20,,2024-12-20,[62090],90 High Holborn London WC1V 6LJ
MONSERRATE LTD,16137398,active,ltd,,,2024-12-16,,2024-12-16,[70229],55 St. James's Street London England SW1A 1LA
QC MINI MARKET LTD,16114214,active,ltd,,,2024-12-02,,2024-12-02,[47190],74 Queens Crescent London England NW5 4EB
SWOLE MATES COLLECTIVE LTD,16122616,active,ltd,,,2024-12-08,,2024-12-08,[47910, 82302, 93199],124 City Road London England EC1V 2NX
GEPE II TOULOUSE HOLDCO LIMITED,16144791,active,ltd,,,2024-12-19,,2024-12-19,[64209],C/O Tmf Group London United Kingdom EC2R 7HJ
JCF MPB ACQUISITION LIMITED,16122702,active,ltd,,,2024-12-09,,2024-12-09,[64209],1 Angel Court London United Kingdom EC2R 7HJ
FENRY SALES LTD,16152553,active,ltd,,,2024-12-27,,2024-12-27,[47910],399a Lordship Lane London England N17 6AE
BROOKWOOD FINANCIAL LIMITED,16153669,active,ltd,,,2024-12-27,,2024-12-27,[64999],7th Floor 50 Broadway London United Kingdom SW1H 0DB
PUK LAND NO.2 LIMITED,16140035,active,ltd,,,2024-12-17,,2024-12-17,[68100],80-82 Glentham Road Glentham Road London England SW13 9JJ
PUK LAND NO.3 LIMITED,16140207,active,ltd,,,2024-12-17,,2024-12-17,[68100],80-82 Glentham Road Glentham Road London England SW13 9JJ
PUK LAND NO.6 LIMITED,16140034,active,ltd,,,2024-12-17,,2024-12-17,[68100],80-82 Glentham Road Glentham Road London England SW13 9JJ
PUK LAND NO.4 LIMITED,16140029,active,ltd,,,2024-12-17,,2024-12-17,[68100],80-82 Glentham Road Glentham Road London England SW13 9JJ
35 FERME PARK ROAD LIMITED,16118756,active,ltd,,,2024-12-04,,2024-12-04,[98000],35 Ferme Park Road London England N4 4EB
OPEN ENERGY SOFTWARE LTD,16111131,active,ltd,,,2024-12-01,,2024-12-01,[58290],128 City Road London England EC1V 2NX
ALL YOUR PROPERTY NEEDS LONDON LIMITED,16139585,active,ltd,,,2024-12-17,,2024-12-17,[81100],167-169 Great Portland Street London W1W 5PF
CABINETRY ATELIER LTD,16152061,active,ltd,,,2024-12-26,,2024-12-26,[31020, 31090, 62012, 62020],224 Lordship Lane London England N17 7QT
FE FE FANCLUB LTD,16136706,active,ltd,,,2024-12-16,,2024-12-16,[88910],Unit 1, 6f Esther Anne Place London England N1 1WL
SANTORINHOUSE LTD,16135996,active,ltd,,,2024-12-13,,2024-12-13,[47990],493 Latimer Road London England W10 6RD
COLUMBIA STELLAR LTD,16129565,active,ltd,,,2024-12-11,,2024-12-11,[68320, 70229],231c Hackney Road London England E2 8NA
TCC ENERGY STORAGE TECHNOLOGY UK LTD,16129058,active,ltd,,,2024-12-10,,2024-12-10,[29310],Xiang Burrell House, 44 London United Kingdom E15 1XH
SAUNDERS AND GILBERTS LTD,16111176,active,ltd,,,2024-12-01,,2024-12-01,[46740],Office 102, St Martins House London United Kingdom E6 2BD
SIMPLE HEIGHTS LIMITED,16156693,active,ltd,,,2024-12-31,,2024-12-31,[45112, 68100, 68201, 68209],128 City Road London England EC1V 2NX
EUROCENT (WANDSWORTH HIGH STREET) LTD,16132824,active,ltd,,,2024-12-12,,2024-12-12,[68100],C/O 32 Castlewood Road London England N16 6DW
MONETURE LTD,16144083,active,ltd,,,2024-12-19,,2024-12-19,[47890, 47910, 74100, 90030],Flat 1906 Bagshaw Building 1 Wards Place London England E14 9DU
ZOLTUM LTD,16133512,active,ltd,,,2024-12-12,,2024-12-12,[82990],Office 11029 182-184 High Street North London United Kingdom E6 2JA
IOANNIS PACHOUMIS LIMITED,16125838,active,ltd,,,2024-12-09,,2024-12-09,[86230],82a High Street, Potters Bar London England EN6 5AB
PRO SMART STUDY LTD,16145764,active,ltd,,,2024-12-20,,2024-12-20,[85600],167-169 Great Portland Street London England W1W 5PF
UB GAS LTD,16124515,active,ltd,,,2024-12-09,,2024-12-09,[43220],Unimix House, Platinum Suite London England NW10 7TR
ADROIT LEGAL SOLUTIONS LIMITED,16134532,active,ltd,,,2024-12-13,,2024-12-13,[70229, 82990],Unit 8, Dock Offices London England SE16 2XU
GUANGZHOU KANG KAI TRADE CO., LTD,16129488,active,ltd,,,2024-12-11,,2024-12-11,[99999],5 Brayford Square London E1 0SG
ADANROM CHEMICAL LTD,16120254,active,ltd,,,2024-12-05,,2024-12-05,[20140, 20412, 20520, 20590],5 Brayford Square London E1 0SG
OPEN FRMT LTD,16114315,active,ltd,,,2024-12-03,,2024-12-03,[59112, 90020, 90030],Workshop 11, Lj Works London England SW9 7FA
EMBASSY VEHICLES LIMITED,16157160,active,ltd,,,2024-12-31,,2024-12-31,[45112],Flat 27 9 Laxton Place London England NW1 3PT
PANGURA LABS LTD.,16124244,active,ltd,,,2024-12-09,,2024-12-09,[70229, 72190, 72200],6th Floor 75 King William Street London England EC4N 7BE
BANNERMAN PARTNERS LTD,16149758,active,ltd,,,2024-12-23,,2024-12-23,[70229, 72200, 74901],128 City Road London United Kingdom EC1V 2NX
SOFTWARESEARCH LTD,16132954,active,ltd,,,2024-12-12,,2024-12-12,[78109],71-75 Shelton Street London United Kingdom WC2H 9JQ
DATA IN LTD,16150749,active,ltd,,,2024-12-24,,2024-12-24,[62020, 62090],124 City Road London England EC1V 2NX
ABC IMMIGRATION LONDON LIMITED,16123610,active,ltd,,,2024-12-09,,2024-12-09,[69109],167-169 Great Portland Street London England W1W 5PF
KINGA'S PIANO SCHOOL LIMITED,16139096,active,ltd,,,2024-12-16,,2024-12-16,[59200, 60100, 85590, 90010],71-75 Shelton Street London United Kingdom WC2H 9JQ
UK BEILAKE CHEMICAL CO., LTD,16135602,active,ltd,,,2024-12-13,,2024-12-13,[20150, 47760],167-169 Great Portland Street, London United Kingdom W1W 5PF
NETHERLANDS QILIDAN SPECIAL FERTILIZER GROUP LTD,16125683,active,ltd,,,2024-12-09,,2024-12-09,[20150, 47760],167-169 Great Portland Street, London United Kingdom W1W 5PF
AMALTHEA RISK SOLUTIONS LIMITED,16138849,active,ltd,,,2024-12-16,,2024-12-16,[82990],Ground Floor London England EC3V 3QX
DAMMY OYES LTD,16151787,active,ltd,,,2024-12-25,,2024-12-25,[86210, 86900],477c Green Lanes London England N4 1AJ
EUDOO LIMITED,16129738,active,ltd,,,2024-12-11,,2024-12-11,[68100, 68209],201 Lountain House London United Kingdom SE28 0FH
ATHENTINAA LTD,16148488,active,ltd,,,2024-12-23,,2024-12-23,[95250],71-75 Shelton Street London United Kingdom WC2H 9JQ
EUROPARTY LTD,16152351,active,ltd,,,2024-12-27,,2024-12-27,[62011],124 City Road London United Kingdom EC1V 2NX
ZOE KENNELL LTD,16142287,active,ltd,,,2024-12-18,,2024-12-18,[85600, 86900],128 City Road London United Kingdom EC1V 2NX
JOBRA WORLDWIDE SOLUTION OF PROPERTY AND CLEANING LTD,16158123,active,ltd,,,2024-12-31,,2024-12-31,[68201, 68209, 68320, 81210],37 Oakfield Road London England E6 1LN
KHAN & MIHAILA BUILDING LIMITED,16136216,active,ltd,,,2024-12-14,,2024-12-14,[41201, 41202],105 Cheyne Path London England W7 1QT
ORBO TECH LTD,16154238,active,ltd,,,2024-12-29,,2024-12-29,[62012, 62020, 63110, 63990],71-75 Shelton Street London United Kingdom WC2H 9JQ
WORKDAY INSIGHT CONSULTING LTD,16147106,active,ltd,,,2024-12-20,,2024-12-20,[62020, 62090],128 City Road London United Kingdom EC1V 2NX
ANNAFAY INTERNATIONAL LTD,16155601,active,ltd,,,2024-12-30,,2024-12-30,[85590, 85600],124 City Road London United Kingdom EC1V 2NX
MANOR MEDICARE LTD,16157898,active,ltd,,,2024-12-31,,2024-12-31,[87100, 87200, 87300, 87900],290 Strone Road London England E12 6TP
THE NETFOX CORPORATION LTD,16143290,active,ltd,,,2024-12-18,,2024-12-18,[73110, 74100, 82301, 94110],3rd Floor, 86-90 Paul Street London United Kingdom EC2A 4NE
FUZION DIGITAL LIMITED,16127691,active,ltd,,,2024-12-10,,2024-12-10,[78200],85 Great Portland Street London England W1W 7LT
TT TARANTINO HOLDING LIMITED,16143935,active,ltd,,,2024-12-18,,2024-12-18,[70229],4 Shinfield Street London England W12 0HN
RATIO CONSTRUCTION LIMITED,16148627,active,ltd,,,2024-12-23,,2024-12-23,[62020, 63110],167-169 Great Portland Street London England W1W 5PF
PACT GRAVESEND LTD,16116252,active,ltd,,,2024-12-03,,2024-12-03,[68100, 68209],Lower Ground Floor London England N15 6LT
RYBELS LTD,16140865,active,ltd,,,2024-12-17,,2024-12-17,[47910],Flat 11 Edgecombe House, Whitlock Drive London United Kingdom SW19 6SL
COMPLEX THINKING LTD,16139236,active,ltd,,,2024-12-16,,2024-12-16,[62020, 70210, 70229, 74909],71-75 Shelton Street London United Kingdom WC2H 9JQ
HOUSELIFT MARKETING LTD,16140523,active,ltd,,,2024-12-17,,2024-12-17,[62020, 73110],124 City Road London England EC1V 2NX
CRAWFORD ALLSORTS LTD,16116844,active,ltd,,,2024-12-04,,2024-12-04,[47190],81 Bishops Bridge Road London England W2 6BG
TOP MARK CHILDCARE LIMITED,16129487,active,ltd,,,2024-12-11,,2024-12-11,[85200, 88910],889 High Road Leytonstone London England E11 1HR
Q-CLAN LTD,16119627,active,ltd,,,2024-12-05,,2024-12-05,[74100],Flat 28 Ability Plaza, London England E8 4DT
NPG MEDICAL LIMITED,16117751,active,ltd,,,2024-12-04,,2024-12-04,[86220],Sterling House Fulbourne Road London England E17 4EE
JUSTPORT LIMITED,16141720,active,ltd,,,2024-12-18,,2024-12-18,[23610, 41201, 41202],London (W1w 5pf) Office 5th Floor, 167-169 London United Kingdom W1W 5PF
AWAY NEST LTD,16128953,active,ltd,,,2024-12-10,,2024-12-10,[41100, 68209, 68310],Unit B Ascensis Tower London England SW18 1AY
LLIT LTD,16147639,active,ltd,,,2024-12-20,,2024-12-20,[62020],71-75 Shelton Street Covent Garden United Kingdom WC2H 9JQ
MMM LONDON LIMITED,16117974,active,ltd,,,2024-12-04,,2024-12-04,[56102, 56103],26 Devonport Street London England E1 0EA
TIANZI GLOBAL LIMITED,16156119,active,ltd,,,2024-12-30,,2024-12-30,[07100, 46120, 46711, 46719],167-169 Great Portland Street London England W1W 5PF
M & CO PROJECT SERVICES LTD,16141223,active,ltd,,,2024-12-17,,2024-12-17,[41100],124 City Road City Road London England EC1V 2NX
ZENTRIX DIGITAL LIMITED,16157727,active,ltd,,,2024-12-31,,2024-12-31,[58290, 62011, 62012, 73110],Dept 1113 196 High Road London United Kingdom N22 8HH
STATERA FOUNDER INVESTMENT COMPANY LIMITED,16144986,active,ltd,,,2024-12-19,,2024-12-19,[64209],5th Floor 80 Victoria Street London England SW1E 5JL
LIGHT STONE 2 LTD,16118275,active,ltd,,,2024-12-04,,2024-12-04,[68100, 68209],25 Braydon Road London England N16 6QL
Q PICKS HUB LTD,16157523,active,ltd,,,2024-12-31,,2024-12-31,[47910],124 City Road London England EC1V 2NX
OBRED EUROPE LTD,16139500,active,ltd,,,2024-12-17,,2024-12-17,[64209],Bradley House, Unit 3 London United Kingdom NW11 7QE
MAPLE GROUP INTERNATIONAL LTD,16127893,active,ltd,,,2024-12-10,,2024-12-10,[62020, 82990],71-75 Shelton Street London United Kingdom WC2H 9JQ
REGICARE LIMITED,16138691,active,ltd,,,2024-12-16,,2024-12-16,[63120],128 City Road London United Kingdom EC1V 2NX
ASCENSIO (HOLDINGS) LIMITED,16128465,active,ltd,,,2024-12-10,,2024-12-10,[70229],5 Brayford Square London England E1 0SG
CASA BY MARIE LTD,16135909,active,ltd,,,2024-12-13,,2024-12-13,[68100],66 Paul Street London England EC2A 4NA
SAINTEPARIS LIMITED,16132670,active,ltd,,,2024-12-12,,2024-12-12,[10710, 56101],66 Paul Street London United Kingdom EC2A 4NA
ZODIAC LONDON LTD,16143113,active,ltd,,,2024-12-18,,2024-12-18,[47110],164 Zodiac London Ltd London England SE13 6JL
COLCHESTER LTD,16113808,active,ltd,,,2024-12-02,,2024-12-02,[63120],Dept 6898 126 East Ferry Road London England E14 9FP
TORDALE LTD,16135181,active,ltd,,,2024-12-13,,2024-12-13,[70229, 84110, 96090],128 City Road London United Kingdom EC1V 2NX
EXEMPLAR TOURS LTD,16147423,active,ltd,,,2024-12-20,,2024-12-20,[49390, 53201],Store F48 Lower Car Park, Design Centre Car Park London United Kingdom SW10 0XE
FOURIER A M LIMITED,16119395,active,ltd,,,2024-12-05,,2024-12-05,[96090],105 Piccadilly Piccadilly London England W1J 7NJ
ESHA CATERING LTD,16149982,active,ltd,,,2024-12-23,,2024-12-23,[56102, 56210],759 High Road Leytonstone London England E11 4QS
MISTER CHORISTER LIMITED,16143630,active,ltd,,,2024-12-18,,2024-12-18,[90010, 90030],Office 7 35-37 Ludgate Hill London England EC4M 7JN
TOPKEYSTORE LTD,16139793,active,ltd,,,2024-12-17,,2024-12-17,[33140, 46510, 47410, 62012],128 City Road London United Kingdom EC1V 2NX
GOLD VOYAGE GROUP LTD,16144376,active,ltd,,,2024-12-19,,2024-12-19,[96090],1 Kings Avenue London England N21 3NA
STRUKTURERT NETTVERK INVESTMENT LIMITED,16150482,active,ltd,,,2024-12-23,,2024-12-23,[99999],27 Old Gloucester Street London United Kingdom WC1N 3AX
ROSEMONTE LTD,16149549,active,ltd,,,2024-12-23,,2024-12-23,[70229],12 Old Bond Street, Mayfair, London London England W1S 4PW
GONGX LTD,16125141,active,ltd,,,2024-12-09,,2024-12-09,[55900],55 Paddock Road London England NW2 7DH
PERFEKTON HR LTD,16140737,active,ltd,,,2024-12-17,,2024-12-17,[86102],167-169 Great Portland Street London W1W 5PF
ESTROGAMES LTD,16149269,active,ltd,,,2024-12-23,,2024-12-23,[81210, 90030],199 John Cabot House, 40 Royal Crest Avenue London England E16 2BA
WELLDEAN LIMITED,16141756,active,ltd,,,2024-12-18,,2024-12-18,[55209, 55900],66 Paul Street London England EC2A 4NA
NASR CONSORTIUM LTD,16155840,active,ltd,,,2024-12-30,,2024-12-30,[45112, 46120, 46190, 46770],1 Park View Road London United Kingdom NW10 1AD
PRIMA PINSA LTD,16123178,active,ltd,,,2024-12-09,,2024-12-09,[56290],27 Ching Way London England E4 8YE
OPTIMUS IMPORT EXPORT WHOLESALE TRADE CO LTD,16139965,active,ltd,,,2024-12-17,,2024-12-17,[46470, 46480, 47910, 68310],71-75 Shelton Street London United Kingdom WC2H 9JQ
ZOLTECS INVESTMENT LIMITED,16132334,active,ltd,,,2024-12-12,,2024-12-12,[99999],27 Old Gloucester Street London United Kingdom WC1N 3AX
FLOREAT TRADE LTD,16150271,active,ltd,,,2024-12-23,,2024-12-23,[47910, 62090, 63120],167 - 169 Great Portland Street London England W1W 5PF
IMPERATRIX INTELLIGENCE LTD,16127973,active,ltd,,,2024-12-10,,2024-12-10,[62020, 68209],128 City Road London United Kingdom EC1V 2NX
JIBA TECH LTD,16141232,active,ltd,,,2024-12-17,,2024-12-17,[46510, 62011, 62012],71-75 Shelton Street Covent Garden United Kingdom WC2H 9JQ
URBAN FORCE SOLUTIONS LTD,16126323,active,ltd,,,2024-12-09,,2024-12-09,[41100, 43290, 43341, 43999],71-75 Shelton Street London United Kingdom WC2H 9JQ
XSAI RESOURCES LTD,16152746,active,ltd,,,2024-12-27,,2024-12-27,[62012],107 Westgate Road London England SE25 4NA
SAVI NEXUS DEVELOPMENT LIMITED,16137667,active,ltd,,,2024-12-16,,2024-12-16,[68100, 68209],809 Salisbury House 29 Finsbury Circus London United Kingdom EC2M 7AQ
THE CHEEKY SPRING ROLL LTD,16118416,active,ltd,,,2024-12-04,,2024-12-04,[56103],124-128 City Road London EC1V 2NX
NPW FOXTROT LTD,16129672,active,ltd,,,2024-12-11,,2024-12-11,[64205],6th Floor 3 Valentine Place London United Kingdom SE1 8QH
NEXUS1ST LIMITED,16145188,active,ltd,,,2024-12-19,,2024-12-19,[70229, 73120, 85590],3rd Floor 207 Regent Street London England W1B 3HH
WKA MANAGEMENT LTD,16124281,active,ltd,,,2024-12-09,,2024-12-09,[68320],Office 121 73 Holloway Road London England N7 8JZ
TWELVE LABOURS LIMITED,16112263,active,ltd,,,2024-12-02,,2024-12-02,[62012, 62030, 71122],76 Glenfarg Road London England SE6 1XJ
THE HOUSE OF BEAUTY LTD,16122485,active,ltd,,,2024-12-08,,2024-12-08,[46450, 46900, 47750, 96020],Suite 55 , 4 Spring Bridge Road London England W5 2AA
FALCON GROUP BIDCO LIMITED,16128149,active,ltd,,,2024-12-10,,2024-12-10,[64209],18th Floor Hylo 105 Bunhill Row London England EC1Y 8LZ
DARWIN GROUP EXPORT SERVICES LTD,16142354,active,ltd,,,2024-12-18,,2024-12-18,[45111, 45112, 45190, 46690],International House London WC1X 9LP
STONEMINT LTD,16155877,active,ltd,,,2024-12-30,,2024-12-30,[46180, 46760, 64999, 82990],167-169 Great Portland Street London England W1W 5PF
MOONLIGHT GIFTING LTD,16126130,active,ltd,,,2024-12-09,,2024-12-09,[47190],143 Oxford Street London England W1D 2JB
BY LILLY PARIS LTD,16140824,active,ltd,,,2024-12-17,,2024-12-17,[46480],Flat 2 Stockton Court London England SW1P 2QE
ASH BONNINGTON LTD,16136246,active,ltd,,,2024-12-14,,2024-12-14,[68209],167-169 Great Portland Street London England W1W 5PF
GAAKUP GROUP LTD,16153491,active,ltd,,,2024-12-27,,2024-12-27,[82990, 96090],39 Fitzroy Square London England W1T 6EZ
WESTMINSTER ELECTRIC LTD,16115149,active,ltd,,,2024-12-03,,2024-12-03,[41202, 98000],Flat 5 Wolff House London England NW7 1WF
LEASEHOLD SOLICITORS LTD,16153744,active,ltd,,,2024-12-27,,2024-12-27,[69102],66 Paul Street London England EC2A 4NA
HALO HEALTH PARTNERS LIMITED,16140658,active,ltd,,,2024-12-17,,2024-12-17,[88100, 88990],124 City Road, London 124 City Road, London London England EC1V 2NX
TRA41 LTD,16120942,active,ltd,,,2024-12-05,,2024-12-05,[56103],10a Denehurst Gardens London England W3 9QY
SPRING THINGS LIMITED,16119853,active,ltd,,,2024-12-05,,2024-12-05,[47910],29450 Office Suite 29a, 3/F, 23 Wharf Street London United Kingdom SE8 3GG
HEALAXIS LTD,16120616,active,ltd,,,2024-12-05,,2024-12-05,[62012, 62020, 63110],6 7 St Mary At Hill, Unit 3 London United Kingdom EC3R 8EE
GANDALF BIDCO LIMITED,16118261,active,ltd,,,2024-12-04,,2024-12-04,[64209],49 St James's Street London England SW1A 1AH
GANDALF TOPCO LIMITED,16118025,active,ltd,,,2024-12-04,,2024-12-04,[64209],49 St James's Street London England SW1A 1AH
CENTRO DEL MARKETING LTD,16145547,active,ltd,,,2024-12-19,,2024-12-19,[62020, 62090, 63990],128 City Road London United Kingdom EC1V 2NX
INNOVATE BUILDING SERVICES LTD,16124937,active,ltd,,,2024-12-09,,2024-12-09,[43390],167-169 Great Portland Street London England W1W 5PF
CITIAN PRO LTD,16112408,active,ltd,,,2024-12-02,,2024-12-02,[68100, 68209, 68320],5th Floor, 167-169 Great Portland Street London United Kingdom W1W 5PF
INFINITE RADIANT GLOW LIMITED,16154418,active,ltd,,,2024-12-29,,2024-12-29,[46450],4th Floor, Silverstream House 43 Fitzroy Street London England W1T 6EB
COMMUNITY ASSISTANCE LIMITED,16153593,active,ltd,,,2024-12-27,,2024-12-27,[88990],5 Brayford Square London United Kingdom E1 0SG
SINBADEXPRESS ECOMMERCE LTD,16153448,active,ltd,,,2024-12-27,,2024-12-27,[47190, 63120, 82920],Office 17722 182-184 High Street North, East Ham London England E6 2JA
RT FILMS LONDON LTD,16138631,active,ltd,,,2024-12-16,,2024-12-16,[74203],503, 5th Floor, Kalam House London England E7 9HZ
THE GOOD MAINTENANCE COMPANY LIMITED,16133308,active,ltd,,,2024-12-12,,2024-12-12,[41202],Worlds End Studios London England SW10 0RJ
TALHA ILDEM LTD,16154531,active,ltd,,,2024-12-30,,2024-12-30,[47910],17220 182 - 184 High Street North London England E6 2JA
HEATWAVE INVESTMENTS GROUP LTD,16112416,active,ltd,,,2024-12-02,,2024-12-02,[59200],Unit 304 Mirror Works London England E15 2NH
STR ASSISTANCE LTD,16155096,active,ltd,,,2024-12-30,,2024-12-30,[68320],27 Old Gloucester Street London United Kingdom WC1N 3AX
FUNDING EXPERT ACADEMY LTD,16140245,active,ltd,,,2024-12-17,,2024-12-17,[70229, 73110, 85600],71-75 Shelton Street London England WC2H 9JQ
VYLO TECHNOLOGIES LTD,16119522,active,ltd,,,2024-12-05,,2024-12-05,[73110],30 St James 30 St. James's Place London England SW1A 1NR
DF STONE SPECIALIST LTD,16117275,active,ltd,,,2024-12-04,,2024-12-04,[43390],51 Stourhead House Tachbrook Street London England SW1V 2QP
TAYLOR & THORN LIMITED,16145564,active,ltd,,,2024-12-19,,2024-12-19,[47290],167-169 Great Portland Street London England W1W 5PF
WELLSTAT LIMITED,16130879,active,ltd,,,2024-12-11,,2024-12-11,[62012, 74901],131 Finsbury Pavement London England EC2A 1NT
KU-SHENG PENG CARIBBEAN CUISINE NW10 LTD,16157437,active,ltd,,,2024-12-31,,2024-12-31,[56103],502 Neasden Lane North London England NW10 0EA
PERLA GOODS LIMITED,16156317,active,ltd,,,2024-12-30,,2024-12-30,[93290],1 Canada Square 37th Floor London England E14 5AA
BEAU FLORAL LTD,16157924,active,ltd,,,2024-12-31,,2024-12-31,[47760],85 Great Portland Street London W1W 7LT
FINLIGHT SOLUTION LTD,16123870,active,ltd,,,2024-12-09,,2024-12-09,[70229, 74909],85 Great Portland Street London W1W 7LT
SADIE FOSTER LTD,16145212,active,ltd,,,2024-12-19,,2024-12-19,[82990, 90030],71-75 Shelton Street London England WC2H 9JQ
AOF REALTY SERVICES LIMITED,16155771,active,ltd,,,2024-12-30,,2024-12-30,[68209],14/2e Docklands Business Centre London England E14 8PX
OPTIVEST INVESTMENT LTD,16137967,active,ltd,,,2024-12-16,,2024-12-16,[68310, 68320, 70229, 82990],Foundry Building, 2 Smiths Square Hammersmith England W6 8AF
KPS INTERNATIONAL GROUP LIMITED,16149036,active,ltd,,,2024-12-23,,2024-12-23,[26511],15 Whitehall London United Kingdom SW1A 2DD
ONLY BEST PAY LIMITED,16139898,active,ltd,,,2024-12-17,,2024-12-17,[70229],71-75 Shelton Street London England WC2H 9JQ
VOLFAC ENERGY LTD,16154611,active,ltd,,,2024-12-30,,2024-12-30,[43210, 46690, 71129],128 City Road London United Kingdom EC1V 2NX
SADLER PROPERTY LTD,16119295,active,ltd,,,2024-12-04,,2024-12-04,[68209, 98000],167-169 Great Portland Street London England W1W 5PF
D&KD CONSULTANCY LTD,16132579,active,ltd,,,2024-12-12,,2024-12-12,[59112, 70229, 73110, 86900],3rd Floor, 86-90 Paul Street London United Kingdom EC2A 4NE
HARLEY CONSULTING LIMITED,16139281,active,ltd,,,2024-12-16,,2024-12-16,[70229],124 City Road London England EC1V 2NX
LRJ PROPERTY GROUP LTD,16113777,active,ltd,,,2024-12-02,,2024-12-02,[68100, 68209],16 Lloyd Road London England E6 2HR
BOOKWOODS LTD,16128960,active,ltd,,,2024-12-10,,2024-12-10,[62012],5 Brayford Square London E1 0SG
ASIAN CURRY HOUSE LIMITED,16128046,active,ltd,,,2024-12-10,,2024-12-10,[56102],45 Plashet Grove London England E6 1AD
ASP PIF UK II FACILITATION LTD,16128591,active,ltd,,,2024-12-10,,2024-12-10,[64205],7th Floor 50 Broadway London United Kingdom SW1H 0DB
DOTSLASH CONSULTING LTD,16130496,active,ltd,,,2024-12-11,,2024-12-11,[62020],3rd Floor The Coade London United Kingdom SE11 5EL
GARY ZHEXI ZHANG STUDIO LTD,16146882,active,ltd,,,2024-12-20,,2024-12-20,[62020, 90030],346 Kingsland Road London England E8 4DA
LA CATERING EQUIPMENT CLEANING LTD,16132219,active,ltd,,,2024-12-12,,2024-12-12,[81222, 81299],736-740 Romford Road London England E12 6BT
SHEDVERSE LTD,16120427,active,ltd,,,2024-12-05,,2024-12-05,[59111, 59112, 73120, 90030],128 City Road City Road London England EC1V 2NX
INCEPTION INFRASTRUCTURE LIMITED,16121418,active,ltd,,,2024-12-05,,2024-12-05,[64999, 66190, 70221, 70229],10 Mortimer Road London United Kingdom W13 8NG
ORIGIN8 TRENDS LIMITED,16153678,active,ltd,,,2024-12-27,,2024-12-27,[74909],61 Prince John Road London England SE9 6QB
ASHVILLE CHILDREN’S HOMES LIMITED,16140808,active,ltd,,,2024-12-17,,2024-12-17,[87900],66b Cazenove Road London England N16 6AA
HUSSI GROUP LIMITED,16136249,active,ltd,,,2024-12-14,,2024-12-14,[46900],195 Leytonstone Road Leytonstone Road London United Kingdom E15 1LH
AEK MEDICAL LIMITED,16132008,active,ltd,,,2024-12-12,,2024-12-12,[86210],Flat 3 1 Queensberry Place London England SW7 2DL
SAVAFI FOOD FUSION LTD,16114901,active,ltd,,,2024-12-03,,2024-12-03,[47290, 47910],Flat 2 Pear Court London England SE15 6PF
HACKNEY DOGS LTD,16117121,active,ltd,,,2024-12-04,,2024-12-04,[96090],167-169 Great Portland Street London England W1W 5PF
LEGENDS FASHION LIMITED,16113481,active,ltd,,,2024-12-02,,2024-12-02,[13300],Unit C Cypress House London England N22 6UJ
GENESIS PUBLISHING LIMITED,16133380,active,ltd,,,2024-12-12,,2024-12-12,[46900],275 New North Road Pmb  3110 London United Kingdom N1 7AA
CAPITAL PAY LTD,16137715,active,ltd,,,2024-12-16,,2024-12-16,[62012],Office 7.10 One Canada Square London England E14 5AB
DG CONSULTANTS LIMITED,16155466,active,ltd,,,2024-12-30,,2024-12-30,[80100],20 Wenlock Road London England N1 7GU
HERSCHEL GROUP SERVICES LIMITED,16138998,active,ltd,,,2024-12-16,,2024-12-16,[69201, 70221, 70229],128 City Road London England EC1V 2NX
16140927 LTD,16140927,active,ltd,,,2024-12-17,,2024-12-17,[96040],Office 15341 182-184 High Street North London E6 2JA
NOVACORE ASSET MANAGEMENT LIMITED,16144974,active,ltd,,,2024-12-19,,2024-12-19,[64205],10 Queen Street Place London United Kingdom EC4R 1AG
JEREMY BLOOM LEGAL SERVICES LTD,16141304,active,ltd,,,2024-12-17,,2024-12-17,[69102],3rd Floor 86-90 Paul Street London United Kingdom EC2A 4NE
THAMES GROUP MANAGEMENT LTD,16139824,active,ltd,,,2024-12-17,,2024-12-17,[63990, 70229, 78300, 82110],10 Bradburys Court Lyon Road London England HA1 2BY
METRO COMMS LIMITED,16114867,active,ltd,,,2024-12-03,,2024-12-03,[96090],72 Halliwick Road London England N10 1AB
BIG BELLY RUDE BOY'Z LTD,16117171,active,ltd,,,2024-12-04,,2024-12-04,[56103],23a The Precinct Waterlooville England PO7 7DT
CITYNEST HOLDING UK LTD,16141447,active,ltd,,,2024-12-17,,2024-12-17,[46190, 46900, 47190, 47910],167 Great Portland Street London England W1W 5PF
XHOMDE LIMITED,16138237,active,ltd,,,2024-12-16,,2024-12-16,[70229],2nd Floor 87-88 Turnmill Street London United Kingdom EC1M 5QU
SA GR SERVICES LIMITED,16140554,active,ltd,,,2024-12-17,,2024-12-17,[82990],C/O Ampa Holdings Llp Level 19, The Shard London United Kingdom SE1 9SG
FARMER TOM LTD,16130390,active,ltd,,,2024-12-11,,2024-12-11,[46320],Unit 13 Unit 13 Dockley Road London England SE16 3FJ
CLOUDY CARS LTD,16136129,active,ltd,,,2024-12-14,,2024-12-14,[45112],124 City Road London England EC1V 2NX
GHZ LTD,16134318,active,ltd,,,2024-12-13,,2024-12-13,[47910],24-26, Arcadia Avenue Fin009 London United Kingdom N3 2JU
P&H PROPERTIES SERVICES LTD,16136444,active,ltd,,,2024-12-15,,2024-12-15,[68100, 68209],31 Daleside Road London United Kingdom SW16 6SN
CORREDOR LIMITED,16120234,active,ltd,,,2024-12-05,,2024-12-05,[73110, 74100],51 Stoneleigh Terrace London England N19 5TZ
MASONLEY LIMITED,16150761,active,ltd,,,2024-12-24,,2024-12-24,[41201, 41202],161 Hither Green Lane London England SE13 6QF
LADIES TRAVELLING SOLO LIMITED,16133885,active,ltd,,,2024-12-13,,2024-12-13,[79110],124 City Road London England EC1V 2NX
MISKORNADO LTD,16115609,active,ltd,,,2024-12-03,,2024-12-03,[96090],24-26 Arcadia Avenue, Fin009 London England N3 2JU
GLORIOUS ON STAGE LTD,16134358,active,ltd,,,2024-12-13,,2024-12-13,[78101, 90010],C/O Thomas Hopkins Productions Ltd Suite 103, Davina House London England EC1V 7ET
TURKISH FOUNDERS CLUB LIMITED,16152753,active,ltd,,,2024-12-27,,2024-12-27,[94120, 94990],3rd Floor 86-90 Paul Street London United Kingdom EC2A 4NE
WOODPECKERS CLEANING LIMITED,16149160,active,ltd,,,2024-12-23,,2024-12-23,[81299],12a Bury Street West London England N9 9JJ
FAH MANAGEMENT LIMITED,16135600,active,ltd,,,2024-12-13,,2024-12-13,[56302],1st Floor, Cromwell House London United Kingdom WC1V 6HZ
SWSS FINTECH LTD,16113914,active,ltd,,,2024-12-02,,2024-12-02,[62090, 64999, 77400, 82990],37th Floor One Canada Square London England E14 5AA
MYOTAKU LTD,16151603,active,ltd,,,2024-12-24,,2024-12-24,[47599],Suite 6, 567 Fulham Road London England SW6 1ES
KINS' TABLE FOOD AND EVENTS LTD,16112451,active,ltd,,,2024-12-02,,2024-12-02,[56290],2nd Floor College House Ruislip United Kingdom HA4 7AE
AFTERNOON LONDON LTD,16132571,active,ltd,,,2024-12-12,,2024-12-12,[69109, 73120, 74100],36 Gerrard Street London England W1D 5QA
ARNIR PROPERTIES LTD,16151830,active,ltd,,,2024-12-25,,2024-12-25,[68100, 98000],Flat 8 76 Shirland Road London England W9 2EH
VECTOR UNIVERSE LTD,16112135,active,ltd,,,2024-12-02,,2024-12-02,[47910, 62012, 62090],124 City Road London EC1V 2NX
DEVONSHIRE BESURE BUSINESS LTD,16147699,active,ltd,,,2024-12-20,,2024-12-20,[96090],6 Floor 37 Lombard Street London London England EC3V 9BQ
ALTMAN JAMES LIMITED,16128655,active,ltd,,,2024-12-10,,2024-12-10,[68320],809 Salisbury House 29 Finsbury Circus London United Kingdom EC2M 7AQ
ASTROINSPIRE LTD,16117066,active,ltd,,,2024-12-04,,2024-12-04,[62012, 62090, 63120],71-75 Shelton Street London United Kingdom WC2H 9JQ
DREAMLAND ENTERTAINMENT LTD,16131777,active,ltd,,,2024-12-12,,2024-12-12,[59140, 93110],54a Allerford Road London England SE6 3DF
MASINARA LTD,16111185,active,ltd,,,2024-12-01,,2024-12-01,[68320],124 City Road London England EC1V 2NX
GROOWTH LIMITED,16123337,active,ltd,,,2024-12-09,,2024-12-09,[56290],4th Floor, Silverstream House 45 Fitzroy Street London England W1T 6EB
ELFARABEY LTD,16152714,active,ltd,,,2024-12-27,,2024-12-27,[58210, 58290, 62011, 62090],24-26 Arcadia Avenue, Fin009 London United Kingdom N3 2JU
MAUSAM CREATION LIMITED,16152813,active,ltd,,,2024-12-27,,2024-12-27,[99999],19 Rothsay Road London England E7 8LY
KKSK HOLDINGS LIMITED,16157744,active,ltd,,,2024-12-31,,2024-12-31,[68209],16 Beaufort Court Admirals Way London England E14 9XL
3AKA LTD,16158055,active,ltd,,,2024-12-31,,2024-12-31,[56103],340 West End Lane London England NW6 1LN
VIEWFI INTERACTIVE LTD,16127516,active,ltd,,,2024-12-10,,2024-12-10,[62020, 78300, 82990],71-75 Shelton Street London United Kingdom WC2H 9JQ
FIRST COMMS LIMITED,16137934,active,ltd,,,2024-12-16,,2024-12-16,[96090],72 Halliwick Road London England N10 1AB
GLOBAL CARBON SOLUTIONS GROUP LTD,16113654,active,ltd,,,2024-12-02,,2024-12-02,[74901],7 London Road Isleworth England TW7 5XD
DSFT HOLDINGS LTD,16130131,active,ltd,,,2024-12-11,,2024-12-11,[70229],128 City Road London United Kingdom EC1V 2NX
EXPAND TALENT LTD,16128853,active,ltd,,,2024-12-10,,2024-12-10,[46190, 70221, 70229, 82990],2 Cowcross St London England EC1M 6DR
HIDEOUS CO LTD,16111805,active,ltd,,,2024-12-02,,2024-12-02,[85510, 96040],476 Harrow Road London England W9 3RU
RTR CONSULTANCY LTD,16156109,active,ltd,,,2024-12-30,,2024-12-30,[68209],310 High Road London England N22 8JR
ALNADER CONSTRUCTION LTD,16150652,active,ltd,,,2024-12-23,,2024-12-23,[41100],Flat 7 15 Church Road London England NW10 9BA
HFRCC LTD,16123157,active,ltd,,,2024-12-09,,2024-12-09,[78300],Flat 21 Grangemill, Ingestre Road London England NW5 1XH
VSANDS TRADERS LTD,16124480,active,ltd,,,2024-12-09,,2024-12-09,[47110, 47190, 47210, 47220],Bishop Food & Wine London England W2 6BG
LINKUDO LTD,16137659,active,ltd,,,2024-12-16,,2024-12-16,[93290],167-169 Great Portland Street London England W1W 5PF
STNDBY LTD,16119884,active,ltd,,,2024-12-05,,2024-12-05,[59200, 63910, 73110, 73120],5 Brayford Square London England E1 0SG
NOVA AMPRIDGE LTD,16115560,active,ltd,,,2024-12-03,,2024-12-03,[69202, 70229],128 City Road London United Kingdom EC1V 2NX
JANNAH BAGS LIMITED,16112133,active,ltd,,,2024-12-02,,2024-12-02,[47190],4 Peleton Avenue London England E20 1HJ
CAM ADVISORY LTD,16120520,active,ltd,,,2024-12-05,,2024-12-05,[96090],17 Trinity Church Road London England SW13 8ET
ONESCENE LTD,16144303,active,ltd,,,2024-12-19,,2024-12-19,[59112, 73110, 74202, 93290],Office 16106 182-184 High Street North London England E6 2JA
HAON FOOD LTD,16137587,active,ltd,,,2024-12-16,,2024-12-16,[56101],79 Greenford Avenue London England W7 1LJ
DMAX CARIBBEAN SHIPPING LTD,16133490,active,ltd,,,2024-12-12,,2024-12-12,[82990],3rd Floor, 86-90 Paul Street London United Kingdom EC2A 4NE
BPM UK AUDIT LTD,16122724,active,ltd,,,2024-12-09,,2024-12-09,[69201],41 Lothbury London United Kingdom EC2R 7HF
ALAMO AL LTD,16114354,active,ltd,,,2024-12-03,,2024-12-03,[64209],25 Wolfe Crescent Wolfe Crescent London England SE7 8TS
SOTER SOFTWARE LTD,16130537,active,ltd,,,2024-12-11,,2024-12-11,[62012, 62020, 62090],5 Brayford Square London United Kingdom E1 0SG
KM UK MOTORS LIMITED,16132445,active,ltd,,,2024-12-12,,2024-12-12,[45400, 77110],Arch 108 Lea Bridge Road London England E10 7DN
JT INTERNATIONAL CONSULTING LTD,16126011,active,ltd,,,2024-12-09,,2024-12-09,[70229, 79110, 79909, 96090],Capital Office, Julie Thomassen London EC1V 2NX
SKILLBRIDGE CONSULTING LTD,16114914,active,ltd,,,2024-12-03,,2024-12-03,[62020],44a Broughton Road London England SW6 2LA
SOFNIGHT LTD,16150993,active,ltd,,,2024-12-24,,2024-12-24,[47910],292637 Office Suite 29a, 3/F 23 Wharf Street London SE8 3GG
NLC CAPITAL HOLDCO LIMITED,16131055,active,ltd,,,2024-12-11,,2024-12-11,[64205],25 Park Lane London United Kingdom W1K 1RA
NOVA LIFESCIENCE LIMITED,16118522,active,ltd,,,2024-12-04,,2024-12-04,[46110, 46180, 46190, 46460],1st Floor Front London England W1D 5QA
UFINITY STUDIO LTD,16136890,active,ltd,,,2024-12-16,,2024-12-16,[47910],Suite #1-272 39 Ludgate Hill London United Kingdom EC4M 7JN
FAWZCLO LTD,16119116,active,ltd,,,2024-12-04,,2024-12-04,[46420],5 Brayford Square London England E1 0SG
MAMMA GLOBE LTD,16156172,active,ltd,,,2024-12-30,,2024-12-30,[63990, 96090],71-75 Shelton Street London WC2H 9JQ
RASIKHJAN LTD,16121825,active,ltd,,,2024-12-08,,2024-12-08,[47990],31 Durham Road London England E12 5AY
POCKETS OF PEACE LTD,16140247,active,ltd,,,2024-12-17,,2024-12-17,[86900],20 Wenlock Road Wenlock Road London England N1 7GU
BELAIR INNOVATIONS LTD,16141897,active,ltd,,,2024-12-18,,2024-12-18,[71122],25 Everdon Road London England SW13 9AH
A CLASS SESSIONS LIMITED,16148086,active,ltd,,,2024-12-21,,2024-12-21,[90020],14/2e Docklands Business Centre 10-16 Tiller Road London England E14 8PX
JNZAO LTD,16143727,active,ltd,,,2024-12-18,,2024-12-18,[47910, 79901],Flat 9 3 Georgiana Street London United Kingdom NW1 0QD
EDENOA LTD,16137843,active,ltd,,,2024-12-16,,2024-12-16,[99999],71-75 Shelton Street London England WC2H 9JQ
PTLOM TECHNOLOGIES CO., LTD,16133740,active,ltd,,,2024-12-13,,2024-12-13,[47910],Suite 1122 15 Suite 1122 London United Kingdom E20 1GL
BASELINE CARE LTD,16118438,active,ltd,,,2024-12-04,,2024-12-04,[86900, 87300, 88100, 88990],128 City Road London United Kingdom EC1V 2NX
BIG PICTURE FINANCE LTD,16157071,active,ltd,,,2024-12-31,,2024-12-31,[70221, 70229],21 Badsworth Road London England SE5 0JY
THOUSAND GENERATION LTD,16157200,active,ltd,,,2024-12-31,,2024-12-31,[58210],Suite 1281 5 Brayford Square London England E1 0SG
OHI CARE CONCERN PROPERTIES LTD,16125166,active,ltd,,,2024-12-09,,2024-12-09,[87300],Suite 1, 7th Floor 50 Broadway London England SW1H 0DB
CTBUSINESS (UK) LTD,16155456,active,ltd,,,2024-12-30,,2024-12-30,[43390, 46310, 68202, 82990],60 Parkway London England NW1 7AH
STEADY RISE LTD,16153084,active,ltd,,,2024-12-27,,2024-12-27,[47190, 63120],128 City Road London United Kingdom EC1V 2NX
PITMAN COMMS LTD,16125100,active,ltd,,,2024-12-09,,2024-12-09,[70210],67 Weston Street London England SE1 4DJ
MTEX FUTURES LTD,16123461,active,ltd,,,2024-12-09,,2024-12-09,[70229, 74100, 90030],Makerversity, Somerset House London England WC2R 1LA
CRANE PROPERTY HOLDINGS LIMITED,16139810,active,ltd,,,2024-12-17,,2024-12-17,[68100, 68209],128 City Road London United Kingdom EC1V 2NX
DIRIE LTD,16138278,active,ltd,,,2024-12-16,,2024-12-16,[71122],Flat 17willet House 50 Landor Road London England SW9 9NR
SCF7 LTD,16116127,active,ltd,,,2024-12-03,,2024-12-03,[68100, 68320],Yoho London United Kingdom EC2M 4YP
KAYLNN LIMITED,16131381,active,ltd,,,2024-12-11,,2024-12-11,[47910],Suite Ra01 195-197 Wood Street London United Kingdom E17 3NU
IDENTIFI LIMITED,16118381,active,ltd,,,2024-12-04,,2024-12-04,[62012, 62020, 78109],Suite G04 1 Quality Court, Chancery Lane London England WC2A 1HR
VERTREND LIMITED,16141767,active,ltd,,,2024-12-18,,2024-12-18,[46450, 96090],47 Ellora Road London England SW16 6JG
DT AUTO SPECIALISTS LTD,16136605,active,ltd,,,2024-12-15,,2024-12-15,[43999],3rd Floor, 86-90 Paul Street London United Kingdom EC2A 4NE
CROCREW LTD,16133860,active,ltd,,,2024-12-13,,2024-12-13,[63110, 70229, 73110, 74100],71-75 Shelton Street London United Kingdom WC2H 9JQ
OWEN R GATES LTD,16150158,active,ltd,,,2024-12-23,,2024-12-23,[70229],25 Albany Road London England W13 8PQ
SPIDXR VITALITY INNOVATIONS LTD,16118329,active,ltd,,,2024-12-04,,2024-12-04,[96090],128 City Road London United Kingdom EC1V 2NX
BRAMBLE INVESTMENT MANAGEMENT LIMITED,16127246,active,ltd,,,2024-12-10,,2024-12-10,[66300],Belle House, 1 Victoria Mainline Station London England SW1V 1JT
VERITRUST GROUP LIMITED,16132634,active,ltd,,,2024-12-12,,2024-12-12,[82990],124 City Road London England EC1V 2NX
MATERIAL HIVE LTD,16134330,active,ltd,,,2024-12-13,,2024-12-13,[47530, 47599],Flat 35 Brunel House London England E14 3TR
SKP ONE LTD,16115825,active,ltd,,,2024-12-03,,2024-12-03,[64209],Linen Hall, Room 252-254 162-168 Regent Street London England W1B 5TB
CARBON PLUS WASTE LTD,16123137,active,ltd,,,2024-12-09,,2024-12-09,[74901],38 Shearman Road, 38 London United Kingdom SE3 9HX
TMXO&CO. MUSIC UK LTD,16127431,active,ltd,,,2024-12-10,,2024-12-10,[59200, 90030],3rd Floor, 86-90 Paul Street London United Kingdom EC2A 4NE
DR ALLURIS AESTHETICS LTD,16121556,active,ltd,,,2024-12-05,,2024-12-05,[86220, 86900],45 Albemarle Street London England W1S 4JL
SO UNREAL LTD,16134311,active,ltd,,,2024-12-13,,2024-12-13,[96090],188 Munster Road London England SW6 6AU
MASTECH GROUP UK LIMITED,16152263,active,ltd,,,2024-12-27,,2024-12-27,[26511],15 Whitehall London United Kingdom SW1A 2DD
GURUVERSE LTD,16112851,active,ltd,,,2024-12-02,,2024-12-02,[62012, 62090],85 Great Portland Street, First Floor London England W1W 7LT
INTELIXEDGE LTD,16134831,active,ltd,,,2024-12-13,,2024-12-13,[46140, 62012, 62090, 70229],71-75 Shelton Street London United Kingdom WC2H 9JQ
REBOUNDHUB LTD,16121327,active,ltd,,,2024-12-05,,2024-12-05,[78109, 82990, 85600, 96090],151 Greenhaven Drive London United Kingdom SE28 8FU
STRUCTEMP UK LTD,16151158,active,ltd,,,2024-12-24,,2024-12-24,[68209, 71111, 71122],412 Katherine Road London England E7 8NP
AQUALITE OUTDOOR LTD,16116313,active,ltd,,,2024-12-03,,2024-12-03,[27400],Churchill House London England NW4 4DJ
DSCVR IT LIMITED,16155175,active,ltd,,,2024-12-30,,2024-12-30,[62090],4 Swanscombe House London England W11 4SS
SPORTEUS LTD,16149641,active,ltd,,,2024-12-23,,2024-12-23,[62020, 79110, 85510, 93199],17 St Andrews Sq London England W11 1RH
SIMPLIFIED ESTATE MANAGEMENT LTD,16113317,active,ltd,,,2024-12-02,,2024-12-02,[82990],124 City Road London EC1V 2NX
EMPOWERMENT HOUSE LTD,16152863,active,ltd,,,2024-12-27,,2024-12-27,[87900],128 City Road London United Kingdom EC1V 2NX
SPECIAL EDUCATION TRANSPORT SERVICE LTD,16123046,active,ltd,,,2024-12-09,,2024-12-09,[49320],124-128 City Road London England EC1V 2NX
CBRDESIGN LTD,16129520,active,ltd,,,2024-12-11,,2024-12-11,[71111, 74901],195 Springbank Road London England SE13 6ST
REGENCY FACILITIES MANAGEMENT LTD,16129122,active,ltd,,,2024-12-10,,2024-12-10,[96090],4 Phillimore Terrace London United Kingdom W8 6BJ
SORISH LTD,16155862,active,ltd,,,2024-12-30,,2024-12-30,[47910],Office 408, Screenworks 22 Highbury Grove London United Kingdom N5 2ER
PROPRIETASDIVITIARUM LTD,16155544,active,ltd,,,2024-12-30,,2024-12-30,[55209, 68209, 68310, 68320],London (W1w 5pf) Office 167-169 Great Portland Str Great Portland Street London England W1W 5PF
FLOWERS BY LOVELY LTD,16154909,active,ltd,,,2024-12-30,,2024-12-30,[47760, 47910],167-169 Great Portland Street, 5th Floor, London Great Portland Street London England W1W 5PF
LIEBHERR CAPITAL LIMITED,16146150,active,ltd,,,2024-12-20,,2024-12-20,[64922, 68100],23-24 Berkeley Square London United Kingdom W1J 6HE
NANNA FICK LTD,16138427,active,ltd,,,2024-12-16,,2024-12-16,[70229],167-169 Great Portland Street London England W1W 5PF
FULLCAST (UK) LIMITED,16135880,active,ltd,,,2024-12-13,,2024-12-13,[64209],82 St John Street London United Kingdom EC1M 4JN
HAG UK 04 LIMITED,16131002,active,ltd,,,2024-12-11,,2024-12-11,[64999],84 Grosvenor Street London England W1K 3JZ
CORPORATE ENTITY LIMITED,16133244,active,ltd,,,2024-12-12,,2024-12-12,[47791],37 Cremer Street London England E2 8HD
GOOD WILL COFFEE LTD,16142618,active,ltd,,,2024-12-18,,2024-12-18,[10832],19 Penwortham Road London SW16 6RF
IVANOV REAL ESTATE LTD,16126547,active,ltd,,,2024-12-09,,2024-12-09,[68100, 68209, 68320],71-75 Shelton Street London United Kingdom WC2H 9JQ
AEPEP IV UK MASTER LIMITED,16152223,active,ltd,,,2024-12-27,,2024-12-27,[64209],C/O Citco Reif Services Uk Limited London United Kingdom W1S 4HQ
SONIN LABS LTD,16140062,active,ltd,,,2024-12-17,,2024-12-17,[62020],1 Forge Square 1 Forge Square London England E14 3GU
ASCENT FUTURE EDUCATION LTD,16154678,active,ltd,,,2024-12-30,,2024-12-30,[85600],124-128, City Road, London, England City Road London England EC1V 2NX
TRACETASKS LTD,16123257,active,ltd,,,2024-12-09,,2024-12-09,[58290],167-169 Great Portland Street London England W1W 5PF
EMERALD CORPORATES LIMITED,16120279,active,ltd,,,2024-12-05,,2024-12-05,[70229],Office Gold Building 7, Floor 5 London United Kingdom W4 5YG
MIXTURE OF EXPERTS LTD,16127725,active,ltd,,,2024-12-10,,2024-12-10,[78109],3rd Floor The Coade London England SE11 5EL
HARVEST TRADE VENTURES LTD,16142344,active,ltd,,,2024-12-18,,2024-12-18,[47910],292730 Office Suite 29a, 3/F. 23 Wharf Street London SE8 3GG
ROOSTER MIDCO LIMITED,16138104,active,ltd,,,2024-12-16,,2024-12-16,[64209],36-40 Maple Street London United Kingdom W1T 6HE
SCI-LAB LTD,16123418,active,ltd,,,2024-12-09,,2024-12-09,[47910, 63990],Dept 6524a 126 East Ferry Road London United Kingdom E14 9FP
MICHAN GROUP LTD,16133556,active,ltd,,,2024-12-12,,2024-12-12,[74909],4th Floor, 18 St. Cross Street London England EC1N 8UN
SIGMANIC LTD,16148025,active,ltd,,,2024-12-21,,2024-12-21,[46190],84 Uxbridge Road, Suite 3, Second Floor London England W13 8RA
SECURESYNC REMOTE SOLUTIONS LTD,16114485,active,ltd,,,2024-12-03,,2024-12-03,[73110, 82110, 82990],3rd Floor, 86-90 Paul Street London United Kingdom EC2A 4NE
PCLN LIMITED,16138095,active,ltd,,,2024-12-16,,2024-12-16,[49420],31 Fountain Road London England SW17 0HG
FIONA KATE MORGAN LTD,16119569,active,ltd,,,2024-12-05,,2024-12-05,[62020, 71129],71-75 Shelton Street London England WC2H 9JQ
TUNEDIN PAYROLL LIMITED,16147206,active,ltd,,,2024-12-20,,2024-12-20,[69202, 82990],Essex House, 8 The Shrubberies South Woodford England E18 1BD
HEALTH HOPE PHARMA (UK) LIMITED,16119784,active,ltd,,,2024-12-05,,2024-12-05,[72110, 74909],Birchin Court, 5th Floor London United Kingdom EC3V 9DU
COREBOX UK HOLDINGS (PBA) LIMITED,16134105,active,ltd,,,2024-12-13,,2024-12-13,[68209],Blue Fin Building 7th Floor London United Kingdom SE1 0SU
SPEED FAST INTERNET CAFE & COMPUTERS LIMITED,16140463,active,ltd,,,2024-12-17,,2024-12-17,[47410, 47429, 62012],109-113 Cranbrook Road Ilford England IG1 4PU
DULL MARKETING LTD,16150610,active,ltd,,,2024-12-23,,2024-12-23,[73110],38 Spray Street 38 Spray Street London England SE18 6AG
COREBOX UK HOLDINGS LIMITED,16134848,active,ltd,,,2024-12-13,,2024-12-13,[68209],Blue Fin Building 7th Floor London United Kingdom SE1 0SU
TIWIZI LTD,16152039,active,ltd,,,2024-12-26,,2024-12-26,[47190, 58190, 85510, 90010],233 High Street London England W3 9BY
YOURPROP LTD,16156771,active,ltd,,,2024-12-31,,2024-12-31,[68320],167-169 Great Portland Street London England W1W 5PF
VERICUS LIMITED,16127892,active,ltd,,,2024-12-10,,2024-12-10,[85600],12 Northfields Prospect London England SW18 1PE
EXODUS VINTAGE SPECIALIST LIMITED,16157025,active,ltd,,,2024-12-31,,2024-12-31,[47710],54 Hanbury Street London United Kingdom E1 5JL
HIGHAMS CONSULTANT LTD,16128064,active,ltd,,,2024-12-10,,2024-12-10,[70229],124 City Road London England EC1V 2NX
NORTHAMPTON HOMES FOR STUDENTS LIMITED,16117483,active,ltd,,,2024-12-04,,2024-12-04,[68209],D S Burge And Co Ltd London United Kingdom SW19 4DW
SUPERBUBBLE SAM LTD,16145034,active,ltd,,,2024-12-19,,2024-12-19,[59113],C/O L&C Llp City Bridge House London United Kingdom SE1 1RU
LEGH PROPERTIES LTD,16151790,active,ltd,,,2024-12-25,,2024-12-25,[68209],36-38 Waterloo Road London England NW2 7UH
THE LONDON CAR GALLERY LTD,16129149,active,ltd,,,2024-12-10,,2024-12-10,[45112],The London Car Gallery, Green Acres Oakley Green Road Windsor England SL4 4QF
PARFORE HOLDINGS LIMITED,16149751,active,ltd,,,2024-12-23,,2024-12-23,[93199],3rd Floor The Coade London United Kingdom SE11 5EL
THAKIN LIMITED,16130080,active,ltd,,,2024-12-11,,2024-12-11,[62012],167-169 Great Portland Street London England W1W 5PF
PIXEL PLAYWORKS LTD,16153551,active,ltd,,,2024-12-27,,2024-12-27,[58210],Flat 25, Brimsdown House London England E3 3LW
YELLOW ORCHID RESIDENTIAL CARE LTD,16128938,active,ltd,,,2024-12-10,,2024-12-10,[86900, 87900],71-75 Shelton Street London United Kingdom WC2H 9JQ
JOOKER LTD,16139882,active,ltd,,,2024-12-17,,2024-12-17,[70221, 85590],128 City Road London United Kingdom EC1V 2NX
CORCEL (ANGOLA) LTD,16115395,active,ltd,,,2024-12-03,,2024-12-03,[06100],6th Floor 99 Gresham Street London United Kingdom EC2V 7NG
SAVANT GLOBAL LTD,16152802,active,ltd,,,2024-12-27,,2024-12-27,[82990],442 Hertford Road London England N9 8AB
ADHDPRIVATE LTD,16122994,active,ltd,,,2024-12-09,,2024-12-09,[86220],167-169 Great Portland Street London England W1W 5PF
WESTFIELD RECRUITMENT LTD,16111321,active,ltd,,,2024-12-02,,2024-12-02,[78109, 78200, 81100, 98000],Suite 206, Britannia House 11 Glenthorne Road London England W6 0LH
AVATAR MGA LTD,16122619,active,ltd,,,2024-12-08,,2024-12-08,[66220],Suite 737 Lloyd's Of London London England EC3M 7DQ
RAMSAY LONDON LTD,16123686,active,ltd,,,2024-12-09,,2024-12-09,[41201, 41202],158 Horn Lane London England W3 6PH
HOMMAGE-ART LIMITED,16138197,active,ltd,,,2024-12-16,,2024-12-16,[47781],6a Musard Road London England W6 8NW
THE ACADEMY OF SAFE AESTHETICS LTD,16122132,active,ltd,,,2024-12-08,,2024-12-08,[85590],167-169 Great Portland Street London England W1W 5PF
PERFORMOLOGY LIMITED,16149813,active,ltd,,,2024-12-23,,2024-12-23,[70229, 74909],71-75 Shelton Street London England WC2H 9JQ
GOLFTHING LTD,16152082,active,ltd,,,2024-12-26,,2024-12-26,[47910],4th Floor Office London England W1B 4HB
YOUYOU FOOD TRADING CO., LTD,16156169,active,ltd,,,2024-12-30,,2024-12-30,[46190],167-169 Great Portland Street 5th Floor London England W1W 5PF
URBAN CHAI FRANCHISES LTD,16128540,active,ltd,,,2024-12-10,,2024-12-10,[56101, 56102],Unit 8, 1st Floor, 13 Nursery Lane London England E7 8BL
JETLINK SOLUTION LTD,16128731,active,ltd,,,2024-12-10,,2024-12-10,[62020],138-140 Southwark Street London England SE1 0SW
EM ADMIN LIMITED,16119703,active,ltd,,,2024-12-05,,2024-12-05,[69201, 69202, 70229, 82110],124 City Road London England EC1V 2NX
SEENSHOP LIMITED,16145309,active,ltd,,,2024-12-19,,2024-12-19,[47910],4 Raven Road, Unit 1c3-576 London United Kingdom E18 1HB
SAV INVESTMENT II LIMITED,16116972,active,ltd,,,2024-12-04,,2024-12-04,[82990],33 Sackville Street London England W1S 3EB
GAWON HOLDINGS LTD,16135379,active,ltd,,,2024-12-13,,2024-12-13,[64209],64 Southwark Bridge Road London United Kingdom SE1 0AS
BEAT REGCO 1 LIMITED,16134789,active,ltd,,,2024-12-13,,2024-12-13,[66220],The Hallmark Building London England EC3A 2BJ
LANNANA HOLDINGS LTD,16153051,active,ltd,,,2024-12-27,,2024-12-27,[63990],27 Old Gloucester Street London England WC1N 3AX
ABESTER PROPERTIES COMPANY LTD,16140673,active,ltd,,,2024-12-17,,2024-12-17,[68100, 68209],57 Lancaster Road London England SE25 4BL
SHIV INTERNATIONAL LTD,16114841,active,ltd,,,2024-12-03,,2024-12-03,[47910],52 Hillfield Avenue Hillfield Avenue London England NW9 6NX
TITA SERVICE LTD,16134147,active,ltd,,,2024-12-13,,2024-12-13,[56102],137 Stroud Green Road London England N4 3PX
AVENUE PROPERTIES DEVELOPMENT LTD,16157998,active,ltd,,,2024-12-31,,2024-12-31,[64209, 68100],75 The Avenue London England N10 2QG
PAWIE PROPERTIES LIMITED,16145411,active,ltd,,,2024-12-19,,2024-12-19,[68100, 68209],390 Hoe Street London England E17 9AA
HWH RESTAURANTS (OP) LIMITED,16145278,active,ltd,,,2024-12-19,,2024-12-19,[56102],2 Leman Street London United Kingdom E1W 9US
ARMEEC LTD,16148990,active,ltd,,,2024-12-23,,2024-12-23,[71129, 74901],Dalton House Unit 11 London England SW19 2RR
RCIH 18 LIMITED,16111473,active,ltd,,,2024-12-02,,2024-12-02,[68100],C/O Ztk Tax Advisory, Suite 1, Ideas House London United Kingdom E18 1BY
QUARTERMASTER PROPCO LIMITED,16133014,active,ltd,,,2024-12-12,,2024-12-12,[68100],10 Fenchurch Avenue London United Kingdom EC3M 5AG
SOUMEREXPRESSKITCHEN LTD,16144911,active,ltd,,,2024-12-19,,2024-12-19,[56102],1a Gladstone Parade London England NW2 6JR
HENRY SVENDSEN LIMITED,16132753,active,ltd,,,2024-12-12,,2024-12-12,[96090],C/O Hilton Consulting Limited, Canalot Studios London United Kingdom W10 5BN
CRYSTAL WHEELS LTD,16153663,active,ltd,,,2024-12-27,,2024-12-27,[78109, 80100],144 Jedburgh Road London England E13 9LE
LITTLE ACTIVITIES LTD,16114611,active,ltd,,,2024-12-03,,2024-12-03,[47910, 58190, 85590],4th Floor Silverstream House London United Kingdom W1T 6EB
HFM EXECUTIVE TRAVEL LTD,16125139,active,ltd,,,2024-12-09,,2024-12-09,[49320],Flat 36 Bray Apartments London England W3 7BB
OLCASTA GOLDEN UK LIMITED,16125408,active,ltd,,,2024-12-09,,2024-12-09,[46720, 46760, 46900, 66120],128 City Road London United Kingdom EC1V 2NX
SMBL NOMINEE LIMITED,16147249,active,ltd,,,2024-12-20,,2024-12-20,[41100],6th Floor Cassini House London United Kingdom SW1A 1LD
SMBL GP LIMITED,16147133,active,ltd,,,2024-12-20,,2024-12-20,[41100],6th Floor Cassini House London United Kingdom SW1A 1LD
2S GLOBAL INVESTMENT AND CONSULTING LTD,16115438,active,ltd,,,2024-12-03,,2024-12-03,[70229],Office 403, Screenworks 22 Highbury Grove London United Kingdom N5 2ER
BIG MAN SHOW LTD,16151161,active,ltd,,,2024-12-24,,2024-12-24,[55100, 79110, 82110],86-90 Paul Street London England EC2A 4NE
SMILING LTD,16140585,active,ltd,,,2024-12-17,,2024-12-17,[62020, 73200, 74100],1259 London Road Leigh-On-Sea England SS9 2AF
AAROHI OFFLICENCE LIMITED,16129644,active,ltd,,,2024-12-11,,2024-12-11,[47110],141 Lavender Hill London England SW11 5QJ
FUORISERIE LTD,16157534,active,ltd,,,2024-12-31,,2024-12-31,[47910],71-75 Shelton Street London United Kingdom WC2H 9JQ
DORCHESTER STUDIO LTD,16157410,active,ltd,,,2024-12-31,,2024-12-31,[18129, 74100],71-75 Shelton Street London United Kingdom WC2H 9JQ
WONDERSOFT SOLUTION LTD,16120941,active,ltd,,,2024-12-05,,2024-12-05,[47990],Suite #1-272 39 Ludgate Hill London United Kingdom EC4M 7JN
CAIN AFFILIATES LTD,16111660,active,ltd,,,2024-12-02,,2024-12-02,[73110],71 - 75 Shelton Street London United Kingdom WC2H 9JQ
VERITAS PROPERTY MANAGERS LIMITED,16145367,active,ltd,,,2024-12-19,,2024-12-19,[68320],124-128 City Road London England EC1V 2NJ
TOVODATA LIMITED,16151013,active,ltd,,,2024-12-24,,2024-12-24,[63110],28 Stockwell Park Crescent London England SW9 0DE
KELLINGTON CAPITAL MANAGEMENT LTD,16138785,active,ltd,,,2024-12-16,,2024-12-16,[69202, 70229],167 - 169 Great Portland Street London England W1W 5PF
GUARDEYE SECURITY LTD,16114838,active,ltd,,,2024-12-03,,2024-12-03,[80100],118 Firhill Road London England SE6 3SF
DE JAMES PVT LTD,16138625,active,ltd,,,2024-12-16,,2024-12-16,[56101],19-21 London Road, London Road Sheffield England S2 4LA
SH2 DURHAM LIMITED,16120170,active,ltd,,,2024-12-05,,2024-12-05,[68209],Spitalfields London England E1 7LS
ZYMO AUTOS LTD,16127615,active,ltd,,,2024-12-10,,2024-12-10,[45112],14/2g Docklands Business Centre London United Kingdom E14 8PX
ANXIROLENY LIMITED,16134645,active,ltd,,,2024-12-13,,2024-12-13,[46160, 46190, 46420, 47722],London (W1w 5pf) Office London England W1W 5PF
NEXUS ADV LTD,16155893,active,ltd,,,2024-12-30,,2024-12-30,[82990, 85590, 85600],71-75 Shelton Street London United Kingdom WC2H 9JQ
MOORE HARMONY PROPERTY INVESTMENT LTD,16154836,active,ltd,,,2024-12-30,,2024-12-30,[55209, 68209, 68310, 68320],20 Wenlock Road London England N1 7GU
MCJ CONSULTING LTD,16147324,active,ltd,,,2024-12-20,,2024-12-20,[82990],340 West End Lane London England NW6 1LN
MWSAFI LTD,16153012,active,ltd,,,2024-12-27,,2024-12-27,[47910],274 Alfreton Road 274 Alfreton Road Nottingham England NG7 5LS
ISLAND GOODS LTD,16148497,active,ltd,,,2024-12-23,,2024-12-23,[46342, 47810],Flat 3 Durlock House London England SW9 6LS
VENTAS UK OPCO HOLDINGS LIMITED,16129769,active,ltd,,,2024-12-11,,2024-12-11,[84120, 86900],Level 5 20 Fenchurch Street London England EC3M 3BY
VENTAS UK OPCO LIMITED,16135129,active,ltd,,,2024-12-13,,2024-12-13,[84120, 86900],Level 5 20 Fenchurch Street London England EC3M 3BY
PLACE VALUE LTD,16121475,active,ltd,,,2024-12-05,,2024-12-05,[70229, 82990],179 Great Portland Street The Smiths  Building London England W1W 5PL
OUTSOURCED AV LTD,16149217,active,ltd,,,2024-12-23,,2024-12-23,[31010, 59112, 59113, 62090],124-128 City Road London England EC1V 2NX
RTS EMPORIUM LTD,16131702,active,ltd,,,2024-12-11,,2024-12-11,[47190],6 Chichele Road London England NW2 3DA
SHUKRINA COLLECTION LTD,16150241,active,ltd,,,2024-12-23,,2024-12-23,[56290],360 Lordship Lane London England N17 7QX
GREATER LONDON INVENTORY SERVICES LTD,16144883,active,ltd,,,2024-12-19,,2024-12-19,[81299, 82990],124 City Road London England EC1V 2NX
GLOBAL BRIGHT EDU LTD,16153478,active,ltd,,,2024-12-27,,2024-12-27,[47910, 79901, 85590, 85600],71-75 Shelton Street London United Kingdom WC2H 9JQ
TAYZ LTD,16133634,active,ltd,,,2024-12-13,,2024-12-13,[62012, 62020, 62090, 72190],20 Wenlock Road London England N1 7GU
RENNESAI LIMITED,16148730,active,ltd,,,2024-12-23,,2024-12-23,[47890, 47910, 73110],23 Avonmore Road London United Kingdom W14 8RP
HYDRA ENERGY LTD,16151804,active,ltd,,,2024-12-25,,2024-12-25,[29100, 62012, 71121],180 Victoria Road London England N9 9SQ
AI MONITOR LTD,16147592,active,ltd,,,2024-12-20,,2024-12-20,[58190, 62020, 70229, 82990],9 Kempsford Gardens London England SW5 9LA
INNOVA AUTO SOLUTIONS LIMITED,16152613,active,ltd,,,2024-12-27,,2024-12-27,[45320, 49320, 49420, 77110],71-75 Shelton Street London United Kingdom WC2H 9JQ
FLRSIX LIMITED,16139902,active,ltd,,,2024-12-17,,2024-12-17,[74100, 74209, 90030],21a Iliffe Yard London England SE17 3QA
TOWER BRIDGE BIRYANI LTD,16113020,active,ltd,,,2024-12-02,,2024-12-02,[56101, 56102, 56103, 56210],163 And 164 Grange Road London England SE1 3AD
MOON HARE ASSOCIATES LIMITED,16145974,active,ltd,,,2024-12-20,,2024-12-20,[70229],85 Great Portland Street London England W1W 7LT
INDEX FURNITURE LTD,16153221,active,ltd,,,2024-12-27,,2024-12-27,[47599, 47910],128 City Road London United Kingdom EC1V 2NX
NXTROOOT LIMITED,16128624,active,ltd,,,2024-12-10,,2024-12-10,[62020],100 Mile End Road London England E1 4UN
DARAD LTD,16147925,active,ltd,,,2024-12-21,,2024-12-21,[70229],C/O Farrow Accounting & Tax Limited Unit T13, Tideway Yard London United Kingdom SW14 8SN
THE GREAT BIG GIFT SHOP LTD,16120588,active,ltd,,,2024-12-05,,2024-12-05,[47910, 47990],167 169 Great Portland Street Great Portland Street London England W1W 5PF
STEP STEADY SECURITY LTD,16138076,active,ltd,,,2024-12-16,,2024-12-16,[80100],195-197 Suite Ra01, Wood Street London England E17 3NU
STERLING GUARDIANS PROPERTY MANAGEMENT LTD,16137797,active,ltd,,,2024-12-16,,2024-12-16,[68320],167-169 Great Portland Street London United Kingdom W1W 5PF
LEASYFI LTD,16122081,active,ltd,,,2024-12-08,,2024-12-08,[64921],4 Rockhampton Close London England SE27 0NG
NATIDA HEALTHCARE TRAINING & RECRUITMENT SERVICES LTD,16127733,active,ltd,,,2024-12-10,,2024-12-10,[99999],Flat 29 Adagio Point London England SE8 3FH
DOMAIN CORP LTD,16119842,active,ltd,,,2024-12-05,,2024-12-05,[99999],120 High Road London United Kingdom N2 9ED
PROAINCE LTD,16150784,active,ltd,,,2024-12-24,,2024-12-24,[47910, 62012, 62020, 78109],71-75 Shelton Street London United Kingdom WC2H 9JQ
SKYVIEW MANAGEMENT LIMITED,16128841,active,ltd,,,2024-12-10,,2024-12-10,[68320],24 Theydon Road London England E5 9NA
LAMDA PROPERTY MANAGEMENT LTD,16128157,active,ltd,,,2024-12-10,,2024-12-10,[43290, 68320],187 Howard Road London United Kingdom E17 4SG
MED PL LTD,16147101,active,ltd,,,2024-12-20,,2024-12-20,[86102],167-169 Great Portland Street, Fifth Floor London England W1W 5PF
MARKETGENIE LTD,16149890,active,ltd,,,2024-12-23,,2024-12-23,[73110],167-169 Great Portland Street London England W1W 5PF
THE CAJUN BOIL LTD,16138555,active,ltd,,,2024-12-16,,2024-12-16,[56290],185 Bethnal Green Road 185 Bethnal Green Road London England E2 6AB
NEST QUEST VAULT LIMITED,16139363,active,ltd,,,2024-12-16,,2024-12-16,[68209, 68310, 98000],86-90 Paul Street London England EC2A 4NE
COIWE LTD,16132000,active,ltd,,,2024-12-12,,2024-12-12,[46420, 47640, 47789],71-75 Shelton Street London United Kingdom WC2H 9JQ
SANKOFA LIMITED,16135389,active,ltd,,,2024-12-13,,2024-12-13,[86900],167-169 Great Portland Street London England W1W 5PF
OIONX COLLECTIVE LTD,16152065,active,ltd,,,2024-12-26,,2024-12-26,[64303, 82990],Office 1.10 Chester House, 1-3 Brixton Road London United Kingdom SW9 6DE
TAYSIDE GLOBAL LTD,16146885,active,ltd,,,2024-12-20,,2024-12-20,[46900, 47910, 70229],124 City Road London England EC1V 2NX
AUDI MOTORSPORT TECHNOLOGY CENTRE UK LIMITED,16149822,active,ltd,,,2024-12-23,,2024-12-23,[71129, 93120, 93199],1st Floor 8 Bridle Close Kingston Upon Thames United Kingdom KT1 2JW
FOUREIGHTSIXZERO LTD,16139830,active,ltd,,,2024-12-17,,2024-12-17,[62012],124 City Road London England EC1V 2NX
MENNYHOMES LTD,16113757,active,ltd,,,2024-12-02,,2024-12-02,[68100, 68201, 68209],C/O Getground, 1 London England W6 0NB
HEART AND HOME FOSTERING GROUP LTD,16119044,active,ltd,,,2024-12-04,,2024-12-04,[88990],Unit L21 Bletchley Barton Road MK2 3HU
THE AI CONSULTANCY (LONDON) LTD,16138782,active,ltd,,,2024-12-16,,2024-12-16,[58290, 62012, 62020],20 Wenlock Road London England N1 7GU
MATTHEW FRENER GROUP LIMITED,16157848,active,ltd,,,2024-12-31,,2024-12-31,[86900],128 City Road London England EC1V 2NX
PISTA AD LTD,16146958,active,ltd,,,2024-12-20,,2024-12-20,[58290, 70229, 73110, 74100],128 City Road London United Kingdom EC1V 2NX
SCRATCHWORKS LIMITED,16153330,active,ltd,,,2024-12-27,,2024-12-27,[62012, 62020, 64209],7 Penrose Mews London England SW6 7AW
CRAFTSBEEFY PUBLICATIONS LTD,16113494,active,ltd,,,2024-12-02,,2024-12-02,[18130, 47910, 58290, 85590],2nd Floor College House London England HA4 7AE
ADULLAM ACADEMY LIMITED,16153693,active,ltd,,,2024-12-27,,2024-12-27,[85590],124 City Road, London, 124 City Road London England EC1V 2NX
KHAFFY LIMITED,16145576,active,ltd,,,2024-12-19,,2024-12-19,[99999],18 Rollesby Way Thamesmead London England SE28 8LR
HOLLOWAY HOUSING LTD,16157791,active,ltd,,,2024-12-31,,2024-12-31,[68310],126 St. Stephen's Road London England E6 1AT
WOMAGIC LIMITED,16147869,active,ltd,,,2024-12-20,,2024-12-20,[70229, 98000],Flat 42, Crossway Court London England SE4 2NG
SECTIGO ENDEAVOR LIMITED,16113705,active,ltd,,,2024-12-02,,2024-12-02,[62090],Exmouth House, 3/11 Pine Street London England EC1R 0JH
SOFTWARE STORIES LTD,16154703,active,ltd,,,2024-12-30,,2024-12-30,[47910, 62020, 62090, 63110],71-75 Shelton Street London United Kingdom WC2H 9JQ
KOSTRELA LTD,16143031,active,ltd,,,2024-12-18,,2024-12-18,[47910, 63110, 74100],167-169 Great Portland Street London England W1W 5PF
1ST SOLUTION CONSULTANCY LTD,16141066,active,ltd,,,2024-12-17,,2024-12-17,[70229, 78200, 82990],253 Baring Road London England SE12 0BQ
ALLMARSH CONSULTING LTD,16135161,active,ltd,,,2024-12-13,,2024-12-13,[73110],5th Floor, 36 - 38 Wigmore Street, London, United Kingdom W1U 2BP
ARCADIA AESTHETICS LTD,16131506,active,ltd,,,2024-12-11,,2024-12-11,[86220],113 Romford Road London E15 4LY
GOING THE DISTANCE WEDDINGS AND EVENTS LTD,16156511,active,ltd,,,2024-12-30,,2024-12-30,[47910, 56210, 82301, 82302],Flat D London England SW17 8JR
DON'T BLOCK YOUR BLESSINGS LTD,16111733,active,ltd,,,2024-12-02,,2024-12-02,[47710, 47910],Suite Ra01, 195-197 Wood Street, London England E17 3NU
KINGSTON HILL TRANSPORT LTD.,16153361,active,ltd,,,2024-12-27,,2024-12-27,[52290],Office 205 Regent88 London United Kingdom E10 7JQ
MY FAVORITE HUB LIMITED,16152894,active,ltd,,,2024-12-27,,2024-12-27,[46190, 47910],378 Norwood Road London England SE27 9AA
