company_name,company_number,company_status,company_type,company_subtype,dissolution_date,incorporation_date,removed_date,registered_date,nature_of_business,registered_office_address
ENERGY NGEN LTD,16907253,active,ltd,,,2025-12-12,,2025-12-12,[71122, 71129, 74909],Suite Ra01, 195-197 Wood Street Wood Street London England E17 3NU
DTC AI SOLUTIONS LIMITED,16906072,active,ltd,,,2025-12-12,,2025-12-12,[62020, 62090],43 Overstone Road London England W6 0AD
CINNAMON MIDCO LIMITED,16893154,active,ltd,,,2025-12-05,,2025-12-05,[64209],24 Adam & Eve Mews London United Kingdom W8 6UJ
S-VITALS GLOBAL LIMITED,16906674,active,ltd,,,2025-12-12,,2025-12-12,[47910],167-169 Great Portland Street London W1W 5PF
JAKOWEB LTD,16910017,active,ltd,,,2025-12-15,,2025-12-15,[47910, 62012, 62090, 63120],12 Hammersmith Grove London England W6 7AE
VH MOBILE LTD.,16893898,active,ltd,,,2025-12-05,,2025-12-05,[62012],71-75 Shelton Street London United Kingdom WC2H 9JQ
GG-211-109 LIMITED,16917600,active,ltd,,,2025-12-17,,2025-12-17,[68209],C/O Getground London England W6 0NB
DEFINITYX UK LTD,16926468,active,ltd,,,2025-12-22,,2025-12-22,[70229],1 Canada Square London England E14 5AE
GOLDERS GREEN LIMITED,16889075,active,ltd,,,2025-12-03,,2025-12-03,[68209],8a Electric Avenue London England SW9 8JX
SABALAN PROPERTY LTD,16884660,active,ltd,,,2025-12-01,,2025-12-01,[68320],124 City Road City Road London England EC1V 2NX
DCIUK LTD,16918875,active,ltd,,,2025-12-18,,2025-12-18,[47910],Suite Ra01 195-197 Wood Street London England E17 3NU
AXIA FINANCIAL LIMITED,16892753,active,ltd,,,2025-12-05,,2025-12-05,[66220],124 City Road London England EC1V 2NX
REMUNE LIMITED,16919075,active,ltd,,,2025-12-18,,2025-12-18,[46510, 62020],8 Greatorex Street London United Kingdom E1 5NF
MONARCH CONSULTANCY LTD,16906040,active,ltd,,,2025-12-12,,2025-12-12,[69109, 96090],167-169 Great Portland Street 5th Floor London England W1W 5PF
999 DIGITAL LTD,16923863,active,ltd,,,2025-12-21,,2025-12-21,[47910, 47990],Flat 1 Finsbury House London England N22 8DT
ACURA CONSULTING LTD,16887175,active,ltd,,,2025-12-02,,2025-12-02,[70229],20 Wenlock Road London England N1 7GU
WRIGHTON & PARTNERS HOLDINGS LIMITED,16921664,active,ltd,,,2025-12-19,,2025-12-19,[64209],128 City Road London England EC1V 2NX
BIZTRA E-SERV LTD,16913801,active,ltd,,,2025-12-16,,2025-12-16,[69201],124 City Road London England EC1V 2NX
DRMS HOLDINGS LIMITED,16928273,active,ltd,,,2025-12-23,,2025-12-23,[68100, 68209],C/O Roseworth 662 High Road London England N12 0NL
CALEDONIX PROJECT SERVICES LTD,16921933,active,ltd,,,2025-12-19,,2025-12-19,[96090],4th Floor Silverstream House London England W1T 6EB
GEMSGODDESS LTD,16899307,active,ltd,,,2025-12-09,,2025-12-09,[47910],Office 16064 182 -184 High Street North London United Kingdom E6 2JA
VOYA AI LIMITED,16929712,active,ltd,,,2025-12-23,,2025-12-23,[79110],167-169 Great Portland Street 5th Floor Great Portland Street London England W1W 5PF
BEYOND HEELS LTD,16886788,active,ltd,,,2025-12-02,,2025-12-02,[85510],167-169 Great Portland Street London England W1W 5PF
CHANDRA SOLS LTD,16932833,active,ltd,,,2025-12-29,,2025-12-29,[62090],159 London Road Leicester England LE2 1EG
PRISMX PRECIOUS METALS LIMITED,16931061,active,ltd,,,2025-12-24,,2025-12-24,[46120, 46720, 47910],Office 56/58 New House 67-68 Hatton Garden London England EC1N 8JY
ALEV & UGUR LIMITED,16898126,active,ltd,,,2025-12-08,,2025-12-08,[68100, 68209],233 High Street London England W3 9BY
ORBIS LEADS LIMITED,16927860,active,ltd,,,2025-12-23,,2025-12-23,[69109, 82990],Office 16317 182-184 High Street North East Ham London United Kingdom E6 2JA
DOODLES DESSERT CLUB LTD,16917945,active,ltd,,,2025-12-17,,2025-12-17,[47290],3rd Floor 86-90 Paul Street London EC2A 4NE
AGN CHAUFFEURS LIMITED,16915612,active,ltd,,,2025-12-16,,2025-12-16,[49320],Office S34, 5 Wadsworth Road Perivale London Wadsworth Road Greenford England UB6 7JD
129 NORTH BIRKBECK ROAD LTD,16937903,active,ltd,,,2025-12-31,,2025-12-31,[68100, 68209],20 Wenlock Road London England N1 7GU
PEARL RESIDENTIAL LTD,16927050,active,ltd,,,2025-12-22,,2025-12-22,[68100],Tulip House Amory Towers 205 Marsh Wall London United Kingdom E14 9TW
BCNAIRPARK LTD,16927473,active,ltd,,,2025-12-22,,2025-12-22,[96090],2nd Floor College House 17 King Edwards Road London United Kingdom HA4 7AE
MERCHANTS & WEALTH MANAGEMENT (UK) LIMITED,16927557,active,ltd,,,2025-12-22,,2025-12-22,[41100],Unit B006 Trident Business Centre C/O Citywide Solicitors London United Kingdom SW17 9SH
PURELEAF CLEANING LTD,16937908,active,ltd,,,2025-12-31,,2025-12-31,[81222],167-169 Great Portland Street London England W1W 5PF
ALGO P2P SYS LTD,16899625,active,ltd,,,2025-12-09,,2025-12-09,[46900, 62012, 62020, 64999],124 City Road London EC1V 2NX
PEARL APARTMENTS & REAL ESTATE LTD,16927024,active,ltd,,,2025-12-22,,2025-12-22,[68100],Tulip House Amory Towers 205 Marsh Wall London United Kingdom E14 9TW
COEVE LTD,16918963,active,ltd,,,2025-12-18,,2025-12-18,[47710],450 Kingsland Road London England E8 4AE
NUMBER ONE HARLEY STREET LIMITED,16907671,active,ltd,,,2025-12-12,,2025-12-12,[86210],4 Wimpole Street London England W1G 9SH
DOODLES DESSERT CLUB (OMNICHANNEL) LTD,16916894,active,ltd,,,2025-12-17,,2025-12-17,[47290, 47910],3rd Floor 86-90 Paul Street London EC2A 4NE
PET PULSE AUTOMATION LTD,16908789,active,ltd,,,2025-12-13,,2025-12-13,[82990],86-90 Paul Street London England EC2A 4NE
COURTSIDE PADEL HOLDINGS LTD,16934199,active,ltd,,,2025-12-29,,2025-12-29,[93110],167-169 Great Portland Street 5th Floor London England W1W 5PF
NEUROCRAFT HUB INNOVATIONS LTD,16920931,active,ltd,,,2025-12-18,,2025-12-18,[64209, 70100],195- 197 Suite Ra01, London United Kingdom E17 3NU
AMS LEISURE AND WELLNESS GROUP LTD,16907961,active,ltd,,,2025-12-12,,2025-12-12,[87100, 87900, 88100, 88990],128 City Road London United Kingdom EC1V 2NX
JUBILEE HOTEL KENSINGTON LTD,16917992,active,ltd,,,2025-12-17,,2025-12-17,[55100],Jubilee Hotel Kensington London United Kingdom W14 8HL
ZEROVEX PERFORMANCE LABS LTD,16886425,active,ltd,,,2025-12-02,,2025-12-02,[62012, 73110, 90030, 93130],71-75 Shelton Street London United Kingdom WC2H 9JQ
SINCEREAL GROUP LIMITED,16884067,active,ltd,,,2025-12-01,,2025-12-01,[10612],10 Queen Street Place London United Kingdom EC4R 1AG
BOTANICA CAFE LTD,16922363,active,ltd,,,2025-12-19,,2025-12-19,[56101],11 Cembra Apartments 143 Townmead Road London England SW6 2WB
START RIGHT CO LTD,16885522,active,ltd,,,2025-12-02,,2025-12-02,[81210],167-169 Great Portland Street London England W1W 5PF
KAPLAN HIGHER EDUCATION UK (ESSEX) LIMITED,16885419,active,ltd,,,2025-12-02,,2025-12-02,[85421, 85422],3 Cathedral Street London England SE1 9DE
DMWSL 977 LIMITED,16911047,active,ltd,,,2025-12-15,,2025-12-15,[64209],C/O Fundsmith Llp London United Kingdom W1G 0PW
PRIMEVIEW PROPERTY SERVICES LTD,16935108,active,ltd,,,2025-12-30,,2025-12-30,[82990],17,2 Drapers Yard London England SW18 1SF
GEORGINA KATE JEWELLERY LIMITED,16924502,active,ltd,,,2025-12-21,,2025-12-21,[32120],C/O The Accountancy Partnership Suite 5, 5th Floor, City Reach London United Kingdom E14 9NN
TECHSONIC INNOVATIONS LTD,16893481,active,ltd,,,2025-12-05,,2025-12-05,[46520],20 Wenlock Road London England N1 7GU
COOKLITE LTD,16929435,active,ltd,,,2025-12-23,,2025-12-23,[47190, 70229],374 Forest Road London England E17 5JF
DRIVEN INDUSTRIAL RESOURCES LTD.,16914859,active,ltd,,,2025-12-16,,2025-12-16,[64209],Kingscross Business Centre 180-186 King's Cross Road London England WC1X 9DE
LJS FACILITIES LIMITED,16895637,active,ltd,,,2025-12-08,,2025-12-08,[68209],27 Old Gloucester St London United Kingdom WC1N 3AX
WOOX UK LTD,16929896,active,ltd,,,2025-12-23,,2025-12-23,[47421, 47429],11 Sunnyhill House 3-7 Sunnyhill Road London SW16 2UG
MOTHR LIMITED,16917315,active,ltd,,,2025-12-17,,2025-12-17,[63990, 85590],Vpc Accountants Harrow England HA1 1BQ
DARK FADER LTD,16932574,active,ltd,,,2025-12-28,,2025-12-28,[59200],4th Floor 4 Tabernacle Street London United Kingdom EC2A 4LU
HOLLYWALK (LONDON) LTD,16925304,active,ltd,,,2025-12-22,,2025-12-22,[68100],Unit C105 89a Shacklewell Lane London England E8 2EB
LP TUFNELL LIMITED,16933584,active,ltd,,,2025-12-29,,2025-12-29,[56302],Unit 4 3 Wedmore Street London England N19 4RU
OMNIROUTE IQ LTD,16901789,active,ltd,,,2025-12-10,,2025-12-10,[47910],OMNIROUTE IQ LTD London W1W 5PF
BRECON SPECIALTY LIMITED,16917934,active,ltd,,,2025-12-17,,2025-12-17,[65120],70 Gracechurch Street London England EC3V 0HR
BBIL BIDCO HOLDINGS LTD,16907944,active,ltd,,,2025-12-12,,2025-12-12,[64209],93 Gloucester Place London England W1U 6JQ
THESEUS INVESTMENTS LIMITED,16923135,active,ltd,,,2025-12-19,,2025-12-19,[64209],71-75 Shelton Street Covent Garden United Kingdom WC2H 9JQ
HORIZONS SUPPORT SERVICES LTD,16932535,active,ltd,,,2025-12-28,,2025-12-28,[87200],12hood House Elmington Estate London United Kingdom SE5 7QN
EAT&LIFT LIMITED,16925220,active,ltd,,,2025-12-22,,2025-12-22,[10850, 47290, 47910, 56290],17 Franklin Place Franklin Place London England SE13 7ES
FTK GROUP LTD,16930270,active,ltd,,,2025-12-24,,2025-12-24,[56103, 56290],First Floor Office Number 7 First Floor Office Number 7 London United Kingdom SW6 4HH
SUNMAX CAPITAL LIMITED,16904520,active,ltd,,,2025-12-11,,2025-12-11,[70229],Suite 5 Beaufort Court London England E14 9XL
TETRA UPSTREAM LIMITED,16919109,active,ltd,,,2025-12-18,,2025-12-18,[82990],1-5 Maple Place London England W1T 4BB
NEXPORT GLOBAL LTD,16925893,active,ltd,,,2025-12-22,,2025-12-22,[46900, 47910, 70229, 71122],Staines London Road Staines England TW18 4AX
PHARAOHSEG LTD,16933351,active,ltd,,,2025-12-29,,2025-12-29,[47421, 70229, 82990],124-128 City Road London England EC1V 2NX
FRENCH TOUCH CODER LTD,16927299,active,ltd,,,2025-12-22,,2025-12-22,[62012, 62020, 85590],Crown House London United Kingdom WC1N 3AX
PARK ROAD STORES LTD,16912669,active,ltd,,,2025-12-15,,2025-12-15,[47110],306 Park Road London England N8 8LA
PRONTLY LTD,16911797,active,ltd,,,2025-12-15,,2025-12-15,[46380, 47990, 62090, 73120],71-75 Shelton Street London United Kingdom WC2H 9JQ
MODERN SET PROPERTIES LIMITED,16936039,active,ltd,,,2025-12-30,,2025-12-30,[68100, 68209],809 Salisbury House 29 Finsbury Circus London United Kingdom EC2M 7AQ
OMNIPORTA CROSS-BORDER LTD,16926348,active,ltd,,,2025-12-22,,2025-12-22,[47910],60 Tottenham Court Road London United Kingdom W1T 2EW
LOYAF LIMITED,16931242,active,ltd,,,2025-12-24,,2025-12-24,[46900, 47910],Flat 9 Beechwood Hall London England N3 3AT
STERLING ENVIRONMENTAL GROUP LTD,16899090,active,ltd,,,2025-12-09,,2025-12-09,[38120, 39000, 43999],2nd Floor College House Ruislip, United Kingdom HA4 7AE
AEI MUSIC GROUP LIMITED,16906681,active,ltd,,,2025-12-12,,2025-12-12,[64209, 70100],Unit V, W, X, Y Reliance Wharf, London United Kingdom N1 5ET
JOWAVE TECHNOLOGY LIMITED,16900629,active,ltd,,,2025-12-09,,2025-12-09,[52290],The Sati Room London England W1G 0JR
AWAT HAMA ALI CARGO SERVICES UK LIMITED,16929989,active,ltd,,,2025-12-23,,2025-12-23,[52241],Synergy House 4th Floor London United Kingdom WC1B 5AA
VANTAGE AI CONSULTING LIMITED,16888728,active,ltd,,,2025-12-03,,2025-12-03,[62020],A4g Suite Nepicar House Wrotham Heath TN15 7RS
ONERIK FINANCIAL SERVICES LIMITED,16935416,active,ltd,,,2025-12-30,,2025-12-30,[64999, 66120],20 Wenlock Road London England N1 7GU
MINML LTD,16923796,active,ltd,,,2025-12-20,,2025-12-20,[62012],2.12 Ink Rooms Easton Street London England WC1X 0DS
VANQUISHER STUDIO LTD,16923213,active,ltd,,,2025-12-20,,2025-12-20,[62020],124 City Road London United Kingdom EC1V 2NX
STRUCTURAL BUILD ENGINEERING LTD,16923168,active,ltd,,,2025-12-19,,2025-12-19,[41202, 71122],3 Coombe Road London England NW10 0EB
NU DE IOS UK HOLDCO LIMITED,16889300,active,ltd,,,2025-12-03,,2025-12-03,[64209],8 Sackville Street London W1S 3DG
JUXXE DIRECT LTD,16913734,active,ltd,,,2025-12-16,,2025-12-16,[46900],2a Connaught Avenue London England E4 7AA
INDEXTRA SOLUTIONS LIMITED,16889373,active,ltd,,,2025-12-03,,2025-12-03,[70229],45 Albemarle Street London England W1S 4JL
THE LEAGUE OF ADVENTURE GROUP LIMITED,16906784,active,ltd,,,2025-12-12,,2025-12-12,[93290],167-169 Great Portland Street London England W1W 5PF
CVAC INTERNATONAL LIMITED,16900266,active,ltd,,,2025-12-09,,2025-12-09,[35300, 43220],Unit 22, Atlas Business Center London England NW2 7HJ
RACCOON PEPTIDES LIMITED,16896125,active,ltd,,,2025-12-08,,2025-12-08,[71200, 72110, 72190],195-197 Wood Street London England E17 3NU
VALUENOVA LTD,16936135,active,ltd,,,2025-12-30,,2025-12-30,[62012],71-75 Shelton Street London United Kingdom WC2H 9JQ
S. M. GLOBAL TRADING LTD,16902832,active,ltd,,,2025-12-10,,2025-12-10,[47910],60 Tottenham Court Road, Suite 6972a London United Kingdom W1T 2EW
RYCH LIMITED,16883088,active,ltd,,,2025-12-01,,2025-12-01,[64209],60 Tottenham Court Road, Suite 6946a London United Kingdom W1T 2EW
DEANSCROSS LIMITED,16924771,active,ltd,,,2025-12-22,,2025-12-22,[70229, 73110],254 Victoria Park Road London England E9 7BT
PIVOT CAPITAL LIMITED,16904676,active,ltd,,,2025-12-11,,2025-12-11,[64205],17-19 Maddox Street London England W1S 2QH
GRID HOLDCO 7 LIMITED,16920019,active,ltd,,,2025-12-18,,2025-12-18,[64209],C/O Gresham House Asset Management London England EC4A 3TW
RAMPLINK LTD,16914109,active,ltd,,,2025-12-16,,2025-12-16,[62090, 82990],45, Silverstream House Fitzroy Street London United Kingdom W1T 6EB
11 ARCHER SECURITY GROUP LTD,16889190,active,ltd,,,2025-12-03,,2025-12-03,[78109],66 Paul Street London England EC2A 4NA
ANTIPODEAN GROUP LIMITED,16932797,active,ltd,,,2025-12-29,,2025-12-29,[70100],71-75 Shelton Street London United Kingdom WC2H 9JQ
MONUMENTA GROUP LTD,16912205,active,ltd,,,2025-12-15,,2025-12-15,[46510, 62020, 62090],5 Brayford Square London England E1 0SG
KJLTIK LTD,16891219,active,ltd,,,2025-12-04,,2025-12-04,[46190],60 Tottenham Court Road, Suite 6951a London United Kingdom W1T 2EW
RSNL LIMITED,16886786,active,ltd,,,2025-12-02,,2025-12-02,[82990],Unit 4, 3 Wedmore Street, London London England N19 4RU
BRYDGE AI LIMITED,16925363,active,ltd,,,2025-12-22,,2025-12-22,[62012, 62090],124 City Road City Road London England EC1V 2NX
STERLINGNEST PROPERTIES LTD,16930631,active,ltd,,,2025-12-24,,2025-12-24,[68100, 68209],33 Flanders Road London England E6 6DX
THE SIRBS DYNAMICS LTD,16910393,active,ltd,,,2025-12-15,,2025-12-15,[49420],24 Tudor Way London England N14 6PS
BAMBEAT MUSIC LTD,16933533,active,ltd,,,2025-12-29,,2025-12-29,[59200, 90020, 90030],Flat 9, 23 Maud Street,London London England E16 1YU
DUTCH COLD PRESSED LIMITED,16883308,active,ltd,,,2025-12-01,,2025-12-01,[10920],128 City Road London EC1V 2NX
NBK GROUP LTD,16923192,active,ltd,,,2025-12-19,,2025-12-19,[74902],Office 16297 182-184 High Street North London United Kingdom E6 2JA
MARTIN POOLE PHOTOGRAPHY LIMITED,16928890,active,ltd,,,2025-12-23,,2025-12-23,[74202],A4g Suite Nepicar House Wrotham Heath United Kingdom TN15 7RS
HPK COMMODITIES LTD,16917892,active,ltd,,,2025-12-17,,2025-12-17,[46310, 46390, 46460],Allied House Twickenham England TW1 3SZ
SM ENERGY GROUP LIMITED,16929504,active,ltd,,,2025-12-23,,2025-12-23,[74901],3rd Floor, 86-90 Paul Street London United Kingdom EC2A 4NE
MINCHER PROPERTIES LTD,16884308,active,ltd,,,2025-12-01,,2025-12-01,[68310],5 Brayford Square London England E1 0SG
ATHENIAN HEALTH CARE LTD,16884230,active,ltd,,,2025-12-01,,2025-12-01,[87200, 88990],213 Southampton Southampton Way London England SE5 7EQ
CUBE COLD EUROPE II HOLDCO LIMITED,16883503,active,ltd,,,2025-12-01,,2025-12-01,[64209],6 Chesterfield Gardens London United Kingdom W1J 5BQ
CLUB 721 LTD,16908180,active,ltd,,,2025-12-12,,2025-12-12,[47910, 85510, 93199],Suite Ra01, 195-197 Wood Street London England E17 3NU
TURGA LIMITED,16921696,active,ltd,,,2025-12-19,,2025-12-19,[70221, 70229, 71129, 82990],66 Paul Street London England EC2A 4NE
SHAZOONI TRADERS LTD,16889552,active,ltd,,,2025-12-03,,2025-12-03,[47910],Suite Ra01 195 -197 Wood Street London England E17 3NU
PRYNCE GROUPS HOME CARE SERVICES LTD,16916641,active,ltd,,,2025-12-17,,2025-12-17,[86900],Tocca Investments Ltd 12 Deer Park Road London England SW19 3TL
SPARK ALLIANCE UK LTD,16935061,active,ltd,,,2025-12-30,,2025-12-30,[46140, 46690],Bective House London England SW15 2PZ
PLATINUM SCIENCE LTD,16901821,active,ltd,,,2025-12-10,,2025-12-10,[72110],124 City Road London England EC1V 2NX
OOBZ SOFTWARE LTD,16889090,active,ltd,,,2025-12-03,,2025-12-03,[62012],167-169 Great Portland Street London England W1W 5PF
EL RINCONSITO DE LAS BUENAS VIBRAS LTD,16913742,active,ltd,,,2025-12-16,,2025-12-16,[56102],Flat 1 Rydal Lodge London England N17 0BJ
MUZZI GRILL HOUSE LIMITED,16908118,active,ltd,,,2025-12-12,,2025-12-12,[56103],96a Upper Tooting Road London England SW17 7EN
1ST HEATHROW CHAUFFEUR LIMITED,16926980,active,ltd,,,2025-12-22,,2025-12-22,[49390],450 Bath Road Heathrow England UB7 0EB
ZENABELLA LIMITED,16884705,active,ltd,,,2025-12-01,,2025-12-01,[46460, 47910, 86900],Unit 5 Pembroke Buildings London England NW10 6RE
HL KHARVA PROPERTIES LTD,16904250,active,ltd,,,2025-12-11,,2025-12-11,[68100, 68209, 68320],103 Caistor Park Road London England E15 3PR
LONGHOUSE HQ LIMITED,16885592,active,ltd,,,2025-12-02,,2025-12-02,[78200, 78300],134 London Road Knebworth England SG3 6EY
PROJECT PEARL HOLDINGS LIMITED,16916496,active,ltd,,,2025-12-17,,2025-12-17,[64999],16 Babmaes Street London England SW1Y 6AH
NOESIS FINANCIAL LTD,16917469,active,ltd,,,2025-12-17,,2025-12-17,[70221],Office 3 Piano House London England SW9 8DJ
UDG DEVELOPMENT LTD,16919814,active,ltd,,,2025-12-18,,2025-12-18,[70229, 73110],12 Old Bond Street London England W1S 4PW
KARM ENERGY HOLDING LTD,16913585,active,ltd,,,2025-12-16,,2025-12-16,[35110, 35130, 42220, 70229],Office 4 Fourth Floor Hind House London England EC4A 3DL
NORTH EAST MUSIC HERITAGE C.I.C.,16935448,active,ltd,community-interest-company,,2025-12-30,,2025-12-30,[91020],65 Fenchurch Street London England EC3M 4BE
UNTANGLED CONSULTING LIMITED,16937651,active,ltd,,,2025-12-31,,2025-12-31,[70229],Office 3 Piano House London England SW9 8DJ
PLATE 38 LTD,16896813,active,ltd,,,2025-12-08,,2025-12-08,[56101],38 London Road London Road Sittingbourne England ME10 1NJ
ROMAN ROAD FOOD INVESTMENTS LTD,16903965,active,ltd,,,2025-12-11,,2025-12-11,[56102],533 Roman Road London England E3 5EL
ROSLIN CAPITAL LIMITED,16925740,active,ltd,,,2025-12-22,,2025-12-22,[64205],1 Mercer Street London England WC2H 9QJ
THE CRAWFORD COLLECTIVE LTD,16910834,active,ltd,,,2025-12-15,,2025-12-15,[90030],C/O Starbridge London England EC1V 2NZ
FLATMARK LIMITED,16916401,active,ltd,,,2025-12-17,,2025-12-17,[70229, 85590],124 City Road London England EC1V 2NX
SOMBEAUTY LONDON LTD,16895297,active,ltd,,,2025-12-07,,2025-12-07,[47750, 47910, 96020, 96090],Unit 11 100 London England SE15 4RZ
SJ FENTON LIMITED,16896492,active,ltd,,,2025-12-08,,2025-12-08,[46900],Southgate Office Village Block F, Office 4 London United Kingdom N14 6HF
PCHASE HOSPITALITY LTD,16931218,active,ltd,,,2025-12-24,,2025-12-24,[82110],167-169 Great Portland Street London England W1W 5PF
LUMO PLATFORM LIMITED,16933815,active,ltd,,,2025-12-29,,2025-12-29,[62012],The Boutique Workplace Company London England WC1X 8PL
REMADRIVE UK LTD,16883026,active,ltd,,,2025-12-01,,2025-12-01,[45112],Flat 3 17 Heathfield Gardens London England NW11 9HY
PRIMROSE STAFFING SOLUTIONS LTD,16886936,active,ltd,,,2025-12-02,,2025-12-02,[78200],Office 1175 60 Tottenham Court Road London England W1T 2EW
ARTE DI LEGNO LTD,16929335,active,ltd,,,2025-12-23,,2025-12-23,[46130, 46730, 46900, 74909],71-75 Shelton Street London England WC2H 9JQ
FIN KEOGH SONGS LIMITED,16925477,active,ltd,,,2025-12-22,,2025-12-22,[59200],First Floor, 14-15 Berners Street London United Kingdom W1T 3LJ
ALI AND OMAR HEALTH LTD,16883568,active,ltd,,,2025-12-01,,2025-12-01,[86220],17a Canfield Place London England NW6 3BT
MBM MEDICS LTD,16922354,active,ltd,,,2025-12-19,,2025-12-19,[86210],17a Canfield Place London England NW6 3BT
VERAVIS CAPITAL LIMITED,16883878,active,ltd,,,2025-12-01,,2025-12-01,[64999],167-169 Great Portland Street 167-169  Great Portland Street London England W1W 5PF
BLUELINK GLOBAL HOLDING LTD,16889566,active,ltd,,,2025-12-03,,2025-12-03,[62012, 64201, 64203, 64306],71-75 Shelton Street Convent Garden WC2H 9JQ
PALE LTD,16923728,active,ltd,,,2025-12-20,,2025-12-20,[62020, 71111, 71122],5th Floor, 167-169 Great Portland Street Great Portland Street London England W1W 5PF
SOTEIRA CONSULTING LTD,16904915,active,ltd,,,2025-12-11,,2025-12-11,[71122],167-169 Great Portland Street London England W1W 5PF
WAY PROPERTY MAINTENANCE LTD,16914024,active,ltd,,,2025-12-16,,2025-12-16,[41202],Unit 36 City Business Centre London England SE16 2XB
MERET CHOCOLATE LTD,16916621,active,ltd,,,2025-12-17,,2025-12-17,[10821, 46360, 56102],20 Wenlock Road London England N1 7GU
DE LORENA LTD,16924507,active,ltd,,,2025-12-21,,2025-12-21,[47710],Suite 60 95 Mortimer Street London England W1W 7GB
SORPRESO LTD,16897273,active,ltd,,,2025-12-08,,2025-12-08,[46180, 46370, 46900, 47910],16 Brent Road London England E16 1PF
VORTRIX LABS LIMITED,16928024,active,ltd,,,2025-12-23,,2025-12-23,[58290, 62012, 62020, 63110],124 City Road London England EC1V 2NX
ELEVATINGWELLBEING LTD,16918943,active,ltd,,,2025-12-18,,2025-12-18,[47910],Flat 9 7a Delhi Street London England N1 0AJ
EDDY FLORAL LONDON LTD,16894210,active,ltd,,,2025-12-05,,2025-12-05,[47760, 90030],Vintage House London England SE1 7TL
YUTAKA HOME LTD,16901349,active,ltd,,,2025-12-10,,2025-12-10,[49420, 81210],63 Tansy House 23 Forest Road London United Kingdom E17 6HW
PULSEPLAY ENTERTAINMENT LTD,16928057,active,ltd,,,2025-12-23,,2025-12-23,[47910, 58210, 62090, 63120],167-169 Great Portland Street London England W1W 5PF
MICHEAL PEARSONS LTD,16933891,active,ltd,,,2025-12-29,,2025-12-29,[43220],71-75 Shelton Street London United Kingdom WC2H 9JQ
STUDIO NEXTUP LTD,16897974,active,ltd,,,2025-12-08,,2025-12-08,[59112, 60100, 90020],5 Culand House London England SE17 1ST
DOMUSIQ MGA (UK) LTD,16922295,active,ltd,,,2025-12-19,,2025-12-19,[66290],3rd Floor 86 - 90 Paul Street London England EC2A 4NE
SYLLESSTAD LIMITED,16883132,active,ltd,,,2025-12-01,,2025-12-01,[99999],27 Old Gloucester Street London United Kingdom WC1N 3AX
ANDREAS HENNIG ARBORIST LIMITED,16926794,active,ltd,,,2025-12-22,,2025-12-22,[99999],27 Old Gloucester Street London United Kingdom WC1N 3AX
XSKINOLOGY CLINIC INVEST LIMITED,16896106,active,ltd,,,2025-12-08,,2025-12-08,[99999],27 Old Gloucester Street London United Kingdom WC1N 3AX
DELIVER LONDON LTD,16935058,active,ltd,,,2025-12-30,,2025-12-30,[81210],261 Holmesdale Road South Norwood London England SE25 6PR
IKSHITAA AMIN GLOBAL LTD,16919501,active,ltd,,,2025-12-18,,2025-12-18,[70210, 70229, 73110, 82990],14/2e Docklands Business Centre 10-16 Tiller Road London United Kingdom E14 8PX
BOYES TRANSPORTATION SERVICES LTD,16933929,active,ltd,,,2025-12-29,,2025-12-29,[52290],261 Holmesdale Road South Norwood London England SE25 6PR
SASK LTD,16933761,active,ltd,,,2025-12-29,,2025-12-29,[68100, 68209],338a Regents Park Road London United Kingdom N3 2LN
DOMUSIQ RISK SERVICES LIMITED,16921391,active,ltd,,,2025-12-19,,2025-12-19,[64205],3rd Floor 86 - 90 Paul Street London England EC2A 4NE
DYNAMIC TRAVEL LONDON LTD,16891279,active,ltd,,,2025-12-04,,2025-12-04,[49320],3 Discovery House London England E14 0HA
THE WHITE VANDA LTD,16907148,active,ltd,,,2025-12-12,,2025-12-12,[46499, 47910],124 City Road, London City Road London England EC1V 2NX
NEXTCHAPTER SERVICES LIMITED,16933961,active,ltd,,,2025-12-29,,2025-12-29,[87900],167-169 Great Portland Street London United Kingdom W1W 5PF
SAGI ACADEMY LIMITED,16921727,active,ltd,,,2025-12-19,,2025-12-19,[85590],Office 16114 182-184 High Street North London United Kingdom E6 2JA
SWAIN DIGITAL LTD,16886922,active,ltd,,,2025-12-02,,2025-12-02,[62012, 62090, 63120, 70229],124 City Road London England EC1V 2NX
SNAPTOP LTD,16935504,active,ltd,,,2025-12-30,,2025-12-30,[47890, 47910, 47990],Suite Ra01 195-197 Wood Street London United Kingdom E17 3NU
SETARA ESTATES LIMITED,16920895,active,ltd,,,2025-12-18,,2025-12-18,[68100, 68209],71-75 Shelton Street London United Kingdom WC2H 9JQ
FAIRFLOW FINANCE LIMITED,16935635,active,ltd,,,2025-12-30,,2025-12-30,[62012],124 City Road London England EC1V 2NX
LILAHUB UK LTD,16883044,active,ltd,,,2025-12-01,,2025-12-01,[82990],66 Paul Street London England EC2A 4NA
MINI MILES LIMITED,16929404,active,ltd,,,2025-12-23,,2025-12-23,[49390, 53202],Suite 203 Crown House London England NW10 7PN
PORTLAND PROPCO 2 LTD,16920839,active,ltd,,,2025-12-18,,2025-12-18,[82990],Broadwalk House 5 Appold Street London England EC2A 2DA
VANTAGEONE PROPERTY SERVICES LTD,16935435,active,ltd,,,2025-12-30,,2025-12-30,[81100, 81210, 81221, 81229],71- 75 Shelton Street  London 71-75 Shelton Street London United Kingdom WC2H 9JQ
PIVOT CORPORATION LTD,16910778,active,ltd,,,2025-12-15,,2025-12-15,[47990],167-169 Great Portland Street London W1W 5PF
DISTANTSKY LTD,16894742,active,ltd,,,2025-12-07,,2025-12-07,[26400, 72190, 74909],3rd Floor, Great Titchfield House London United Kingdom W1W 8BD
TEXM LTD,16902148,active,ltd,,,2025-12-10,,2025-12-10,[47910],Unit 501 Leroy House London United Kingdom N1 3FY
YCHAT SOCIAL LTD,16935928,active,ltd,,,2025-12-30,,2025-12-30,[73110, 73120],Office 16429 182-184 High Street North London United Kingdom E6 2JA
SNF SOLUTIONS LTD,16905291,active,ltd,,,2025-12-11,,2025-12-11,[43999],C/O Cwa Lockkeepers Cottage Waltham Abbey United Kingdom EN9 1FJ
OURHOUSE SANDRO'S LIMITED,16894072,active,ltd,,,2025-12-05,,2025-12-05,[96090],101 New Cavendish Street London United Kingdom W1W 6XH
TT OPCO LIMITED,16926706,active,ltd,,,2025-12-22,,2025-12-22,[59200],5a Bear Lane London England SE1 0UH
FLUXY DEAL LTD,16900034,active,ltd,,,2025-12-09,,2025-12-09,[47910, 47990],Office 16090 182-184 High Street North London United Kingdom E6 2JA
ELVA PBSA HOLDINGS LIMITED,16920482,active,ltd,,,2025-12-18,,2025-12-18,[68100],27 Old Gloucester Street London England WC1N 3AX
LYNTAN HEALTHCARE SERVICES LTD,16933316,active,ltd,,,2025-12-29,,2025-12-29,[78200, 86900],3rd Floor, 86-90 Paul Street London England EC2A 4NE
2 CROMWELL GROVE FREEHOLD MANAGEMENT LTD,16936419,active,ltd,,,2025-12-30,,2025-12-30,[98000],2 Cromwell Grove London United Kingdom W6 7RG
SQUADCOMPETIX LTD,16925127,active,ltd,,,2025-12-22,,2025-12-22,[47910, 63120, 93290],128 City Road London United Kingdom EC1V 2NX
WILSON LEGAL SERVICES LIMITED,16936761,active,ltd,,,2025-12-30,,2025-12-30,[69102],Flat 42 Osprey Court London England E1W 1AG
KORD OS LTD,16927109,active,ltd,,,2025-12-22,,2025-12-22,[62090],853-859 Salisbury House 29 Finsbury Circus London England EC2M 5QQ
LOVE CROWD GROUP LIMITED,16892476,active,ltd,,,2025-12-05,,2025-12-05,[62012, 70100, 77400],20 Wenlock Road London England N1 7GU
GLITCHTEC LTD,16918739,active,ltd,,,2025-12-18,,2025-12-18,[47430, 47540, 47910],71-75 Shelton Street London United Kingdom WC2H 9JQ
ICARUS TECH TRADING CO., LTD,16920197,active,ltd,,,2025-12-18,,2025-12-18,[47910],#3318 5 Brayford Square London United Kingdom E1 0SG
DENTIPARTNERS LIMITED,16925137,active,ltd,,,2025-12-22,,2025-12-22,[78300],Suite 53c Unimix House London England NW10 7TR
FUTURE WELLNESS GROUP LIMITED,16915488,active,ltd,,,2025-12-16,,2025-12-16,[70229, 85590],124 City Road London England EC1V 2NX
DJF-CONSULT LTD,16931154,active,ltd,,,2025-12-24,,2025-12-24,[70229],5 Brayford Square London United Kingdom E1 0SG
SW CAMEL COFFEE SHOP LIMITED,16911355,active,ltd,,,2025-12-15,,2025-12-15,[10832],302 Streatham High Road London England SW16 6HG
ASYA STUDIOS LIMITED,16933105,active,ltd,,,2025-12-29,,2025-12-29,[47910],167-169 Great Portland Street London England W1W 5PF
DUSOLEIL PROPERTY SPV LIMITED,16901665,active,ltd,,,2025-12-10,,2025-12-10,[68100, 68201, 68209, 68320],C/O Mackrell Llp London United Kingdom EC4A 3BA
G1 SECURITY LTD,16933763,active,ltd,,,2025-12-29,,2025-12-29,[25720, 47789],71-75 Shelton Street Shelton Street London England WC2H 9JQ
REAL NIRMAN LTD,16905352,active,ltd,,,2025-12-11,,2025-12-11,[62090],167-169 Great Portland Street London United Kingdom W1W 5PF
CHP SOFTWARE AND CONSULTING LIMITED,16904373,active,ltd,,,2025-12-11,,2025-12-11,[99999],Moor Place London England EC2Y 9DT
ELEVATE PRESENCE LTD,16886571,active,ltd,,,2025-12-02,,2025-12-02,[96090],167-169 Great Portland Street London England W1W 5PF
BEORA LTD,16923190,active,ltd,,,2025-12-19,,2025-12-19,[47910],124 City Road London England EC1V 2NX
JAREN TRADING ACQUIRE LTD,16889511,active,ltd,,,2025-12-03,,2025-12-03,[68100, 68209],5 Stoke Newington Road London England N16 8BH
IAIE LTD,16930988,active,ltd,,,2025-12-24,,2025-12-24,[85590, 85600],167-169 Great Portland Street London England W1W 5PF
LONDON GENDER AFFIRMING CLINIC LTD,16932974,active,ltd,,,2025-12-29,,2025-12-29,[82990],167-169 Great Portland Street London England W1W 5PF
CAPITAL GROWTH LTD,16912541,active,ltd,,,2025-12-15,,2025-12-15,[68100, 68201, 68209, 68320],10 Maybury Road London England E13 8RZ
LONDON CLEAN SERVICES LIMITED,16929731,active,ltd,,,2025-12-23,,2025-12-23,[81210],Suite Ra01 Wood Street London England E17 3NU
BLUEMARK ESTATES LIMITED,16932307,active,ltd,,,2025-12-27,,2025-12-27,[68310],167-169 Great Portland Street London England W1W 5PF
HYDRATECH SOLUTIONS LTD,16910453,active,ltd,,,2025-12-15,,2025-12-15,[42910],86-90 Paul Street London England EC2A 4NE
UNITY PROPERTY CAPITAL LTD,16937955,active,ltd,,,2025-12-31,,2025-12-31,[64209],124-128 City Road London England EC1V 2NX
ORIVENTA1 LTD,16917637,active,ltd,,,2025-12-17,,2025-12-17,[64209, 70229, 78300],71-75 Shelton Street Covent Garden United Kingdom WC2H 9JQ
TRY ME LONDON LTD,16930251,active,ltd,,,2025-12-24,,2025-12-24,[47429, 62090],177 Plashet Road London England E13 0QZ
LOTUS ACCOUNTS LTD,16933387,active,ltd,,,2025-12-29,,2025-12-29,[62012, 62020, 69201],3rd Floor Suite London England W1B 3HH
CAPFORM LIMITED,16896002,active,ltd,,,2025-12-08,,2025-12-08,[64303],86-90 Paul Street London England EC2A 4NE
PUREXA PEPTIDES LIMITED,16931848,active,ltd,,,2025-12-26,,2025-12-26,[72110],124 City Road London England EC1V 2NX
QUINTESSSENCE ANTIQUES UK LIMITED,16912506,active,ltd,,,2025-12-15,,2025-12-15,[52103],159 Bonchurch Road London United Kingdom W10 5NN
CARGOKNIGHT LTD,16882558,active,ltd,,,2025-12-01,,2025-12-01,[49410],Suite G04 1 Quality Court, Chancery Lane London England WC2A 1HR
JOSEPH & CO CLOTHING LTD,16932012,active,ltd,,,2025-12-26,,2025-12-26,[47710],128 City Road London England EC1V 2NX
AURUM BET TECHNOLOGIES LTD,16936217,active,ltd,,,2025-12-30,,2025-12-30,[92000],71-75 Shelton Street London England WC2H 9JQ
RAPIDBUILD PROJECTS LTD,16883282,active,ltd,,,2025-12-01,,2025-12-01,[41100, 43390],123 Offord Road 123 Offord Road London England N1 1PQ
HOTELAI TECH LTD,16933053,active,ltd,,,2025-12-29,,2025-12-29,[62012, 62020],Office 16377 182-184 High Street North London United Kingdom E6 2JA
CORE INTELLIGENCE LTD,16931499,active,ltd,,,2025-12-24,,2025-12-24,[62020, 62090, 70229],Office 204 10 Courtenay Road Wembley HA9 7ND
AQUAVEST LIMITED,16922092,active,ltd,,,2025-12-19,,2025-12-19,[64209],Winchester House London United Kingdom NW1 5RA
STORE BY ASFAHAN LTD,16936231,active,ltd,,,2025-12-30,,2025-12-30,[47910, 47990],92a Palmerston Road London England E17 6PZ
PADELMATE LTD,16935166,active,ltd,,,2025-12-30,,2025-12-30,[47910],5 Brayford Square London United Kingdom E1 0SG
SEVENTEEN FLEET LTD,16894120,active,ltd,,,2025-12-05,,2025-12-05,[45112, 77110],71-75 Shelton Street London United Kingdom WC2H 9JQ
LOOPY YUMMY LTD,16935582,active,ltd,,,2025-12-30,,2025-12-30,[47240],418a Brixton Road London England SW9 7AY
CRYSTALLIZE LTD,16898058,active,ltd,,,2025-12-08,,2025-12-08,[98000],124 City Road London England EC1V 2NX
ARAMCO DOWNSTREAM UNITED KINGDOM LTD.,16912090,active,ltd,,,2025-12-15,,2025-12-15,[64209],10 Portman Square London United Kingdom W1H 6AZ
AZERA TECHNOLOGIES LTD,16912821,active,ltd,,,2025-12-15,,2025-12-15,[62090, 70210, 73110, 73120],71-75 Shelton Street London England WC2H 9JQ
ANT ELECTRICAL LONDON LTD,16934442,active,ltd,,,2025-12-29,,2025-12-29,[43210],167-169 Great Portland Street London England W1W 5PF
NASTA GHOR LTD,16931507,active,ltd,,,2025-12-24,,2025-12-24,[56103],49 St. Georges Square London England E7 8HN
ROSIAM PROPERTIES LIMITED,16935233,active,ltd,,,2025-12-30,,2025-12-30,[68209],124 City Road London England EC1V 2NX
HIDAYA LTD,16927491,active,ltd,,,2025-12-22,,2025-12-22,[78300],Unit A 130, 4-6, Greatorex Street, London, England London England E1 5NF
NT BRAND LTD,16933678,active,ltd,,,2025-12-29,,2025-12-29,[96020],70 Herbert Road London England SE18 3SH
NORMAN HAULAGE LTD,16929163,active,ltd,,,2025-12-23,,2025-12-23,[49410],Flat 42, 10, Corn House Marshgate Lane London United Kingdom E15 2EU
LYRA LIGHTING LTD,16884805,active,ltd,,,2025-12-01,,2025-12-01,[47599, 47910],162 Adamsrill Road London England SE26 4AX
URBAN RELOCATIONS LTD,16935807,active,ltd,,,2025-12-30,,2025-12-30,[55209, 55900, 68209, 68320],Suite Ra01 195-197 Wood Street London United Kingdom E17 3NU
ALL FLYING SERVICES LIMITED,16916258,active,ltd,,,2025-12-17,,2025-12-17,[81222],8th Floor 1 Southampton Street London United Kingdom WC2R 0LR
BMV CHELTENHAM LTD,16920511,active,ltd,,,2025-12-18,,2025-12-18,[56101],71-75 Shelton Street London United Kingdom WC2H 9JQ
KNOTT HAIR LTD,16895154,active,ltd,,,2025-12-07,,2025-12-07,[47910],167-169 Great Portland Street, 5th Floor 167-169 Great Portland Street London England W1W 5PF
AJRT PROPERTY LTD,16937577,active,ltd,,,2025-12-31,,2025-12-31,[68100, 68209, 68310],71-75 Shelton Street London United Kingdom WC2H 9JQ
KECH LEGAL LTD,16894678,active,ltd,,,2025-12-06,,2025-12-06,[69102, 69109],5th Floor Great Portland Street London England W1W 5PF
NSCALE LIMITED,16925886,active,ltd,,,2025-12-22,,2025-12-22,[64209],Level 5, 16 New Burlington Place London England W1S 2HX
THRIFT, PRINT & SHABBY LTD,16925719,active,ltd,,,2025-12-22,,2025-12-22,[47910, 56103, 74100, 95240],71-75 Shelton Street London United Kingdom WC2H 9JQ
CLICKLINE COMMERCE LTD,16916934,active,ltd,,,2025-12-17,,2025-12-17,[45112],128 City Road London United Kingdom EC1V 2NX
WANDERERS INTERNATIONAL LIMITED,16916530,active,ltd,,,2025-12-17,,2025-12-17,[68320],5 Brayford Square London England E1 0SG
X6RR LTD,16910776,active,ltd,,,2025-12-15,,2025-12-15,[58290],71-75 Shelton Street London United Kingdom WC2H 9JQ
HOFMAX SOLUTIONS LIMITED,16919266,active,ltd,,,2025-12-18,,2025-12-18,[47410, 47910, 58290],Office Suite 29a, 3/F 23 Wharf Street London SE8 3GG
SCHOOL OF PAW LIMITED,16911411,active,ltd,,,2025-12-15,,2025-12-15,[96090],30 Nero House 12 Anthems Way London England E20 1DD
PRINTLAB STUDIOPT LTD,16915225,active,ltd,,,2025-12-16,,2025-12-16,[18121, 18129, 74202],75 Kendal Road London England NW10 1JE
STRONG PERFORMANCE GROUP LIMITED,16915487,active,ltd,,,2025-12-16,,2025-12-16,[70229],124 City Rd London United Kingdom EC1V 2NX
NOVA CLEANING SOLUTIONS LTD,16923861,active,ltd,,,2025-12-20,,2025-12-20,[81210, 81229, 81299],71-75 Shelton Street London United Kingdom WC2H 9JQ
SUPPORTIQ LIMITED,16890305,active,ltd,,,2025-12-04,,2025-12-04,[62020],71-75 Shelton Street London United Kingdom WC2H 9JQ
NRK AUTOMOTIVE LTD,16922001,active,ltd,,,2025-12-19,,2025-12-19,[45200],66 Paul Street London England EC2A 4NA
PUFFY NOTTING HILL LTD,16891162,active,ltd,,,2025-12-04,,2025-12-04,[56101],45a Old Compton Street London England W1D 6HH
EGYGREAT LTD,16910174,active,ltd,,,2025-12-15,,2025-12-15,[47190, 47910],60 Tottenham Court Road, Suite 6976a London United Kingdom W1T 2EW
HOUSE OF ORA LTD,16935852,active,ltd,,,2025-12-30,,2025-12-30,[56301, 56302, 90010, 90020],90 Brixton Hill London England SW2 1QN
WORLD SUPREME AUTHORITY FOR CULINARY ARBITRATION LTD,16896300,active,ltd,,,2025-12-08,,2025-12-08,[70229, 74909, 82302, 85590],60 Tottenham Court Road, Suite 6964a London United Kingdom W1T 2EW
OCU UK LIMITED,16918090,active,ltd,,,2025-12-17,,2025-12-17,[70100],84 Grosvenor Street London England W1K 3JZ
STEFAN DUMITRESCU LTD,16935650,active,ltd,,,2025-12-30,,2025-12-30,[49410],71-75 Shelton Street London United Kingdom WC2H 9JQ
INFRON SYSTEMS LTD,16895744,active,ltd,,,2025-12-08,,2025-12-08,[43210, 62030],167-169 Great Portland Street London England W1W 5PF
ELEVATE HOSPITALITY SOLUTIONS LTD,16932335,active,ltd,,,2025-12-27,,2025-12-27,[46900],10 Holmdene 32 Holden Road Holden Road London England N12 8HU
ELITE PLAYER ONE LTD,16932453,active,ltd,,,2025-12-28,,2025-12-28,[70229, 73110, 74909, 85590],71-75 Shelton Street London United Kingdom WC2H 9JQ
FRAGMENTORY LTD,16892949,active,ltd,,,2025-12-05,,2025-12-05,[58190, 62090, 74909, 82190],124 City Road London EC1V 2NX
ESSA VENTURES LTD,16884240,active,ltd,,,2025-12-01,,2025-12-01,[68100, 68209, 68320, 70229],Office 204 10 Courtenay Road Wembley HA9 7ND
MAK GROUP RESTAURANTS LIMITED,16896414,active,ltd,,,2025-12-08,,2025-12-08,[56102],The Accounting Centre Limited First Floor 736 High Road London United Kingdom N12 9QD
AMJAD MOTORS IMPORTS LTD,16932208,active,ltd,,,2025-12-27,,2025-12-27,[45112, 45190],55 Pollards Hill South London United Kingdom SW16 4LR
SAB HEALTH LTD,16896699,active,ltd,,,2025-12-08,,2025-12-08,[46450, 46460, 47750, 62012],27 Old Gloucester Street London WC1N 3AX
WISEBUSINESS IT LTD,16933115,active,ltd,,,2025-12-29,,2025-12-29,[62020, 70229, 73110, 73120],60 Tottenham Court Road, Suite 7039a London United Kingdom W1T 2EW
LOKATE PROPERTIES LIMITED,16928180,active,ltd,,,2025-12-23,,2025-12-23,[62090, 68310],60 Tottenham Court Road Suite 7002a London United Kingdom W1T 2EW
HONEYCOMB FAMILIES LTD,16906762,active,ltd,,,2025-12-12,,2025-12-12,[88990],60 Tottenham Court Road Suite 6970a London United Kingdom W1T 2EW
FERIMUS BUSINESS SERVICES LIMITED,16928804,active,ltd,,,2025-12-23,,2025-12-23,[70221, 70229],60 Tottenham Court Road Suite 7036a London United Kingdom W1T 2EW
FAMOUS ORIGINAL # 8 LIMITED,16929551,active,ltd,,,2025-12-23,,2025-12-23,[56101],3 Northwold Road London United Kingdom N16 7HL
FOURDEEZ LTD,16937948,active,ltd,,,2025-12-31,,2025-12-31,[73110],36 London Avenue Portsmouth England PO2 9BU
ROLEDROP LTD,16884977,active,ltd,,,2025-12-01,,2025-12-01,[62012],60 Tottenham Court Road, Suite 7026a London United Kingdom W1T 2EW
DOUBLE CLICK SCRAP TRADING LTD,16892541,active,ltd,,,2025-12-05,,2025-12-05,[46720, 46770],60 Tottenham Court Road, Suite 6871a London United Kingdom W1T 2EW
KGP-LA LIMITED,16907852,active,ltd,,,2025-12-12,,2025-12-12,[72190, 77400],128 City Road London United Kingdom EC1V 2NX
BNE ESTATES LIMITED,16936771,active,ltd,,,2025-12-31,,2025-12-31,[68100, 68209],12 Portland Avenue London England N16 6ET
RIVERLIGHT COMMERCIAL FINANCE LIMITED,16905996,active,ltd,,,2025-12-12,,2025-12-12,[64999],C/O Kkvms Llp London England SE1 8EG
FIRST EXTENSIONS GROUP LTD,16902484,active,ltd,,,2025-12-10,,2025-12-10,[41202],55 Princes Gate London England SW7 2PN
BYALAT KARAK LTD,16900004,active,ltd,,,2025-12-09,,2025-12-09,[56101],31 North Row London England W1K 6DE
POW HIGHGATE LTD,16906966,active,ltd,,,2025-12-12,,2025-12-12,[56302],71-75 Shelton Street London United Kingdom WC2H 9JQ
VICTORIA LANES LIMITED,16918682,active,ltd,,,2025-12-18,,2025-12-18,[68100],Fiboard House London England N20 9AB
ROUND4POUND LTD,16923102,active,ltd,,,2025-12-19,,2025-12-19,[92000],128 City Road London England EC1V 2NX
TRADEORY LIMITED,16933622,active,ltd,,,2025-12-29,,2025-12-29,[46900],Siu Offices London E1 5NF
MCKENZIE JONES INTERNATIONAL LTD,16896966,active,ltd,,,2025-12-08,,2025-12-08,[70229, 80100],45 Albemarle Street London England W1S 4JL
AGSHRAN TECH LTD,16905443,active,ltd,,,2025-12-11,,2025-12-11,[62012, 62020, 62030, 62090],55 Vyner Road Vyner Road London England W3 7LZ
AYES CONSULTING UK LTD,16929996,active,ltd,,,2025-12-23,,2025-12-23,[70229, 71122],44 Southampton Buildings London United Kingdom WC2A 1AP
WONGWONG LTD,16933259,active,ltd,,,2025-12-29,,2025-12-29,[56290],128 City Road London United Kingdom EC1V 2NX
ASH NETWORK SERVICES LTD,16931540,active,ltd,,,2025-12-24,,2025-12-24,[49410],C/O Eliteedge Accountants, Office G33, Westlink House London United Kingdom TW8 9DN
GF LUMYNA PD QAHC LIMITED,16910946,active,ltd,,,2025-12-15,,2025-12-15,[64205],4th Floor 3 More London Riverside London United Kingdom SE1 2AQ
MESKDAR LTD,16929619,active,ltd,,,2025-12-23,,2025-12-23,[66190, 68209, 68310, 73110],167-169 Great Portland Street London United Kingdom W1W 5PF
TOP STYLE LIMITED,16882697,active,ltd,,,2025-12-01,,2025-12-01,[96020],68 High Street London England W3 6LE
AL SAFA PROPERTY SERVICES LTD,16903324,active,ltd,,,2025-12-10,,2025-12-10,[68100, 68209],24 Vallance Road London England E1 5HR
BLUEFARE CORPORATION LIMITED,16918957,active,ltd,,,2025-12-18,,2025-12-18,[96090],Clifford Reeves Estates, 6 Beaufort Court London England E14 9XL
MASA CONSTRUCTION LTD,16887844,active,ltd,,,2025-12-03,,2025-12-03,[41201],34 Aberdeen Road London England NW10 1LT
NEW SPARK ENTERPRISES LTD,16913933,active,ltd,,,2025-12-16,,2025-12-16,[32409],124 City Road London England EC1V 2NX
NKHAN TEXTILES LTD,16909349,active,ltd,,,2025-12-14,,2025-12-14,[46420, 47710, 47820],229a Plashet Road London England E13 0QU
WBS DORMANT LIMITED,16926417,active,ltd,,,2025-12-22,,2025-12-22,[64209],C/O Epiris Llp Forum St Pauls London United Kingdom EC2V 8AS
MANI CONSULTANCY LTD,16915332,active,ltd,,,2025-12-16,,2025-12-16,[74100],Flat 26 Meads Court London England E15 4LB
LAWRENCE WREN LTD,16914001,active,ltd,,,2025-12-16,,2025-12-16,[46170, 46330, 46370, 46390],292663, Office Suite 29a, 3/F 23 Wharf Street London England SE8 3GG
PANAGIOTIDOU MEDLEG LTD,16904447,active,ltd,,,2025-12-11,,2025-12-11,[86220],Lynton House London England WC1H 9BQ
NEXT LEVEL PPF LIMITED,16899758,active,ltd,,,2025-12-09,,2025-12-09,[45200],71-75 Shelton Street London United Kingdom WC2H 9JQ
THE FACESMITH LTD,16933980,active,ltd,,,2025-12-29,,2025-12-29,[96020],24 Aigburth Mansions Mowll Street London England SW9 0EP
NO WORRIES DATA SOLUTIONS LTD,16898550,active,ltd,,,2025-12-09,,2025-12-09,[62020, 63110],Suite Ra01 195-197 Wood Street London England E17 3NU
GOODMAN GREEN LIMITED,16937847,active,ltd,,,2025-12-31,,2025-12-31,[69203, 70229],38 Ratcliff Road London England E7 8DD
LONDON SKATE SCHOOL LTD,16899160,active,ltd,,,2025-12-09,,2025-12-09,[85510],124 City Road London England EC1V 2NX
BENEI ISRAEL LTD,16927285,active,ltd,,,2025-12-22,,2025-12-22,[94910],71-75 Shelton Street London United Kingdom WC2H 9JQ
QMS TECHNOLOGY LTD,16928590,active,ltd,,,2025-12-23,,2025-12-23,[62012, 70229, 71122],71-75 Shelton Street London United Kingdom WC2H 9JQ
FNLR EUROPEAN ASSET HOLDINGS LTD,16904335,active,ltd,,,2025-12-11,,2025-12-11,[64209],25 Baker Street London England W1U 8EQ
INNATE STAYS LIMITED,16920915,active,ltd,,,2025-12-18,,2025-12-18,[55209, 68209, 68320],71-75 Shelton Street London United Kingdom WC2H 9JQ
KACE FINANCIAL LIMITED,16883968,active,ltd,,,2025-12-01,,2025-12-01,[58290, 62020, 62090],Level 12c, Tower 42 25 Old Broad Street London England EC2N 1HQ
SOUSA STUDIOS LTD,16902221,active,ltd,,,2025-12-10,,2025-12-10,[74100],6 Dunraven Road London England W12 7QY
GOLDWELL HOLDINGS LTD,16931466,active,ltd,,,2025-12-24,,2025-12-24,[68209],32 Leadale Road London England N16 6DA
INFYNIX SOLUTIONS LTD,16921439,active,ltd,,,2025-12-19,,2025-12-19,[62020, 62090, 96090],39 Becontree Avenue Dagenham RM8 2UH
TECHTIN IT SOLUTIONS LTD,16903920,active,ltd,,,2025-12-11,,2025-12-11,[62020, 62090],380 Holloway Road London England N7 6PN
NH CONSULTING SOLUTIONS LTD,16934047,active,ltd,,,2025-12-29,,2025-12-29,[70229, 82990],317 Commercial Road London England E1 2PS
SIGNAL RATE LIMITED,16897134,active,ltd,,,2025-12-08,,2025-12-08,[62020],71-75 Shelton Street London United Kingdom WC2H 9JQ
CUSTOMINK LTD,16914128,active,ltd,,,2025-12-16,,2025-12-16,[47910, 47990],Siu Office Unit A1445, 4-6 Greatorex Street London United Kingdom E1 5NF
SANDERSON PROCUREMENT SERVICES LIMITED,16929124,active,ltd,,,2025-12-23,,2025-12-23,[70229],124 City Road London England EC1V 2NX
CYF IMPACT LTD,16888001,active,ltd,,,2025-12-03,,2025-12-03,[58290, 62012, 74901],20-22 Wenlock Road London England N1 7GU
AFM 2005 LTD,16915060,active,ltd,,,2025-12-16,,2025-12-16,[41201, 43390],4 Wakelin Road London England E15 3BH
CHOICE AUDIO AD TOOLS LIMITED,16896873,active,ltd,,,2025-12-08,,2025-12-08,[63120],128 City Road London England EC1V 2NX
LIMEWICK LTD,16934425,active,ltd,,,2025-12-29,,2025-12-29,[47789],167-169 Great Portland Street London England W1W 5PF
RECURSIVE SUPERINTELLIGENCE LTD.,16937077,active,ltd,,,2025-12-31,,2025-12-31,[72190],Recursive, Myo King's Cross The Printworks And Glass House London United Kingdom N1 9FN
SUGARLOAF TGIF OPERATIONS LIMITED,16933283,active,ltd,,,2025-12-29,,2025-12-29,[56101],1 Blossom Yard London United Kingdom E1 6RS
FINERTIA LTD,16889880,active,ltd,,,2025-12-03,,2025-12-03,[62090, 63110, 70229],61 First Avenue London England SW14 8SP
NK ESTATE & MANAGEMENT LTD,16931728,active,ltd,,,2025-12-25,,2025-12-25,[43290, 43999],Suite Ra01 195-197 Wood Street London England E17 3NU
SUGARLOAF UK MANAGEMENT LIMITED,16931056,active,ltd,,,2025-12-24,,2025-12-24,[82990],1 Blossom Yard London United Kingdom E1 6RS
JUNKFIT LTD,16897076,active,ltd,,,2025-12-08,,2025-12-08,[10850, 56103, 56290],71-75 Shelton Street London United Kingdom WC2H 9JQ
EXPERT TAILOR LIMITED,16925961,active,ltd,,,2025-12-22,,2025-12-22,[96090],189 Wardour Street London England W1F 8ZD
RAYLIFFE LTD,16932435,active,ltd,,,2025-12-28,,2025-12-28,[62020, 69201],167-169 167-169 Great Portland Street London United Kingdom W1W 5PF
IRREGULAR SYSTEMS LTD,16891192,active,ltd,,,2025-12-04,,2025-12-04,[74100],71-75 Shelton Street London England WC2H 9JQ
DIAMOND SMILE WHITENING STUDIO LIMITED,16936332,active,ltd,,,2025-12-30,,2025-12-30,[86230, 86900],162 Finchley Road London England NW3 5HE
STEEL WORLDWIDE LTD,16917205,active,ltd,,,2025-12-17,,2025-12-17,[46720],276 Chase Road Suite 7-0046 Lonsto House London United Kingdom N14 6HA
DAB LABS LTD,16895678,active,ltd,,,2025-12-08,,2025-12-08,[62020],71-75 Shelton Street London United Kingdom WC2H 9JQ
NIMBUS ARC TECHNOLOGIES LTD,16928907,active,ltd,,,2025-12-23,,2025-12-23,[47910, 58210, 62090, 63120],Dept 6856 126 East Ferry Road London United Kingdom E14 9FP
INTELLIGENT DRAINAGE SOLUTIONS GROUP LTD,16921442,active,ltd,,,2025-12-19,,2025-12-19,[64209],Unit 3 London Road Business Park Retford England DN22 6HG
CITED SOLUTIONS LTD,16912756,active,ltd,,,2025-12-15,,2025-12-15,[73110],71-75 Shelton Street London United Kingdom WC2H 9JQ
SAINTS VEHICLE SOLUTIONS LTD,16883342,active,ltd,,,2025-12-01,,2025-12-01,[45320, 77110],Unit 8a Rockware Business Centre London United Kingdom UB6 0AA
NILAH LTD,16924398,active,ltd,,,2025-12-21,,2025-12-21,[47910],66 Paul Street London England EC2A 4NA
BEAUTYBYD STUDIO LIMITED,16886833,active,ltd,,,2025-12-02,,2025-12-02,[96020, 96040, 96090],337 London Road Sheffield England S2 4NG
PLANET 71 LIMITED,16907848,active,ltd,,,2025-12-12,,2025-12-12,[68100],Unit A1-A3,A6 Brantwood Industrial Estate London England N17 0DX
AXIAL LTD,16935173,active,ltd,,,2025-12-30,,2025-12-30,[71111, 74100],3rd Floor, The News Building London United Kingdom SE1 9SG
SOLVE STACK UK LTD,16916531,active,ltd,,,2025-12-17,,2025-12-17,[47510, 47910],Flat 1103 Bale House, Conington Road London United Kingdom SE13 7GX
NOVAPRAXIS UK LTD,16903388,active,ltd,,,2025-12-11,,2025-12-11,[47750, 47910],Flat 1103 Bale House, Conington Road London United Kingdom SE13 7GX
RHINO INTELLIGENCE LTD,16932738,active,ltd,,,2025-12-29,,2025-12-29,[62020],71-75 Shelton Street London United Kingdom WC2H 9JQ
TX ASSET SOLUTIONS LTD,16896629,active,ltd,,,2025-12-08,,2025-12-08,[68310],4th Floor Charles House London England NW3 5JJ
KLYON HOLDINGS LTD,16913322,active,ltd,,,2025-12-16,,2025-12-16,[68100, 68209],167-169 Great Portland Street London England W1W 5PF
FLAME FISH GRILL LTD,16905166,active,ltd,,,2025-12-11,,2025-12-11,[56103],255 Edgware Road London England NW9 6LU
RUNPACE. LTD,16886097,active,ltd,,,2025-12-02,,2025-12-02,[46420],45 William Street King William Street London England EC4R 9AN
SYNCRASY LTD,16886844,active,ltd,,,2025-12-02,,2025-12-02,[62090],Syncrasy Ltd 35 Berkeley Square London England W1J 5BF
AMTD ASSETS (UK) LIMITED,16936872,active,ltd,,,2025-12-31,,2025-12-31,[68100, 68209],40 Furnival Street Holborn London England EC1N 2LE
GX CARS LTD,16933128,active,ltd,,,2025-12-29,,2025-12-29,[45200],5b Cullen Way London England NW10 6JZ
EDYTAPIOTROWSKALIFETRANSFORMINGCOACH LTD,16928205,active,ltd,,,2025-12-23,,2025-12-23,[96090],71-75 Shelton Street London United Kingdom WC2H 9JQ
VX MEDIA LONDON LTD,16896055,active,ltd,,,2025-12-08,,2025-12-08,[73110],12 Little Portland Street London England W1W 8BJ
JAMIE-MAREE SHIPTON LTD,16896005,active,ltd,,,2025-12-08,,2025-12-08,[74209, 90030],C/O Stella Bright Ltd The Old Church London England SW19 1EX
ARTIFEX PACKAGING LTD,16910177,active,ltd,,,2025-12-15,,2025-12-15,[47910],Office 18908 182-184 High Street North London United Kingdom E6 2JA
ELCY CONSULTING LTD,16936193,active,ltd,,,2025-12-30,,2025-12-30,[96090],71-75 Shelton Street London United Kingdom WC2H 9JQ
UAE PROPERTY LTD,16917885,active,ltd,,,2025-12-17,,2025-12-17,[68100, 68201, 68209],202 Arabella Drive London England SW15 5LQ
323B STANSTEAD ROAD LTD,16901317,active,ltd,,,2025-12-10,,2025-12-10,[68100, 68209],53a Tressillian Road London England SE4 1YA
STONE-DRAKE PROPERTY LTD,16882446,active,ltd,,,2025-12-01,,2025-12-01,[41100, 68100, 68209],125 Eglinton Hill London England SE18 3NT
NTK MAINTENANCE LTD,16904173,active,ltd,,,2025-12-11,,2025-12-11,[43390],26 Rostrevor Avenue London United Kingdom N15 6LP
HOWMUCH HOLDINGS LTD,16929511,active,ltd,,,2025-12-23,,2025-12-23,[63990],66 Paul Street London England EC2A 4NA
FIVE ROSES HOLDINGS LIMITED,16906297,active,ltd,,,2025-12-12,,2025-12-12,[64209],60 Mount Pleasant Road London England NW10 3EJ
EMC BUTCHER LTD,16892514,active,ltd,,,2025-12-05,,2025-12-05,[46320],8 Stacy Avenue London England N18 3PP
PROSHIELD COMPLIANCE LTD,16883833,active,ltd,,,2025-12-01,,2025-12-01,[43999],27 Old Gloucester Street London United Kingdom WC1N 3AX
AMAK BUSINESS SOLUTIONS LTD,16892276,active,ltd,,,2025-12-05,,2025-12-05,[70229, 82990],426 High Street North London England E12 6RH
SILVERLINE NEXUS LTD,16892464,active,ltd,,,2025-12-05,,2025-12-05,[47910, 47990],167-169 Great Portland Street London England W1W 5PF
CORPORATE LANE LTD,16892881,active,ltd,,,2025-12-05,,2025-12-05,[49320],84-86 (Unit 7) Roman Road London England E2 0PJ
DATMAYAGYAL KAR LTD,16892895,active,ltd,,,2025-12-05,,2025-12-05,[93130, 96040],167-169 Great Portland Street London England W1W 5PF
GEOSEER LTD,16892969,active,ltd,,,2025-12-05,,2025-12-05,[62020, 63110, 66210, 70229],Flat 32 Littleton House London England SW1V 3EP
ABELL MONEY LIMITED,16893063,active,ltd,,,2025-12-05,,2025-12-05,[82990],128 Cannon Workshops 3 Cannon Drive London England E14 4AS
SHEKINAH GLOBAL LTD,16893108,active,ltd,,,2025-12-05,,2025-12-05,[47910],182a Maple Road London England SE20 8JB
MANCMADE LTD,16893117,active,ltd,,,2025-12-05,,2025-12-05,[13990, 46160, 47820, 85590],3rd Floor, 86-90 Paul Street London United Kingdom EC2A 4NE
CENGIZ YASAR LTD,16893101,active,ltd,,,2025-12-05,,2025-12-05,[47910],Suite 10260 5 Brayford Square London United Kingdom E1 0SG
ARIS TRADERS LTD,16893164,active,ltd,,,2025-12-05,,2025-12-05,[70229],20 Parkway London England NW1 7AA
JOVARA LONDON LTD,16893167,active,ltd,,,2025-12-05,,2025-12-05,[32120, 47770],71-75 Shelton Street London United Kingdom WC2H 9JQ
REISON STAR LTD,16893163,active,ltd,,,2025-12-05,,2025-12-05,[46450],Office 16043 182-184 High Street North London United Kingdom E6 2JA
RLNTLS SYSTEMS LTD,16893156,active,ltd,,,2025-12-05,,2025-12-05,[62012],124-128 City Road London England EC1V 2NX
RUNDGTL LTD,16893234,active,ltd,,,2025-12-05,,2025-12-05,[74202],13 Woodside Park London England SE25 5DN
A2LV LTD,16893239,active,ltd,,,2025-12-05,,2025-12-05,[64209],20 Wenlock Road London England N1 7GU
KENTKIDNEYCLINIC UK LIMITED,16893243,active,ltd,,,2025-12-05,,2025-12-05,[68100, 86220],71-75 Shelton Street London United Kingdom WC2H 9JQ
ABM EUROTRADE LTD,16893228,active,ltd,,,2025-12-05,,2025-12-05,[46499, 47910],Office 16054 182-184 High Street North London United Kingdom E6 2JA
NEWVIRTUE PUBLISHING LTD,16893307,active,ltd,,,2025-12-05,,2025-12-05,[58110],85 Tooting High Street London England SW17 0SU
INFINITY OCEAN TECHNOLOGY LTD,16893305,active,ltd,,,2025-12-05,,2025-12-05,[62012, 62030, 63110],71-75 Shelton Street London United Kingdom WC2H 9JQ
GREEN STORE N4 LTD,16893311,active,ltd,,,2025-12-05,,2025-12-05,[47810],133 Blackstock Road London England N4 2JW
YENI CUKUROVA LIMITED,16893465,active,ltd,,,2025-12-05,,2025-12-05,[56101],73 Green Lanes London England N16 9BU
ADNOMS LTD,16893541,active,ltd,,,2025-12-05,,2025-12-05,[47910, 62090, 63120],Office 15642 182-184 High Street North London United Kingdom E6 2JA
HYNIS EDUCATION INTERNATION LTD,16893693,active,ltd,,,2025-12-05,,2025-12-05,[62012, 70229, 85590, 85600],71-75 Shelton Street London United Kingdom WC2H 9JQ
MILL LANDS ESTATES LTD,16893691,active,ltd,,,2025-12-05,,2025-12-05,[02100],71-75 Shelton Street London United Kingdom WC2H 9JQ
VERTECH SOLUTIONS LTD,16893766,active,ltd,,,2025-12-05,,2025-12-05,[62012],20 Wenlock Road London England N1 7GU
PHOENIX TREE ADVISORY LTD,16893734,active,ltd,,,2025-12-05,,2025-12-05,[66210],Flat 72, Ruskin Park House London United Kingdom SE5 8TH
AL GRANO TAPAS BAR LTD,16893739,active,ltd,,,2025-12-05,,2025-12-05,[56102],17 Chalton Street London England NW1 1JD
BRIGHTFORD COMMERCE LTD,16893840,active,ltd,,,2025-12-05,,2025-12-05,[47910, 47990],167-169 Great Portland Street London England W1W 5PF
DALA NASSER STUDIO LTD,16893830,active,ltd,,,2025-12-05,,2025-12-05,[90030],32 Woodstock Grove London England W12 8LE
ONE10 LONDON LIMITED,16894010,active,ltd,,,2025-12-05,,2025-12-05,[49410, 82990],340 West End Lane London England NW6 1LN
NOIRLUX LTD,16894059,active,ltd,,,2025-12-05,,2025-12-05,[96020],71 The Broadway London England NW7 3BU
ZERO CARBON POWER IP LTD,16894604,active,ltd,,,2025-12-06,,2025-12-06,[27110],Apartment 70 Garrett Mansions London England W2 1GN
TRACTSAFE LIMITED,16894676,active,ltd,,,2025-12-06,,2025-12-06,[62020, 62090],19 Roupell Street London England SE1 8SP
MYNDITUDE LTD,16894926,active,ltd,,,2025-12-07,,2025-12-07,[78300, 85590],Flat 33 Antrim Mansions London England NW3 4XU
RIZZEN CONSULTING LTD,16895106,active,ltd,,,2025-12-07,,2025-12-07,[62090, 70229],10 Florian Court 41 Hastings Road London England E16 1GH
GOODEST LIMITED,16895096,active,ltd,,,2025-12-07,,2025-12-07,[90030],Flat 7 28 Ensign Street London England E1 8BJ
VERY FUNCTIONAL HEART FOODS LTD,16895117,active,ltd,,,2025-12-07,,2025-12-07,[47910],3rd Floor, 86-90 Paul Street London England EC2A 4NE
THIRD-EYE CREATIONS LIMITED,16895298,active,ltd,,,2025-12-07,,2025-12-07,[64209],124-128 City Road London England EC1V 2NX
CLINIC LEAD SOLUTIONS LTD,16895351,active,ltd,,,2025-12-08,,2025-12-08,[82990],124-128 City Road London England EC1V 2NX
AIRIIA LTD,16895567,active,ltd,,,2025-12-08,,2025-12-08,[46900],86-90 Paul Street London England EC2A 4NE
RAILWAY.MANAGEMENT LTD,16895570,active,ltd,,,2025-12-08,,2025-12-08,[49100, 49200, 49311, 49319],71-75 Shelton Street London United Kingdom WC2H 9JQ
AV PRINT SOLUTIONS LTD,16895572,active,ltd,,,2025-12-08,,2025-12-08,[46510],20 Wenlock Road London England N1 7GU
HADARILA LTD,16895581,active,ltd,,,2025-12-08,,2025-12-08,[46420],20 Wenlock Road London United Kingdom N1 7GU
ON TRACK IT LIMITED,16895588,active,ltd,,,2025-12-08,,2025-12-08,[62020, 62090],128 City Road London United Kingdom EC1V 2NX
PORTLAND E.H. SHEPARD HOLDINGS LTD,16895583,active,ltd,,,2025-12-08,,2025-12-08,[58190],Heath House London England NW11 6TX
ELIPSIS HOLDINGS LTD,16895582,active,ltd,,,2025-12-08,,2025-12-08,[64205, 66120, 66300],71-75 Shelton Street London United Kingdom WC2H 9JQ
IH DESIGNS LIMITED,16895592,active,ltd,,,2025-12-08,,2025-12-08,[74100],71-75 Shelton Street London United Kingdom WC2H 9JQ
TRANQUIL LTD,16895589,active,ltd,,,2025-12-08,,2025-12-08,[86900],128 City Road London United Kingdom EC1V 2NX
YOO RE5 LIMITED,16895738,active,ltd,,,2025-12-08,,2025-12-08,[68100],2 Bentinck Street London United Kingdom W1U 2FA
REWANZA LTD,16895827,active,ltd,,,2025-12-08,,2025-12-08,[62012],Office 16095 182-184 High Street North London United Kingdom E6 2JA
FREDERICK ATKINSON LTD,16895938,active,ltd,,,2025-12-08,,2025-12-08,[90030],20 Macduff Road London England SW11 4DA
RAMADUTA SERVICES LIMITED,16896023,active,ltd,,,2025-12-08,,2025-12-08,[78200, 78300],5 Hameway London England E6 6HP
32JL HOLDINGS LTD,16896100,active,ltd,,,2025-12-08,,2025-12-08,[64209, 68209],1 Kings Avenue London United Kingdom N21 3NA
OAKMOUNT WHOLESALERS LTD,16896175,active,ltd,,,2025-12-08,,2025-12-08,[46310],3rd Floor, 86-90 Paul Street London United Kingdom EC2A 4NE
MONOSPACE DIGITAL LTD,16896155,active,ltd,,,2025-12-08,,2025-12-08,[74100],71-75 Shelton Street London England WC2H 9JQ
AHR UK REIT LTD,16896156,active,ltd,,,2025-12-08,,2025-12-08,[64306],40 Queen Street 1st Floor London United Kingdom EC4R 1DD
VEYL LTD,16896344,active,ltd,,,2025-12-08,,2025-12-08,[94990, 96090],71-75 Shelton Street London United Kingdom WC2H 9JQ
URBAN SKY PROPERTIES LIMITED,16896336,active,ltd,,,2025-12-08,,2025-12-08,[68100, 68209, 68310, 68320],71-75 Shelton Street London United Kingdom WC2H 9JQ
NEED IT SORTED LTD,16896342,active,ltd,,,2025-12-08,,2025-12-08,[49410],71-75 Shelton Street London United Kingdom WC2H 9JQ
MERAKI THE LABEL LTD,16896457,active,ltd,,,2025-12-08,,2025-12-08,[14132],71-75 Shelton Street London United Kingdom WC2H 9JQ
SONGKRANE LTD,16896523,active,ltd,,,2025-12-08,,2025-12-08,[47910],Suite 10283 5 Brayford Square London United Kingdom E1 0SG
BENZATER UK TRADING LTD,16896636,active,ltd,,,2025-12-08,,2025-12-08,[96090],414 Barking Road London England E13 8HJ
SOCIAL POTTERY FRANCISING LTD,16896956,active,ltd,,,2025-12-08,,2025-12-08,[82990],73 Kentish Town Road London England NW1 8NY
BCXDE LTD,16897014,active,ltd,,,2025-12-08,,2025-12-08,[47910],71-75 Shelton Street London United Kingdom WC2H 9JQ
2B LEICESTERSHIRE LTD,16897036,active,ltd,,,2025-12-08,,2025-12-08,[56103],Ashley House Office 304 235-239 High Road London United Kingdom N22 8HF
DOG RACE BAND LTD,16897039,active,ltd,,,2025-12-08,,2025-12-08,[90030],112 Nelson Road London United Kingdom N8 9RN
PREMIER RECOVERY & TRANSPORTATION LTD,16897015,active,ltd,,,2025-12-08,,2025-12-08,[45200, 52290],128 City Road London United Kingdom EC1V 2NX
NIJATFIDAN LTD,16897208,active,ltd,,,2025-12-08,,2025-12-08,[47910],Suite 10279 5 Brayford Square London United Kingdom E1 0SG
WOODSWATER ADVISORY LTD,16897212,active,ltd,,,2025-12-08,,2025-12-08,[69201, 69202, 69203, 70221],71-75 Shelton Street London United Kingdom WC2H 9JQ
RED ACER LTD,16897202,active,ltd,,,2025-12-08,,2025-12-08,[70229, 71122, 71129, 71200],71-75 Shelton Street London United Kingdom WC2H 9JQ
GG-225-335 LIMITED,16897321,active,ltd,,,2025-12-08,,2025-12-08,[68209],C/O Getground London England W6 0NB
PRIME COMFORT TRANSFER LTD,16897313,active,ltd,,,2025-12-08,,2025-12-08,[96090],60 Millmead Business Centre London England N17 9QU
ANGELIS CONSULTING LTD,16897308,active,ltd,,,2025-12-08,,2025-12-08,[70229],50 Minster Road London England NW2 3RE
LONDON COMFORT ESTATES LIMITED,16897565,active,ltd,,,2025-12-08,,2025-12-08,[64305],Flat 15 Cockburn House London England SW1V 3RT
LOCKLINE LTD,16897536,active,ltd,,,2025-12-08,,2025-12-08,[46420],23 Rolvenden Place London England N17 0JF
PURE CRYSTAL PRESTIGE CLEANING LTD,16897582,active,ltd,,,2025-12-08,,2025-12-08,[81210],122 St. Pancras Way London England NW1 9NB
AMANAH CAPITAL PARTNERS LTD,16897537,active,ltd,,,2025-12-08,,2025-12-08,[62090],1 Coldbath Square London England EC1R 5HL
PULSELIVING PROPERTY LTD.,16897538,active,ltd,,,2025-12-08,,2025-12-08,[68209],C/O Getground London England W6 0NB
COLOPHON PARTNERS LIMITED,16897657,active,ltd,,,2025-12-08,,2025-12-08,[70229],4th Floor 205 Regent Street London United Kingdom W1B 4HB
BEANS AND MASH LTD,16897652,active,ltd,,,2025-12-08,,2025-12-08,[62011],118a King Street London England W6 0QP
KINGDOM PARKING & TRAFFIC MANAGEMENT LTD,16897634,active,ltd,,,2025-12-08,,2025-12-08,[82990],31 Agar Grove London England NW1 9UG
SETSAFE SECURITY LTD,16897754,active,ltd,,,2025-12-08,,2025-12-08,[80100],71-75 Shelton Street London United Kingdom WC2H 9JQ
AZZOPARDI DE BERNIERE GROUP HOLDINGS LIMITED,16897758,active,ltd,,,2025-12-08,,2025-12-08,[74990],71-75 Shelton Street London United Kingdom WC2H 9JQ
DJSL PROPERTIES LIMITED,16897740,active,ltd,,,2025-12-08,,2025-12-08,[68100, 68209],71-75 Shelton Street London United Kingdom WC2H 9JQ
CITY HELPPOINT LTD,16897739,active,ltd,,,2025-12-08,,2025-12-08,[96090],245 Whitechapel Road London England E1 1DB
DB67 LIMITED,16897901,active,ltd,,,2025-12-08,,2025-12-08,[70229],73 Cornhill London United Kingdom EC3V 3QQ
OBELAS LTD,16897889,active,ltd,,,2025-12-08,,2025-12-08,[85590, 85600],20 Wenlock Road London England N1 7GU
YOUR NEXT TECH ROLE LIMITED,16897992,active,ltd,,,2025-12-08,,2025-12-08,[78109, 78200, 78300],71-75 Shelton Street London United Kingdom WC2H 9JQ
MIND2SELL LTD,16898146,active,ltd,,,2025-12-08,,2025-12-08,[70229, 73110, 74909, 85590],Office 16129 182-184 High Street North London United Kingdom E6 2JA
HEIGL LTD,16898141,active,ltd,,,2025-12-08,,2025-12-08,[70229, 98000],Flat 102 Landmark Heights 172 Daubeney Road London England E5 0EN
RHODOS PROPERTIES (NO38) LIMITED,16898246,active,ltd,,,2025-12-08,,2025-12-08,[96090],101 New Cavendish Street London United Kingdom W1W 6XH
MM7ENGINEERING & CONSULTANCY LIMITED,16898456,active,ltd,,,2025-12-08,,2025-12-08,[41202, 71122],Flat 402 Willow House 8 River Barge Close London England E14 3PJ
MARCELINE LIMITED,16898460,active,ltd,,,2025-12-08,,2025-12-08,[47710],29f Walmer Terrace London England SE18 7EE
HM HAZELL LTD,16898463,active,ltd,,,2025-12-08,,2025-12-08,[68100],Flat A-B London England N16 5RL
PRISTINE SURFACES LTD,16898541,active,ltd,,,2025-12-09,,2025-12-09,[81210],Flat 48 Bowmans Buildings London England NW1 6RT
POSTX TECHNOLOGIES LTD,16898552,active,ltd,,,2025-12-09,,2025-12-09,[62012, 62090, 72190],35-41 Folgate Street London England E1 6BX
DEX STORE LTD,16898761,active,ltd,,,2025-12-09,,2025-12-09,[47910],71-75 Shelton Street London United Kingdom WC2H 9JQ
BATHHAUSS LIMITED,16898772,active,ltd,,,2025-12-09,,2025-12-09,[46740, 47520, 47910],71-75 Shelton Street London United Kingdom WC2H 9JQ
D G FIT LTD,16898764,active,ltd,,,2025-12-09,,2025-12-09,[43290],71-75 Shelton Street London United Kingdom WC2H 9JQ
THELOOD LTD,16898767,active,ltd,,,2025-12-09,,2025-12-09,[47910],71-75 Shelton Street London United Kingdom WC2H 9JQ
BIDEBEN GLOBAL LTD,16899025,active,ltd,,,2025-12-09,,2025-12-09,[47910],71-75 Shelton Street London United Kingdom WC2H 9JQ
RECURSIVE HUMAN LTD,16899031,active,ltd,,,2025-12-09,,2025-12-09,[62020],128 City Road London United Kingdom EC1V 2NX
REDDIX LTD,16899014,active,ltd,,,2025-12-09,,2025-12-09,[47910],128 City Road London United Kingdom EC1V 2NX
LUNARCREST LTD,16899042,active,ltd,,,2025-12-09,,2025-12-09,[99999],20 Wenlock Road London England N1 7GU
INZANE SOLUTIONS LTD,16899064,active,ltd,,,2025-12-09,,2025-12-09,[62020],3rd Floor, 86-90 Paul Street London United Kingdom EC2A 4NE
TIN TEKKA LIMITED,16899205,active,ltd,,,2025-12-09,,2025-12-09,[71122],128 City Road London United Kingdom EC1V 2NX
AUREA VENTURES GROUP LTD,16899222,active,ltd,,,2025-12-09,,2025-12-09,[47910, 47990],71-75 Shelton Street London United Kingdom WC2H 9JQ
HARRIBEAN LTD,16899225,active,ltd,,,2025-12-09,,2025-12-09,[71121, 71200],128 City Road London United Kingdom EC1V 2NX
ARIA CONNECTION LTD,16899211,active,ltd,,,2025-12-09,,2025-12-09,[41100, 43390, 74902],210 Casterbridge Road London England SE3 9AF
EAGLERA LTD,16899260,active,ltd,,,2025-12-09,,2025-12-09,[47910],95 Greyhound Lane London England SW16 5NW
NIESKILMA LIMITED,16899263,active,ltd,,,2025-12-09,,2025-12-09,[47910],292393 Office Suite 29a, 3/F 23 Wharf Street London England SE8 3GG
SCALEWOOD LTD,16899270,active,ltd,,,2025-12-09,,2025-12-09,[68100],C/O 32 Castlewood Road London England N16 6DW
VJB HOLDING COMPANY LIMITED,16899342,active,ltd,,,2025-12-09,,2025-12-09,[64209],3rd Floor, 86-90 Paul Street London England EC2A 4NE
IROKO YACHTING LTD,16899534,active,ltd,,,2025-12-09,,2025-12-09,[74990],35/37 Ludgate Hill London United Kingdom EC4M 7JN
ACEART SERVICES LTD,16899586,active,ltd,,,2025-12-09,,2025-12-09,[64209],89 Court Road London England SE9 5AG
ETHICRISE MEDIA LTD,16899580,active,ltd,,,2025-12-09,,2025-12-09,[59112, 62090, 63990],71-75 Shelton Street London United Kingdom WC2H 9JQ
ARCHIBALD CONSTRUCTION LTD,16899637,active,ltd,,,2025-12-09,,2025-12-09,[41100, 41202, 43320, 43390],20 Wenlock Road London England N1 7GU
KC BRADLEY ESTATES LTD.,16899634,active,ltd,,,2025-12-09,,2025-12-09,[68100, 68209, 68320],128 City Road London United Kingdom EC1V 2NX
BLUELEAF STRATEGIES LTD,16888608,active,ltd,,,2025-12-03,,2025-12-03,[68209],50 Lankers Drive North Harrw London United Kingdom HA2 7PD
PLAISTOW DEVELOPMENTS HOLDCO LIMITED,16899690,active,ltd,,,2025-12-09,,2025-12-09,[64209],4th Floor 95 Gresham Street London United Kingdom EC2V 7AB
AUGMENTUM TECHNOLOGIES LTD,16899702,active,ltd,,,2025-12-09,,2025-12-09,[62012, 93199],267 Manchester Road London England E14 3DP
IMMERSIBLE AI LTD,16899800,active,ltd,,,2025-12-09,,2025-12-09,[62012],86-90 Paul Street London United Kingdom EC2A 4NE
CHARLOTTE NATURAL BEAUTY RESEARCH LAB LIMITED,16899804,active,ltd,,,2025-12-09,,2025-12-09,[46160, 46450, 47750, 96020],167-169 Great Portland Street London United Kingdom W1W 5PF
CYBER SECURITY ADVICE LTD,16899813,active,ltd,,,2025-12-09,,2025-12-09,[62020, 63120],20 Wenlock Road London England N1 7GU
SPACECHICA LTD,16899868,active,ltd,,,2025-12-09,,2025-12-09,[96090],71-75 Shelton Street London United Kingdom WC2H 9JQ
AHMADZAI PROPERTY GROUP LIMITED,16899895,active,ltd,,,2025-12-09,,2025-12-09,[68100, 68209],128 City Road London United Kingdom EC1V 2NX
BYBGGSALE LIMITED,16899947,active,ltd,,,2025-12-09,,2025-12-09,[47910],291119 Office Suite 29a, 3/F 23 Wharf Street London England SE8 3GG
ESTETICO ESTATE GROUP LTD,16899955,active,ltd,,,2025-12-09,,2025-12-09,[68202, 68209, 68310, 68320],128 City Road London United Kingdom EC1V 2NX
GS ENTERTAINMENT GLOBAL LTD,16899956,active,ltd,,,2025-12-09,,2025-12-09,[90010, 90030],128 City Road London United Kingdom EC1V 2NX
WILSTUON LIMITED,16899970,active,ltd,,,2025-12-09,,2025-12-09,[47910],292330 Office Suite 29a, 3/F 23 Wharf Street London England SE8 3GG
BLIND LEMON LTD,16899974,active,ltd,,,2025-12-09,,2025-12-09,[90030],71-75 Shelton Street London United Kingdom WC2H 9JQ
MASIE SL LIMITED,16899983,active,ltd,,,2025-12-09,,2025-12-09,[94120, 96020, 96040],71-75 Shelton Street London United Kingdom WC2H 9JQ
AG INSIGHTS LIMITED,16900076,active,ltd,,,2025-12-09,,2025-12-09,[70229],71-75 Shelton Street London United Kingdom WC2H 9JQ
BEYOND THE VALE PUBS LTD,16900078,active,ltd,,,2025-12-09,,2025-12-09,[56302],The Carlton Tavern, 33 Carlton Vale London England NW6 5EU
JURIPRIME LTD,16900184,active,ltd,,,2025-12-09,,2025-12-09,[69101, 69102, 69109],128 City Road London United Kingdom EC1V 2NX
JULIA SAB DESIGN LTD,16900347,active,ltd,,,2025-12-09,,2025-12-09,[74100],124 City  Road London United Kingdom EC1V 2NX
ODYSSEA SOLUTIONS LTD,16900356,active,ltd,,,2025-12-09,,2025-12-09,[70229, 82990],71-75 Shelton Street London United Kingdom WC2H 9JQ
EVENSIDE.GG LIMITED,16900383,active,ltd,,,2025-12-09,,2025-12-09,[62012, 63120],71-75 Shelton Street London United Kingdom WC2H 9JQ
JULDS LIMITED,16900385,active,ltd,,,2025-12-09,,2025-12-09,[62020],30 Wyatt Point Erebus Drive London England SE28 0GL
LOTUS CHOICE LTD,16900502,active,ltd,,,2025-12-09,,2025-12-09,[90030],71-75 Shelton Street London United Kingdom WC2H 9JQ
CHILTON 1 LTD,16900617,active,ltd,,,2025-12-09,,2025-12-09,[68209],25 Howard Road London United Kingdom N15 6NL
BITA VITA LTD,16900616,active,ltd,,,2025-12-09,,2025-12-09,[70221],3rd Floor, 86-90 Paul Street London United Kingdom EC2A 4NE
LONDON CITY SECURITY LTD,16900607,active,ltd,,,2025-12-09,,2025-12-09,[80200],167 Great Portland Street London England W1W 5PF
FALCON RENTALS LTD,16900731,active,ltd,,,2025-12-09,,2025-12-09,[68209],Flat 66 Peregrine Court London England E5 9AN
VALEN EDITORIAL LTD,16900783,active,ltd,,,2025-12-09,,2025-12-09,[74909],First Floor Office London United Kingdom W8 4LZ
HENCY LTD,16900867,active,ltd,,,2025-12-09,,2025-12-09,[62090],71-75 Shelton Street London United Kingdom WC2H 9JQ
AUTOTIME AI LTD,16900874,active,ltd,,,2025-12-09,,2025-12-09,[62012, 62020, 62090, 63110],16 Lloyd Road London United Kingdom E6 2HR
SONNYCAM LTD,16900942,active,ltd,,,2025-12-09,,2025-12-09,[43910],2 St. Gabriel's Close London United Kingdom E11 3SB
AYB VENTURES 22 LTD,16900943,active,ltd,,,2025-12-09,,2025-12-09,[68100, 68209],167-169 Great Portland Street London England W1W 5PF
SAIGON BAY LTD,16901057,active,ltd,,,2025-12-09,,2025-12-09,[56103, 56210],Unit 4 Canterbury Industrial Park London England SE15 1NP
INDEX ENGINEERING LTD,16901064,active,ltd,,,2025-12-09,,2025-12-09,[43220],Flat 1 214 Westferry Road London England E14 3RR
PRODIGY LABS LTD,16904098,active,ltd,,,2025-12-11,,2025-12-11,[58210, 58290, 62011, 62020],71-75 Shelton Street London United Kingdom WC2H 9JQ
SPRINGWOOD VALETING LIMITED,16904102,active,ltd,,,2025-12-11,,2025-12-11,[81299],590 Green Lanes London United Kingdom N13 5RY
ASANCHEZ LIMITED,16904090,active,ltd,,,2025-12-11,,2025-12-11,[62090, 70229, 73110, 82990],71-75 Shelton Street London United Kingdom WC2H 9JQ
GEMUINE LASH ACADEMY LTD,16904123,active,ltd,,,2025-12-11,,2025-12-11,[85590],37 Lombard Street London England EC3V 9BQ
CASEY BISHOP LTD,16904141,active,ltd,,,2025-12-11,,2025-12-11,[47910],292560, Office Suite 29a, 3/F 23 Wharf Street London England SE8 3GG
CMMDI MEDIA GROUP LTD,16904133,active,ltd,,,2025-12-11,,2025-12-11,[47910, 59112, 59200, 90030],74 Coleman Street London United Kingdom EC2R 5BN
TRANSLATICA UK LTD,16904157,active,ltd,,,2025-12-11,,2025-12-11,[74300],82 Upton Ln London England E7 9LW
ARETAS ENERGY SOLUTIONS LTD,16904174,active,ltd,,,2025-12-11,,2025-12-11,[74100],2nd Floor College House Ruislip, United Kingdom HA4 7AE
AKAN RENTALS LTD,16904176,active,ltd,,,2025-12-11,,2025-12-11,[45112],5 Brayford Square London England E1 0SG
TECHNEXA LTD,16904177,active,ltd,,,2025-12-11,,2025-12-11,[62012, 62020, 62090, 63110],71-75 Shelton Street London United Kingdom WC2H 9JQ
GO MEDIA GROUP LTD,16904171,active,ltd,,,2025-12-11,,2025-12-11,[62090, 70229],78a Park Hall Road London England SE21 8BW
PURPLE PEAK MEDIA LTD,16904169,active,ltd,,,2025-12-11,,2025-12-11,[59111, 59120, 73110],35 Grafton Way London England W1T 5DB
OTO PAY LTD,16904183,active,ltd,,,2025-12-11,,2025-12-11,[62012, 96090],235 Regents Park Road London United Kingdom N3 3LF
DEACON PROPERTY LTD,16904227,active,ltd,,,2025-12-11,,2025-12-11,[68320],3rd Floor, 86-90 Paul Street London United Kingdom EC2A 4NE
SILVERSTONE IP HOLDINGS LIMITED,16904261,active,ltd,,,2025-12-11,,2025-12-11,[77400],167-169 Great Portland Street London England W1W 5PF
PATHFINDER PRODUCTIONS LTD,16904280,active,ltd,,,2025-12-11,,2025-12-11,[58130, 60200],128 City Road London United Kingdom EC1V 2NX
NCCH DEVELOPMENT LTD,16904268,active,ltd,,,2025-12-11,,2025-12-11,[64209],1 Mark Street London United Kingdom E15 4GY
KB COSMETIC ARTISTRY LTD,16904273,active,ltd,,,2025-12-11,,2025-12-11,[96020],128 City Road London United Kingdom EC1V 2NX
CRACON ECOMMERCE LOGISTICS LTD,16904299,active,ltd,,,2025-12-11,,2025-12-11,[52290, 70229],5 Lloyd's Avenue London England EC3N 3AE
CALM & COLLECTED CO. LIMITED,16904288,active,ltd,,,2025-12-11,,2025-12-11,[47910],3rd Floor, 86-90 Paul Street London England EC2A 4NE
SHAREKTE170 LTD,16904290,active,ltd,,,2025-12-11,,2025-12-11,[46900],275 New N Rd #3110 London London United Kingdom N1 7AA
ASPIRE ACADEMY BIRMINGHAM LIMITED,16904315,active,ltd,,,2025-12-11,,2025-12-11,[85600],Ah Holding Company London United Kingdom EC2A 4NE
MR BORIS MARGAROV LTD,16904311,active,ltd,,,2025-12-11,,2025-12-11,[43320, 43390],20 Wenlock Road London England N1 7GU
DAVID ŃKIERE LIMITED,16904301,active,ltd,,,2025-12-11,,2025-12-11,[46160],Silverstream House London England W1T 6EB
C C AGILE CARE LTD,16904346,active,ltd,,,2025-12-11,,2025-12-11,[81210, 88100],Imperial House 64 Willoughby Lane London England N17 0SP
LANZOCO LTD,16904354,active,ltd,,,2025-12-11,,2025-12-11,[47990, 74100, 90030],4th Floor Office London England W1B 4HB
RAI RESIDENCES LTD,16904383,active,ltd,,,2025-12-11,,2025-12-11,[68209],Rai Residences London United Kingdom EC1V 2NX
SUNNY SINGH MEDIA LTD,16904387,active,ltd,,,2025-12-11,,2025-12-11,[59112, 74201],71-75 Shelton Street London United Kingdom WC2H 9JQ
CAMERON MCNEE LTD,16904415,active,ltd,,,2025-12-11,,2025-12-11,[74209],64 Southwark Bridge Road London England SE1 0AS
NEXUSMEDICA LTD,16904399,active,ltd,,,2025-12-11,,2025-12-11,[82990, 86101, 86210, 86900],3rd Floor, 86-90 Paul Street London United Kingdom EC2A 4NE
BP INV6 NEW BIDCO LIMITED,16904451,active,ltd,,,2025-12-11,,2025-12-11,[64203],Suite 1, 7th Floor 50 Broadway London United Kingdom SW1H 0DB
SHAREKTE169 LTD,16904431,active,ltd,,,2025-12-11,,2025-12-11,[46900],275 New N Rd #3110 London London United Kingdom N1 7AA
KENHARVEST GLOBAL HOLDINGS LTD,16904448,active,ltd,,,2025-12-11,,2025-12-11,[64209],124-128 City Road London England EC1V 2NX
SHAREKTE171 LTD,16904469,active,ltd,,,2025-12-11,,2025-12-11,[46900],275 New N Rd #3110 London London United Kingdom N1 7AA
JAMUHOUSE LIMITED,16904477,active,ltd,,,2025-12-11,,2025-12-11,[45112, 68201, 98000],Flat2 Flat2,30 Lewin Terrace London United Kingdom TW14 8FD
EVOLUTION GROUP LTD,16904462,active,ltd,,,2025-12-11,,2025-12-11,[41100],20 Wenlock Road London England N1 7GU
SWEDE SPOT LTD,16904499,active,ltd,,,2025-12-11,,2025-12-11,[56103],124 City Road London United Kingdom EC1V 2NX
LADYBUG STUDIO LTD,16904515,active,ltd,,,2025-12-11,,2025-12-11,[31090, 74100, 90030],128 City Road London United Kingdom EC1V 2NX
LEA40 FOOD LIMITED,16904500,active,ltd,,,2025-12-11,,2025-12-11,[56103],40 Greville Street London England EC1N 8PJ
ELENIK PROPERTIES LTD,16904521,active,ltd,,,2025-12-11,,2025-12-11,[68100, 68209],Argyle Court London England N7 7QR
SYNAX LTD,16904519,active,ltd,,,2025-12-11,,2025-12-11,[64205, 64304, 64999, 66110],128 City Road London United Kingdom EC1V 2NX
SYCAMORE SAPLING LTD,16904524,active,ltd,,,2025-12-11,,2025-12-11,[69201],51a Fleeming Road 51a Fleeming Road London United Kingdom E17 5ET
RE GLOBAL CAPITAL LIMITED,16904528,active,ltd,,,2025-12-11,,2025-12-11,[64304],3rd Floor, 86-90 Paul Street London England EC2A 4NE
STUDIO BURUBU LTD,16904666,active,ltd,,,2025-12-11,,2025-12-11,[71111, 74909],International House London United Kingdom SW11 5RQ
RELATIVITY BIDCO LIMITED,16904702,active,ltd,,,2025-12-11,,2025-12-11,[64209],C/O Mobeus Equity Partners Llp London United Kingdom SW1Y 6HF
TECHCORE PARTS LTD,16904698,active,ltd,,,2025-12-11,,2025-12-11,[45400],4 Oak Grove Road London England SE20 7RQ
AMAANI STUDIO LTD,16904675,active,ltd,,,2025-12-11,,2025-12-11,[74100],124-128 City Road London England EC1V 2NX
NAMASTE UK PROPERTIES LTD,16904741,active,ltd,,,2025-12-11,,2025-12-11,[68100, 68201, 68209, 68320],45, Silverstream House Fitzroy Street London United Kingdom W1T 6EB
333666999 LTD,16904729,active,ltd,,,2025-12-11,,2025-12-11,[47910],3rd Floor, 86-90 Paul Street London United Kingdom EC2A 4NE
RIAH SHUSHER LTD,16904733,active,ltd,,,2025-12-11,,2025-12-11,[96020],60b Sydenham Road London England SE26 5QE
VIET PHO BY POPPY HANA LTD,16904766,active,ltd,,,2025-12-11,,2025-12-11,[56101],57 Commercial Street London England E1 6BD
TRADE CENTRE TECHNOLOGIES LTD,16894959,active,ltd,,,2025-12-07,,2025-12-07,[62012, 63110, 82990],3rd Floor, 86-90 Paul Street London United Kingdom EC2A 4NE
OBLIGANT LIMITED,16904789,active,ltd,,,2025-12-11,,2025-12-11,[62012],Flat 3 187a Romford Road London England E15 4JF
ROCK THE CHARTS LIMITED,16904817,active,ltd,,,2025-12-11,,2025-12-11,[58290, 85590],37 Lombard Street London United Kingdom EC3V 9BQ
SHAFAY IMPORT & EXPORT LIMITED,16904812,active,ltd,,,2025-12-11,,2025-12-11,[46900],01 182-184 Office 12517 High Street North London United Kingdom E6 2JA
TWO ONE THREE ENGINEERING LTD,16904829,active,ltd,,,2025-12-11,,2025-12-11,[62020],213a Shooters Hill Road Blackheath London United Kingdom SE3 8UL
ATLAS RE CAPITAL PARTNERS LIMITED,16904835,active,ltd,,,2025-12-11,,2025-12-11,[68100, 68209],Flat 3a 30 Leinster Square London England W2 4NQ
NISTAR'EL LTD,16904819,active,ltd,,,2025-12-11,,2025-12-11,[70229],66 Urmston Drive London England SW19 6SG
RRH DIGITAL LTD,16904821,active,ltd,,,2025-12-11,,2025-12-11,[62012],112 Gloucester Place London England W1U 6HX
AG PBSA VAUXHALL GP LIMITED,16904843,active,ltd,,,2025-12-11,,2025-12-11,[64209],23 Savile Row London United Kingdom W1S 2ET
JAGOLARI HOLDINGS LIMITED,16904838,active,ltd,,,2025-12-11,,2025-12-11,[82990],Level 5a Maple House London United Kingdom W1T 7NF
FLYNN'S COMPUTERS LTD,16904864,active,ltd,,,2025-12-11,,2025-12-11,[95110],Suite Ra01 195-197 Wood Street London United Kingdom E17 3NU
MURAL DILEMMA LTD,16904883,active,ltd,,,2025-12-11,,2025-12-11,[90030],128 City Road London United Kingdom EC1V 2NX
BRINGTHEVYBEZ LTD,16904893,active,ltd,,,2025-12-11,,2025-12-11,[59200],3rd Floor, 86-90 Paul Street London United Kingdom EC2A 4NE
HEARTHSIDE UK LTD,16904891,active,ltd,,,2025-12-11,,2025-12-11,[47421, 47910],First Floor 85 Camden Street London United Kingdom NW1 0HP
REAL MENTOR ACADEMY LTD,16904906,active,ltd,,,2025-12-11,,2025-12-11,[85590],First Floor Office London United Kingdom W8 4LZ
A3 LIVING LIMITED,16904894,active,ltd,,,2025-12-11,,2025-12-11,[68209],Suite Ra01 195-197 Wood Street London United Kingdom E17 3NU
LSH INTERNATIONAL CO LIMITED,16904926,active,ltd,,,2025-12-11,,2025-12-11,[47910],Unit 112 48 Waterside Heights London United Kingdom E16 2GP
RAVENTO LTD,16904943,active,ltd,,,2025-12-11,,2025-12-11,[46190, 46499, 47910, 82990],20 Wenlock Road London United Kingdom N1 7GU
BEAUTY ONE STOP SHOP CLINIC LTD,16904992,active,ltd,,,2025-12-11,,2025-12-11,[96020],71-75 Shelton Street London United Kingdom WC2H 9JQ
CEDARIS LIMITED,16905001,active,ltd,,,2025-12-11,,2025-12-11,[70229],Harben House Harben Parade London United Kingdom NW3 6LH
ETHOS MIDCO, LTD.,16905011,active,ltd,,,2025-12-11,,2025-12-11,[64209],Duo Level 6 London United Kingdom EC2M 4RB
HERRINGBONE FINANCING LIMITED,16905025,active,ltd,,,2025-12-11,,2025-12-11,[64209],20 Bentinck Street London United Kingdom W1U 2EU
GROUP INFINITY LTD,16905018,active,ltd,,,2025-12-11,,2025-12-11,[70229],30 St. Mary Axe London England EC3A 8BF
KDLS RESOURCES LTD,16905039,active,ltd,,,2025-12-11,,2025-12-11,[41202, 43220, 43910],7 Elfwine Road London England W7 1JD
DOMINUS PROJECT COMPANY 30 LIMITED,16905065,active,ltd,,,2025-12-11,,2025-12-11,[68100],1 London Street Reading United Kingdom RG1 4PN
EMPOWERHAUS LIMITED,16905064,active,ltd,,,2025-12-11,,2025-12-11,[70229],71-75 Shelton Street London United Kingdom WC2H 9JQ
ZENTRIX DIGITAL HOLDINGS LIMITED,16905120,active,ltd,,,2025-12-11,,2025-12-11,[73110],71-75 Shelton Street London United Kingdom WC2H 9JQ
GUARDVECTOR LTD,16905132,active,ltd,,,2025-12-11,,2025-12-11,[62020, 62090],71-75 Shelton Street London United Kingdom WC2H 9JQ
RENOVA MOTORS LIMITED,16905140,active,ltd,,,2025-12-11,,2025-12-11,[45112, 45200, 45320],71-75 Shelton Street London United Kingdom WC2H 9JQ
GESTORIA GEST LTD,16905141,active,ltd,,,2025-12-11,,2025-12-11,[28230, 28410, 68100, 96090],71-75 Shelton Street London United Kingdom WC2H 9JQ
CAVERSHAM DEVELOPMENTS LTD,16905161,active,ltd,,,2025-12-11,,2025-12-11,[68100],71-75 Shelton Street London United Kingdom WC2H 9JQ
C-14 SPACE LTD,16905182,active,ltd,,,2025-12-11,,2025-12-11,[63120],94 Gloucester Avenue London England NW1 8HX
LA PELUSA GROUP LTD,16905174,active,ltd,,,2025-12-11,,2025-12-11,[46190],71-75 Shelton Street London United Kingdom WC2H 9JQ
RESHCASTLE ZERO LTD,16905199,active,ltd,,,2025-12-11,,2025-12-11,[43220],Dalton House 60 Windsor Road London United Kingdom SW19 2RR
MASTERMIND RENTAL SERVICES LTD,16905186,active,ltd,,,2025-12-11,,2025-12-11,[68209],71-75 Shelton Street London United Kingdom WC2H 9JQ
DALCO LTD,16905230,active,ltd,,,2025-12-11,,2025-12-11,[70229],Turnpike House 1208-1210 London Road Leigh-On-Sea England SS9 2UA
INVISTA LAND LTD,16905255,active,ltd,,,2025-12-11,,2025-12-11,[68209, 68320],71-75 Shelton Street London United Kingdom WC2H 9JQ
CROPHOTO LIMITED,16905254,active,ltd,,,2025-12-11,,2025-12-11,[59112, 74201, 74202, 74209],Flat 139 41 Millharbour London England E14 9ND
EN & K SERVICES LTD,16905262,active,ltd,,,2025-12-11,,2025-12-11,[43210, 43220, 82990],C/O Unit 4, Kinetica London United Kingdom E8 2FD
JC REFINISHING LTD,16905275,active,ltd,,,2025-12-11,,2025-12-11,[45200],3rd Floor, 86-90 Paul Street London England EC2A 4NE
BPS RENEWABLES LTD,16905299,active,ltd,,,2025-12-11,,2025-12-11,[43220],1 Kilmarsh Road London England W6 0PL
ARX LEWISHAM TRADING LTD,16905316,active,ltd,,,2025-12-11,,2025-12-11,[47910],072 River Mill One Station Road London England SE13 5FL
BLYNDON LIMITED,16905329,active,ltd,,,2025-12-11,,2025-12-11,[70229],11 Artesian Road London England W2 5DA
AVH MOTORS LTD,16905350,active,ltd,,,2025-12-11,,2025-12-11,[45112],3rd Floor, 86-90 Paul Street London United Kingdom EC2A 4NE
ONE WAY PROPERTIES LTD,16905359,active,ltd,,,2025-12-11,,2025-12-11,[68100, 68209],275 New North Road London England N1 7AA
MINAZYA LIMITED,16905374,active,ltd,,,2025-12-11,,2025-12-11,[56103],358 Cricklewood Lane London England NW2 2QJ
COSTACHEFERARU CONSTRUCTION LTD,16905397,active,ltd,,,2025-12-11,,2025-12-11,[41202],Flat 1 45 Crofton Road London England E13 8QT
TELLMEMORE INTERACTIVE LTD,16905433,active,ltd,,,2025-12-11,,2025-12-11,[62012],275 New North Road London England N1 7AA
PERLSTONE ESTATES LTD,16905421,active,ltd,,,2025-12-11,,2025-12-11,[68209],18 Gilda Crescent London England N16 6JP
LIBERTY LND LTD,16905476,active,ltd,,,2025-12-12,,2025-12-12,[68209],Flat 2 50 Hans Place London England SW1X 0LA
BP LABS LTD,16905470,active,ltd,,,2025-12-12,,2025-12-12,[47910],483 Green Lanes London England N13 4BS
BURSTONE UK 3 LIMITED,16905593,active,ltd,,,2025-12-12,,2025-12-12,[68320],12 Little Portland Street London United Kingdom W1W 8BJ
PERCIPIEN LTD,16905601,active,ltd,,,2025-12-12,,2025-12-12,[86220, 86900],3rd Floor, 86-90 Paul Street London United Kingdom EC2A 4NE
GLCB POOLER CO 2 LTD,16905604,active,ltd,,,2025-12-12,,2025-12-12,[64209],5 Churchill Place London United Kingdom E14 5HU
SOTERIA URBAN LIMITED,16905621,active,ltd,,,2025-12-12,,2025-12-12,[68209],71-75 Shelton Street London United Kingdom WC2H 9JQ
EAPC LIMITED,16905614,active,ltd,,,2025-12-12,,2025-12-12,[30920],Unit 20, The Circle London England SE1 2JE
KILLION LABS LTD,16905669,active,ltd,,,2025-12-12,,2025-12-12,[62012, 63110],71-75 Shelton Street London United Kingdom WC2H 9JQ
OUR SECOND CHANCE LIMITED,16905667,active,ltd,,,2025-12-12,,2025-12-12,[58142, 58190, 63990, 85590],167-169 Great Portland Street London England W1W 5PF
RESICENTRAL LIMITED,16905676,active,ltd,,,2025-12-12,,2025-12-12,[43999, 62020, 62090],696 Salisbury House London United Kingdom EC2M 5QQ
TRIBE TECH UK LIMITED,16905694,active,ltd,,,2025-12-12,,2025-12-12,[28921],71-75 Shelton Street London United Kingdom WC2H 9JQ
SHINERA LTD,16905688,active,ltd,,,2025-12-12,,2025-12-12,[47910],71-75 Shelton Street London United Kingdom WC2H 9JQ
AXONOMIC LABS LTD,16905717,active,ltd,,,2025-12-12,,2025-12-12,[62012, 62020, 62090, 72190],128 City Road London United Kingdom EC1V 2NX
ROCKTOR PROPERTY HOLDINGS LTD,16905789,active,ltd,,,2025-12-12,,2025-12-12,[68100, 68201, 68209, 68320],20 Wenlock Road London England N1 7GU
ALIYEV GROUP LTD,16905729,active,ltd,,,2025-12-12,,2025-12-12,[47910],128 City Road London United Kingdom EC1V 2NX
HAGAN FACILITIES LTD,16905843,active,ltd,,,2025-12-12,,2025-12-12,[68100, 68209],9-11 New Broadway London United Kingdom W5 5AW
MUSUL MAN LTD,16905858,active,ltd,,,2025-12-12,,2025-12-12,[41100],71-75 Shelton Street London United Kingdom WC2H 9JQ
FEK HOLDING LTD,16905854,active,ltd,,,2025-12-12,,2025-12-12,[47910],Suite C175 4 - 6, Greatorex Street London United Kingdom E1 5NF
ESCOFFIER ARTELIER GOURMET LONDON LTD,16905876,active,ltd,,,2025-12-12,,2025-12-12,[70229, 82990],71-75 Shelton Street London United Kingdom WC2H 9JQ
APEX MORTGAGE BROKERS LTD,16905871,active,ltd,,,2025-12-12,,2025-12-12,[66190],2 London Road Waterlooville England PO7 5LJ
AMIRCO FINTECH SOLUTIONS LTD,16905873,active,ltd,,,2025-12-12,,2025-12-12,[66190, 82990],17 City North Place London England N4 3FU
REALIS BRISTOL PROPCO LIMITED,16905892,active,ltd,,,2025-12-12,,2025-12-12,[68100, 68209],73 Cornhill London United Kingdom EC3V 3QQ
ABROADBUDDIES LTD,16905908,active,ltd,,,2025-12-12,,2025-12-12,[62090, 63120],71-75 Shelton Street London United Kingdom WC2H 9JQ
NEWBRIDGE FMCG CONSULTING LTD,16905946,active,ltd,,,2025-12-12,,2025-12-12,[56290, 70229],923 Finchley Road London United Kingdom NW11 7PE
HEARTLAB UK LTD,16905949,active,ltd,,,2025-12-12,,2025-12-12,[62012],86-90 Paul Street London England EC2A 4NE
DOLAN MILLER LTD,16905930,active,ltd,,,2025-12-12,,2025-12-12,[70229],81 Rivington Street London England EC2A 3AY
WIGH LIMITED,16905936,active,ltd,,,2025-12-12,,2025-12-12,[68209],Seymour Chambers Liverpool United Kingdom L3 5NW
CB OPERATIONS CONSULTANCY LTD,16905934,active,ltd,,,2025-12-12,,2025-12-12,[70229, 82110],47 Victor Road London England NW10 5XB
KERMAKUSH BOOK HUB LTD,16905940,active,ltd,,,2025-12-12,,2025-12-12,[47610, 58110],432 Edgware Road London United Kingdom W2 1EG
PETRICHOR STRATEGIC ADVISORS LIMITED,16905971,active,ltd,,,2025-12-12,,2025-12-12,[70229],8-9 Chester Close London England SW1X 7BE
IMMERSE HOLDINGS LTD,16905954,active,ltd,,,2025-12-12,,2025-12-12,[64209],Building B2 Unit 1, 1st Floor 1 Barton Yard London England SE10 0BN
VAN STUDIO LTD,16905957,active,ltd,,,2025-12-12,,2025-12-12,[85590],71-75 Shelton Street London United Kingdom WC2H 9JQ
I.R CONSTRUCTION LONDON LTD,16905982,active,ltd,,,2025-12-12,,2025-12-12,[43310, 43320, 43330, 43341],128 City Road London United Kingdom EC1V 2NX
WORLDFAMOUS GROUP LIMITED,16905981,active,ltd,,,2025-12-12,,2025-12-12,[41202],182-184 High Street North London United Kingdom E6 2JA
RAYVOLUTION SOLAR HOLDCO LIMITED,16905960,active,ltd,,,2025-12-12,,2025-12-12,[64209],10 Lower Thames Street London England EC3R 6AF
SENTINEL FEE OVERSIGHT LTD,16905963,active,ltd,,,2025-12-12,,2025-12-12,[63110],71-75 Shelton Street London United Kingdom WC2H 9JQ
ONBSR LTD,16906003,active,ltd,,,2025-12-12,,2025-12-12,[58142, 58290, 63120],4th Floor Office London England W1B 4HB
BALANCEPOINT SOLUTIONS LTD,16905993,active,ltd,,,2025-12-12,,2025-12-12,[74209],Flat 85 Streatham Court London England SW16 1DJ
METACOG AI LIMITED,16906002,active,ltd,,,2025-12-12,,2025-12-12,[62012],Flat 23 Golden Hinde House London England SE8 5FQ
PREMIER LETTING MANAGEMENT LTD,16905988,active,ltd,,,2025-12-12,,2025-12-12,[68209],2nd Floor College House Ruislip, United Kingdom HA4 7AE
OCTOPUP LTD,16906005,active,ltd,,,2025-12-12,,2025-12-12,[62012],Work.Life Clerkenwell Green London England EC1R 0EB
GG-HOLDCO-066-269 LIMITED,16906027,active,ltd,,,2025-12-12,,2025-12-12,[64209],C/O Getground London England W6 0NB
JOSEPH OXLEY LTD,16906049,active,ltd,,,2025-12-12,,2025-12-12,[73110],167-169 Great Portland Street London England W1W 5PF
IV JH LTD,16906039,active,ltd,,,2025-12-12,,2025-12-12,[46370, 47290, 47910],128 City Road London United Kingdom EC1V 2NX
RAYVOLUTION SOLAR MIDCO LIMITED,16906083,active,ltd,,,2025-12-12,,2025-12-12,[64209],10 Lower Thames Street London England EC3R 6AF
BELUNU PRIVATE COMPANY LTD,16906079,active,ltd,,,2025-12-12,,2025-12-12,[47910, 62090, 63120, 73200],20 Wenlock Road London England N1 7GU
CORTEX-INVEST LTD,16906080,active,ltd,,,2025-12-12,,2025-12-12,[62020, 68320],71-75 Shelton Street London United Kingdom WC2H 9JQ
TOBIAS SMOLLETT LEGAL SERVICES LIMITED,16906060,active,ltd,,,2025-12-12,,2025-12-12,[69109],Flat 36 Paradise Park 142a Lea Bridge Road London England E5 9UB
BANKINTER GROUP UK LTD,16906070,active,ltd,,,2025-12-12,,2025-12-12,[64209],182-184 High Street North London England E6 2JA
APPAREL SOURCING GLOBAL LIMITED,16906073,active,ltd,,,2025-12-12,,2025-12-12,[46160, 46190],124 City  Road London United Kingdom EC1V 2NX
SKYAVIAMANAGER LTD,16906075,active,ltd,,,2025-12-12,,2025-12-12,[79110, 79120, 79909, 96090],52-56 Standard Road London England NW10 6EU
ANNEITA LIMITED,16906062,active,ltd,,,2025-12-12,,2025-12-12,[47910],292159 Office Suite 29a, 3/F 23 Wharf Street London England SE8 3GG
NEHEMIAH TRADING LTD,16906104,active,ltd,,,2025-12-12,,2025-12-12,[47910],3rd Floor, 86-90 Paul Street London United Kingdom EC2A 4NE
DKN GLOBAL CONNECT LTD,16906126,active,ltd,,,2025-12-12,,2025-12-12,[47910, 47990],71-75 Shelton Street London United Kingdom WC2H 9JQ
ZY ESTATES LTD,16906140,active,ltd,,,2025-12-12,,2025-12-12,[68320],110 Wargrave Avenue London United Kingdom N15 6UA
ARRANCORP LTD,16906163,active,ltd,,,2025-12-12,,2025-12-12,[62020],71-75 Shelton Street London United Kingdom WC2H 9JQ
ATMOD LTD,16906170,active,ltd,,,2025-12-12,,2025-12-12,[70229, 71122, 74909],128 City Road London United Kingdom EC1V 2NX
NUTRIQUICK LIMITED,16906223,active,ltd,,,2025-12-12,,2025-12-12,[10612, 10850],128 City Road London United Kingdom EC1V 2NX
ROCCO REALTY GROUP LTD,16906213,active,ltd,,,2025-12-12,,2025-12-12,[68100],167 - 169 Great Portland Street London England W1W 5PF
LEO SUMMITS LTD,16906235,active,ltd,,,2025-12-12,,2025-12-12,[82301],Bedford House, London United Kingdom SW6 3JW
MODEL MONOLITH LTD,16906249,active,ltd,,,2025-12-12,,2025-12-12,[68209],97 Judd Street London England WC1H 9JG
DANI DYERS FASHION LIMITED,16906243,active,ltd,,,2025-12-12,,2025-12-12,[46420, 47710, 47820],128 City Road London United Kingdom EC1V 2NX
RA CONNELL CONSULTANT LTD,16906257,active,ltd,,,2025-12-12,,2025-12-12,[69102],128 City Road London United Kingdom EC1V 2NX
DIGITALAGENTS LTD,16906266,active,ltd,,,2025-12-12,,2025-12-12,[73110],124 City Road 124 City Road, London, Ec1v 2nx London United Kingdom EC1V 2NX
TRADE USED CARS LIMITED,16906282,active,ltd,,,2025-12-12,,2025-12-12,[45112],27 Old Gloucester St London United Kingdom WC1N 3AX
ALTURION GROUP LTD,16906286,active,ltd,,,2025-12-12,,2025-12-12,[47789],2 Frederick Street London United Kingdom WC1X 0ND
RENKO.FOREX LTD,16906298,active,ltd,,,2025-12-12,,2025-12-12,[70221],Office 5600et 182-184 High Street North London United Kingdom E6 2JA
PRESCIENT TAX ECHO LIMITED,16906326,active,ltd,,,2025-12-12,,2025-12-12,[82990],20 Wenlock Road London England N1 7GU
ADAR CAPITAL GROUP LTD,16906338,active,ltd,,,2025-12-12,,2025-12-12,[70221],Flat 4 Ashworth Mansions London England W9 1JL
SHOPPINGTR LIMITED,16906380,active,ltd,,,2025-12-12,,2025-12-12,[47910],Suite 10300 5 Brayford Square London United Kingdom E1 0SG
DIAHUB360 LTD,16906388,active,ltd,,,2025-12-12,,2025-12-12,[32120, 47910],71-75 Shelton Street London United Kingdom WC2H 9JQ
SAPORIST LTD,16906386,active,ltd,,,2025-12-12,,2025-12-12,[63120],71-75 Shelton Street London United Kingdom WC2H 9JQ
ARTYFACE COMMUNITY ART LIMITED,16906396,active,ltd,,,2025-12-12,,2025-12-12,[91030],246 Linen Hall 162-168 Regent Street London United Kingdom W1B 5TB
CORONANDO PA LTD,16906420,active,ltd,,,2025-12-12,,2025-12-12,[85600],46 Leicester Square London England WC2H 7LU
INTERFLUVE LIMITED,16906452,active,ltd,,,2025-12-12,,2025-12-12,[62090],Flat 12 Chamberlain Court London United Kingdom E13 9PE
ODRES GROUP LTD,16906430,active,ltd,,,2025-12-12,,2025-12-12,[47421, 47430, 47910],225 Clapham Road London England SW9 9BE
MOMENTUM MAKER LTD,16906461,active,ltd,,,2025-12-12,,2025-12-12,[70229],72 Osier Crescent London United Kingdom N10 1QX
PATIKA LTD,16906532,active,ltd,,,2025-12-12,,2025-12-12,[68100, 68209],71-75 Shelton Street London United Kingdom WC2H 9JQ
AYDIN NOBLESSE LTD,16906499,active,ltd,,,2025-12-12,,2025-12-12,[47910],Suite 10267 5 Brayford Square London United Kingdom E1 0SG
SYKJ GROUP LTD,16906504,active,ltd,,,2025-12-12,,2025-12-12,[64209, 77390, 82990],128 City Road London United Kingdom EC1V 2NX
SLADE CAPITAL HOLDINGS LTD,16906513,active,ltd,,,2025-12-12,,2025-12-12,[64209],167-169 Great Portland St London England W1W 5PF
MCKIE FAMILY ENTERPRISES LTD,16906566,active,ltd,,,2025-12-12,,2025-12-12,[70229, 73110, 74100, 74209],71-75 Shelton Street London United Kingdom WC2H 9JQ
SZ GLOBAL TRADING LTD,16906595,active,ltd,,,2025-12-12,,2025-12-12,[47910],Office 15940 182-184 High Street North London United Kingdom E6 2JA
OMNIPLEX (UK) LIMITED,16906602,active,ltd,,,2025-12-12,,2025-12-12,[80100, 80200],Eighth Floor 6 New Street Square London United Kingdom EC4A 3AQ
EUROPE & INTERNATIONAL REAL ESTATE INVESTMENTS LTD,16906607,active,ltd,,,2025-12-12,,2025-12-12,[64304, 68100, 68209, 68310],167-169 Great Portland Street London England W1W 5PF
PRESCIENT TAX SPARK LIMITED,16906603,active,ltd,,,2025-12-12,,2025-12-12,[82990],20 Wenlock Road London England N1 7GU
RHEA MAGEE LTD,16906586,active,ltd,,,2025-12-12,,2025-12-12,[47910],292020, Office Suite 29a, 3/F 23 Wharf Street London England SE8 3GG
WALKERTHOMPSON INVESTMENTS LIMITED,16906625,active,ltd,,,2025-12-12,,2025-12-12,[64999],71-75 Shelton Street London United Kingdom WC2H 9JQ
FAIZI MARKET HAVEN LIMITED,16906680,active,ltd,,,2025-12-12,,2025-12-12,[47910],Office 15961 182-184 High Street North London United Kingdom E6 2JA
SHINEL DID IT LTD,16906713,active,ltd,,,2025-12-12,,2025-12-12,[01610, 47910, 82302, 93290],Suite 5 207 Cranbrook Road London United Kingdom IG1 4TD
ER&DER LTD,16906704,active,ltd,,,2025-12-12,,2025-12-12,[99999],26/27 Boswell Street London United Kingdom WC1N 3JZ
MKD ANALYTICS & RESEARCH LTD,16906726,active,ltd,,,2025-12-12,,2025-12-12,[72190, 73200, 74909],71-75 Shelton Street London United Kingdom WC2H 9JQ
N1CK’S LTD,16906701,active,ltd,,,2025-12-12,,2025-12-12,[45190],3, Greaves Court London United Kingdom N8 0NE
EBG PLANNING CONSULTANT UK LTD,16906703,active,ltd,,,2025-12-12,,2025-12-12,[71111, 71129],438 Streatham High Road London England SW16 3PX
STEADYBUILDERS LTD,16906709,active,ltd,,,2025-12-12,,2025-12-12,[41201],57 Lancaster Road London England N18 1HP
DCR MECHANICAL LTD,16906724,active,ltd,,,2025-12-12,,2025-12-12,[43220, 43290],71-75 Shelton Street London United Kingdom WC2H 9JQ
EASY ACCOUNT FILING LIMITED,16906734,active,ltd,,,2025-12-12,,2025-12-12,[96090],128 City Road London United Kingdom EC1V 2NX
NAAM INDUSTRIES LIMITED,16906766,active,ltd,,,2025-12-12,,2025-12-12,[64209],46 Great Marlborough Street London England W1F 7JW
NICAD LIMITED,16906772,active,ltd,,,2025-12-12,,2025-12-12,[86101, 86900],128 City Road London United Kingdom EC1V 2NX
JOSEPH AIGBE DIGITAL MARKETING ENTREPRENEUR LTD,16906782,active,ltd,,,2025-12-12,,2025-12-12,[73110],71-75 Shelton Street London United Kingdom WC2H 9JQ
MCKENNA CAPITAL LTD,16906787,active,ltd,,,2025-12-12,,2025-12-12,[64209],Barley Mow Centre, Unit Bm2.04 London England W4 4PH
SPENTMORE DIGITAL LTD,16906814,active,ltd,,,2025-12-12,,2025-12-12,[46520, 62011],Office 15425 182-184 High Street North London United Kingdom E6 2JA
STELLAR SEA LTD,16906813,active,ltd,,,2025-12-12,,2025-12-12,[47910],128 City Road London United Kingdom EC1V 2NX
GWLC CONSULTING LIMITED,16906799,active,ltd,,,2025-12-12,,2025-12-12,[70221, 70229],128 City Road London United Kingdom EC1V 2NX
BLOXUP LIMITED,16906836,active,ltd,,,2025-12-12,,2025-12-12,[62012, 62020, 63110, 63120],71-75 Shelton Street London United Kingdom WC2H 9JQ
IMPERIAL STAR SALVADOR LTD,16906843,active,ltd,,,2025-12-12,,2025-12-12,[82990],Flat 24 George Lansbury House London England N22 5PD
KPSALESLDN LTD,16906855,active,ltd,,,2025-12-12,,2025-12-12,[47910, 47990],21 Brenthouse Road London England E9 6QG
AIMEEI LTD,16906847,active,ltd,,,2025-12-12,,2025-12-12,[85590, 85600],71-75 Shelton Street London United Kingdom WC2H 9JQ
HD DISTRIBUTIONS LTD,16906881,active,ltd,,,2025-12-12,,2025-12-12,[46390],103 Brick Lane London England E1 6SE
MALDIN HEIDAR LIMITED,16906863,active,ltd,,,2025-12-12,,2025-12-12,[64209],Flat 52 Peabody Tower London England EC1Y 0RU
IONYZE HOLDINGS LTD,16906944,active,ltd,,,2025-12-12,,2025-12-12,[64209],167-169 Great Portland Street London England W1W 5PF
THE NINETY NINE COMMUNITY LTD,16906979,active,ltd,,,2025-12-12,,2025-12-12,[62090],Suite Ra01 195-197 Wood Street London England E17 3NU
GRAVE REMAINS LTD,16906986,active,ltd,,,2025-12-12,,2025-12-12,[59111],74 The Sandlings London England N22 6XS
FUSION POINT ONE LIMITED,16906991,active,ltd,,,2025-12-12,,2025-12-12,[68100, 68209, 68320],115 Park Street London United Kingdom W1K 7AP
PRIMESTITCH LTD,16906977,active,ltd,,,2025-12-12,,2025-12-12,[14132],71-75 Shelton Street London United Kingdom WC2H 9JQ
B2B SOCIAL MEDIA SERVICES LTD,16907003,active,ltd,,,2025-12-12,,2025-12-12,[73110],141 Farmer Road London United Kingdom E10 5DJ
NRI GROUP LTD,16907004,active,ltd,,,2025-12-12,,2025-12-12,[96090],Unit A3, Gateway Tower London United Kingdom E16 1YL
WINTH LTD,16906990,active,ltd,,,2025-12-12,,2025-12-12,[56101, 56103, 56210],103 King Street London England W6 9JG
SNAP2D TECHNOLOGIES LTD,16906987,active,ltd,,,2025-12-12,,2025-12-12,[62012, 62020],71-75 Shelton Street London United Kingdom WC2H 9JQ
RESTORE PSYCHOLOGY LIMITED,16907022,active,ltd,,,2025-12-12,,2025-12-12,[74909, 86900, 96090],4th Floor 4 Tabernacle Street London United Kingdom EC2A 4LU
A RUNNING STITCH FILM LIMITED,16907070,active,ltd,,,2025-12-12,,2025-12-12,[59111],27 Mortimer Street London England W1T 3BL
DACSO DIGITAL LTD,16907055,active,ltd,,,2025-12-12,,2025-12-12,[62012, 62020, 73110],71-75 Shelton Street London United Kingdom WC2H 9JQ
THEO KOROS LTD,16907057,active,ltd,,,2025-12-12,,2025-12-12,[70229],128 City Road London United Kingdom EC1V 2NX
BAGUETTE LIMITED,16907101,active,ltd,,,2025-12-12,,2025-12-12,[56103],Second Floor, Sutherland House London United Kingdom NW9 7BT
TRADEHIVE GROUP LTD,16907075,active,ltd,,,2025-12-12,,2025-12-12,[45112, 62020, 96020],20 Wenlock Road London England N1 7GU
K&Q WATCHES LONDON LIMITED,16907087,active,ltd,,,2025-12-12,,2025-12-12,[47770],9 St. Cross Street London England EC1N 8UB
CRESVA COMMERCE GROUP LIMITED,16907083,active,ltd,,,2025-12-12,,2025-12-12,[47910],71-75 Shelton Street London United Kingdom WC2H 9JQ
TRICONARC LTD,16907078,active,ltd,,,2025-12-12,,2025-12-12,[41202, 70229, 71111, 96090],338a Regents Park Road London United Kingdom N3 2LN
LITTLE SWANS NEUROLOGY LIMITED,16907159,active,ltd,,,2025-12-12,,2025-12-12,[86220],275 New North Road London England N1 7AA
NOVA PRO DISTRIBUTION LTD,16907191,active,ltd,,,2025-12-12,,2025-12-12,[46740, 47540],128 City Road London United Kingdom EC1V 2NX
SJW ASSETS LTD,16907210,active,ltd,,,2025-12-12,,2025-12-12,[68209],1 Kings Avenue Winchmore Hill United Kingdom N21 3NA
FZCO DIGITAL LTD,16907213,active,ltd,,,2025-12-12,,2025-12-12,[47910, 62012, 63120],71-75 Shelton Street London United Kingdom WC2H 9JQ
FRUITY FESTIVALS LTD,16907229,active,ltd,,,2025-12-12,,2025-12-12,[90010],2nd Floor College House Ruislip, United Kingdom HA4 7AE
ASEER HILLS LTD,16907234,active,ltd,,,2025-12-12,,2025-12-12,[46390, 46730],54 Albert Square London England E15 1HH
GRJEWELLERS LTD,16907251,active,ltd,,,2025-12-12,,2025-12-12,[47710],3rd Floor, 86-90 Paul Street London England EC2A 4NE
LINESTAR LTD,16907252,active,ltd,,,2025-12-12,,2025-12-12,[98000],12 Fernhurst Gardens London England HA8 7PH
PRISM BUILDERS LIMITED,16907303,active,ltd,,,2025-12-12,,2025-12-12,[64209],25 Carnaby Street London England W1F 7DE
EASYSHIFT TRANSPORT LTD,16901240,active,ltd,,,2025-12-10,,2025-12-10,[49420],40a Church Lane Barnet London United Kingdom N2 8DT
DUALNORTH ADVISORY LTD,16901233,active,ltd,,,2025-12-10,,2025-12-10,[74909],59 Riverview Grove London United Kingdom W4 3QP
ASR 115 LTD,16901309,active,ltd,,,2025-12-10,,2025-12-10,[68100],C/O 32 Castlewood Road London England N16 6DW
ZK VENTURES LTD,16901305,active,ltd,,,2025-12-10,,2025-12-10,[47990],Office 16059 182-184 High Street North London United Kingdom E6 2JA
HUCKLETREE 1 LIMITED,16901333,active,ltd,,,2025-12-10,,2025-12-10,[68209, 82110],Huckletree London United Kingdom EC2A 2JN
EDAMI LTD,16901325,active,ltd,,,2025-12-10,,2025-12-10,[10710, 56103],Flat 2 The Textile Building 31a London England E9 6FJ
SHAH MEER TRADING LTD,16901328,active,ltd,,,2025-12-10,,2025-12-10,[47990],Office 16111 182-184 High Street North London United Kingdom E6 2JA
RURESTORE LTD,16901337,active,ltd,,,2025-12-10,,2025-12-10,[47750],27 Old Gloucester Street London United Kingdom WC1N 3AX
KABZ ACCOMMODATIONS LIMITED,16901424,active,ltd,,,2025-12-10,,2025-12-10,[68100, 68201, 68209, 68320],71-75 Shelton Street London United Kingdom WC2H 9JQ
WAVE GLOBAL GROUP LIMITED,16901436,active,ltd,,,2025-12-10,,2025-12-10,[64209],Ground Floor & Lower Ground Floor Bonhill Street United Kingdom EC2A 4BX
VITERO LIMITED,16901478,active,ltd,,,2025-12-10,,2025-12-10,[46690, 70229, 73110, 77390],5 Brayford Square London England E1 0SG
SHW SOLUTIONS LTD,16901473,active,ltd,,,2025-12-10,,2025-12-10,[68100, 68201, 68209, 68320],71-75 Shelton Street London United Kingdom WC2H 9JQ
SKYLINE ENTERPRISES (SOUTH) LIMITED,16901465,active,ltd,,,2025-12-10,,2025-12-10,[41100],128 City Road London United Kingdom EC1V 2NX
PAPER ROCKET PRODUCTIONS LIMITED,16901467,active,ltd,,,2025-12-10,,2025-12-10,[59120],Unit 4 Blue Lion Place London United Kingdom SE1 4PU
THE ARGUS WATCH LTD,16901499,active,ltd,,,2025-12-10,,2025-12-10,[62020, 74909],71-75 Shelton Street London United Kingdom WC2H 9JQ
GEROMEL HOMES LTD,16901633,active,ltd,,,2025-12-10,,2025-12-10,[68209],2nd Floor College House Ruislip, United Kingdom HA4 7AE
VERA WARCHAVCHIK PSYCHOANALYST LTD,16901576,active,ltd,,,2025-12-10,,2025-12-10,[86900],13 St. Swithin's Lane London England EC4N 8AL
RISING ROUTES PSYCHOLOGY SERVICES LTD,16901634,active,ltd,,,2025-12-10,,2025-12-10,[74909, 85600, 86900],167-169 Great Portland Street London England W1W 5PF
GLERENCO LTD,16901702,active,ltd,,,2025-12-10,,2025-12-10,[70229],73 Cornhill London United Kingdom EC3V 3QQ
NACHAS INVESTMENTS LIMITED,16901680,active,ltd,,,2025-12-10,,2025-12-10,[68209],New Burlington House London England NW11 0PU
VITAL GRAPE ESSENCE LTD,16901679,active,ltd,,,2025-12-10,,2025-12-10,[64209],20-22 Wenlock Road London United Kingdom N1 7GU
PARTNER PUBLICATIONS LTD,16901764,active,ltd,,,2025-12-10,,2025-12-10,[58141, 58190],128 City Road London United Kingdom EC1V 2NX
INDURUS LIMITED,16901765,active,ltd,,,2025-12-10,,2025-12-10,[70210, 70229, 85590, 96040],71-75 Shelton Street London United Kingdom WC2H 9JQ
ASPIRE WOLVERHAMPTON LIMITED,16901761,active,ltd,,,2025-12-10,,2025-12-10,[85600],Ah Holding Company London United Kingdom EC2A 4NE
POPULI-PRODUCTIONS LIMITED,16901840,active,ltd,,,2025-12-10,,2025-12-10,[90030],71-75 Shelton Street London United Kingdom WC2H 9JQ
GREEN AND RED LTD,16901815,active,ltd,,,2025-12-10,,2025-12-10,[47910, 58190, 62012, 85590],128 City Road London United Kingdom EC1V 2NX
SHAREKTE163 LTD,16901822,active,ltd,,,2025-12-10,,2025-12-10,[46900],275 New N Rd #3110 London London United Kingdom N1 7AA
QBT COURIERS LIMITED,16901910,active,ltd,,,2025-12-10,,2025-12-10,[53100],48 Weydown Close London England SW19 6JG
BIRDSFYOP LTD,16901955,active,ltd,,,2025-12-10,,2025-12-10,[47910],Unit 786 Ground Floor Capital House London United Kingdom E8 1LL
SILVERPINE ARC LTD,16901927,active,ltd,,,2025-12-10,,2025-12-10,[47910],128 City Road London United Kingdom EC1V 2NX
TCG MAZ LTD,16901960,active,ltd,,,2025-12-10,,2025-12-10,[47910],20 Wenlock Road London England N1 7GU
NUVI ASSOCIATES LTD,16901983,active,ltd,,,2025-12-10,,2025-12-10,[10890, 56103],92 High Street London England N8 7NT
ALUOWEN LIMITED,16902028,active,ltd,,,2025-12-10,,2025-12-10,[47910],292388 Office Suite 29a, 3/F 23 Wharf Street London England SE8 3GG
GALBRAITH RUSHBY UK LIMITED,16902036,active,ltd,,,2025-12-10,,2025-12-10,[69201],10 Staveley Gardens London England W4 2SA
CURLÉGRAPHY LIMITED,16902068,active,ltd,,,2025-12-10,,2025-12-10,[47990],Flat 6 Ashview Apartments London England N4 1FN
BENEDIKT BOOKS LIMITED,16902067,active,ltd,,,2025-12-10,,2025-12-10,[69202],Flat 8 Enville Court London England N16 6AS
ELSA BERHA DAWIT LTD,16902103,active,ltd,,,2025-12-10,,2025-12-10,[47910],292279, Office Suite 29a, 3/F 23 Wharf Street London England SE8 3GG
REPAIR 365 LTD,16902132,active,ltd,,,2025-12-10,,2025-12-10,[43220],124-128 City Road London England EC1V 2NX
HONG KONG KEYNAT E-COMMERCE CO LIMITED,16902176,active,ltd,,,2025-12-10,,2025-12-10,[47910],Unit 113 48 Waterside Heights London United Kingdom E16 2GP
OBERNDOERFER UK HOLDINGS LTD,16902231,active,ltd,,,2025-12-10,,2025-12-10,[64209],167-169 Great Portland Street London England W1W 5PF
DEZSO CREATIVE LTD,16902240,active,ltd,,,2025-12-10,,2025-12-10,[62090],124-128 City Road London England EC1V 2NX
MARKETING SERVICES WORLDWIDE LTD,16902289,active,ltd,,,2025-12-10,,2025-12-10,[73110],27 Old Gloucester Street London United Kingdom WC1N 3AX
SKY PILLAR LTD,16902283,active,ltd,,,2025-12-10,,2025-12-10,[47890, 47910],3rd Floor, 86-90 Paul Street London United Kingdom EC2A 4NE
TORCHBEARERS LTD,16902362,active,ltd,,,2025-12-10,,2025-12-10,[78109],27 Old Gloucester Street London United Kingdom WC1N 3AX
ACJ SOURCING LTD,16902380,active,ltd,,,2025-12-10,,2025-12-10,[68310],71-75 Shelton Street London United Kingdom WC2H 9JQ
ARLINGTON PARK LIMITED,16902448,active,ltd,,,2025-12-10,,2025-12-10,[82990],2 Leman Street London United Kingdom E1W 9US
GOLDHORNCONSULTING LTD,16902481,active,ltd,,,2025-12-10,,2025-12-10,[70229],124-128 City Road London England EC1V 2NX
HOUSE OF NIGREDO LTD,16888487,active,ltd,,,2025-12-03,,2025-12-03,[58110, 59111],G01 Vic Johnson House London England E3 2SB
E11 STORE LIMITED,16902506,active,ltd,,,2025-12-10,,2025-12-10,[47110],341-345 High Road Leytonstone London England E11 4JT
EVIL TEDDY LTD,16902510,active,ltd,,,2025-12-10,,2025-12-10,[62020],86-90 Paul Street London England EC2A 4NE
HRNB LIMITED,16902543,active,ltd,,,2025-12-10,,2025-12-10,[68100],Flat 2 Weldon Court London England N21 1PS
KLONE A LIMITED,16902583,active,ltd,,,2025-12-10,,2025-12-10,[59112, 62090, 63990, 73110],86-90 Paul Street London England EC2A 4NE
TRAVEL CENTRAL EUROPA LIMITED,16902589,active,ltd,,,2025-12-10,,2025-12-10,[79120, 85590],75 Maygrove Road West Hampstead London United Kingdom NW6 2EG
PRIMEFLOW GLOBAL TRADING LIMITED,16902697,active,ltd,,,2025-12-10,,2025-12-10,[46180, 47910, 47990],71-75 Shelton Street London United Kingdom WC2H 9JQ
REMBRANDT CLOSE LTD,16902681,active,ltd,,,2025-12-10,,2025-12-10,[98000],6 Rembrandt Close London England SW1W 8HS
AIPLUSME LTD,16902699,active,ltd,,,2025-12-10,,2025-12-10,[62020, 63990],128 City Road London United Kingdom EC1V 2NX
ALIMAYA LTD,16902774,active,ltd,,,2025-12-10,,2025-12-10,[47910],2nd Floor College House Ruislip, United Kingdom HA4 7AE
HOQUE HOUSE LTD,16902777,active,ltd,,,2025-12-10,,2025-12-10,[68209],119-121 Whitechapel Road London England E1 1DT
TERAVOXUS (HOLDINGS) LIMITED,16902827,active,ltd,,,2025-12-10,,2025-12-10,[62011, 63120, 63990],71-75 Shelton Street London United Kingdom WC2H 9JQ
COPPER ZEPHYR LTD,16902864,active,ltd,,,2025-12-10,,2025-12-10,[99999],20 Wenlock Road London England N1 7GU
KARYNA BARMANOVA TRADING LTD,16902878,active,ltd,,,2025-12-10,,2025-12-10,[47910],71-75 Shelton Street London United Kingdom WC2H 9JQ
LUKEWARM SOCIAL LTD,16902883,active,ltd,,,2025-12-10,,2025-12-10,[70210, 73110],178 Brookscroft Road London England E17 4JR
OMX LIMITED,16902876,active,ltd,,,2025-12-10,,2025-12-10,[90030],20 Wenlock Road London England N1 7GU
PINNACLE PBKA HOLDINGS LTD,16902929,active,ltd,,,2025-12-10,,2025-12-10,[64209],183 Angel Place London England N18 2UD
BELLA & STYLE LTD,16902934,active,ltd,,,2025-12-10,,2025-12-10,[47710, 47799, 47910],13 Tunmarsh Lane London England E13 9ND
RIPLO LIMITED,16902933,active,ltd,,,2025-12-10,,2025-12-10,[62012],167-169 Great Portland Street London England W1W 5PF
LUNA AA LTD,16903008,active,ltd,,,2025-12-10,,2025-12-10,[56102],500 White Hart Lane London England N17 7NA
PRIVATE PROPERTY DEVELOPMENT LIMITED,16903064,active,ltd,,,2025-12-10,,2025-12-10,[68209],11 Rokeland House Turnham Road London United Kingdom SE4 2HW
JAVELIN TALENT LIMITED,16903087,active,ltd,,,2025-12-10,,2025-12-10,[78109],27 Old Gloucester Street London United Kingdom WC1N 3AX
TREESTONE INVESTMENTS LIMITED,16903119,active,ltd,,,2025-12-10,,2025-12-10,[68209],20 London Road Haywards Heath England RH17 6PZ
TCOMM LTD,16903199,active,ltd,,,2025-12-10,,2025-12-10,[61900],3rd Floor, 86-90 Paul Street London England EC2A 4NE
DELIVERED INN LTD,16903215,active,ltd,,,2025-12-10,,2025-12-10,[56210],Flat 10, Chester Court London United Kingdom SE4 1BD
ONE STOP BUILD & MAINTENANCE LTD,16903319,active,ltd,,,2025-12-10,,2025-12-10,[41202, 43290, 43999],124-128 City Road London England EC1V 2NX
MINAS NAILS GG LTD,16903348,active,ltd,,,2025-12-10,,2025-12-10,[96020],75 Golders Green Road London United Kingdom NW11 8EN
JOYAK & DOL LTD,16903387,active,ltd,,,2025-12-11,,2025-12-11,[46499, 47650, 47910],Flat 808 Quill House 1 Plowden Road London England SE3 9JG
LIME SKY TRADING LTD,16903502,active,ltd,,,2025-12-11,,2025-12-11,[56103],1 Kings Avenue Winchmore Hill United Kingdom N21 3NA
CRESENT CRAVE LTD,16903755,active,ltd,,,2025-12-11,,2025-12-11,[56103],3 State Parade Ilford England IG6 2EY
SOUL GLOW SANCTUARY LTD,16903744,active,ltd,,,2025-12-11,,2025-12-11,[70229, 85590, 86900, 96040],71-75 Shelton Street London United Kingdom WC2H 9JQ
MULTIWORLD LIMITED,16903799,active,ltd,,,2025-12-11,,2025-12-11,[96090],72 Halliwick Road London England N10 1AB
EPHESUS BARBER (LONDON) LTD,16903812,active,ltd,,,2025-12-11,,2025-12-11,[96020],87 Mill Mead Business Centre London England N17 9QU
LULU NOIR LTD,16903813,active,ltd,,,2025-12-11,,2025-12-11,[96020],Lower Ground Floor West London United Kingdom W1U 5EW
TOOLS&CONSTRUCTION 12196288 LTD.,16903814,active,ltd,,,2025-12-11,,2025-12-11,[99999],141 Somerset Gardens London United Kingdom N17 8JX
LUKE EROTOKRITOU LTD,16903873,active,ltd,,,2025-12-11,,2025-12-11,[68310],140 Ordnance Road London United Kingdom EN3 6BY
AVEN ROSSA LTD,16903872,active,ltd,,,2025-12-11,,2025-12-11,[47910],167-169 Great Portland Street 5th Floor Greater London United Kingdom W1W 5PF
MECO COLLECTIVE LTD,16903868,active,ltd,,,2025-12-11,,2025-12-11,[47910, 86900],3rd Floor, 86-90 Paul Street London United Kingdom EC2A 4NE
RAGSTONE INVEST LTD,16903945,active,ltd,,,2025-12-11,,2025-12-11,[68209],60 Olinda Road London England N16 6TL
LKC GLOBAL LIMITED,16903954,active,ltd,,,2025-12-11,,2025-12-11,[64999],71-75 Shelton Street London United Kingdom WC2H 9JQ
HERO MAGIC LTD,16903959,active,ltd,,,2025-12-11,,2025-12-11,[47910],20 Wenlock Road London United Kingdom N1 7GU
BRINE ECHO LTD,16903946,active,ltd,,,2025-12-11,,2025-12-11,[99999],20 Wenlock Road London England N1 7GU
ELMS GARDEN DESIGN LTD,16904041,active,ltd,,,2025-12-11,,2025-12-11,[96090],71-75 Shelton Street London United Kingdom WC2H 9JQ
FTNC TECHNOLOGIES LTD,16904039,active,ltd,,,2025-12-11,,2025-12-11,[45310, 45320, 46900, 47640],4th Floor Office London England W1B 4HB
HANS NO 3 LTD,16901248,active,ltd,,,2025-12-10,,2025-12-10,[68100],3rd Floor 33 Lowndes Street London United Kingdom SW1X 9HX
EFKA URBAN LIVING LIMITED,16901246,active,ltd,,,2025-12-10,,2025-12-10,[68100],239-241 Kennington Lane London England SE11 5QU
ZSJ INVESTMENTS LTD,16901362,active,ltd,,,2025-12-10,,2025-12-10,[68209],14/2g Docklands Business Centre London United Kingdom E14 8PX
ADVIS3D LTD.,16901368,active,ltd,,,2025-12-10,,2025-12-10,[46900, 71121, 71122, 77400],71-75 Shelton Street London United Kingdom WC2H 9JQ
J2J COMPLIANCE GROUP LTD,16901403,active,ltd,,,2025-12-10,,2025-12-10,[74901],128 City Road London United Kingdom EC1V 2NX
SAFETY PLUS GROUP UK LTD,16901398,active,ltd,,,2025-12-10,,2025-12-10,[70229],Flat 809 Rosalina House 26 Piazza Walk London England E1 8ZN
RANDENIGALA DISTILLERIES LANKA LIMITED,16901507,active,ltd,,,2025-12-10,,2025-12-10,[46900],Office 16023 182-184 High Street North London United Kingdom E6 2JA
KOBO SRL LIMITED,16901511,active,ltd,,,2025-12-10,,2025-12-10,[58190, 73110],71-75 Shelton Street London United Kingdom WC2H 9JQ
BOOST PROJECTS LTD,16901667,active,ltd,,,2025-12-10,,2025-12-10,[70229],128 City Road London United Kingdom EC1V 2NX
MOBILE MART LONDON LTD,16901664,active,ltd,,,2025-12-10,,2025-12-10,[47421],101 High Street North London United Kingdom E6 1HZ
TOUCHPOINT.SYSTEMS IP LTD,16901642,active,ltd,,,2025-12-10,,2025-12-10,[58190, 63990],128 City Road London United Kingdom EC1V 2NX
ZAKAYA MEDIA LTD,16901710,active,ltd,,,2025-12-10,,2025-12-10,[99999],20 Wenlock Road London England N1 7GU
SENDRISE LTD,16901716,active,ltd,,,2025-12-10,,2025-12-10,[62012, 62090],128 City Road London United Kingdom EC1V 2NX
ARHEA VENTURES LTD,16901727,active,ltd,,,2025-12-10,,2025-12-10,[64209],176 Franciscan Road London England SW17 8HH
ORCHARD CLOSE SW20 LTD,16901787,active,ltd,,,2025-12-10,,2025-12-10,[41100],124 Bizspace 8 Lombard Road Wimbdleon England SW19 3TZ
RAFIX STUDIO LIMITED,16901798,active,ltd,,,2025-12-10,,2025-12-10,[47910, 73110],483 Green Lanes London United Kingdom N13 4BS
GOLDBERG SANCS LTD,16901790,active,ltd,,,2025-12-10,,2025-12-10,[70229],128 City Road London United Kingdom EC1V 2NX
DIGI MAINTAIN IT SERVICES LTD,16901803,active,ltd,,,2025-12-10,,2025-12-10,[62012, 62020, 62030, 62090],128 City Road London United Kingdom EC1V 2NX
AVENCOR LIMITED,16901874,active,ltd,,,2025-12-10,,2025-12-10,[74902],71-75 Shelton Street London United Kingdom WC2H 9JQ
360X LTD,16901858,active,ltd,,,2025-12-10,,2025-12-10,[59111, 62012, 74201, 77210],128 City Road London United Kingdom EC1V 2NX
LICHFIELD RESTAURANT LTD,16901885,active,ltd,,,2025-12-10,,2025-12-10,[56101],340 West End Lane London England NW6 1LN
RANBOWA LTD,16902000,active,ltd,,,2025-12-10,,2025-12-10,[47910],Unit 788 Ground Floor Capital House London United Kingdom E8 1LL
LOTUS NGUYEN CONSULTING LIMITED,16902009,active,ltd,,,2025-12-10,,2025-12-10,[47990],Office 15960, 182-184 High Street North London United Kingdom E6 2JA
NEXORA DEVELOPMENTS LIMITED,16901989,active,ltd,,,2025-12-10,,2025-12-10,[43999],5 Antlers Hill London England E4 7RT
BROOK CONSULTANCY PARTNERS LTD,16902057,active,ltd,,,2025-12-10,,2025-12-10,[70229, 82990],155 Bell Lane London England NW4 2AP
INNOVAT ENERGY LIMITED,16902076,active,ltd,,,2025-12-10,,2025-12-10,[35140],63-66 Hatton Garden London England EC1N 8LE
HGO BROADWAY HOLDCO LIMITED,16902092,active,ltd,,,2025-12-10,,2025-12-10,[96090],101 New Cavendish Street London United Kingdom W1W 6XH
EYECONIC STUDIOS CIC,16902082,active,ltd,community-interest-company,,2025-12-10,,2025-12-10,[90020],50 Avondale Road London England N15 3SH
CONNAUGHT PROPERTIES TWO LTD,16902081,active,ltd,,,2025-12-10,,2025-12-10,[68209],C/O Getground London England W6 0NB
MONOLITHIC LTD,16902112,active,ltd,,,2025-12-10,,2025-12-10,[58290, 62012, 62020, 63120],128 City Road London United Kingdom EC1V 2NX
DREAM BIG ENTERTAINMENT LTD,16902114,active,ltd,,,2025-12-10,,2025-12-10,[82990, 90030],4th Floor Office London England W1B 4HB
SONOLOOM LTD,16902152,active,ltd,,,2025-12-10,,2025-12-10,[59200],3rd Floor, 86-90 Paul Street London United Kingdom EC2A 4NE
KNOT TECHNOLOGIES LTD,16902184,active,ltd,,,2025-12-10,,2025-12-10,[62012],86-90 Paul Street London England EC2A 4NE
F&E PROPERTY SERVICES LTD,16902197,active,ltd,,,2025-12-10,,2025-12-10,[96090],48 Telford Avenue London England SW2 4XF
POWERWALL SYSTEMS LTD,16902205,active,ltd,,,2025-12-10,,2025-12-10,[41100, 41202, 43999],Flat B 1 Saint Marys Avenue London United Kingdom N3 1SN
ANNEXKAYCLOTHING LTD,16902225,active,ltd,,,2025-12-10,,2025-12-10,[74100],16145, 182-184 High Street North London United Kingdom E6 2JA
CITADEL SECURITIES EUROPE SERVICES II LIMITED,16902204,active,ltd,,,2025-12-10,,2025-12-10,[82990],120 London Wall London United Kingdom EC2Y 5ET
LIVERY CAPITAL LTD,16902282,active,ltd,,,2025-12-10,,2025-12-10,[74909],71-75 Shelton Street London United Kingdom WC2H 9JQ
THE BIG SPRING GROUP LTD,16902277,active,ltd,,,2025-12-10,,2025-12-10,[70210, 70229],167-169 Great Portland Street London United Kingdom W1W 5PF
HURLEY ENGINEERING CONSULTANCY LTD,16902323,active,ltd,,,2025-12-10,,2025-12-10,[71129],3rd Floor, 86-90 Paul Street London United Kingdom EC2A 4NE
RAPHSON LIMITED,16902337,active,ltd,,,2025-12-10,,2025-12-10,[62012, 62020],167-169 Great Portland Street London United Kingdom W1W 5PF
KOPF GREEN ENERGY LTD,16902376,active,ltd,,,2025-12-10,,2025-12-10,[43220],148a Queens Road London England SE15 2HP
NAGY PROPERTIES LTD,16902400,active,ltd,,,2025-12-10,,2025-12-10,[68209],20 Wenlock Road London England N1 7GU
CHRISTOPHER IOANNOU LTD,16902393,active,ltd,,,2025-12-10,,2025-12-10,[71111],142a Columbia Road London England E2 7RG
STARWELL & LANGSHIRE LTD,16902415,active,ltd,,,2025-12-10,,2025-12-10,[47910],71-75 Shelton Street London United Kingdom WC2H 9JQ
DOLANE LTD,16902504,active,ltd,,,2025-12-10,,2025-12-10,[47190],Flat 19 Alpha House London United Kingdom NW6 5TE
KMD WHOLESALE UK LTD,16902555,active,ltd,,,2025-12-10,,2025-12-10,[46900, 47110],71-75 Shelton Street London United Kingdom WC2H 9JQ
THE ENERGETIC EDGE LTD,16902560,active,ltd,,,2025-12-10,,2025-12-10,[59112, 70229, 85590, 96040],86-90 Paul Street London England EC2A 4NE
POLARFACE GROUP LIMITED,16902559,active,ltd,,,2025-12-10,,2025-12-10,[59200],20-22 Wenlock Road London England N1 7GU
OAKMONT CONTRACTORS LTD,16902611,active,ltd,,,2025-12-10,,2025-12-10,[41202],Birkenhead House, Flat 16 London United Kingdom N7 8QD
KYNANCE COVE UK SERVICES LIMITED,16902635,active,ltd,,,2025-12-10,,2025-12-10,[64209],C/O Buzzacott Llp London United Kingdom EC2V 6DL
LEGACY MIND LTD,16902615,active,ltd,,,2025-12-10,,2025-12-10,[32120, 46900, 47789],5 Brayford Square London England E1 0SG
DADRA DESIGN & BUILD LTD,16902760,active,ltd,,,2025-12-10,,2025-12-10,[41202],190 Forest Road London England E17 6JG
ZONE360ESTATE LTD,16902807,active,ltd,,,2025-12-10,,2025-12-10,[41100, 55100, 68100, 68209],338a Regents Park Road London United Kingdom N3 2LN
BELVEDERE PROPERTY GROUP LIMITED,16902853,active,ltd,,,2025-12-10,,2025-12-10,[68100, 68209, 68320],6 Tizzard Grove London United Kingdom SE3 9DH
FMPH CONTINENTAL EUROPE LIMITED,16902867,active,ltd,,,2025-12-10,,2025-12-10,[96090],167-169 Great Portland Street London England W1W 5PF
STONEPEAK AMBER TOPCO LIMITED,16902898,active,ltd,,,2025-12-10,,2025-12-10,[64209],First Floor London United Kingdom W1F 9JG
MOLLIPOPS PROPERTY LIMITED,16902901,active,ltd,,,2025-12-10,,2025-12-10,[68100, 68209],40a Royal Hill London United Kingdom SE10 8RT
FEEL AI LTD,16902962,active,ltd,,,2025-12-10,,2025-12-10,[62090],27 Westcoombe Avenue London England SW20 0RQ
ATAMAN LABS LTD,16902997,active,ltd,,,2025-12-10,,2025-12-10,[47910, 62012, 70229],4 Raven Road, Unit 1c3-989 London United Kingdom E18 1HB
TJN VENTURES GROUP LTD,16888623,active,ltd,,,2025-12-03,,2025-12-03,[64209],71-75 Shelton Street London United Kingdom WC2H 9JQ
AMASQIS.AI LIMITED,16903076,active,ltd,,,2025-12-10,,2025-12-10,[58290, 62012, 62020, 62090],128 City Road London United Kingdom EC1V 2NX
NICHOLAS CAULKETT DESIGN CONSULTANCY LTD,16903147,active,ltd,,,2025-12-10,,2025-12-10,[71111],1259 London Road Leigh-On-Sea England SS9 2AF
SETUP SYNDICATE HOME TECH LTD,16903180,active,ltd,,,2025-12-10,,2025-12-10,[62090],86-90 Paul Street London England EC2A 4NE
STARSHIRE LIMITED,16903243,active,ltd,,,2025-12-10,,2025-12-10,[47890, 47910, 56103],Flat 8 Wilson House London England SE7 7TQ
CLS BROKERAGE LIMITED,16903540,active,ltd,,,2025-12-11,,2025-12-11,[74909, 77400, 80300, 82990],4th Floor 4 Tabernacle Street London United Kingdom EC2A 4LU
SALVIN LTD,16903627,active,ltd,,,2025-12-11,,2025-12-11,[56302],20 Wenlock Road London England N1 7GU
STILLWATER ESTATES LTD,16903705,active,ltd,,,2025-12-11,,2025-12-11,[68209, 68310],71-75 Shelton Street London United Kingdom WC2H 9JQ
LIGHTLIFE CARE LTD,16903701,active,ltd,,,2025-12-11,,2025-12-11,[87200, 88100, 88990],128 City Road London United Kingdom EC1V 2NX
END CLOTHING FASHION LTD,16903731,active,ltd,,,2025-12-11,,2025-12-11,[46420],71-75 Shelton Street London United Kingdom WC2H 9JQ
OBSIDIAN DRIFT LTD,16903734,active,ltd,,,2025-12-11,,2025-12-11,[99999],20 Wenlock Road London England N1 7GU
ZUNIKH DEVONSHIRE LIMITED,16903727,active,ltd,,,2025-12-11,,2025-12-11,[41100, 68100, 68209, 68320],71-75 Shelton Street London United Kingdom WC2H 9JQ
NO LIMITS COMMERCE LIMITED,16903739,active,ltd,,,2025-12-11,,2025-12-11,[47910, 70229, 96090],71-75 Shelton Street London England WC2H 9JQ
TBA COURIERS LTD,16903784,active,ltd,,,2025-12-11,,2025-12-11,[52243, 52290],3rd Floor 45, Albemarle Street London England W1S 4JL
NEW CAMBRIDGE INNOVATION LTD.,16903776,active,ltd,,,2025-12-11,,2025-12-11,[68209],C/O Getground London England W6 0NB
EMDYN LTD,16903829,active,ltd,,,2025-12-11,,2025-12-11,[62012],27 Old Gloucester Street London United Kingdom WC1N 3AX
ZUBE TECH LTD,16903822,active,ltd,,,2025-12-11,,2025-12-11,[62020],128 City Road London United Kingdom EC1V 2NX
KAROM CAPITAL ADVISERS LIMITED,16903896,active,ltd,,,2025-12-11,,2025-12-11,[70229],71-75 Shelton Street London United Kingdom WC2H 9JQ
UNCHARTED OCEAN VENTURES LIMITED,16903899,active,ltd,,,2025-12-11,,2025-12-11,[79901, 79909, 91040, 93290],71-75 Shelton Street London United Kingdom WC2H 9JQ
FAIZAN & CO LTD,16903891,active,ltd,,,2025-12-11,,2025-12-11,[47990],Office 16058 182-184 High Street North London United Kingdom E6 2JA
VERIDIA ENERGY LTD,16903901,active,ltd,,,2025-12-11,,2025-12-11,[46190],590 Kingston Road London England SW20 8DN
MISS LONDON LTD,16903904,active,ltd,,,2025-12-11,,2025-12-11,[47190],45b Brecknock Road London England N7 0BT
GAZELLE & LOTUS LTD,16903915,active,ltd,,,2025-12-11,,2025-12-11,[41100, 68100],Office 187 Unit 5, 399-405 Oxford Street London United Kingdom W1C 2BU
HAPPY HOMES SALFORD LIMITED,16903990,active,ltd,,,2025-12-11,,2025-12-11,[68100],Sutherland House London United Kingdom NW9 7BT
SOLEMAN BARBAR LTD,16903986,active,ltd,,,2025-12-11,,2025-12-11,[96020],87 Golborne Road London England W10 5NL
NORTHERN STANDARD PROPERTY MANAGEMENT LIMITED,16904022,active,ltd,,,2025-12-11,,2025-12-11,[68209],71-75 Shelton Street London United Kingdom WC2H 9JQ
SELLNES LTD.,16904018,active,ltd,,,2025-12-11,,2025-12-11,[47910, 70229],71-75 Shelton Street London United Kingdom WC2H 9JQ
REALESTEC LTD,16904029,active,ltd,,,2025-12-11,,2025-12-11,[74909],Flat 8 24 Pembridge Villas London England W11 3EL
TRELIGHTS PEBBLE LIMITED,16904058,active,ltd,,,2025-12-11,,2025-12-11,[64209],C/O Sheridans London United Kingdom W1F 0UR
ONATALU AI LTD,16907304,active,ltd,,,2025-12-12,,2025-12-12,[62020],167-169 Great Portland Street London England W1W 5PF
SITATION LTD,16907322,active,ltd,,,2025-12-12,,2025-12-12,[58290, 62012],71-75 Shelton Street London United Kingdom WC2H 9JQ
KIM COSMETICS LTD,16907338,active,ltd,,,2025-12-12,,2025-12-12,[46450],1b Shacklewell Lane London England E8 2DA
NOVA PACK TRADING LTD,16907422,active,ltd,,,2025-12-12,,2025-12-12,[46499, 47910, 52290],Suite Ra01 - 195-197 London England E17 3NU
MICROMOTIVE GADGETS LTD,16907427,active,ltd,,,2025-12-12,,2025-12-12,[45320, 47190, 47910, 47990],128 City Road London United Kingdom EC1V 2NX
FRAME XYZ UK LIMITED,16907493,active,ltd,,,2025-12-12,,2025-12-12,[62090],C/O Gowling Wlg London United Kingdom SE1 2AU
HERO-B LTD,16907518,active,ltd,,,2025-12-12,,2025-12-12,[70229],26 Church Road London England SW13 9HN
FO CONSULT LTD,16907544,active,ltd,,,2025-12-12,,2025-12-12,[70229],Estra House London England SW16 6HW
OTIUMBERG CHELSEA LIMITED,16907554,active,ltd,,,2025-12-12,,2025-12-12,[32130],2 Portland Road London England W11 4LA
P K CONSTRUCTION SERVICES LIMITED,16907530,active,ltd,,,2025-12-12,,2025-12-12,[43390],248 Church Lane Kingsbury England NW9 8SL
SE 100-128 LIMITED,16907528,active,ltd,,,2025-12-12,,2025-12-12,[68100, 68209, 68310],5 Brayford Square London England E1 0SG
VOSSE STUDIOS LIMITED,16907546,active,ltd,,,2025-12-12,,2025-12-12,[74201],Flat 5, Royal London House Birmingham United Kingdom B1 2AJ
EURO CREDIT OP LIMITED,16907570,active,ltd,,,2025-12-12,,2025-12-12,[64209],46 Great Marlborough Street London England W1F 7JW
BOREDVERU LTD,16907567,active,ltd,,,2025-12-12,,2025-12-12,[47910],Unit 791 Ground Floor Capital House London United Kingdom E8 1LL
ZAKLAD USLUG ELEKTRYCZNYCH ELPET LTD,16907589,active,ltd,,,2025-12-12,,2025-12-12,[33140, 42220, 43210, 82990],42-44 Bishopsgate London England EC2N 4AH
MAGUI DIGITAL LTD,16907584,active,ltd,,,2025-12-12,,2025-12-12,[47910],86-90 Paul Street London England EC2A 4NE
SPECTRUM GLOBAL ADVISORS LIMITED,16907583,active,ltd,,,2025-12-12,,2025-12-12,[69202, 70229, 73110, 78300],128 City Road London United Kingdom EC1V 2NX
SLH LONDON HOLDCO LIMITED,16907645,active,ltd,,,2025-12-12,,2025-12-12,[64209],10 Brook Street London W1S 1BG
HEBELKRAFT LTD,16907629,active,ltd,,,2025-12-12,,2025-12-12,[70210],3rd Floor, 86-90 Paul Street London United Kingdom EC2A 4NE
MUGEN CATALYST LTD,16907676,active,ltd,,,2025-12-12,,2025-12-12,[62020, 70229],71-75 Shelton Street London United Kingdom WC2H 9JQ
DUMANOP LTD,16907691,active,ltd,,,2025-12-12,,2025-12-12,[47910],Unit 790 Ground Floor Capital House London United Kingdom E8 1LL
VCTO PARTNERS LTD,16907687,active,ltd,,,2025-12-12,,2025-12-12,[62020],167-169 5th Floor Great Portland Street London England W1W 5PF
CHERKAOUI LTD,16907698,active,ltd,,,2025-12-12,,2025-12-12,[96020],71-75 Shelton Street London United Kingdom WC2H 9JQ
CARBON COMPOSITES LTD,16907711,active,ltd,,,2025-12-12,,2025-12-12,[33150],167-169 Great Portland Street, 5th Floor London England W1W 5PF
ARM FINANCIAL CONSULTING LIMITED,16907724,active,ltd,,,2025-12-12,,2025-12-12,[69201],Flat 4 61, Cavendish Road London United Kingdom NW6 7XS
ALPINBAU GROUP LTD,16907725,active,ltd,,,2025-12-12,,2025-12-12,[43390],167-169 Great Portland Street London England W1W 5PF
CAPITAL RC LTD,16907719,active,ltd,,,2025-12-12,,2025-12-12,[68209],20 Wenlock Road London England N1 7GU
TUXX LTD,16907739,active,ltd,,,2025-12-12,,2025-12-12,[58290, 62011, 62012, 62020],128 City Road London United Kingdom EC1V 2NX
BASK & BRINE LTD,16907744,active,ltd,,,2025-12-12,,2025-12-12,[56103, 56290],73 Narrow Street London United Kingdom E14 8DP
FLEXILINE COMMUNICATIONS LTD,16907747,active,ltd,,,2025-12-12,,2025-12-12,[61200],128 City Road London United Kingdom EC1V 2NX
141 DAWES ROAD LIMITED,16907765,active,ltd,,,2025-12-12,,2025-12-12,[68209],141a Dawes Road London United Kingdom SW6 7EB
RIVERS HEALTH LTD,16907772,active,ltd,,,2025-12-12,,2025-12-12,[87900, 88100, 88990],20 Wenlock Road London England N1 7GU
ODINE UK LIMITED,16907788,active,ltd,,,2025-12-12,,2025-12-12,[62020, 62090],25 Cabot Square London England E14 4QZ
BANBURY HANDYMAN SERVICES LTD,16907797,active,ltd,,,2025-12-12,,2025-12-12,[43999],124-128 City Road London United Kingdom EC1V 2NX
MSSFARTHE LTD,16907777,active,ltd,,,2025-12-12,,2025-12-12,[47910],Unit 789 Ground Floor Capital House London United Kingdom E8 1LL
SYNEXIS CONSULTING LTD,16907794,active,ltd,,,2025-12-12,,2025-12-12,[62020, 62090],20 Wenlock Road London England N1 7GU
NERD RAGE ASYLUM LIMITED,16907804,active,ltd,,,2025-12-12,,2025-12-12,[58190, 90030],24-26 Kingsbridge Avenue London England W3 9AJ
SALMORA HOLDINGS LTD,16907810,active,ltd,,,2025-12-12,,2025-12-12,[64209],3rd Floor, Great Titchfield House London United Kingdom W1W 8BD
FERGAL FLYNN LTD,16907806,active,ltd,,,2025-12-12,,2025-12-12,[47910],292680, Office Suite 29a, 3/F 23 Wharf Street London England SE8 3GG
SINGA SEWARDSTONE LIMITED,16907829,active,ltd,,,2025-12-12,,2025-12-12,[68209],46 Sewardstone Road London England E4 7PR
COPALLA LTD,16907831,active,ltd,,,2025-12-12,,2025-12-12,[62012],27 Old Gloucester Street London United Kingdom WC1N 3AX
OUR HORIZON GLOBAL LTD,16907847,active,ltd,,,2025-12-12,,2025-12-12,[47910, 79909, 82302, 93290],128 City Road London United Kingdom EC1V 2NX
COLVILLE GARDENS LTD,16907853,active,ltd,,,2025-12-12,,2025-12-12,[68209],5th Floor, 30-31 Furnival Street London United Kingdom EC4A 1JQ
072 PROPERTY LTD,16907843,active,ltd,,,2025-12-12,,2025-12-12,[68100, 68201, 68209],128 City Road London United Kingdom EC1V 2NX
CITY BELL LIMITED,16907863,active,ltd,,,2025-12-12,,2025-12-12,[68100, 68209, 68320],118 Greencroft Gardens London United Kingdom NW6 3PJ
BRIGHT CAPITAL UK LTD.,16907907,active,ltd,,,2025-12-12,,2025-12-12,[64205],Berkeley Square House London United Kingdom W1J 6BD
EISSEN LTD,16907935,active,ltd,,,2025-12-12,,2025-12-12,[74909],71-75 Shelton Street London United Kingdom WC2H 9JQ
PITER COMPOSITES LTD,16907962,active,ltd,,,2025-12-12,,2025-12-12,[29320, 33150, 33160],167-169 Great Portland Street, 5th Floor London England W1W 5PF
CS1 CONSULTANCY LIMITED,16907984,active,ltd,,,2025-12-12,,2025-12-12,[74902],71-75 Shelton Street London United Kingdom WC2H 9JQ
TETHYS ENTERTAINMENT LTD,16907996,active,ltd,,,2025-12-12,,2025-12-12,[59113, 59133],39 Long Acre London United Kingdom WC2E 9LG
LILY & IVY LTD,16908001,active,ltd,,,2025-12-12,,2025-12-12,[47910],128 City Road London United Kingdom EC1V 2NX
HUFC NSD LIMITED,16908014,active,ltd,,,2025-12-12,,2025-12-12,[93120],78 York Street London England W1H 1DP
KAIRO PLUS LTD,16908020,active,ltd,,,2025-12-12,,2025-12-12,[62012],5 Goldsmith Avenue London England W3 6HR
HPG SYSTEM DEPLOYMENT LTD,16908015,active,ltd,,,2025-12-12,,2025-12-12,[64209],20 Wenlock Road London England N1 7GU
YUMI HOLDINGS LIMITED,16908044,active,ltd,,,2025-12-12,,2025-12-12,[64209],13 Gorst Road London United Kingdom NW10 6LA
CHARIKATY LTD,16908058,active,ltd,,,2025-12-12,,2025-12-12,[69109, 69201, 70229, 74909],128 City Road London United Kingdom EC1V 2NX
CRESVO LTD,16908070,active,ltd,,,2025-12-12,,2025-12-12,[47910],71-75 Shelton Street London United Kingdom WC2H 9JQ
SPAVIUM LTD,16908091,active,ltd,,,2025-12-12,,2025-12-12,[62012, 63120, 63990],Suite 10291 5 Brayford Square London United Kingdom E1 0SG
ELEVENS11 LTD,16908085,active,ltd,,,2025-12-12,,2025-12-12,[47910],71-75 Shelton Street London United Kingdom WC2H 9JQ
FRAMESAURA LTD,16908082,active,ltd,,,2025-12-12,,2025-12-12,[73110],71-75 Shelton Street London United Kingdom WC2H 9JQ
TRIBE TRACKS LTD,16908079,active,ltd,,,2025-12-12,,2025-12-12,[58190],Flat C, 9 London United Kingdom W12 8BA
CAMPLYN LTD,16908150,active,ltd,,,2025-12-12,,2025-12-12,[47640],3rd Floor 207 Regent Street London United Kingdom W1B 3HH
ALTUN GROUP LIMITED,16908143,active,ltd,,,2025-12-12,,2025-12-12,[47910],71-75 Shelton Street London United Kingdom WC2H 9JQ
MOGOLD LTD,16908133,active,ltd,,,2025-12-12,,2025-12-12,[68100],36 Ravensdale Road London England N16 6SH
OMNIWAY LTD,16908191,active,ltd,,,2025-12-12,,2025-12-12,[46140, 46190],128 City Road London United Kingdom EC1V 2NX
EVENT READY LTD,16908192,active,ltd,,,2025-12-12,,2025-12-12,[82302, 93199],71-75 Shelton Street London United Kingdom WC2H 9JQ
PRESSUS LIMITED,16908229,active,ltd,,,2025-12-12,,2025-12-12,[47190],71-75 Shelton Street London United Kingdom WC2H 9JQ
MANDARIN CHINESE TAKEAWAY LTD,16908222,active,ltd,,,2025-12-12,,2025-12-12,[56103],109 London Road Grantham England NG31 6HS
SHAWBURY CONSULTANCY SERVICES LTD,16908239,active,ltd,,,2025-12-12,,2025-12-12,[70221, 70229, 82990, 96090],Flat D, London England SE6 2AE
ALPHA INTELLIGENCE STUDIO LTD,16908247,active,ltd,,,2025-12-12,,2025-12-12,[59112],58 London Road Wellingborough England NN29 7QP
ROUND PACE WALKS LTD,16908282,active,ltd,,,2025-12-12,,2025-12-12,[79120],103 Stanley Road London England N11 2LB
SHEENWOOD GROUP LTD,16908292,active,ltd,,,2025-12-12,,2025-12-12,[56101, 56103],31 Sheen Lane London England SW14 8AB
CHARTAX LTD,16908308,active,ltd,,,2025-12-13,,2025-12-13,[69201, 69202, 69203],Chartax Suite 103 18-36 Wellington Street London United Kingdom SE18 6PF
TYPWIN LTD,16908535,active,ltd,,,2025-12-13,,2025-12-13,[56101, 56103, 56210],103 King Street London England W6 9JG
DIASPORA INVESTORS SUMMIT AND TRADE FAIR NORTH EAST (DISTNE) LTD,16885650,active,ltd,,,2025-12-02,,2025-12-02,[70229, 82990],3 Bosgrove London England E4 6QT
TROPICTRADE LIMITED,16896281,active,ltd,,,2025-12-08,,2025-12-08,[46310],105 London Street Reading England RG1 4QD
HAMARWEYNE SHOP LTD,16908574,active,ltd,,,2025-12-13,,2025-12-13,[47190, 96090],46 Craven Park Road London England NW10 4AE
ANTON QUALITY BUILDERS & DECORATORS LTD,16908595,active,ltd,,,2025-12-13,,2025-12-13,[41202],16 Charnwood Road London United Kingdom SE25 6NU
ART RAK CONSTRUCTION LTD,16908733,active,ltd,,,2025-12-13,,2025-12-13,[43290],21 Shalimar Lodge Horn Lane London England W3 6PR
RIMAYA SOLUTIONS PVT LTD,16908750,active,ltd,,,2025-12-13,,2025-12-13,[62020],53 Ramsay Road London United Kingdom W3 8AZ
P&L CLEANS LTD,16906135,active,ltd,,,2025-12-12,,2025-12-12,[81299],5 Brayford Square London England E1 0SG
PHANTASIA RECORDS LTD,16894482,active,ltd,,,2025-12-06,,2025-12-06,[47910, 59200, 90030],167-169 Great Portland Street London England W1W 5PF
UNITED SERVICES & SOLUTION LTD,16908755,active,ltd,,,2025-12-13,,2025-12-13,[47910, 80100],121 Claude Road London England E10 6NF
TR AESTHETICS LIMITED,16908759,active,ltd,,,2025-12-13,,2025-12-13,[86900],25 Dressington Avenue London England SE4 1JQ
DARRYL DE PREZ LTD,16908767,active,ltd,,,2025-12-13,,2025-12-13,[32120, 47770],45 Blagdon Road London England SE13 7HH
C.A.A.S PUBLISHING LIMITED,16908779,active,ltd,,,2025-12-13,,2025-12-13,[59200],7a Victoria Road London England NW6 6SX
NAP ESTATES LTD,16908781,active,ltd,,,2025-12-13,,2025-12-13,[68100, 68209, 68320],18 Grosvenor Crescent London England NW9 9DA
ARMAND PROPERTIES LTD,16908805,active,ltd,,,2025-12-13,,2025-12-13,[68100],68 Larch Close London England N11 3NN
GAMMA GRADIENT LTD,16908871,active,ltd,,,2025-12-14,,2025-12-14,[73110],3rd Floor, 86-90 Paul Street London United Kingdom EC2A 4NE
PREMIER SOUTH GROUP LTD,16908855,active,ltd,,,2025-12-14,,2025-12-14,[41202],Flat 8, Pine Court London United Kingdom N21 1PR
CENTURION PROMOTIONS LTD,16908903,active,ltd,,,2025-12-14,,2025-12-14,[93110, 93199],3rd Floor, 86-90 Paul Street London United Kingdom EC2A 4NE
BONI FTY LTD,16908849,active,ltd,,,2025-12-14,,2025-12-14,[56103],Apartment 1911 Crawford Building 112 Whitechapel High Street London England E1 7AQ
SIX6FIVE LTD,16908902,active,ltd,,,2025-12-14,,2025-12-14,[70229],Flat 1807 Amory Tower 203 Marsh Wall London England E14 9ZN
JUST SHORE AWAY LTD,16909173,active,ltd,,,2025-12-14,,2025-12-14,[68100],167-169 Great Portland Street London United Kingdom W1W 5PF
DISCO PUP LTD,16909162,active,ltd,,,2025-12-14,,2025-12-14,[11070],10-11 Archer Street London England W1D 7AZ
GET CERTIFIED TRAINING LTD,16909175,active,ltd,,,2025-12-14,,2025-12-14,[85590],4th Floor Office London England W1B 4HB
EMKA SERVICES LTD,16909315,active,ltd,,,2025-12-14,,2025-12-14,[81210],71-75 Shelton Street London United Kingdom WC2H 9JQ
8 STAR LOGISTICS UK LTD,16909201,active,ltd,,,2025-12-14,,2025-12-14,[99999],139 Clements Road London England E6 2DP
THREEFOLD HOMES LTD,16909322,active,ltd,,,2025-12-14,,2025-12-14,[68100, 98000],3rd Floor, 86-90 Paul Street London United Kingdom EC2A 4NE
FLOW DEEP LTD,16909332,active,ltd,,,2025-12-14,,2025-12-14,[62020],Flat 1105 Royal Captain Court 26 Arniston Way London England E14 0QQ
MEDU GLOBAL LTD,16895774,active,ltd,,,2025-12-08,,2025-12-08,[82990],128 City Road 128 City Road London England EC1V 2NX
APPLY GLOBAL LTD,16909346,active,ltd,,,2025-12-14,,2025-12-14,[78200, 79110, 85600, 96090],3rd Floor, 86-90 Paul Street London England EC2A 4NE
ONE POINT SAVINGS LTD,16909385,active,ltd,,,2025-12-14,,2025-12-14,[82990],62 Boleyn Road London England E7 9QE
KT COLLECTIVE LTD,16909412,active,ltd,,,2025-12-14,,2025-12-14,[68209, 68310, 82990, 85590],71-75 Shelton Street London England WC2H 9JQ
PLAO LTD,16909413,active,ltd,,,2025-12-14,,2025-12-14,[45190],3rd Floor, 86-90 Paul Street London England EC2A 4NE
IFMAI LTD,16909420,active,ltd,,,2025-12-14,,2025-12-14,[16230, 41202, 43210, 43220],100 Old Farm Road London England N2 9RG
KKID LIMITED,16909422,active,ltd,,,2025-12-14,,2025-12-14,[90010],Office 16216 182-184 High Street North London United Kingdom E6 2JA
BLUEPRINT STAFFING LTD,16909457,active,ltd,,,2025-12-14,,2025-12-14,[78109, 78300],8 Kenneth Crescent London England NW2 4PT
SIFAT & CO LTD,16909492,active,ltd,,,2025-12-14,,2025-12-14,[47910, 78109, 81299],Avicenna House London United Kingdom E7 9HZ
WHISPERED BY NATURE LTD,16909520,active,ltd,,,2025-12-14,,2025-12-14,[47290],83 Cairnfield Avenue London United Kingdom NW2 7PH
JUNGLEETOYS LTD,16909556,active,ltd,,,2025-12-15,,2025-12-15,[47650],483 Green Lanes London England N13 4BS
POSEIDON COLLECTIVE LTD,16909573,active,ltd,,,2025-12-15,,2025-12-15,[62090, 70229, 73110],167-169 Great Portland Street London England W1W 5PF
ARKEOLOGIST LTD,16909570,active,ltd,,,2025-12-15,,2025-12-15,[73110],167-169 Great Portland Street London England W1W 5PF
CHICKEN CHOICE LIMITED,16909568,active,ltd,,,2025-12-15,,2025-12-15,[56103],676a High Road London England N12 9PT
BACK TO BASICS BROADCASTING COMPANY LTD,16909706,active,ltd,,,2025-12-15,,2025-12-15,[96090],C/O - Bigstar Business Management Ltd 303 The Pill Box London United Kingdom E2 6GH
ANSTEE COMMERCE LTD,16909708,active,ltd,,,2025-12-15,,2025-12-15,[47910],52 Richmond Avenue London England N1 0NA
UK PADEL (LEICESTER) LTD,16909715,active,ltd,,,2025-12-15,,2025-12-15,[93110],362 London Road Leicester England LE2 2PU
OLAKIN LIMITED,16909792,active,ltd,,,2025-12-15,,2025-12-15,[10890, 56290, 62090, 63120],71-75 Shelton Street London United Kingdom WC2H 9JQ
HAPPY NESTT LTD,16909791,active,ltd,,,2025-12-15,,2025-12-15,[47910],124-128 City Road London England EC1V 2NX
PYRO COMPLY LTD,16909756,active,ltd,,,2025-12-15,,2025-12-15,[62012, 62090, 63110],71-75 Shelton Street London United Kingdom WC2H 9JQ
TOUGH.THERAPY LTD,16909757,active,ltd,,,2025-12-15,,2025-12-15,[46420, 47710],71-75 Shelton Street London United Kingdom WC2H 9JQ
SEW LOVELY LTD,16909766,active,ltd,,,2025-12-15,,2025-12-15,[47910],71-75 Shelton Street London United Kingdom WC2H 9JQ
JETLY INFORMATION TECHNOLOGY LTD,16909839,active,ltd,,,2025-12-15,,2025-12-15,[62012, 62020, 63110, 63120],128 City Road London United Kingdom EC1V 2NX
HINGA CRESTMED LTD,16909911,active,ltd,,,2025-12-15,,2025-12-15,[86101, 86210, 86900],71-75 Shelton Street London United Kingdom WC2H 9JQ
AF TRADE X LTD,16909988,active,ltd,,,2025-12-15,,2025-12-15,[47910],195-197, Suite Ra01 Wood Street London United Kingdom E17 3NU
COASTANDCOUNTY ROOFING LTD,16910001,active,ltd,,,2025-12-15,,2025-12-15,[43910],3rd Floor, 86-90 Paul Street London United Kingdom EC2A 4NE
CONTINENT100 LIMITED,16910026,active,ltd,,,2025-12-15,,2025-12-15,[70229, 78109],Soho Works 2 Television Centre London England W12 7FR
TJC MULTI-TRADE LTD,16910052,active,ltd,,,2025-12-15,,2025-12-15,[71112],3rd Floor, 86-90 Paul Street London United Kingdom EC2A 4NE
GROVEBARN LIMITED,16910051,active,ltd,,,2025-12-15,,2025-12-15,[96090],72 Halliwick Road London England N10 1AB
HANDY PEOPLE SOLUTIONS LTD,16910045,active,ltd,,,2025-12-15,,2025-12-15,[41100, 41201, 41202, 43341],3rd Floor, 86-90 Paul Street London United Kingdom EC2A 4NE
CT APPAREL LTD,16910064,active,ltd,,,2025-12-15,,2025-12-15,[47710],71-75 Shelton Street London United Kingdom WC2H 9JQ
MFI PROPERTY ASSETS LTD,16910069,active,ltd,,,2025-12-15,,2025-12-15,[68100, 68209],20 Wenlock Road London England N1 7GU
QUANTUM ETHER SYSTEMS LTD,16910083,active,ltd,,,2025-12-15,,2025-12-15,[74909],71-75 Shelton Street London United Kingdom WC2H 9JQ
4RCE CREATIVE LTD,16910082,active,ltd,,,2025-12-15,,2025-12-15,[70210, 73110, 73120, 74100],128 City Road London United Kingdom EC1V 2NX
EKATE LTD,16910093,active,ltd,,,2025-12-15,,2025-12-15,[82302, 85600, 88910, 96040],124-128 City Road London United Kingdom EC1V 2NX
GOREY PROPERTIES LIMITED,16910115,active,ltd,,,2025-12-15,,2025-12-15,[68100],3 Eastfields Riverside Quarter London United Kingdom SW18 1GN
ZAZO CONNECT LIMITED,16910113,active,ltd,,,2025-12-15,,2025-12-15,[99999],Unit 4 Rake Heath Business Park London Road Liss United Kingdom GU33 7NT
ARROWHEAD ENTERTAINMENT GROUP LTD,16910138,active,ltd,,,2025-12-15,,2025-12-15,[59112, 59200, 78101, 90010],131 Finsbury Pavement London England EC2A 1NT
TKO HOMIE UCHI LIMITED,16910136,active,ltd,,,2025-12-15,,2025-12-15,[68209],10 Brook Street London England W1S 1BG
ZIMELIA LTD,16910133,active,ltd,,,2025-12-15,,2025-12-15,[47910],Suite 10304 5 Brayford Square London United Kingdom E1 0SG
LAHORE RESTAURANT LTD,16910159,active,ltd,,,2025-12-15,,2025-12-15,[56102],218 Commercial Road London England E1 2JT
GROVER TELECOM VAPE N WINE LTD,16910145,active,ltd,,,2025-12-15,,2025-12-15,[47110, 47421],258 Kilburn High Road London England NW6 2BY
WESTFIELD ASSET PROPERTIES LTD,16910178,active,ltd,,,2025-12-15,,2025-12-15,[68100, 68209],Ealing Cross, 1st Floor London United Kingdom W5 5TH
ARISTON GROUP EUROPEAN LTD,16910180,active,ltd,,,2025-12-15,,2025-12-15,[47910],71-75 Shelton Street London United Kingdom WC2H 9JQ
GLOBAL SUCCESS GROUP LTD,16910175,active,ltd,,,2025-12-15,,2025-12-15,[82990],20 Wenlock Road London England N1 7GU
KX DINE LTD,16910168,active,ltd,,,2025-12-15,,2025-12-15,[56101],341 Kings Cross Tandoori, London England WC1X 8PX
GENTLE PUP AND CO LIMITED,16910169,active,ltd,,,2025-12-15,,2025-12-15,[14190],20 Wenlock Road London United Kingdom N1 7GU
AL HAQ CONSULTANTS LTD,16910190,active,ltd,,,2025-12-15,,2025-12-15,[66110, 66190, 69201],145 City Road London United Kingdom EC1V 1AX
RAMON ASHTON LTD,16910188,active,ltd,,,2025-12-15,,2025-12-15,[47910],292550, Office Suite 29a, 3/F 23 Wharf Street London England SE8 3GG
GREYSHULME LIMITED,16910211,active,ltd,,,2025-12-15,,2025-12-15,[68100, 68209],Adullam Adlington United Kingdom SK10 4DU
TFC TRADING LTD,16910201,active,ltd,,,2025-12-15,,2025-12-15,[45112, 45190, 45200],128 City Road London United Kingdom EC1V 2NX
UI EXPERTZ LTD,16910202,active,ltd,,,2025-12-15,,2025-12-15,[62020, 62090],128 City Road London United Kingdom EC1V 2NX
AMT SOLUTIONS LTD,16910246,active,ltd,,,2025-12-15,,2025-12-15,[43210],Ealing Cross, 1st Floor London United Kingdom W5 5TH
DESTINY AI LTD,16910232,active,ltd,,,2025-12-15,,2025-12-15,[62012, 62090, 63120],128 City Road London United Kingdom EC1V 2NX
SARYAP YACHTING LORD LTD,16910241,active,ltd,,,2025-12-15,,2025-12-15,[99999],Third Floor London England W1B 3HH
AVIATION MAINTENANCE SERVICES LTD,16910277,active,ltd,,,2025-12-15,,2025-12-15,[33160],71-75 Shelton Street London United Kingdom WC2H 9JQ
ASPECT GLOBAL ART LTD,16910255,active,ltd,,,2025-12-15,,2025-12-15,[77299],71-75 Shelton Street London United Kingdom WC2H 9JQ
ARTIMEDIX LTD,16910270,active,ltd,,,2025-12-15,,2025-12-15,[62011, 62012, 62090, 72190],124-128 City Road London England EC1V 2NX
BALOMIAN LTD,16910247,active,ltd,,,2025-12-15,,2025-12-15,[46900],45 4th Floor London United Kingdom W1T 6EB
FIRMNEST GROUP LTD,16910287,active,ltd,,,2025-12-15,,2025-12-15,[74909],57 Derwent Road London United Kingdom SW20 9NH
ALPHA SPARK LIMITED,16910332,active,ltd,,,2025-12-15,,2025-12-15,[43999],85 Tarling Road- C/O Vg & Co(Accountants) Canning Town United Kingdom E16 1HN
BALRATH (KAUTO STAR) LIMITED,16910342,active,ltd,,,2025-12-15,,2025-12-15,[68100],23 Berkeley Square London United Kingdom W1J 6HE
JENNAIL LTD,16910335,active,ltd,,,2025-12-15,,2025-12-15,[96020],10 Carthusian Street London England EC1M 6EB
DUXSI DAYS LTD,16910340,active,ltd,,,2025-12-15,,2025-12-15,[85600],Flat 15 Rocklands Gordon Road London England N3 1EN
STEAKHOUSE LONDON LTD,16910316,active,ltd,,,2025-12-15,,2025-12-15,[56102],51 Raven Row London England E1 2EG
SCRIBBLED NAPKIN LIMITED,16910329,active,ltd,,,2025-12-15,,2025-12-15,[90030],71-75 Shelton Street London United Kingdom WC2H 9JQ
OUT OF MIND RETREATS LTD,16910308,active,ltd,,,2025-12-15,,2025-12-15,[86900],Flat 41 Sumner House London England E3 3RB
ECCO CLEANING SERVICE LTD,16910314,active,ltd,,,2025-12-15,,2025-12-15,[81210, 81222, 81299],155 Streatham High Road London England SW16 6EG
AB CARBON COMPOSITE LTD,16910337,active,ltd,,,2025-12-15,,2025-12-15,[29320],167-169 Great Portland Street, 5th Floor London England W1W 5PF
DNA RESIDENTIAL LTD,16910364,active,ltd,,,2025-12-15,,2025-12-15,[68209],Seymour Chambers Liverpool United Kingdom L3 5NW
BLUE DOG LIMITED,16910374,active,ltd,,,2025-12-15,,2025-12-15,[74100, 90030],14 London Road Cirencester England GL7 1AE
THE XAYMACA GROUP LTD,16910376,active,ltd,,,2025-12-15,,2025-12-15,[74100, 90030],71-75 Shelton Street Covent Garden United Kingdom WC2H 9JQ
WHILE EATING AN APPLE LIMITED,16910381,active,ltd,,,2025-12-15,,2025-12-15,[73110],H Electric Lofts London United Kingdom E8 3PR
NEEMA HC LTD,16910414,active,ltd,,,2025-12-15,,2025-12-15,[71129],3rd Floor, 86-90 Paul Street London United Kingdom EC2A 4NE
METTA PROPERTY LTD,16910416,active,ltd,,,2025-12-15,,2025-12-15,[68209],C/O Getground London England W6 0NB
SPECTRE INFRASTRUCTURE LTD,16910407,active,ltd,,,2025-12-15,,2025-12-15,[63990],3rd Floor, 86-90 Paul Street London England EC2A 4NE
HYTE FUTURES LTD,16910440,active,ltd,,,2025-12-15,,2025-12-15,[78109],20 Wenlock Road London England N1 7GU
VELADENT GROUP LIMITED,16910441,active,ltd,,,2025-12-15,,2025-12-15,[86230],Flat 4403 Amory Tower 203 Marsh Wall London England E14 9LY
VCANYWHERE LIMITED,16910437,active,ltd,,,2025-12-15,,2025-12-15,[99999],61 London Road Maidstone England ME16 8TX
CONNECT WASL LTD,16910429,active,ltd,,,2025-12-15,,2025-12-15,[62012, 62090, 63110],71-75 Shelton Street London United Kingdom WC2H 9JQ
DMJ GLOBAL LTD,16910476,active,ltd,,,2025-12-15,,2025-12-15,[62012, 62020, 62090, 63110],71-75 Shelton Street London United Kingdom WC2H 9JQ
SABLE HORIZON LTD,16910502,active,ltd,,,2025-12-15,,2025-12-15,[99999],20 Wenlock Road London England N1 7GU
PUILI LTD,16910501,active,ltd,,,2025-12-15,,2025-12-15,[47910],2nd Floor College House Ruislip, United Kingdom HA4 7AE
CINDER PULSE LTD,16910494,active,ltd,,,2025-12-15,,2025-12-15,[99999],20 Wenlock Road London England N1 7GU
IMAM BROTHERS LIMITED,16910530,active,ltd,,,2025-12-15,,2025-12-15,[47990],5 Brayford Square London England E1 0SG
UNLOCK BODY LAB LTD,16910514,active,ltd,,,2025-12-15,,2025-12-15,[85510, 93130, 93199, 96040],Office 408, Screenworks 22 Highbury Grove London United Kingdom N5 2ER
DE LA HAY LIMITED,16910547,active,ltd,,,2025-12-15,,2025-12-15,[98000],66 Sandmere Road London United Kingdom SW4 7QH
KYROLDN LIMITED,16910561,active,ltd,,,2025-12-15,,2025-12-15,[59200, 90010, 90030],124 City Road London England EC1V 2NX
VANNER INTEGRATED LIMITED,16910580,active,ltd,,,2025-12-15,,2025-12-15,[78109],71-75 Shelton Street London United Kingdom WC2H 9JQ
WE MAKE CONTRACTS LIMITED,16910609,active,ltd,,,2025-12-15,,2025-12-15,[69109, 70229],1 Winchester Avenue London England NW6 7UA
CUSTODIAN ADVISORY LIMITED,16910598,active,ltd,,,2025-12-15,,2025-12-15,[69201, 70221, 70229],71-75 Shelton Street London United Kingdom WC2H 9JQ
NEURO SCAN DETECTOR LTD,16910605,active,ltd,,,2025-12-15,,2025-12-15,[47910],Suite 20864 5 Brayford Square London United Kingdom E1 0SG
J & K CARE AND SUPPORT LIMITED,16910592,active,ltd,,,2025-12-15,,2025-12-15,[87300],27-37 The Winning Box Hayes United Kingdom UB3 4DX
NIMBUS FORGE LTD,16910631,active,ltd,,,2025-12-15,,2025-12-15,[99999],20 Wenlock Road London England N1 7GU
KENDWA ACCOMMODATION LIMITED,16910676,active,ltd,,,2025-12-15,,2025-12-15,[68209],13 St. Swithin's Lane, London England EC4N 8AL
RAHAMAN & TAHMID LTD,16910723,active,ltd,,,2025-12-15,,2025-12-15,[15200, 29100, 45310, 46420],20 Wenlock Road London England N1 7GU
FLOWVERA LTD,16910728,active,ltd,,,2025-12-15,,2025-12-15,[47910, 58290, 62012, 62020],Suite 10268 5 Brayford Square London United Kingdom E1 0SG
SEOUL SKIN RETREATS LTD,16910715,active,ltd,,,2025-12-15,,2025-12-15,[79110],Flat A-B London England NW1 8PD
BARIS SORAH LTD,16910731,active,ltd,,,2025-12-15,,2025-12-15,[47910],Suite 10280 5 Brayford Square London United Kingdom E1 0SG
VRBRGN LIMITED,16910736,active,ltd,,,2025-12-15,,2025-12-15,[47710],39 Ludgate Hill London England EC4M 7JN
XITMA LIMITED,16910746,active,ltd,,,2025-12-15,,2025-12-15,[62012, 62090],24a Notting Hill Gate London England W11 3JE
HAVENLIGHT CARE LTD LIMITED,16910745,active,ltd,,,2025-12-15,,2025-12-15,[86900, 88100, 88910, 88990],Suite G04 1 Quality Court, Chancery Lane London England WC2A 1HR
RC NOVA LTD,16910747,active,ltd,,,2025-12-15,,2025-12-15,[18129, 50100, 58110, 73110],42-44 Bishopsgate London England EC2N 4AH
GYURIS BUILD LTD,16910732,active,ltd,,,2025-12-15,,2025-12-15,[43390, 43999],8 Goldsmith Road London England E10 5HA
BUGRA KARABIBER LTD,16910790,active,ltd,,,2025-12-15,,2025-12-15,[47910],Suite 10257 5 Brayford Square London United Kingdom E1 0SG
LUMO HOMES LTD,16910797,active,ltd,,,2025-12-15,,2025-12-15,[41201, 41202],66 Banfield Road London England SE15 3TX
JENNY CARE LIMITED,16910789,active,ltd,,,2025-12-15,,2025-12-15,[87900],69 Mountfield Road London England E6 6BH
ADA FIDE-HAKAN AKKOC LTD,16910788,active,ltd,,,2025-12-15,,2025-12-15,[47910],Suite 10298 5 Brayford Square London United Kingdom E1 0SG
DAYA BARBERS LTD,16910781,active,ltd,,,2025-12-15,,2025-12-15,[96020],14 Lymington Avenue London England N22 6JA
ZENITH HOMECARE LTD,16910816,active,ltd,,,2025-12-15,,2025-12-15,[87300, 87900],40a London Road Enfield England EN2 6EF
SIPP GROUNDS LIMITED,16910804,active,ltd,,,2025-12-15,,2025-12-15,[56102],8-10 Station Road London England E12 5BT
ASTRADE18 LTD,16910817,active,ltd,,,2025-12-15,,2025-12-15,[47421, 47429, 95210],873 Finchley Road London England NW11 8RR
HANEN’S TURKISH KITCHEN LTD,16910848,active,ltd,,,2025-12-15,,2025-12-15,[56103],79b-79c High Road London England NW10 2SU
SHAREKTE174 LTD,16910850,active,ltd,,,2025-12-15,,2025-12-15,[46900],275 New N Rd #3110 London London United Kingdom N1 7AA
AL HADIYYAH LIMITED,16910856,active,ltd,,,2025-12-15,,2025-12-15,[86900],Flat 28 Holden Point London England E15 1QN
SKATRIUM LTD,16910859,active,ltd,,,2025-12-15,,2025-12-15,[63120],71-75 Shelton Street London United Kingdom WC2H 9JQ
YA MARKETING GROUP LTD,16910862,active,ltd,,,2025-12-15,,2025-12-15,[47710],20 Wenlock Road London England N1 7GU
OLISIPO FACILITIES GROUP LTD,16910880,active,ltd,,,2025-12-15,,2025-12-15,[81210, 81221, 81299, 98000],22 Sixth Avenue London England W10 4HD
SHAREKTE172 LTD,16910882,active,ltd,,,2025-12-15,,2025-12-15,[46900],275 New N Rd #3110 London London United Kingdom N1 7AA
LEGALBRIDGEAFRICA LIMITED,16910893,active,ltd,,,2025-12-15,,2025-12-15,[69109],Silverstream House London England W1T 6EB
FREDDIE BUILDING & RENOVATIONS LTD,16910925,active,ltd,,,2025-12-15,,2025-12-15,[41201, 41202],178 Stockwell Road London England SW9 9TG
PILLAR FINANCIALS LIMITED,16910909,active,ltd,,,2025-12-15,,2025-12-15,[47910],137 Liner House 2 Royal Wharf Walk London England E16 2SQ
HORIZON BIOTECH LTD,16910910,active,ltd,,,2025-12-15,,2025-12-15,[72110, 72190],Suite Ra01 195-197 London United Kingdom E17 3NU
FURNITURE FOR US LTD,16910908,active,ltd,,,2025-12-15,,2025-12-15,[47599],Furniture For Us London United Kingdom EC1V 2NX
VORTEX BLOOM LTD,16910914,active,ltd,,,2025-12-15,,2025-12-15,[99999],20 Wenlock Road London England N1 7GU
VARA HONEY LTD.,16910947,active,ltd,,,2025-12-15,,2025-12-15,[46380],Flat 1 39 Bulwer Street London England W12 8AR
ORCA POD LIMITED,16910939,active,ltd,,,2025-12-15,,2025-12-15,[68100, 68209],7-15 Greatorex Street London England E1 5NF
AYA INNOVATIONS LTD,16910959,active,ltd,,,2025-12-15,,2025-12-15,[47910, 53201, 62090],77-79 Farringdon Road London England EC1M 3JU
THRIVE MIDCO LIMITED,16910966,active,ltd,,,2025-12-15,,2025-12-15,[64209],10 Stratton Street London United Kingdom W1J 8LG
PINNACLE BEACON PARTNERS LIMITED,16910970,active,ltd,,,2025-12-15,,2025-12-15,[64999],167-169 Great Portland Street London England W1W 5PF
TERAPRENEUR LTD,16910973,active,ltd,,,2025-12-15,,2025-12-15,[58190, 58290, 62020, 73110],Suite 10305 5 Brayford Square London United Kingdom E1 0SG
MOGCO LIMITED,16910987,active,ltd,,,2025-12-15,,2025-12-15,[47760],25 Coates Avenue London England SW18 2TH
SKYFLUX ENERGY HOLDINGS LIMITED,16911001,active,ltd,,,2025-12-15,,2025-12-15,[35110, 64209],124 City Road London United Kingdom EC1V 2NX
CTPG LTD,16910991,active,ltd,,,2025-12-15,,2025-12-15,[62012, 62020, 63120],71-75 Shelton Street London United Kingdom WC2H 9JQ
CANVEY ISLAND PROPERTIES LTD,16911046,active,ltd,,,2025-12-15,,2025-12-15,[68100],115 Craven Park Road London England N15 6BL
ADUVANT HOLDINGS LIMITED,16911034,active,ltd,,,2025-12-15,,2025-12-15,[64205, 70229],5 Brayford Square London England E1 0SG
GIFTY'S SIGNATURE LTD,16911044,active,ltd,,,2025-12-15,,2025-12-15,[10840, 46390],3rd Floor, 86-90 Paul Street London United Kingdom EC2A 4NE
THE HALCYON DAYS ENGLISH CHINA COMPANY LIMITED,16911055,active,ltd,,,2025-12-15,,2025-12-15,[32990],124 Finchley Road London United Kingdom NW3 5JS
SHARAN ART LTD,16911068,active,ltd,,,2025-12-15,,2025-12-15,[47910],7 Manor Close London England NW9 9HD
YGK RENTALS LIMITED,16911067,active,ltd,,,2025-12-15,,2025-12-15,[77110],16 Solway Road London England N22 5BX
LOCOS OLDHAM LTD,16911100,active,ltd,,,2025-12-15,,2025-12-15,[56103],3rd Floor, 86-90 Paul Street London United Kingdom EC2A 4NE
BLUE SERVICES LONDON LTD,16911115,active,ltd,,,2025-12-15,,2025-12-15,[81210],71-75 Shelton Street London United Kingdom WC2H 9JQ
LEPSI LONDON LTD,16911111,active,ltd,,,2025-12-15,,2025-12-15,[41201, 41202, 43220],329 Uxbridge Road London England W3 9RA
BESPOKE MADE JOINERY LTD,16911114,active,ltd,,,2025-12-15,,2025-12-15,[16230, 43320],20 Wenlock Road London England N1 7GU
VELA MOT LTD,16911120,active,ltd,,,2025-12-15,,2025-12-15,[70229, 86900, 96090],20 Wenlock Road London England N1 7GU
STARKON LUXURY LTD,16911091,active,ltd,,,2025-12-15,,2025-12-15,[47429],20 Wenlock Road London England N1 7GU
V & S MOTTINGHAM LTD,16911130,active,ltd,,,2025-12-15,,2025-12-15,[47110],278-280 Court Road London United Kingdom SE9 4TU
DWELLING PLACE SERVICES LTD,16911152,active,ltd,,,2025-12-15,,2025-12-15,[68320, 81210, 82990],20 Wenlock Road London England N1 7GU
TAXOLOGY GROUP LIMITED,16911156,active,ltd,,,2025-12-15,,2025-12-15,[69203],124-128 City Road London England EC1V 2NX
STAR & 7SKY LOUNGE LTD,16911185,active,ltd,,,2025-12-15,,2025-12-15,[56101],22 Hastings Road London England W13 8QH
CHIBA HOLDINGS LIMITED,16911177,active,ltd,,,2025-12-15,,2025-12-15,[68209],53 St. Peter's Street London United Kingdom N1 8JR
PLAY ON DEMAND LTD,16911173,active,ltd,,,2025-12-15,,2025-12-15,[93199],741, Balfour House High Road London United Kingdom N12 0BP
LORELANE LTD,16911171,active,ltd,,,2025-12-15,,2025-12-15,[47910],20 Wenlock Road London England N1 7GU
DRAXFAB LTD,16911202,active,ltd,,,2025-12-15,,2025-12-15,[47789],3rd Floor, 86-90 Paul Street London United Kingdom EC2A 4NE
JALAL JAMIL ENTERPRISE LTD,16911201,active,ltd,,,2025-12-15,,2025-12-15,[14110, 45310, 46310, 46420],20 Wenlock Road London England N1 7GU
THRIVE BIDCO LIMITED,16911193,active,ltd,,,2025-12-15,,2025-12-15,[64209],10 Stratton Street London United Kingdom W1J 8LG
RESIBEAT LTD,16911206,active,ltd,,,2025-12-15,,2025-12-15,[62012, 62020, 63110],27, Monomark House Old Gloucester Street London United Kingdom WC1N 3AX
G007 LTD,16911233,active,ltd,,,2025-12-15,,2025-12-15,[74909],Flat 401, 24, Hobbs Court Brumwell Avenue London United Kingdom SE18 6AU
SORESHIELD LIMITED,16911247,active,ltd,,,2025-12-15,,2025-12-15,[47910],246 London Road Waterlooville England PO7 7HG
GREENRIDGE LIVING GREEN LANES LIMITED,16911262,active,ltd,,,2025-12-15,,2025-12-15,[68100],4-7 Manchester Street London United Kingdom W1U 3AE
CHARIOT CONSULTANCY LIMITED,16911257,active,ltd,,,2025-12-15,,2025-12-15,[70229],128 City Road London United Kingdom EC1V 2NX
LIGHTHOUSE DIGITAL SERVICES LIMITED,16911291,active,ltd,,,2025-12-15,,2025-12-15,[62012, 62020, 62090],167 - 169 Great Portland Street London United Kingdom W1W 5PF
EPIC STORY WORKS LTD,16911265,active,ltd,,,2025-12-15,,2025-12-15,[58110, 73110, 74100],128 City Road London United Kingdom EC1V 2NX
STERLING AXIS LTD,16911269,active,ltd,,,2025-12-15,,2025-12-15,[62011, 62020, 62090],128 City Road London United Kingdom EC1V 2NX
BOUGIE DRAG EVENTS LTD,16911289,active,ltd,,,2025-12-15,,2025-12-15,[90010, 90020, 90030, 93290],128 City Road London United Kingdom EC1V 2NX
SOZO-TEKI LTD,16911285,active,ltd,,,2025-12-15,,2025-12-15,[68209],20 Wenlock Road London England N1 7GU
CARTER'S CONSTRUCTION LTD,16911275,active,ltd,,,2025-12-15,,2025-12-15,[41202, 43320, 43999],23a Graham Road London England W4 5DR
KARPUK GROUP LIMITED,16911324,active,ltd,,,2025-12-15,,2025-12-15,[62020],71-75 Shelton Street London United Kingdom WC2H 9JQ
KAI CREATIVE STUDIO LTD,16911336,active,ltd,,,2025-12-15,,2025-12-15,[59111, 74909, 90010, 90020],51 Cleveland Gardens London England NW2 1EA
LIAM ISAAC PROPERTIES LTD,16911369,active,ltd,,,2025-12-15,,2025-12-15,[68100],Apartment 154 Dudley House North Wharf Road London England W2 1QZ
FIXPIC LTD,16911376,active,ltd,,,2025-12-15,,2025-12-15,[62012],128 City Road London United Kingdom EC1V 2NX
AUREUS HEALTHCARE LIMITED,16911414,active,ltd,,,2025-12-15,,2025-12-15,[86210, 86220],75 Harley Street London England W1G 8QL
STAR CATERING LTD,16911406,active,ltd,,,2025-12-15,,2025-12-15,[56210],8 Station Parade London England N14 5BJ
PEGASUS SALES AND HIRE SCAFFOLDING LIMITED,16911407,active,ltd,,,2025-12-15,,2025-12-15,[43991],86-90 Paul Street London England EC2A 4NE
MAIA LABS LTD,16911403,active,ltd,,,2025-12-15,,2025-12-15,[82990],167-169 Great Portland Street London England W1W 5PF
BLUE COTTAGE FLORIST LTD,16911435,active,ltd,,,2025-12-15,,2025-12-15,[46220, 47760, 47910, 85590],128 City Road London United Kingdom EC1V 2NX
H&C AIR CONDITIONING LTD,16911417,active,ltd,,,2025-12-15,,2025-12-15,[43220, 43290],3rd Floor, 86-90 Paul Street London England EC2A 4NE
NMT TRANSPORTING LTD,16911450,active,ltd,,,2025-12-15,,2025-12-15,[49410, 52103, 52219, 52290],71-75 Shelton Street London United Kingdom WC2H 9JQ
VALG LIMITED,16911448,active,ltd,,,2025-12-15,,2025-12-15,[82110, 82990],71-75 Shelton Street London United Kingdom WC2H 9JQ
RESCRIPT GROUP LTD,16911466,active,ltd,,,2025-12-15,,2025-12-15,[64209],Flat 1 23 Fairbridge Road London England N19 3EW
REDFLAG REDLINES TOPCO LIMITED,16911469,active,ltd,,,2025-12-15,,2025-12-15,[62012],2 Porchester Gardens London England W2 6JL
VISIONARY RENTAL & MANAGEMENT LIMITED,16911454,active,ltd,,,2025-12-15,,2025-12-15,[68100, 68209],56 Leman Street London England E1 8EU
BAMS DIGITAL LTD,16911474,active,ltd,,,2025-12-15,,2025-12-15,[62090, 63110, 73110, 73200],124 City Road London United Kingdom EC1V 2NX
SYNARIA LTD,16911551,active,ltd,,,2025-12-15,,2025-12-15,[58290, 62012, 63110, 63120],71-75 Shelton Street London United Kingdom WC2H 9JQ
YARO LTD,16911533,active,ltd,,,2025-12-15,,2025-12-15,[62090],128 City Road London United Kingdom EC1V 2NX
CHARLOTTE PYNE LIMITED,16911527,active,ltd,,,2025-12-15,,2025-12-15,[14190, 47910],71-75 Shelton Street London United Kingdom WC2H 9JQ
EUROBIZZ LIMITED,16911558,active,ltd,,,2025-12-15,,2025-12-15,[29100, 29310, 30910, 33170],71-75 Shelton Street London United Kingdom WC2H 9JQ
CARA DUBAI JEWELS LTD,16911613,active,ltd,,,2025-12-15,,2025-12-15,[46480, 47770, 47910],77 Stanhope Mews East London England SW7 5QT
ANECUS LTD,16911605,active,ltd,,,2025-12-15,,2025-12-15,[62020],71-75 Shelton Street London England WC2H 9JQ
PAX CREATIVE LIMITED,16911595,active,ltd,,,2025-12-15,,2025-12-15,[90030],Kalculus London United Kingdom NW1 5PU
GHLDROP LIMITED,16911607,active,ltd,,,2025-12-15,,2025-12-15,[46150, 46160, 47599, 47640],Office Suite 29a, 3/F., 23 Wharf Street London England SE8 3GG
GMH GARAGE LTD,16911598,active,ltd,,,2025-12-15,,2025-12-15,[64209],20 Wenlock Road London England N1 7GU
CORNER 107 LTD,16911620,active,ltd,,,2025-12-15,,2025-12-15,[47789, 47910],107 Station Road London England E4 7BU
ACORN CHILDREN'S HOMES LTD,16911616,active,ltd,,,2025-12-15,,2025-12-15,[87900],14 Mirabelle Gardens London England E20 1BX
PETRO SEARCH LIMITED,16911640,active,ltd,,,2025-12-15,,2025-12-15,[96090],72 Halliwick Road London United Kingdom N10 1AB
WHFDROP LIMITED,16911637,active,ltd,,,2025-12-15,,2025-12-15,[46150, 46160, 47599, 47640],Office Suite 29a, 3/F., 23 Wharf Street London England SE8 3GG
SAFA ASSOCIATES GLOBAL LTD,16911652,active,ltd,,,2025-12-15,,2025-12-15,[70229],71-75 Shelton Street London United Kingdom WC2H 9JQ
THE EVERWELL PROJECT LTD,16911629,active,ltd,,,2025-12-15,,2025-12-15,[63120, 86900],128 City Road London United Kingdom EC1V 2NX
FUTURE PROOF YOUR BODY LTD,16911700,active,ltd,,,2025-12-15,,2025-12-15,[86900],Unit 9, 143, Monohaus Mare Street London United Kingdom E8 3FW
HOUSEHDE LTD,16911803,active,ltd,,,2025-12-15,,2025-12-15,[47910],Unit 794 Ground Floor Capital House London United Kingdom E8 1LL
SIMPLE PRODUCTIVITY LIMITED,16911811,active,ltd,,,2025-12-15,,2025-12-15,[90030, 96090],128 City Road London United Kingdom EC1V 2NX
THE ANTHONY GROUP PRACTICE LTD,16911799,active,ltd,,,2025-12-15,,2025-12-15,[86900],15 Harley Street London England W1G 9QQ
STAB GLOBAL LTD,16911820,active,ltd,,,2025-12-15,,2025-12-15,[62012, 70229, 72190, 77400],67 Tradescant Road London England SW8 1XJ
E-NEXUS SOLUTIONS LIMITED,16911863,active,ltd,,,2025-12-15,,2025-12-15,[47910],17 Trillium Heights Larkwood Avenue London England SE10 8GJ
BH STUD LIMITED,16911869,active,ltd,,,2025-12-15,,2025-12-15,[68100, 68209, 68320],3rd Floor, Norvin House London England E1 6BD
JPGARDENS ESSEX LTD,16911890,active,ltd,,,2025-12-15,,2025-12-15,[81300],71-75 Shelton Street London United Kingdom WC2H 9JQ
KALOS LONDON LTD,16910410,active,ltd,,,2025-12-15,,2025-12-15,[81299],Icon Office Office 16192 London England E6 2JA
MARS CREATIVE LTD,16911886,active,ltd,,,2025-12-15,,2025-12-15,[59112],128 City Road London United Kingdom EC1V 2NX
POST ROAD EUROPE (V) HOLDINGS LIMITED,16911879,active,ltd,,,2025-12-15,,2025-12-15,[66300],22 Great Marlborough Street London United Kingdom W1F 7HU
REVIVO CLINIC LTD,16911898,active,ltd,,,2025-12-15,,2025-12-15,[86230],71-75 Shelton Street London United Kingdom WC2H 9JQ
NK UK MANAGEMENT LTD,16911930,active,ltd,,,2025-12-15,,2025-12-15,[68209, 68320, 70229, 82110],45 47 Kings Road London Colney Herts United Kingdom AL2 1ES
PEAKPOINT ADVISORY LTD,16911940,active,ltd,,,2025-12-15,,2025-12-15,[70229, 74901],167 - 169 Great Portland Street London England W1W 5PF
COLLABANDCO LTD,16911907,active,ltd,,,2025-12-15,,2025-12-15,[73110],3rd Floor, 86-90 Paul Street London United Kingdom EC2A 4NE
FLINT MARKETING LIMITED,16911922,active,ltd,,,2025-12-15,,2025-12-15,[70210, 73110, 73120, 74100],128 City Road London United Kingdom EC1V 2NX
SHIRAV LTD,16911961,active,ltd,,,2025-12-15,,2025-12-15,[47910],1 Ferndale Road London England E7 8JX
ULTRAFINE RECORDS LTD,16911964,active,ltd,,,2025-12-15,,2025-12-15,[59200],86-90 Paul Street London England EC2A 4NE
SHIFT N DRIFT UK LTD,16911969,active,ltd,,,2025-12-15,,2025-12-15,[93110],Office 15721 182-184 High Street North London United Kingdom E6 2JA
LES PORTE-ÉCHALAS LIMITED,16911952,active,ltd,,,2025-12-15,,2025-12-15,[70229],Flat 57 Tyburn Gardens London England E16 1RE
GO & SLEEP LTD,16912004,active,ltd,,,2025-12-15,,2025-12-15,[55209, 68320],20 Wenlock Road London England N1 7GU
LYONS REFORMER PILATES LTD,16912003,active,ltd,,,2025-12-15,,2025-12-15,[93130],139 Myddleton Road London England N22 8NG
VARE SERVICES LTD,16912005,active,ltd,,,2025-12-15,,2025-12-15,[68100, 85600, 86900, 96090],20 Wenlock Road London England N1 7GU
ANASS ART LTD,16912014,active,ltd,,,2025-12-15,,2025-12-15,[46150],31 New Place Square London England SE16 2HW
AMONG PROPERTY GROUP LTD,16912010,active,ltd,,,2025-12-15,,2025-12-15,[68100, 68209, 68320, 98000],20 Wenlock Road London England N1 7GU
FUTURE PROGRESS HOLDING LTD,16912006,active,ltd,,,2025-12-15,,2025-12-15,[64209, 64999, 70229, 74909],86-90 Paul Street London England EC2A 4NE
SULTANI WINSDON LIMITED,16912036,active,ltd,,,2025-12-15,,2025-12-15,[68209],89 Brunswick Road London England W5 1AQ
NS AESTHETICS LTD,16912048,active,ltd,,,2025-12-15,,2025-12-15,[96020],128 City Road London United Kingdom EC1V 2NX
CODECHEST LTD,16912070,active,ltd,,,2025-12-15,,2025-12-15,[62090],71-75 Shelton Street London United Kingdom WC2H 9JQ
WELLMAN CLINICS LTD,16912084,active,ltd,,,2025-12-15,,2025-12-15,[63120, 73110, 73200, 86220],115 London Road, Morden United Kingdom SM4 5HP
TAMAF LTD,16912086,active,ltd,,,2025-12-15,,2025-12-15,[59112],71-75 Shelton Street London United Kingdom WC2H 9JQ
LOGISTIQ CONSULTING LTD,16912103,active,ltd,,,2025-12-15,,2025-12-15,[70229],71-75 Shelton Street London United Kingdom WC2H 9JQ
PAYPAP GLOBAL PAYMENT SOLUTION LTD,16912094,active,ltd,,,2025-12-15,,2025-12-15,[47910],4 Raven Road, Unit 1c3-997 London United Kingdom E18 1HB
PROJECT HONEY BIDCO LIMITED,16912112,active,ltd,,,2025-12-15,,2025-12-15,[64209],30 Leicester Square London United Kingdom WC2H 7LA
GG-305-589 LIMITED,16912149,active,ltd,,,2025-12-15,,2025-12-15,[68209],C/O Getground London England W6 0NB
IMOTEP UK LTD,16912154,active,ltd,,,2025-12-15,,2025-12-15,[62020],71-75 Shelton Street London United Kingdom WC2H 9JQ
CNT LONDON LTD,16912172,active,ltd,,,2025-12-15,,2025-12-15,[70229],2nd Floor College House Ruislip, United Kingdom HA4 7AE
STERLING TURNAROUND PARTNERS LTD,16912166,active,ltd,,,2025-12-15,,2025-12-15,[62012, 64304, 70229],20 Wenlock Road London England N1 7GU
BEVOLVE STAYS LTD,16912161,active,ltd,,,2025-12-15,,2025-12-15,[68209, 68310, 68320],Office 1 2a Curzon Road Ealing United Kingdom W5 1NF
SEA HORSE ADVISORY LTD,16912181,active,ltd,,,2025-12-15,,2025-12-15,[62020, 70229, 71122, 72190],19 Peartree Way London England SE10 0XS
LIGHTHOUSE SUSTAINABILITY CONCIERGE LTD,16912206,active,ltd,,,2025-12-15,,2025-12-15,[63110],167 - 169 Great Portland Street London England W1W 5PF
KETALLI PARTNERS LTD,16912190,active,ltd,,,2025-12-15,,2025-12-15,[74909],3rd Floor, 86-90 Paul Street London United Kingdom EC2A 4NE
LCP OPCO UK LTD,16912212,active,ltd,,,2025-12-15,,2025-12-15,[74990],4th Floor 3 More London Riverside London United Kingdom SE1 2AQ
FOREVER LIVING 3025 LTD,16912217,active,ltd,,,2025-12-15,,2025-12-15,[47910],71-75 Shelton Street London England WC2H 9JQ
MYP VENTURES LTD,16912218,active,ltd,,,2025-12-15,,2025-12-15,[68100, 68209],6 Denzil Road London England NW10 2UP
TRILUME LTD,16912208,active,ltd,,,2025-12-15,,2025-12-15,[82990],Suite 9 Dalton House London United Kingdom SW19 2RR
COPPR LTD,16912228,active,ltd,,,2025-12-15,,2025-12-15,[70229],Flat 2 40 Durham Road London England SW20 0TW
CORDELIA CARR LTD,16912250,active,ltd,,,2025-12-15,,2025-12-15,[47910],292534 Office Suite 29a, 3/F 23 Wharf Street London England SE8 3GG
TALENT AND CO RECRUITMENT LTD,16912319,active,ltd,,,2025-12-15,,2025-12-15,[78109],3rd Floor 207 Regent Street London United Kingdom W1B 3HH
PS25 MANAGEMENT LTD,16912327,active,ltd,,,2025-12-15,,2025-12-15,[68100, 68209, 68320],128 City Road London United Kingdom EC1V 2NX
GLASSYARD OPCO LTD,16912321,active,ltd,,,2025-12-15,,2025-12-15,[68209],4th Floor 3 More London Riverside London United Kingdom SE1 2AQ
STORY FILMS (FEATURE) LIMITED,16912303,active,ltd,,,2025-12-15,,2025-12-15,[59113],Berkshire House London United Kingdom WC1V 7AA
AGENTS OF CODE LTD,16912254,active,ltd,,,2025-12-15,,2025-12-15,[62012, 62090],Office 16194 182-184 High Street North London United Kingdom E6 2JA
DAMAGE CONTROL LABS LTD,16912261,active,ltd,,,2025-12-15,,2025-12-15,[10890],71-75 Shelton Street London United Kingdom WC2H 9JQ
DAWAH HEALTHCARE INVESTMENT LIMITED,16912390,active,ltd,,,2025-12-15,,2025-12-15,[86210],40 Queen Annes Gate London United Kingdom SW1H 9AP
SKUP TECHNOLOGY LTD,16912413,active,ltd,,,2025-12-15,,2025-12-15,[58290, 62012],Office 15779 182-184 High Street North London United Kingdom E6 2JA
CUBIT ASSOCIATES LTD,16912409,active,ltd,,,2025-12-15,,2025-12-15,[41100],178 Merton High Street London England SW19 1AY
LANSON LTD,16912424,active,ltd,,,2025-12-15,,2025-12-15,[68209],7-12 Lynton House Tavistock Square London England WC1H 9BQ
Q ROBOTIC TRADE LTD,16912443,active,ltd,,,2025-12-15,,2025-12-15,[46420, 46510, 46520, 47990],27 Old Gloucester Street London United Kingdom WC1N 3AX
FOOTPRINTS CARE AND SUPPORT SERVICES LTD,16912463,active,ltd,,,2025-12-15,,2025-12-15,[86900, 88990],20 Wenlock Road London England N1 7GU
HB ONLINE COMMERCE LTD,16912475,active,ltd,,,2025-12-15,,2025-12-15,[47710],20 Wenlock Road London United Kingdom N1 7GU
EXPIRESENSE HOLDINGS LIMITED,16912462,active,ltd,,,2025-12-15,,2025-12-15,[62090],Office 5579mj 182-184 High Street North London United Kingdom E6 2JA
CONTROL CORE LTD,16912465,active,ltd,,,2025-12-15,,2025-12-15,[90020],71-75 Shelton Street London United Kingdom WC2H 9JQ
MEDITERRANEAN REWARDS LTD,16912490,active,ltd,,,2025-12-15,,2025-12-15,[82990, 93290],71-75 Shelton Street London United Kingdom WC2H 9JQ
VANNER CONSTRUCTION LTD,16912489,active,ltd,,,2025-12-15,,2025-12-15,[43210, 43220, 43310, 43320],71-75 Shelton Street London United Kingdom WC2H 9JQ
NBVENDITA LTD,16912484,active,ltd,,,2025-12-15,,2025-12-15,[74909],167-169 Great Portland Street London United Kingdom W1W 5PF
MERLIN PROJECT FINANCE LTD,16912512,active,ltd,,,2025-12-15,,2025-12-15,[70221, 70229],71-75 Shelton Street London United Kingdom WC2H 9JQ
EQUILIBRIA NUTRITION LTD,16912507,active,ltd,,,2025-12-15,,2025-12-15,[47910],71-75 Shelton Street London United Kingdom WC2H 9JQ
SHARIF PROPERTY INVESTMENTS LTD,16912500,active,ltd,,,2025-12-15,,2025-12-15,[68100],Flat 174 Wrens Park House London England E5 9LR
LOCATION LOCATION X LTD,16912508,active,ltd,,,2025-12-15,,2025-12-15,[68310],71-75 Shelton Street London United Kingdom WC2H 9JQ
WESTMINSTER LAW CHICHESTER LTD,16912543,active,ltd,,,2025-12-15,,2025-12-15,[69109],204 Wellesley House London Road Waterlooville United Kingdom PO7 7AN
DHR LEGAL LIMITED,16912566,active,ltd,,,2025-12-15,,2025-12-15,[69102],470a Green Lanes London England N13 5PA
LOXWOOD PARTNERSHIP LTD,16912579,active,ltd,,,2025-12-15,,2025-12-15,[68209],37-39 Maida Vale London England W9 1TP
ALWAJIHA MEDICAL EQUIPMENT TRADING LTD,16912580,active,ltd,,,2025-12-15,,2025-12-15,[32500, 47749, 47750],275 New N Rd #3110 London London United Kingdom N1 7AA
HOME RENOVATION AND SURVEYING LTD,16912585,active,ltd,,,2025-12-15,,2025-12-15,[41202],71-75 Shelton Street London United Kingdom WC2H 9JQ
CARGOSHIFT TRANSPORT LTD,16901244,active,ltd,,,2025-12-10,,2025-12-10,[49410],124 City Road London England EC1V 2NX
HIMALAYAN HERITAGE WELLNESS UK LIMITED,16912591,active,ltd,,,2025-12-15,,2025-12-15,[46370],15 Constable Avenue London England E16 1TZ
CTCORP LIMITED,16912606,active,ltd,,,2025-12-15,,2025-12-15,[47910],167-169 Great Portland Street London England W1W 5PF
HBT GLOBAL ENTERPRISE LTD,16912621,active,ltd,,,2025-12-15,,2025-12-15,[47910, 53202, 78200, 96020],71-75 Shelton Street London United Kingdom WC2H 9JQ
E JEFFERY LTD,16912614,active,ltd,,,2025-12-15,,2025-12-15,[90010],32-33 Upper Street London England N1 0PN
SIXFIRE STUDIO LIMITED,16912637,active,ltd,,,2025-12-15,,2025-12-15,[32990, 62012],71-75 Shelton Street London United Kingdom WC2H 9JQ
HZW LTD,16912653,active,ltd,,,2025-12-15,,2025-12-15,[64209],20 Wenlock Road London England N1 7GU
WALNUTS 105 LTD,16912656,active,ltd,,,2025-12-15,,2025-12-15,[56102],2 Cobden Mews London England SW19 1RH
ROTOR IP LTD,16912667,active,ltd,,,2025-12-15,,2025-12-15,[27200, 33140, 42220, 43210],21 Audley Road London England NW4 3EX
HONEY BEAUTIQUE LTD,16912688,active,ltd,,,2025-12-15,,2025-12-15,[96020],78 Rivington Street London England EC2A 3AY
RETRO CONSOLE REPAIRS LTD,16912690,active,ltd,,,2025-12-15,,2025-12-15,[33140],1155 London Road Leigh-On-Sea England SS9 3JE
RKDRAGON LIMITED,16912684,active,ltd,,,2025-12-15,,2025-12-15,[73120],6a Gainsborough Avenue London England E12 6JL
JMH GLOBAL LIMITED,16912702,active,ltd,,,2025-12-15,,2025-12-15,[47910],4th Floor, Silverstream House London England W1T 6EB
JUBILEE AUCTION LIMITED,16912710,active,ltd,,,2025-12-15,,2025-12-15,[47791, 47990],3rd Floor 9 St. Clare Street London United Kingdom EC3N 1LQ
CUTLER AND KEAST HAIR LIMITED,16912734,active,ltd,,,2025-12-15,,2025-12-15,[96020],4 Charlotte Place London England W1T 1SE
NELOE CLEANING LIMITED,16912737,active,ltd,,,2025-12-15,,2025-12-15,[81210],Flat 32 City View Apartments Southampton England SO15 2PJ
VK JSM LTD,16912762,active,ltd,,,2025-12-15,,2025-12-15,[68209],5 Brayford Square London England E1 0SG
KICK OFF MUNCH LTD,16912784,active,ltd,,,2025-12-15,,2025-12-15,[56102],Silverstream House London England W1T 6EB
LAPIS ROCK LIMITED,16912787,active,ltd,,,2025-12-15,,2025-12-15,[55209],2 Denbigh Road London England W13 8PX
SERENITY FLOW LTD,16912859,active,ltd,,,2025-12-15,,2025-12-15,[20420, 32990, 85600, 96040],Flat 5 Crescent House 113-115 Worple Road London England SW20 8JD
BONDWAY MARKETING LTD,16912882,active,ltd,,,2025-12-16,,2025-12-16,[73110],135b Vauxhall Street London United Kingdom SE11 5LL
PEACEFUL HOME HOLDINGS LTD,16912933,active,ltd,,,2025-12-16,,2025-12-16,[68100],Flat 1 Donnington House London England SW8 2RU
P2M HVDC LTD,16913011,active,ltd,,,2025-12-16,,2025-12-16,[43999],3rd Floor, 86-90 Paul Street London United Kingdom EC2A 4NE
WILDBLOOM HORTICULTURE LTD,16913032,active,ltd,,,2025-12-16,,2025-12-16,[46310, 46330, 47760],2 Frederick Street London United Kingdom WC1X 0ND
SURESTART GENERATORS LTD,16913060,active,ltd,,,2025-12-16,,2025-12-16,[33120],128 City Road London United Kingdom EC1V 2NX
RIVE CONSULTING LTD,16913077,active,ltd,,,2025-12-16,,2025-12-16,[73110],Apartment 25, Brick Apartments 7d Woodfield Road London United Kingdom W9 2EF
MILLIONSPARK DIGITAL LTD,16913088,active,ltd,,,2025-12-16,,2025-12-16,[70210, 73110, 85590, 90030],Suite 10299 5 Brayford Square London United Kingdom E1 0SG
CALLIDUS INVESTMENTS (UK) LIMITED,16913089,active,ltd,,,2025-12-16,,2025-12-16,[96090],71 Queen Victoria Street London England EC4V 4BE
RAT & MOLE LTD,16913103,active,ltd,,,2025-12-16,,2025-12-16,[68100],73 Cornhill London England EC3V 3QQ
ASP CONSTRUCTION (SUFFOLK) LTD,16913168,active,ltd,,,2025-12-16,,2025-12-16,[41201, 41202],71-75 Shelton Street London United Kingdom WC2H 9JQ
SHINBRO INTERNATIONAL LTD,16913166,active,ltd,,,2025-12-16,,2025-12-16,[32500],Flat 3 Francis House Crownhil Road London United Kingdom NW10 4AA
AYON TECH LTD,16913180,active,ltd,,,2025-12-16,,2025-12-16,[62011, 62012, 62020, 62030],128 City Road London United Kingdom EC1V 2NX
OLIVIA MAWAS LTD,16913251,active,ltd,,,2025-12-16,,2025-12-16,[47910],292697, Office Suite 29a, 3/F 23 Wharf Street London England SE8 3GG
NEWSASSIST AI LTD,16913249,active,ltd,,,2025-12-16,,2025-12-16,[62012, 62090, 63110, 63990],128 City Road London United Kingdom EC1V 2NX
KERFIELD VENTURES LTD,16913286,active,ltd,,,2025-12-16,,2025-12-16,[10920, 70229, 82990],71-75 Shelton Street London United Kingdom WC2H 9JQ
NEXYSOFT LTD,16913274,active,ltd,,,2025-12-16,,2025-12-16,[58290],Suite 10307 5 Brayford Square London United Kingdom E1 0SG
REBOOT REPUBLIC LTD,16913308,active,ltd,,,2025-12-16,,2025-12-16,[47410, 47429, 95110, 95210],128 City Road London United Kingdom EC1V 2NX
CONSUMER AID LIMITED,16913297,active,ltd,,,2025-12-16,,2025-12-16,[96090],Suite Ra01 195-197 Wood Street London United Kingdom E17 3NU
HOMESPECT LTD,16913294,active,ltd,,,2025-12-16,,2025-12-16,[62012],71-75 Shelton Street London United Kingdom WC2H 9JQ
CER EDUCATION LTD,16913302,active,ltd,,,2025-12-16,,2025-12-16,[74909],3rd Floor, 86-90 Paul Street London United Kingdom EC2A 4NE
LEYSON INTEGRATED LTD,16913311,active,ltd,,,2025-12-16,,2025-12-16,[86900],20 Wenlock Road London England N1 7GU
FBF BLINDS LTD,16913298,active,ltd,,,2025-12-16,,2025-12-16,[47990],20 Wenlock Road London England N1 7GU
BUTLER NORTH PROPERTY FINDERS LTD,16913329,active,ltd,,,2025-12-16,,2025-12-16,[68310, 68320],71-75 Shelton Street London United Kingdom WC2H 9JQ
NATIONAL PERFORMANCE AWARDS LTD,16913335,active,ltd,,,2025-12-16,,2025-12-16,[90010],20 Wenlock Road London England N1 7GU
BAYIS NEEMON LTD,16913375,active,ltd,,,2025-12-16,,2025-12-16,[68209],32 Castlewood Road London United Kingdom N16 6DW
THE ARAB DRUGSTORE CO UK LIMITED,16913345,active,ltd,,,2025-12-16,,2025-12-16,[46900, 86900],105 Thornsbeach Road London England SE6 1EY
MAJOR COMMUNICATIONS LIMITED,16913354,active,ltd,,,2025-12-16,,2025-12-16,[68310, 68320, 82990],6 Vestry Road London England SE5 8NX
THE TWINS BROTHERS A&H LIMITED,16913362,active,ltd,,,2025-12-16,,2025-12-16,[51210],Flat 28 Jordans House London England NW8 8RX
GAME CASTER LTD,16913352,active,ltd,,,2025-12-16,,2025-12-16,[62011, 62012],3rd Floor, 86-90 Paul Street London United Kingdom EC2A 4NE
SOZA ENGINEERING LTD,16913389,active,ltd,,,2025-12-16,,2025-12-16,[71129],Seymour Chambers Liverpool United Kingdom L3 5NW
GLOBENIX YOUTH FORUM LTD,16913427,active,ltd,,,2025-12-16,,2025-12-16,[79120, 82302, 85590, 85600],128 City Road London United Kingdom EC1V 2NX
BARTLEYBALLERS LTD,16913431,active,ltd,,,2025-12-16,,2025-12-16,[96040],71-75 Shelton Street London United Kingdom WC2H 9JQ
FIRST UK TRADING LIMITED,16913412,active,ltd,,,2025-12-16,,2025-12-16,[96090],72 Halliwick Road London England N10 1AB
GG-775-683 LIMITED,16913450,active,ltd,,,2025-12-16,,2025-12-16,[68209],C/O Getground London England W6 0NB
CTRLRINGS LIMITED,16913455,active,ltd,,,2025-12-16,,2025-12-16,[58290, 62012],Suite 10309 5 Brayford Square London United Kingdom E1 0SG
HOLOSOPHY LTD,16913448,active,ltd,,,2025-12-16,,2025-12-16,[47190, 93130, 96040],98 Tooley Street London England SE1 2TH
FINHEAD CONSULTING LIMITED,16913498,active,ltd,,,2025-12-16,,2025-12-16,[70229],3rd Floor, 86-90 Paul Street London United Kingdom EC2A 4NE
MASSEY MOTOR GROUP LTD,16913470,active,ltd,,,2025-12-16,,2025-12-16,[45200],1st Floor 8-12 London Street Southport England PR9 0UE
ECONO BUILD LTD,16913488,active,ltd,,,2025-12-16,,2025-12-16,[23620, 41202, 43290],Flat 4, 1 Finsbury Road London England N22 8PA
DEV3 EUROPEAN LTD,16913485,active,ltd,,,2025-12-16,,2025-12-16,[47910],71-75 Shelton Street London United Kingdom WC2H 9JQ
HEALTHELEVATE LTD,16913517,active,ltd,,,2025-12-16,,2025-12-16,[63110, 65120, 70229, 86900],71-75 Shelton Street London United Kingdom WC2H 9JQ
WEGETIT LIMITED,16913530,active,ltd,,,2025-12-16,,2025-12-16,[62020],1386 London Road Leigh On Sea England SS9 2UJ
GDC (WILTS) LIMITED,16913546,active,ltd,,,2025-12-16,,2025-12-16,[68209],19 London Road Salisbury England SP4 7DX
DIVINES TRADE LIMITED,16913548,active,ltd,,,2025-12-16,,2025-12-16,[45310, 46190, 46690],71-75 Shelton Street London United Kingdom WC2H 9JQ
COTECNA LAB UK LTD.,16913540,active,ltd,,,2025-12-16,,2025-12-16,[71200],27 Old Gloucester Street London United Kingdom WC1N 3AX
B KEMP PROPERTIES LIMITED,16913563,active,ltd,,,2025-12-16,,2025-12-16,[68209],First Floor Office London United Kingdom W8 4LZ
LINVO PROPERTIES LTD,16913572,active,ltd,,,2025-12-16,,2025-12-16,[68209, 68310, 68320],20 Wenlock Road London England N1 7GU
CYBERBRIDGE PARTNERS LTD,16913570,active,ltd,,,2025-12-16,,2025-12-16,[62020],128 City Road London United Kingdom EC1V 2NX
MR CHOCOLATE ORANGE LTD,16913567,active,ltd,,,2025-12-16,,2025-12-16,[47910, 68202],2nd Floor College House Ruislip, United Kingdom HA4 7AE
FILL MY FORM DIRECT LTD,16892194,active,ltd,,,2025-12-04,,2025-12-04,[62012, 62020, 70229, 82990],3rd Floor, 86-90 Paul Street London United Kingdom EC2A 4NE
SIMEON LTD,16892195,active,ltd,,,2025-12-04,,2025-12-04,[18203],70 Fletching Road London England E5 9QR
HAWTHORN KEPLER LTD,16892188,active,ltd,,,2025-12-04,,2025-12-04,[64303],563 Brixton Station Road London United Kingdom SW9 8PG
YOUR EDIT STUDIO LIMITED,16892200,active,ltd,,,2025-12-04,,2025-12-04,[47190],3rd Floor, 86-90 Paul Street London United Kingdom EC2A 4NE
STALOW IT LTD,16892212,active,ltd,,,2025-12-04,,2025-12-04,[62090],73 Gladesmore Road London England N15 6TL
ALIWAT LTD,16892470,active,ltd,,,2025-12-05,,2025-12-05,[47910, 47990],167-169 Great Portland Street London England W1W 5PF
DIRECT CONCIERGE LIMITED,16892546,active,ltd,,,2025-12-05,,2025-12-05,[74909],4 William Street London England SW1X 9HL
NOVA NUMISMATICS LTD,16892538,active,ltd,,,2025-12-05,,2025-12-05,[47910],107 George Lane London England E18 1AN
SYNEURA LTD,16892662,active,ltd,,,2025-12-05,,2025-12-05,[86900],167 - 169 Great Portland Street London England W1W 5PF
FAJEMISIN HOLDINGS LIMITED,16892737,active,ltd,,,2025-12-05,,2025-12-05,[68100, 68209],34 St. Andrews Close London England SE28 8NZ
BEA MUCK RADIAL LTD,16892788,active,ltd,,,2025-12-05,,2025-12-05,[70229],Flat 12 148 Abbey Road London England NW6 4SR
COACHLOG LTD,16892770,active,ltd,,,2025-12-05,,2025-12-05,[62012, 62090],32 James Close Woodlands London England NW11 9QX
ARANJANI PROPERTIES LTD,16892778,active,ltd,,,2025-12-05,,2025-12-05,[68209],Apartment 18 Lambert House London England SW11 3HR
SUNNOVAPRODUCTS LTD,16892855,active,ltd,,,2025-12-05,,2025-12-05,[47910],49 Elmdene Road London England SE18 6TZ
HOME UTILITY LTD,16892846,active,ltd,,,2025-12-05,,2025-12-05,[43210, 43220, 95220],167-169 Great Portland Street London United Kingdom W1W 5PF
ALEPPIAN ADVISORY LTD,16893045,active,ltd,,,2025-12-05,,2025-12-05,[70229],92 Wavendon Avenue London England W4 4NS
HAVVA PARTNERS LIMITED,16893092,active,ltd,,,2025-12-05,,2025-12-05,[62012, 63120, 79110],5 Brayford Square London England E1 0SG
COUNTER ORDNANCE GROUP LTD,16893090,active,ltd,,,2025-12-05,,2025-12-05,[78109],5th Floor 167-169 Great Portland Street London England W1W 5PF
ANASTASIA LE LTD,16893197,active,ltd,,,2025-12-05,,2025-12-05,[46900, 47910, 73120, 85600],1 Taeping Street London England E14 9UN
SUPER POWER LONDON LIMITED,16893194,active,ltd,,,2025-12-05,,2025-12-05,[47190],1 Bendish Road London England E6 1BB
ZAPATA CLOTHING LTD,16893317,active,ltd,,,2025-12-05,,2025-12-05,[47820],27 Thornham Street London England SE10 9SA
VELDON PROPERTY LTD,16893440,active,ltd,,,2025-12-05,,2025-12-05,[68100, 68201, 68209, 68320],128 City Road London United Kingdom EC1V 2NX
FIRST AVENUE LONDON LTD,16893476,active,ltd,,,2025-12-05,,2025-12-05,[46450, 47710, 56102],66 Greenfield Road London England E1 1EJ
RAHELS COFFEE LTD,16893472,active,ltd,,,2025-12-05,,2025-12-05,[56102],7 Hawthorn Avenue London England E3 5GP
CLIENTGROWTH AI LTD,16893488,active,ltd,,,2025-12-05,,2025-12-05,[47910, 47990, 82990],Office 15997 182-184 High Street North London United Kingdom E6 2JA
CUMBERLAND 31 LIMITED,16893501,active,ltd,,,2025-12-05,,2025-12-05,[68100],52b Clapton Common London England E5 9AL
OPEROSE HEALTH PRIVATE SERVICES LIMITED,16893648,active,ltd,,,2025-12-05,,2025-12-05,[86210, 86220],33 Soho Square London United Kingdom W1D 3QU
ELFIN LENDING SPV LTD,16893644,active,ltd,,,2025-12-05,,2025-12-05,[64999],25 North Row London United Kingdom W1K 6DJ
IY AUTO TRADES LIMITED,16893638,active,ltd,,,2025-12-05,,2025-12-05,[45111, 45112, 45190],Office 16068 182-184 High Street North London United Kingdom E6 2JA
WESTMINSTER LAW HASLEMERE LTD,16893857,active,ltd,,,2025-12-05,,2025-12-05,[69109],204 Wellesley House London Road Waterlooville United Kingdom PO7 7AN
VISHWELL STAFFING LTD,16884593,active,ltd,,,2025-12-01,,2025-12-01,[78109, 78200],Suite Ra01 195-197 Wood Street London England E17 3NU
GLADE MANAGEMENT SERVICES LIMITED,16893870,active,ltd,,,2025-12-05,,2025-12-05,[68320],101 New Cavendish Street London England W1W 6XH
PRYOR SOLUTIONS LIMITED,16893896,active,ltd,,,2025-12-05,,2025-12-05,[82990],13 St. Swithin's Lane London England EC4N 8AL
ZHANGZHOUXIANGCHENGSHISHUNDIANZISHANGWU LTD,16893885,active,ltd,,,2025-12-05,,2025-12-05,[47910],291358, Office Suite 29a, 3/F 23 Wharf Street London England SE8 3GG
LUSSO EXPERIENCES LTD,16894035,active,ltd,,,2025-12-05,,2025-12-05,[93290],71-75 Shelton Street London United Kingdom WC2H 9JQ
YONGO REKKE KOH GROUP LIMITED,16894620,active,ltd,,,2025-12-06,,2025-12-06,[70229],86-90 Paul Street London England EC2A 4NE
TARAN PROPERTIES LTD,16894619,active,ltd,,,2025-12-06,,2025-12-06,[68100, 68209],364 Acton Lane London England W3 8PE
YAK SHAVERS LIMITED,16894631,active,ltd,,,2025-12-06,,2025-12-06,[62012],81 Mallinson Road London England SW11 1BW
CAB FLOW LTD,16894750,active,ltd,,,2025-12-07,,2025-12-07,[62020],Flat 3 Blandford Court 4-6 Brondesbury Park London England NW6 7BP
KITTIES CREATIVE LTD,16894836,active,ltd,,,2025-12-07,,2025-12-07,[47890],Flat 18, Shan House 52-58 Millman Street London United Kingdom WC1N 3EE
TYPICAL LABS LIMITED,16894751,active,ltd,,,2025-12-07,,2025-12-07,[72190],81 Finsbury Park Road London England N4 2JY
BAKUHUB LTD,16895150,active,ltd,,,2025-12-07,,2025-12-07,[62012],3 Standish Road London England W6 9UJ
THRIVE MIND THERAPY LTD,16895148,active,ltd,,,2025-12-07,,2025-12-07,[86210],71-75 Shelton Street London United Kingdom WC2H 9JQ
GMS CLEANING AND MAINTAINACE SERVICE LTD,16895222,active,ltd,,,2025-12-07,,2025-12-07,[81210],314 Garratt Lane London England SW18 4EH
PRIMUS INNOVATIONS LIMITED,16895322,active,ltd,,,2025-12-07,,2025-12-07,[64209],71-75 Shelton Street London United Kingdom WC2H 9JQ
IRIS PARAMOTOR UK LIMITED,16895626,active,ltd,,,2025-12-08,,2025-12-08,[46690, 47890],71-75 Shelton Street London United Kingdom WC2H 9JQ
GK CONSTRUCTION & INTERIOR LTD,16895636,active,ltd,,,2025-12-08,,2025-12-08,[41202],35 Macks Road London England SE16 3XU
L&N ASSOCIATES LTD,16895784,active,ltd,,,2025-12-08,,2025-12-08,[68320],55 Dora Street London England E14 7TP
ELECTRIC LOVE ENTERPRISES LTD,16895775,active,ltd,,,2025-12-08,,2025-12-08,[90020],First Floor, 14-15 Berners Street London United Kingdom W1T 3LJ
ABO AMMAR SPARE PARTS LTD,16895766,active,ltd,,,2025-12-08,,2025-12-08,[45111, 45200, 46460, 46520],2nd Floor College House Ruislip, United Kingdom HA4 7AE
RILEY'S PROPERTY MAINTENANCE LIMITED,16895842,active,ltd,,,2025-12-08,,2025-12-08,[43390],146 New London Road Chelmsford England CM2 0AW
GOLDSICHERHEIT LTD,16895839,active,ltd,,,2025-12-08,,2025-12-08,[62012, 64209, 68100, 68209],71-75 Shelton Street London United Kingdom WC2H 9JQ
THALASSA ESCAPES LTD,16882546,active,ltd,,,2025-12-01,,2025-12-01,[68209],24 The Chine London England N21 2EB
CLOUD DATAEDGE LTD,16895846,active,ltd,,,2025-12-08,,2025-12-08,[62012, 62020, 62090],71-75 Shelton Street London United Kingdom WC2H 9JQ
AKTIVE ONLINE LTD,16895941,active,ltd,,,2025-12-08,,2025-12-08,[47710],Office 16077 182-184 High Street North London United Kingdom E6 2JA
MOTHERLAND GLOBAL TRADE LTD,16895942,active,ltd,,,2025-12-08,,2025-12-08,[47110, 47750, 88910, 88990],Flat 1-14 225 Streatham High Road London England SW16 6EN
RICKARD LUCKIN FINANCIAL SERVICES (OWM) HOLDINGS LIMITED,16895955,active,ltd,,,2025-12-08,,2025-12-08,[64209],1st Floor County House Chelmsford United Kingdom CM2 0RG
KREDI LTD,16895953,active,ltd,,,2025-12-08,,2025-12-08,[64999],45 Albemarle Street London England W1S 4JL
HONEY BUZZARD CARE SERVICES LTD,16895939,active,ltd,,,2025-12-08,,2025-12-08,[84120],20 Wenlock Road London England N1 7GU
BENTLEYGREENPRESENTING LTD,16895964,active,ltd,,,2025-12-08,,2025-12-08,[90020],20 Wenlock Road London England N1 7GU
JECOMMERCE LIMITED,16895980,active,ltd,,,2025-12-08,,2025-12-08,[70229],3rd Floor, 86-90 Paul Street London United Kingdom EC2A 4NE
REISNOVA LIMITED,16896016,active,ltd,,,2025-12-08,,2025-12-08,[62012, 62020],124 City Road London United Kingdom EC1V 2NX
HONEYUE LTD,16896116,active,ltd,,,2025-12-08,,2025-12-08,[47910],Unit 105 48 Waterside Heights London United Kingdom E16 2GP
LINFORD WOOD RESIDENTIAL INVESTMENTS LTD,16896283,active,ltd,,,2025-12-08,,2025-12-08,[68209],Unit 1 Hawthorn Business Park London England NW2 2AZ
PURE FORCE COMMERCIAL CLEANING LIMITED,16896288,active,ltd,,,2025-12-08,,2025-12-08,[81210],Flat 6 Whitebeam Court London England E5 9GL
ALFURSAN GLOBAL TRADING LTD,16896360,active,ltd,,,2025-12-08,,2025-12-08,[46900],275 New N Rd #3110 London London United Kingdom N1 7AA
JACKSON SOFTWARE ENGINEERING LTD,16896389,active,ltd,,,2025-12-08,,2025-12-08,[62012],71-75 Shelton Street London United Kingdom WC2H 9JQ
GM BATH DEVELOPMENT UK HOLDCO LTD,16896403,active,ltd,,,2025-12-08,,2025-12-08,[41100],128 City Road London United Kingdom EC1V 2NX
AMBI SERVICES LTD,16896411,active,ltd,,,2025-12-08,,2025-12-08,[46510, 47410, 58290, 82990],20 Wenlock Road London England N1 7GU
MD BLUE SKY 2026 LIMITED,16896423,active,ltd,,,2025-12-08,,2025-12-08,[96090],1 Knightsbridge Green London England SW1X 7QA
INFINITY MEDICAL SERVICES LIMITED,16896478,active,ltd,,,2025-12-08,,2025-12-08,[86210],167-169 Great Portland Street London United Kingdom W1W 5PF
RCIH 34 LIMITED,16896495,active,ltd,,,2025-12-08,,2025-12-08,[68209],C/O Ztk Tax Advisory, Suite 1, Ideas House London United Kingdom E18 1BY
YOGO COLNEY HEATH LIMITED,16896538,active,ltd,,,2025-12-08,,2025-12-08,[41100, 68100, 68310],3rd Floor Marlborough House London United Kingdom N3 2SZ
SRW WHOLESALE LTD,16896607,active,ltd,,,2025-12-08,,2025-12-08,[47770],7 Spindrift Avenue London United Kingdom E14 9US
CORNERSTONE PATHWAYS LTD,16896606,active,ltd,,,2025-12-08,,2025-12-08,[87900],167-169 Great Portland Street London United Kingdom W1W 5PF
STERNCREST HOLDINGS LTD,16896610,active,ltd,,,2025-12-08,,2025-12-08,[68100, 68209],766a Finchley Road London England NW11 7TH
FAHREN AUTO LTD,16896599,active,ltd,,,2025-12-08,,2025-12-08,[45112],20 Wenlock Road London England N1 7GU
LILLEBY ART LIMITED,16896892,active,ltd,,,2025-12-08,,2025-12-08,[90030],128 City Road London United Kingdom EC1V 2NX
WISDOM OF KNOWLEDGE LTD,16896901,active,ltd,,,2025-12-08,,2025-12-08,[58110],45 Childebert Road London England SW17 8EY
HEATWORKS CONCEPTS LTD,16896917,active,ltd,,,2025-12-08,,2025-12-08,[96040],128 City Road London United Kingdom EC1V 2NX
IMPERION SERVICES LIMITED,16896922,active,ltd,,,2025-12-08,,2025-12-08,[58290],34 Aldbourne Road London England W12 0LN
PRIMESTAY GROUP LTD,16896919,active,ltd,,,2025-12-08,,2025-12-08,[68209],71-75 Shelton Street London England WC2H 9JQ
ZEA BEAUTY LTD,16897087,active,ltd,,,2025-12-08,,2025-12-08,[96010, 96020],128 City Road London United Kingdom EC1V 2NX
SM CHAUFFEURS LONDON LTD,16897088,active,ltd,,,2025-12-08,,2025-12-08,[49320, 49390],128 City Road London United Kingdom EC1V 2NX
BORMETIS LIMITED,16897177,active,ltd,,,2025-12-08,,2025-12-08,[62020, 70229, 71129],128 City Road London United Kingdom EC1V 2NX
ALGORYTHMIC LABS LTD,16897174,active,ltd,,,2025-12-08,,2025-12-08,[62012, 62020],398 Central Park Road London England E6 3AB
HARDPATTIES LTD,16897171,active,ltd,,,2025-12-08,,2025-12-08,[56103, 56290],71-75 Shelton Street London United Kingdom WC2H 9JQ
PROLIFICA CS INVESTMENTS LIMITED,16897164,active,ltd,,,2025-12-08,,2025-12-08,[96090],101 New Cavendish Street London United Kingdom W1W 6XH
CRYSTALCLEAR TOUCH LTD,16897262,active,ltd,,,2025-12-08,,2025-12-08,[81221, 81222, 81299, 98000],16 Wilshaw Close London England NW4 4TU
ATLAS SEMICONDUCTOR DESIGN LTD,16897416,active,ltd,,,2025-12-08,,2025-12-08,[74100],20 Wenlock Road London England N1 7GU
SHIRE CLUB LTD,16897409,active,ltd,,,2025-12-08,,2025-12-08,[93290],71-75 Shelton Street London United Kingdom WC2H 9JQ
ZAPPCO PROPERTIES LTD,16897389,active,ltd,,,2025-12-08,,2025-12-08,[68209],20 Wenlock Road London England N1 7GU
SUB800 TECHNOLOGIES LTD,16897428,active,ltd,,,2025-12-08,,2025-12-08,[62020],47-53 St. John Street London England EC1M 4AN
THORN PROPERTY GROUP LIMITED,16897410,active,ltd,,,2025-12-08,,2025-12-08,[68209],5 Durweston Street London United Kingdom W1H 1EN
TR15 LTD,16897418,active,ltd,,,2025-12-08,,2025-12-08,[59112, 59200, 74201],128 City Road London United Kingdom EC1V 2NX
QUAYSTONE PARTNERS LTD,16897386,active,ltd,,,2025-12-08,,2025-12-08,[70221],71-75 Shelton Street London United Kingdom WC2H 9JQ
MANNA COFFEE & POTTERY LTD,16897691,active,ltd,,,2025-12-08,,2025-12-08,[23410, 56102],Flat 1, Harriet House London United Kingdom SW6 2JQ
STUDIO ZACH ZONO LTD,16897707,active,ltd,,,2025-12-08,,2025-12-08,[90030],Unit 14 Princeton Mews Kingston Upon Thames England KT2 6PT
TSC DIGITAL LTD,16897686,active,ltd,,,2025-12-08,,2025-12-08,[73110],71-75 Shelton Street London England WC2H 9JQ
TECHNICAL INS. OF DESIGN AND ARCHITECTURE LTD,16897679,active,ltd,,,2025-12-08,,2025-12-08,[85320, 85590],71-75 Shelton Street London United Kingdom WC2H 9JQ
RUHIT SPICE AND GRILL LTD,16897789,active,ltd,,,2025-12-08,,2025-12-08,[56101],4 Sidmouth Parade London England NW2 5HG
INVEXO LTD,16897785,active,ltd,,,2025-12-08,,2025-12-08,[71129, 72190],71-75 Shelton Street London United Kingdom WC2H 9JQ
SILVER LIGHT INTERNATIONAL TRADING COMPANY LTD,16897951,active,ltd,,,2025-12-08,,2025-12-08,[46900],275 New N Rd 3110 London London United Kingdom N1 7AA
GOOD SENSE COMMUNICATIONS LTD,16898062,active,ltd,,,2025-12-08,,2025-12-08,[70210],31 Allenby Road London England SE23 2RQ
TDSE LTD,16898113,active,ltd,,,2025-12-08,,2025-12-08,[77299],71-75 Shelton Street London United Kingdom WC2H 9JQ
CYBER COMPLIANCE LTD,16898340,active,ltd,,,2025-12-08,,2025-12-08,[62020],3rd Floor, 86-90 Paul Street London United Kingdom EC2A 4NE
AKBAR BROTHERS LIMITED,16898408,active,ltd,,,2025-12-08,,2025-12-08,[47990],25 Belsize Avenue London England N13 4TL
EVERYDAY PAYROLL LTD,16898523,active,ltd,,,2025-12-09,,2025-12-09,[69203],Flat 2 Mitcham House London England SE5 9NN
ROMALE FRESH & CLEAN LTD,16898731,active,ltd,,,2025-12-09,,2025-12-09,[81210],119 London Road Ipswich England IP1 2HH
THE FUR GROUP LIMITED,16898752,active,ltd,,,2025-12-09,,2025-12-09,[58290, 62090],71-75 Shelton Street London United Kingdom WC2H 9JQ
SEATED LIMITED,16898751,active,ltd,,,2025-12-09,,2025-12-09,[47910],71-75 Shelton Street London United Kingdom WC2H 9JQ
OUTCOMPETE TRADERS LTD,16898753,active,ltd,,,2025-12-09,,2025-12-09,[47910],Suite C170 4 - 6, Greatorex Street London United Kingdom E1 5NF
ADAM F MATTHEWS LTD,16898749,active,ltd,,,2025-12-09,,2025-12-09,[47791],3rd Floor, 86-90 Paul Street London United Kingdom EC2A 4NE
DR. AISHA AL ALI PROPERTY FORENSICS & DISPUTE CONSULTING LIMITED,16891204,active,ltd,,,2025-12-04,,2025-12-04,[70229, 74909],Berkeley Square House London England W1J 6BD
RELOCABLE LTD,16899277,active,ltd,,,2025-12-09,,2025-12-09,[49420, 62020],3rd Floor, 86-90 Paul Street London United Kingdom EC2A 4NE
GREEN DUNGAR PRESS LIMITED,16899281,active,ltd,,,2025-12-09,,2025-12-09,[58110],71-75 Shelton Street London United Kingdom WC2H 9JQ
EWY LIMITED,16899379,active,ltd,,,2025-12-09,,2025-12-09,[56102],9 Queens Parade London United Kingdom W5 3HU
EAST MIDLANDS AUTOMOTIVE LTD,16899415,active,ltd,,,2025-12-09,,2025-12-09,[29100, 45111, 45112, 45320],20 Wenlock Road London England N1 7GU
MAC INDUSTRIES HOLDINGS LTD,16899428,active,ltd,,,2025-12-09,,2025-12-09,[06100, 46711, 64209],128 City Road London United Kingdom EC1V 2NX
REABOURNE CAPITAL LTD,16899442,active,ltd,,,2025-12-09,,2025-12-09,[68100, 68209, 68320, 98000],Flat 2 74 Sutherland Avenue London England W9 2QS
POINTER HOUSE LTD,16899430,active,ltd,,,2025-12-09,,2025-12-09,[86900],3rd Floor 86-90 Paul Street London United Kingdom EC2A 4NE
ATR TECHNOLOGIES LTD,16899465,active,ltd,,,2025-12-09,,2025-12-09,[62012, 62090],71-75 Shelton Street London United Kingdom WC2H 9JQ
CHARISIMA LIMITED,16899464,active,ltd,,,2025-12-09,,2025-12-09,[55201],3rd Floor, 86-90 Paul Street London United Kingdom EC2A 4NE
SKY VOYAGE GLOBAL LTD,16899603,active,ltd,,,2025-12-09,,2025-12-09,[79110, 79120],71-75 Shelton Street London United Kingdom WC2H 9JQ
NOVA SKY LIGHTS LTD,16899606,active,ltd,,,2025-12-09,,2025-12-09,[71122, 74209, 82301, 90020],71-75 Shelton Street London United Kingdom WC2H 9JQ
WALK FREE TODAY LTD,16899612,active,ltd,,,2025-12-09,,2025-12-09,[47190, 47640, 47750, 47910],71-75 Shelton Street London England WC2H 9JQ
COGNABILITIES LTD,16899662,active,ltd,,,2025-12-09,,2025-12-09,[85100, 85200, 85600],128 City Road London United Kingdom EC1V 2NX
RENDERR LTD,16899664,active,ltd,,,2025-12-09,,2025-12-09,[62090],128 City Road London United Kingdom EC1V 2NX
DOUBLE 7 HOLDINGS LTD,16899744,active,ltd,,,2025-12-09,,2025-12-09,[93130],1-4 London Road Spalding England PE11 2TA
PEREGRINE TECHNOLOGIES UK LTD,16899745,active,ltd,,,2025-12-09,,2025-12-09,[58290],Room 105,  Dowgate Hill House London England EC4R 2SU
ALEXANDER DE BERNIERE GROUP HOLDINGS LIMITED,16899753,active,ltd,,,2025-12-09,,2025-12-09,[74990],71-75 Shelton Street London United Kingdom WC2H 9JQ
LUCKY SQUIRREL LTD,16900043,active,ltd,,,2025-12-09,,2025-12-09,[70210, 73110, 73200],Suite Ra01 195-197 Wood Street London United Kingdom E17 3NU
LOVEDON LIMITED,16900121,active,ltd,,,2025-12-09,,2025-12-09,[47710, 47910, 58290, 62012],3rd Floor 86-90 Paul Street London United Kingdom EC2A 4NE
H C TURNER CONSULTING LTD,16900126,active,ltd,,,2025-12-09,,2025-12-09,[70229],3rd Floor, 86-90 Paul Street London United Kingdom EC2A 4NE
HINOKI HOMES LTD,16900099,active,ltd,,,2025-12-09,,2025-12-09,[68100, 68209],2nd Floor College House Ruislip, United Kingdom HA4 7AE
RED500 DEVELOPMENT LIMITED,16900278,active,ltd,,,2025-12-09,,2025-12-09,[62012, 62090, 63120],71-75 Shelton Street London United Kingdom WC2H 9JQ
CULTURECO UK LIMITED,16900279,active,ltd,,,2025-12-09,,2025-12-09,[64209],Vistra Uk 7th Floor London United Kingdom SW1H 0DB
FM LEASEHOLD LTD,16900274,active,ltd,,,2025-12-09,,2025-12-09,[68209],140 High Road London United Kingdom N15 6JN
MEDHAVEN PROPERTIES LTD,16890824,active,ltd,,,2025-12-04,,2025-12-04,[68100, 68209, 68320],128 City Road London United Kingdom EC1V 2NX
FISCHER ESTATES LTD,16900399,active,ltd,,,2025-12-09,,2025-12-09,[68100],46 Fairholt Road London England N16 5HW
CDON INVESTMENT LTD,16900401,active,ltd,,,2025-12-09,,2025-12-09,[68100, 68209, 68320],255 London Road Benfleet England SS7 5UW
LOBO MOTOR INVESTMENTS LTD,16900526,active,ltd,,,2025-12-09,,2025-12-09,[64209],20 Wenlock Road London England N1 7GU
TPS WINTON LIMITED,16900525,active,ltd,,,2025-12-09,,2025-12-09,[41100, 68209],14th Floor 33 Cavendish Square London United Kingdom W1G 0PW
LG DATA LIMITED,16900519,active,ltd,,,2025-12-09,,2025-12-09,[71200],15 Rossall Crescent London England NW10 7HE
GET IN THE ROOM LTD,16900669,active,ltd,,,2025-12-09,,2025-12-09,[85590],3rd Floor, 86-90 Paul Street London United Kingdom EC2A 4NE
MATTHEW NEWNHAM PRODUCTIONS LIMITED,16900670,active,ltd,,,2025-12-09,,2025-12-09,[58110, 58190],71-75 Shelton Street London United Kingdom WC2H 9JQ
SHORTY BLESS LTD,16900651,active,ltd,,,2025-12-09,,2025-12-09,[90020, 90030],167-169 Great Portland Street London England W1W 5PF
WPT CONSULTING LTD,16900655,active,ltd,,,2025-12-09,,2025-12-09,[70229],20 Wenlock Road London England N1 7GU
COBALT ASSISTANCE LTD,16900717,active,ltd,,,2025-12-09,,2025-12-09,[70229],53 Pevensey Avenue London United Kingdom N11 2RB
MICRO PHOTON TECHNOLOGIES HOLDINGS LIMITED,16900774,active,ltd,,,2025-12-09,,2025-12-09,[63110],40 Gracechurch Street London England EC3V 0BT
EIRJ GROUP LTD,16900779,active,ltd,,,2025-12-09,,2025-12-09,[70229],3rd Floor, 86-90 Paul Street London United Kingdom EC2A 4NE
ONE MOUNTAIN LTD,16900825,active,ltd,,,2025-12-09,,2025-12-09,[62020],128 City Road London United Kingdom EC1V 2NX
AZURE CONSULT LIMITED,16900880,active,ltd,,,2025-12-09,,2025-12-09,[70229, 71122],24 Milton Road London England SW14 8JR
PROVISIONS DEPT LTD,16900966,active,ltd,,,2025-12-09,,2025-12-09,[56210, 56290],195 Wood Lane London England W12 7FQ
HAPPY KIDDOS HOUSE LTD,16901021,active,ltd,,,2025-12-09,,2025-12-09,[88910],17 Sheen Gate Gardens London England SW14 7PD
BIG RED RAUR VALDR LIMITED,16901032,active,ltd,,,2025-12-09,,2025-12-09,[62012],46 Dorothy Road London England SW11 2JP
JAMOT LTD,16901105,active,ltd,,,2025-12-10,,2025-12-10,[62020, 71129],167-169 Great Portland Street London United Kingdom W1W 5PF
CHRONIC PAIN MANAGEMENT LTD,16901102,active,ltd,,,2025-12-10,,2025-12-10,[86900],3rd Floor, 86-90 Paul Street London United Kingdom EC2A 4NE
GH CAFE LTD,16901100,active,ltd,,,2025-12-10,,2025-12-10,[56102],309 Baring Road London England SE12 0DZ
NISHA'S DESHI KITCHEN LTD,16892260,active,ltd,,,2025-12-05,,2025-12-05,[56102, 56290],Unit B, London England E6 1AE
KISTOS ENERGY MIDDLE EAST LIMITED,16892365,active,ltd,,,2025-12-05,,2025-12-05,[06100, 06200],2nd Floor 3 St James's  Square London United Kingdom SW1Y 4JU
AERONEGOCI LIMITED,16892523,active,ltd,,,2025-12-05,,2025-12-05,[82990],Unit 3, 1st Floor 6/7 St Mary At Hill London England EC3R 8EE
1ST EUROPE ASSOCIATES LIMITED,16892618,active,ltd,,,2025-12-05,,2025-12-05,[96090],72 Halliwick Road London England N10 1AB
CAPO CLEANS LIMITED,16892672,active,ltd,,,2025-12-05,,2025-12-05,[81210, 81222, 81299],124-128 City Road London England EC1V 2NX
DOOFA CLEANING SERVICES LTD,16892715,active,ltd,,,2025-12-05,,2025-12-05,[81210],29 Cowdrey Mews London England SE6 3AP
YESFAVOR PERSONAL CARE CO., LTD,16892820,active,ltd,,,2025-12-05,,2025-12-05,[46190, 46450, 47750, 72110],Unit 785 Ground Floor Capital House London United Kingdom E8 1LL
RNB VS GARAGE LTD,16891741,active,ltd,,,2025-12-04,,2025-12-04,[82301],41 Blake Road London United Kingdom N11 2AG
STELLA NIGHTS LTD,16893071,active,ltd,,,2025-12-05,,2025-12-05,[55100, 68209, 68320],20 Wenlock Road London England N1 7GU
CYBERDENE LTD,16893120,active,ltd,,,2025-12-05,,2025-12-05,[96090],47 Clayhill Crescent London England SE9 4JA
SEDENCE PROPERTY LTD,16893204,active,ltd,,,2025-12-05,,2025-12-05,[68100, 68201, 68209, 68320],Office 403 Screenworks 22 Highbury Grove London England N5 2ER
ARA'S OF KENSINGTON LTD,16893290,active,ltd,,,2025-12-05,,2025-12-05,[96020],Ara's Barber Shop, 16 Stratford Road London United Kingdom W8 6QD
TWINTIDE CONSULTING LIMITED,16893289,active,ltd,,,2025-12-05,,2025-12-05,[70229],71-75 Shelton Street London United Kingdom WC2H 9JQ
ORTU HEALTH AND FITNESS LTD,16893282,active,ltd,,,2025-12-05,,2025-12-05,[93130],71-75 Shelton Street London United Kingdom WC2H 9JQ
ARRIBA CLEAN LTD,16893278,active,ltd,,,2025-12-05,,2025-12-05,[47990],71-75 Shelton Street London United Kingdom WC2H 9JQ
MONIR EXPRESS LTD,16893377,active,ltd,,,2025-12-05,,2025-12-05,[47910],5 Brayford Square London United Kingdom E1 0SG
LND AIRPORT TRANSFERS LTD,16893549,active,ltd,,,2025-12-05,,2025-12-05,[49320, 79901],11 Welbeck Street London England W1G 9XZ
FASTBALL TRADE COMPANY LIMITED,16893548,active,ltd,,,2025-12-05,,2025-12-05,[96090],6th Floor 9 Appold Street London United Kingdom EC2A 2AP
DFPM LTD,16893596,active,ltd,,,2025-12-05,,2025-12-05,[43999],Ztk Tax Advisory Suite 1, Ideas House London United Kingdom E18 1BY
ATSH LTD,16893590,active,ltd,,,2025-12-05,,2025-12-05,[56103],71-75 Shelton Street London United Kingdom WC2H 9JQ
THEITREVOLUTION LTD,16893727,active,ltd,,,2025-12-05,,2025-12-05,[62020],3rd Floor, 86-90 Paul Street London United Kingdom EC2A 4NE
NPM TECHNOLOGIES LIMITED,16893717,active,ltd,,,2025-12-05,,2025-12-05,[62012, 62020, 62090],128 City Road London United Kingdom EC1V 2NX
WEALTHY CONCEPT INVESTMENTS LTD,16893715,active,ltd,,,2025-12-05,,2025-12-05,[66120],128 City Road London United Kingdom EC1V 2NX
RESET AND THRIVE LTD,16893722,active,ltd,,,2025-12-05,,2025-12-05,[86900],3rd Floor, 86-90 Paul Street London United Kingdom EC2A 4NE
ORÄA CLINIC LTD,16893703,active,ltd,,,2025-12-05,,2025-12-05,[86220, 86900],71-75 Shelton Street London United Kingdom WC2H 9JQ
HD ENGINEERING CONSULTANCY LTD,16893786,active,ltd,,,2025-12-05,,2025-12-05,[62020, 71121, 71122, 71129],128 City Road London United Kingdom EC1V 2NX
HAIR FUSION CLINIC LTD,16893792,active,ltd,,,2025-12-05,,2025-12-05,[96020],71-75 Shelton Street London United Kingdom WC2H 9JQ
AKKALI LTD,16893782,active,ltd,,,2025-12-05,,2025-12-05,[47910],71-75 Shelton Street London United Kingdom WC2H 9JQ
AURELIS CAPITAL LTD,16893957,active,ltd,,,2025-12-05,,2025-12-05,[64205, 66120, 66300],71-75 Shelton Street London United Kingdom WC2H 9JQ
INPROMAX AI LTD,16893939,active,ltd,,,2025-12-05,,2025-12-05,[62012, 62020, 63110],71-75 Shelton Street London United Kingdom WC2H 9JQ
CRESCENT & CO CONSULTANCY LTD,16894001,active,ltd,,,2025-12-05,,2025-12-05,[70229, 81210],27 Belsize Crescent London England NW3 5QY
LIVLA GROUP LTD,16893999,active,ltd,,,2025-12-05,,2025-12-05,[64205, 64306, 66120, 66300],71-75 Shelton Street London United Kingdom WC2H 9JQ
THE AETHERION FIELD LTD,16893986,active,ltd,,,2025-12-05,,2025-12-05,[90030],Flat 25, Building 36 Marlborough Road London United Kingdom SE18 6XD
MARASH LTD,16894078,active,ltd,,,2025-12-05,,2025-12-05,[74100],13 Scarborough Road London England N4 4LX
LONDON ACADEMY OF ADVANCED SCIENCES LTD,16894135,active,ltd,,,2025-12-05,,2025-12-05,[85590],First Floor Office London United Kingdom W8 4LZ
MEYA BEAUTY CLINIC LTD,16894134,active,ltd,,,2025-12-05,,2025-12-05,[96020],86-90 Paul Street London England EC2A 4NE
AURA PROPERTY SOLUTIONS LIMITED,16884814,active,ltd,,,2025-12-01,,2025-12-01,[68100, 68209],Flat 5 2 Rainbow Quay London England SE16 7UF
ROSHNIYA LTD,16894191,active,ltd,,,2025-12-05,,2025-12-05,[47990],43 Barnsdale Road London England W9 3LL
THE LEAD UK GROUP LTD,16894251,active,ltd,,,2025-12-06,,2025-12-06,[85590],Flat 518 Point West 116 Cromwell Road London England SW7 4XE
COMBAT CLASS SOLUTIONS LTD,16894615,active,ltd,,,2025-12-06,,2025-12-06,[73110],3 Orchard Close London England E4 8LH
OBSERVERAI SYSTEMS LTD,16894662,active,ltd,,,2025-12-06,,2025-12-06,[62012, 62020, 63110, 63990],86-90 Paul Street London England EC2A 4NE
OC ACQUISITIONS LTD,16894660,active,ltd,,,2025-12-06,,2025-12-06,[47781],2nd Floor 30 Berwick Street London England W1F 8RH
DENEB LONDON LTD,16894740,active,ltd,,,2025-12-07,,2025-12-07,[47770],45 Albemarle Street London England W1S 4JL
RESILIENCE LTD,16895280,active,ltd,,,2025-12-07,,2025-12-07,[62020],Flat 8 Abbots Court London England W8 5ES
THE KRE8IVE GROUP LTD,16895722,active,ltd,,,2025-12-08,,2025-12-08,[59112, 70229, 82990, 85590],71-75 Shelton Street London United Kingdom WC2H 9JQ
FRESH FOOD TRADERS LIMITED,16895723,active,ltd,,,2025-12-08,,2025-12-08,[46310],10 Egret House 6 Green Ferry Way London England E17 6DZ
CINTIADESIGN LTD,16895712,active,ltd,,,2025-12-08,,2025-12-08,[70229, 73110, 73200],107 George Lane London England E18 1AN
HF PROPERTY GROUP LTD,16895702,active,ltd,,,2025-12-08,,2025-12-08,[68100, 68201, 68209, 68320],27 Old Gloucester Street London United Kingdom WC1N 3AX
CADEE GLOBAL LIMITED,16895849,active,ltd,,,2025-12-08,,2025-12-08,[81100, 82110],71-75 Shelton Street London United Kingdom WC2H 9JQ
FIRST REACH LONDON LTD,16895858,active,ltd,,,2025-12-08,,2025-12-08,[96090],20 Wenlock Road London England N1 7GU
SHOPPINGAURA LTD,16895848,active,ltd,,,2025-12-08,,2025-12-08,[47910],195-197 Wood Street London United Kingdom E17 3NU
BRIGHTNEST HOMES LIMITED,16895908,active,ltd,,,2025-12-08,,2025-12-08,[86900, 88100, 88910],71-75 Shelton Street London United Kingdom WC2H 9JQ
PJP FIBRE LIMITED,16895905,active,ltd,,,2025-12-08,,2025-12-08,[61900],45 Hillier Hopkins London England SW1Y 5JG
OCULUS WEALTH MANAGEMENT (CHELMSFORD) HOLDINGS LIMITED,16895990,active,ltd,,,2025-12-08,,2025-12-08,[64209],1st Floor County House Chelmsford United Kingdom CM2 0RG
SECUREAUTHSERVE LTD,16896076,active,ltd,,,2025-12-08,,2025-12-08,[63110],85 Great Portland Street London United Kingdom W1W 7LT
SHU STUDIO LTD,16896070,active,ltd,,,2025-12-08,,2025-12-08,[23410, 47890, 47910, 90030],124 City Road London United Kingdom EC1V 2NX
EVOLVE AUTO HOUSE LTD,16896208,active,ltd,,,2025-12-08,,2025-12-08,[45112],20 Wenlock Road London England N1 7GU
GABRIEL'S CONNECT LTD,16896214,active,ltd,,,2025-12-08,,2025-12-08,[78300],20 Wenlock Road London England N1 7GU
CAH GROUP LTD,16896211,active,ltd,,,2025-12-08,,2025-12-08,[96090],128 City Road London United Kingdom EC1V 2NX
RCIH 32 LIMITED,16896210,active,ltd,,,2025-12-08,,2025-12-08,[68209],C/O Ztk Tax Advisory, Suite 1, Ideas House London United Kingdom E18 1BY
SHAREKTE162 LTD,16896215,active,ltd,,,2025-12-08,,2025-12-08,[46900],275 New N Rd #3110 London London United Kingdom N1 7AA
AMVEXON LTD,16896195,active,ltd,,,2025-12-08,,2025-12-08,[62012],Office 15976 182-184 High Street North London United Kingdom E6 2JA
STOCKLY BOX LIMITED,16896309,active,ltd,,,2025-12-08,,2025-12-08,[47910],167-169 Great Portland Street London England W1W 5PF
EXOTICO FRESH INTERNATIONAL LIMITED,16896314,active,ltd,,,2025-12-08,,2025-12-08,[46310],71-75 Shelton Street London United Kingdom WC2H 9JQ
SADE SKINS & SOLUTIONS LTD,16896502,active,ltd,,,2025-12-08,,2025-12-08,[86900],71-75 Shelton Street London United Kingdom WC2H 9JQ
CAPITAL CYCLE LIMITED,16896579,active,ltd,,,2025-12-08,,2025-12-08,[62020, 70229],71-75 Shelton Street London United Kingdom WC2H 9JQ
GOLDSEAM AI CONSULTING LTD,16896682,active,ltd,,,2025-12-08,,2025-12-08,[70229],Silverstream House 4th Floor London England W1T 6EB
PRIMARY GOODS AND CO LTD,16896704,active,ltd,,,2025-12-08,,2025-12-08,[47910],Flat 16 Anglebury 80 Talbot Road London England W2 5LE
RISELY LTD,16896667,active,ltd,,,2025-12-08,,2025-12-08,[96090],71-75 Shelton Street London United Kingdom WC2H 9JQ
ADVANCE HOME CONSTRUCTION LIMITED,16896689,active,ltd,,,2025-12-08,,2025-12-08,[41202],167-169 Great Portland Street London England W1W 5PF
XAV DEVELOPMENTS LTD,16896803,active,ltd,,,2025-12-08,,2025-12-08,[41100],151 Mitcham Lane London England SW16 6NA
ORAEE HOMES LIMITED,16896751,active,ltd,,,2025-12-08,,2025-12-08,[41100],915 High Road London England N12 8QJ
FOUNDER GROUNDWORKS LTD,16896999,active,ltd,,,2025-12-08,,2025-12-08,[62012, 62020, 62090],3rd Floor, 86-90 Paul Street London England EC2A 4NE
ZAWIA GRILL LTD,16897006,active,ltd,,,2025-12-08,,2025-12-08,[56103],811 Romford Road London United Kingdom E12 6EA
ARTVALLEY LTD,16897000,active,ltd,,,2025-12-08,,2025-12-08,[47910],71-75 Shelton Street London United Kingdom WC2H 9JQ
GG-361-032 LIMITED,16897130,active,ltd,,,2025-12-08,,2025-12-08,[68209],C/O Getground London England W6 0NB
NOVANTA LTD,16897346,active,ltd,,,2025-12-08,,2025-12-08,[47910],Suite 10282 5 Brayford Square London United Kingdom E1 0SG
AI APP DEVELOPMENT LIMITED,16897353,active,ltd,,,2025-12-08,,2025-12-08,[62012],251 Billet Road London England E17 5NS
FIZELLA LIMITED,16897377,active,ltd,,,2025-12-08,,2025-12-08,[47910],Office 600 60 Tottenham Court Road London United Kingdom W1T 2EW
FLUX INFRASTRUCTURE LTD,16897468,active,ltd,,,2025-12-08,,2025-12-08,[46190, 62012, 63120],86 South Norwood Hill London United Kingdom SE25 6AQ
BARKSTON SERVICES LIMITED,16897469,active,ltd,,,2025-12-08,,2025-12-08,[68209],128 City Road London United Kingdom EC1V 2NX
PITCHPOINT CONSULTING LTD,16897478,active,ltd,,,2025-12-08,,2025-12-08,[70229],3rd Floor, 86-90 Paul Street London United Kingdom EC2A 4NE
AZ INTERNATIONAL GROUP LTD,16897509,active,ltd,,,2025-12-08,,2025-12-08,[79901],20 Wenlock Road London England N1 7GU
INTERNATIONAL VIDEOGAME ORCHESTRA LTD,16897504,active,ltd,,,2025-12-08,,2025-12-08,[90010, 90020, 90030],Flat 31 Allegro House London England NW10 8GU
BAAZZAAB NETWORK LTD,16897526,active,ltd,,,2025-12-08,,2025-12-08,[43999, 62090, 64999, 66190],199 Osier Crescent London England N10 1RB
REMAP CENTRE LTD,16897487,active,ltd,,,2025-12-08,,2025-12-08,[33170],20 Wenlock Road London England N1 7GU
HUNPERA LTD,16897510,active,ltd,,,2025-12-08,,2025-12-08,[58290, 62012, 62090, 63110],Suite 10278 5 Brayford Square London United Kingdom E1 0SG
THE CONTENT HOUSE AGENCY LTD,16897717,active,ltd,,,2025-12-08,,2025-12-08,[73110],71-75 Shelton Street London England WC2H 9JQ
RENZO PROPERTIES LTD,16897722,active,ltd,,,2025-12-08,,2025-12-08,[68100, 68209],6 Whitby Court London United Kingdom N7 0SU
PUNKYZ FITMATCH LTD,16897728,active,ltd,,,2025-12-08,,2025-12-08,[62012, 62090, 63120],20 Wenlock Road London England N1 7GU
BAYLEY DISTRIBUTION LTD,16897828,active,ltd,,,2025-12-08,,2025-12-08,[46900, 47910],128 City Road London United Kingdom EC1V 2NX
INTERSPIRE INVESTMENTS LTD,16897970,active,ltd,,,2025-12-08,,2025-12-08,[68100, 68209],374 Neasden Lane North London England NW10 0BT
EASY PARK WALSALL LTD,16897982,active,ltd,,,2025-12-08,,2025-12-08,[52290],71-75 Shelton Street London United Kingdom WC2H 9JQ
CHCP NOBELO LTD,16898082,active,ltd,,,2025-12-08,,2025-12-08,[41100],93b Kilburn Park Road London England NW6 5LA
INTERNATIONAL TECHNOLOGICAL TRANSACTIONS LTD,16898099,active,ltd,,,2025-12-08,,2025-12-08,[64205],128 City Road London United Kingdom EC1V 2NX
MAJESTY CONSULTATION LTD,16898093,active,ltd,,,2025-12-08,,2025-12-08,[70229, 85590, 85600],Office 403 Screenworks 22 Highbury Grove London England N5 2ER
RHODOS PROPERTIES (NO44) LIMITED,16898323,active,ltd,,,2025-12-08,,2025-12-08,[96090],101 New Cavendish Street London United Kingdom W1W 6XH
RHODOS PROPERTIES (NO45) LIMITED,16898324,active,ltd,,,2025-12-08,,2025-12-08,[96090],101 New Cavendish Street London United Kingdom W1W 6XH
SIMBA CLINICAL SERVICES LTD,16898314,active,ltd,,,2025-12-08,,2025-12-08,[86900],Flat 15 Arthur Newton House London England SW11 2TX
CLEAR DEVICES LTD,16898392,active,ltd,,,2025-12-08,,2025-12-08,[47910, 62012],Flat 135 Albert Palace Mansions London England SW11 4DJ
PACKAGING LONDON LIMITED,16898429,active,ltd,,,2025-12-08,,2025-12-08,[47910],88 Terrace Road London England E13 0PD
APEX PRODUCT SERVICES LTD,16898441,active,ltd,,,2025-12-08,,2025-12-08,[46690],3rd Floor, 86-90 Paul Street London United Kingdom EC2A 4NE
XSTUDIO LTD,16898437,active,ltd,,,2025-12-08,,2025-12-08,[74100],425 High Road London United Kingdom N12 0AP
RESOLVE MONEY LIMITED,16898434,active,ltd,,,2025-12-08,,2025-12-08,[62012, 66190],Flat 25 Fitzgerald Court 2b Rodney Street London England N1 9FS
NELMES DAY CONSTRUCTION LIMITED,16898650,active,ltd,,,2025-12-09,,2025-12-09,[41100, 43390, 70229],C/O Afe Accountants Limited Building 3, North London Business Park London England N11 1GN
NELMES DAY LETTINGS LIMITED,16898651,active,ltd,,,2025-12-09,,2025-12-09,[68209],C/O Afe Accountants Limited Building 3, North London Business Park London England N11 1GN
URBAN TECHNOLOGY LTD,16898705,active,ltd,,,2025-12-09,,2025-12-09,[62020, 62090],128 City Road London United Kingdom EC1V 2NX
DIGITAL PEACE OF MIND LTD,16898719,active,ltd,,,2025-12-09,,2025-12-09,[47910],167-169 Great Portland Street London United Kingdom W1W 5PF
SYSTEM COMMS LIMITED,16898818,active,ltd,,,2025-12-09,,2025-12-09,[96090],72 Halliwick Road London England N10 1AB
RSF COMMERCIAL EXPORT SERVICES LIMITED,16898999,active,ltd,,,2025-12-09,,2025-12-09,[49410, 50200, 51210, 52220],71-75 Shelton Street London United Kingdom WC2H 9JQ
BERG FAMILY HOLDINGS LIMITED,16898998,active,ltd,,,2025-12-09,,2025-12-09,[64209],2 Leman Street London United Kingdom E1W 9US
IQ CONTRACTOR LTD,16899002,active,ltd,,,2025-12-09,,2025-12-09,[41201, 41202],Gunnery House London England SE18 6SW
LOTSHY LTD,16899005,active,ltd,,,2025-12-09,,2025-12-09,[47710, 47910],167-169 Great Portland Street London United Kingdom W1W 5PF
APEX VIRTUAL GROUP LIMITED,16899000,active,ltd,,,2025-12-09,,2025-12-09,[85590],71-75 Shelton Street London United Kingdom WC2H 9JQ
LOVE CROWD LIMITED,16898993,active,ltd,,,2025-12-09,,2025-12-09,[62012, 63110, 78109, 78200],20 Wenlock Road London England N1 7GU
YAPA COFFEE LTD,16899091,active,ltd,,,2025-12-09,,2025-12-09,[47990, 56102, 56103, 56210],53 Singleton Close London England SW17 9JZ
AZU SYSTEMS LTD,16899076,active,ltd,,,2025-12-09,,2025-12-09,[28230, 62012, 66190],71-75 Shelton Street London United Kingdom WC2H 9JQ
COMMUNITY ARTFUL LIFE GLOBAL - UK LTD,16899072,active,ltd,,,2025-12-09,,2025-12-09,[85320, 85520, 85590, 85600],71-75 Shelton Street London United Kingdom WC2H 9JQ
PRIME HARBOR LTD,16899074,active,ltd,,,2025-12-09,,2025-12-09,[99999],20 Wenlock Road London England N1 7GU
JVDH LTD,16899109,active,ltd,,,2025-12-09,,2025-12-09,[47910],71-75 Shelton Street London United Kingdom WC2H 9JQ
BEFOM LTD,16899102,active,ltd,,,2025-12-09,,2025-12-09,[45310, 46160, 46420, 46480],71-75 Shelton Street London United Kingdom WC2H 9JQ
AQM INNOVATION GROUP LTD,16899105,active,ltd,,,2025-12-09,,2025-12-09,[64209],48 Warwick Street London England W1B 5AW
INFOTECH SYSTEMS LTD,16899065,active,ltd,,,2025-12-09,,2025-12-09,[62090, 78109],71-75 Shelton Street London United Kingdom WC2H 9JQ
ASHMOR SE NEWPORT ROAD LIMITED,16899290,active,ltd,,,2025-12-09,,2025-12-09,[41202, 64209, 68100],11 Bingham Place London England W1U 5AY
CROWBOROUGH SHIELD COMMUNITY INTEREST COMPANY,16899410,active,ltd,community-interest-company,,2025-12-09,,2025-12-09,[94990],167-169 Great Portland Street London England W1W 5PF
CIRCLE SUPPORTED HOMES LIMITED,16899409,active,ltd,,,2025-12-09,,2025-12-09,[68320],Suite G04 1 Quality Court London England WC2A 1HR
AYFNB LIMITED,16899550,active,ltd,,,2025-12-09,,2025-12-09,[64301],17 Swinford Gardens London England SW9 7LF
ROCKSTACK LTD,16899549,active,ltd,,,2025-12-09,,2025-12-09,[58290, 62012, 62020, 71122],167-169 Great Portland Street London England W1W 5PF
VALUT LTD,16899572,active,ltd,,,2025-12-09,,2025-12-09,[62090, 64999, 66190],86-90 Paul Street London England EC2A 4NE
CADMUS SOLUTIONS LTD,16899761,active,ltd,,,2025-12-09,,2025-12-09,[62012],1 Coldbath Square London England EC1R 5HL
9796 LTD,16899815,active,ltd,,,2025-12-09,,2025-12-09,[55209],Seymour Chambers Liverpool United Kingdom L3 5NW
RAL16 UK LTD,16899833,active,ltd,,,2025-12-09,,2025-12-09,[47110],312 Whitton Avenue East Greenford United Kingdom UB6 0JP
AEDIS SCHOLES LTD,16894979,active,ltd,,,2025-12-07,,2025-12-07,[70229],128 City Road London England EC1V 2NX
BERNER AND SONS LTD,16899825,active,ltd,,,2025-12-09,,2025-12-09,[68209],C/O Getground London England W6 0NB
SPLASH DR LTD.,16899936,active,ltd,,,2025-12-09,,2025-12-09,[46900, 47910, 73110, 73120],128 City Road London United Kingdom EC1V 2NX
NAIAD ADVISERS LTD,16899938,active,ltd,,,2025-12-09,,2025-12-09,[74901],71-75 Shelton Street London United Kingdom WC2H 9JQ
MAESTRI AI LIMITED,16899943,active,ltd,,,2025-12-09,,2025-12-09,[85590],3rd Floor 86-90 Paul Street London United Kingdom EC2A 4NE
IKHAD LTD,16900012,active,ltd,,,2025-12-09,,2025-12-09,[68209],20 Wenlock Road London England N1 7GU
HAMILTON HOUSING GROUP LTD,16900163,active,ltd,,,2025-12-09,,2025-12-09,[68201],128 City Road London United Kingdom EC1V 2NX
MELANGE KAUR LIMITED,16900169,active,ltd,,,2025-12-09,,2025-12-09,[46160, 47640, 47710, 47820],71-75 Shelton Street London United Kingdom WC2H 9JQ
RAFINO CONCIERGE LTD,16900197,active,ltd,,,2025-12-09,,2025-12-09,[49390],Flat 4 9 Mountfield Road London United Kingdom N3 3ND
STELLARIS STAYS LTD,16900222,active,ltd,,,2025-12-09,,2025-12-09,[55100, 68209, 68320],20 Wenlock Road London England N1 7GU
NEXT UNITED VISION LTD,16900218,active,ltd,,,2025-12-09,,2025-12-09,[41100, 43290, 43342, 46730],128 City Road London United Kingdom EC1V 2NX
ALTRIS SOLUTIONS LTD,16900454,active,ltd,,,2025-12-09,,2025-12-09,[62012],124 City  Road London United Kingdom EC1V 2NX
MAISON TUIL LTD,16900468,active,ltd,,,2025-12-09,,2025-12-09,[47910, 74100, 90030],124 City  Road London United Kingdom EC1V 2NX
VESTALIA HOMES LTD,16900484,active,ltd,,,2025-12-09,,2025-12-09,[68100, 68209],20 Wenlock Road London England N1 7GU
MASS ACCOUNTS LTD,16900494,active,ltd,,,2025-12-09,,2025-12-09,[69201, 70221],20 Wenlock Road London England N1 7GU
PWS DIGITAL LIMITED,16900490,active,ltd,,,2025-12-09,,2025-12-09,[62090, 63120, 74100],75 Maygrove Road West Hampstead London United Kingdom NW6 2EG
INNOVATION LONDON LTD,16900683,active,ltd,,,2025-12-09,,2025-12-09,[74909],28 Draycot Road London England E11 2NX
G2M CLEANING SOLUTIONS LTD,16900843,active,ltd,,,2025-12-09,,2025-12-09,[81222],23 John Williams Close London England SE14 5XA
AY1 PROPERTY LIMITED,16900893,active,ltd,,,2025-12-09,,2025-12-09,[68209, 68320],3rd Floor, 86-90 Paul Street London United Kingdom EC2A 4NE
SAFE STRATEGIES LTD,16900898,active,ltd,,,2025-12-09,,2025-12-09,[70229],3rd Floor, 86-90 Paul Street London United Kingdom EC2A 4NE
R3WIRE LIMITED,16900973,active,ltd,,,2025-12-09,,2025-12-09,[74909],124-128 City Road London United Kingdom EC1V 2NX
LEGACY LIFE HOLDINGS LTD,16901035,active,ltd,,,2025-12-09,,2025-12-09,[70229],11 Berkshire Gardens London England N13 6AA
AYS ENGINEERING LTD,16901049,active,ltd,,,2025-12-09,,2025-12-09,[33120],167-169 Great Portland Street London United Kingdom W1W 5PF
R CHATOO INVESTMENT AND HOLDINGS LIMITED,16892568,active,ltd,,,2025-12-05,,2025-12-05,[64209],809 Salisbury House 29 Finsbury Circus London United Kingdom EC2M 7AQ
POP UP ONE LTD,16892583,active,ltd,,,2025-12-05,,2025-12-05,[47710, 47799, 47890, 47990],2nd Floor College House Ruislip, United Kingdom HA4 7AE
WILDER TV LTD,16892593,active,ltd,,,2025-12-05,,2025-12-05,[58190, 59200],Unit 16, 3 Fountayne Road London United Kingdom N15 4QL
PRIVATE APPS SOLUTIONS LTD,16892602,active,ltd,,,2025-12-05,,2025-12-05,[47910, 73110],86-90 Paul Street London England EC2A 4NE
LITTLE NEST PRODUCTS LTD,16892612,active,ltd,,,2025-12-05,,2025-12-05,[47910],124 City Road London United Kingdom EC1V 2NX
111 WPR LIMITED,16892629,active,ltd,,,2025-12-05,,2025-12-05,[68100],Basement London England W2 5QL
MAGIC CUTS LTD,16892711,active,ltd,,,2025-12-05,,2025-12-05,[96020],Apartment 401 13 Casson Square London England SE1 7DH
PEAKPERFORMANCE COLLECTIVE LTD,16892832,active,ltd,,,2025-12-05,,2025-12-05,[73110, 73120],Flat 8 Norton House London England E1 2PL
LNDNSTAYS LTD,16892842,active,ltd,,,2025-12-05,,2025-12-05,[55209],7 23 Upper Tachbrook Street London England SW1V 1SN
ROSHA INVESTMENT (UK) LTD,16892923,active,ltd,,,2025-12-05,,2025-12-05,[64209, 66300, 70100],128 City Road London United Kingdom EC1V 2NX
AH CELTIC CONSULTANCY LTD,16892921,active,ltd,,,2025-12-05,,2025-12-05,[70229],128 City Road London United Kingdom EC1V 2NX
BLUEPEAK E-COMMERCE LTD,16892950,active,ltd,,,2025-12-05,,2025-12-05,[46160],2nd Floor College House 17 King Edwards Road, Ruislip, London United Kingdom HA4 7AE
GLOBAL STAGE ENTERTAINMENT LTD,16892955,active,ltd,,,2025-12-05,,2025-12-05,[82301],3rd Floor, 86-90 Paul Street London United Kingdom EC2A 4NE
SHW ENTERPRISES LTD,16893223,active,ltd,,,2025-12-05,,2025-12-05,[68320, 98000],10 Victory Walk London United Kingdom SE8 4ES
CAPSULE CORP LIMITED,16893275,active,ltd,,,2025-12-05,,2025-12-05,[82110, 82190],Tlg Pay- Mary Sheridan House London United Kingdom SE1 9RY
LONGEVITY CLINICS LTD,16893255,active,ltd,,,2025-12-05,,2025-12-05,[47910, 86900],71-75 Shelton Street London United Kingdom WC2H 9JQ
SZ ECOM LTD,16893264,active,ltd,,,2025-12-05,,2025-12-05,[47910],71-75 Shelton Street London United Kingdom WC2H 9JQ
37 LYNCROFT GARDENS LIMITED,16893257,active,ltd,,,2025-12-05,,2025-12-05,[68320],First Floor Flat, 37 London United Kingdom NW6 1LB
ARCWELL LTD,16893246,active,ltd,,,2025-12-05,,2025-12-05,[43390, 43999, 74100],71-75 Shelton Street London United Kingdom WC2H 9JQ
SHAW RESEARCH & DEVELOPMENT LTD,16893251,active,ltd,,,2025-12-05,,2025-12-05,[62012, 72190, 74100],71-75 Shelton Street London United Kingdom WC2H 9JQ
HILESIOT LIMITED,16893418,active,ltd,,,2025-12-05,,2025-12-05,[47910],292350 Office Suite 29a, 3/F 23 Wharf Street London England SE8 3GG
A-ASTON TECHNOLOGIES LIMITED,16893424,active,ltd,,,2025-12-05,,2025-12-05,[62020, 62090, 63110, 85600],124-128 City Road London England EC1V 2NX
188 LEANDER ROAD LTD,16893428,active,ltd,,,2025-12-05,,2025-12-05,[68100],188 Leander Road London England SW2 2LL
NOAHEDEN MEDICAL SERVICES LTD,16893508,active,ltd,,,2025-12-05,,2025-12-05,[84120, 87200],5 Brayford Square London England E1 0SG
AUGUST PRIME 2 LIMITED,16893499,active,ltd,,,2025-12-05,,2025-12-05,[55209],124 Finchley Road London United Kingdom NW3 5JS
JSBL ADVISORY LTD,16893574,active,ltd,,,2025-12-05,,2025-12-05,[64999],First Floor Office London United Kingdom W8 4LZ
MODA BILLA TRANSPORTATION LTD,16893609,active,ltd,,,2025-12-05,,2025-12-05,[52290],Flat 8 St. Joans House London England NW1 1SY
CURION UK ACQUIRECO LTD,16893617,active,ltd,,,2025-12-05,,2025-12-05,[64209],9th Floor, 6 New Street Square London United Kingdom EC4A 3BF
M H H B LTD,16893633,active,ltd,,,2025-12-05,,2025-12-05,[41202],175a High Road London England NW10 2SD
KAITH GLOBAL LTD,16893819,active,ltd,,,2025-12-05,,2025-12-05,[46190, 68201, 68310, 68320],128 City Road London United Kingdom EC1V 2NX
SUPRAVEX LTD,16893815,active,ltd,,,2025-12-05,,2025-12-05,[96090],71-75 Shelton Street London United Kingdom WC2H 9JQ
KELLE SITE CONSTRUCTION LTD,16893812,active,ltd,,,2025-12-05,,2025-12-05,[41201, 41202],54 Martley Drive London England IG2 6SH
VIOLA PROPERTY LIMITED,16893811,active,ltd,,,2025-12-05,,2025-12-05,[68100],Lynton House London United Kingdom WC1H 9BQ
LOFOTR INVESTORS LIMITED,16893816,active,ltd,,,2025-12-05,,2025-12-05,[82990],71-75 Shelton Street London United Kingdom WC2H 9JQ
KADE INTERNATIONAL LIMITED,16893907,active,ltd,,,2025-12-05,,2025-12-05,[62012, 62090, 64209],45 Albemarle Street London England W1S 4JL
MAENAD LTD,16894101,active,ltd,,,2025-12-05,,2025-12-05,[56101],26a Elmore Street London England N1 3AL
YATHU ACCOMMODATION PROPERTIES LIMITED,16894103,active,ltd,,,2025-12-05,,2025-12-05,[68209],139 Manchester Road London England E14 3DN
SMM SOLUTIONS LTD,16894105,active,ltd,,,2025-12-05,,2025-12-05,[96090],167-169 Great Portland Street London United Kingdom W1W 5PF
NEW PARK TRAVEL LIMITED,16894111,active,ltd,,,2025-12-05,,2025-12-05,[79110, 79901],61, Flat A Falcon Road London United Kingdom SW11 2PG
BUSINESSFINANCE.EXPERT LTD,16894114,active,ltd,,,2025-12-05,,2025-12-05,[58190, 62090],71-75 Shelton Street London United Kingdom WC2H 9JQ
BETH&BETH PMO LTD,16894112,active,ltd,,,2025-12-05,,2025-12-05,[70229],71-75 Shelton Street London United Kingdom WC2H 9JQ
MOONMXN RECORDS LTD,16894179,active,ltd,,,2025-12-05,,2025-12-05,[59200, 90020],71-75 Shelton Street London England WC2H 9JQ
HYD ALPHA RESTAURANT LTD,16894220,active,ltd,,,2025-12-05,,2025-12-05,[56101],484 Barking Road London England E6 2LT
KHASAB ENGINEERING CONSULTANCY LTD,16894659,active,ltd,,,2025-12-06,,2025-12-06,[71122],124-128 City Road London England EC1V 2NX
P'S TAX HAVEN CONSULTANCY LTD,16895139,active,ltd,,,2025-12-07,,2025-12-07,[69203, 82990],Flat 53 City House Croydon England CR0 2NS
MOVING SERVICES LTD,16895137,active,ltd,,,2025-12-07,,2025-12-07,[43390, 49420, 81299],Flat 16 Berkeley Court London England NW10 1PX
EDGEWOOD DRIVE LTD,16895263,active,ltd,,,2025-12-07,,2025-12-07,[68100],3 St. Kilda's Road London England N16 5BP
MR K'S KITCHEN LTD,16895264,active,ltd,,,2025-12-07,,2025-12-07,[56103],1 Twelvetrees Crescent London United Kingdom E3 3TT
STEELE CAPITAL LTD,16895362,active,ltd,,,2025-12-08,,2025-12-08,[70221],151 Lyham Road London England SW2 5PY
MANDZIIE LTD,16895756,active,ltd,,,2025-12-08,,2025-12-08,[86900],2 Frederick Street London United Kingdom WC1X 0ND
SECXION LTD,16895801,active,ltd,,,2025-12-08,,2025-12-08,[14190, 47910],Unit 1, 1st Floor Movement House Ajax Works London United Kingdom IG11 8DY
MIRAURORA LTD,16895917,active,ltd,,,2025-12-08,,2025-12-08,[96090],182-184 High Street North London England E6 2JA
POPPY FLOWERS CARE LTD,16895928,active,ltd,,,2025-12-08,,2025-12-08,[87100, 87300, 87900],20 Wenlock Road London England N1 7GU
MEDICOLAW LTD,16896056,active,ltd,,,2025-12-08,,2025-12-08,[70229],8 Blandfield Road London England SW12 8BG
FOWOYEDE LTD,16896046,active,ltd,,,2025-12-08,,2025-12-08,[59112],Flat 3 Tolpaide House London England SE11 6TP
ARCHER AVIATION UK LIMITED,16896066,active,ltd,,,2025-12-08,,2025-12-08,[72190],2 New Street Square London England EC4A 3BZ
ARC WISER LTD,16896042,active,ltd,,,2025-12-08,,2025-12-08,[82990],20 Wenlock Road London England N1 7GU
SHONA TRADE LIMITED,16896140,active,ltd,,,2025-12-08,,2025-12-08,[47710],Office 15986 182-184 High Street North London United Kingdom E6 2JA
ATRIUM STUDIO LTD,16896138,active,ltd,,,2025-12-08,,2025-12-08,[74100, 90030],20 Wenlock Road London England N1 7GU
GINGER PANDA BRIDGEND LIMITED,16896226,active,ltd,,,2025-12-08,,2025-12-08,[56103],3rd Floor, 86-90 Paul Street London England EC2A 4NE
ZERO DAY RECORDS LTD.,16896225,active,ltd,,,2025-12-08,,2025-12-08,[59200],27 Old Gloucester St London United Kingdom WC1N 3AX
V&G INTERIORS LTD,16896442,active,ltd,,,2025-12-08,,2025-12-08,[41202],41 Lyttelton Road London England E10 5NQ
FEDHUS LTD,16896559,active,ltd,,,2025-12-08,,2025-12-08,[68209],123 Lansdowne Way London England SW8 2NP
MKEO & CO ESTATES LTD,16896547,active,ltd,,,2025-12-08,,2025-12-08,[68320],71-75 Shelton Street London United Kingdom WC2H 9JQ
PROJECT IT LTD,16896545,active,ltd,,,2025-12-08,,2025-12-08,[58290, 62012, 62020, 62090],71-75 Shelton Street London United Kingdom WC2H 9JQ
LAMSAT AL-NUJOOM LIL TIJARAH LTD,16896651,active,ltd,,,2025-12-08,,2025-12-08,[46450],167-169 Great Portland Street London United Kingdom W1W 5PF
61PRO LTD,16896666,active,ltd,,,2025-12-08,,2025-12-08,[62012, 62020, 63110],71-75 Shelton Street London United Kingdom WC2H 9JQ
D5T LIMITED,16896664,active,ltd,,,2025-12-08,,2025-12-08,[62020],3rd Floor, 86-90 Paul Street London United Kingdom EC2A 4NE
REMEDIFY LTD,16896719,active,ltd,,,2025-12-08,,2025-12-08,[96090],Apartment 308 Riverstone Heights 4 Mayfly Close London England E3 3ZG
LARGOO LTD,16896706,active,ltd,,,2025-12-08,,2025-12-08,[41202, 43390, 43999],263a High Road London England N15 4RR
DEALDRIP LTD,16896705,active,ltd,,,2025-12-08,,2025-12-08,[47190],40 Swaton Road Bow United Kingdom E3 4ET
SNAP HUB LTD,16896715,active,ltd,,,2025-12-08,,2025-12-08,[47910],Flat 11g Oxford & Cambridge Mansions London England NW1 5EN
THE SMART BUILDER GROUP LTD,16896734,active,ltd,,,2025-12-08,,2025-12-08,[62012, 70229],3rd Floor, 86-90 Paul Street London United Kingdom EC2A 4NE
SHARE CAPITAL LTD,16896743,active,ltd,,,2025-12-08,,2025-12-08,[64204],124-128 City Road London England EC1V 2NX
GG-892-817 LIMITED,16897056,active,ltd,,,2025-12-08,,2025-12-08,[68209],C/O Getground London England W6 0NB
LA BELLA PIZZERIA LONDON LIMITED,16897052,active,ltd,,,2025-12-08,,2025-12-08,[56102],173 Norwood High Street London England SE27 9TB
ST MARY ABBOTS LIMITED,16897103,active,ltd,,,2025-12-08,,2025-12-08,[68100, 68209],Liberty Wall Solicitors 4th Floor Boardman House London United Kingdom E15 1NT
HARRINGTON MOORE INVESTMENTS LTD,16897108,active,ltd,,,2025-12-08,,2025-12-08,[64304],The Courtyard London United Kingdom SW19 4DW
INNOVATE HOMES & LETTINGS LIMITED,16897259,active,ltd,,,2025-12-08,,2025-12-08,[68100, 68209],12 Northfields Prospect London United Kingdom SW18 1PE
NASTI&ECOM COMPANY LIMITED,16897251,active,ltd,,,2025-12-08,,2025-12-08,[47910],71-75 Shelton Street London United Kingdom WC2H 9JQ
GOLD LOTUS LTD,16897231,active,ltd,,,2025-12-08,,2025-12-08,[85590, 85600],71-75 Shelton Street London United Kingdom WC2H 9JQ
A DE BERNIERE GROUP HOLDINGS LIMITED,16897230,active,ltd,,,2025-12-08,,2025-12-08,[74990],71-75 Shelton Street London United Kingdom WC2H 9JQ
WLR STORE UK LTD,16897229,active,ltd,,,2025-12-08,,2025-12-08,[47910],71-75 Shelton Street London United Kingdom WC2H 9JQ
MIKE INTELLIGENCE ENGINEERING LTD,16897458,active,ltd,,,2025-12-08,,2025-12-08,[62012, 63120],71-75 Shelton Street London United Kingdom WC2H 9JQ
NAP INTERNATIONAL LTD,16897444,active,ltd,,,2025-12-08,,2025-12-08,[85421, 85422, 85590],44 Broadway London England E15 1XH
SOUL POWERED MARKETING LTD,16897445,active,ltd,,,2025-12-08,,2025-12-08,[70229],71-75 Shelton Street London United Kingdom WC2H 9JQ
AYRTON CHIPTUNING LTD,16897476,active,ltd,,,2025-12-08,,2025-12-08,[74909],71-75 Shelton Street London United Kingdom WC2H 9JQ
PEOPLE&CULTURE PARTNERS LTD,16897462,active,ltd,,,2025-12-08,,2025-12-08,[78300],Suite G04 1 Quality Court, Chancery Lane London England WC2A 1HR
ANAM'S HAIR & BEAUTY LTD,16897599,active,ltd,,,2025-12-08,,2025-12-08,[96020],2 Fashion Street London England E1 6PX
TRACY'S BARBER SHOP LTD,16897598,active,ltd,,,2025-12-08,,2025-12-08,[96020],20 New London Road Chelmsford England CM2 0SW
HEALTH CRAVE VENDING LTD,16897630,active,ltd,,,2025-12-08,,2025-12-08,[47990],97 George View House London England SW18 4GU
JHAL POINT CATERING LTD,16897795,active,ltd,,,2025-12-08,,2025-12-08,[56103],Unit S8, London England E6 1AE
CORNERSTONE MONAD SUPREMA ESTATES LTD,16897805,active,ltd,,,2025-12-08,,2025-12-08,[68100],20 Wenlock Road London England N1 7GU
RATE MY GAFF LTD,16897872,active,ltd,,,2025-12-08,,2025-12-08,[63120],167-169 Great Portland Street London England W1W 5PF
REVIVAL PROPERTY DEVELOPMENT LTD,16897851,active,ltd,,,2025-12-08,,2025-12-08,[68100],12 Queens Road London England E17 8PX
PTARMIGAN ISTEAD LTD,16897849,active,ltd,,,2025-12-08,,2025-12-08,[74909],2 Frederic Mews London England SW1X 8EQ
BROOMANCE LTD,16897870,active,ltd,,,2025-12-08,,2025-12-08,[81210, 81221, 81222, 81299],124-128 City Road London England EC1V 2NX
CITYWIDE CAR SERVICES LTD,16897861,active,ltd,,,2025-12-08,,2025-12-08,[49320],30 Gresham Road London United Kingdom E6 6DS
GODKIND LTD,16897880,active,ltd,,,2025-12-08,,2025-12-08,[47710],216 Sumner Road London United Kingdom SE15 5GA
FOLIOCARE LTD,16897869,active,ltd,,,2025-12-08,,2025-12-08,[62012, 62090, 63110],71-75 Shelton Street London United Kingdom WC2H 9JQ
SV CONTENT CREATOR LTD,16897909,active,ltd,,,2025-12-08,,2025-12-08,[73110],189 Chase Side Enfield England EN2 0QZ
NESTCRAFT STUDIO LTD,16897918,active,ltd,,,2025-12-08,,2025-12-08,[46470, 47599, 47910, 47990],128 City Road London United Kingdom EC1V 2NX
MUTHUVEL CONSULTANCY LTD,16897923,active,ltd,,,2025-12-08,,2025-12-08,[61900],318 Haselbury Road London United Kingdom N9 9AP
MARLOT PROPERTIES LTD,16897926,active,ltd,,,2025-12-08,,2025-12-08,[68209],71-75 Shelton Street London United Kingdom WC2H 9JQ
IMPACT SERVICES LTD,16898016,active,ltd,,,2025-12-08,,2025-12-08,[41201, 41202],20 Wenlock Road London England N1 7GU
QUANTUM OPS LIMITED,16898019,active,ltd,,,2025-12-08,,2025-12-08,[62020, 62090],176 Chigwell Road London England E18 1HA
PLAYROOM CHILDCARE LTD,16898012,active,ltd,,,2025-12-08,,2025-12-08,[88910],102 Fairfax Road London England N8 0NL
LEGENDS ON CANVAS ART LTD,16898133,active,ltd,,,2025-12-08,,2025-12-08,[90030],71-75 Shelton Street London United Kingdom WC2H 9JQ
ANNTERA LTD,16898140,active,ltd,,,2025-12-08,,2025-12-08,[68209],C/O Getground London England W6 0NB
MAJESTIC DIAMONDS LTD,16898137,active,ltd,,,2025-12-08,,2025-12-08,[47770],58 Landseer Avenue London England E12 6JD
OKN INVESTMENT LTD,16898261,active,ltd,,,2025-12-08,,2025-12-08,[68100],255 London Road Benfleet England SS7 5UW
ASTRAL CAPITAL LIMITED,16884901,active,ltd,,,2025-12-01,,2025-12-01,[70229],4 Hazelbury Lane London England N9 9BW
BRADFORD COMPANY GROUP LTD,16898447,active,ltd,,,2025-12-08,,2025-12-08,[99999],71-75 Shelton Street London England WC2H 9JQ
VENUSXVS LIMITED,16898452,active,ltd,,,2025-12-08,,2025-12-08,[66300, 70221],275 New North Road London England N1 7AA
KILGOURMD UK LIMITED,16898481,active,ltd,,,2025-12-08,,2025-12-08,[47750],3rd Floor, 86-90 Paul Street London United Kingdom EC2A 4NE
DSC SERIES TECHNOLOGIES LIMITED,16898528,active,ltd,,,2025-12-09,,2025-12-09,[62090, 72190, 74909],1a Pemberton Gardens London England N19 5RR
THROUGH THE RAIN LTD,16898530,active,ltd,,,2025-12-09,,2025-12-09,[58190, 62012, 85590, 90030],71-75 Shelton Street London England WC2H 9JQ
PATHFINDERS RECRUITMENT LIMITED,16898689,active,ltd,,,2025-12-09,,2025-12-09,[78109],71-75 Shelton Street London United Kingdom WC2H 9JQ
TURELO GLOBAL LIMITED,16898699,active,ltd,,,2025-12-09,,2025-12-09,[62020],Suite 100 Green Lanes London United Kingdom N13 4BS
BLUE COUNTRY LIMITED,16898893,active,ltd,,,2025-12-09,,2025-12-09,[96090],72 Halliwick Road London England N10 1AB
ZHABINA CONSULTANCY LTD,16898894,active,ltd,,,2025-12-09,,2025-12-09,[70229],128 City Road London United Kingdom EC1V 2NX
POOLE QUAY RENTALS LTD,16898843,active,ltd,,,2025-12-09,,2025-12-09,[68209],20 Wenlock Road London England N1 7GU
OBS INC LTD,16898831,active,ltd,,,2025-12-09,,2025-12-09,[47190, 47430, 47640, 47990],128 City Road London United Kingdom EC1V 2NX
TPA PROPERTY SERVICES LTD,16898821,active,ltd,,,2025-12-09,,2025-12-09,[55100, 68209, 68320],71-75 Shelton Street London United Kingdom WC2H 9JQ
ANDY WRIGHT CONSULTANCY LTD,16898963,active,ltd,,,2025-12-09,,2025-12-09,[74909],27 Old Gloucester Street London United Kingdom WC1N 3AX
BANFFPAY VENTURES LIMITED,16898973,active,ltd,,,2025-12-09,,2025-12-09,[62020, 64209, 82990],2nd Floor College House Ruislip, United Kingdom HA4 7AE
SPAWKY LTD,16898969,active,ltd,,,2025-12-09,,2025-12-09,[47910],27 Old Gloucester Street London United Kingdom WC1N 3AX
SELF REINVENTION THERAPY LIMITED,16899180,active,ltd,,,2025-12-09,,2025-12-09,[86900],71-75 Shelton Street London United Kingdom WC2H 9JQ
CAPITAL PROJECTS PROCUREMENT GROUP LIMITED,16899179,active,ltd,,,2025-12-09,,2025-12-09,[82990],291 Green Lanes London England N13 4XS
FLEXIBLE OFFICE SUPPORT LIMITED,16899197,active,ltd,,,2025-12-09,,2025-12-09,[70229],3rd Floor, 86-90 Paul Street London United Kingdom EC2A 4NE
SOLITUDE GROUP LTD,16899178,active,ltd,,,2025-12-09,,2025-12-09,[47910],128 City Road London United Kingdom EC1V 2NX
REEF + PARTNERS CAVENDISH LIMITED,16899248,active,ltd,,,2025-12-09,,2025-12-09,[41100, 68320],51 Welbeck Street London England W1G 9HL
GMS CLEANING AND MAINTENANCE SERVICE LTD,16899253,active,ltd,,,2025-12-09,,2025-12-09,[46770, 81210],314 Garratt Lane London England SW18 4EH
VIP ELITE CONCIERGE LTD,16899334,active,ltd,,,2025-12-09,,2025-12-09,[79909],Apartment 40 Faraday House London England SW11 8ED
PANCHO HOLDINGS UK LTD,16899311,active,ltd,,,2025-12-09,,2025-12-09,[68209],Hallswelle House London England NW11 0DH
AURABLENDLDN LTD,16899490,active,ltd,,,2025-12-09,,2025-12-09,[47910],254 Goldhawk Road London England W12 9PE
DISCIPLINE AI LIMITED,16899498,active,ltd,,,2025-12-09,,2025-12-09,[62012],36 Titian Heights 12 Scarlet Close London England E20 1FH
RHODOS PROPERTIES (NO43) LIMITED,16899502,active,ltd,,,2025-12-09,,2025-12-09,[96090],101 New Cavendish Street London United Kingdom W1W 6XH
MEZ LOUNGE RESTAURANT AND BAR LTD,16899595,active,ltd,,,2025-12-09,,2025-12-09,[56101],627 Lea Bridge Road London England E10 6AJ
E-JIA ELECTRONICS CO LIMITED,16899588,active,ltd,,,2025-12-09,,2025-12-09,[47910],Unit 108 48 Waterside Heights London United Kingdom E16 2GP
THE MOOD BOOSTER GROUP LTD,16899651,active,ltd,,,2025-12-09,,2025-12-09,[73200, 85590, 90030, 93199],23 Western Gardens London England W5 3RS
PANTHEON FORTUNA LTD,16899650,active,ltd,,,2025-12-09,,2025-12-09,[64204, 64205, 64999],128 City Road London United Kingdom EC1V 2NX
EVENT FOR YOU SA LTD,16899719,active,ltd,,,2025-12-09,,2025-12-09,[46310, 46900, 47290, 82301],Carlyle House 235-237 Vauxhall Bridge Road London United Kingdom SW1V 1EJ
DINE IN INDIA LIMITED,16899717,active,ltd,,,2025-12-09,,2025-12-09,[56101],11 Pennyfields London England E14 8HP
CEMBIAN TECHNOLOGY LIMITED,16899725,active,ltd,,,2025-12-09,,2025-12-09,[62020],37 Lombard Street London England EC3V 9BQ
VELUNO TECH LTD,16899724,active,ltd,,,2025-12-09,,2025-12-09,[62012],60 Tottenham Court Road London England W1T 2EW
LIQUIDVEST LTD,16899720,active,ltd,,,2025-12-09,,2025-12-09,[68100, 68209],20 Wenlock Road London England N1 7GU
GOFER GROUP HOSPITALITY LIMITED,16899856,active,ltd,,,2025-12-09,,2025-12-09,[68320],56 Leman Street London England E1 8EU
HFA STUDIO LIMITED,16899914,active,ltd,,,2025-12-09,,2025-12-09,[71111],Lynton House London United Kingdom WC1H 9BQ
INFRASTRUCTURE ASSET ADVISORY LTD,16899928,active,ltd,,,2025-12-09,,2025-12-09,[71122],128 City Road London United Kingdom EC1V 2NX
UK HARVASON LTD,16899922,active,ltd,,,2025-12-09,,2025-12-09,[46900],167-169 Great Portland Street, London United Kingdom W1W 5PF
THE APEX LAKE LTD,16899925,active,ltd,,,2025-12-09,,2025-12-09,[68209],2 Marylebone Road London United Kingdom NW1 4DF
GITGLUE LTD,16899910,active,ltd,,,2025-12-09,,2025-12-09,[62012, 62020],3rd Floor, 86-90 Paul Street London England EC2A 4NE
HAUSMANN CORP LIMITED,16900060,active,ltd,,,2025-12-09,,2025-12-09,[47910],71-75 Shelton Street London United Kingdom WC2H 9JQ
URGENT CARE GROUP LIMITED,16900133,active,ltd,,,2025-12-09,,2025-12-09,[64209, 70229, 82990],71-75 Shelton Street London United Kingdom WC2H 9JQ
MANI METALS TRADING LTD,16900150,active,ltd,,,2025-12-09,,2025-12-09,[46770],128 City Road London United Kingdom EC1V 2NX
NEWSWEEK CO. LTD,16900236,active,ltd,,,2025-12-09,,2025-12-09,[58130, 63910],167 - 169 Great Portland Street London England W1W 5PF
CLAREMONT HEALING ARTS LTD,16900228,active,ltd,,,2025-12-09,,2025-12-09,[85590, 87900, 88990],3rd Floor 33 Lowndes Street London United Kingdom SW1X 9HX
MOLOTOVS INCENDIARY LTD,16900330,active,ltd,,,2025-12-09,,2025-12-09,[90030],Elsley Court London United Kingdom W1W 8BE
DEKO SPACE LIMITED,16900312,active,ltd,,,2025-12-09,,2025-12-09,[46900],27 Burnbury Road London England SW12 0EG
PATEL PROPERTIES ESSEX LTD,16900432,active,ltd,,,2025-12-09,,2025-12-09,[68209],Broom House Hadleigh, Benfleet United Kingdom SS7 2QL
PENANG FINSBURY LIMITED,16900430,active,ltd,,,2025-12-09,,2025-12-09,[56103],Penanang Finsbury Ltd London England N4 2DW
ZENN10 LTD,16900426,active,ltd,,,2025-12-09,,2025-12-09,[47429, 47540, 47789],Office 16070 182-184 High Street North London United Kingdom E6 2JA
FALCON RECOVERY LTD,16900574,active,ltd,,,2025-12-09,,2025-12-09,[52290],96-98 Myddleton Road London England N22 8NQ
C.A.A.S RECORDS LIMITED,16900576,active,ltd,,,2025-12-09,,2025-12-09,[59200],7a Victoria Road London England NW6 6SX
AB TEKNIK LTD,16900701,active,ltd,,,2025-12-09,,2025-12-09,[82920],Flat G01 Waterdale Manor House London England NW1 6JX
RSCENTS LTD,16900700,active,ltd,,,2025-12-09,,2025-12-09,[47990, 73110],3rd Floor, 86-90 Paul Street London England EC2A 4NE
LISTO LABS LTD,16900763,active,ltd,,,2025-12-09,,2025-12-09,[62012],Flat 4 Ross House London England E1W 3NR
EES CONSTRUCTION LIMITED,16900930,active,ltd,,,2025-12-09,,2025-12-09,[41202],67 Etherley Road London England N15 3AL
23 TURNSTONE LIMITED,16900931,active,ltd,,,2025-12-09,,2025-12-09,[56302],249 London Road Stockport United Kingdom SK7 4PL
AURENIX CAPITAL LTD,16901013,active,ltd,,,2025-12-09,,2025-12-09,[69109],4 Eden Court London England SW18 5TH
HJ ALIGNMENT LIMITED,16901014,active,ltd,,,2025-12-09,,2025-12-09,[62012],C/O Knox Cropper Llc Hemel Hempstead United Kingdom HP3 9SQ
IT IMPERIAL LTD,16913597,active,ltd,,,2025-12-16,,2025-12-16,[62012, 62020, 62090, 63120],27 Old Gloucester Street London United Kingdom WC1N 3AX
BIE PARTNERS LIMITED,16913609,active,ltd,,,2025-12-16,,2025-12-16,[78109],1 George Yard London United Kingdom EC3V 9DF
MERIXIA LTD,16913619,active,ltd,,,2025-12-16,,2025-12-16,[46190, 46499, 47910, 82990],20 Wenlock Road London United Kingdom N1 7GU
LOVALE LTD,16913617,active,ltd,,,2025-12-16,,2025-12-16,[70229],71-75 Shelton Street London United Kingdom WC2H 9JQ
THE RESPONSIBLE DESIGN STUDIO LTD,16913630,active,ltd,,,2025-12-16,,2025-12-16,[74100],Flat 13 Hugh Gaitskell House London England N16 5TT
TRACKRECORD FINTECH SOLUTION LTD,16913675,active,ltd,,,2025-12-16,,2025-12-16,[62012, 64999],71-75 Shelton Street London United Kingdom WC2H 9JQ
ISLE OF FLOWERS (SB) LTD,16913707,active,ltd,,,2025-12-16,,2025-12-16,[47760],The Lawn Area Paddington Station, London England W2 1HB
ADORAH LIMITED,16913719,active,ltd,,,2025-12-16,,2025-12-16,[56210],14 Ellington House Ashmore Road London England SE18 4AS
ZED ASSETS LTD,16913713,active,ltd,,,2025-12-16,,2025-12-16,[68100, 68209],98 Chudleigh Road London England SE4 1HH
TJ JOINERY & BUILDING LTD,16913738,active,ltd,,,2025-12-16,,2025-12-16,[43999],3rd Floor, 86-90 Paul Street London United Kingdom EC2A 4NE
DOUKHA BUSINESS LTD,16913762,active,ltd,,,2025-12-16,,2025-12-16,[47610, 47910],128 City Road London United Kingdom EC1V 2NX
DIAMOND-VR TRANS LTD,16913749,active,ltd,,,2025-12-16,,2025-12-16,[49410],20 Wenlock Road London England N1 7GU
CIRCLE 9 PRODUCTION LTD,16913775,active,ltd,,,2025-12-16,,2025-12-16,[73110],124-128 City Road London England EC1V 2NX
KS INVESTS LTD,16913803,active,ltd,,,2025-12-16,,2025-12-16,[64929, 64999, 68100, 68209],Hadleigh Business Centre Suite 9 Hadleigh Business Centre Hadleigh England SS7 2BT
SAMSQUARED PROPERTY LTD,16913814,active,ltd,,,2025-12-16,,2025-12-16,[68209],20 Wenlock Road London England N1 7GU
OYENIGLOBAL LTD,16913878,active,ltd,,,2025-12-16,,2025-12-16,[47910],3rd Floor, 86-90 Paul Street London United Kingdom EC2A 4NE
ZENITHWELL DYNAMICS LTD,16913870,active,ltd,,,2025-12-16,,2025-12-16,[99999],167-169 Great Portland Street London England W1W 5PF
SWIFT PEOPLE RECRUITMENT AND STAFFING LTD,16913875,active,ltd,,,2025-12-16,,2025-12-16,[78200],3rd Floor, 86-90 Paul Street London United Kingdom EC2A 4NE
CONSILIARE LIMITED,16913898,active,ltd,,,2025-12-16,,2025-12-16,[70229],124-128 City Road London England EC1V 2NX
CLEARBUILD ADVISORY LTD,16913953,active,ltd,,,2025-12-16,,2025-12-16,[70229],71-75 Shelton Street London England WC2H 9JQ
LUNABROOK GOODS LIMITED,16914033,active,ltd,,,2025-12-16,,2025-12-16,[47910],124-128 City Road London England EC1V 2NX
OLLECA LIMITED,16914036,active,ltd,,,2025-12-16,,2025-12-16,[38110],32 Kimberley Road London England N18 2DP
PROSERVICE SOLUTIONS LTD,16889961,active,ltd,,,2025-12-03,,2025-12-03,[81100],Office 16074 182-184 High Street North East Ham United Kingdom E6 2JA
TARADEVI LIMITED,16914076,active,ltd,,,2025-12-16,,2025-12-16,[68100, 68209],118 Stillington Street London England SW1P 1ED
SUITE ESTATES LIMITED,16914066,active,ltd,,,2025-12-16,,2025-12-16,[68209],5 Brayford Square London England E1 0SG
LOYAL WISDOM PEACE LIMITED,16914123,active,ltd,,,2025-12-16,,2025-12-16,[47910],292298, Office Suite 29a, 3/F 23 Wharf Street London England SE8 3GG
PAPKA LTD,16914158,active,ltd,,,2025-12-16,,2025-12-16,[69202],128 City Road London United Kingdom EC1V 2NX
REGENIFI NATURALS DIS LTD,16914156,active,ltd,,,2025-12-16,,2025-12-16,[46450],4 Somerford Way London United Kingdom SE16 6QW
LEAF GOLDEN WAVE LIMITED,16914161,active,ltd,,,2025-12-16,,2025-12-16,[47910],292383, Office Suite 29a, 3/F 23 Wharf Street London England SE8 3GG
FINANCEO LTD,16914175,active,ltd,,,2025-12-16,,2025-12-16,[47910],Unit 797 Ground Floor Capital House London United Kingdom E8 1LL
AMAL FARIZ AWANG LTD,16914171,active,ltd,,,2025-12-16,,2025-12-16,[79110, 79120, 79901],71-75 Shelton Street London United Kingdom WC2H 9JQ
SECRET PLAYMATES LIMITED,16914160,active,ltd,,,2025-12-16,,2025-12-16,[96090],Flat 53 Nobel House London England SE5 9DS
GREAT OAK PROPERTY GROUP LTD,16914213,active,ltd,,,2025-12-16,,2025-12-16,[68100, 68320],3rd Floor, 86-90 Paul Street London United Kingdom EC2A 4NE
GTMHUB LIMITED,16914255,active,ltd,,,2025-12-16,,2025-12-16,[73110],124-128, Gtmhub Limited City Road London United Kingdom EC1V 2NX
RAZA GROWTH VENTURES LTD,16914332,active,ltd,,,2025-12-16,,2025-12-16,[62090],Office 16187 182-184 High Street North London United Kingdom E6 2JA
CORE STORM LTD,16914320,active,ltd,,,2025-12-16,,2025-12-16,[46390, 47290, 47910],20 Wenlock Road London England N1 7GU
VELONOVA AI UK LTD,16914323,active,ltd,,,2025-12-16,,2025-12-16,[62012],71-75 Shelton Street London United Kingdom WC2H 9JQ
KARASJOVA DIGITAL LTD,16914405,active,ltd,,,2025-12-16,,2025-12-16,[62012, 82990],20 Wenlock Road London England N1 7GU
SELINA R THOMPSON LTD,16914403,active,ltd,,,2025-12-16,,2025-12-16,[62020],6 Steele Road London England E11 3JA
ASTON PRESTIGE MOTORS LTD,16914423,active,ltd,,,2025-12-16,,2025-12-16,[45112],427-431 London Road Sheffield England S2 4HJ
DREAM BELIEVE AND ACHIEVE LIMITED,16914428,active,ltd,,,2025-12-16,,2025-12-16,[85600],36 Albemarle Street Mayfair London United Kingdom W1S 4JE
TWO PEAS ABROAD LTD,16914442,active,ltd,,,2025-12-16,,2025-12-16,[79110],71-75 Shelton Street London England WC2H 9JQ
SPORTS-SM LIMITED,16914595,active,ltd,,,2025-12-16,,2025-12-16,[59112],71-75 Shelton Street London United Kingdom WC2H 9JQ
65 WOODHEYES ROAD LTD,16914681,active,ltd,,,2025-12-16,,2025-12-16,[68100, 68209],63 Leadale Road London England N16 6DG
CRYSCARPENTRY LTD,16914707,active,ltd,,,2025-12-16,,2025-12-16,[41201, 41202],22 Atkinson Road London England E16 3LR
GG - DSUK PROPERTY LIMITED,16914690,active,ltd,,,2025-12-16,,2025-12-16,[68209],C/O Getground London England W6 0NB
PROSPERION FINANCE LTD,16914691,active,ltd,,,2025-12-16,,2025-12-16,[96090],65 Montpelier Rise London United Kingdom NW11 9DU
CURRICULUM SOLUTIONS LTD,16914700,active,ltd,,,2025-12-16,,2025-12-16,[85600],4 Corsley Way London England E9 5PD
CRUZ UTILITIES LTD,16914696,active,ltd,,,2025-12-16,,2025-12-16,[43290],161 Forest Road London England E17 6HE
KATSUTE100 HOLDINGS LTD,16914805,active,ltd,,,2025-12-16,,2025-12-16,[77400],9a Theberton Street London United Kingdom N1 0QY
CLOUD NINE IT DIGITAL LTD,16914817,active,ltd,,,2025-12-16,,2025-12-16,[62090],71-75 Shelton Street London United Kingdom WC2H 9JQ
POLAMAR LTD,16914872,active,ltd,,,2025-12-16,,2025-12-16,[68209, 68320],Avery House 8 Avery Hill Road London United Kingdom SE9 2BD
ATIL SAIL LIMITED,16914881,active,ltd,,,2025-12-16,,2025-12-16,[99999],3rd Floor 207 Regent Street London United Kingdom W1B 3HH
NEATO SERVICES LTD,16914906,active,ltd,,,2025-12-16,,2025-12-16,[81222],49 Langthorne Road London England E11 4HL
MIVA MEDIA LIMITED,16914913,active,ltd,,,2025-12-16,,2025-12-16,[73110],71-75 Shelton Street London United Kingdom WC2H 9JQ
SCANEXPLORE LTD,16914901,active,ltd,,,2025-12-16,,2025-12-16,[70229, 85590],27 Old Gloucester Street London United Kingdom WC1N 3AX
STAR CONSULTANCY LONDON LTD,16914958,active,ltd,,,2025-12-16,,2025-12-16,[70229],128 City Road London United Kingdom EC1V 2NX
FERAL REPS LTD,16914982,active,ltd,,,2025-12-16,,2025-12-16,[73120],71-75 Shelton Street London United Kingdom WC2H 9JQ
SSK CLINICAL SERVICES LTD,16914984,active,ltd,,,2025-12-16,,2025-12-16,[86220],The Accountancy Partnership Suite 5, 5th Floor, City Reach London United Kingdom E14 9NN
TANGERINE STEEL LTD,16915044,active,ltd,,,2025-12-16,,2025-12-16,[68209],27 Old Gloucester Street London United Kingdom WC1N 3AX
HEALTH RELATIONS LTD,16915043,active,ltd,,,2025-12-16,,2025-12-16,[86900],3rd Floor, 86-90 Paul Street London United Kingdom EC2A 4NE
METRO EQUITY LIMITED,16915012,active,ltd,,,2025-12-16,,2025-12-16,[56101],262 Caledonian Road London United Kingdom N1 0NG
DENGUN LTD,16915051,active,ltd,,,2025-12-16,,2025-12-16,[56102],515 Kingsland Road London England E8 4AR
YIMELLO LIMITED,16915031,active,ltd,,,2025-12-16,,2025-12-16,[63990, 73120],Flat 76 Barons Court London England NW9 8AG
ORTHOCONNECT LTD,16915080,active,ltd,,,2025-12-16,,2025-12-16,[62090, 86220, 86900],20 Wenlock Road London England N1 7GU
A13 FILMS LTD,16915100,active,ltd,,,2025-12-16,,2025-12-16,[78101],C/0, 53b Plashet Grove London United Kingdom E6 1AD
IT GOVERNANCE & ADVISORY LTD,16915090,active,ltd,,,2025-12-16,,2025-12-16,[62020],71-75 Shelton Street London United Kingdom WC2H 9JQ
AUSSIE COMMERCE LTD,16915089,active,ltd,,,2025-12-16,,2025-12-16,[47910],128 City Road London United Kingdom EC1V 2NX
MARALI MANAGEMENT LIMITED,16915174,active,ltd,,,2025-12-16,,2025-12-16,[70229],Sterling House Walthamstow England E17 4EE
DEDEUS LIMITED,16915152,active,ltd,,,2025-12-16,,2025-12-16,[62012],Golden Cross House London England WC2N 4JF
NLG TALKS LTD,16915182,active,ltd,,,2025-12-16,,2025-12-16,[58190, 59113, 70229, 73120],Office 16166 182-184 High Street North London United Kingdom E6 2JA
STRATEGIC WAYFINDER LTD,16915235,active,ltd,,,2025-12-16,,2025-12-16,[70229],5 Oakcroft Road London United Kingdom SE13 7ED
AFC FINTECH LTD,16915302,active,ltd,,,2025-12-16,,2025-12-16,[62012],3rd Floor, 86-90 Paul Street London United Kingdom EC2A 4NE
GARRISON WILLS LTD,16915327,active,ltd,,,2025-12-16,,2025-12-16,[69109],71-75 Shelton Street London United Kingdom WC2H 9JQ
HOUSE OF ROESDAHL LIMITED,16915375,active,ltd,,,2025-12-16,,2025-12-16,[14110, 14131, 14132, 14390],Suite 2a, 7th Floor City Reach - Pf London United Kingdom E14 9NN
POD ONE HOTEL LTD,16915447,active,ltd,,,2025-12-16,,2025-12-16,[55100, 55900],91 Roman Road London England E2 0QN
UK PAYMENTS INITIATIVE LIMITED,16915455,active,ltd,,,2025-12-16,,2025-12-16,[62090, 63110, 64999],C/O Towerhouse Llp London United Kingdom EC1M 4BS
LBO VENTRON LTD,16915456,active,ltd,,,2025-12-16,,2025-12-16,[46190, 46690, 46900, 47990],128 City Road London United Kingdom EC1V 2NX
HAYGARTH HOLDCO LIMITED,16915458,active,ltd,,,2025-12-16,,2025-12-16,[64209],6th Floor 9 Appold Street London United Kingdom EC2A 2AP
OUTREACH SOLUTION LTD,16915507,active,ltd,,,2025-12-16,,2025-12-16,[79110, 96090],3rd Floor, 86-90 Paul Street London United Kingdom EC2A 4NE
H DOLAN LTD,16915494,active,ltd,,,2025-12-16,,2025-12-16,[70229],48 Trevelyan Road London England E15 1SU
AZ CATERING LTD,16915495,active,ltd,,,2025-12-16,,2025-12-16,[46390, 47290, 47910],71-75 Shelton Street London England WC2H 9JQ
THERAVA LIMITED,16915493,active,ltd,,,2025-12-16,,2025-12-16,[55209],71-75 Shelton Street London England WC2H 9JQ
A CUT ABOVE MERCH AND UNIFORM LIMITED,16915566,active,ltd,,,2025-12-16,,2025-12-16,[14131, 14132, 14190, 46420],4 Chesterfield Gardens London England N4 1LP
LUMÉA LUXE LIMITED,16915611,active,ltd,,,2025-12-16,,2025-12-16,[47910],71-75 Shelton Street London England WC2H 9JQ
KOVAPRIME LTD,16915652,active,ltd,,,2025-12-16,,2025-12-16,[47910, 49420, 52290, 81299],4th Floor,Silverstream House London England W1T 6EB
OLIVER SK CONTRACTORS LTD,16915657,active,ltd,,,2025-12-16,,2025-12-16,[41201, 41202, 43310, 43341],2 Beechwood Road London United Kingdom N8 7NG
AVACHIA LTD,16915696,active,ltd,,,2025-12-16,,2025-12-16,[56103],Rear Of 35 Broadway London England W13 9DA
DR. MANDIZVIDZA GP SERVICES LIMITED,16915701,active,ltd,,,2025-12-16,,2025-12-16,[86210],167-169 Great Portland Street London England W1W 5PF
LIFTAWAY SOLUTIONS LTD,16893129,active,ltd,,,2025-12-05,,2025-12-05,[39000],4th Floor, Silverstream House London England W1T 6EB
MS PROPERTY AND INVESTMENTS LIMITED,16913608,active,ltd,,,2025-12-16,,2025-12-16,[68100],71-75 Shelton Street London United Kingdom WC2H 9JQ
TITO'S GOLDEN PAWS K9 SERVICES LTD,16913604,active,ltd,,,2025-12-16,,2025-12-16,[96090],121a Hartfield Road London United Kingdom SW19 3TJ
MTRX PAY LIMITED,16913646,active,ltd,,,2025-12-16,,2025-12-16,[66190],71-75 Shelton Street London United Kingdom WC2H 9JQ
COMSERO DIGITAL LIMITED,16913650,active,ltd,,,2025-12-16,,2025-12-16,[62012, 62020, 74100],128 City Road London United Kingdom EC1V 2NX
PROPGAIN UK LIMITED,16913648,active,ltd,,,2025-12-16,,2025-12-16,[68310],20 Wenlock Road London England N1 7GU
MAISON KHASIA LTD,16913627,active,ltd,,,2025-12-16,,2025-12-16,[14190, 47910],124-128 City Road London England EC1V 2NX
WERTON NURSERY GROUP LTD,16913661,active,ltd,,,2025-12-16,,2025-12-16,[64209, 70229, 88910],155 Bell Lane London England NW4 2AP
HOTPOT AND GRILL CITY LIMITED,16913669,active,ltd,,,2025-12-16,,2025-12-16,[56101],207-209 East India Dock Road London England E14 0ED
STRATUM SOLUTIONS LTD,16913690,active,ltd,,,2025-12-16,,2025-12-16,[58290, 62012, 62020, 62090],Dept 6214, 196 High Road London United Kingdom N22 8HH
BEAUTY L & K NAILS SPA LTD,16913731,active,ltd,,,2025-12-16,,2025-12-16,[96020],11 Hermit Road London England E16 4HP
NURTURESPHERE PARTNERS LTD,16913792,active,ltd,,,2025-12-16,,2025-12-16,[99999],167-169 Great Portland Street London England W1W 5PF
NO CLICKS LTD,16913796,active,ltd,,,2025-12-16,,2025-12-16,[73110],3rd Floor, 86-90 Paul Street London United Kingdom EC2A 4NE
HAWA DUKULY UK LTD,16913784,active,ltd,,,2025-12-16,,2025-12-16,[52290],Fenton House, Flat 5 London United Kingdom SE14 6BD
C46 LTD,16913862,active,ltd,,,2025-12-16,,2025-12-16,[47910],4 Raven Road, Unit 1c3-999 London United Kingdom E18 1HB
EMPOWER X GROUP LTD,16913824,active,ltd,,,2025-12-16,,2025-12-16,[73110],71-75 Shelton Street London United Kingdom WC2H 9JQ
SANTOS EXCHANGE LTD,16913859,active,ltd,,,2025-12-16,,2025-12-16,[46190, 85530],Flat 16 Norton House London England SW9 0UJ
ROUS NEXUS LTD,16913915,active,ltd,,,2025-12-16,,2025-12-16,[47990],Office 16214 182-184 High Street North East Ham London United Kingdom E6 2JA
THE SILKEN CAT LTD,16913916,active,ltd,,,2025-12-16,,2025-12-16,[47760],Apartment 703 Talisman Tower 6 Lincoln Plaza London United Kingdom E14 9BU
SSA UK ACQUISITION HOLDCO LIMITED,16913966,active,ltd,,,2025-12-16,,2025-12-16,[71200],Acre House London United Kingdom NW1 3ER
HELMBYTE LTD,16913968,active,ltd,,,2025-12-16,,2025-12-16,[62012, 62020, 62030, 63110],86-90 Paul Street London United Kingdom EC2A 4NE
QC GRILL AND PIZZA LTD,16913967,active,ltd,,,2025-12-16,,2025-12-16,[56103],84 Queens Crescent London England NW5 4EB
GB SPRING FUNDING NO.1 LIMITED,16913971,active,ltd,,,2025-12-16,,2025-12-16,[64999],10th Floor 5 Churchill Place London United Kingdom E14 5HU
PAUL JONES LTD,16914055,active,ltd,,,2025-12-16,,2025-12-16,[41100, 43210, 43320],71-75 Shelton Street London United Kingdom WC2H 9JQ
PROPERTY ELEVATE ESTATES LTD,16914053,active,ltd,,,2025-12-16,,2025-12-16,[68209],3 Abbeyfields Close London England NW10 7EF
STRATONIC TRADE PARTNERS LIMITED,16914201,active,ltd,,,2025-12-16,,2025-12-16,[46630, 46640, 46650, 46660],Unit 767 Ground Floor Capital House London United Kingdom E8 1LL
ECLIPSE CLEANING LTD.,16914194,active,ltd,,,2025-12-16,,2025-12-16,[81100, 81210, 81222, 97000],71-75 Shelton Street London United Kingdom WC2H 9JQ
ESTIMATE MIDCO LIMITED,16914234,active,ltd,,,2025-12-16,,2025-12-16,[64209],20 Little Portland Street London United Kingdom W1W 8BS
RUDLOE LTD,16914267,active,ltd,,,2025-12-16,,2025-12-16,[64209],Pi House Gloucester United Kingdom GL1 3NU
PROFITNESS90 LTD,16914269,active,ltd,,,2025-12-16,,2025-12-16,[96040],128 City Road London United Kingdom EC1V 2NX
MAPA CONSULTING LTD,16914312,active,ltd,,,2025-12-16,,2025-12-16,[70229, 74909],71-75 Shelton Street London United Kingdom WC2H 9JQ
ATLAS DIGITAL ASSETS LIMITED,16914280,active,ltd,,,2025-12-16,,2025-12-16,[64999],27 Old Gloucester Street London United Kingdom WC1N 3AX
SE 100-127 LIMITED,16914277,active,ltd,,,2025-12-16,,2025-12-16,[68100, 68209, 68310],5 Brayford Square London England E1 0SG
SK COACHING AND CONSULTANCY LTD,16914281,active,ltd,,,2025-12-16,,2025-12-16,[53202, 70229, 85590, 96090],20 Wenlock Road London England N1 7GU
VITRINO LTD,16914378,active,ltd,,,2025-12-16,,2025-12-16,[47910],71-75 Shelton Street London United Kingdom WC2H 9JQ
ANTJOULE CONSULTING LTD,16914382,active,ltd,,,2025-12-16,,2025-12-16,[70229],26 Dennington Park Road London United Kingdom NW6 1BA
3RDI.MEDIA LTD,16914375,active,ltd,,,2025-12-16,,2025-12-16,[90010, 90030],71-75 Shelton Street London United Kingdom WC2H 9JQ
SKIN IN THE GAME FILMS LTD,16914451,active,ltd,,,2025-12-16,,2025-12-16,[59113],1-2 Charterhouse Mews London England EC1M 6BB
SHIRESSALES LIMITED,16914479,active,ltd,,,2025-12-16,,2025-12-16,[47710, 47721],4th Floor Charles House London United Kingdom NW3 5JJ
EJL SERVICES LTD,16914491,active,ltd,,,2025-12-16,,2025-12-16,[41100],71-75 Shelton Street London United Kingdom WC2H 9JQ
MOBILE TYRE LAB LTD,16914529,active,ltd,,,2025-12-16,,2025-12-16,[45200],35b Greenleaf Road London England E17 6QN
MOORHOUSE ENGINEERS LTD,16914521,active,ltd,,,2025-12-16,,2025-12-16,[71122],128 City Road London United Kingdom EC1V 2NX
THE DEAL STORE LTD,16914667,active,ltd,,,2025-12-16,,2025-12-16,[47910, 47990, 73110],167-169 Great Portland Street London United Kingdom W1W 5PF
TOP RATE ESTATES LTD,16914669,active,ltd,,,2025-12-16,,2025-12-16,[68100, 68209, 68320],822 High Road London England N17 0EY
FRUSTRATION INVESTMENTS LTD,16914662,active,ltd,,,2025-12-16,,2025-12-16,[68100],73 Cornhill London England EC3V 3QQ
VENTURE LABS GROUP LTD,16914726,active,ltd,,,2025-12-16,,2025-12-16,[62090, 70229, 74909],27, Monomark House Old Gloucester Street London United Kingdom WC1N 3AX
KM MEDIATION LTD,16914725,active,ltd,,,2025-12-16,,2025-12-16,[70229],26 Church Hill London England N21 1JA
HARMONYHEAL PARTNERS LTD,16914789,active,ltd,,,2025-12-16,,2025-12-16,[99999],167-169 Great Portland Street London England W1W 5PF
EARLSMEAD ASSETS LTD,16914837,active,ltd,,,2025-12-16,,2025-12-16,[68100],5c Fountayne Road London England N16 7EA
NUMBER 36 CONSULTING LTD,16914842,active,ltd,,,2025-12-16,,2025-12-16,[73200],36 Southfields Road London England SW18 1QL
NORDICS LIVING LTD,16914935,active,ltd,,,2025-12-16,,2025-12-16,[47599, 47910],71-75 Shelton Street London United Kingdom WC2H 9JQ
CAREMINDS INNOVATIONS LTD,16914917,active,ltd,,,2025-12-16,,2025-12-16,[99999],167-169 Great Portland Street London England W1W 5PF
GIZAL INTERNATIONAL LTD,16915069,active,ltd,,,2025-12-16,,2025-12-16,[47910],Office 16157 182-184 High Street North London United Kingdom E6 2JA
DISTRICT ENERGY LTD,16915057,active,ltd,,,2025-12-16,,2025-12-16,[41100],40 Wadham Road London England SW15 2LR
TAKIEDDINE LTD,16915120,active,ltd,,,2025-12-16,,2025-12-16,[96020],20 Wenlock Road London England N1 7GU
SADIKU DUFFY CAPITAL LIMITED,16915123,active,ltd,,,2025-12-16,,2025-12-16,[68100],71-75 Shelton Street London United Kingdom WC2H 9JQ
DO BETTER LIMITED,16915135,active,ltd,,,2025-12-16,,2025-12-16,[18129, 59112, 59200, 74209],71-75 Shelton Street London United Kingdom WC2H 9JQ
LUXURY AVENUE LTD,16915145,active,ltd,,,2025-12-16,,2025-12-16,[47910],32 Kinburn Street London England SE16 6DW
VIBRATO RESTAURANT LTD,16915146,active,ltd,,,2025-12-16,,2025-12-16,[56101],7a Crowland Terrace London United Kingdom N1 3LP
OTTERWAY ADVISORY AND CONSULTING LTD,16915200,active,ltd,,,2025-12-16,,2025-12-16,[70229],68 Vineyard Hill Road London England SW19 7JJ
LIFTER OFFICIAL LTD,16915257,active,ltd,,,2025-12-16,,2025-12-16,[47710, 47910],20 Wenlock Road London England N1 7GU
GWPIPINGSOLUTIONS LTD,16915234,active,ltd,,,2025-12-16,,2025-12-16,[71129],3rd Floor, 86-90 Paul Street London United Kingdom EC2A 4NE
LONDONLENS MEDIA HOUSE LTD,16915251,active,ltd,,,2025-12-16,,2025-12-16,[99999],167-169 Great Portland Street London England W1W 5PF
NWSPG LTD,16915285,active,ltd,,,2025-12-16,,2025-12-16,[74209],50 De Beauvoir Crescent London England N1 5SB
KD 9 HOLDCO LIMITED,16915359,active,ltd,,,2025-12-16,,2025-12-16,[64209],Kao Data Campus Harlow United Kingdom CM17 9NA
CGEN MANAGEMENT LIMITED,16915356,active,ltd,,,2025-12-16,,2025-12-16,[70100],147 Stamford Hill London England N16 5LG
ATERNOS LTD,16915370,active,ltd,,,2025-12-16,,2025-12-16,[47110, 47250],71-75 Shelton Street London United Kingdom WC2H 9JQ
AHURASENSE LTD,16915427,active,ltd,,,2025-12-16,,2025-12-16,[62012, 62020, 62090],20 Wenlock Road London England N1 7GU
BLACKWOLF ESTATES LTD,16915474,active,ltd,,,2025-12-16,,2025-12-16,[68100, 68209, 68320],73 New Bond Street London England W1S 1RS
SWELL KARAN & MOTHER LTD.,16915476,active,ltd,,,2025-12-16,,2025-12-16,[47990],15 Buchanan Gardens London England NW10 5AD
HARRYS AUTOMOTIVE LTD,16915471,active,ltd,,,2025-12-16,,2025-12-16,[45112, 45200],71-75 Shelton Street London England WC2H 9JQ
ZENTARO LTD,16915519,active,ltd,,,2025-12-16,,2025-12-16,[47190],71-75 Shelton Street London United Kingdom WC2H 9JQ
CASANOAH CONSTRUCTION LTD,16915540,active,ltd,,,2025-12-16,,2025-12-16,[41202],16 Downhills Park Road London England N17 6PG
NAILB SPA LIMITED,16915706,active,ltd,,,2025-12-17,,2025-12-17,[96020],310 High Road London England N22 8JR
CERTAINTY 1 LTD,16915723,active,ltd,,,2025-12-17,,2025-12-17,[68100, 68209, 68320],18 Brainton Avenue Feltham England TW14 0AY
BROWNDALE 3 LTD,16915844,active,ltd,,,2025-12-17,,2025-12-17,[68100],C/O 32 Castlewood Road London England N16 6DW
ALL TOO WELL LTD,16915859,active,ltd,,,2025-12-17,,2025-12-17,[47910],292426, Office Suite 29a, 3/F 23 Wharf Street London England SE8 3GG
BYDEEAESTHETICS LTD,16915858,active,ltd,,,2025-12-17,,2025-12-17,[96020],3rd Floor, 86-90 Paul Street London United Kingdom EC2A 4NE
EVEROAK PROPERTIES LTD,16915881,active,ltd,,,2025-12-17,,2025-12-17,[68320],124 City Road London United Kingdom EC1V 2NX
FALCONX LTD,16915902,active,ltd,,,2025-12-17,,2025-12-17,[47410, 47599, 47890, 47910],128 City Road London United Kingdom EC1V 2NX
NXN ADVISORY LTD,16915905,active,ltd,,,2025-12-17,,2025-12-17,[74909],27 Old Gloucester Street London United Kingdom WC1N 3AX
ZEELOT GLOBAL LTD,16915952,active,ltd,,,2025-12-17,,2025-12-17,[96090],71-75 Shelton Street London United Kingdom WC2H 9JQ
ZINALROTHORN INVEST LTD,16915958,active,ltd,,,2025-12-17,,2025-12-17,[64205, 64306, 68100, 68320],C/O Maya Capital Llp London England W1J 7NJ
TRUESPECMOTORS LTD,16915975,active,ltd,,,2025-12-17,,2025-12-17,[45112, 45200],Unit A110 4-6 Greatorex Street London United Kingdom E1 5NF
LUMA CARE GROUP LIMITED,16915971,active,ltd,,,2025-12-17,,2025-12-17,[87300],Olympia House London England NW11 8RQ
AURELIA COACHING, CONSULTING AND MENTORING LTD,16915973,active,ltd,,,2025-12-17,,2025-12-17,[70229, 85590, 96040],71-75 Shelton Street London United Kingdom WC2H 9JQ
MF LIVE LTD,16915974,active,ltd,,,2025-12-17,,2025-12-17,[70229, 90020, 90030],71-75 Shelton Street London United Kingdom WC2H 9JQ
ANT DUCKWORTH LIMITED,16916108,active,ltd,,,2025-12-17,,2025-12-17,[47910, 73110, 73120, 90030],Barley Mow Centre London United Kingdom W4 4PH
AQB CARE PLANS LIMITED,16916038,active,ltd,,,2025-12-17,,2025-12-17,[43220],71-75 Shelton Street London United Kingdom WC2H 9JQ
BOMABAYBISTRO LTD,16916142,active,ltd,,,2025-12-17,,2025-12-17,[56101, 56102],853 High Road Leytonstone London United Kingdom E11 1HH
FACELESS PROFITS LTD,16916120,active,ltd,,,2025-12-17,,2025-12-17,[70229],Silverstream House London England W1T 6EB
DRAGON GI LIMITED,16916174,active,ltd,,,2025-12-17,,2025-12-17,[47910],17 Silver House Brewery Road London United Kingdom N7 9HS
MOUNT ROCK LTD,16916194,active,ltd,,,2025-12-17,,2025-12-17,[46900, 47910],Post Office, 14 Poland Street London United Kingdom W1F 8QD
M J ROONEY GROUP HOLDINGS LTD,16916253,active,ltd,,,2025-12-17,,2025-12-17,[64209],Studio 7 Orangery Studios Eltham England SE9 1HN
H AND A ENGINEERING LIMITED,16916255,active,ltd,,,2025-12-17,,2025-12-17,[41100, 41201, 41202],71-75 Shelton Street London United Kingdom WC2H 9JQ
SHAREKTE188 LTD,16916264,active,ltd,,,2025-12-17,,2025-12-17,[46900],275 New N Rd #3110 London London United Kingdom N1 7AA
PHONE VILLA LIMITED,16916265,active,ltd,,,2025-12-17,,2025-12-17,[47421],88 Deptford High Street London England SE8 4RG
PURE ESSENTIAL OILS LIMITED,16916266,active,ltd,,,2025-12-17,,2025-12-17,[96090],C/O Abr Chartered Accountants 37th Floor London England E14 5AA
ARKEN GS LTD,16916270,active,ltd,,,2025-12-17,,2025-12-17,[70229],71-75 Shelton Street London United Kingdom WC2H 9JQ
THE STAGE SHOREDITCH RENTAL RESIDENTIAL LIMITED,16916302,active,ltd,,,2025-12-17,,2025-12-17,[68100],72 Welbeck Street London England W1G 0AY
WEST LONDON SELECT LTD,16916330,active,ltd,,,2025-12-17,,2025-12-17,[85510],Flat 3 Crosfield House London England W11 4PJ
ITINERA LIMITED,16916351,active,ltd,,,2025-12-17,,2025-12-17,[70229, 78109, 78200, 78300],Office 5835tf 182-184 High Street North London United Kingdom E6 2JA
CAVE SERVICES LTD,16916346,active,ltd,,,2025-12-17,,2025-12-17,[56210],340 West End Lane London England NW6 1LN
ALEXANDRU&AYLIN LTD,16916344,active,ltd,,,2025-12-17,,2025-12-17,[41201],62 Boundary Road London England E17 8JU
PEAK PERFORMANCE STRATEGY LTD,16916339,active,ltd,,,2025-12-17,,2025-12-17,[70229, 85590, 86900],71-75 Shelton Street London United Kingdom WC2H 9JQ
CROSSENTRA LIMITED,16916408,active,ltd,,,2025-12-17,,2025-12-17,[64999],128 City Road London United Kingdom EC1V 2NX
TRUGRID SURVEYS LTD,16916407,active,ltd,,,2025-12-17,,2025-12-17,[71122],3rd Floor, 86-90 Paul Street London United Kingdom EC2A 4NE
ACCESS & ALIGN COACHING LTD,16916410,active,ltd,,,2025-12-17,,2025-12-17,[86900],71-75 Shelton Street London England WC2H 9JQ
3GLOBAL TOURS LTD,16916469,active,ltd,,,2025-12-17,,2025-12-17,[47910, 70229],399-405 Oxford Street London England W1C 2BU
ARVO MOBILE LTD,16916467,active,ltd,,,2025-12-17,,2025-12-17,[61900, 62012],3rd Floor, 86-90 Paul Street London England EC2A 4NE
HEXHAM II LIMITED,16916456,active,ltd,,,2025-12-17,,2025-12-17,[64209],93 Rivington Street London England EC2A 3AY
TWILIGHT HAVEN LTD,16916450,active,ltd,,,2025-12-17,,2025-12-17,[99999],20 Wenlock Road London England N1 7GU
KYTHERA QUILL LTD,16916453,active,ltd,,,2025-12-17,,2025-12-17,[99999],20 Wenlock Road London England N1 7GU
BRIMORA PULSE LTD,16916473,active,ltd,,,2025-12-17,,2025-12-17,[99999],20 Wenlock Road London England N1 7GU
KRUSADE CO. LTD,16916490,active,ltd,,,2025-12-17,,2025-12-17,[10890],3 Bunhill Row London England EC1Y 8YZ
SOLARIS PATH LTD,16916472,active,ltd,,,2025-12-17,,2025-12-17,[99999],20 Wenlock Road London England N1 7GU
SIMPLIFY SUPPLIES LTD,16916477,active,ltd,,,2025-12-17,,2025-12-17,[47910],128 City Road London United Kingdom EC1V 2NX
YARDE LIMITED,16916521,active,ltd,,,2025-12-17,,2025-12-17,[86220],124-128 City Road London England EC1V 2NX
EDENBLOCKTRADERS LTD,16916514,active,ltd,,,2025-12-17,,2025-12-17,[47910],42 Gainsford Road London England E17 6QB
RILL LOGISTICS LIMITED,16916553,active,ltd,,,2025-12-17,,2025-12-17,[52290],Unit A109 4-6 Greatorex Street London United Kingdom E1 5NF
HONEAINE LIMITED,16916527,active,ltd,,,2025-12-17,,2025-12-17,[47910],292364 Office Suite 29a, 3/F 23 Wharf Street London England SE8 3GG
BLUESANTI LTD,16916544,active,ltd,,,2025-12-17,,2025-12-17,[47910],Flat 2 26 Argyle Square London United Kingdom WC1H 8AP
CURRY BAZAR LIMITED,16916574,active,ltd,,,2025-12-17,,2025-12-17,[56102],Flat 12 Henshall Point London England E3 3EJ
HISEMBURG AROMAS LTD,16916581,active,ltd,,,2025-12-17,,2025-12-17,[20420, 46450, 47910],Flat 5 Finwhale House London England E14 3NA
LUMENA DIGITAL SOLUTIONS LTD,16916593,active,ltd,,,2025-12-17,,2025-12-17,[62020],12 Rancliffe Gardens London England SE9 6LA
GEMINI CHARTERS LIMITED,16916599,active,ltd,,,2025-12-17,,2025-12-17,[77210],3rd Floor 86-90 Paul Street London United Kingdom EC2A 4NE
KANT LTD,16916607,active,ltd,,,2025-12-17,,2025-12-17,[62012, 62020],3rd Floor, 86-90 Paul Street London United Kingdom EC2A 4NE
MACKEMSHOP LTD,16916634,active,ltd,,,2025-12-17,,2025-12-17,[15120, 32300, 47820, 47910],Suite Ra01 195-197 Wood Street London United Kingdom E17 3NU
TRIPLINE TRAVEL & HOLIDAYS LIMITED,16916628,active,ltd,,,2025-12-17,,2025-12-17,[79110],161a Saint John's Hill London United Kingdom SW11 1TQ
WELLNESS BY GOK LTD,16916624,active,ltd,,,2025-12-17,,2025-12-17,[93130],43 Upton Lane London England E7 9PA
GREEN LIFE WALK LIMITED,16916682,active,ltd,,,2025-12-17,,2025-12-17,[56103],32 Willoughby Road London England N8 0JG
FN CONSULTING LTD,16916684,active,ltd,,,2025-12-17,,2025-12-17,[70229],20 Wenlock Road London England N1 7GU
LINDEN LIFESTYLE PROPERTY INVESTORS LTD,16916680,active,ltd,,,2025-12-17,,2025-12-17,[55100, 68100, 68209, 68320],124 City  Road London United Kingdom EC1V 2NX
ELLOUISE EMARKET LIMITED,16916705,active,ltd,,,2025-12-17,,2025-12-17,[47910],292570 Office Suite 29a, 3/F., London United Kingdom SE8 3GG
SAFFORD LIVING LTD,16916702,active,ltd,,,2025-12-17,,2025-12-17,[68209, 87900],71-75 Shelton Street London United Kingdom WC2H 9JQ
AQIVRA LTD,16916703,active,ltd,,,2025-12-17,,2025-12-17,[62012, 63120, 70229],71-75 Shelton Street London United Kingdom WC2H 9JQ
KUZEYMIRA LIMITED,16916717,active,ltd,,,2025-12-17,,2025-12-17,[47910],Unit 501 Leroy House London United Kingdom N1 3FY
TLALLI GEMS LTD,16916715,active,ltd,,,2025-12-17,,2025-12-17,[46480],128 City Road London United Kingdom EC1V 2NX
MACHRISMS LTD,16916722,active,ltd,,,2025-12-17,,2025-12-17,[47910],Unit 802 Ground Floor Capital House London United Kingdom E8 1LL
ATAVISTIC LTD,16916737,active,ltd,,,2025-12-17,,2025-12-17,[62020],128 City Road London United Kingdom EC1V 2NX
TABLECALL SYSTEMS LTD,16916744,active,ltd,,,2025-12-17,,2025-12-17,[62090, 80200],71-75 Shelton Street London United Kingdom WC2H 9JQ
AERO DRIVE LTD,16916757,active,ltd,,,2025-12-17,,2025-12-17,[45112],4th Floor Office London England W1B 4HB
WEALTH KEY LTD,16916735,active,ltd,,,2025-12-17,,2025-12-17,[62012, 70229, 82990],128 City Road London United Kingdom EC1V 2NX
YOZAMI LTD,16916749,active,ltd,,,2025-12-17,,2025-12-17,[47910, 62090, 70100, 70229],128 City Road London United Kingdom EC1V 2NX
DOSSARY LIMITED,16916778,active,ltd,,,2025-12-17,,2025-12-17,[73120],2-4 Hyde Park Gate London England SW7 5EW
CREATOR GLASS LTD,16916786,active,ltd,,,2025-12-17,,2025-12-17,[59112, 62020, 63120, 63990],27 Old Gloucester Street London United Kingdom WC1N 3AX
RIHAAL LTD,16916787,active,ltd,,,2025-12-17,,2025-12-17,[47710, 47910],71-75 Shelton Street London United Kingdom WC2H 9JQ
HIGH ALONE LTD,16916788,active,ltd,,,2025-12-17,,2025-12-17,[47910],292590, Office Suite 29a, 3/F 23 Wharf Street London England SE8 3GG
INTERNATIONAL MEDIA LIMITED,16916797,active,ltd,,,2025-12-17,,2025-12-17,[96090],72 Halliwick Road London United Kingdom N10 1AB
ADAM CAREY PROPERTY LTD,16916804,active,ltd,,,2025-12-17,,2025-12-17,[68310],38 Amity Grove London England SW20 0LJ
4YOU AGENCY LTD,16916801,active,ltd,,,2025-12-17,,2025-12-17,[62020],71-75 Shelton Street London United Kingdom WC2H 9JQ
PALATINATE HOLDING LIMITED,16916814,active,ltd,,,2025-12-17,,2025-12-17,[64209],49 Shooters Hill Road London England SE3 7HS
KENSINGTON & CHELSEA RE CAPITAL LTD,16916836,active,ltd,,,2025-12-17,,2025-12-17,[68100],15 Westover Road London England SW18 2RE
HEATEROP LTD,16916839,active,ltd,,,2025-12-17,,2025-12-17,[47910],Unit 804 Ground Floor Capital House London United Kingdom E8 1LL
HANK MARVIN LTD,16916842,active,ltd,,,2025-12-17,,2025-12-17,[56102],62 Ferndale Road London England E11 3DN
MOVU TRAVEL LIMITED,16916871,active,ltd,,,2025-12-17,,2025-12-17,[63120, 79110, 79120],71-75 Shelton Street London United Kingdom WC2H 9JQ
TNCG LIMITED,16916891,active,ltd,,,2025-12-17,,2025-12-17,[49420],20 Wenlock Road London England N1 7GU
NIKA LTD,16901459,active,ltd,,,2025-12-10,,2025-12-10,[70229, 82990],167-169 Great Portland Street London England W1W 5PF
ZF LEGAL CONSULTANCY LIMITED,16916903,active,ltd,,,2025-12-17,,2025-12-17,[69109, 70229, 85600],167-169 Great Portland Street London England W1W 5PF
FLOWYSENSE LTD,16916968,active,ltd,,,2025-12-17,,2025-12-17,[47910, 62012, 62020],Unit 501 Leroy House London United Kingdom N1 3FY
COASTAL CROWN LTD,16916935,active,ltd,,,2025-12-17,,2025-12-17,[96090],71-75 Shelton Street London United Kingdom WC2H 9JQ
BANZA BUSINESS LTD,16916984,active,ltd,,,2025-12-17,,2025-12-17,[47640, 47910, 47990],71-75 Shelton Street London United Kingdom WC2H 9JQ
RYVALO. LTD,16916981,active,ltd,,,2025-12-17,,2025-12-17,[47910],71-75 Shelton Street London United Kingdom WC2H 9JQ
UNEEKOR UK LTD,16917037,active,ltd,,,2025-12-17,,2025-12-17,[46180],86-90 Paul Street London England EC2A 4NE
LUMETRA GLOBAL CONSULTING LTD,16917075,active,ltd,,,2025-12-17,,2025-12-17,[70229, 74909, 82990, 96090],3rd Floor, 86-90 Paul Street London United Kingdom EC2A 4NE
TRI ADVENTURE TRAVEL LTD,16917057,active,ltd,,,2025-12-17,,2025-12-17,[79120],71b Genesta Road London England SE18 3EX
NSB ASSETS LTD,16917081,active,ltd,,,2025-12-17,,2025-12-17,[64209],71-75 Shelton Street London United Kingdom WC2H 9JQ
CAPERKOA LTD,16917094,active,ltd,,,2025-12-17,,2025-12-17,[47910],Unit 811 Ground Floor Capital House London United Kingdom E8 1LL
ESPERALORI TRADING LTD,16917098,active,ltd,,,2025-12-17,,2025-12-17,[46190, 62020, 79120, 82990],Suite 5855 5 Brayford Square London England E1 0SG
ICON EUROPE LTD,16917086,active,ltd,,,2025-12-17,,2025-12-17,[82110, 82190, 82302, 82990],71-75 Shelton Street London United Kingdom WC2H 9JQ
HAKAS DEVELOPMENTS LIMITED,16898491,active,ltd,,,2025-12-08,,2025-12-08,[68100, 68201, 68209, 68320],118-120 London Road Mitcham England CR4 3LB
JMK5STARCLEANINGS LTD,16917115,active,ltd,,,2025-12-17,,2025-12-17,[81299],3rd Floor, 86-90 Paul Street London England EC2A 4NE
PURE DC (ST. DENIS) HOLDINGS LIMITED,16917130,active,ltd,,,2025-12-17,,2025-12-17,[64209],5 Fleet Place London England EC4M 7RD
UZAIR TAHIR LTD,16917123,active,ltd,,,2025-12-17,,2025-12-17,[47990],Office 15941 182-184 High Street North London United Kingdom E6 2JA
XIAOMAO LTD,16917131,active,ltd,,,2025-12-17,,2025-12-17,[43341],Tower 42 International Financial Centre London England EC2N 1HN
EAST BARNET MOT CENTRE LIMITED,16917144,active,ltd,,,2025-12-17,,2025-12-17,[71200],940 Green Lanes Winchmore Hill England N21 2AD
EDEMORA LTD,16917172,active,ltd,,,2025-12-17,,2025-12-17,[68320, 70229, 82990],65 London Wall London England EC2M 5TU
ASHLEY STANARD COMMERCIAL LTD,16917165,active,ltd,,,2025-12-17,,2025-12-17,[68100],5 North End Road London England NW11 7RJ
SAVANNAH ENERGY E1 LIMITED,16917164,active,ltd,,,2025-12-17,,2025-12-17,[64209],40 Bank Street London United Kingdom E14 5NR
EQUINOX LOGIC LTD,16917204,active,ltd,,,2025-12-17,,2025-12-17,[59120, 62012],Office 16180 182-184 High Street North London United Kingdom E6 2JA
ARTTHERAPYSESSIONS LTD,16917232,active,ltd,,,2025-12-17,,2025-12-17,[47781],Flat 2, 7 Mount View Road London United Kingdom N4 4SS
BREQUA LIMITED,16917208,active,ltd,,,2025-12-17,,2025-12-17,[47910],International House London United Kingdom EC3V 3NG
LD VIC LTD,16917218,active,ltd,,,2025-12-17,,2025-12-17,[85600],71-75 Shelton Street London United Kingdom WC2H 9JQ
VERIGLIENT HEALTH LTD,16917224,active,ltd,,,2025-12-17,,2025-12-17,[70229],167-169 Great Portland Street London United Kingdom W1W 5PF
MULTIELI LTD,16917379,active,ltd,,,2025-12-17,,2025-12-17,[47910],167 - 169 Great Portland Street London England W1W 5PF
ZAMZAM BOOKSHOP LTD,16917393,active,ltd,,,2025-12-17,,2025-12-17,[47190, 47610],Unit 6, 388 Green Street London United Kingdom E13 9AP
LORENZ CAPITAL LIMITED,16917395,active,ltd,,,2025-12-17,,2025-12-17,[64999],71-75 Shelton Street London United Kingdom WC2H 9JQ
BZ HM LIMITED,16917401,active,ltd,,,2025-12-17,,2025-12-17,[68209],Ghost Mail Ltd, 5 London United Kingdom E1 0SG
LONGVIEW BUSINESS ADVISORS LTD,16917426,active,ltd,,,2025-12-17,,2025-12-17,[70229],2nd Floor College House Ruislip, United Kingdom HA4 7AE
ELI MIDCO LIMITED,16917418,active,ltd,,,2025-12-17,,2025-12-17,[96090],101 New Cavendish Street London United Kingdom W1W 6XH
SHAFI CONSTRUCTIONS LIMITED,16917447,active,ltd,,,2025-12-17,,2025-12-17,[41201, 41202, 43290, 46730],195 Monega Road London England E7 8EP
THE MANE HAVEN HAIR LTD,16917458,active,ltd,,,2025-12-17,,2025-12-17,[47190, 47750, 70229, 96020],20 Wenlock Road London England N1 7GU
TAPD MEDIA CO LTD,16917478,active,ltd,,,2025-12-17,,2025-12-17,[59112, 73110, 73120, 74202],167-169 Great Portland Street London England W1W 5PF
AAYA HOMES LTD,16917477,active,ltd,,,2025-12-17,,2025-12-17,[68100, 68209],41 King Edwards Road London England N9 7RN
BCP IT LIMITED,16917520,active,ltd,,,2025-12-17,,2025-12-17,[62020],3rd Floor 86-90 Paul Street London United Kingdom EC2A 4NE
SLEEP ZONE LTD,16917515,active,ltd,,,2025-12-17,,2025-12-17,[47910, 52290],27 Old Gloucester Street London United Kingdom WC1N 3AX
SHIFFTR LTD,16917502,active,ltd,,,2025-12-17,,2025-12-17,[82990],71-75 Shelton Street London United Kingdom WC2H 9JQ
GROUNDED STAYS LTD,16917510,active,ltd,,,2025-12-17,,2025-12-17,[68209],71-75 Shelton Street London United Kingdom WC2H 9JQ
VOX PROPERTIES LTD,16917501,active,ltd,,,2025-12-17,,2025-12-17,[68100, 68209],Dalton House London England SW19 2RR
DEMRY LIMITED,16917516,active,ltd,,,2025-12-17,,2025-12-17,[96090],124 Finchley Road London United Kingdom NW3 5JS
CHUBULU LTD,16917524,active,ltd,,,2025-12-17,,2025-12-17,[46900],125 Kingsway London United Kingdom WC2B 6NH
NOURISH HEALTH TECHNOLOGIES LTD,16917557,active,ltd,,,2025-12-17,,2025-12-17,[47910, 58290, 62012],86-90 Paul Street London England EC2A 4NE
GREEN PILL PROJECT LTD,16917545,active,ltd,,,2025-12-17,,2025-12-17,[70229, 73110, 79909, 85590],167-169 Great Portland Street London United Kingdom W1W 5PF
1MFM LTD,16917552,active,ltd,,,2025-12-17,,2025-12-17,[70229],6-8 Great Eastern Street London England EC2A 3NT
GO OPS LTD,16917631,active,ltd,,,2025-12-17,,2025-12-17,[77400, 82110, 82911, 82990],71-75 Shelton Street London United Kingdom WC2H 9JQ
OBILO HOLDINGS GROUP LTD,16917645,active,ltd,,,2025-12-17,,2025-12-17,[66110, 85590],71-75 Shelton Street London United Kingdom WC2H 9JQ
DASH INSIGHT LTD,16917691,active,ltd,,,2025-12-17,,2025-12-17,[70229],10 Cliffview Road London United Kingdom SE13 7DD
GULLYROLL LTD,16917706,active,ltd,,,2025-12-17,,2025-12-17,[56103],39 Rawstone Walk London United Kingdom E13 0HZ
BZBD LTD,16917674,active,ltd,,,2025-12-17,,2025-12-17,[68100, 68209, 68320],68 Gladesmore Road London England N15 6TD
MINERVA CONCORD LIMITED,16917679,active,ltd,,,2025-12-17,,2025-12-17,[70229],3rd Floor, 86-90 Paul Street London United Kingdom EC2A 4NE
HOLLA CLEAN LIMITED,16917718,active,ltd,,,2025-12-17,,2025-12-17,[81299],3rd Floor, 86-90 Paul Street London United Kingdom EC2A 4NE
WORLD OF RUGS & TEXTILES LTD,16917721,active,ltd,,,2025-12-17,,2025-12-17,[47910],Suite C177, 4 - 6, Greatorex Street London United Kingdom E1 5NF
ALPHA LINKS GLOBAL LTD,16917720,active,ltd,,,2025-12-17,,2025-12-17,[47910],86-90 Paul Street London England EC2A 4NE
AUREX HOLDCO LTD,16917745,active,ltd,,,2025-12-17,,2025-12-17,[64209],71-75 Shelton Street London United Kingdom WC2H 9JQ
QUICK STOP A406 LTD,16917764,active,ltd,,,2025-12-17,,2025-12-17,[47110],356 Neasden Lane North London England NW10 0BT
BELMONT CROW SUB LTD,16917771,active,ltd,,,2025-12-17,,2025-12-17,[68100],99 Clapton Common London England E5 9AB
SAFEPRO AI LTD,16917808,active,ltd,,,2025-12-17,,2025-12-17,[62012],71-75 Shelton Street London United Kingdom WC2H 9JQ
JELLYBEAN MEDIA GROUP LIMITED,16917830,active,ltd,,,2025-12-17,,2025-12-17,[82990],Office 16128 182-184 High Street North London United Kingdom E6 2JA
JGCM LTD,16917876,active,ltd,,,2025-12-17,,2025-12-17,[68209],66 La Rose Lane London United Kingdom N15 3AR
LAOSHENGCHANG UK LIMITED,16917919,active,ltd,,,2025-12-17,,2025-12-17,[56101],124 Finchley Road London United Kingdom NW3 5JS
OVENPRIDE LONDON LTD,16917946,active,ltd,,,2025-12-17,,2025-12-17,[47240, 56102],245a Oldfield Lane North Greenford England UB6 8PP
TELCOREX UK LTD,16917985,active,ltd,,,2025-12-17,,2025-12-17,[61100, 61200, 61300, 61900],Office 403 Screenworks 22 Highbury Grove London England N5 2ER
DJG MEDIA GROUP LTD,16918008,active,ltd,,,2025-12-17,,2025-12-17,[90030],Hamilton House 4a The Avenue London United Kingdom E4 9LD
SOLIN COMB LIMITED,16918027,active,ltd,,,2025-12-17,,2025-12-17,[47910],292578, Office Suite 29a, 3/F 23 Wharf Street London England SE8 3GG
PELICAN HEATING & PLUMBING SERVICES LTD,16918045,active,ltd,,,2025-12-17,,2025-12-17,[43220],Flat 7 61 Clifford Avenue London United Kingdom SW14 7BW
INNBERG LTD,16918051,active,ltd,,,2025-12-17,,2025-12-17,[68209, 68310, 70229],3rd Floor, 86-90 Paul Street London England EC2A 4NE
MME ELECTRONICS LTD,16918063,active,ltd,,,2025-12-17,,2025-12-17,[77291, 90020],83 The Ridgeway London England NW9 0UH
TEMPEST FRACTIONAL SERVICES LTD,16918062,active,ltd,,,2025-12-17,,2025-12-17,[62012, 70229],3rd Floor, 86-90 Paul Street London United Kingdom EC2A 4NE
WILD SPUR STUDIO LTD,16918077,active,ltd,,,2025-12-17,,2025-12-17,[73110],3rd Floor, 86-90 Paul Street London United Kingdom EC2A 4NE
IYARE LTD,16896057,active,ltd,,,2025-12-08,,2025-12-08,[62020, 63110, 63990, 73200],The Capital Office London England EC1V 2NX
PAK LOGISTICS AND SOLUTIONS LTD,16918093,active,ltd,,,2025-12-17,,2025-12-17,[49410],Flat 67 Riverhill 10-12 London Road Maidstone England ME16 8FW
SUNLINE FILMS LTD,16918085,active,ltd,,,2025-12-17,,2025-12-17,[78101],167-169 Great Portland Street,  5th Floor London United Kingdom W1W 5PF
NO WAY HOME LTD,16918117,active,ltd,,,2025-12-17,,2025-12-17,[59111, 59112, 59120, 90030],Flat 24 Harley House London England E11 1LH
30 MINORIES HUB INVESTORCO LIMITED,16918105,active,ltd,,,2025-12-17,,2025-12-17,[64304],6 Duke Street London England SW1Y 6BN
SENOU LTD,16918113,active,ltd,,,2025-12-17,,2025-12-17,[47910],Office 616 60 Tottenham Court Road London United Kingdom W1T 2EW
ABAVRO LTD,16896519,active,ltd,,,2025-12-08,,2025-12-08,[70229],165-167 Great Portland Street London England W1W 5PF
JETTRAP LTD,16918231,active,ltd,,,2025-12-17,,2025-12-17,[72190],71-75 Shelton Street London England WC2H 9JQ
CZECH INVESTMENTS F3 LTD,16918244,active,ltd,,,2025-12-17,,2025-12-17,[68209],Flat 5 33 Grove Park Road London England SE9 4NP
PRIVATE PARTY EVENTS LTD,16918258,active,ltd,,,2025-12-17,,2025-12-17,[82302, 93210],173 Cheesemans Terrace London United Kingdom W14 9XR
MOAT DIGITAL MARKETING LTD,16917816,active,ltd,,,2025-12-17,,2025-12-17,[73110],128 City Road London United Kingdom EC1V 2NX
DINST LTD,16918272,active,ltd,,,2025-12-18,,2025-12-18,[85510],22 Montana Gardens London England SE26 5BF
ZIPHOS CONSULTING LTD,16918432,active,ltd,,,2025-12-18,,2025-12-18,[70229],Suite Ra01 195-197 Wood Street London United Kingdom E17 3NU
SWIFT LIFE HOLDINGS LIMITED,16918451,active,ltd,,,2025-12-18,,2025-12-18,[64205],28 Church Road London England SW19 5DH
TOREN FOOD LIMITED,16918450,active,ltd,,,2025-12-18,,2025-12-18,[47910],338a Regents Park Road London United Kingdom N3 2LN
DYGESVERSE LTD,16918454,active,ltd,,,2025-12-18,,2025-12-18,[62090],31 Longthornton Road London England SW16 5QE
SYK CLOTHING LTD,16918514,active,ltd,,,2025-12-18,,2025-12-18,[47910],100 Kingsland High Street London England E8 2NS
CFI AWARDING LTD,16918512,active,ltd,,,2025-12-18,,2025-12-18,[64209],42 London Road Stroud England GL5 2AJ
ACE GROUP SOLUTION LTD,16918670,active,ltd,,,2025-12-18,,2025-12-18,[35300, 43210],Flat 2 1 Priory Villas London England N11 3DB
A&R SALES LIMITED,16918750,active,ltd,,,2025-12-18,,2025-12-18,[47910],F25 Waterfront Studios London United Kingdom E16 1AH
MAYA LAVENDER OIL LTD,16918742,active,ltd,,,2025-12-18,,2025-12-18,[20420, 20530],71-75 Shelton Street London United Kingdom WC2H 9JQ
VECTOR & OAK LTD,16918732,active,ltd,,,2025-12-18,,2025-12-18,[62012, 62020, 63110],128 City Road London United Kingdom EC1V 2NX
FIG STUDIOS GROUP LTD,16918721,active,ltd,,,2025-12-18,,2025-12-18,[71129],28 Anderson Close London United Kingdom W3 6YJ
STEEL EXCHANGE LIMITED,16918764,active,ltd,,,2025-12-18,,2025-12-18,[62090],4th Floor, Silverstream House Fitzrovia England W1T 6EB
NG ECOM LTD,16918792,active,ltd,,,2025-12-18,,2025-12-18,[47910],128 City Road London United Kingdom EC1V 2NX
BIRDS RESTAURANT MANAGEMENT LTD,16918791,active,ltd,,,2025-12-18,,2025-12-18,[45111, 45112, 45310, 45400],2nd Floor College House Ruislip, United Kingdom HA4 7AE
KID DANCER LIMITED,16918807,active,ltd,,,2025-12-18,,2025-12-18,[85520],374a St. John Street London England EC1V 4NN
THISMUSIC LTD,16918826,active,ltd,,,2025-12-18,,2025-12-18,[59200, 64209, 77400, 82990],71-75 Shelton Street London United Kingdom WC2H 9JQ
MHG PROPERTY INVESTMENT LTD,16918846,active,ltd,,,2025-12-18,,2025-12-18,[68209],Flat 2, 26a Sutherland Road London United Kingdom N9 7QD
CARTIER PROPERTIES LTD,16918840,active,ltd,,,2025-12-18,,2025-12-18,[55900],71-75 Shelton Street London United Kingdom WC2H 9JQ
TECHNOLOGY SYSTEMS LIMITED,16918841,active,ltd,,,2025-12-18,,2025-12-18,[96090],72 Halliwick Road London England N10 1AB
CHEEZUS LTD,16918863,active,ltd,,,2025-12-18,,2025-12-18,[58190],2nd Floor College House Ruislip, United Kingdom HA4 7AE
KEELPOINT RISK LTD,16918859,active,ltd,,,2025-12-18,,2025-12-18,[80100],60 Tottenham Court Road London W1T 2EW
DIGITAL FUTURES INTERNATIONAL LIMITED,16918886,active,ltd,,,2025-12-18,,2025-12-18,[74909],1 Worship Square London United Kingdom EC2A 4JE
NEWRECLAIM LTD,16918880,active,ltd,,,2025-12-18,,2025-12-18,[62090],Office 16235 182-184 High Street North London United Kingdom E6 2JA
RBE TECHNOLOGIES LIMITED,16918885,active,ltd,,,2025-12-18,,2025-12-18,[35140, 35230],71-75 Shelton Street London United Kingdom WC2H 9JQ
BLOSSOM PLATFORM OPCO LTD,16918891,active,ltd,,,2025-12-18,,2025-12-18,[41100, 55100, 68320, 70229],Flat 6 Poulton Court London England W3 6EJ
CULTURE CHIROPRACTIC LIMITED,16918883,active,ltd,,,2025-12-18,,2025-12-18,[86220],Unit 6 6 Westgate Street London England E8 3RN
HRH PERFORMANCE LTD,16918912,active,ltd,,,2025-12-18,,2025-12-18,[45112, 45200],3rd Floor, 86-90 Paul Street London England EC2A 4NE
SINERGIA AURA CONSULTING LTD,16918938,active,ltd,,,2025-12-18,,2025-12-18,[96090],27 Old Gloucester Street London United Kingdom WC1N 3AX
ADELAIDE SHIPPING & CLEANING LTD,16918905,active,ltd,,,2025-12-18,,2025-12-18,[50200],3rd Floor, 86-90 Paul Street London United Kingdom EC2A 4NE
NMH ADVISORY LTD,16918929,active,ltd,,,2025-12-18,,2025-12-18,[74909],Flat 13, The Glasshouse 2a Morley Road London United Kingdom SE13 6DQ
1ST EUROPE SYSTEMS LIMITED,16918931,active,ltd,,,2025-12-18,,2025-12-18,[96090],72 Halliwick Road London England N10 1AB
MINESTRONE LTD,16918918,active,ltd,,,2025-12-18,,2025-12-18,[59200],104-108 Oxford Street London England W1D 1LP
O&N CONSTRUCTION LTD,16918961,active,ltd,,,2025-12-18,,2025-12-18,[96090],340 West End Lane London England NW6 1LN
MYCELIA CAPITAL LTD,16918948,active,ltd,,,2025-12-18,,2025-12-18,[43999, 68320],71-75 Shelton Street London United Kingdom WC2H 9JQ
SAUDIAMANA LTD,16918995,active,ltd,,,2025-12-18,,2025-12-18,[62020],Office 16236 182-184 High Street North London United Kingdom E6 2JA
NUVELLA MEDTECH LIMITED,16918978,active,ltd,,,2025-12-18,,2025-12-18,[32500, 70229],316 St. Pauls Road London England N1 2LF
BEELIEVING VISION LTD,16919027,active,ltd,,,2025-12-18,,2025-12-18,[85600, 86900, 88990],71-75 Shelton Street London United Kingdom WC2H 9JQ
WHITE HART ADVISORY LTD,16919021,active,ltd,,,2025-12-18,,2025-12-18,[74909],20 Wenlock Road London England N1 7GU
RIGHT CHOICE LONDON LTD,16919014,active,ltd,,,2025-12-18,,2025-12-18,[47110],1a Strathearn Road Wimbledon England SW19 7LH
HELEN SPARKLES CLEANING LTD,16919039,active,ltd,,,2025-12-18,,2025-12-18,[81210, 81222],71-75 Shelton Street London England WC2H 9JQ
WAZIR SUPERSTORES LTD,16919041,active,ltd,,,2025-12-18,,2025-12-18,[47110],360 Essex Road London United Kingdom N1 3PD
GLOBAL LOGISTICS SOLUTIONS LTD,16919006,active,ltd,,,2025-12-18,,2025-12-18,[49410],288 Lee High Road London United Kingdom SE13 5PJ
INTERNATIONAL ACADEMIC HOLDING LTD,16919048,active,ltd,,,2025-12-18,,2025-12-18,[64209, 70100],Level 39 One Canada Square London United Kingdom E14 5AB
DABK LIMITED,16919052,active,ltd,,,2025-12-18,,2025-12-18,[68100, 68209, 68320],83a Headley Drive Ilford England IG2 6QL
WELLINGTON4 LTD,16919067,active,ltd,,,2025-12-18,,2025-12-18,[56103],154 Commercial Road London United Kingdom E1 1NL
HEATH AI LTD,16919085,active,ltd,,,2025-12-18,,2025-12-18,[62012, 62020, 62090],131 Finsbury Pavement London England EC2A 1NT
DAWAT HEATHROW LTD,16919105,active,ltd,,,2025-12-18,,2025-12-18,[56101],Dawat Crown Meadow Slough United Kingdom SL3 0LU
GIOTAL LIMITED,16919107,active,ltd,,,2025-12-18,,2025-12-18,[81210],First Floor Office London United Kingdom W8 4LZ
WISESTELLA UK LIMITED,16919081,active,ltd,,,2025-12-18,,2025-12-18,[62020, 63110, 70229],167-169 Great Portland Street, 5th Floor London England W1W 5PF
PRIMEVERDO LTD,16919110,active,ltd,,,2025-12-18,,2025-12-18,[47990],Office 622 60 Tottenham Court Road London United Kingdom W1T 2EW
PROFITO CAPITAL LTD,16919128,active,ltd,,,2025-12-18,,2025-12-18,[66300, 70221],Office 1904cw 182-184 High Street North London United Kingdom E6 2JA
PROJECT SANTIAGO - HERITAGE PARTNERS LIMITED,16919150,active,ltd,,,2025-12-18,,2025-12-18,[64303],124-128 City Road London England EC1V 2NX
CYNFIAAI LTD,16919168,active,ltd,,,2025-12-18,,2025-12-18,[62012],20 Wenlock Road London England N1 7GU
JT SOFTWARE ENGINEERING LTD,16919181,active,ltd,,,2025-12-18,,2025-12-18,[62012],71-75 Shelton Street London United Kingdom WC2H 9JQ
PEKISH LTD,16919215,active,ltd,,,2025-12-18,,2025-12-18,[56103],288 Lee High Road London United Kingdom SE13 5PJ
RUSHEY GREEN FOOD AND WINE LTD,16919259,active,ltd,,,2025-12-18,,2025-12-18,[47110],43 Anerley Road London England SE19 2AS
ARAYA SIE BBI NOMINEES LIMITED,16919261,active,ltd,,,2025-12-18,,2025-12-18,[99999],Suite 3.6 93 Gloucester Place London United Kingdom W1U 6JQ
ELISA FITWELL LIMITED,16919252,active,ltd,,,2025-12-18,,2025-12-18,[82990],2 Carlile Close London England E3 2ES
REBEL CREATIVE HUB LTD,16919245,active,ltd,,,2025-12-18,,2025-12-18,[47910, 74100, 90030],Dept 6474a, 196 High Road London United Kingdom N22 8HH
AU ELECTRICAL SERVICES LTD,16919277,active,ltd,,,2025-12-18,,2025-12-18,[43210],6 Dahlia Court London England E17 6GY
INERTIA TECHNOLOGIES LIMITED,16919325,active,ltd,,,2025-12-18,,2025-12-18,[62012],124 City Road London United Kingdom EC1V 2NX
SILVERMAN KOCHI & CO. LTD,16919347,active,ltd,,,2025-12-18,,2025-12-18,[70229],71-75 Shelton Street London United Kingdom WC2H 9JQ
LMS ENTERPRISES LTD,16919345,active,ltd,,,2025-12-18,,2025-12-18,[62012, 63120],124 City Road London England EC1V 2NX
MOGGY MANSIONS LTD,16919348,active,ltd,,,2025-12-18,,2025-12-18,[17230],288 Dowdeswell Close London England SW15 5RP
NEURALPRIME LIMITED,16919356,active,ltd,,,2025-12-18,,2025-12-18,[71122],71-75 Shelton Street London United Kingdom WC2H 9JQ
LORJAN HOMES LTD,16919358,active,ltd,,,2025-12-18,,2025-12-18,[68100, 68201, 68209, 68320],20 Wenlock Road London England N1 7GU
WEBY DEVISION LTD,16919394,active,ltd,,,2025-12-18,,2025-12-18,[62012, 62090, 63110, 73110],65 London Wall London United Kingdom EC2M 5TU
MAHMOODA GOLD SMITH LIMITED,16919408,active,ltd,,,2025-12-18,,2025-12-18,[32120],131 Green Street London England E7 8JF
FIS GLOBAL II UK LIMITED,16919405,active,ltd,,,2025-12-18,,2025-12-18,[64205],C/O Fis Corporate Governance The Walbrook Building London United Kingdom EC4N 8AF
G S TEMPLEWOOD LIMITED,16919451,active,ltd,,,2025-12-18,,2025-12-18,[68209],6 Temple Gardens London England NW11 0LL
BROOKWELL LONDON LIMITED,16919470,active,ltd,,,2025-12-18,,2025-12-18,[96090],86-90 Paul Street London England EC2A 4NE
ECONOVX LTD,16919452,active,ltd,,,2025-12-18,,2025-12-18,[74901, 74909],3rd Floor, 86-90 Paul Street London United Kingdom EC2A 4NE
LEADOPS LTD,16919516,active,ltd,,,2025-12-18,,2025-12-18,[70210, 73110, 82990],3rd Floor, 86-90 Paul Street London United Kingdom EC2A 4NE
TRIO DART TOPCO LIMITED,16919475,active,ltd,,,2025-12-18,,2025-12-18,[64209],Foxglove House London United Kingdom W1J 9EF
VERVE NODE LTD,16919534,active,ltd,,,2025-12-18,,2025-12-18,[46190, 47910],3565 Office 5 Brayford Square London United Kingdom E1 0SG
DABELUCHUKWU CHIDUBEM OKAFOR LTD,16919523,active,ltd,,,2025-12-18,,2025-12-18,[99999],Flat 393 Imperial Court 225 Kennington Lane London England SE11 5QN
SR SELF EMPLOYED CARER LTD,16919531,active,ltd,,,2025-12-18,,2025-12-18,[87900],40 Philip Lane London United Kingdom N15 4JB
MYSUN V LIMITED,16919547,active,ltd,,,2025-12-18,,2025-12-18,[74990],Monomark House London England WC1N 3AX
THE EMPORIUS LTD,16919576,active,ltd,,,2025-12-18,,2025-12-18,[47910],71-75 Shelton Street London United Kingdom WC2H 9JQ
POUNDINPEACE LTD,16919573,active,ltd,,,2025-12-18,,2025-12-18,[47710],3rd Floor, 86-90 Paul Street London United Kingdom EC2A 4NE
SATR1 LTD,16919601,active,ltd,,,2025-12-18,,2025-12-18,[46900],129 New City Road London England E13 9PX
ATLAS ADVISORY GROUP LTD,16919603,active,ltd,,,2025-12-18,,2025-12-18,[64209, 69109, 70229],117 Alnwick Road London England E16 3EY
VANSTEELANT LTD,16919632,active,ltd,,,2025-12-18,,2025-12-18,[86220],12 Grenville Place London England SW7 4RW
REHITAGE PROPERTIES LTD,16919588,active,ltd,,,2025-12-18,,2025-12-18,[68100, 68209, 68320],20 Wenlock Road London England N1 7GU
BEXHILL KEBAB LTD,16919652,active,ltd,,,2025-12-18,,2025-12-18,[56103],554 Hertford Road Enfield England EN3 5ST
VISTARA HOMES LTD,16911976,active,ltd,,,2025-12-15,,2025-12-15,[68100, 68209, 68310, 68320],167-169 Great Portland Street London United Kingdom W1W 5PF
MPR SECURITY SERVICES LTD,16919693,active,ltd,,,2025-12-18,,2025-12-18,[80100],Hale House Unit 5 Palmers Green United Kingdom N13 5TW
SPARKSTONE (WA) LTD,16919744,active,ltd,,,2025-12-18,,2025-12-18,[68100, 68209],73a Clapton Common London United Kingdom E5 9AA
PERSPECTIVE PROGRESS GROUP LTD,16919757,active,ltd,,,2025-12-18,,2025-12-18,[64209, 74909],71-75 Shelton Street London United Kingdom WC2H 9JQ
DAN SHEPHERD ESTATES LTD,16919739,active,ltd,,,2025-12-18,,2025-12-18,[68209, 68310],128 City Road London United Kingdom EC1V 2NX
COREVISION CREATIVE LAB LTD,16919749,active,ltd,,,2025-12-18,,2025-12-18,[62011, 72190, 73110, 74100],128 City Road London United Kingdom EC1V 2NX
RIMAL AE LTD,16919753,active,ltd,,,2025-12-18,,2025-12-18,[47910],2nd Floor College House Ruislip, United Kingdom HA4 7AE
WP MELBURY LTD,16919731,active,ltd,,,2025-12-18,,2025-12-18,[68100, 68209],4 Decoy Avenue London United Kingdom NW11 0ET
PP SYSTEMS LTD,16919782,active,ltd,,,2025-12-18,,2025-12-18,[62090, 63120],128 City Road London United Kingdom EC1V 2NX
SHRINE MUSIC LIMITED,16919783,active,ltd,,,2025-12-18,,2025-12-18,[59200],71-75 Shelton Street London United Kingdom WC2H 9JQ
PREVENTIS LTD,16919780,active,ltd,,,2025-12-18,,2025-12-18,[84120],20 Wenlock Road London England N1 7GU
RENDERSAFE GROUP LTD,16919795,active,ltd,,,2025-12-18,,2025-12-18,[59111, 59112, 59113],71-75 Shelton Street London United Kingdom WC2H 9JQ
TIKKA TWIST LTD,16919807,active,ltd,,,2025-12-18,,2025-12-18,[56101],71-75 Shelton Street London United Kingdom WC2H 9JQ
SYNEXAPRO LTD,16919799,active,ltd,,,2025-12-18,,2025-12-18,[63110, 96090],Office 16150 182-184 High Street North London United Kingdom E6 2JA
DELMATRIX INTERNATIONAL LTD,16919851,active,ltd,,,2025-12-18,,2025-12-18,[46439, 46460, 46660, 47421],Suite 17, 1st Floor, Moran House, 449-451 High Road London England NW10 2JJ
NOVU FINANCE LIMITED,16919816,active,ltd,,,2025-12-18,,2025-12-18,[64999],128 City Road London United Kingdom EC1V 2NX
GUSTORPW LTD,16919830,active,ltd,,,2025-12-18,,2025-12-18,[27110, 27900, 33140],20 Wenlock Road London England N1 7GU
HARTWELL STRATEGY LTD,16919857,active,ltd,,,2025-12-18,,2025-12-18,[73200],118 Ashleigh Road London England SW14 8PX
PARADISA LTD,16919926,active,ltd,,,2025-12-18,,2025-12-18,[42990, 70100, 70229, 82990],First Floor Office London United Kingdom W8 4LZ
ENDPLAY LTD,16919911,active,ltd,,,2025-12-18,,2025-12-18,[47910, 62012, 62020, 82990],Office 16177 182-184 High Street North London United Kingdom E6 2JA
MEDIASEARCH LTD,16919963,active,ltd,,,2025-12-18,,2025-12-18,[64209],32 Kinburn Street London England SE16 6DW
JJR LETTING LIMITED,16919944,active,ltd,,,2025-12-18,,2025-12-18,[68209],167-169 Great Portland Street London United Kingdom W1W 5FP
ANY ME LTD,16919946,active,ltd,,,2025-12-18,,2025-12-18,[58290, 62011, 62012],71-75 Shelton Street London United Kingdom WC2H 9JQ
BROWNWELL PROPERTY MANAGEMENT LTD,16919982,active,ltd,,,2025-12-18,,2025-12-18,[68320],86-90 Paul Street London England EC2A 4NE
DIGITAL GULF MARKETING SERVICES LTD,16919991,active,ltd,,,2025-12-18,,2025-12-18,[58290, 62012, 70229, 73110],20 Wenlock Road London England N1 7GU
SILVERWING ESTATES LTD,16920000,active,ltd,,,2025-12-18,,2025-12-18,[68100, 68209],14 Darwin Road London United Kingdom DA16 2EG
QUALITY CONTROL MANAGEMENT LTD,16920011,active,ltd,,,2025-12-18,,2025-12-18,[70229, 71122, 71129, 74909],Office 633b, 182-184 High Street North London United Kingdom E6 2JA
RALCO UK LIMITED,16920018,active,ltd,,,2025-12-18,,2025-12-18,[64921],128 City Road London United Kingdom EC1V 2NX
IAM SME LTD,16882648,active,ltd,,,2025-12-01,,2025-12-01,[62020],71-75 Shelton Street London United Kingdom WC2H 9JQ
CITOL AXISPOINT GLOBAL LTD,16882649,active,ltd,,,2025-12-01,,2025-12-01,[74909],71-75 Shelton Street London England WC2H 9JQ
AJAHN COLLECTIVE LTD,16882691,active,ltd,,,2025-12-01,,2025-12-01,[90010, 90030, 96040],20 Wenlock Road London England N1 7GU
CPC CONSTRUCTION MANAGEMENT LIMITED,16882688,active,ltd,,,2025-12-01,,2025-12-01,[41201],100 Wood Street London England EC2V 7AN
SMARTEDGE EDUCATION SERVICES LTD,16882760,active,ltd,,,2025-12-01,,2025-12-01,[82990, 85590],3rd Floor, 86-90 Paul Street London United Kingdom EC2A 4NE
BLENDED ELEMENTS LIMITED,16882758,active,ltd,,,2025-12-01,,2025-12-01,[43210],Crystal Tax Consultancy Ltd Adam House London United Kingdom WC2N 6AA
LAUVRE LIMITED,16882756,active,ltd,,,2025-12-01,,2025-12-01,[47910],150 A Cholmley Gardens London England NW6 1AD
MAYJADE ENTERPRISES LIMITED,16882775,active,ltd,,,2025-12-01,,2025-12-01,[58290, 62012, 62020],Flat 8 Bolanachi Building London England SE16 3SG
NASIRCONTRACTOR LTD,16882779,active,ltd,,,2025-12-01,,2025-12-01,[62020],104 Bracondale Road London England SE2 9EQ
JWT CONSULTING LTD,16882837,active,ltd,,,2025-12-01,,2025-12-01,[70229],85 Great Portland Street London England W1W 7LT
SPOTLESS SPACES SERVICES LTD,16882844,active,ltd,,,2025-12-01,,2025-12-01,[81210],33 Lordship Lane London England N17 6RU
SHAREKTE156 LTD,16882856,active,ltd,,,2025-12-01,,2025-12-01,[46900],275 New N Rd #3110 London London United Kingdom N1 7AA
CRYSTAL FISH AND PIZZA LTD,16882921,active,ltd,,,2025-12-01,,2025-12-01,[56103],Basement 407 Harrow Road London United Kingdom W9 3NF
DO8 LIMITED,16882948,active,ltd,,,2025-12-01,,2025-12-01,[43341],88e Mitcham Lane London England SW16 6NR
LUMIFY GROUP LIMITED,16883017,active,ltd,,,2025-12-01,,2025-12-01,[64209],409 Cannon Wharf Pell Street London United Kingdom SE8 5EN
ALFREDO’S MANAGEMENT LTD,16883082,active,ltd,,,2025-12-01,,2025-12-01,[56103],North London Business Park ,Building 3, Office No: 223, London United Kingdom N11 1GN
THE FOOD HALL REFRESHMENTS LIMITED,16883092,active,ltd,,,2025-12-01,,2025-12-01,[47250],182-184 High Street North London England E6 2JA
ONE ALL CIC,16883147,active,ltd,community-interest-company,,2025-12-01,,2025-12-01,[85600, 93199],167-169 Great Portland Street London England W1W 5PF
AAS BUILD LTD,16883178,active,ltd,,,2025-12-01,,2025-12-01,[41201, 41202, 42110, 42990],2nd Floor College House Ruislip, United Kingdom HA4 7AE
HAMILTON REES ASSETS LTD,16883177,active,ltd,,,2025-12-01,,2025-12-01,[41100, 68100],554 Streatham High Road London England SW16 3QG
ICET LTD,16883163,active,ltd,,,2025-12-01,,2025-12-01,[82990],71-75 Shelton Street London England WC2H 9JQ
RADR GROUP LTD,16883242,active,ltd,,,2025-12-01,,2025-12-01,[62012],167-169 Great Portland Street London England W1W 5PF
PROMPTLY MADE LTD,16883247,active,ltd,,,2025-12-01,,2025-12-01,[70229],50 St Mary’S Crescent Nw4 4lh United Kingdom NW4 4LH
TYAM LIMITED,16883249,active,ltd,,,2025-12-01,,2025-12-01,[16230, 43110, 43999],3rd Floor, 86-90 Paul Street London United Kingdom EC2A 4NE
VOO EDUCATION AND CONSULTANCY LIMITED,16883280,active,ltd,,,2025-12-01,,2025-12-01,[62020, 68100, 79901],Unit 501 Leroy House London United Kingdom N1 3FY
CUBIQO LTD,16883301,active,ltd,,,2025-12-01,,2025-12-01,[68100, 68209],163 Herne Hill London United Kingdom SE24 9LR
VAN DYKE & ASSOCIATES LTD,16883313,active,ltd,,,2025-12-01,,2025-12-01,[70229],79 Keslake Road London England NW6 6DH
NEW TOWN ROAD RECORDS LTD,16883311,active,ltd,,,2025-12-01,,2025-12-01,[90030],71-75 Shelton Street London United Kingdom WC2H 9JQ
PALEDINE LTD,16883303,active,ltd,,,2025-12-01,,2025-12-01,[47910],Apartment 1013 122 East Ferry Road London England E14 9FP
PROPA MOTA VEHICLE SALES LTD,16883315,active,ltd,,,2025-12-01,,2025-12-01,[45111, 45112, 45190, 45200],71-75 Shelton Street London United Kingdom WC2H 9JQ
BIM PROTOCOL LTD,16883324,active,ltd,,,2025-12-01,,2025-12-01,[71111, 71122, 71129],71-75 Shelton Street London United Kingdom WC2H 9JQ
CULLINSWOOD FACILITIES MANAGEMENT LTD,16883378,active,ltd,,,2025-12-01,,2025-12-01,[81210],128 City Road London United Kingdom EC1V 2NX
XCLUSIVE PARTNERS LTD,16883367,active,ltd,,,2025-12-01,,2025-12-01,[78109],128 City Road London United Kingdom EC1V 2NX
AURELIAN TRADE LEGACY LIMITED,16883375,active,ltd,,,2025-12-01,,2025-12-01,[47810, 47820, 47890, 47910],Unit 774 Ground Floor Capital House London United Kingdom E8 1LL
TODAY'S PAPERS LTD,16883366,active,ltd,,,2025-12-01,,2025-12-01,[58190],124 City Road London United Kingdom EC1V 2NX
TFT MAINTENANCE LIMITED,16883361,active,ltd,,,2025-12-01,,2025-12-01,[98000],384 Romford Road Forest Gate London United Kingdom E7 8BS
SERAGLOW LTD,16883364,active,ltd,,,2025-12-01,,2025-12-01,[47910],128 City Road London United Kingdom EC1V 2NX
GLOA LTD,16883580,active,ltd,,,2025-12-01,,2025-12-01,[47910],71-75 Shelton Street London United Kingdom WC2H 9JQ
WILDKIND TREATS LTD,16883581,active,ltd,,,2025-12-01,,2025-12-01,[10920],24 Hawthorn Grove London England SE20 8LF
MINOES LIMITED,16883582,active,ltd,,,2025-12-01,,2025-12-01,[47910],71-75 Shelton Street London United Kingdom WC2H 9JQ
DOMAICA LIMITED,16883612,active,ltd,,,2025-12-01,,2025-12-01,[64209, 70221, 70229],71-75 Shelton Street London United Kingdom WC2H 9JQ
GLOBAL RESEARCH & ACADEMIC PUBLISHING LTD,16883603,active,ltd,,,2025-12-01,,2025-12-01,[58110, 58190],First Floor Office London United Kingdom W8 4LZ
GEMA UK VENTURES LTD,16883595,active,ltd,,,2025-12-01,,2025-12-01,[68100, 68209],338a Regents Park Road London United Kingdom N3 2LN
CLM PROPERTY LTD,16883704,active,ltd,,,2025-12-01,,2025-12-01,[68209],11b Edith Road London United Kingdom W14 0SU
NGUGALLERY LTD,16883688,active,ltd,,,2025-12-01,,2025-12-01,[46420, 56210, 98000],172 Western Road Mitcham England CR4 3EB
LEAN LEARN LTD,16883834,active,ltd,,,2025-12-01,,2025-12-01,[85600],167-169 Great Portland Street London England W1W 5PF
VOLT HAUS LTD,16883835,active,ltd,,,2025-12-01,,2025-12-01,[45400],3rd Floor, 86-90 Paul Street London England EC2A 4NE
LICENTICO LTD,16883975,active,ltd,,,2025-12-01,,2025-12-01,[46510, 47910, 58290, 62090],First Floor Office London United Kingdom W8 4LZ
OUR JOURNEY CONSULTING LTD,16883962,active,ltd,,,2025-12-01,,2025-12-01,[62012, 62020],128 City Road London United Kingdom EC1V 2NX
CHANTYBIKES LTD,16883972,active,ltd,,,2025-12-01,,2025-12-01,[46499, 47910],71-75 Shelton Street London United Kingdom WC2H 9JQ
MARCEL CLOTHIERS LTD,16884045,active,ltd,,,2025-12-01,,2025-12-01,[47710],45 Bramham Gardens London England SW5 0HQ
BLUE STEEL LONDON LIMITED,16884048,active,ltd,,,2025-12-01,,2025-12-01,[46450],213 New Kings Road London England SW6 4XD
KWADE HOLDINGS LTD,16884040,active,ltd,,,2025-12-01,,2025-12-01,[64209, 70229, 82990],60 Perry Avenue London England W3 6YH
TIMES EVENTS LTD,16884039,active,ltd,,,2025-12-01,,2025-12-01,[56210, 96090],13 Station Road London United Kingdom SE25 5AH
VERTE COMMERCE LTD,16884174,active,ltd,,,2025-12-01,,2025-12-01,[47910, 70229, 73110],128 City Road London United Kingdom EC1V 2NX
PNA BUILDING SERVICES LTD,16884173,active,ltd,,,2025-12-01,,2025-12-01,[43390],71-75 Shelton Street London United Kingdom WC2H 9JQ
MEROMIX SERVICE LTD,16884128,active,ltd,,,2025-12-01,,2025-12-01,[70229, 73110],20 Wenlock Road London England N1 7GU
COVENT GARDEN LDN LIMITED,16884167,active,ltd,,,2025-12-01,,2025-12-01,[47910],71-75 Shelton Street London United Kingdom WC2H 9JQ
CAELUS MERCANTILE GROUP LIMITED,16884203,active,ltd,,,2025-12-01,,2025-12-01,[47650, 47710, 47721, 47722],Unit 775 Ground Floor Capital House London United Kingdom E8 1LL
STAKEMATE UK CLIENTS LIMITED,16884242,active,ltd,,,2025-12-01,,2025-12-01,[62090],5 New Street Square London United Kingdom EC4A 3TW
FLONOVA UK LTD.,16884241,active,ltd,,,2025-12-01,,2025-12-01,[46499, 46900, 47789],71-75 Shelton Street London United Kingdom WC2H 9JQ
GET JOB QUOTE LTD,16884243,active,ltd,,,2025-12-01,,2025-12-01,[63120, 82990],1a Adefield House London United Kingdom EC1V 9PD
SHAHLOK CATER LTD,16884255,active,ltd,,,2025-12-01,,2025-12-01,[56102, 56103],637 High Road Leytonstone London England E11 4RD
LILOS CASTLE LTD,16884331,active,ltd,,,2025-12-01,,2025-12-01,[68100, 68209],71-75 Shelton Street London United Kingdom WC2H 9JQ
AILE HOLDINGS LIMITED,16884383,active,ltd,,,2025-12-01,,2025-12-01,[68100, 68209],124 City Road London United Kingdom EC1V 2NX
TERRAMARA GROUP LIMITED,16884397,active,ltd,,,2025-12-01,,2025-12-01,[03210, 72110],27a Maxwell Road Northwood United Kingdom HA6 2XY
J & K HOME DEVELOPMENTS LTD,16884392,active,ltd,,,2025-12-01,,2025-12-01,[68100],71-75 Shelton Street London United Kingdom WC2H 9JQ
LINUS WEXLER LTD,16884425,active,ltd,,,2025-12-01,,2025-12-01,[59111],71-75 Shelton Street London England WC2H 9JQ
HERZA LTD,16884428,active,ltd,,,2025-12-01,,2025-12-01,[61100, 62020, 62030, 63110],71-75 Shelton Street London United Kingdom WC2H 9JQ
LANE VENTURES HOLDINGS LTD,16884453,active,ltd,,,2025-12-01,,2025-12-01,[64201, 64202],71-75 Shelton Street London United Kingdom WC2H 9JQ
INTELLIMARK LTD,16884478,active,ltd,,,2025-12-01,,2025-12-01,[63110, 96090],Office 566 60 Tottenham Court Road London United Kingdom W1T 2EW
FBC LOGISTICS LTD,16884501,active,ltd,,,2025-12-01,,2025-12-01,[49410],3rd Floor, 86-90 Paul Street London England EC2A 4NE
TEMPLETON STRATEGIC LTD,16884538,active,ltd,,,2025-12-01,,2025-12-01,[70229, 74909],71-75 Shelton Street London United Kingdom WC2H 9JQ
PARAMOUNT LEDGER LTD,16884560,active,ltd,,,2025-12-01,,2025-12-01,[64999, 66190, 82990],71-75 Shelton Street London United Kingdom WC2H 9JQ
TINGLE PROJECTS LTD,16884680,active,ltd,,,2025-12-01,,2025-12-01,[68209, 74100],126 Hertford Road London England N1 4LP
ELCONIC LTD,16884693,active,ltd,,,2025-12-01,,2025-12-01,[70229],Flat 2501 2 Cutter Lane London England SE10 0PB
NUOVO GUSTO I&M KITCHEN LTD,16884697,active,ltd,,,2025-12-01,,2025-12-01,[56101, 56102],5 Ballards Lane London England N3 1UX
ARTHUR WILLIAMS PROPERTY HOLDINGS LTD,16884724,active,ltd,,,2025-12-01,,2025-12-01,[68209],71-75 Shelton Street London United Kingdom WC2H 9JQ
VERSA SERVICES & ADVISORY LTD,16884713,active,ltd,,,2025-12-01,,2025-12-01,[70229, 81210],128 City Road London United Kingdom EC1V 2NX
YOGYFACE LIMITED,16884759,active,ltd,,,2025-12-01,,2025-12-01,[85510, 96040],71-75 Shelton Street London United Kingdom WC2H 9JQ
POSH UK HOLDINGS LIMITED,16884800,active,ltd,,,2025-12-01,,2025-12-01,[64209],56 Semley Road London England SW16 4PJ
SOLON GROUP HOLDINGS LTD,16884790,active,ltd,,,2025-12-01,,2025-12-01,[64209],71-75 Shelton Street London United Kingdom WC2H 9JQ
SILVERPINE CREATIVE STUDIO LTD,16884856,active,ltd,,,2025-12-01,,2025-12-01,[73110],Flat 70 Hatfield House London England EC1Y 0SU
ABC MEDICAL SERVICE LIMITED,16884952,active,ltd,,,2025-12-01,,2025-12-01,[86220],97 Parnell Road London England E3 2RT
DAVID CARDIM BUILDING SERVICES LTD,16885121,active,ltd,,,2025-12-02,,2025-12-02,[41202, 43290, 43390],63 Devonshire Hill Lane London England N17 7NE
BRIDGE HOLDCO 1 LIMITED,16885120,active,ltd,,,2025-12-02,,2025-12-02,[64999],35 Grosvenor Street London United Kingdom W1K 4QX
SOLVARIS LIMITED,16885190,active,ltd,,,2025-12-02,,2025-12-02,[73120],128 City Road London England EC1V 2NX
NETVO LTD,16885314,active,ltd,,,2025-12-02,,2025-12-02,[62012, 62090, 63110, 63120],71-75 Shelton Street London United Kingdom WC2H 9JQ
AURALIS ESSENCE LIMITED,16885311,active,ltd,,,2025-12-02,,2025-12-02,[47910, 62090, 70229, 85590],86-90 Paul Street London England EC2A 4NE
MEDALLION STUDIO LTD,16885305,active,ltd,,,2025-12-02,,2025-12-02,[90030],128 City Road London United Kingdom EC1V 2NX
NOVA PROPERTIES INVESTMENT LTD,16885351,active,ltd,,,2025-12-02,,2025-12-02,[68100, 68209, 68320],14 Hertford Road London England N9 7DG
LOXLEY RETAIL GROUP LTD,16885348,active,ltd,,,2025-12-02,,2025-12-02,[47910],3rd Floor, 86-90 Paul Street London United Kingdom EC2A 4NE
SOLUTIONS BY EV LTD,16885356,active,ltd,,,2025-12-02,,2025-12-02,[70229, 73120],Flat 20 Tarragon House London England N15 3FA
SAPIENS AUTOMATION LTD,16885322,active,ltd,,,2025-12-02,,2025-12-02,[74909],2 Litchfield Avenue London United Kingdom E15 4LN
WAZARO LTD,16885403,active,ltd,,,2025-12-02,,2025-12-02,[46900, 47910],45 Albemarle Street London England W1S 4JL
RARE TASTE LIMITED,16885496,active,ltd,,,2025-12-02,,2025-12-02,[10850, 10860, 47910, 56290],35a Lichfield Road London England NW2 2RG
RAPIDTAGS LTD,16885499,active,ltd,,,2025-12-02,,2025-12-02,[62012, 63120],20 Wenlock Road London England N1 7GU
GREEK HOUSE LTD,16885516,active,ltd,,,2025-12-02,,2025-12-02,[56102],Flat 15 May House London England E3 2ZF
FILTRONA JV HOLDINGS LIMITED,16885492,active,ltd,,,2025-12-02,,2025-12-02,[70100],3rd Floor 33 Glasshouse Street London United Kingdom W1B 5DG
CREATIVE GUINEP LTD,16885569,active,ltd,,,2025-12-02,,2025-12-02,[62090],5 Brayford Square London England E1 0SG
MJ FOODS & DELIGHTS LTD,16885562,active,ltd,,,2025-12-02,,2025-12-02,[47290],Flat B, 97-99 Lewisham High Street London United Kingdom SE13 6AT
TANJ CAPITAL LIMITED,16885565,active,ltd,,,2025-12-02,,2025-12-02,[68100, 68209],17 Joel Street Northwood England HA6 1ND
CHISNESTONW LTD,16885566,active,ltd,,,2025-12-02,,2025-12-02,[47910],Unit 780 Ground Floor Capital House London United Kingdom E8 1LL
NUSAYBAH (UK) LTD,16885558,active,ltd,,,2025-12-02,,2025-12-02,[46160],20 Wenlock Road London England N1 7GU
AUREYATECH LTD,16885618,active,ltd,,,2025-12-02,,2025-12-02,[62012, 62020, 62090, 85590],71-75 Shelton Street London United Kingdom WC2H 9JQ
HOT GIRL IN RETIREMENT LTD,16885662,active,ltd,,,2025-12-02,,2025-12-02,[90030],71-75 Shelton Street London United Kingdom WC2H 9JQ
PROJEXUS CONSULTING LIMITED,16885651,active,ltd,,,2025-12-02,,2025-12-02,[62020],20 Wenlock Road London England N1 7GU
CC THE PARADE FREEHOLD LIMITED,16885674,active,ltd,,,2025-12-02,,2025-12-02,[98000],Anthony Gold Solicitors, 496 Streatham High Road London United Kingdom SW16 3QB
GRACEFUJO LTD,16885762,active,ltd,,,2025-12-02,,2025-12-02,[47910],Unit 781 Ground Floor Capital House London United Kingdom E8 1LL
LG SHACKLETON LIMITED,16885766,active,ltd,,,2025-12-02,,2025-12-02,[43991],138-144 London Road Oxford England OX33 1JH
NEW GROUND PARTNERS LIMITED,16885839,active,ltd,,,2025-12-02,,2025-12-02,[70210, 82990],Solar House London England N14 6NZ
BPD CAPITAL ADVISORY LIMITED,16885844,active,ltd,,,2025-12-02,,2025-12-02,[70229],Unit 6, 2-20 Scrutton Street London United Kingdom EC2A 4RJ
TAMMY TASTIES LTD,SC871570,active,ltd,,,2025-12-02,,2025-12-02,[56103],1401, Cafe Tasties London Road Glasgow United Kingdom G31 4PF
MYPUFFIN LIMITED,16885894,active,ltd,,,2025-12-02,,2025-12-02,[63120],71-75 Shelton Street London United Kingdom WC2H 9JQ
MUSE MILDENHALL (SUFFOLK) LTD,16885897,active,ltd,,,2025-12-02,,2025-12-02,[96020],71-75 Shelton Street London United Kingdom WC2H 9JQ
EUROTILE INTERNATIONAL LIMITED,16885911,active,ltd,,,2025-12-02,,2025-12-02,[47910],1354-1356 High Road London United Kingdom N20 9HJ
LEYAN PROPERTY LTD,16885975,active,ltd,,,2025-12-02,,2025-12-02,[68209],The Sati Room London England W1G 0JR
FF MSWA LIMITED,16885977,active,ltd,,,2025-12-02,,2025-12-02,[62012, 62020],Founders Factory (Level 7) London United Kingdom WC2R 3DA
COUSINS & KIN LTD,16885984,active,ltd,,,2025-12-02,,2025-12-02,[49390],Flat 58 Coltman House London England SE10 9DP
VERITAS WORLD LIMITED,16886012,active,ltd,,,2025-12-02,,2025-12-02,[78109, 78200, 78300, 82110],128 City Road London United Kingdom EC1V 2NX
THORNBRIDGE HOLDINGS LTD,16886009,active,ltd,,,2025-12-02,,2025-12-02,[64209],71-75 Shelton Street London United Kingdom WC2H 9JQ
SHAREKTE158 LTD,16886039,active,ltd,,,2025-12-02,,2025-12-02,[46900],275 New N Rd #3110 London London United Kingdom N1 7AA
SUPERSTAR CAR WASH LTD,16886055,active,ltd,,,2025-12-02,,2025-12-02,[96090],11a Empire Parade Empire Way Wembley England HA9 0RQ
NORVIAX LTD,16886093,active,ltd,,,2025-12-02,,2025-12-02,[58290, 62012, 62090, 63120],71-75 Shelton Street London United Kingdom WC2H 9JQ
MORNINGTON STUDIO LTD,16886096,active,ltd,,,2025-12-02,,2025-12-02,[47910],5-7 Buck Street London England NW1 8NJ
OMEGA ECONOMICS LIMITED,16886088,active,ltd,,,2025-12-02,,2025-12-02,[84130],843 Finchley Road London United Kingdom NW11 8NA
GHS EXPORT SERVICES LIMITED,16886106,active,ltd,,,2025-12-02,,2025-12-02,[96090],Flat 23 Dixon House London England W10 6TU
NEXAINTELLECT LTD,16886255,active,ltd,,,2025-12-02,,2025-12-02,[69109, 72190, 77400],Dept 6442, 196 High Road London United Kingdom N22 8HH
EG VERANDA UK LTD,16886245,active,ltd,,,2025-12-02,,2025-12-02,[25120],400 Green Lanes London England N13 5PD
LONDON KITCHENWARE CO. LTD,16886277,active,ltd,,,2025-12-02,,2025-12-02,[47599, 47910],84 Doyle Gardens London England NW10 3SR
SOLAR ENERGY 24-7 LTD,16886298,active,ltd,,,2025-12-02,,2025-12-02,[35110, 41202, 43210, 71122],26 Hardwicke Road London England N13 4SG
RIGHT KEEPHOT LIMITED,16886289,active,ltd,,,2025-12-02,,2025-12-02,[47910],292477, Office Suite 29a, 3/F 23 Wharf Street London England SE8 3GG
WARID LDN LTD,16886345,active,ltd,,,2025-12-02,,2025-12-02,[45200, 49320, 49390],37 Harbridge Avenue London United Kingdom SW15 4HA
MOINUL DIGITAL MARKETING LTD,16886339,active,ltd,,,2025-12-02,,2025-12-02,[62020, 70229, 73110],128 City Road London United Kingdom EC1V 2NX
ALI BATEMAN CONSULTING LTD,16886375,active,ltd,,,2025-12-02,,2025-12-02,[70229],128 City Road London United Kingdom EC1V 2NX
ALIF TECH LTD,16886388,active,ltd,,,2025-12-02,,2025-12-02,[62012],71-75 Shelton Street London United Kingdom WC2H 9JQ
EMBER COMMUNITY LTD,16886394,active,ltd,,,2025-12-02,,2025-12-02,[82302],128 City Road London United Kingdom EC1V 2NX
MIMESIC LTD,16886464,active,ltd,,,2025-12-02,,2025-12-02,[59111, 59112, 59120],4th Floor, Silverstream House London England W1T 6EB
BLUE HORIZON REAL ESTATE LIMITED,16886438,active,ltd,,,2025-12-02,,2025-12-02,[68100],19 The Circle The Circle London United Kingdom SE1 2JE
FUMOD LIMITED,16886450,active,ltd,,,2025-12-02,,2025-12-02,[13921, 13923, 46499, 47910],71-75 Shelton Street London United Kingdom WC2H 9JQ
SABA PRODUCTIONS LIMITED,16886558,active,ltd,,,2025-12-02,,2025-12-02,[60100, 60200],20 Ainsdale Road London England W5 1JX
EXPOCLINIC LTD,16886559,active,ltd,,,2025-12-02,,2025-12-02,[86230],13 St. Swithin's Lane London England EC4N 8AL
CHANDRIS LIMITED,16886605,active,ltd,,,2025-12-02,,2025-12-02,[99999],17 Old Park Lane London United Kingdom W1K 1QT
HENTAGE STAPLES LTD,16886606,active,ltd,,,2025-12-02,,2025-12-02,[47910],292402 Office Suite 29a, 3/F 23 Wharf Street London England SE8 3GG
STRATEGIZEX LTD,16886619,active,ltd,,,2025-12-02,,2025-12-02,[70229],Suite G04 1 Quality Court, Chancery Lane London England WC2A 1HR
GG-593-287 LIMITED,16886626,active,ltd,,,2025-12-02,,2025-12-02,[68209],C/O Getground London England W6 0NB
AUREAN BRAE LTD,16886681,active,ltd,,,2025-12-02,,2025-12-02,[59200, 90030],71-75 Shelton Street London England WC2H 9JQ
DUONOVA LTD,16886676,active,ltd,,,2025-12-02,,2025-12-02,[70229, 85590],71-75 Shelton Street London England WC2H 9JQ
OVANNA MEWS (MANAGEMENT COMPANY) LIMITED,16886743,active,ltd,,,2025-12-02,,2025-12-02,[98000],4 Amwell Street London United Kingdom EC1R 1UQ
MAISON KIE LTD,16886728,active,ltd,,,2025-12-02,,2025-12-02,[47910, 55209, 74100],20 Wenlock Road London England N1 7GU
VELLUM GROUP LIMITED,16886708,active,ltd,,,2025-12-02,,2025-12-02,[47750, 47910, 56103, 96020],124-128 City Road London England EC1V 2NX
ELITERN PROPERTY SOLUTIONS LTD,16886707,active,ltd,,,2025-12-02,,2025-12-02,[68320],Emma House 214-218 High Road London England N15 4NP
MY SUNSHINE STYLIST LTD,16886747,active,ltd,,,2025-12-02,,2025-12-02,[74100, 96090],167-169 Great Portland Street London England W1W 5PF
SIGNL LTD,16886761,active,ltd,,,2025-12-02,,2025-12-02,[70229],71-75 Shelton Street London United Kingdom WC2H 9JQ
BOOKING SERVICES LTD,16886820,active,ltd,,,2025-12-02,,2025-12-02,[63120],124-128 City Road London United Kingdom EC1V 2NX
SUNNET LTD,16886897,active,ltd,,,2025-12-02,,2025-12-02,[56103],500 White Hart Lane London England N17 7NA
AC BARNES LTD,16886903,active,ltd,,,2025-12-02,,2025-12-02,[68209],C/O Getground London England W6 0NB
THE CUB CLUB NURSERY LIMITED,16886912,active,ltd,,,2025-12-02,,2025-12-02,[85100],10 Southend Lane London United Kingdom SE6 3AA
APA COMFORTS LTD,16886953,active,ltd,,,2025-12-02,,2025-12-02,[47910],3rd Floor, 86-90 Paul Street London United Kingdom EC2A 4NE
XX77 LTD,16886949,active,ltd,,,2025-12-02,,2025-12-02,[70229],24, 54, Lower Park Putney Hill London United Kingdom SW15 6QY
CELESTIALCRAFTSPELLS LTD,16886957,active,ltd,,,2025-12-02,,2025-12-02,[47910],1a Falmer Court Uckfield United Kingdom TN22 1HN
FACING NORTH TRAVELS LTD,16886972,active,ltd,,,2025-12-02,,2025-12-02,[79110, 79120, 79901],128 City Road London United Kingdom EC1V 2NX
IRFAN QADIR LTD,16886976,active,ltd,,,2025-12-02,,2025-12-02,[47910],292497, Office Suite 29a, 3/F 23 Wharf Street London England SE8 3GG
12 BOSWELL PLACE LTD,16886979,active,ltd,,,2025-12-02,,2025-12-02,[68100],1177a Finchley Road London United Kingdom NW11 0AA
55A FERNDALE LTD,16887012,active,ltd,,,2025-12-02,,2025-12-02,[68100, 68320],232 Hoe Street London England E17 3AY
FRANK’S ORGANIC COFFEE LTD,16887054,active,ltd,,,2025-12-02,,2025-12-02,[56290],71-75 Shelton Street London United Kingdom WC2H 9JQ
ELECTECH COMPONENTS UK LIMITED,16887043,active,ltd,,,2025-12-02,,2025-12-02,[26110],20 Wenlock Road London England N1 7GU
SHAFFERSON LTD.,16887225,active,ltd,,,2025-12-02,,2025-12-02,[47741, 47782, 86900],128 City Road London United Kingdom EC1V 2NX
ZDL LABS TECH LIMITED,16887226,active,ltd,,,2025-12-02,,2025-12-02,[47910, 95210],167 - 169 Great Portland Street London England W1W 5PF
RICH AESTHETIC BEAUTY CLINIC LTD,16882703,active,ltd,,,2025-12-01,,2025-12-01,[96020],69, 69, Morland Estate Richmond Road London United Kingdom E8 3EJ
CARD TRADING LTD,16882721,active,ltd,,,2025-12-01,,2025-12-01,[71129],3rd Floor, 86-90 Paul Street London United Kingdom EC2A 4NE
J'S HAVEN THERAPY LTD,16882826,active,ltd,,,2025-12-01,,2025-12-01,[86900],11 Ashbourne Road London United Kingdom W5 3ED
COZZI INTEL LTD,16882823,active,ltd,,,2025-12-01,,2025-12-01,[70229, 73200, 74909, 90030],71-75 Shelton Street London United Kingdom WC2H 9JQ
ACIM COLEFORD HOLDINGS LTD,16882879,active,ltd,,,2025-12-01,,2025-12-01,[64304],17 Hanover Square London England W1S 1BN
LB ULTRACLEAN LTD,16882891,active,ltd,,,2025-12-01,,2025-12-01,[81210],142 Mountearl Gardens London England SW16 2NW
LARKSWOOD HOUSE LTD,16882893,active,ltd,,,2025-12-01,,2025-12-01,[62020, 70229, 82110],4 Bourne Gardens London England E4 9DX
KINDREDLY LIMITED,16882892,active,ltd,,,2025-12-01,,2025-12-01,[78109, 82990, 96090],22b Chaplin Road London United Kingdom NW2 5PN
PARUL FOODS LIMITED,16882897,active,ltd,,,2025-12-01,,2025-12-01,[56290],118 Upton Park Road London England E7 8LB
MEG PROPERTY LIMITED,16882894,active,ltd,,,2025-12-01,,2025-12-01,[68100],28 Foxglove Street London England W12 0QD
FORM AND FIELD STUDIO LTD,16882887,active,ltd,,,2025-12-01,,2025-12-01,[74100],455 Wick Lane London United Kingdom E3 2TB
SYNCHRON GOLF LTD,16882986,active,ltd,,,2025-12-01,,2025-12-01,[47910],3rd Floor, 86-90 Paul Street London United Kingdom EC2A 4NE
SLICE OF HEAVENLY LIMITED,16882968,active,ltd,,,2025-12-01,,2025-12-01,[47190],8 Parish Apartments London United Kingdom SE15 5JA
BUBBA INDUSTRIES LIMITED,16883060,active,ltd,,,2025-12-01,,2025-12-01,[58290],167-169 Great Portland Street London England W1W 5PF
SINGLETON CAPITAL LTD,16883062,active,ltd,,,2025-12-01,,2025-12-01,[64209],69 Chepstow Road London England W2 5QR
OLIVER DAIN LTD,16883059,active,ltd,,,2025-12-01,,2025-12-01,[85600],65 Shirley Road London England E15 4HL
TUULO TRANSPORT LTD,16883042,active,ltd,,,2025-12-01,,2025-12-01,[49410, 52219],Flat 28 Bennett Court London England N7 6BN
AK ENGINEERING MANAGEMENT LTD,16883047,active,ltd,,,2025-12-01,,2025-12-01,[71129],Flat 7, Livingstone Lodge, Livingstone Lodge London United Kingdom W9 3TN
OMNINOVA STUDIOS LTD,16883068,active,ltd,,,2025-12-01,,2025-12-01,[62090, 70210, 73110, 73120],124 City Road London England EC1V 2NX
CORPORATE COMMERCE LTD,16883118,active,ltd,,,2025-12-01,,2025-12-01,[47990],275 New North Road London United Kingdom N1 7AA
TASTE BUDS IN THE PARK LTD,16883194,active,ltd,,,2025-12-01,,2025-12-01,[56101],23a The Precinct Waterlooville United Kingdom PO7 7DT
FM OPERATIONS LIMITED,16883264,active,ltd,,,2025-12-01,,2025-12-01,[47910],71-75 Shelton Street London United Kingdom WC2H 9JQ
MY CONSTRUCTION TRACKER LTD,16883261,active,ltd,,,2025-12-01,,2025-12-01,[58290, 62012, 62020, 62090],128 City Road London United Kingdom EC1V 2NX
HAIR RESORT LTD,16883265,active,ltd,,,2025-12-01,,2025-12-01,[96020],102-104 Wandsworth High Street London United Kingdom SW18 4LA
FINALTECH LTD,16883346,active,ltd,,,2025-12-01,,2025-12-01,[73110],128 City Road London United Kingdom EC1V 2NX
EL RAYAN LTD,16883320,active,ltd,,,2025-12-01,,2025-12-01,[41201, 41202, 43390, 46900],20 Wenlock Road London England N1 7GU
NIHOW UK LTD,16883340,active,ltd,,,2025-12-01,,2025-12-01,[46900, 63120, 70210, 73110],Flat 6 Coutts Court London England E14 7GS
URBAN PRESTIGE LIMITED,16883335,active,ltd,,,2025-12-01,,2025-12-01,[77110],128 City Road London United Kingdom EC1V 2NX
THEDEVBOY LTD,16883333,active,ltd,,,2025-12-01,,2025-12-01,[73110],128 City Road London United Kingdom EC1V 2NX
LEXERA BOOKS LTD,16883328,active,ltd,,,2025-12-01,,2025-12-01,[47610],Regent House, 316a Beulah Hill London United Kingdom SE19 3HF
YP DIGITAL GROUP LTD,16883410,active,ltd,,,2025-12-01,,2025-12-01,[47910],167-169 Great Portland Street London England W1W 5PF
SHONA PROPERTIES II LTD,16883415,active,ltd,,,2025-12-01,,2025-12-01,[68100, 68209, 68320],128 City Road London United Kingdom EC1V 2NX
LUMEA UN LIMITED,16883416,active,ltd,,,2025-12-01,,2025-12-01,[47910],71-75 Shelton Street London United Kingdom WC2H 9JQ
GLOBAL VISA ALLY LTD,16883407,active,ltd,,,2025-12-01,,2025-12-01,[79909, 82110, 82190],128 City Road London United Kingdom EC1V 2NX
COSKUNOM LTD,16883413,active,ltd,,,2025-12-01,,2025-12-01,[46740, 47710, 47910, 58290],20 Wenlock Road London United Kingdom N1 7GU
NEXT POINT SYSTEMS LTD,16883408,active,ltd,,,2025-12-01,,2025-12-01,[53202],128 City Road London United Kingdom EC1V 2NX
POETIC AND CO. LTD,16883411,active,ltd,,,2025-12-01,,2025-12-01,[46150, 46440, 47781, 47910],128 City Road London United Kingdom EC1V 2NX
HARBORFIELD PAYMENTS LTD,16883424,active,ltd,,,2025-12-01,,2025-12-01,[64999],128 City Road London United Kingdom EC1V 2NX
CYGNYS LTD,16883442,active,ltd,,,2025-12-01,,2025-12-01,[62012, 63120],Suite 6079 128 Aldersgate Street London England EC1A 4AE
URBAN TRUEBUILD LTD,16883427,active,ltd,,,2025-12-01,,2025-12-01,[70229],128 City Road London United Kingdom EC1V 2NX
LONG LASTING RADIANCE LTD,16883452,active,ltd,,,2025-12-01,,2025-12-01,[46520, 47910],292008 Office Suite 29a 3/F. London United Kingdom SE8 3GG
280 SL HOLDINGS LTD,16883457,active,ltd,,,2025-12-01,,2025-12-01,[64209],71-75 Shelton Street London United Kingdom WC2H 9JQ
IREACTTV LTD,16883467,active,ltd,,,2025-12-01,,2025-12-01,[62090, 63120, 63990, 73110],71-75 Shelton Street London United Kingdom WC2H 9JQ
LUMOTALK LTD,16883472,active,ltd,,,2025-12-01,,2025-12-01,[62012, 63120],71-75 Shelton Street London United Kingdom WC2H 9JQ
FITTECH GEAR LTD,16883511,active,ltd,,,2025-12-01,,2025-12-01,[47910],86-90 86-90  Paul Street London United Kingdom EC2A 4NE
PRIVATE MRI SCAN LONDON LTD,16883501,active,ltd,,,2025-12-01,,2025-12-01,[82990],6 Liddell Place London England NW6 2ET
LRONBRIDGE LMPORTS LTD,16883516,active,ltd,,,2025-12-01,,2025-12-01,[47640, 47650, 47710, 47721],Unit 779 Ground Floor Capital House London United Kingdom E8 1LL
LTFEL LIMITED,16883507,active,ltd,,,2025-12-01,,2025-12-01,[46900, 47190, 47910],71-75 Shelton Street London United Kingdom WC2H 9JQ
SHUTTLE EXECUTIVE SEARCH LIMITED,16883535,active,ltd,,,2025-12-01,,2025-12-01,[82990],5 Upper Dartrey Walk London England SW10 0EN
HG FACILITIES LTD,16883544,active,ltd,,,2025-12-01,,2025-12-01,[68100],128 City Road London United Kingdom EC1V 2NX
MEHZA LTD,16883621,active,ltd,,,2025-12-01,,2025-12-01,[47910],Office 15915 182-184 High Street North London United Kingdom E6 2JA
TITAN UNIVERSAL SERVICES LIMITED,16883660,active,ltd,,,2025-12-01,,2025-12-01,[70229],Suite 27 8 Shepherd Market London United Kingdom W1J 7JY
SPORTS MARKETING GROUP VENTURES HOLDINGS LIMITED,16883663,active,ltd,,,2025-12-01,,2025-12-01,[64209],Nutmeg House London England SE1 2NY
AUGUST SC08 LIMITED,16883770,active,ltd,,,2025-12-01,,2025-12-01,[55209],124 Finchley Road London United Kingdom NW3 5JS
NPV DIGITAL LTD,16883725,active,ltd,,,2025-12-01,,2025-12-01,[58290, 62012, 63120],128 City Road London United Kingdom EC1V 2NX
BOUNDS GREEN CHICKEN LTD,16883768,active,ltd,,,2025-12-01,,2025-12-01,[56103],4 Queens Parade London United Kingdom N11 2DN
JENZEE LTD,16883734,active,ltd,,,2025-12-01,,2025-12-01,[47910],Office 15964 182-184 High Street North London United Kingdom E6 2JA
JAMES MUSIC LTD,16883787,active,ltd,,,2025-12-01,,2025-12-01,[90020],128 City Road London United Kingdom EC1V 2NX
ICSE LTD,16883773,active,ltd,,,2025-12-01,,2025-12-01,[71122, 72190],71-75 Shelton Street London United Kingdom WC2H 9JQ
EKOPAY LTD,16883886,active,ltd,,,2025-12-01,,2025-12-01,[62020, 62090, 73110, 77341],Suite 10248 5 Brayford Square London United Kingdom E1 0SG
PALAKH LTD,16883879,active,ltd,,,2025-12-01,,2025-12-01,[46350],3rd Floor, 86-90 Paul Street London United Kingdom EC2A 4NE
JEANNY ZHARA LTD,16883877,active,ltd,,,2025-12-01,,2025-12-01,[47910, 47990],71-75 Shelton Street London United Kingdom WC2H 9JQ
MILLIMETRE GROUP LTD,16883859,active,ltd,,,2025-12-01,,2025-12-01,[70229],4th Floor, Silverstream House London United Kingdom W1T 6EB
HPS AR HOLDINGS LTD,16883924,active,ltd,,,2025-12-01,,2025-12-01,[64203],Corby Enterprise Centre C/O Tc Bulley Davey Corby England NN17 5EU
GDN FILMS LIMITED,16883974,active,ltd,,,2025-12-01,,2025-12-01,[59111],10 Amwell Street London England EC1R 1UQ
ZSKUU DEVELOPMENTS LTD,16884013,active,ltd,,,2025-12-01,,2025-12-01,[68100],31a Buckingham Road London England E18 2NH
MODEMIX STUDIO LTD,16884023,active,ltd,,,2025-12-01,,2025-12-01,[90030],124 City Road London United Kingdom EC1V 2NX
TLS HOMES LTD,16884022,active,ltd,,,2025-12-01,,2025-12-01,[70229, 74902],Flat 1 Gateway House Greater London United Kingdom UB3 1AZ
ELCO PROPERTY LTD,16884025,active,ltd,,,2025-12-01,,2025-12-01,[68209],7 Bell Yard London England WC2A 2JR
DEKASA HOLDING LTD,16884030,active,ltd,,,2025-12-01,,2025-12-01,[64209, 68209],The Long Lodge 265-269 Kingston Road London United Kingdom SW19 3NW
IFK 94 LIMITED,16884027,active,ltd,,,2025-12-01,,2025-12-01,[70229],Flat 34 Albert Palace Mansions, Lurline Gardens London United Kingdom SW11 4DG
CAVEMANES LTD,16884024,active,ltd,,,2025-12-01,,2025-12-01,[20420, 47910],1 Coldbath Square London England EC1R 5HL
AMINEO LTD,16884010,active,ltd,,,2025-12-01,,2025-12-01,[47910],24-26 Arcadia Avenue Fin009 London United Kingdom N3 2JU
IMMEGABL AI LIMITED,16884057,active,ltd,,,2025-12-01,,2025-12-01,[62012],167-169 Great Portland Street London England W1W 5PF
DONELLVENTURES LTD,16884058,active,ltd,,,2025-12-01,,2025-12-01,[47910],Flat 1 Forum House, Empire Way London United Kingdom HA9 0AB
ARON TEXTILE LTD,16884111,active,ltd,,,2025-12-01,,2025-12-01,[47510, 47910],Suite 10252 5 Brayford Square London United Kingdom E1 0SG
STAGCRAFTLDN LIMITED,16884068,active,ltd,,,2025-12-01,,2025-12-01,[41202],97 Hendon Way London England NW2 2LY
DENNY HUS LTD,16884183,active,ltd,,,2025-12-01,,2025-12-01,[73110, 82301, 82990, 90020],128 City Road London United Kingdom EC1V 2NX
ENVISION HEALTH LTD,16884200,active,ltd,,,2025-12-01,,2025-12-01,[22290],21 Duke Road London England W4 2BA
DC COASTAL PROPERTIES LIMITED,16884219,active,ltd,,,2025-12-01,,2025-12-01,[41100, 41202, 68100],71-75 Shelton Street London United Kingdom WC2H 9JQ
ERROLPEAKPROPERTIES LTD,16884227,active,ltd,,,2025-12-01,,2025-12-01,[68100, 68209],71-75 Shelton Street London United Kingdom WC2H 9JQ
PRIVILEGE DEVELOPMENTS TWO LIMITED,16884225,active,ltd,,,2025-12-01,,2025-12-01,[68209],The Orangery London United Kingdom SW15 6NJ
CMLR CAPITAL LTD,16884231,active,ltd,,,2025-12-01,,2025-12-01,[64209],71-75 Shelton Street London United Kingdom WC2H 9JQ
STUDIO SIXX LIMITED,16884278,active,ltd,,,2025-12-01,,2025-12-01,[77291],Unit 6  Glengall Business Centre London United Kingdom SE15 6NF
SVMV HOLDINGS LIMITED,16884286,active,ltd,,,2025-12-01,,2025-12-01,[64209],71-75 Shelton Street London United Kingdom WC2H 9JQ
TNSY HOLDINGS LTD,16884300,active,ltd,,,2025-12-01,,2025-12-01,[68100, 68209],20 Wenlock Road London England N1 7GU
REGENERATIVE MEDICINE LTD,16884303,active,ltd,,,2025-12-01,,2025-12-01,[63120, 73110, 73200, 86220],115 London Road, Morden United Kingdom SM4 5HP
LETTWELL PROPERTIES LTD,16884292,active,ltd,,,2025-12-01,,2025-12-01,[68100, 68209],23a The Precinct Waterlooville United Kingdom PO7 7DT
RIALTO RIVERTON LTD,16884317,active,ltd,,,2025-12-01,,2025-12-01,[46420],71-75 Shelton Street London United Kingdom WC2H 9JQ
VOGUE CONCEPTS LTD,16884312,active,ltd,,,2025-12-01,,2025-12-01,[47910],71-75 Shelton Street London United Kingdom WC2H 9JQ
SYMONE PROPERTIES LIMITED,16884315,active,ltd,,,2025-12-01,,2025-12-01,[68100, 68202, 68310],71-75 Shelton Street London United Kingdom WC2H 9JQ
GREYBRICK CONSTRUCTION LTD,16884382,active,ltd,,,2025-12-01,,2025-12-01,[41201, 41202, 43999],297 Caledonian Road London England N1 1EG
COGNIOPS STUDIO LTD,16884405,active,ltd,,,2025-12-01,,2025-12-01,[58190, 63110],71-75 Shelton Street London United Kingdom WC2H 9JQ
CONQUEROR MIND LTD,16884432,active,ltd,,,2025-12-01,,2025-12-01,[14190, 46420, 46900, 47910],5 Ismailia Road London England E7 9PH
ASCENDO ADVISORS LTD,16884525,active,ltd,,,2025-12-01,,2025-12-01,[68320],2nd Floor College House Ruislip, United Kingdom HA4 7AE
PETKO TJ LTD,16884529,active,ltd,,,2025-12-01,,2025-12-01,[43390],93 Openshaw Road London England SE2 0TB
PARTY IN CROATIA LTD,16884535,active,ltd,,,2025-12-01,,2025-12-01,[90020],71-75 Shelton Street London United Kingdom WC2H 9JQ
THE PACKAGING HUB LTD,16884564,active,ltd,,,2025-12-01,,2025-12-01,[46180],71-75 Shelton Street London United Kingdom WC2H 9JQ
RWAFUNDING.CO.UK LIMITED,16884562,active,ltd,,,2025-12-01,,2025-12-01,[64999],2nd Floor College House Ruislip, United Kingdom HA4 7AE
VECTOR HOLDCO LIMITED,16884573,active,ltd,,,2025-12-01,,2025-12-01,[64209],Duo, Level 6 London United Kingdom EC2M 4RB
VENTARA HOME ENERGY LTD,16884559,active,ltd,,,2025-12-01,,2025-12-01,[43220],71-75 Shelton Street London United Kingdom WC2H 9JQ
ZARKOTECH LIMITED,16884605,active,ltd,,,2025-12-01,,2025-12-01,[62012, 62090, 63110],115 Hampstead Road London England NW1 3EE
RADIO 22 LTD,16884641,active,ltd,,,2025-12-01,,2025-12-01,[72110],71-75 Shelton Street London United Kingdom WC2H 9JQ
APEX PRIME HEALTH CARE LTD,16884628,active,ltd,,,2025-12-01,,2025-12-01,[87900, 88990],First Floor Office London United Kingdom W8 4LZ
GOLAP LOCUM LTD,16884649,active,ltd,,,2025-12-01,,2025-12-01,[86900],71-75 Shelton Street London United Kingdom WC2H 9JQ
WPI TELECOM SERVICES LIMITED,16884686,active,ltd,,,2025-12-01,,2025-12-01,[61900],71-75 Shelton Street London United Kingdom WC2H 9JQ
RELENTLESS PROPERTIES LTD,16884702,active,ltd,,,2025-12-01,,2025-12-01,[68100, 68209],27 Old Gloucester Street London United Kingdom WC1N 3AX
HELENSKI GROUP LTD,16884701,active,ltd,,,2025-12-01,,2025-12-01,[41100, 41202, 43390, 64991],71-75 Shelton Street London United Kingdom WC2H 9JQ
MATTHEW FRENCH FACADE CONSULTING LTD,16884745,active,ltd,,,2025-12-01,,2025-12-01,[71122],4a Roman Road East Ham United Kingdom E6 3RX
CORE ACES LIMITED,16884742,active,ltd,,,2025-12-01,,2025-12-01,[73110],71-75 Shelton Street London United Kingdom WC2H 9JQ
PIXELEERS LTD,16884806,active,ltd,,,2025-12-01,,2025-12-01,[62020],71-75 Shelton Street London United Kingdom WC2H 9JQ
AMAL LUXE LIMITED,16884835,active,ltd,,,2025-12-01,,2025-12-01,[47910],Flat 1 Ratcliffe House London England E17 3GN
SB EVENTS CATERING LTD,16884877,active,ltd,,,2025-12-01,,2025-12-01,[56210],Flat 8 Papyrus House London England N1 7SA
CM FILMS LTD,16884905,active,ltd,,,2025-12-01,,2025-12-01,[59111],71-75 Shelton Street London England WC2H 9JQ
SAFE PROPERTY & CONSTRUCTION LIMITED,16884904,active,ltd,,,2025-12-01,,2025-12-01,[41202, 68209],5 White Church Passage London England E1 7QU
FAIRTRAD LTD,16885029,active,ltd,,,2025-12-02,,2025-12-02,[41100, 41202, 43290],3rd Floor, 86-90 Paul Street London England EC2A 4NE
AFRIKULTURE LTD,16885026,active,ltd,,,2025-12-02,,2025-12-02,[82301, 90010, 90020, 93290],76 Gideon Road London England SW11 5UT
DOME HOLDINGS LTD,16885024,active,ltd,,,2025-12-02,,2025-12-02,[64209],38 Newburn Street London United Kingdom SE11 5PJ
AB TAJIK GROUP LTD,16885041,active,ltd,,,2025-12-02,,2025-12-02,[16230, 43330, 43341, 43390],Flat 13 Rudstone House London England E3 3AT
PLARM LIMITED,16885036,active,ltd,,,2025-12-02,,2025-12-02,[26309, 62012, 62020, 72190],86-90 Paul Street London England EC2A 4NE
BLOSSOM LEARNING LTD,16885124,active,ltd,,,2025-12-02,,2025-12-02,[85600],Blossom Learning 3rd Floor London United Kingdom EC2A 4NE
BELI WELLNESS LTD,16885133,active,ltd,,,2025-12-02,,2025-12-02,[46341],128 City Road London United Kingdom EC1V 2NX
ENGIRA LTD,16885148,active,ltd,,,2025-12-02,,2025-12-02,[62012],71-75 Shelton Street London United Kingdom WC2H 9JQ
AMP STUDIO WORKS LTD,16885256,active,ltd,,,2025-12-02,,2025-12-02,[70229, 74909, 78109],Office 15955 182-184 High Street North London England E6 2JA
GHUMAN HALWAI LTD,16885197,active,ltd,,,2025-12-02,,2025-12-02,[56103],57 Holland Road London United Kingdom E6 2EW
BERDIA SOLUTIONS LIMITED,16885279,active,ltd,,,2025-12-02,,2025-12-02,[70229],167-169 Great Portland Street London England W1W 5PF
BUSINESS, ACCOUNTING, AND FINANCIAL ADVISORY LTD,16885278,active,ltd,,,2025-12-02,,2025-12-02,[70221, 85600],124 City Road London United Kingdom EC1V 2NX
DISCPLN CLUB LTD,16885295,active,ltd,,,2025-12-02,,2025-12-02,[47820],167-169 Great Portland Street London England W1W 5PF
NOVAKAM LTD,16885299,active,ltd,,,2025-12-02,,2025-12-02,[47910],71-75 Shelton Street London United Kingdom WC2H 9JQ
TRANSPHERE BUSINESS CONSULTING LIMITED,16885377,active,ltd,,,2025-12-02,,2025-12-02,[47910, 70229],85 Great Portland Street London England W1W 7LT
PANOPTIC MEDIA LIMITED,16885381,active,ltd,,,2025-12-02,,2025-12-02,[58120, 58130, 58190, 63910],71-75 Shelton Street London United Kingdom WC2H 9JQ
CORELIFT & ENGINEERING LTD,16885372,active,ltd,,,2025-12-02,,2025-12-02,[42990],71-75 Shelton Street London United Kingdom WC2H 9JQ
HOSTWELL LIMITED,16885386,active,ltd,,,2025-12-02,,2025-12-02,[62012, 62090],5 Brayford Square London United Kingdom E1 0SG
ASPIRE ACADEMY PROPERTIES LIMITED,16885418,active,ltd,,,2025-12-02,,2025-12-02,[68209],Ah Holding Company London United Kingdom EC2A 4NE
CJ SOFTWARE SOLUTIONS LIMITED,16885415,active,ltd,,,2025-12-02,,2025-12-02,[62012],71-75 Shelton Street London United Kingdom WC2H 9JQ
FM GATEWAY HOUSING LTD,16885436,active,ltd,,,2025-12-02,,2025-12-02,[68209, 87900, 88990],128 City Road London United Kingdom EC1V 2NX
MONTESSORI LTD,16885446,active,ltd,,,2025-12-02,,2025-12-02,[85600],71-75 Shelton Street London United Kingdom WC2H 9JQ
JINX SPELLS LTD,16885455,active,ltd,,,2025-12-02,,2025-12-02,[47750],41 Rosedene Avenue London England SW16 2LS
GUILDKEI LTD,16885474,active,ltd,,,2025-12-02,,2025-12-02,[68100, 68209],104 High Street Colliers Wood London United Kingdom SW19 2BT
LOVE, IMANI LTD,16885473,active,ltd,,,2025-12-02,,2025-12-02,[82190],124-128 City Road London United Kingdom EC1V 2NX
ACENERDS LIMITED,16885470,active,ltd,,,2025-12-02,,2025-12-02,[58210, 62090],71-75 Shelton Street London United Kingdom WC2H 9JQ
SIK GROUP LTD,16885523,active,ltd,,,2025-12-02,,2025-12-02,[43999],3rd Floor, 86-90 Paul Street London United Kingdom EC2A 4NE
PANIM PROPERTIES LTD,16885535,active,ltd,,,2025-12-02,,2025-12-02,[68100],40 Rotherhithe Old Road London United Kingdom SE16 2QD
YR LEGAL SERVICES LTD,16885532,active,ltd,,,2025-12-02,,2025-12-02,[62012, 74909],124 City Road London England EC1V 2NX
MOMENTUP CONSULTING LTD,16885524,active,ltd,,,2025-12-02,,2025-12-02,[62020],3rd Floor 86-90 Paul Street London United Kingdom EC2A 4NE
ROCO HOST LTD,16885601,active,ltd,,,2025-12-02,,2025-12-02,[63110],128 City Road London United Kingdom EC1V 2NX
N&F CONCEPTS LTD,16885631,active,ltd,,,2025-12-02,,2025-12-02,[85590],65 Broadway Stratford London England E15 4BQ
TORO & TORO LOGISTICS LTD,16885698,active,ltd,,,2025-12-02,,2025-12-02,[49410, 49420, 50200, 51210],128 City Road London United Kingdom EC1V 2NX
MONTENAPOLEONE LEGAL LTD,16885713,active,ltd,,,2025-12-02,,2025-12-02,[68310, 70229, 74909, 78101],32-33 Upper Street London England N1 0PN
MYSTAI DIGITAL LTD,16885704,active,ltd,,,2025-12-02,,2025-12-02,[62012, 63110],71-75 Shelton Street London United Kingdom WC2H 9JQ
EQUANIMITY PROPERTY MANAGEMENT LTD,16885719,active,ltd,,,2025-12-02,,2025-12-02,[68320],3rd Floor, 86-90 Paul Street London United Kingdom EC2A 4NE
THE STUBBORN BULL CLEANING COMPANY LTD,16885803,active,ltd,,,2025-12-02,,2025-12-02,[81210, 81222, 81299],71-75 Shelton Street London United Kingdom WC2H 9JQ
ACHUFEX CONSULTS LTD,16885787,active,ltd,,,2025-12-02,,2025-12-02,[61900, 63110, 63120, 70229],Office 472 60 Tottenham Court Road London United Kingdom W1T 2EW
CPCLRF FINCO LIMITED,16885806,active,ltd,,,2025-12-02,,2025-12-02,[64929],30-31 Cowcross Street London United Kingdom EC1M 6DQ
CLIPORA LTD,16885807,active,ltd,,,2025-12-02,,2025-12-02,[47910],Office 15914 182-184 High Street North London United Kingdom E6 2JA
CYRUS ACOUSTICS UK LTD,16885809,active,ltd,,,2025-12-02,,2025-12-02,[43290, 47430, 71122],71-75 Shelton Street London United Kingdom WC2H 9JQ
ABDS CONSTRUCTION LIMITED,16885822,active,ltd,,,2025-12-02,,2025-12-02,[41202, 43290],London, The Grange London England N14 6BN
ZAFEHOUZE INTERNATIONAL LTD,16885878,active,ltd,,,2025-12-02,,2025-12-02,[46510],85 Great Portland Street London England W1W 7LT
TITANUS INTERNATIONAL LTD,16885890,active,ltd,,,2025-12-02,,2025-12-02,[47910, 85590],71-75 Shelton Street London United Kingdom WC2H 9JQ
SILVERCHORLO LTD,16885927,active,ltd,,,2025-12-02,,2025-12-02,[90030],5 Brayford Square London England E1 0SG
PIXITUP LIMITED,16885944,active,ltd,,,2025-12-02,,2025-12-02,[73120, 74100],30 Malmesbury Terrace London England E16 4PL
DA15 8DJ LTD,16885962,active,ltd,,,2025-12-02,,2025-12-02,[68100, 68209],Office 3.11 Henry Wood House London England W1B 3DG
TOP TIER BIN CLEANING SERVICES LTD,16885967,active,ltd,,,2025-12-02,,2025-12-02,[81222],74 Whitta Road London United Kingdom E12 5DA
ANISSTAD LTD,16885994,active,ltd,,,2025-12-02,,2025-12-02,[46900, 47190, 47910],71-75 Shelton Street London United Kingdom WC2H 9JQ
DAVIES HOROLOGY LTD,16886029,active,ltd,,,2025-12-02,,2025-12-02,[26520],71-75 Shelton Street London United Kingdom WC2H 9JQ
PEACEFUL PROGRESS COACHING LTD,16886069,active,ltd,,,2025-12-02,,2025-12-02,[86900],38 Allington Avenue London England N17 8JE
TOGETHER ALLIANCE LTD,16886123,active,ltd,,,2025-12-02,,2025-12-02,[94200],71-75 Shelton Street London United Kingdom WC2H 9JQ
TOP TRADE CONSOLIDATION LIMITED,16886147,active,ltd,,,2025-12-02,,2025-12-02,[46190, 46499, 46900],71-75 Shelton Street London United Kingdom WC2H 9JQ
STERLING PROTECTION PARTNERS LTD,16886157,active,ltd,,,2025-12-02,,2025-12-02,[80100, 82990],2nd Floor College House Ruislip, United Kingdom HA4 7AE
WEAR ATRO LTD,16886163,active,ltd,,,2025-12-02,,2025-12-02,[14141],183 The Vale London England W3 7RW
EVERPORT GLOBAL LTD,16886160,active,ltd,,,2025-12-02,,2025-12-02,[46190, 47910],Suite 5653 5 Brayford Square London United Kingdom E1 0SG
STUART MILLAR CONSULTING LTD,16886168,active,ltd,,,2025-12-02,,2025-12-02,[70229],71-75 Shelton Street London England WC2H 9JQ
COVEX STUDIO LIMITED,16886172,active,ltd,,,2025-12-02,,2025-12-02,[68310, 68320],Flat 22 Radford House London England W2 4EE
CHATSWORTH CONSULTING LTD,16886225,active,ltd,,,2025-12-02,,2025-12-02,[82990],124 City Road London United Kingdom EC1V 2NX
WHITE SOL STUDIO LTD,16886212,active,ltd,,,2025-12-02,,2025-12-02,[99999],20 Wenlock Road London England N1 7GU
LAB 316 LTD,16886262,active,ltd,,,2025-12-02,,2025-12-02,[47770],71-75 Shelton Street London United Kingdom WC2H 9JQ
BYRSA CAPITAL LIMITED,16886320,active,ltd,,,2025-12-02,,2025-12-02,[64209, 70221, 70229],71-75 Shelton Street London United Kingdom WC2H 9JQ
HONEY BADGER TOURS LTD,16886316,active,ltd,,,2025-12-02,,2025-12-02,[79120],First Floor Office London United Kingdom W8 4LZ
FELIX PROSPERITY LIMITED,16886353,active,ltd,,,2025-12-02,,2025-12-02,[68100, 68209],27 High Road London England N12 0AU
SAAIR GROUP LTD,16886347,active,ltd,,,2025-12-02,,2025-12-02,[79110, 79120, 79901],124 City Road London United Kingdom EC1V 2NX
GOLDEN GOOSE GROUP HOLDINGS LTD,16886408,active,ltd,,,2025-12-02,,2025-12-02,[79110],71-75 Shelton Street London United Kingdom WC2H 9JQ
OLG STUDIO LTD,16886409,active,ltd,,,2025-12-02,,2025-12-02,[47910],71-75 Shelton Street London United Kingdom WC2H 9JQ
KUBEMAYR LTD,16886416,active,ltd,,,2025-12-02,,2025-12-02,[47910, 58290, 62012, 62020],Suite 10258 5 Brayford Square London United Kingdom E1 0SG
HUDDLE ENERGY LTD,16886513,active,ltd,,,2025-12-02,,2025-12-02,[41202, 43210, 43310, 43999],86-90 Paul Street London England EC2A 4NE
VVARIATIONS LTD,16886517,active,ltd,,,2025-12-02,,2025-12-02,[47910],57 Broadway London England W13 9BP
BERRY DATA SOLUTIONS LTD,16886581,active,ltd,,,2025-12-02,,2025-12-02,[63110, 71200],71-75 Shelton Street London United Kingdom WC2H 9JQ
THAT FOOD TRUCK LTD,16886578,active,ltd,,,2025-12-02,,2025-12-02,[56210],Marfield Hall London Road Macclesfield England SK10 4NG
STONEMARK INTERNATIONAL LTD,16886576,active,ltd,,,2025-12-02,,2025-12-02,[46190, 47910],Suite 5652 5 Brayford Square London United Kingdom E1 0SG
DAVID LAMBERT CONSULTING LTD,16886588,active,ltd,,,2025-12-02,,2025-12-02,[62020, 70229],71-75 Shelton Street London United Kingdom WC2H 9JQ
IOLURI PRO LTD,16886591,active,ltd,,,2025-12-02,,2025-12-02,[41202, 70229, 81210],Office 16029, 182-184 High Street North East Ham United Kingdom E6 2JA
MONTPELIER SERVICES LIMITED,16886599,active,ltd,,,2025-12-02,,2025-12-02,[82990],Third Floor London United Kingdom EC4M 7AN
INTEGRASOL HOLDINGS LTD,16886631,active,ltd,,,2025-12-02,,2025-12-02,[64209],167-169 Great Portland Street London England W1W 5PF
MPMR GROUP LTD,16886689,active,ltd,,,2025-12-02,,2025-12-02,[68320],73 Cornhill London United Kingdom EC3V 3QQ
JATT & JULIET RESTAURANT 2 LTD,16886783,active,ltd,,,2025-12-02,,2025-12-02,[56102],62 Baring Road London England SE12 0PS
REFINERY SIGNS LTD,16886801,active,ltd,,,2025-12-02,,2025-12-02,[74100],71-75 Shelton Street London United Kingdom WC2H 9JQ
H.MC AUTOMOTIVE LLC LIMITED,16886863,active,ltd,,,2025-12-02,,2025-12-02,[71121, 71122, 71129],71-75 Shelton Street London United Kingdom WC2H 9JQ
AVAR TEAM LIMITED,16886865,active,ltd,,,2025-12-02,,2025-12-02,[69201],Avar Suites, Building 3 North London Business Park London England N11 1GN
AJL TREE AND GARDEN SERVICES LTD,16886846,active,ltd,,,2025-12-02,,2025-12-02,[81300],3rd Floor, 86-90 Paul Street London England EC2A 4NE
HQC FINANCE LTD,16886877,active,ltd,,,2025-12-02,,2025-12-02,[64205],43 Colville Gardens London England W11 2BA
LUMIFY TECHNOLOGIES LIMITED,16886882,active,ltd,,,2025-12-02,,2025-12-02,[62012],409 Cannon Wharf Pell Street London United Kingdom SE8 5EN
SS ART STUDIO LIMITED,16886893,active,ltd,,,2025-12-02,,2025-12-02,[47781],167-169 Great Portland Street, 5th Floor London England W1W 5PF
GREAT HEY CO LTD,16886933,active,ltd,,,2025-12-02,,2025-12-02,[47910],36a Lawrie Park Gardens London United Kingdom SE26 6XD
LISE HUNTINGTON LTD,16886967,active,ltd,,,2025-12-02,,2025-12-02,[70229],4 St. Barnabas Close London England SE22 8UA
TALEFORWARD LTD,16886993,active,ltd,,,2025-12-02,,2025-12-02,[47910, 62020, 74909, 85600],128 City Road London United Kingdom EC1V 2NX
CRESCENTVIEW REAL ESTATE LIMITED,16887034,active,ltd,,,2025-12-02,,2025-12-02,[68100, 68320],95 Wilton Road, Ste 718 London England SW1V 1BZ
BLUEPEAK ESTATES LIMITED,16887031,active,ltd,,,2025-12-02,,2025-12-02,[68100, 68320],95 Wilton Road, Ste 718 London England SW1V 1BZ
ARCBRIDGE ADVISORY LTD,16887029,active,ltd,,,2025-12-02,,2025-12-02,[70229],128 City Road London United Kingdom EC1V 2NX
KARUNA LTD,16887101,active,ltd,,,2025-12-02,,2025-12-02,[47290, 47910, 62012],Flat 18 Chertsey Court, Richmond United Kingdom SW14 7RD
SAJBAL LTD,16887093,active,ltd,,,2025-12-02,,2025-12-02,[68100, 68209],31 Flora Gardens Romford England RM6 4BG
SYNERGY OF LEARNING AND THE INVESTMENT LTD,16887160,active,ltd,,,2025-12-02,,2025-12-02,[62090, 64304, 68100, 85600],2nd Floor College House Ruislip, United Kingdom HA4 7AE
LABIO LTD,16887178,active,ltd,,,2025-12-02,,2025-12-02,[95120, 96090],71-75 Shelton Street London United Kingdom WC2H 9JQ
GREAT MOVING RELOCATION LTD,16887180,active,ltd,,,2025-12-02,,2025-12-02,[49410, 49420, 52103, 82920],Unit 25 Vale Industrial Park London England SW16 5BN
DE VIAL CONSULTING LTD,16887206,active,ltd,,,2025-12-02,,2025-12-02,[70229],Forma House London United Kingdom EC1R 0NE
MFSSERVICESGROUP LTD,16887242,active,ltd,,,2025-12-02,,2025-12-02,[49410, 77291, 93290],3rd Floor, 86-90 Paul Street London England EC2A 4NE
MULTISERVE SOLUTIONS & ENTERPRISES LTD,16882150,active,ltd,,,2025-12-01,,2025-12-01,[69202],Flat 1 Boston Court London England SE25 6YA
SAHNI TRADERS LTD,16882149,active,ltd,,,2025-12-01,,2025-12-01,[52290],3rd Floor, 86-90 Paul Street London United Kingdom EC2A 4NE
TURNKEY HAVEN LIMITED,16882363,active,ltd,,,2025-12-01,,2025-12-01,[81210, 98000],9 Teasel Crescent London England SE28 0LP
SECURE-X LTD,16882365,active,ltd,,,2025-12-01,,2025-12-01,[80100],817 Romford Road London United Kingdom E12 6EA
CH RISING TIDE MANAGEMENT CONSULTING CO, LTD,16882458,active,ltd,,,2025-12-01,,2025-12-01,[46900, 47910, 96090],Suite 1260 5 Brayford Square London United Kingdom E1 0SG
R&P SONS WELDING LTD,16882467,active,ltd,,,2025-12-01,,2025-12-01,[25990, 30120, 33150],Suite 4, Unimix House City Heights Accounting Services, Abbey Road London United Kingdom NW10 7TR
HIBERNIAN CONSULTANCY LTD,16882491,active,ltd,,,2025-12-01,,2025-12-01,[70229],20 Wenlock Road London England N1 7GU
TUTTO NERO LONDON LTD,16882486,active,ltd,,,2025-12-01,,2025-12-01,[46410, 47510, 47820],Unit 403 Screenworks 22 Highbury Grove London England N5 2ER
LES PETITS DAUPHINS LTD,16882543,active,ltd,,,2025-12-01,,2025-12-01,[85510],69b Leconfield Road London England N5 2RZ
RATHMORE LIMITED,16882547,active,ltd,,,2025-12-01,,2025-12-01,[98000],43 Cricklewood Lane London England NW2 1HR
VITAE CAREERS LTD,16882431,active,ltd,,,2025-12-01,,2025-12-01,[78109],1 Coldbath Square London England EC1R 5HL
LEGAL ACTION FOR PEACE ADVOCACY LIMITED,16882417,active,ltd,,,2025-12-01,,2025-12-01,[69109],124-128 City Road London England EC1V 2NX
THE HAUS OF SOMATICA LTD,16882402,active,ltd,,,2025-12-01,,2025-12-01,[96040],29 Antill Road London England E3 5BT
LEXSMI TECHNOLOGIES LTD,16882404,active,ltd,,,2025-12-01,,2025-12-01,[53202, 63120],124-128 City Road London England EC1V 2NX
VIN SHIELD UK LTD,16882412,active,ltd,,,2025-12-01,,2025-12-01,[18121],20 Wenlock Road London England N1 7GU
SHIVORA BEAUTY LTD,16882408,active,ltd,,,2025-12-01,,2025-12-01,[47750, 47910, 96020],Suite Ra01 195 - 197 Wood Street London England E17 3NU
KAY B PROPERTIES LTD,16882407,active,ltd,,,2025-12-01,,2025-12-01,[82990],20 Wenlock Road London England N1 7GU
HEADSTARTSCIENCE LIMITED,16882504,active,ltd,,,2025-12-01,,2025-12-01,[85600],124 City Road London England EC1V 2NX
AMARACHI SOLUTIONS LTD,16882604,active,ltd,,,2025-12-01,,2025-12-01,[82990],71-75 Shelton Street London United Kingdom WC2H 9JQ
WINGMYDREAMS LIMITED,16882606,active,ltd,,,2025-12-01,,2025-12-01,[86220],313 Church Lane London England NW9 8JE
LALLYBOO LTD,16882337,active,ltd,,,2025-12-01,,2025-12-01,[47910, 82301, 82302, 82990],124 City Road London United Kingdom EC1V 2NX
GOLDDIII LTD,16882453,active,ltd,,,2025-12-01,,2025-12-01,[14190, 47710, 47910],303a Green Street London England E13 9AR
EY T HAIR SALON LIMITED,16882578,active,ltd,,,2025-12-01,,2025-12-01,[96020],132 Stoke Newington Road London England N16 7XA
SHAREKTE139 LTD,16882575,active,ltd,,,2025-12-01,,2025-12-01,[46900],275 New N Rd #3110 London London United Kingdom N1 7AA
LYOTECH FOODS LTD,16882582,active,ltd,,,2025-12-01,,2025-12-01,[10850, 10890],Flat 1009 Defoe House 123 City Island Way London England E14 0TW
REGENACE LTD,16882620,active,ltd,,,2025-12-01,,2025-12-01,[63120, 73110, 73200, 86220],115 London Road, Morden United Kingdom SM4 5HP
BKILIC LIMITED,16882626,active,ltd,,,2025-12-01,,2025-12-01,[56103],464 Lordship Lane London England N17 7QY
KNIGHT VISUALS PHOTOGRAPHY LIMITED,16882623,active,ltd,,,2025-12-01,,2025-12-01,[59112, 74201, 74202],71-75 Shelton Street London United Kingdom WC2H 9JQ
GCB PRODUCTIONS LTD,16882608,active,ltd,,,2025-12-01,,2025-12-01,[78101],6-8 Great Eastern Street London England EC2A 3NT
EMBER AND PULSE GROUP LIMITED,16882612,active,ltd,,,2025-12-01,,2025-12-01,[70229, 78109, 82990, 96090],71-75 Shelton Street London United Kingdom WC2H 9JQ
ANCHOR 365 LTD,16882638,active,ltd,,,2025-12-01,,2025-12-01,[68209],71-75 Shelton Street London United Kingdom WC2H 9JQ
BLUE RIPPLES PROPERTY MANAGEMENT LTD,16882628,active,ltd,,,2025-12-01,,2025-12-01,[43341, 70221, 98000],167 - 169 Great Portland Street London England W1W 5PF
NERMIN HAYEK LIMITED,16887364,active,ltd,,,2025-12-02,,2025-12-02,[86230],Flat 21 2 Ashbridge Street London England NW8 8DS
DOLLET LIMITED,16887368,active,ltd,,,2025-12-02,,2025-12-02,[61900],167-169 Great Portland Street London England W1W 5PF
AL-ZAKI SUPPLIES LTD,16887374,active,ltd,,,2025-12-02,,2025-12-02,[46320, 47910],112 Oakfield Road London England E6 1LW
RNSPD LTD,16887448,active,ltd,,,2025-12-02,,2025-12-02,[73110],2 Linkway London England N4 1QF
SCYLLACAPITALGROUP LTD,16887473,active,ltd,,,2025-12-02,,2025-12-02,[70221],9 Decoy Avenue London England NW11 0ES
EMD RENTALS LTD,16887486,active,ltd,,,2025-12-02,,2025-12-02,[68209],71-75 Shelton Street London England WC2H 9JQ
KASTAN CATERING LTD,16887490,active,ltd,,,2025-12-02,,2025-12-02,[56210],757 Romford Road London United Kingdom E12 5AW
NEXOVA GROUP LIMITED,16888031,active,ltd,,,2025-12-03,,2025-12-03,[47910, 47990],128 City Road London United Kingdom EC1V 2NX
RHEOS SYSTEMS LTD,16888030,active,ltd,,,2025-12-03,,2025-12-03,[32500, 71122, 72190],167-169 Great Portland Street London United Kingdom W1W 5PF
FIRST MOVE BUILDERS LIMITED,16888057,active,ltd,,,2025-12-03,,2025-12-03,[96090],72 Halliwick Road London England N10 1AB
PROJECT CC LTD,16888061,active,ltd,,,2025-12-03,,2025-12-03,[71111],14 Morden Court Morden United Kingdom SM4 5HJ
TASK FORMATIONS LTD,16888054,active,ltd,,,2025-12-03,,2025-12-03,[99000],128 City Road London United Kingdom EC1V 2NX
LAMPREY NETWORKS, LTD,16888065,active,ltd,,,2025-12-03,,2025-12-03,[62020],128 City Road London United Kingdom EC1V 2NX
EKAMEDYA LTD,16888091,active,ltd,,,2025-12-03,,2025-12-03,[73110],Unit 501 Leroy House London United Kingdom N1 3FY
JAMLIN PROJECTS LTD,16888069,active,ltd,,,2025-12-03,,2025-12-03,[41100],Solo House The Courtyard Horsham United Kingdom RH12 1AT
KID & CO MEMBERS LIMITED,16888088,active,ltd,,,2025-12-03,,2025-12-03,[56102, 85100, 93290, 94990],Flat 16 Jethou House London England N1 2TW
INCEPTIONONE LTD,16882532,active,ltd,,,2025-12-01,,2025-12-01,[46190],Inceptionone/Jacob Greenwood London United Kingdom EC1V 2NX
GP ACQUISITIONS LTD,16888141,active,ltd,,,2025-12-03,,2025-12-03,[68310],20 Wenlock Road London England N1 7GU
JING COLLECTION LIMITED,16888148,active,ltd,,,2025-12-03,,2025-12-03,[47910],71-75 Shelton Street London United Kingdom WC2H 9JQ
CINETALLENT EAST LTD,16888150,active,ltd,,,2025-12-03,,2025-12-03,[85590],16 Finsbury Park Road London United Kingdom N4 2JZ
CHEQUERS SMART STAYS LTD,16888153,active,ltd,,,2025-12-03,,2025-12-03,[55100],500 White Hart Lane London England N17 7NA
BOLD INTERNATIONAL LTD,16888149,active,ltd,,,2025-12-03,,2025-12-03,[46900],275 New N Rd #3110 London London United Kingdom N1 7AA
SAFELAYER AI LIMITED,16888188,active,ltd,,,2025-12-03,,2025-12-03,[62012, 73200],124 City Road London United Kingdom EC1V 2NX
TOWYCO GROUP LTD,16888171,active,ltd,,,2025-12-03,,2025-12-03,[64209],22 Cicada Road London United Kingdom SW18 2NW
DSS SOLUTIONS LTD,16888254,active,ltd,,,2025-12-03,,2025-12-03,[62012],3rd Floor, 86-90 Paul Street London United Kingdom EC2A 4NE
REFLECTED LTD,16888232,active,ltd,,,2025-12-03,,2025-12-03,[56102],19 Charter Court London United Kingdom N4 3SG
ALPINE SECURITIES LTD,16888235,active,ltd,,,2025-12-03,,2025-12-03,[68100],93 Tabernacle Street London United Kingdom EC2A 4BA
ATEN RA LIMITED,16888287,active,ltd,,,2025-12-03,,2025-12-03,[42220],275 New North Road London England N1 7AA
DRAGON MART LTD,16888288,active,ltd,,,2025-12-03,,2025-12-03,[47910],Office 16033 182-184 High Street North London United Kingdom E6 2JA
METATRONIC LTD,16888275,active,ltd,,,2025-12-03,,2025-12-03,[47910],71-75 Shelton Street London United Kingdom WC2H 9JQ
4P CONSULTING LTD,16888279,active,ltd,,,2025-12-03,,2025-12-03,[62020],71-75 Shelton Street London United Kingdom WC2H 9JQ
LUCILUCI LTD,16888346,active,ltd,,,2025-12-03,,2025-12-03,[46450, 47190, 47910, 70210],71-75 Shelton Street London United Kingdom WC2H 9JQ
APSLEY WAY UK ELP LIMITED,16888356,active,ltd,,,2025-12-03,,2025-12-03,[64209],27 Old Gloucester Street London United Kingdom WC1N 3AX
RATELOCK WALLET LIMITED,16888366,active,ltd,,,2025-12-03,,2025-12-03,[62012, 62090, 66190, 82990],167-169 Great Portland Street London England W1W 5PF
W11 PARTNERS LTD,16888435,active,ltd,,,2025-12-03,,2025-12-03,[66190],6a Southam Street London England W10 5PH
CAMBRIDGE STORAGE SOLUTIONS LTD,16887253,active,ltd,,,2025-12-02,,2025-12-02,[52103, 68209],71-75 Shelton Street London United Kingdom WC2H 9JQ
THE CULTURE DUMP LIMITED,16887280,active,ltd,,,2025-12-02,,2025-12-02,[90030],Acre House London United Kingdom NW1 3ER
SUNCAT 1 LIMITED,16887276,active,ltd,,,2025-12-02,,2025-12-02,[41100, 41202],30-31 Cowcross Street London United Kingdom EC1M 6DQ
PARMASTHETICS LTD,16887313,active,ltd,,,2025-12-02,,2025-12-02,[96020],71-75 Shelton Street London United Kingdom WC2H 9JQ
CLAY V LTD,16887305,active,ltd,,,2025-12-02,,2025-12-02,[68100, 68209, 68320],34 St. Andrews Close London England SE28 8NZ
ARGALOS LTD,16887515,active,ltd,,,2025-12-03,,2025-12-03,[46450],289 Chingford Road London England E17 5AB
BCEM FORMATION LTD,16887605,active,ltd,,,2025-12-03,,2025-12-03,[70229, 85590],124-128 City Road London England EC1V 2NX
LUOHESHICHUGAOWANGLUOJISHUFUWUYOUXIANGONGSI LTD,16887607,active,ltd,,,2025-12-03,,2025-12-03,[47910],292687, Office Suite 29a, 3/F 23 Wharf Street London England SE8 3GG
NADOBA AGENCY LTD,16887604,active,ltd,,,2025-12-03,,2025-12-03,[59200, 90020, 90030],71-75 Shelton Street London United Kingdom WC2H 9JQ
AY CONSULTING SERVICES LTD,16887665,active,ltd,,,2025-12-03,,2025-12-03,[70229],Flat 6, 30 Palace Road London United Kingdom N11 2PR
NSM COMMERCE LTD,16887734,active,ltd,,,2025-12-03,,2025-12-03,[47910],128 City Road London United Kingdom EC1V 2NX
SHAHID SOCIAL LTD,16887719,active,ltd,,,2025-12-03,,2025-12-03,[73110],5 Brayford Square, London United Kingdom E1 0SG
ELYSIAN AERO LTD,16887772,active,ltd,,,2025-12-03,,2025-12-03,[33160],71-75 Shelton Street London United Kingdom WC2H 9JQ
LYN LIVING LTD,16887770,active,ltd,,,2025-12-03,,2025-12-03,[68209],71-75 Shelton Street London United Kingdom WC2H 9JQ
SIMON LEE CONSULTANCY LTD,16887781,active,ltd,,,2025-12-03,,2025-12-03,[74100],3rd Floor 86-90 Paul Street London United Kingdom EC2A 4NE
CYNARAX LIMITED,16887759,active,ltd,,,2025-12-03,,2025-12-03,[62020, 62090, 71122],71-75 Shelton Street London United Kingdom WC2H 9JQ
SANDOAK ESTATES LIMITED,16887744,active,ltd,,,2025-12-03,,2025-12-03,[68100, 68209],107 Power Road London England W4 5PY
KEROO LTD,16887762,active,ltd,,,2025-12-03,,2025-12-03,[46190, 47910],71-75 Shelton Street London United Kingdom WC2H 9JQ
INNER ARC SOFTWARE LTD,16887764,active,ltd,,,2025-12-03,,2025-12-03,[62012],86-90 Paul Street London England EC2A 4NE
ECTRAS LTD,16887811,active,ltd,,,2025-12-03,,2025-12-03,[70229],71-75 Shelton Street London United Kingdom WC2H 9JQ
SOUTH SPICE GROUP LTD,16887821,active,ltd,,,2025-12-03,,2025-12-03,[56101],239-241 London Road Croydon England CR0 2RL
ABS WHOLESALE SUPPLIER LTD,16887851,active,ltd,,,2025-12-03,,2025-12-03,[46410],2nd Floor College House Ruislip, United Kingdom HA4 7AE
NORTHSTONE RENOVATION LTD,16887827,active,ltd,,,2025-12-03,,2025-12-03,[41202],20 Wenlock Road London England N1 7GU
TNE TECH UK LTD,16887853,active,ltd,,,2025-12-03,,2025-12-03,[62090],64 Southwark Bridge Road London England SE1 0AS
HSIL CORPORATE SERVICES LTD,16887918,active,ltd,,,2025-12-03,,2025-12-03,[70229],23 Laleham Avenue London England NW7 3HN
MOULTON CAPITAL LTD,16887859,active,ltd,,,2025-12-03,,2025-12-03,[68100, 68320],Unit 3 Hampstead West London England NW6 2HX
TRIEMPIRE LTD,16887863,active,ltd,,,2025-12-03,,2025-12-03,[79110],7 Belmont Road London England N15 3LS
MAMLAKATO CHAYE LTD,16887875,active,ltd,,,2025-12-03,,2025-12-03,[01280, 49410, 56210, 88100],124-128 City Road London England EC1V 2NX
2624 LTD,16887968,active,ltd,,,2025-12-03,,2025-12-03,[43999],Unit 5a Chelsea Wharf London England SW10 0QJ
SOYROLL LIMITED,16887932,active,ltd,,,2025-12-03,,2025-12-03,[47190, 47910],402 Bowes Road London England N11 1BJ
VEGANMOSS LTD,16887941,active,ltd,,,2025-12-03,,2025-12-03,[47290],12, 262, Axis House Lewisham High Street London United Kingdom SE13 6AD
NICHOLAS STERLING PROPERTIES LIMITED,16887957,active,ltd,,,2025-12-03,,2025-12-03,[68209],1 Kings Avenue London England N21 3NA
OTD TRADING LIMITED,16887931,active,ltd,,,2025-12-03,,2025-12-03,[33160],109 Evering Road London England N16 7SL
MAYCOURT TRADING LIMITED,16888003,active,ltd,,,2025-12-03,,2025-12-03,[96090],72 Halliwick Road London England N10 1AB
1ST MAINTAIN LTD,16888024,active,ltd,,,2025-12-03,,2025-12-03,[41202, 43390],3 Stracey Road London England E7 0HQ
FLOWMIGO LTD,16887988,active,ltd,,,2025-12-03,,2025-12-03,[62020],6 South Molton Street London England W1K 5QF
GARVAN PROPERTY GROUP LTD,16888105,active,ltd,,,2025-12-03,,2025-12-03,[68100],20 Wenlock Road London England N1 7GU
PMARVADI LTD,16888199,active,ltd,,,2025-12-03,,2025-12-03,[47910],32 Hawthorne Avenue Hawthorne Avenue Harrow England HA3 8AG
HEALTHYHEDGEHOGS LTD,16888218,active,ltd,,,2025-12-03,,2025-12-03,[84130],20 Wenlock Road London England N1 7GU
66 TAHRIM LIMITED,16888266,active,ltd,,,2025-12-03,,2025-12-03,[68209],1 Kings Avenue Winchmore Hill United Kingdom N21 3NA
INSPIREDSKY LTD,16888265,active,ltd,,,2025-12-03,,2025-12-03,[47910],71-75 Shelton Street London United Kingdom WC2H 9JQ
FRANCEMAKKAH LTD,16888306,active,ltd,,,2025-12-03,,2025-12-03,[79110, 79120, 79901, 79909],71-75 Shelton Street London United Kingdom WC2H 9JQ
NEOACE NUTRITION LTD,16888319,active,ltd,,,2025-12-03,,2025-12-03,[47290],20 Wenlock Road London England N1 7GU
HUMANSALESAI LTD,16888328,active,ltd,,,2025-12-03,,2025-12-03,[62020, 73110, 82200, 82990],2 Frederick Street London United Kingdom WC1X 0ND
WORKTECH SOLUTIONS LTD,16888323,active,ltd,,,2025-12-03,,2025-12-03,[74909],128 City Road London United Kingdom EC1V 2NX
MORET GLOBAL NETWORK LTD,16888314,active,ltd,,,2025-12-03,,2025-12-03,[82990],47 Dorset Street London United Kingdom W1U 7ND
PRO SERVE TALENT LTD,16888401,active,ltd,,,2025-12-03,,2025-12-03,[78109],4 Havering Street London United Kingdom E1 0LP
DAVID AND PARTNER SOLUTION LTD,16888443,active,ltd,,,2025-12-03,,2025-12-03,[64301, 64306, 66190],2nd Floor College House Ruislip, United Kingdom HA4 7AE
AYCE CATERING LTD,16888467,active,ltd,,,2025-12-03,,2025-12-03,[46390],71-75 Shelton Street London United Kingdom WC2H 9JQ
HUCKLETREE 8 LIMITED,16888468,active,ltd,,,2025-12-03,,2025-12-03,[68209, 82110],Huckletree London United Kingdom EC2A 2JN
ECOMLOGIC LTD,16888495,active,ltd,,,2025-12-03,,2025-12-03,[47910],71-75 Shelton Street London United Kingdom WC2H 9JQ
BSYNQED LTD,16888496,active,ltd,,,2025-12-03,,2025-12-03,[62012, 62020, 63120],124 City Road London United Kingdom EC1V 2NX
SWISS CORPORATE SOLUTIONS LTD,16888485,active,ltd,,,2025-12-03,,2025-12-03,[69202, 69203, 70229],128 City Road London United Kingdom EC1V 2NX
PET PULSE LTD,16888508,active,ltd,,,2025-12-03,,2025-12-03,[62090],Office 15996 182-184 High Street North London United Kingdom E6 2JA
COGNITIV LONDON LTD,16888505,active,ltd,,,2025-12-03,,2025-12-03,[62090],4/4a Bloomsbury Square London United Kingdom WC1A 2RP
THE BAY FITNESS LTD,16888527,active,ltd,,,2025-12-03,,2025-12-03,[93130],71-75 Shelton Street London United Kingdom WC2H 9JQ
AAKASH TRADING LIMITED,16888504,active,ltd,,,2025-12-03,,2025-12-03,[47190, 47910],598 London Road Grays United Kingdom RM20 3HL
RACAL IUK BXIP2 PLOT 13 RETAIL CO LIMITED,16888523,active,ltd,,,2025-12-03,,2025-12-03,[41100],4 Stable Street London United Kingdom N1C 4AB
TBS MEDIA LTD,16888550,active,ltd,,,2025-12-03,,2025-12-03,[58142, 59112, 63910],167-169 Great Portland Street London England W1W 5PF
ECOM UNITED LTD,16888579,active,ltd,,,2025-12-03,,2025-12-03,[47910],71-75 Shelton Street London United Kingdom WC2H 9JQ
MAYSTAR SERVICES LIMITED,16888582,active,ltd,,,2025-12-03,,2025-12-03,[96090],72 Halliwick Road London England N10 1AB
CHINA IMPORT LTD,16888568,active,ltd,,,2025-12-03,,2025-12-03,[47910, 73110],71-75 Shelton Street London United Kingdom WC2H 9JQ
RED HORIZON DIGITAL LTD,16888580,active,ltd,,,2025-12-03,,2025-12-03,[73120],128 City Road London United Kingdom EC1V 2NX
DARBES LTD,16888610,active,ltd,,,2025-12-03,,2025-12-03,[47910, 47990, 64209, 73110],71-75 Shelton Street London United Kingdom WC2H 9JQ
KALIMA HUB LTD,16888609,active,ltd,,,2025-12-03,,2025-12-03,[70229],124 City Road London England EC1V 2NX
VARSITY CAPITAL 3 PROPCO LIMITED,16888596,active,ltd,,,2025-12-03,,2025-12-03,[41100],C/O Alter Domus (Uk) Limited 10th Floor London United Kingdom EC3A 8BF
SHEVEX LTD,16888612,active,ltd,,,2025-12-03,,2025-12-03,[46499, 47910],71-75 Shelton Street London United Kingdom WC2H 9JQ
HEYBENNI LTD,16888611,active,ltd,,,2025-12-03,,2025-12-03,[62012, 62090, 63120],128 City Road London United Kingdom EC1V 2NX
H24 LIMITED,16888648,active,ltd,,,2025-12-03,,2025-12-03,[47789, 80100],3rd Floor, 86-90 Paul Street London United Kingdom EC2A 4NE
WHITEPLAN ESTATES LTD,16888664,active,ltd,,,2025-12-03,,2025-12-03,[68209],83 Ravensdale Road London United Kingdom N16 6TH
FIND & FLOURISH LTD,16888705,active,ltd,,,2025-12-03,,2025-12-03,[73110],1 Tudor Place, London Road, Yaxley Peterborough United Kingdom PE7 3HU
AKOA PROPERTIES LTD,16888704,active,ltd,,,2025-12-03,,2025-12-03,[68100],83 Langbrook Road London England SE3 8QZ
MANSAH SOLUTIONS LIMITED,16888678,active,ltd,,,2025-12-03,,2025-12-03,[62090],27 Old Gloucester St London United Kingdom WC1N 3AX
HUNGRY FOOD GLOBAL LTD,16888737,active,ltd,,,2025-12-03,,2025-12-03,[47240, 56103, 56210, 56290],Flat 2 No284 Uxbridge Road Middlesex England HA5 4HS
BALKAN BOOSTS LTD,16888725,active,ltd,,,2025-12-03,,2025-12-03,[79901],167-169 Great Portland Street London England W1W 5PF
CINCERITY LTD,16888729,active,ltd,,,2025-12-03,,2025-12-03,[68100],Unit 2.15 Barley Mow Centre London England W4 4PH
MINJAKAT LTD,16888730,active,ltd,,,2025-12-03,,2025-12-03,[68209],167-169 Great Portland Street, 5th Floor London England W1W 5PF
TEAM ONE HOMES LIMITED,16888763,active,ltd,,,2025-12-03,,2025-12-03,[68209],10 Bolt Court London England EC4A 3DQ
HIA SOLUTIONS LTD,16888790,active,ltd,,,2025-12-03,,2025-12-03,[62012],3rd Floor, 86-90 Paul Street London United Kingdom EC2A 4NE
MANSON INDUSTRIAL UK LIMITED,16888842,active,ltd,,,2025-12-03,,2025-12-03,[71121],58 Sabine Road London England SW11 5LW
DADA CONSTRUCTION LTD,16888867,active,ltd,,,2025-12-03,,2025-12-03,[41202, 43310, 43341, 43999],128 City Road London United Kingdom EC1V 2NX
LONDON PROMOBILE MECHANICS LTD,16888879,active,ltd,,,2025-12-03,,2025-12-03,[47421, 95110],Suite S 7 Rays House London United Kingdom NW10 7XP
MARK MURDOCK LTD,16888876,active,ltd,,,2025-12-03,,2025-12-03,[68320],Flat 404 301 Kingsland Road London England E8 4DS
SOURCE AND LINK LIMITED,16888875,active,ltd,,,2025-12-03,,2025-12-03,[82990],8 Aaron Hill Road London United Kingdom E6 6NJ
AZZOPARDI DE BERNIERE LIMITED,16888921,active,ltd,,,2025-12-03,,2025-12-03,[74990],71-75 Shelton Street London United Kingdom WC2H 9JQ
HIRUNDO GROUP LTD,16888957,active,ltd,,,2025-12-03,,2025-12-03,[62020, 70221, 70229],71-75 Shelton Street London United Kingdom WC2H 9JQ
ASHMOR TOPCO LIMITED,16888948,active,ltd,,,2025-12-03,,2025-12-03,[41202, 64209, 68100],11 Bingham Place London England W1U 5AY
ARCH ST ALBANS LTD,16888969,active,ltd,,,2025-12-03,,2025-12-03,[41100, 41201, 41202, 68209],400 West Green Road London United Kingdom N15 3PX
SAJ HOUSING LIMITED,16889006,active,ltd,,,2025-12-03,,2025-12-03,[68100, 68201, 68209, 68320],20 Wenlock Road London England N1 7GU
DOWNER ENTERPRISES LTD,16889008,active,ltd,,,2025-12-03,,2025-12-03,[47910],27 Old Gloucester Street London United Kingdom WC1N 3AX
SEBCIU TRANS LIMITED,16888991,active,ltd,,,2025-12-03,,2025-12-03,[49410],89 Howard Road London England E17 4SG
SALIHI LTD,16889011,active,ltd,,,2025-12-03,,2025-12-03,[68100, 68209],Forest House Business Centre London England E11 1HT
MONSTERVPN LTD,16889026,active,ltd,,,2025-12-03,,2025-12-03,[62012, 62090],27 Old Gloucester Street Holborn United Kingdom WC1N 3AX
OUTSMARTERS LTD,16889021,active,ltd,,,2025-12-03,,2025-12-03,[82990],124 City  Road London United Kingdom EC1V 2NX
AI BRIDGE CLUB LTD,16889036,active,ltd,,,2025-12-03,,2025-12-03,[82990],128 City Road London United Kingdom EC1V 2NX
PROPER ORDER STRATEGY LTD,16889054,active,ltd,,,2025-12-03,,2025-12-03,[70229, 73110],Flat 3 Great Eastern Buildings London England E8 1FR
IKIGAI CONSULTING LTD,16889074,active,ltd,,,2025-12-03,,2025-12-03,[68100, 70229, 78300],20 Wenlock Road London England N1 7GU
RECLESS LABS LTD,16889194,active,ltd,,,2025-12-03,,2025-12-03,[71129],Flat 301, 14 White Post Lane London United Kingdom E9 5SZ
BEZALEL FINANCIAL SOLUTIONS LIMITED,16889137,active,ltd,,,2025-12-03,,2025-12-03,[70221],5 Brayford Square London United Kingdom E1 0SG
MIRROR FORMULA LTD,16889207,active,ltd,,,2025-12-03,,2025-12-03,[86900],3rd Floor, 86-90 Paul Street London United Kingdom EC2A 4NE
GRANTIQ LTD,16889209,active,ltd,,,2025-12-03,,2025-12-03,[62012],167-169 Great Portland Street London England W1W 5PF
TWICKENHAM INVESTMENT SERVICES LIMITED,16889222,active,ltd,,,2025-12-03,,2025-12-03,[66290],Twickenham Studios Twickenham United Kingdom TW1 2AW
NAVISAILOR LEARNING CENTRE LTD,16889228,active,ltd,,,2025-12-03,,2025-12-03,[85590, 85600],Suite10 Capital House London United Kingdom E8 1LL
MAKKAH ISLAMIC CORNER LTD,16889224,active,ltd,,,2025-12-03,,2025-12-03,[47820],367 Green Street (Basement) London England E13 9AR
MJNH PROPERTIES LTD,16889252,active,ltd,,,2025-12-03,,2025-12-03,[68100, 68209],29 Claremont Road London England E7 0QD
TENKA ESTATES LTD,16889261,active,ltd,,,2025-12-03,,2025-12-03,[68100],2 Cadoxton Avenue London England N15 6LB
AQUAHOPE LTD,16889248,active,ltd,,,2025-12-03,,2025-12-03,[70229, 74909],128 City Road London United Kingdom EC1V 2NX
MASKHAD LIMITED,16889258,active,ltd,,,2025-12-03,,2025-12-03,[70229],86-90 Paul Street London England EC2A 4NE
TROPICAL BLISS JERK CENTRE LTD,16889318,active,ltd,,,2025-12-03,,2025-12-03,[56102],128 City Road London United Kingdom EC1V 2NX
THE MACK CREW LTD,16889323,active,ltd,,,2025-12-03,,2025-12-03,[90020, 96090],128 City Road London United Kingdom EC1V 2NX
BOULTHOLE STUDIO LTD,16889334,active,ltd,,,2025-12-03,,2025-12-03,[74100],Cvm The Scotlands Ind Est Coalville United Kingdom LE67 3JJ
51ZERO ESTATES LTD,16889344,active,ltd,,,2025-12-03,,2025-12-03,[68100, 68209],71-75 Shelton Street London United Kingdom WC2H 9JQ
AEGIS FIBRE NETWORKS LTD,16889376,active,ltd,,,2025-12-03,,2025-12-03,[42220],3 East Vale London United Kingdom W3 7RU
JC DIRECT DEALS LTD,16889392,active,ltd,,,2025-12-03,,2025-12-03,[46499, 46900],71-75 Shelton Street London United Kingdom WC2H 9JQ
UK SELLERS LTD,16889386,active,ltd,,,2025-12-03,,2025-12-03,[47910],3rd Floor, 86-90 Paul Street London United Kingdom EC2A 4NE
PRIME ROOM SERVICES LTD,16889383,active,ltd,,,2025-12-03,,2025-12-03,[55900],4 Denzil Road London England NW10 2UP
VISA PAYEE LIMITED,16889391,active,ltd,,,2025-12-03,,2025-12-03,[62020],254 London Road Mitcham England CR4 3HD
MONOLUMINAI LTD,16889407,active,ltd,,,2025-12-03,,2025-12-03,[46499, 62012, 77400, 85590],20 Wenlock Road London England N1 7GU
FLOWERA LTD,16889410,active,ltd,,,2025-12-03,,2025-12-03,[58290, 62012, 63110, 63120],20 Wenlock Road London England N1 7GU
CAFE 100 LIMITED,16889419,active,ltd,,,2025-12-03,,2025-12-03,[56102],100 Commercial Road London England E1 1NU
RSHENDERSON CONSULTING LTD,16889422,active,ltd,,,2025-12-03,,2025-12-03,[70229],71-75 Shelton Street London United Kingdom WC2H 9JQ
OMEN ADVANCED OPERATIONS LTD,16889447,active,ltd,,,2025-12-03,,2025-12-03,[62020, 63110, 82990],Office 15894 182-184 High Street North London United Kingdom E6 2JA
CHAMPS PLATFORM SERVICES LTD,16889450,active,ltd,,,2025-12-03,,2025-12-03,[62090, 78109, 78300, 82200],Britannia House 1-11 Glenthorne Road London England W6 0LH
BENTLEYGATE LIMITED,16889446,active,ltd,,,2025-12-03,,2025-12-03,[62012, 62020, 62090, 63990],128 City Road London United Kingdom EC1V 2NX
ALPS STUDIOS UK LIMITED,16889480,active,ltd,,,2025-12-03,,2025-12-03,[59120],Aston House London United Kingdom N3 1LF
TECHHAVEN LABS LTD,16889463,active,ltd,,,2025-12-03,,2025-12-03,[62020, 63110, 63120, 96090],Suite 6084 128 Aldersgate Street London England EC1A 4AE
LUMIVOX LTD,16889465,active,ltd,,,2025-12-03,,2025-12-03,[99999],20 Wenlock Road London England N1 7GU
FYNLI LTD,16889482,active,ltd,,,2025-12-03,,2025-12-03,[69201, 70229],71-75 Shelton Street London United Kingdom WC2H 9JQ
THE PCOS COLLECTIVE LTD,16889510,active,ltd,,,2025-12-03,,2025-12-03,[86900],124-128 City Road London England EC1V 2NX
TP ELECTRICAL SOLUTIONS LTD,16889515,active,ltd,,,2025-12-03,,2025-12-03,[43210],Flat 1a 35 St Johns Avenue London United Kingdom SW15 6AL
CAU LAU BASSINGHALL LTD,16889517,active,ltd,,,2025-12-03,,2025-12-03,[56102],3rd Floor The Coade London United Kingdom SE11 5EL
SHEETAL STUDIOS LTD,16889535,active,ltd,,,2025-12-03,,2025-12-03,[47910],3rd Floor, 86-90 Paul Street London United Kingdom EC2A 4NE
BLACKTRACE LTD,16889573,active,ltd,,,2025-12-03,,2025-12-03,[70229],71-75 Shelton Street London United Kingdom WC2H 9JQ
SOUL STOP CATERING LTD,16889592,active,ltd,,,2025-12-03,,2025-12-03,[56103],154 George Lane London England E18 1AY
SALALI LTD,16889584,active,ltd,,,2025-12-03,,2025-12-03,[68100],3rd Floor, 86-90 Paul Street London England EC2A 4NE
ADS PROPERTY SOURCER LTD,16889605,active,ltd,,,2025-12-03,,2025-12-03,[68320],3rd Floor, 86-90 Paul Street London United Kingdom EC2A 4NE
SHEPHERDS HL LTD,16889617,active,ltd,,,2025-12-03,,2025-12-03,[68209],65 Southwood Lane London England N6 5DX
SUGH CONSULTING LTD,16889616,active,ltd,,,2025-12-03,,2025-12-03,[62020, 62090],71-75 Shelton Street London United Kingdom WC2H 9JQ
ISVAK LTD,16889619,active,ltd,,,2025-12-03,,2025-12-03,[96040],Flat 12 22e Leathermarket Street London England SE1 3HP
LOST SOULS EVENTS LTD,16889640,active,ltd,,,2025-12-03,,2025-12-03,[58110],140 Lessingham Avenue London England SW17 8NH
ALEX MODERN WORK LTD,16889628,active,ltd,,,2025-12-03,,2025-12-03,[49410],21 Millais Road London England E11 4HB
RADIUSQ BROKERS LIMITED,16889672,active,ltd,,,2025-12-03,,2025-12-03,[96090],94-96 Seymour Place London United Kingdom W1H 1NB
CBRE SPANISH RESIDENTIAL QAHC LIMITED,16889680,active,ltd,,,2025-12-03,,2025-12-03,[64209],Third Floor London United Kingdom EC4M 9AF
VICTOIRE SYTEMS LTD,16889684,active,ltd,,,2025-12-03,,2025-12-03,[62020],20 Wenlock Road London England N1 7GU
LEASH & LEISURE DOG WALKS LTD,16889723,active,ltd,,,2025-12-03,,2025-12-03,[96090],26 Cambridge Road London England SW20 0SF
GCC ASSETS HOLDING COMPANY LTD,16889709,active,ltd,,,2025-12-03,,2025-12-03,[64205, 66190, 66300],71-75 Shelton Street London United Kingdom WC2H 9JQ
CATALISI NOMINEE LTD,16889698,active,ltd,,,2025-12-03,,2025-12-03,[96090],27 Old Gloucester Street London United Kingdom WC1N 3AX
SRHIREUK LTD,16889710,active,ltd,,,2025-12-03,,2025-12-03,[77110],182-184 High Street North London England E6 2JA
NORTON MEDIA PROJECTS LTD,16889712,active,ltd,,,2025-12-03,,2025-12-03,[70229],71-75 Shelton Street London United Kingdom WC2H 9JQ
KIN PRODUCTIONS LTD,16889753,active,ltd,,,2025-12-03,,2025-12-03,[59111],27 Mortimer Street London England W1T 3BL
BIN YOUSUF LTD,16889822,active,ltd,,,2025-12-03,,2025-12-03,[47910],47 Ellora Road London England SW16 6JG
ACAR & CO. LIMITED,16889821,active,ltd,,,2025-12-03,,2025-12-03,[68100],239-241 Kennington Lane London England SE11 5QU
CLEANWORKS INDUSTRIAL AND COMMERCIAL SERVICES LTD,16889844,active,ltd,,,2025-12-03,,2025-12-03,[81222],368 Alexandra Park Road London England N22 7BD
SFEROOM LTD,16889861,active,ltd,,,2025-12-03,,2025-12-03,[59200],Stoney Works London United Kingdom SE19 3BD
SKYDUNES LTD,16889892,active,ltd,,,2025-12-03,,2025-12-03,[62012],3rd Floor, 86-90 Paul Street London England EC2A 4NE
YNREC LTD,16889940,active,ltd,,,2025-12-03,,2025-12-03,[70229, 73110],Silverstream House London England W1T 6EB
PN EVENTS LTD,16889954,active,ltd,,,2025-12-03,,2025-12-03,[10832, 18129, 74209],Ennis Suite London United Kingdom E3 2PW
FYNDRA GLOBAL LTD,16890010,active,ltd,,,2025-12-03,,2025-12-03,[70229],3rd Floor, 86-90 Paul Street London United Kingdom EC2A 4NE
AM ABSTRACT LABS LTD,16890028,active,ltd,,,2025-12-03,,2025-12-03,[71111],32 Jocelyn Street London England SE15 5QJ
SPARKEAZE ELECTRICAL SERVICES LTD,16890032,active,ltd,,,2025-12-03,,2025-12-03,[43210, 68100, 68201],11 Berkshire Gardens London England N13 6AA
LJ GRIND LTD,16890062,active,ltd,,,2025-12-04,,2025-12-04,[56102],3rd Floor, 86-90 Paul Street London United Kingdom EC2A 4NE
GLOW&AURA LTD,16890176,active,ltd,,,2025-12-04,,2025-12-04,[47910],239 Kensington High Street London United Kingdom W8 6SN
PRESTIGE INTERNATIONAL EDITIONS LTD,16890184,active,ltd,,,2025-12-04,,2025-12-04,[63990],71-75 Shelton Street London United Kingdom WC2H 9JQ
CAZENOVE INVESTMENTS LIMITED,16890327,active,ltd,,,2025-12-04,,2025-12-04,[68209],New Burlington House London England NW11 0PU
OLOJAE LTD,16890318,active,ltd,,,2025-12-04,,2025-12-04,[47910],4 Tallow House Robson Walk London United Kingdom SE8 4FF
NSCALE SERVICES INTERMEDIATE HOLDINGS III LIMITED,16890339,active,ltd,,,2025-12-04,,2025-12-04,[64209],Level 5, 16 New Burlington Place London England W1S 2HX
CASTLESTONE ESTATES LTD,16890333,active,ltd,,,2025-12-04,,2025-12-04,[68100, 68209],Cole Street Studios London United Kingdom SE1 4YH
MINI MARKETT LTD,16890358,active,ltd,,,2025-12-04,,2025-12-04,[47910],4, 73 Devonshire Road London United Kingdom SW19 2EW
UYOUN AL KHAIR COMPANY LTD,16890359,active,ltd,,,2025-12-04,,2025-12-04,[46900],275 New N Rd #3110 London London United Kingdom N1 7AA
STAUNTON PARTNERS LTD,16890388,active,ltd,,,2025-12-04,,2025-12-04,[70229],Flat 3 Evelyn Hall, Staunton Street London United Kingdom SE8 5GA
MURRAY ENTERTAINMENT LTD,16890379,active,ltd,,,2025-12-04,,2025-12-04,[93110, 93120],128 City Road London United Kingdom EC1V 2NX
UMIND LTD,16890380,active,ltd,,,2025-12-04,,2025-12-04,[62012, 62090, 63120],71-75 Shelton Street London United Kingdom WC2H 9JQ
S R BASHAR CONSULTANCY LTD,16890392,active,ltd,,,2025-12-04,,2025-12-04,[70229],113 Romford Road London United Kingdom E15 4LY
AMARU VENTURES LTD,16890391,active,ltd,,,2025-12-04,,2025-12-04,[62012, 62020],71-75 Shelton Street London United Kingdom WC2H 9JQ
ELITE TILES AND STONES LTD,16890394,active,ltd,,,2025-12-04,,2025-12-04,[43330],Unit 5 329 London Road Hemel Hempstead England HP3 9AL
HUMMINGBIRD DESIGN CONSULTANCY LIMITED,16890397,active,ltd,,,2025-12-04,,2025-12-04,[74100],128 City Road London United Kingdom EC1V 2NX
TERRAFORM COLLECTIVE LIMITED,16890419,active,ltd,,,2025-12-04,,2025-12-04,[70221, 70229],128 City Road London United Kingdom EC1V 2NX
V31L LTD,16890413,active,ltd,,,2025-12-04,,2025-12-04,[62012],86-90 Paul Street London England EC2A 4NE
NOTORANSOM LTD,16890408,active,ltd,,,2025-12-04,,2025-12-04,[62012],94 Gloucester Avenue London England NW1 8HX
RABEE AL-HUSSEINI AGRICULTURAL DEVELOPMENT AND POULTRY PRODUCTION COMPANY. LTD,16890431,active,ltd,,,2025-12-04,,2025-12-04,[46900],275 New N Rd #3110 London London United Kingdom N1 7AA
CLM CONSTRUCT LTD,16890429,active,ltd,,,2025-12-04,,2025-12-04,[43999],24 Langton Avenue London England E6 6AL
THE MUNDANE CORPORATION LTD,16890480,active,ltd,,,2025-12-04,,2025-12-04,[59112, 63990],71-75 Shelton Street London United Kingdom WC2H 9JQ
NEXTLEVELFASHION LIMITED,16890482,active,ltd,,,2025-12-04,,2025-12-04,[46160, 46420],Apartment 52 The Sidings Apartments London England E16 2FH
MEDIA 1 LTD,16890490,active,ltd,,,2025-12-04,,2025-12-04,[58290, 61200, 62090, 63120],128 City Road London United Kingdom EC1V 2NX
MAMAHZ LIMITED,16890508,active,ltd,,,2025-12-04,,2025-12-04,[96020],50b Kellett Road London England SW2 1ED
RAINBOW LINK LTD,16890501,active,ltd,,,2025-12-04,,2025-12-04,[62020],Flat 1, 25 Church Road London United Kingdom NW10 9BA
MORRISS CONSULTING LTD,16890521,active,ltd,,,2025-12-04,,2025-12-04,[70229],71-75 Shelton Street London United Kingdom WC2H 9JQ
I&M INVESTMENTS LTD,16890516,active,ltd,,,2025-12-04,,2025-12-04,[51210],Rear Of 353 Lordship Lane London England SE22 8JJ
EALLAHICATERING LTD,16890545,active,ltd,,,2025-12-04,,2025-12-04,[56103, 56210],Mayfair London United Kingdom W1J 6BD
RELIANT WHOLESALE LTD,16890546,active,ltd,,,2025-12-04,,2025-12-04,[47910],3rd Floor, 86-90 Paul Street London United Kingdom EC2A 4NE
DK ENDEAVOUR LTD,16890556,active,ltd,,,2025-12-04,,2025-12-04,[47910],Dk Endeavour Ltd 167-169 Great Portland Street London United Kingdom W1W 5PF
WOKECLOTH LTD,16890576,active,ltd,,,2025-12-04,,2025-12-04,[47910],Suite 10266 5 Brayford Square London United Kingdom E1 0SG
EW DOM LTD,16890591,active,ltd,,,2025-12-04,,2025-12-04,[68100],86-90 Paul Street Paul Street London United Kingdom EC2A 4NE
THEPOT.LDN LTD,16890565,active,ltd,,,2025-12-04,,2025-12-04,[56103, 56290],167 - 169 Great Portland Street London England W1W 5PF
GAIA POPUP LTD,16890614,active,ltd,,,2025-12-04,,2025-12-04,[47250, 47890],71-75 Shelton Street London United Kingdom WC2H 9JQ
CANTICS CAN TRANSLATION INTERPRETING CONSULTANCY LTD,16890640,active,ltd,,,2025-12-04,,2025-12-04,[70229, 74300, 82110, 82190],124-128 City Road London England EC1V 2NX
HARMONY MEDITATION LTD,16890686,active,ltd,,,2025-12-04,,2025-12-04,[86900],49 Westacott Close London United Kingdom N19 3LE
TULSOT MARKETING LTD,16890692,active,ltd,,,2025-12-04,,2025-12-04,[70229, 73110],20 Wenlock Road London England N1 7GU
OAKRISE CARE LTD,16890716,active,ltd,,,2025-12-04,,2025-12-04,[88100],1 Stuart Road London England NW6 5LS
HOHAFITNESS-PT-IN-YOUR-POCKET LIMITED,16890726,active,ltd,,,2025-12-04,,2025-12-04,[62012],Flat 33 Tamarillo House London England E3 2WB
TYMAG LTD,16890731,active,ltd,,,2025-12-04,,2025-12-04,[41201, 41202],128 City Road London United Kingdom EC1V 2NX
TENRY VENTURES LTD,16890752,active,ltd,,,2025-12-04,,2025-12-04,[70229],128 City Road London United Kingdom EC1V 2NX
LEARNING KINETICS LTD,16890750,active,ltd,,,2025-12-04,,2025-12-04,[58190, 58290, 82302, 85590],47a Wix's Lane London England SW4 0AH
AVELIA WELLNESS GROUP A.S. LTD,16890755,active,ltd,,,2025-12-04,,2025-12-04,[47910],4 Raven Road, Unit 1c3-985 London United Kingdom E18 1HB
PROGNOHQ LTD,16890744,active,ltd,,,2025-12-04,,2025-12-04,[62012],124-128 City Road London England EC1V 2NX
BMS GROUP LONDON LTD,16890764,active,ltd,,,2025-12-04,,2025-12-04,[47910],Suite Ra01 195-197 Wood Street London United Kingdom E17 3NU
GEOPOLITICAL DYNAMICS LTD,16890782,active,ltd,,,2025-12-04,,2025-12-04,[70210, 70229, 74909, 85600],47a Wix's Lane London England SW4 0AH
CAPITALIZT LTD,16890768,active,ltd,,,2025-12-04,,2025-12-04,[63990, 70229, 85590],128 City Road London United Kingdom EC1V 2NX
TESTCODDU LTD,16890796,active,ltd,,,2025-12-04,,2025-12-04,[47910],Unit 103 48 Waterside Heights London United Kingdom E16 2GP
EMPIRE LOCAL EXPRESS LIMITED,16890818,active,ltd,,,2025-12-04,,2025-12-04,[47110],301 Mare Street London England E8 1EJ
MIRZA CAPITAL LTD,16890840,active,ltd,,,2025-12-04,,2025-12-04,[47910],71-75 Shelton Street London United Kingdom WC2H 9JQ
REFINED ROOTS GROOMING LAB LTD,16890846,active,ltd,,,2025-12-04,,2025-12-04,[46450, 47750, 47890, 47910],86-90 Paul Street London England EC2A 4NE
EKOKAT YACHTS MANAGEMENT UK LTD,16890870,active,ltd,,,2025-12-04,,2025-12-04,[70229],71-75 Shelton Street London United Kingdom WC2H 9JQ
BDC TATTOO LTD,16890882,active,ltd,,,2025-12-04,,2025-12-04,[82990],269 Camden High Street London England NW1 7BX
GREENPATH ENERGY LTD,16890880,active,ltd,,,2025-12-04,,2025-12-04,[74901],71-75 Shelton Street London United Kingdom WC2H 9JQ
GO PAMWE LTD,16890872,active,ltd,,,2025-12-04,,2025-12-04,[61200],20 Wenlock Road London England N1 7GU
MOUNTAIN LABS LTD,16890919,active,ltd,,,2025-12-04,,2025-12-04,[62012],128 City Road London United Kingdom EC1V 2NX
HORIZONS PROPERTIES & DEVELOPMENT LTD,16890909,active,ltd,,,2025-12-04,,2025-12-04,[68100, 68201, 68209, 68320],128 City Road London United Kingdom EC1V 2NX
PUSH CARIBBEAN LIMITED,16890924,active,ltd,,,2025-12-04,,2025-12-04,[82301],9 Creighton Road London United Kingdom N17 8JU
NEXEL LTD,16890956,active,ltd,,,2025-12-04,,2025-12-04,[47410, 47421, 47710, 47910],71-75 Shelton Street London United Kingdom WC2H 9JQ
NSCALE SERVICES UK III LIMITED,16890967,active,ltd,,,2025-12-04,,2025-12-04,[62090],Level 5, 16 New Burlington Place London England W1S 2HX
ROAMSTATS LIMITED,16890964,active,ltd,,,2025-12-04,,2025-12-04,[58290, 62012],124-128 City Road London England EC1V 2NX
BDC PIERCING LTD,16890994,active,ltd,,,2025-12-04,,2025-12-04,[47770, 82990],269 Camden High Street London England NW1 7BX
ECOVISIONUK LTD,16890995,active,ltd,,,2025-12-04,,2025-12-04,[47110, 47190, 47910, 47990],71-75 Shelton Street London United Kingdom WC2H 9JQ
TRANSFORMER HOLDCO LTD,16891004,active,ltd,,,2025-12-04,,2025-12-04,[64205],7th Floor 50 Broadway London United Kingdom SW1H 0DB
OLAF BIDCO LTD,16891006,active,ltd,,,2025-12-04,,2025-12-04,[64205],7th Floor 50 Broadway London United Kingdom SW1H 0DB
KINDELLE LTD,16891036,active,ltd,,,2025-12-04,,2025-12-04,[47910],128 City Road London United Kingdom EC1V 2NX
NOVVA LIMITED,16891038,active,ltd,,,2025-12-04,,2025-12-04,[82990],7th Floor 50 Broadway London United Kingdom SW1H 0DB
LUXE LINE REMOVAL AND MOVER LTD,16891037,active,ltd,,,2025-12-04,,2025-12-04,[49410, 49420, 52103],128 City Road London United Kingdom EC1V 2NX
SILVER BURCHES CARE HOME GROUP LIMITED,16891048,active,ltd,,,2025-12-04,,2025-12-04,[87100, 87300, 87900, 88100],71-75 Shelton Street London United Kingdom WC2H 9JQ
SPARKLING PLUS LTD,16891071,active,ltd,,,2025-12-04,,2025-12-04,[81100],124 City  Road London United Kingdom EC1V 2NX
ELDA MOR LIMITED,16891055,active,ltd,,,2025-12-04,,2025-12-04,[74100],33 Sutton Lane North London England W4 4LB
APOUS BOOKS LTD,16891064,active,ltd,,,2025-12-04,,2025-12-04,[58110],Office No. 41, 9.17 Capital Tower, 91 Waterloo Road, London United Kingdom SE1 8RT
MF CAPITAL LTD,16891053,active,ltd,,,2025-12-04,,2025-12-04,[70229],3rd Floor, 86-90 Paul Street London United Kingdom EC2A 4NE
LYDEON ESTATES LTD,16891050,active,ltd,,,2025-12-04,,2025-12-04,[68100, 68209, 68320],187 High Road Leyton London England E15 2BY
NOMAE LIMITED,16891082,active,ltd,,,2025-12-04,,2025-12-04,[70229],49 Waldo Road London United Kingdom NW10 6AU
SUITE24 HOMES LIMITED,16891124,active,ltd,,,2025-12-04,,2025-12-04,[55900],71-75 Shelton Street London United Kingdom WC2H 9JQ
STUBBORN IDEAS LIMITED,16891155,active,ltd,,,2025-12-04,,2025-12-04,[62012],98 Edith Grove London England SW10 0NH
WORTEX GLOBAL LTD,16891182,active,ltd,,,2025-12-04,,2025-12-04,[46900, 68100, 68209],20 Wenlock Road London England N1 7GU
PARLAKKAYA LIMITED,16891186,active,ltd,,,2025-12-04,,2025-12-04,[47910],Suite 10262 5 Brayford Square London United Kingdom E1 0SG
TAKE ENERGY LTD,16891190,active,ltd,,,2025-12-04,,2025-12-04,[62090],128 City Road London United Kingdom EC1V 2NX
SWANSTAR TRADERS LIMITED,16891183,active,ltd,,,2025-12-04,,2025-12-04,[96090],72 Halliwick Road London England N10 1AB
FATSTAR LTD,16891212,active,ltd,,,2025-12-04,,2025-12-04,[62020],Office 16007 182-184 High Street North London United Kingdom E6 2JA
MDT PRODUCTION LTD,16891210,active,ltd,,,2025-12-04,,2025-12-04,[90010, 90020],71-75 Shelton Street London United Kingdom WC2H 9JQ
HEALTHY FOOD  OUTLETS LIMITED,16891230,active,ltd,,,2025-12-04,,2025-12-04,[56103],164 London Rd Wallington United Kingdom SM6 7HF
BARZAN TRAVELS LTD,16891225,active,ltd,,,2025-12-04,,2025-12-04,[79110],124 City Road London United Kingdom EC1V 2NX
DAWSONS LDN LTD,16891254,active,ltd,,,2025-12-04,,2025-12-04,[41201, 41202, 43390],287 Hertford Road London England N9 7ES
LA SMALA TRAVEL LIMITED,16891255,active,ltd,,,2025-12-04,,2025-12-04,[55201, 96040, 96090],71-75 Shelton Street London United Kingdom WC2H 9JQ
TERANGA HOUSE OF TRADE LTD,16891270,active,ltd,,,2025-12-04,,2025-12-04,[10832, 46170, 46341, 46420],3rd Floor, 86-90 Paul Street London England EC2A 4NE
IMPERIUM ENERGY GROUP LTD,16891277,active,ltd,,,2025-12-04,,2025-12-04,[35230, 71122],20 Wenlock Road London England N1 7GU
VIGINOVIX LIMITED,16891280,active,ltd,,,2025-12-04,,2025-12-04,[86900, 96090],167-169 Great Portland Street London England W1W 5PF
WHITTLESEY JV LTD,16891274,active,ltd,,,2025-12-04,,2025-12-04,[64209],101 New Cavendish Street London England W1W 6XH
PECKHAM BARBERS 151 LTD,16891275,active,ltd,,,2025-12-04,,2025-12-04,[96020],151 Bellenden Road London England SE15 4DH
INSPIREDSTEMCOACHING LTD,16891258,active,ltd,,,2025-12-04,,2025-12-04,[85600],71-75 Shelton Street London United Kingdom WC2H 9JQ
CHARLIE PARSONS LIMITED,16891323,active,ltd,,,2025-12-04,,2025-12-04,[70210],71-75 Shelton Street London United Kingdom WC2H 9JQ
OCS LONDON LTD,16891304,active,ltd,,,2025-12-04,,2025-12-04,[56102],The Old Curiosity Shop London United Kingdom WC2A 2ES
DATA TRAIN INVESTMENTS LIMITED,16891314,active,ltd,,,2025-12-04,,2025-12-04,[62020],Office 587 60 Tottenham Court Road London United Kingdom W1T 2EW
PROPHOOD HOLDINGS LTD,16891336,active,ltd,,,2025-12-04,,2025-12-04,[68310, 68320],4 Cotswold Gardens London England NW2 1QR
VANTAGE CORE CAPITAL LIMITED,16891343,active,ltd,,,2025-12-04,,2025-12-04,[70229],C/O Fieldfisher Riverbank House London United Kingdom EC4R 3TT
OUREA SUPPLIES LTD,16891353,active,ltd,,,2025-12-04,,2025-12-04,[96090],71-75 Shelton Street London United Kingdom WC2H 9JQ
MFA WHEELS LIMITED,16891345,active,ltd,,,2025-12-04,,2025-12-04,[45112, 77110, 77120],88 Calderon Road London England E11 4EU
MY SKILLS PASSPORT LIMITED,16891341,active,ltd,,,2025-12-04,,2025-12-04,[74990],Floor 8 71 Queen Victoria Street London England EC4V 4AY
JTO SHAW LTD,16891356,active,ltd,,,2025-12-04,,2025-12-04,[70229],20 Wenlock Road London England N1 7GU
SEBASECURE LIMITED,16891372,active,ltd,,,2025-12-04,,2025-12-04,[71129],3rd Floor, 86-90 Paul Street London United Kingdom EC2A 4NE
GOLDENFIRE LS LTD,16891367,active,ltd,,,2025-12-04,,2025-12-04,[56101, 68209],Kings House London England SW19 8PL
YADA FOODS AND BEVERAGE LTD,16891385,active,ltd,,,2025-12-04,,2025-12-04,[47110, 56103],Office 403 Screenworks 22 Highbury Grove London United Kingdom N5 2ER
WIGMORE (NOTTINGHAM) LIMITED,16891494,active,ltd,,,2025-12-04,,2025-12-04,[68100, 68209],Unit 1 Hawthorn Business Park London England NW2 2AZ
BUTTERFLY VIRGINIA PARK LTD,16891496,active,ltd,,,2025-12-04,,2025-12-04,[41100],25 Cabot Square London England E14 4QZ
KINRISE MFP (MANAGEMENT) LTD,16891513,active,ltd,,,2025-12-04,,2025-12-04,[68209],The Scalpel 18th Floor London United Kingdom EC3M 7AF
WILSON JAMES LOGISTICS LIMITED,16891507,active,ltd,,,2025-12-04,,2025-12-04,[42990],Chalkwell Lawns 648-656 London Rd Essex United Kingdom SS0 9HR
YUAN BUILDING LTD,16891545,active,ltd,,,2025-12-04,,2025-12-04,[46150],32 Fairland Road London England E15 4AF
SKYMOSAIC LTD,16891557,active,ltd,,,2025-12-04,,2025-12-04,[77291],3rd Floor, 86-90 Paul Street London United Kingdom EC2A 4NE
UDDIN SQUARE LTD,16891569,active,ltd,,,2025-12-04,,2025-12-04,[68100, 68209],549 Arnold Road London England E3 4NR
PEAK HOLDINGS GROUP LTD,16891602,active,ltd,,,2025-12-04,,2025-12-04,[41100],2nd Floor College House Ruislip, United Kingdom HA4 7AE
LCOLLECTIVE LTD,16891645,active,ltd,,,2025-12-04,,2025-12-04,[73120],91 Raleigh Drive London England N20 0UZ
MY EQUA UK LIMITED,16891658,active,ltd,,,2025-12-04,,2025-12-04,[47910],128 City Road London United Kingdom EC1V 2NX
HE5 N2 CREWE 2 LIMITED,16891628,active,ltd,,,2025-12-04,,2025-12-04,[99999],7th Floor 50 Broadway London United Kingdom SW1H 0DB
SHAFQAT MART LIMITED,16891683,active,ltd,,,2025-12-04,,2025-12-04,[47910],Office 15866 182-184 High Street North London United Kingdom E6 2JA
LONAVO GROUP LTD,16891660,active,ltd,,,2025-12-04,,2025-12-04,[47910],71-75 Shelton Street London United Kingdom WC2H 9JQ
BOOSTING HOUSE LTD,16891697,active,ltd,,,2025-12-04,,2025-12-04,[62090, 63120],2nd Floor College House Ruislip, United Kingdom HA4 7AE
PLEINSUD CONCIERGERIE LTD,16891699,active,ltd,,,2025-12-04,,2025-12-04,[55900],71-75 Shelton Street London United Kingdom WC2H 9JQ
THE SWAN HOXNE LIMITED,16891700,active,ltd,,,2025-12-04,,2025-12-04,[56302],71-75 Shelton Street London United Kingdom WC2H 9JQ
THE WOODEN CROSS LTD,16891689,active,ltd,,,2025-12-04,,2025-12-04,[56302],71-75 Shelton Street London United Kingdom WC2H 9JQ
AARAN TRANSPORT LTD,16891703,active,ltd,,,2025-12-04,,2025-12-04,[49410],226 Seven Sister Road London England N4 3NX
AUCTRA LTD,16891724,active,ltd,,,2025-12-04,,2025-12-04,[70229, 71121, 74902, 78300],128 City Road London United Kingdom EC1V 2NX
RAE BARON CARE PROVIDER LTD,16891728,active,ltd,,,2025-12-04,,2025-12-04,[87100, 87200, 87300, 87900],2nd Floor West Suite, London United Kingdom E1 2BT
SPARKLING EM LTD,16891712,active,ltd,,,2025-12-04,,2025-12-04,[81299],27 Old Gloucester Street London United Kingdom WC1N 3AX
YOEL TESFAY LTD,16891758,active,ltd,,,2025-12-04,,2025-12-04,[47910],292619, Office Suite 29a, 3/F 23 Wharf Street London England SE8 3GG
VALE GLOBAL LTD,16891760,active,ltd,,,2025-12-04,,2025-12-04,[78109],37 Lombard Street London England EC3V 9BQ
ASSET VEHICLE RENTAL LTD,16891750,active,ltd,,,2025-12-04,,2025-12-04,[49320],14/2g Docklands Business Centre London United Kingdom E14 8PX
LYJO TECH LTD,16891805,active,ltd,,,2025-12-04,,2025-12-04,[71129],115 Hampstead Road London United Kingdom NW1 3EE
3D CERTHUB UK LTD,16891874,active,ltd,,,2025-12-04,,2025-12-04,[74909],71-75 Shelton Street London United Kingdom WC2H 9JQ
MOVE WELLNESS LTD,16891876,active,ltd,,,2025-12-04,,2025-12-04,[93130],167-169 Great Portland Street London England W1W 5PF
FARAZASHRAF LTD,16891866,active,ltd,,,2025-12-04,,2025-12-04,[47910],Office 16051 182-184 High Street North London United Kingdom E6 2JA
411V1111 LIMITED,16891891,active,ltd,,,2025-12-04,,2025-12-04,[72190, 72200, 74100, 74990],71-75 Shelton Street London United Kingdom WC2H 9JQ
RIMAANDRIMA LTD,16891887,active,ltd,,,2025-12-04,,2025-12-04,[47710],Unimix House London England NW10 7TR
TRAFALGAR LAW CATERING LTD,16891901,active,ltd,,,2025-12-04,,2025-12-04,[56103, 56210],3rd Floor 337 City Road London England EC1V 1LJ
B REAL LTD,16891895,active,ltd,,,2025-12-04,,2025-12-04,[41100, 68209, 68310, 68320],40 Bank Street London England E14 5NR
JTECH TECHNOLOGIES LTD,16891918,active,ltd,,,2025-12-04,,2025-12-04,[62020],Suite C165, 4 - 6, Greatorex Street London, United Kingdom E1 5NF
TAGLZ LTD,16891941,active,ltd,,,2025-12-04,,2025-12-04,[47910, 47990, 73110, 82990],Stoney Works London United Kingdom SE19 3BD
FREEMAN & PARTNERS LTD,16891940,active,ltd,,,2025-12-04,,2025-12-04,[82990],7 Bell Yard London England WC2A 2JR
FIXIT LEADS LIMITED,16891948,active,ltd,,,2025-12-04,,2025-12-04,[73110],Flat G02 Angela Court London England E14 7EL
NAMUR CONSULTING LIMITED,16891972,active,ltd,,,2025-12-04,,2025-12-04,[70229],19 Bective Road London England SW15 2QA
THE SPACE LONDON HOLDINGS CO. LTD,16891959,active,ltd,,,2025-12-04,,2025-12-04,[64209],Office 4 Second Floor, Park Lorne, 111 Park Road London United Kingdom NW8 7JL
CONSTRUCTIV LTD,16891974,active,ltd,,,2025-12-04,,2025-12-04,[43999],3rd Floor, 86-90 Paul Street London United Kingdom EC2A 4NE
WINGRIDGE ADVISORY LTD,16891975,active,ltd,,,2025-12-04,,2025-12-04,[70229],86-90 Paul Street London United Kingdom EC2A 4NE
HIYAB PROPERTY INVESTMENT LTD,16892010,active,ltd,,,2025-12-04,,2025-12-04,[68100, 68209, 68320],The Link 49 Effra Road London England SW2 1BZ
CATALOGUE DU BEAU LTD,16892016,active,ltd,,,2025-12-04,,2025-12-04,[74100],Apartment 505 Vermont House 2 Dingley Road London England EC1V 8DL
FVRDRMZZZ LIMITED,16892030,active,ltd,,,2025-12-04,,2025-12-04,[59113, 73110, 85590, 90030],10 Approach Road London England E2 9LY
PHIL.E.STINE LTD,16892043,active,ltd,,,2025-12-04,,2025-12-04,[90030],Ground Floor Flat London England N4 3LD
DAWNSTEAD CARE LTD,16892103,active,ltd,,,2025-12-04,,2025-12-04,[87200],Apartment 79 Fitzroy House London England SW11 4GH
ANDERMANN CONSULTING LTD,16892098,active,ltd,,,2025-12-04,,2025-12-04,[70229],4 Thomas More Square London England E1W 1YW
MCCPSITESERVICES LTD,16892125,active,ltd,,,2025-12-04,,2025-12-04,[43999],3rd Floor, 86-90 Paul Street London United Kingdom EC2A 4NE
COBHAM DINING LIMITED,16892145,active,ltd,,,2025-12-04,,2025-12-04,[68209, 68320],1 Breasley Close London England SW15 6JL
MAAC2 UK LTD,16892148,active,ltd,,,2025-12-04,,2025-12-04,[64304],52 Lime Street London England EC3M 7AF
OCULA GROUP LIMITED,16919790,active,ltd,,,2025-12-18,,2025-12-18,[47782],124-128 City Road London England EC1V 2NJ
SVML GROUP LIMITED,16896284,active,ltd,,,2025-12-08,,2025-12-08,[70229],68 King William Street London England EC4N 7HR
TYH HOUSES LTD,16937497,active,ltd,,,2025-12-31,,2025-12-31,[68209],12 Leabourne Road London England N16 6TA
DELAYHELP LTD,16935319,active,ltd,,,2025-12-30,,2025-12-30,[79909],Delayhelp Ltd London United Kingdom E1 0SG
TJR RECYCLING SERVICES LTD,16905881,active,ltd,,,2025-12-12,,2025-12-12,[38110, 49420, 53201, 81300],71-75 Shelton Street London United Kingdom WC2H 9JQ
DEEPFRAME GROUP LTD,16931002,active,ltd,,,2025-12-24,,2025-12-24,[82301, 82302],86-90 Paul Street London England EC2A 4NE
JUBILEE FINANCIAL ENGINEERING LTD,16902087,active,ltd,,,2025-12-10,,2025-12-10,[62020, 64991, 66190, 70229],71-75 Shelton Street Covent Garden United Kingdom WC2H 9JQ
INJECT EDUCATION LTD,16932308,active,ltd,,,2025-12-27,,2025-12-27,[70229, 82990],2 Grantham Road London England W4 2RS
313 WORLDWIDE COMPANY LTD,16930885,active,ltd,,,2025-12-24,,2025-12-24,[47710],17 Woodhouse Grove London England E12 6SR
TECH BENCHMARK SERVICE LTD,16882651,active,ltd,,,2025-12-01,,2025-12-01,[70229],71-75 Shelton Street London United Kingdom WC2H 9JQ
LOUANT LTD,16918184,active,ltd,,,2025-12-17,,2025-12-17,[41202],86-90 Paul Street London England EC2A 4NE
LONDWELL ESTATES LTD,16920417,active,ltd,,,2025-12-18,,2025-12-18,[68320],25 Glaserton Road London United Kingdom N16 5QU
EMPIRE SURVEYING LTD,16920497,active,ltd,,,2025-12-18,,2025-12-18,[43999],56 Wood Lane London England NW9 7NY
SHAREKTE190 LTD,16920724,active,ltd,,,2025-12-18,,2025-12-18,[46900],275 New N Rd #3110 London London United Kingdom N1 7AA
CHILLINGVIBES LTD,16920722,active,ltd,,,2025-12-18,,2025-12-18,[68209],71-75 Shelton Street London United Kingdom WC2H 9JQ
EMMAGNIFICENT LTD,16920914,active,ltd,,,2025-12-18,,2025-12-18,[90030],Basement & Ground Floor Flat, 45 London United Kingdom W8 6LA
STADIO SOCIAL LTD,16920918,active,ltd,,,2025-12-18,,2025-12-18,[58290, 62090, 63120],71-75 Shelton Street London United Kingdom WC2H 9JQ
ALMADA GLOBAL VENDING LTD,16920925,active,ltd,,,2025-12-18,,2025-12-18,[47190, 47990],Apartment 18 Zeller House London England E20 1FL
LT13 LTD,16920902,active,ltd,,,2025-12-18,,2025-12-18,[71122],3rd Floor, 86-90 Paul Street London United Kingdom EC2A 4NE
FATSALEE 52 LTD,16921162,active,ltd,,,2025-12-18,,2025-12-18,[56102],178 Philip Lane London England N15 4JW
TWO MILE BRISTOL LIMITED,16921216,active,ltd,,,2025-12-19,,2025-12-19,[68209],144 Osbaldeston Road London England N16 6NJ
RABITRADE HUB LIMITED,16921217,active,ltd,,,2025-12-19,,2025-12-19,[47910],Flat 33 Churchill Court London England SE18 5DN
FIRST MOVE CORPORATION LIMITED,16921477,active,ltd,,,2025-12-19,,2025-12-19,[96090],72 Halliwick Road London England N10 1AB
MCKENZIEDELIVERY LIMITED,16921653,active,ltd,,,2025-12-19,,2025-12-19,[82990],124-128 City Road London England EC1V 2NX
BRUNEL KSM LTD,16921654,active,ltd,,,2025-12-19,,2025-12-19,[73110],Workshed Carriage Works Swindon United Kingdom SN1 5DG
KAYEF TRADING LTD,16921802,active,ltd,,,2025-12-19,,2025-12-19,[47910],4 Raven Road, Unit 1c3-1003 London United Kingdom E18 1HB
FAMOUS BLUSH LIMITED,16921791,active,ltd,,,2025-12-19,,2025-12-19,[73110, 82990],167 - 169 Great Portland Street London England W1W 5PF
GG-960-080 LIMITED,16921793,active,ltd,,,2025-12-19,,2025-12-19,[68209],C/O Getground London England W6 0NB
MY FLOURISHING SELF LTD,16922018,active,ltd,,,2025-12-19,,2025-12-19,[86900],71-75 Shelton Street London United Kingdom WC2H 9JQ
CD101 LTD,16922024,active,ltd,,,2025-12-19,,2025-12-19,[99999],167-169 Great Portland Street London England W1W 5PF
DEALSTUDIO LIMITED,16922022,active,ltd,,,2025-12-19,,2025-12-19,[62012],124 City Road London England EC1V 2NX
MAXTINGER GROUP LTD,16922134,active,ltd,,,2025-12-19,,2025-12-19,[62020, 63110, 73110, 79110],128 City Road London United Kingdom EC1V 2NX
ZYN GLOBAL LTD,16922286,active,ltd,,,2025-12-19,,2025-12-19,[62020, 62090, 63990],20 Wenlock Road London England N1 7GU
DRURY AND CROOME LTD,16922280,active,ltd,,,2025-12-19,,2025-12-19,[64209],C/O Getground London England W6 0NB
PLUGHUB LTD,16922293,active,ltd,,,2025-12-19,,2025-12-19,[62012],Unit 501 Leroy House London United Kingdom N1 3FY
CONNECT CE CONSULTING LTD,16922380,active,ltd,,,2025-12-19,,2025-12-19,[70229, 74909],71-75 Shelton Street London United Kingdom WC2H 9JQ
QIMYCOLOGY LTD,16922447,active,ltd,,,2025-12-19,,2025-12-19,[46390, 47910],71-75 Shelton Street London United Kingdom WC2H 9JQ
MACB SOLUTIONS LIMITED,16922472,active,ltd,,,2025-12-19,,2025-12-19,[62020],Lower Ground 216 Lordship Road London England N16 5HQ
ACCUREY LTD,16922544,active,ltd,,,2025-12-19,,2025-12-19,[62012],86-90 Paul Street London England EC2A 4NE
REIATSU RESEARCH LTD,16922547,active,ltd,,,2025-12-19,,2025-12-19,[73200, 74909],Apartment 88 Unex Tower London England E15 1DA
AS GOD MADE LTD,16922786,active,ltd,,,2025-12-19,,2025-12-19,[20420],2nd Floor College House Ruislip, United Kingdom HA4 7AE
FISH WORLD AND HALAL MEATS LTD,16922787,active,ltd,,,2025-12-19,,2025-12-19,[46380],299 Mitcham Road London England SW17 9JQ
BOOPCAT LTD,16923037,active,ltd,,,2025-12-19,,2025-12-19,[62020, 62090, 64999],71-75 Shelton Street London United Kingdom WC2H 9JQ
AURA TV LTD,16923027,active,ltd,,,2025-12-19,,2025-12-19,[63120, 90010, 90020],27 Old Gloucester St, Holborn London England WC1N 3AX
KOVAA STUDIO LTD,16923083,active,ltd,,,2025-12-19,,2025-12-19,[93130],307 Cricklewood Broadway London England NW2 6PG
FAIRGREEN CONSTRUCTION LTD,16923109,active,ltd,,,2025-12-19,,2025-12-19,[41100, 41201, 41202],3rd Floor, 86-90 Paul Street London England EC2A 4NE
SHAKMC HOLDINGS LTD,16923504,active,ltd,,,2025-12-20,,2025-12-20,[93199],4 The Green Walk London United Kingdom E4 7ER
DAVID'S ROAD LETTINGS LTD,16923729,active,ltd,,,2025-12-20,,2025-12-20,[68100, 68209],Lower Flat London United Kingdom SE23 3EX
AD HOC AVIATION LIMITED,16911254,active,ltd,,,2025-12-15,,2025-12-15,[52230],3rd Floor, 86-90 Paul Street London England EC2A 4NE
GYE NYAME EASTLONDON FC LTD,16923794,active,ltd,,,2025-12-20,,2025-12-20,[85510, 93199],35 Given Wilson Walk London England E13 0EB
REE2 HOLDCO LTD,16924404,active,ltd,,,2025-12-21,,2025-12-21,[64209],6 Arlington Street London England SW1A 1RE
SPAM ON STAGE LIMITED,16925092,active,ltd,,,2025-12-22,,2025-12-22,[90010],C/O Thomas Hopkins Productions Limited Suite 103, Davina House London England EC1V 7ET
RIGHTSLEND LTD,16925078,active,ltd,,,2025-12-22,,2025-12-22,[64301, 66290, 66300],Flat 18 Imperial House London England E14 8BQ
LONDINIUM BUSINESS CLUB LTD,16925195,active,ltd,,,2025-12-22,,2025-12-22,[96090],71-75 Shelton Street London United Kingdom WC2H 9JQ
LAMARD DEVILS LIMITED,16925193,active,ltd,,,2025-12-22,,2025-12-22,[47710],11 Boone Street London England SE13 5SD
RAGHA LIMITED,16925205,active,ltd,,,2025-12-22,,2025-12-22,[62012],Flat 7 Qube Court London England SW12 9ED
ELHNN LTD,16925508,active,ltd,,,2025-12-22,,2025-12-22,[61900, 63120],71-75 Shelton Street London United Kingdom WC2H 9JQ
KHARIS GROUP HOLDINGS LTD,16925509,active,ltd,,,2025-12-22,,2025-12-22,[64209],Office 204 10 Courtenay Road London United Kingdom HA9 7ND
FIELD CAPITAL HOLDINGS LTD,16925515,active,ltd,,,2025-12-22,,2025-12-22,[64999],124-128 City Road London England EC1V 2NX
ACTIVO CONSULTING UK LIMITED,16925512,active,ltd,,,2025-12-22,,2025-12-22,[58141, 70229],71-75 Shelton Street London United Kingdom WC2H 9JQ
CM20.26 HOLDING LIMITED,16925495,active,ltd,,,2025-12-22,,2025-12-22,[82990],Portman House Fidcorp London England W1H 6DU
SAZRAH PRODUCTIONS LTD,16925789,active,ltd,,,2025-12-22,,2025-12-22,[59200],20 Wenlock Road London England N1 7GU
SHAREKTE192 LTD,16925803,active,ltd,,,2025-12-22,,2025-12-22,[46900],275 New N Rd #3110 London London United Kingdom N1 7AA
GOLD FRAME CREATIVE LTD,16925795,active,ltd,,,2025-12-22,,2025-12-22,[59120],Apartment 901 Jessop Building 14 Dominion Walk London England E14 9FN
FZR GLOBAL LTD,16925930,active,ltd,,,2025-12-22,,2025-12-22,[47910, 73110],Abdur Rahim London United Kingdom EC1V 2NX
SHAKE2MAKE LTD,16925933,active,ltd,,,2025-12-22,,2025-12-22,[85200],2nd Floor College House Ruislip, United Kingdom HA4 7AE
ASSET FINANCE PARTNERS LIMITED,16925931,active,ltd,,,2025-12-22,,2025-12-22,[82990],Eighth Floor 6 New Street Square London United Kingdom EC4A 3AQ
ORYVEX LTD,16925962,active,ltd,,,2025-12-22,,2025-12-22,[70229, 74909, 82990],191 Lavender Hill London England SW11 5TB
CONTRACTALYST LIMITED,16926188,active,ltd,,,2025-12-22,,2025-12-22,[62012, 62020, 63110],124 City Road London United Kingdom EC1V 2NX
ESTRA SYSTEMS LTD,16926181,active,ltd,,,2025-12-22,,2025-12-22,[70229, 74100],23 Well Grove London England N20 9BN
INTO ART EVENTS LTD,16926184,active,ltd,,,2025-12-22,,2025-12-22,[82302, 82990],1 Kings Avenue Winchmore Hill United Kingdom N21 3NA
PURE GREEN ENERGY & HEATING LTD,16926170,active,ltd,,,2025-12-22,,2025-12-22,[43210, 43220, 71129],Flat 455 Fellows Court Weymouth Terrace London England E2 8LG
CROWN NEXUS LTD,16926190,active,ltd,,,2025-12-22,,2025-12-22,[47910],128 City Road London United Kingdom EC1V 2NX
BUILDRA LTD,16926204,active,ltd,,,2025-12-22,,2025-12-22,[43290, 81210],Unit F36b Expressway Studios London England E16 1AH
INTERNATIONAL STUDENT FINANCE SPV LTD,16926206,active,ltd,,,2025-12-22,,2025-12-22,[64992, 82990, 85600],Level 39 One Canada Square London United Kingdom E14 5AB
FIXBAY LIMITED,16926473,active,ltd,,,2025-12-22,,2025-12-22,[71129],3rd Floor, 86-90 Paul Street London United Kingdom EC2A 4NE
BL PROPERTY PARTNERS LTD,16926753,active,ltd,,,2025-12-22,,2025-12-22,[68100],20 Anthony Road London England SE25 5HB
QAP LONDON LIMITED,16926756,active,ltd,,,2025-12-22,,2025-12-22,[64202],6th Floor 2 London Wall Place London United Kingdom EC2Y 5AU
HARROWDEN SITE LTD,16926940,active,ltd,,,2025-12-22,,2025-12-22,[68100],115 Craven Park Road London England N15 6BL
EPSILON DELTA VENDING LIMITED,16927168,active,ltd,,,2025-12-22,,2025-12-22,[47990, 77210, 77390, 93290],87 Montagu Road London England N18 2LX
SHOP 84 LTD,16927167,active,ltd,,,2025-12-22,,2025-12-22,[96090],71-75 Shelton Street London United Kingdom WC2H 9JQ
NOVAR BUILDERS AND DEVELOPERS PRIVATE LIMITED,16927166,active,ltd,,,2025-12-22,,2025-12-22,[41100, 41201],First Floor Office London United Kingdom W8 4LZ
AL-RAFI GLOBAL LTD,16927157,active,ltd,,,2025-12-22,,2025-12-22,[29100, 45310, 45320, 46420],20 Wenlock Road London England N1 7GU
JIALUO LIMITED,16927182,active,ltd,,,2025-12-22,,2025-12-22,[47910],292584, Office Suite 29a, 3/F 23 Wharf Street London England SE8 3GG
ALLSHIRES PROPERTY SERVICES LTD,16927205,active,ltd,,,2025-12-22,,2025-12-22,[41100, 43210, 43310, 43390],2nd Floor College House Ruislip, United Kingdom HA4 7AE
HALINA'S TAILORING LTD,16927214,active,ltd,,,2025-12-22,,2025-12-22,[47510, 74100, 96010],Halina Tailors, 188 B Acton Lane London United Kingdom W4 5DL
WATTI LTD,16927390,active,ltd,,,2025-12-22,,2025-12-22,[62012, 62020, 63110],167-169 Great Portland Street London United Kingdom W1W 5PF
CHEFROOT LIMITED,16927384,active,ltd,,,2025-12-22,,2025-12-22,[46380],71-75 Shelton Street London United Kingdom WC2H 9JQ
CHRONARA AI LTD,16927373,active,ltd,,,2025-12-22,,2025-12-22,[62020],128 City Road London United Kingdom EC1V 2NX
GRANT CAPITAL GROUP LIMITED,16927371,active,ltd,,,2025-12-22,,2025-12-22,[64209, 70100],71-75 Shelton Street London United Kingdom WC2H 9JQ
ARTS PROPERTY GROUP LTD,16927378,active,ltd,,,2025-12-22,,2025-12-22,[68100],Flat 1 45 Hale Grove Gardens London England NW7 3LT
RAVENSTONE HOLDINGS LIMITED,16927649,active,ltd,,,2025-12-22,,2025-12-22,[99999],24 Atwood Road London England W6 0HX
AUNTY'S NUGGETS LTD,16927777,active,ltd,,,2025-12-23,,2025-12-23,[46390],Flat 34 Hamlet Court London England W6 0SY
ZAMAHI LTD,16927764,active,ltd,,,2025-12-23,,2025-12-23,[47910],195 Wood Street London England E17 3NU
AVM NOVA AERO LTD,16927888,active,ltd,,,2025-12-23,,2025-12-23,[70221, 70229],6 Portobello Terrace London England SW14 8AF
AI HIRE LTD,16927884,active,ltd,,,2025-12-23,,2025-12-23,[78109, 78300],Flat 3 18 North Side Wandsworth Common London England SW18 2SL
ABTEQ LTD,16927948,active,ltd,,,2025-12-23,,2025-12-23,[62020],128 City Road London United Kingdom EC1V 2NX
SUMMITSOUND ENTERTAINMENT LTD,16928146,active,ltd,,,2025-12-23,,2025-12-23,[99999],167-169 Great Portland Street London England W1W 5PF
PASTORIA CITY LTD,16928145,active,ltd,,,2025-12-23,,2025-12-23,[47650],Suite 16 ,2 Station Court London United Kingdom SW6 2PY
REPIN HOLDINGS LTD,16928158,active,ltd,,,2025-12-23,,2025-12-23,[47910],71-75 Shelton Street London United Kingdom WC2H 9JQ
AK-UK CONSULTING LTD,16928149,active,ltd,,,2025-12-23,,2025-12-23,[68100],1 Maurice Walk London England NW11 6JX
BLUEARC TECHNOLOGIES LTD,16928469,active,ltd,,,2025-12-23,,2025-12-23,[99999],20 Wenlock Road London England N1 7GU
NOVADATA LIMITED,16928455,active,ltd,,,2025-12-23,,2025-12-23,[26200, 46510, 46900, 47910],124 City  Road London United Kingdom EC1V 2NX
WATCHRADO LTD,16928476,active,ltd,,,2025-12-23,,2025-12-23,[47910],Unit 120 48 Waterside Heights London United Kingdom E16 2GP
LETSPACE CREATIVE LTD,16928442,active,ltd,,,2025-12-23,,2025-12-23,[68209],33 Pepper Street London England E14 9RP
CB&I ASSET SOLUTIONS PARENT COMPANY LIMITED,16928547,active,ltd,,,2025-12-23,,2025-12-23,[09100],C/O Cogency Global (Uk) Limited 6 Lloyds Avenue London United Kingdom EC3N 3AX
APEXDEAL 08 LTD,16928900,active,ltd,,,2025-12-23,,2025-12-23,[47910],Flat 72 Argo House London England NW6 5FA
PARROT UNCLE CO LTD,16929056,active,ltd,,,2025-12-23,,2025-12-23,[47190, 47599, 47789, 47910],6th Floor 9 Appold Street London United Kingdom EC2A 2AP
BRITHEALTH INNOVATIONS LTD,16929049,active,ltd,,,2025-12-23,,2025-12-23,[99999],167-169 Great Portland Street London England W1W 5PF
ASS CAR COMPANY LTD,16929060,active,ltd,,,2025-12-23,,2025-12-23,[45112, 45200],Suite 4, City Heights Accounting Services Unimix House, Abbey Road London United Kingdom NW10 7TR
STONEHOUSE BIDCO LIMITED,16929151,active,ltd,,,2025-12-23,,2025-12-23,[64209],30 Broadwick Street London United Kingdom W1F 8JB
ALIXIO GROUP UK LIMITED,16929161,active,ltd,,,2025-12-23,,2025-12-23,[70229],27 Old Gloucester Street London United Kingdom WC1N 3AX
MANDALY PROPERTIES LIMITED,16929316,active,ltd,,,2025-12-23,,2025-12-23,[68100, 68209],Unit 6, 2-20 Scrutton Street London United Kingdom EC2A 4RJ
INNOVATEBRITPAY UK LTD,16929317,active,ltd,,,2025-12-23,,2025-12-23,[99999],167-169 Great Portland Street London England W1W 5PF
HASSIET MEDIA LTD,16929571,active,ltd,,,2025-12-23,,2025-12-23,[59112],76b Fortunegate Road London United Kingdom NW10 9RE
THIRDPLAT LTD,16929655,active,ltd,,,2025-12-23,,2025-12-23,[90020, 90030, 90040, 93290],71-75 Shelton Street London United Kingdom WC2H 9JQ
CYB3R CORP LTD,16929641,active,ltd,,,2025-12-23,,2025-12-23,[47910],167 - 169 Great Portland Street London England W1W 5PF
SECUREBUILD ESCROW LIMITED,16929645,active,ltd,,,2025-12-23,,2025-12-23,[62020],Suite Ra01 195-197 Wood Street London United Kingdom E17 3NU
RIDE FLEET SOLUTIONS LTD,16929640,active,ltd,,,2025-12-23,,2025-12-23,[45112, 77110],309 Crown House North Circular Road London England NW10 7PN
BRIGHT SNAIL LTD,16885692,active,ltd,,,2025-12-02,,2025-12-02,[85590],3rd Floor Suite London England W1B 3HH
AQA GLOBAL LIMITED,16899866,active,ltd,,,2025-12-09,,2025-12-09,[66220],3rd Floor Suite London England W1B 3HH
TOV RISE LTD,16929819,active,ltd,,,2025-12-23,,2025-12-23,[68209],23 Braydon Road London United Kingdom N16 6QL
HALAL LITTLE CHINA LTD,16929815,active,ltd,,,2025-12-23,,2025-12-23,[56102],290 Hackney Road London England E2 7SJ
SPOTLESS PROVISIONS LIMITED,16900592,active,ltd,,,2025-12-09,,2025-12-09,[96090],Flat 8 297a Finchley Road London United Kingdom NW3 6DT
THE RESIDENCE LODGE MANAGEMENT COMPANY LIMITED,16925093,active,ltd,,,2025-12-22,,2025-12-22,[68320],Barnard Cook London Ltd London United Kingdom N14 4UT
ROBERT FLEMING PRIVATE EQUITY LIMITED,16929834,active,ltd,,,2025-12-23,,2025-12-23,[82110],14 Buckingham Street London England WC2N 6DF
D A BISHOP CONTRACTORS LTD.,16930075,active,ltd,,,2025-12-23,,2025-12-23,[43120],71-75 Shelton Street London United Kingdom WC2H 9JQ
SPICE LOUNGE MYTCHETT LTD,16885795,active,ltd,,,2025-12-02,,2025-12-02,[56101],Broadway Chambers Ficas Accounting Ltd London England IG1 4DU
ONCE PRIVATE CLIENT GROUP LIMITED,16931528,active,ltd,,,2025-12-24,,2025-12-24,[64209],Suite 403 26 Cheering Lane London England E20 1BD
REPCY LTD,16933182,active,ltd,,,2025-12-29,,2025-12-29,[93130],124 Repcy City Road London England EC1V 2NX
UK VISA SPONSORSHIP 1 LIMITED,16932447,active,ltd,,,2025-12-28,,2025-12-28,[70229],3rd Floor, 86-90 Paul Street London England EC2A 4NE
DEVONUTRI LTD,16925950,active,ltd,,,2025-12-22,,2025-12-22,[47910],124 City Road London England EC1V 2NX
TINY ORIGENS LTD,16932763,active,ltd,,,2025-12-29,,2025-12-29,[13990, 47910, 58110, 85590],86-90 Paul Street London England EC2A 4NE
TABITA INDUSTRIAL AND PRIVATE CLEANING LTD,16910218,active,ltd,,,2025-12-15,,2025-12-15,[81222],2nd Floor College House 17 King Edwards Road London United Kingdom HA4 7AE
AEDUL LTD,16910917,active,ltd,,,2025-12-15,,2025-12-15,[64209],71-75 Shelton Street London England WC2H 9JQ
TREE OF THREE LTD,16902921,active,ltd,,,2025-12-10,,2025-12-10,[64205, 69201],20 Wenlock Road London England N1 7GU
RENRGISE LIMITED,16920521,active,ltd,,,2025-12-18,,2025-12-18,[46719],27 Old Gloucester St London United Kingdom WC1N 3AX
DINO PRODUCTIONS LTD,16920751,active,ltd,,,2025-12-18,,2025-12-18,[90030],First Floor, 14-15 Berners Street London United Kingdom W1T 3LJ
EV CARPENTRY LTD,16921080,active,ltd,,,2025-12-18,,2025-12-18,[41201, 41202, 68209],37 Fleming Way London England SE28 8NS
DAN MEDIDENT LTD,16921126,active,ltd,,,2025-12-18,,2025-12-18,[86900],22 Layfield Road London United Kingdom NW4 3UG
SEAWEED STONE LIMITED,16921381,active,ltd,,,2025-12-19,,2025-12-19,[47910],291844, Office Suite 29a, 3/F 23 Wharf Street London England SE8 3GG
L'ATELIER K LTD,16921695,active,ltd,,,2025-12-19,,2025-12-19,[74100],309b King Street London United Kingdom W6 9NH
GUARDIAN LAW CONSULTANCY LTD,16921711,active,ltd,,,2025-12-19,,2025-12-19,[66110],20 Wenlock Road London England N1 7GU
DAYAW CONSULTANCY LTD,16921705,active,ltd,,,2025-12-19,,2025-12-19,[62020],106 London Road St. Leonards-On-Sea England TN37 6LT
WAVELENGTH 0 LIMITED,16921813,active,ltd,,,2025-12-19,,2025-12-19,[96090],1 Lyric Square Foa - Addition, The Office Group London United Kingdom W6 0NB
NVM PLANT LTD,16921808,active,ltd,,,2025-12-19,,2025-12-19,[33190, 45200, 77320],28a Hendale Avenue London England NW4 4LR
COGNIMORPH AXIS LTD,16921998,active,ltd,,,2025-12-19,,2025-12-19,[62020],124 City Road London England EC1V 2NX
AURON SERVICES LTD,16922002,active,ltd,,,2025-12-19,,2025-12-19,[49320, 49390, 52290],15 Glendale Avenue London United Kingdom N22 5HL
EAST END TYRES LTD,16921996,active,ltd,,,2025-12-19,,2025-12-19,[45320],191 Unit 1 London United Kingdom E1 4ET
DYNARIO LTD,16922037,active,ltd,,,2025-12-19,,2025-12-19,[85590, 85600],20 Red Lion Street London England WC1R 4PS
NAK MUAY LTD,16922033,active,ltd,,,2025-12-19,,2025-12-19,[59111],39 Long Acre London United Kingdom WC2E 9LG
UMRAH TRADE SOLUTIONS LTD,16922054,active,ltd,,,2025-12-19,,2025-12-19,[79110],128 City Road London England EC1V 2NX
PANGANI MINERALS UK LIMITED,16922309,active,ltd,,,2025-12-19,,2025-12-19,[07290, 09900],71-75 Shelton Street London United Kingdom WC2H 9JQ
STAR CHEF (UK) CENTRAL KITCHEN CO LIMITED,16922561,active,ltd,,,2025-12-19,,2025-12-19,[46140, 47990, 56290, 82990],Apartment 125 The Tower London United Kingdom SW8 2DA
MERIDIAN HOUSE PRESS LTD,16922562,active,ltd,,,2025-12-19,,2025-12-19,[58110],167-169 Great Portland Street London England W1W 5PF
BLUE HEART HEALTHCARE SOLUTIONS LTD,16922767,active,ltd,,,2025-12-19,,2025-12-19,[78200],Office 16253 182-184 High Street North London United Kingdom E6 2JA
STUDIO EVO LTD,16922985,active,ltd,,,2025-12-19,,2025-12-19,[47910, 47990],71-75 Shelton Street London United Kingdom WC2H 9JQ
THE GOODFOR COMPANY LTD,16922983,active,ltd,,,2025-12-19,,2025-12-19,[62012, 62090, 63120],128 City Road London United Kingdom EC1V 2NX
IMPULSIVE PRODUCTS (UK) LIMITED,16923159,active,ltd,,,2025-12-19,,2025-12-19,[47190, 47910, 47990],3rd Floor, 86-90 Paul Street London England EC2A 4NE
TNNS PRODUCTIONS LTD,16923520,active,ltd,,,2025-12-20,,2025-12-20,[59112, 63990, 73110, 90020],71 Newman Close London England NW10 2EF
YOU DON’T KNOW BALL LTD,16922778,active,ltd,,,2025-12-19,,2025-12-19,[93110, 93120, 93199],15 Hungerdown London England E4 6QJ
HOME ESSENTIALS & HARDWARE LIMITED,16923865,active,ltd,,,2025-12-21,,2025-12-21,[47190, 47520, 47599],342 Kilburn Lane London England W9 3EF
REIGA’S P.H.D LTD,16924242,active,ltd,,,2025-12-21,,2025-12-21,[96020],62a Blythe Vale London United Kingdom SE6 4NW
FRESHOME MANAGEMENT LIMITED,16924443,active,ltd,,,2025-12-21,,2025-12-21,[68320],Flat 24 Homemead 13 Little Dimocks London England SW12 9JL
ZEASON LTD,16924568,active,ltd,,,2025-12-22,,2025-12-22,[90030],Flat B London England N19 3NA
SH ANALYTICS LTD,16924559,active,ltd,,,2025-12-21,,2025-12-21,[62020, 70229],90 Crofton Road London England E13 8QS
CBM RISK LIMITED,16924836,active,ltd,,,2025-12-22,,2025-12-22,[66290],15 Suite 4 3rd Floor North London United Kingdom E1 4PN
SUNDANCE COLLECTIBLES LIMITED,16925107,active,ltd,,,2025-12-22,,2025-12-22,[46499, 47781, 47789, 52103],128 City Road London United Kingdom EC1V 2NX
EMPOWERCARE ADVOCACY LTD,16925094,active,ltd,,,2025-12-22,,2025-12-22,[86900],124 City Road London United Kingdom EC1V 2NX
VALLUVAM LTD,16925233,active,ltd,,,2025-12-22,,2025-12-22,[59113, 82990],270 Prince Regent Lane London England E16 3JJ
STRAYWAVE AUDIOVISUAL LIMITED,16925235,active,ltd,,,2025-12-22,,2025-12-22,[62090],Unit 08a 98c Wallis Road London United Kingdom E9 5LN
KOMERZ EBT LIMITED,16925462,active,ltd,,,2025-12-22,,2025-12-22,[46190, 46341, 46342, 70229],Warwick House London England SW1W 0PP
ALLSTARS MINIGOLF LIMITED,16925472,active,ltd,,,2025-12-22,,2025-12-22,[93110],71-75 Shelton Street London United Kingdom WC2H 9JQ
SYNTIX SYSTEMS LIMITED,16925735,active,ltd,,,2025-12-22,,2025-12-22,[62012, 62020, 62090, 63110],Suite 10321 5 Brayford Square London United Kingdom E1 0SG
ACCELERATOR 17 LIMITED,16925730,active,ltd,,,2025-12-22,,2025-12-22,[70229],71-75 Shelton Street London United Kingdom WC2H 9JQ
KELBORN & CO. UK LTD,16925690,active,ltd,,,2025-12-22,,2025-12-22,[46180, 46439],115 London Road Morden England SM4 5HP
AETHERRISE LTD,16925694,active,ltd,,,2025-12-22,,2025-12-22,[99999],20 Wenlock Road London England N1 7GU
LONDON LAWYERS HOUSE LIMITED,16925698,active,ltd,,,2025-12-22,,2025-12-22,[69102],915 High Road London England N12 8QJ
NRP PROPERTY PARTNERS LTD,16925703,active,ltd,,,2025-12-22,,2025-12-22,[68100],71-75 Shelton Street London United Kingdom WC2H 9JQ
NEXAHAVEN LTD,16925700,active,ltd,,,2025-12-22,,2025-12-22,[99999],20 Wenlock Road London England N1 7GU
JUST HOMES ESTATES LTD,16926033,active,ltd,,,2025-12-22,,2025-12-22,[68320],Lgf, 13 High Road London England N15 6LT
SEVENHEARTSSTUDIO LIMITED,16925992,active,ltd,,,2025-12-22,,2025-12-22,[59112, 74100, 74202, 90030],124a Leathwaite Road London England SW11 6RR
BIYADI PRODUCTIONS LTD,16926260,active,ltd,,,2025-12-22,,2025-12-22,[59200, 90010],24-26, Arcadia Avenue Fin009/Govonly London United Kingdom N3 2JU
BUBUHEAD LTD,16926285,active,ltd,,,2025-12-22,,2025-12-22,[47110],128 City Road London United Kingdom EC1V 2NX
THE KONG IS DEAD LTD,16926301,active,ltd,,,2025-12-22,,2025-12-22,[47910],34 Balmoral Road London England NW2 5BG
BETTER WORLD ECOSYSTEM STUDIO LTD,16926764,active,ltd,,,2025-12-22,,2025-12-22,[70229],C/O B&F Services, 3 London United Kingdom SE1 2RE
FORTILINK SYSTEMS LTD,16927047,active,ltd,,,2025-12-22,,2025-12-22,[47910],31 Coppetts Close London England N12 0AG
PARCAE WEST LTD,16927043,active,ltd,,,2025-12-22,,2025-12-22,[47910, 70100, 82990],3rd Floor, 86-90 Paul Street London United Kingdom EC2A 4NE
DOZE GROUP LTD,16927054,active,ltd,,,2025-12-22,,2025-12-22,[70210],Ground Floor Flat, 1 London United Kingdom W6 9DQ
RK PRODUCT CONSULTING LTD,16927278,active,ltd,,,2025-12-22,,2025-12-22,[62020, 70229],Flat 2, 54 Streathbourne Road London England SW17 8QX
SECRETS OF PRISHTINA LTD,16927279,active,ltd,,,2025-12-22,,2025-12-22,[79120],86-90 Paul Street London England EC2A 4NE
MAKREE LTD,16927412,active,ltd,,,2025-12-22,,2025-12-22,[46499, 47190, 47910, 47990],128 City Road London United Kingdom EC1V 2NX
ZAGROSLTD LTD,16927524,active,ltd,,,2025-12-22,,2025-12-22,[47910],2nd Floor College House Ruislip, United Kingdom HA4 7AE
HYDES LTD,16927567,active,ltd,,,2025-12-22,,2025-12-22,[47910],71-75 Shelton Street London United Kingdom WC2H 9JQ
ZENITH IMPERIUM LIMITED,16927906,active,ltd,,,2025-12-23,,2025-12-23,[47910],71-75 Shelton Street London United Kingdom WC2H 9JQ
60 MEMORIAL LIMITED,16927905,active,ltd,,,2025-12-23,,2025-12-23,[68209],C/O Getground London England W6 0NB
FEIVSTAR ESTATES LTD,16927895,active,ltd,,,2025-12-23,,2025-12-23,[68100],Flat 9 Grunfield Court 112-114 Bethune Road London England N16 5DU
UPVIRAL STUDIO LTD,16927904,active,ltd,,,2025-12-23,,2025-12-23,[62020, 62090, 63990],71-75 Shelton Street London United Kingdom WC2H 9JQ
TRUECURE INNOVATIONS LTD,16928029,active,ltd,,,2025-12-23,,2025-12-23,[99999],167-169 Great Portland Street London England W1W 5PF
REDIVE TECHNOLOGIES LTD,16928232,active,ltd,,,2025-12-23,,2025-12-23,[62012, 62090],124 City Road London United Kingdom EC1V 2NX
SOULT EVENTS LIMITED,16928229,active,ltd,,,2025-12-23,,2025-12-23,[90010, 90020, 93290],71-75 Shelton Street London England WC2H 9JQ
SWEFA LTD,16928351,active,ltd,,,2025-12-23,,2025-12-23,[47910],20 Wenlock Road London England N1 7GU
SILVEROAK TRADING LTD,16928342,active,ltd,,,2025-12-23,,2025-12-23,[47190, 47910],182-184 High Street North East Ham United Kingdom E6 2JA
YOYBO LTD,16928343,active,ltd,,,2025-12-23,,2025-12-23,[62012, 62090, 63120, 73110],167-169 Great Portland Street London England W1W 5PF
JKAS PROPERTY LTD,16928486,active,ltd,,,2025-12-23,,2025-12-23,[68209],C/O Orcom Civvals London United Kingdom W1H 7JG
PRIME ASSET TECHNOLOGIES LTD,16928489,active,ltd,,,2025-12-23,,2025-12-23,[47910, 62020, 64304],124 City Road London United Kingdom EC1V 2NX
WORLDCLEAN LIMITED,16928488,active,ltd,,,2025-12-23,,2025-12-23,[47910],71-75 Shelton Street London United Kingdom WC2H 9JQ
OV HAIR AND BEAUTY SALON LTD,16928491,active,ltd,,,2025-12-23,,2025-12-23,[96020, 96090],55 West India Dock Road London England E14 8HN
NETH HOLDINGS LTD,16928495,active,ltd,,,2025-12-23,,2025-12-23,[64209],124 City Road London United Kingdom EC1V 2NX
SUCOUTNW LTD,16928504,active,ltd,,,2025-12-23,,2025-12-23,[47910],Unit 121 48 Waterside Heights London United Kingdom E16 2GP
J A ENTERPRISE (LONDON) LIMITED,16928852,active,ltd,,,2025-12-23,,2025-12-23,[47190],41 Shoebury Road London United Kingdom E6 2AQ
PROHRPAY CONSULTING SERVICES LIMITED,16928857,active,ltd,,,2025-12-23,,2025-12-23,[62020, 69203, 70229, 78300],124 City Road London United Kingdom EC1V 2NX
AMG INTERNATIONAL GROUP LTD,16929406,active,ltd,,,2025-12-23,,2025-12-23,[41201, 43999, 46900],275 New N Rd #3110 London United Kingdom N1 7AA
ORBITBIOTECH LIMITED,16929626,active,ltd,,,2025-12-23,,2025-12-23,[01640, 72190],167 - 169 Great Portland Street London England W1W 5PF
LEADNAMIC SYSTEMS LTD,16929631,active,ltd,,,2025-12-23,,2025-12-23,[62012],20 Wenlock Road London England N1 7GU
HMAC DEVELOPERS LIMITED,16929632,active,ltd,,,2025-12-23,,2025-12-23,[41201, 41202],24 Atlas Road London England E13 0AG
ART MEDIA GATE LTD,16929792,active,ltd,,,2025-12-23,,2025-12-23,[46190, 62012, 63990, 90040],128 City Road London United Kingdom EC1V 2NX
PEREGRINE HR CONSULTANCY LIMITED,16929791,active,ltd,,,2025-12-23,,2025-12-23,[78300],2 Erskine House London England W13 8BN
PROPERTY INVESTMENT AND MAINTENANCE LTD,16893793,active,ltd,,,2025-12-05,,2025-12-05,[68320],36a Charlton Road Blackheath United Kingdom SE3 8TY
WINGS N WONDERS DAY NURSERY LTD,16925243,active,ltd,,,2025-12-22,,2025-12-22,[88910],4th Floor Office London England W1B 4HB
ZLN PROPERTIES LIMITED,16887095,active,ltd,,,2025-12-02,,2025-12-02,[68100, 68209],18 Parade Gardens London England E4 8BJ
STELLAR STRATEGY SOLUTIONS LTD,16905089,active,ltd,,,2025-12-11,,2025-12-11,[70229],3rd Floor Suite London England W1B 3HH
JOLLY GOOD TOURS LONDON LTD,16927061,active,ltd,,,2025-12-22,,2025-12-22,[91020, 91030],Flat 30 Ipswich House London United Kingdom WC1X 0BW
CBI ACADEMY LEARN TO EARN LTD,16917412,active,ltd,,,2025-12-17,,2025-12-17,[85590],First Floor 5 The Mall London England W5 2PJ
AIVERSE LTD,16920424,active,ltd,,,2025-12-18,,2025-12-18,[62012, 62020, 85590],Flat4 13 London Road Rochester United Kingdom ME2 3JA
APPLEMYSH LTD,16930504,active,ltd,,,2025-12-24,,2025-12-24,[47910],Unit 126 48 Waterside Heights London United Kingdom E16 2GP
NYDRE LTD,16930507,active,ltd,,,2025-12-24,,2025-12-24,[47910, 47990],71-75 Shelton Street London United Kingdom WC2H 9JQ
HARRIS GADGETS LTD,16930508,active,ltd,,,2025-12-24,,2025-12-24,[46439, 47540, 47620, 47910],128 City Road London United Kingdom EC1V 2NX
LEMONTEE LTD,16930502,active,ltd,,,2025-12-24,,2025-12-24,[47910],Unit 124 48 Waterside Heights London United Kingdom E16 2GP
EDGEMETRICS ANALYTICS LTD,16930501,active,ltd,,,2025-12-24,,2025-12-24,[62012, 63110, 63120],20 Luffield Road London United Kingdom SE2 9JL
PANTOS LONDON LTD,16930637,active,ltd,,,2025-12-24,,2025-12-24,[47820],142 Camden Street London England NW1 9PF
PLAYTREXX LIMITED,16930632,active,ltd,,,2025-12-24,,2025-12-24,[62011, 62012, 62090],128 City Road London United Kingdom EC1V 2NX
OHBE CONSULTANCY LTD,16930636,active,ltd,,,2025-12-24,,2025-12-24,[70229],167-169 Great Portland Street London United Kingdom W1W 5PF
EJA CLEANER'S LTD,16930633,active,ltd,,,2025-12-24,,2025-12-24,[81210],3rd Floor, 86-90 Paul Street London England EC2A 4NE
LAKENZA JEWELRY LIMITED,16930751,active,ltd,,,2025-12-24,,2025-12-24,[96090],71-75 Shelton Street London United Kingdom WC2H 9JQ
COBELLO & CO LTD,16930750,active,ltd,,,2025-12-24,,2025-12-24,[96020],215-217 London Road Stockport England SK7 4HS
ELLINGTON & CO. ESTATES LIMITED,16930752,active,ltd,,,2025-12-24,,2025-12-24,[68100, 68209],809 Salisbury House 29 Finsbury Circus London United Kingdom EC2M 7AQ
JAVELN LTD,16930757,active,ltd,,,2025-12-24,,2025-12-24,[62012],71-75 Shelton Street London United Kingdom WC2H 9JQ
BOSTON SILVERWAY LTD,16930795,active,ltd,,,2025-12-24,,2025-12-24,[68100],277-279 Chiswick High Road London England W4 4PU
THERACORE LTD,16930932,active,ltd,,,2025-12-24,,2025-12-24,[47910],2a Connaught Avenue London United Kingdom E4 7AA
OUROBOROS CONSULTANTS LIMITED,16930938,active,ltd,,,2025-12-24,,2025-12-24,[70229],28 Abbey Gardens London England W6 8QR
ORAMAI STUDIO LTD,16931073,active,ltd,,,2025-12-24,,2025-12-24,[71111],16 Meadowbank London England NW3 3AY
POZITIVE SOLUTIONS LTD,16931083,active,ltd,,,2025-12-24,,2025-12-24,[70210, 70229],338a Regents Park Road London United Kingdom N3 2LN
JJMJ PROPERTIES LTD,16931090,active,ltd,,,2025-12-24,,2025-12-24,[68209],124 City Road London England EC1V 2NX
KARAY DIGITAL LTD,16931082,active,ltd,,,2025-12-24,,2025-12-24,[62012, 62090, 73110, 74100],Suite 10330 5 Brayford Square London United Kingdom E1 0SG
HILL TRADE LIMITED,16931106,active,ltd,,,2025-12-24,,2025-12-24,[46760, 46900, 47190, 47789],Flat 45 Millstream Tower London England N17 9LT
IHSAAN HOLDINGS LIMITED,16931187,active,ltd,,,2025-12-24,,2025-12-24,[64209],75 Fishponds Road London England SW17 7LH
MEDITERRANEAN FAMILY DAIRIES LIMITED,16931261,active,ltd,,,2025-12-24,,2025-12-24,[46330],111a George Lane London England E18 1AN
UNIVERSAL REAL ESTATE DEVELOPMENT LTD,16931274,active,ltd,,,2025-12-24,,2025-12-24,[68310, 68320, 71111, 73110],27 Old Gloucester Street London United Kingdom WC1N 3AX
ARTHUR SPV LTD,16931271,active,ltd,,,2025-12-24,,2025-12-24,[68100, 68201, 68209, 68320],149 Conway Road London United Kingdom N14 7BH
STUDIO SKEY DESIGN LIMITED,16931387,active,ltd,,,2025-12-24,,2025-12-24,[74100],1st Floor Gallery Court London United Kingdom N3 2FG
PRIZED HOLDINGS LTD,16931382,active,ltd,,,2025-12-24,,2025-12-24,[58190, 62090, 63120],71-75 Shelton Street London United Kingdom WC2H 9JQ
DIGITALCORE TRADING LTD,16931386,active,ltd,,,2025-12-24,,2025-12-24,[47910],Suite Ra01, 195 Wood Street London United Kingdom E17 3NU
OIL X OIL LTD,16931576,active,ltd,,,2025-12-24,,2025-12-24,[38110],207 Nightingale Road London England N9 8QJ
METRO VEND LTD,16931674,active,ltd,,,2025-12-25,,2025-12-25,[46190],3rd Floor, 86-90 Paul Street London United Kingdom EC2A 4NE
AYM LETTINGS LTD,16931673,active,ltd,,,2025-12-25,,2025-12-25,[68310, 68320, 96090],Flat 9 Ability Place London England E14 9HB
UPNORTH BARS LTD,16920194,active,ltd,,,2025-12-18,,2025-12-18,[56302],20 Wenlock Road London England N1 7GU
BALRATH OCS TOP LIMITED,16920439,active,ltd,,,2025-12-18,,2025-12-18,[68100],23 Berkeley Square London United Kingdom W1J 6HE
FARROW AND FARROW LONDON LIMITED,16920443,active,ltd,,,2025-12-18,,2025-12-18,[64209, 69201],Flat 16  Hilliaroad House London England E1W 3NN
ORCASTREAM LIMITED,16920451,active,ltd,,,2025-12-18,,2025-12-18,[62090],Ennis Suite Unit 4 London England E3 2PW
SAFA GLOBAL SERVICES LTD,16920453,active,ltd,,,2025-12-18,,2025-12-18,[96090],71-75 Shelton Street London United Kingdom WC2H 9JQ
MKD CLEANERS UK LTD,16920428,active,ltd,,,2025-12-18,,2025-12-18,[81210],162 Sandford Road London England E6 3PX
MATIN BARBERSHOP LTD,16920630,active,ltd,,,2025-12-18,,2025-12-18,[96020],164 Tooting High Street London England SW17 0RT
REASSURED HOMES LTD,16920707,active,ltd,,,2025-12-18,,2025-12-18,[68209],124-128 City Road London England EC1V 2NX
DIVINE HOPE CLEANING COMPANY LIMITED,16920828,active,ltd,,,2025-12-18,,2025-12-18,[43341, 81210, 81299],3rd Floor, 86-90 Paul Street London England EC2A 4NE
BLUEOAK PROPERTY PARTNERS LIMITED,16890407,active,ltd,,,2025-12-04,,2025-12-04,[68320],71-75 Shelton Street London United Kingdom WC2H 9JQ
MOTASK DEVELOPMENT LTD,16920945,active,ltd,,,2025-12-18,,2025-12-18,[62020, 62090, 82110, 82990],71-75 Shelton Street London England WC2H 9JQ
PITCH & MOMENT LTD,16920947,active,ltd,,,2025-12-18,,2025-12-18,[70229, 85590],Flat 16 8 Canalside Square London United Kingdom N1 7FL
CLASSICAL VISAS LIMITED,16920928,active,ltd,,,2025-12-18,,2025-12-18,[82190],22 Glenloch Road London England NW3 4DN
NAIJAH LTD,16921093,active,ltd,,,2025-12-18,,2025-12-18,[56210],Flat 12 Edgecombe House London England SE5 8HY
PIZZERIA TIME LTD,16921092,active,ltd,,,2025-12-18,,2025-12-18,[56103],Ashley House Office 304 235-239 High Road London United Kingdom N22 8HF
WATCH THIS GLOBE LIMITED,16921168,active,ltd,,,2025-12-18,,2025-12-18,[73120],108 Glenister Park Road London England SW16 5EA
OP7IMISE LTD,16921174,active,ltd,,,2025-12-18,,2025-12-18,[62020],5 Brayford Square London England E1 0SG
GULLE UK LTD,16921392,active,ltd,,,2025-12-19,,2025-12-19,[68209],32 Willoughby Road London England N8 0JG
STOCKING DEVELOPMENTS LTD,16921457,active,ltd,,,2025-12-19,,2025-12-19,[41100],71-75 Shelton Street London United Kingdom WC2H 9JQ
GLOBALMAIN PROPERTY SERVICES LTD,16921460,active,ltd,,,2025-12-19,,2025-12-19,[41100, 41202, 43210, 43999],114 Grove Park Road London England SE9 4QB
TERRA INVESTMENTS (GB) IV LIMITED,16921432,active,ltd,,,2025-12-19,,2025-12-19,[68100],Summit House London United Kingdom NW3 6BP
VELURA STAYS LTD,16922073,active,ltd,,,2025-12-19,,2025-12-19,[98000],Suite Ra01 195-197 Wood Street London England E17 3NU
MONTREAL BUILDING SERVICES LTD,16922217,active,ltd,,,2025-12-19,,2025-12-19,[43999],195-197, Suite Ra01 Wood Street London United Kingdom E17 3NU
THERMA-SOL LIMITED,16922414,active,ltd,,,2025-12-19,,2025-12-19,[43390, 43999],20 Wenlock Road London England N1 7GU
CLASSIC ENGINES LTD,16922581,active,ltd,,,2025-12-19,,2025-12-19,[28110],71-75 Shelton Street London United Kingdom WC2H 9JQ
HUGHES & LANE ESTATES LTD,16922570,active,ltd,,,2025-12-19,,2025-12-19,[68209, 68320],20-22 Wenlock Road London England N1 7GU
PROSPERA CAREERS LIMITED,16922815,active,ltd,,,2025-12-19,,2025-12-19,[85600],Farringdon & Co, 176 Franciscan Road London United Kingdom SW17 8HH
SHEMESH FOODS LIMITED,16922833,active,ltd,,,2025-12-19,,2025-12-19,[56102],43 Kilburn Lane London England W10 4AE
SECURORA LTD,16923024,active,ltd,,,2025-12-19,,2025-12-19,[62020],167-169 Great Portland Street London England W1W 5PF
POTENTIAL UNLOCKED CHILDCARE LTD,16923138,active,ltd,,,2025-12-19,,2025-12-19,[85600, 88910],3rd Floor, 86-90 Paul Street London England EC2A 4NE
MIDLANDS CABLE MANUFACTURING LTD,16923153,active,ltd,,,2025-12-19,,2025-12-19,[32990],6 Gassiot Road London England SW17 8LA
KITSUNE ENVIRONMENTAL LTD,16923360,active,ltd,,,2025-12-20,,2025-12-20,[36000],3rd Floor, 86-90 Paul Street London United Kingdom EC2A 4NE
MARKITECTS AI LIMITED,16923549,active,ltd,,,2025-12-20,,2025-12-20,[73110],Flat 34 Regency Lodge London England NW3 5ED
EMIRAFX LTD,16908050,active,ltd,,,2025-12-12,,2025-12-12,[46510, 62012, 62090, 78300],Office 430 Ao 182-184 High Street North London United Kingdom E6 2JA
NOVO RESIDENTIAL LIMITED,16924209,active,ltd,,,2025-12-21,,2025-12-21,[68100, 68320],135 Commercial Road London United Kingdom E1 1PX
AILO HAIR LTD,16924207,active,ltd,,,2025-12-21,,2025-12-21,[47910],71-75 Shelton Street London United Kingdom WC2H 9JQ
MATIC AI LIMITED,16925170,active,ltd,,,2025-12-22,,2025-12-22,[62012, 62020, 63110],124 City Road London United Kingdom EC1V 2NX
HYDE PARK HOLDINGS NOMINEE 1 LTD,16925354,active,ltd,,,2025-12-22,,2025-12-22,[99999],80 Cheapside London England EC2V 6EE
NOVA FIT LTD,16925366,active,ltd,,,2025-12-22,,2025-12-22,[47910, 58190],53 Freemasons Road London England E16 3PJ
LORIEN HOLDINGS LIMITED,16925367,active,ltd,,,2025-12-22,,2025-12-22,[64209],101 New Cavendish Street London United Kingdom W1W 6XH
BOTHUP SUCCEED LIMITED,16925369,active,ltd,,,2025-12-22,,2025-12-22,[47910],292761, Office Suite 29a, 3/F 23 Wharf Street London England SE8 3GG
ZERLINE LTD,16925387,active,ltd,,,2025-12-22,,2025-12-22,[96090],20 Wenlock Road London United Kingdom N1 7GU
CHILDWELL LTD,16925591,active,ltd,,,2025-12-22,,2025-12-22,[85600, 86900, 96090],2nd Floor College House Ruislip, United Kingdom HA4 7AE
NEURO JUMPSTART LTD,16925643,active,ltd,,,2025-12-22,,2025-12-22,[70229],67 Broadmead London England SE6 3SD
LINGUIGLOBAL LTD,16925971,active,ltd,,,2025-12-22,,2025-12-22,[85590],85 Great Portland Street London England W1W 7LT
PSC FW II FUNDING LIMITED,16925978,active,ltd,,,2025-12-22,,2025-12-22,[64205],Wogan House London England W1W 7NY
GIVA WHOLESALE TRADE LTD,16925979,active,ltd,,,2025-12-22,,2025-12-22,[46520, 46900],8 Norbreck Parade London England NW10 7HR
NUSRAT LIMITED,16926328,active,ltd,,,2025-12-22,,2025-12-22,[47910],195 Wood Street London England E17 3NU
FAITH FINANCIAL LIMITED,16926379,active,ltd,,,2025-12-22,,2025-12-22,[64999, 66190],342 Hoe Street London England E17 9PX
ANAYA AESTHETICS LTD,16926368,active,ltd,,,2025-12-22,,2025-12-22,[96020],124-128 City Road London England EC1V 2NX
ASTREX OPERATIONS LTD,16926366,active,ltd,,,2025-12-22,,2025-12-22,[70229, 78200, 82990],39 Kitchener Road London England E7 8JN
HAMILTONS AI SOFTWARE DEVELOPMENT LIMITED,16926356,active,ltd,,,2025-12-22,,2025-12-22,[62012],67 Lansbury Close London England NW10 0TX
DTV FINANCE LIMITED,16926362,active,ltd,,,2025-12-22,,2025-12-22,[64999],Unit 3c -3d,Berol House London United Kingdom N17 9LJ
ASTREX MOTORS LTD,16926375,active,ltd,,,2025-12-22,,2025-12-22,[33170, 45112, 77110, 77210],39 Kitchener Road London England E7 8JN
KAAN INNOVATIONS LTD,16926454,active,ltd,,,2025-12-22,,2025-12-22,[47910],71-75 Shelton Street London United Kingdom WC2H 9JQ
SOI PRODUCTIONS LIMITED,16926460,active,ltd,,,2025-12-22,,2025-12-22,[59111],C/O Eam London London England SE1 1JA
THE AUTOFIRST LTD,16926462,active,ltd,,,2025-12-22,,2025-12-22,[45200, 71200],161 Byron Avenue London United Kingdom E12 6NJ
JUST FEEL THERAPIES LTD,16926670,active,ltd,,,2025-12-22,,2025-12-22,[86220, 96040],8 Station Parade London England E11 1QF
WEIXI INTERNATIONAL CO. LTD,16926804,active,ltd,,,2025-12-22,,2025-12-22,[47910],Office 16268 182-184 High Street North London United Kingdom E6 2JA
PIXVO DIGITAL LTD,16926817,active,ltd,,,2025-12-22,,2025-12-22,[73110],3rd Floor, 86-90 Paul Street London United Kingdom EC2A 4NE
BURFIELD LTD,16927137,active,ltd,,,2025-12-22,,2025-12-22,[66190],Office No. 46, 9.17, Capital Tower, 91 Waterloo Road London United Kingdom SE1 8RT
ESPERIACO LTD,16927138,active,ltd,,,2025-12-22,,2025-12-22,[47910],Office 16231 182-184 High Street North London United Kingdom E6 2JA
MGP SYSTEMS LTD,16927122,active,ltd,,,2025-12-22,,2025-12-22,[62012],128 City Road London United Kingdom EC1V 2NX
TAVM OFFLINE TECH LTD,16927114,active,ltd,,,2025-12-22,,2025-12-22,[62020],Flat 4301 Amory Tower 203 Marsh Wall London England E14 9LY
GG-115-685 LIMITED,16927286,active,ltd,,,2025-12-22,,2025-12-22,[68209],C/O Getground London England W6 0NB
PANPIE ECOM LTD,16927289,active,ltd,,,2025-12-22,,2025-12-22,[62020],Office 14442 182-184 High Street North London United Kingdom E6 2JA
ANTENORE LIMITED,16927387,active,ltd,,,2025-12-22,,2025-12-22,[62020],Flat 10 Wellington Court London England SW1X 7PL
CONSULT AI TECH LTD,16927545,active,ltd,,,2025-12-22,,2025-12-22,[62012, 63120],71-75 Shelton Street London United Kingdom WC2H 9JQ
PINNACLECLEANINGSERVICESS LTD,16927539,active,ltd,,,2025-12-22,,2025-12-22,[81210, 81221, 81222, 81299],128 City Road London United Kingdom EC1V 2NX
WORLD OF ME LTD,16927556,active,ltd,,,2025-12-22,,2025-12-22,[73110],57 Church Crescent London England N20 0JR
RICHARDS & CROOKS CAPITAL LTD,16927661,active,ltd,,,2025-12-22,,2025-12-22,[73200],106 Markhouse Road London England E17 8BG
TAROAN INVESTMENTS CWL LIMITED,16927982,active,ltd,,,2025-12-23,,2025-12-23,[68100, 68209],71-75 Shelton Street London United Kingdom WC2H 9JQ
YILDIZ CHIPPY LTD,16928198,active,ltd,,,2025-12-23,,2025-12-23,[56103],500 White Hart Lane London England N17 7NA
FRONTX FULFILLMENT LTD,16928295,active,ltd,,,2025-12-23,,2025-12-23,[52103, 52290],5 Norfolk Place London United Kingdom W2 1QN
ALNOOR WAY TRADERS LTD,16928567,active,ltd,,,2025-12-23,,2025-12-23,[46420, 46900],First Floor Office London United Kingdom W8 4LZ
KOBLITZ LABS LTD,16928576,active,ltd,,,2025-12-23,,2025-12-23,[62020],3rd Floor, 86-90 Paul Street London United Kingdom EC2A 4NE
URBANFRAME DEVELOPMENTS LTD,16928727,active,ltd,,,2025-12-23,,2025-12-23,[41201, 41202],30-32 St George's Drive London United Kingdom SW1V 4BN
GREYSTAR UK MANAGEMENT SERVICES LIMITED,16928721,active,ltd,,,2025-12-23,,2025-12-23,[68320],Ground Floor (West) And Level 1, The Gilbert London United Kingdom EC2A 1PX
MONTEFORTE PARTNERS LTD,16928923,active,ltd,,,2025-12-23,,2025-12-23,[70229],71-75 Shelton Street London United Kingdom WC2H 9JQ
AUWELLTIER STEEL LIMITED,16928932,active,ltd,,,2025-12-23,,2025-12-23,[24200],128 City Road London United Kingdom EC1V 2NX
MSK MARITIME LTD,16928926,active,ltd,,,2025-12-23,,2025-12-23,[99999],Third Floor London England W1B 3HH
CIRO & ORIANA LTD,16929149,active,ltd,,,2025-12-23,,2025-12-23,[68209],Flat 9 Goodwood Mansions London England SW9 0XY
THE HONEY BADGER INVESTMENTS LTD,16929278,active,ltd,,,2025-12-23,,2025-12-23,[68310],20 Wenlock Road London England N1 7GU
UKFINPULSE INNOVATIONS LTD,16929275,active,ltd,,,2025-12-23,,2025-12-23,[99999],167-169 Great Portland Street London England W1W 5PF
404 OPERATIONS LIMITED,16929263,active,ltd,,,2025-12-23,,2025-12-23,[59112, 70229, 73120],Third Floor London United Kingdom SE1 9SG
THE ALLIED FIRM LTD,16929259,active,ltd,,,2025-12-23,,2025-12-23,[80100, 80200, 84240, 84250],20 Wenlock Road London England N1 7GU
INNERCALM VENTURES LTD,16929256,active,ltd,,,2025-12-23,,2025-12-23,[99999],167-169 Great Portland Street London England W1W 5PF
NEXIA LOGISTICS UK LIMITED,16929453,active,ltd,,,2025-12-23,,2025-12-23,[49390, 49410],Flat 12 Brunswick House 94-96 Balcombe Street London England NW1 6NG
BBQ TONIGHT & FISH LIMITED,16929455,active,ltd,,,2025-12-23,,2025-12-23,[56102, 56103],15a Selkirk Road London England SW17 0ER
SUPREME PROPERTY SOLUTIONS LIMITED,16929457,active,ltd,,,2025-12-23,,2025-12-23,[82990],71-75 Shelton Street London United Kingdom WC2H 9JQ
DIFFERENT ESTATE PROPERTIES LTD,16929685,active,ltd,,,2025-12-23,,2025-12-23,[68100, 68209],71-75 Shelton Street London United Kingdom WC2H 9JQ
BONVOY TOPCO LIMITED,16929657,active,ltd,,,2025-12-23,,2025-12-23,[64209],80 Pall Mall London United Kingdom SW1Y 5ES
SHARED PATH HOLDINGS LIMITED,16929679,active,ltd,,,2025-12-23,,2025-12-23,[64209],71-75 Shelton Street London United Kingdom WC2H 9JQ
CIMPLE K CAPITAL LTD,16929844,active,ltd,,,2025-12-23,,2025-12-23,[64999],71-75 Shelton Street London United Kingdom WC2H 9JQ
BUA NUTRITION LIMITED,16929952,active,ltd,,,2025-12-23,,2025-12-23,[85510],Flat 3 447 Edgware Road London England W2 1TH
HAU PROPERTY ADVISORY LTD,16930013,active,ltd,,,2025-12-23,,2025-12-23,[68310, 68320, 70229, 82990],12 Gateway Mews London England N11 2UT
RS GAMES LTD,16930016,active,ltd,,,2025-12-23,,2025-12-23,[58210],39 Dartmouth Road London England NW4 3HY
CIRCLE MOVE 30 A LTD,16930055,active,ltd,,,2025-12-23,,2025-12-23,[68100],30 George Lane London England SE13 6HH
CRESTLINE REMOVALS LTD,16930109,active,ltd,,,2025-12-23,,2025-12-23,[49410, 49420],86-90 Paul Street London England EC2A 4NE
INFINITY GIFTS LIMITED,16930115,active,ltd,,,2025-12-23,,2025-12-23,[47990],138 Sheaveshill Avenue London England NW9 6RY
JEMKE LIMITED,16930122,active,ltd,,,2025-12-23,,2025-12-23,[86900],20 Mulgrave Road London England SE18 5TY
STELLAR LABS INNOVATIONS LTD,16930137,active,ltd,,,2025-12-23,,2025-12-23,[62020],167-169 Great Portland Street London England W1W 5PF
THE KAEL REPORT LTD,16930220,active,ltd,,,2025-12-24,,2025-12-24,[58190],Flat 12 Fowey House London England SE11 4EN
BRGHTMAN LTD,16930537,active,ltd,,,2025-12-24,,2025-12-24,[47910],Unit 128 48 Waterside Heights London United Kingdom E16 2GP
SEN MOBILITY SERVICES LTD,16930530,active,ltd,,,2025-12-24,,2025-12-24,[49390],71-75 Shelton Street London United Kingdom WC2H 9JQ
WULF LTD,16930532,active,ltd,,,2025-12-24,,2025-12-24,[47990],3rd Floor, 86-90 Paul Street London United Kingdom EC2A 4NE
HPC DATA LTD,16930588,active,ltd,,,2025-12-24,,2025-12-24,[64209],15 Hanover Square London England W1S 1HS
ALLANWATER PUBLISHING LTD,16930723,active,ltd,,,2025-12-24,,2025-12-24,[58110],71-75 Shelton Street London United Kingdom WC2H 9JQ
AII+X LTD,16930720,active,ltd,,,2025-12-24,,2025-12-24,[71121, 71122, 71129, 72190],71-75 Shelton Street London United Kingdom WC2H 9JQ
CHEMICAL INSIGHTS LTD,16930721,active,ltd,,,2025-12-24,,2025-12-24,[71200],71-75 Shelton Street London United Kingdom WC2H 9JQ
PADDINGTON PROPERTY MANAGEMENT LTD,16930925,active,ltd,,,2025-12-24,,2025-12-24,[68209],60 Millmead Business Centre London United Kingdom N17 9QU
VORRAS LIMITED,16930951,active,ltd,,,2025-12-24,,2025-12-24,[66190],Office No. 43, 9.17 Capital Tower, 91 Waterloo Road, London United Kingdom SE1 8RT
REVIVAL PROPERTY SOLUTIONS LTD,16930965,active,ltd,,,2025-12-24,,2025-12-24,[68209, 68320],20 Wenlock Road London England N1 7GU
OMNIRA RETAIL LTD,16930963,active,ltd,,,2025-12-24,,2025-12-24,[47910],91 Westbourne Road London United Kingdom N7 8AA
WEBAPP CLUB LTD,16931155,active,ltd,,,2025-12-24,,2025-12-24,[62012],Flat 805 Kent Building 47 Hope Street London England E14 0QG
NUBARIKS DYNAMICS LTD,16931133,active,ltd,,,2025-12-24,,2025-12-24,[62012, 62090, 63110, 73110],3rd Floor, 86-90 Paul Street London United Kingdom EC2A 4NE
MUFA ESTATES LIMITED,16931141,active,ltd,,,2025-12-24,,2025-12-24,[68209],Takamo Complex 25 Coventry Road London United Kingdom E2 6JN
VINKARA LTD,16931136,active,ltd,,,2025-12-24,,2025-12-24,[68100, 68209, 68310, 68320],71-75 Shelton Street London United Kingdom WC2H 9JQ
RQM LONDON LTD,16931147,active,ltd,,,2025-12-24,,2025-12-24,[14131, 14132, 58190, 74100],71-75 Shelton Street London United Kingdom WC2H 9JQ
MEMBULA LTD,16931143,active,ltd,,,2025-12-24,,2025-12-24,[62012, 62020, 70229],71-75 Shelton Street London United Kingdom WC2H 9JQ
FULLER & FELIX INVESTMENTS LTD,16931315,active,ltd,,,2025-12-24,,2025-12-24,[68209],Flat C London England SW7 4AL
LIVED IN LTD,16931320,active,ltd,,,2025-12-24,,2025-12-24,[59111],3rd Floor, 86-90 Paul Street London England EC2A 4NE
LSMI CONSULTANTS LTD,16931495,active,ltd,,,2025-12-24,,2025-12-24,[96090],94-96 Seymour Place London United Kingdom W1H 1NB
ORS MOTORS LIMITED,16931496,active,ltd,,,2025-12-24,,2025-12-24,[45112, 96090],First Floor Office London United Kingdom WC2B 5AA
ADRITA PROPERTIES LIMITED,16931498,active,ltd,,,2025-12-24,,2025-12-24,[68100, 68209, 68310],80-82 Nelson Street London England E1 2DY
ULTRA OPEN WATER LTD,16931491,active,ltd,,,2025-12-24,,2025-12-24,[93199],71-75 Shelton Street London England WC2H 9JQ
ORBITMAT LTD,16931515,active,ltd,,,2025-12-24,,2025-12-24,[47910],71-75 Shelton Street London United Kingdom WC2H 9JQ
SRIZ INVESTMENTS LTD,16931556,active,ltd,,,2025-12-24,,2025-12-24,[68100, 68209],69-71 Lambeth Walk London England SE11 6DX
AFZ HOLDINGS LIMITED,16931553,active,ltd,,,2025-12-24,,2025-12-24,[68209],340 West End Lane London England NW6 1LN
AH & SONS PROPERTIES LTD,16931560,active,ltd,,,2025-12-24,,2025-12-24,[68100],20 Wenlock Road London England N1 7GU
ERRAND SAVVY LTD,16931668,active,ltd,,,2025-12-25,,2025-12-25,[52242, 81210],71-75 Shelton Street London England WC2H 9JQ
THEORGANICFREEZECO LTD,16920063,active,ltd,,,2025-12-18,,2025-12-18,[10390],3rd Floor, 86-90 Paul Street London England EC2A 4NE
CINZIA MILO LTD,16920069,active,ltd,,,2025-12-18,,2025-12-18,[47910],292692, Office Suite 29a, 3/F 23 Wharf Street London England SE8 3GG
ENYOISHERO LTD,16920201,active,ltd,,,2025-12-18,,2025-12-18,[47910],Office 16148 182-184 High Street North London United Kingdom E6 2JA
OWN TEMPO MUSIC LTD,16920202,active,ltd,,,2025-12-18,,2025-12-18,[77390, 85520],71-75 Shelton Street London United Kingdom WC2H 9JQ
FLOWCODE SOLUTIONS LIMITED,16920208,active,ltd,,,2025-12-18,,2025-12-18,[58290, 62012, 63110],3rd Floor, 86-90 Paul Street London United Kingdom EC2A 4NE
MIGHTY MINIS INVESTMENTS LTD,16920594,active,ltd,,,2025-12-18,,2025-12-18,[64303],36 Earlham Street London England WC2H 9LH
SYNTEGRO LTD,16920657,active,ltd,,,2025-12-18,,2025-12-18,[43390, 46140, 62090, 68209],98 Great North Road London United Kingdom N2 0NL
EMTAT LTD,16920793,active,ltd,,,2025-12-18,,2025-12-18,[58290, 59111, 74909, 77400],Office 7005cy 182-184 High Street North London United Kingdom E6 2JA
KL SUB LTD,16915951,active,ltd,,,2025-12-17,,2025-12-17,[68100],40 Theydon Road London England E5 9NA
ASAE ONE LIMITED,16920794,active,ltd,,,2025-12-18,,2025-12-18,[64303],29-31 Brewery Road London England N7 9QH
KALLURE BY KROWN LTD,16903259,active,ltd,,,2025-12-10,,2025-12-10,[47750],3rd Floor, 86-90 Paul Street London United Kingdom EC2A 4NE
WESTMEAD CONVENIENCE LTD,16921413,active,ltd,,,2025-12-19,,2025-12-19,[47110],128 City Road London United Kingdom EC1V 2NX
GREEN RECYCLE AI LTD,16921419,active,ltd,,,2025-12-19,,2025-12-19,[62012],27 Old Gloucester Street London United Kingdom WC1N 3AX
TRITECH SERVICES LTD,16921864,active,ltd,,,2025-12-19,,2025-12-19,[81100],71-75 Shelton Street London United Kingdom WC2H 9JQ
CORETECH GLOBAL LTD,16921863,active,ltd,,,2025-12-19,,2025-12-19,[62090],71-75 Shelton Street London United Kingdom WC2H 9JQ
FINANTECHS LTD,16922100,active,ltd,,,2025-12-19,,2025-12-19,[70229],128 City Road London United Kingdom EC1V 2NX
AHA LABS LIMITED,16922256,active,ltd,,,2025-12-19,,2025-12-19,[73110, 74100, 82301, 90030],86-90 Paul Street London England EC2A 4NE
DS DIGITAL MEDIA LTD,16922399,active,ltd,,,2025-12-19,,2025-12-19,[64209],105 Piccadilly London England W1J 7NJ
THE MIXING CLASS STUDIOS LTD,16922739,active,ltd,,,2025-12-19,,2025-12-19,[59112, 73110, 74202, 85590],82c Riverdale Road London England SE18 1PB
LAND UPLIFT PARTNERS LTD,16922744,active,ltd,,,2025-12-19,,2025-12-19,[68209],8.09 Aragon Tower London United Kingdom SE8 3AH
ZX ASCENT HOLDINGS LIMITED,16922885,active,ltd,,,2025-12-19,,2025-12-19,[64209],46 Curzon Street London England W1J 7UH
BAITHAK722 LTD,16922940,active,ltd,,,2025-12-19,,2025-12-19,[56101, 56103, 56210],722 High Road Leytonstone London England E11 3AJ
SHANDONG JINNUO NEW MATERIALS CO., LTD.,16922934,active,ltd,,,2025-12-19,,2025-12-19,[47910],24-26, Arcadia Avenue Fin009 London United Kingdom N3 2JU
SHOWREAL STUDIO LTD,16922964,active,ltd,,,2025-12-19,,2025-12-19,[59112],71-75 Shelton Street London United Kingdom WC2H 9JQ
ST. GEORGE'S EDUCATION GROUP LTD,16922968,active,ltd,,,2025-12-19,,2025-12-19,[79110, 79120, 85600],71-75 Shelton Street London United Kingdom WC2H 9JQ
CLEARALIGN GROUP LTD,16922970,active,ltd,,,2025-12-19,,2025-12-19,[86230],124 City Road London United Kingdom WF13 1AE
BARRONS TRADING LTD,16923086,active,ltd,,,2025-12-19,,2025-12-19,[47910],71-75 Shelton Street London United Kingdom WC2H 9JQ
LUXVIBE LTD,16923187,active,ltd,,,2025-12-19,,2025-12-19,[47910],Flat 41 Ennerdale House London England E3 4TY
MCRO CONSTRUCTION LTD,16923839,active,ltd,,,2025-12-20,,2025-12-20,[41201, 41202],Flat 10 201 Upton Lane London England E7 9PR
FIRST PERSON PRODUCTIONS LTD,16924028,active,ltd,,,2025-12-21,,2025-12-21,[59113],35 Prentis Road London United Kingdom SW16 1QB
CROWNWAY SERVICES LTD,16924553,active,ltd,,,2025-12-21,,2025-12-21,[45112, 56103, 80100, 81299],269 Danebury Avenue London England SW15 4DL
STONEPARK HOLDING LTD,16924762,active,ltd,,,2025-12-22,,2025-12-22,[70229],71-75 Shelton Street London United Kingdom WC2H 9JQ
DRBHUB LTD,16925034,active,ltd,,,2025-12-22,,2025-12-22,[62012],20 Wenlock Road London England N1 7GU
NAZMA GROUP LTD,16925136,active,ltd,,,2025-12-22,,2025-12-22,[45112, 45200, 82990],167-169 Great Portland Street 5th Floor London United Kingdom W1W 5PF
D A SPACES LTD,16925128,active,ltd,,,2025-12-22,,2025-12-22,[68209],124-128 City Road London England EC1V 2NX
ILUVO INVESTMENTS LTD,16914519,active,ltd,,,2025-12-16,,2025-12-16,[64304, 68100],71-75 Shelton Street Covent Garden United Kingdom WC2H 9JQ
PELIPAY INTERNATIONAL LIMITED,16925476,active,ltd,,,2025-12-22,,2025-12-22,[64209],183-189 The Vale London United Kingdom W3 7RW
WELLFOREST LTD,16925562,active,ltd,,,2025-12-22,,2025-12-22,[62090, 63120],71-75 Shelton Street London United Kingdom WC2H 9JQ
ALPAVEST LTD,16925556,active,ltd,,,2025-12-22,,2025-12-22,[47910],71-75 Shelton Street London United Kingdom WC2H 9JQ
CYSTECH LTD,16925550,active,ltd,,,2025-12-22,,2025-12-22,[61900, 62020, 62030],20 Wenlock Road London England N1 7GU
TAHABA LIMITED,16925810,active,ltd,,,2025-12-22,,2025-12-22,[68209],29 Knockholt Road London England SE9 6AW
PROPERTY RENT-R LTD,16925820,active,ltd,,,2025-12-22,,2025-12-22,[68209],3rd Floor, 86-90 Paul Street London United Kingdom EC2A 4NE
SHAREKTE193 LTD,16925797,active,ltd,,,2025-12-22,,2025-12-22,[46900],275 New N Rd #3110 London London United Kingdom N1 7AA
MAYFAIR HOUSE CAFE LTD,16926132,active,ltd,,,2025-12-22,,2025-12-22,[56101, 56102, 56302],52 Shepherd Market London England W1J 7QU
SFI DIGITAL LIMITED,16926124,active,ltd,,,2025-12-22,,2025-12-22,[58210, 58290],71-75 Shelton Street London United Kingdom WC2H 9JQ
WONKY BADGER STUDIO LTD,16926143,active,ltd,,,2025-12-22,,2025-12-22,[13921, 74100, 95240],71-75 Shelton Street London United Kingdom WC2H 9JQ
DONER BOX LONDON LTD,16926133,active,ltd,,,2025-12-22,,2025-12-22,[56102, 56103],3rd Floor, 86-90 Paul Street London England EC2A 4NE
SHAREKTE196 LTD,16926164,active,ltd,,,2025-12-22,,2025-12-22,[46900],275 New N Rd #3110 London London United Kingdom N1 7AA
MINDBODY JACKIE COACHING LIMITED,16926120,active,ltd,,,2025-12-22,,2025-12-22,[96040],71-75 Shelton Street London United Kingdom WC2H 9JQ
URBAN LOVEY LTD,16926123,active,ltd,,,2025-12-22,,2025-12-22,[47190],86-90 Paul Street London England EC2A 4NE
AJTRADESSS LTD,16926122,active,ltd,,,2025-12-22,,2025-12-22,[64999],71-75 Shelton Street London United Kingdom WC2H 9JQ
RED LION BUCK'S LTD,16926140,active,ltd,,,2025-12-22,,2025-12-22,[56302],1 Kilmarsh Road London England W6 0PL
SKN.CRCT LTD,16926327,active,ltd,,,2025-12-22,,2025-12-22,[62012, 62090],128 City Road London United Kingdom EC1V 2NX
READING BEARWOOD DEVELOPMENT LIMITED,16926351,active,ltd,,,2025-12-22,,2025-12-22,[41100, 68100, 98000],9 Buckingham Gate London England SW1E 6JP
YSK PROPERTIES SUB LTD,16926930,active,ltd,,,2025-12-22,,2025-12-22,[68100],C/O 32 Castlewood Road London England N16 6DW
MODERN MOMENTUM LTD,16921051,active,ltd,,,2025-12-18,,2025-12-18,[47910, 70229, 81100, 81300],Unit A121 4-6 Greatorex Street London United Kingdom E1 5NF
JONTAVO LTD,16926886,active,ltd,,,2025-12-22,,2025-12-22,[62012, 62090],44 Broadway London England E15 1XH
DOUBLE 0 FILMS LTD,16927031,active,ltd,,,2025-12-22,,2025-12-22,[59111],91 Twickenham Road London England E11 4BN
ASIAN DELHI LTD,16927014,active,ltd,,,2025-12-22,,2025-12-22,[10840, 47290, 47910],71-75 Shelton Street London United Kingdom WC2H 9JQ
MAKCIT LTD,16927420,active,ltd,,,2025-12-22,,2025-12-22,[55209, 81210, 81222],3 Montacute Road London England SE6 4XL
TOP PRICE LTD,16927469,active,ltd,,,2025-12-22,,2025-12-22,[47910],2nd Floor College House Ruislip, United Kingdom HA4 7AE
ERKANJOANNE LTD,16927470,active,ltd,,,2025-12-22,,2025-12-22,[68100],135 Notting Hill Gate London England W11 3LB
BLUE SKY FITNESS AND SPORTS LTD,16927453,active,ltd,,,2025-12-22,,2025-12-22,[46690, 47910],4th Floor Office London England W1B 4HB
SINIT CAFE LIMITED,16927459,active,ltd,,,2025-12-22,,2025-12-22,[86101],Unit 6 Enterprise Centre Fairfax House London England SW9 7JR
PILLINGTON & ASSOCIATES LTD,16927607,active,ltd,,,2025-12-22,,2025-12-22,[82990],20 Wenlock Road London England N1 7GU
VAN COUTI MAISON LIMITED,16927673,active,ltd,,,2025-12-22,,2025-12-22,[47910, 64209, 74100, 90030],53 Glasgow Road London England E13 9HW
MOTOR GURUS LIMITED,16927999,active,ltd,,,2025-12-23,,2025-12-23,[45112],3rd Floor, 86-90 Paul Street London England EC2A 4NE
VISION HOUSE MARKETING LTD,16928085,active,ltd,,,2025-12-23,,2025-12-23,[82990],71-75 Shelton Street London United Kingdom WC2H 9JQ
RS TRILLA HOLDINGS LTD,16928245,active,ltd,,,2025-12-23,,2025-12-23,[64209],128 City Road London United Kingdom EC1V 2NX
MONKEY AND THE GUV LTD,16928241,active,ltd,,,2025-12-23,,2025-12-23,[59200, 90010],167-169 Great Portland Street London England W1W 5PF
SLOUGH ULTRASOUND CLINIC LIMITED,16928263,active,ltd,,,2025-12-23,,2025-12-23,[86220, 86900],11 Woodford Avenue Gantshill London United Kingdom IG2 6UF
AD ATOMICA LIMITED,16928663,active,ltd,,,2025-12-23,,2025-12-23,[72110],Ground Floor Cooper House London United Kingdom N3 2JX
OGZ LIMITED,16928669,active,ltd,,,2025-12-23,,2025-12-23,[74990],Monomark House London England WC1N 3AX
HOME OF BOOKS LTD,16928653,active,ltd,,,2025-12-23,,2025-12-23,[47610, 56102, 68209, 90040],93 Tabernacle Street London United Kingdom EC2A 4BA
LUTEQ AI LAB LTD,16928656,active,ltd,,,2025-12-23,,2025-12-23,[70229, 72200, 85600, 90030],71-75 Shelton Street London United Kingdom WC2H 9JQ
UNIGLOW BEAUTY LTD,16928946,active,ltd,,,2025-12-23,,2025-12-23,[47910],167-169 Great Portland Street London England W1W 5PF
ALAANDIGITAL LTD,16928939,active,ltd,,,2025-12-23,,2025-12-23,[62012, 82990, 85590, 85600],128 City Road London United Kingdom EC1V 2NX
SHOULDER TO SHOULDER LTD,16929439,active,ltd,,,2025-12-23,,2025-12-23,[94990],132b Albion Road London United Kingdom N16 9PA
ZAK ENTERPRISE LTD,16929440,active,ltd,,,2025-12-23,,2025-12-23,[86900],2nd Floor College House Ruislip, United Kingdom HA4 7AE
THE LAZY FLEA LTD,16929591,active,ltd,,,2025-12-23,,2025-12-23,[47890],69b Deans Road London England W7 3QD
GURKHA CATERING DERBY LTD,16886351,active,ltd,,,2025-12-02,,2025-12-02,[56210],165 London Road Derby England DE1 2SU
INSIGHTED CONNECT LTD,16929775,active,ltd,,,2025-12-23,,2025-12-23,[99999],167-169 Great Portland Street London England W1W 5PF
WESTMINSTERWAVES PRODUCTIONS LTD,16929777,active,ltd,,,2025-12-23,,2025-12-23,[99999],167-169 Great Portland Street London England W1W 5PF
ALLIED TRADING INTERNATIONAL LTD,16929884,active,ltd,,,2025-12-23,,2025-12-23,[46190],71-75 Shelton Street London United Kingdom WC2H 9JQ
INKULUBUS LTD.,16929986,active,ltd,,,2025-12-23,,2025-12-23,[45112, 52290, 68209, 90020],20 Wenlock Road London England N1 7GU
DREAMS OF FASHION LTD,16929990,active,ltd,,,2025-12-23,,2025-12-23,[58190],30 Maskelyne Close London United Kingdom SW11 4AA
GRACE ROWE LTD,16929984,active,ltd,,,2025-12-23,,2025-12-23,[47910],292726, Office Suite 29a, 3/F 23 Wharf Street London England SE8 3GG
BRICKS HUB LTD,16929991,active,ltd,,,2025-12-23,,2025-12-23,[62020],128 City Road London United Kingdom EC1V 2NX
NETH PROPERTIES LTD,16930028,active,ltd,,,2025-12-23,,2025-12-23,[68100, 68209],124 City Road London United Kingdom EC1V 2NX
HOHLS HORTICULTURE LTD,16930202,active,ltd,,,2025-12-23,,2025-12-23,[81300],84 Peterborough Road London England SW6 3EB
NAYSN LOGISTICS LTD,16930240,active,ltd,,,2025-12-24,,2025-12-24,[49410],150 Hewitt Avenue London England N22 6QG
SALEN STUDIOS LIMITED,16930259,active,ltd,,,2025-12-24,,2025-12-24,[59112, 73110, 90030],3rd Floor, 86-90 Paul Street London United Kingdom EC2A 4NE
VALENCE NORTH LTD,16930276,active,ltd,,,2025-12-24,,2025-12-24,[70229, 74901],124 City Road London United Kingdom EC1V 2NX
MGASAA LIMITED,16930302,active,ltd,,,2025-12-24,,2025-12-24,[47990],176a Finchley Road London England NW3 6BP
NBEC LTD,16930303,active,ltd,,,2025-12-24,,2025-12-24,[47910],71-75 Shelton Street London United Kingdom WC2H 9JQ
JTD LTD,16930307,active,ltd,,,2025-12-24,,2025-12-24,[68100, 68209, 68320],2nd Floor College House Ruislip, United Kingdom HA4 7AE
THE JUNO WALLET LIMITED,16930306,active,ltd,,,2025-12-24,,2025-12-24,[62020],167 - 169 Great Portland Street London England W1W 5PF
MARTINS SUPERBIKE SERVICE LTD,16930377,active,ltd,,,2025-12-24,,2025-12-24,[45200],Foxearth London Road Robertsbridge England TN32 5LX
SE ENGINEERING SOLUTIONS LTD,16930415,active,ltd,,,2025-12-24,,2025-12-24,[42220],167-169 Great Portland Street London England W1W 5PF
RILL LIMITED,16930423,active,ltd,,,2025-12-24,,2025-12-24,[45112, 45200, 73110, 82990],Suite 2 Second Floor Sovereign House London United Kingdom N3 1QB
HOLLY TRANSPORT SOLUTIONS LTD,16930435,active,ltd,,,2025-12-24,,2025-12-24,[49390],Suite Ra01 195-197 Wood Street London United Kingdom E17 3NU
SUNNY TRADE LTD,16930522,active,ltd,,,2025-12-24,,2025-12-24,[46440],Flat 2 1 Bow Street London England E15 1HD
VOLTHREN LTD,16930521,active,ltd,,,2025-12-24,,2025-12-24,[58290],128 City Road London United Kingdom EC1V 2NX
HOMEKEY SERVICED LIVING LTD,16930517,active,ltd,,,2025-12-24,,2025-12-24,[68320],34 Parkfield Road London United Kingdom SW4 8AU
TRH INTERNATIONAL LTD,16930630,active,ltd,,,2025-12-24,,2025-12-24,[70229, 71111, 71122],Carlyle House 235-237 Vauxhall Bridge Road London United Kingdom SW1V 1EJ
KENDALL BULLION LTD,16930620,active,ltd,,,2025-12-24,,2025-12-24,[47990],Afe Accountants Ltd Oakleigh Road South London England N11 1GN
SEE MY SURGEON LTD,16930628,active,ltd,,,2025-12-24,,2025-12-24,[86220],8 Station Parade London England E11 1QF
MBB LONDON GOODS LTD,16930663,active,ltd,,,2025-12-24,,2025-12-24,[46900, 47190, 47910],27 Kingston Road London England SW19 1JX
TRENDDRAES LIMITED,16930670,active,ltd,,,2025-12-24,,2025-12-24,[47910],197 Grange Road London England SE1 3AA
MAXTEC LTD,16930837,active,ltd,,,2025-12-24,,2025-12-24,[47910],71-75 Shelton Street London United Kingdom WC2H 9JQ
CHAINGE GROUP LTD,16930835,active,ltd,,,2025-12-24,,2025-12-24,[62020, 70229, 74909, 85590],71-75 Shelton Street London United Kingdom WC2H 9JQ
FOREST GREEN ENERGY LTD,16930827,active,ltd,,,2025-12-24,,2025-12-24,[74901],2a Connaught Avenue London United Kingdom E4 7AA
ZILVAX LTD,16930946,active,ltd,,,2025-12-24,,2025-12-24,[47910],71-75 Shelton Street London United Kingdom WC2H 9JQ
SEA CHANGE SUPPORT LIMITED,16930945,active,ltd,,,2025-12-24,,2025-12-24,[85600, 88990],167-169 Great Portland Street London England W1W 5PF
CHELSEA RHINOPLASTY AND FACIAL PLASTIC SURGERY LIMITED,16931303,active,ltd,,,2025-12-24,,2025-12-24,[86220],102 Sydney Street London United Kingdom SW3 6NJ
AVELONIX LTD,16931300,active,ltd,,,2025-12-24,,2025-12-24,[62012, 62020, 62090, 73110],4th Floor Office London England W1B 4HB
MAYFAIR CHOCOLATE HOUSE LTD,16931301,active,ltd,,,2025-12-24,,2025-12-24,[56102],198 Kilburn High Rd, London London United Kingdom NW6 4JD
RERO CONSULTING & STRATEGY LIMITED,16931426,active,ltd,,,2025-12-24,,2025-12-24,[70229],Flat 2 Aylesbury House London England SE15 1RW
DAGASLAN LIMITED,16931409,active,ltd,,,2025-12-24,,2025-12-24,[46420, 47540, 47710, 47910],71-75 Shelton Street London United Kingdom WC2H 9JQ
ROSEMARY LODGE LIMITED,16931533,active,ltd,,,2025-12-24,,2025-12-24,[87300],34 Highfield Gardens London United Kingdom NW11 9HB
CHESHIRE ST MINIMART LTD,16931529,active,ltd,,,2025-12-24,,2025-12-24,[47290, 47620],68a Cheshire Street London England E2 6EH
TAMWEST TRADE LTD,16931587,active,ltd,,,2025-12-24,,2025-12-24,[68100],42 Westerfield Road London England N15 5LD
REWCRUIT LTD,16931579,active,ltd,,,2025-12-24,,2025-12-24,[78109],3rd Floor, 86-90 Paul Street London United Kingdom EC2A 4NE
ANZA CARE SERVICES LIMITED,16897662,active,ltd,,,2025-12-08,,2025-12-08,[87900],5a St Johns Road London England IG2 7BB
MAKX GROUP LTD,16931591,active,ltd,,,2025-12-24,,2025-12-24,[46900],20 Wenlock Road London England N1 7GU
KBW TRADING LIMITED,16931636,active,ltd,,,2025-12-24,,2025-12-24,[66120],Flat 13 Harland Heights London England E16 2XR
IK PROPERTY MANAGEMENT LTD,16931629,active,ltd,,,2025-12-24,,2025-12-24,[68209, 68310],124-128 City Road London England EC1V 2NX
SHAMS GROUP HOLDINGS LTD,16931731,active,ltd,,,2025-12-25,,2025-12-25,[70229],Flat 49 Capri House London England NW9 4BN
NORTH STONE PRIVATE LIMITED,16931730,active,ltd,,,2025-12-25,,2025-12-25,[47910],8 Leopold Road London England N18 2DY
LEPTAG LTD,16931927,active,ltd,,,2025-12-26,,2025-12-26,[47990],65 Dollis Hill Avenue London England NW2 6QU
AKN BUSINESS LTD,16920073,active,ltd,,,2025-12-18,,2025-12-18,[68209],Flat 90 David Lee Point London England E15 3LF
SPARTAN TALENT ADVISORS LTD,16920110,active,ltd,,,2025-12-18,,2025-12-18,[78109],1 Kings Avenue Winchmore Hill United Kingdom N21 3NA
SDQ FAMILIES LTD,16920085,active,ltd,,,2025-12-18,,2025-12-18,[58190],20 Brenthurst Road London United Kingdom NW10 2DU
ONFO LTD,16920128,active,ltd,,,2025-12-18,,2025-12-18,[62090, 63120],71-75 Shelton Street London United Kingdom WC2H 9JQ
EMULSION PRODUCTIONS LIMITED,16920210,active,ltd,,,2025-12-18,,2025-12-18,[59111, 59112, 74209],44 Hemberton Road London England SW9 9LJ
BANGLE DIGITAL BUSINNESS LTD,16920553,active,ltd,,,2025-12-18,,2025-12-18,[47910],128 City Road London United Kingdom EC1V 2NX
MERX DIGITAL SOLUTIONS LTD,16920547,active,ltd,,,2025-12-18,,2025-12-18,[62012, 62020, 63110, 82990],128 City Road London United Kingdom EC1V 2NX
PACHA CODEWORKS LTD,16920844,active,ltd,,,2025-12-18,,2025-12-18,[47910, 62020, 62090],71-75 Shelton Street London United Kingdom WC2H 9JQ
FLOROFY LTD,16920841,active,ltd,,,2025-12-18,,2025-12-18,[62012, 62020, 62090, 63990],2nd Floor College House Ruislip, United Kingdom HA4 7AE
SEQUENTIA GROUP LTD,16920980,active,ltd,,,2025-12-18,,2025-12-18,[70229],132 London Road Crewe England CW4 8AY
KATHARSIS LTD,16920987,active,ltd,,,2025-12-18,,2025-12-18,[58290],Flat 1 Littleton House London England SW1V 3EP
BRIDGELINK LTD,16920989,active,ltd,,,2025-12-18,,2025-12-18,[82302, 82990, 85590],71-75 Shelton Street London England WC2H 9JQ
PAPA XMAS INVESTMENTS LTD,16921038,active,ltd,,,2025-12-18,,2025-12-18,[68100],73 Cornhill London England EC3V 3QQ
GOST OF MAX LTD,16921451,active,ltd,,,2025-12-19,,2025-12-19,[47910],Flat 5 Fleetwood House London England NW10 1NQ
ASAF EVREN PROPERTY LIMITED,16921447,active,ltd,,,2025-12-19,,2025-12-19,[68209],71-75 Shelton Street London United Kingdom WC2H 9JQ
LAVENDER REAL ESTATE LTD,16921721,active,ltd,,,2025-12-19,,2025-12-19,[68100, 68209, 68310, 68320],128 City Road London United Kingdom EC1V 2NX
VARDONYS LTD,16921722,active,ltd,,,2025-12-19,,2025-12-19,[62012, 63110, 63120, 63990],71-75 Shelton Street London United Kingdom WC2H 9JQ
BEEF VIDEO LIMITED,16921716,active,ltd,,,2025-12-19,,2025-12-19,[59112],4th Floor 4 Tabernacle Street London United Kingdom EC2A 4LU
SH EDITIONS LIMITED,16921720,active,ltd,,,2025-12-19,,2025-12-19,[47910, 74100],167-169 Great Portland Street London United Kingdom W1W 5PF
INZSTING HOMES LTD,16921726,active,ltd,,,2025-12-19,,2025-12-19,[68100, 68209],27 Old Gloucester Street London United Kingdom WC1N 3AX
OFTENWELL ENGINEERING LTD,16921715,active,ltd,,,2025-12-19,,2025-12-19,[71121],3rd Floor, 86-90 Paul Street London England EC2A 4NE
HANDLES COFFEE LTD,16921929,active,ltd,,,2025-12-19,,2025-12-19,[56210],167-169 Great Portland Street London United Kingdom W1W 5PF
SKYGRID SOLUTIONS LTD,16921901,active,ltd,,,2025-12-19,,2025-12-19,[71122],22-25 Portman Close London England W1H 6BS
MAI MART LTD,16921918,active,ltd,,,2025-12-19,,2025-12-19,[47910],170c High Street North London United Kingdom E6 2JA
SPAREX GROUP LIMITED,16921985,active,ltd,,,2025-12-19,,2025-12-19,[45320],27 Old Gloucester Street London United Kingdom WC1N 3AX
MADE FOR EVENTS LIMITED,16921980,active,ltd,,,2025-12-19,,2025-12-19,[62090],Office 1, Surestore Stevenage Retail Park Stevenage England SG1 1XZ
SIXTYTHREE EZRA LTD,16921979,active,ltd,,,2025-12-19,,2025-12-19,[70210, 90010],Lynton House London United Kingdom WC1H 9BQ
VEMLY LIMITED,16922187,active,ltd,,,2025-12-19,,2025-12-19,[62012, 62020, 63110],86-90 Paul Street London England EC2A 4NE
BUILT DATUM LTD,16922172,active,ltd,,,2025-12-19,,2025-12-19,[62012, 62020, 63110],128 City Road London United Kingdom EC1V 2NX
NET ALL INTERNATIONAL LTD,16922375,active,ltd,,,2025-12-19,,2025-12-19,[66190, 69203, 70221, 70229],32 Leonard Street London United Kingdom EC2A 4LX
PREVENTIVE MEDICINE LTD,16922429,active,ltd,,,2025-12-19,,2025-12-19,[63120, 73110, 73200, 86220],115 London Road, Morden United Kingdom SM4 5HP
GROWCHEQ LIMITED,16922522,active,ltd,,,2025-12-19,,2025-12-19,[62020, 62090, 63110, 82990],71-75 Shelton Street London United Kingdom WC2H 9JQ
WCL (UK) ADVISORY LIMITED,16922524,active,ltd,,,2025-12-19,,2025-12-19,[70229],Unit 20, The Circle London England SE1 2JE
BARKLEYANDCO LTD,16922509,active,ltd,,,2025-12-19,,2025-12-19,[47760, 96090],24-26, Arcadia Avenue Fin009 London United Kingdom N3 2JU
VERITY CARE PROFESSIONALS LTD,16922507,active,ltd,,,2025-12-19,,2025-12-19,[78109],71-75 Shelton Street London United Kingdom WC2H 9JQ
HIGHER DORSLEY CONSTRUCTION LTD,16922506,active,ltd,,,2025-12-19,,2025-12-19,[41100, 43290],6th Floor Charlotte Building London United Kingdom W1T 1QL
BROWNDALE 2 LTD,16922759,active,ltd,,,2025-12-19,,2025-12-19,[68100],C/O 32 Castlewood Road London England N16 6DW
JMENS SERVICES LTD,16922848,active,ltd,,,2025-12-19,,2025-12-19,[96090],71-75 Shelton Street London United Kingdom WC2H 9JQ
SUR LA MER LIMITED,16922917,active,ltd,,,2025-12-19,,2025-12-19,[64209],Suite 1, 7th Floor 50 Broadway London United Kingdom SW1H 0DB
CAMPUSLINK RECRUITMENT & PARTNERS LTD,16922986,active,ltd,,,2025-12-19,,2025-12-19,[85600],167-169 Great Portland Street London United Kingdom W1W 5PF
ORVAN LTD,16922987,active,ltd,,,2025-12-19,,2025-12-19,[47910],71-75 Shelton Street London United Kingdom WC2H 9JQ
SALESGUARD LTD,16922997,active,ltd,,,2025-12-19,,2025-12-19,[58290, 62012, 62090, 63120],71-75 Shelton Street London United Kingdom WC2H 9JQ
PROJEKT SHARER LIMITED,16922990,active,ltd,,,2025-12-19,,2025-12-19,[68100],Aston House London United Kingdom N3 1LF
BARBICAN SPACES LTD,16911374,active,ltd,,,2025-12-15,,2025-12-15,[93290],14-17 Carthusian Street London England EC1M 6AD
TALAL MIRZA LTD,16923214,active,ltd,,,2025-12-20,,2025-12-20,[47910, 47990],6 Birse Crescent London England NW10 1SJ
M.G COLLECTIONS UK LIMITED,16923759,active,ltd,,,2025-12-20,,2025-12-20,[47190, 47910],75 Mount Pleasant Barnet United Kingdom EN4 9ET
OAKES CIVILS LTD,16924854,active,ltd,,,2025-12-22,,2025-12-22,[41201, 42990, 43120],167 - 169 Great Portland Street London England W1W 5PF
MILTON RESIDENTIAL LTD,16924858,active,ltd,,,2025-12-22,,2025-12-22,[68310],9 London Road Hassocks England BN6 9NT
BRIGHTBOX LIMITED,16925284,active,ltd,,,2025-12-22,,2025-12-22,[58190, 62090, 85590],20 Wenlock Road London United Kingdom N1 7GU
THE REAL PITTA&PIZZA LTD,16925302,active,ltd,,,2025-12-22,,2025-12-22,[56101],91 Colney Hatch Lane London United Kingdom N10 1LR
MS MY STYLE LTD,16925268,active,ltd,,,2025-12-22,,2025-12-22,[47910],4 Raven Road, Unit 1c3-1005 London United Kingdom E18 1HB
MONAI LTD,16925317,active,ltd,,,2025-12-22,,2025-12-22,[62012],Office 16292 182-184 High Street North East Ham United Kingdom E6 2JA
NIK'SDEAL LTD,16925287,active,ltd,,,2025-12-22,,2025-12-22,[49311],128 City Road London United Kingdom EC1V 2NX
PETRONE TRANSPORT LTD,16925258,active,ltd,,,2025-12-22,,2025-12-22,[49410],35 Kennedy Road London England W7 1JL
TAYYABA CONSULTANCY SERVICES LTD,16890398,active,ltd,,,2025-12-04,,2025-12-04,[47730],75 Coniston Gardens London England NW9 0BA
KEPRA LTD,16925528,active,ltd,,,2025-12-22,,2025-12-22,[82990],13 St. Marks Court 717 London Road Sutton England SM3 9DL
HALYRD LTD,16925750,active,ltd,,,2025-12-22,,2025-12-22,[62012, 62020],20 Wenlock Road London England N1 7GU
FIDUCIA SERVICIA LTD,16925749,active,ltd,,,2025-12-22,,2025-12-22,[69201],46 Albemarle Street London United Kingdom W1S 4JL
STONEGATE PICCADILLY LTD,16925751,active,ltd,,,2025-12-22,,2025-12-22,[47190, 47710, 47890],Unit 36, Trocadero Shaftesbury Avenue London England W1D 6BS
UZZY STUDIO LTD,16925757,active,ltd,,,2025-12-22,,2025-12-22,[73110, 74100],20 Wenlock Road London England N1 7GU
PROLIFIC TJK LTD,16926049,active,ltd,,,2025-12-22,,2025-12-22,[58190],13 Vernon Yard London England W11 2DX
MEMORA WORKS LTD,16926062,active,ltd,,,2025-12-22,,2025-12-22,[47760, 47770, 47789, 47910],128 City Road London United Kingdom EC1V 2NX
MASSIMO REMOVALS LTD,16926043,active,ltd,,,2025-12-22,,2025-12-22,[49420],Suite 206, Britannia House 1-11 Glenthorne Road London United Kingdom W6 0LH
LONDON ROAD TYRES LTD,16926060,active,ltd,,,2025-12-22,,2025-12-22,[45320, 96090],269 London Road Romford United Kingdom RM7 9NJ
SHAREKTE195 LTD,16926061,active,ltd,,,2025-12-22,,2025-12-22,[46900],275 New N Rd #3110 London London United Kingdom N1 7AA
MERSEYFABRICATIONS LTD,16926051,active,ltd,,,2025-12-22,,2025-12-22,[41202],3rd Floor, 86-90 Paul Street London England EC2A 4NE
ZENTRIX TALENT SOLUTIONS LTD,16926393,active,ltd,,,2025-12-22,,2025-12-22,[62020, 78109, 78200, 85600],167-169 Great Portland Street London England W1W 5PF
BALMORE ELECTRICAL INSTALLATIONS LTD,16926397,active,ltd,,,2025-12-22,,2025-12-22,[43210],59 Higham Road London England N17 6NQ
CANNALOG TECHNOLOGIES LIMITED,16926785,active,ltd,,,2025-12-22,,2025-12-22,[62012, 63110, 86900],71-75 Shelton Street London United Kingdom WC2H 9JQ
FERRO CAPITAL INVESTMENTS LTD.,16926784,active,ltd,,,2025-12-22,,2025-12-22,[64205],71-75 Shelton Street London United Kingdom WC2H 9JQ
ALPHA AGENTIC INTELLIGENCE LTD,16926790,active,ltd,,,2025-12-22,,2025-12-22,[62012],71-75 Shelton Street London United Kingdom WC2H 9JQ
LINLITHGOW ADVISORS LIMITED,16926998,active,ltd,,,2025-12-22,,2025-12-22,[70221],Flat 3, 9 Sloane Gardens London United Kingdom SW1W 8EA
AMTAAR MUSCAT INVESTMENT COMPANY LTD,16926991,active,ltd,,,2025-12-22,,2025-12-22,[46900],275 New N Rd #3110 London London United Kingdom N1 7AA
JB PARTNERSHIPS LTD,16926993,active,ltd,,,2025-12-22,,2025-12-22,[62090],124-128 City Road London England EC1V 2NX
MONIXA OPERATIONS LIMITED,16927010,active,ltd,,,2025-12-22,,2025-12-22,[74909],Centurion House Staines-Upon-Thames England TW18 4AX
DOKUMINT LTD,16927096,active,ltd,,,2025-12-22,,2025-12-22,[62012, 62090, 63110],128 City Road London United Kingdom EC1V 2NX
UPWOOD LIMITED,16927354,active,ltd,,,2025-12-22,,2025-12-22,[69201],73 Cornhill London United Kingdom EC3V 3QQ
ARCUSWORLD LIMITED,16927344,active,ltd,,,2025-12-22,,2025-12-22,[93199],86 Pretoria Road London England SW16 6RN
CANDY LIPS LIMITED,16927369,active,ltd,,,2025-12-22,,2025-12-22,[47290],33 Sinclair Road London England E4 8PH
SHADOWS MARKETING LTD,16927360,active,ltd,,,2025-12-22,,2025-12-22,[47910, 73110],27 Old Gloucester Street London United Kingdom WC1N 3AX
JM HEATING AND PLUMBING SERVICES LTD,16927431,active,ltd,,,2025-12-22,,2025-12-22,[43220],36, 50, Smeaton Court Rockingham Street London United Kingdom SE1P 6FF
ESHORA LIMITED,16927445,active,ltd,,,2025-12-22,,2025-12-22,[47910],Office 15773 182-184 High Street North London United Kingdom E6 2JA
CHATEAU FILM LIMITED,16927619,active,ltd,,,2025-12-22,,2025-12-22,[59111],3 Coldbath Square London England EC1R 5HL
PROPERTYFLOW TECHNOLOGIES LTD,16927756,active,ltd,,,2025-12-23,,2025-12-23,[62012, 68320],20-22 Wenlock Road London England N1 7GU
MORESCA PARIS LTD,16927812,active,ltd,,,2025-12-23,,2025-12-23,[47710, 47910],71-75 Shelton Street London United Kingdom WC2H 9JQ
TEMKLOS LTD,16927818,active,ltd,,,2025-12-23,,2025-12-23,[47910],Medius House London England W1F 8BH
ZUNIKH LOWER HIGH STREET LIMITED,16927976,active,ltd,,,2025-12-23,,2025-12-23,[41100, 68100, 68209, 68320],71-75 Shelton Street London United Kingdom WC2H 9JQ
TELCOAI CONSULTANCY LTD,16927979,active,ltd,,,2025-12-23,,2025-12-23,[61200, 61900, 62020, 71129],8, Flat 4 Dawson Street London United Kingdom E2 8GW
OTOZ LTD,16927980,active,ltd,,,2025-12-23,,2025-12-23,[46630, 58290, 62012],128 City Road London United Kingdom EC1V 2NX
TAJ GREEN LTD,16928214,active,ltd,,,2025-12-23,,2025-12-23,[43210, 43390, 43999],241 Cann Hall Road London England E11 3NL
BRAXTON GOULD HOLDINGS LTD,16928202,active,ltd,,,2025-12-23,,2025-12-23,[64209],2nd Floor College House Ruislip, United Kingdom HA4 7AE
PRESTA ACCOUNTING LIMITED,16928206,active,ltd,,,2025-12-23,,2025-12-23,[69201],3rd Floor, 86-90 Paul Street London United Kingdom EC2A 4NE
FUSIONFURY SPORTS LTD,16928217,active,ltd,,,2025-12-23,,2025-12-23,[99999],167-169 Great Portland Street London England W1W 5PF
TIVEO & CO RENTAL TRAVEL LTD,16928211,active,ltd,,,2025-12-23,,2025-12-23,[49320],128 City Road London United Kingdom EC1V 2NX
ATIF ANTIQUES LTD,16928435,active,ltd,,,2025-12-23,,2025-12-23,[31090, 47990],24 Home Park Road London England SW19 7HN
FES ELECTRICAL & RENEWABLES LTD,16928440,active,ltd,,,2025-12-23,,2025-12-23,[43210, 43220],3rd Floor, 86-90 Paul Street London United Kingdom EC2A 4NE
CYAN CLOUD QUADRANT COMPANY LIMITED,16928431,active,ltd,,,2025-12-23,,2025-12-23,[47910],Cyan Cloud Quadrant Company Limited London United Kingdom EC1V 2NX
THE MENDING ROOM LTD,16928422,active,ltd,,,2025-12-23,,2025-12-23,[90030],Flat 7 28 St. Oswalds Place London England SE11 5JE
KEYSTONE CREATIONS LTD,16928420,active,ltd,,,2025-12-23,,2025-12-23,[41201, 43390],3rd Floor, 86-90 Paul Street London England EC2A 4NE
AKMAN TECH LTD,16928415,active,ltd,,,2025-12-23,,2025-12-23,[62012, 62020, 62090, 63110],Suite 10325 5 Brayford Square London United Kingdom E1 0SG
ZEUSXCO LTD,16928587,active,ltd,,,2025-12-23,,2025-12-23,[47510],Office 16172 182-184 High Street North London United Kingdom E6 2JA
AC HOLDINGS 2025 LIMITED,16928591,active,ltd,,,2025-12-23,,2025-12-23,[64999],123 Pall Mall London United Kingdom SW1Y 5EA
AUDLEY CAPITAL ENDOWMENT LTD.,16928756,active,ltd,,,2025-12-23,,2025-12-23,[64209],71-75 Shelton Street London United Kingdom WC2H 9JQ
TALENT37 DIGITAL LTD,16928754,active,ltd,,,2025-12-23,,2025-12-23,[73110, 73120],71-75 Shelton Street London United Kingdom WC2H 9JQ
NUXITY LTD,16928760,active,ltd,,,2025-12-23,,2025-12-23,[59112, 62012],Office 16286 182-184 High Street North East Ham United Kingdom E6 2JA
PICTUREMILL UK LTD,16928778,active,ltd,,,2025-12-23,,2025-12-23,[90030],71-75 Shelton Street London United Kingdom WC2H 9JQ
THE DUSTY SHEPPARD LTD,16928783,active,ltd,,,2025-12-23,,2025-12-23,[79110],First Floor Flat London England N1 3LG
KATHA PRIVATE LIMITED,16928790,active,ltd,,,2025-12-23,,2025-12-23,[70210, 73110],3rd Floor, 86-90 Paul Street London United Kingdom EC2A 4NE
BLOCAO LABS LTD,16928773,active,ltd,,,2025-12-23,,2025-12-23,[62090],128 City Road London United Kingdom EC1V 2NX
HATADEAN LTD,16928775,active,ltd,,,2025-12-23,,2025-12-23,[96040],71-75 Shelton Street London United Kingdom WC2H 9JQ
ELITE EXTRACTS LTD,16928786,active,ltd,,,2025-12-23,,2025-12-23,[47910],71-75 Shelton Street London United Kingdom WC2H 9JQ
GET IT DONE COMPLIANCE AGENCY LTD,16928763,active,ltd,,,2025-12-23,,2025-12-23,[70229],71-75 Shelton Street London United Kingdom WC2H 9JQ
ELLOINKS LTD,16929063,active,ltd,,,2025-12-23,,2025-12-23,[47789],3rd Floor, 86-90 Paul Street London United Kingdom EC2A 4NE
SAMI KEBABS LTD,16929064,active,ltd,,,2025-12-23,,2025-12-23,[56103],144 London Road Isleworth England TW7 5BG
KAZ PIZZA LTD,16929059,active,ltd,,,2025-12-23,,2025-12-23,[56103],727d London Road Westcliff-On-Sea United Kingdom SS0 9ST
AFFORDABLE WORKSPACE PARTNERSHIP (TR) LTD,16929287,active,ltd,,,2025-12-23,,2025-12-23,[68209],3rd Floor, Great Titchfield House London United Kingdom W1W 8BD
HUVIRA STUDIO LTD,16929284,active,ltd,,,2025-12-23,,2025-12-23,[46450],86-90 Paul Street London England EC2A 4NE
WESTWOOD 62 LIMITED,16929280,active,ltd,,,2025-12-23,,2025-12-23,[64209],1 Royal Exchange London United Kingdom EC3V 3DG
AHMED EL ARABY LIMITED,16929530,active,ltd,,,2025-12-23,,2025-12-23,[55100, 56103],20 Wenlock Road London England N1 7GU
MARTSPOT UK LTD,16929808,active,ltd,,,2025-12-23,,2025-12-23,[47910],71-75 Shelton Street London United Kingdom WC2H 9JQ
APEX RISK & COMPLIANCE LTD,16930494,active,ltd,,,2025-12-24,,2025-12-24,[71200, 74909],167-169 Great Portland Street London England W1W 5PF
BLUE PEARL CARE LTD,16930548,active,ltd,,,2025-12-24,,2025-12-24,[84120, 87100],20 Wenlock Road London England N1 7GU
ELDIEN OPERATIONS LTD,16930566,active,ltd,,,2025-12-24,,2025-12-24,[62012],Flat 86 Latham House London England E1 0RD
QUANTUMLEAF DESIGN LTD,16930570,active,ltd,,,2025-12-24,,2025-12-24,[99999],20 Wenlock Road London England N1 7GU
PROTOTYPE COMMERCE LIMITED,16930685,active,ltd,,,2025-12-24,,2025-12-24,[47910],Office 16222 182-184 High Street North London United Kingdom E6 2JA
MUDITRUDRIVE LTD,16930684,active,ltd,,,2025-12-24,,2025-12-24,[49410],3rd Floor, 86-90 Paul Street London United Kingdom EC2A 4NE
NEXUS ELITE LIMITED,16930683,active,ltd,,,2025-12-24,,2025-12-24,[68100, 68209, 68310, 68320],C/O D&K Accountancy Services, Solar House London England N12 8QJ
MENTALRESET LTD,16930781,active,ltd,,,2025-12-24,,2025-12-24,[47910, 58190, 85590],27 Old Gloucester Street London United Kingdom WC1N 3AX
VANESSA LUX LTD,16930764,active,ltd,,,2025-12-24,,2025-12-24,[47910],292718 Office Suite 29a, 3/F 23 Wharf Street London England SE8 3GG
VIVACARE INNOVATIONS LTD,16930826,active,ltd,,,2025-12-24,,2025-12-24,[99999],167-169 Great Portland Street London England W1W 5PF
ACTIVE RECRUITMENT LONDON LTD,16930814,active,ltd,,,2025-12-24,,2025-12-24,[78109, 78200],Global House London England N12 8NP
X00APP100X LTD,16931020,active,ltd,,,2025-12-24,,2025-12-24,[58290, 62012, 62020, 63110],128 City Road London United Kingdom EC1V 2NX
DOTSLET LTD,16931117,active,ltd,,,2025-12-24,,2025-12-24,[62012],3rd Floor, 86-90 Paul Street London United Kingdom EC2A 4NE
MORENDA LTD,16931119,active,ltd,,,2025-12-24,,2025-12-24,[47910],5 Brayford Square London United Kingdom E1 0SG
BK ALL PRO CONSTRUCTION LIMITED,16931163,active,ltd,,,2025-12-24,,2025-12-24,[41201],Flat 215b High Road London England N2 8AN
NOONAN HOLDINGS GROUP LTD,16931161,active,ltd,,,2025-12-24,,2025-12-24,[70100],71-75 Shelton Street London United Kingdom WC2H 9JQ
STRATA OPERATIONS CONSULTING LTD,16931171,active,ltd,,,2025-12-24,,2025-12-24,[70229],167-169 Great Portland Street London England W1W 5PF
QUDWA ADVISORY LTD,16931184,active,ltd,,,2025-12-24,,2025-12-24,[70229, 82990],86 Park West Edgware Road London United Kingdom W2 2QJ
FLY ALPHA LTD,16931292,active,ltd,,,2025-12-24,,2025-12-24,[79110],167-169 Great Portland Street,5th Floor London United Kingdom W1W 5PF
HELLO HOME KIDS LTD,16931278,active,ltd,,,2025-12-24,,2025-12-24,[46470, 46499, 47599],3rd Floor, 86-90 Paul Street London England EC2A 4NE
ASCENDANCY SPORTS MANAGEMENT LTD,16931487,active,ltd,,,2025-12-24,,2025-12-24,[93199],71-75 Shelton Street London United Kingdom WC2H 9JQ
PETALS 'N' BLOSSOMS LIMITED,16931478,active,ltd,,,2025-12-24,,2025-12-24,[88910],73 Lordship Road London United Kingdom N16 0QX
THE FASHION AUCTIONEER LTD,16931508,active,ltd,,,2025-12-24,,2025-12-24,[46160],71-75 Shelton Street London United Kingdom WC2H 9JQ
GP PATHFINDER RESEARCH LTD,16931705,active,ltd,,,2025-12-25,,2025-12-25,[86220],208 High Road London England NW10 2NX
MOTUMBRIDGE LIMITED,16932001,active,ltd,,,2025-12-26,,2025-12-26,[82990],71-75 Shelton Street London United Kingdom WC2H 9JQ
BIODENSE LTD,16932004,active,ltd,,,2025-12-26,,2025-12-26,[47910],Cumberland House 80 Scrubs Lane London England NW10 6RF
NORVA GROUP LTD,16920081,active,ltd,,,2025-12-18,,2025-12-18,[47910],Unit 1 10a Bard Road London England W10 6TP
OLEANDER ESTATE LTD,16920059,active,ltd,,,2025-12-18,,2025-12-18,[68100, 68209, 68310, 68320],128 City Road London United Kingdom EC1V 2NX
GDE1 LTD,16920328,active,ltd,,,2025-12-18,,2025-12-18,[96090],46 Woodhouse Road North Finchley United Kingdom N12 0RJ
BROAD PEAK 22 LIMITED,16920234,active,ltd,,,2025-12-18,,2025-12-18,[68209],C/O Getground London England W6 0NB
SHAREKTE189 LTD,16920338,active,ltd,,,2025-12-18,,2025-12-18,[46900],275 New N Rd #3110 London London United Kingdom N1 7AA
INTERTECH VENTURES LTD,16920336,active,ltd,,,2025-12-18,,2025-12-18,[62012, 82990],128 City Road London United Kingdom EC1V 2NX
GUIDED ORCHESTRATION LTD,16920232,active,ltd,,,2025-12-18,,2025-12-18,[71129],3rd Floor, 86-90 Paul Street London United Kingdom EC2A 4NE
WILLIAM SMITH SCIENTIFIC LTD,16920559,active,ltd,,,2025-12-18,,2025-12-18,[26511, 46140, 46690, 77390],128 City Road London United Kingdom EC1V 2NX
CAFÉ VIVA LIMITED,16920570,active,ltd,,,2025-12-18,,2025-12-18,[56102],291 Green Lanes London England N13 4XS
EXPLORADEX LTD,16920688,active,ltd,,,2025-12-18,,2025-12-18,[62020, 62090, 63110],2nd Floor College House Ruislip, United Kingdom HA4 7AE
PAPER COWBOY LTD,16920692,active,ltd,,,2025-12-18,,2025-12-18,[17230, 74100],3rd Floor, 86-90 Paul Street London United Kingdom EC2A 4NE
AQUA ROBSON ACADEMY LIMITED,16920813,active,ltd,,,2025-12-18,,2025-12-18,[85200, 85310, 85590, 85600],1 Trafalgar House, West Thurrock United Kingdom RM20 3JT
PEAK LEVEL MERCHANDISE LTD,16920870,active,ltd,,,2025-12-18,,2025-12-18,[47990],4th Floor Office London England W1B 4HB
SUGIBI LTD,16920868,active,ltd,,,2025-12-18,,2025-12-18,[56103],500 White Hart Lane London England N17 7NA
JIGSAW CULTURE LTD,16921007,active,ltd,,,2025-12-18,,2025-12-18,[70229],71-75 Shelton Street London United Kingdom WC2H 9JQ
MANFB UK LTD,16921004,active,ltd,,,2025-12-18,,2025-12-18,[56103],166 Manor Lane London England SE12 8LP
EUROPI COINVEST FEEDER I LIMITED,16921408,active,ltd,,,2025-12-19,,2025-12-19,[64209],6 Albemarle Street London England W1S 4BY
AVONCO LIMITED,16921394,active,ltd,,,2025-12-19,,2025-12-19,[41202],128 City Road London United Kingdom EC1V 2NX
ZLICH SOLUTIONS LTD,16921735,active,ltd,,,2025-12-19,,2025-12-19,[47910],128 City Road London United Kingdom EC1V 2NX
SIMBA PDF LTD,16921752,active,ltd,,,2025-12-19,,2025-12-19,[46160, 82190],71-75 Shelton Street London United Kingdom WC2H 9JQ
HEALING CHAMBER WELLBEING CENTRE LTD,16904121,active,ltd,,,2025-12-11,,2025-12-11,[86900],500 White Hart Lane London England N17 7NA
ELECTRUM CAPITAL LF LTD,16921782,active,ltd,,,2025-12-19,,2025-12-19,[64303, 64999, 68100, 68209],3-4 John Princes Street London England W1G 0JL
KALDEM LIMITED,16921871,active,ltd,,,2025-12-19,,2025-12-19,[47110],213 Langham Road London United Kingdom N15 3LH
BIBOCA DIGITAL VENTURES UK LIMITED,16885998,active,ltd,,,2025-12-02,,2025-12-02,[96090],20 Wenlock Road London England N1 7GU
CALL CALL AI LTD,16922139,active,ltd,,,2025-12-19,,2025-12-19,[58290],128 City Road London United Kingdom EC1V 2NX
I2ECONSULTING LIMITED,16922162,active,ltd,,,2025-12-19,,2025-12-19,[62020, 72190, 85590, 85600],124 City  Road London United Kingdom EC1V 2NX
MATHURY MUA LTD,16922242,active,ltd,,,2025-12-19,,2025-12-19,[90030],68 Bush Grove London United Kingdom NW9 8QX
HYPEX MEDIA LTD,16922247,active,ltd,,,2025-12-19,,2025-12-19,[73110],128 City Road London United Kingdom EC1V 2NX
ASHVIEW PEG LANE LTD,16922245,active,ltd,,,2025-12-19,,2025-12-19,[68209],71-75 Shelton Street London England WC2H 9JQ
PRAESENTIA ARS VITAE LTD,16922339,active,ltd,,,2025-12-19,,2025-12-19,[47910, 85590],5 Brayford Square London England E1 0SG
WELL WOMAN CLINIC LTD,16922343,active,ltd,,,2025-12-19,,2025-12-19,[63120, 73110, 73200, 86220],115 London Road, Morden United Kingdom SM4 5HP
TOFYND LTD,16923163,active,ltd,,,2025-12-19,,2025-12-19,[62090, 96020, 96040],80 St. Georges Road London England E10 5RQ
FRW HOLDINGS LTD,16901505,active,ltd,,,2025-12-10,,2025-12-10,[64209],1st Floor, Gallery Court London United Kingdom N3 2FG
SANTANA BUSINESS SOLUTIONS GROUP LTD,16923847,active,ltd,,,2025-12-20,,2025-12-20,[78109, 78200],31 Courthouse Gardens London England N3 1PU
GTP GTP LIMITED,16924525,active,ltd,,,2025-12-21,,2025-12-21,[85530],Flat 22 Hayward House London England E5 8AU
FAIRFIELD CLARK LIMITED,16924798,active,ltd,,,2025-12-22,,2025-12-22,[74901],44 Broadhinton Road London United Kingdom SW4 0LT
CABIN CAVEMEN LTD,16924794,active,ltd,,,2025-12-22,,2025-12-22,[68209],71-75 Shelton Street London United Kingdom WC2H 9JQ
NAS RESEARCH HOLDINGS LTD,16924939,active,ltd,,,2025-12-22,,2025-12-22,[72110, 74909, 85590],124 City Road London England EC1V 2NX
OPENWAYZ PROPERTY MANAGEMENT LTD,16925228,active,ltd,,,2025-12-22,,2025-12-22,[68100, 68209],374 Central Park Road London United Kingdom E6 3AB
JG PROPERTIES SOLUTIONS LTD,16925684,active,ltd,,,2025-12-22,,2025-12-22,[41202, 43341, 43390],3 Kempthorne Road London England SE8 3QD
NIMBUSWORKS LTD,16925662,active,ltd,,,2025-12-22,,2025-12-22,[99999],20 Wenlock Road London England N1 7GU
ARTISJUSTIS LTD,16925913,active,ltd,,,2025-12-22,,2025-12-22,[90030],Flat 17, 2 Alberts Court London United Kingdom NW1 6EL
DEFIANT WOMEN'S RESOURCES LTD,16925908,active,ltd,,,2025-12-22,,2025-12-22,[58190],128 City Road London United Kingdom EC1V 2NX
MUSEION GROUP LTD,16926229,active,ltd,,,2025-12-22,,2025-12-22,[46760, 90030, 91020],128 City Road London United Kingdom EC1V 2NX
OBEDIENT MINDS LIMITED,16926233,active,ltd,,,2025-12-22,,2025-12-22,[73110],128 City Road London United Kingdom EC1V 2NX
MITO HEALTHCARE CLINIC LTD,16926230,active,ltd,,,2025-12-22,,2025-12-22,[74909, 96040],12 Hammersmith Grove London United Kingdom W6 7AP
ACTIVE QCROSS LTD,16926232,active,ltd,,,2025-12-22,,2025-12-22,[58130],128 City Road London United Kingdom EC1V 2NX
JUPITER FASHION LIMITED,16926222,active,ltd,,,2025-12-22,,2025-12-22,[46420, 47910],115 London Road London United Kingdom SM4 5HP
JS SLOUGH LTD,16926482,active,ltd,,,2025-12-22,,2025-12-22,[68100, 68209],150 Rosebery Avenue London England N17 9SD
VIADUO LTD,16926476,active,ltd,,,2025-12-22,,2025-12-22,[62020],Flat 102 Daubeney Tower Bowditch London England SE8 3QW
BMP HOLDINGS LIMITED,16926691,active,ltd,,,2025-12-22,,2025-12-22,[64209],New Burlington House London England NW11 0PU
MARUGENN LTD,16926697,active,ltd,,,2025-12-22,,2025-12-22,[46370, 47290, 56103],4th Floor Silverstream House/45 Fitzrovia United Kingdom W1T 6EB
PBS ENTERTAINMENT LIMITED,16926838,active,ltd,,,2025-12-22,,2025-12-22,[70229],167-169 Great Portland Street London United Kingdom W1W 5PF
PLUTUSPLUS LTD,16926830,active,ltd,,,2025-12-22,,2025-12-22,[47190],Flat 62 St. Lawrence Court London England N1 5TP
KNIGHTSBRIDGE PAWNBROKERS LIMITED,16927069,active,ltd,,,2025-12-22,,2025-12-22,[64921],35 Ballards Lane London United Kingdom N3 1XW
SAARC PR COMPANY LTD,16927079,active,ltd,,,2025-12-22,,2025-12-22,[82990],77 Benwell Road London England N7 7BW
ISHRAQAT SOHAR AL MUNIRA FOR TRADE AND INVESTMENT LTD,16927072,active,ltd,,,2025-12-22,,2025-12-22,[47599],Office 2501vp 182-184 High Street North London United Kingdom E6 2JA
VARA METRICS LIMITED,16904796,active,ltd,,,2025-12-11,,2025-12-11,[62090],201 Haverstock Hill London England NW3 4QG
FLYMIUM LTD,16927480,active,ltd,,,2025-12-22,,2025-12-22,[47990],47 Hamilton Road London England SW19 1JG
PILLAR SECURITY SOLUTIONS LTD,16927634,active,ltd,,,2025-12-22,,2025-12-22,[80100, 81100, 96090],3rd Floor, 86-90 Paul Street London England EC2A 4NE
MODEVILLE TRADING LTD,16927642,active,ltd,,,2025-12-22,,2025-12-22,[47710, 47910],71-75 Shelton Street London United Kingdom WC2H 9JQ
ALTOSA GROUP LTD,16927972,active,ltd,,,2025-12-23,,2025-12-23,[47910],20 Wenlock Road London England N1 7GU
IRONROCK AFRICA METALS & MINERALS LIMITED,16928125,active,ltd,,,2025-12-23,,2025-12-23,[07290],22 Sutton Lane, Great West Road London United Kingdom W4 4LD
DBF CONTRACTING LTD,16928366,active,ltd,,,2025-12-23,,2025-12-23,[70229],20 Wenlock Road London England N1 7GU
ARCADE BUILD LTD,16928363,active,ltd,,,2025-12-23,,2025-12-23,[41100, 41202],167-169 Great Portland Street London England W1W 5PF
ALFA INFINITY GENERAL TRADING LTD,16928365,active,ltd,,,2025-12-23,,2025-12-23,[46439, 46520],275 New N Rd #3110 London London United Kingdom N1 7AA
PALAZ DIGITAL SOLUTIONS LIMITED,16928361,active,ltd,,,2025-12-23,,2025-12-23,[62012],71-75 Shelton Street London United Kingdom WC2H 9JQ
TOSEV LTD,16928368,active,ltd,,,2025-12-23,,2025-12-23,[25990, 32120, 32990, 74100],124 City Road London United Kingdom EC1V 2NX
ELEIOS HOMES LTD,16928374,active,ltd,,,2025-12-23,,2025-12-23,[55209],128 City Road London United Kingdom EC1V 2NX
EFE MERT GULER LTD,16928637,active,ltd,,,2025-12-23,,2025-12-23,[47910],71-75 Shelton Street London United Kingdom WC2H 9JQ
365 SALES LIMITED,16928630,active,ltd,,,2025-12-23,,2025-12-23,[46160],Office 16110 182-184 High Street North London United Kingdom E6 2JA
SHOPFRONT MEDIA LTD,16928627,active,ltd,,,2025-12-23,,2025-12-23,[62012],71-75 Shelton Street London United Kingdom WC2H 9JQ
EL ESCORIAL LIMITED,16928633,active,ltd,,,2025-12-23,,2025-12-23,[56101],13 Lewis Grove London England SE13 6BG
ON THE OTHER SIDE LTD,16928636,active,ltd,,,2025-12-23,,2025-12-23,[85520, 90010],Unit H Chilli Works 91a London England N4 1FG
DENEHURST COURT FREEHOLD LIMITED,16928623,active,ltd,,,2025-12-23,,2025-12-23,[98000],Flat 7 16 Denehurst Gardens London United Kingdom W3 9QY
OMBLE ESTATES LTD,16928617,active,ltd,,,2025-12-23,,2025-12-23,[68209],4 Station Parade Ruislip England HA4 7DL
LYNVERO AI LTD,16928796,active,ltd,,,2025-12-23,,2025-12-23,[85590, 85600],167-169 Great Portland Street London England W1W 5PF
BUY SELL FX LTD,16928800,active,ltd,,,2025-12-23,,2025-12-23,[66190],2nd Floor College House Ruislip, United Kingdom HA4 7AE
GENESIS HOLDINGS AND ASSET MANAGEMENT LTD,16928986,active,ltd,,,2025-12-23,,2025-12-23,[66110],71-75 Shelton Street London United Kingdom WC2H 9JQ
STONEHOUSE MIDCO LIMITED,16929010,active,ltd,,,2025-12-23,,2025-12-23,[64209],30 Broadwick Street London United Kingdom W1F 8JB
TEN DENTAL ALDGATE LIMITED,16928993,active,ltd,,,2025-12-23,,2025-12-23,[86230],Figurit Niddry Lodge, 51 Holland Street London England W8 7JB
MILE 27 BEVERAGES LTD,16929167,active,ltd,,,2025-12-23,,2025-12-23,[47250],37 Duncan Terrace London England N1 8AL
BLISSFULBALANCE LTD,16929174,active,ltd,,,2025-12-23,,2025-12-23,[99999],167-169 Great Portland Street London England W1W 5PF
THISTLEBIRD LTD,16929178,active,ltd,,,2025-12-23,,2025-12-23,[68209],Unit 2, 1, C/O Mak & Co Accountants London United Kingdom SW16 2BF
CLIMATE IMPACT PARTNERS (PROJECT BELLA) LIMITED,16929336,active,ltd,,,2025-12-23,,2025-12-23,[64209],19 Eastbourne Terrace London United Kingdom W2 6LG
URBANPULSE DIGITAL LTD,16929337,active,ltd,,,2025-12-23,,2025-12-23,[99999],20 Wenlock Road London England N1 7GU
SQUIRRELS ARE NUTS LTD,16929343,active,ltd,,,2025-12-23,,2025-12-23,[91020],71-75 Shelton Street London United Kingdom WC2H 9JQ
FOUNTAIN ASSETS LIMITED,16929502,active,ltd,,,2025-12-23,,2025-12-23,[68100],115 Craven Park Road London England N15 6BL
ARAMCO GAS UK GP LTD.,16929505,active,ltd,,,2025-12-23,,2025-12-23,[64209],10 Portman Square London United Kingdom W1H 6AZ
4REDBOXES LTD,16929508,active,ltd,,,2025-12-23,,2025-12-23,[47910],71-75 Shelton Street London United Kingdom WC2H 9JQ
J&I MARIANA LTD,16929516,active,ltd,,,2025-12-23,,2025-12-23,[68100],212 Roundwood Road London United Kingdom NW10 3UG
FACTOR TECHNOLOGIES LTD,16929514,active,ltd,,,2025-12-23,,2025-12-23,[62012],71-75 Shelton Street London United Kingdom WC2H 9JQ
FILCA ESMEX GROUP LTD,16929499,active,ltd,,,2025-12-23,,2025-12-23,[64301],128 City Road London United Kingdom EC1V 2NX
AXIONIS HOLDINGS LTD,16929737,active,ltd,,,2025-12-23,,2025-12-23,[64209],472a Larkshall Road London United Kingdom E4 9HH
FLOW TIDE SERVICES LIMITED,16929734,active,ltd,,,2025-12-23,,2025-12-23,[96090],128 City Road London United Kingdom EC1V 2NX
LONDON AUCTIONS LIMITED,16929970,active,ltd,,,2025-12-23,,2025-12-23,[82990],167-169 Great Portland Street London England W1W 5PF
STONEPATH SOLUTIONS LTD,16930040,active,ltd,,,2025-12-23,,2025-12-23,[71112, 81300],2nd Floor College House Ruislip, United Kingdom HA4 7AE
CABBOOM LONDON LIMITED,16930034,active,ltd,,,2025-12-23,,2025-12-23,[49320],55 Orpington Gardens London England N18 1LW
VELGI WHOLESALE LTD,16930030,active,ltd,,,2025-12-23,,2025-12-23,[46900],41 Lichfield Road London England NW2 2RG
DUNIA LONDON LTD,16930045,active,ltd,,,2025-12-23,,2025-12-23,[47990, 68320, 85590],85 Myrdle Street London United Kingdom E1 1HL
AVX CAPITAL LTD,16889937,active,ltd,,,2025-12-03,,2025-12-03,[68209, 68310],124 City Road London England EC1V 2NX
CANDLE EYE LTD,16930163,active,ltd,,,2025-12-23,,2025-12-23,[62090],811 Commercial Road London England E14 7HG
CYBERIUS BEACON TECHNOLOGIES LTD,16930170,active,ltd,,,2025-12-23,,2025-12-23,[62012, 62020, 62090],71-75 Shelton Street London England WC2H 9JQ
FEROGUZ LTD,16930286,active,ltd,,,2025-12-24,,2025-12-24,[47510, 47710, 47910],71-75 Shelton Street London United Kingdom WC2H 9JQ
CAUCA CAPITAL LIMITED,16930292,active,ltd,,,2025-12-24,,2025-12-24,[64209],27 Old Gloucester Street London United Kingdom WC1N 3AX
JP PROPERTIES GROUP LTD,16930282,active,ltd,,,2025-12-24,,2025-12-24,[68100, 68209],128 City Road London United Kingdom EC1V 2NX
SUNNY SMILES KIDS CARE LTD,16930333,active,ltd,,,2025-12-24,,2025-12-24,[88910],14 Peasmead Terrace New Road London United Kingdom E4 6NU
TINY TRAVELLER LIMITED,16930408,active,ltd,,,2025-12-24,,2025-12-24,[58110],33 Peartree Way London England SE10 0XS
TECHNO SYSTEMS LIMITED,16930473,active,ltd,,,2025-12-24,,2025-12-24,[96090],72 Halliwick Road London England N10 1AB
YEMA COCKTAILS LIMITED,16930480,active,ltd,,,2025-12-24,,2025-12-24,[56210],124 City Road London United Kingdom EC1V 2NX
MONOROM LTD,16930701,active,ltd,,,2025-12-24,,2025-12-24,[47710],Office 16260 182-184 High Street North London United Kingdom E6 2JA
MYRANA MARKET LTD,16930705,active,ltd,,,2025-12-24,,2025-12-24,[46160, 47710, 47820, 47910],Office 16101 182-184 High Street North London United Kingdom E6 2JA
CULTIVO LIMITED,16930878,active,ltd,,,2025-12-24,,2025-12-24,[62090],37 Green Street London United Kingdom E7 8DA
K. SUN LTD,16930972,active,ltd,,,2025-12-24,,2025-12-24,[64209, 70229],C/O Silverstone & Co 223 New London House London United Kingdom EC3R 7AD
LITTLE GOLDEN ACORN BOOKS LTD,16931044,active,ltd,,,2025-12-24,,2025-12-24,[47610],Chancellors House Hendon England NW4 4AB
HEA PRESTIGE LTD,16931048,active,ltd,,,2025-12-24,,2025-12-24,[47910],Suite 10332 5 Brayford Square London United Kingdom E1 0SG
FEI 2 (FUTURE ENERGY INVESTMENTS 2) LIMITED,16931050,active,ltd,,,2025-12-24,,2025-12-24,[64209],Harwood House London United Kingdom SW6 4QP
YIHAO GLOBAL LTD,16931238,active,ltd,,,2025-12-24,,2025-12-24,[62090, 71200, 74909],128 City Road London United Kingdom EC1V 2NX
PLAYER ONE TECHNOLOGY CO., LTD,16931230,active,ltd,,,2025-12-24,,2025-12-24,[47910],71-75 Shelton Street London England WC2H 9JQ
S4TUTORS LIMITED,16931613,active,ltd,,,2025-12-24,,2025-12-24,[85590],Flat 1 Fleetfield London England WC1H 8BP
GLOBAPAY LIMITED,16931694,active,ltd,,,2025-12-25,,2025-12-25,[62020],Flat 81 Wenlock Court London England N1 7PL
TWINSTONE LTD,16883260,active,ltd,,,2025-12-01,,2025-12-01,[41100, 68100, 70229],Office 16010 182-184 High Street North East Ham United Kingdom E6 2JA
SWIFTCARE PROPERTY SOLUTIONS LTD,16931787,active,ltd,,,2025-12-25,,2025-12-25,[43390],131 Bell Lane London England NW4 2AR
GREEN GOLD CARBON INTELLIGENCE LTD,16931809,active,ltd,,,2025-12-25,,2025-12-25,[62012, 62090, 71122, 74901],1 Dickens Road London England E6 3BX
HMX DISTRIBUTIONS LTD,16931842,active,ltd,,,2025-12-26,,2025-12-26,[47910],Flat 17, Leybridge Court London United Kingdom SE12 8TH
LJR CONSULTANTS LTD,16931854,active,ltd,,,2025-12-26,,2025-12-26,[70229],3rd Floor, 86-90 Paul Street London England EC2A 4NE
MVP SALES LTD,16931850,active,ltd,,,2025-12-26,,2025-12-26,[46499, 47190, 47910, 47990],3rd Floor, 86-90 Paul Street London England EC2A 4NE
CAR CULTURE LIMITED,16931903,active,ltd,,,2025-12-26,,2025-12-26,[45111, 45112, 45190],71-75 Shelton Street London United Kingdom WC2H 9JQ
NEXYERA LTD,16931982,active,ltd,,,2025-12-26,,2025-12-26,[62012, 62020, 62090, 73110],71-75 Shelton Street London United Kingdom WC2H 9JQ
ZEYRON GLOBAL LTD,16920117,active,ltd,,,2025-12-18,,2025-12-18,[99999],124 City Road London United Kingdom EC1V 2NX
PERSONA IDENTITIES, UK LIMITED,16920463,active,ltd,,,2025-12-18,,2025-12-18,[62090],27 Old Gloucester Street London United Kingdom WC1N 3AX
VOIN ENTERPRISE LTD,16920459,active,ltd,,,2025-12-18,,2025-12-18,[47910],20 Wenlock Road London England N1 7GU
INFLPAD LTD,16920480,active,ltd,,,2025-12-18,,2025-12-18,[58290, 62090],128 City Road London United Kingdom EC1V 2NX
OOBERRA LTD,16920784,active,ltd,,,2025-12-18,,2025-12-18,[62012, 62020, 62090, 63990],2nd Floor College House Ruislip, United Kingdom HA4 7AE
PANO HOLDINGS LIMITED,16920955,active,ltd,,,2025-12-18,,2025-12-18,[64209],167-169 Great Portland Street London England W1W 5PF
BDATECH365 LIMITED,16920956,active,ltd,,,2025-12-18,,2025-12-18,[62012, 62020, 63110],71-75 Shelton Street London United Kingdom WC2H 9JQ
AHBOUTUSALL LTD,16921024,active,ltd,,,2025-12-18,,2025-12-18,[47190, 59112, 59132, 82990],20 Wenlock Road London England N1 7GU
GOLDCREST EXECUTIVE LTD,16921044,active,ltd,,,2025-12-18,,2025-12-18,[71122],3 Calico Row London England SW11 3YH
ECO HOME CLEANERS LTD,16921109,active,ltd,,,2025-12-18,,2025-12-18,[81299],407 High Road London England N22 8JB
AMOA HOLDINGS LTD,16921485,active,ltd,,,2025-12-19,,2025-12-19,[64209],C/O Ajn Accountants Hideaway Work Space Streatham United Kingdom SW16 2BF
SALMORA BRIDGE LTD,16921641,active,ltd,,,2025-12-19,,2025-12-19,[64929],3rd Floor, Great Titchfield House London United Kingdom W1W 8BD
ESSENTIAL BRANDING HOLDINGS LIMITED,16921771,active,ltd,,,2025-12-19,,2025-12-19,[64209],590 Green Lanes London United Kingdom N13 5RY
CSF TECH LIMITED,16921769,active,ltd,,,2025-12-19,,2025-12-19,[46520, 62020, 62090],Flat 107 25 Indescon Square London England E14 9DG
FESTAC MARINE HYDROPOWER LTD,16921953,active,ltd,,,2025-12-19,,2025-12-19,[42990],130 Shaftesbury Avenue London United Kingdom W1D 5EU
YELLOW BOOK ACCOUNTANTS LTD,16921937,active,ltd,,,2025-12-19,,2025-12-19,[69201, 69202, 69203],C/O Abn Accountants London United Kingdom W5 5RG
HAAWA PROPERTY LTD,16921935,active,ltd,,,2025-12-19,,2025-12-19,[64209, 68209],C/O Melon Accountants Ltd London England SW1V 1DW
ECODEV LTD,16921945,active,ltd,,,2025-12-19,,2025-12-19,[62012, 62020, 62090, 63110],128 City Road London United Kingdom EC1V 2NX
LIQUIDITY LAB LTD,16922093,active,ltd,,,2025-12-19,,2025-12-19,[62020],3rd Floor, 86-90 Paul Street London United Kingdom EC2A 4NE
GOBEK LTD,16922088,active,ltd,,,2025-12-19,,2025-12-19,[56101],Main Course Partners London England E14 5AA
COSIMA TRAVEL TECHNOLOGIES LTD,16922197,active,ltd,,,2025-12-19,,2025-12-19,[71129],45, Silverstream House Fitzroy Street London United Kingdom W1T 6EB
BSD MDR LTD.,16922210,active,ltd,,,2025-12-19,,2025-12-19,[68100, 68209],71-75 Shelton Street London United Kingdom WC2H 9JQ
SOUTHWEST SNACKS LTD,16922202,active,ltd,,,2025-12-19,,2025-12-19,[10130],3rd Floor, 86-90 Paul Street London England EC2A 4NE
AMOURA GIFT LTD,16922211,active,ltd,,,2025-12-19,,2025-12-19,[47910],128 City Road London United Kingdom EC1V 2NX
ILLINIZA LTD,16922425,active,ltd,,,2025-12-19,,2025-12-19,[46160, 46420, 47710, 47820],71-75 Shelton Street London United Kingdom WC2H 9JQ
CATALYST DATABASE SOLUTIONS LIMITED,16922657,active,ltd,,,2025-12-19,,2025-12-19,[62020],71-75 Shelton Street London United Kingdom WC2H 9JQ
SHAIKH MINI CAB LTD,16922804,active,ltd,,,2025-12-19,,2025-12-19,[49390, 52290],49 Terrace Road London England E13 0PP
BOSSMANS EXPRESS LTD,16922872,active,ltd,,,2025-12-19,,2025-12-19,[47910],3rd Floor, 86-90 Paul Street London United Kingdom EC2A 4NE
TROPICAL BOUTIQUE LIMITED,16922959,active,ltd,,,2025-12-19,,2025-12-19,[96020],Flat 19 Pevensey Court London England SW16 2JD
EM & M HOLDINGS LIMITED,16922955,active,ltd,,,2025-12-19,,2025-12-19,[68209],25 Baltic Place London England N1 5AQ
ALINA AESTHETIC CLINIQUE LTD,16923178,active,ltd,,,2025-12-19,,2025-12-19,[96020],3rd Floor, 86-90 Paul Street London United Kingdom EC2A 4NE
DUPONG LTD,16924184,active,ltd,,,2025-12-21,,2025-12-21,[47730],166 Totterdown Street London England SW17 8TD
BLACKBROOK TECHNOLOGY LTD,16924217,active,ltd,,,2025-12-21,,2025-12-21,[70229],3rd Floor, 86-90 Paul Street London United Kingdom EC2A 4NE
IRL MANAGEMENT LTD,16882441,active,ltd,,,2025-12-01,,2025-12-01,[58210, 64209, 70229],4th Floor, Silverstream House 45 London England W1T 6EB
ARTHUR'S ATTIRE LIMITED,16924483,active,ltd,,,2025-12-21,,2025-12-21,[46420],51 Repton House 2 Waypoint Way London England E16 2TR
QUDORA LTD,16924541,active,ltd,,,2025-12-21,,2025-12-21,[47910],Flat 2, Landor House London United Kingdom W2 5UJ
GENTLE LADY’S CLUB LTD,16924538,active,ltd,,,2025-12-21,,2025-12-21,[82990, 90030],66 Hameway London England E6 6HR
SWAN CURIOUS TAPROOMS LTD,16924747,active,ltd,,,2025-12-22,,2025-12-22,[56101, 56210, 56302],4th Floor 399-401 Strand London United Kingdom WC2R 0LT
INOCEA SHIPHOLDING LIMITED,16924739,active,ltd,,,2025-12-22,,2025-12-22,[64209],73 Cornhill London United Kingdom EC3V 3QQ
OUTWIZAR LIMITED,16924823,active,ltd,,,2025-12-22,,2025-12-22,[62012, 62090, 63120, 63990],20 Wenlock Road London England N1 7GU
CHR PROPERTY HOLDINGS LTD,16924815,active,ltd,,,2025-12-22,,2025-12-22,[68100],186 Lordship Road London England N16 5ES
OSCAR VALENTINE CLOTHING LTD,16925148,active,ltd,,,2025-12-22,,2025-12-22,[46420, 47710],71-75 Shelton Street London United Kingdom WC2H 9JQ
GRACE GLOBAL LIMITED,16925141,active,ltd,,,2025-12-22,,2025-12-22,[63990],71-75 Shelton Street London United Kingdom WC2H 9JQ
HUMAN ADVANTAGE LEADGEN LIMITED,16925154,active,ltd,,,2025-12-22,,2025-12-22,[73110],86-90 Paul Street London England EC2A 4NE
BECS TECHNOLOGIES LIMITED,16925417,active,ltd,,,2025-12-22,,2025-12-22,[62012, 62020, 62090, 63120],167 - 169 Great Portland Street London England W1W 5PF
DFM SHORTS LTD,16925414,active,ltd,,,2025-12-22,,2025-12-22,[55100, 68209],Unit 9 Gaunson House London England N15 4QQ
GRACE POINT HEALTHCARE LTD,16925403,active,ltd,,,2025-12-22,,2025-12-22,[87300],167-169 Great Portland Street London England W1W 5PF
GENERAL ENERGY FOR INDUSTRY LTD,16925395,active,ltd,,,2025-12-22,,2025-12-22,[45111, 45112, 45310, 45320],2nd Floor College House Ruislip, United Kingdom HA4 7AE
HASSLEFREECARE LTD,16925400,active,ltd,,,2025-12-22,,2025-12-22,[78200, 81100, 82990, 88100],20 Wenlock Road London England N1 7GU
FITZWALTER CONSULTING LTD,16925870,active,ltd,,,2025-12-22,,2025-12-22,[70229],128 City Road London United Kingdom EC1V 2NX
PIXEL BOUND GAMES LTD,16925876,active,ltd,,,2025-12-22,,2025-12-22,[62020],Suite C179 4 - 6, Greatorex Street London United Kingdom E1 5NF
IFAMARKETS LTD,16925881,active,ltd,,,2025-12-22,,2025-12-22,[64999],3rd Floor, 86-90 Paul Street London England EC2A 4NE
STN CORPORATION LTD,16926081,active,ltd,,,2025-12-22,,2025-12-22,[46900],275 New N Rd #3110 London London United Kingdom N1 7AA
SOBIYA ARTS LTD,16926112,active,ltd,,,2025-12-22,,2025-12-22,[58290],71-75 Shelton Street London United Kingdom WC2H 9JQ
SHAREKTE197 LTD,16926117,active,ltd,,,2025-12-22,,2025-12-22,[46900],275 New N Rd #3110 London London United Kingdom N1 7AA
MANTONS GROUP LTD,16926102,active,ltd,,,2025-12-22,,2025-12-22,[68320],20 Wenlock Road London England N1 7GU
FINTIR LTD,16926113,active,ltd,,,2025-12-22,,2025-12-22,[62012],3rd Floor, 86-90 Paul Street London United Kingdom EC2A 4NE
WATCHHOUSE FRANCHISE KUWAIT LIMITED,16926541,active,ltd,,,2025-12-22,,2025-12-22,[70100],36 Maltby Street London England SE1 3PA
CASPIAN HOUSE KITCHEN LTD,16926729,active,ltd,,,2025-12-22,,2025-12-22,[56103],3rd Floor, 86-90 Paul Street London United Kingdom EC2A 4NE
INFINITE DIGITAL SOLUTIONS LTD,16926734,active,ltd,,,2025-12-22,,2025-12-22,[62020, 70229, 73110, 73120],26 Sibley Grove London United Kingdom E12 6SE
SURJO ENTERPRISE LTD,16926972,active,ltd,,,2025-12-22,,2025-12-22,[46460, 47910, 68100, 68320],71-75 Shelton Street London United Kingdom WC2H 9JQ
IMPERIAL CORE LTD,16926975,active,ltd,,,2025-12-22,,2025-12-22,[56103],Flat 32 Thomas Hardy House London England N22 8EE
HASHMI FURNITURES LTD,16926978,active,ltd,,,2025-12-22,,2025-12-22,[46470, 95240],24 Atlas Road London England E13 0AG
DR SYED ASAD HUSSAIN LIMITED,16927083,active,ltd,,,2025-12-22,,2025-12-22,[86220],Ramsay Brown Llp The Brentano Suite North Finchley United Kingdom N12 8QJ
OPFOR PEST CONTROL LTD,16927091,active,ltd,,,2025-12-22,,2025-12-22,[39000, 81210, 81291],20 Wenlock Road London England N1 7GU
WEBSILO LTD,16927234,active,ltd,,,2025-12-22,,2025-12-22,[47910],128 City Road London United Kingdom EC1V 2NX
SAIRA PROPERTY INVESTMENT LIMITED,16927216,active,ltd,,,2025-12-22,,2025-12-22,[68209],43 Brunswick Park Gardens London United Kingdom N11 1EJ
LOCMIN SHIPPING (UK) LIMITED,16927316,active,ltd,,,2025-12-22,,2025-12-22,[50200],5th Floor Portman House London United Kingdom W1H 6DU
ALFAYA & BAUSA LTD,16927333,active,ltd,,,2025-12-22,,2025-12-22,[78109],124 City  Road London United Kingdom EC1V 2NX
JC. KISEMBO LTD,16927320,active,ltd,,,2025-12-22,,2025-12-22,[43999, 46900, 98000],10 Rowditch Lane London United Kingdom SW11 5BY
CHEFIK TRANSPORTATION LIMITED,16927326,active,ltd,,,2025-12-22,,2025-12-22,[49320],Unit 40 The Link London England SW2 1BZ
HUM-RX LIMITED,16927601,active,ltd,,,2025-12-22,,2025-12-22,[47910],124 City Road London United Kingdom EC1V 2NX
HAPPY KIDS DENTAL BATTERSEA LIMITED,16927599,active,ltd,,,2025-12-22,,2025-12-22,[86230],74-78 Seymour Place London England W1H 2EH
MBG WHOLESALERS LTD,16927681,active,ltd,,,2025-12-22,,2025-12-22,[47750],23 Belton Road London United Kingdom E7 9PF
LONDON PROBUILD LTD,16927715,active,ltd,,,2025-12-22,,2025-12-22,[43390],Suite 3, Second Floor London United Kingdom W13 8RA
ISA'S ESTATES LIMITED,16927713,active,ltd,,,2025-12-22,,2025-12-22,[68100, 68320],73 Portway London England E15 3QJ
ZSH STORES LTD,16927883,active,ltd,,,2025-12-23,,2025-12-23,[47110],145 Dawes Road London England SW6 7EB
ALCEDO SHIPPING VII LIMITED,16928079,active,ltd,,,2025-12-23,,2025-12-23,[50200],193 Fleet Street London United Kingdom EC4A 2AH
EFDETAY LIMITED,16928275,active,ltd,,,2025-12-23,,2025-12-23,[47910],Demsa Accounts 565 Green Lanes London United Kingdom N8 0RL
XIN TAI GROUP HOLDING LTD,16928281,active,ltd,,,2025-12-23,,2025-12-23,[46900],41 Devonshire Street Ground Floor Office 1 London United Kingdom W1G 7AJ
JEJE' INTERNATIONAL LTD,16928410,active,ltd,,,2025-12-23,,2025-12-23,[47910],128 City Road London United Kingdom EC1V 2NX
CMCWISE LIMITED,16928406,active,ltd,,,2025-12-23,,2025-12-23,[71200, 72110, 74909],128 City Road London United Kingdom EC1V 2NX
MGI INTERNATIONAL ARTISTS LTD,16928407,active,ltd,,,2025-12-23,,2025-12-23,[59113],71-75 Shelton Street London United Kingdom WC2H 9JQ
MERIDIO DIGITAL MARKET LTD,16886964,active,ltd,,,2025-12-02,,2025-12-02,[47910, 62090],167-169 Great Portland Street, 5th Floor London England W1W 5PF
ROSALICE LTD,16928712,active,ltd,,,2025-12-23,,2025-12-23,[47910],Office Ros17 A, London United Kingdom E1 0SG
AMISSE CARE LTD,16928701,active,ltd,,,2025-12-23,,2025-12-23,[87900],237 Westcombe Hill London United Kingdom SE3 7DW
G&K ENTERTAINMENT LTD,16928702,active,ltd,,,2025-12-23,,2025-12-23,[56302],71-75 Shelton Street London United Kingdom WC2H 9JQ
DARICH LIMITED,16928916,active,ltd,,,2025-12-23,,2025-12-23,[47910, 49410, 81210],124-128 City Road London England EC1V 2NX
PAOLAZLS PUBLISHING LTD,16928919,active,ltd,,,2025-12-23,,2025-12-23,[58110],Chancellors House Hendon England NW4 4AB
ARKANOVA GLOBAL STORES LTD,16896007,active,ltd,,,2025-12-08,,2025-12-08,[47910],Office 15892 Office 15892 East Ham England E6 2JA
STONEHOUSE HOLDCO LIMITED,16928909,active,ltd,,,2025-12-23,,2025-12-23,[64209],30 Broadwick Street London United Kingdom W1F 8JB
DARKSTATE SECURITY LIMITED,16929085,active,ltd,,,2025-12-23,,2025-12-23,[62020, 63990],71-75 Shelton Street London United Kingdom WC2H 9JQ
NOVA BRIGHT BUSINESS SERVICES LTD,16929106,active,ltd,,,2025-12-23,,2025-12-23,[82110, 82990],128 City Road London United Kingdom EC1V 2NX
FRJA OFFSHORE LTD,16929108,active,ltd,,,2025-12-23,,2025-12-23,[43210],3rd Floor, 86-90 Paul Street London England EC2A 4NE
NOJA IMPEX LTD,16929213,active,ltd,,,2025-12-23,,2025-12-23,[64209],20 Wenlock Road London England N1 7GU
VERTUMNUS ARCHIVE LTD,16929202,active,ltd,,,2025-12-23,,2025-12-23,[59111],4th Floor, Elsley Court London United Kingdom W1W 8BE
LIFEFORTE GROUP HOLDINGS LTD,16929357,active,ltd,,,2025-12-23,,2025-12-23,[64209],128 City Road London United Kingdom EC1V 2NX
MOHMEBAS LIMITED,16929358,active,ltd,,,2025-12-23,,2025-12-23,[47910],292386 Office Suite 29a, 3/F 23 Wharf Street London England SE8 3GG
INNERGLOW THERAPEUTICS LTD,16929380,active,ltd,,,2025-12-23,,2025-12-23,[99999],167-169 Great Portland Street London England W1W 5PF
BLUE SHIELD MAINTENANCE LTD,16929718,active,ltd,,,2025-12-23,,2025-12-23,[43220, 43999, 81100],128 City Road London United Kingdom EC1V 2NX
PEAQOK LTD,16929721,active,ltd,,,2025-12-23,,2025-12-23,[62012, 62020, 62090, 63110],71-75 Shelton Street London United Kingdom WC2H 9JQ
OTTIMO CHAUFFEURS LTD,16929899,active,ltd,,,2025-12-23,,2025-12-23,[49320],C/O Roseworth Limited London England N12 0NL
BRAXTON GOULD ASSETS LTD,16929918,active,ltd,,,2025-12-23,,2025-12-23,[68100, 68209],2nd Floor College House Ruislip, United Kingdom HA4 7AE
TITAN SPACE LTD,16929940,active,ltd,,,2025-12-23,,2025-12-23,[30300, 61300],195 Wood Street London England E17 3NU
PROPERUS LTD,16929933,active,ltd,,,2025-12-23,,2025-12-23,[62020, 62090, 63110, 63120],71-75 Shelton Street London United Kingdom WC2H 9JQ
THE EDITORS LOUNGE LTD,16929929,active,ltd,,,2025-12-23,,2025-12-23,[73110],5 Brayford Square London England E1 0SG
BLUECORE TECHNOLOGY LTD,16929922,active,ltd,,,2025-12-23,,2025-12-23,[47410, 62020, 63990],20 Wenlock Road London England N1 7GU
SB PORTFOLIO HOLDINGS LTD,16929992,active,ltd,,,2025-12-23,,2025-12-23,[64209],71-75 Shelton Street London United Kingdom WC2H 9JQ
ARORA METRO INVESTOR LIMITED,16929994,active,ltd,,,2025-12-23,,2025-12-23,[64209],World Business Centre 2 Newall Road Hounslow United Kingdom TW6 2SF
LP PARFUMES LTD,16930083,active,ltd,,,2025-12-23,,2025-12-23,[47910],71-75 Shelton Street London United Kingdom WC2H 9JQ
UNIVERSAL GREEN SCHOOL LTD,16931252,active,ltd,,,2025-12-24,,2025-12-24,[85590, 85600],71-75 Shelton Street London United Kingdom WC2H 9JQ
NORTHMARK HOLDINGS LTD,16931351,active,ltd,,,2025-12-24,,2025-12-24,[64209],472a Larkshall Road London United Kingdom E4 9HH
MIDIR LTD,16931458,active,ltd,,,2025-12-24,,2025-12-24,[62012, 74909],71-75 Shelton Street London United Kingdom WC2H 9JQ
VLE CARPENTRY LTD,16931599,active,ltd,,,2025-12-24,,2025-12-24,[16230, 41100, 43320, 43390],3rd Floor, 86-90 Paul Street London England EC2A 4NE
FIXASURE MAINTENANCE LTD,16931655,active,ltd,,,2025-12-25,,2025-12-25,[43390, 81100, 95240],Flat 17 Stamford Lodge London England N16 5LS
TELVORA LTD,16931659,active,ltd,,,2025-12-25,,2025-12-25,[47429],326 Strone Road London England E12 6TN
AFLAMY LTD,16931744,active,ltd,,,2025-12-25,,2025-12-25,[49320],Flat 4 Bloomsbury Mansions 13-16 Russell Square London England WC1B 5ER
MERCY C LONDON LIMITED,16931859,active,ltd,,,2025-12-26,,2025-12-26,[86900],104 Harley Street London England W1G 7JD
ELEGANT VICTUALLERS LTD,16931964,active,ltd,,,2025-12-26,,2025-12-26,[46342, 47290],3rd Floor, 86-90 Paul Street London United Kingdom EC2A 4NE
CROHNSLESSLARAIB LTD,16931963,active,ltd,,,2025-12-26,,2025-12-26,[86900],3rd Floor, 86-90 Paul Street London United Kingdom EC2A 4NE
ELECTRICAL SOLUTION LONDON LTD,16932016,active,ltd,,,2025-12-26,,2025-12-26,[43210],39 Musbury Street London England E1 0PJ
A13 SERVICE CENTRE LTD,16932185,active,ltd,,,2025-12-27,,2025-12-27,[45200],88a George Lane London England E18 1JJ
THOUGHTSTORE LIMITED,16932188,active,ltd,,,2025-12-27,,2025-12-27,[62012],71-75 Shelton Street London United Kingdom WC2H 9JQ
LM LEGAL SOLUTIONS LTD,16932240,active,ltd,,,2025-12-27,,2025-12-27,[70229],71-75 Shelton Street London United Kingdom WC2H 9JQ
GWA TRADING LTD,16932242,active,ltd,,,2025-12-27,,2025-12-27,[47910],70 Stafford Road London England E7 8NN
RLUCCI LIMITED,16932290,active,ltd,,,2025-12-27,,2025-12-27,[59112],47 Tradescant Road London England SW8 1XD
AUTO UK MOTORS LIMITED,16932325,active,ltd,,,2025-12-27,,2025-12-27,[45112],Flat 74 Princethorpe House London England W2 5SX
MINDALITY LTD,16932456,active,ltd,,,2025-12-28,,2025-12-28,[86900],101 King's Cross Road London England WC1X 9LP
GADGET & GEAR LIMITED,16932470,active,ltd,,,2025-12-28,,2025-12-28,[47421, 74100, 95120, 95290],34 Studley Road London England E7 9LX
STRONG INVEST 2 LTD,16932459,active,ltd,,,2025-12-28,,2025-12-28,[82990],24 Theydon Road London England E5 9NA
AMO RENOVATIONS LTD,16932594,active,ltd,,,2025-12-28,,2025-12-28,[41202],Cumberland House London England NW10 6RF
MANZOOR PROPERTY LTD,16932669,active,ltd,,,2025-12-28,,2025-12-28,[68100],8 Westmorland Road London England E17 8JA
DIVAFASHION LTD,16932732,active,ltd,,,2025-12-29,,2025-12-29,[47820, 58290, 62012, 82990],71-75 Shelton Street London United Kingdom WC2H 9JQ
ACADEMY REVOLUTION UNITY LTD.,16932849,active,ltd,,,2025-12-29,,2025-12-29,[85600],Flat 17 Antilles Bay Apartments London United Kingdom E14 9YG
MY CUSTOM JEWELLERY LTD,16932856,active,ltd,,,2025-12-29,,2025-12-29,[46190],1 Forburg Road London England N16 6HP
ZEROLEDGER LTD,16932840,active,ltd,,,2025-12-29,,2025-12-29,[62012],128 City Road London United Kingdom EC1V 2NX
1ST PENSION SERVICES LIMITED,16932959,active,ltd,,,2025-12-29,,2025-12-29,[69202],71-75 Shelton Street London United Kingdom WC2H 9JQ
Y.D DIGITAL MARKETING LTD,16932981,active,ltd,,,2025-12-29,,2025-12-29,[62020],128 City Road London United Kingdom EC1V 2NX
TOAR TEKNOLOJI VE TICARET LTD,16933188,active,ltd,,,2025-12-29,,2025-12-29,[47910, 58290, 62012],Suite 10345 5 Brayford Square London United Kingdom E1 0SG
EPOCH ORCHESTRATION LTD,16933181,active,ltd,,,2025-12-29,,2025-12-29,[62012, 62020, 63110],71-75 Shelton Street London United Kingdom WC2H 9JQ
MB LOGISTIC SERVICES LTD,16933165,active,ltd,,,2025-12-29,,2025-12-29,[52103],23a Vartry Road London England N15 6PR
A2Z BUILDCARE LTD,16933303,active,ltd,,,2025-12-29,,2025-12-29,[41202],173 Shakespeare Crescent London England E12 6NA
ADVANCERS LTD,16933313,active,ltd,,,2025-12-29,,2025-12-29,[47910],128 City Road London United Kingdom EC1V 2NX
BRIDROP MEDIA LIMITED,16933300,active,ltd,,,2025-12-29,,2025-12-29,[73110],6 Harmony Way London United Kingdom NW4 2BZ
SMART CLOUD TELECOM & SECURITY LTD,16933395,active,ltd,,,2025-12-29,,2025-12-29,[46520, 62012, 62020, 80200],First Floor Office London United Kingdom W8 4LZ
AFROLICIOUS LTD,16933557,active,ltd,,,2025-12-29,,2025-12-29,[46450, 46460],71-75 Shelton Street London United Kingdom WC2H 9JQ
GRID PRODUCTIONS LTD,16933604,active,ltd,,,2025-12-29,,2025-12-29,[96090],71-75 Shelton Street London United Kingdom WC2H 9JQ
TRESBEAU STUDIOS LTD,16933600,active,ltd,,,2025-12-29,,2025-12-29,[47910],124-128 City Road London England EC1V 2NX
IRONGUARD SECURITY SYSTEMS LTD,16933681,active,ltd,,,2025-12-29,,2025-12-29,[43290],3rd Floor, 86-90 Paul Street London United Kingdom EC2A 4NE
MOONBAZAAR LTD,16933679,active,ltd,,,2025-12-29,,2025-12-29,[73200],128 City Road London United Kingdom EC1V 2NX
ASKALTH LTD,16933680,active,ltd,,,2025-12-29,,2025-12-29,[85590],Flat 2 Cedar Lodge London England SE23 3DU
FORM CODE ADVISORY LTD,16933686,active,ltd,,,2025-12-29,,2025-12-29,[96090],Third Floor Flat 69 London United Kingdom W1T 2HA
CODE & COPPER LTD,16933688,active,ltd,,,2025-12-29,,2025-12-29,[71122],20 Wenlock Road London England N1 7GU
VALNYX LTD,16933693,active,ltd,,,2025-12-29,,2025-12-29,[62090, 66190],128 City Road London United Kingdom EC1V 2NX
MEANINGFUEL LTD,16933753,active,ltd,,,2025-12-29,,2025-12-29,[74909],12 Shirland Mews London England W9 3DY
FOX GLEN EDUCATION LTD,16933751,active,ltd,,,2025-12-29,,2025-12-29,[85100, 85200, 85590, 85600],124 City Road London England EC1V 2NX
ALAMOODI LIMITED,16933877,active,ltd,,,2025-12-29,,2025-12-29,[47110, 47250],233 High Street London England W3 9BY
GOGOLDTRADE LTD,16934050,active,ltd,,,2025-12-29,,2025-12-29,[46120],71-75 Shelton Street London United Kingdom WC2H 9JQ
BLOOMLOOP PLATFORMS LTD,16934270,active,ltd,,,2025-12-29,,2025-12-29,[01610, 62012, 72190],71-75 Shelton Street London England WC2H 9JQ
AJ & CO PRODUCTIONS LTD,16934433,active,ltd,,,2025-12-29,,2025-12-29,[59113],128 City Road London United Kingdom EC1V 2NX
QOH COLLECTIONS LTD,16934434,active,ltd,,,2025-12-29,,2025-12-29,[47910],71-75 Shelton Street London England WC2H 9JQ
ALBANY RECRUITMENT LTD,16934436,active,ltd,,,2025-12-29,,2025-12-29,[78109, 78200],124 City Road London United Kingdom EC1V 2NX
WESHWESH LTD,16934544,active,ltd,,,2025-12-29,,2025-12-29,[56103],290 Hackney Road London United Kingdom E2 7SJ
MORGAN LEGACY CLEANING LTD,16934561,active,ltd,,,2025-12-29,,2025-12-29,[81210],Office 7 35-37 Ludgate Hill London England EC4M 7JN
BLESSED LINK LTD,16934549,active,ltd,,,2025-12-29,,2025-12-29,[62020, 62030],128 City Road London United Kingdom EC1V 2NX
LATUNJI TRADING LIMITED,16934551,active,ltd,,,2025-12-29,,2025-12-29,[47910],60a Montague Road London England E8 2HW
AFH ESSENTIALS LTD,16934660,active,ltd,,,2025-12-29,,2025-12-29,[47910],22 Blaven Path London England E16 4BP
PROFESSIONAL SERVICES HUB LTD,16934642,active,ltd,,,2025-12-29,,2025-12-29,[62012, 62020, 74300, 74909],51 Vincent Square London United Kingdom SW1P 2NR
LVL17 LTD,16934826,active,ltd,,,2025-12-29,,2025-12-29,[59111, 59113, 73110, 90030],3rd Floor, 86-90 Paul Street London United Kingdom EC2A 4NE
UPPER ECHELON CREW LTD,16934876,active,ltd,,,2025-12-30,,2025-12-30,[90020],Apartment 905 Bootmakers Court 132 Ben Jonson Road London England E1 4GJ
LOZENT LTD,16934870,active,ltd,,,2025-12-30,,2025-12-30,[62012, 62020, 82990],124-128 City Road London England EC1V 2NX
R&Y LIMITED,16934880,active,ltd,,,2025-12-30,,2025-12-30,[56102, 56103],9 Pier Road London England E16 2JJ
PERISSEIA LTD,16934931,active,ltd,,,2025-12-30,,2025-12-30,[74909],20 Wenlock Road London England N1 7GU
CERAMIC LINE LTD,16935055,active,ltd,,,2025-12-30,,2025-12-30,[23410],20 Wenlock Road London England N1 7GU
ARX GROUP LTD,16935076,active,ltd,,,2025-12-30,,2025-12-30,[70229, 74909],71-75 Shelton Street London United Kingdom WC2H 9JQ
AFTER5 DIGITAL LTD,16935077,active,ltd,,,2025-12-30,,2025-12-30,[62020, 62090, 73110],71-75 Shelton Street London England WC2H 9JQ
AI ADVISORS LTD,16935179,active,ltd,,,2025-12-30,,2025-12-30,[62012, 62020, 62030, 63990],First Floor Office London United Kingdom W8 4LZ
Q & Q ESTATES LIMITED,16935193,active,ltd,,,2025-12-30,,2025-12-30,[68100, 68209],Suite 315 2a Ruckholt Road London United Kingdom E10 5NP
NORTHWAYY TRADING LTD,16935194,active,ltd,,,2025-12-30,,2025-12-30,[47910],71-75 Shelton Street London United Kingdom WC2H 9JQ
H & W HOME MANAGEMENT LTD,16935191,active,ltd,,,2025-12-30,,2025-12-30,[68209, 68320],71-75 Shelton Street London United Kingdom WC2H 9JQ
CITYSWIFT ROOFING LTD,16935188,active,ltd,,,2025-12-30,,2025-12-30,[43910],20 Wenlock Road London England N1 7GU
APPLEDENE ADVISORY LIMITED,16935258,active,ltd,,,2025-12-30,,2025-12-30,[70221],27 Old Gloucester Street London United Kingdom WC1N 3AX
POSNTILL LIMITED,16935257,active,ltd,,,2025-12-30,,2025-12-30,[64999, 70229, 96090],Unit No 9 12 Deer Park Road London United Kingdom SW19 3TL
LIFEPLUS TECH LTD,16935263,active,ltd,,,2025-12-30,,2025-12-30,[58290, 62020, 62090],27 Old Gloucester Street London United Kingdom WC1N 3AX
GO ON WHEELS LTD,16935243,active,ltd,,,2025-12-30,,2025-12-30,[68209, 68320, 79110],128 City Road London United Kingdom EC1V 2NX
VOCALIS LTD,16935289,active,ltd,,,2025-12-30,,2025-12-30,[62012],2nd Floor College House Ruislip, United Kingdom HA4 7AE
TT BRAND LTD,16935290,active,ltd,,,2025-12-30,,2025-12-30,[47910],2-4 Brushfield Street London United Kingdom E1 6AN
FITNESS ALL TOGETHER LIMITED,16935297,active,ltd,,,2025-12-30,,2025-12-30,[96040],128 City Road London United Kingdom EC1V 2NX
ABID WHOLESALE LIMITED,16935471,active,ltd,,,2025-12-30,,2025-12-30,[46310],342b Cricklewood Lane London England NW2 2QH
PRITER RLBC MOUNT ANVIL LIMITED,16888437,active,ltd,,,2025-12-03,,2025-12-03,[41100],140 Aldersgate Street London United Kingdom EC1A 4HY
SEVEN ISLANDS MOUNT ANVIL LIMITED,16887964,active,ltd,,,2025-12-03,,2025-12-03,[41100],140 Aldersgate Street London United Kingdom EC1A 4HY
ARESS CONSULTANCY LTD,16935630,active,ltd,,,2025-12-30,,2025-12-30,[70229],55 Crawford Street London England W1H 4JQ
OFFICIAL WITH YOU LTD,16918075,active,ltd,,,2025-12-17,,2025-12-17,[47910, 62012, 62090, 63120],London (W1w 5pf) Office 167-169 Great Portland St Great Portland Street London England W1W 5PF
EXCELSIORIA LTD,16935748,active,ltd,,,2025-12-30,,2025-12-30,[47190],167 - 169 Great Portland Street London England W1W 5PF
GREEN CLEAN TEAM LTD,16935749,active,ltd,,,2025-12-30,,2025-12-30,[81210, 81222, 81299, 96010],71-75 Shelton Street London United Kingdom WC2H 9JQ
AKIALONDON LTD,16935838,active,ltd,,,2025-12-30,,2025-12-30,[47910],2 Kenmare Gardens London United Kingdom N13 5DN
OPTIMUS WASTE LTD,16935841,active,ltd,,,2025-12-30,,2025-12-30,[38110],4th Floor Silverstream House London United Kingdom W1T 6EB
LINKIFICO LTD,16935861,active,ltd,,,2025-12-30,,2025-12-30,[62020],60 Tottenham Court Road London England W1T 2EW
CITADEL BREWING LTD,16936012,active,ltd,,,2025-12-30,,2025-12-30,[11040],20 Wenlock Road London England N1 7GU
REWEAR SOCIAL LTD,16936121,active,ltd,,,2025-12-30,,2025-12-30,[47910],14 Docklands Business Centre London United Kingdom E14 8PX
SEVENTH DETAIL LTD,16936120,active,ltd,,,2025-12-30,,2025-12-30,[96090],128 City Road London United Kingdom EC1V 2NX
FLUXSTREAM LTD,16936137,active,ltd,,,2025-12-30,,2025-12-30,[59133, 60100, 60200, 61300],71-75 Shelton Street London United Kingdom WC2H 9JQ
JUSTIN TRACY SHEFFORD LTD.,16936131,active,ltd,,,2025-12-30,,2025-12-30,[90030],2nd Floor College House Ruislip, United Kingdom HA4 7AE
STARBAS LTD,16936139,active,ltd,,,2025-12-30,,2025-12-30,[41202, 43220, 43341, 43390],27 Old Gloucester Street London United Kingdom WC1N 3AX
MILLENNIUM GLOBAL SOLUTIONS LTD,16936128,active,ltd,,,2025-12-30,,2025-12-30,[46480, 46760, 47770, 47910],71-75 Shelton Street London United Kingdom WC2H 9JQ
ORCHESTRA AXIS LTD,16936140,active,ltd,,,2025-12-30,,2025-12-30,[62020],Flat 12 Swanton Court London England SE13 7SL
BARKERBOYSREMOVALS LTD,16936284,active,ltd,,,2025-12-30,,2025-12-30,[49420],3rd Floor, 86-90 Paul Street London United Kingdom EC2A 4NE
SERVICEFLOWLOGIC LTD,16936276,active,ltd,,,2025-12-30,,2025-12-30,[74100],43 Leathwell Road London England SE8 4JL
B-ABEL REC2REC LTD,16936267,active,ltd,,,2025-12-30,,2025-12-30,[78109],167-169 Great Portland Street London England W1W 5PF
SL PARTNERS LTD,16936261,active,ltd,,,2025-12-30,,2025-12-30,[62090],109 Gloucester Road London England SW7 4SS
PCM INTERNATIONAL LTD,16936413,active,ltd,,,2025-12-30,,2025-12-30,[74909, 82990],38c London Road London England SW17 9HP
J & J & M INVESTMENTS LTD,16936399,active,ltd,,,2025-12-30,,2025-12-30,[99999],141 Somerset Gardens London United Kingdom N17 8JX
BEAUTY BY MARYAM LTD,16936454,active,ltd,,,2025-12-30,,2025-12-30,[96020],Flat 34 Wycombe House London England NW8 8AX
LAUREN KELLY FS LTD,16936556,active,ltd,,,2025-12-30,,2025-12-30,[82990],Flat 1 Coriander House London England N15 3FE
BUNYADI BUSINESS ACADEMY LTD,16936571,active,ltd,,,2025-12-30,,2025-12-30,[85590, 85600],149 Kingston Road London England SW19 1LJ
COSMIC GIFTS LTD,16936639,active,ltd,,,2025-12-30,,2025-12-30,[47750],10c Chingford Road London England E17 4PJ
ND STARS LTD,16936633,active,ltd,,,2025-12-30,,2025-12-30,[96020],8 Hilda Road London England E6 1DB
JEMIMA BIBI LTD,16936748,active,ltd,,,2025-12-30,,2025-12-30,[86900, 96090],61 Woodhurst Road London England SE2 0HF
AQUINAS TEACHER RECRUITMENT LTD,16936826,active,ltd,,,2025-12-31,,2025-12-31,[78109],93 Cambray Road London England SW12 0ER
MOM PAL LTD,16936828,active,ltd,,,2025-12-31,,2025-12-31,[47910],3rd Floor, 86-90 Paul Street London United Kingdom EC2A 4NE
FREEDOM ENTERPRISE LTD,16936859,active,ltd,,,2025-12-31,,2025-12-31,[29203],Docklands Business Centre London England E14 8PX
NAYA BANQUETING LIMITED,16936861,active,ltd,,,2025-12-31,,2025-12-31,[56210],628-632 High Road Leytonstone London England E11 3DA
CHAT GENIUS AI LTD,16936938,active,ltd,,,2025-12-31,,2025-12-31,[70229],128 City Road London United Kingdom EC1V 2NX
GIANTLAND TRADING LIMITED,16936939,active,ltd,,,2025-12-31,,2025-12-31,[46730, 46900],71-75 Shelton Street London United Kingdom WC2H 9JQ
G HAIR GROUP LTD,16936941,active,ltd,,,2025-12-31,,2025-12-31,[47910, 70210, 73110, 73120],Unit D London England N4 1DN
SJ ACCOUNTANCY SOLUTIONS LIMITED,16936940,active,ltd,,,2025-12-31,,2025-12-31,[69201, 69202, 69203],124-128 City Road London England EC1V 2NX
MOTIVATIONAL MATHEMATICS LTD,16936950,active,ltd,,,2025-12-31,,2025-12-31,[85310],71-75 Shelton Street London United Kingdom WC2H 9JQ
PARTY ESSENTIALS BY NAYAH LTD,16936952,active,ltd,,,2025-12-31,,2025-12-31,[47910, 77299, 82301],71-75 Shelton Street London United Kingdom WC2H 9JQ
DOMINO GLOBAL PETROLEUM LTD,16937034,active,ltd,,,2025-12-31,,2025-12-31,[46711],3rd Floor, 86-90 Paul Street London England EC2A 4NE
JOEL AND MOE COACHING & CONSULTANCY LTD,16937021,active,ltd,,,2025-12-31,,2025-12-31,[70229, 82990, 85600],71-75 Shelton Street London United Kingdom WC2H 9JQ
BACK TO BACK REMOVALS AND STORAGE LTD,16937037,active,ltd,,,2025-12-31,,2025-12-31,[52103],167-169 Great Portland Street London England W1W 5PF
NRMARKETING SPORT LTD,16937166,active,ltd,,,2025-12-31,,2025-12-31,[62020, 62090, 73110],167 - 169 Great Portland Street London England W1W 5PF
BE STILL ATELIER LTD,16937232,active,ltd,,,2025-12-31,,2025-12-31,[47290, 47750, 96040],242 Dacre Park London England SE13 5DD
TSEYEEZY CLEANING SERVICES LTD,16937280,active,ltd,,,2025-12-31,,2025-12-31,[81299],9 Oldfield Grove London England SE16 2NA
WD EVENTS LTD,16937265,active,ltd,,,2025-12-31,,2025-12-31,[62020],124 City  Road London United Kingdom EC1V 2NX
ADINI GLOBAL TRADING LTD,16937365,active,ltd,,,2025-12-31,,2025-12-31,[47910],20 Wenlock Road London England N1 7GU
PURE URBAN CLEANING SERVICES LTD,16937428,active,ltd,,,2025-12-31,,2025-12-31,[81210, 81222, 81299],124 City  Road London United Kingdom EC1V 2NX
ONECHATDONE LIMITED,16937413,active,ltd,,,2025-12-31,,2025-12-31,[62020],167-169 Great Portland Street London England W1W 5PF
42 REAL ESTATE LIMITED,16937559,active,ltd,,,2025-12-31,,2025-12-31,[68100, 68209],383 Durnsford Road London England SW19 8EF
PRIMEPOINT INVESTMENT LIMITED,16937642,active,ltd,,,2025-12-31,,2025-12-31,[68100, 68209],10 Balfe Street London England N1 9EG
CLOUD CLEAN REMOVALS LTD,16937643,active,ltd,,,2025-12-31,,2025-12-31,[81299],14a Arran Walk London United Kingdom N1 2TL
16931301 LTD,16937634,active,ltd,,,2025-12-31,,2025-12-31,[56102],198 Kilburn High Road London United Kingdom NW6 4JD
LENDSTONE LTD,16937641,active,ltd,,,2025-12-31,,2025-12-31,[64999],167-169 Great Portland Street London United Kingdom W1W 5PF
CASAHFD LIMITED,16937722,active,ltd,,,2025-12-31,,2025-12-31,[59112],128 City Road London United Kingdom EC1V 2NX
IBSG LIMITED,16937762,active,ltd,,,2025-12-31,,2025-12-31,[85590],71-75 Shelton Street London United Kingdom WC2H 9JQ
CW HOUSING & ASSET ADVISORY LTD,16937768,active,ltd,,,2025-12-31,,2025-12-31,[68320],128 City Road London United Kingdom EC1V 2NX
NOXYA LIMITED,16937989,active,ltd,,,2025-12-31,,2025-12-31,[47910],5 Brayford Square London United Kingdom E1 0SG
NAYAAB GROUP LTD,16937997,active,ltd,,,2025-12-31,,2025-12-31,[56102],71-75 Shelton Street London United Kingdom WC2H 9JQ
HAIRSPRESSO LTD,16937998,active,ltd,,,2025-12-31,,2025-12-31,[20420, 47910],9 Combemartin Road London England SW18 5PP
GUSTO WHOLESALER LTD,16938094,active,ltd,,,2025-12-31,,2025-12-31,[46900],218 Northfield Avenue London England W13 9SJ
ORISEA NATURAL HERITAGE LTD,16938174,active,ltd,,,2025-12-31,,2025-12-31,[46190, 46450, 47750, 82990],203 Westminster Bridge Road London England SE1 7FR
WILLOW LEAVES LIMITED,16932054,active,ltd,,,2025-12-26,,2025-12-26,[47910],292471, Office Suite 29a, 3/F 23 Wharf Street London England SE8 3GG
CAFEVERSE LIMITED,16932057,active,ltd,,,2025-12-26,,2025-12-26,[56102],38 Northfield Road London England E6 2AJ
MYSTIC MEDIA LTD,16932193,active,ltd,,,2025-12-27,,2025-12-27,[64209],124-128 City Road London England EC1V 2NX
GREENWAY RETAIL LTD,16932194,active,ltd,,,2025-12-27,,2025-12-27,[47110, 47290, 47710, 47750],167 Trafalgar Road London England SE10 9TX
CLEARFLOW CONSULTING LTD,16932245,active,ltd,,,2025-12-27,,2025-12-27,[70229],3rd Floor, 86-90 Paul Street London United Kingdom EC2A 4NE
ATKINSON COMPLIANCE LTD,16932250,active,ltd,,,2025-12-27,,2025-12-27,[43220, 81100, 81210, 82990],Monomark House London England WC1N 3AX
SHAYO GROUP LTD,16932343,active,ltd,,,2025-12-27,,2025-12-27,[64209, 70100, 77400, 82990],81 Hitchin Square London England E3 5QF
SKNTELLIGENCE LIMITED,16932377,active,ltd,,,2025-12-28,,2025-12-28,[96090],71-75 Shelton Street London United Kingdom WC2H 9JQ
TORCEN PROPERTY MAINTENANCE LTD,16932521,active,ltd,,,2025-12-28,,2025-12-28,[43210, 43220, 43341, 43390],21e Perry Vale London England SE23 2NE
LUMINANA LTD,16932715,active,ltd,,,2025-12-29,,2025-12-29,[47910],5 Brayford Square London England E1 0SG
VESSEL MUSIC LTD,16932716,active,ltd,,,2025-12-29,,2025-12-29,[59200],71-75 Shelton Street London England WC2H 9JQ
ZRGRAPHICS LIMITED,16932828,active,ltd,,,2025-12-29,,2025-12-29,[62020],Office 16296 182-184 High Street North London United Kingdom E6 2JA
NORTHSTAR MEDICAL SERVICES LIMITED,16932818,active,ltd,,,2025-12-29,,2025-12-29,[86210],36 Churchfields London England E18 2QZ
BAL GROUP LTD,16932924,active,ltd,,,2025-12-29,,2025-12-29,[47910],Suite 10326 5 Brayford Square London United Kingdom E1 0SG
KANDHAN CONSTRUCTIONS LTD,16932941,active,ltd,,,2025-12-29,,2025-12-29,[41202, 43220, 43910],187 Eastern Avenue Ilford England IG4 5AW
KOBEST SUN LIMITED,16932940,active,ltd,,,2025-12-29,,2025-12-29,[47910],292603 Office Suite 29a, 3/F 23 Wharf Street London England SE8 3GG
AUMOBILE LTD,16932937,active,ltd,,,2025-12-29,,2025-12-29,[45200],Silverstream House 45 London United Kingdom W1T 6EB
MANAYAN LTD.,16933058,active,ltd,,,2025-12-29,,2025-12-29,[20420, 47910],5 Brayford Square London England E1 0SG
BAYORA HOME LTD,16933054,active,ltd,,,2025-12-29,,2025-12-29,[63120, 81210],13 Cambrian Green London United Kingdom NW9 7RH
CALVENOR COMMERCE LTD,16933052,active,ltd,,,2025-12-29,,2025-12-29,[47910],Suite 10329 5 Brayford Square London United Kingdom E1 0SG
SOLEA VIP LIMITED,16933238,active,ltd,,,2025-12-29,,2025-12-29,[62012, 63120, 73110, 73120],241 241 Wulfstan Street London United Kingdom W12 0AB
LAUTÖN LIMITED,16933329,active,ltd,,,2025-12-29,,2025-12-29,[45112],195-197 Suite Ra01 Walthamstow United Kingdom E17 3NU
F&SERVICE LTD,16933326,active,ltd,,,2025-12-29,,2025-12-29,[49420, 56290, 73120, 74901],Office 201 Unit 5, 399-405 Oxford Street London United Kingdom W1C 2BU
IP RESOURCING LTD,16933335,active,ltd,,,2025-12-29,,2025-12-29,[69102],71-75 Shelton Street London United Kingdom WC2H 9JQ
ROUGH TRADE LIMITED,16933392,active,ltd,,,2025-12-29,,2025-12-29,[70229],3rd Floor, 86-90 Paul Street London United Kingdom EC2A 4NE
HEKA SOFTWARE LTD,16933388,active,ltd,,,2025-12-29,,2025-12-29,[58290, 62012, 70229],4 Raven Road, Unit 1c3-1013 London United Kingdom E18 1HB
FYNORA GLOBAL LIMITED,16933491,active,ltd,,,2025-12-29,,2025-12-29,[47910],71-75 Shelton Street London United Kingdom WC2H 9JQ
MINERVA LABS LIMITED,16933495,active,ltd,,,2025-12-29,,2025-12-29,[58290, 62011, 62012, 62020],71-75 Shelton Street London United Kingdom WC2H 9JQ
G1EOH LTD,16933587,active,ltd,,,2025-12-29,,2025-12-29,[47890, 47910, 62011, 62012],Office 198 Unit 5, 399-405 Oxford Street London United Kingdom W1C 2BU
TOURSTOCK LTD,16933658,active,ltd,,,2025-12-29,,2025-12-29,[47430],60 Weir Road London United Kingdom SW19 8UG
89 NORTH LTD,16933816,active,ltd,,,2025-12-29,,2025-12-29,[70229],71-75 Shelton Street London United Kingdom WC2H 9JQ
MAIDE PROPERTIES LTD,16933812,active,ltd,,,2025-12-29,,2025-12-29,[68100, 68209, 68320],128 City Road London United Kingdom EC1V 2NX
TUBBY FILMS LIMITED,16933819,active,ltd,,,2025-12-29,,2025-12-29,[59111],Level 5a, Maple House, London United Kingdom W1T 7NF
ZOE ANGEL CLEANING LTD,16934005,active,ltd,,,2025-12-29,,2025-12-29,[81210],3rd Floor, 86-90 Paul Street London United Kingdom EC2A 4NE
DEE KAY DESIGN LTD,16934033,active,ltd,,,2025-12-29,,2025-12-29,[74100],195-197, Suite Ra01 Wood Street London United Kingdom E17 3NU
WALL OF MILESTONES LTD,16934039,active,ltd,,,2025-12-29,,2025-12-29,[58190, 63120, 74909, 82990],71-75 Shelton Street London United Kingdom WC2H 9JQ
ULSAN XIUTAI (BEIJING) AUTO PARTS CO., LTD.,16934010,active,ltd,,,2025-12-29,,2025-12-29,[47910],20 Wenlock Road London United Kingdom N1 7GU
D23R LTD,16934008,active,ltd,,,2025-12-29,,2025-12-29,[47910],71-75 Shelton Street London United Kingdom WC2H 9JQ
MARTY WOLF FILMS LTD,16934013,active,ltd,,,2025-12-29,,2025-12-29,[18130, 64999, 73120],128 City Road London United Kingdom EC1V 2NX
MINT & LITE LTD,16934012,active,ltd,,,2025-12-29,,2025-12-29,[38320, 81291, 81299],71-75 Shelton Street London United Kingdom WC2H 9JQ
CYCOM LIMITED,16934226,active,ltd,,,2025-12-29,,2025-12-29,[47910],5th Floor 167-169 Great Portland Street London United Kingdom W1W 5PF
NORBURY TASTE LTD,16934229,active,ltd,,,2025-12-29,,2025-12-29,[56102],1513-1515 London Road London England SW16 4AE
MAE & GRACE LTD,16934227,active,ltd,,,2025-12-29,,2025-12-29,[68209],94 Murray Road London England W5 4DA
VITALEXION LTD,16934251,active,ltd,,,2025-12-29,,2025-12-29,[47910, 82990],71-75 Shelton Street London United Kingdom WC2H 9JQ
INKAS TATTS LTD,16934453,active,ltd,,,2025-12-29,,2025-12-29,[96020],473 Lordship Lane London England N22 5DJ
TIMEBASE LTD,16934437,active,ltd,,,2025-12-29,,2025-12-29,[59120],167-169 Great Portland Street London England W1W 5PF
HANDYVENDOR LTD,16934582,active,ltd,,,2025-12-29,,2025-12-29,[47910],203-205, The Vale Business Centre The Vale London United Kingdom W3 7QS
GG-030-693 LIMITED,16934587,active,ltd,,,2025-12-29,,2025-12-29,[68209],C/O Getground London England W6 0NB
SENTRADESK LTD,16934680,active,ltd,,,2025-12-29,,2025-12-29,[62012, 62020, 62090, 63110],128 City Road London United Kingdom EC1V 2NX
THE FINANCE CLUB UK LTD,16934855,active,ltd,,,2025-12-29,,2025-12-29,[85590],124-128 City Road London United Kingdom EC1V 2NX
DRIFTWELL SLEEP LIMITED,16934998,active,ltd,,,2025-12-30,,2025-12-30,[47910],Flat 4, 1 Padua Road London United Kingdom SE20 8HF
KALEMCI LTD,16934991,active,ltd,,,2025-12-30,,2025-12-30,[56103],3 Albert Mews London England N4 3RD
HANOVER PRIVATE INVESTMENTS LIMITED,16934996,active,ltd,,,2025-12-30,,2025-12-30,[64209],15 Hanover Square London England W1S 1HS
VALKETING LTD,16935004,active,ltd,,,2025-12-30,,2025-12-30,[70229, 73110, 73120],71-75 Shelton Street London United Kingdom WC2H 9JQ
K2-18TECH LTD,16934993,active,ltd,,,2025-12-30,,2025-12-30,[62012, 62020, 62090],128 City Road London United Kingdom EC1V 2NX
PINNACLE PBKA DM LTD,16935088,active,ltd,,,2025-12-30,,2025-12-30,[70229, 71122],183 Fore Street London England N18 2UD
AETHER COMICS LTD,16935214,active,ltd,,,2025-12-30,,2025-12-30,[90030],71-75 Shelton Street London United Kingdom WC2H 9JQ
CREATIVLY LIMITED,16935235,active,ltd,,,2025-12-30,,2025-12-30,[62012],71-75 Shelton Street London United Kingdom WC2H 9JQ
FEARS OF GOD LTD,16935338,active,ltd,,,2025-12-30,,2025-12-30,[46420],83 Mitcham Road London United Kingdom E6 3NG
MAG QUALITY FOODS LTD,16935348,active,ltd,,,2025-12-30,,2025-12-30,[56101, 56210],80 Cheshire Street London England E2 6EH
ELASPERA UK LTD,16935347,active,ltd,,,2025-12-30,,2025-12-30,[47599, 47910],71-75 Shelton Street London United Kingdom WC2H 9JQ
ENES UNAL LTD,16935345,active,ltd,,,2025-12-30,,2025-12-30,[47910],71-75 Shelton Street London United Kingdom WC2H 9JQ
MIOSSARON LIMITED,16935389,active,ltd,,,2025-12-30,,2025-12-30,[47910],292838 Office Suite 29a, 3/F 23 Wharf Street London England SE8 3GG
BRICKBLOCK LTD,16935386,active,ltd,,,2025-12-30,,2025-12-30,[58190, 58290, 63110, 63120],2 Frederick Street London United Kingdom WC1X 0ND
CLEARVIEW PROGRESS LIMITED,16935391,active,ltd,,,2025-12-30,,2025-12-30,[82990, 85590],124 City  Road London United Kingdom EC1V 2NX
FUNDOUTREACH AI LTD,16935401,active,ltd,,,2025-12-30,,2025-12-30,[62020],86-90 Paul Street London England EC2A 4NE
SREEL LTD,16935407,active,ltd,,,2025-12-30,,2025-12-30,[20420, 46450, 46750],2nd Floor College House Ruislip, United Kingdom HA4 7AE
BOLDPRINT WILSON LIMITED,16935387,active,ltd,,,2025-12-30,,2025-12-30,[59113],9 Brighton Terrace London England SW9 8DJ
ASSETGUARD+ LTD,16897596,active,ltd,,,2025-12-08,,2025-12-08,[80200],Assetguard+ Ltd 167-169 Great Portland Street London England W1W 5PE
05 COMMUNICATIONS LTD,16935665,active,ltd,,,2025-12-30,,2025-12-30,[62012, 62020, 73110],Unit 501 Leroy House London United Kingdom N1 3FY
PAIDINSTANTLY LTD,16935720,active,ltd,,,2025-12-30,,2025-12-30,[62012, 63110],71-75 Shelton Street London United Kingdom WC2H 9JQ
KIG HOUSING LIMITED,16935716,active,ltd,,,2025-12-30,,2025-12-30,[55900, 68209],36 White Hart Road London England SE18 1DW
DEUTSCHER BUCHHALTER LTD,16935826,active,ltd,,,2025-12-30,,2025-12-30,[69202],244 A Gipsy Road London England SE27 9RB
MINAL JOSHI LTD,16935825,active,ltd,,,2025-12-30,,2025-12-30,[70229],6 Tower Buildings Wapping United Kingdom E1W 2NT
THE BRAZILIAN PASTRY FACTORY LIMITED,16935821,active,ltd,,,2025-12-30,,2025-12-30,[10720],335 Barking Road London England E13 8EE
ZEN TEARS LIMITED,16935829,active,ltd,,,2025-12-30,,2025-12-30,[32130, 47910],124-128 City Road London England EC1V 2NX
APPS FROM ZERO LTD,16935958,active,ltd,,,2025-12-30,,2025-12-30,[62011, 62012],71-75 Shelton Street London United Kingdom WC2H 9JQ
OUR VILLA RENTALS LTD,16935954,active,ltd,,,2025-12-30,,2025-12-30,[68209, 68320],128 City Road London United Kingdom EC1V 2NX
LYNOAR LTD,16936028,active,ltd,,,2025-12-30,,2025-12-30,[47722, 47910],71-75 Shelton Street London United Kingdom WC2H 9JQ
NORTHLOOM RETAIL LIMITED,16936019,active,ltd,,,2025-12-30,,2025-12-30,[47910],Office 16418 182-184 High Street North East Ham United Kingdom E6 2JA
EMPOWERED BY ROBERTA MUSSATO LTD,16936177,active,ltd,,,2025-12-30,,2025-12-30,[78300, 82990],445a Brockley Road London England SE4 2PJ
RENTLEDGER LTD,16936186,active,ltd,,,2025-12-30,,2025-12-30,[62090, 63110],128 City Road London United Kingdom EC1V 2NX
SBBB CAPITAL LTD,16936242,active,ltd,,,2025-12-30,,2025-12-30,[64209],128 City Road London United Kingdom EC1V 2NX
FLEGTI LTD,16936252,active,ltd,,,2025-12-30,,2025-12-30,[73110, 73200],71-75 Shelton Street London United Kingdom WC2H 9JQ
V. U ZEN ACTIVE SUPPLEMENTS LTD,16936251,active,ltd,,,2025-12-30,,2025-12-30,[47910],128 City Road London United Kingdom EC1V 2NX
SBNM LTD,16936368,active,ltd,,,2025-12-30,,2025-12-30,[68100, 68209, 68320],20 Wenlock Road London England N1 7GU
OPTIDEF LTD,16936355,active,ltd,,,2025-12-30,,2025-12-30,[27900, 64209, 70229, 72190],128 City Road London United Kingdom EC1V 2NX
VIVACE.DIGITAL LTD,16936363,active,ltd,,,2025-12-30,,2025-12-30,[62090],71-75 Shelton Street London United Kingdom WC2H 9JQ
DREAMWAY LOGISTICS LTD,16936361,active,ltd,,,2025-12-30,,2025-12-30,[52290, 77110, 77120, 78300],128 City Road London United Kingdom EC1V 2NX
BLESSED HANDS CO BY JG LTD,16936432,active,ltd,,,2025-12-30,,2025-12-30,[47910, 96020],Blessed Hands Co By Jg London United Kingdom EC1V 2NX
ONYXIS LTD,16936538,active,ltd,,,2025-12-30,,2025-12-30,[47910],Office 16313 182-184 High Street North London United Kingdom E6 2JA
STRAIGHT PATH HOUSING LTD,16936541,active,ltd,,,2025-12-30,,2025-12-30,[68201],20 Wenlock Road London England N1 7GU
BETWEEN SEASONS LTD,16936706,active,ltd,,,2025-12-30,,2025-12-30,[32120, 90030],25 Alton Court Copley Close London England W7 1DD
SG SPIRITS LTD,16937017,active,ltd,,,2025-12-31,,2025-12-31,[46342, 47110, 47250, 47910],71-75 Shelton Street London England WC2H 9JQ
BRANDBUNNY LTD,16937000,active,ltd,,,2025-12-31,,2025-12-31,[63120],128 City Road London United Kingdom EC1V 2NX
NSCALE DC HOLDINGS FINLAND LIMITED,16937091,active,ltd,,,2025-12-31,,2025-12-31,[64209],Level 5, 16 New Burlington Place London England W1S 2HX
H-L-P-CO LTD,16937097,active,ltd,,,2025-12-31,,2025-12-31,[68100, 68310],71-75 Shelton Street London United Kingdom WC2H 9JQ
NICOLE NASON CONSULTING LIMITED,16937084,active,ltd,,,2025-12-31,,2025-12-31,[70229],56 Leman Street London England E1 8EU
SOULMATE SOLUTIONS LTD,16937107,active,ltd,,,2025-12-31,,2025-12-31,[78109, 82990],167-169 Great Portland Street London United Kingdom W1W 5PF
NIGHTBADGERS STUDIO LTD,16937085,active,ltd,,,2025-12-31,,2025-12-31,[62012, 73110, 74100],Unit 501 Leroy House London United Kingdom N1 3FY
PROJECTAPOLLO LIMITED,16937207,active,ltd,,,2025-12-31,,2025-12-31,[62012],45, Silverstream House Fitzroy Street London United Kingdom W1T 6EB
JE PLATFORMS LTD,16937312,active,ltd,,,2025-12-31,,2025-12-31,[28220],23 Fir Trees Close London England SE16 5NG
PSRO CONSULTANTS LTD,16937466,active,ltd,,,2025-12-31,,2025-12-31,[70229, 74909],128 City Road London United Kingdom EC1V 2NX
SEVEN WELDING LTD,16937552,active,ltd,,,2025-12-31,,2025-12-31,[43999, 49410],15 Bromhedge London England SE9 3DY
JLA & JA LIMITED,16937674,active,ltd,,,2025-12-31,,2025-12-31,[47910],71-75 Shelton Street London United Kingdom WC2H 9JQ
HAMZA SUPPLY GROUP LTD,16937671,active,ltd,,,2025-12-31,,2025-12-31,[41100, 41201, 41202, 43390],3rd Floor, 86-90 Paul Street London England EC2A 4NE
WAHEA SERVICES LIMITED,16937665,active,ltd,,,2025-12-31,,2025-12-31,[62020],Flat 1 53 Streatham High Road London United Kingdom SW2 4TS
MACQUARIE CGM UK HOLDINGS LIMITED,16937683,active,ltd,,,2025-12-31,,2025-12-31,[64209],Ropemaker Place London United Kingdom EC2Y 9HD
REVIVE AND GLOW WELLNESS LTD,16937693,active,ltd,,,2025-12-31,,2025-12-31,[86900, 96020],Suite Ra01 195-197 Wood Street London United Kingdom E17 3NU
SVRE UK LIMITED,16937676,active,ltd,,,2025-12-31,,2025-12-31,[82990],Duo Level 6 London United Kingdom EC2M 4RB
TAKWEEN SERVICES UK LTD,16937788,active,ltd,,,2025-12-31,,2025-12-31,[82990, 85590],124 City  Road London United Kingdom EC1V 2NX
ADLAN LIMITED,16937851,active,ltd,,,2025-12-31,,2025-12-31,[70229],128 City Road London United Kingdom EC1V 2NX
VERCORA LIMITED,16937834,active,ltd,,,2025-12-31,,2025-12-31,[62020, 70229],34-40 High Street London United Kingdom E11 2RJ
MOBIFOOTBALL LIMITED,16937971,active,ltd,,,2025-12-31,,2025-12-31,[58290, 62090, 63120],71-75 Shelton Street London United Kingdom WC2H 9JQ
SURVEY STORE LTD,16937979,active,ltd,,,2025-12-31,,2025-12-31,[63110],71-75 Shelton Street London England WC2H 9JQ
UK OPERATIONAL PROCESSES LTD,16938140,active,ltd,,,2025-12-31,,2025-12-31,[74909],3rd Floor, 86-90 Paul Street London United Kingdom EC2A 4NE
MEET NUDGE LABS LTD,16932040,active,ltd,,,2025-12-26,,2025-12-26,[47910],Flat B London England SW15 2EZ
BIT SHEPHERDS LIMITED,16932113,active,ltd,,,2025-12-27,,2025-12-27,[62011, 62012, 62020],15 Carlton Park Avenue London England SW20 8BJ
CRAFTY CREATIVITY CHASERS LTD,16932314,active,ltd,,,2025-12-27,,2025-12-27,[47890, 47910],8 Treloar Gardens London England SE19 3JR
OPAB CO LIMITED,16932490,active,ltd,,,2025-12-28,,2025-12-28,[68209, 68310],71-75 Shelton Street London United Kingdom WC2H 9JQ
ALLTYPES OF COLLECTABLES LTD,16932558,active,ltd,,,2025-12-28,,2025-12-28,[47910],483 Green Lanes London England N13 4BS
MEELU LOGISTICS LIMITED,16932557,active,ltd,,,2025-12-28,,2025-12-28,[49410],Flat1-2,49 Sydenham Road London England SE26 5EX
DIGITAL FORGE SOLUTIONS LTD,16932749,active,ltd,,,2025-12-29,,2025-12-29,[62012, 62090, 70229, 73110],167-169 Great Portland Street London England W1W 5PF
RESET HOSPITALITY GROUP LTD,16932761,active,ltd,,,2025-12-29,,2025-12-29,[62012, 62090, 70229],128 City Road London United Kingdom EC1V 2NX
EGALITARIANX LTD,16932762,active,ltd,,,2025-12-29,,2025-12-29,[47910],Office 16188 182-184 High Street North London United Kingdom E6 2JA
DIGITAL MARKET PRO LTD,16932759,active,ltd,,,2025-12-29,,2025-12-29,[70229],830 Romford Road London England E12 5JG
CITY OF GOLD DEVELOPMENTS LTD,16932950,active,ltd,,,2025-12-29,,2025-12-29,[68320],20 Wenlock Road London England N1 7GU
ELVAGEN LTD,16932945,active,ltd,,,2025-12-29,,2025-12-29,[86220, 86900],Apartment 105 55 North Wharf Road London England W2 1LA
TIANJIN TISCO METAL PRODUCTS CO., LTD,16932956,active,ltd,,,2025-12-29,,2025-12-29,[46190],2nd Floor College House, 17 King Edwards Road, Ruislip London United Kingdom HA4 7AE
VIEWLY LTD,16933008,active,ltd,,,2025-12-29,,2025-12-29,[74909, 82990],Suite Ra01 195-197 Wood Street London United Kingdom E17 3NU
ORESTA05UK LTD,16933006,active,ltd,,,2025-12-29,,2025-12-29,[68100],6a Russell Gardens London England NW11 9NL
EAIONCOL TRADING LTD,16933032,active,ltd,,,2025-12-29,,2025-12-29,[47910],Office 16224 182-184 High Street North London United Kingdom E6 2JA
THE BERGER GROUP LIMITED,16933031,active,ltd,,,2025-12-29,,2025-12-29,[62012, 62020],6 Eliot Gardens London England SW15 5NB
ENERGY IQ GROUP LTD,16933142,active,ltd,,,2025-12-29,,2025-12-29,[70229, 71122, 71200, 72190],128 City Road London United Kingdom EC1V 2NX
ALPHA KHAN GROUP LTD,16933147,active,ltd,,,2025-12-29,,2025-12-29,[47910],128 City Road London United Kingdom EC1V 2NX
HASNAIN GLOBAL HUB LTD,16933138,active,ltd,,,2025-12-29,,2025-12-29,[47910, 47990],483 483 Green Lanes London United Kingdom N13 4BS
OGUSOFT LTD,16933135,active,ltd,,,2025-12-29,,2025-12-29,[47910, 62090],Suite 10342 5 Brayford Square London United Kingdom E1 0SG
LIUJIANGBO LTD,16933294,active,ltd,,,2025-12-29,,2025-12-29,[46190, 46410],292766 Office Suite 29a London England SE8 3GG
DARK ELEPHANT LTD,16933419,active,ltd,,,2025-12-29,,2025-12-29,[62020, 71111, 71129],Unit 501 Leroy House London England N1 3FY
PTT MARKETS LTD,16933417,active,ltd,,,2025-12-29,,2025-12-29,[47190, 47910, 47990],71-75 Shelton Street London United Kingdom WC2H 9JQ
AIROPTA LTD,16933422,active,ltd,,,2025-12-29,,2025-12-29,[47910],71-75 Shelton Street London United Kingdom WC2H 9JQ
HUZZAH ECANVASSER LTD,16933909,active,ltd,,,2025-12-29,,2025-12-29,[58290],124-128 City Road London England EC1V 2NX
VERBYA LTD,16933930,active,ltd,,,2025-12-29,,2025-12-29,[47910],71-75 Shelton Street London United Kingdom WC2H 9JQ
IVO (ISRAEL) CO., LTD,16933991,active,ltd,,,2025-12-29,,2025-12-29,[20140, 20150, 20200, 20590],167-169 Great Portland Street, London United Kingdom W1W 5PF
ADAPTIVE TRANSFORMATION PARTNERS LTD,16934003,active,ltd,,,2025-12-29,,2025-12-29,[70229],71-75 Shelton Street London United Kingdom WC2H 9JQ
MÒRLD PROJECTS LTD,16933988,active,ltd,,,2025-12-29,,2025-12-29,[82990],71-75 Shelton Street London United Kingdom WC2H 9JQ
WILLESDEN FOOD & WINE LIMITED,16934159,active,ltd,,,2025-12-29,,2025-12-29,[47110],20 Station Parade London England NW2 4NH
ATLZ LTD,16934161,active,ltd,,,2025-12-29,,2025-12-29,[62090, 70229],71-75 Shelton Street London United Kingdom WC2H 9JQ
ASCENDIA ENTERPRISES LTD,16934166,active,ltd,,,2025-12-29,,2025-12-29,[99999],20 Wenlock Road London England N1 7GU
SUMMITROUTE STRATEGIES LTD,16934168,active,ltd,,,2025-12-29,,2025-12-29,[99999],20 Wenlock Road London England N1 7GU
ELITE SCHOLAR TUITION LTD,16934185,active,ltd,,,2025-12-29,,2025-12-29,[85590, 85600],3rd Floor, 86-90 Paul Street London United Kingdom EC2A 4NE
THE AGENCY GLOBAL RECRUITMENT LTD,16934182,active,ltd,,,2025-12-29,,2025-12-29,[78109],71-75 Shelton Street London United Kingdom WC2H 9JQ
STAR CHOICE LTD,16934173,active,ltd,,,2025-12-29,,2025-12-29,[47910],71-75 Shelton Street London United Kingdom WC2H 9JQ
OBITER REVIEW LIMITED,16934191,active,ltd,,,2025-12-29,,2025-12-29,[62090],Flat 7 73 St. James's Street London England SW1A 1PH
NAYAAL PROPERTY LTD,16934178,active,ltd,,,2025-12-29,,2025-12-29,[68209],5 Brayford Square London England E1 0SG
AMBIGUOUS ALPACAS LIMITED,16934308,active,ltd,,,2025-12-29,,2025-12-29,[47510],71-75 Shelton Street London United Kingdom WC2H 9JQ
NASH SURGICAL LTD,16934319,active,ltd,,,2025-12-29,,2025-12-29,[32500],Unit 126 238 Merton High Street London England SW19 1AU
PENPAL GROUP LTD,16934299,active,ltd,,,2025-12-29,,2025-12-29,[47910, 85600],71-75 Shelton Street London United Kingdom WC2H 9JQ
YOURNALIST LTD,16934297,active,ltd,,,2025-12-29,,2025-12-29,[58142, 58190, 63120, 70210],71-75 Shelton Street London United Kingdom WC2H 9JQ
INLIFT UK LTD,16934314,active,ltd,,,2025-12-29,,2025-12-29,[62012, 62020, 62090],71-75 Shelton Street London United Kingdom WC2H 9JQ
AAYID TRADE LIMITED,16934350,active,ltd,,,2025-12-29,,2025-12-29,[46320],7 Crewys Road London England NW2 2BD
OFFSET STRUCTURES LIMITED,16934364,active,ltd,,,2025-12-29,,2025-12-29,[71129],Flat 5, 1 Jacksons Lane London United Kingdom N6 5SR
NOVALÉ LTD,16934463,active,ltd,,,2025-12-29,,2025-12-29,[47910],31 Lakeside Avenue London England SE28 8RT
AL MAJEED SOLUTIONS LTD,16934618,active,ltd,,,2025-12-29,,2025-12-29,[82990],128 City Road London United Kingdom EC1V 2NX
KANAF KOUTURE LIMITED,16934755,active,ltd,,,2025-12-29,,2025-12-29,[47910],Flat 13 Topaz Court London England E11 3GA
SMOOTHIE MAN LIMITED,16934811,active,ltd,,,2025-12-29,,2025-12-29,[10320],249 Hoe Street London England E17 9PT
SEVENTH TRADES & SERVICES LTD,16934888,active,ltd,,,2025-12-30,,2025-12-30,[46730, 46900],27 Hereford Road London England W3 9JW
CAPTAIN P LTD,16934893,active,ltd,,,2025-12-30,,2025-12-30,[68209],51 Mottingham Road London England SE9 4QZ
AKBAŞŞ LTD,16934900,active,ltd,,,2025-12-30,,2025-12-30,[47910],4 Raven Road, Unit 1c3-1015 London United Kingdom E18 1HB
HOME COUNTIES GOLD BROKERS LIMITED,16934962,active,ltd,,,2025-12-30,,2025-12-30,[47770],86-90 Paul Street London England EC2A 4NE
REPUTATION SERVICES LTD,16934954,active,ltd,,,2025-12-30,,2025-12-30,[70210, 73110, 74909],2a Connaught Avenue London United Kingdom E4 7AA
DECMOR GROUP LTD,16934952,active,ltd,,,2025-12-30,,2025-12-30,[70229],71-75 Shelton Street London United Kingdom WC2H 9JQ
GERBER TRADING LTD,16934963,active,ltd,,,2025-12-30,,2025-12-30,[64999],20 Wenlock Road London England N1 7GU
MUSCLE BASIN GYM WHITECHAPEL LTD,16935020,active,ltd,,,2025-12-30,,2025-12-30,[93130],207 Leytonstone Road London United Kingdom E15 1LN
NEWTOWN MORTGAGES LIMITED,16928528,active,ltd,,,2025-12-23,,2025-12-23,[66220],167-169 Great Portland Street London England W1W 5PF
MARKETING AND CONSULTANCY LTD,16935134,active,ltd,,,2025-12-30,,2025-12-30,[70229, 73110],46 Albemarle Street London United Kingdom W1S 4JL
SRS STUDIOS LTD,16935131,active,ltd,,,2025-12-30,,2025-12-30,[59111, 59113],483 Green Lanes London England N13 4BS
PLACEDUS LTD,16935128,active,ltd,,,2025-12-30,,2025-12-30,[68209],20 Wenlock Road London England N1 7GU
RD ADVISORY & CONSULTING LIMITED,16935129,active,ltd,,,2025-12-30,,2025-12-30,[69203],C/O Ztk Tax Advisory Suite 1 London United Kingdom E18 1BY
AGEMOUNT LIMITED,16935418,active,ltd,,,2025-12-30,,2025-12-30,[47910],124 City Road London United Kingdom EC1V 2NX
ACERION LTD,16935412,active,ltd,,,2025-12-30,,2025-12-30,[47910, 62012, 62090, 72190],71-75 Shelton Street London United Kingdom WC2H 9JQ
PUNCH HOLDING LTD,16935409,active,ltd,,,2025-12-30,,2025-12-30,[68209],128 City Road London United Kingdom EC1V 2NX
TIDY CONSTRUCTION MANAGEMENT LTD,16935535,active,ltd,,,2025-12-30,,2025-12-30,[41100, 41201, 41202],71-75 Shelton Street London United Kingdom WC2H 9JQ
RANA LEATHERS LTD,16935593,active,ltd,,,2025-12-30,,2025-12-30,[47722],190 Brick Lane Tower Hamlets United Kingdom E1 6SA
CONTOURING&CO LTD,16935663,active,ltd,,,2025-12-30,,2025-12-30,[96020],Flat 16 Colbert Sceaux Gardens London England SE5 7DE
KNIGHTON HOLDINGS LTD,16935646,active,ltd,,,2025-12-30,,2025-12-30,[64209],126 Wigmore Street London United Kingdom W1U 3RZ
THE FALCON METHOD LTD,16935659,active,ltd,,,2025-12-30,,2025-12-30,[70229],3rd Floor, 86-90 Paul Street London England EC2A 4NE
FINWIZE LTD,16935803,active,ltd,,,2025-12-30,,2025-12-30,[69201],124 City Road London United Kingdom EC1V 2NX
STAYS BY SCAWLING LTD,16935818,active,ltd,,,2025-12-30,,2025-12-30,[68209],71-75 Shelton Street London United Kingdom WC2H 9JQ
THE GINGER COLLECTIVE LIMITED,16935893,active,ltd,,,2025-12-30,,2025-12-30,[58110, 62011],Silverstream House London England W1T 6EB
JEC TECHNOLOGIES LTD,16935898,active,ltd,,,2025-12-30,,2025-12-30,[47910, 62090],167 - 169 Great Portland Street London England W1W 5PF
ONYX CORPORATION HOLDINGS LTD,16936068,active,ltd,,,2025-12-30,,2025-12-30,[64209],71-75 Shelton Street London United Kingdom WC2H 9JQ
TROJA LTD,16936071,active,ltd,,,2025-12-30,,2025-12-30,[47910],128 City Road London United Kingdom EC1V 2NX
WP NATURAL RESOURCES LIMITED,16936060,active,ltd,,,2025-12-30,,2025-12-30,[64202, 64209, 70100, 74901],128 City Road London United Kingdom EC1V 2NX
HEYDAY REALM LTD,16936229,active,ltd,,,2025-12-30,,2025-12-30,[47910],31 Gaskin Street London England N1 2RY
MITRIS PROPERTIES LTD,16936227,active,ltd,,,2025-12-30,,2025-12-30,[68209],167-169 Great Portland Street London England W1W 5PF
AXYM LABS LTD,16936230,active,ltd,,,2025-12-30,,2025-12-30,[62020],3rd Floor, 86-90 Paul Street London United Kingdom EC2A 4NE
CONTONA LTD,16936234,active,ltd,,,2025-12-30,,2025-12-30,[62012],71-75 Shelton Street London England WC2H 9JQ
MULBERRY CIVILS & CONSTRUCTION LTD,16936331,active,ltd,,,2025-12-30,,2025-12-30,[41100, 41202, 42110, 42990],20 Wenlock Road London England N1 7GU
HUGUENOT PROPCO SECURITY LIMITED,16936421,active,ltd,,,2025-12-30,,2025-12-30,[64203],4 Olympic Mews London England SW18 2AA
ALEX ONLINE KITCHEN LIMITED,16936426,active,ltd,,,2025-12-30,,2025-12-30,[56102],Pexor House Cromwell Industrial Estate London United Kingdom E10 7QZ
PLUMERIA CONSULTING LIMITED,16936411,active,ltd,,,2025-12-30,,2025-12-30,[71122],Level 5a Maple House London United Kingdom W1T 7NF
TEDJANI LTD,16936424,active,ltd,,,2025-12-30,,2025-12-30,[71200],128 City Road London United Kingdom EC1V 2NX
THAT'S A GOOD IDEA LTD,16936416,active,ltd,,,2025-12-30,,2025-12-30,[59111, 73110],71-75 Shelton Street London United Kingdom WC2H 9JQ
PENSION LIFE ADVOCATES LTD,16936418,active,ltd,,,2025-12-30,,2025-12-30,[63990],71-75 Shelton Street London United Kingdom WC2H 9JQ
CLOVERLAND PROPERTIES LIMITED,16936535,active,ltd,,,2025-12-30,,2025-12-30,[68209],C/O Getground London England W6 0NB
TRANSIER CARE LTD,16936598,active,ltd,,,2025-12-30,,2025-12-30,[87300],27 Criffel Avenue London England SW2 4AY
LUXVUE LTD,16936604,active,ltd,,,2025-12-30,,2025-12-30,[22230, 43342, 43390],25 Hall Road London England E6 2NG
EAGLE BOYZ LTD,16937133,active,ltd,,,2025-12-31,,2025-12-31,[56102],3rd Floor, 86-90 Paul Street London England EC2A 4NE
ABI CONSULTING LTD,16937146,active,ltd,,,2025-12-31,,2025-12-31,[70229],35 Ponds Farm London United Kingdom E5 0AA
DATVANCE TECHNOLOGIES LTD,16937327,active,ltd,,,2025-12-31,,2025-12-31,[47910, 62012, 62020, 62030],128 City Road London United Kingdom EC1V 2NX
VANTÉ CREATIVE LTD,16937333,active,ltd,,,2025-12-31,,2025-12-31,[47910, 74100],Flat 901 2 Principal Place, Worship Street London United Kingdom EC2A 2FB
SHREE SAI STORES LIMITED,16937326,active,ltd,,,2025-12-31,,2025-12-31,[47110],6 Greenway Close London England NW9 5AZ
CONFIRMEDGE LTD,16937353,active,ltd,,,2025-12-31,,2025-12-31,[62012, 62020],128 City Road London United Kingdom EC1V 2NX
BLUEPRINT RENOVATIONS LDN LTD,16937347,active,ltd,,,2025-12-31,,2025-12-31,[41202],48 Firhill Road London England SE6 3JT
CHILLSPACE LIMITED,16937354,active,ltd,,,2025-12-31,,2025-12-31,[74100],C/O Afe Accountants Limited Building North London Business Park London England N11 1GN
POISNET LTD,16937454,active,ltd,,,2025-12-31,,2025-12-31,[62012, 62020, 62090, 63110],Unit 501 Leroy House London United Kingdom N1 3FY
LUXARK LIMITED,16937519,active,ltd,,,2025-12-31,,2025-12-31,[47990, 73110, 79120, 82302],71-75 Shelton Street London United Kingdom WC2H 9JQ
WIZZYWOW MANAGEMENT LTD,16937526,active,ltd,,,2025-12-31,,2025-12-31,[59112, 63990, 73110],128 City Road London United Kingdom EC1V 2NX
THYRA PROPERTIES LTD,16937622,active,ltd,,,2025-12-31,,2025-12-31,[41100, 55100, 68100],128 City Road London United Kingdom EC1V 2NX
ETHOS SOLUTIONS GROUP LTD,16911584,active,ltd,,,2025-12-15,,2025-12-15,[70229],Clapham Rd, London London England SW9 9BQ
SB FLOW LTD,16937745,active,ltd,,,2025-12-31,,2025-12-31,[64999],71-75 Shelton Street London United Kingdom WC2H 9JQ
OSITO LABS LTD,16937743,active,ltd,,,2025-12-31,,2025-12-31,[62012],128 City Road London United Kingdom EC1V 2NX
MIRAT NETWORK LIMITED,16937805,active,ltd,,,2025-12-31,,2025-12-31,[74909],Suite 211a, Peel House 34-44 London Road Morden United Kingdom SM4 5BT
FUNDEDACCESS LTD,16937811,active,ltd,,,2025-12-31,,2025-12-31,[70229],128 City Road London United Kingdom EC1V 2NX
CRYOCOMPUTE LTD,16937813,active,ltd,,,2025-12-31,,2025-12-31,[35110],10 Longwood Drive London England SW15 5DL
RHEMA EV CHARGERS SOLUTIONS LIMITED,16937829,active,ltd,,,2025-12-31,,2025-12-31,[82990],71-75 Shelton Street London United Kingdom WC2H 9JQ
DECURATEUR LTD,16937871,active,ltd,,,2025-12-31,,2025-12-31,[46470, 47599, 47910, 70229],Linen Hall 162-168 Regent Street London United Kingdom W1B 5TB
VIKAS MAUDGIL & COMPANY LIMITED,16938011,active,ltd,,,2025-12-31,,2025-12-31,[69201],Flat 32 20 Palmers Road London England E2 0SZ
VEMARA LTD,16938000,active,ltd,,,2025-12-31,,2025-12-31,[47910, 70229],41 Felixstowe Court London United Kingdom E16 2RR
FXZ INVESTMENTS LTD,16938108,active,ltd,,,2025-12-31,,2025-12-31,[64999],23 Thorndene Avenue London England N11 1ET
APTE BASKETBALL LTD,16938159,active,ltd,,,2025-12-31,,2025-12-31,[93120, 93199],Flat 2 Landor House London England SE5 7JE
VITA PADEL LTD,16904870,active,ltd,,,2025-12-11,,2025-12-11,[93110],Office 16155 182-184 High Street North London England E6 2JA
MOONLIGHT CARE GROUP LTD,16932062,active,ltd,,,2025-12-26,,2025-12-26,[87900, 88910, 88990],79 Exeter Road London England E17 7QZ
GULLIVER SINCLAIR LIMITED,16932305,active,ltd,,,2025-12-27,,2025-12-27,[70229],21 Sinclair Road London England W14 0NS
EAST LONDON SHUTTER COMPANY LTD,16932385,active,ltd,,,2025-12-28,,2025-12-28,[16230],28 Ascham End London England E17 5EB
PRIVATEER GAMING LTD,16932486,active,ltd,,,2025-12-28,,2025-12-28,[58190],3rd Floor, 86-90 Paul Street London United Kingdom EC2A 4NE
PLAY N PLATE UK LIMITED,16932480,active,ltd,,,2025-12-28,,2025-12-28,[56103],168 Commercial Road London United Kingdom E1 2JY
THE FOOD DISTRICT GROUP LTD,16921088,active,ltd,,,2025-12-18,,2025-12-18,[68209],311 Regents Park Road London United Kingdom N3 1DP
A W STRATEGIC CONSULTING LTD,16932624,active,ltd,,,2025-12-28,,2025-12-28,[70229],17 Glennie Road London England SE27 0LX
C28 LTD,16932636,active,ltd,,,2025-12-28,,2025-12-28,[47910],58 Heron Close London England NW10 9HT
UDAI LIMITED,16932743,active,ltd,,,2025-12-29,,2025-12-29,[47910],3rd Floor, 86-90 Paul Street London England EC2A 4NE
BENTA LIMITED,16932801,active,ltd,,,2025-12-29,,2025-12-29,[47990],82 Downhills Park Road London England N17 6PB
PLAYLIST LONDON LIMITED,16932809,active,ltd,,,2025-12-29,,2025-12-29,[90030, 93290],116 Babington Road London England SW16 6AH
PCJ GROUP FASHION LIMITED,16932905,active,ltd,,,2025-12-29,,2025-12-29,[47710],167-169 Great Portland Street London England W1W 5PF
THE SECOND HOME COLLECTION LTD,16932913,active,ltd,,,2025-12-29,,2025-12-29,[55209, 55900],3rd Floor, 86-90 Paul Street London United Kingdom EC2A 4NE
MTYM PROPERTY PROJECTS LTD,16932918,active,ltd,,,2025-12-29,,2025-12-29,[68100, 68320, 98000],Mtym Property Projects 29 Tritton House London United Kingdom SW18 1UF
STUDIOMATCH LTD,16932898,active,ltd,,,2025-12-29,,2025-12-29,[74909],Flat 21 Daniell House London England N1 5EH
REFERRAL NETWORK LIMITED,16933085,active,ltd,,,2025-12-29,,2025-12-29,[73110, 73200, 82990],Office 16298 182-184 High Street North London United Kingdom E6 2JA
TERRA INVEST CAPITAL LTD,16933117,active,ltd,,,2025-12-29,,2025-12-29,[41100, 68320, 70229],167 - 169 Great Portland Street London England W1W 5PF
VERTEXLINE LTD,16933129,active,ltd,,,2025-12-29,,2025-12-29,[47190],Flat 11g Oxford & Cambridge Mansions London England NW1 5EN
NEW & LINGWOOD 21C LTD,16933130,active,ltd,,,2025-12-29,,2025-12-29,[64209],30 Warner Street London England EC1R 5EX
BRIGHTINLET SOLUTIONS LTD,16933243,active,ltd,,,2025-12-29,,2025-12-29,[99999],20 Wenlock Road London England N1 7GU
MATIL MIA UK LTD,16933264,active,ltd,,,2025-12-29,,2025-12-29,[46160, 47710, 47910],Suite 1270 5 Brayford Square London United Kingdom E1 0SG
LIFTERS REMOVALS LTD,16933262,active,ltd,,,2025-12-29,,2025-12-29,[49420],128 City Road London United Kingdom EC1V 2NX
JOE MUNRO LTD,16933426,active,ltd,,,2025-12-29,,2025-12-29,[74100],Flat 8 Belvedere House London England NW1 9RQ
DURELLI ADVISORY LTD,16933424,active,ltd,,,2025-12-29,,2025-12-29,[70229],167-169 Great Portland Street London England W1W 5PF
AYMY MEDIA LTD,16933518,active,ltd,,,2025-12-29,,2025-12-29,[59112, 62012, 73110, 74100],172a 172a Richmond Road, Ilford, Ig1 2xl London United Kingdom IG1 2XL
YESHUGAME LTD,16933517,active,ltd,,,2025-12-29,,2025-12-29,[58210, 59111, 62020],71-75 Shelton Street London United Kingdom WC2H 9JQ
SKIN AND LASER CLINIC BY SHAZIA LIMITED,16933536,active,ltd,,,2025-12-29,,2025-12-29,[96020],20 Wenlock Road London England N1 7GU
ENGWE LTD,16933524,active,ltd,,,2025-12-29,,2025-12-29,[47910],Suite 10344 5 Brayford Square London United Kingdom E1 0SG
RAZIA BIBI LTD,16933540,active,ltd,,,2025-12-29,,2025-12-29,[47990],Office 16373 182-184 High Street North London United Kingdom E6 2JA
SESARA STRATEGY LTD,16933773,active,ltd,,,2025-12-29,,2025-12-29,[70229],Flat 45, Vincent Court London United Kingdom NW4 2AW
YOYO HOLDINGS LIMITED,16933858,active,ltd,,,2025-12-29,,2025-12-29,[64209],Second Floor, Sutherland House London United Kingdom NW9 7BT
C&M COMMERCE LTD,16933831,active,ltd,,,2025-12-29,,2025-12-29,[47910],71-75 Shelton Street London United Kingdom WC2H 9JQ
BESPACED LTD,16933851,active,ltd,,,2025-12-29,,2025-12-29,[62012],2 Birkbeck Road London England W5 4ES
RAVENSCROFT DIGITAL LTD,16933882,active,ltd,,,2025-12-29,,2025-12-29,[58290, 62012, 63120],71-75 Shelton Street London United Kingdom WC2H 9JQ
TOXO.CLICKS LTD,16933905,active,ltd,,,2025-12-29,,2025-12-29,[59112, 74201, 74202],Flat 7 Will Miles Court London England SW19 2NP
CERTUS STREET CAPITAL MANAGEMENT LIMITED,16933897,active,ltd,,,2025-12-29,,2025-12-29,[58290, 62012, 62020, 63110],86-90 Paul Street London England EC2A 4NE
PRO ZERV LIMITED,16933893,active,ltd,,,2025-12-29,,2025-12-29,[49410, 68320, 78200, 96090],Unit 5 1st Floor Front London England E18 1HB
ESWARLAX LIMITED,16934080,active,ltd,,,2025-12-29,,2025-12-29,[96090],4, Hargreaves Court, Flat G04 London United Kingdom E3 3UB
DROPVIEW LTD,16934083,active,ltd,,,2025-12-29,,2025-12-29,[66190],20 Wenlock Road London England N1 7GU
MATAM SOLUTIONS LTD,16934070,active,ltd,,,2025-12-29,,2025-12-29,[62020, 62030, 62090],Greenland House, Flat 8 London United Kingdom E1 4SL
MQNAV LTD,16934089,active,ltd,,,2025-12-29,,2025-12-29,[47910],71-75 Shelton Street London United Kingdom WC2H 9JQ
FM CONSTRUCTION & REFURBISHMENT LTD,16934123,active,ltd,,,2025-12-29,,2025-12-29,[41201, 41202, 43290, 43999],77 Marsh Wall London England E14 9SH
COSMIC VOYAGES LTD,16934410,active,ltd,,,2025-12-29,,2025-12-29,[56301],4th Floor Office London England W1B 4HB
BUYUNIQUE MART LTD,16934402,active,ltd,,,2025-12-29,,2025-12-29,[47910],71-75 Shelton Street London United Kingdom WC2H 9JQ
TONYJEGS LTD,16934509,active,ltd,,,2025-12-29,,2025-12-29,[62012, 62090],3 Derwent Road London United Kingdom SE20 8SW
HETAI CONSTRUCTIONS LIMITED,16934541,active,ltd,,,2025-12-29,,2025-12-29,[41202],36 Sidcup Road London England SE12 8BW
ASTRA WORLD HOLDINGS LTD,16934540,active,ltd,,,2025-12-29,,2025-12-29,[85590],Suite Ra01 195-197 Wood Street London United Kingdom E17 3NU
VISIONRISE BEAUTY 555 LTD,16934525,active,ltd,,,2025-12-29,,2025-12-29,[96020],78 Jedburgh Road London England E13 9LG
VELORA CLEANING SERVICES LTD,16934718,active,ltd,,,2025-12-29,,2025-12-29,[81210],124-128 City Road London England EC1V 2NX
ROOTS REBELLION LTD,16934711,active,ltd,,,2025-12-29,,2025-12-29,[90030],167-169 Great Portland Street London England W1W 5PF
SUNDAY28 LIMITED,16934726,active,ltd,,,2025-12-29,,2025-12-29,[56101],4 Charlotte Street London England W1T 2LP
WE BUY ANY BICYCLE LIMITED,16935046,active,ltd,,,2025-12-30,,2025-12-30,[47640],27 Old Gloucester St London United Kingdom WC1N 3AX
ALCORA GROUP LTD,16935051,active,ltd,,,2025-12-30,,2025-12-30,[64209],128 City Road London United Kingdom EC1V 2NX
POSHMAN & BROS LIMITED,16935047,active,ltd,,,2025-12-30,,2025-12-30,[63120, 70210, 73110],71-75 Shelton Street London United Kingdom WC2H 9JQ
FITFECT LTD,16935041,active,ltd,,,2025-12-30,,2025-12-30,[47710, 47990],3rd Floor, 86-90 Paul Street London United Kingdom EC2A 4NE
ICR PARTNERS LTD,16935045,active,ltd,,,2025-12-30,,2025-12-30,[73110, 73200, 80300],128 City Road London United Kingdom EC1V 2NX
BOOINI DIAGNOSTICS LTD.,16935176,active,ltd,,,2025-12-30,,2025-12-30,[86900],Booini Diagnostics Ltd. London England EC1V 2NX
RANDOMATCH LTD,16935158,active,ltd,,,2025-12-30,,2025-12-30,[62012],71-75 Shelton Street London United Kingdom WC2H 9JQ
AVERO INTELLIGENCE LTD,16935339,active,ltd,,,2025-12-30,,2025-12-30,[62012, 62020, 63110],71-75 Shelton Street London United Kingdom WC2H 9JQ
ELARIS GROUP LTD,16935433,active,ltd,,,2025-12-30,,2025-12-30,[47910],7 Little Heath Chadwell Heath London United Kingdom RM6 4XX
BORISSOV & CO LTD,16935513,active,ltd,,,2025-12-30,,2025-12-30,[56101, 56102, 56210],3a Birdhurst Road London England SW19 2HZ
GERALY GROUP LTD,16935521,active,ltd,,,2025-12-30,,2025-12-30,[64209, 70229],31 Bromley Road London England N17 0AR
GRAU SOLUTIONS LTD,16935526,active,ltd,,,2025-12-30,,2025-12-30,[62012, 62020],71-75 Shelton Street London United Kingdom WC2H 9JQ
DWL SERVICES LIMITED,16935520,active,ltd,,,2025-12-30,,2025-12-30,[70229],105 Florence Road London England N4 4DL
ELEVATION PROPERTY RENTALS LTD,16935604,active,ltd,,,2025-12-30,,2025-12-30,[41100, 43390, 68209],71-75 Shelton Street London England WC2H 9JQ
FROENGLISH LTD,16935608,active,ltd,,,2025-12-30,,2025-12-30,[85590],Flat 8 Frobisher House London England W5 1HE
SOARES HOME FASHION LIMITED,16935597,active,ltd,,,2025-12-30,,2025-12-30,[46190],Flat A 574-576 London United Kingdom E8 4AH
SABI SOLUTIONS LTD,16935788,active,ltd,,,2025-12-30,,2025-12-30,[99999],124-128 City Road London England EC1V 2NX
BERTOLINI & CO. LTD,16935983,active,ltd,,,2025-12-30,,2025-12-30,[62090, 70221, 70229, 74909],71-75 Shelton Street London United Kingdom WC2H 9JQ
MASTERFY LTD,16935984,active,ltd,,,2025-12-30,,2025-12-30,[47910],Suite 10360 5 Brayford Square London United Kingdom E1 0SG
CRYSTAL WELL CARE LTD,16936003,active,ltd,,,2025-12-30,,2025-12-30,[86900],Unit 68 Mill Mead Road London England N17 9QU
PAW AND STROLL LTD,16935978,active,ltd,,,2025-12-30,,2025-12-30,[47190, 47760],4-6 Greatorex Street London England E1 5NF
APPTI GROUP LIMITED,16935987,active,ltd,,,2025-12-30,,2025-12-30,[46450, 46470, 46499],Flat 68 Russell Court London England WC1H 0LW
EMPEROR COMPS LIMITED,16935981,active,ltd,,,2025-12-30,,2025-12-30,[93290],124 City Road London United Kingdom EC1V 2NX
ELGER EQUITY LTD,16936089,active,ltd,,,2025-12-30,,2025-12-30,[64301, 70229, 82990],71-75 Shelton Street London United Kingdom WC2H 9JQ
BULLER MANAGEMENT UK LTD,16936169,active,ltd,,,2025-12-30,,2025-12-30,[68209],183-189 The Vale London United Kingdom W3 7RW
FLYSAVEGO LTD,16936145,active,ltd,,,2025-12-30,,2025-12-30,[63120, 63990, 73110],2nd Floor College House Ruislip, United Kingdom HA4 7AE
ASCENT CORE LTD,16936144,active,ltd,,,2025-12-30,,2025-12-30,[47910],4 Raven Road, Unit 1c3-1017 London United Kingdom E18 1HB
COLE CONSULTATION LTD,16936156,active,ltd,,,2025-12-30,,2025-12-30,[70229],113 Queenswood Gardens London England E11 3SG
RAMP ASSOCIATES LIMITED,16936157,active,ltd,,,2025-12-30,,2025-12-30,[46120, 70229, 74909],71-75 Shelton Street London United Kingdom WC2H 9JQ
UNS SECURITY LTD,16936313,active,ltd,,,2025-12-30,,2025-12-30,[80100],203-205 The Vale London England W3 7QS
ALANTESCIL TECHNOLOGY GROUP LTD,16936384,active,ltd,,,2025-12-30,,2025-12-30,[62012, 62020],Suite 10362 5 Brayford Square London United Kingdom E1 0SG
LUMENIA LTD,16936500,active,ltd,,,2025-12-30,,2025-12-30,[62020],71-75 Shelton Street London United Kingdom WC2H 9JQ
MARIS Y ASOCIADOS INVESTMENTS LTD,16936469,active,ltd,,,2025-12-30,,2025-12-30,[99999],141 Somerset Gardens London United Kingdom N17 8JX
JK ADVANCED ENGINEERING LTD,16936491,active,ltd,,,2025-12-30,,2025-12-30,[25620],167-169 Great Portland Street London England W1W 5PF
PAGCO LTD,16936660,active,ltd,,,2025-12-30,,2025-12-30,[47910],483 Green Lanes London England N13 4BS
KOLD GROUP LTD,16936756,active,ltd,,,2025-12-30,,2025-12-30,[14190, 47910],22 Colyton Road London England SE22 0NE
SAMMY CHILDMINDING LTD,16936753,active,ltd,,,2025-12-30,,2025-12-30,[85590],48 Vulcan Close London United Kingdom E6 5NY
TJP INSIGHT LIMITED,16936791,active,ltd,,,2025-12-31,,2025-12-31,[69201],25 Trafalgar House Juniper Drive London England SW18 1GY
WEALTH & ESTATE PLANNING SOLUTIONS LTD,16936814,active,ltd,,,2025-12-31,,2025-12-31,[70229],20 Wenlock Road London England N1 7GU
HSHK CAPITAL LTD,16936808,active,ltd,,,2025-12-31,,2025-12-31,[68100, 68310, 70229, 98000],115 London Road Morden England SM4 5HP
SOFTVERSE LIMITED,16936810,active,ltd,,,2025-12-31,,2025-12-31,[62012],35 Moresby Road London England E5 9LE
BRX AUTHOR PROPERTIES LTD,16916692,active,ltd,,,2025-12-17,,2025-12-17,[68209],20 Wenlock Road London England N1 7GU
THE KEBAB KICKER LTD,16936820,active,ltd,,,2025-12-31,,2025-12-31,[77400, 82990],128 City Road London United Kingdom EC1V 2NX
SHEEPCOTE VENTURE LIMITED,16936875,active,ltd,,,2025-12-31,,2025-12-31,[62020],16 Galloway Road London England W12 0PJ
SEASONS ART CLASS BERKHAMSTED AND TRING LTD,16936953,active,ltd,,,2025-12-31,,2025-12-31,[85520],71-75 Shelton Street London United Kingdom WC2H 9JQ
INTERNAL PROPERTY GROUP LTD,16936976,active,ltd,,,2025-12-31,,2025-12-31,[68320],91 Leadale Road London England N15 6BJ
ROUNDUP TECH LTD,16936971,active,ltd,,,2025-12-31,,2025-12-31,[62020, 63110, 70229, 82990],71-75 Shelton Street London United Kingdom WC2H 9JQ
APEX VIRTUAL ASSISTANTS LTD,16936962,active,ltd,,,2025-12-31,,2025-12-31,[78109, 78200, 78300],128 City Road London United Kingdom EC1V 2NX
APPEALGLOW DIGITAL LIMITED,16937063,active,ltd,,,2025-12-31,,2025-12-31,[46900, 47910, 58290, 90030],71-75 Shelton Street London United Kingdom WC2H 9JQ
AECO INTERNATIONAL LIMITED,16937067,active,ltd,,,2025-12-31,,2025-12-31,[46900],01 182-184 Office 12517 High Street North London United Kingdom E6 2JA
HOLBORN STUDENT CONSULTANCY LIMITED,16937081,active,ltd,,,2025-12-31,,2025-12-31,[82990],82-88 Mile End Road London England E1 4UN
WORDNEST LTD,16937124,active,ltd,,,2025-12-31,,2025-12-31,[58110],C/O Silverstone & Co. 223 New London House. London United Kingdom EC3R 7AD
ARABIC REAL ESTATE CO. LTD,16937110,active,ltd,,,2025-12-31,,2025-12-31,[68100, 68209, 68310, 68320],167 - 169 Great Portland Street London England W1W 5PF
TOUQEER AHMED LTD,16937203,active,ltd,,,2025-12-31,,2025-12-31,[47910],167-169 Great Portland Street London England W1W 5PF
SCENT FRONTIER LIMITED,16937284,active,ltd,,,2025-12-31,,2025-12-31,[20420, 47750],124 City Road London England EC1V 2NX
LIFTLY GLOBAL LTD,16937288,active,ltd,,,2025-12-31,,2025-12-31,[73110],167-169 Great Portland Street London England W1W 5PF
AXIOM PROPERTY LTD,16937286,active,ltd,,,2025-12-31,,2025-12-31,[68100, 68209, 68320],64 Heigham Road London England E6 2JQ
Y&K PROPERTY SERVICES LTD,16937297,active,ltd,,,2025-12-31,,2025-12-31,[43999],3rd Floor, 86-90 Paul Street London United Kingdom EC2A 4NE
EKASHI LIMITED,16937289,active,ltd,,,2025-12-31,,2025-12-31,[46520],128 Shepherds Bush Road London England W6 7PD
BRIDGE1LOGIC LTD,16937282,active,ltd,,,2025-12-31,,2025-12-31,[62020, 70229],128 City Road London United Kingdom EC1V 2NX
PAWLINEA LTD,16937339,active,ltd,,,2025-12-31,,2025-12-31,[46499, 47710, 47760, 47910],5 Brayford Square London United Kingdom E1 0SG
THE CAPERNAUM VENTURE LTD,16937341,active,ltd,,,2025-12-31,,2025-12-31,[68209, 68310, 68320],20 Wenlock Road London England N1 7GU
WEBELOTA LIMITED,16937395,active,ltd,,,2025-12-31,,2025-12-31,[47910],Flat 29 Arlington Court London England W3 8JP
SGL MEDIA GRP LIMITED,16937401,active,ltd,,,2025-12-31,,2025-12-31,[73110],Flat 42 Yeoman Court London England E14 6TP
THE FIRST THIRTY VENTURES - SIFLY LIMITED,16937493,active,ltd,,,2025-12-31,,2025-12-31,[64209],1st Class Accounts, 320 City Road London United Kingdom EC1V 2NZ
ALL ABOUT INVESTMENTS INTERNATIONAL LTD,16937505,active,ltd,,,2025-12-31,,2025-12-31,[64304],5 Brayford Square London England E1 0SG
IBRE CAPITAL ADVISORS LTD,16937543,active,ltd,,,2025-12-31,,2025-12-31,[70221],167-169 Great Portland Street London England W1W 5PF
AMY GROUP LIMITED,16937607,active,ltd,,,2025-12-31,,2025-12-31,[96020],71-75 Shelton Street London United Kingdom WC2H 9JQ
MARTIAL LAND VENTURES LTD,16937588,active,ltd,,,2025-12-31,,2025-12-31,[68100, 71112],14 Windsor Road London England N7 6JG
FOREVER CONNECTED AI LTD,16937600,active,ltd,,,2025-12-31,,2025-12-31,[62012],71-75 Shelton Street London United Kingdom WC2H 9JQ
KM CONSULTING KARI MCCREATH LTD,16937713,active,ltd,,,2025-12-31,,2025-12-31,[73120],Soho Works London United Kingdom WC2R 1EA
BOLDBEAM LTD,16937900,active,ltd,,,2025-12-31,,2025-12-31,[43290, 43999],119 Little Ilford Lane London England E12 5PN
OPTISCALE DIGITAL LTD,16937899,active,ltd,,,2025-12-31,,2025-12-31,[62012, 62020, 73110],71-75 Shelton Street London United Kingdom WC2H 9JQ
AS419GROUP LTD,16937916,active,ltd,,,2025-12-31,,2025-12-31,[62090],2 Frederick Street London United Kingdom WC1X 0ND
LIGHT MATTER STUDIO LTD,16937907,active,ltd,,,2025-12-31,,2025-12-31,[47599, 74100],128 City Road London United Kingdom EC1V 2NX
MANNTON FINANCE LIMITED,16938012,active,ltd,,,2025-12-31,,2025-12-31,[66190],124-128 City Road London England EC1V 2NX
THINKSPHERE LIMITED,16938017,active,ltd,,,2025-12-31,,2025-12-31,[82302],London (W1w 5pf) Office 167-169 Great Portland Street London England W1W 5PF
VX TECH LTD,16932082,active,ltd,,,2025-12-27,,2025-12-27,[62090, 63120],3 Oaktree Avenue London England N13 5RW
MOHBER LIMITED,16932081,active,ltd,,,2025-12-27,,2025-12-27,[96090],5 Brayford Square London England E1 0SG
FLAVOUR RUSH KITCHEN LIMITED,16932147,active,ltd,,,2025-12-27,,2025-12-27,[56102],Flat 19 Dodd House London England SE16 3PJ
EVEREST 8848 LTD,16932149,active,ltd,,,2025-12-27,,2025-12-27,[56210],48 Plumstead High Street London United Kingdom SE18 1SL
ALKP LTD,16932148,active,ltd,,,2025-12-27,,2025-12-27,[47799],Flat 1104 18 Cutter Lane London England SE10 0YD
FOLLOW FOR MONEY LIMITED,16932324,active,ltd,,,2025-12-27,,2025-12-27,[93290],48 Warwick Street London England W1B 5AW
NADJ GROUP LTD,16932374,active,ltd,,,2025-12-28,,2025-12-28,[64209],86-90 Paul Street London England EC2A 4NE
WAVEFRONT PROPERTY LTD,16932380,active,ltd,,,2025-12-28,,2025-12-28,[68209],Flat 2 Repton House London England SW15 3PB
FLORA CLEANING SERVICE LTD,16932681,active,ltd,,,2025-12-28,,2025-12-28,[81210, 81222],3rd Floor, 86-90 Paul Street London England EC2A 4NE
ECHELON COLLECTIVE LTD,16932709,active,ltd,,,2025-12-29,,2025-12-29,[47910, 63120, 82990],124-128 City Road London England EC1V 2NX
MEDTECH HAI LTD,16932767,active,ltd,,,2025-12-29,,2025-12-29,[70229],Suite1a Faireland House London United Kingdom W5 3LH
FIXXPRESS LTD,16932790,active,ltd,,,2025-12-29,,2025-12-29,[95110, 96090],873 Finchley Road London England NW11 8RR
DON REAL ESTATE INVESTMENTS LTD,16932773,active,ltd,,,2025-12-29,,2025-12-29,[68100, 68209],131 Hartham Road London United Kingdom TW7 5EZ
TWINEES HEALTHCARE SOLUTION LIMITED,16932778,active,ltd,,,2025-12-29,,2025-12-29,[86900],18 Watford Road London England E16 3QU
IRONCORE SECURITY LTD,16932863,active,ltd,,,2025-12-29,,2025-12-29,[64991],9 Cooper Court London England W13 9BW
EVEE DOG GROOMING LTD,16932874,active,ltd,,,2025-12-29,,2025-12-29,[96090],387 Liverpool Road London England N1 1NP
PPC PEMBS LTD,16932996,active,ltd,,,2025-12-29,,2025-12-29,[61200, 80200],20 Wenlock Road London England N1 7GU
VIEWSBURY LTD,16932990,active,ltd,,,2025-12-29,,2025-12-29,[62012],59 Cazenove Road London England N16 6PA
SAFE LIVING UNIVERSAL LTD,16933110,active,ltd,,,2025-12-29,,2025-12-29,[46499, 47250],205a Kingsland Road London United Kingdom E2 8AN
BOUZID LTD,16933197,active,ltd,,,2025-12-29,,2025-12-29,[59112],128 City Road London United Kingdom EC1V 2NX
DIGITAL DEALS DEPOT LTD,16933227,active,ltd,,,2025-12-29,,2025-12-29,[46520, 47910],3rd Floor, 86-90 Paul Street London England EC2A 4NE
EDUCARE HUB LTD,16933222,active,ltd,,,2025-12-29,,2025-12-29,[87900, 88910],Suite Ra01 195 - 197 Wood Street London United Kingdom E17 3NU
DELPHIUM LABS UK LIMITED,16933203,active,ltd,,,2025-12-29,,2025-12-29,[62012, 62020, 63110],128 City Road London United Kingdom EC1V 2NX
OLIVE INTERNATIONAL INC. LTD,16933364,active,ltd,,,2025-12-29,,2025-12-29,[47750],483 Green Lanes London England N13 4BS
DUNFIELD LTD,16933353,active,ltd,,,2025-12-29,,2025-12-29,[66190],Office No. 45, 9.17 Capital Tower, 91 Waterloo Road London United Kingdom SE1 8RT
ANVI CORP LIMITED,16933367,active,ltd,,,2025-12-29,,2025-12-29,[47910],Office 16339 182-184 High Street North London United Kingdom E6 2JA
AJ GLOBAL TRADING LTD,16933359,active,ltd,,,2025-12-29,,2025-12-29,[47910],3rd Floor, 86-90 Paul Street London United Kingdom EC2A 4NE
PSAV LTD,16933341,active,ltd,,,2025-12-29,,2025-12-29,[64209, 70100, 70229],Office 631 60 Tottenham Court Road London United Kingdom W1T 2EW
STREAMLINED COMMUNICATIONS US LLC LIMITED,16933459,active,ltd,,,2025-12-29,,2025-12-29,[62020],Devonshire House London England W1J 8AJ
AKIF TRADE LTD,16933630,active,ltd,,,2025-12-29,,2025-12-29,[47910],71-75 Shelton Street London United Kingdom WC2H 9JQ
TK & J HOLDINGS LTD,16933629,active,ltd,,,2025-12-29,,2025-12-29,[68209],167-169 Great Portland Street London United Kingdom W1W 5PF
ZACVEST LTD,16933628,active,ltd,,,2025-12-29,,2025-12-29,[64209],71-75 Shelton Street London United Kingdom WC2H 9JQ
TROVE NETWORK LTD,16933804,active,ltd,,,2025-12-29,,2025-12-29,[47910],195- 197 Wood Street London United Kingdom E17 3NU
NZITHAN LIMITED,16933960,active,ltd,,,2025-12-29,,2025-12-29,[47910],292844 Office Suite 29a, 3/F 23 Wharf Street London England SE8 3GG
MX AUTOWORKS LTD,16933974,active,ltd,,,2025-12-29,,2025-12-29,[45200],20 Wenlock Road London England N1 7GU
SPI FOOTBALL MANAGER LTD,16933979,active,ltd,,,2025-12-29,,2025-12-29,[93199],38 Coniston Court Kendal Street London England W2 2AN
LARADEX PROPERTY SOLUTIONS LTD,16934101,active,ltd,,,2025-12-29,,2025-12-29,[68209, 68310, 68320],244 Kilburn High Road London England NW6 2BS
EZEL 46 FOOD & WINE LTD,16934095,active,ltd,,,2025-12-29,,2025-12-29,[47110, 47250],40 Seaford Road London England N15 5DY
JKC BRANDS LIMITED,16934341,active,ltd,,,2025-12-29,,2025-12-29,[47910],33 Walton Street London England SW3 2HU
PROPATO VENTURES LTD,16934320,active,ltd,,,2025-12-29,,2025-12-29,[62012],13 Lansbury House 10 Montford Place London England E15 2ZE
YSACC LIMITED,16934744,active,ltd,,,2025-12-29,,2025-12-29,[69201],Unit 4 United House London England N17 0DY
BIRMINGHAM APPAREL LTD,16934936,active,ltd,,,2025-12-30,,2025-12-30,[46420, 46520],20 Wenlock Road London England N1 7GU
TRADENEXUS DIGITAL LTD,16934948,active,ltd,,,2025-12-30,,2025-12-30,[46160, 46190],Suite 1995 Brayford Square London United Kingdom E1 0SG
ZWB LTD,16934940,active,ltd,,,2025-12-30,,2025-12-30,[47190],71-75 Shelton Street London United Kingdom WC2H 9JQ
COLLYER & TELFORD LTD,16934969,active,ltd,,,2025-12-30,,2025-12-30,[95220],12 Fernhurst Gardens London England HA8 7PH
EXPATRICT LIMITED,16934970,active,ltd,,,2025-12-30,,2025-12-30,[62090],71-75 Shelton Street London United Kingdom WC2H 9JQ
SIDBROOK FARM LIMITED,16934983,active,ltd,,,2025-12-30,,2025-12-30,[01500],Second Floor Windsor House London England W1W 8LU
SAFE ACROSS LTD,16935120,active,ltd,,,2025-12-30,,2025-12-30,[53201],36 Orwell Road London England E13 9DH
EVEREST UNITY SERVICES LTD,16935122,active,ltd,,,2025-12-30,,2025-12-30,[82990],18 Greencoat Row London England SW1P 1PG
ATMA SOLUTIONS LTD,16935117,active,ltd,,,2025-12-30,,2025-12-30,[46620, 46690, 46730],71-75 Shelton Street London United Kingdom WC2H 9JQ
KAYANIQ GROUP LTD,16935267,active,ltd,,,2025-12-30,,2025-12-30,[62012, 62020, 62090, 63120],Stoney Works London United Kingdom SE19 3BD
FIQHENGINE LTD,16935265,active,ltd,,,2025-12-30,,2025-12-30,[62012, 62020],128 City Road London United Kingdom EC1V 2NX
AXIOMERA GROUP LTD,16935316,active,ltd,,,2025-12-30,,2025-12-30,[62012, 62020, 62030, 62090],128 City Road London United Kingdom EC1V 2NX
INCESOFT LTD,16935458,active,ltd,,,2025-12-30,,2025-12-30,[47910],71-75 Shelton Street London United Kingdom WC2H 9JQ
HARMONY SOLUTION POINT LTD,16935454,active,ltd,,,2025-12-30,,2025-12-30,[47190, 81229, 81299, 84110],3rd Floor, 86-90 Paul Street London United Kingdom EC2A 4NE
FARAMAX SOLUTIONS LIMITED,16935478,active,ltd,,,2025-12-30,,2025-12-30,[46140],Linen Hall, Room 252-254 162-168 Regent Street London England W1B 5TB
TL RESEARCH LTD,16935616,active,ltd,,,2025-12-30,,2025-12-30,[47910],71-75 Shelton Street London United Kingdom WC2H 9JQ
AUREX COMMERCE LTD,16936106,active,ltd,,,2025-12-30,,2025-12-30,[47910],71-75 Shelton Street London United Kingdom WC2H 9JQ
ANGLO GEORGIAN COMMUNICATIONS LTD,16936189,active,ltd,,,2025-12-30,,2025-12-30,[70210],71-75 Shelton Street London United Kingdom WC2H 9JQ
RANK MASTER SEO LTD,16936191,active,ltd,,,2025-12-30,,2025-12-30,[70229],20 Wenlock Road London United Kingdom N1 7GU
LOVE COMMERCE APPS LTD,16936199,active,ltd,,,2025-12-30,,2025-12-30,[62012],27 Old Gloucester Street London United Kingdom WC1N 3AX
REVOLUCK LTD,16936190,active,ltd,,,2025-12-30,,2025-12-30,[62020, 73110],590 Kingston Road London England SW20 8DN
TURANECOM LTD,16936204,active,ltd,,,2025-12-30,,2025-12-30,[47910],Suite 10359 5 Brayford Square London United Kingdom E1 0SG
HERBAVOLT SCIENCES LTD,16936205,active,ltd,,,2025-12-30,,2025-12-30,[47190, 47750],124-128 City Road London England EC1V 2NX
HAVENSAFE LTD,16936292,active,ltd,,,2025-12-30,,2025-12-30,[68100, 68209],12 Oldhill Street London England N16 6LB
BAVARIA PROPCO SECURITY LIMITED,16936293,active,ltd,,,2025-12-30,,2025-12-30,[64203],4 Olympic Mews London England SW18 2AA
TF PROPERTY SERVICES LTD,16936465,active,ltd,,,2025-12-30,,2025-12-30,[68100],C/O 32 Castlewood Road London England N16 6DW
FIRST FASHION APPARELS LTD,16936466,active,ltd,,,2025-12-30,,2025-12-30,[47990],8 West Street London England E11 4LJ
AWA CONSTRUCTORS LIMITED,16936460,active,ltd,,,2025-12-30,,2025-12-30,[43999],Flat 52 Coombe House London England N7 0JX
BUY ME A CUPPA LTD,16936457,active,ltd,,,2025-12-30,,2025-12-30,[62090, 63120],128 City Road London United Kingdom EC1V 2NX
BIONAUTICA LIMITED,16936510,active,ltd,,,2025-12-30,,2025-12-30,[62012, 62090, 63110, 74909],27 Old Gloucester St London United Kingdom WC1N 3AX
SWITCH DIGITALLY LTD,16936517,active,ltd,,,2025-12-30,,2025-12-30,[73110],Office 16371 182-184 High Street North London United Kingdom E6 2JA
FANSGLAZE LTD,16936513,active,ltd,,,2025-12-30,,2025-12-30,[62090, 63120],71-75 Shelton Street London United Kingdom WC2H 9JQ
HARRISON-ROSS & CO. LTD,16936514,active,ltd,,,2025-12-30,,2025-12-30,[69101],64 Balham Park Road London England SW12 8DU
O-ENTERPRISES HOLDINGS LTD,16936615,active,ltd,,,2025-12-30,,2025-12-30,[70100, 82990],4th Floor, Silverstream House London England W1T 6EB
WILSON CONSULTANCY LIMITED,16936720,active,ltd,,,2025-12-30,,2025-12-30,[70229],Flat 42 Osprey Court London England E1W 1AG
PEHAM GROUP LTD,16938035,active,ltd,,,2025-12-31,,2025-12-31,[46190, 47910],71-75 Shelton Street London United Kingdom WC2H 9JQ
NATUERLICH LTD,16938033,active,ltd,,,2025-12-31,,2025-12-31,[47910],128 City Road London United Kingdom EC1V 2NX
TRUELETTINGS LIMITED,16938044,active,ltd,,,2025-12-31,,2025-12-31,[68320, 98000],3rd Floor, 86-90 Paul Street London England EC2A 4NE
TAMARA WIGS LIMITED,16938127,active,ltd,,,2025-12-31,,2025-12-31,[96020],59 Highfield Avenue London England NW11 9EU
AANEKCOM LIMITED,16923802,active,ltd,,,2025-12-20,,2025-12-20,[73110, 73120],49 Bronwen Court Grove End Road London England NW8 9RX
QUALITY FOOD MARLBOROUGH LIMITED,16891875,active,ltd,,,2025-12-04,,2025-12-04,[82990],7 London Road Marlborough United Kingdom SN8 1PH
GGT HOLDCO LTD,16904986,active,ltd,,,2025-12-11,,2025-12-11,[09100],C/O Orana Corporate Llp London United Kingdom SW1W 9NF
CLEANING SQUARE LTD,16933728,active,ltd,,,2025-12-29,,2025-12-29,[81210, 81221, 81222, 81299],277-279 Chiswick High Road London England W4 4PU
THE LABYRINTH UK EDUCATION LIMITED,16930382,active,ltd,,,2025-12-24,,2025-12-24,[79120],First Floor London United Kingdom EC4M 7RD
ABT LOGIC U.K LTD,16933618,active,ltd,,,2025-12-29,,2025-12-29,[78300],Flat 16, 2-10 Casson Street London E1 5LA
BLUE LOTUS SUPPORTED LIVING LTD,16915522,active,ltd,,,2025-12-16,,2025-12-16,[68209, 98000],Suite Ra01 195-197 Wood Street London England E17 3NU
ATENO LIMITED,16883967,active,ltd,,,2025-12-01,,2025-12-01,[56101],123 The Broadway London England NW7 3TG
RWE ST PAUL'S LTD,16906765,active,ltd,,,2025-12-12,,2025-12-12,[94990],Runway East London England WC1A 2SN
OPERATIONAL LEADERSHIP ACADEMY LTD,16903095,active,ltd,,,2025-12-10,,2025-12-10,[94120],71-75 Shelton Street London United Kingdom WC2H 9JQ
FAGAN CONSULTING LIMITED,16917087,active,ltd,,,2025-12-17,,2025-12-17,[70229],66 Paul Street London United Kingdom EC2A 4NA
CUREDRY DAMP PROOFING LTD,16931110,active,ltd,,,2025-12-24,,2025-12-24,[41202, 43390],20 Wenlock Road London England N1 7GU
MUJAHID LTD,16932320,active,ltd,,,2025-12-27,,2025-12-27,[47910],139 Leytonstone Road London England E15 1LH
AXO MERCHANT LTD,16906711,active,ltd,,,2025-12-12,,2025-12-12,[47990],12 Osborne Square R Dagenham RM9 5AU
CRESCENT SERVICES MANAGEMENT LTD,16892580,active,ltd,,,2025-12-05,,2025-12-05,[81210],76 Turnpike Lane London England N8 0PR
NEO ALTERNATIVE WEALTH ARCHITECTURE LIMITED,16899858,active,ltd,,,2025-12-09,,2025-12-09,[70229, 74909],71-75 Shelton Street London United Kingdom WC2H 9JQ
GUIDED FUTURES ADVOCACY LTD,16896159,active,ltd,,,2025-12-08,,2025-12-08,[96090],20 Wenlock Road London England N1 7GU
LDL CONSTRUCTION LTD,16907013,active,ltd,,,2025-12-12,,2025-12-12,[41201, 41202, 43999],2 Donnington Road London England NW10 3QN
LION CUBS NURSERIES PROPCO LTD,16915267,active,ltd,,,2025-12-16,,2025-12-16,[68209],42 Upper Berkeley Street London United Kingdom W1H 5QL
VGX LIMITED,16914804,active,ltd,,,2025-12-16,,2025-12-16,[86900, 96040],495 Green Lanes London England N13 4BS
FORECHIYA LTD,16903916,active,ltd,,,2025-12-11,,2025-12-11,[46390, 46900, 56102, 56290],161 Fore Street London England N18 2XB
HAV23 HOLDING LIMITED,16907212,active,ltd,,,2025-12-12,,2025-12-12,[68100],1 Knightsbridge Green London United Kingdom SW1X 7NE
KETTERS LTD,16918263,active,ltd,,,2025-12-18,,2025-12-18,[47910],7a Sebert Road London England E7 0NG
ZAPNOODLE LTD,16888638,active,ltd,,,2025-12-03,,2025-12-03,[99999],Suite 105 1 Bedford Row London United Kingdom WC1R 4BU
ROCKETPANDA LTD,16888603,active,ltd,,,2025-12-03,,2025-12-03,[99999],Suite 105 1 Bedford Row London United Kingdom WC1R 4BU
POPCORN PLANET LTD,16888642,active,ltd,,,2025-12-03,,2025-12-03,[99999],Suite 105 1 Bedford Row London United Kingdom WC1R 4BU
ECHOFORGE DEVELOPMENTS LTD,16906333,active,ltd,,,2025-12-12,,2025-12-12,[99999],Suite 105 1 Bedford Row London United Kingdom WC1R 4BU
SUNNYSPROUT LTD,16888645,active,ltd,,,2025-12-03,,2025-12-03,[99999],Suite 105 1 Bedford Row London United Kingdom WC1R 4BU
PUREEARTH DYNAMICS LTD,16888624,active,ltd,,,2025-12-03,,2025-12-03,[99999],Suite 105 1 Bedford Row London United Kingdom WC1R 4BU
POP-UP SCAFFOLD LTD,16888595,active,ltd,,,2025-12-03,,2025-12-03,[99999],Suite 105 1 Bedford Row London United Kingdom WC1R 4BU
JET SET GO TRIP LTD,16937480,active,ltd,,,2025-12-31,,2025-12-31,[79110],3a Long Lane London England N3 2PR
METROTEXT LIMITED,16905638,active,ltd,,,2025-12-12,,2025-12-12,[58210, 62011],International House London England WC1X 9LP
VERTX TALENT LTD,16902446,active,ltd,,,2025-12-10,,2025-12-10,[62012, 62020, 62090],71-75 Shelton Street London England WC2H 9JQ
16900646 LIMITED,16900646,active,ltd,,,2025-12-09,,2025-12-09,[41100],154 Chaucer Drive London England SE1 5RG
LAWRENCE WEALTH PARTNERS LTD,16904207,active,ltd,,,2025-12-11,,2025-12-11,[66190],The Gallery East Dulwich United Kingdom SE22 9EE
NORTHBRIDGE CARGO SYSTEMS LTD,16928714,active,ltd,,,2025-12-23,,2025-12-23,[99999],Suite 105 1 Bedford Row London United Kingdom WC1R 4BU
ELM & ALDER TRADING LTD,16928742,active,ltd,,,2025-12-23,,2025-12-23,[99999],Suite 105 1 Bedford Row London United Kingdom WC1R 4BU
PIONEER HORIZON LABS LTD,16928922,active,ltd,,,2025-12-23,,2025-12-23,[99999],Suite 105 1 Bedford Row London United Kingdom WC1R 4BU
TALENTBRIDGE RESOURCING LTD,16928732,active,ltd,,,2025-12-23,,2025-12-23,[99999],Suite 105 1 Bedford Row London United Kingdom WC1R 4BU
HELIXSPHERE SYSTEMS LTD,16906310,active,ltd,,,2025-12-12,,2025-12-12,[99999],Suite 105 1 Bedford Row London United Kingdom WC1R 4BU
COBALT PEAK CREATIVE LTD,16906339,active,ltd,,,2025-12-12,,2025-12-12,[99999],Suite 105 1 Bedford Row London United Kingdom WC1R 4BU
ADAPTIVE ENERGY INTELLIGENCE LTD,16935123,active,ltd,,,2025-12-30,,2025-12-30,[66120, 66290],Privium 144 3 More London Place London England SE1 2RE
VERDANT FLUX ENERGY LTD,16928749,active,ltd,,,2025-12-23,,2025-12-23,[99999],Suite 105 1 Bedford Row London United Kingdom WC1R 4BU
VECTRA DYNAMICS LTD,16900153,active,ltd,,,2025-12-09,,2025-12-09,[47910, 63120, 70229, 86900],3rd Floor, 86-90 Paul Street London United Kingdom EC2A 4NE
CROWNLEIGH GROUP LIMITED,16938177,active,ltd,,,2025-12-31,,2025-12-31,[70229, 82990],45 Albemarle Street (3rd Floor) London England W1S 4JL
LETRO-IO LTD,16913638,active,ltd,,,2025-12-16,,2025-12-16,[62090, 63110, 63120],Duru House London England E1 1RD
PETERGATE FACILITIES LTD,16902005,active,ltd,,,2025-12-10,,2025-12-10,[81100],124 City Road City Road London England EC1V 2NX
L M OLIVEROS LTD,16915590,active,ltd,,,2025-12-16,,2025-12-16,[82990],Suite Ra01 195 To 197 Wood Street London England E17 3NU
OAKLINE REALTY HOLDINGS LTD,16911573,active,ltd,,,2025-12-15,,2025-12-15,[68209],3 Norfolk Avenue London N15 6JX
CPR CONSTRUCTION GROUP LTD,16903013,active,ltd,,,2025-12-10,,2025-12-10,[41202, 43290],Flat 34, West Point London England SE1 5NY
MAKE AI WORK LTD,16896390,active,ltd,,,2025-12-08,,2025-12-08,[62012, 62020, 70229],51 Lime Street Lime Street London England EC3M 7DQ
IDIL LTD,16917736,active,ltd,,,2025-12-17,,2025-12-17,[56101],7 Fortis Green London England N2 9HG
BENNETT TECHNOLOGY CONSULTING LTD,16931531,active,ltd,,,2025-12-24,,2025-12-24,[62020],167-169 Great Portland Street London England W1W 5PF
ZAKRIA LTD,16908740,active,ltd,,,2025-12-13,,2025-12-13,[47910],175 Leytonstone Road London England E15 1LH
STATERA THERAPY LTD,16934953,active,ltd,,,2025-12-30,,2025-12-30,[86900],1008 Stage Apartments 22 Hewett Street London United Kingdom EC2A 3NL
ACTIVE PERSONNEL INC LTD,16920311,active,ltd,,,2025-12-18,,2025-12-18,[43999],10 Beaufort Court Admirals Way London England E14 9XL
VSW GLASS AND GLAZING LTD,16891560,active,ltd,,,2025-12-04,,2025-12-04,[25990],41 Cancell Road London United Kingdom SW9 6HP
HLD ATHLETICS LTD,16896009,active,ltd,,,2025-12-08,,2025-12-08,[47910],128 City Road London England EC1V 2NX
COLECAR STRATEGIC LAND ARLESY 1 LIMITED,16885699,active,ltd,,,2025-12-02,,2025-12-02,[41100],Office 16 Corby Enterprise Centre Corby United Kingdom NN17 5EU
POLKADOT PROJECTS LIMITED,16921846,active,ltd,,,2025-12-19,,2025-12-19,[43290],Belle House 1 Hudsons Place London England SW1V 1JT
AP SD SEVENTY THREE LIMITED,16919584,active,ltd,,,2025-12-18,,2025-12-18,[47730],6 Elystan Street London England SW3 3NS
GERRY ONLINE LTD,16885500,active,ltd,,,2025-12-02,,2025-12-02,[47910],116 London Road Ipswich London Road Ipswich England IP1 2HG
AZOLA HOLDINGS LIMITED,16913299,active,ltd,,,2025-12-16,,2025-12-16,[64209],66 Paul Street London England EC2A 4NA
MI INTELLIGENCE GROUP LIMITED,16891517,active,ltd,,,2025-12-04,,2025-12-04,[94990],20 Wenlock Road London England N1 7GU
YI SERVICES LIMITED,16936734,active,ltd,,,2025-12-30,,2025-12-30,[70229],Flat 42 Osprey Court London England E1W 1AG
AIRLIT LTD,16923756,active,ltd,,,2025-12-20,,2025-12-20,[47910],128 City Road London England EC1V 2NX
AXIOMWARE LTD,16935282,active,ltd,,,2025-12-30,,2025-12-30,[62012, 62020, 62090],3rd Floor 86-90 Paul Street London United Kingdom EC2A 4NE
LINKSGAGE LTD,16913534,active,ltd,,,2025-12-16,,2025-12-16,[79120],29 Hitherwood Drive London England SE19 1XA
ASCOT ADVISORY PARTNERS LTD,16888403,active,ltd,,,2025-12-03,,2025-12-03,[69201, 70229],10 Merton Avenue London England W4 1TA
FORWARD EVER LTD,16934093,active,ltd,,,2025-12-29,,2025-12-29,[46190, 59112, 62090, 90010],Suite Ra01 195-197 Wood Street London United Kingdom E17 3NU
MUJA FRESH LIMITED,16895845,active,ltd,,,2025-12-08,,2025-12-08,[47290, 47990],71-75 Shelton Street London United Kingdom WC2H 9JQ
TRENDABAY LTD,16914363,active,ltd,,,2025-12-16,,2025-12-16,[46900, 62090, 70229],124 City Road London England EC1V 2NX
LDE HOSPITALITY LIMITED,16930082,active,ltd,,,2025-12-23,,2025-12-23,[56101, 82990],167-169 Great Portland Street London England W1W 5PF
TK PROPERTIES (KENT) LTD,16906246,active,ltd,,,2025-12-12,,2025-12-12,[43210, 55209, 95220, 98000],124 City Road London United Kingdom EC1V 2NX
UK MOBILE STOCK LIMITED,16887429,active,ltd,,,2025-12-02,,2025-12-02,[46900, 47910],111-113 Upper Tooting Road London England SW17 7TJ
PINK ICE RETAIL LTD,16891924,active,ltd,,,2025-12-04,,2025-12-04,[47710],71-75 Shelton Street London United Kingdom WC2H 9JQ
MONTE GREEN LTD,16888719,active,ltd,,,2025-12-03,,2025-12-03,[46310, 47210],Unit 1-2, 79 Pretoria Road North London England N18 1SP
VICTRICE LTD,16903054,active,ltd,,,2025-12-10,,2025-12-10,[59111, 59112, 59113],Unit 14, Princeton Mews Kingston Upon Thames United Kingdom KT2 6PT
SPRINIKSYS FIRE LTD,16887363,active,ltd,,,2025-12-02,,2025-12-02,[82990, 86900],319 Marvels Lane London United Kingdom SE12 9PU
FORMULA 9 FILMS LTD,16913588,active,ltd,,,2025-12-16,,2025-12-16,[59113],41-47 Old Street London England EC1V 9HX
HANDEL STUDIO LTD,16900093,active,ltd,,,2025-12-09,,2025-12-09,[74100, 90030],284 Kingsland Rd Flat 14 London United Kingdom E8 4DN
CEPTER UK LTD,16909814,active,ltd,,,2025-12-15,,2025-12-15,[63110],50b Westbourne Gardens London England W2 5NS
LOPPA MARKET LIMITED,16900139,active,ltd,,,2025-12-09,,2025-12-09,[63120],8 St. Ann's Road London England SW13 9LJ
WENEXT UK LTD,16904941,active,ltd,,,2025-12-11,,2025-12-11,[32990, 46690],167-169 Great Portland Street London England W1W 5PF
SUNDAY HOLDINGS LTD,16905293,active,ltd,,,2025-12-11,,2025-12-11,[64209],169 Hemingford Road London England N1 1DA
SPORT DRONE LIMITED,16905650,active,ltd,,,2025-12-12,,2025-12-12,[26400],Chrome Productions London United Kingdom NW5 1AS
SH WEB SERVICE LTD,16905648,active,ltd,,,2025-12-12,,2025-12-12,[62090],128 City Road London United Kingdom EC1V 2NX
MODEXBUILD LTD,16905703,active,ltd,,,2025-12-12,,2025-12-12,[43999],3rd Floor, 86-90 Paul Street London United Kingdom EC2A 4NE
THE HATLEY GROUP CO LTD,16905857,active,ltd,,,2025-12-12,,2025-12-12,[68209, 68320],128 City Road London United Kingdom EC1V 2NX
FOKUS SOLUTIONS LTD,16906011,active,ltd,,,2025-12-12,,2025-12-12,[62012],128 City Road London United Kingdom EC1V 2NX
MEHIEL STORE LTD,16906000,active,ltd,,,2025-12-12,,2025-12-12,[47910],128 City Road London United Kingdom EC1V 2NX
SHAYDIL PADEL UK LTD,16906157,active,ltd,,,2025-12-12,,2025-12-12,[93110],16 Brook Meadow London England N12 7DB
BEAUTY BY SIYA LTD,16906262,active,ltd,,,2025-12-12,,2025-12-12,[47910],3rd Floor, 86-90 Paul Street London United Kingdom EC2A 4NE
HISPANIC GLOBAL SERVICES LTD,16906261,active,ltd,,,2025-12-12,,2025-12-12,[46110, 46370, 69109],Flat B London United Kingdom N17 6XT
RIVORA LTD,16906263,active,ltd,,,2025-12-12,,2025-12-12,[47910],Suite 10272 5 Brayford Square London United Kingdom E1 0SG
PT PAL USA LTD,16906494,active,ltd,,,2025-12-12,,2025-12-12,[58290],2nd Floor College House Ruislip, United Kingdom HA4 7AE
TRUE IMPACT AI LTD,16906475,active,ltd,,,2025-12-12,,2025-12-12,[62020],128 City Road London United Kingdom EC1V 2NX
BEAUTIFUL FILM LTD,16906638,active,ltd,,,2025-12-12,,2025-12-12,[59111],23 Applegarth Road London England W14 0HY
LUCKYAPPLE LTD,16906641,active,ltd,,,2025-12-12,,2025-12-12,[58110],71-75 Shelton Street London United Kingdom WC2H 9JQ
VANGUARD HOSPITALITY LTD,16906891,active,ltd,,,2025-12-12,,2025-12-12,[78300],Walker House London England SW8 4TS
CEDAR ARC LTD,16906985,active,ltd,,,2025-12-12,,2025-12-12,[64209],C/O Alter Domus (Uk) Limited 10th Floor London United Kingdom EC3A 8BF
GBT INTERNATIONAL PRIVATE LTD,16906970,active,ltd,,,2025-12-12,,2025-12-12,[43210, 43220, 46730, 47789],167-169 Great Portland Street London England W1W 5PF
GLCB POOLER CO 1 LTD,16906996,active,ltd,,,2025-12-12,,2025-12-12,[64209],5 Churchill Place London United Kingdom E14 5HU
ERBIUM MEDIA LTD,16907095,active,ltd,,,2025-12-12,,2025-12-12,[47910],Office 9666 Ai 182-184 High Street North London United Kingdom E6 2JA
ASINIFY LTD,16907103,active,ltd,,,2025-12-12,,2025-12-12,[47910, 73110, 74100],5th Floor 167-169 Great Portland Street, 5th Floor London United Kingdom W1W 5PF
METRO FARMS LTD,16907105,active,ltd,,,2025-12-12,,2025-12-12,[28302, 62012, 72190],128 City Road London United Kingdom EC1V 2NX
NXANDIN LTD,16907177,active,ltd,,,2025-12-12,,2025-12-12,[47910],71-75 Shelton Street London United Kingdom WC2H 9JQ
PROSPECT BUILDING SERVICES LIMITED,16907302,active,ltd,,,2025-12-12,,2025-12-12,[41100],Crane Court Ipswich England IP2 0AJ
FAE MUSIC RIGHTS LIMITED,16907292,active,ltd,,,2025-12-12,,2025-12-12,[59200],Elsley Court London United Kingdom W1W 8BE
DAWODU&SONS LTD,16907779,active,ltd,,,2025-12-12,,2025-12-12,[62020, 69201, 69203, 70229],20 Wenlock Road London England N1 7GU
MICROFACET GAMES LTD,16907780,active,ltd,,,2025-12-12,,2025-12-12,[58210],20 Wenlock Road London England N1 7GU
MAISON SQUARE LTD,16907784,active,ltd,,,2025-12-12,,2025-12-12,[68209, 68310, 68320],124-128 City Road London England EC1V 2NX
KRAKEN CONNECT INTERNATIONAL LTD,16907919,active,ltd,,,2025-12-12,,2025-12-12,[70229, 74909],71-75 Shelton Street London United Kingdom WC2H 9JQ
MADE BY NOLA LTD,16907926,active,ltd,,,2025-12-12,,2025-12-12,[59112],20 Wenlock Road London England N1 7GU
SOLACE SPORTS REHABILITATION LIMITED,16908006,active,ltd,,,2025-12-12,,2025-12-12,[86900],71-75 Shelton Street London United Kingdom WC2H 9JQ
VITAL FLOW BREATHWORK LTD,16908135,active,ltd,,,2025-12-12,,2025-12-12,[96040],13 Eltham Green Road London England SE9 6BA
TS 25 SOLUTIONS LTD,16908134,active,ltd,,,2025-12-12,,2025-12-12,[70210, 77210, 85510, 93199],Office One London England EC1R 5HL
FORE THE LOVE OF DOBRAN LTD,16908113,active,ltd,,,2025-12-12,,2025-12-12,[93199],3rd Floor, 86-90 Paul Street London United Kingdom EC2A 4NE
IBELIN PRODUCTION LTD,16908114,active,ltd,,,2025-12-12,,2025-12-12,[59111, 59131],71 Queen Victoria Street London United Kingdom EC4V 4BE
ETISK GRUPPEN LTD,16908155,active,ltd,,,2025-12-12,,2025-12-12,[96090],71-75 Shelton Street London United Kingdom WC2H 9JQ
LANCASTER BREW LTD,16908544,active,ltd,,,2025-12-13,,2025-12-13,[56101, 56102],35 St. Marys Road London England W5 5RG
RADKON LTD,16908547,active,ltd,,,2025-12-13,,2025-12-13,[33140, 43210],8a Graham Road London England NW4 3HE
SIRIUS ANALYTICS LTD,16908569,active,ltd,,,2025-12-13,,2025-12-13,[62020],167-169 Great Portland Street London England W1W 5PF
MARIELLA LONDON LTD,16908572,active,ltd,,,2025-12-13,,2025-12-13,[70210],23 Wandsworth Common West Side London England SW18 2EH
REVMAXING LTD,16909144,active,ltd,,,2025-12-14,,2025-12-14,[73110],43 Braemar Road London United Kingdom E13 8EH
THE BOSS (GLOBAL) LTD,16909149,active,ltd,,,2025-12-14,,2025-12-14,[96090],94-96 Seymour Place London United Kingdom W1H 1NB
VOYS FILM LTD,16909147,active,ltd,,,2025-12-14,,2025-12-14,[59112, 59120],40 Roy Square London England E14 8BY
QUINZUB LTD,16909449,active,ltd,,,2025-12-14,,2025-12-14,[62012, 62090, 63120, 85510],Flat 1-2 42 Blenheim Crescent London England W11 1NY
COGNIVIVA LIMITED,16909694,active,ltd,,,2025-12-15,,2025-12-15,[70229, 85600],Suite 6 Beaufort Court London England E14 9XL
PERFECT CREATIONS RETAILER LIMITED,16909755,active,ltd,,,2025-12-15,,2025-12-15,[47190],71-75 Shelton Street London United Kingdom WC2H 9JQ
LAVISH TROPICAL FRUITS WHOLESALE LTD,16909743,active,ltd,,,2025-12-15,,2025-12-15,[46310],295 Chiswick High Road Chiswick United Kingdom W4 4HH
EMIRATES GLOBAL EMPLOYMENT LTD,16909750,active,ltd,,,2025-12-15,,2025-12-15,[78109],71-75 Shelton Street London United Kingdom WC2H 9JQ
MCDOWELL DATA SOLUTIONS LTD,16909749,active,ltd,,,2025-12-15,,2025-12-15,[62012],20 Wenlock Road London England N1 7GU
LONDON MEDICAL PATHWAYS LTD,16910058,active,ltd,,,2025-12-15,,2025-12-15,[85410, 85590],275 New North Road London England N1 7AA
FIRIN PENGE LTD,16910054,active,ltd,,,2025-12-15,,2025-12-15,[56290],179 High Street London England SE20 7PF
VEL UK WASTE LTD,16910039,active,ltd,,,2025-12-15,,2025-12-15,[38110],20 Wenlock Road London England N1 7GU
MATEUS FIRGON LTD,16910118,active,ltd,,,2025-12-15,,2025-12-15,[85590],20 Wenlock Road London England N1 7GU
DASS CONSULTANTS LIMITED,16910091,active,ltd,,,2025-12-15,,2025-12-15,[62020],Grey Stoke House 150 Brunswick Road London United Kingdom W5 1AW
PLEROMA SERVICES UK LIMITED,16910109,active,ltd,,,2025-12-15,,2025-12-15,[82110],Flat 15, Wickham Court London United Kingdom SW7 4DG
MOVATIC LTD,16910104,active,ltd,,,2025-12-15,,2025-12-15,[47910],71-75 Shelton Street London United Kingdom WC2H 9JQ
IT LYNX LIMITED,16910359,active,ltd,,,2025-12-15,,2025-12-15,[62020],Flat 28 St. Clements Heights London England SE26 6AA
MY LUXURY SUPPLY LTD,16910408,active,ltd,,,2025-12-15,,2025-12-15,[47110, 47230, 62012, 63120],20 Wenlock Road London England N1 7GU
YOU NEED THIS SHOPPING LIMITED,16910404,active,ltd,,,2025-12-15,,2025-12-15,[47910],167-169 Great Portland Street London United Kingdom W1W 5PF
EQUINE FACILITIES LTD,16910417,active,ltd,,,2025-12-15,,2025-12-15,[01430, 74909],3rd Floor, 86-90 Paul Street London United Kingdom EC2A 4NE
ZEEADVERTISERS LTD,16910586,active,ltd,,,2025-12-15,,2025-12-15,[47910],275 New North Road London United Kingdom N1 7AA
ELCID YACHTING LTD,16910733,active,ltd,,,2025-12-15,,2025-12-15,[99999],Suite 10295 5 Brayford Square London United Kingdom E1 0SG
CHAM SAIDY PROPERTY GROUP LIMITED,16910740,active,ltd,,,2025-12-15,,2025-12-15,[68100, 68201, 68209],71-75 Shelton Street London United Kingdom WC2H 9JQ
SHAREKTE175 LTD,16910899,active,ltd,,,2025-12-15,,2025-12-15,[46900],275 New N Rd #3110 London London United Kingdom N1 7AA
LANCEFIELD VENTURES LIMITED,16910918,active,ltd,,,2025-12-15,,2025-12-15,[68100],5 Fountayne Road London England N16 7EA
PURELY STUDIOS LIMITED,16910921,active,ltd,,,2025-12-15,,2025-12-15,[47910, 74100],62 62, Slade Green Road Erith United Kingdom DA8 2HX
3PCORE LTD,16910905,active,ltd,,,2025-12-15,,2025-12-15,[70210, 70229],Zagros House London England N3 1TB
SHAREKTE177 LTD,16910906,active,ltd,,,2025-12-15,,2025-12-15,[46900],275 New N Rd #3110 London London United Kingdom N1 7AA
MUNDOSTAYS LTD,16911481,active,ltd,,,2025-12-15,,2025-12-15,[96090],167-169 Great Portland Street London England W1W 5PF
HIBA TRADITION LIMITED,16911477,active,ltd,,,2025-12-15,,2025-12-15,[47910],159 Wellington Road London England E6 6EB
ELITE EXPRESS SERVICES LTD,16911500,active,ltd,,,2025-12-15,,2025-12-15,[49410, 70229],3rd Floor, 86-90 Paul Street London United Kingdom EC2A 4NE
ORVELLA TALENT PARTNERS LTD,16911646,active,ltd,,,2025-12-15,,2025-12-15,[82990],3rd Floor, 86-90 Paul Street London United Kingdom EC2A 4NE
AMANTRADING LTD,16911647,active,ltd,,,2025-12-15,,2025-12-15,[46370, 46900, 47190, 70229],71-75 Shelton Street London United Kingdom WC2H 9JQ
AURAVIASTORE LTD,16911617,active,ltd,,,2025-12-15,,2025-12-15,[47910],4 Raven Road, Unit 1c3-995 London United Kingdom E18 1HB
AHEAD OF THE CURVE DIGITAL LTD,16911632,active,ltd,,,2025-12-15,,2025-12-15,[62090, 70210, 73110],1 Heldmenn Close London United Kingdom TW3 2PA
PG ASSOCIATES LTD,16911604,active,ltd,,,2025-12-15,,2025-12-15,[70229],20 Wenlock Road London England N1 7GU
ELUVIA FOOD LTD,16911901,active,ltd,,,2025-12-15,,2025-12-15,[10890, 46390, 47290, 47910],71-75 Shelton Street London United Kingdom WC2H 9JQ
WISEHILL GROUP LTD,16911908,active,ltd,,,2025-12-15,,2025-12-15,[68100, 68201, 68209, 68320],3rd Floor, 86-90 Paul Street London United Kingdom EC2A 4NE
TABU DESIGNS LTD,16911888,active,ltd,,,2025-12-15,,2025-12-15,[62012],71-75 Shelton Street London United Kingdom WC2H 9JQ
MASJIDFINDER UK LTD,16911928,active,ltd,,,2025-12-15,,2025-12-15,[62012],71-75 Shelton Street London United Kingdom WC2H 9JQ
CHEDAY LTD,16912059,active,ltd,,,2025-12-15,,2025-12-15,[46190, 46900, 47910],71-75 Shelton Street London United Kingdom WC2H 9JQ
BERKSHIRE SECURITY LIMITED,16912050,active,ltd,,,2025-12-15,,2025-12-15,[80100, 80200, 80300],71-75 Shelton Street London United Kingdom WC2H 9JQ
EVOLUV ENERGIES LTD,16912215,active,ltd,,,2025-12-15,,2025-12-15,[64209],20 Wenlock Road London England N1 7GU
PEACH ATELIER LIMITED,16912247,active,ltd,,,2025-12-15,,2025-12-15,[73110, 90030],27 Ashburnham Place London England SE10 8TZ
TANDOORI FRIES LIMITED,16912503,active,ltd,,,2025-12-15,,2025-12-15,[56103],Unit 5 60 Hanbury Street London England E1 5JL
A&A E COMMERCE LTD,16912513,active,ltd,,,2025-12-15,,2025-12-15,[47910],82, Flat Lee High Road London United Kingdom SE13 5PT
DIVINE BUSINESS SOLUTIONS LIMITED,16912493,active,ltd,,,2025-12-15,,2025-12-15,[69201, 69203, 70221, 70229],71-75 Shelton Street London United Kingdom WC2H 9JQ
INTEX FINISHES LTD,16912495,active,ltd,,,2025-12-15,,2025-12-15,[43310],71-75 Shelton Street London United Kingdom WC2H 9JQ
INFINITY STAR PROPERTY LTD,16912502,active,ltd,,,2025-12-15,,2025-12-15,[68209, 68320],71-75 Shelton Street London United Kingdom WC2H 9JQ
BARBER RITUALS LDN LIMITED,16912492,active,ltd,,,2025-12-15,,2025-12-15,[96020],Unit 23 Cumberland Avenue London England NW10 7RT
MOCO CAKE LTD,16912682,active,ltd,,,2025-12-15,,2025-12-15,[10710],Flat 7 Vickery House London England SW4 7RB
GAMBLESAFEUK LTD,16912753,active,ltd,,,2025-12-15,,2025-12-15,[64999, 92000],3rd Floor, 86-90 Paul Street London England EC2A 4NE
NARELIA LIMITED,16912817,active,ltd,,,2025-12-15,,2025-12-15,[47910],31 Jago Close London England SE18 2TY
WALKERECOM LTD,16913035,active,ltd,,,2025-12-16,,2025-12-16,[47910],20 Wenlock Road London England N1 7GU
EAJMT LIMITED,16913039,active,ltd,,,2025-12-16,,2025-12-16,[47910],194 High Road London England N22 8HH
DACHLECO MANAGEMENT LTD,16913419,active,ltd,,,2025-12-16,,2025-12-16,[68100, 70221, 70229],4th Floor Office London England W1B 4HB
MERTRIOLTD LTD,16913636,active,ltd,,,2025-12-16,,2025-12-16,[47910],4 Raven Road, Unit 1c3-998 London United Kingdom E18 1HB
OMNICLIPSE LTD,16913621,active,ltd,,,2025-12-16,,2025-12-16,[62012, 62020, 62090],71-75 Shelton Street London United Kingdom WC2H 9JQ
RENEWACARE INNOVATIONS LTD,16913622,active,ltd,,,2025-12-16,,2025-12-16,[99999],167-169 Great Portland Street London England W1W 5PF
TUBA TWYFORD LTD,16913782,active,ltd,,,2025-12-16,,2025-12-16,[56102],39 London Road Reading England RG10 9EH
MBC HOMES LTD,16913791,active,ltd,,,2025-12-16,,2025-12-16,[68100],4 Thorpe Road London United Kingdom N15 6NR
WATTLE HOLDINGS LIMITED,16913928,active,ltd,,,2025-12-16,,2025-12-16,[64209],71-75 Shelton Street London United Kingdom WC2H 9JQ
THE MODERN CLINIC LONDON LTD,16913935,active,ltd,,,2025-12-16,,2025-12-16,[86101],Flat C, 79 Redington Road London United Kingdom NW3 7RR
ENMA CAPITAL LIMITED,16913923,active,ltd,,,2025-12-16,,2025-12-16,[64209, 68100, 70229],Flat C London United Kingdom SW1W 0LU
HRH BEX HILL LTD,16914054,active,ltd,,,2025-12-16,,2025-12-16,[68209],5 North End Road London England NW11 7RJ
OCEAN WISE POWER LIMITED,16914157,active,ltd,,,2025-12-16,,2025-12-16,[47910],292417, Office Suite 29a, 3/F 23 Wharf Street London England SE8 3GG
JSL INTERNATIONAL LIMITED,16914173,active,ltd,,,2025-12-16,,2025-12-16,[41100, 62020, 62090],International House, 109-111 Fulham Palace Road London England W6 8JA
HORIZON WORLD GREAT LIMITED,16914170,active,ltd,,,2025-12-16,,2025-12-16,[47910],292537, Office Suite 29a, 3/F 23 Wharf Street London England SE8 3GG
SERAVIE LTD,16914351,active,ltd,,,2025-12-16,,2025-12-16,[46450, 47750, 47789, 47990],71-75 Shelton Street London United Kingdom WC2H 9JQ
VOCALON LIMITED,16914436,active,ltd,,,2025-12-16,,2025-12-16,[62020, 62090, 63110],Flat 5 97 Devonshire Road London England SW19 2EQ
FASHION 84 LTD,16914441,active,ltd,,,2025-12-16,,2025-12-16,[59111],78-80 Old Oak Common Lane London United Kingdom W3 7DA
VEXAMAX LTD,16914445,active,ltd,,,2025-12-16,,2025-12-16,[62012, 63120],24-26, Arcadia Avenue Fin009 London United Kingdom N3 2JU
PEAR TREE CYBER LTD,16914733,active,ltd,,,2025-12-16,,2025-12-16,[62020],124 City Road London England EC1V 2NX
BENSHALL LTD,16914738,active,ltd,,,2025-12-16,,2025-12-16,[78109, 78200, 86101, 86900],128 City Road London United Kingdom EC1V 2NX
REEF FUEL LTD,16914908,active,ltd,,,2025-12-16,,2025-12-16,[46380, 47760, 47910],5 Brayford Square London England E1 0SG
HOLISTICHARBOR PARTNERS LTD,16914891,active,ltd,,,2025-12-16,,2025-12-16,[99999],167-169 Great Portland Street London England W1W 5PF
AMY27 LTD,16914902,active,ltd,,,2025-12-16,,2025-12-16,[56103],87 Millmead Business Centre London United Kingdom N17 9QU
BREATH OF LIFEL LIMITED,16914916,active,ltd,,,2025-12-16,,2025-12-16,[87900],420 Warner Street Road London England SE5 9NA
SIMPLY VENDORS LTD,16914914,active,ltd,,,2025-12-16,,2025-12-16,[47110, 47190],20 Wenlock Road London England N1 7GU
HIQ CONTROLS LTD,16915129,active,ltd,,,2025-12-16,,2025-12-16,[46740],128 City Road London United Kingdom EC1V 2NX
DEPARTMENT B LTD,16915191,active,ltd,,,2025-12-16,,2025-12-16,[70229, 72200, 73200, 85590],128 City Road London United Kingdom EC1V 2NX
YANS DRIVING SCHOOL LTD,16915192,active,ltd,,,2025-12-16,,2025-12-16,[85530],167-169 Great Portland Street London United Kingdom W1W 5PF
BEST FOR U LTD,16915193,active,ltd,,,2025-12-16,,2025-12-16,[47610, 47710],Office 16118 182-184 High Street North London United Kingdom E6 2JA
KWEKU SOLUTIONS LTD,16915188,active,ltd,,,2025-12-16,,2025-12-16,[42110],10 Minster Walk London England N8 7JS
WYNN OUTDOOR ADVISORY LTD,16915378,active,ltd,,,2025-12-16,,2025-12-16,[70229, 73110, 74909],71-75 Shelton Street London United Kingdom WC2H 9JQ
DOTWIRE LIMITED,16915367,active,ltd,,,2025-12-16,,2025-12-16,[74100],71-75 Shelton Street London United Kingdom WC2H 9JQ
A&R CONSULTING LTD,16915366,active,ltd,,,2025-12-16,,2025-12-16,[70229],128 City Road London United Kingdom EC1V 2NX
LOKLA LTD,16915372,active,ltd,,,2025-12-16,,2025-12-16,[22290],124 City Road London United Kingdom EC1V 2NX
2H2C GROUP LTD,16915485,active,ltd,,,2025-12-16,,2025-12-16,[41202],Carlyle House 235-237 Vauxhall Bridge Road London United Kingdom SW1V 1EJ
TINYROOTS STAFFING LTD,16915542,active,ltd,,,2025-12-16,,2025-12-16,[78200],Silverstream House London England W1T 6EB
YDS OCEANIA LTD,16920906,active,ltd,,,2025-12-18,,2025-12-18,[33150],1st Floor 124 Cleveland Street London United Kingdom W1T 6PG
SAKEENA PROPERTIES LTD,16896738,active,ltd,,,2025-12-08,,2025-12-08,[68100],86-90 Paul Street London England EC2A 4NE
LOMANN WOOLS AND TEXTILES LTD,16920920,active,ltd,,,2025-12-18,,2025-12-18,[47510],18 Langham Road London England N15 3RA
THE MORNING RITUAL LTD,16920935,active,ltd,,,2025-12-18,,2025-12-18,[58190, 85590],Office 4 Second Floor, Park Lorne, 111 Park Road London United Kingdom NW8 7JL
SARAH JK HOLDINGS CO. LTD,16920976,active,ltd,,,2025-12-18,,2025-12-18,[64209],Office 4 Second Floor, Park Lorne, 111 Park Road London United Kingdom NW8 7JL
XENOVA BIOSCIENCES LTD,16920985,active,ltd,,,2025-12-18,,2025-12-18,[72110, 72190],71-75 Shelton Street London United Kingdom WC2H 9JQ
THERSCLOTHING LTD,16920995,active,ltd,,,2025-12-18,,2025-12-18,[47820],Flat 27 Barret House Benedict Road London United Kingdom SW9 0UN
GHLOBAL UK LTD,16921013,active,ltd,,,2025-12-18,,2025-12-18,[70229],3rd Floor 86-90 Paul Street London England EC2A 4NE
ZELMEE GLOBAL LTD,16921015,active,ltd,,,2025-12-18,,2025-12-18,[47910, 62090],128 City Road London United Kingdom EC1V 2NX
OLA DONE LTD,16921060,active,ltd,,,2025-12-18,,2025-12-18,[43290],16 Beatrice Close London United Kingdom E13 8DN
SOUTH EAST CONSTRUCTION CONSULTANTS LIMITED,16921070,active,ltd,,,2025-12-18,,2025-12-18,[74902],124-128 City Road London England EC1V 2NX
EVA MATERNITY SERVICES LTD,16921077,active,ltd,,,2025-12-18,,2025-12-18,[88910],95 Dowanhill Road London England SE6 1BX
KRASNIQI CARPENTRY & JOINERY LTD,16921091,active,ltd,,,2025-12-18,,2025-12-18,[43320],72b Walterton Road London England W9 3PH
AWESOM PANTRY LIMITED,16898800,active,ltd,,,2025-12-09,,2025-12-09,[47890, 47910, 56290, 82920],Flat 2 Milligan House London England N14 4FH
PRODUCT GROWTH LAB LIMITED,16921138,active,ltd,,,2025-12-18,,2025-12-18,[62020, 70229],39 Fairleads House 2 Wickford Way London England E17 6DT
RAJSS LIMITED,16912634,active,ltd,,,2025-12-15,,2025-12-15,[10612],50 Lower Clapton Road London England E5 0RN
ANCHOR TRANSPORT GROUP LIMITED,16921157,active,ltd,,,2025-12-18,,2025-12-18,[49390],71-75 Shelton Street London England WC2H 9JQ
EASYDRIVE AUTO LTD,16921169,active,ltd,,,2025-12-18,,2025-12-18,[45112],First Floor 83d London Road Romford United Kingdom RM7 9QD
EVERCRAZE LIMITED,16921165,active,ltd,,,2025-12-18,,2025-12-18,[47990],347 Portland Road London England SE25 4RA
DZLR LIMITED,16921200,active,ltd,,,2025-12-18,,2025-12-18,[73110],39 Wynndale Road London England E18 1DY
CS CLEARANCE STORE LTD,16921214,active,ltd,,,2025-12-19,,2025-12-19,[32120, 47710, 47770, 95250],21 Chapel Road London United Kingdom SE27 0TP
NAVORA CONSULTING LTD,16921212,active,ltd,,,2025-12-19,,2025-12-19,[70229],124-128 City Road London United Kingdom EC1V 2NX
MATICONE LTD,16919587,active,ltd,,,2025-12-18,,2025-12-18,[62090, 63990],Suite 3366 5 Brayford Square London England E1 0SG
ZENOR ARTIFICIAL INTELLIGENCE LTD,16921406,active,ltd,,,2025-12-19,,2025-12-19,[62012, 62020, 62090],128 City Road London United Kingdom EC1V 2NX
APT ENVIRONMENTAL SERVICES LTD,16921416,active,ltd,,,2025-12-19,,2025-12-19,[81229],167-169 Great Portland Street London England W1W 5PF
MASTERPLAN ENTERPRISES GROUP LIMITED,16921429,active,ltd,,,2025-12-19,,2025-12-19,[64209],27 Old Gloucester St London United Kingdom WC1N 3AX
QUANTUM CLOUD AI LTD,16921441,active,ltd,,,2025-12-19,,2025-12-19,[62012, 62020, 62090, 63110],128 City Road London United Kingdom EC1V 2NX
SR TRAVELS LIMITED,16921483,active,ltd,,,2025-12-19,,2025-12-19,[62012, 79110],27 St. Peter's Close London England E2 7AE
EUROPEAN TRADE LIMITED,16921478,active,ltd,,,2025-12-19,,2025-12-19,[96090],72 Halliwick Road London England N10 1AB
ROOF & DESIGN LTD,16921564,active,ltd,,,2025-12-19,,2025-12-19,[41100],Rear Of 123 Clapton Common London United Kingdom E5 9AB
WOODLEA HOMES LIMITED,16921669,active,ltd,,,2025-12-19,,2025-12-19,[68100, 68209, 68320],86-90 Paul Street London England EC2A 4NE
PRIME CHEFS LTD,16921666,active,ltd,,,2025-12-19,,2025-12-19,[96090],C/O Rodliffe Accounting Ltd Canary Wharf United Kingdom E14 5AA
QAY AUTO PARTS LIMITED,16921659,active,ltd,,,2025-12-19,,2025-12-19,[45320],20 Wenlock Road London England N1 7GU
EXPRESS GRAB AND GO LTD,16921656,active,ltd,,,2025-12-19,,2025-12-19,[45112, 45200, 49410, 49420],71-75 Shelton Street London United Kingdom WC2H 9JQ
KHAN HOME CARE COMPANY LTD,16921677,active,ltd,,,2025-12-19,,2025-12-19,[87300],71-75 Shelton Street London United Kingdom WC2H 9JQ
THE CIRCLE CLUB GLOBAL LIMITED,16921691,active,ltd,,,2025-12-19,,2025-12-19,[55100, 56210],71-75 Shelton Street London United Kingdom WC2H 9JQ
CHILLING AND WORTH LTD,16921708,active,ltd,,,2025-12-19,,2025-12-19,[68100],C/O Shears & Partners Limited, Flat 7 London United Kingdom N15 6AA
ERS VENTURES LIMITED,16921697,active,ltd,,,2025-12-19,,2025-12-19,[68100, 68209],71-75 Shelton Street London United Kingdom WC2H 9JQ
T&B LTD,16921701,active,ltd,,,2025-12-19,,2025-12-19,[56103],565 Green Lanes London England N8 0RL
GERANIUM ESTATE LTD,16906564,active,ltd,,,2025-12-12,,2025-12-12,[68100, 68209, 68310, 68320],128 City Road London United Kingdom EC1V 2NX
PAVILION WORLD LIMITED,16921725,active,ltd,,,2025-12-19,,2025-12-19,[62090, 63120, 82990, 94110],C/O Rpgcc London England EC3V 0BT
OSSORY DEVELOPMENT HOLDINGS LIMITED,16921737,active,ltd,,,2025-12-19,,2025-12-19,[64209],Level 5a Maple House London United Kingdom W1T 7NF
KONTRIBUTE HOLDINGS LTD,16921732,active,ltd,,,2025-12-19,,2025-12-19,[58290, 62020],71-75 Shelton Street London United Kingdom WC2H 9JQ
TOWN & BEACH (SW3) HOLDINGS LIMITED,16921750,active,ltd,,,2025-12-19,,2025-12-19,[64209],Level 5a Maple House London United Kingdom W1T 7NF
C PICTURES LTD,16921764,active,ltd,,,2025-12-19,,2025-12-19,[74202],45 Greyhound Road London England N17 6XP
FEAST AT STUDIOWORKS LIMITED,16921784,active,ltd,,,2025-12-19,,2025-12-19,[82990],27 Mortimer Street London United Kingdom W1T 3BL
JAZZY SLIME LIMITED,16921821,active,ltd,,,2025-12-19,,2025-12-19,[93290],167 - 169 Great Portland Street London England W1W 5PF
CHOICE PLATFORM TECHNOLOGIES LTD,16921851,active,ltd,,,2025-12-19,,2025-12-19,[62012, 62020, 62090, 63110],Flat 7 135 Highbury Hill London England N5 1TA
MADE IT OURSELVES LTD,16921849,active,ltd,,,2025-12-19,,2025-12-19,[62012],86-90 Paul Street London England EC2A 4NE
OSOI HITO LTD,16921837,active,ltd,,,2025-12-19,,2025-12-19,[59111],128 City Road London England EC1V 2NX
MOTTUS LTD,16921862,active,ltd,,,2025-12-19,,2025-12-19,[47910],71-75 Shelton Street London United Kingdom WC2H 9JQ
IG MEDIA SYSTEMS LTD,16921877,active,ltd,,,2025-12-19,,2025-12-19,[62012, 73110, 85590],71-75 Shelton Street London United Kingdom WC2H 9JQ
HUMAN CAPITAL DUE DILIGENCE LTD,16921884,active,ltd,,,2025-12-19,,2025-12-19,[62020, 70229],6 Charlton Terrace London England SE11 4DG
NOVVA GROUP II LIMITED,16921854,active,ltd,,,2025-12-19,,2025-12-19,[64209],7th Floor 50 Broadway London United Kingdom SW1H 0DB
R. MUGWAGWA CONSULTANCY LTD,16921887,active,ltd,,,2025-12-19,,2025-12-19,[84120],Flat 34 Dunnock House London England NW9 7DR
DANELUK LTD,16921921,active,ltd,,,2025-12-19,,2025-12-19,[47910],24-26 Arcadia Avenue Fin009 London United Kingdom N3 2JU
DEPLOYEX SYSTEMS LTD,16921905,active,ltd,,,2025-12-19,,2025-12-19,[43210, 46510, 61100, 63110],72 Harlinger Street London England SE18 5SZ
MCCALLUM PROPERTY INVESTMENTS LTD,16921899,active,ltd,,,2025-12-19,,2025-12-19,[68100, 68209],3rd Floor, 86-90 Paul Street London England EC2A 4NE
CHRISTIE'S TRANSPORTATION & LOGISTICS LTD,16921927,active,ltd,,,2025-12-19,,2025-12-19,[52241, 52242, 52243, 53201],71-75 Shelton Street London United Kingdom WC2H 9JQ
PRIME PROPERTY & MAINTENANCE LIMITED,16921952,active,ltd,,,2025-12-19,,2025-12-19,[81300],152 Bisson Road London England E15 2RF
DOMANTOFAS LTD,16921931,active,ltd,,,2025-12-19,,2025-12-19,[47910],24-26 Arcadia Avenue Fin009 London United Kingdom N3 2JU
AKNB CARE LTD,16921934,active,ltd,,,2025-12-19,,2025-12-19,[87900],35 Fermoy Road London England W9 3NH
SD1 LTD,16921967,active,ltd,,,2025-12-19,,2025-12-19,[96090],94-96 Seymour Place London United Kingdom W1H 1NB
ATTND LTD,16922000,active,ltd,,,2025-12-19,,2025-12-19,[62012],37 Hamilton Square London United Kingdom SE1 3SB
RYAN ADDY LTD,16922016,active,ltd,,,2025-12-19,,2025-12-19,[68320],Apartment 59 Braund Mansions London England SW11 2FY
ROSSO EMEA LIMITED,16922031,active,ltd,,,2025-12-19,,2025-12-19,[64209],10 Norwich Street London United Kingdom EC4A 1BD
SENTINEL AI ADVISORY LTD,16922010,active,ltd,,,2025-12-19,,2025-12-19,[62020],3rd Floor, 86-90 Paul Street London United Kingdom EC2A 4NE
BIM SCHOOLS LTD,16922032,active,ltd,,,2025-12-19,,2025-12-19,[70229],124 City Road London United Kingdom EC1V 2NX
CFP PROPERTY LTD,16922042,active,ltd,,,2025-12-19,,2025-12-19,[68100, 68201, 68209, 68320],41 Fenwick Road London England SE15 4HS
ASI FRESH PRODUCE LTD,16922049,active,ltd,,,2025-12-19,,2025-12-19,[46310],80 London Road Brandon England IP27 0EL
COLLINS CONSULTANTS LTD,16922065,active,ltd,,,2025-12-19,,2025-12-19,[58190],Studio 77 Mainyard Studios London England E10 6RA
ALEXANDROU HOLDINGS LTD,16922075,active,ltd,,,2025-12-19,,2025-12-19,[68201],2a Connaught Avenue London United Kingdom E4 7AA
R.T. BUIDLING UK LTD,16922080,active,ltd,,,2025-12-19,,2025-12-19,[43999],209a Stoke Newington High Street London England N16 0LH
UK EAR TRAINING LTD,16922109,active,ltd,,,2025-12-19,,2025-12-19,[85590],128 City Road London United Kingdom EC1V 2NX
HEALTHRIES LTD,16922133,active,ltd,,,2025-12-19,,2025-12-19,[85600, 86900, 87100, 88100],Unit 6 Block 3 Woolwich Church Street London England SE18 5PQ
MARIAS BLOOM STUDIO LTD,16922158,active,ltd,,,2025-12-19,,2025-12-19,[47760],128 City Road London United Kingdom EC1V 2NX
DAYTONA ROOFING LTD,16922147,active,ltd,,,2025-12-19,,2025-12-19,[43910],9 Bromley Road London England N17 0AR
ILLUMINATED BIRD LTD,16922151,active,ltd,,,2025-12-19,,2025-12-19,[86101],128 City Road London United Kingdom EC1V 2NX
LYW BIOTECH LIMITED,16922173,active,ltd,,,2025-12-19,,2025-12-19,[46450],Flat 68 Russell Court London England WC1H 0LW
SA VENTURES GROUP LTD,16922161,active,ltd,,,2025-12-19,,2025-12-19,[47910],20 Wenlock Road London England N1 7GU
LUXE DETAIL GROUP LTD,16922169,active,ltd,,,2025-12-19,,2025-12-19,[81222],100, K T Summit House London United Kingdom W5 1EZ
PANDA BEAUTY LTD,16922164,active,ltd,,,2025-12-19,,2025-12-19,[46450, 46900, 96020],128 City Road London United Kingdom EC1V 2NX
CAPITAL E U LIMITED,16922180,active,ltd,,,2025-12-19,,2025-12-19,[64999],128 City Road London United Kingdom EC1V 2NX
GOLDEN VENTURE FISHING LTD,16922203,active,ltd,,,2025-12-19,,2025-12-19,[03110],71-75 Shelton Street London United Kingdom WC2H 9JQ
143 LEANDER ROAD LIMITED,16922207,active,ltd,,,2025-12-19,,2025-12-19,[98000],143a Leander Road London United Kingdom SW2 2LP
ANDARTA HEALTH AND PERFORMANCE LTD,16922222,active,ltd,,,2025-12-19,,2025-12-19,[86220],167-169 Great Portland Street London England W1W 5PF
BOOK GURUS LTD,16922234,active,ltd,,,2025-12-19,,2025-12-19,[47910, 58290, 62012],Suite 10319 5 Brayford Square London United Kingdom E1 0SG
SMAGSSTAFETTEN LTD,16922251,active,ltd,,,2025-12-19,,2025-12-19,[56101],71-75 Shelton Street London United Kingdom WC2H 9JQ
WASHING LOADS LTD,16922258,active,ltd,,,2025-12-19,,2025-12-19,[47910, 58290, 62012],86-90 Paul Street London England EC2A 4NE
LAFLEUR LONDON LTD,16922240,active,ltd,,,2025-12-19,,2025-12-19,[96090],128 City Road London United Kingdom EC1V 2NX
AMTUTORS LTD,16922277,active,ltd,,,2025-12-19,,2025-12-19,[85590],71-75 Shelton Street London United Kingdom WC2H 9JQ
GEMSNGLITZ LTD,16922300,active,ltd,,,2025-12-19,,2025-12-19,[47770, 47910],23 Terrace Road London England E13 0LP
HHE PROPERTY INVESTMENTS LTD,16922283,active,ltd,,,2025-12-19,,2025-12-19,[68100, 68209, 68310],20 Wenlock Road London England N1 7GU
ROAK B LTD,16922294,active,ltd,,,2025-12-19,,2025-12-19,[46480, 47710, 47820, 47910],3rd Floor, 86-90 Paul Street London United Kingdom EC2A 4NE
SHREE GANESH’S PVT LTD,16922301,active,ltd,,,2025-12-19,,2025-12-19,[56102, 56103],20 Wenlock Road London England N1 7GU
ROSAMUNDE DEVELOPMENT LTD,16922316,active,ltd,,,2025-12-19,,2025-12-19,[41100],8th Floor 167 Fleet Street London United Kingdom EC4A 2EA
100 CURTAIN ROAD LIMITED,16922334,active,ltd,,,2025-12-19,,2025-12-19,[68209],33 Cavendish Square London United Kingdom W1G 0PW
LOVELY THERAPY LIMITED,16922324,active,ltd,,,2025-12-19,,2025-12-19,[86900],9 Disraeli Road London England SW15 2DR
DAVENTRY APARTMENTS LTD,16918523,active,ltd,,,2025-12-18,,2025-12-18,[68209],Flat 10, 24, Westbourne Terrace London United Kingdom W2 3UP
ROAD DEVIL LIMITED,16922376,active,ltd,,,2025-12-19,,2025-12-19,[82990],Lynton House London United Kingdom WC1H 9BQ
SKYLINE NEXUS PROPERTY MANAGEMENT LTD,16922388,active,ltd,,,2025-12-19,,2025-12-19,[68320],2nd Floor College House Ruislip, United Kingdom HA4 7AE
GRINADI LIMITED,16922408,active,ltd,,,2025-12-19,,2025-12-19,[47910],71-75 Shelton Street London United Kingdom WC2H 9JQ
NIMVERRA LTD,16922412,active,ltd,,,2025-12-19,,2025-12-19,[70229],124-128 City Road London England EC1V 2NX
DRIVE DOJO LIMITED,16922417,active,ltd,,,2025-12-19,,2025-12-19,[45112, 85530],Flat 6 Atlantic Court London England E14 2DH
NEWMANS YARD INVESTMENTS LIMITED,16922445,active,ltd,,,2025-12-19,,2025-12-19,[68100, 68201, 68209, 68320],4a Roman Road London United Kingdom E6 3RX
LMCD VENTURES LIMITED,16922444,active,ltd,,,2025-12-19,,2025-12-19,[96040],128 City Road London United Kingdom EC1V 2NX
SOUL TALENT LIMITED,16922448,active,ltd,,,2025-12-19,,2025-12-19,[78101],71-75 Shelton Street London United Kingdom WC2H 9JQ
SYLVORA DRIFTAL LTD,16922469,active,ltd,,,2025-12-19,,2025-12-19,[99999],20 Wenlock Road London England N1 7GU
TREVORA LTD,16922474,active,ltd,,,2025-12-19,,2025-12-19,[99999],20 Wenlock Road London England N1 7GU
THALYON CRESTFALL LTD,16922478,active,ltd,,,2025-12-19,,2025-12-19,[99999],20 Wenlock Road London England N1 7GU
QUANTALEAF LTD,16922466,active,ltd,,,2025-12-19,,2025-12-19,[99999],20 Wenlock Road London England N1 7GU
AELTRIX VESPER LTD,16922484,active,ltd,,,2025-12-19,,2025-12-19,[99999],20 Wenlock Road London England N1 7GU
IDS SYSTEMS LTD,16922488,active,ltd,,,2025-12-19,,2025-12-19,[62012],Office 15980 182-184 High Street North London United Kingdom E6 2JA
PRANT PROPERTY SOLUTIONS LTD,16922512,active,ltd,,,2025-12-19,,2025-12-19,[68209, 68310, 68320],20 Wenlock Road London England N1 7GU
PENHILL ROAD BEXLEY LTD,16922513,active,ltd,,,2025-12-19,,2025-12-19,[68100, 68201, 68209, 68320],20 Wenlock Road London England N1 7GU
SMAI LTD,16922515,active,ltd,,,2025-12-19,,2025-12-19,[96090],128 City Road London United Kingdom EC1V 2NX
STAYCO MANAGEMENT LTD,16922519,active,ltd,,,2025-12-19,,2025-12-19,[68320],71-75 Shelton Street London England WC2H 9JQ
SUN KISS GLOW LTD,16922505,active,ltd,,,2025-12-19,,2025-12-19,[96020],74 Barclay Road London England N18 1EQ
TMK10 LTD,16922523,active,ltd,,,2025-12-19,,2025-12-19,[49410],590 Kingston Road London England SW20 8DN
OSPREY LABS LIMITED,16922573,active,ltd,,,2025-12-19,,2025-12-19,[64209],128 City Road London United Kingdom EC1V 2NX
PLANCHA BBQ UK LTD,16922576,active,ltd,,,2025-12-19,,2025-12-19,[47910],71-75 Shelton Street London United Kingdom WC2H 9JQ
KAFER CONSTRUCTION LTD,16922748,active,ltd,,,2025-12-19,,2025-12-19,[41202],54 Horsham Avenue London England N12 9BE
HAVEN PROPERTY PARTNERS LIMITED,16922758,active,ltd,,,2025-12-19,,2025-12-19,[98000],Flat 22 Keswick House London England SE5 9NL
HOMERINDUSTRIES LTD,16922782,active,ltd,,,2025-12-19,,2025-12-19,[46190],Wood Green Hall Of Residence London United Kingdom N22 6UZ
HK CONSTRUCTION & CIVIL ENGINEERING LTD,16922775,active,ltd,,,2025-12-19,,2025-12-19,[43999],Flat 39 George Lansbury House London England N22 5PD
AY OIL INTERNATIONAL LTD,16922797,active,ltd,,,2025-12-19,,2025-12-19,[06100, 41100, 46460, 46900],71-75 Shelton Street London United Kingdom WC2H 9JQ
TITIIVI COMPANY LTD,16922788,active,ltd,,,2025-12-19,,2025-12-19,[47910, 62020],71-75 Shelton Street London United Kingdom WC2H 9JQ
BIG QUIZ LTD,16922818,active,ltd,,,2025-12-19,,2025-12-19,[93290],3rd Floor, 86-90 Paul Street London England EC2A 4NE
THE ROUNDHOUSE BANQUETING LIMITED,16922830,active,ltd,,,2025-12-19,,2025-12-19,[56210, 82302],85 Myrdle Street London United Kingdom E1 1HQ
AZURE SAILING LTD,16922844,active,ltd,,,2025-12-19,,2025-12-19,[79110],60 Cannon Street London England EC4N 6NP
IAY LTD,16922874,active,ltd,,,2025-12-19,,2025-12-19,[68209],C/O Ajn Accountants Hideaway Work Space Streatham United Kingdom SW16 2BF
SUBS STUDIOS LTD,16922864,active,ltd,,,2025-12-19,,2025-12-19,[59112, 59113, 59140, 73120],19th Floor 1 Westfield Avenue London United Kingdom E20 1HZ
BIOTECH TARGETING LTD,16922888,active,ltd,,,2025-12-19,,2025-12-19,[70229],Bmlg.02 10 Barley Mow Passage London England W4 4PH
RAY TOLD ME LTD,16922939,active,ltd,,,2025-12-19,,2025-12-19,[70229],164 London Road Reading England RG1 3PA
JERKINNAYAAD LTD,16922956,active,ltd,,,2025-12-19,,2025-12-19,[56102],22 Inverness Street London United Kingdom NW1 7HJ
GREENWAY SUPPORT LTD,16922972,active,ltd,,,2025-12-19,,2025-12-19,[78109],3rd Floor, 86-90 Paul Street London United Kingdom EC2A 4NE
NICE N NICHE LTD,16923011,active,ltd,,,2025-12-19,,2025-12-19,[45112],20 Wenlock Road London England N1 7GU
KYOO IP LIMITED,16923018,active,ltd,,,2025-12-19,,2025-12-19,[77400],71-75 Shelton Street London United Kingdom WC2H 9JQ
ELOISE LUCILLE LTD,16923004,active,ltd,,,2025-12-19,,2025-12-19,[47910],292524, Office Suite 29a, 3/F 23 Wharf Street London England SE8 3GG
GLENELG HOLDCO LTD,16907510,active,ltd,,,2025-12-12,,2025-12-12,[99999],Ropemaker Place London United Kingdom EC2Y 9HD
STURT LENDCO LTD,16907778,active,ltd,,,2025-12-12,,2025-12-12,[99999],Ropemaker Place London United Kingdom EC2Y 9HD
CHELSEA HARBOUR CAFE LIMITED,16923055,active,ltd,,,2025-12-19,,2025-12-19,[56101],Unit G6 London England SW10 0XD
BLUEBEAR ESCAPES LTD,16923064,active,ltd,,,2025-12-19,,2025-12-19,[68209],Flat 3 Dereham House London England SE4 2JZ
AMY ELIZABETH LIMITED,16923077,active,ltd,,,2025-12-19,,2025-12-19,[70229],225 Hayward Gardens London England SW15 3BU
CARPET HOUSE LONDON LTD,16923078,active,ltd,,,2025-12-19,,2025-12-19,[46470, 47530],43c Windsor Road London England E7 0QX
TINTRA WORLD LTD,16923070,active,ltd,,,2025-12-19,,2025-12-19,[85510, 93199],124-128 City Road London England EC1V 2NX
MATT ROBB ADVISORY LTD,16923074,active,ltd,,,2025-12-19,,2025-12-19,[70229, 85600],23 Compton Road London England N1 2PB
FRESH VEGETABLE & FRUITS LTD,16923116,active,ltd,,,2025-12-19,,2025-12-19,[47210],331 Barking Road London England E13 8EE
KM INTERIORS LTD,16923140,active,ltd,,,2025-12-19,,2025-12-19,[41201, 41202],44 Broadway London England E15 1XH
FOR YOUR JOURNEY LTD,16892858,active,ltd,,,2025-12-05,,2025-12-05,[74909],19 O’Neill House London England NW8 7NU
KINGS STOP LIMITED,16900138,active,ltd,,,2025-12-09,,2025-12-09,[47110, 47250, 47260, 47290],66 Caledonian Road London England N1 9DP
DEAL STREET LTD,16923173,active,ltd,,,2025-12-19,,2025-12-19,[47910],195 Wood Street London England E17 3NU
EXOELITE LTD,16923196,active,ltd,,,2025-12-20,,2025-12-20,[14190, 32300, 47910],71-75 Shelton Street London England WC2H 9JQ
KATAREFE LIMITED,16923205,active,ltd,,,2025-12-20,,2025-12-20,[96020],Flat 3 23 Woodfield Road London England W9 2BA
EXPLOREA TRAVEL LTD,16923219,active,ltd,,,2025-12-20,,2025-12-20,[79110],43 Bedford Road London United Kingdom W13 0SP
ISATRAD PROPERTIES LTD,16923529,active,ltd,,,2025-12-20,,2025-12-20,[68209, 68320],167-169 Great Portland Street London United Kingdom W1W 5PF
SMASH DADDY LTD,16923534,active,ltd,,,2025-12-20,,2025-12-20,[46420],101a Sinclair Road London England W14 0NP
CFXD ADVISORY LIMITED,16923539,active,ltd,,,2025-12-20,,2025-12-20,[82990],27 Myatts Fields South London England SW9 6NT
LOST IN LONDON DOCUMENTARY LTD,16923548,active,ltd,,,2025-12-20,,2025-12-20,[59111],Maple House 149 Tottenham Court Road London England W1T 7NF
USK VALE LANDSCAPES LTD,16923561,active,ltd,,,2025-12-20,,2025-12-20,[41202, 43390],3rd Floor, 86-90 Paul Street London England EC2A 4NE
PETSO LTD,16923707,active,ltd,,,2025-12-20,,2025-12-20,[62090],71 Woolwich New Road London England SE18 6ED
MANSTKER LIMITED,16923712,active,ltd,,,2025-12-20,,2025-12-20,[47910],292331 Office Suite 29a, 3/F 23 Wharf Street London England SE8 3GG
TOTAL BUILDS LONDON LIMITED,16923764,active,ltd,,,2025-12-20,,2025-12-20,[41202],20 Somerset Road London England E17 8QW
MUDDY DESIGNS LTD,16923809,active,ltd,,,2025-12-20,,2025-12-20,[41100],3rd Floor, 86-90 Paul Street London England EC2A 4NE
BUYEVAXO LTD,16923827,active,ltd,,,2025-12-20,,2025-12-20,[47910],167-169 Great Portland Street London England W1W 5PF
JKAMAU HOLDINGS LTD,16923842,active,ltd,,,2025-12-20,,2025-12-20,[64209, 64303],66 Hameway London England E6 6HR
SERAPHYNA BEAUTY HUB LTD,16923869,active,ltd,,,2025-12-21,,2025-12-21,[96020],137 Plumstead High Street London England SE18 1SE
PEITHO LIMITED,16924024,active,ltd,,,2025-12-21,,2025-12-21,[70221],Flat 40 Platt Halls C London England NW9 5JB
ODYSIUM LTD,16923881,active,ltd,,,2025-12-21,,2025-12-21,[85600],Goldsmid House London England SW1V 1HU
ST JAMES SUTTON SUB LTD,16930474,active,ltd,,,2025-12-24,,2025-12-24,[68100],C/O 32 Castlewood Road London England N16 6DW
GARDEN SENSES LTD,16930462,active,ltd,,,2025-12-24,,2025-12-24,[47750],5 Brayford Square London United Kingdom E1 0SG
THE MIDLANDS GERIATRICIANS CLINIC LTD,16930520,active,ltd,,,2025-12-24,,2025-12-24,[86210, 86220],71-75 Shelton Street London United Kingdom WC2H 9JQ
ZADDS LTD,16930524,active,ltd,,,2025-12-24,,2025-12-24,[45112],128 City Road London United Kingdom EC1V 2NX
DUBAI DEVELOPMENTS LTD,16930541,active,ltd,,,2025-12-24,,2025-12-24,[62020, 68310],128 City Road London United Kingdom EC1V 2NX
EVERRISE ENTERPRISES LTD,16930544,active,ltd,,,2025-12-24,,2025-12-24,[99999],20 Wenlock Road London England N1 7GU
TESSERACT CAPITAL MANAGEMENT LTD,16930552,active,ltd,,,2025-12-24,,2025-12-24,[64304],20 Wenlock Road London England N1 7GU
BAVARIA HOLDCO LIMITED,16930555,active,ltd,,,2025-12-24,,2025-12-24,[64203],4 Olympic Mews London England SW18 2AA
THE BUILDING CONSULTING LTD,16930580,active,ltd,,,2025-12-24,,2025-12-24,[69203],International House London United Kingdom E16 2DQ
FRANKLIN CONTRACTORS CO LTD,16930647,active,ltd,,,2025-12-24,,2025-12-24,[41100, 41201],71-75 Shelton Street London United Kingdom WC2H 9JQ
BD ROWPLATT LANE 2 LTD,16912603,active,ltd,,,2025-12-15,,2025-12-15,[68209],Lynton House London United Kingdom WC1H 9BQ
ANGELA HILL LIMITED,16930679,active,ltd,,,2025-12-24,,2025-12-24,[74202],101 Wardour Street London United Kingdom W1F 0UG
MICHAEL MENDY LTD,16930682,active,ltd,,,2025-12-24,,2025-12-24,[93199],61 High Road London England NW10 2SU
VANDANA LTD,16930696,active,ltd,,,2025-12-24,,2025-12-24,[13990],13 Boyes Crescent St Albans United Kingdom AL2 1UB
ETIHAD FALCON LTD,16930719,active,ltd,,,2025-12-24,,2025-12-24,[47540, 47910],Office 16254 182-184 High Street North London United Kingdom E6 2JA
CANTLOSEFITNESS LTD,16930741,active,ltd,,,2025-12-24,,2025-12-24,[93130, 93199],20 Woodhill London United Kingdom SE18 5HL
OAKFARM INVESTMENTS LTD,16930742,active,ltd,,,2025-12-24,,2025-12-24,[64209],242 London Road Rugby England CV23 9JA
KOSE HOLDINGS LIMITED,16930798,active,ltd,,,2025-12-24,,2025-12-24,[68100, 68209],22 Sunset Avenue London England E4 7LW
PART LUCK LIMITED,16930786,active,ltd,,,2025-12-24,,2025-12-24,[47910],292566, Office Suite 29a, 3/F 23 Wharf Street London England SE8 3GG
SAVANNAH MERCHANT LIMITED,16930859,active,ltd,,,2025-12-24,,2025-12-24,[47910],51 Hillside Road London United Kingdom N15 6LU
GAP2GREAT LTD,16930898,active,ltd,,,2025-12-24,,2025-12-24,[78200, 81299, 85600, 90020],21 Davern Close London England SE10 0HP
MANANA LTD,16930983,active,ltd,,,2025-12-24,,2025-12-24,[55900, 56101, 56103, 56302],2nd Floor College House Ruislip, United Kingdom HA4 7AE
GROW WALA LTD,16930987,active,ltd,,,2025-12-24,,2025-12-24,[47190],2nd Floor College House Ruislip, United Kingdom HA4 7AE
DFL NEURODIVERSITY LTD,16931013,active,ltd,,,2025-12-24,,2025-12-24,[86220, 86900],71-75 Shelton Street London United Kingdom WC2H 9JQ
FRAMELY LTD,16931017,active,ltd,,,2025-12-24,,2025-12-24,[96090],71-75 Shelton Street London United Kingdom WC2H 9JQ
RIZVAN AND RAHAN LIMITED,16931001,active,ltd,,,2025-12-24,,2025-12-24,[56102],Ashley House Haringey United Kingdom N22 8HF
KELLY GEMS GLOBAL LIMITED,16931003,active,ltd,,,2025-12-24,,2025-12-24,[64209],12 Margaret Street London England W1W 8JQ
AK PROPERTY & ESTATES LIMITED,16930995,active,ltd,,,2025-12-24,,2025-12-24,[68209],147 Station Road North Chingford London United Kingdom E4 6AG
STSA PRODUCTIONS LTD,16931008,active,ltd,,,2025-12-24,,2025-12-24,[59111],20b High Street London England E15 2PP
BRAND EMPIRE MARKETING LTD,16931094,active,ltd,,,2025-12-24,,2025-12-24,[47910, 74100],Carlyle House 235-237 Vauxhall Bridge Road London United Kingdom SW1V 1EJ
MURAT&GÖKHAN LTD,16931078,active,ltd,,,2025-12-24,,2025-12-24,[68209, 68310],71-75 Shelton Street London United Kingdom WC2H 9JQ
B AND S ARMSTRONG LTD,16931140,active,ltd,,,2025-12-24,,2025-12-24,[68209],71-75 Shelton Street London United Kingdom WC2H 9JQ
SNORING NORAZZZ LIMITED,16931152,active,ltd,,,2025-12-24,,2025-12-24,[68100, 68209, 68320],71-75 Shelton Street London United Kingdom WC2H 9JQ
AXII ANALYTICS UK LTD,16931145,active,ltd,,,2025-12-24,,2025-12-24,[62020, 62030, 62090],275 New N Rd #3110 London United Kingdom N1 7AA
PEAKS & PICNICS LTD,16931146,active,ltd,,,2025-12-24,,2025-12-24,[47910],128 City Road London United Kingdom EC1V 2NX
2ND CHAMBER CONSULT LTD,16931322,active,ltd,,,2025-12-24,,2025-12-24,[94110, 96090],128 City Road London United Kingdom EC1V 2NX
IADM LTD,16931324,active,ltd,,,2025-12-24,,2025-12-24,[85590, 85600],Suite10 Capital House London United Kingdom E8 1LL
VOLASTNA LTD,16931317,active,ltd,,,2025-12-24,,2025-12-24,[81210, 81221],128 City Road London United Kingdom EC1V 2NX
LEMOTY TRADING LTD,16931304,active,ltd,,,2025-12-24,,2025-12-24,[47910],First Floor Office London United Kingdom W8 4LZ
WIZARD APPS LTD,16931325,active,ltd,,,2025-12-24,,2025-12-24,[62012],124-128 City Road London England EC1V 2NX
ITHAA LIMITED,16931393,active,ltd,,,2025-12-24,,2025-12-24,[62020],Flat 77 Chiswick Green Studios London England W4 5BW
HUELVA LTD,16931412,active,ltd,,,2025-12-24,,2025-12-24,[73110],20 Wenlock Road London England N1 7GU
LIVEMORE 3 LTD,16931455,active,ltd,,,2025-12-24,,2025-12-24,[68209],5 North End Road London England NW11 7RJ
ANCHOR ALEWORKS LIMITED,16931473,active,ltd,,,2025-12-24,,2025-12-24,[56302],128 City Road London United Kingdom EC1V 2NX
MAHSIN LTD,16931536,active,ltd,,,2025-12-24,,2025-12-24,[68100, 68209],227 Warren House London United Kingdom W14 8TR
PARKERS' RISK AND UNCERTAINTY MANAGEMENT LIMITED,16931538,active,ltd,,,2025-12-24,,2025-12-24,[74909],15 Camberwell Grove London United Kingdom SE5 8JA
PADEL AND SNOOKER LTD,16931557,active,ltd,,,2025-12-24,,2025-12-24,[56102, 93110],52 Leytonstone Road London England E15 1SQ
OFF THE GRID BEAUTY STUDIO LTD,16931574,active,ltd,,,2025-12-24,,2025-12-24,[96020],Flat 12 Stirling Court London England WC2E 7NU
