company_name,company_number,company_status,company_type,company_subtype,dissolution_date,incorporation_date,removed_date,registered_date,nature_of_business,registered_office_address
SAKIA LTD,16222823,active,ltd,,,2025-02-01,,2025-02-01,[56290],72 Clovelly Way London England E1 0SF
JM CMT LTD,16222851,active,ltd,,,2025-02-01,,2025-02-01,[45190],167-169 Great Portland Street London England W1W 5PF
ATP INVESTMENTS LTD,16223593,active,ltd,,,2025-02-03,,2025-02-03,[68209],1 Kings Avenue London United Kingdom N21 3NA
MEDIEVALSWAY LTD,16224037,active,ltd,,,2025-02-03,,2025-02-03,[47789, 90030],85 Great Portland Street London United Kingdom W1W 7LT
MORDUM LIMITED,16224071,active,ltd,,,2025-02-03,,2025-02-03,[74909],52 Frederick Street Flat D London England WC1X 0ND
HARBOUR & DOWNS LTD,16224084,active,ltd,,,2025-02-03,,2025-02-03,[43330],23a London Road Waterlooville England PO7 7DT
KOUTS KOUTURE LTD,16224060,active,ltd,,,2025-02-03,,2025-02-03,[74100],24 Westbury Road London England N11 2BY
C FOSTER SURVEYING LTD,16224247,active,ltd,,,2025-02-03,,2025-02-03,[74909],15, No 2 Grove Place London United Kingdom SE9 5AL
LASA LIMITED,16224414,active,ltd,,,2025-02-03,,2025-02-03,[68209],Zaj Associates 41-A Mill Lane London United Kingdom NW6 1NB
THE SLEEP HEALTH TECH CONSULTANCY LTD,16224509,active,ltd,,,2025-02-03,,2025-02-03,[74909],128 City Road London United Kingdom EC1V 2NX
APT AG-06 BRIDGEWATER WHARF LIMITED,16224528,active,ltd,,,2025-02-03,,2025-02-03,[68100, 68209, 68320, 71129],Apartment 11.03 Otto Building Downs Road London England E5 8DE
PREMIER AUTO GROUP LTD,16224521,active,ltd,,,2025-02-03,,2025-02-03,[45200, 77110, 96090],12 Crow Lane Romford United Kingdom RM7 0GW
INK PRINTS & CO LIMITED,16224501,active,ltd,,,2025-02-03,,2025-02-03,[46420],Flat 1206 10 Lighthouse View London England SE10 0YF
FR FREEHOLD LIMITED,16224887,active,ltd,,,2025-02-03,,2025-02-03,[68209],237 Regents Park Road London United Kingdom N3 3LF
SMART FIRE DOOR SYSTEMS LTD,16224975,active,ltd,,,2025-02-03,,2025-02-03,[84250],Flat 5 Steeplemount House Enfield United Kingdom EN2 6SB
SWIFTY SELLS LTD,16224946,active,ltd,,,2025-02-03,,2025-02-03,[47910],3rd Floor, 86-90 Paul Street London United Kingdom EC2A 4NE
THE HOUSE OF SHELDON LIMITED,16225111,active,ltd,,,2025-02-03,,2025-02-03,[93290],Flat 5 Sheldon Court London England SW8 2BE
TINY EXPLORERS STORE LTD,16225246,active,ltd,,,2025-02-03,,2025-02-03,[47789],3rd Floor, 86-90 Paul Street London United Kingdom EC2A 4NE
DCNOLO LIMITED,16225535,active,ltd,,,2025-02-03,,2025-02-03,[56302],Queens Head London United Kingdom E15 4PH
ECOEX HEATING SOLUTIONS LTD,16225487,active,ltd,,,2025-02-03,,2025-02-03,[43220, 43290, 43390, 99999],128 City Road London United Kingdom EC1V 2NX
CODECRAFTERS SOLUTIONS LTD,16225521,active,ltd,,,2025-02-03,,2025-02-03,[62020, 62090],71-75 Shelton Street London United Kingdom WC2H 9JQ
VASSALLO DEVELOPMENTS LTD,16225510,active,ltd,,,2025-02-03,,2025-02-03,[41100, 71111, 74902],1 Pennyfields London England E14 8HP
JAYS HARVEST LIMITED,16225478,active,ltd,,,2025-02-03,,2025-02-03,[56103, 56290],Unit A3, Gateway Tower London United Kingdom E16 1YL
SAMMY SUPPLY UK LIMITED,16225769,active,ltd,,,2025-02-03,,2025-02-03,[47620, 47710, 47910, 47990],71-75 Shelton Street London United Kingdom WC2H 9JQ
ACTUS RECRUITMENT GROUP LTD,16226014,active,ltd,,,2025-02-03,,2025-02-03,[78109],27 Old Gloucester Street London United Kingdom WC1N 3AX
SJPCSPECIALIST LTD,16226008,active,ltd,,,2025-02-03,,2025-02-03,[81291],3rd Floor, 86-90 Paul Street London England EC2A 4NE
GIPSY HOUSE TRUSTEES TWO LIMITED,16226038,active,ltd,,,2025-02-03,,2025-02-03,[70100],5 New Street Square London United Kingdom EC4A 3TW
OSHIKA LIMITED,16226005,active,ltd,,,2025-02-03,,2025-02-03,[82990],128 City Road London United Kingdom EC1V 2NX
ZOHA.CAFE LTD,16226374,active,ltd,,,2025-02-03,,2025-02-03,[56102],8 Clock House Parade London England N13 6BG
XEETAH TECHNOLOGIES LIMITED,16226518,active,ltd,,,2025-02-03,,2025-02-03,[26200, 62012],114 Morton Way London England N14 7AJ
CBS-M-HUB LTD,16226528,active,ltd,,,2025-02-03,,2025-02-03,[68100, 68209, 68320],Crown House, London United Kingdom WC1N 3AX
TZENZNET AD01 LIMITED,16226794,active,ltd,,,2025-02-03,,2025-02-03,[68100],Flat C London England N16 5EP
FLORA LOGISTICS AND TRANSPORT LTD,16222745,active,ltd,,,2025-02-01,,2025-02-01,[49410],37 Hedge Lane London England N13 5SJ
ZISUPPLIERS LTD,16222776,active,ltd,,,2025-02-01,,2025-02-01,[47910],9 Melbourne Road London England E17 6LR
CJL THE TRIAL LTD,16222800,active,ltd,,,2025-02-01,,2025-02-01,[59111],17 Ashlake Road London England SW16 2BB
PROVIDENT CARE LTD,16222887,active,ltd,,,2025-02-01,,2025-02-01,[86230],25 Upper Wimpole Street London England W1G 6NF
JUMUI LTD,16222935,active,ltd,,,2025-02-01,,2025-02-01,[68209],443 Battersea Park Road London England SW11 4LR
PEBBLEDUST GAMES LTD,16223119,active,ltd,,,2025-02-02,,2025-02-02,[58210, 59112, 62011, 90030],3rd Floor, 86-90 Paul Street London United Kingdom EC2A 4NE
ALMOSTOVER LIMITED,16223537,active,ltd,,,2025-02-02,,2025-02-02,[74100],3rd Floor, 86-90 Paul Street London United Kingdom EC2A 4NE
TENX STRATEGY LTD,16223788,active,ltd,,,2025-02-03,,2025-02-03,[70229],3rd Floor, Vyman House Harrow United Kingdom HA1 1BQ
ACB COMMERCE LTD,16223770,active,ltd,,,2025-02-03,,2025-02-03,[47910],124 City  Road London United Kingdom EC1V 2NX
DIFINE CLINIC LTD,16224698,active,ltd,,,2025-02-03,,2025-02-03,[86220, 86900, 96020],274 Plumstead High Street London United Kingdom SE18 1JN
W19S DIRECTORS LIMITED,16224697,active,ltd,,,2025-02-03,,2025-02-03,[74990],4th Floor London England W1S 4AW
FOR THE CAUSE LTD,16224707,active,ltd,,,2025-02-03,,2025-02-03,[47710],20 Wenlock Road London England N1 7GU
THE DASHH PROPERTY COLLECTIVE LTD,16224673,active,ltd,,,2025-02-03,,2025-02-03,[85590],20 Wenlock Road London England N1 7GU
VERTALUX LTD,16224663,active,ltd,,,2025-02-03,,2025-02-03,[47910],3rd Floor, 86-90 Paul Street London United Kingdom EC2A 4NE
POWER HOUSE ELITE GYM LTD,16224923,active,ltd,,,2025-02-03,,2025-02-03,[93130],4 Ropewalk Gardens London England E1 1PJ
INFLUX DATA LTD,16225160,active,ltd,,,2025-02-03,,2025-02-03,[62012],20 Wenlock Road London England N1 7GU
BC 28 LIMITED,16225150,active,ltd,,,2025-02-03,,2025-02-03,[41100],46 Rothesay Avenue London England SW20 8JU
INEJ LONDON LTD,16225140,active,ltd,,,2025-02-03,,2025-02-03,[47910, 47990, 85590],128 City Road London United Kingdom EC1V 2NX
SI SNAPS MEDIA LTD,16225355,active,ltd,,,2025-02-03,,2025-02-03,[74202, 82990],128 City Road London United Kingdom EC1V 2NX
LEPETITBOUCHON LTD,16225327,active,ltd,,,2025-02-03,,2025-02-03,[47250],33c Cranwich Road London United Kingdom N16 5HZ
TECHZYRA SOFTWARE LTD,16225671,active,ltd,,,2025-02-03,,2025-02-03,[62020],71-75 Shelton Street London United Kingdom WC2H 9JQ
SORLEY LTD,16225667,active,ltd,,,2025-02-03,,2025-02-03,[41100, 41202, 43330, 43390],71-75 Shelton Street London United Kingdom WC2H 9JQ
MY CHAI LTD,16225647,active,ltd,,,2025-02-03,,2025-02-03,[56102],20 Wenlock Road London England N1 7GU
ELEVAITE AI LTD,16225620,active,ltd,,,2025-02-03,,2025-02-03,[62020],Flat 505 Windward Court 5 Gallions Road London England E16 2FD
TNT VENTURES LTD,16225626,active,ltd,,,2025-02-03,,2025-02-03,[47910],167-169 Great Portland Street 5th Floor London England W1W 5PF
THE SOUP LAB LTD,16225624,active,ltd,,,2025-02-03,,2025-02-03,[10890],8 Arlington London United Kingdom N12 7JR
VENDIBLE PRIME LTD,16225610,active,ltd,,,2025-02-03,,2025-02-03,[47910],71-75 Shelton Street London United Kingdom WC2H 9JQ
ADON HAKOL ESTATES LIMITED,16225644,active,ltd,,,2025-02-03,,2025-02-03,[64209],179 Kyverdale Road London England N16 6PS
ORSI HOLDINGS LIMITED,16225864,active,ltd,,,2025-02-03,,2025-02-03,[68320],115a Brunswick Park Road London United Kingdom N11 1EA
LOTUS INFORMATION TECHNOLOGIES LTD,16225859,active,ltd,,,2025-02-03,,2025-02-03,[62012, 62090, 63110, 66190],71-75 Shelton Street London United Kingdom WC2H 9JQ
WSC INVESTISSEMENT LIMITED,16225855,active,ltd,,,2025-02-03,,2025-02-03,[96090],71-75 Shelton Street London United Kingdom WC2H 9JQ
STYLE MOGULS LTD,16226365,active,ltd,,,2025-02-03,,2025-02-03,[62020, 70229],71-75 Shelton Street London United Kingdom WC2H 9JQ
SAINT ERVANS FLAT MANAGEMENT LTD,16226362,active,ltd,,,2025-02-03,,2025-02-03,[98000],71-75 Shelton Street London United Kingdom WC2H 9JQ
GALAXY BACKLINKS LTD,16226600,active,ltd,,,2025-02-03,,2025-02-03,[47990],483 Green Lanes London England N13 4BS
ARCOSAGE LTD,16226761,active,ltd,,,2025-02-03,,2025-02-03,[82990],44 Woodberry Grove London England N4 1SN
NETCOS PROPERTIES LIMITED,16222755,active,ltd,,,2025-02-01,,2025-02-01,[68100, 68209],77 Goldfinch Road London England SE28 0DG
ROMAINE BD LTD,16222790,active,ltd,,,2025-02-01,,2025-02-01,[47190],124 Essex Road London England E10 6BS
YIZHAN TRAVEL LIMITED,16223415,active,ltd,,,2025-02-02,,2025-02-02,[79110, 79120, 79901],Flat 73 Lockside House London England SW6 2XB
MARGUS HEALTHCARE LTD,16223603,active,ltd,,,2025-02-03,,2025-02-03,[86900],42 Pollard Close London United Kingdom N7 9SX
WHEALTH.AI LTD,16223701,active,ltd,,,2025-02-03,,2025-02-03,[62020],128 City Road London United Kingdom EC1V 2NX
HUGHES S CONSULTING LTD,16223712,active,ltd,,,2025-02-03,,2025-02-03,[70229],71-75 Shelton Street London United Kingdom WC2H 9JQ
FLEET LONDON PROPERTIES LIMITED,16223875,active,ltd,,,2025-02-03,,2025-02-03,[68209],Flat 2 8 Sloane Street London United Kingdom SW1X 9LE
UNIFIED HEALTHCARE LTD,16223889,active,ltd,,,2025-02-03,,2025-02-03,[87200],20 Wenlock Road London England N1 7GU
SUMT SERVICES LTD,16224022,active,ltd,,,2025-02-03,,2025-02-03,[70229],20 Wenlock Road London England N1 7GU
IRONCLAD DEVELOPMENTS LONDON LTD,16224192,active,ltd,,,2025-02-03,,2025-02-03,[41100, 41202],128 City Road London United Kingdom EC1V 2NX
TOP ECOM BRANDS LTD,16224194,active,ltd,,,2025-02-03,,2025-02-03,[47910],128 City Road London United Kingdom EC1V 2NX
THE THING ABOUT LTD,16224436,active,ltd,,,2025-02-03,,2025-02-03,[85510, 85600],128 City Road London United Kingdom EC1V 2NX
16VC LIMITED,16224768,active,ltd,,,2025-02-03,,2025-02-03,[64303],Wework Aviation House London United Kingdom WC2B 6NH
THE PARTY FORMULA LIMITED,16224767,active,ltd,,,2025-02-03,,2025-02-03,[47910],8 Weymouth Mews London England W1G 7EA
RABX PLOT 24B JV LIMITED,16224756,active,ltd,,,2025-02-03,,2025-02-03,[41100],4 Stable Street London United Kingdom N1C 4AB
COMPASS TRADE LTD,16224785,active,ltd,,,2025-02-03,,2025-02-03,[64306],30 Norman Road London England SE10 9QX
PROPNRI UK LTD,16224783,active,ltd,,,2025-02-03,,2025-02-03,[68310, 70229],20 Wenlock Road London England N1 7GU
L.A.B BUILD LTD,16224744,active,ltd,,,2025-02-03,,2025-02-03,[41202],20 Wenlock Road London England N1 7GU
MGM ORTHOPAEDIC SOLUTIONS LTD,16224740,active,ltd,,,2025-02-03,,2025-02-03,[86220],20 Wenlock Road London England N1 7GU
MANAGING THE LINE LTD,16224991,active,ltd,,,2025-02-03,,2025-02-03,[62012],Flat 2 19 Essendine Road London United Kingdom W9 2LT
VAANAN PROPERTIES LTD,16225199,active,ltd,,,2025-02-03,,2025-02-03,[68100, 68209],21 Bonar Place Chislehurst United Kingdom BR7 5RJ
SEVEN AM STUDIOS LTD,16225197,active,ltd,,,2025-02-03,,2025-02-03,[74202],3rd Floor, 86-90 Paul Street London United Kingdom EC2A 4NE
AUREUS PROPERTY DEVELOPMENTS LTD,16225445,active,ltd,,,2025-02-03,,2025-02-03,[68100, 68209],20 Wenlock Road London England N1 7GU
YSOLOMON LTD,16225448,active,ltd,,,2025-02-03,,2025-02-03,[23610],Flat 9 Bernard Shaw Court London England NW1 9NG
VENTURES BSD LIMITED,16225447,active,ltd,,,2025-02-03,,2025-02-03,[68209],5 Portland Avenue London England N16 6HA
JMI VITAL LTD,16225414,active,ltd,,,2025-02-03,,2025-02-03,[46460, 86900],167-169 Great Portland Street London England W1W 5PF
SANDY EDUCORE LTD,16225418,active,ltd,,,2025-02-03,,2025-02-03,[82990],71-75 Shelton Street London England WC2H 9JQ
AMASTRID PROPERTY LTD,16225420,active,ltd,,,2025-02-03,,2025-02-03,[68209],C/O Getground London England W6 0NB
CHELSEA CHESS LTD,16225702,active,ltd,,,2025-02-03,,2025-02-03,[85510],71-75 Shelton Street London United Kingdom WC2H 9JQ
ASTERISK DIGITAL LIMITED,16225687,active,ltd,,,2025-02-03,,2025-02-03,[58290, 63110, 74100],128 City Road London United Kingdom EC1V 2NX
JR X VENTURES LTD,16225720,active,ltd,,,2025-02-03,,2025-02-03,[70229],71-75 Shelton Street London United Kingdom WC2H 9JQ
TECHNAUTIC CO LTD,16225704,active,ltd,,,2025-02-03,,2025-02-03,[99999],Third Floor London England W1B 3HH
JDE COLDROOM SERVICES LTD,16225989,active,ltd,,,2025-02-03,,2025-02-03,[43290],2nd Floor College House Ruislip, United Kingdom HA4 7AE
DOMUS REALTY LTD,16226166,active,ltd,,,2025-02-03,,2025-02-03,[68100, 68310],20 Wenlock Road London England N1 7GU
A & N GLOBAL LIMITED,16226141,active,ltd,,,2025-02-03,,2025-02-03,[47910],180 London Road Romford England RM7 9EU
OPERO HOSPITALITY LTD,16226139,active,ltd,,,2025-02-03,,2025-02-03,[82990],7 Bell Yard London England WC2A 2JR
STACKED GAMING LIMITED,16226487,active,ltd,,,2025-02-03,,2025-02-03,[62012],4th Floor 100 Fenchurch Street London United Kingdom EC3M 5JD
MESSIAH COMPLEX LTD,16226563,active,ltd,,,2025-02-03,,2025-02-03,[73110],3rd Floor, 86-90 Paul Street London United Kingdom EC2A 4NE
SNAPSHAB LTD,16222944,active,ltd,,,2025-02-01,,2025-02-01,[47910],25 Silkfield Road London England NW9 6QU
MULTI ECOGREEN LTD,16223137,active,ltd,,,2025-02-02,,2025-02-02,[68100, 68209, 68320],21 Porcupine Close London England SE9 3AE
ASA MEDICAL CONSULTANTS LIMITED,16223395,active,ltd,,,2025-02-02,,2025-02-02,[86220],23 Cowper Road London England N14 5RR
DOG DATE LTD,16223409,active,ltd,,,2025-02-02,,2025-02-02,[63120],2 Portsdown Avenue London England NW11 0NB
MQ CAR GLASS LTD,16223406,active,ltd,,,2025-02-02,,2025-02-02,[45200],93 Glebelands Close London England N12 0AL
POP BELLY LIMITED,16223445,active,ltd,,,2025-02-02,,2025-02-02,[10840, 47190],4 Factory Road London England E16 2HB
RIORSON REAL ESTATE MANAGEMENT LIMITED,16223486,active,ltd,,,2025-02-02,,2025-02-02,[68209, 68320],37 Colwood Gardens London England SW19 2DS
MISO INN LTD,16223661,active,ltd,,,2025-02-03,,2025-02-03,[55100],71-75 Shelton Street London United Kingdom WC2H 9JQ
SAYER CLINICS (LONDON) LTD,16223814,active,ltd,,,2025-02-03,,2025-02-03,[86900],Third Floor Lister House London England W1G 9ST
IAN STEWART PLUMBING LTD,16223820,active,ltd,,,2025-02-03,,2025-02-03,[43220],20 Wenlock Road London England N1 7GU
STYLE RESOURCE LTD,16223938,active,ltd,,,2025-02-03,,2025-02-03,[47910],12 Barfield Road London England E11 3AF
AURORA TRAVELLING LTD,16224110,active,ltd,,,2025-02-03,,2025-02-03,[79110],Suite Ra01 195-197 Wood Street London United Kingdom E17 3NU
WELL EAT CAFE LTD,16224283,active,ltd,,,2025-02-03,,2025-02-03,[56102],32 Willoughby Road London United Kingdom N8 0JG
WHITE ACACIA LTD,16224538,active,ltd,,,2025-02-03,,2025-02-03,[69201, 70229],Flat 5 15 Exchange Gardens London England SW8 1BQ
MOXY MUZIK LIMITED,16224563,active,ltd,,,2025-02-03,,2025-02-03,[59200],Flat 5 Ferrymans Quay London England SW6 2UT
AIREDECOR LTD,16224830,active,ltd,,,2025-02-03,,2025-02-03,[93290],204 Martingale House London United Kingdom E1W 3QA
BFD CONSULTING GROUP LIMITED,16225098,active,ltd,,,2025-02-03,,2025-02-03,[70229],31 Gosberton Road London England SW12 8LE
SCORPIOMEDIA LTD,16225071,active,ltd,,,2025-02-03,,2025-02-03,[59112, 77291],25 Tovy House London United Kingdom SE1 5EY
BEYOND IMAGINATION PM LTD,16225308,active,ltd,,,2025-02-03,,2025-02-03,[68320],Flat 5 38 Frognal London United Kingdom NW3 6AG
TIO IT LIMITED,16225582,active,ltd,,,2025-02-03,,2025-02-03,[62020],71-75 Shelton Street London United Kingdom WC2H 9JQ
ACHIEVE PROPERTY SOURCING LTD,16225810,active,ltd,,,2025-02-03,,2025-02-03,[68310],128 City Road London United Kingdom EC1V 2NX
W21S DIRECTORS LIMITED,16225822,active,ltd,,,2025-02-03,,2025-02-03,[74990],4th Floor London England W1S 4AW
HERBYTE LTD,16225798,active,ltd,,,2025-02-03,,2025-02-03,[58290, 62012, 62020],71-75 Shelton Street London United Kingdom WC2H 9JQ
HEXASEC LTD,16225807,active,ltd,,,2025-02-03,,2025-02-03,[62012, 62090, 72190, 80200],71-75 Shelton Street London United Kingdom WC2H 9JQ
JFB'S SYCAMORE SEEDS LIMITED,16226083,active,ltd,,,2025-02-03,,2025-02-03,[47760],Flat 902 Birch House 1 Pegler Square London England SE3 9GL
PROJECT IHF LIMITED,16226064,active,ltd,,,2025-02-03,,2025-02-03,[96090],237 Regents Park Road London England N3 3LF
GHUFRAN LTD,16226043,active,ltd,,,2025-02-03,,2025-02-03,[68100],18 Monroe House London United Kingdom NW8 7JN
ME BETTER LTD,16226253,active,ltd,,,2025-02-03,,2025-02-03,[56101, 56102, 56103, 56290],2nd Floor College House Ruislip, United Kingdom HA4 7AE
J BROWN ENTERPRISES LTD,16226447,active,ltd,,,2025-02-03,,2025-02-03,[46900, 47910],3rd Floor, 86-90 Paul Street London United Kingdom EC2A 4NE
HOLLAND CONSULTING LIMITED,16226429,active,ltd,,,2025-02-03,,2025-02-03,[70229],64 Boundaries Road London England SW12 8HQ
MORULA LTD,16226425,active,ltd,,,2025-02-03,,2025-02-03,[86220, 86900],860-862 Garratt Lane London United Kingdom SW17 0NB
DAEMON LABS LTD,16226777,active,ltd,,,2025-02-03,,2025-02-03,[62020],3rd Floor, 86-90 Paul Street London United Kingdom EC2A 4NE
WHAT IF PLAYGROUND LTD,16222908,active,ltd,,,2025-02-01,,2025-02-01,[70229, 74909, 85590, 86900],Flat 58 Charing Cross Mansions London England WC2H 0DH
BIGTREE TV LTD,16223680,active,ltd,,,2025-02-03,,2025-02-03,[60200],79 Essex Road London England N1 2SF
BC HANBURY LIMITED,16223860,active,ltd,,,2025-02-03,,2025-02-03,[64209],Seymour Mews House 26-37 Seymour Mews London England W1H 6BN
SAUBERN LIMITED,16223847,active,ltd,,,2025-02-03,,2025-02-03,[81229],3rd Floor, 86-90 Paul Street London United Kingdom EC2A 4NE
CM GLOBAL INVESTMENTS LTD,16223981,active,ltd,,,2025-02-03,,2025-02-03,[70229],3rd Floor 86-90 Paul Street London England EC2A 4NE
MRC PROPERTY GROUP LIMITED,16223996,active,ltd,,,2025-02-03,,2025-02-03,[68100, 68209],103 Clerkenwell Road London United Kingdom EC1R 5BX
RO1 PRODUCTIONS LIMITED,16224158,active,ltd,,,2025-02-03,,2025-02-03,[59111, 59112, 59113],85 Great Portland Street London England W1W 7LT
RG7COUK LTD,16224157,active,ltd,,,2025-02-03,,2025-02-03,[86900],273a Green Street London England E7 8LJ
SMA LOFTS & EXTENSION LTD,16224390,active,ltd,,,2025-02-03,,2025-02-03,[41202],85 London Road Hailsham England BN27 3DD
LE FREEQ LTD,16224601,active,ltd,,,2025-02-03,,2025-02-03,[90010, 90020],Flat 32 Cinnabar Wharf Central London United Kingdom E1W 1NQ
TWG MEDICAL LTD,16224638,active,ltd,,,2025-02-03,,2025-02-03,[86220],Twg Medical Ltd London United Kingdom EC1V 2NX
UNDERGROUND OFFICE LTD,16224866,active,ltd,,,2025-02-03,,2025-02-03,[73120, 74100, 96090],78a Melfort Road London, Croydon United Kingdom CR7 7RN
REVINTEL LTD,16224867,active,ltd,,,2025-02-03,,2025-02-03,[70229],10, 5, Clipper Apartments Welland Street London United Kingdom SE10 9DT
WOODEN CRAB LTD,16225037,active,ltd,,,2025-02-03,,2025-02-03,[73110],51a Radnor Walk London England SW3 4BT
GG-932-607 LIMITED,16225390,active,ltd,,,2025-02-03,,2025-02-03,[68209],C/O Getground London England W6 0NB
TALIA PRIME LTD,16225757,active,ltd,,,2025-02-03,,2025-02-03,[55100, 55209, 55900],71-75 Shelton Street London United Kingdom WC2H 9JQ
BERE INVESTMENTS LTD,16225736,active,ltd,,,2025-02-03,,2025-02-03,[64209],20 Wenlock Road London England N1 7GU
CHRYSALIS SUPPORTED ACCOMMODATION LTD,16225740,active,ltd,,,2025-02-03,,2025-02-03,[87900],128 City Road London United Kingdom EC1V 2NX
MUSIC AI STUDIO LTD,16225902,active,ltd,,,2025-02-03,,2025-02-03,[62012, 62020],71-75 Shelton Street London United Kingdom WC2H 9JQ
AL BALAD CAPITAL LTD,16225899,active,ltd,,,2025-02-03,,2025-02-03,[68100, 68310],85 Great Portland Street London United Kingdom W1W 7LT
HARRY MASON DESIGN LTD,16225917,active,ltd,,,2025-02-03,,2025-02-03,[74100],85 Great Portland Street London England W1W 7LT
IONIK LTD,16225890,active,ltd,,,2025-02-03,,2025-02-03,[10890, 47290, 64209],128 Brent Park Road London England NW4 3HP
TAKE THE NOTE LTD,16226119,active,ltd,,,2025-02-03,,2025-02-03,[90010],27 Mortimer Street London England W1T 3BL
JSAR CONSULTING LIMITED,16226105,active,ltd,,,2025-02-03,,2025-02-03,[62020],35 Poplars Road London England E17 9AT
BRICKWEALTH LTD,16226308,active,ltd,,,2025-02-03,,2025-02-03,[68310],20 Wenlock Road London England N1 7GU
PERFECT UMRAH AND TRAVELS LIMITED,16226457,active,ltd,,,2025-02-03,,2025-02-03,[79110],25 Gervase Close London United Kingdom HA9 9EH
BIODEX SOLUTIONS LIMITED,16226467,active,ltd,,,2025-02-03,,2025-02-03,[70229],4th Floor Silverstream House 45 Fitzroy Street London United Kingdom W1T 6EB
KNOWLEDGE-FINDER LTD,16226546,active,ltd,,,2025-02-03,,2025-02-03,[85310, 85320],20 Wenlock Road London England N1 7GU
DABALOX LTD,16226548,active,ltd,,,2025-02-03,,2025-02-03,[62012, 63110, 63120],2 Frederick Street London United Kingdom WC1X 0ND
MEMEMOTION PRODUCTION LIMITED,16226734,active,ltd,,,2025-02-03,,2025-02-03,[59111, 59120, 59131],Flat 158 Effra Gardens 25 Silvertown Way London England E16 1RB
OKREADY LIMITED,16226807,active,ltd,,,2025-02-04,,2025-02-04,[62012],Flat 2 Rosegate House London England E3 2FQ
KEEMSAPPAREL LTD,16226819,active,ltd,,,2025-02-04,,2025-02-04,[47910],3rd Floor, 86-90 Paul Street London England EC2A 4NE
CHROMACUE LTD,16226833,active,ltd,,,2025-02-04,,2025-02-04,[47910, 62012],3rd Floor, 86-90 Paul Street London United Kingdom EC2A 4NE
SHOP THE TRIBE LTD,16234042,active,ltd,,,2025-02-06,,2025-02-06,[47910],128 City Road London United Kingdom EC1V 2NX
OTK CONSULTANCY LTD,16234044,active,ltd,,,2025-02-06,,2025-02-06,[58110, 58190, 70229, 96090],71-75 Shelton Street London United Kingdom WC2H 9JQ
0DAY LTD,16234031,active,ltd,,,2025-02-06,,2025-02-06,[62012, 62020, 62090],71-75 Shelton Street London United Kingdom WC2H 9JQ
IRONLNX LTD,16234048,active,ltd,,,2025-02-06,,2025-02-06,[64205],C/O Schulte Roth & Zabel International Llp London United Kingdom SW1Y 6AF
DRWNGBRD LTD,16234109,active,ltd,,,2025-02-06,,2025-02-06,[70229, 73110],71-75 Shelton Street London United Kingdom WC2H 9JQ
CHANGE THE RECORD ADVERTISING & MARKETING LTD,16234163,active,ltd,,,2025-02-06,,2025-02-06,[73110],71-75 Shelton Street London United Kingdom WC2H 9JQ
LOCAL FOR YOU LTD,16234178,active,ltd,,,2025-02-06,,2025-02-06,[62020],128 City Road London United Kingdom EC1V 2NX
EXCELLIUS LTD,16234239,active,ltd,,,2025-02-06,,2025-02-06,[14131, 14132],71-75 Shelton Street London United Kingdom WC2H 9JQ
OPEN SECRETS MEDIA LTD,16234236,active,ltd,,,2025-02-06,,2025-02-06,[59111],128 City Road London United Kingdom EC1V 2NX
RNM 61 ELECTRICAL LTD,16234231,active,ltd,,,2025-02-06,,2025-02-06,[43210],69 Wendover Road London England NW10 4RX
PERSPECTIVE WINDOWS LIMITED,16234382,active,ltd,,,2025-02-06,,2025-02-06,[43390],66 Alpha Grove London United Kingdom E14 8LH
ANA AMARAL AESTHETICS TRAINING LTD,16234386,active,ltd,,,2025-02-06,,2025-02-06,[85590],Suite 206, Britannia House, 11 Glenthorne Road London England W6 0LH
KUNMI OKE LTD,16234383,active,ltd,,,2025-02-06,,2025-02-06,[68209],43 Kingsmead Road London United Kingdom SW2 3HY
GALAXY 459 LTD,16234393,active,ltd,,,2025-02-06,,2025-02-06,[47910, 90030],71a Salusbury Road London England NW6 6NJ
ZHIVAR CLINIC LTD,16234379,active,ltd,,,2025-02-06,,2025-02-06,[96020],22-25 Portman Close London England W1H 6BS
ECO SHINE FACILITIES MANAGEMENT LTD,16234354,active,ltd,,,2025-02-06,,2025-02-06,[81210],45 Albemarle Street London England W1S 4JL
CHEERY LTD,16234350,active,ltd,,,2025-02-06,,2025-02-06,[58290, 62012, 62090, 63120],71-75 Shelton Street London United Kingdom WC2H 9JQ
CULTURE AND COMMERCE PARTNERS LIMITED,16234469,active,ltd,,,2025-02-06,,2025-02-06,[70229],Unit 7 Mulberry Place London United Kingdom SE9 6AR
TT HEADOFFICE LIMITED,16234437,active,ltd,,,2025-02-06,,2025-02-06,[46900],20 Goodge Place London England W1T 4SH
TROVE DATA LTD,16234512,active,ltd,,,2025-02-06,,2025-02-06,[58290],63 Clapton Square London United Kingdom E5 8HE
1 LANE MOTORS LTD,16234511,active,ltd,,,2025-02-06,,2025-02-06,[71129],168 Tooting Bec Road London United Kingdom SW17 8BH
PHELPS WASHINGTON LTD,16234485,active,ltd,,,2025-02-06,,2025-02-06,[70229],35-37 Ludgate Hill London England EC4M 7JN
FANABILITY LTD,16234564,active,ltd,,,2025-02-06,,2025-02-06,[70229, 93199],1 Canada Square London United Kingdom E14 5AA
COHORT ISSUER I LTD,16234632,active,ltd,,,2025-02-06,,2025-02-06,[64999],10th Floor 5 Churchill Place London United Kingdom E14 5HU
KIRYILAN CATERING LIMITED,16234745,active,ltd,,,2025-02-06,,2025-02-06,[56102],39 Hendon Lane London England N3 1RY
BRAMLEY SERVICES LTD,16234750,active,ltd,,,2025-02-06,,2025-02-06,[69201, 69202, 70221],71-75 Shelton Street London United Kingdom WC2H 9JQ
YCC PRIME CONSULTING LTD,16234894,active,ltd,,,2025-02-06,,2025-02-06,[70229],Flat 10 Gelman House London England N16 5FF
MAX ALTA CAPITAL LIMITED,16234993,active,ltd,,,2025-02-06,,2025-02-06,[70221],12 Gough Square London United Kingdom EC4A 3DW
ONE SPECIES CO. LABS LTD,16234986,active,ltd,,,2025-02-06,,2025-02-06,[64209],124 City Road London United Kingdom EC1V 2NX
KMC.LDN LTD,16234978,active,ltd,,,2025-02-06,,2025-02-06,[56102],103 Newington Green Road London England N1 4QY
SEASERA LTD,16235052,active,ltd,,,2025-02-06,,2025-02-06,[68209],2 Kenver Avenue London England N12 0PG
VASPR LTD,16235160,active,ltd,,,2025-02-06,,2025-02-06,[62012, 62020, 62090, 63110],71-75 Shelton Street London United Kingdom WC2H 9JQ
LTPMB LTD,16235246,active,ltd,,,2025-02-06,,2025-02-06,[68209],56 Lingwood Road London United Kingdom E5 9BN
HIGH EFFICIENCY SYSTEMS LTD,16235347,active,ltd,,,2025-02-06,,2025-02-06,[33150],2nd Floor College House Ruislip, United Kingdom HA4 7AE
EQ OPERATIONS TOWCESTER LIMITED,16235355,active,ltd,,,2025-02-06,,2025-02-06,[87100, 87300, 87900],46 Curzon Street London England W1J 7UH
PINNACLE ESTATES AND PROPERTIES LTD,16232302,active,ltd,,,2025-02-05,,2025-02-05,[68100, 68209],14/2e Docklands Business Centre 10 - 16 Tiller Road London England E14 8PX
US AND THEM LTD,16235406,active,ltd,,,2025-02-06,,2025-02-06,[82990],139 Dunstans Road London United Kingdom SE22 0HD
BETHANY CRUTCHFIELD LTD,16235566,active,ltd,,,2025-02-06,,2025-02-06,[74202],D S Burge And Co Ltd London United Kingdom SW19 4DW
CHP SILVERSTONE LTD,16235647,active,ltd,,,2025-02-06,,2025-02-06,[82990],99 Canfield Gardens London United Kingdom NW6 3DY
ESCAPE PLAN TRAVEL LTD,16235820,active,ltd,,,2025-02-06,,2025-02-06,[59112, 73120, 79110, 79120],8 Vernon House London England SW17 7FX
TOP TUTORS LTD,16235826,active,ltd,,,2025-02-06,,2025-02-06,[85600],167-169 Great Portland Street London United Kingdom W1W 5PF
EZY PZY FINANCE UK LIMITED,16236010,active,ltd,,,2025-02-07,,2025-02-07,[73110],71-75 Shelton Street London United Kingdom WC2H 9JQ
VINYL WRAP FIX LTD,16236021,active,ltd,,,2025-02-07,,2025-02-07,[74100, 82990],18 Island Road London United Kingdom SE16 2PQ
MODEEN LTD,16236107,active,ltd,,,2025-02-07,,2025-02-07,[42120],Flat 5 Chesterford House London England SE18 4PF
SNA AUDIOSERVICES LTD,16236090,active,ltd,,,2025-02-07,,2025-02-07,[86900],3rd Floor 86-90 Paul Street London United Kingdom EC2A 4NE
PROPERTY LIST ESTATE AGENTS LIMITED,16236160,active,ltd,,,2025-02-07,,2025-02-07,[68209, 68320],Second Floor London United Kingdom EC3M 7AT
EDUBLOOM CONSULTING LIMITED,16236220,active,ltd,,,2025-02-07,,2025-02-07,[85421, 85590, 85600],124 City Road London United Kingdom EC1V 2NX
KEMETS CREATIONS LTD,16236217,active,ltd,,,2025-02-07,,2025-02-07,[47910, 90030],71-75 Shelton Street London United Kingdom WC2H 9JQ
SIAM LABELING & ADVERTISING SOLUTIONS UK LIMITED,16236267,active,ltd,,,2025-02-07,,2025-02-07,[18121, 22220, 32990, 82920],115 London Road Morden England SM4 5HP
BLACK EAGLES SECURITY SOLUTIONS LIMITED,16236259,active,ltd,,,2025-02-07,,2025-02-07,[80200],342 Hoe Street London England E17 9PX
XURUPITA LTD,16236311,active,ltd,,,2025-02-07,,2025-02-07,[47910],20 Wenlock Road London England N1 7GU
KINGDOM WORKS INNOVATIONS LIMITED,16236359,active,ltd,,,2025-02-07,,2025-02-07,[94910],Flat 2 Hitherwood Court London England NW9 5YW
BMS CLOUD 360 LIMITED,16236373,active,ltd,,,2025-02-07,,2025-02-07,[74909],Lawford House London England N3 1QA
INNOVIZE LTD,16236426,active,ltd,,,2025-02-07,,2025-02-07,[58210, 58290, 71122, 71200],128 City Road London United Kingdom EC1V 2NX
UNCLE MONETIZE LTD,16236490,active,ltd,,,2025-02-07,,2025-02-07,[70229, 93199],Flat 12, Ruscoe House London United Kingdom SE27 0ER
LEASEHOLD LOOP LTD,16236465,active,ltd,,,2025-02-07,,2025-02-07,[70229],7 Boyd Way London England SE3 9SD
PRIME GROOM LTD,16236582,active,ltd,,,2025-02-07,,2025-02-07,[47910],49 Mornington Road London England E11 3BE
EXTRACT AND GLOW LTD,16236567,active,ltd,,,2025-02-07,,2025-02-07,[96090],Flat 9, Kestrel House London England EC1V 8EN
DKR MUSIC LTD,16236746,active,ltd,,,2025-02-07,,2025-02-07,[82302, 90020],Flat 9 Wardour House 112-114 Wardour Street London England W1F 0TS
DEYLAS EVENTS LTD,16236771,active,ltd,,,2025-02-07,,2025-02-07,[82301],Flat 82, Coppermill Heights London United Kingdom N17 9FH
DD LAW LTD,16236784,active,ltd,,,2025-02-07,,2025-02-07,[69102],128 City Road London United Kingdom EC1V 2NX
KAIROS STUDIO LTD,16236762,active,ltd,,,2025-02-07,,2025-02-07,[62020, 71122],167-169 Great Portland Street London England W1W 5PF
RAROMOTIVE LIMITED,16236800,active,ltd,,,2025-02-07,,2025-02-07,[45111, 45112, 77110],277-279 Chiswick High Road London England W4 4PU
WIDGETWORLD LTD,16236807,active,ltd,,,2025-02-07,,2025-02-07,[47650],3rd Floor, 86-90 Paul Street London United Kingdom EC2A 4NE
PRIME VISION HOMES & INVESTMENTS LIMITED,16234065,active,ltd,,,2025-02-06,,2025-02-06,[68100, 68320],Ztk Tax Advisory Suite 1 Ideas House London United Kingdom E18 1BY
WRITEXZ LTD,16234056,active,ltd,,,2025-02-06,,2025-02-06,[70229],47 Ellora Road London England SW16 6JG
SMART RIDE LTD,16234059,active,ltd,,,2025-02-06,,2025-02-06,[49320, 49390],Flat 2 1 Satchwell Road London England E2 6FN
PLANET FRIENDLY THINGS LTD,16234057,active,ltd,,,2025-02-06,,2025-02-06,[47910],86-90 Paul Street London England EC2A 4NE
S’ELEGANCE LTD,16234268,active,ltd,,,2025-02-06,,2025-02-06,[96020],39bentinck House White City Estate London United Kingdom W12 7AR
GLAMSOX LTD,16234289,active,ltd,,,2025-02-06,,2025-02-06,[47990],16 Lancaster Gardens London England SW19 5DG
HOWARINE CONSULT LIMITED,16234320,active,ltd,,,2025-02-06,,2025-02-06,[70229],12 Blenheim Road London England NW8 0LU
VICTORIOUS CLEAR & CLEAN LTD,16234310,active,ltd,,,2025-02-06,,2025-02-06,[38110, 81299],23a The Precinct Waterlooville United Kingdom PO7 7DT
SHEYDAL LTD,16234349,active,ltd,,,2025-02-06,,2025-02-06,[47910, 62012, 63120, 73110],71-75 Shelton Street London United Kingdom WC2H 9JQ
E-VISAGO LTD,16234549,active,ltd,,,2025-02-06,,2025-02-06,[96090],71-75 Shelton Street London United Kingdom WC2H 9JQ
BRICKS DIGITAL LTD,16234554,active,ltd,,,2025-02-06,,2025-02-06,[62020],128 City Road London United Kingdom EC1V 2NX
RAD NASH LTD,16234619,active,ltd,,,2025-02-06,,2025-02-06,[45112],Hegon House Ace Corner London United Kingdom NW10 7UD
INPIN & COMPANY LIMITED,16234613,active,ltd,,,2025-02-06,,2025-02-06,[64991, 98100, 98200],128 City Road London United Kingdom EC1V 2NX
GAMEHUB LTD,16234717,active,ltd,,,2025-02-06,,2025-02-06,[47910],71-75 Shelton Street London United Kingdom WC2H 9JQ
APR GROUP CONSTRUCTION LTD,16234732,active,ltd,,,2025-02-06,,2025-02-06,[41201],190 Billet Road London United Kingdom E17 5DX
WIMBOLDSLEY ESTATE LIMITED,16234805,active,ltd,,,2025-02-06,,2025-02-06,[68100, 68209],128 City Road London United Kingdom EC1V 2NX
JOSIE DOBRIN LTD,16234866,active,ltd,,,2025-02-06,,2025-02-06,[70229],6 Ringwood Avenue London England N2 9NS
MASTER ALBERTO LTD,16234873,active,ltd,,,2025-02-06,,2025-02-06,[43390],43 Leinster Gardens London England W2 3AT
MARINE UK SOLUTIONS LTD,16234934,active,ltd,,,2025-02-06,,2025-02-06,[45310, 46140],86-90 Paul Street London England EC2A 4NE
DAILY DOMESTIC CLEANERS (DDC) LTD,16234953,active,ltd,,,2025-02-06,,2025-02-06,[81299],Flat 5 40 Blandford Street London England W1U 4ED
EKRAM CONSULTANCY LTD,16235035,active,ltd,,,2025-02-06,,2025-02-06,[64209, 85590],30 Elderfield Road London United Kingdom E5 0LG
MAN MAINTENANCE LIMITED,16235081,active,ltd,,,2025-02-06,,2025-02-06,[96020],45 Hartington Road London England E17 8AS
FORGELINE SOLUTIONS LIMITED,16235150,active,ltd,,,2025-02-06,,2025-02-06,[43999],71-75 Shelton Street London United Kingdom WC2H 9JQ
MARJAN V LTD,16235141,active,ltd,,,2025-02-06,,2025-02-06,[86230],Flat 5 The Lindens London England W5 1SY
GOVFRAMEWORKS LTD,16235373,active,ltd,,,2025-02-06,,2025-02-06,[70229, 82990],124 City Road London England EC1V 2NX
ADLAND ESTATES LTD,16226402,active,ltd,,,2025-02-03,,2025-02-03,[68100],99 Leeside Crescent London England NW11 0JL
THE WEAVING ROOM LIMITED,16235507,active,ltd,,,2025-02-06,,2025-02-06,[47820],13 Arabella Drive London United Kingdom SW15 5LL
DECK DEVIL LTD,16235502,active,ltd,,,2025-02-06,,2025-02-06,[47650],3rd Floor, 86-90 Paul Street London United Kingdom EC2A 4NE
SHRI SHYLA PROPERTY LTD,16235585,active,ltd,,,2025-02-06,,2025-02-06,[68209],71-75 Shelton Street London United Kingdom WC2H 9JQ
KAMISLI LIMITED,16235761,active,ltd,,,2025-02-06,,2025-02-06,[56103],14 Lorne Road London England N4 3RT
UTC CAPITAL LIMITED,16235773,active,ltd,,,2025-02-06,,2025-02-06,[66190],Unit 8 165 Granville Road London England NW2 2AZ
ALMALIK CONSULTANCY LTD,16235946,active,ltd,,,2025-02-07,,2025-02-07,[96090],128 City Road London United Kingdom EC1V 2NX
SMART GP SOLUTIONS LIMITED,16235991,active,ltd,,,2025-02-07,,2025-02-07,[86210],71-75 Shelton Street London United Kingdom WC2H 9JQ
BROCKHAM PROPERTIES LTD,16236002,active,ltd,,,2025-02-07,,2025-02-07,[68100, 68310],128 City Road London United Kingdom EC1V 2NX
WOLFF SOCIAL LTD,16236001,active,ltd,,,2025-02-07,,2025-02-07,[73110],26 Corrance Road London England SW2 5RH
DC LOFTS & CONSTRUCTION LTD,16236052,active,ltd,,,2025-02-07,,2025-02-07,[41100],20 Lynmouth Road London United Kingdom E17 8AF
MOBAY CAPITAL LIMITED,16236058,active,ltd,,,2025-02-07,,2025-02-07,[64304],3, Wingate Road London United Kingdom W6 0UR
PB BAKE LIMITED,16236140,active,ltd,,,2025-02-07,,2025-02-07,[47240, 56102],42 Snowsfields London England SE1 3SU
EQ OPERATIONS LEICESTER LIMITED,16236235,active,ltd,,,2025-02-07,,2025-02-07,[87100, 87300, 87900],46 Curzon Street London England W1J 7UH
MK GLOBAL HOLDINGS LTD,16236225,active,ltd,,,2025-02-07,,2025-02-07,[64203],3rd Floor 24 Old Bond Street London United Kingdom W1S 4AP
JOIE DE RENEE LTD,16236299,active,ltd,,,2025-02-07,,2025-02-07,[47190, 47770],1002 Curlew House Hawser Lane London England E14 0YA
MAYOR TECHNOLOGY CONSULTANCY LTD,16236329,active,ltd,,,2025-02-07,,2025-02-07,[62020],15 Saint Anthony's Close London United Kingdom E1W 1LT
SMART INFRATECH LTD,16236347,active,ltd,,,2025-02-07,,2025-02-07,[71122],167-169 Great Portland Street London England W1W 5PF
HALLOWED.BE LIMITED,16236395,active,ltd,,,2025-02-07,,2025-02-07,[90030],26 Renfrew Close London England E6 5PG
DARYACRAFT LTD,16236388,active,ltd,,,2025-02-07,,2025-02-07,[16100, 16230, 41100],331a Upper Richmond Road London United Kingdom SW14 8QR
HEAT TECH ENGINEERS LTD,16236594,active,ltd,,,2025-02-07,,2025-02-07,[43220],Flat 13 9 Trobridge Parade Colindale United Kingdom NW9 4AP
GG-232-731 LIMITED,16236664,active,ltd,,,2025-02-07,,2025-02-07,[68209],1 Lyric Square London England W6 0NB
CHAMELEON IT SOLNS LTD,16236720,active,ltd,,,2025-02-07,,2025-02-07,[62090, 78300],20 Wenlock Road London England N1 7GU
ASPIRATIONAL HORIZONS LTD,16236728,active,ltd,,,2025-02-07,,2025-02-07,[85310],124 City Road London United Kingdom EC1V 2NX
SIGMA365 LIMITED,16236860,active,ltd,,,2025-02-07,,2025-02-07,[70229],128 City Road London United Kingdom EC1V 2NX
URBN LINK STUDIOS LIMITED,16236856,active,ltd,,,2025-02-07,,2025-02-07,[74202],30, Lumar House Seagull Lane London United Kingdom E16 1YP
AR BOUTIQUE RECRUITMENT LIMITED,16236874,active,ltd,,,2025-02-07,,2025-02-07,[78200],2.22 20 North Audley Street London United Kingdom W1K 6WE
B2B INSIGHTS ADVISORY LTD,16238567,active,ltd,,,2025-02-08,,2025-02-08,[62020, 70229],167-169 Great Portland Street London England W1W 5PF
N1 MOBILE AUTO REPAIRS LIMITED,16238588,active,ltd,,,2025-02-08,,2025-02-08,[45200],Flat 21 Crayle House London England EC1V 0BT
LOWE STUDIO LTD,16238655,active,ltd,,,2025-02-09,,2025-02-09,[74100],57 Landstead Road London United Kingdom SE18 2LG
HERON HOLDCO LIMITED,16238686,active,ltd,,,2025-02-09,,2025-02-09,[64209],6 Lower Grosvenor Place London England SW1W 0EN
ELECTRICIANS NAEIS LTD,16238711,active,ltd,,,2025-02-09,,2025-02-09,[42220, 43210],59 Victoria Road Ruislip England HA4 9BH
YM SOLUTIONS LTD,16238755,active,ltd,,,2025-02-09,,2025-02-09,[47910],30 Riverhead Close London England E17 5PY
VILLY CLOUDS LTD,16238778,active,ltd,,,2025-02-09,,2025-02-09,[58290, 62012, 62020, 63110],Flat 126 Regents Court Pownall Road London England E8 4QA
007 AUTOMOTIVE LTD,16238847,active,ltd,,,2025-02-09,,2025-02-09,[29310, 45190, 45200, 45320],223 Gloucester Terrace London England W2 6HX
SQC MEDICAL LTD,16238858,active,ltd,,,2025-02-09,,2025-02-09,[86210],80 Tanfield Avenue London England NW2 7RT
TURTLE REEF LIMITED,16238886,active,ltd,,,2025-02-09,,2025-02-09,[62020],8 Harlie Court London England SE6 4ED
ERANOS LIMITED,16238960,active,ltd,,,2025-02-09,,2025-02-09,[69201, 69202, 70221, 70229],63 Kempshott Road London England SW16 5LJ
MK LIFTS LIMITED,16238973,active,ltd,,,2025-02-09,,2025-02-09,[33190],264 Grove Street London England SE8 3QR
PRIMOEL DEVELOPMENTS LTD,16239003,active,ltd,,,2025-02-09,,2025-02-09,[68100, 68209],120 Bexley Road London England SE9 2PG
NMRO LIMITED,16239036,active,ltd,,,2025-02-09,,2025-02-09,[69201],2a Connaught Avenue London United Kingdom E4 7AA
JK RACE LTD,16239045,active,ltd,,,2025-02-09,,2025-02-09,[68100],229 Glyndon Road London England SE18 7NX
THE42CONSULTANCY LIMITED,16239105,active,ltd,,,2025-02-09,,2025-02-09,[70229],Zetland House 5-25 Scrutton Street London England EC2A 4HJ
SCF INVEST LTD,16239106,active,ltd,,,2025-02-09,,2025-02-09,[68100],37 Garrick Avenue London England NW11 9AR
R RICHARDS CORPORATIONS LTD,16239124,active,ltd,,,2025-02-09,,2025-02-09,[47910],68 Victoria Road London England N9 9SU
CAVIAR RADIO LTD,16239140,active,ltd,,,2025-02-09,,2025-02-09,[58190],Flat 19, Nightingale Lodge London United Kingdom W9 3TW
BALERIONS LTD,16239146,active,ltd,,,2025-02-09,,2025-02-09,[49320, 77110],Avicenna House 258-262 Romford Road London England E7 9HZ
AIMPWORKS LTD,16239162,active,ltd,,,2025-02-10,,2025-02-10,[47910],3rd Floor, 86-90 Paul Street London United Kingdom EC2A 4NE
MNL NORDIC LTD,16239200,active,ltd,,,2025-02-10,,2025-02-10,[55900, 98000],Flat 7 Tulip Court London England NW9 9BS
DBM CONSULTING LIMITED,16239230,active,ltd,,,2025-02-10,,2025-02-10,[70229],Silverstream House London England W1T 6EB
SJB CYBER LTD,16239282,active,ltd,,,2025-02-10,,2025-02-10,[62020],20 Wenlock Road London England N1 7GU
JOEBRO LTD,16239276,active,ltd,,,2025-02-10,,2025-02-10,[62012, 73110, 74100, 74909],20 Wenlock Road London England N1 7GU
LIGHT CONNECT LTD,16239312,active,ltd,,,2025-02-10,,2025-02-10,[42220],581 High Road Leytonstone London England E11 4PB
W STUDIO 13 LIMITED,16239326,active,ltd,,,2025-02-10,,2025-02-10,[47190, 79909],Flat 107 2a St Lukes Avenue London United Kingdom SW4 7EB
KAVAK ESTATES LTD,16239329,active,ltd,,,2025-02-10,,2025-02-10,[68209],20 Wenlock Road London England N1 7GU
EUTOPIA VENTURES LTD,16239367,active,ltd,,,2025-02-10,,2025-02-10,[73110, 81210, 82990],128 City Road London United Kingdom EC1V 2NX
YEMPIK LTD,16239387,active,ltd,,,2025-02-10,,2025-02-10,[58290, 62012, 62020],71-75 Shelton Street London United Kingdom WC2H 9JQ
MEDEVAC247 LTD,16239408,active,ltd,,,2025-02-10,,2025-02-10,[86900],71-75 Shelton Street London United Kingdom WC2H 9JQ
CTM 15 PRODUCTIONS LIMITED,16239404,active,ltd,,,2025-02-10,,2025-02-10,[59113],Berkshire House London United Kingdom WC1V 7AA
1 SRY LIMITED,16239433,active,ltd,,,2025-02-10,,2025-02-10,[41100],46 Rothesay Avenue London England SW20 8JU
NEXOVO LTD,16239453,active,ltd,,,2025-02-10,,2025-02-10,[47910],124 City  Road London United Kingdom EC1V 2NX
CODE & HOPE LIMITED,16239456,active,ltd,,,2025-02-10,,2025-02-10,[62012],Silverstream House 4th Floor London England W1T 6EB
MATCHA MAO LTD,16239495,active,ltd,,,2025-02-10,,2025-02-10,[10831, 46370, 47910],71-75 Shelton Street London United Kingdom WC2H 9JQ
MPOWER CONSTRUCTION AND MAINTENANCE LIMITED,16239533,active,ltd,,,2025-02-10,,2025-02-10,[43210, 43290],Quadnet House Unit 66-71 Staffa Road London England E10 7QZ
RISE TO LEADERSHIP LTD,16239614,active,ltd,,,2025-02-10,,2025-02-10,[70229, 72200, 82990, 85600],167-169 Great Portland Street London United Kingdom W1W 5PF
PROJECT RIVER MIDCO LIMITED,16239627,active,ltd,,,2025-02-10,,2025-02-10,[64209],C/O Kester Capital Llp, 14-16 Bruton Place London United Kingdom W1J 6LX
IGNISARA ENTERTAINMENT LTD.,16239639,active,ltd,,,2025-02-10,,2025-02-10,[47990],20 Wenlock Road London England N1 7GU
AZIDAL CARE LIMITED,16239716,active,ltd,,,2025-02-10,,2025-02-10,[78200],Capital Office, 124-128 City Road London United Kingdom EC1V 2NX
CAVIAR BLENDS LTD,16239767,active,ltd,,,2025-02-10,,2025-02-10,[47250],19, Nightingale Lodge Admiral Walk London United Kingdom W9 3TW
JAMJARST TCG AND GAMES LTD,16239803,active,ltd,,,2025-02-10,,2025-02-10,[47650],2nd Floor College House Ruislip, United Kingdom HA4 7AE
SIDHU TRANSPORTATION LTD,16239907,active,ltd,,,2025-02-10,,2025-02-10,[49410],20 Wenlock Road London England N1 7GU
SAMUEL JAMES STUDIO LTD,16239911,active,ltd,,,2025-02-10,,2025-02-10,[71111],Flat 156 Manhattan Building Bow Quarter London England E3 2UJ
ITZ R:CH LTD,16239940,active,ltd,,,2025-02-10,,2025-02-10,[63990, 70210],60 The Mount London United Kingdom E5 9JU
ENTABENI LIMITED,16239939,active,ltd,,,2025-02-10,,2025-02-10,[62020],1/307 Garratt Lane London England SW18 4DX
NAHLA GLOBAL LIMITED,16240012,active,ltd,,,2025-02-10,,2025-02-10,[68320, 85600],Nahla Global 3rd Floor London United Kingdom EC2A 4NE
YFT SERVICES LIMITED,16239999,active,ltd,,,2025-02-10,,2025-02-10,[69201, 69202, 69203],128 City Road London United Kingdom EC1V 2NX
SANDEL TREAT LTD,16239969,active,ltd,,,2025-02-10,,2025-02-10,[96040],37a The Broadway London England NW7 3DA
FACTURE LABS LIMITED,16240045,active,ltd,,,2025-02-10,,2025-02-10,[90030],124 City Road London United Kingdom EC1V 2NX
LEMT LTD,16240069,active,ltd,,,2025-02-10,,2025-02-10,[47640],3rd Floor, 86-90 Paul Street London England EC2A 4NE
HUBITABLE LTD,16240173,active,ltd,,,2025-02-10,,2025-02-10,[62011, 85510],86-90 Paul Street London England EC2A 4NE
NUDGE MANAGEMENT LIMITED,16240151,active,ltd,,,2025-02-10,,2025-02-10,[59200],143 Claude Road London England E10 6NF
NEUROSYN LTD,16240293,active,ltd,,,2025-02-10,,2025-02-10,[62020],167-169 Great Portland Street London England W1W 5PF
HARMONY SAVOR LIMITED,16240364,active,ltd,,,2025-02-10,,2025-02-10,[56101, 56290],40 Shanghai Family Chinese Restaurant London United Kingdom WC1A 1EP
365 HH COMMERCE LTD,16240446,active,ltd,,,2025-02-10,,2025-02-10,[47990],85 Great Portland Street London England W1W 7LT
LIVING LIFE ASSET LTD,16240424,active,ltd,,,2025-02-10,,2025-02-10,[98000],Flat 25 Gill Court London England SE18 7HR
MUST HAVE MODE LIMITED,16240565,active,ltd,,,2025-02-10,,2025-02-10,[46160],Flat 9 Bedford House London England SE17 1DY
ACCOUNTING PARTNERS LTD,16240543,active,ltd,,,2025-02-10,,2025-02-10,[69202],20 Wenlock Road London England N1 7GU
IRON POINT GEARS LIMITED,16240597,active,ltd,,,2025-02-10,,2025-02-10,[47910, 47990],199 Restons Crescent London England SE9 2JJ
PENNING PRODUCTIONS LIMITED,16240669,active,ltd,,,2025-02-10,,2025-02-10,[59200, 70229, 85320, 90030],45 Stamford Hill London England N16 5SR
EAST LONDON SOLUTIONS LTD,16240663,active,ltd,,,2025-02-10,,2025-02-10,[41100],114 Dunedin Road London England E10 5NL
AVESA DENTAL LIMITED,16240643,active,ltd,,,2025-02-10,,2025-02-10,[86230],Flat 101 Westfields Railway Side London England SW13 0PL
CYBERRANT LIMITED,16240649,active,ltd,,,2025-02-10,,2025-02-10,[62090],8 Lawrence Road London England SE25 5AA
E HYDROGEN LTD,16240727,active,ltd,,,2025-02-10,,2025-02-10,[96090],71-75 Shelton Street London United Kingdom WC2H 9JQ
LOLA LIVING LIMITED,16240734,active,ltd,,,2025-02-10,,2025-02-10,[95110],71-75 Shelton Street London United Kingdom WC2H 9JQ
BALLERZ GOLF LTD,16240785,active,ltd,,,2025-02-10,,2025-02-10,[93110, 93199, 93290],71-75 Shelton Street London United Kingdom WC2H 9JQ
POWER NINE LIMITED,16240780,active,ltd,,,2025-02-10,,2025-02-10,[62020, 71122],Flat B London United Kingdom N7 6RG
SMUNCHIES UK LTD,16240744,active,ltd,,,2025-02-10,,2025-02-10,[56103, 56210, 56290],71-75 Shelton Street London United Kingdom WC2H 9JQ
CARDIO CAPTUR LIMITED,16240746,active,ltd,,,2025-02-10,,2025-02-10,[86220],9 Sherwood Close London England SW13 0JD
PRECISION GAMES LTD,16240813,active,ltd,,,2025-02-10,,2025-02-10,[62011, 62012],5 Brayford Square London England E1 0SG
INSULSIM LTD,16240812,active,ltd,,,2025-02-10,,2025-02-10,[72110],71-75 Shelton Street London United Kingdom WC2H 9JQ
FM AYITTAH REAL ESTATES LIMITED,16240763,active,ltd,,,2025-02-10,,2025-02-10,[68209],71-75 Shelton Street London United Kingdom WC2H 9JQ
CARBON-CHAIN LTD,16240848,active,ltd,,,2025-02-10,,2025-02-10,[82990],5 Strafford Road London United Kingdom TW1 3AD
SKILLS RECOGNITION GLOBAL LTD,16240881,active,ltd,,,2025-02-10,,2025-02-10,[85320, 85590, 85600],71-75 Shelton Street London United Kingdom WC2H 9JQ
MESSGO LTD,16240950,active,ltd,,,2025-02-10,,2025-02-10,[81299],195-197, Suite Ra01 Wood Street London United Kingdom E17 3NU
DANE COFFEE LIMITED,16240977,active,ltd,,,2025-02-10,,2025-02-10,[47910],Flat 2 66 Killieser Avenue London United Kingdom SW2 4NT
KAITLEN KELLY VENTURES LTD,16240992,active,ltd,,,2025-02-10,,2025-02-10,[62020],405 Halliday House 2 Circus Road West London England SW11 8EY
MF DEMO LTD,16241151,active,ltd,,,2025-02-10,,2025-02-10,[41202, 43110],179 Sheringham Avenue London England E12 5PH
PIQUE TECHNOLOGIES LTD,16241163,active,ltd,,,2025-02-10,,2025-02-10,[47910, 62012],128 City Road London United Kingdom EC1V 2NX
MC'S TRANSPORT SERVICES LIMITED,16241183,active,ltd,,,2025-02-10,,2025-02-10,[49410],32 Woodstock Grove London England W12 8LE
ROBERTS ACA TEACHING LTD,16241207,active,ltd,,,2025-02-10,,2025-02-10,[85422],160 Kemp House City Road London England EC1V 2NX
HIJRAH HOMES LIMITED,16241239,active,ltd,,,2025-02-10,,2025-02-10,[68100, 68209],Flat 1202 5 Crossharbour Plaza London England E14 9XN
PHILADELPHIA PROPERTY MANAGEMENT LTD,16241285,active,ltd,,,2025-02-10,,2025-02-10,[81299, 98000],3 Longworth Close London England SE28 8PE
DESPERATE JOURNALIST LTD,16241300,active,ltd,,,2025-02-10,,2025-02-10,[90030],14 Harrington Court 26 Hornsey Rise London England N19 3DU
FALCON FX TRADING LTD,16241348,active,ltd,,,2025-02-10,,2025-02-10,[64991],128 City Road London United Kingdom EC1V 2NX
BVM (UK) PROPERTIES - DGM GRN LDN LTD.,16241406,active,ltd,,,2025-02-10,,2025-02-10,[68209],C/O Getground London England W6 0NB
TRAVEL SEE LIFE LTD,16241359,active,ltd,,,2025-02-10,,2025-02-10,[79110, 79120],128 City Road London United Kingdom EC1V 2NX
PHOCAFE85 LTD,16241370,active,ltd,,,2025-02-10,,2025-02-10,[56101],18 New Road London England E1 2AX
GE&CO. PROPERTIES SOLUTIONS LTD.,16241420,active,ltd,,,2025-02-10,,2025-02-10,[68209],C/O Getground London England W6 0NB
SWIFT IT ASSIST LTD,16241484,active,ltd,,,2025-02-10,,2025-02-10,[62020],30 Concorde Drive London England E6 5XL
CROYDON DEBT COLLECTION AND ENFORCEMENT LIMITED,16241497,active,ltd,,,2025-02-10,,2025-02-10,[82990],163 Francis Road London England E10 6NT
A WORLD TO SENSE LTD.,16226887,active,ltd,,,2025-02-04,,2025-02-04,[68209],C/O Getground London England W6 0NB
REFURBEXPERTS LTD,16226855,active,ltd,,,2025-02-04,,2025-02-04,[41201, 41202],64c Loftus Road London United Kingdom W12 7EL
BURGESS HILLS CONSULTING LTD,16226931,active,ltd,,,2025-02-04,,2025-02-04,[70221],39 Grosvenor Park London England SE5 0NH
AVENTURINE CAPITAL LIMITED,16226939,active,ltd,,,2025-02-04,,2025-02-04,[68100],128 City Road London United Kingdom EC1V 2NX
TRUSTVISTA PROPERTIES LTD,16226940,active,ltd,,,2025-02-04,,2025-02-04,[68209],10 Lyttleton Road London England N8 0QB
GG-902-206 LIMITED,16226998,active,ltd,,,2025-02-04,,2025-02-04,[68209],C/O Getground London England W6 0NB
TREE OF CHARGE LTD,16227352,active,ltd,,,2025-02-04,,2025-02-04,[62012],71-75 Shelton Street London United Kingdom WC2H 9JQ
BRIGHT NIGHT CLEANING SERVICES LTD,16227551,active,ltd,,,2025-02-04,,2025-02-04,[96090],71-75 Shelton Street London United Kingdom WC2H 9JQ
FIX MUSIC LTD,16227669,active,ltd,,,2025-02-04,,2025-02-04,[62012, 62090],20 Wenlock Road London England N1 7GU
XCLUSIVE DEALS LTD,16227667,active,ltd,,,2025-02-04,,2025-02-04,[47910],128 City Road London United Kingdom EC1V 2NX
A GLOBAL RECRUITMENT LTD,16227673,active,ltd,,,2025-02-04,,2025-02-04,[78109],124 City Road London United Kingdom EC1V 2NX
LONDON APPLIANCE SOLUTIONS LTD,16228233,active,ltd,,,2025-02-04,,2025-02-04,[95220],157b Stoke Newington Road London United Kingdom N16 8BP
PROPERTY DEAL DYNAMICS LTD,16228228,active,ltd,,,2025-02-04,,2025-02-04,[68310],3rd Floor, 86-90 Paul Street London United Kingdom EC2A 4NE
SHAHRAM STYLE LTD,16228353,active,ltd,,,2025-02-04,,2025-02-04,[14120, 14131, 14132, 47910],401 Coppetts Wood House 48 Lawn Road London England NW3 2AX
SZE STUDIOS LTD,16228783,active,ltd,,,2025-02-04,,2025-02-04,[70229],Suite 9 Dalton House London England SW19 2RR
DREAM TRAVEL WORLD LTD,16228757,active,ltd,,,2025-02-04,,2025-02-04,[63990, 96090],221 Dames Road London England E7 0EA
KENNERS COFFEE LTD,16228938,active,ltd,,,2025-02-04,,2025-02-04,[10832, 46370, 56102, 56290],71-75 Shelton Street London United Kingdom WC2H 9JQ
CASHFLOWS HOLDINGS LIMITED,16229135,active,ltd,,,2025-02-04,,2025-02-04,[64209],11-12 Hanover Square London United Kingdom W1S 1JJ
INCLUSIVE IMPACT ADVISORS LTD,16229162,active,ltd,,,2025-02-04,,2025-02-04,[70229],50 Westmoreland Rd London United Kingdom SE17 2GA
LHD CARE LIMITED,16229160,active,ltd,,,2025-02-04,,2025-02-04,[68209, 87100, 87300],Solar House London England N14 6NZ
LUMEN CARDS LIMITED,16229435,active,ltd,,,2025-02-04,,2025-02-04,[64921],3rd Floor 86-90 Paul Street London United Kingdom EC2A 4NE
VTS CONTINUUM HOLDINGS LTD,16229560,active,ltd,,,2025-02-04,,2025-02-04,[64201],124 City Road London United Kingdom EC1V 2NX
TA5 COLLECTIONS LTD,16229563,active,ltd,,,2025-02-04,,2025-02-04,[47190, 47799],213 Lewisham Way London England SE4 1UY
PHOTO FEAST LTD,16229696,active,ltd,,,2025-02-04,,2025-02-04,[56210, 74201, 74202],Flat 4 79 Clarence Road London United Kingdom E5 8EE
A1 MAJESTIC TREE CARE LTD,16227457,active,ltd,,,2025-02-04,,2025-02-04,[81300],Unit 1 Concord Business Centre London England W3 0TJ
G8 SPORTS CONSULTING LIMITED,16227451,active,ltd,,,2025-02-04,,2025-02-04,[93199],South Park Studios London United Kingdom SW6 3HH
BEST BUILD LIMITED,16227446,active,ltd,,,2025-02-04,,2025-02-04,[41201],319 Strone Road London England E12 6TW
LIONSLAKE LTD,16227481,active,ltd,,,2025-02-04,,2025-02-04,[70229],165-167 The Broadway London England SW19 1NE
BEAUTY POST LTD,16227479,active,ltd,,,2025-02-04,,2025-02-04,[96020],217 Lee High Road London United Kingdom SE13 5PQ
LINKTRON LTD,16227579,active,ltd,,,2025-02-04,,2025-02-04,[46510, 47540, 47910, 47990],128 City Road London United Kingdom EC1V 2NX
BENEDICT FAMILY LTD,16227650,active,ltd,,,2025-02-04,,2025-02-04,[68209],C/O Getground London England W6 0NB
RICHE ESTATES LIMITED,16227640,active,ltd,,,2025-02-04,,2025-02-04,[68209],40 Mitchell Road London England N13 6EE
PHILATES PILATES LTD,16227718,active,ltd,,,2025-02-04,,2025-02-04,[93130],11 Station Parade London England E11 1QF
BEAUMONT COOPER LTD,16227816,active,ltd,,,2025-02-04,,2025-02-04,[78200],89 Coldharbour Lane London United Kingdom UB3 3EF
KULCHO LIMITED,16228108,active,ltd,,,2025-02-04,,2025-02-04,[62011],344 Kingsland Road London England E8 4DA
LOVE FORCE LTD,16228311,active,ltd,,,2025-02-04,,2025-02-04,[59200],7 Firs Close London United Kingdom SE23 1BB
GROSVENOR PROPERTY HOLDINGS LTD,16228487,active,ltd,,,2025-02-04,,2025-02-04,[64209],1 Giltspur Street London United Kingdom EC1A 9DD
WILD NOOK INVESTMENTS LTD,16228484,active,ltd,,,2025-02-04,,2025-02-04,[68100, 68209],32 Titian Heights 12 Scarlet Close London England E20 1FH
UNAL  ART SERVICES LTD,16228708,active,ltd,,,2025-02-04,,2025-02-04,[49320, 95290],Flat 1 23 Thorndike Road London England N1 2LS
MARC ELLIS MANAGEMENT CONSULTING LIMITED,16228727,active,ltd,,,2025-02-04,,2025-02-04,[70221],1386 London Road Leigh On Sea England SS9 2UJ
GLOBEAXIS LTD,16228893,active,ltd,,,2025-02-04,,2025-02-04,[46180, 46410, 46420, 96090],71-75 Shelton Street London United Kingdom WC2H 9JQ
HOLLY FRANCESCA UK LTD,16229039,active,ltd,,,2025-02-04,,2025-02-04,[90030],71-75 Shelton Street London United Kingdom WC2H 9JQ
IMOUNIA LTD,16229025,active,ltd,,,2025-02-04,,2025-02-04,[47190],Office 11552 182-184 High Street North London United Kingdom E6 2JA
SOUTHALL ONLINE LIMITED,16229068,active,ltd,,,2025-02-04,,2025-02-04,[47910],63 London Street Reading United Kingdom RG1 4PS
SET STRAIGHT FOOTBALL ACADEMY LIMITED,16229181,active,ltd,,,2025-02-04,,2025-02-04,[93199],3rd Floor, 86-90 Paul Street London United Kingdom EC2A 4NE
AUSTINE MALI CLOTHING LIMITED,16229386,active,ltd,,,2025-02-04,,2025-02-04,[46160, 46420, 47710, 47910],71-75 Shelton Street London United Kingdom WC2H 9JQ
EJONOS CONSULTING LIMITED,16229369,active,ltd,,,2025-02-04,,2025-02-04,[62020, 70229],71-75 Shelton Street London United Kingdom WC2H 9JQ
GLASSES2GO GLAZING SERVICES LTD,16229368,active,ltd,,,2025-02-04,,2025-02-04,[43342],62 Cricklewood Broadway London United Kingdom NW2 3EP
BARNES ROFFE ADVISORY LIMITED,16229394,active,ltd,,,2025-02-04,,2025-02-04,[69201, 69203],Leytonstone House 3 Hanbury Drive London England E11 1GA
WORLDBRIDGE CONNECT LIMITED,16229399,active,ltd,,,2025-02-04,,2025-02-04,[70229],128 City Road London United Kingdom EC1V 2NX
CHASE ASSOCIATES LTD,16227163,active,ltd,,,2025-02-04,,2025-02-04,[68100, 68209],124 Erskine Road Walthamstow United Kingdom E17 6SA
LUXE COSMEDICS LTD,16227183,active,ltd,,,2025-02-04,,2025-02-04,[96020],71-75 Shelton Street London United Kingdom WC2H 9JQ
BALTIC INCORPORATED LTD,16227174,active,ltd,,,2025-02-04,,2025-02-04,[68209],43 Kingsmead Road London United Kingdom SW2 3HY
THE SOCIAL COUNTER LTD,16227258,active,ltd,,,2025-02-04,,2025-02-04,[73110],International House 10-18 Vestry Street London England N1 7RE
EXPRESSCO LIMITED,16227236,active,ltd,,,2025-02-04,,2025-02-04,[58290, 62011, 62012, 63110],128 City Road London United Kingdom EC1V 2NX
HERBECTUS LTD,16227232,active,ltd,,,2025-02-04,,2025-02-04,[47910],27 Old Gloucester Street London United Kingdom WC1N 3AX
MERT METAL LIMITED,16227223,active,ltd,,,2025-02-04,,2025-02-04,[25990, 43290],33-34 Brunswick Square London United Kingdom N17 8ES
JERA GLOBAL MARKETS HOLDINGS LIMITED,16227323,active,ltd,,,2025-02-04,,2025-02-04,[64209],80 Victoria Street Cardinal Place London United Kingdom SW1E 5JL
SUPREME SKILLS LTD,16227313,active,ltd,,,2025-02-04,,2025-02-04,[85600],71-75 Shelton Street London United Kingdom WC2H 9JQ
THE MODERN DAY MEDIUM LTD,16227311,active,ltd,,,2025-02-04,,2025-02-04,[85590],71-75 Shelton Street Covent Garden United Kingdom WC2H 9JQ
HHL EVENTS LTD,16227526,active,ltd,,,2025-02-04,,2025-02-04,[56101],Soho Works, 101, 2 Television Centre Wood Lane London United Kingdom W12 7FR
SYSNOVA UK LIMITED,16227690,active,ltd,,,2025-02-04,,2025-02-04,[62020],73 South Lodge Drive London United Kingdom N14 4XG
STARSTONE PROP LIMITED,16227923,active,ltd,,,2025-02-04,,2025-02-04,[68100],20 Goodge Place London United Kingdom W1T 4SH
WEAREHOUSE LTD,16228087,active,ltd,,,2025-02-04,,2025-02-04,[47910],13 Ridgeview Road London England N20 0HH
SNACKAGES LTD,16228057,active,ltd,,,2025-02-04,,2025-02-04,[56210, 56290],128 City Road London United Kingdom EC1V 2NX
GG-538-972 LIMITED,16228199,active,ltd,,,2025-02-04,,2025-02-04,[68209],C/O Getground London England W6 0NB
ASSET STAR MANAGEMENT LIMITED,16228335,active,ltd,,,2025-02-04,,2025-02-04,[68100, 68209, 68320],23 Clarence Mews London England SE16 5GB
SERENE GEMS LTD,16228343,active,ltd,,,2025-02-04,,2025-02-04,[46480],318 Hermitage Road London England N4 1NR
GRAVITAS SOVEREIGN AND STRATEGIC MANAGEMENT LTD,16228598,active,ltd,,,2025-02-04,,2025-02-04,[70221, 70229],1 Giltspur Street London United Kingdom EC1A 9DD
KAJLA MORTGAGE SERVICES LTD,16228590,active,ltd,,,2025-02-04,,2025-02-04,[64922, 64999, 65110, 66220],128 City Road London United Kingdom EC1V 2NX
PCOCARS4U LTD,16228628,active,ltd,,,2025-02-04,,2025-02-04,[49320],58 Wall End Road London United Kingdom E6 2NR
OUTINGS LTD,16228805,active,ltd,,,2025-02-04,,2025-02-04,[58210, 58290, 62011, 62012],3rd Floor, 86-90 Paul Street London United Kingdom EC2A 4NE
TRIVENI DWELLINGS LIMITED,16228968,active,ltd,,,2025-02-04,,2025-02-04,[68100, 68209],19 Repton Drive Romford United Kingdom RM2 5LP
JAROBE PROPERTY LTD,16228990,active,ltd,,,2025-02-04,,2025-02-04,[68209],2nd Floor College House Ruislip, United Kingdom HA4 7AE
QSP BLAME LIMITED,16229001,active,ltd,,,2025-02-04,,2025-02-04,[59113],Itv White City London United Kingdom W12 7RU
ITV BELIEVE ME LIMITED,16229006,active,ltd,,,2025-02-04,,2025-02-04,[59113],Itv White City London United Kingdom W12 7RU
FOSTER R&D LTD,16229225,active,ltd,,,2025-02-04,,2025-02-04,[70229],128 City Road London United Kingdom EC1V 2NX
PAUL DUNKERTON CONSULTANCY SERVICES LTD,16229288,active,ltd,,,2025-02-04,,2025-02-04,[41100, 43290, 43999],128 City Road London United Kingdom EC1V 2NX
ASI HAMPSHIRE A CLINICIAN HOLDINGS LIMITED,16229299,active,ltd,,,2025-02-04,,2025-02-04,[82990],Floor 6 33 Wigmore Street London England W1U 1QX
COSTELHGV LTD,16229571,active,ltd,,,2025-02-04,,2025-02-04,[49410],11 Gatward Green London England N9 9AW
DR.STINE LTD,16229570,active,ltd,,,2025-02-04,,2025-02-04,[46450, 47750, 47910],71-75 Shelton Street London United Kingdom WC2H 9JQ
IT WORK AND SOLUTIONS LTD,16229646,active,ltd,,,2025-02-04,,2025-02-04,[62020, 63990],39 Crummock Gardens London England NW9 0DE
JADHD COACHING LTD,16229890,active,ltd,,,2025-02-04,,2025-02-04,[85590, 96090],Albert Mansions London England W1U 5BQ
DX CONSULTANCY LTD,16229953,active,ltd,,,2025-02-05,,2025-02-05,[74909],3rd Floor, 86-90 Paul Street London United Kingdom EC2A 4NE
AUREUS ACCOMMODATION LTD,16230015,active,ltd,,,2025-02-05,,2025-02-05,[68209, 68310],20 Wenlock Road London England N1 7GU
ROJO MUSWELL LTD,16230036,active,ltd,,,2025-02-05,,2025-02-05,[47722],3 Coldbath Square London United Kingdom EC1R 5HL
DELEGANCE SKINCARE LTD,16230037,active,ltd,,,2025-02-05,,2025-02-05,[96020],128 City Road London United Kingdom EC1V 2NX
W12 BRICKWORK LTD,16230114,active,ltd,,,2025-02-05,,2025-02-05,[43390],C/O Simply Tax Advisory Ltd Unit 311, Canalot Studios London United Kingdom W10 5BN
SEQUITY LIMITED,16230218,active,ltd,,,2025-02-05,,2025-02-05,[74909],124 City Road London United Kingdom EC1V 2NX
I&J SOLUTIONS LTD,16230333,active,ltd,,,2025-02-05,,2025-02-05,[78109],20 Wenlock Road London England N1 7GU
IBV ELFORD PARK SOLAR LIMITED,16230325,active,ltd,,,2025-02-05,,2025-02-05,[35110],2nd Floor 127 Cheapside London United Kingdom EC2V 6BT
DEWARD LIMITED,16230394,active,ltd,,,2025-02-05,,2025-02-05,[68100, 68209, 68320],63 Beaumont Road London England E10 5DE
ICP7 LTD,16230386,active,ltd,,,2025-02-05,,2025-02-05,[43310],Flat A-C London England E18 1JJ
WALDENSHAW INCORPORATED LTD,16230375,active,ltd,,,2025-02-05,,2025-02-05,[68209],43 Kingsmead Road London United Kingdom SW2 3HY
PRIMARY CARE 102 LIMITED,16230458,active,ltd,,,2025-02-05,,2025-02-05,[86210],2 Cavendish Square London United Kingdom W1G 0PU
VERONA ROSES' ACTING STARTER PACK LIMITED,16230549,active,ltd,,,2025-02-05,,2025-02-05,[90010, 90020],Flat C London England SW9 6EX
CRUX TOURING LTD,16230558,active,ltd,,,2025-02-05,,2025-02-05,[90010],4th Floor Office London England W1B 4HB
IBRATOG LTD,16230536,active,ltd,,,2025-02-05,,2025-02-05,[47990],124-128 City Road London England EC1V 2NX
DS FREIGHT LTD,16230572,active,ltd,,,2025-02-05,,2025-02-05,[49410],1st Floor 124 Cleveland Street London United Kingdom W1T 6PG
WJ CONSULTING GROUP LTD,16230662,active,ltd,,,2025-02-05,,2025-02-05,[70229],30 St. Anns Road London England W11 4SR
POLYDOGS LTD,16230687,active,ltd,,,2025-02-05,,2025-02-05,[90030],86-90 Paul Street London England EC2A 4NE
JCF V MIAMI ACQUISITION LTD,16230798,active,ltd,,,2025-02-05,,2025-02-05,[64205],1 Angel Court London United Kingdom EC2R 7HJ
DAGILE HOLDINGS LIMITED,16230942,active,ltd,,,2025-02-05,,2025-02-05,[64209],Unit D London United Kingdom E1 1EQ
HOF HOMES LTD,16231836,active,ltd,,,2025-02-05,,2025-02-05,[68320, 77400],3rd Floor, 86-90 Paul Street London United Kingdom EC2A 4NE
VIVEKA PARADISE LIMITED,16231848,active,ltd,,,2025-02-05,,2025-02-05,[68209],2 Golf Place London England SW17 9ET
POPPA HOLDINGS LIMITED,16231994,active,ltd,,,2025-02-05,,2025-02-05,[68100, 68209],58 Fairlawn Grove London England W4 5EH
NENNIX LTD,16231966,active,ltd,,,2025-02-05,,2025-02-05,[41202, 43310, 43341, 43390],128 City Road London United Kingdom EC1V 2NX
NAVERO LTD,16232090,active,ltd,,,2025-02-05,,2025-02-05,[62012],2 Frederick Street London United Kingdom WC1X 0ND
MY ENT LTD,16232111,active,ltd,,,2025-02-05,,2025-02-05,[64209, 96090],66 Moyser Road London England SW16 6SQ
GOLDERS GREEN 183 LTD,16232227,active,ltd,,,2025-02-05,,2025-02-05,[98000],183 Flat 5,Hendon Way London United Kingdom NW2 1JJ
BENPROP BELGRAVIA LIMITED,16232434,active,ltd,,,2025-02-05,,2025-02-05,[82990],10 Orange Street Haymarket London United Kingdom WC2H 7DQ
SPY WEST END LTD,16232400,active,ltd,,,2025-02-05,,2025-02-05,[90020],73a Beak Street London United Kingdom W1F 9SR
VITALIS CAPITAL LIMITED,16232639,active,ltd,,,2025-02-05,,2025-02-05,[64303],86-90 Paul Street London England EC2A 4NE
SRE ADVISORY LIMITED,16232769,active,ltd,,,2025-02-05,,2025-02-05,[68320],C/O Band London United Kingdom EC1M 6AW
JC (RESTAURANT) HOLDINGS LTD,16232783,active,ltd,,,2025-02-05,,2025-02-05,[56103],71-75 Shelton Street London United Kingdom WC2H 9JQ
MINALISTA LTD,16232875,active,ltd,,,2025-02-05,,2025-02-05,[47789],128 City Road London United Kingdom EC1V 2NX
MONOLITH MEDIA LTD,16232871,active,ltd,,,2025-02-05,,2025-02-05,[62020, 73110, 73120, 74100],Unit Da2 Sutherland House London England E17 6BU
HIBFF LTD,16232868,active,ltd,,,2025-02-05,,2025-02-05,[62012, 62090, 82990, 96090],71-75 Shelton Street London United Kingdom WC2H 9JQ
APEX CUTTING EDGE LTD,16233283,active,ltd,,,2025-02-05,,2025-02-05,[47910],14 Mayfield Gardens London United Kingdom W7 3RH
ZORRO HQ HOLDINGS LIMITED,16233361,active,ltd,,,2025-02-06,,2025-02-06,[64209],71-75 Shelton Street London United Kingdom WC2H 9JQ
VIRYA FRIERN PARK LIMITED,16233380,active,ltd,,,2025-02-06,,2025-02-06,[68100],22 Goodge Place London England W1T 4SL
PIZZA VAL LTD,16233383,active,ltd,,,2025-02-06,,2025-02-06,[56102],203-205 The Vale Acton London United Kingdom W3 7QS
KAIA MEDIA LTD,16233420,active,ltd,,,2025-02-06,,2025-02-06,[62090, 73110, 82990, 96090],71-75 Shelton Street London United Kingdom WC2H 9JQ
SETL-IN LTD,16233456,active,ltd,,,2025-02-06,,2025-02-06,[68100, 68209],128 City Road London United Kingdom EC1V 2NX
LUKE'S RECRUITS LTD,16233493,active,ltd,,,2025-02-06,,2025-02-06,[78109],64 High Street Wanstead London England E11 2RJ
CHOUCAIR COMMERCE LTD,16233559,active,ltd,,,2025-02-06,,2025-02-06,[47910],Silverstream House London England W1T 6EB
STUWARD LTD,16233564,active,ltd,,,2025-02-06,,2025-02-06,[62012, 85590],3rd Floor, 86-90 Paul Street London England EC2A 4NE
PROKRAFT LTD,16233554,active,ltd,,,2025-02-06,,2025-02-06,[41201, 41202, 43290, 43330],35 Pelham Road London England N15 4RN
LIBERATION MEDICINE LTD,16233721,active,ltd,,,2025-02-06,,2025-02-06,[86210],11 Cundy Road London England E16 3DJ
HARBOUR CLASSICS & PRESTIGE LIMITED,16233716,active,ltd,,,2025-02-06,,2025-02-06,[45112],Flat 30 Chelsea Vista London England SW6 2SD
NK MEDICAL PRACTICE LTD,16233858,active,ltd,,,2025-02-06,,2025-02-06,[86210],9 St. Andrews Road London United Kingdom NW11 0PH
HAZEX PROCESS SAFETY LTD,16233865,active,ltd,,,2025-02-06,,2025-02-06,[71122],128 City Road London United Kingdom EC1V 2NX
TWINSPACE LTD,16233941,active,ltd,,,2025-02-06,,2025-02-06,[74202],3rd Floor, 86-90 Paul Street London England EC2A 4NE
PROZDOR SUB LTD,16230998,active,ltd,,,2025-02-05,,2025-02-05,[68100],58 Rostrevor Avenue London United Kingdom N15 6LP
ANDELI LTD.,16231034,active,ltd,,,2025-02-05,,2025-02-05,[46900, 70229],41 Devonshire Street Ground Floor Office 1 London United Kingdom W1G 7AJ
AND FINE VENTURES LTD,16231010,active,ltd,,,2025-02-05,,2025-02-05,[46480, 47770],71-75 Shelton Street London United Kingdom WC2H 9JQ
TW-1005 LTD,16231005,active,ltd,,,2025-02-05,,2025-02-05,[68209],C/O Getground London England W6 0NB
GREENFLIP LTD,16231002,active,ltd,,,2025-02-05,,2025-02-05,[62012, 63110, 63120],71-75 Shelton Street London United Kingdom WC2H 9JQ
HALLOALLO LTD,16231051,active,ltd,,,2025-02-05,,2025-02-05,[47421],72 Fonthill Road London England N4 3HT
FARNHAM PET TRAVEL LTD,16231104,active,ltd,,,2025-02-05,,2025-02-05,[99999],71-75 Shelton Street London United Kingdom WC2H 9JQ
A.S.K. PARTNERS LENDCO H LIMITED,16231077,active,ltd,,,2025-02-05,,2025-02-05,[64921],35 Harley Street London United Kingdom W1G 9QU
CAREER TURN LTD,16231149,active,ltd,,,2025-02-05,,2025-02-05,[78200, 78300],20 Wenlock Road London England N1 7GU
DEGROSS HOLDINGS LTD,16231161,active,ltd,,,2025-02-05,,2025-02-05,[68209],10 Coldbath Square London England EC1R 5HL
YAHIA AHMED LIMITED,16231171,active,ltd,,,2025-02-05,,2025-02-05,[49320, 70229],93-101 Greenfiled Road London United Kingdom E1 1EJ
D.A.F MATERIALS LIMITED,16231218,active,ltd,,,2025-02-05,,2025-02-05,[46130],71 Littlebury Road London England SW4 6DW
EREN PHARMA LTD,16231315,active,ltd,,,2025-02-05,,2025-02-05,[86900],Flat 57 Chaucer Court London England N16 8TS
PANACEA BROKERS (HOLDINGS) LTD,16231311,active,ltd,,,2025-02-05,,2025-02-05,[64209],40 Mortimer Street London United Kingdom W1W 7RQ
EAST LONDON MOTORCYCLE SERVICES LIMITED,16227939,active,ltd,,,2025-02-04,,2025-02-04,[45400],62a Holland Road London England E6 2EP
VIRGINIA PARK TRADING LTD,16231287,active,ltd,,,2025-02-05,,2025-02-05,[46740],124 City Road London England EC1V 2NX
LUMECA SERVICES LIMITED,16231266,active,ltd,,,2025-02-05,,2025-02-05,[86900],Flat 16 Swanage House London England SW8 1AF
SERIOUSLY CLIENT CENTRIC LTD,16231310,active,ltd,,,2025-02-05,,2025-02-05,[70210, 70229],167 - 169 Great Portland Street London England W1W 5PF
GREY HAVENS LTD,16231343,active,ltd,,,2025-02-05,,2025-02-05,[68209],C/O Getground London England W6 0NB
GWARA LTD,16231370,active,ltd,,,2025-02-05,,2025-02-05,[69109, 70229, 82990, 96090],132 Valetta Road London England W3 7TH
DARTMOUTH AUTOMOTIVE STRATEGIC LIMITED,16231334,active,ltd,,,2025-02-05,,2025-02-05,[45112],Elsley Court London United Kingdom W1W 8BE
DEIDAMZ LIMITED,16231441,active,ltd,,,2025-02-05,,2025-02-05,[87900],3rd Floor, 86-90 Paul Street London United Kingdom EC2A 4NE
MOLLIE BROWNLOW CONSULTING LTD,16231442,active,ltd,,,2025-02-05,,2025-02-05,[70229],3rd Floor, 86-90 Paul Street London United Kingdom EC2A 4NE
CESK PROPERTY GROUP LIMITED,16231465,active,ltd,,,2025-02-05,,2025-02-05,[41100, 68100],Lynton House London United Kingdom WC1H 9BQ
STAREXE INVESTMENTS LIMITED,16231418,active,ltd,,,2025-02-05,,2025-02-05,[68209],149a Medcar House London United Kingdom N16 5LL
NEWLAND PARTNERSHIP LIMITED,16231414,active,ltd,,,2025-02-05,,2025-02-05,[68100],Beaumont House, 2nd Floor, London United Kingdom SW20 0LW
SILVER PINE HOLDINGS LTD,16231505,active,ltd,,,2025-02-05,,2025-02-05,[64209],71-75 Shelton Street London United Kingdom WC2H 9JQ
ASLAYEDUK LTD,16231506,active,ltd,,,2025-02-05,,2025-02-05,[96020],2 Woolwich Church Street London United Kingdom SE18 5NS
AMA LIVING SERVICES LTD,16231500,active,ltd,,,2025-02-05,,2025-02-05,[41100, 41202, 68100],128 City Road London United Kingdom EC1V 2NX
GODOHI LTD,16231555,active,ltd,,,2025-02-05,,2025-02-05,[47910],Suite 1075 5 Brayford Square London United Kingdom E1 0SG
CO HOST LONDON LIMITED,16231483,active,ltd,,,2025-02-05,,2025-02-05,[79909],11 Coldbath Square London United Kingdom EC1R 5HL
LRG CORPORATE LTD,16231567,active,ltd,,,2025-02-05,,2025-02-05,[56101, 56210, 70229],17 Plumbers Row London United Kingdom E1 1EQ
VALUECRAFT STUDIO LTD,16231542,active,ltd,,,2025-02-05,,2025-02-05,[62020],3rd Floor 86-90 Paul St London United Kingdom EC2A 4NE
WOODTHORPE CONSULTANTS LIMITED,16231529,active,ltd,,,2025-02-05,,2025-02-05,[70229],3rd Floor 86-90 Paul Street London United Kingdom EC2A 4NE
LINE CUT FILMS LTD,16231609,active,ltd,,,2025-02-05,,2025-02-05,[59112],128 City Road London England EC1V 2NX
PEYTONS SHIP LIMITED,16231738,active,ltd,,,2025-02-05,,2025-02-05,[55100],48 Coity Road London England NW5 4RY
REON LIMITED,16231713,active,ltd,,,2025-02-05,,2025-02-05,[96090],128 City Road London United Kingdom EC1V 2NX
ENKANU LTD,16231785,active,ltd,,,2025-02-05,,2025-02-05,[47750, 47910],124 City Road London United Kingdom EC1V 2NX
HDY PROPERTY LIMITED,16231956,active,ltd,,,2025-02-05,,2025-02-05,[68100],46 Selborne Road London United Kingdom E17 7JS
RESIGHT LEGAL LIMITED,16232070,active,ltd,,,2025-02-05,,2025-02-05,[63990],2nd Floor College House Ruislip, United Kingdom HA4 7AE
TCGLAB LTD,16232051,active,ltd,,,2025-02-05,,2025-02-05,[46499, 46510, 62011, 62012],71-75 Shelton Street London United Kingdom WC2H 9JQ
TRACER MIDCO LTD,16232202,active,ltd,,,2025-02-05,,2025-02-05,[64209],10th Floor 110 Cannon Street London United Kingdom EC4N 6EU
ARTIE INV LTD,16232293,active,ltd,,,2025-02-05,,2025-02-05,[46900, 62020, 66190, 73110],167 - 169 Great Portland Street London England W1W 5PF
HAZELNUT STAYS LTD,16232376,active,ltd,,,2025-02-05,,2025-02-05,[55100],124 City  Road London United Kingdom EC1V 2NX
AZZURRO TRATTORIA LTD,16232494,active,ltd,,,2025-02-05,,2025-02-05,[56101],255 Eltham High Street London England SE9 1TY
ENDEAVOR CONSULTING LTD,16232500,active,ltd,,,2025-02-05,,2025-02-05,[70229],Flat 22, 585, Heathrow Gateway London Road Slough United Kingdom SL3 8FB
BLACKHORSE MGT LTD,16232627,active,ltd,,,2025-02-05,,2025-02-05,[85600, 96040, 96090, 98000],71-75 Shelton Street London United Kingdom WC2H 9JQ
PRIME POSITION PROPERTIES LTD,16232799,active,ltd,,,2025-02-05,,2025-02-05,[41100, 64304],20 Wenlock Road London England N1 7GU
ELITE QA LTD,16232895,active,ltd,,,2025-02-05,,2025-02-05,[86900],124 City Road London United Kingdom EC1V 2NX
FULLER STRATEGIC HOLDINGS LIMITED,16233003,active,ltd,,,2025-02-05,,2025-02-05,[64209],Pendragon House St. Albans England AL1 1LJ
THOMPSON & CO CONSULTING LTD,16233100,active,ltd,,,2025-02-05,,2025-02-05,[70229],45 Ridley Road London England E7 0LU
DEALDASH&CO LTD,16233909,active,ltd,,,2025-02-06,,2025-02-06,[47789],21 Village Way London England NW10 0LN
JASON ALLARDYCE LTD,16233905,active,ltd,,,2025-02-06,,2025-02-06,[74909],3rd Floor, 86-90 Paul Street London United Kingdom EC2A 4NE
VALOR CAPITAL & PROPERTIES UK LTD,16233991,active,ltd,,,2025-02-06,,2025-02-06,[66300, 68100, 68209, 98000],124 City Road London England EC1V 2NX
HAPPYJAMES LTD,16230085,active,ltd,,,2025-02-05,,2025-02-05,[62012, 62020, 63120],71-75 Shelton Street London United Kingdom WC2H 9JQ
RED STEPS LTD,16230094,active,ltd,,,2025-02-05,,2025-02-05,[68209, 68310, 68320],20 Wenlock Road London England N1 7GU
CROUCH END ELECTRICAL LTD,16230095,active,ltd,,,2025-02-05,,2025-02-05,[43210],48 Topsfield Parade Tottenham Lane London United Kingdom N8 8PT
AVANZAR SURVEYORS LTD,16230200,active,ltd,,,2025-02-05,,2025-02-05,[74909],15, 2 Grove Place London United Kingdom SE9 5AL
GRACE & FAVOUR HOME CARE SERVICES LIMITED,16230192,active,ltd,,,2025-02-05,,2025-02-05,[87900],107 Maple Road London England SE20 8LP
SOUTHERN PH LTD,16230246,active,ltd,,,2025-02-05,,2025-02-05,[43220],71-75 Shelton Street London United Kingdom WC2H 9JQ
SANCTUARY STORIES LTD,16230261,active,ltd,,,2025-02-05,,2025-02-05,[62011],20 Wenlock Road London England N1 7GU
MIYAZU SUSHI LIMITED,16230270,active,ltd,,,2025-02-05,,2025-02-05,[56101],1st Floor 314 Regents Park Road London England N3 2LT
CHERVIL & STUBBS LIMITED,16230314,active,ltd,,,2025-02-05,,2025-02-05,[01190, 01290, 55209, 56210],10 Queen Street Place London United Kingdom EC4R 1AG
SPECIALIST ADVANCED SECURITY LIMITED,16230319,active,ltd,,,2025-02-05,,2025-02-05,[80100],124 City Road London United Kingdom EC1V 2NX
MELISSA MEHTA CONSULTING LTD,16230306,active,ltd,,,2025-02-05,,2025-02-05,[70229],20 Wenlock Road London England N1 7GU
HOME HUB LETTINGS LTD,16230313,active,ltd,,,2025-02-05,,2025-02-05,[68100, 68209, 68320],23a The Precinct Waterlooville United Kingdom PO7 7DT
JOSEPH JAMES & ASSOCIATES LIMITED,16230368,active,ltd,,,2025-02-05,,2025-02-05,[82990],Lubbock Fine Llp 65 Paternoster House, London United Kingdom EC4M 8AB
ALAN COLAM PSYCHOANALYST LIMITED,16230420,active,ltd,,,2025-02-05,,2025-02-05,[86220],Apartment A6-4 Arthouse London England N1C 4AS
MAYFAIR HERITAGE REAL ESTATE LIMITED,16230434,active,ltd,,,2025-02-05,,2025-02-05,[68100, 68209],17 Plumbers Row London United Kingdom E1 1EQ
FEVURA CONSULTING LTD,16230504,active,ltd,,,2025-02-05,,2025-02-05,[70229],Crane Court Ipswich United Kingdom IP2 0AJ
MAYFAIR HERITAGE TECH LIMITED,16230500,active,ltd,,,2025-02-05,,2025-02-05,[62012],17 Plumbers Row London United Kingdom E1 1EQ
FLY STR8IGHT LTD,16230486,active,ltd,,,2025-02-05,,2025-02-05,[46420, 47710, 47820],20 Wenlock Road London England N1 7GU
A&A PAVING AND CONSTRUCTION LTD,16230627,active,ltd,,,2025-02-05,,2025-02-05,[43999],5 Falcon Way London England NW9 5DT
BMAC AUTOMOTIVE LTD,16230643,active,ltd,,,2025-02-05,,2025-02-05,[45320],128 City Road London United Kingdom EC1V 2NX
GOLDSWORTHY ARTISTS LTD,16230731,active,ltd,,,2025-02-05,,2025-02-05,[74909],Unit 7a Mill Mead Industrial Centre London United Kingdom N17 9QU
TSAR GEMS LTD,16230739,active,ltd,,,2025-02-05,,2025-02-05,[24410, 46120, 46180],71-75 Shelton Street London United Kingdom WC2H 9JQ
SANTEX COO LTD,16230761,active,ltd,,,2025-02-05,,2025-02-05,[46420, 47710, 47910],20 Wenlock Road London England N1 7GU
PAGE PAINTING LTD,16230856,active,ltd,,,2025-02-05,,2025-02-05,[43341],60 Northern Avenue London England N9 9QX
J-A CONSTRUCTION (ALB) LTD,16230864,active,ltd,,,2025-02-05,,2025-02-05,[41202],27 Spondon Road London England N15 4DX
PANGEA BARAKA LTD,16230844,active,ltd,,,2025-02-05,,2025-02-05,[69201, 69202, 70229],Unit 2 60 Hanbury Street London England E1 5JL
BAROLO AI LTD,16230831,active,ltd,,,2025-02-05,,2025-02-05,[62012],Flat 2, 32 Hays Mews London England W1J 5PY
M M TIMBER WINDOWS LTD,16230833,active,ltd,,,2025-02-05,,2025-02-05,[43320, 43342],First Floor 459 Finchley Road London England NW3 6HN
THE VERDANT CONSULTING GROUP LIMITED,16230902,active,ltd,,,2025-02-05,,2025-02-05,[70229],5 Brayford Square London England E1 0SG
RICH ICON PROPERTIES LTD,16230905,active,ltd,,,2025-02-05,,2025-02-05,[68100, 68209],3rd Floor, 86-90 Paul Street London United Kingdom EC2A 4NE
WICM LTD,16231682,active,ltd,,,2025-02-05,,2025-02-05,[70229],Suite T2, Bates Business Centre Church Road Romford United Kingdom RM3 0JF
MEMEDIA LTD,16231681,active,ltd,,,2025-02-05,,2025-02-05,[90030],20 Wenlock Road London England N1 7GU
ATHIMA TRAVELLER LIMITED,16231692,active,ltd,,,2025-02-05,,2025-02-05,[79110, 79120, 79901, 79909],178 Seven Sisters Road London England N7 7PX
TRACER BIDCO LTD,16231651,active,ltd,,,2025-02-05,,2025-02-05,[64209],10th Floor, 110 Cannon Street London United Kingdom EC4N 6EU
ANDRE SUBCO 1 LTD,16231899,active,ltd,,,2025-02-05,,2025-02-05,[68100, 68209],8 Moresby Road London England E5 9LF
KD PROPERTY LETS LTD,16231921,active,ltd,,,2025-02-05,,2025-02-05,[68209],C/O Getground London England W6 0NB
HRD ENTERPRISES LTD,16231911,active,ltd,,,2025-02-05,,2025-02-05,[47290],334-336 Goswell Road London England EC1V 7RP
REDEFINE EDUTECH LIMITED,16232156,active,ltd,,,2025-02-05,,2025-02-05,[62020, 70229, 85600, 90030],167-169 Great Portland Street London England W1W 5PF
BETTER LIVING ENTERPRISES LTD,16232178,active,ltd,,,2025-02-05,,2025-02-05,[63110, 63120],128 City Road London United Kingdom EC1V 2NX
THE BINKS CO. LTD,16232258,active,ltd,,,2025-02-05,,2025-02-05,[74100],20 Wenlock Road London England N1 7GU
CREATIVE SUPPORTED LIVING LIMITED,16232442,active,ltd,,,2025-02-05,,2025-02-05,[86102, 87100, 87200, 87300],Wing 1, Level 9 Berkeley Square House London United Kingdom W1J 6BY
VERTEX MOTOR SPORTS LIMITED,16232570,active,ltd,,,2025-02-05,,2025-02-05,[93199],Solar House London England N14 6NZ
BOT ELEC LTD,16232664,active,ltd,,,2025-02-05,,2025-02-05,[43210],3rd Floor, 86-90 Paul Street London United Kingdom EC2A 4NE
IOACA TRANS LTD,16232751,active,ltd,,,2025-02-05,,2025-02-05,[49410],200 Bounces Road London England N9 8LA
ATLANTIC TANK SERVICES LIMITED,16232729,active,ltd,,,2025-02-05,,2025-02-05,[49410],71-75 Shelton Street London United Kingdom WC2H 9JQ
HADAR PROPERTIES LTD,16232839,active,ltd,,,2025-02-05,,2025-02-05,[68100],63a Elm Park Avenue London United Kingdom N15 6UN
MATHAMBO'S HOUSE LTD,16232950,active,ltd,,,2025-02-05,,2025-02-05,[90030],167 - 169 Great Portland Street London England W1W 5PF
ABIDCO COMMERCIAL INVESTMENT LTD,16232941,active,ltd,,,2025-02-05,,2025-02-05,[68100],152 Forest Road London England E17 6JQ
KA & HO LIMITED,16232993,active,ltd,,,2025-02-05,,2025-02-05,[56103],8 Wing Yip Business Centre, 395 Edgware Road London United Kingdom NW2 6LN
TROPICAL TAKEOVER LTD,16232995,active,ltd,,,2025-02-05,,2025-02-05,[93290],Flat 52 St. Aubins Court London England N1 5TN
WYTE OAK LTD,16233088,active,ltd,,,2025-02-05,,2025-02-05,[81210],13 Finch Avenue London England SE27 9TX
SCHARFE LIMITED,16233279,active,ltd,,,2025-02-05,,2025-02-05,[46900, 56210],Flat 12 Gladwin House London England NW1 1PJ
CLAYHALL ROAD LTD,16233522,active,ltd,,,2025-02-06,,2025-02-06,[68100, 68209],Flat 13 Gordon House London United Kingdom N16 5FG
AFRICANDRINKSANDFOODS LIMITED,16233809,active,ltd,,,2025-02-06,,2025-02-06,[56101, 56210],1330 London Road London United Kingdom SW16 4DG
KANATAQ LTD.,16233870,active,ltd,,,2025-02-06,,2025-02-06,[63990],128 City Road London United Kingdom EC1V 2NX
ALTERNATIVE FOODS AND BEVERAGES LTD,16233958,active,ltd,,,2025-02-06,,2025-02-06,[56103],128 City Road London United Kingdom EC1V 2NX
SEE DOUBLE OKAY (SPV2) LTD,16226915,active,ltd,,,2025-02-04,,2025-02-04,[68100],128 City Road London United Kingdom EC1V 2NX
TIBER MARINE LTD,16226912,active,ltd,,,2025-02-04,,2025-02-04,[46140, 58142, 71200],19 The Circle London England SE1 2JE
POETRY FOR STRANGERS LTD,16227038,active,ltd,,,2025-02-04,,2025-02-04,[90030],128 City Road London United Kingdom EC1V 2NX
RM & IG LTD,16226905,active,ltd,,,2025-02-04,,2025-02-04,[68100, 68209],Proview Accountants 315 Regents Park Road, Finchley Central London England N3 1DP
ELITE CLUB CLOTHING LTD,16226896,active,ltd,,,2025-02-04,,2025-02-04,[47710, 47820],20 Wenlock Road London England N1 7GU
IOA CAPITAL LIMITED,16227263,active,ltd,,,2025-02-04,,2025-02-04,[64209],182a London Road Leicester England LE2 1ND
REZIVY TTS LTD,16227778,active,ltd,,,2025-02-04,,2025-02-04,[47990],166c Westbourne Park Road London United Kingdom W11 1BT
DIVERCA LIMITED,16227894,active,ltd,,,2025-02-04,,2025-02-04,[82990],Flat 37 Clifton Court London England NW8 8HT
MDA NATIONAL LTD,16228132,active,ltd,,,2025-02-04,,2025-02-04,[68310, 98000],20 Wenlock Road London England N1 7GU
FBC CARPENTRY LIMITED,16228290,active,ltd,,,2025-02-04,,2025-02-04,[16230, 41202],554 Green Lanes London United Kingdom N13 5SA
MBS EMPOWER LTD,16228288,active,ltd,,,2025-02-04,,2025-02-04,[70229],128 City Road London United Kingdom EC1V 2NX
UKODA LTD,16228286,active,ltd,,,2025-02-04,,2025-02-04,[78300, 80200, 81100, 82302],71-75 Shelton Street London United Kingdom WC2H 9JQ
XCLAIM CLOTHING LIMITED,16228263,active,ltd,,,2025-02-04,,2025-02-04,[47910],41 Old Hospital Close London England SW12 8SR
MATILDA & CO. LIMITED,16228404,active,ltd,,,2025-02-04,,2025-02-04,[82990],3rd Floor 1 London Square Guildford United Kingdom GU1 1UN
STANSTED GARAGE LTD,16228664,active,ltd,,,2025-02-04,,2025-02-04,[45200],23a The Precinct Waterlooville United Kingdom PO7 7DT
PRODUCT NORTH CONSULTING LIMITED,16228655,active,ltd,,,2025-02-04,,2025-02-04,[62020],71-75 Shelton Street London United Kingdom WC2H 9JQ
ITSKUTE LTD,16228818,active,ltd,,,2025-02-04,,2025-02-04,[47190],71-75 Shelton Street London United Kingdom WC2H 9JQ
THE ONLY LION CONSTRUCTION LTD,16229105,active,ltd,,,2025-02-04,,2025-02-04,[41202],21 Spencer Road London England N17 9UU
BLACK POINT PATRIMONIAL (UK) LTD,16229234,active,ltd,,,2025-02-04,,2025-02-04,[64999, 66190, 70229, 96090],167 - 169 Great Portland Street London England W1W 5PF
BARKAF CONSULTANCY LTD,16229339,active,ltd,,,2025-02-04,,2025-02-04,[70229],128 City Road London United Kingdom EC1V 2NX
LONGFORD & CO CONSULTING LTD,16229327,active,ltd,,,2025-02-04,,2025-02-04,[62020],Flat 903, Walton Heights Union Wharf London United Kingdom SE8 3GW
ASHAA HOMES LIMITED,16229456,active,ltd,,,2025-02-04,,2025-02-04,[68100, 98000],111 Carlton Road London England E17 5RA
FF COMPLIANCE SOLUTIONS LTD,16229458,active,ltd,,,2025-02-04,,2025-02-04,[70229],Silverstream House London England W1T 6EB
W6 GYM LTD,16229633,active,ltd,,,2025-02-04,,2025-02-04,[93130],Arch 200 Prebend Gardens London United Kingdom W6 0XT
HOMEFIX SPARES LTD,16229764,active,ltd,,,2025-02-04,,2025-02-04,[47910],2 Craven Park Road London England N15 6AB
TEE’S FLAVOURS LTD,16229763,active,ltd,,,2025-02-04,,2025-02-04,[56210],32 Sydenham Park Road London England SE26 4ED
UK SMALL BUSINESS LTD,16229844,active,ltd,,,2025-02-04,,2025-02-04,[58190],27 Copper Court 2 Essex Wharf London England E5 9QG
MIDMA CONSULTING LTD,16229858,active,ltd,,,2025-02-04,,2025-02-04,[62020],124-128 City Road London England EC1V 2NX
THE GR COMPANY CONSULTANCY LIMITED,16236956,active,ltd,,,2025-02-07,,2025-02-07,[70229],25 Wilton Road Victoria London United Kingdom SW1V 1LW
BLUE OCEANZ LIMITED,16237000,active,ltd,,,2025-02-07,,2025-02-07,[60200, 70229, 73110, 73120],128 City Road London United Kingdom EC1V 2NX
FORTUNEWOMEN LTD,16237056,active,ltd,,,2025-02-07,,2025-02-07,[63120, 85590],Flat 1 Narrow Street 69 London United Kingdom E14 8EJ
THE BEST SHAWRMA&BROASTED LIMITED,16237061,active,ltd,,,2025-02-07,,2025-02-07,[56103, 56290],32 High Road London England NW10 2QD
HPRG LTD,16237066,active,ltd,,,2025-02-07,,2025-02-07,[56101],71-75 Shelton Street London United Kingdom WC2H 9JQ
FHR CORPORATION LTD,16237097,active,ltd,,,2025-02-07,,2025-02-07,[98000],63 Strathdon Drive London England SW17 0PR
EAHH LTD,16237086,active,ltd,,,2025-02-07,,2025-02-07,[68209],128 City Road London United Kingdom EC1V 2NX
TONIS AMALFI LIMITED,16237137,active,ltd,,,2025-02-07,,2025-02-07,[56101],123 Queenstown Road London England SW8 3RH
MILOS INK LTD,16237128,active,ltd,,,2025-02-07,,2025-02-07,[58210, 58290, 90030],71-75 Shelton Street London United Kingdom WC2H 9JQ
AJEH CONSULTING LIMITED,16237169,active,ltd,,,2025-02-07,,2025-02-07,[70229],128 City Road London United Kingdom EC1V 2NX
SKIN SYMPHONY BY SAM LTD,16237168,active,ltd,,,2025-02-07,,2025-02-07,[96020, 96090],71-75 Shelton Street London United Kingdom WC2H 9JQ
JOSEPH HOMES LIMITED,16237200,active,ltd,,,2025-02-07,,2025-02-07,[68209],25 Craven Park Road London England N15 6AA
27 BETHUNE ROAD FREEHOLD LIMITED,16237189,active,ltd,,,2025-02-07,,2025-02-07,[98000],27 Bethune Road London United Kingdom N16 5DA
DRAMATIC RESOURCES GROUP LIMITED,16237221,active,ltd,,,2025-02-07,,2025-02-07,[64209],5 Jaggard Way London England SW12 8SG
RGEM ASSETS LTD,16237245,active,ltd,,,2025-02-07,,2025-02-07,[77390, 77400],128 City Road London United Kingdom EC1V 2NX
PACIFIC SELF STORAGE SPAIN PROPERTY TOPCO LIMITED,16237248,active,ltd,,,2025-02-07,,2025-02-07,[64209],124 Sloane Street London England SW1X 9BW
EVOLVE BUILDING MANAGEMENT LTD,16237234,active,ltd,,,2025-02-07,,2025-02-07,[74909],3rd Floor, 86-90 Paul Street London United Kingdom EC2A 4NE
KILBURN STAY LIMITED,16237253,active,ltd,,,2025-02-07,,2025-02-07,[55100],Midas London United Kingdom NW6 1SG
RGEM MANAGEMENT LTD,16237334,active,ltd,,,2025-02-07,,2025-02-07,[68209, 68320],128 City Road London United Kingdom EC1V 2NX
TRIBINGO LIMITED,16237333,active,ltd,,,2025-02-07,,2025-02-07,[68209],C/O Getground London England W6 0NB
GOLDEN LETTER PROPERTIES LTD,16237357,active,ltd,,,2025-02-07,,2025-02-07,[68100, 68209, 68320],3 Maldon Close London England SE5 8DD
SPORTS TALENT INTERNATIONAL LTD,16237373,active,ltd,,,2025-02-07,,2025-02-07,[70229, 85510],71-75 Shelton Street London United Kingdom WC2H 9JQ
SOHO CONSULTANCY LIMITED,16237408,active,ltd,,,2025-02-07,,2025-02-07,[96090],32 Willoughby Road London England N8 0JG
EYETHRIVE LTD,16237396,active,ltd,,,2025-02-07,,2025-02-07,[62012],2nd Floor College House Ruislip, United Kingdom HA4 7AE
HYBLANCORA LTD,16237418,active,ltd,,,2025-02-07,,2025-02-07,[82990],Lynton House London United Kingdom WC1H 9BQ
F & J HOSPITALITY (LONDON) LTD,16237441,active,ltd,,,2025-02-07,,2025-02-07,[56210],27 Old Gloucester Street London United Kingdom WC1N 3AX
ARNA INVESTMENT PROPERTIES LTD,16237435,active,ltd,,,2025-02-07,,2025-02-07,[68100, 68209],54 Brookfield Road London England N9 0DP
LONDON PRESSURE WASHING LTD,16237463,active,ltd,,,2025-02-07,,2025-02-07,[81210],8 Chervil Mews London England SE28 8EQ
LOIRE SUB LIMITED,16237459,active,ltd,,,2025-02-07,,2025-02-07,[64999],10th Floor 110 Cannon Street London United Kingdom EC4N 6EU
CENTRAL BUILDINGS LTD,16237455,active,ltd,,,2025-02-07,,2025-02-07,[68209],20 Wenlock Road London England N1 7GU
T.J SMITH FILM TRANSPORT LTD,16237509,active,ltd,,,2025-02-07,,2025-02-07,[96090],70 Bounces Road London England N9 8JS
VIOTAG LTD,16237525,active,ltd,,,2025-02-07,,2025-02-07,[62012],85 Great Portland Street London England W1W 7LT
FRANKE DESIGNS LTD,16233828,active,ltd,,,2025-02-06,,2025-02-06,[74100],167-169 Great Portland Street London England W1W 5PF
R&R ADVISORY LTD,16237578,active,ltd,,,2025-02-07,,2025-02-07,[70229],3rd Floor, 86-90 Paul Street London United Kingdom EC2A 4NE
VITA NOVA THERAPY LIMITED,16237608,active,ltd,,,2025-02-07,,2025-02-07,[86900],1278 High Road London England N20 9HH
NBA CLINIC LTD,16237629,active,ltd,,,2025-02-07,,2025-02-07,[96020],128 City Road London United Kingdom EC1V 2NX
LVP SEED (TRUSTEE) II LIMITED,16237626,active,ltd,,,2025-02-07,,2025-02-07,[66300],25 Eccleston Place London England SW1W 9NF
ANERGI NIGERIA COMMERCIAL HOLDINGS LIMITED,16237638,active,ltd,,,2025-02-07,,2025-02-07,[70100],85 Gresham Street London England EC2V 7NQ
COSTAIN ENGINEERING LIMITED,16237690,active,ltd,,,2025-02-07,,2025-02-07,[71129],Seventh Floor London United Kingdom EC3A 8BE
THE KAIZEN SKILL LTD,16237668,active,ltd,,,2025-02-07,,2025-02-07,[70229, 78109, 78300, 82990],71-75 Shelton Street London United Kingdom WC2H 9JQ
PA PARTNERSHIP LIMITED,16237718,active,ltd,,,2025-02-07,,2025-02-07,[64209],237 Regents Park Road London England N3 3LF
KU TRANSPORT LTD,16237731,active,ltd,,,2025-02-07,,2025-02-07,[49410],Forest House Business Centre London England E11 1HT
LANZANTE MOTORSPORTS LTD,16237788,active,ltd,,,2025-02-07,,2025-02-07,[99999],23 London Road Petersfield United Kingdom GU31 4BQ
ORFIQ AI SOLUTIONS LIMITED,16237817,active,ltd,,,2025-02-07,,2025-02-07,[62012, 62090],167-169 Great Portland Street London England W1W 5PF
NEDA DESIGN LTD,16237822,active,ltd,,,2025-02-07,,2025-02-07,[13923],Unit 6a, 10 Acklam Road London United Kingdom W10 5QZ
AMIRO PROPERTIES LIMITED,16237885,active,ltd,,,2025-02-07,,2025-02-07,[68209],19 Mitchell Way London United Kingdom NW10 0PT
QUICK FIX B&M LTD,16237935,active,ltd,,,2025-02-07,,2025-02-07,[41100, 41201, 41202, 43220],Unit 6 234-236 Whitechapel Road London United Kingdom E1 1BJ
STANDARD PROPERTIES LH LTD,16237968,active,ltd,,,2025-02-07,,2025-02-07,[68209],Quadrant House, Floor 6 London United Kingdom E1W 1YW
DAVAN JEWELRY LTD,16237959,active,ltd,,,2025-02-07,,2025-02-07,[47770],822 High Road London England N12 9RA
REMETEA LIMITED,16238017,active,ltd,,,2025-02-07,,2025-02-07,[10831],Flat 41 Amparo House London England SE10 8GX
LONGEVIX LTD,16238048,active,ltd,,,2025-02-07,,2025-02-07,[47190, 47910],5 Brayford Square London England E1 0SG
FORSALE LTD,16238107,active,ltd,,,2025-02-07,,2025-02-07,[62090, 63120],178 Katherine Road London England E6 1ER
ALLIMBER LIMITED,16238157,active,ltd,,,2025-02-07,,2025-02-07,[62012, 70229],Flat 14 Starling House London England NW8 7BS
PYRAMIDS GRILL LIMITED,16238223,active,ltd,,,2025-02-08,,2025-02-08,[56103],25 Camden High Street London England NW1 7JE
RUGASAURUSREX LTD,16238259,active,ltd,,,2025-02-08,,2025-02-08,[47910],3rd Floor, 86-90 Paul Street London England EC2A 4NE
FILO SPORTS LTD,16238299,active,ltd,,,2025-02-08,,2025-02-08,[62090],8 Boscombe Avenue London England E10 6HY
PORTICO STUDIOS LTD,16238321,active,ltd,,,2025-02-08,,2025-02-08,[59112, 90040],23a Knights Hill London England SE27 0HS
MYPLUTO LIMITED,16238361,active,ltd,,,2025-02-08,,2025-02-08,[47190],39 Nursery Road London England N14 5QD
BARDA INVESTMENTS LIMITED,16241532,active,ltd,,,2025-02-10,,2025-02-10,[68209],85 Great Portland Street London United Kingdom W1W 7LT
FLUSHNFIX LTD,16241515,active,ltd,,,2025-02-10,,2025-02-10,[43220],Flat 9 2a Cordelia Street London England E14 6DZ
WE SETUP BUSINESS LTD,16241554,active,ltd,,,2025-02-10,,2025-02-10,[70229, 73200, 82990],115 London Road Morden England SM4 5HP
SOLVE AND RESOLVE LTD,16241552,active,ltd,,,2025-02-10,,2025-02-10,[62090],20 Wenlock Road London England N1 7GU
NEXAEXPERT LTD,16241644,active,ltd,,,2025-02-10,,2025-02-10,[82990],71-75 Shelton Street London United Kingdom WC2H 9JQ
RMC NEGOCE LTD,16241683,active,ltd,,,2025-02-10,,2025-02-10,[46110],71-75 Shelton Street London United Kingdom WC2H 9JQ
TECHBEE SOLUTIONS LTD,16241681,active,ltd,,,2025-02-10,,2025-02-10,[62020],71-75 Shelton Street London United Kingdom WC2H 9JQ
INFINITE ZOOM LTD,16241703,active,ltd,,,2025-02-10,,2025-02-10,[90030],1st Floor 104 Oxford Street London United Kingdom W1D 1LP
WALWORTH ESTATES LIMITED,16241744,active,ltd,,,2025-02-10,,2025-02-10,[68100, 68209],16 Portland Avenue London England N16 6ET
WALTON STREET ENTERPRISES LTD,16241757,active,ltd,,,2025-02-10,,2025-02-10,[68209],109 A Walton Street London England SW3 2HP
MOR ESTATES LTD,16241755,active,ltd,,,2025-02-10,,2025-02-10,[68100, 68310],20 Wenlock Road London England N1 7GU
CHIMES INVESTMENTS LTD,16241866,active,ltd,,,2025-02-10,,2025-02-10,[68209],286b Chase Road London United Kingdom N14 6HF
C DELIVERIES LIMITED,16241851,active,ltd,,,2025-02-10,,2025-02-10,[52290],128 City Road London United Kingdom EC1V 2NX
BOOK YOUR SERVICE LIMITED,16241919,active,ltd,,,2025-02-10,,2025-02-10,[81222],203-205 The Vale London England W3 7QS
CITISESH LTD,16241927,active,ltd,,,2025-02-10,,2025-02-10,[56210],7 Malvern Road London United Kingdom CR7 7LU
LION DEVELOPMENT DIGITAL LTD,16241988,active,ltd,,,2025-02-10,,2025-02-10,[58290, 62012, 62090, 73110],Flat 24 9-11 Wenlock Street London England N1 7EX
HARVEY-SCHOLES & PARTNERS LIMITED,16241969,active,ltd,,,2025-02-10,,2025-02-10,[70229, 82990],167-169 Great Portland Street London United Kingdom W1W 5PF
R&R MORTGAGE SERVICES LTD,16242004,active,ltd,,,2025-02-10,,2025-02-10,[64922],2 Cobden Mews Wimbledon England SW19 1RH
MOVERS AND VAN LTD,16242071,active,ltd,,,2025-02-10,,2025-02-10,[49420, 53202],128 City Road London United Kingdom EC1V 2NX
LJ JEWELS LTD,16242085,active,ltd,,,2025-02-10,,2025-02-10,[32120],Unit 3, Office A, 1st Floor London England EC3R 8EE
SKILLISSUE TECH LTD,16242141,active,ltd,,,2025-02-10,,2025-02-10,[47910],3rd Floor, 86-90 Paul Street London United Kingdom EC2A 4NE
HAMMERDB LTD,16242138,active,ltd,,,2025-02-10,,2025-02-10,[62012, 62020],3rd Floor, 86-90 Paul Street London England EC2A 4NE
E-VEEZY HUBS LTD,16242158,active,ltd,,,2025-02-10,,2025-02-10,[47300],First Floor Bagshot United Kingdom GU19 5HD
ALPINE AMBIENCE LIMITED,16242224,active,ltd,,,2025-02-10,,2025-02-10,[68100, 68320],Ground Floor London United Kingdom E1 0ND
REJUVIC HEALTH LTD,16242191,active,ltd,,,2025-02-10,,2025-02-10,[96090],71-75 Shelton Street London United Kingdom WC2H 9JQ
PC AND MAC DOCTOR LIMITED,16242289,active,ltd,,,2025-02-10,,2025-02-10,[62090],220 Mare Street London England E8 3RD
EMMA GREEN CONSULTANCY LTD,16242318,active,ltd,,,2025-02-10,,2025-02-10,[70229],37 Beasley House London United Kingdom SE15 2FD
CHIMERA BRAND DEVELOPMENT LTD,16239401,active,ltd,,,2025-02-10,,2025-02-10,[46342],167-169 Great Portland Street London England W1W 5PF
PROJECT RIVER BIDCO LIMITED,16242308,active,ltd,,,2025-02-10,,2025-02-10,[64209],C/O Kester Capital Llp, 14-16 Bruton Place London United Kingdom W1J 6LX
GREAT SCOTT VENTURES LIMITED,16242293,active,ltd,,,2025-02-10,,2025-02-10,[68209],First Floor London United Kingdom N12 0DA
PINNACLE ASSOCIATES LTD,16242350,active,ltd,,,2025-02-10,,2025-02-10,[43210],63 Chase Way London United Kingdom N14 5EA
STREET PADEL LTD,16242323,active,ltd,,,2025-02-10,,2025-02-10,[47640, 93110],684 High Road Leyton London England E10 6JP
LE TALENT LTD,16242331,active,ltd,,,2025-02-10,,2025-02-10,[73110],61 Trilby Road London England SE23 2DP
SHOFFICE VENTURES LIMITED,16242378,active,ltd,,,2025-02-10,,2025-02-10,[74909],11 Priory Grove London England SW8 2PD
SUNRISE DOUBLE GLAZING UK LTD,16242505,active,ltd,,,2025-02-10,,2025-02-10,[43342],749 Romford Road London England E12 5AW
LIMARES LTD,16242530,active,ltd,,,2025-02-10,,2025-02-10,[81210, 81299],Flat 58 Mccarthy Court London England SW11 3ET
SMART GUBKA BOB CLEANING LIMITED,16242616,active,ltd,,,2025-02-10,,2025-02-10,[81210],1b Poland Street London England W1F 8PR
TWENTY EIGHT TALENT LTD,16242661,active,ltd,,,2025-02-10,,2025-02-10,[73110],3rd Floor, 86-90 Paul Street London United Kingdom EC2A 4NE
FINANCE AND BUSINESS PLANNING LIMITED,16242650,active,ltd,,,2025-02-10,,2025-02-10,[70221],C/O Emmaus Chartered Accountants Camberley United Kingdom GU15 3HL
DRIGITAL LTD,16242746,active,ltd,,,2025-02-10,,2025-02-10,[59132, 62020, 63990, 96090],71-75 Shelton Street London United Kingdom WC2H 9JQ
ESA PHYSIO LTD,16242747,active,ltd,,,2025-02-10,,2025-02-10,[86900],4 Bexhill Walk London England E15 3JG
SSK FOOD SERVICES LTD,16242843,active,ltd,,,2025-02-10,,2025-02-10,[56103],White Hart House 257 London Road Stockport England SK7 4PL
VAS MANAGEMENT LTD,16242859,active,ltd,,,2025-02-10,,2025-02-10,[68320],Unit 60 Mill Mead Road London United Kingdom N17 9QU
NEWMAN STAYS LTD,16242865,active,ltd,,,2025-02-10,,2025-02-10,[55100, 68209, 68320],20-22 Wenlock Road London England N1 7GU
BE.GI.MA LTD,16242926,active,ltd,,,2025-02-10,,2025-02-10,[56210, 64921, 70229, 98000],126 East Ferry  Road London England E14 9FP
M4S HOLDINGS LIMITED,16242930,active,ltd,,,2025-02-10,,2025-02-10,[64209],188 Brent Street London England NW4 1BE
NICOLE ALICE HARRISON LIMITED,16242963,active,ltd,,,2025-02-11,,2025-02-11,[47910],29728 Office Suite 29a, 3/F., 23 Wharf Street London England SE8 3GG
COCONUT THAI LIMITED,16242984,active,ltd,,,2025-02-11,,2025-02-11,[56102],C/O Golder Baqa Ground Floor London United Kingdom EC1R 3DB
SW HORIZON LIMITED,16227849,active,ltd,,,2025-02-04,,2025-02-04,[86900],65 Doriend Road Raynes Park London United Kingdom SW20 8EL
AMACO PARTNERSHIP LTD.,16242994,active,ltd,,,2025-02-11,,2025-02-11,[68310],1st Floor Arthur Stanley House London United Kingdom W1T 4RN
FLY HOLDINGS LTD,16243011,active,ltd,,,2025-02-11,,2025-02-11,[56302],20 Wenlock Road London England N1 7GU
MCMTRAVELS LTD,16243050,active,ltd,,,2025-02-11,,2025-02-11,[79110],71-75 Shelton Street London United Kingdom WC2H 9JQ
AMBASH LTD,16243082,active,ltd,,,2025-02-11,,2025-02-11,[85310],First Floor Winston House London United Kingdom N3 1DH
NUMERIQUAI LIMITED,16243099,active,ltd,,,2025-02-11,,2025-02-11,[62012],71-75 Shelton Street London United Kingdom WC2H 9JQ
QUASAR ANALYTICS LTD,16243111,active,ltd,,,2025-02-11,,2025-02-11,[62020],71-75 Shelton Street London United Kingdom WC2H 9JQ
VEA WEALTH MANAGEMENT LTD,16243204,active,ltd,,,2025-02-11,,2025-02-11,[64999],Lynton House London United Kingdom WC1H 9BQ
KINGDOM ASSOCIATES LIMITED,16243217,active,ltd,,,2025-02-11,,2025-02-11,[22110, 96090],Stirling House 9 Burroughs Gardens London United Kingdom NW4 4AU
UGN BILISIM INTERNET HIZMETLERI LTD,16243199,active,ltd,,,2025-02-11,,2025-02-11,[62020, 63110],71-75 Shelton Street London United Kingdom WC2H 9JQ
CLEARVISION FIRE & SECURITY SOLUTIONS LTD,16243228,active,ltd,,,2025-02-11,,2025-02-11,[43210],71-75 Shelton Street London United Kingdom WC2H 9JQ
IPOWER SMART ENERGY CLUSTER LTD,16243235,active,ltd,,,2025-02-11,,2025-02-11,[35110, 35120, 35130, 35140],20 Wenlock Road London England N1 7GU
LOW WOOD LIMITED,16243263,active,ltd,,,2025-02-11,,2025-02-11,[73120, 90020],45b Wakeman Road London United Kingdom NW10 5BJ
EML PROPERTY LTD,16243287,active,ltd,,,2025-02-11,,2025-02-11,[68100, 68201, 68209, 68320],Demsa Accounts London England N8 0RL
YOUTHFUL LIVING LTD,16243281,active,ltd,,,2025-02-11,,2025-02-11,[86900],Suite 609 - Britannia House London United Kingdom W6 0LH
PROJECT MUSHROOM LIMITED,16243334,active,ltd,,,2025-02-11,,2025-02-11,[47910],71-75 Shelton Street London United Kingdom WC2H 9JQ
MIND COMPASS LIMITED,16243392,active,ltd,,,2025-02-11,,2025-02-11,[85590, 85600, 86900, 96040],71-75 Shelton Street London United Kingdom WC2H 9JQ
AHBS CONSULTING LIMITED,16243390,active,ltd,,,2025-02-11,,2025-02-11,[70229],47 Iveley Road London United Kingdom SW4 0EN
UNIX BEAUTY LTD,16243403,active,ltd,,,2025-02-11,,2025-02-11,[47990],Office 11613 182-184 High Street North East Ham London United Kingdom E6 2JA
NOBEL PROPERTY LTD,16243399,active,ltd,,,2025-02-11,,2025-02-11,[68100],196e Campden Hill Road London United Kingdom W8 7TH
9 WHITE HART LANE LIMITED,16243418,active,ltd,,,2025-02-11,,2025-02-11,[68100, 68209, 68320],253 Gray's Inn Road London United Kingdom WC1X 8QT
PHNX PERFORMANCE CENTRE LTD,16243447,active,ltd,,,2025-02-11,,2025-02-11,[93130],Seymour Chambers Liverpool United Kingdom L3 5NW
GOLDFISH LTD,16243493,active,ltd,,,2025-02-11,,2025-02-11,[82110],71-75 Shelton Street London United Kingdom WC2H 9JQ
PIZZA N16 LIMITED,16243538,active,ltd,,,2025-02-11,,2025-02-11,[56103],122 Green Lanes London England N16 9EH
STAYSCAPE DIGITAL LIMITED,16243565,active,ltd,,,2025-02-11,,2025-02-11,[62020],Kingsbourne House London United Kingdom WC1V 7DA
MHE INTERNATIONAL LTD,16243564,active,ltd,,,2025-02-11,,2025-02-11,[90020, 90030],187 Drury Lane London England WC2B 5QD
EN3 HOUSING LTD,16243611,active,ltd,,,2025-02-11,,2025-02-11,[68100],106 Hall Lane London England E4 8EU
BIRCH & HODGSON LTD,16243612,active,ltd,,,2025-02-11,,2025-02-11,[47510, 47789],27 Old Gloucester Street London United Kingdom WC1N 3AX
VISHA SERVICES LTD,16243633,active,ltd,,,2025-02-11,,2025-02-11,[41201, 41202],11 Allis Mews London United Kingdom CM17 9JY
REAL ESTEEM ACCOMMODATION LTD,16243649,active,ltd,,,2025-02-11,,2025-02-11,[55209],Suite Ra01 195-197 Wood Street London United Kingdom E17 3NU
SECUREDEBIT LIMITED,16243645,active,ltd,,,2025-02-11,,2025-02-11,[66190],99 White Lion Street London United Kingdom N1 9PF
PROPERTY DELUXE LTD,16243678,active,ltd,,,2025-02-11,,2025-02-11,[68209],20 Wenlock Road London England N1 7GU
CRANDON HOLDINGS LIMITED,16243725,active,ltd,,,2025-02-11,,2025-02-11,[70221],27 Hill St London United Kingdom W1J 5LP
SOLOS INTERNATIONAL LTD,16243733,active,ltd,,,2025-02-11,,2025-02-11,[94120],5 Brayford Square London United Kingdom E1 0SG
BEYT TOVA SOLICITORS LTD,16243762,active,ltd,,,2025-02-11,,2025-02-11,[69102],45 Waddington Road London England E15 1QL
GREEN EP DEVELOPMENT LIMITED,16243809,active,ltd,,,2025-02-11,,2025-02-11,[68100, 68209, 68320],Office A6 Atlas Business Centre London United Kingdom NW2 7HJ
MASKONSULT LTD,16243853,active,ltd,,,2025-02-11,,2025-02-11,[62020],71-75 Shelton Street London United Kingdom WC2H 9JQ
CEVIK FISH LTD,16243916,active,ltd,,,2025-02-11,,2025-02-11,[56103],500 White Hart Lane London England N17 7NA
APPSOLUTE STUDIO LTD,16243898,active,ltd,,,2025-02-11,,2025-02-11,[62012],71-75 Shelton Street London United Kingdom WC2H 9JQ
THE WORKTOP MEN LTD,16243956,active,ltd,,,2025-02-11,,2025-02-11,[43290],1-2 Charterhouse Mews London United Kingdom EC1M 6BB
DIGITALER DOKUMENTENSERVICE LTD,16243949,active,ltd,,,2025-02-11,,2025-02-11,[63110],128 City Road London United Kingdom EC1V 2NX
BROOMFIELD LODGE LTD,16243976,active,ltd,,,2025-02-11,,2025-02-11,[87100, 87300],64 Crown Woods Way London England SE9 2NN
PACT ORIENTAL CUISINE LTD,16244039,active,ltd,,,2025-02-11,,2025-02-11,[56101],15 Wardour Street London England W1D 6PH
MAX SMITH LIMITED,16244111,active,ltd,,,2025-02-11,,2025-02-11,[70229],66a Burma Road London England N16 9BJ
O-ZONE FOR CONSULTING LTD,16224179,active,ltd,,,2025-02-03,,2025-02-03,[82990],124-128 City Road London England EC1V 2NX
COMPOSURE LONDON LTD,16244075,active,ltd,,,2025-02-11,,2025-02-11,[47910],23 Chesterton Terrace London England E13 0DG
MARCO VECCHIATO VS SERVICES LTD,16244093,active,ltd,,,2025-02-11,,2025-02-11,[75000],Flat 116 27 Chandlers Avenue London England SE10 0SN
MAGGI BRUNCH LTD,16244128,active,ltd,,,2025-02-11,,2025-02-11,[56210],Flat 4 Brodick House London England E3 5HH
DEAL PORTAL LTD,16244165,active,ltd,,,2025-02-11,,2025-02-11,[71129],3rd Floor, 86-90 Paul Street London United Kingdom EC2A 4NE
AFRICUS CAPITAL INVESTMENT LTD,16244140,active,ltd,,,2025-02-11,,2025-02-11,[41100, 41201, 41202, 43390],124 City Road London United Kingdom EC1V 2NX
MILAN FISH LTD,16244207,active,ltd,,,2025-02-11,,2025-02-11,[56103],500 White Hart Lane London England N17 7NA
OLIVEBRICK PROPERTIES LTD,16244205,active,ltd,,,2025-02-11,,2025-02-11,[68100, 68209, 68320],20 Wenlock Road London England N1 7GU
TIDE RECORDS LTD,16244230,active,ltd,,,2025-02-11,,2025-02-11,[59200],71-75, Tide Records Shelton Street London United Kingdom WC2H 9JQ
HUGHES INNOVATIONS LTD,16244237,active,ltd,,,2025-02-11,,2025-02-11,[33170, 52290],124 City Road London United Kingdom EC1V 2NX
NO FAVOURS LIMITED,16244259,active,ltd,,,2025-02-11,,2025-02-11,[46420],Silverstream House London England W1T 6EB
LEBRECHT FAMILY INVESTMENTS LIMITED,16244299,active,ltd,,,2025-02-11,,2025-02-11,[74990],101 New Cavendish Street London United Kingdom W1W 6XH
GODDESS OF STAR LIMITED,16226766,active,ltd,,,2025-02-03,,2025-02-03,[46160],71-75 Shelton Street London England WC2H 9JQ
ADMYR LTD,16244465,active,ltd,,,2025-02-11,,2025-02-11,[43390],43 Leahurst Road London United Kingdom SE13 5HX
ATLANTIS ADVISERS LTD,16244480,active,ltd,,,2025-02-11,,2025-02-11,[62020],163b Ramsden Road London England SW12 8RF
SPARROWS ESTATES LTD,16244773,active,ltd,,,2025-02-11,,2025-02-11,[68310, 68320],42 Iffley Road London England W6 0PA
ROCK CONSULTING SERVICES LTD,16244834,active,ltd,,,2025-02-11,,2025-02-11,[42120],237 Regents Park Road London United Kingdom N3 3LF
VINNA DESIGN & BUILD LTD,16244827,active,ltd,,,2025-02-11,,2025-02-11,[41202, 43999],3rd Floor, 86-90 Paul Street London United Kingdom EC2A 4NE
FAITHFUL SPACE LTD,16244845,active,ltd,,,2025-02-11,,2025-02-11,[68209],61 Amhurst Road London England E8 1LL
GAZETTE SOUTH KENSINGTON LTD,16244875,active,ltd,,,2025-02-11,,2025-02-11,[56101, 56103, 56210, 56302],Gazette South Kensington At Institut Francais 17 London United Kingdom SW7 2DT
BROADMIND LTD,16245431,active,ltd,,,2025-02-11,,2025-02-11,[59112, 62012, 62020, 82990],3rd Floor, 86-90 Paul Street London England EC2A 4NE
GLOBAL WORLD SERVICES LTD,16245412,active,ltd,,,2025-02-11,,2025-02-11,[82110],109 Brondesbury Villas London England NW6 6AG
RUBY'S LONDON LTD,16245554,active,ltd,,,2025-02-11,,2025-02-11,[47710, 47820],299a Bethnal Green Road London England E2 6AH
ALEXANDER PROP LIMITED,16253229,active,ltd,,,2025-02-14,,2025-02-14,[68209],C/O Heighten Accountants 850 Green Lanes London United Kingdom N21 2RS
REMTRANCE LTD,16253232,active,ltd,,,2025-02-14,,2025-02-14,[74100],282 Westbourne Park Road London England W11 1EH
FRESHORA CLEANING LTD,16253231,active,ltd,,,2025-02-14,,2025-02-14,[45200, 81210, 81299],71-75 Shelton Street London United Kingdom WC2H 9JQ
SHAI HABIBI LIMITED,16253261,active,ltd,,,2025-02-14,,2025-02-14,[46370],199 Victoria Road Ruislip England HA4 9BP
299 MH FREEHOLD LIMITED,16253276,active,ltd,,,2025-02-14,,2025-02-14,[98000],Harben House 13a Harben Parade London United Kingdom NW3 6LH
TREASURE PLANET DAYCARE LIMITED,16253316,active,ltd,,,2025-02-14,,2025-02-14,[85100, 88910],Beaumont House London United Kingdom SW2O 0LW
KPC LEGAL SERVICES LIMITED,16253327,active,ltd,,,2025-02-14,,2025-02-14,[69102],85 Great Portland Street London United Kingdom W1W 7LT
STAR CARPENTRY SERVICES LTD,16253349,active,ltd,,,2025-02-14,,2025-02-14,[16230],20 Wenlock Road London England N1 7GU
HELP TO BUY SURVEYOR LTD,16253413,active,ltd,,,2025-02-14,,2025-02-14,[96090],309, Hoe Street Walthamstow London United Kingdom E17 9BG
ANGEL CREATIVE LTD,16253417,active,ltd,,,2025-02-14,,2025-02-14,[74100],3a Chase Side London United Kingdom N14 5BP
HELP TO BUY VALUER LTD,16253440,active,ltd,,,2025-02-14,,2025-02-14,[96090],309 Hoe Street Walthamstow London United Kingdom E17 9BG
PROFUSION GROUP LTD,16253448,active,ltd,,,2025-02-14,,2025-02-14,[43341, 81210],Flat 19 Leyland House London England E14 0BT
CTTEC LTD,16253459,active,ltd,,,2025-02-14,,2025-02-14,[46510, 47410],20 Wenlock Road London England N1 7GU
ENGENUO LTD,16253498,active,ltd,,,2025-02-14,,2025-02-14,[47910],Office 11689 182-184 High Street North London England E6 2JA
IBV WEST MELTON SOLAR PARK LIMITED,16253409,active,ltd,,,2025-02-14,,2025-02-14,[35110],2nd Floor 127 Cheapside London United Kingdom EC2V 6BT
JRH GLOBAL LIMITED,16253529,active,ltd,,,2025-02-14,,2025-02-14,[47910, 82990],133 Roman Road London England E2 0QN
A. G. H. OPTICS LTD,16253540,active,ltd,,,2025-02-14,,2025-02-14,[86900],71-75 Shelton Street London United Kingdom WC2H 9JQ
TECHFINTECH LTD,16253587,active,ltd,,,2025-02-14,,2025-02-14,[63120],20 Wenlock Road London England N1 7GU
ATUN YACHTING LTD,16253602,active,ltd,,,2025-02-14,,2025-02-14,[99999],Third Floor London England W1B 3HH
TALENT PARTNERS LTD,16253626,active,ltd,,,2025-02-14,,2025-02-14,[70229, 78300],20 Wenlock Road London England N1 7GU
EVOBLOX LTD,16253695,active,ltd,,,2025-02-14,,2025-02-14,[62012],71-75 Shelton Street London United Kingdom WC2H 9JQ
CJR TECHNOLOGY LIMITED,16253713,active,ltd,,,2025-02-14,,2025-02-14,[62020],3rd Floor, 86-90 Paul Street London United Kingdom EC2A 4NE
FENTON FAMILY INVESTMENT COMPANY LTD,16253710,active,ltd,,,2025-02-14,,2025-02-14,[74990],101 New Cavendish Street London United Kingdom W1W 6XH
VENOMOUS RACING LIMITED,16253767,active,ltd,,,2025-02-14,,2025-02-14,[33150],24 Uxbridge Street London United Kingdom W8 7TA
EVERYTHING IN PLACE LTD,16253862,active,ltd,,,2025-02-14,,2025-02-14,[96090],47b Chobham Road London England E15 1LU
S.C BOWERMAN LTD,16253859,active,ltd,,,2025-02-14,,2025-02-14,[96090],Forma House London United Kingdom EC1R 0NE
GLAMOUR SPMU LTD,16253885,active,ltd,,,2025-02-14,,2025-02-14,[96020],2 Northfield Road London England N16 5RN
FIDEAL & PARTNERS LTD,16253921,active,ltd,,,2025-02-14,,2025-02-14,[69109, 70100, 70229, 74909],71-75 Shelton Street London United Kingdom WC2H 9JQ
ALUXTRUSION LTD,16253925,active,ltd,,,2025-02-14,,2025-02-14,[46720, 47910, 47990],63 Highstone Mansions 84 Camden Road London England NW1 9DY
LEMONY CLEANING LIMITED,16253957,active,ltd,,,2025-02-14,,2025-02-14,[81210, 81299],98a Neville Road London England E7 9QX
KINTEL CONSULTING LTD,16254004,active,ltd,,,2025-02-14,,2025-02-14,[62020],21 Blackhorse Road London England E17 7AH
LUXURY GOODS LTD,16254037,active,ltd,,,2025-02-14,,2025-02-14,[46470],Flat 3 Bethlehem House London England E14 8AG
ÉLEVÉ HAIR LTD,16254043,active,ltd,,,2025-02-14,,2025-02-14,[96020],11 Craster Road London England SW2 2AT
NGE CAPITAL LTD,16254087,active,ltd,,,2025-02-14,,2025-02-14,[72190],14 Hanover Square London England W1S 1HN
AK LONDON HOMES LIMITED,16254196,active,ltd,,,2025-02-15,,2025-02-15,[68209, 68320],78 Boleyn Road London England E7 9QE
MOSSY WELL LTD,16254223,active,ltd,,,2025-02-15,,2025-02-15,[68310],53 Eaton Park Road London England N13 4ED
MNIS EVENTS LTD,16254227,active,ltd,,,2025-02-15,,2025-02-15,[70210],271a Franciscan Road London England SW17 8HE
TRIPLE A LONDON LTD,16254231,active,ltd,,,2025-02-15,,2025-02-15,[78200, 86900, 87300, 88100],79 Kingsground London England SE9 5EY
SHANGANI FINANCE LIMITED,16254297,active,ltd,,,2025-02-15,,2025-02-15,[64922],Flat 32 Tower Court London England SW18 1HL
LINKSPHERE COMMERCE LTD,16254318,active,ltd,,,2025-02-15,,2025-02-15,[46190, 62020, 70229, 82990],3rd Floor, 86-90 Paul Street London England EC2A 4NE
GEORGE BLONDE STUDIO LTD,16254346,active,ltd,,,2025-02-15,,2025-02-15,[90030],59c Broomwood Road London England SW11 6HU
E.W.P.A HOLDINGS LTD,16254364,active,ltd,,,2025-02-15,,2025-02-15,[68100, 68310, 68320],61a Seaford Road London England W13 9HP
CHRISTSCI LTD,16254412,active,ltd,,,2025-02-15,,2025-02-15,[62090, 72110, 86210, 86220],86-90 Paul Street London England EC2A 4NE
CYBERSYNC HUB LIMITED,16254440,active,ltd,,,2025-02-15,,2025-02-15,[62020, 62090],4 Steen Way London England SE22 8TH
GMK TELECOMS LTD,16254455,active,ltd,,,2025-02-15,,2025-02-15,[61100],134 Meanley Road London England E12 6AT
BEER BROTHERS LTD,16250297,active,ltd,,,2025-02-13,,2025-02-13,[56210],133 Bagleys Lane London England SW6 2FW
ARTIFICIAL OBSERVER LIMITED,16250382,active,ltd,,,2025-02-13,,2025-02-13,[71122],71-75 Shelton Street London United Kingdom WC2H 9JQ
LONDON LUX HUB LTD,16250384,active,ltd,,,2025-02-13,,2025-02-13,[47910],71-75 Shelton Street London United Kingdom WC2H 9JQ
PEACHEY & TURNER PRIVATE TRAVEL LTD,16250501,active,ltd,,,2025-02-13,,2025-02-13,[96090],71-75 Shelton Street London United Kingdom WC2H 9JQ
AI GLOBAL DESIGN LIMITED,16250480,active,ltd,,,2025-02-13,,2025-02-13,[47910],20 Wenlock Road London England N1 7GU
LINDA MASTER HOLDING LIMITED,16250628,active,ltd,,,2025-02-13,,2025-02-13,[64209],Eighth Floor 6 New Street Square London United Kingdom EC4A 3AQ
MASTERCRAFT BUILDERS LTD,16250641,active,ltd,,,2025-02-13,,2025-02-13,[41202, 43290, 43999],3rd Floor, 86-90 Paul Street London United Kingdom EC2A 4NE
AZTECA PROPERTIES LIMITED,16250664,active,ltd,,,2025-02-13,,2025-02-13,[68209],71-75 Shelton Street London United Kingdom WC2H 9JQ
STREATHAM VALE LTD,16250714,active,ltd,,,2025-02-13,,2025-02-13,[68100, 68209],74 Durley Road London United Kingdom N16 5JS
PREPAYMENT SOLUTIONS LTD,16250721,active,ltd,,,2025-02-13,,2025-02-13,[62090],20 Wenlock Road London England N1 7GU
ARCHM LTD,16250800,active,ltd,,,2025-02-13,,2025-02-13,[71111, 74100],168 Holland Park Avenue London England W11 4UH
XANADU TECH LTD,16250787,active,ltd,,,2025-02-13,,2025-02-13,[62090],71 Kimberley Road London United Kingdom E4 6DQ
EUSTON PLASTICS HOLDCO LIMITED,16250776,active,ltd,,,2025-02-13,,2025-02-13,[22230],73 Cornhill London England EC3V 3QQ
SPARKY MASTER LTD,16250868,active,ltd,,,2025-02-13,,2025-02-13,[43210, 43290, 43390],11 Colebrook Way London England N11 1SZ
SOFTONE LIMITED,16250840,active,ltd,,,2025-02-13,,2025-02-13,[68100, 68209],Sterling House Walthamstow England E17 4EE
DGJA INVESTMENTS LTD,16250935,active,ltd,,,2025-02-13,,2025-02-13,[68209],124 City Road London England EC1V 2NX
STEED COOPER PROPERTIES LTD,16250951,active,ltd,,,2025-02-13,,2025-02-13,[68209],C/O Getground London England W6 0NB
ADMIRAL WALK LIMITED,16250918,active,ltd,,,2025-02-13,,2025-02-13,[68320, 81100],1 Elmcroft Close London England W5 2HQ
YELLOW ROSE CAPITAL LIMITED,16250919,active,ltd,,,2025-02-13,,2025-02-13,[68100],48 Olinda Road London England N16 6TL
DDS ENTERPRISES LIMITED,16251073,active,ltd,,,2025-02-13,,2025-02-13,[82990],Elsley Court London United Kingdom W1W 8BE
STORM REHEARSAL STUDIOS LIMITED,16251150,active,ltd,,,2025-02-13,,2025-02-13,[77291],Unit 6 303 Holloway Road London England N7 8HS
SUBSEE LIMITED,16251126,active,ltd,,,2025-02-13,,2025-02-13,[62090, 63110],71-75 Shelton Street London United Kingdom WC2H 9JQ
HARRIS TAY LIMITED,16251219,active,ltd,,,2025-02-13,,2025-02-13,[68310],62 Grosvenor Street London England W1K 3JF
BEAR INVESTMENT SALONS LIMITED,16251232,active,ltd,,,2025-02-13,,2025-02-13,[96020],311 Regents Park Road London England N3 1DP
RUBY MID CO LIMITED,16251265,active,ltd,,,2025-02-13,,2025-02-13,[68209],6th Floor Brock House London United Kingdom W1W 6BP
LR INNOVATIONS UK LTD,16251314,active,ltd,,,2025-02-13,,2025-02-13,[64209],Great Titchfield House 14-18 Great Titchfield Street London United Kingdom W1W 8BD
PP LESNIOWSKI SERVICES LIMITED,16251578,active,ltd,,,2025-02-13,,2025-02-13,[49410, 82990],1-4 London Road Spalding England PE11 2TA
TLH FRANCHISE LTD,16251625,active,ltd,,,2025-02-13,,2025-02-13,[85600],453a Barking Road London England E6 2JX
SOCIAL CARE TRAINING ACADEMY LTD,16251726,active,ltd,,,2025-02-14,,2025-02-14,[85590],128 City Road London United Kingdom EC1V 2NX
EPSIAL LTD,16251719,active,ltd,,,2025-02-14,,2025-02-14,[47910],Suite 8586 5 Brayford Square London United Kingdom E1 0SG
ENVASSE LIMITED,16251744,active,ltd,,,2025-02-14,,2025-02-14,[70229],Afe Accountants Ltd Building 4 Building 4 North London Business Park London United Kingdom N11 1GN
REEVES RIVERSIDE LTD,16251756,active,ltd,,,2025-02-14,,2025-02-14,[68100, 68201, 68209, 68320],2 Frederick Street London United Kingdom WC1X 0ND
ALLMAHADY PROPERTY LTD,16251775,active,ltd,,,2025-02-14,,2025-02-14,[68209],International House London United Kingdom W6 8JA
KBT MEDTECH LTD,16251789,active,ltd,,,2025-02-14,,2025-02-14,[58290, 62012, 85590, 86900],71-75 Shelton Street London United Kingdom WC2H 9JQ
MOLABX LTD,16251840,active,ltd,,,2025-02-14,,2025-02-14,[62012, 62020, 62090],71-75 Shelton Street London United Kingdom WC2H 9JQ
SOULFUL JOURNEYS LTD,16251899,active,ltd,,,2025-02-14,,2025-02-14,[47910, 47990],85 Great Portland Street London United Kingdom W1W 7LT
MOUNTAIN PEAK MANAGEMENT LTD,16251888,active,ltd,,,2025-02-14,,2025-02-14,[82990],403 Bessborough House 28 Circus Road West London England SW11 8EG
COACHING FOR A VIBRANT LIFE LTD,16251891,active,ltd,,,2025-02-14,,2025-02-14,[86900],71-75 Shelton Street London United Kingdom WC2H 9JQ
AZURE REALTY LTD,16251904,active,ltd,,,2025-02-14,,2025-02-14,[68209, 68320],130 Plough Road London United Kingdom SW11 2AA
PRO EYE CARE LTD,16251969,active,ltd,,,2025-02-14,,2025-02-14,[86220],Unit 7 Mulberry Place Eltham United Kingdom SE9 6AR
SERVITECH LTD,16251963,active,ltd,,,2025-02-14,,2025-02-14,[46140],128 City Road London United Kingdom EC1V 2NX
FORAGERS AI LTD,16251977,active,ltd,,,2025-02-14,,2025-02-14,[62012],3rd Floor 86-90 Paul Street London United Kingdom EC2A 4NE
W & W ESTATES LONDON LTD,16252145,active,ltd,,,2025-02-14,,2025-02-14,[68310],20 Wenlock Road London England N1 7GU
QUEST PROJECTS LIMITED,16252152,active,ltd,,,2025-02-14,,2025-02-14,[41202],5 Greenwich View Place London England E14 9NN
RONIC LTD,16252233,active,ltd,,,2025-02-14,,2025-02-14,[70229],71-75 Shelton Street London United Kingdom WC2H 9JQ
ETCS RAIL SIGNALLING LTD,16252241,active,ltd,,,2025-02-14,,2025-02-14,[71129],Avondale House 262 Uxbridge Road London England HA5 4HS
RACHEL MUSCAT LONDON LTD,16252340,active,ltd,,,2025-02-14,,2025-02-14,[32120, 47770],109 Kings Avenue London England SW4 8EN
SARANTOJO LTD,16252339,active,ltd,,,2025-02-14,,2025-02-14,[49410, 49420],71-75 Shelton Street London United Kingdom WC2H 9JQ
M&M IMMIGRATION SOLUTIONS LIMITED,16252433,active,ltd,,,2025-02-14,,2025-02-14,[69109],167-169 Great Portland Street London England W1W 5PF
METRIC MILESTONES LTD,16252423,active,ltd,,,2025-02-14,,2025-02-14,[58141, 58142, 62012, 63120],128 City Road London United Kingdom EC1V 2NX
GARDEN STUDIOS VILLAGE LTD,16252528,active,ltd,,,2025-02-14,,2025-02-14,[64209],21 Waxlow Road, London United Kingdom NW10 7NU
RW.INKS LTD,16252630,active,ltd,,,2025-02-14,,2025-02-14,[96020],Studio 212 Netil Corner, 2 Bocking Street London United Kingdom E8 4RU
SABRAGE PRODUCTIONS LIMITED,16252622,active,ltd,,,2025-02-14,,2025-02-14,[82990],Elsley Court London United Kingdom W1W 8BE
BCP PROPERTY MGMT LTD,16252739,active,ltd,,,2025-02-14,,2025-02-14,[68100, 68320],334-336 Goswell Road London England EC1V 7RP
APPLIANCE CARE EXPERT LTD,16252721,active,ltd,,,2025-02-14,,2025-02-14,[27510],148 Bluehouse Road London United Kingdom E4 6HP
GAGER ESTATES & MAINTENANCE LTD,16252798,active,ltd,,,2025-02-14,,2025-02-14,[43999],3rd Floor, 86-90 Paul Street London United Kingdom EC2A 4NE
COMFY LONDON LODGE LTD,16252822,active,ltd,,,2025-02-14,,2025-02-14,[55100],42 Carlton Road London England E12 5BG
OPTIMISE RENTALS LTD,16252921,active,ltd,,,2025-02-14,,2025-02-14,[68209, 68320],71-75 Shelton Street London United Kingdom WC2H 9JQ
DAYMER BAY INVESTMENTS LIMITED,16252900,active,ltd,,,2025-02-14,,2025-02-14,[82990],7 Savoy Court London United Kingdom WC2R 0EX
MDE GRILLS (UK) LIMITED,16252902,active,ltd,,,2025-02-14,,2025-02-14,[47599, 47910],128 City Road London United Kingdom EC1V 2NX
AIRZYBOY INDUSTRIES LTD,16252998,active,ltd,,,2025-02-14,,2025-02-14,[64209],8th Floor 167 Fleet Street London United Kingdom EC4A 2EA
JADE LOTUS LIMITED,16252974,active,ltd,,,2025-02-14,,2025-02-14,[56102],1st Floor 44 Worship Street London United Kingdom EC2A 2EA
KND VENTURES LTD,16253064,active,ltd,,,2025-02-14,,2025-02-14,[62012, 62020, 63110, 63120],128 City Road London United Kingdom EC1V 2NX
21 ROSENDALE ROAD MANAGEMENT GROUP LIMITED,16253076,active,ltd,,,2025-02-14,,2025-02-14,[98000],Flat 2 21 Rosendale Road London United Kingdom SE21 8DS
Z&T HOMES LTD,16253065,active,ltd,,,2025-02-14,,2025-02-14,[98000],95 Higham Station Avenue London England E4 9AY
CIPHER SNACK LIMITED,16253129,active,ltd,,,2025-02-14,,2025-02-14,[62020],71-75 Shelton Street London United Kingdom WC2H 9JQ
TRANSITIONZERO SERVICES LTD,16253128,active,ltd,,,2025-02-14,,2025-02-14,[62020, 74901],7 Bell Yard London United Kingdom WC2A 2JR
VA STAYS LTD,16250360,active,ltd,,,2025-02-13,,2025-02-13,[98000],71-75 Shelton Street London United Kingdom WC2H 9JQ
INCLUSIVE COMMUNITY CARE LTD,16250366,active,ltd,,,2025-02-13,,2025-02-13,[88100],71-75 Shelton Street London United Kingdom WC2H 9JQ
HISA PROPERTY SOURCING LTD,16239493,active,ltd,,,2025-02-10,,2025-02-10,[68310],93 Lausanne Road London England N8 0HL
BRETT CONSULTANTS LIMITED,16250558,active,ltd,,,2025-02-13,,2025-02-13,[62020],132 Norman Road London England E11 4RL
VOFACE LTD,16250559,active,ltd,,,2025-02-13,,2025-02-13,[99999],Room C London United Kingdom E1 4XH
CHUK PROPERTY TWO LTD,16250615,active,ltd,,,2025-02-13,,2025-02-13,[68100, 68209],6 West Kensington Court London United Kingdom W14 9AA
FOUND AT THE SIX LIMITED,16250612,active,ltd,,,2025-02-13,,2025-02-13,[74100],22 Binden Road London England W12 9RJ
PYRAMID BUILDING AND PAINTING LTD,16250698,active,ltd,,,2025-02-13,,2025-02-13,[43310, 43341],3rd Floor, 86-90 Paul Street London England EC2A 4NE
LAKEBOAT LTD,16250757,active,ltd,,,2025-02-13,,2025-02-13,[62012],Flat 57 Carroll House London England W2 3PR
FIRECARE (LONDON) LIMITED,16250737,active,ltd,,,2025-02-13,,2025-02-13,[84250],6th Floor 2 London Wall Place London United Kingdom EC2Y 5AU
BBB CONSULTANCY LTD,16250833,active,ltd,,,2025-02-13,,2025-02-13,[43999, 47990, 52290, 70229],C/O Unit 4, Kinetica London United Kingdom E8 2FD
ERIS TECHNOLOGY LTD,16250904,active,ltd,,,2025-02-13,,2025-02-13,[62012, 70229],1a Rowallan Road London England SW6 6AF
MEXICAN HELADO LTD,16245786,active,ltd,,,2025-02-11,,2025-02-11,[56103],128 City Road London England EC1V 2NX
PROSPERWITH LTD,16250893,active,ltd,,,2025-02-13,,2025-02-13,[73110],40 Clovelly Road London England W5 5HE
BIMEDGE STUDIOS LTD,16250909,active,ltd,,,2025-02-13,,2025-02-13,[71112, 71122, 74909],31 31 Stanford Close Hampton United Kingdom TW12 3XZ
GLORIA, GLORIA LTD,16250984,active,ltd,,,2025-02-13,,2025-02-13,[64209],Flat B 17a Monmouth Street London England WC2H 9DD
BEACHWOOD INVESTMENTS LTD,16250983,active,ltd,,,2025-02-13,,2025-02-13,[68209],32 South Lodge Drive London United Kingdom N14 4XP
NIKKI RACKETWEAR LTD,16251012,active,ltd,,,2025-02-13,,2025-02-13,[47710],18 Medfield Street London England SW15 4JZ
SMARTFIELD ESTATES LIMITED,16251242,active,ltd,,,2025-02-13,,2025-02-13,[68100],68 Filey Avenue London England N16 6JJ
SCARLET & PURPLE LTD,16251366,active,ltd,,,2025-02-13,,2025-02-13,[47910, 68100],20 Wenlock Road London England N1 7GU
ONE ROUTE LIMITED,16251376,active,ltd,,,2025-02-13,,2025-02-13,[53202],Flat 6 6 Beaufort Gardens London England SW3 1PU
AVO AUTOMATION UK PRIVATE LIMITED,16251419,active,ltd,,,2025-02-13,,2025-02-13,[62012],10 John Street London United Kingdom WC1N 2EB
ROEBUCK PROJECTS LIMITED,16251485,active,ltd,,,2025-02-13,,2025-02-13,[41202],5 Greenwich View Place London England E14 9NN
DFR CONSTRUCTION LIMITED,16251555,active,ltd,,,2025-02-13,,2025-02-13,[43390],11 Mull Walk London England N1 2RN
STARBOY PIZZA LTD,16251568,active,ltd,,,2025-02-13,,2025-02-13,[56103],273 Grange Road London England E13 0HF
TG CAFE LIMITED,16251615,active,ltd,,,2025-02-13,,2025-02-13,[56101],22 Raynham Road London England W6 0HY
REDBRICK GROUNDWORKS LIMITED,16251631,active,ltd,,,2025-02-13,,2025-02-13,[41202],5 Greenwich View Place London England E14 9NN
DORUK COURIERS LTD,16251659,active,ltd,,,2025-02-13,,2025-02-13,[49410],55 Mottisfont Road London England SE2 9LT
LIQUIDITY PROPERTY SERVICES LTD,16248092,active,ltd,,,2025-02-12,,2025-02-12,[68209],Flat 403 Wilson Tower 16 Christian Street London England E1 1AW
COTHONIS LTD.,16251760,active,ltd,,,2025-02-14,,2025-02-14,[62090],71-75 Shelton Street London United Kingdom WC2H 9JQ
LITTLE DELUXE EVENTS LIMITED,16251812,active,ltd,,,2025-02-14,,2025-02-14,[77390, 93290],71-75 Shelton Street London United Kingdom WC2H 9JQ
UK TRAVEL CONNECT LTD,16251800,active,ltd,,,2025-02-14,,2025-02-14,[79110, 79120],71-75 Shelton Street London United Kingdom WC2H 9JQ
ROE CAPITAL LTD,16251865,active,ltd,,,2025-02-14,,2025-02-14,[62020],71-75 Shelton Street London United Kingdom WC2H 9JQ
KRL INTERNATIONAL LOGISTIC SERVICES LTD,16251926,active,ltd,,,2025-02-14,,2025-02-14,[49410, 50200, 51210],Flat 26 Aurora House London England NW10 7FP
QUANTIS ANALYTICA LIMITED,16251917,active,ltd,,,2025-02-14,,2025-02-14,[66290, 70229],167-169 Great Portland Street London England W1W 5PF
NURTURE NEST CHILDREN'S HOMES LTD,16252046,active,ltd,,,2025-02-14,,2025-02-14,[87900],128 City Road London United Kingdom EC1V 2NX
ACCOMMODATING INDIVIDUALS RECOVERY CIC,16252128,active,ltd,community-interest-company,,2025-02-14,,2025-02-14,[68209],85 Great Portland Street London United Kingdom W1W 7LT
PADDINGTON EDUCATION LIMITED,16252103,active,ltd,,,2025-02-14,,2025-02-14,[85590],28 Park Grove London United Kingdom E15 3QT
GKB DEVELOPMENTS LTD,16252182,active,ltd,,,2025-02-14,,2025-02-14,[64209, 68209],Seymour Chambers Liverpool United Kingdom L3 5NW
PPC LYTIC LTD,16252291,active,ltd,,,2025-02-14,,2025-02-14,[73120],Office 11666 182-184 High Street North London United Kingdom E6 2JA
OUR ALBION FILMS LTD,16252295,active,ltd,,,2025-02-14,,2025-02-14,[59112],14 Peacock Yard London United Kingdom SE17 3LH
THE HUNGER GAMES ON STAGE LIMITED,16252479,active,ltd,,,2025-02-14,,2025-02-14,[90010],Astoria House London England W1D 6LT
APL ECOM LTD,16252481,active,ltd,,,2025-02-14,,2025-02-14,[47190],128 City Road London United Kingdom EC1V 2NX
SUPREME RELOCATIONS LTD,16252607,active,ltd,,,2025-02-14,,2025-02-14,[55900],Suite Ra01 195-197 London United Kingdom E17 3NU
LANEXA, LTD,16252578,active,ltd,,,2025-02-14,,2025-02-14,[62011, 62012, 62020, 62090],128 City Road London United Kingdom EC1V 2NX
HONTURE INTERNATIONAL TRADING COMPANY LIMITED,16252594,active,ltd,,,2025-02-14,,2025-02-14,[24100, 24200, 46720],41 Devonshire Street Ground Floor Office 1 London United Kingdom W1G 7AJ
MAMA PROJECT LTD,16252750,active,ltd,,,2025-02-14,,2025-02-14,[82302],255 Green Lanes London England N13 4XE
BRSE INVESTMENTS LTD,16252784,active,ltd,,,2025-02-14,,2025-02-14,[68100],36 Ravensdale Road London England N16 6SH
LEAD&ACCELERATE LTD,16252868,active,ltd,,,2025-02-14,,2025-02-14,[62020, 62090, 70229],3rd Floor, 86-90 Paul Street London England EC2A 4NE
VIVA CHIROPRACTIC LIMITED,16252883,active,ltd,,,2025-02-14,,2025-02-14,[84120],71-75 Shelton Street London United Kingdom WC2H 9JQ
BMP BUSINESS GROUP LTD,16253022,active,ltd,,,2025-02-14,,2025-02-14,[62020, 70229, 74100, 82990],71-75 Shelton Street London United Kingdom WC2H 9JQ
HOLLAND BODYWORKS LTD,16253029,active,ltd,,,2025-02-14,,2025-02-14,[45200],3rd Floor, 86-90 Paul Street London England EC2A 4NE
CML SUSTAIN (HOLDINGS) LIMITED,16253003,active,ltd,,,2025-02-14,,2025-02-14,[64209],The Stanley Building, 7 London England N1C 4AG
DELIGHT JEWEL LIMITED,16253110,active,ltd,,,2025-02-14,,2025-02-14,[47770],71-75 Shelton Street London United Kingdom WC2H 9JQ
FRAN BUSBY SOCIAL WORK CONSULTING LTD,16253163,active,ltd,,,2025-02-14,,2025-02-14,[88990],60 Finland Road London England SE4 2JH
LGSIO MOTION PICTURE LTD,16253162,active,ltd,,,2025-02-14,,2025-02-14,[90030],71-75 Shelton Street London United Kingdom WC2H 9JQ
ZENNOVA LTD,16254556,active,ltd,,,2025-02-15,,2025-02-15,[47710, 47770, 47789, 47910],Flat 133 Gessner Apartments 3 Watermead Way London England N17 9RF
KINDLE MIND LTD,16254613,active,ltd,,,2025-02-16,,2025-02-16,[58110, 58141, 58142, 69109],5 Mortlock Close London England SE15 2QE
HAIDER ESTATES LTD,16254616,active,ltd,,,2025-02-16,,2025-02-16,[68100, 68209],77 Ridge Avenue London England N21 2RH
HARBOUR TOPCO (UK) LIMITED,16231705,active,ltd,,,2025-02-05,,2025-02-05,[64209],33 Glasshouse Street London England W1B 5DG
MEADOW STAYS LTD,16254647,active,ltd,,,2025-02-16,,2025-02-16,[68209, 68320],Flat 12 Coopers Lodge London England SE1 2NZ
SHADOWTALK LIMITED,16254724,active,ltd,,,2025-02-16,,2025-02-16,[70229],103 Calbourne Road London England SW12 8LS
ELITE EDGE TUTORING LTD,16254763,active,ltd,,,2025-02-16,,2025-02-16,[85310],20 Waddington Street London England E15 1PJ
WESTRIDGE VENTURES LIMITED,16254804,active,ltd,,,2025-02-16,,2025-02-16,[70229],46 Pursers Cross Road London England SW6 4QX
MI BARBERS LTD,16254840,active,ltd,,,2025-02-16,,2025-02-16,[96020],189 Edgware Road London England W2 1ET
DIYL VENTURES LTD,16254848,active,ltd,,,2025-02-16,,2025-02-16,[64209],71-75 Shelton Street London England WC2H 9JQ
SENTRIK INVESTMENTS LIMITED,16254936,active,ltd,,,2025-02-16,,2025-02-16,[64304],38 South Molton Street London England W1K 5RL
BN WORTHING 14 LTD,16255026,active,ltd,,,2025-02-16,,2025-02-16,[68100, 68209],1 Clifton Gardens London England N15 6AP
ADVIBE MEDIA LTD,16255069,active,ltd,,,2025-02-16,,2025-02-16,[47910],167-169 Great Portland Street London England W1W 5PF
HIGHLIGHT APPS LTD,16255163,active,ltd,,,2025-02-17,,2025-02-17,[62012],85 Great Portland Street London England W1W 7LT
MDX LOGISTICS LTD,16255227,active,ltd,,,2025-02-17,,2025-02-17,[49410],79 College Road London United Kingdom HA1 1BD
SHAKETHATSHAKERS LTD,16255229,active,ltd,,,2025-02-17,,2025-02-17,[47910],124 City  Road London United Kingdom EC1V 2NX
TAXILITY LTD,16255233,active,ltd,,,2025-02-17,,2025-02-17,[99999],20 Wenlock Road London England N1 7GU
LONDON'S LOOM LTD,16255275,active,ltd,,,2025-02-17,,2025-02-17,[13931],5 Chigwell Road London England E18 1LR
TRENDY HOMES LTD,16255296,active,ltd,,,2025-02-17,,2025-02-17,[55100, 55209, 68100, 68209],20 Wenlock Road London England N1 7GU
SHAMEER ENTERPRISES LTD,16255272,active,ltd,,,2025-02-17,,2025-02-17,[47910, 47990],124 City Road London United Kingdom EC1V 2NX
SANDHURST INNS LTD,16255271,active,ltd,,,2025-02-17,,2025-02-17,[68209],Office 1 2a Curzon Road Ealing United Kingdom W5 1NF
JITTER TV LIMITED,16255276,active,ltd,,,2025-02-17,,2025-02-17,[62011],10 Bishops Square London England E1 6EG
XED INC LTD,16255331,active,ltd,,,2025-02-17,,2025-02-17,[62020],52 Woodfield Avenue London England SW16 1LG
GG-399-817 LIMITED,16255314,active,ltd,,,2025-02-17,,2025-02-17,[68209],C/O Getground London England W6 0NB
MAC'S SHOP FITTING LTD,16255326,active,ltd,,,2025-02-17,,2025-02-17,[43290],2 Friary Road London United Kingdom SE15 1AQ
SAINT J'S TRADERS LTD,16255368,active,ltd,,,2025-02-17,,2025-02-17,[43310, 43330, 43390, 81222],128 City Road London United Kingdom EC1V 2NX
EASE BUILD LTD,16255437,active,ltd,,,2025-02-17,,2025-02-17,[95240],Flat 7 August House London England NW2 7TS
MNINV LIMITED,16255434,active,ltd,,,2025-02-17,,2025-02-17,[64209],Unit 13 7 Premier Park Road London United Kingdom NW10 7NZ
WITH LIGHT STUDIOS LTD,16255489,active,ltd,,,2025-02-17,,2025-02-17,[74100],Studio 4, 77 East Road London England N1 6AH
FAMS LEGAL LTD,16255481,active,ltd,,,2025-02-17,,2025-02-17,[69109],30 Churchill Place London England E14 5RE
LONDOLOZA LIMITED,16255555,active,ltd,,,2025-02-17,,2025-02-17,[62020],Wren House St Albans United Kingdom AL1 1NG
WATFORD KM FOOD LTD,16255538,active,ltd,,,2025-02-17,,2025-02-17,[56103],68 Carlingford Road London United Kingdom N15 3EH
BALLERZ BC LIMITED,16255532,active,ltd,,,2025-02-17,,2025-02-17,[56101, 93110, 93290],Leytonstone House London England E11 1GA
GH PARTNERS LTD,16255575,active,ltd,,,2025-02-17,,2025-02-17,[64999],International House London United Kingdom W1K 5QF
MIRO PROPERTY LTD,16255583,active,ltd,,,2025-02-17,,2025-02-17,[68100, 68201, 68209, 68320],Unit 3b Berol House London United Kingdom N17 9LJ
DESIGN CITY ASSOCIATES LIMITED,16255629,active,ltd,,,2025-02-17,,2025-02-17,[74100],16 Barrow Stores Court London United Kingdom SE1 4QQ
MONOSTATE HOLDINGS LIMITED,16255639,active,ltd,,,2025-02-17,,2025-02-17,[64204],48 Chancery Lane London United Kingdom WC2A 1JF
ASC CBT THERAPY LTD,16255626,active,ltd,,,2025-02-17,,2025-02-17,[86220, 87200],128 City Road London United Kingdom EC1V 2NX
NORTHWEST GOOD LIVING LIMITED,16249034,active,ltd,,,2025-02-12,,2025-02-12,[68100, 68209],Flat 14 Thistle Court London England E5 9GU
LUNA ROOMS LIMITED,16255693,active,ltd,,,2025-02-17,,2025-02-17,[68209],77a Brick Lane London United Kingdom E1 6QL
ABRAR SOLUTIONS LTD,16255679,active,ltd,,,2025-02-17,,2025-02-17,[47910],47 Ellora Road London England SW16 6JG
LAKSHMIA LTD,16255787,active,ltd,,,2025-02-17,,2025-02-17,[41100, 68100, 68209, 68320],67 Fernhead Road London England W9 3EY
RUFERT ORIGINS LTD,16255830,active,ltd,,,2025-02-17,,2025-02-17,[68100, 68201, 68209, 68320],3rd Floor, Great Titchfield House London United Kingdom W1W 8BD
BLUE STAR RELOCATIONS LTD,16255859,active,ltd,,,2025-02-17,,2025-02-17,[55209],2nd Floor College House Ruislip, United Kingdom HA4 7AE
PALISADE PROPERTIES LTD,16255847,active,ltd,,,2025-02-17,,2025-02-17,[68209],35 Compayne Gardens London United Kingdom NW6 3DD
S AND S AUTO DRIVE LTD,16255920,active,ltd,,,2025-02-17,,2025-02-17,[77110],Flat 55 Tayside Court London England SE5 8HD
WESTONBIRT SERVICES LTD,16255880,active,ltd,,,2025-02-17,,2025-02-17,[64999],3rd Floor, 86-90 Paul Street London England EC2A 4NE
FOOD FUSION PERI PERI GRILL LTD,16255900,active,ltd,,,2025-02-17,,2025-02-17,[56102],63 High Street London United Kingdom E17 7AD
JET MOVE LTD,16255932,active,ltd,,,2025-02-17,,2025-02-17,[49320],3rd Floor, 86-90 Paul Street London United Kingdom EC2A 4NE
JPD HEALTH AND SPORTS PHYSIOTHERAPY LTD,16255935,active,ltd,,,2025-02-17,,2025-02-17,[86900, 87900],Flat4 33 Adolphus Road London England N4 2AT
KHANS PARADISE LTD,16255998,active,ltd,,,2025-02-17,,2025-02-17,[56101],159 Lavender Hill London England SW11 5QH
CAPSULE LONDON LTD,16256025,active,ltd,,,2025-02-17,,2025-02-17,[47710, 47721, 47910],Suite G04 1 Quality Court, Chancery Lane London England WC2A 1HR
HUMAN ECHO LTD,16256115,active,ltd,,,2025-02-17,,2025-02-17,[62020, 73200, 74100],128 City Road London United Kingdom EC1V 2NX
URBAN EATS (LONDON) LIMITED,16256114,active,ltd,,,2025-02-17,,2025-02-17,[56103],29 Watford Way London England NW4 3JH
PIONEER TECH SERVICES LIMITED,16256203,active,ltd,,,2025-02-17,,2025-02-17,[62020],3rd Floor City Reach London England E14 9NN
THECORNERSOUK LTD,16256260,active,ltd,,,2025-02-17,,2025-02-17,[47910],6 Queens Walk London England NW9 8ER
TOWER FALAFEL LTD,16256286,active,ltd,,,2025-02-17,,2025-02-17,[56290],101 Tower Bridge Road London England SE1 4TW
COB CONSULT LIMITED,16256267,active,ltd,,,2025-02-17,,2025-02-17,[43999],251a Oakleigh Road North London England N20 0TX
SAMPLE SIZE LTD,16256326,active,ltd,,,2025-02-17,,2025-02-17,[62020],11 Magnolia Road London United Kingdom W4 3QY
RIVAAN LTD,16256311,active,ltd,,,2025-02-17,,2025-02-17,[82990],71-75 Shelton Street London England WC2H 9JQ
ALTES GROUP LTD,16256355,active,ltd,,,2025-02-17,,2025-02-17,[62090],27 Old Gloucester Street London England WC1N 3AX
ENVISION DESIGN STUDIO LTD,16256418,active,ltd,,,2025-02-17,,2025-02-17,[41100, 71111],Unit 301, Lock Studios 7 Corsican Square London England E3 3YD
QUICKFIXNOW LIMITED,16256430,active,ltd,,,2025-02-17,,2025-02-17,[41201, 41202, 43390, 81210],167-169 Great Portland Street London England W1W 5PF
SUPRA PERFECTA TECHNOLOGY SERVICES LTD,16256485,active,ltd,,,2025-02-17,,2025-02-17,[20130, 20140, 20590, 46750],20 Wenlock Road London England N1 7GU
TGH NOVA LIMITED,16256453,active,ltd,,,2025-02-17,,2025-02-17,[42990],14a Oxenford Street London England SE15 4DE
121 WEMBOROUGH HOUSE LIMITED,16256545,active,ltd,,,2025-02-17,,2025-02-17,[68100],4 Garrick Drive London England NW4 1HJ
DAWOOD & MARGARET LIMITED,16256607,active,ltd,,,2025-02-17,,2025-02-17,[43220, 43290, 43330, 43341],5 Balfour Place London England W1K 2AU
JDRC CONTRACTS LTD,16256628,active,ltd,,,2025-02-17,,2025-02-17,[43210],3rd Floor, 86-90 Paul Street London England EC2A 4NE
VELINOV CONSTRUCTION SERVICES LTD,16256726,active,ltd,,,2025-02-17,,2025-02-17,[43999],C, 148 Argyle Road London United Kingdom W13 8ER
SAINTS SPORTS AGENCY & MANAGEMENT LIMITED,16256733,active,ltd,,,2025-02-17,,2025-02-17,[70229, 93199],Suite 5 Beaufort Court London England E14 9XL
PERKSTAR LTD,16256732,active,ltd,,,2025-02-17,,2025-02-17,[62012],86-90 Paul Street London United Kingdom EC2A 4NE
JWAN FOOD LTD,16256782,active,ltd,,,2025-02-17,,2025-02-17,[56102],274 Broad Walk London England SE3 8NQ
HAIR BY AMY ALICE LIMITED,16256779,active,ltd,,,2025-02-17,,2025-02-17,[96020],4th Floor 100 Fenchurch Street London United Kingdom EC3M 5JD
BD PARTNERS LTD,16259235,active,ltd,,,2025-02-18,,2025-02-18,[68209],37 Kinsale Road London England SE15 4HJ
BLEND BEVERAGES LIMITED,16259238,active,ltd,,,2025-02-18,,2025-02-18,[46170],28 The Mall London England N14 6LN
EFFICIENT AI SOLUTIONS LTD,16259178,active,ltd,,,2025-02-18,,2025-02-18,[62020],Flat 16 Chequer Court London United Kingdom EC1Y 8PW
ROZI SOLCO LIMITED,16259180,active,ltd,,,2025-02-18,,2025-02-18,[68209],C/O Getground London England W6 0NB
DEMEF LTD,16259207,active,ltd,,,2025-02-18,,2025-02-18,[99999],27 Old Gloucester Street London United Kingdom WC1N 3AX
QB CORPORATION LTD,16259280,active,ltd,,,2025-02-18,,2025-02-18,[68209],310 High Road Wood Green England N22 8JR
JETSET CONSULTANCY LTD,16259290,active,ltd,,,2025-02-18,,2025-02-18,[82990],2nd Floor College House Ruislip, United Kingdom HA4 7AE
PETITION PAL LTD,16259265,active,ltd,,,2025-02-18,,2025-02-18,[62090],Unit 1.06 12-18 Hoxton Street London England N1 6NG
DN ARTS LIMITED,16259269,active,ltd,,,2025-02-18,,2025-02-18,[90030],63 A Brighton Road London United Kingdom N16 8EQ
YEI YEI PROPERTIES LTD,16259327,active,ltd,,,2025-02-18,,2025-02-18,[68100, 68209, 68320],20 Wenlock Road London England N1 7GU
MAD THINKERS LTD,16259346,active,ltd,,,2025-02-18,,2025-02-18,[85590],4th Floor Silverstream House London United Kingdom W1T 6EB
MM BUILD LIMITED,16259404,active,ltd,,,2025-02-18,,2025-02-18,[41201, 41202],Flat 2 Legacy Tower London England E15 1DE
KEY OF MASTERING ARABIC LTD,16259386,active,ltd,,,2025-02-18,,2025-02-18,[85520, 85590],128 City Road London United Kingdom EC1V 2NX
SANAMENTUM LIMITED,16259439,active,ltd,,,2025-02-18,,2025-02-18,[86900],17 Green Lanes London United Kingdom N16 9BS
KF COFFEE LTD,16259571,active,ltd,,,2025-02-18,,2025-02-18,[56102],7 Cazenove Road (Shop) London United Kingdom N16 6PA
FARCASTER LABS LTD,16259545,active,ltd,,,2025-02-18,,2025-02-18,[62012],71-75 Shelton Street London United Kingdom WC2H 9JQ
IT 360 GROUP LTD,16259600,active,ltd,,,2025-02-18,,2025-02-18,[62020],86-90 Paul Street London England EC2A 4NE
TERA8 LTD,16259595,active,ltd,,,2025-02-18,,2025-02-18,[68209],128 City Road London United Kingdom EC1V 2NX
RUGS N RUBES LTD,16259589,active,ltd,,,2025-02-18,,2025-02-18,[78109],13 Wessex Avenue London United Kingdom SW19 3DT
SHOP SPARKLY LTD,16259648,active,ltd,,,2025-02-18,,2025-02-18,[47910],4th Floor Office London England W1B 4HB
NEXERA IT LIMITED,16259647,active,ltd,,,2025-02-18,,2025-02-18,[62020, 62090],Nexera It Limited London England W1W 5PF
TRINITYY SOCIAL CARE LTD,16259628,active,ltd,,,2025-02-18,,2025-02-18,[84120],20 Wenlock Road London England N1 7GU
TALENT EMPLOY LTD,16259622,active,ltd,,,2025-02-18,,2025-02-18,[96090],128 City Road London United Kingdom EC1V 2NX
STAYKAYTION LTD,16259668,active,ltd,,,2025-02-18,,2025-02-18,[55100, 68100, 68209, 68320],First Floor 459 Finchley Road London England NW3 6HN
YUZEMI LIMITED,16259637,active,ltd,,,2025-02-18,,2025-02-18,[47990],193b Purves Road London England NW10 5TJ
AKIRA ASSETS LIMITED,16259688,active,ltd,,,2025-02-18,,2025-02-18,[68209],5a Eastcote Lane Harrow England HA2 8BW
JORZERK LIMITED,16259785,active,ltd,,,2025-02-18,,2025-02-18,[47910, 90030],124-128 City Road London England EC1V 2NX
SK MANAGEMENT SOLUTIONS LTD,16259850,active,ltd,,,2025-02-18,,2025-02-18,[68310, 68320],Caspian Wharf London England E3 3QH
FAST FLAVOUR LIMITED,16259905,active,ltd,,,2025-02-18,,2025-02-18,[56101],114 Colindale Avenue Colindale United Kingdom NW9 5GX
OLUWA AND SONS LTD,16259919,active,ltd,,,2025-02-18,,2025-02-18,[47910],3rd Floor, 86-90 Paul Street London United Kingdom EC2A 4NE
SHINE PROPERTY INVESTMENTS LTD,16259095,active,ltd,,,2025-02-18,,2025-02-18,[68209],C/O Getground London England W6 0NB
MINIMED (UK) LIMITED,16244588,active,ltd,,,2025-02-11,,2025-02-11,[32500, 86900],C/O Company Secretarial Department London United Kingdom EC2M 4AG
CLIFF PHILLIPS LANDSCAPES LTD,16245152,active,ltd,,,2025-02-11,,2025-02-11,[43290, 81300],23a The Precinct Waterlooville United Kingdom PO7 7DT
LILLEMY LTD,16245151,active,ltd,,,2025-02-11,,2025-02-11,[47820, 47910],20d Hollybush Hill London England E11 1PP
KEKKI LTD,16245187,active,ltd,,,2025-02-11,,2025-02-11,[99999],Room A London United Kingdom E1 4XH
MORLING PROPERTY LTD,16245165,active,ltd,,,2025-02-11,,2025-02-11,[68100, 68209],1 London Road Ipswich United Kingdom IP1 2HA
INCEPTION LEADS LIMITED,16245180,active,ltd,,,2025-02-11,,2025-02-11,[73120],85 Great Portland Street, First Floor London United Kingdom W1W 7LT
J GOODWIN & CO (HOLDINGS) LIMITED,16245320,active,ltd,,,2025-02-11,,2025-02-11,[64205],341 Latimer Road London England W10 6RA
NESH GROUP LIMITED,16245571,active,ltd,,,2025-02-11,,2025-02-11,[64209],124-128 City Road London England EC1V 2NX
SAZ-365 CONSULTING LTD,16245570,active,ltd,,,2025-02-11,,2025-02-11,[62020],Flat 14 35 Coxwell Boulevard London United Kingdom NW9 4AD
BROAD VALLEY GROUP LTD,16245963,active,ltd,,,2025-02-12,,2025-02-12,[43210, 43220, 43999, 68209],20 Wenlock Road London England N1 7GU
CONNECTIVE TWO LTD,16246041,active,ltd,,,2025-02-12,,2025-02-12,[71129],3rd Floor, 86-90 Paul Street London United Kingdom EC2A 4NE
FUNDREE VENTURES LTD,16246037,active,ltd,,,2025-02-12,,2025-02-12,[64209, 70229, 82990],2e Accountants, Unit 11, Flamingo Court London England SE17 3BF
DIGITAL DRAGON GEEK LTD,16246047,active,ltd,,,2025-02-12,,2025-02-12,[46510],94 Tower Hamlets Road London England E7 9DB
LOWLIGHTS LTD,16244346,active,ltd,,,2025-02-11,,2025-02-11,[56210, 90020],32c Brondesbury Road London England NW6 6AY
ALODAR CAPITAL LIMITED,16245064,active,ltd,,,2025-02-11,,2025-02-11,[64205],87/89 Baker Street, Floor 3 London United Kingdom W1U 6RJ
APPSEC LTD,16245222,active,ltd,,,2025-02-11,,2025-02-11,[62020],71-75 Shelton Street London United Kingdom WC2H 9JQ
PHEASANT RISE (CHESHAM) LTD,16245253,active,ltd,,,2025-02-11,,2025-02-11,[41100],67 Westow Street London England SE19 3RW
GREEN FIRE SOLUTIONS LTD,16245358,active,ltd,,,2025-02-11,,2025-02-11,[70229],113a London Road Waterlooville England PO7 7DZ
JRB GLOBAL LIMITED,16245342,active,ltd,,,2025-02-11,,2025-02-11,[47760],1 Giltspur Street London United Kingdom EC1A 9DD
LENDEACH LTD,16245336,active,ltd,,,2025-02-11,,2025-02-11,[64999],71-75 Shelton Street London United Kingdom WC2H 9JQ
MADE YOU LOOK MEDIA LIMITED,16245492,active,ltd,,,2025-02-11,,2025-02-11,[73110],306a Portobello Road London England W10 5TA
PRESTIGE ROOFING SOLUTIONS LTD,16245672,active,ltd,,,2025-02-11,,2025-02-11,[43910],70 Upper Richmond Road London England SW15 2RP
SMTZ HOLDINGS LTD,16245844,active,ltd,,,2025-02-11,,2025-02-11,[64209],453a Barking Road London England E6 2JX
GALLERIA 89 LTD,16245887,active,ltd,,,2025-02-11,,2025-02-11,[74202, 74209],30 Zangwill Road London England SE3 8EU
AGILE BODY LAB LTD,16245892,active,ltd,,,2025-02-12,,2025-02-12,[47910, 47990, 70229, 73110],167 - 169 Great Portland Street London England W1W 5PF
CLARETTE HOLDINGS LTD,16245890,active,ltd,,,2025-02-12,,2025-02-12,[64999],97 Park Lane London United Kingdom W1K 7TG
RKULE LTD,16245999,active,ltd,,,2025-02-12,,2025-02-12,[86900],3 Oakley House London United Kingdom SE11 6BT
FANZY PIZZA LIMITED,16246015,active,ltd,,,2025-02-12,,2025-02-12,[56102, 56103],13 White Church Lane London England E1 7QR
STEP AHEAD TUITION LIMITED,16246104,active,ltd,,,2025-02-12,,2025-02-12,[85600],170 New Cross Road London England SE14 5AA
ETMC LTD,16244949,active,ltd,,,2025-02-11,,2025-02-11,[59111],20 Wenlock Road London England N1 7GU
GREEN LIFE GARDEN LTD,16244997,active,ltd,,,2025-02-11,,2025-02-11,[46220, 95220],1 Warwick Gardens London United Kingdom W14 8PH
24 HOURS TRANSPORT LTD,16244980,active,ltd,,,2025-02-11,,2025-02-11,[49410],71-75 Shelton Street London United Kingdom WC2H 9JQ
CROWES NEST LTD,16245009,active,ltd,,,2025-02-11,,2025-02-11,[68209, 68310],20 Wenlock Road London England N1 7GU
FOCCY LTD,16245114,active,ltd,,,2025-02-11,,2025-02-11,[99999],Room D London United Kingdom E1 4XH
JEVANE AFRICA FOOD LTD,16245116,active,ltd,,,2025-02-11,,2025-02-11,[47110, 47290],20 Wenlock Road London England N1 7GU
RADICCHIO CATERING LTD,16245270,active,ltd,,,2025-02-11,,2025-02-11,[56290],24 Beaconsfield Close London England W4 4EL
GG-153-807 LIMITED,16245267,active,ltd,,,2025-02-11,,2025-02-11,[68209],C/O Getground London England W6 0NB
1953 FILMS LIMITED,16245286,active,ltd,,,2025-02-11,,2025-02-11,[59111],Unit 3, Ashby Space London United Kingdom SE4 1TB
BMV ESTATE LTD,16245750,active,ltd,,,2025-02-11,,2025-02-11,[68100],50 Coronation Avenue London England N16 8DT
HUB INSPIRISE LTD,16244282,active,ltd,,,2025-02-11,,2025-02-11,[93199],Flat 17 Brune House London England E1 7NW
RIDAMI INVESTMENTS LTD,16244613,active,ltd,,,2025-02-11,,2025-02-11,[68100, 68209],9 Harefield Road London England N8 8QY
STEPA GROUP LTD,16244619,active,ltd,,,2025-02-11,,2025-02-11,[64209],Studio Ns17a Netil House London United Kingdom E8 3RL
PERFORMIAN LTD,16244427,active,ltd,,,2025-02-11,,2025-02-11,[70229],The Upside Down House Haywards Heath England RH17 6HS
CURATED MARKETPLACE LTD,16244421,active,ltd,,,2025-02-11,,2025-02-11,[46190, 46499, 46900, 47910],109 West Green Road London England N15 5DE
AQ EXECUTIVE LTD,16245704,active,ltd,,,2025-02-11,,2025-02-11,[49320],11 Farlington Place London England SW15 4AH
AL HASSAN BUILDERS LTD,16245720,active,ltd,,,2025-02-11,,2025-02-11,[43390],3 Whitfield Road London England E6 1AS
I&M PROP£RTIES LTD,16245942,active,ltd,,,2025-02-12,,2025-02-12,[55100, 68209, 68320],71-75 Shelton Street London United Kingdom WC2H 9JQ
PYTCHLEY REALTY LTD,16245976,active,ltd,,,2025-02-12,,2025-02-12,[66190],97 Park Lane Mayfair London United Kingdom W1K 7TG
BENTUTOR LIMITED,16245981,active,ltd,,,2025-02-12,,2025-02-12,[85590],3rd Floor, 86-90 Paul Street London United Kingdom EC2A 4NE
SABURLUK LTD,16246141,active,ltd,,,2025-02-12,,2025-02-12,[68100, 68201, 68209, 68320],Unit 3b Berol House London United Kingdom N17 9LJ
ALPHA RATNAM ESTATE LTD,16246157,active,ltd,,,2025-02-12,,2025-02-12,[68320],256 Haydons Road London England SW19 8TT
DUTCH TILT LIMITED,16246196,active,ltd,,,2025-02-12,,2025-02-12,[90030],1st Floor 104 Oxford Street Fitzrovia United Kingdom W1D 1LP
ICN ESTATES LTD,16246201,active,ltd,,,2025-02-12,,2025-02-12,[68100, 68209],20 Wenlock Road London England N1 7GU
QUEST FOR QIBLA LTD,16246284,active,ltd,,,2025-02-12,,2025-02-12,[79110],124-128 City Road London United Kingdom EC1V 2NX
DANTE RESTAURANT GROUP LTD,16246287,active,ltd,,,2025-02-12,,2025-02-12,[56101],21b York Grove London England SE15 2NY
FIDDLE LEAF LIMITED,16246417,active,ltd,,,2025-02-12,,2025-02-12,[58290],128 City Road London United Kingdom EC1V 2NX
BRUCELLOSIS LIMITED,16246422,active,ltd,,,2025-02-12,,2025-02-12,[47910],29741 Office Suite 29a, 3/F., 23 Wharf Street London United Kingdom SE8 3GG
GG-037-155 LIMITED,16246621,active,ltd,,,2025-02-12,,2025-02-12,[68209],C/O Getground London England W6 0NB
NICHOLES SHOPIFY LTD,16246581,active,ltd,,,2025-02-12,,2025-02-12,[47710],125 Richmond Road London England E11 4BT
LIFE AND RECIPE LTD,16246575,active,ltd,,,2025-02-12,,2025-02-12,[56290, 62012, 63120],71-75 Shelton Street London United Kingdom WC2H 9JQ
66 ANERLEY PARK LTD,16246573,active,ltd,,,2025-02-12,,2025-02-12,[98000],66 Anerley Park London United Kingdom SE20 8NQ
ELS ESTATES LONDON LTD,16246558,active,ltd,,,2025-02-12,,2025-02-12,[68209],134 Clapton Common London England E5 9AG
MOHSAM LTD,16246560,active,ltd,,,2025-02-12,,2025-02-12,[81299],20 Wenlock Road London England N1 7GU
AGILITY FINANCE LTD,16246750,active,ltd,,,2025-02-12,,2025-02-12,[64921],128 City Road London United Kingdom EC1V 2NX
METALLIC SAGE LTD,16246739,active,ltd,,,2025-02-12,,2025-02-12,[90020],71 Carlyle Road London United Kingdom E12 6BW
GOOD AI GROUP LTD,16246765,active,ltd,,,2025-02-12,,2025-02-12,[62011, 62012, 62090, 63120],5 Brayford Square London United Kingdom E1 0SG
SCRAP RECORDS LIMITED,16246869,active,ltd,,,2025-02-12,,2025-02-12,[59200],11 Palace Road East Moseley United Kingdom KT8 9DJ
CLEAN SNOWDROP LIMITED,16246861,active,ltd,,,2025-02-12,,2025-02-12,[81210],42-44 Bishopsgate London United Kingdom EC2N 4AH
MN COACHING LTD,16246863,active,ltd,,,2025-02-12,,2025-02-12,[64209],32 Kinburn Street London England SE16 6DW
THE HEALY PUB GROUP LIMITED,16246865,active,ltd,,,2025-02-12,,2025-02-12,[56302],4th Floor 4 Tabernacle Street London United Kingdom EC2A 4LU
AAYUSH ONLINE LTD,16246942,active,ltd,,,2025-02-12,,2025-02-12,[46160, 47910],128 City Road London United Kingdom EC1V 2NX
SHIRA RENOVATION LTD,16247078,active,ltd,,,2025-02-12,,2025-02-12,[43390],54 Caistor Road London England SW12 8PZ
ROUXEL FOOD SUPPLIES LIMITED,16247291,active,ltd,,,2025-02-12,,2025-02-12,[56290],27 Camden High Street London England NW1 7JE
PSS CORPORATION LIMITED,16247309,active,ltd,,,2025-02-12,,2025-02-12,[96090],35-37 Ludgate Hill London United Kingdom EC4M 7JN
ZENYCAT LIMITED,16247315,active,ltd,,,2025-02-12,,2025-02-12,[62090],Flat A London England SW14 8HY
NOZZY LTD,16247274,active,ltd,,,2025-02-12,,2025-02-12,[99999],Room C London United Kingdom E1 4XH
OVERGLOBE LTD,16247272,active,ltd,,,2025-02-12,,2025-02-12,[82990],Argyle Court London England N7 7QR
RAVCORP LTD,16247466,active,ltd,,,2025-02-12,,2025-02-12,[63110],71-75 Shelton Street London United Kingdom WC2H 9JQ
DAVIN DROP LTD,16247463,active,ltd,,,2025-02-12,,2025-02-12,[46420, 46499],128 City Road London United Kingdom EC1V 2NX
MAINLINEHR LTD,16247459,active,ltd,,,2025-02-12,,2025-02-12,[70229, 78109, 82990],3rd Floor, 86-90 Paul Street London England EC2A 4NE
HOTEL SWINDON LTD,16247490,active,ltd,,,2025-02-12,,2025-02-12,[55100, 68209],Tulip House Amory Tower London United Kingdom E14 9TW
CARIBBEAN01 LIMITED,16247614,active,ltd,,,2025-02-12,,2025-02-12,[56101, 56302],60 Brewery Road London United Kingdom N7 9NH
STRADE BASE GROUP LIMITED,16247627,active,ltd,,,2025-02-12,,2025-02-12,[64209],57 Poland Street London England W1F 7NW
MOTHERLANDFOODSUK LTD,16247646,active,ltd,,,2025-02-12,,2025-02-12,[56290],71-75 Shelton Street London United Kingdom WC2H 9JQ
AUREA AXIS LTD,16247994,active,ltd,,,2025-02-12,,2025-02-12,[62012, 62020, 62090],116 Ballards Lane London United Kingdom N3 2DN
WILLBOROUGH HOMES LIMITED,16247995,active,ltd,,,2025-02-12,,2025-02-12,[68209],Apartment 8 Forest Grove House 101a London Road Waterlooville England PO8 8BX
ALAND INVESTMENTS LTD,16248018,active,ltd,,,2025-02-12,,2025-02-12,[64209, 98000],Unit 1 Surrey Cannal Trade Park London United Kingdom SE14 5RW
SUN-TRONIX LTD,16248388,active,ltd,,,2025-02-12,,2025-02-12,[35130, 43210],20 Wenlock Road London England N1 7GU
MIDORI HEALTH LTD,16248376,active,ltd,,,2025-02-12,,2025-02-12,[86210],124 City  Road London United Kingdom EC1V 2NX
ASES GRILL LTD,16248434,active,ltd,,,2025-02-12,,2025-02-12,[56103],500 White Hart Lane London England N17 7NA
CP MASTERS LIMITED,16248449,active,ltd,,,2025-02-12,,2025-02-12,[47190, 47990, 70229],Demsa Accounts London England N8 0RL
SULTANS LEGECY LTD,16231101,active,ltd,,,2025-02-05,,2025-02-05,[47910],71-75 Shelton Street London United Kingdom WC2H 9JQ
SYSTEM SHIFT GROUP LTD,16248639,active,ltd,,,2025-02-12,,2025-02-12,[63990],15 Strahan Road London England E3 5DA
SYMPORIUM GROUP LTD,16248643,active,ltd,,,2025-02-12,,2025-02-12,[46190, 47910, 68310, 71122],128 City Road London United Kingdom EC1V 2NX
WHITE ROSE LANDSCAPES (YORK) LTD,16248785,active,ltd,,,2025-02-12,,2025-02-12,[71112],3rd Floor, 86-90 Paul Street London United Kingdom EC2A 4NE
M A INSIGHT SOLUTIONS LTD,16248922,active,ltd,,,2025-02-12,,2025-02-12,[70229],7 Rosebery Avenue London England E12 6PY
MOOLIFY LIMITED,16249248,active,ltd,,,2025-02-13,,2025-02-13,[64999],128 City Road London United Kingdom EC1V 2NX
SOUTH COAST RENDERING LTD,16249363,active,ltd,,,2025-02-13,,2025-02-13,[43310],71-75 Shelton Street London United Kingdom WC2H 9JQ
STREAMLINE ATECHI TRADING LTD,16249417,active,ltd,,,2025-02-13,,2025-02-13,[61200, 61900, 82990],1 Kings Avenue London England N21 3NA
HYPERLIVE INNOVATIONS LTD,16249405,active,ltd,,,2025-02-13,,2025-02-13,[73120],42 Circus Road London England NW8 9SE
ANDY TAYLOR CREATIVE LTD,16249489,active,ltd,,,2025-02-13,,2025-02-13,[73110],First Floor London United Kingdom N12 0DA
SOFTPROD LTD,16249569,active,ltd,,,2025-02-13,,2025-02-13,[58290, 62012, 63120],71-75 Shelton Street London United Kingdom WC2H 9JQ
AS CONSULTANCY SERVICES LTD,16249585,active,ltd,,,2025-02-13,,2025-02-13,[70229],Unit A3, Gateway Tower London United Kingdom E16 1YL
PATEK LTD,16249774,active,ltd,,,2025-02-13,,2025-02-13,[99999],141 Somerset Gardens London United Kingdom N17 8JX
HANOVERJ LIMITED,16249941,active,ltd,,,2025-02-13,,2025-02-13,[46900, 47640, 47910, 47990],128 City Road London United Kingdom EC1V 2NX
SWIFT TRADE LOGISTICS LTD,16249930,active,ltd,,,2025-02-13,,2025-02-13,[46900],14 Gordon Avenue London United Kingdom E4 9QU
MELINI CONSULTANCY LIMITED,16250213,active,ltd,,,2025-02-13,,2025-02-13,[69201],46 St. Philip Street London England SW8 3SJ
AOVL CONSULTANCY LTD,16246183,active,ltd,,,2025-02-12,,2025-02-12,[45111, 62090, 70229, 82990],3rd Floor, 86-90 Paul Street London England EC2A 4NE
AASHRA COOPERATION LTD,16246187,active,ltd,,,2025-02-12,,2025-02-12,[46499, 47910, 55209, 73110],24-26, Arcadia Avenue Fin0000 London United Kingdom N3 2JU
CO2025 LTD,16246256,active,ltd,,,2025-02-12,,2025-02-12,[47640, 47910],71-75 Shelton Street London United Kingdom WC2H 9JQ
VISION TECHNOLOGY EUROPE LTD,16246249,active,ltd,,,2025-02-12,,2025-02-12,[64209],71-75 Shelton Street London United Kingdom WC2H 9JQ
ZAGALOU LTD,16246250,active,ltd,,,2025-02-12,,2025-02-12,[47190, 47510],71-75 Shelton Street London United Kingdom WC2H 9JQ
100 LEGHORN ROAD LTD,16246262,active,ltd,,,2025-02-12,,2025-02-12,[68209],100 Leghorn Road London United Kingdom NW10 4PG
JT AND KT PROPERTY LTD,16246361,active,ltd,,,2025-02-12,,2025-02-12,[68100, 68209],71-75 Shelton Street London United Kingdom WC2H 9JQ
B&M TRADES LTD,16246348,active,ltd,,,2025-02-12,,2025-02-12,[46150, 46190, 47190, 47910],128 City Road London United Kingdom EC1V 2NX
THE BAY VIEW PUBLIC HOUSE LTD,16246370,active,ltd,,,2025-02-12,,2025-02-12,[56302],Ash Associates, 72 Badminton Road London United Kingdom SW12 8BL
KETTARI KOL LTD,16246364,active,ltd,,,2025-02-12,,2025-02-12,[59200, 69109, 77400, 82990],71-75 Shelton Street London United Kingdom WC2H 9JQ
SJC DIGITAL CONSULTING LIMITED,16246548,active,ltd,,,2025-02-12,,2025-02-12,[62020],Wellesley House London England SE18 6SS
LOVE PROPERTIES LONDON LTD,16246545,active,ltd,,,2025-02-12,,2025-02-12,[68100, 68201, 68209, 68320],190 Billet Road London United Kingdom E17 5DX
ERIC FACILITIES SERVICES LTD,16246528,active,ltd,,,2025-02-12,,2025-02-12,[96090],85 Albatross Close London United Kingdom E6 5NX
GG-985-991 LIMITED,16246687,active,ltd,,,2025-02-12,,2025-02-12,[68209],C/O Getground London England W6 0NB
PULSEPROMO LIMITED,16246652,active,ltd,,,2025-02-12,,2025-02-12,[70229, 73110],Beaumont House, 2nd Floor, London United Kingdom SW20 0LW
MATT TUCK CONSULTING LIMITED,16246819,active,ltd,,,2025-02-12,,2025-02-12,[70229],9 Hare & Billet Road London United Kingdom SE3 0RB
EDWIN PERCY CONSTRUCTION LIMITED,16246849,active,ltd,,,2025-02-12,,2025-02-12,[41202],90a Woodside London England SW19 7BA
BALANCE WITHIN LIMITED,16246826,active,ltd,,,2025-02-12,,2025-02-12,[96090],32-33 St. James's Place London England SW1A 1NR
QUANTUM MIND AI TECH LTD,16246886,active,ltd,,,2025-02-12,,2025-02-12,[62012],36 Albemarle Street London United Kingdom W1S 4JE
VERACONSTRUCT ENTERPRISE LTD,16246892,active,ltd,,,2025-02-12,,2025-02-12,[41202],Flat 5 299 Barking Road London England E6 1LB
EMSTAR ESTATES LTD,16247030,active,ltd,,,2025-02-12,,2025-02-12,[68100, 68209],52 Lingwood Road London England E5 9BN
CHAMBER EXPERIENCES LIMITED,16247147,active,ltd,,,2025-02-12,,2025-02-12,[62011],10 Bishops Square London England E1 6EG
INNOVERA GOAL MAKERS LTD,16247178,active,ltd,,,2025-02-12,,2025-02-12,[46520, 46690, 46900, 47910],Suite10 Capital House London United Kingdom E8 1LL
TRITAX ACQUISITION 52 LIMITED,16247180,active,ltd,,,2025-02-12,,2025-02-12,[35140, 68209],72 Broadwick Street London United Kingdom W1F 9QZ
RMC29B LTD,16247367,active,ltd,,,2025-02-12,,2025-02-12,[55100],Unit 8 Holles House London England SW9 7AP
SPECTR PROPERTY LTD,16247344,active,ltd,,,2025-02-12,,2025-02-12,[82990],128 City Road London United Kingdom EC1V 2NX
GSF (UK) MANAGEMENT GROUP LTD,16247571,active,ltd,,,2025-02-12,,2025-02-12,[64209],2 New Street Square London United Kingdom EC4A 3BZ
WOOP MEDIA LTD,16247577,active,ltd,,,2025-02-12,,2025-02-12,[63120],20 Wenlock Road London England N1 7GU
INFOSMS LIMITED,16247684,active,ltd,,,2025-02-12,,2025-02-12,[73110],112b Osborne Road London United Kingdom E7 0PL
MY FUTURE LEGACY LTD,16247665,active,ltd,,,2025-02-12,,2025-02-12,[55100, 68209, 68320],71-75 Shelton Street London United Kingdom WC2H 9JQ
STRADE BASE DISTRIBUTION LIMITED,16247726,active,ltd,,,2025-02-12,,2025-02-12,[59200],57 Poland Street London England W1F 7NW
YAASH PERIPERI LTD,16247720,active,ltd,,,2025-02-12,,2025-02-12,[56103],78 Westow Hill London England SE19 1SB
STRADE BASE FIN LIMITED,16247827,active,ltd,,,2025-02-12,,2025-02-12,[70229],57 Poland Street London England W1F 7NW
ALL MASTER KEYS LTD,16247825,active,ltd,,,2025-02-12,,2025-02-12,[46510, 47410, 47910],71-75 Shelton Street London United Kingdom WC2H 9JQ
HR CATERING LTD,16247913,active,ltd,,,2025-02-12,,2025-02-12,[56210],3rd Floor, 86-90 Paul Street London United Kingdom EC2A 4NE
XONE METALS LTD,16247955,active,ltd,,,2025-02-12,,2025-02-12,[46180],4 Nutter Lane London England E11 2HY
L-NUTRA HEALTH UK LTD,16248069,active,ltd,,,2025-02-12,,2025-02-12,[82990],19 Leyden Street London England E1 7LE
DOORVI LTD,16248071,active,ltd,,,2025-02-12,,2025-02-12,[58290],20 Wenlock Road London England N1 7GU
ANOMALY REAL ESTATE LTD,16248049,active,ltd,,,2025-02-12,,2025-02-12,[41100, 68100, 68209],164 New Cavendish Street London England W1W 6YT
NHG CARE LIMITED,16248345,active,ltd,,,2025-02-12,,2025-02-12,[87200],101 New Cavendish Street London England W1W 6XH
AIKARO SPORTS ACADEMY LTD,16248360,active,ltd,,,2025-02-12,,2025-02-12,[85510],71-75 Shelton Street London United Kingdom WC2H 9JQ
MEDIAELEMENTS LTD,16248367,active,ltd,,,2025-02-12,,2025-02-12,[18202, 59112],20 Wenlock Road London England N1 7GU
PRESTINE DEVELOPMENTS LTD,16248363,active,ltd,,,2025-02-12,,2025-02-12,[41100],Flat 2, 9 Station Road London England NW4 4FA
ENO GRILL LTD,16248557,active,ltd,,,2025-02-12,,2025-02-12,[56103],500 White Hart Lane London England N17 7NA
ALBTIK LTD,16248532,active,ltd,,,2025-02-12,,2025-02-12,[43999],Flat 3 Alfred Dickens House London England E16 1BG
KLAAR DESIGN & MARKETING LTD,16248616,active,ltd,,,2025-02-12,,2025-02-12,[73110],Kings Court Stevenage England SG1 2NG
UA VEHICLE SOLUTIONS LTD,16248819,active,ltd,,,2025-02-12,,2025-02-12,[45112, 77110],Unit F2 London House London England SW14 8DD
SHILLINGLAW SISTERS LIMITED,16248937,active,ltd,,,2025-02-12,,2025-02-12,[56210],37 Cassini Apartments Cascade Way London United Kingdom W12 7RF
FOCUS AND FLOW SOLUTIONS LIMITED,16249051,active,ltd,,,2025-02-12,,2025-02-12,[82990],411 Oxford Street London England W1C 2PE
COYEN CONSULTING LTD,16249113,active,ltd,,,2025-02-13,,2025-02-13,[74909, 90010],31 Clock Tower Mews London United Kingdom SE28 8FA
WHITEHAWK STIRLING UK LIMITED,16249139,active,ltd,,,2025-02-13,,2025-02-13,[64209],Second Floor London United Kingdom W1T 2NU
AWESOME ACCOUNTS LTD,16249171,active,ltd,,,2025-02-13,,2025-02-13,[69201],20 Wenlock Road London England N1 7GU
STARLIGHT WELLS LTD,16249281,active,ltd,,,2025-02-13,,2025-02-13,[68209],17 Leabourne Road London United Kingdom N16 6SU
GETTWIGGED LIMITED,16249271,active,ltd,,,2025-02-13,,2025-02-13,[85590],4th Floor 4 Tabernacle Street London United Kingdom EC2A 4LU
CORAPIDE LTD,16249330,active,ltd,,,2025-02-13,,2025-02-13,[47890, 47910],71-75 Shelton Street London United Kingdom WC2H 9JQ
IZC DEVELOPMENTS LIMITED,16249311,active,ltd,,,2025-02-13,,2025-02-13,[41100],20 Wenlock Road London England N1 7GU
ARCH ORGANIC LTD,16249326,active,ltd,,,2025-02-13,,2025-02-13,[96090],292 Milkwood Road London United Kingdom SE24 0EZ
CAFE MAMASONS LTD,16249366,active,ltd,,,2025-02-13,,2025-02-13,[56102],83 Kentish Town Road London United Kingdom NW1 8NY
AHRA KOREAN BBQ RESTAURANT LTD,16249459,active,ltd,,,2025-02-13,,2025-02-13,[56101],396 Green Lanes Palmers Green London England N13 5PD
SUPREME ENTERTAINMENT LTD,16249448,active,ltd,,,2025-02-13,,2025-02-13,[90010, 90020],20 Wenlock Road London England N1 7GU
EXOR LIMITED,16249522,active,ltd,,,2025-02-13,,2025-02-13,[96090],283 Green Lanes London England N13 4XS
YEEHOS LTD,16249514,active,ltd,,,2025-02-13,,2025-02-13,[46190, 46370, 46460, 47910],71-75 Shelton Street London United Kingdom WC2H 9JQ
BASH EVENTS DECOR AND PLANNING LTD,16249851,active,ltd,,,2025-02-13,,2025-02-13,[56210, 68202, 82301, 82302],71-75 Shelton Street London United Kingdom WC2H 9JQ
STACK INNOVATIVE LTD,16249853,active,ltd,,,2025-02-13,,2025-02-13,[47910],128 City Road London United Kingdom EC1V 2NX
REGENALL DIAGNOSTICS LIMITED,16249838,active,ltd,,,2025-02-13,,2025-02-13,[86900],19 Harley Street London United Kingdom W1G 9QJ
H25 REAL ESTATE LIMITED,16249846,active,ltd,,,2025-02-13,,2025-02-13,[64209],19 Leyden Street London England E1 7LE
TANG SURGICAL PRECISION LTD,16249860,active,ltd,,,2025-02-13,,2025-02-13,[86220, 86900],80 Coleman Street London United Kingdom EC2R 5BJ
BALANCE BEAUTY & WELLNESS LTD,16249911,active,ltd,,,2025-02-13,,2025-02-13,[96020],Ruskin House 40-41 Museum Street London England WC1A 1LT
KA BIOTECH LIMITED,16249981,active,ltd,,,2025-02-13,,2025-02-13,[70229],338a Regents Park Road London United Kingdom N3 2LN
GOOD MARKET TRADER LTD,16249980,active,ltd,,,2025-02-13,,2025-02-13,[62012, 62090],128 City Road London United Kingdom EC1V 2NX
KAB LITERARY LTD,16250153,active,ltd,,,2025-02-13,,2025-02-13,[96090],140 Drew Road London England E16 2DG
JARITA LIMITED,16250233,active,ltd,,,2025-02-13,,2025-02-13,[56101],142 Battersea High Street London England SW11 3JR
OVAL VALE LTD,16246325,active,ltd,,,2025-02-12,,2025-02-12,[46190, 87300, 98000],17 Byards Croft Streatham Vale United Kingdom SW16 5EY
HEALTH GYDE LTD,16246320,active,ltd,,,2025-02-12,,2025-02-12,[86210, 86220],71-75 Shelton Street London United Kingdom WC2H 9JQ
AL'DUJAILY ESTATES LIMITED,16246323,active,ltd,,,2025-02-12,,2025-02-12,[68209],77 Gloucester Road London England EN5 1LZ
ORIENTAL S HEALING STUDIO LTD.,16246326,active,ltd,,,2025-02-12,,2025-02-12,[86900],Chase Business Centre London United Kingdom N14 5BP
SUPERIOR FORMING SOLUTIONS LTD,16246329,active,ltd,,,2025-02-12,,2025-02-12,[23610, 49410, 71121, 77310],2nd Floor College House Ruislip, United Kingdom HA4 7AE
C-H4 HEATING AND GAS LTD,16246331,active,ltd,,,2025-02-12,,2025-02-12,[43220],71-75 Shelton Street London United Kingdom WC2H 9JQ
ES ELECTRICAL DESIGN LTD,16246316,active,ltd,,,2025-02-12,,2025-02-12,[43210],10 Tableer Avenue London England SW4 9RQ
FUDGE LIFE LTD,16246481,active,ltd,,,2025-02-12,,2025-02-12,[47190],3rd Floor, 86-90 Paul Street London England EC2A 4NE
ICONICUSTRESS LTD,16246492,active,ltd,,,2025-02-12,,2025-02-12,[96020],127 Queens Rd London England SE15 2ND
LIA'S SECRET LIMITED,16246497,active,ltd,,,2025-02-12,,2025-02-12,[47910],2a Thorpe Crescent London England E17 5BY
THE CARE SHIFT GROUP LTD,16246468,active,ltd,,,2025-02-12,,2025-02-12,[85590, 87300, 87900],128 City Road London United Kingdom EC1V 2NX
OH SO CLEANN LTD,16246720,active,ltd,,,2025-02-12,,2025-02-12,[81210],20 Wenlock Road London England N1 7GU
SVOI LONDON LTD,16246713,active,ltd,,,2025-02-12,,2025-02-12,[90020],5 Brayford Square London England E1 0SG
CHURCHILL MONEY LTD,16246799,active,ltd,,,2025-02-12,,2025-02-12,[64999, 82990],8 Devonshire Square London England EC2M 4YJ
SOEL LTD,16246792,active,ltd,,,2025-02-12,,2025-02-12,[64209],First Floor Winston House London United Kingdom N3 1DH
MONTY'S WINES LIMITED,16246994,active,ltd,,,2025-02-12,,2025-02-12,[46342],22 Marylands Road London England W9 2DY
LUCKY COMMERCIALS LTD,16246986,active,ltd,,,2025-02-12,,2025-02-12,[56101],42 Camberwell Church Street London England SE5 8QZ
MAMIE GOOD LIMITED,16247013,active,ltd,,,2025-02-12,,2025-02-12,[64209],18 Formosa Street London England W9 1EE
TOTALWELLNESSPLUS LTD.,16233715,active,ltd,,,2025-02-06,,2025-02-06,[47910, 58190],Totalwellnessplus 124-128 City Road London England EC1V 2NX
ZED VICTOR ONE HOLDINGS LIMITED,16247018,active,ltd,,,2025-02-12,,2025-02-12,[64209],5th Floor 3 Moorgate Place London United Kingdom EC2R 6EA
ADORABLE LUXURY LTD,16247250,active,ltd,,,2025-02-12,,2025-02-12,[47910, 47990],3rd Floor, 86-90 Paul Street London England EC2A 4NE
TGS INTERNATIONAL CERTIFICATION TECHNICAL CONTROL AND SURVEILLANCE SERVICES LTD,16244171,active,ltd,,,2025-02-11,,2025-02-11,[70229],284 Chase Road, A Block 2nd Floor Suite 341, London England N14 6HF
ZAF STUDIOS LTD,16247265,active,ltd,,,2025-02-12,,2025-02-12,[86900],149 Huxley Road London United Kingdom E10 5QX
DAHFIC LIMITED,16247425,active,ltd,,,2025-02-12,,2025-02-12,[64991],2 Leman Street London United Kingdom E1W 9US
IVY LUXURIA PROPERTY LTD,16247553,active,ltd,,,2025-02-12,,2025-02-12,[68100, 68201, 68209, 68320],359 Friern Road London England SE22 0BJ
TEVVE LTD,16247542,active,ltd,,,2025-02-12,,2025-02-12,[99999],Room E London United Kingdom E1 4XH
WE53UK LIMITED,16247526,active,ltd,,,2025-02-12,,2025-02-12,[77299],Crown House London United Kingdom WC1N 3AX
W&CT INNS LTD,16247507,active,ltd,,,2025-02-12,,2025-02-12,[56302],1 Kings Avenue London United Kingdom N21 3NA
REEJAN LIMITED,16247869,active,ltd,,,2025-02-12,,2025-02-12,[78109, 78200],98 Commercial Road London England E1 1NU
CONVECTION TECHNOLOGIES LTD,16247988,active,ltd,,,2025-02-12,,2025-02-12,[62012, 62020],71-75 Shelton Street London United Kingdom WC2H 9JQ
BEANS NOT SCREENS LTD,16248178,active,ltd,,,2025-02-12,,2025-02-12,[32409],26 Lothair Road South London United Kingdom N4 1EL
SFT ENGINEERING LTD,16248175,active,ltd,,,2025-02-12,,2025-02-12,[42990],182-184 High Street North London United Kingdom E6 2JA
THE NEWHALL BOOK COMPANY LTD,16248314,active,ltd,,,2025-02-12,,2025-02-12,[58110],1 New Hall Cottages Harlow England CM17 9LX
MASDAR EAST ANGLIA 3 LIMITED,16248311,active,ltd,,,2025-02-12,,2025-02-12,[64209],4 Kingdom Street London United Kingdom W2 6BD
SAPPHIRE INVESTCO LIMITED,16248513,active,ltd,,,2025-02-12,,2025-02-12,[64209],4th Floor 24 Old Bond Street London United Kingdom W1S 4AW
RSC BEVERAGES LIMITED,16248519,active,ltd,,,2025-02-12,,2025-02-12,[47810],Wohl Building London United Kingdom N3 2BS
SUMDORA LTD,16248512,active,ltd,,,2025-02-12,,2025-02-12,[58290, 62011, 62012],23 Maya Place London United Kingdom N11 2EZ
P MARSDEN ANALYTICS LIMITED,16248669,active,ltd,,,2025-02-12,,2025-02-12,[62020],Flat 16 Cedar House London England SE16 6YL
HYPNOTICAL LTD,16248676,active,ltd,,,2025-02-12,,2025-02-12,[72200],71-75 Shelton Street London United Kingdom WC2H 9JQ
JANJUAS BOUTIQUE LIMITED,16248745,active,ltd,,,2025-02-12,,2025-02-12,[47820],167-169 Great Portland Street London England W1W 5PF
DOVETAILS BUSINESS CONSULTANCY LIMITED,16249600,active,ltd,,,2025-02-13,,2025-02-13,[70229],C/O Carrington Accountancy Birchin Court London United Kingdom EC3V 9DU
SW SIMS LTD,16249726,active,ltd,,,2025-02-13,,2025-02-13,[68209],2a Mandrake Road London United Kingdom SW17 7PT
TURING QUANTUMS LTD,16249716,active,ltd,,,2025-02-13,,2025-02-13,[62012, 62020],20 Wenlock Road London England N1 7GU
HARAMAIN GUEST LIMITED,16249996,active,ltd,,,2025-02-13,,2025-02-13,[79120],Ground Floor 125 Whitechapel Rd London United Kingdom E1 1DT
3 BALA JEE LTD,16250254,active,ltd,,,2025-02-13,,2025-02-13,[56101, 56302],Flat 3, 32a Spray Street London England SE18 6AG
ZERRE LTD,16250265,active,ltd,,,2025-02-13,,2025-02-13,[99999],Room A London United Kingdom E1 4XH
LABEL LAHRA LTD.,16266548,active,ltd,,,2025-02-20,,2025-02-20,[47910],71-75 Shelton Street London United Kingdom WC2H 9JQ
RICHMOUNT GROUP LTD,16233129,active,ltd,,,2025-02-05,,2025-02-05,[46900, 47910],73 Davis Road London England W3 7SF
HAKARI LTD,16236870,active,ltd,,,2025-02-07,,2025-02-07,[47810, 56103, 56290],45 Montagu Gardens 45 Montagu Gardens London England N18 2HB
MATTEI INVESTMENT PARTNERS LIMITED,16233912,active,ltd,,,2025-02-06,,2025-02-06,[64209],167-169 Great Portland Street London England W1W 5PF
PEACE CARE LTD,16227909,active,ltd,,,2025-02-04,,2025-02-04,[87900],Suite 119a Citibase Lewisham Tower House Citibase Lewisham Tower House London England SE13 5JX
MYAID LTD,16248516,active,ltd,,,2025-02-12,,2025-02-12,[88990],Hamilton House London United Kingdom E4 9LD
TETRAPRISM HOLDCO LIMITED,16278394,active,ltd,,,2025-02-26,,2025-02-26,[64209],8 Bloomsbury Street London England WC1B 3SR
TEBASE LIMITED,16239758,active,ltd,,,2025-02-10,,2025-02-10,[78200],Unit 115, Accounts By Simply London England EC3V 0BT
KENDRICK SANFORD LIMITED,16280418,active,ltd,,,2025-02-27,,2025-02-27,[69201, 69202, 69203],167-169 Great Portland Street London England W1W 5PF
LIFE FORGE LTD,16278277,active,ltd,,,2025-02-26,,2025-02-26,[86900],167-169 Great Portland Street London England W1W 5PF
HWR PROPERTY LIMITED,16253746,active,ltd,,,2025-02-14,,2025-02-14,[68310],86-90 Paul Street 86-90 Paul Street London England EC2A 4NE
GRANTALL LIMITED,16272194,active,ltd,,,2025-02-24,,2025-02-24,[46510],11 Dallas Road London England SE26 6JP
CROWN COLCH LTD,16245693,active,ltd,,,2025-02-11,,2025-02-11,[96020],Office 403, Screenworks 22 Highbury Grove London United Kingdom N5 2ER
GAKRIRAS ESTATES LIMITED,16250139,active,ltd,,,2025-02-13,,2025-02-13,[68100],Unit 19 1-13 Adler Street London England E1 1EG
WIN SQUARED SOFTWARE LTD,16282694,active,ltd,,,2025-02-28,,2025-02-28,[62012, 62020, 73110],Office 403, Screenworks 22 Highbury Grove London United Kingdom N5 2ER
BUILD AND BRITE LTD,16231820,active,ltd,,,2025-02-05,,2025-02-05,[18129, 43390, 47910, 81229],Flat 1 255 Shrewsbury Road London United Kingdom E7 8QU
GLEN EDEN DISTILLERS LTD,16261541,active,ltd,,,2025-02-19,,2025-02-19,[11010, 11040, 11060, 46342],Flat 43 Blair Court Boundary Road London England NW8 6NT
RADAR UK CONSTRUCTION LTD,16230143,active,ltd,,,2025-02-05,,2025-02-05,[41100, 41201, 41202, 43120],Office 403, Screenworks 22 Highbury Grove London United Kingdom N5 2ER
BNANO UK LTD,16234359,active,ltd,,,2025-02-06,,2025-02-06,[46470, 74100, 90030, 93290],Office 403, Screenworks 22 Highbury Grove London United Kingdom N5 2ER
ETERNIQUE LIMITED,16277964,active,ltd,,,2025-02-26,,2025-02-26,[70229, 86900],Office 403, Screenworks 22 Highbury Grove London United Kingdom N5 2ER
KYAWUNG LTD,16252969,active,ltd,,,2025-02-14,,2025-02-14,[47910],18 South Ealing Road London England W5 4QA
HIGH ROAD YELLOW STORE LTD,16267191,active,ltd,,,2025-02-21,,2025-02-21,[47110],9 High Road London England N22 6HH
HOSPITALITY RECRUIT EDUCATION LIMITED,16268612,active,ltd,,,2025-02-21,,2025-02-21,[85600],124 City Road London England EC1V 2NX
GOLDMARK LIMITED,16258183,active,ltd,,,2025-02-17,,2025-02-17,[68100, 68209],40 Thonrey Close London England NW9 4DQ
PROVIDENT LEARNING SYSTEMS LIMITED,16268015,active,ltd,,,2025-02-21,,2025-02-21,[62012],146 Buckingham Palace Road 146 Buckingham Palace Road London United Kingdom SW1W 9TR
SKY BY NIGHT LTD,16266000,active,ltd,,,2025-02-20,,2025-02-20,[69201],11, Morley Court 78, The Avenue Beckenham England BR3 5EY
SEN VN 3 LTD,16249826,active,ltd,,,2025-02-13,,2025-02-13,[56101],207 Deptford High Street London England SE8 3NT
NEARASU LIMITED,16233229,active,ltd,,,2025-02-05,,2025-02-05,[47910],11 Drummond Court Palmerston Road London England W3 8FP
CONVERGENCE CONNECT LIMITED,16268225,active,ltd,,,2025-02-21,,2025-02-21,[66220],The Hallmark Building London England EC3A 2BJ
BEAT SERVCO LIMITED,16266118,active,ltd,,,2025-02-20,,2025-02-20,[66220],The Hallmark Building London England EC3A 2BJ
G.O.M.B LEGAL ADVISERS-CONSULTANCY LTD,16275806,active,ltd,,,2025-02-25,,2025-02-25,[69109],71-75 Shelton Street London England WC2H 9JQ
BETTERPOT LIMITED,16226997,active,ltd,,,2025-02-04,,2025-02-04,[46499],167-169 Great Portland Street London England W1W 5PF
GL APT3 LTD,16235551,active,ltd,,,2025-02-06,,2025-02-06,[70229],124 City Road London EC1V 2NX
25 CAMBRAY ROAD LIMITED,16274026,active,ltd,,,2025-02-25,,2025-02-25,[68209],25a Cambray Road London England SW12 0DX
PEACHEY’S PROPERTIES AND PRESERVATIONS LTD,16226635,active,ltd,,,2025-02-03,,2025-02-03,[16230, 43290],85 Great Portland Street London England W1W 7LT
OIZ PRESTIGE LTD,16281088,active,ltd,,,2025-02-27,,2025-02-27,[68100],63a Elm Park Avenue London England N15 6UN
MAPLEWAY REALTY LTD,16279043,active,ltd,,,2025-02-26,,2025-02-26,[68100],63a Elm Park Avenue London England N15 6UN
LIVING HEALTH SPACE LTD,16247984,active,ltd,,,2025-02-12,,2025-02-12,[86900],68 Lee High Road London England SE13 5PT
SOFIE THEOBALD LTD,16250471,active,ltd,,,2025-02-13,,2025-02-13,[96090],49 Celandine Drive London England E8 3XE
STEAM N’ SPICE LIMITED,16244112,active,ltd,,,2025-02-11,,2025-02-11,[56103],13 London Road Sheffield England S2 4LA
EAZICARE LIMITED,16242407,active,ltd,,,2025-02-10,,2025-02-10,[27510, 27900, 72190, 86900],128 City Road London United Kingdom EC1V 2NX
DOTJAN CONCEPTS UK LTD,16254249,active,ltd,,,2025-02-15,,2025-02-15,[46900, 62020, 71122],128 City Road London England EC1V 2NX
COMCAST SERVICES UK LIMITED,16242039,active,ltd,,,2025-02-10,,2025-02-10,[62090],C/O Csc Cls (Uk) Limited 5 Churchill Place London United Kingdom E14 5HU
GENASIS VENTURES LIMITED,16256289,active,ltd,,,2025-02-17,,2025-02-17,[32120, 46480, 47770],70 Clapton Square London England E5 8HW
QUBIX DIGITAL LTD,16273769,active,ltd,,,2025-02-25,,2025-02-25,[47910, 62020],321 London Road Hazel Grove, Stockport 321 London Road Stockport England SK7 4PS
FITELLE LTD,16257141,active,ltd,,,2025-02-17,,2025-02-17,[47910],71-75 Shelton Street London England WC2H 9JQ
CHA SHA LTD,16274982,active,ltd,,,2025-02-25,,2025-02-25,[56102],94 Chingford Mount Road London England E4 9AA
FIGURESHIFT LTD,16225017,active,ltd,,,2025-02-03,,2025-02-03,[62020],167-169 Great Portland Street London England W1W 5PF
POP AND PROPEL LIMITED,16268386,active,ltd,,,2025-02-21,,2025-02-21,[62090, 70229],71-75 Shelton Street London England WC2H 9JQ
DREAM SERVICED STAYS LTD,16253108,active,ltd,,,2025-02-14,,2025-02-14,[68209],71-75 Shelton Street London United Kingdom WC2H 9JQ
UNGILDED LTD,16275153,active,ltd,,,2025-02-25,,2025-02-25,[24410],Unit 501 Leroy House London England N1 3FY
SIMPLY PROPERTY ACQUISITIONS LIMITED,16263543,active,ltd,,,2025-02-19,,2025-02-19,[68209],Unit 3 London Road Sittingbourne United Kingdom ME9 9JY
TG GLOBAL VENTURES LTD,16282033,active,ltd,,,2025-02-27,,2025-02-27,[62020, 70229, 85590],3rd Floor, 86-90 Paul Street London England EC2A 4NE
DMB INNOVATION LTD,16242070,active,ltd,,,2025-02-10,,2025-02-10,[70229],Unit 8 Surrey Quays Road London United Kingdom SE16 2XU
AK & CO. REAL ESTATE LTD,16249166,active,ltd,,,2025-02-13,,2025-02-13,[68209],4th Floor, Silverstream House, 45 Fitzroy Street 4th Floor, Silverstream House London England W1T 6EB
BREEN RECOVERY (LOSTOCK) LIMITED,16237006,active,ltd,,,2025-02-07,,2025-02-07,[38210, 38220, 39000],C/O Clyde & Co Llp, St Botolph Building London United Kingdom EC3A 7AR
PLAYHQ SPORTS UK LTD,16260012,active,ltd,,,2025-02-18,,2025-02-18,[62012],C/O Paul Beare Ltd London United Kingdom W4 5LX
YOUNG HEARTS LIVING LTD,16240692,active,ltd,,,2025-02-10,,2025-02-10,[68100, 68209, 99999],St. Albans House St. Albans Lane London England NW11 7QE
DURKA LONDON LTD,16272756,active,ltd,,,2025-02-24,,2025-02-24,[47190],Royal Albert Local 1 Shackleton Way Block G London England E16 2XW
IMAGE INVENTORIES LTD,16259063,active,ltd,,,2025-02-18,,2025-02-18,[68310],167 To 169 Great Portland Street London England W1W 5PF
KARISS PROPERTIES LIMITED,16247065,active,ltd,,,2025-02-12,,2025-02-12,[68100, 68209, 68320],128 City Road London United Kingdom EC1V 2NX
DAILY VENTURES LIMITED,16267510,active,ltd,,,2025-02-21,,2025-02-21,[68100],C/O Hilton Consulting Ltd, Canalot Studios London United Kingdom W10 5BN
HOUSE OF BARAKAH LTD,16276286,active,ltd,,,2025-02-25,,2025-02-25,[68209],78 Falkland Road London England N8 0NP
WANIAH LTD,16278176,active,ltd,,,2025-02-26,,2025-02-26,[68100, 68209],Lipton Ground Floor London England E15 2PP
LOOMSTEAD LTD,16244992,active,ltd,,,2025-02-11,,2025-02-11,[45310, 45320, 46150, 46160],291248 Office Suite 29a, 3/F 23 Wharf Street London England SE8 3GG
SOY MENTAL HEALTH EDUCATIONAL TECHNOLOGIES LIMITED,16276255,active,ltd,,,2025-02-25,,2025-02-25,[46510, 62012],211 Foundling Court Brunswick Centre London England WC1N 1QG
WOODCONNECTION LTD,16275424,active,ltd,,,2025-02-25,,2025-02-25,[46730],Ferguson House, 124 City Road London England EC1V 2NX
TEAM SUZUKI LIMITED,16274719,active,ltd,,,2025-02-25,,2025-02-25,[86220],87 Dashwood House Dickens Yard London England W5 2JU
EGAL CONSULTING LTD,16248889,active,ltd,,,2025-02-12,,2025-02-12,[09100],167-169 Great Portland Street London England W1W 5PF
NEXOLOGY LTD,16258581,active,ltd,,,2025-02-18,,2025-02-18,[62012, 62020],71-75 Shelton Street London United Kingdom WC2H 9JQ
RIZE GROUP LTD,16249076,active,ltd,,,2025-02-12,,2025-02-12,[47190, 64209],4a Stock Orchard Crescent London England N7 9SL
SHARRA PROPERTIES LTD,16235353,active,ltd,,,2025-02-06,,2025-02-06,[43390],23 Smile Place Smiles Place London England SE13 7PU
GEM CRAFT LTD,16282847,active,ltd,,,2025-02-28,,2025-02-28,[23700, 32120, 46720, 52242],3rd Floor, 5 Hatton Garden London England EC1N 8AA
WHITE INK CONSTRUCTION LTD,16237843,active,ltd,,,2025-02-07,,2025-02-07,[41100],102b Winchester House Winchester House 259-269 London United Kingdom NW1 5RA
HERITAGE CRIME INVESTIGATIONS LTD,16262273,active,ltd,,,2025-02-19,,2025-02-19,[59111, 80300, 85320],167-169 Great Portland Street London England W1W 5PF
BUNNY BUNNY LTD,16278895,active,ltd,,,2025-02-26,,2025-02-26,[59112],12 Nelson Gardens London England E2 7AA
MUD PATCH LIMITED,16261089,active,ltd,,,2025-02-18,,2025-02-18,[47510, 47710, 47820, 47910],128 City Road London United Kingdom EC1V 2NX
COBALT GATE LTD,16254042,active,ltd,,,2025-02-14,,2025-02-14,[68209, 68310, 68320],124 City Road London England EC1V 2NX
ELMSBURY LIMITED,16256662,active,ltd,,,2025-02-17,,2025-02-17,[69201, 69202, 69203],167-169 Great Portland Street 5th Floor London United Kingdom W1W 5PF
SKYVIEW PROJECTS LTD,16250383,active,ltd,,,2025-02-13,,2025-02-13,[41201],Unit 15 Grosvenor Way London England E5 9ND
FD INNOVATIONS LIMITED,16232543,active,ltd,,,2025-02-05,,2025-02-05,[43290, 68100],128 City Road London United Kingdom EC1V 2NX
QUANTUM ECOBUILD LIMITED,16251167,active,ltd,,,2025-02-13,,2025-02-13,[41202],5 Greenwich View Place London England E14 9NN
IMPACTFUL FOUNDERS CLUB LTD,16231667,active,ltd,,,2025-02-05,,2025-02-05,[94110],11 Romola Road Norwood London London England SE24 9BA
GUYS HILL INVESTMENTS LTD,16228425,active,ltd,,,2025-02-04,,2025-02-04,[68100, 68209],128 City Road London United Kingdom EC1V 2NX
ECOPAVE SOLUTIONS LTD,16225559,active,ltd,,,2025-02-03,,2025-02-03,[41100, 42110, 42990],10 Sheaveshill Court The Hyde London United Kingdom NW9 6BP
FENZI STUDIO LTD,16269034,active,ltd,,,2025-02-21,,2025-02-21,[59200],121-123 Railway Arches London England E10 5GU
KINETIC HUB SPV 2 LTD,16240425,active,ltd,,,2025-02-10,,2025-02-10,[41100, 41201, 68100],128 City Road London United Kingdom EC1V 2NX
SIR JAMES LIMITED,16279807,active,ltd,,,2025-02-26,,2025-02-26,[59200],Unit 304 Mirror Works London England E15 2NH
THE MORINGA WATER COMPANY R&D LTD,16259827,active,ltd,,,2025-02-18,,2025-02-18,[11070, 72110, 72190],32-34 Osier Way London England E10 5SB
BOLD AND ITALIC LIMITED,16254864,active,ltd,,,2025-02-16,,2025-02-16,[74300, 74909, 90030],66 Paul Street Paul Street London England EC2A 4NA
SAS (M) CAPITAL LIMITED,16246236,active,ltd,,,2025-02-12,,2025-02-12,[64301, 64304],Flat 1 50 Hans Place London England SW1X 0LA
GO ANYTIME LTD,16246589,active,ltd,,,2025-02-12,,2025-02-12,[30300, 51102, 51210, 62012],167-169 Great Portland Street London England W1W 5PF
GRAFTON LABS LIMITED,16253059,active,ltd,,,2025-02-14,,2025-02-14,[58290],130 Shaftesbury Avenue London United Kingdom W1D 5EU
PIXELPERFECT IT SOLUTIONS LTD,16274156,active,ltd,,,2025-02-25,,2025-02-25,[62020, 63120, 63990],71-75 Shelton Street London United Kingdom WC2H 9JQ
DEEN WORKFORCE LTD,16236102,active,ltd,,,2025-02-07,,2025-02-07,[45112, 68320, 78200, 82990],16 Ferncroft Avenue London England N12 0LN
IGN GENERAL BUILDING LTD,16252283,active,ltd,,,2025-02-14,,2025-02-14,[41201, 41202],33 Sunningdale Gardens London England NW9 9NB
TNK REAL ESTATES LTD,16254723,active,ltd,,,2025-02-16,,2025-02-16,[68209, 68310, 68320, 74909],124 City Road London England EC1V 2NX
TFCO GROUP LTD,16275211,active,ltd,,,2025-02-25,,2025-02-25,[14131, 14132, 46420, 47710],66 Paul Street 66 Paul Street London England EC2A 4NA
COZY NEST HOMES LTD,16264203,active,ltd,,,2025-02-19,,2025-02-19,[68209],Unit A316 4 - 6 Greatorex Street London England E1 5NF
J MORGAN RISK CONSULTANCY LTD,16243241,active,ltd,,,2025-02-11,,2025-02-11,[66210],167-169 Great Portland Street London England W1W 5PF
SMOOTH SOLUTIONS LTD,16238518,active,ltd,,,2025-02-08,,2025-02-08,[43210, 52290, 81300, 82990],81 Brookdale Road London England SE6 4JP
PRESENTABLE LIMITED,16254825,active,ltd,,,2025-02-16,,2025-02-16,[99999],Flat 19 Woodgrange House London England W5 3NW
MAJOR VANGUARD LTD,16235529,active,ltd,,,2025-02-06,,2025-02-06,[68100, 68209, 74100],C/O Lanomedia Unit One Farringdon England EC1R 5HL
BAKERS DOUGH LTD,16242324,active,ltd,,,2025-02-10,,2025-02-10,[10512, 10710],10 Kenneth Crescent London England NW2 4PT
POKE THE BEAR (CANARY WHARF) LTD,16232270,active,ltd,,,2025-02-05,,2025-02-05,[56102, 56103],Silverstream House London United Kingdom W1T 6EB
HACKERS CLOSE 2 LTD,16274304,active,ltd,,,2025-02-25,,2025-02-25,[68209],Station House London England SW13 0HT
GMS TRADING GROUP LIMITED,16264770,active,ltd,,,2025-02-20,,2025-02-20,[47210],Floor 2 18-21, Lisle Street London United Kingdom WC2H 7BA
ABF FLOORING LIMITED,16254965,active,ltd,,,2025-02-16,,2025-02-16,[99999],38 Fairlight Avenue London England E4 6PA
MODELLA CAPITAL DIRECTORS LIMITED,16256942,active,ltd,,,2025-02-17,,2025-02-17,[74990],4th Floor 7 Cavendish Place London England W1G 0QD
TARPAULINS SHOP LIMITED,16263525,active,ltd,,,2025-02-19,,2025-02-19,[22290],124 City Road London United Kingdom EC1V 2NX
STOWEY LADEN LIMITED,16268388,active,ltd,,,2025-02-21,,2025-02-21,[87200, 87300],71-75 Shelton Street London United Kingdom WC2H 9JQ
HORIZON IMAGE LABS LTD,16255111,active,ltd,,,2025-02-17,,2025-02-17,[47910],3rd Floor, 86-90 Paul Street London United Kingdom EC2A 4NE
PABLO PLATFORM LIMITED,16257634,active,ltd,,,2025-02-17,,2025-02-17,[62090],Klaco House Third Floor London United Kingdom EC1M 4DN
ROPE JAM STUDIO LTD,16270012,active,ltd,,,2025-02-23,,2025-02-23,[59112, 85590, 90030, 94990],31 Yarmouth Crescent London England N17 9PG
GG-HOLDCO-301-399 LIMITED,16242312,active,ltd,,,2025-02-10,,2025-02-10,[68209],C/O Getground London England W6 0NB
SBX GROUP LTD,16284496,active,ltd,,,2025-02-28,,2025-02-28,[62020, 62090],167-169 Great Portland Street London England W1W 5PF
KURT WHITE HOUSE LTD,16256224,active,ltd,,,2025-02-17,,2025-02-17,[46900, 68209],313 Highbury New Park London England N5 2LB
REACH APARTMENTS LIMITED,16251097,active,ltd,,,2025-02-13,,2025-02-13,[68100],101 New Cavendish Street London United Kingdom W1W 6XH
RFDANCE LIMITED,16252845,active,ltd,,,2025-02-14,,2025-02-14,[90010],167 + 169 Great Portland Street London England W1W 7NT
AKHODIEHI AND SONS LTD,16284253,active,ltd,,,2025-02-28,,2025-02-28,[49320, 71122],45 Fitzroy Street London England W1T 6EB
DULCEDOLL LTD,16232447,active,ltd,,,2025-02-05,,2025-02-05,[96020],167-169 Great Portland Street , 5th Floor London England W1W 5PF
CANDLE HOUSE PROPERTIES LIMITED,16260549,active,ltd,,,2025-02-18,,2025-02-18,[68209],13 Gray's Inn Square London England WC1R 5JR
KHAH LTD,16249916,active,ltd,,,2025-02-13,,2025-02-13,[68100, 68209],2 2 Allen Street London England W8 6BH
TOURBIT LTD,16230292,active,ltd,,,2025-02-05,,2025-02-05,[79110, 79120, 79909],128 City Road London United Kingdom EC1V 2NX
GREEN VALLEY DEVELOPMENT LTD,16282680,active,ltd,,,2025-02-28,,2025-02-28,[98000],C/O Axe Block Management Ltd Thomas House Victoria United Kingdom SW1V 1PX
MONARCH DIGITAL HOLDINGS LTD,16242511,active,ltd,,,2025-02-10,,2025-02-10,[64301, 69201],4th Floor, Silverstream House 45 Fitzroy Street London England W1T 6EB
RISE ALIGNMENT LIMITED,16259724,active,ltd,,,2025-02-18,,2025-02-18,[96090],85 Great Portland Street,  First Floor London United Kingdom W1W 7LT
RAVEN LONDON LTD,16270677,active,ltd,,,2025-02-24,,2025-02-24,[58110, 62012, 62020, 63120],Office Q London England SE15 2NL
CSS LAW LTD,16280562,active,ltd,,,2025-02-27,,2025-02-27,[69102],122 Mile End Road London England E1 4UN
BLUE MERCURY BIDCO LIMITED,16242397,active,ltd,,,2025-02-10,,2025-02-10,[64209],2 Babmaes Street London United Kingdom SW1Y 6HD
LA ROCHE LTD,16272079,active,ltd,,,2025-02-24,,2025-02-24,[68320],3rd Floor, 86-90 Paul Street London United Kingdom EC2A 4NE
GAMODIFY LTD,16249135,active,ltd,,,2025-02-13,,2025-02-13,[85600],Unit 439, 1st Floor 415 High Street London England E15 4QZ
CANMOOR (TYSELEY) LIMITED,16261293,active,ltd,,,2025-02-18,,2025-02-18,[68320],Dover House London England W1S 4NG
A.P. GILFOYLE U.K. LTD.,16255668,active,ltd,,,2025-02-17,,2025-02-17,[82990],167-169 Great Portland Street London England W1W 5PF
APJ ENERGY LTD,16225483,active,ltd,,,2025-02-03,,2025-02-03,[74909],5 Brayford Square London England E1 0SG
KINABALU LTD,16265093,active,ltd,,,2025-02-20,,2025-02-20,[74901],23 Saxon House 1 Parkland Walk London London United Kingdom SW6 2QD
PERSPECTIVE LABS LIMITED,16282682,active,ltd,,,2025-02-28,,2025-02-28,[62012, 62090, 73110, 73120],159 High Street Barnet, London United Kingdom EN5 5SU
STZ MART LTD,16278423,active,ltd,,,2025-02-26,,2025-02-26,[47990],Coleshill London England N17 6HJ
BANDO'S HELP LTD,16240607,active,ltd,,,2025-02-10,,2025-02-10,[74909, 93290],56 Lucas Street London United Kingdom SE8 4QH
TUTOR BAZAR LIMITED,16250167,active,ltd,,,2025-02-13,,2025-02-13,[85590],Suite Ra01 195-197 Wood Street London England E17 3NU
QUANTICO CONSULTANTS LTD,16223853,active,ltd,,,2025-02-03,,2025-02-03,[62020, 62090, 70229, 78109],18 Dandridge Close London England SE10 0RP
CENTRAL SPRINT LTD,16257725,active,ltd,,,2025-02-17,,2025-02-17,[49410],128 City Road London United Kingdom EC1V 2NX
36 HADLEY (FREEHOLD) LTD,16281415,active,ltd,,,2025-02-27,,2025-02-27,[98000],Chase Business Centre London United Kingdom N14 5BP
OTAKU GEMS LTD,16240212,active,ltd,,,2025-02-10,,2025-02-10,[47910],Taro Apartments Flat 24 Taro Apartments, London England HA1 4BF
FOLLOW L’AMOUR LTD,16246673,active,ltd,,,2025-02-12,,2025-02-12,[47710, 47820, 47910],89 Leslie Road London United Kingdom E11 4HF
EUSTY VENTURES LIMITED,16261264,active,ltd,,,2025-02-18,,2025-02-18,[62011, 62012, 70229, 82990],Flat 16 Flotilla House London England SW18 1FX
BAND'AGE LTD,16262480,active,ltd,,,2025-02-19,,2025-02-19,[46160, 47910],22 Market Sq, Kerbey St, London 22 Market Square London England E14 6AB
CLEMMS LTD,16251646,active,ltd,,,2025-02-13,,2025-02-13,[90030],48 Eclipse Road London England E13 8LX
LOGISTREX DIGITAL LIMITED,16279478,active,ltd,,,2025-02-26,,2025-02-26,[47910, 70229, 74909],3rd Floor, 86-90 Paul Street London United Kingdom EC2A 4NE
CMETRICS ANALYTICS LTD,16263452,active,ltd,,,2025-02-19,,2025-02-19,[62012, 62020, 63110, 82990],71-75 Shelton Street Covent Garden United Kingdom WC2H 9JQ
IMPORT EXPORT DELIVERY LTD,16273225,active,ltd,,,2025-02-24,,2025-02-24,[49410, 52243],89 Cleverly Estate Wormholt Road London England W12 0LY
AURIVILLIUS LIMITED,16277998,active,ltd,,,2025-02-26,,2025-02-26,[74909],71-75 Shelton Street London England WC2H 9JQ
BILAN ENTERPRISES LTD,16256094,active,ltd,,,2025-02-17,,2025-02-17,[47990],59 Adair Tower Appleford Road London England W10 5EB
FRIENDS ROOFING AND GUTTERING LTD,16267648,active,ltd,,,2025-02-21,,2025-02-21,[43910],Suite G04 1 Quality Court, Chancery Lane London England WC2A 1HR
TANO AI LTD,16270640,active,ltd,,,2025-02-24,,2025-02-24,[62012],Tano Ai Ltd, 231 Thanet House London England WC2R 1DA
INTELLIGENCE RECRUITMENT LIMITED,16227106,active,ltd,,,2025-02-04,,2025-02-04,[78200],5 Brayford Square London England E1 0SG
STRADA CONSULTANTS LTD,16229767,active,ltd,,,2025-02-04,,2025-02-04,[71111, 71122],3rd Floor, 86-90 Paul Street London England EC2A 4NE
PHOENIX LILLESTROMS LIMITED,16266568,active,ltd,,,2025-02-20,,2025-02-20,[58110, 70221, 70229, 77400],Monomark House London England WC1N 3AX
ALPHA CLEANING SERVICES LTD,16269804,active,ltd,,,2025-02-22,,2025-02-22,[81222],Suite Ra01 195-197 Wood Street London England E17 3NU
YOUNASONS LTD,16237036,active,ltd,,,2025-02-07,,2025-02-07,[62012, 62020, 62030],45 Lockwood Place London England E4 9AD
THE CHAMBER OF ACTING LTD,16225281,active,ltd,,,2025-02-03,,2025-02-03,[90020],The Eades Selborne Road London England E17 7GD
ODELS PROPERTY SERVICES LIMITED,16282476,active,ltd,,,2025-02-28,,2025-02-28,[55209, 68320],3rd Floor, 86-90 Paul Street London United Kingdom EC2A 4NE
SHASTAR LTD,16263781,active,ltd,,,2025-02-19,,2025-02-19,[64306, 70100, 70229],67 Halliford Street London England N1 3HF
HBUK LIMITED,16279338,active,ltd,,,2025-02-26,,2025-02-26,[47910],71-75 Shelton Street London England WC2H 9JQ
RUIZ RENOVATIONS LTD,16260881,active,ltd,,,2025-02-18,,2025-02-18,[43210, 43330, 43341, 43999],Flat C-G London England W10 6LB
TRIPLE TEK LTD,16251238,active,ltd,,,2025-02-13,,2025-02-13,[61900, 62020, 62090],24a Aldermans Hill London England N13 4PN
LONGWORTHS HOLDINGS UK LIMITED,16248412,active,ltd,,,2025-02-12,,2025-02-12,[61900, 62012, 71122],45 Fitzroy Street, Fitzrovia London United Kingdom W1T 6EB
TOWERDINE LTD,16231038,active,ltd,,,2025-02-05,,2025-02-05,[55100, 56102, 56103, 56210],76, Flat 5 Cheshire Street London United Kingdom E2 6FB
XCOTTON LIMITED,16241702,active,ltd,,,2025-02-10,,2025-02-10,[47910],Office 17713 182-184 High Street North London United Kingdom E6 2JA
ALANCY LIMITED,16280347,active,ltd,,,2025-02-27,,2025-02-27,[69201, 70229, 80100],31 Gordon Road London England E11 2RA
WATE NETWORK LTD,16259782,active,ltd,,,2025-02-18,,2025-02-18,[59112, 59113, 59120, 74209],15 Whitburn Road, Studio 203, Whitburn Road London England SE13 7UQ
SIXTECH LTD,16282583,active,ltd,,,2025-02-28,,2025-02-28,[33190, 71122],167-169 Great Portland Street London England W1W 5PF
SCORPIO RISING MARKETING LIMITED,16277117,active,ltd,,,2025-02-26,,2025-02-26,[70210, 73110],85 Great Portland Street London W1W 7LT
RAVEN & TOWER LTD,16273013,active,ltd,,,2025-02-24,,2025-02-24,[58110, 58190, 58210, 58290],20 Wenlock Road London England N1 7GU
TENZING IT LTD,16276709,active,ltd,,,2025-02-25,,2025-02-25,[62020],4th Floor Office London England W1B 4NB
PERFECT SOLUTION LIMITED,16282960,active,ltd,,,2025-02-28,,2025-02-28,[41202, 43220, 43290, 43390],10 Surrey Gardens London England N4 1UD
PROVEDEN LTD,16274553,active,ltd,,,2025-02-25,,2025-02-25,[62012, 62090, 63110, 63990],The Work Project Level 23 - 21 1 Leadenhall Street London United Kingdom EC3V 1AB
YB PARTNERS LTD,16255529,active,ltd,,,2025-02-17,,2025-02-17,[47190],27 Old Gloucester Street London United Kingdom WC1N 3AX
THEME CRAFT STUDIO LTD,16272785,active,ltd,,,2025-02-24,,2025-02-24,[58290, 62012, 62020, 74100],124 City Road London England EC1V 2NX
PERIMATTIC UK LTD,16276259,active,ltd,,,2025-02-25,,2025-02-25,[62012],Skytax Accounting Fora 37th Floor One Canada Square London England E14 5AA
SPECINEFF LTD,16281467,active,ltd,,,2025-02-27,,2025-02-27,[62020, 62090],21 21 Park Rise London England SE23 1RT
SCHMITZ INVESTMENTS LIMITED,16237077,active,ltd,,,2025-02-07,,2025-02-07,[64209],22 Chancery Lane London United Kingdom WC2A 1LS
PRAMMAVOX LTD,16279907,active,ltd,,,2025-02-26,,2025-02-26,[70229],3rd Floor, 86-90 Paul Street London United Kingdom EC2A 4NE
HORIZON BAY HOLDING LIMITED,16235117,active,ltd,,,2025-02-06,,2025-02-06,[68209],C/O Getground London England W6 0NB
LATIMER LEISURE PARKS LTD,16249771,active,ltd,,,2025-02-13,,2025-02-13,[55209, 55300, 82990, 96090],Office 403 96 Kensington High Street London England W8 4SG
SPAIN OPSON CROP CHEMISTRY CO., LTD,16242249,active,ltd,,,2025-02-10,,2025-02-10,[20150, 47760],167-169 Great Portland Street, London United Kingdom W1W 5PF
GROUP LONDON PROPERTY HOLDINGS LIMITED,16277865,active,ltd,,,2025-02-26,,2025-02-26,[68209],940 Green Lanes London United Kingdom N21 2AD
MEDCALF ESTATES LIMITED,16256877,active,ltd,,,2025-02-17,,2025-02-17,[68209],127-129 Clapton Common London England E5 9AB
LAVYSMART SYSTEMS LTD,16258412,active,ltd,,,2025-02-17,,2025-02-17,[62090, 63110, 71121, 71129],167-169 Great Portland Street London United Kingdom W1W 5PF
THE GAME TRIBE LIMITED,16282135,active,ltd,,,2025-02-27,,2025-02-27,[62012],Venture Space Bayes Business School London England EC1Y 8TZ
ROAM COMMUNITY LIMITED,16231670,active,ltd,,,2025-02-05,,2025-02-05,[64999],Zetland House London United Kingdom EC2A 4LD
RYLO PROPERTY LTD,16259911,active,ltd,,,2025-02-18,,2025-02-18,[68310, 68320],128 City Road London United Kingdom EC1V 2NX
AURAMAIA LTD,16230681,active,ltd,,,2025-02-05,,2025-02-05,[96090],20 Wenlock Road Wenlock Road London England N1 7GU
ZAYAN 2025 LIMITED,16244232,active,ltd,,,2025-02-11,,2025-02-11,[56103],310 High Road London England N22 8JR
DATA SHOAL LIMITED,16242213,active,ltd,,,2025-02-10,,2025-02-10,[62012],43 Rothsay Street London England SE1 4UF
NETHERLANDS ISHDA AGRICULTURAL CHEMICAL CO., LTD,16243522,active,ltd,,,2025-02-11,,2025-02-11,[99999],167-169 Great Portland Street, London United Kingdom W1W 5PF
KHAWAGA TRADING AND SERVICES LTD,16282990,active,ltd,,,2025-02-28,,2025-02-28,[47990, 68320, 98000],141 Knightsbridge Knightsbridge SW1X 7QU
VELDARR SOLUTIONS LIMITED,16232845,active,ltd,,,2025-02-05,,2025-02-05,[62012, 62020, 74100, 85590],71-75 Shelton Street London England WC2H 9JQ
JORJA ESSEX LTD,16262898,active,ltd,,,2025-02-19,,2025-02-19,[86101, 86210, 86220, 86900],71-75 Shelton Street London England WC2H 9JQ
ADMR SOLUTIONS LTD,16255251,active,ltd,,,2025-02-17,,2025-02-17,[58290, 62011, 62012, 63120],124 City Road London England EC1V 2NX
THE POLLEN ESTATE NOMINEE COMPANY NO. 1 LIMITED,16272163,active,ltd,,,2025-02-24,,2025-02-24,[74990],6th Floor 25 Farringdon Street London United Kingdom EC4A 4AB
WINGS AND WATTS LTD,16276760,active,ltd,,,2025-02-25,,2025-02-25,[35140],46 Bramber Road London England N12 9NE
DONG HWA IND UK LIMITED,16268133,active,ltd,,,2025-02-21,,2025-02-21,[13990],4th Floor Synergy House London England WC1B 5AA
STAR HOME MOVING SPECIALISTS LTD,16257593,active,ltd,,,2025-02-17,,2025-02-17,[49420],71-75 Shelton Street London United Kingdom WC2H 9JQ
WHAT ABOUT US MUSIC LIMITED,16274377,active,ltd,,,2025-02-25,,2025-02-25,[73120],Unit 14, Princeton Mews Kingston Upon Thames United Kingdom KT2 6PT
BARE NECESSITY LTD,16254837,active,ltd,,,2025-02-16,,2025-02-16,[47910, 56290],66 Paul Street London England EC2A 4NA
WISE POINT INVESTMENT LTD,16273581,active,ltd,,,2025-02-25,,2025-02-25,[70100, 70229],3rd Floor Suite London England W1B 3HH
MAGICAL MYSTERY LTD,16250847,active,ltd,,,2025-02-13,,2025-02-13,[56301, 90010, 90040],303 The Pill Box 115 Coventry Road London United Kingdom E2 6GH
MOMMA DEEZ BITES LTD,16279295,active,ltd,,,2025-02-26,,2025-02-26,[56210],124 City Road London England EC1V 2NX
DMSCL LTD,16278925,active,ltd,,,2025-02-26,,2025-02-26,[27310, 32990, 41202],124 City Road London England EC1V 2NX
MULAN HOOD LTD,16267988,active,ltd,,,2025-02-21,,2025-02-21,[70229, 82302, 82990],Mulan Hood Ltd London England EC2A 4NE
FIRSTLUX LTD,16269987,active,ltd,,,2025-02-23,,2025-02-23,[49390],124 City Road London England EC1V 2NX
MAINTAIN CLEAN LTD,16250286,active,ltd,,,2025-02-13,,2025-02-13,[43999, 81210, 98000],Powerpillar Ltd 44j Leyton Industrial Village Leyton United Kingdom E10 7QP
PACE CAPITAL REAL ESTATE LTD,16280559,active,ltd,,,2025-02-27,,2025-02-27,[68100],Lower Ground Floor London England N15 6LT
I&C VENTURES LTD,16261312,active,ltd,,,2025-02-18,,2025-02-18,[68100],99 99 Clapton Common London England E5 9AB
KEEPSTA (UK) LIMITED,16246610,active,ltd,,,2025-02-12,,2025-02-12,[58290],71-75 Shelton Street London United Kingdom WC2H 9JQ
APEXX BUILDING SOLUTIONS LTD,16271081,active,ltd,,,2025-02-24,,2025-02-24,[41202, 43220, 43390, 43999],Suit Ra01 Wood Street London England E17 3NU
GLOWLINK LIMITED,16274390,active,ltd,,,2025-02-25,,2025-02-25,[62012, 63120],124 City Road London United Kingdom EC1V 2NX
NEXUS AI SOLUTIONS LTD,16274586,active,ltd,,,2025-02-25,,2025-02-25,[85600],Flat 201 Sailors House 16 Deauville Close London England E14 0JT
EAST LONDON HEATING LIMITED,16279614,active,ltd,,,2025-02-26,,2025-02-26,[43220],C/O Sedulo London Office 605, Albert House London United Kingdom EC1V 9DD
ARCHERS PADDOCK LTD,16231260,active,ltd,,,2025-02-05,,2025-02-05,[41100, 41202],47 - 49 Durham Street London England SE11 5JA
JLE CONSULTING SERVICES LTD,16240579,active,ltd,,,2025-02-10,,2025-02-10,[85510, 85600],20 Wenlock Road London England N1 7GU
MAXI TRADER LTD,16270637,active,ltd,,,2025-02-24,,2025-02-24,[46480, 46900],1447 London Road London England SW16 4AQ
GLENCOE PROPERTY LONDON LTD,16263112,active,ltd,,,2025-02-19,,2025-02-19,[68100, 68209, 69203],Terminal House London England SW1W 0AU
MENTORA ECOSPHERE LIMITED,16275086,active,ltd,,,2025-02-25,,2025-02-25,[63120, 63990, 74909, 82990],22 - 25 Portman Close London England W1H 6BS
BEVEL ESTATES LTD,16262630,active,ltd,,,2025-02-19,,2025-02-19,[68320],Office 6, Unit 14 Grosvenor Way London England E5 9ND
LP ESCROW SERVICES MANAGMENT LTD,16277365,active,ltd,,,2025-02-26,,2025-02-26,[96090],Wn London England SE1 2PL
ZIA PINA LTD,16277368,active,ltd,,,2025-02-26,,2025-02-26,[56102, 56103, 56210],Second Floor, Sutherland House London United Kingdom NW9 7BT
THE FOOTPRINT COLLECTIVE LTD,16227335,active,ltd,,,2025-02-04,,2025-02-04,[73110],167-169 Great Portland Street London England W1W 5PF
AURA LABS LDN LTD,16281510,active,ltd,,,2025-02-27,,2025-02-27,[90030],27 Hammersmith Grove London United Kingdom W6 0NE
ARETEFOUR LTD,16248285,active,ltd,,,2025-02-12,,2025-02-12,[47820, 47910, 47990],Office 11563 182-184 High Street North London United Kingdom E6 2JA
THE HONKING GOOSE LTD,16273874,active,ltd,,,2025-02-25,,2025-02-25,[47910],71-75 Shelton Street London United Kingdom WC2H 9JQ
SBL ESTATES LTD,16277640,active,ltd,,,2025-02-26,,2025-02-26,[68100, 68209],1 Heathland Road London England N16 5PD
BLOSSOMY CARE LTD,16281337,active,ltd,,,2025-02-27,,2025-02-27,[87200, 87900],167-169 Great Portland Street London England W1W 5PF
ZOE AIRD DESIGN LTD,16282028,active,ltd,,,2025-02-27,,2025-02-27,[74100],C/O Hilton Consulting Canalot Studios London England W10 5BN
ROSHA LONDON LIMITED,16245420,active,ltd,,,2025-02-11,,2025-02-11,[13990, 14190, 47910],57 Plashet Grove London England E6 1AD
TERRAVIVE GROUP LTD,16233378,active,ltd,,,2025-02-06,,2025-02-06,[62012, 62020, 70229, 74901],128 City Road London United Kingdom EC1V 2NX
IN ONE PLACE APP LTD,16254486,active,ltd,,,2025-02-15,,2025-02-15,[62012],124 City Road London England EC1V 2NX
SWR TRADING LIMITED,16244734,active,ltd,,,2025-02-11,,2025-02-11,[47190],3rd Floor City Reach London England E14 9NN
MY NIGHT EVENTS LTD,16257464,active,ltd,,,2025-02-17,,2025-02-17,[93290],Foresters Hall London England SE19 3RY
NET44 LTD,16280180,active,ltd,,,2025-02-27,,2025-02-27,[47910],2nd Floor College House Ruislip, United Kingdom HA4 7AE
CODEPULSE INNOVATIONS LTD,16260190,active,ltd,,,2025-02-18,,2025-02-18,[47910],64a Green Street London United Kingdom E7 8JG
PRAS PROPERTY GROUP LTD,16270026,active,ltd,,,2025-02-23,,2025-02-23,[68320],124 City Road London United Kingdom EC1V 2NX
TESORA LTD,16256338,active,ltd,,,2025-02-17,,2025-02-17,[47770, 47910],66 Paul Street London England EC2A 4NA
PLUG TWO LTD,16256247,active,ltd,,,2025-02-17,,2025-02-17,[96020],73 Camberwell Church Street London England SE5 8TR
ALPHABET CITY SOLUTIONS LTD,16268815,active,ltd,,,2025-02-21,,2025-02-21,[70229],107 Sheringham Avenue London England N14 4UJ
BTBJ PRODUCTIONS LTD,16249909,active,ltd,,,2025-02-13,,2025-02-13,[59111],51 Pretoria Road London England SW16 6RR
DEEBOSS LTD,16257170,active,ltd,,,2025-02-17,,2025-02-17,[47421],2 Bowen Drive London England SE7 7GH
CORNELL HOMES LTD,16281773,active,ltd,,,2025-02-27,,2025-02-27,[68100, 68209, 68320],86-90 Paul Street London England EC2A 4NE
PRISON ISLAND LONDON LIMITED,16276315,active,ltd,,,2025-02-25,,2025-02-25,[82990, 93290, 96040],45 Lansdowne Road London England N3 1ET
PREMIUM TECH SOLUTIONS LTD,16224891,active,ltd,,,2025-02-03,,2025-02-03,[58290, 62020, 62090, 73110],27 Old Gloucester Street London United Kingdom WC1N 3AX
EMPOWER WELLNESS LIMITED,16238051,active,ltd,,,2025-02-07,,2025-02-07,[96040],71-75 Shelton Street London United Kingdom WC2H 9JQ
FRANCIS COFFEE SHOP LTD,16266345,active,ltd,,,2025-02-20,,2025-02-20,[56101],54 Wilcox Road London United Kingdom SW8 2UX
CATALAN RIDGE SOLUTIONS LTD,16247427,active,ltd,,,2025-02-12,,2025-02-12,[68100, 68209],31 Sloane Gardens London United Kingdom SW1W 8EB
PURE NKECHI LTD,16277808,active,ltd,,,2025-02-26,,2025-02-26,[46450, 47990, 85590, 96020],22 The Oaks London United Kingdom SE18 7JR
OUT 4 UNITED KINGDOM LIMITED,16272571,active,ltd,,,2025-02-24,,2025-02-24,[64209, 96090],45 Lansdowne Road London England N3 1ET
TRENDFLOW ESSENTIALS LIMITED,16284872,active,ltd,,,2025-02-28,,2025-02-28,[47910],71-75 Shelton Street London United Kingdom WC2H 9JQ
THE KYERE HOLDINGS LIMITED,16277686,active,ltd,,,2025-02-26,,2025-02-26,[47910],75 East End Road London England N2 0SP
GG DWELLINGS LIMITED,16274942,active,ltd,,,2025-02-25,,2025-02-25,[68100, 68209, 68320],5 Brayford Square London England E1 0SG
MEJI VENTURES LIMITED,16275420,active,ltd,,,2025-02-25,,2025-02-25,[10890, 70210, 70229, 85590],71-75 Shelton Street London United Kingdom WC2H 9JQ
VIDRA MUSIC LIMITED,16259350,active,ltd,,,2025-02-18,,2025-02-18,[62090],167-169 Great Portland Street London England W1W 5PF
GROSVENOR BEDDING LTD,16253320,active,ltd,,,2025-02-14,,2025-02-14,[13990],24 Grosvenor Way London England E5 9ND
49TH PARALLEL IP LTD,16273704,active,ltd,,,2025-02-25,,2025-02-25,[69109],107-111 Fleet Street London England EC4A 2AB
HOME TREE DESIGN LTD,16244005,active,ltd,,,2025-02-11,,2025-02-11,[68310, 74100, 90030, 98000],59 Cumberland Terrace London United Kingdom NW1 4HJ
WAYANERD LTD,16269713,active,ltd,,,2025-02-22,,2025-02-22,[47910, 62012, 62020],48 Margery Park Margery Park Road London England E7 9JY
SWIFT CARGO SERVICE LTD,16283412,active,ltd,,,2025-02-28,,2025-02-28,[49410, 52243, 52290],167-169 Great Portland Street London England W1W 5PF
SACRE COEUR GROUP LTD,16251876,active,ltd,,,2025-02-14,,2025-02-14,[70229],74a High Street Wanstead London England E11 2RJ
TIMBERLAMB LTD,16277195,active,ltd,,,2025-02-26,,2025-02-26,[46170, 47910],Flat 403, Yeoman House 63 Croydon Road London England SE20 7AY
BPTM IP LIMITED,16283268,active,ltd,,,2025-02-28,,2025-02-28,[69109],Kings Head House Beaconsfield England HP9 2HN
CONSULTANCY DOCTORS LIMITED,16282699,active,ltd,,,2025-02-28,,2025-02-28,[47990, 73120],124-128 City Road London England EC1V 2NX
NOROC EXPRESS LTD,16271822,active,ltd,,,2025-02-24,,2025-02-24,[93290],128 City Road London England EC1V 2NX
FIRST CLASS MOVE LTD,16266075,active,ltd,,,2025-02-20,,2025-02-20,[68209, 98000],402 Kingsland Road London England E8 4AA
REBLOOM LONDON LTD,16266329,active,ltd,,,2025-02-20,,2025-02-20,[86220],G87 1 Viaduct Gardens London United Kingdom SW11 7AY
DOLOMITE DATA LIMITED,16278017,active,ltd,,,2025-02-26,,2025-02-26,[62020],Apartment 43 West End Lane London England NW6 1BR
INCOLLAPSE LTD,16243895,active,ltd,,,2025-02-11,,2025-02-11,[59120, 62020, 73110, 74909],71-75 Shelton Street Covent Garden London England WC2H 9JQ
WILMAJAY LTD,16274135,active,ltd,,,2025-02-25,,2025-02-25,[68209],124 City Road London England EC1V 2NX
WGTRACING LIMITED,16253194,active,ltd,,,2025-02-14,,2025-02-14,[47910],Wood Lodge London England E18 2QH
ATIF AND CO PROPERTIES LTD,16255322,active,ltd,,,2025-02-17,,2025-02-17,[68209, 79909],Office 1 Manor Park Business Centre 736-740  Romford Road London United Kingdom E12 6BT
DEACONSFIELD LTD,16261833,active,ltd,,,2025-02-19,,2025-02-19,[68100],London Accounting Group Ltd, 26 London England E5 9NA
MAKE PLAY DESIGN LTD,16243505,active,ltd,,,2025-02-11,,2025-02-11,[31090, 74909],Flat 704, Navigator Court 2 New Acres Lane London England SW18 1WJ
CAMPUS HUB LIMITED,16249864,active,ltd,,,2025-02-13,,2025-02-13,[62012],Aigburth Mansions 25 Mowll Street London England SW9 0EP
BIGCELL LTD,16235356,active,ltd,,,2025-02-06,,2025-02-06,[46900],Flat 703 Sirocco Tower 32 Harbour Way London England E14 9QF
CHRISTIAN PETOOL PROPERTIES LIMITED,16258679,active,ltd,,,2025-02-18,,2025-02-18,[68209],Flat 1 78 Oakleigh Road North London England N20 9FH
THE DEEPLIST COMPANY LTD,16236687,active,ltd,,,2025-02-07,,2025-02-07,[62020, 62090],Hamilton House London England WC1H 9BB
MORTENXYZ LIMITED,16263841,active,ltd,,,2025-02-19,,2025-02-19,[41201, 56101],17 Beck Road London England E8 4RE
WW ACCOMMODATIONS LTD,16259969,active,ltd,,,2025-02-18,,2025-02-18,[55100],60 Tottenham Court Road Suite 5700a London United Kingdom W1T 2EW
SMARTFIX HUB LTD,16245511,active,ltd,,,2025-02-11,,2025-02-11,[33140, 61900, 95110],12 Minories London England EC3N 1BJ
RAWLUMIN CREATIVE HUB LTD,16239573,active,ltd,,,2025-02-10,,2025-02-10,[59112, 74201],128 City Road London England EC1V 2NX
BRIGHT IDEA TECH LTD,16258048,active,ltd,,,2025-02-17,,2025-02-17,[62012],Suite Ra01 195-197 Wood Street London United Kingdom E17 3NU
ODYSSEY MUSIC GROUP LIMITED,16273809,active,ltd,,,2025-02-25,,2025-02-25,[59200],24a Aldermans Hill London England N13 4PN
MANY WORLDS FILMS LTD,16237951,active,ltd,,,2025-02-07,,2025-02-07,[59111],3-4 Kirby Street London England EC1N 8TS
ALI CORPORATION LTD,16239613,active,ltd,,,2025-02-10,,2025-02-10,[68100, 68209],Harrington House, Flat 52 London United Kingdom NW1 3RB
HARRISON SOLUTIONS LTD,16282166,active,ltd,,,2025-02-27,,2025-02-27,[45112, 53201, 77110],27 Old Gloucester Street London United Kingdom WC1N 3AX
VISA CENTRE UK LTD,16244062,active,ltd,,,2025-02-11,,2025-02-11,[70229, 85600],60 Tottenham Court Road Suite 4976a London United Kingdom W1T 2EW
DIONNE WILLIAMS LTD,16284183,active,ltd,,,2025-02-28,,2025-02-28,[69203],Office 3 Piano House London England SW9 8DJ
GEEKAY LTD,16272799,active,ltd,,,2025-02-24,,2025-02-24,[47910],60 Tottenham Court Road, Suite 6813a London United Kingdom W1T 2EW
UK EDINWARGO CROP SCIENCE CO., LTD.,16279590,active,ltd,,,2025-02-26,,2025-02-26,[99999],167-169 Great Portland Street London England W1W 5PF
UG & AR HOLDING LTD,16248120,active,ltd,,,2025-02-12,,2025-02-12,[47910, 68100, 68209],Demsa Accounts London England N8 0RL
GAAT DOM! LIMITED,16283876,active,ltd,,,2025-02-28,,2025-02-28,[47990],60 Tottenham Court Road, Suite 5727a London United Kingdom W1T 2EW
LCG CARE LIMITED,16282291,active,ltd,,,2025-02-27,,2025-02-27,[78109, 78200],124 City Road London England EC1V 2NX
UNIQUE VILLAGE LIMITED,16260353,active,ltd,,,2025-02-18,,2025-02-18,[87900, 88990],Suite 101 34-44 London Road Morden United Kingdom SM4 5BX
UNDERSTANDING CARE NEEDS LTD,16272442,active,ltd,,,2025-02-24,,2025-02-24,[86900, 88100],60 Tottenham Court Road Suite 5736a London United Kingdom W1T 2EW
ALTAYEB DERMATOLOGY CONSULTANT LTD,16244621,active,ltd,,,2025-02-11,,2025-02-11,[86220],3rd Floor, 86-90 Paul Street London United Kingdom EC2A 4NE
OLD ORCHARD ESTATE LTD,16245371,active,ltd,,,2025-02-11,,2025-02-11,[68100, 68209],34 Great Queen Street London England WC2B 5AA
SHOPBUZZ LTD,16224137,active,ltd,,,2025-02-03,,2025-02-03,[47990],60 Tottenham Court Road Suite 5568a London United Kingdom W1T 2EW
VEDA COACHING LTD,16265215,active,ltd,,,2025-02-20,,2025-02-20,[82990, 85590, 86900, 96090],167 - 169 Great Portland Street 5th Floor London United Kingdom W1W 5PF
INFINITY RESEARCH CONSULTANT LTD,16237517,active,ltd,,,2025-02-07,,2025-02-07,[73200, 74300, 82990, 85590],60 Tottenham Court Road Suite 5648a London United Kingdom W1T 2EW
GOODS AND BETTER CO. LTD,16280158,active,ltd,,,2025-02-27,,2025-02-27,[46190, 46900, 47190, 47910],3rd Floor, 86-90 Paul Street London England EC2A 4NE
MARIUSZ JASINSKI, EWA LEWKOWICZ TDT LTD,16266491,active,ltd,,,2025-02-20,,2025-02-20,[49410],590 Kingston Road London England SW20 8DN
VR A TO Z LTD,16283029,active,ltd,,,2025-02-28,,2025-02-28,[47910],46 1st Floor London Street Leicester England LE5 3RU
OUR VILLAGE, YOUR COMMUNITY LTD,16257230,active,ltd,,,2025-02-17,,2025-02-17,[88100, 88910, 88990],128 City Road London United Kingdom EC1V 2NX
SUPER GOLD NUMBERS LTD,16231068,active,ltd,,,2025-02-05,,2025-02-05,[47429],167-169 5th Floor Great Portland Street London W1W 5PF
ALL HEART HEALTHCARE LTD,16235314,active,ltd,,,2025-02-06,,2025-02-06,[87200],20 Wenlock Road London England N1 7GU
EMESONS ADVISORY LTD,16223673,active,ltd,,,2025-02-03,,2025-02-03,[70229, 82990],47 - 49 Park Royal Road London England NW10 7LQ
EVIL WORKS LTD,16224577,active,ltd,,,2025-02-03,,2025-02-03,[62012],The Shipping Building, The Old Vinyl Factory Hayes United Kingdom UB3 1HA
MARCOPOLO PROFESSIONAL SOLUTIONS LIMITED,16224846,active,ltd,,,2025-02-03,,2025-02-03,[82990],1 London Street Swaffham United Kingdom PE37 7DD
SCROLLSOCIAL LTD,16257722,active,ltd,,,2025-02-17,,2025-02-17,[96090],Office 17347 182-184 High Street North London England E6 2JA
HIGHPOINT AERO LIMITED,16262659,active,ltd,,,2025-02-19,,2025-02-19,[46140],Office 204 10 Courtenay Road Wembley HA9 7ND
CLUB PORTOBELLO LIMITED,16266680,active,ltd,,,2025-02-20,,2025-02-20,[47710],167-169 Great Portland Street 5th Floor Great Portland Street London England W1W 5PF
MODULES GLOBAL LTD,16273695,active,ltd,,,2025-02-25,,2025-02-25,[17290, 22290, 39000, 43999],142 Metro Central Heights Newington Causeway London United Kingdom SE1 6BT
WATCHMOOR 3 LTD,16259017,active,ltd,,,2025-02-18,,2025-02-18,[68320],10th Floor 110 Cannon Street London United Kingdom EC4N 6EU
HOSTMARK LIMITED,16271995,active,ltd,,,2025-02-24,,2025-02-24,[47910, 62012, 63110],199 Royal College Street London England NW1 0SG
RADIANT GRACE LTD,16236559,active,ltd,,,2025-02-07,,2025-02-07,[82990, 85590, 86900],167-169 Great Portland Street, 5th Floor London England W1W 5PF
LPD WINDOWS AND DOORS LTD,16232512,active,ltd,,,2025-02-05,,2025-02-05,[43342],1 London Street Swaffham United Kingdom PE37 7DD
ZK PCO LTD,16232036,active,ltd,,,2025-02-05,,2025-02-05,[77110],167-169 Great Portland Street London England W1W 5PF
VALUEMART LONDON LIMITED,16230764,active,ltd,,,2025-02-05,,2025-02-05,[46342, 47110],12 Park Parade London England W3 9BD
HAIRWITHVIM LTD,16269737,active,ltd,,,2025-02-22,,2025-02-22,[96020],7 Fountayne Road London England N15 4QL
MIKROLIZ LTD,16271063,active,ltd,,,2025-02-24,,2025-02-24,[21200, 63120, 72110, 85590],66 Paul Street London EC2A 4NA
URBAN HAVEN PROPERTY LTD,16282419,active,ltd,,,2025-02-27,,2025-02-27,[68209],124 City Road London England EC1V 2NX
PACIFICA CAPITAL PARTNERS LTD,16282872,active,ltd,,,2025-02-28,,2025-02-28,[41100, 46180, 46720],Visage Apartments, Flat 96 London United Kingdom NW3 3NE
COTE BROADGATE LIMITED,16259138,active,ltd,,,2025-02-18,,2025-02-18,[64209],Avon House London United Kingdom W13 8RP
S ANDREWS ROOFING AND BUILDING SERVICES LIMITED,16232563,active,ltd,,,2025-02-05,,2025-02-05,[43910],1 London Street Swaffham United Kingdom PE37 7DD
DLB SERVICES LIMITED,16277750,active,ltd,,,2025-02-26,,2025-02-26,[43210, 96090],5 Brayford Square London United Kingdom E1 0SG
UNIQUE PLATINUM SERVICES LIMITED,16267854,active,ltd,,,2025-02-21,,2025-02-21,[45200],Unimix House, Platinum Suite London United Kingdom NW10 7TR
N&Y BEAUTY LIMITED,16268142,active,ltd,,,2025-02-21,,2025-02-21,[96020],12 Monkville Parade Finchley Road London England NW11 0AL
TRIPLE 8 SOURCING LTD,16273041,active,ltd,,,2025-02-24,,2025-02-24,[46160, 46410, 46420, 46480],71 Warren Road London England E10 5PZ
TSERDNAHUB LTD,16225694,active,ltd,,,2025-02-03,,2025-02-03,[62012, 63110],578 London Road Isleworth England TW7 4EY
SANSURA LTD,16269323,active,ltd,,,2025-02-21,,2025-02-21,[14190],30 Avershaw House 1 Chartfield Avenue London England SW15 6AD
EFEM TRADING LTD,16231157,active,ltd,,,2025-02-05,,2025-02-05,[46900, 47910],276 Chase Road London England N14 6HA
TRIBEFLOW LTD,16258078,active,ltd,,,2025-02-17,,2025-02-17,[86900],Apartment 1205 Lock Apartments 21 Gillender Street London England E3 3YH
ZIA PINA WG LTD,16277390,active,ltd,,,2025-02-26,,2025-02-26,[56210],Second Floor, Sutherland House London United Kingdom NW9 7BT
STUDIO SEKOIA LTD,16222911,active,ltd,,,2025-02-01,,2025-02-01,[59140],33a Somers Road London England E17 6RU
BIG BLUE YONDER LIMITED,16248714,active,ltd,,,2025-02-12,,2025-02-12,[70229],33a Beulah Road London England E17 9LG
ESTATE 3 LTD,16246639,active,ltd,,,2025-02-12,,2025-02-12,[68100, 68209, 96090],71-75 Shelton Street London England WC2H 9JQ
LEARNAGOO LTD,16266661,active,ltd,,,2025-02-20,,2025-02-20,[58110, 62011, 70210, 85590],71-75 Shelton Street London England WC2H 9JQ
AIRBORNE TV LTD,16259619,active,ltd,,,2025-02-18,,2025-02-18,[58190],124 City Road London United Kingdom EC1V 2NX
CURLY AND THE CLOUD LTD,16245445,active,ltd,,,2025-02-11,,2025-02-11,[68320, 70229, 82110, 82990],167-169 Great Portland Street London England W1W 5PF
THE SYNCLAB GROUP LIMITED,16226798,active,ltd,,,2025-02-03,,2025-02-03,[62012, 62020, 62090, 71129],The Synclab Group London England EC2A 4NA
MAVERICK MEDIA AGENCY LTD,16258810,active,ltd,,,2025-02-18,,2025-02-18,[47910, 62090, 70229, 73110],167-169 Great Portland Street 5th Floor Great Portland Street London England W1W 5PF
T&Q DISTRIBUTIONS LTD,16239890,active,ltd,,,2025-02-10,,2025-02-10,[46380],Unit C-14 Rippleside Commercial Estate London England IG11 0SB
TRANQYL LIMITED,16259519,active,ltd,,,2025-02-18,,2025-02-18,[62012, 74100],27 Old Gloucester Street London England WC1N 3AX
STABLEZACT FINTECH LTD,16226143,active,ltd,,,2025-02-03,,2025-02-03,[62012, 62090],3rd Floor, 86-90 Paul Street London England EC2A 4NE
CHRISTAL BEAUTY & EVENTS LTD,16242160,active,ltd,,,2025-02-10,,2025-02-10,[96020],44 Watford Way London England NW4 3AL
ETRO COMP LIMITED,16250716,active,ltd,,,2025-02-13,,2025-02-13,[70229],60 Tottenham Court Road Suite 5690a London United Kingdom W1T 2EW
SHADE OF BLUE LTD,16229930,active,ltd,,,2025-02-04,,2025-02-04,[47910, 93199],60 Tottenham Court Road Suite 4800a London United Kingdom W1T 2EW
PRIMARIO LTD,16283687,active,ltd,,,2025-02-28,,2025-02-28,[47190, 47910],60 Tottenham Court Road Suite 5965a London United Kingdom W1T 2EW
ALENTIZ LIMITED,16229992,active,ltd,,,2025-02-05,,2025-02-05,[47910, 47990, 62020, 62090],60 Tottenham Court Road Suite 5465a London United Kingdom W1T 2EW
GOSPODGROUP LIMITED,16267362,active,ltd,,,2025-02-21,,2025-02-21,[43999, 81210],60 Tottenham Court Road Suite 5005a London United Kingdom W1T 2EW
CUSTOKEY SERVICES LTD,16252757,active,ltd,,,2025-02-14,,2025-02-14,[62020],60 Tottenham Court Road Suite 5689a London United Kingdom W1T 2EW
EMRIM LIMITED,16254741,active,ltd,,,2025-02-16,,2025-02-16,[47910, 62020, 62090],60 Tottenham Court Road, Suite 5702a London United Kingdom W1T 2EW
HORIZON HOUSING GROUP LIMITED,16248960,active,ltd,,,2025-02-12,,2025-02-12,[55209, 68209, 87200],124-128 City Road London England EC1V 2NX
GARNET UK 27 NEW LIMITED,16280212,active,ltd,,,2025-02-27,,2025-02-27,[68209],2nd Floor Kingsbourne House London United Kingdom WC1V 7DA
GARNET UK 26 NEW LIMITED,16262995,active,ltd,,,2025-02-19,,2025-02-19,[68209],2nd Floor Kingsbourne House London United Kingdom WC1V 7DA
COLCHESTER HIGH CO LTD,16234312,active,ltd,,,2025-02-06,,2025-02-06,[56102],60 Tottenham Court Road, Suite 5651a London United Kingdom W1T 2EW
I&C ESTATES LTD,16261345,active,ltd,,,2025-02-18,,2025-02-18,[68100],99 Clapton Common London England E5 9AB
NIAH BEAUTY LTD,16234017,active,ltd,,,2025-02-06,,2025-02-06,[81210, 81299],24 Melthorpe Gardens 24 Melthorpe Gardens London England SE3 8EJ
NOWHERELAND LTD,16275580,active,ltd,,,2025-02-25,,2025-02-25,[70229],167-169 Great Portland Street London England W1W 5PF
MOPSUS CONSULTING LTD,16278680,active,ltd,,,2025-02-26,,2025-02-26,[70229],Office 3 Piano House London England SW9 8DJ
AERIE EMEA HOLDINGS LIMITED,16247682,active,ltd,,,2025-02-12,,2025-02-12,[68100, 68201, 68209, 68320],92 Salterford Road London England SW17 9TF
BYTEBRIDGE MARKETING LTD,16279104,active,ltd,,,2025-02-26,,2025-02-26,[47910, 73110, 73120],71-75 Shelton Street London England WC2H 9JQ
ABC INNOVATION LTD.,16269272,active,ltd,,,2025-02-21,,2025-02-21,[47910, 62012, 62020, 62090],2 Oasis Way London United Kingdom HA9 6FH
M&S HOLDINGS LONDON LTD,16280621,active,ltd,,,2025-02-27,,2025-02-27,[41100, 68310, 68320, 82990],20 Wenlock Road London England N1 7GU
GREEN PROCUREMENT SOLUTIONS LTD,16223465,active,ltd,,,2025-02-02,,2025-02-02,[70229],Devines Bellefield House Chelmsford England CM2 0RG
SOUTH WEST KLASSIC CARS LTD,16231630,active,ltd,,,2025-02-05,,2025-02-05,[45112, 45190],2nd Floor, College House 17 King Edwards Road London United Kingdom HA4 7AE
ALFRED BUTCHERY LTD,16245131,active,ltd,,,2025-02-11,,2025-02-11,[47220],2b Little Russell Street London England WC1A 2HR
SKY MOON PRODUCTION LTD,16246852,active,ltd,,,2025-02-12,,2025-02-12,[47910, 59111, 59112, 73110],276 Chase Road London England N14 6HA
UBANAKOH LTD,16246901,active,ltd,,,2025-02-12,,2025-02-12,[90010],C/O Starbridge London England EC1V 2NZ
MAMMA ROSA LONDON LIMITED,16263617,active,ltd,,,2025-02-19,,2025-02-19,[56102, 70229],5 Flat 5c Chesterfield Mews London England N4 1LH
LR SPECIALISTS LTD,16233520,active,ltd,,,2025-02-06,,2025-02-06,[45200],203b Freemasons Road London England E16 3PG
GREEN CHAIR PRODUCTIONS LTD,16275588,active,ltd,,,2025-02-25,,2025-02-25,[60200],C/O Starbridge London England EC1V 2NZ
NORDIC & ROMA LIMITED,16259038,active,ltd,,,2025-02-18,,2025-02-18,[46499, 46650],141-142 Lower Marsh Road London England SE1 7EA
C.A.N ON DEMAND LTD,16232460,active,ltd,,,2025-02-05,,2025-02-05,[43341, 43390],662 High Road London N12 0NL
STERLING CAMBRIDGE LTD,16280462,active,ltd,,,2025-02-27,,2025-02-27,[68100, 68209, 68320],71-75 Shelton Street London United Kingdom WC2H 9JQ
M.A WHOLESALE & DISTRIBUTION LTD,16256008,active,ltd,,,2025-02-17,,2025-02-17,[47910],85 Great Portland Street London W1W 7LT
SK1PR SPORTSWEAR LTD,16250974,active,ltd,,,2025-02-13,,2025-02-13,[47910],5 Brayford Square London England E1 0SG
LEADER ENERGY LIMITED,16269051,active,ltd,,,2025-02-21,,2025-02-21,[78109],Acre House London United Kingdom NW1 3ER
AGHOCO 2341 LIMITED,16280429,active,ltd,,,2025-02-27,,2025-02-27,[64209],19 Portland Place London England W1B 1PX
I ELLIOT DESIGN LTD,16276195,active,ltd,,,2025-02-25,,2025-02-25,[90020, 90030],Flat 1 8 Elder Avenue London England N8 9TH
VOXILITY TEA PROPERTIES LTD,16258076,active,ltd,,,2025-02-17,,2025-02-17,[68100],167-169 Great Portland Street London England W1W 5PF
ODA CONSULTING LTD,16239927,active,ltd,,,2025-02-10,,2025-02-10,[70229],124 City Road, City Road London England EC1V 2NX
E1 CYCLEWORKS LIMITED,16252121,active,ltd,,,2025-02-14,,2025-02-14,[29320, 43210, 45200, 45320],14 Wesley Avenue London United Kingdom NW10 7BN
YOUSAF CAPITAL LTD,16283580,active,ltd,,,2025-02-28,,2025-02-28,[99999],72 Village Way London England NW10 0LL
HOOT HR LTD,16223099,active,ltd,,,2025-02-02,,2025-02-02,[74909],Floor 5, 167-169 Great Portland Street London England W1W 5PF
SILHOUETTE STUDIOS LIMITED,16282321,active,ltd,,,2025-02-27,,2025-02-27,[73120],Annex At 88 London Road Cambridge England CB22 5DR
SIRENCREW AGENCY LTD,16247782,active,ltd,,,2025-02-12,,2025-02-12,[73110],71-75 Shelton Street Shelton Street London England WC2H 9JQ
KAICEL DYNASTY LTD,16258115,active,ltd,,,2025-02-17,,2025-02-17,[96020],86 Leather Lane London England EC1N 7TT
GROWTH SOCIALS LTD,16226048,active,ltd,,,2025-02-03,,2025-02-03,[70210],167-169 Great Portland Street 5th Floor London W1w Great Portland Street London England W1W 5PF
MINORITY SETTLED ESTATES LIMITED,16284035,active,ltd,,,2025-02-28,,2025-02-28,[68100],7 Pollen Street London England W1S 1NJ
PPE PROPERTY LTD,16255577,active,ltd,,,2025-02-17,,2025-02-17,[68100, 68209],20 Wenlock Road London England N1 7GU
BASTAD HANDEL LIMITED,16282572,active,ltd,,,2025-02-28,,2025-02-28,[99999],27 Old Gloucester Street London United Kingdom WC1N 3AX
WABA MEDIA PRO LIMITED,16274105,active,ltd,,,2025-02-25,,2025-02-25,[99999],27 Old Gloucester Street London United Kingdom WC1N 3AX
PURE BEAUTY INVESTMENT LIMITED,16276993,active,ltd,,,2025-02-26,,2025-02-26,[99999],27 Old Gloucester Street London United Kingdom WC1N 3AX
EMASITRON SOLUTIONS LIMITED,16246837,active,ltd,,,2025-02-12,,2025-02-12,[99999],27 Old Gloucester Street London United Kingdom WC1N 3AX
ODYSES LTD,16251050,active,ltd,,,2025-02-13,,2025-02-13,[62012, 63110, 63990, 66190],71-75 Shelton Street London United Kingdom WC2H 9JQ
Y&M TEXTILES LTD,16257267,active,ltd,,,2025-02-17,,2025-02-17,[43991, 78200, 81210],43 Grosvenor Road London England E7 8HZ
RED HERRING STORY LTD,16247699,active,ltd,,,2025-02-12,,2025-02-12,[90030],71-75 Shelton Street London United Kingdom WC2H 9JQ
CATALYSER CONSULTING LTD,16256235,active,ltd,,,2025-02-17,,2025-02-17,[70229],167-169 Great Portland Street London England W1W 5PF
PARSONS LEGAL LIMITED,16275850,active,ltd,,,2025-02-25,,2025-02-25,[69102],3 More London Riverside London England SE1 2RE
PERFECT HOMEWARE LTD,16249338,active,ltd,,,2025-02-13,,2025-02-13,[47190],357 Katherine Road London England E7 8LT
UKRAINE STRATEGIC PARTNERS LIMITED,16264933,active,ltd,,,2025-02-20,,2025-02-20,[96090],71-75 Shelton Street Covent Garden United Kingdom WC2H 9JQ
ULTRA BUILDING SERVICES LTD,16280263,active,ltd,,,2025-02-27,,2025-02-27,[43290],Flat 108 Bollinder Place London England EC1V 2AS
ALKEINNO LIMITED,16247461,active,ltd,,,2025-02-12,,2025-02-12,[62020],71-75 Shelton Street London United Kingdom WC2H 9JQ
AI FIXR LTD,16254888,active,ltd,,,2025-02-16,,2025-02-16,[62090],Suite Ra01 195-197 Wood Street London Wood Street London England E17 3NU
ALIGNE STUDIOS LIMITED,16279278,active,ltd,,,2025-02-26,,2025-02-26,[47190, 93130, 96040],59 Great Portland Street London England W1W 7LJ
AUREVA SPARKLING & MOMENTS LTD,16240226,active,ltd,,,2025-02-10,,2025-02-10,[46342, 47910],124, City Road, London 124, City Road London England EC1V 2NX
BARIS KANDEMIR LTD,16282704,active,ltd,,,2025-02-28,,2025-02-28,[47910],71-75 Shelton Street, Covent Garden London England WC2H 9JQ
GREAT TOWER STREET INVESTMENTS LIMITED,16282101,active,ltd,,,2025-02-27,,2025-02-27,[68209],7-8 Stratford Place London United Kingdom W1C 1AY
ETHO CLOTHING LTD,16284679,active,ltd,,,2025-02-28,,2025-02-28,[47710],3rd Floor, 45 Albemarle Street London England W1S 4JL
EMISSARY VISA & LEGALISATION LTD,16270462,active,ltd,,,2025-02-24,,2025-02-24,[79110, 82990],32a Heathfield Road London England SW18 2ZZ
EVERSTONE INVESTMENT LTD,16234712,active,ltd,,,2025-02-06,,2025-02-06,[68100, 68209],173 Sibthorpe Road London England SE12 9DR
JACKET CREATOR LTD,16248509,active,ltd,,,2025-02-12,,2025-02-12,[47990],167-169 Great Portland Street, 5th Floor London England W1W 5PF
FSA SHOP LIMITED,16258874,active,ltd,,,2025-02-18,,2025-02-18,[47910, 59112],71-75 Shelton Street London United Kingdom WC2H 9JQ
THE DATA GAP LTD,16232187,active,ltd,,,2025-02-05,,2025-02-05,[71129],38 Rotherfield Street London England N1 3DZ
VERITAS MED PL LTD,16227777,active,ltd,,,2025-02-04,,2025-02-04,[96090],167-169 Great Portland Street, Fifth Floor London England W1W 5PF
RENTLDN LTD,16231469,active,ltd,,,2025-02-05,,2025-02-05,[68320],124 City Road London England EC1V 2NX
BELLCOTE LIMITED,16272209,active,ltd,,,2025-02-24,,2025-02-24,[41202, 81210],87c Talbot Road London England W2 5JW
PEANUTS ENTERTAINMENT LTD,16241430,active,ltd,,,2025-02-10,,2025-02-10,[59111, 78101, 90010],Flat 5, 2 Milman Road London England NW6 6EN
SOLIS GROUP LTD,16233218,active,ltd,,,2025-02-05,,2025-02-05,[73110],Solis Group Ltd, 4th Floor, Silverstream House Solis Group Ltd, 4th Floor, Silverstream House London England W1T 6EB
BEJUMBLED LTD,16239094,active,ltd,,,2025-02-09,,2025-02-09,[47710, 59132],302 Phoenix Heights East 4 Mastmaker Road London England E14 9AJ
HAAYA TRADING LTD,16238535,active,ltd,,,2025-02-08,,2025-02-08,[47990],Flat 4, 236 Renown House Acton Lane London England NW10 7AL
ODE STUDIOS LTD,16238750,active,ltd,,,2025-02-09,,2025-02-09,[47710, 47910],71-75 Shelton Street Shelton Street London England WC2H 9JQ
BEPARTNER X LTD,16284287,active,ltd,,,2025-02-28,,2025-02-28,[64191, 66300, 84110],128 City Road London United Kingdom EC1V 2NX
DIRECT BUY LTD,16267569,active,ltd,,,2025-02-21,,2025-02-21,[46499, 47599],66 Paul Street London England EC2A 4NE
SEAVIEW COVE HOLIDAYS LTD,16236285,active,ltd,,,2025-02-07,,2025-02-07,[55209, 68209],167-169 Great Portland Street London (W1w 5pf) Office, 5th Floor London England W1W 5PF
ACARBEYOGLU GLOBAL LTD,16273096,active,ltd,,,2025-02-24,,2025-02-24,[47910],5 Brayford Square London England E1 0SG
LITIGATION CAPITAL SOLUTIONS LIMITED,16231174,active,ltd,,,2025-02-05,,2025-02-05,[66190],4th Floor Office London England W1B 4HB
CHOCOBLOC LIMITED,16281718,active,ltd,,,2025-02-27,,2025-02-27,[10821],London Accounting Group Ltd, 26 London United Kingdom E5 9NA
CLEARAID LIMITED,16226874,active,ltd,,,2025-02-04,,2025-02-04,[62012, 63110, 82990, 88990],4 St. Lukes Yard London United Kingdom W9 3AN
HOMIE PROPERTIES LTD,16262634,active,ltd,,,2025-02-19,,2025-02-19,[64306, 98000],167-169 Great Portland Street 5th Floor London England W1W 5PF
ELITE LEGACY GROUP LTD,16234309,active,ltd,,,2025-02-06,,2025-02-06,[62012],128 City Road London United Kingdom EC1V 2NX
STONE VISTRY LTD,16241626,active,ltd,,,2025-02-10,,2025-02-10,[43330, 43390],15, St. Georges House London England W1S 1HS
NORTH POINT NINE LTD,16227077,active,ltd,,,2025-02-04,,2025-02-04,[62012],124 City Road London England EC1V 2NX
GIFACE LTD,16250353,active,ltd,,,2025-02-13,,2025-02-13,[99999],Room F London United Kingdom E1 4XH
LLL & CO ASSET MANAGEMENT LIMITED,16272439,active,ltd,,,2025-02-24,,2025-02-24,[68209],71-75 Shelton Street London England WC2H 9JQ
XNORT LTD,16229172,active,ltd,,,2025-02-04,,2025-02-04,[62020, 64209, 71122, 73200],402 Alfred Court 53 Fortune Green Road London England NW6 1DF
SKYNET JOURNEY AND REST LTD,16251358,active,ltd,,,2025-02-13,,2025-02-13,[79110, 79120, 79909],859a-859e Romford Road London United Kingdom E12 5JY
JENICK TRAVELS AND TOURS LTD,16246227,active,ltd,,,2025-02-12,,2025-02-12,[70229, 79110, 82990, 85600],28 Spring Promenade London England UB7 9GL
NUTRAFOCUS LTD,16232318,active,ltd,,,2025-02-05,,2025-02-05,[46460, 47749, 47910],165 The Broadway Suite 517 Wimbledon London England SW19 1NE
PLYMOUTH WAGGERS LTD,16271469,active,ltd,,,2025-02-24,,2025-02-24,[96090],167-169 Great Portland Street London England W1W 5PF
PARK VIEW PLACE LIMITED,16272543,active,ltd,,,2025-02-24,,2025-02-24,[41100],45 - 47 Durham Street London England SE11 5JA
SLT QUALITY CONSTRUCTION LTD,16240257,active,ltd,,,2025-02-10,,2025-02-10,[43390],74 Tintern Avenue London England NW9 0RL
GB PROMED LTD,16261441,active,ltd,,,2025-02-19,,2025-02-19,[59111],76 Vincent Road London England E4 9PR
ZAALA LTD,16228222,active,ltd,,,2025-02-04,,2025-02-04,[68100, 68209],128 City Road London United Kingdom EC1V 2NX
SOARING CHORUS LIMITED,16253364,active,ltd,,,2025-02-14,,2025-02-14,[70229],66 Paul Street London England EC2A 4NE
FITZHAMON PROPERTIES LTD,16223882,active,ltd,,,2025-02-03,,2025-02-03,[99999],1 Alderton Way Hendon England NW4 3XS
QUNECTED LIMITED,16228625,active,ltd,,,2025-02-04,,2025-02-04,[62012, 94990],45 Fitzroy Street London England W1T 6EB
ENJIK LEGAL (UK) LIMITED,16230346,active,ltd,,,2025-02-05,,2025-02-05,[69102],2nd Floor College House Ruislip, United Kingdom HA4 7AE
CHOPSTICKS ND CHUTNEY'S LTD,16268513,active,ltd,,,2025-02-21,,2025-02-21,[56103],Arch 4 Gales Gardens London England E2 0EJ
IMS EMPIRE LTD,16253228,active,ltd,,,2025-02-14,,2025-02-14,[47591, 73110, 85520],709a - 711a Romford Road London England E12 5AW
APPKEY LTD,16228052,active,ltd,,,2025-02-04,,2025-02-04,[47910, 62020, 62090],282 Barking Road Eastham London England E6 3BA
GREENWAVE STUDIOS LIMITED,16253724,active,ltd,,,2025-02-14,,2025-02-14,[70229],201a Victoria Street London England SW1E 5NE
KIRK FLOCK ARTS LTD,16282940,active,ltd,,,2025-02-28,,2025-02-28,[55900, 68209, 90030, 90040],3 Academy Buildings, Ground Floor And Basement London England N1 6LQ
RESUSDOC LTD,16228614,active,ltd,,,2025-02-04,,2025-02-04,[79110, 86210],262 London Road Westcliff On Sea England SS0 7JG
OFFLOAD TECHNOLOGY LTD,16240014,active,ltd,,,2025-02-10,,2025-02-10,[62012, 62090],37, 12 Lawn Lane London United Kingdom SW8 1UD
BLACKLUNE LTD,16227765,active,ltd,,,2025-02-04,,2025-02-04,[47910, 73110, 82990],167-169 Great Portland Street, 5th Floor London England W1W 5PF
LUNALIFT LTD,16243737,active,ltd,,,2025-02-11,,2025-02-11,[72190],C/O Cavendish Bond London England W1S 1HN
NEXOKIND LTD,16239545,active,ltd,,,2025-02-10,,2025-02-10,[72190],C/O Cavendish Bond London England W1S 1HN
ZEFFIR LTD,16227185,active,ltd,,,2025-02-04,,2025-02-04,[45400],128 City Road London United Kingdom EC1V 2NX
JEPSON-LAY CONSULTANCY LIMITED,16226499,active,ltd,,,2025-02-03,,2025-02-03,[70229],27 Mortimer Street London England W1T 3BL
OPHIRLY SYSTEMS LTD,16245168,active,ltd,,,2025-02-11,,2025-02-11,[46510, 46520, 46690, 47910],71-75 Shelton Street London United Kingdom WC2H 9JQ
DPOEYE, DATA PROTECTION MANAGEMENT LTD,16242790,active,ltd,,,2025-02-10,,2025-02-10,[62012, 62020, 62090, 63120],5 Brayford Square London England E1 0SG
QUANTAFUSION CO., LIMITED,16247349,active,ltd,,,2025-02-12,,2025-02-12,[23410, 23490, 47910],Suite 1080 5 Brayford Square London United Kingdom E1 0SG
ROOTS2ROUTES COUNSELLING LTD,16229679,active,ltd,,,2025-02-04,,2025-02-04,[86900],Office 11667 182-184 High Street North East Ham United Kingdom E6 2JA
ADAIN LTD,16250969,active,ltd,,,2025-02-13,,2025-02-13,[46190, 70229, 82990, 96090],Office 14061, 182-184 High Street North London England E6 2JA
EASTERN PHOENIX CONSULTANCY LTD,16228811,active,ltd,,,2025-02-04,,2025-02-04,[85600],5th Floor 167-169 Great Portland Street London England W1W 5PF
DS RETAIL STORE LIMITED,16232061,active,ltd,,,2025-02-05,,2025-02-05,[47710],Unit 201 99 Farringdon Road London England EC1R 3BN
TEZGA LTD,16235535,active,ltd,,,2025-02-06,,2025-02-06,[46900, 62020, 62090, 73120],16 Limerston Street London United Kingdom SW10 0BG
YOUNG INNOVATORS CLUB LTD,16228974,active,ltd,,,2025-02-04,,2025-02-04,[85590],167-169 Great Portland Street London England W1W 5PF
MEDIKAY LIMITED,16225351,active,ltd,,,2025-02-03,,2025-02-03,[86210],Ground Floor Flat London England NW6 1JD
PASHYANTI LTD,16227051,active,ltd,,,2025-02-04,,2025-02-04,[74909, 85590],27 Old Gloucester Street London United Kingdom WC1N 3AX
STELLAR GRAY LIMITED,16270880,active,ltd,,,2025-02-24,,2025-02-24,[69109],The Foundry London United Kingdom SE1 8EN
ADIL GOODS LIMITED,16227172,active,ltd,,,2025-02-04,,2025-02-04,[47910],International House London United Kingdom E16 2DQ
AIML CONSULTANCY LTD,16230257,active,ltd,,,2025-02-05,,2025-02-05,[99999],71-75 Shelton Street London United Kingdom WC2H 9JQ
I&M NEW APPROACH LTD,16237208,active,ltd,,,2025-02-07,,2025-02-07,[41100, 68100, 68209, 68320],Unit Da2 Sutherland House London United Kingdom E17 6BU
OMI PROPERTIES LTD,16256095,active,ltd,,,2025-02-17,,2025-02-17,[68100, 68209],Eyre House Flat E24 London United Kingdom SW18 4TR
HANCOX SERVICES LTD,16253592,active,ltd,,,2025-02-14,,2025-02-14,[43210],1434 London Road Leigh-On-Sea England SS9 2UL
A1 WORKWEAR AND SUPPLIES LTD,16260027,active,ltd,,,2025-02-18,,2025-02-18,[96090],1 Kilmarsh Road London England W6 0PL
BUBBLE UP COMMUNITY CRYPTOCURRENCY LTD,16232640,active,ltd,,,2025-02-05,,2025-02-05,[63990],167-169 Great Portland Street London England W1W 5PF
CAVENDISH ROW CAPITAL LIMITED,16264692,active,ltd,,,2025-02-20,,2025-02-20,[82990],5 Ground Floor, Canberra Road London United Kingdom W13 9BF
TIDESPACE LTD,16273779,active,ltd,,,2025-02-25,,2025-02-25,[52103],85 Pendant Court London England E16 2TG
KHAN LEGACY INVESTMENTS LIMITED,16270944,active,ltd,,,2025-02-24,,2025-02-24,[68209],5th Floor, 36 - 38 Wigmore Street, London, United Kingdom W1U 2BP
33 GAMES LTD,16279912,active,ltd,,,2025-02-26,,2025-02-26,[70229],128 City Road London United Kingdom EC1V 2NX
JHARNA KABIR DH LTD,16255099,active,ltd,,,2025-02-17,,2025-02-17,[56102, 56103],264 Sheringham Avenue London England E12 6HH
BLACKBIRD TECH LTD,16244219,active,ltd,,,2025-02-11,,2025-02-11,[58290],142 Cromwell Road London England SW7 4EF
AAURICA MULTITRADE LIMITED,16276972,active,ltd,,,2025-02-26,,2025-02-26,[10831, 46370, 86900],167-169 Great Portland Street London England W1W 5PF
BN LIGHTS LTD,16271246,active,ltd,,,2025-02-24,,2025-02-24,[74902],Flat A London England W10 4RE
MORTON81 LTD,16225546,active,ltd,,,2025-02-03,,2025-02-03,[93290, 96090],128 City Road London United Kingdom EC1V 2NX
FUNKY FREQUENCY FILMS LTD,16272654,active,ltd,,,2025-02-24,,2025-02-24,[59112, 59113, 90020],71-75 Shelton Street London United Kingdom WC2H 9JQ
PRIVATE MARKETS GROUP LTD,16246242,active,ltd,,,2025-02-12,,2025-02-12,[58190, 59112, 59132, 63910],71-75 Shelton Street London England WC2H 9JQ
HUMBLEWIDDIT LTD,16228152,active,ltd,,,2025-02-04,,2025-02-04,[47710, 59112, 59200, 90030],128 City Road London United Kingdom EC1V 2NX
CHEMSTOW LTD,16265465,active,ltd,,,2025-02-20,,2025-02-20,[62090],124 City Road London United Kingdom EC1V 2NX
YORKSHIRE SOUTH LTD,16248024,active,ltd,,,2025-02-12,,2025-02-12,[68209],108-110 London Road Sheffield England S2 4LR
WHITROD INVESTMENTS - ST JAMES'S ROAD LTD,16233408,active,ltd,,,2025-02-06,,2025-02-06,[68100, 68209, 68320],1 Knight House London England SE20 7EU
GG-HOLDCO-510-566 LIMITED,16243093,active,ltd,,,2025-02-11,,2025-02-11,[68209],C/O Getground London England W6 0NB
IMMERSIV GAMES LTD,16259341,active,ltd,,,2025-02-18,,2025-02-18,[62011],67 67 The Ridgeway London England W3 8LP
CARRION FINANCIAL LTD,16260612,active,ltd,,,2025-02-18,,2025-02-18,[70221],Flat 41 Winchester Court Flat 41 Winchester Court London United Kingdom W8 4AD
SAKINAH THERAPIES LTD,16250758,active,ltd,,,2025-02-13,,2025-02-13,[46450],Flat 1 Mundy House, Dart Street, London London England W10 4UL
ANCHURST SERVICES LTD,16222975,active,ltd,,,2025-02-01,,2025-02-01,[68310],International House London United Kingdom W6 8JA
BRAVO ACA LTD,16239992,active,ltd,,,2025-02-10,,2025-02-10,[47990, 78200],213 A Graham Road London England E8 1PE
MONTIS INTERNATIONAL LIMITED,16243184,active,ltd,,,2025-02-11,,2025-02-11,[70229],71-75 Shelton Street London United Kingdom WC2H 9JQ
HALF MOON LANE HOLDINGS LTD,16280215,active,ltd,,,2025-02-27,,2025-02-27,[63110],Units 3-5 Croxted Mews London England SE24 9DA
TRIDENT HORIZON LTD,16274301,active,ltd,,,2025-02-25,,2025-02-25,[64304],1 Long Lane London England SE1 4PG
TBT ENTERPRISE LTD,16273399,active,ltd,,,2025-02-24,,2025-02-24,[43999],Flat 22 Bodeney House London England SE5 8QL
MALLBOW ENTERPRISES LTD,16269308,active,ltd,,,2025-02-21,,2025-02-21,[46900, 47910, 49410, 52290],Flat 11 Yunus Khan Close London England E17 8XF
FOUNDERSHED LTD,16246658,active,ltd,,,2025-02-12,,2025-02-12,[61900, 62020, 70229, 85590],124 City Road London England EC1V 2NX
VAAJ LTD,16280184,active,ltd,,,2025-02-27,,2025-02-27,[62012],Flat 17 Brooklime Apartments London England NW7 1TJ
G&B GLOBAL ADVISORY SERVICES LTD,16251445,active,ltd,,,2025-02-13,,2025-02-13,[70229],2 Leman Street London United Kingdom E1W 9US
MG LETS LIMITED,16247749,active,ltd,,,2025-02-12,,2025-02-12,[68310],197 Ballards Lane London England N3 1LP
BIRMINGHAM BONANZA LTD,16249875,active,ltd,,,2025-02-13,,2025-02-13,[82990, 90020, 93290],4 Simonds Road London England E10 7BN
CELESTIA INTERNATIONAL TRADE LIMITED,16267965,active,ltd,,,2025-02-21,,2025-02-21,[46460, 46900],167-169 Great Portland Street, London United Kingdom W1W 5PF
RIVAGE INVESTMENT (UK PARENT) LIMITED,16263550,active,ltd,,,2025-02-19,,2025-02-19,[64209, 82990],6th Floor 25 Farringdon Street London United Kingdom EC4A 4AB
AISHA GOODS LIMITED,16235645,active,ltd,,,2025-02-06,,2025-02-06,[47910],International House London England E16 2DQ
GLOBAL TECH DEVELOP LTD,16250551,active,ltd,,,2025-02-13,,2025-02-13,[62012, 62090, 79110, 79909],124 City Road London England EC1V 2NX
PETRO DIAMOND COMPANY LIMITED,16240477,active,ltd,,,2025-02-10,,2025-02-10,[33170, 43999],Suite 29c Suite 29c Imperial House London United Kingdom N17 0SP
ENTERING PLUS LTD,16237738,active,ltd,,,2025-02-07,,2025-02-07,[96090],C/O Tn London Accountancy, Office 303 London England E8 1HE
INTERNATIONAL JMB DISTRIBUTION GROUP LIMITED,16278652,active,ltd,,,2025-02-26,,2025-02-26,[64209],La City London England EC1R 5HL
CLERIXCLOUD LTD,16271128,active,ltd,,,2025-02-24,,2025-02-24,[62090, 74909],66 Paul Street London England EC2A 4NA
CARIBBEAN FLAVOURS LTD,16273536,active,ltd,,,2025-02-25,,2025-02-25,[56102],47a Goldhawk Road London United Kingdom W12 8QP
XEINADIN SL LIMITED,16255281,active,ltd,,,2025-02-17,,2025-02-17,[69201],Level 5a, Maple House London United Kingdom W1T 7NF
LUXLILI LTD,16229469,active,ltd,,,2025-02-04,,2025-02-04,[47710, 47910],71-75 Shelton Street London United Kingdom WC2H 9JQ
FRUITS OF MY LABOUR LTD,16270510,active,ltd,,,2025-02-24,,2025-02-24,[42220, 43210, 46690, 46900],3rd Floor, 86-90 Paul Street London United Kingdom EC2A 4NE
DAWN AND DESSERT LIMITED,16265380,active,ltd,,,2025-02-20,,2025-02-20,[56102],Flat 14 Devons Road London England E3 3RD
ATLANTIC PRIME LIMITED,16232607,active,ltd,,,2025-02-05,,2025-02-05,[47910, 68209],17 Kingweston Close London England NW2 1UU
DARETODREAM LIMITED,16233871,active,ltd,,,2025-02-06,,2025-02-06,[47710],182 Carlton Vale 26 Merle Court London England NW6 5HH
STELLANOR DATACENTERS PROPERTIES UK LIMITED,16223822,active,ltd,,,2025-02-03,,2025-02-03,[63110],260-266 Goswell Road London England EC1V 7EB
XEINADIN BW LIMITED,16283851,active,ltd,,,2025-02-28,,2025-02-28,[69201],Level 5a, Maple House London United Kingdom W1T 7NF
CATALINA TX LTD,16225124,active,ltd,,,2025-02-03,,2025-02-03,[82990],167-169 Great Portland Street, 5th Floor, London England W1W 5PF
VETMYBUILDER LTD,16275110,active,ltd,,,2025-02-25,,2025-02-25,[71129],16 Simmons Lane London United Kingdom E4 6JH
BCA GROUP SERVICES LTD,16260657,active,ltd,,,2025-02-18,,2025-02-18,[68320],Second Floor, 26 Goodge Street London England W1T 2QG
UA&I SOLUTIONS LTD,16237734,active,ltd,,,2025-02-07,,2025-02-07,[62020],60 Tottenham Court Road Suite 5661a London United Kingdom W1T 2EW
DAMIANI LAW LIMITED,16248510,active,ltd,,,2025-02-12,,2025-02-12,[69109],Orega Holborn Gate London England WC1V 7QH
FUSION FORCE CONSULTANTS LTD,16243793,active,ltd,,,2025-02-11,,2025-02-11,[71122],71-75 Shelton Street London United Kingdom WC2H 9JQ
GUIDEPRINT LTD,16257990,active,ltd,,,2025-02-17,,2025-02-17,[62090],20 Ash Grove London England N13 5AA
DREAMAWAY PROPERTY LIMITED,16254643,active,ltd,,,2025-02-16,,2025-02-16,[68100, 68209],64 Elthorne Park Road London England W7 2JD
RMS STRATEGIC LEADERSHIP PARTNERS LIMITED,16283321,active,ltd,,,2025-02-28,,2025-02-28,[70229],167 - 169 Great Portland Street London England W1W 5PF
VELVET KEY PROPERTIES LTD,16244957,active,ltd,,,2025-02-11,,2025-02-11,[41100, 68100, 68209, 68310],124 City Road London England EC1V 2NX
BUC CAPITAL LIMITED,16282184,active,ltd,,,2025-02-27,,2025-02-27,[68209],Flat 148 Princess Park Manor London England N11 3FQ
ADIONI LTD,16277905,active,ltd,,,2025-02-26,,2025-02-26,[43999, 47910, 68209],781 Romford Road London England E12 5AN
SS LUXURY LTD,16230838,active,ltd,,,2025-02-05,,2025-02-05,[47799],1 Viaduct Gardens Legacy Building Nine Elms SW11 7EQ
GREAT MINDS PROPERTY REFURBISHMENT LTD,16256193,active,ltd,,,2025-02-17,,2025-02-17,[68100, 68209, 68320],International House London England W6 8JA
IMPACT ENERGY SOLUTIONS LIMITED,16270370,active,ltd,,,2025-02-24,,2025-02-24,[99999],67 London Road Worcester England WR5 2DU
ZAFRAN MASHAWI LIMITED,16246311,active,ltd,,,2025-02-12,,2025-02-12,[56103, 56290],277 Ilford Lane London United Kingdom IG1 2SD
LMNX STUDIO LTD,16250678,active,ltd,,,2025-02-13,,2025-02-13,[85200, 85310, 85590, 85600],Gemma House 39 Lilestone Street London England NW8 8SS
WOODRIDGE ADVISORY LIMITED,16254141,active,ltd,,,2025-02-14,,2025-02-14,[74909],Green Park House London England W1J 8LQ
RE:GEN RECORDS LTD,16262819,active,ltd,,,2025-02-19,,2025-02-19,[59200, 90010, 90020],167-169 Great Portland Street 5th Floor London England W1W 5PF
HORNSEY HOTEL HOLDCO LIMITED,16262359,active,ltd,,,2025-02-19,,2025-02-19,[64209],Dorsett Shepherds Bush Hotel London United Kingdom W12 8QE
STONE HOME GROUP LTD,16281124,active,ltd,,,2025-02-27,,2025-02-27,[68100],29 Filey Avenue London England N16 6JL
NICHOLLS & CO. LTD,16247068,active,ltd,,,2025-02-12,,2025-02-12,[64209],2nd Floor 59 Charlotte Street London England W1T 4PE
VENETIA WYNTER-BLYTH LIMITED,16264988,active,ltd,,,2025-02-20,,2025-02-20,[70229],1 Coldbath Square London England EC1R 5HL
LKN DETAILING LIMITED,16237782,active,ltd,,,2025-02-07,,2025-02-07,[81299],4 Hornsey Road London N7 7BP
RO CHANGE CONSULTING LIMITED,16239973,active,ltd,,,2025-02-10,,2025-02-10,[70229],167-169 Great Portland Street London England W1W 5PF
VITRUVIAN TECHNOLOGIES LIMITED,16238284,active,ltd,,,2025-02-08,,2025-02-08,[62012],167-169 Great Portland Street London England W1W 5PF
LIZZIE’S CAKE CO LIMITED,16269285,active,ltd,,,2025-02-21,,2025-02-21,[47240, 47910],124 City Road London United Kingdom EC1V 2NX
ALLERGOSPHERE LTD,16251718,active,ltd,,,2025-02-14,,2025-02-14,[86220],Unit 7 Mulberry Place Eltham United Kingdom SE9 6AR
ITRA LTD,16246219,active,ltd,,,2025-02-12,,2025-02-12,[47770],62 Edel Steen Emporium London England EC1N 8LR
FAIRMEAD INVEST LTD,16234803,active,ltd,,,2025-02-06,,2025-02-06,[68100],13 Denver Road London United Kingdom N16 5JL
BENGWELA LTD,16262754,active,ltd,,,2025-02-19,,2025-02-19,[96090],32 Wickliffe Ave Wickliffe Avenue London England N3 3EJ
GCP CORPORATE FINANCE (UK) LTD,16223764,active,ltd,,,2025-02-03,,2025-02-03,[70221],2nd Floor Kingsbourne House London United Kingdom WC1V 7DA
AZTEK ECOBUILD LIMITED,16251115,active,ltd,,,2025-02-13,,2025-02-13,[41202],5 Greenwich View Place London England E14 9NN
BLOOM ADVISORS LTD,16249112,active,ltd,,,2025-02-13,,2025-02-13,[63990],6th Floor 37 Lombard Street London England EC3V 9BQ
AESKN HARLEY STREET CLINIC LTD,16247844,active,ltd,,,2025-02-12,,2025-02-12,[96020],2nd Floor Butler House London England W1T 7AF
WATPROP INVESTMENTS LTD,16283183,active,ltd,,,2025-02-28,,2025-02-28,[68100, 68209],213 London Road Benfleet England SS7 2RD
ENERGY S4VERS LTD,16266892,active,ltd,,,2025-02-20,,2025-02-20,[99999],335 Green Lanes London England N13 4TY
GREAT RELEASE OF WEALTH LTD,16224027,active,ltd,,,2025-02-03,,2025-02-03,[82990, 85590],60 Tottenham Court Road, Suite 5620a London United Kingdom W1T 2EW
WE MANAGE KEYS LTD,16225679,active,ltd,,,2025-02-03,,2025-02-03,[55100, 55209, 55900, 68209],71-75 Shelton Street London United Kingdom WC2H 9JQ
THE BULL & OCHE LTD,16226503,active,ltd,,,2025-02-03,,2025-02-03,[46450, 47910],71-75 Shelton Street London England WC2H 9JQ
FETCHWAY LTD,16230774,active,ltd,,,2025-02-05,,2025-02-05,[46190, 46499, 46900, 47910],5 Brayford Square London E1 0SG
TREE OF LIFE FOSTERING LTD,16265238,active,ltd,,,2025-02-20,,2025-02-20,[88990],60 Tottenham Court Road, 5710a London United Kingdom W1T 2EW
FOODTECH DYNAMICS LIMITED,16275754,active,ltd,,,2025-02-25,,2025-02-25,[62020],60 Tottenham Court Road Suite 5732a London United Kingdom W1T 2EW
CORECHAIN DISTRIBUTION LTD,16233260,active,ltd,,,2025-02-05,,2025-02-05,[56102],60 Tottenham Court Road, Suite 5646a London United Kingdom W1T 2EW
HOMES BY DOV LTD,16222816,active,ltd,,,2025-02-01,,2025-02-01,[43999, 98000],60 Tottenham Court Road, Suite 5624a London United Kingdom W1T 2EW
VIHARI LTD,16238610,active,ltd,,,2025-02-08,,2025-02-08,[55209, 68209],41 Shakespeare Crescent London England E12 6LL
BATIM CROSSTHWAITE LTD,16277434,active,ltd,,,2025-02-26,,2025-02-26,[68100],London Accounting Group Ltd, 26 London England E5 9NA
WINTER HERTFIELD REAL ESTATE LIMITED,16263908,active,ltd,,,2025-02-19,,2025-02-19,[68310],71-75 Shelton Street London England WC2H 9JQ
TIUK LTD,16255306,active,ltd,,,2025-02-17,,2025-02-17,[99999],Collective Auction Rooms London England NW1 8NJ
BUYERETTE LIMITED,16271858,active,ltd,,,2025-02-24,,2025-02-24,[47910, 73110],128 City Road London England EC1V 2NX
AYLIS ENVER LTD,16240522,active,ltd,,,2025-02-10,,2025-02-10,[70229],C/O Cwa Lockkeepers Cottage Waltham Abbey United Kingdom EN9 1FJ
AHV SYNERGY LTD,16278467,active,ltd,,,2025-02-26,,2025-02-26,[46190],Unit 2a 1-11aseembly Passage Assembly Passage London England E1 4UT
KENJILABEL LIMITED,16276477,active,ltd,,,2025-02-25,,2025-02-25,[74100, 90010, 90030],27 Dashwood House, Dickens Yard Longfield Avenue London England W5 2BQ
BIG BARWORKS LIMITED,16260041,active,ltd,,,2025-02-18,,2025-02-18,[64209],167-169 Great Portland Street London England W1W 5PF
BARNET TECHNOLOGIES LTD,16244993,active,ltd,,,2025-02-11,,2025-02-11,[62090],Office 6 107 Lancaster Road London England EN4 8AS
SOLUX HIRE LTD,16270039,active,ltd,,,2025-02-23,,2025-02-23,[47990, 96090],Apartment 28 Ammon House London England SW9 8FE
SRB FINISHES LIMITED,16241405,active,ltd,,,2025-02-10,,2025-02-10,[41201],167-169 Great Portland Street London W1W 5PF
BRITARB TRADING LTD,16263936,active,ltd,,,2025-02-19,,2025-02-19,[47910],71-75 Shelton Street,Covent Garden London England WC2H 9JQ
SLOWFORM LTD,16253985,active,ltd,,,2025-02-14,,2025-02-14,[14190, 32990, 47710, 47910],66 Paul Street London England EC2A 4NA
THE DOT COFFEE ROASTERS LTD,16228771,active,ltd,,,2025-02-04,,2025-02-04,[56102],46 Crispin Street 46 Crispin Street London England E1 6HQ
GRT & PRL LTD,16224551,active,ltd,,,2025-02-03,,2025-02-03,[99999],140 Godley Road London England SW18 3HE
FOG AND SLEAT LIMITED,16253245,active,ltd,,,2025-02-14,,2025-02-14,[14131, 46160, 64202],C/O Kkvms Llp London England SE1 8EG
NDEVER LIMITED,16274745,active,ltd,,,2025-02-25,,2025-02-25,[62020, 63110],124 City Road London England EC1V 2NX
SKYWISE EDUCATIONAL GUARDIANSHIP UK LTD,16243200,active,ltd,,,2025-02-11,,2025-02-11,[85600],167 - 169 5th Floor ,Great Portland Street London England W1W 5PF
ASTRAGAL DOORS AND WINDOWS LTD,16228975,active,ltd,,,2025-02-04,,2025-02-04,[43342],320 Garratt Lane London England SW18 4EJ
PATHWAY INTERIOR LIMITED,16257305,active,ltd,,,2025-02-17,,2025-02-17,[43999],77 Nottingham Avenue London England E16 3RT
F&S PARTNERS LIMITED,16259567,active,ltd,,,2025-02-18,,2025-02-18,[47190, 47750, 47789, 47910],71-75 Shelton Street London United Kingdom WC2H 9JQ
COACHCUBE LTD,16277932,active,ltd,,,2025-02-26,,2025-02-26,[46510],128 City Road London United Kingdom EC1V 2NX
AMORE PROPERTIES GROUP LTD,16255395,active,ltd,,,2025-02-17,,2025-02-17,[68100, 68209],124 City Road London United Kingdom EC1V 2NX
UP STORES LTD,16276047,active,ltd,,,2025-02-25,,2025-02-25,[49410, 52242, 52290],158 Hoe Street London England E17 4QH
NMDC LTD,16254748,active,ltd,,,2025-02-16,,2025-02-16,[41100, 74901, 82990],Fifth Floor, 167 - 169 Great Portland Street Great Portland Street London United Kingdom W1W 5PF
KRBUK LIMITED,16247154,active,ltd,,,2025-02-12,,2025-02-12,[62012],2 Paul Street London England E15 4QD
FLORA ANALYTICA LTD,16273918,active,ltd,,,2025-02-25,,2025-02-25,[62090],71-75 Shelton Street London England WC2H 9JQ
AGRIBOOST LIMITED LIMITED,16257487,active,ltd,,,2025-02-17,,2025-02-17,[64304],20 Wenlock Road London England N1 7GU
BOOK WRITING INN GLOBAL LTD,16230401,active,ltd,,,2025-02-05,,2025-02-05,[58110],124 City Rd London United Kingdom EC1V 2NP
SEEHTZH LIMITED,16268181,active,ltd,,,2025-02-21,,2025-02-21,[46420, 47910],Unit 2 Sati Room, 12 John Princes Street London United Kingdom W1G 0JR
M&EZ LTD,16264390,active,ltd,,,2025-02-19,,2025-02-19,[43320],182 Green Lanes London England N13 5UE
INTERPARCEL CONNECT LIMITED,16242647,active,ltd,,,2025-02-10,,2025-02-10,[47710, 47990, 52290, 53202],6 Havelock Close London England W12 7NG
WAVE PILATES LTD,16271328,active,ltd,,,2025-02-24,,2025-02-24,[93130],Aston House London United Kingdom N3 1LF
EKAR CONSULTING LIMITED,16281119,active,ltd,,,2025-02-27,,2025-02-27,[70229],167-169 Great Portland Street London England W1W 5PF
CLICK MAGNET AGENCY LTD,16260510,active,ltd,,,2025-02-18,,2025-02-18,[62090, 70210, 73110],71-75 Shelton Street London United Kingdom WC2H 9JQ
PARENTING PRODUCTIONS LTD,16227273,active,ltd,,,2025-02-04,,2025-02-04,[90010],515 Unit 515, The Archives London England N15 4QN
ORR COMPOSITES LTD,16250002,active,ltd,,,2025-02-13,,2025-02-13,[29320],167-169 Great Portland Street London England W1W 5PF
GREGTON HOLDINGS LIMITED,16256770,active,ltd,,,2025-02-17,,2025-02-17,[70229],167-169 Great Portland Street London England W1W 5PF
WEST LODGE PROPERTY LTD,16279446,active,ltd,,,2025-02-26,,2025-02-26,[68100],West Lodge Bagshot England GU19 5HZ
M3 VERTEX LIMITED,16255167,active,ltd,,,2025-02-17,,2025-02-17,[47910, 69202, 70221, 70229],71-75 Shelton Street London United Kingdom WC2H 9JQ
BBL WEALTH LIMITED,16263870,active,ltd,,,2025-02-19,,2025-02-19,[58110, 58190, 63990, 85590],35 Mauleverer Road London England SW2 5DR
TALES TENSOR LTD,16264241,active,ltd,,,2025-02-19,,2025-02-19,[58210, 62011, 79909, 93290],Suite Ra01 195-197 Wood Street London England E17 3NU
MIND HEALING LAB LTD,16253907,active,ltd,,,2025-02-14,,2025-02-14,[86900],66 Paul Street 66 Paul Street London England EC2A 4NA
ORIUM PROPERTIES LTD,16223451,active,ltd,,,2025-02-02,,2025-02-02,[68320, 71111, 71112],Flat 4, Dray Court London UB7 7RW
GOODWIN AVENUE CONSULTING LTD,16261095,active,ltd,,,2025-02-18,,2025-02-18,[87900],Capital Office London England EC1V 2NX
FUTURE PROPERTIES LTD,16284338,active,ltd,,,2025-02-28,,2025-02-28,[68100, 68209],Allied House Twickenham England TW1 3SZ
GLOWEZ & CO LTD,16256946,active,ltd,,,2025-02-17,,2025-02-17,[68100, 68209],167-169 Great Portland Street London W1W 5PF
WISH CREATIVE COPY LTD,16266392,active,ltd,,,2025-02-20,,2025-02-20,[74909],C/O Merit Accountants London England WC1H 0AF
GARY HARVEY DC LTD,16261308,active,ltd,,,2025-02-18,,2025-02-18,[43341],Suite 65 Churchill House London NW4 4DJ
EMSTELL TECHNOLOGY CONSULTING LTD,16267467,active,ltd,,,2025-02-21,,2025-02-21,[58290, 62012, 62020, 62090],128 City Road London United Kingdom EC1V 2NX
BC BUSINESS SUPPORT SERVICES LTD,16277670,active,ltd,,,2025-02-26,,2025-02-26,[70229, 82110],167-169, Fifth Floor Great Portland Street London W1W 5PF
MEBC LONDON LTD,16266682,active,ltd,,,2025-02-20,,2025-02-20,[62020, 85590],96 Boundary Road London England E13 9QG
THE EAGERMAN'S LIMITED,16237368,active,ltd,,,2025-02-07,,2025-02-07,[47910],71-75 Shelton Street London United Kingdom WC2H 9JQ
PNM GARDENING LTD,16224485,active,ltd,,,2025-02-03,,2025-02-03,[91040],Flat 9a, 46 Nightingale Lane Nightingale Lane London England SW12 8TN
DMC IT SOLUTIONS LTD,16263623,active,ltd,,,2025-02-19,,2025-02-19,[29320, 47910],128 City Road London United Kingdom EC1V 2NX
J4X LIMITED,16265595,active,ltd,,,2025-02-20,,2025-02-20,[85590],Boston Road London England W7 3SJ
ERIC KIM LONDON LTD,16279881,active,ltd,,,2025-02-26,,2025-02-26,[86900],39 Essex Road Enfield, London England EN2 6UA
MELM PROPERTY LTD,16261304,active,ltd,,,2025-02-18,,2025-02-18,[68100],C/O Horizon Ca London England WC1X 8WB
LIBRA FUTURE HOLDINGS LTD,16249811,active,ltd,,,2025-02-13,,2025-02-13,[99999],49 Sperling Road London United Kingdom N17 6UJ
SAFIRERA LTD,16244876,active,ltd,,,2025-02-11,,2025-02-11,[47910],71-75 Shelton Street London WC2H 9JQ
XAMALYTICS UK LIMITED,16245040,active,ltd,,,2025-02-11,,2025-02-11,[62020],131 Finsbury Pavement London United Kingdom EC2A 1NT
ANNA ALEXANDER LEGAL SERVICES LTD,16240584,active,ltd,,,2025-02-10,,2025-02-10,[69109],8-9 Jubilee Parade Snakes Lane East Woodford Green England IG8 7QG
SIMPLY ACCIDENT MANAGEMENT LIMITED,16243434,active,ltd,,,2025-02-11,,2025-02-11,[33170, 52103, 77110],Kavilla London England E16 2TD
SPORT IDOLS LTD,16275807,active,ltd,,,2025-02-25,,2025-02-25,[58290],Office 419, Pill Box Coventry Road London England E2 6GG
CORPORATE MASSAGE YORKSHIRE LTD,16240205,active,ltd,,,2025-02-10,,2025-02-10,[86900],Suite A 1 Old Court Mews London United Kingdom N14 6JS
YSG REAL ESTATE LTD,16265705,active,ltd,,,2025-02-20,,2025-02-20,[68209],36 Ravensdale Road London England N16 6SH
GLAMOUR VOGUE LIMITED,16258384,active,ltd,,,2025-02-17,,2025-02-17,[46420],64 Nile Street London England N1 7SR
CHARMLYS LTD,16257670,active,ltd,,,2025-02-17,,2025-02-17,[47910],Office 18957 182-184 High Street North London United Kingdom E6 2JA
ASPIRE BRIDGE LTD,16250462,active,ltd,,,2025-02-13,,2025-02-13,[46900, 47910, 52290, 73110],71-75 Shelton Street London United Kingdom WC2H 9JQ
BRAVARI LTD,16277382,active,ltd,,,2025-02-26,,2025-02-26,[62020, 62090, 70229, 73110],167-169 Great Portland Street London United Kingdom W1W 5PF
A.C WASTE AND REMOVALS LTD,16263669,active,ltd,,,2025-02-19,,2025-02-19,[38110, 49420],71-75 Shelton Street London United Kingdom WC2H 9JQ
KQ KHS LTD,16239280,active,ltd,,,2025-02-10,,2025-02-10,[56101],191-195 Kensington High Street London England W8 6SH
MGK DESIGN&BUILD LTD,16234639,active,ltd,,,2025-02-06,,2025-02-06,[41201, 41202, 43290],167-169 Great Portland Street London England W1W 5PF
PRIVATO FINANCE AND OIL BUNKERING SERVICES LIMITED,16244578,active,ltd,,,2025-02-11,,2025-02-11,[46711, 64921, 64999],Churchill House 137-139 Brent Street London England NW4 4DJ
RIZZ LIFESTYLE LIMITED,16241618,active,ltd,,,2025-02-10,,2025-02-10,[47910],128 City Road London EC1V 2NX
REUVEN PROPERTIES LTD,16253528,active,ltd,,,2025-02-14,,2025-02-14,[68209],26 Rostrevor Avenue London United Kingdom N15 6LP
STUDIO DIAL LTD,16278021,active,ltd,,,2025-02-26,,2025-02-26,[74100],7 Craft Mews London United Kingdom E10 5UH
BLOCK-IA SYSTEM LTD,16274107,active,ltd,,,2025-02-25,,2025-02-25,[62020],Centurion House Staines-Upon-Thames England TW18 4AX
ONE & WHOLE HOLDINGS CO., LTD,16228704,active,ltd,,,2025-02-04,,2025-02-04,[68100],27 Old Gloucester Street London United Kingdom WC1N 3AX
APEX ROOF MASTERS LTD,16278770,active,ltd,,,2025-02-26,,2025-02-26,[43910, 78200],95 Whitehead Close London England N18 1UZ
BEYOND EVERY LIMIT LTD,16284276,active,ltd,,,2025-02-28,,2025-02-28,[77110, 79120, 79901],32-33 Upper Street London England N1 0PN
VESTA INSTALLS LTD,16250682,active,ltd,,,2025-02-13,,2025-02-13,[43290, 43390, 43999, 47599],71-75 Shelton Street London United Kingdom WC2H 9JQ
TT FONTENAY LIMITED,16268891,active,ltd,,,2025-02-21,,2025-02-21,[62090],20 Fouberts Place London England W1F 7PL
SALAMANDER BRICK SLIP INNOVATION LIMITED,16279730,active,ltd,,,2025-02-26,,2025-02-26,[23700],244 Edgware Road London England W2 1DS
PRESTIGE LONDON CONSTRUCTION LTD,16252118,active,ltd,,,2025-02-14,,2025-02-14,[41100, 41202],14 Shakespeare Avenue Feltham England TW14 9HX
AMALGAM LTD,16272297,active,ltd,,,2025-02-24,,2025-02-24,[74100],238 Carr Road Carr Road London England E17 5EW
S&M HOUSES LTD,16228374,active,ltd,,,2025-02-04,,2025-02-04,[68100],190 Billet Road London England E17 5DX
SUNBIRD CAPITAL LTD,16280918,active,ltd,,,2025-02-27,,2025-02-27,[70229],14 Park Road London England NW1 4SH
GOLDEN NIGHTS LTD,16245931,active,ltd,,,2025-02-12,,2025-02-12,[68209],124 City Road London England EC1V 2NX
NAMASTE MANAGEMENT LTD,16278876,active,ltd,,,2025-02-26,,2025-02-26,[70229],Namaste Management Ltd London England EC4V 4BE
QUADIENT LOCKERS UK LTD,16229271,active,ltd,,,2025-02-04,,2025-02-04,[52290],3rd Floor Press Centre Here East London England E15 2GW
RAYAN LUXURY CHAUFFEUR SERVICE LTD,16281973,active,ltd,,,2025-02-27,,2025-02-27,[82990],Apartment 12, Building A, Australia Road London England W12 7TD
MOEED ENTERPRISES LTD,16270704,active,ltd,,,2025-02-24,,2025-02-24,[47910],Suite C1 London United Kingdom E1 5NF
D.A. PARKINSON CONSULTING LTD,16237963,active,ltd,,,2025-02-07,,2025-02-07,[70229, 85590],71-75 Shelton Street London United Kingdom WC2H 9JQ
MENTRAU FFYNNON DDU LTD,16245232,active,ltd,,,2025-02-11,,2025-02-11,[64209],128 City Road London United Kingdom EC1V 2NX
NUMBER ONE SERVICES LTD,16256771,active,ltd,,,2025-02-17,,2025-02-17,[81229, 81299],47 Felixstowe Court London England E16 2RR
DESIGN AS COOPERATION LIMITED,16280454,active,ltd,,,2025-02-27,,2025-02-27,[74100],Summit House London England WC1R 4QH
FASHION SVP LTD,16280800,active,ltd,,,2025-02-27,,2025-02-27,[82301],4 Albert Mews London England N4 3RD
RE:ENGAGED THE AGENCY LTD,16232155,active,ltd,,,2025-02-05,,2025-02-05,[73110],71-75 Shelton Street London England WC2H 9JQ
LA SIESTA TAPAS BAR LTD,16267789,active,ltd,,,2025-02-21,,2025-02-21,[56101, 56102, 56290],38 Parkway Camden Town United Kingdom NW1 7AH
YOUMA HOLDING LIMITED,16273440,active,ltd,,,2025-02-24,,2025-02-24,[66190],Apartment 308 22 Enterprise Way London England SW18 1SE
SEZZY MART LTD,16227215,active,ltd,,,2025-02-04,,2025-02-04,[45112, 46420],415 Grove Green Road London England E11 4AA
PHYSICIAN RHEUMATOLOGY LTD,16268761,active,ltd,,,2025-02-21,,2025-02-21,[86220],71-75 Shelton Street London England WC2H 9JQ
REBECCA ABIGAIL HOLDINGS LIMITED,16268760,active,ltd,,,2025-02-21,,2025-02-21,[64209],73 Cornhill London England EC3V 3QQ
INTERNATIONAL GOODS EXCHANGE LTD,16268826,active,ltd,,,2025-02-21,,2025-02-21,[46499],7 Farmilo Road London England E17 8JL
LANDD BUILD LIMITED,16240148,active,ltd,,,2025-02-10,,2025-02-10,[41202],79 Nether Street London United Kingdom N12 7NP
CODE CRAFT LTD,16269274,active,ltd,,,2025-02-21,,2025-02-21,[62011, 62012],71-75 Shelton Street London England WC2H 9JQ
AO & SONS PROPERTIES LTD,16269688,active,ltd,,,2025-02-22,,2025-02-22,[68100, 68209],22a Madeira Road London England SW16 2DF
KANELA LTD,16269738,active,ltd,,,2025-02-22,,2025-02-22,[46900],23 Dorchester Avenue London England N13 5DZ
RAYYAN TRADING LTD,16269873,active,ltd,,,2025-02-23,,2025-02-23,[47910],60 Vernon Road London United Kingdom E15 4DG
B HERITAGE LIMITED,16257413,active,ltd,,,2025-02-17,,2025-02-17,[68209],C/O Getground London England W6 0NB
ARTECHNOVA LTD,16258033,active,ltd,,,2025-02-17,,2025-02-17,[62012],71-75 Shelton Street London United Kingdom WC2H 9JQ
HOMHERO LTD,16256883,active,ltd,,,2025-02-17,,2025-02-17,[62012],20 Wenlock Road London England N1 7GU
HORIZON HOMESTAYS LTD,16257513,active,ltd,,,2025-02-17,,2025-02-17,[68209, 68320],71-75 Shelton Street London United Kingdom WC2H 9JQ
JOYFUL ELEPHANT COLLECTIONS LIMITED,16257063,active,ltd,,,2025-02-17,,2025-02-17,[17230, 47910, 90030],167-169 Great Portland Street London England W1W 5PF
CONORS TRADING HUB LTD,16257873,active,ltd,,,2025-02-17,,2025-02-17,[66300],3rd Floor, 86-90 Paul Street London England EC2A 4NE
AMARA PROJECTS LIMITED,16258063,active,ltd,,,2025-02-17,,2025-02-17,[41202],97 Judd Street London England WC1H 9JG
SOUTHERN COMFORT PROPERTY LIMITED,16258703,active,ltd,,,2025-02-18,,2025-02-18,[68100, 68209],10-12 Barnes High Street London United Kingdom SW13 9LW
UK TRASH LIMITED,16258774,active,ltd,,,2025-02-18,,2025-02-18,[99999],45 Albemarle Street 3rd Floor London United Kingdom W1S 4JL
AIRYCLEAN LTD,16257901,active,ltd,,,2025-02-17,,2025-02-17,[81299],20 Wenlock Road London England N1 7GU
INNOCLAIM LIMITED,16257811,active,ltd,,,2025-02-17,,2025-02-17,[69203],Greenside House London United Kingdom N22 7DE
BELONG PROPERTIES LTD,16257111,active,ltd,,,2025-02-17,,2025-02-17,[68209],44 Watford Close, Battersea London United Kingdom SW11 4QT
LM PLANNING LTD,16258561,active,ltd,,,2025-02-18,,2025-02-18,[71112],20 Campdale Road London United Kingdom N7 0EB
SAMSA PRODUCTIONS LTD,16257751,active,ltd,,,2025-02-17,,2025-02-17,[59111],215-221 Borough High Street London England SE1 1JA
RENDLESHAM PROPERTIES LTD,16258761,active,ltd,,,2025-02-18,,2025-02-18,[68100],162 Osbaldeston Road London England N16 6NJ
AL.XAN LTD,16257711,active,ltd,,,2025-02-17,,2025-02-17,[96090],71-75 Shelton Street London United Kingdom WC2H 9JQ
CHERRY TREE RESOURCE SOLUTIONS LTD,16256755,active,ltd,,,2025-02-17,,2025-02-17,[78300],20 Wenlock Road London England N1 7GU
TASTE PREP LIMITED,16256965,active,ltd,,,2025-02-17,,2025-02-17,[56290],International House London United Kingdom WC1X 9LP
ONLINE DIGITAL LTD,16257175,active,ltd,,,2025-02-17,,2025-02-17,[47910, 47990],128 City Road London United Kingdom EC1V 2NX
SHILLMORE LIMITED,16257365,active,ltd,,,2025-02-17,,2025-02-17,[68209],147 Stamford Hill London England N16 5LG
YELLOW CHILLIES FUSION LIMITED,16258755,active,ltd,,,2025-02-18,,2025-02-18,[56101, 56290],85 Great Portland Street London England W1W 7LT
UKSG HOMES LTD,16257512,active,ltd,,,2025-02-17,,2025-02-17,[68100],20 Wenlock Road London England N1 7GU
TRADING GLOW LTD,16257562,active,ltd,,,2025-02-17,,2025-02-17,[46380, 56290],71-75 Shelton Street London United Kingdom WC2H 9JQ
BEAUTY BY NA LTD,16258862,active,ltd,,,2025-02-18,,2025-02-18,[96020],Unit G2 Clifton Trade Centre London England E1 5NF
MEETRECYCLERS LTD,16257762,active,ltd,,,2025-02-17,,2025-02-17,[63120, 63990, 78109, 94990],71-75 Shelton Street London United Kingdom WC2H 9JQ
PAWS POWERS LTD,16257122,active,ltd,,,2025-02-17,,2025-02-17,[47760],3rd Floor, 86-90 Paul Street London United Kingdom EC2A 4NE
WATAN GROUP LTD,16257752,active,ltd,,,2025-02-17,,2025-02-17,[68100, 68209],Suite 103c, First Floor City Gate House London England E7 9HZ
JMS CONSULTING (NOTTINGHAM) LTD,16257592,active,ltd,,,2025-02-17,,2025-02-17,[74902],71-75 Shelton Street London United Kingdom WC2H 9JQ
R I S ENTERPRISE LTD,16270660,active,ltd,,,2025-02-24,,2025-02-24,[69109],28a London Road Sevenoaks England TN13 2DE
GG-186-812 LIMITED,16257352,active,ltd,,,2025-02-17,,2025-02-17,[68209],C/O Getground London England W6 0NB
46 GLOUCESTER LTD,16258502,active,ltd,,,2025-02-18,,2025-02-18,[69109],71-75 Shelton Street London United Kingdom WC2H 9JQ
QAN INVESTMENTS LIMITED,16258103,active,ltd,,,2025-02-17,,2025-02-17,[64209, 68209],10 College Close Harrow England HA3 7BZ
KARAKERS TRADING LTD,16257403,active,ltd,,,2025-02-17,,2025-02-17,[43999, 46630],71-75 Shelton Street London United Kingdom WC2H 9JQ
SUE SUMMERS PRODUCTIONS LTD,16258683,active,ltd,,,2025-02-18,,2025-02-18,[59113],Nutley Cottage London England NW3 5BX
PROCON-RECRUITMENT LTD,16258333,active,ltd,,,2025-02-17,,2025-02-17,[78300],124-128 City Road London England EC1V 2NX
AMD LONDON LTD,16257923,active,ltd,,,2025-02-17,,2025-02-17,[41202],36a Wood Lane London England NW9 7NS
PEONY ENTERPRISES LIMITED,16258553,active,ltd,,,2025-02-18,,2025-02-18,[90030],71-75 Shelton Street London United Kingdom WC2H 9JQ
STEREN INVESTMENTS LTD,16259025,active,ltd,,,2025-02-18,,2025-02-18,[68209],115 Craven Park Road London England N15 6BL
CZK MEDIA LTD,16258015,active,ltd,,,2025-02-17,,2025-02-17,[73120],86 Sydney Street London England SW3 6NJ
CREED REAL ESTATE LTD,16258505,active,ltd,,,2025-02-18,,2025-02-18,[68310],Flat 39 Chancellors Court London United Kingdom WC1N 3JP
AWESOMENESS STRATEGY LIMITED,16257055,active,ltd,,,2025-02-17,,2025-02-17,[73110],17 Beaumont Court Sutton Lane North London England W4 4LE
ASCEND GLOBAL LTD,16257404,active,ltd,,,2025-02-17,,2025-02-17,[68100, 68209, 68310, 68320],483 Green Lanes London England N13 4BS
GLENISLA INTERNATIONAL CONSULTING LTD,16257314,active,ltd,,,2025-02-17,,2025-02-17,[46190, 70229, 78109, 78300],71-75 Shelton Street London United Kingdom WC2H 9JQ
ARRA INTERIORS LTD,16271986,active,ltd,,,2025-02-24,,2025-02-24,[74100],41 Willesden Lane London England NW6 7RF
STRATBRIDGE ADVISORS LTD,16271993,active,ltd,,,2025-02-24,,2025-02-24,[70229],3rd Floor, 86-90 Paul Street London United Kingdom EC2A 4NE
BRONDESBURY MANAGEMENT LIMITED,16272269,active,ltd,,,2025-02-24,,2025-02-24,[96090],122 Hanover Road London United Kingdom NW10 3DP
JMJ EXPRESS LIMITED,16272582,active,ltd,,,2025-02-24,,2025-02-24,[56103],180 Rowan Road London England SW16 5HX
BLUMING HOUSING LIMITED,16272603,active,ltd,,,2025-02-24,,2025-02-24,[68209],96 Forburg Road London England N16 6HT
LARCIANO AYURVEDA LIMITED,16273176,active,ltd,,,2025-02-24,,2025-02-24,[55100, 68201, 68310],9 Seagrave Road London England SW6 1RP
FARFAR LOGISTICS LIMITED,16273297,active,ltd,,,2025-02-24,,2025-02-24,[47540, 47760, 86900, 96020],3 Sauls Green London England E11 3PZ
THIRTY6 LAUNDRY SERVICES LTD,16273382,active,ltd,,,2025-02-24,,2025-02-24,[96010],23a Dudden Hill Lane London England NW10 2ET
GG-636-815 LIMITED,16273599,active,ltd,,,2025-02-25,,2025-02-25,[68209],C/O Getground London England W6 0NB
TERENCEKINGPROPERTY LIMITED,16273836,active,ltd,,,2025-02-25,,2025-02-25,[68100, 68209],Flat 1, 36 Angles Road London United Kingdom SW16 2UR
UNIQUE NESTS LTD,16274076,active,ltd,,,2025-02-25,,2025-02-25,[55100, 68100, 68209],71-75 Shelton Street London United Kingdom WC2H 9JQ
VIRALECT LIMITED,16274185,active,ltd,,,2025-02-25,,2025-02-25,[90030],55 Loudoun Road St. John's Wood London United Kingdom NW8 0DL
CLACHNA HOTELS LTD,16274378,active,ltd,,,2025-02-25,,2025-02-25,[55100],20 Wenlock Road London England N1 7GU
SHRI RAMA CONSTRUCTION LTD,16274360,active,ltd,,,2025-02-25,,2025-02-25,[41201, 41202],59  Bucknall House Atherton Place Harrow England HA2 6QH
SHOLDCO SPV 3 LIMITED,16274342,active,ltd,,,2025-02-25,,2025-02-25,[64205],3rd Floor 22 Old Bond Street London England W1S 4PY
GOLDENFLOW LTD,16274953,active,ltd,,,2025-02-25,,2025-02-25,[68100],17 Ashtead Road London United Kingdom E5 9BJ
MHB PROPERTY SOLUTIONS LTD,16274946,active,ltd,,,2025-02-25,,2025-02-25,[43210, 43220, 43999, 81100],441 High Road London United Kingdom NW10 2JJ
GAZIT ELY PLACE LIMITED,16274933,active,ltd,,,2025-02-25,,2025-02-25,[82990],Lynton House London United Kingdom WC1H 9BQ
FMP GLO LTD,16275195,active,ltd,,,2025-02-25,,2025-02-25,[82110],25 Houndsden Road London England N21 1LU
BRAZEN ELDER LTD,16275196,active,ltd,,,2025-02-25,,2025-02-25,[56102],11 Creffield Road London England W5 3HP
TRUE CARE HANDS LIMITED,16275149,active,ltd,,,2025-02-25,,2025-02-25,[87300, 87900],91 Fieldgate Street London England E1 1JU
MARQUISE DIGITAL LIMITED,16275142,active,ltd,,,2025-02-25,,2025-02-25,[62020, 62090],71-75 Shelton Street London United Kingdom WC2H 9JQ
SUNRISE CLOTHING LTD,16275191,active,ltd,,,2025-02-25,,2025-02-25,[47710],20 Buckler Gardens London England SE9 3BD
BOIFUSION NETWORK HOLDINGS LIMITED,16275159,active,ltd,,,2025-02-25,,2025-02-25,[59132, 73120],Suite 126 Westlink House London United Kingdom TW8 9DN
DECO ECHO LTD,16275624,active,ltd,,,2025-02-25,,2025-02-25,[47530],124 City Road London England EC1V 2NX
ROCKLANDS ESTATES LIMITED,16275665,active,ltd,,,2025-02-25,,2025-02-25,[68100, 68209],74 Moundfield Road London England N16 6TB
QR BECKENHAM LTD,16276316,active,ltd,,,2025-02-25,,2025-02-25,[68100, 68209],180 Perry Vale London England SE23 2LR
DIGITAL DATA CORE LTD,16276311,active,ltd,,,2025-02-25,,2025-02-25,[85600],309 Hoe Street Walthamstow London United Kingdom E17 9BG
THE BAPTISTA FAMILY LTD,16269209,active,ltd,,,2025-02-21,,2025-02-21,[10840],Flat 10 Higginson House London England NW3 3LY
ZEKROM LTD,16269258,active,ltd,,,2025-02-21,,2025-02-21,[70229],59 Dornton Road London United Kingdom SW12 9NF
MAK 1 INVESTMENTS LTD,16269262,active,ltd,,,2025-02-21,,2025-02-21,[68100, 68201, 68209, 68320],1 Empire Mews London United Kingdom SW16 2BF
BEE IMPACT LTD,16269385,active,ltd,,,2025-02-21,,2025-02-21,[70229],70 Moyser Road London England SW16 6SQ
MOREREE TECH LIMITED,16269452,active,ltd,,,2025-02-21,,2025-02-21,[47910],29787 Office Suite 29a, 3/F., 23 Wharf Street London England SE8 3GG
GOT VICTORY LIMITED,16269454,active,ltd,,,2025-02-21,,2025-02-21,[47910],29496 Office Suite 29a, 3/F., 23 Wharf Street London England SE8 3GG
MATERIA STUDIOS LTD,16269469,active,ltd,,,2025-02-22,,2025-02-22,[90030],107 Kennedy Road London England W7 1JW
BLEEDIN RAPID LTD,16269558,active,ltd,,,2025-02-22,,2025-02-22,[47990],12 Gloucester Square London England E2 8RS
PROPVEN LIMITED,16270404,active,ltd,,,2025-02-24,,2025-02-24,[68320],42 Newcombe Park London United Kingdom NW7 3QL
STAR EDUCATION LANGUAGE TRAINING AND TUTORS LIMITED,16270493,active,ltd,,,2025-02-24,,2025-02-24,[85520],40-44 Bark Place London United Kingdom W2 4AT
CREATRICE LTD,16257479,active,ltd,,,2025-02-17,,2025-02-17,[47710],20 Wenlock Road London England N1 7GU
MN HOMES SUB LIMITED,16258239,active,ltd,,,2025-02-17,,2025-02-17,[68100],116 Bethune Road London England N16 5DU
SEF GLOBAL LIMITED,16258799,active,ltd,,,2025-02-18,,2025-02-18,[47910],71-75 Shelton Street London United Kingdom WC2H 9JQ
HORIZON TALENT GROUP LTD,16257269,active,ltd,,,2025-02-17,,2025-02-17,[78200],128 City Road London United Kingdom EC1V 2NX
CTS SECURITY SOLUTIONS LTD,16258139,active,ltd,,,2025-02-17,,2025-02-17,[70229, 80100, 80200],3rd Floor, 86-90 Paul Street London England EC2A 4NE
ADS CARAVAN SERVICES LTD,16257809,active,ltd,,,2025-02-17,,2025-02-17,[45200],Pi House Gloucester United Kingdom GL1 3NU
ME&REY TECHNOLOGIES LTD,16258839,active,ltd,,,2025-02-18,,2025-02-18,[62090],48 Rasons London England W12 8AD
READSREADS LTD,16258009,active,ltd,,,2025-02-17,,2025-02-17,[74209, 90030],2-4 Southgate Road London United Kingdom N1 3JJ
KSP (MELKSHAM) LIMITED,16257779,active,ltd,,,2025-02-17,,2025-02-17,[41100, 68209, 68320],73 Cornhill London United Kingdom EC3V 3QQ
CYBERSHIELD AUDITS LTD,16270720,active,ltd,,,2025-02-24,,2025-02-24,[62020],2nd Floor College House Ruislip, United Kingdom HA4 7AE
PINETICS LIMITED,16235924,active,ltd,,,2025-02-07,,2025-02-07,[71122, 71129, 72190, 74909],52 Hopton House 23 Green Street London England NW10 6FQ
BRIGHTEST MINDS LTD,16271200,active,ltd,,,2025-02-24,,2025-02-24,[85600],85 Great Portland Street London United Kingdom W1W 7LT
MARBAC DESIGN LIMITED,16271201,active,ltd,,,2025-02-24,,2025-02-24,[41202],Flat 9 50 Marylebone Lane London England W1U 2AD
LUXE RENTAL & HIRE LTD,16271202,active,ltd,,,2025-02-24,,2025-02-24,[77110],Flat 59 Hackworth Point London England E3 3QA
MATEI CONSTRUCTION MANAGEMENT LIMITED,16271236,active,ltd,,,2025-02-24,,2025-02-24,[41202],Flat 3 204a High Road Leytonstone London England E11 3HU
BEE360 SERVICES LTD,16271676,active,ltd,,,2025-02-24,,2025-02-24,[62012, 70229],10 John Street London United Kingdom WC1N 2EB
TAYLORED FILMS LIMITED,16271955,active,ltd,,,2025-02-24,,2025-02-24,[82990],27 Mortimer Street London England W1T 3BL
REAL PERI PERI PIZZA & KEBAB LTD,16272090,active,ltd,,,2025-02-24,,2025-02-24,[56103],6 Aldermans Hill London England N13 4PJ
CIIC GEN LTD,16272093,active,ltd,,,2025-02-24,,2025-02-24,[68100, 68209, 68320],141 Cumberland Road London England E13 8LS
DLG EMPIRE LTD,16272116,active,ltd,,,2025-02-24,,2025-02-24,[68100],143 Studdridge Street London United Kingdom SW6 3TD
RIDGEWAY HOME RENTALS LIMITED,16272462,active,ltd,,,2025-02-24,,2025-02-24,[68100, 68209, 68320],The Profile West Brentford England TW8 9ES
A&A ROOFING SOLUTIONS LTD,16272830,active,ltd,,,2025-02-24,,2025-02-24,[43910],70 Bounces Road London England N9 8JS
LUMINEXIS LTD,16273131,active,ltd,,,2025-02-24,,2025-02-24,[47910],71-75 Shelton Street London United Kingdom WC2H 9JQ
PLAE STUDIO LTD,16273192,active,ltd,,,2025-02-24,,2025-02-24,[74100],124 City Road London England EC1V 2NX
SHIELD&SHINE LTD,16273338,active,ltd,,,2025-02-24,,2025-02-24,[81229],3rd Floor, 86-90 Paul Street London United Kingdom EC2A 4NE
LIVEMORE FUNDING 25-1 LIMITED,16273676,active,ltd,,,2025-02-25,,2025-02-25,[64999],Threeways House London England W1W 5DW
DENAMO LTD,16274113,active,ltd,,,2025-02-25,,2025-02-25,[45200, 71129, 96090],71-75 Shelton Street London United Kingdom WC2H 9JQ
MANASPLAINING LTD,16274478,active,ltd,,,2025-02-25,,2025-02-25,[59112],20 Wenlock Road London England N1 7GU
AY STRATEGY UK LEGAL CONSULTING LTD,16274446,active,ltd,,,2025-02-25,,2025-02-25,[62020, 69109],Mailbox 275 New N Rd London United Kingdom N1 7AA
CBR CONTRACTING LIMITED,16274907,active,ltd,,,2025-02-25,,2025-02-25,[42110, 42130, 42990, 43999],4th Floor Office London England W1B 4HB
PYJAMA PRODUCTIONS LIMITED,16274870,active,ltd,,,2025-02-25,,2025-02-25,[70229, 82302],4th Floor 4 Tabernacle Street London United Kingdom EC2A 4LU
TECH WEAVERS LIMITED,16274876,active,ltd,,,2025-02-25,,2025-02-25,[62090, 80200],7 Middlesex Street London England E1 7AA
ALFRESCO KITCHENS GLOBAL LTD,16274896,active,ltd,,,2025-02-25,,2025-02-25,[47190],540 Chiswick High Road London England W4 5RG
BESPOKE STEEL DOORS LTD,16275303,active,ltd,,,2025-02-25,,2025-02-25,[47520],First Floor Winston House London United Kingdom N3 1DH
GLOBAL TRENDS FORECASTER LTD,16275758,active,ltd,,,2025-02-25,,2025-02-25,[70229, 79120, 90020],85 Great Portland Street London England W1W 7LT
UNITUM LIVING LTD,16275784,active,ltd,,,2025-02-25,,2025-02-25,[68209, 98000],37 Trinity Road London England SW17 7SD
TRACEY CLIFFE LIMITED,16275771,active,ltd,,,2025-02-25,,2025-02-25,[74100],5 Brayford Square London England E1 0SG
GETPREPPT LIMITED,16275956,active,ltd,,,2025-02-25,,2025-02-25,[71129],Flat 7, 3, Cornelia House London United Kingdom NW9 4DU
HAIRSCHI LIMITED,16275958,active,ltd,,,2025-02-25,,2025-02-25,[96020],Flat 1 Peters Court London England W2 5DR
RIYAURA REALTY LTD,16276379,active,ltd,,,2025-02-25,,2025-02-25,[68209, 68310, 68320],3rd Floor, 86-90 Paul Street London England EC2A 4NE
CLARITYWORKS CONSULTING LTD,16276734,active,ltd,,,2025-02-25,,2025-02-25,[70229, 73120],2b Tranmere Road London England SW18 3QQ
AMANDA BAINES COACHING LIMITED,16276738,active,ltd,,,2025-02-25,,2025-02-25,[70229],10 Lancaster Grove London England NW3 4NX
D2 EQUITY LIMITED,16244966,active,ltd,,,2025-02-11,,2025-02-11,[64209],Ground Floor Portsoken House London England EC3N 1LJ
OSTERLEY SUSHI LTD,16268477,active,ltd,,,2025-02-21,,2025-02-21,[56103],Flat 3 37 Park Avenue London United Kingdom NW2 5AN
DISCOVER DENTAL SUPPLIES LIMITED,16268482,active,ltd,,,2025-02-21,,2025-02-21,[33190, 43390, 47749, 74100],4th Floor 4 Tabernacle Street London United Kingdom EC2A 4LU
FIFI & RY LTD,16268483,active,ltd,,,2025-02-21,,2025-02-21,[47910],7 Sharon Gardens London England E9 7RX
GSG ESTATES LIMITED,16268228,active,ltd,,,2025-02-21,,2025-02-21,[68209],128 City Road London United Kingdom EC1V 2NX
ASYA YACHTING LIMITED,16268229,active,ltd,,,2025-02-21,,2025-02-21,[99999],Third Floor London England W1B 3HH
ELOVATEBOOST LTD,16268298,active,ltd,,,2025-02-21,,2025-02-21,[96090],Taplow Flat 13 Adelaide Road London United Kingdom NW3 3NY
AM DIGITAL MEDIA LTD,16268039,active,ltd,,,2025-02-21,,2025-02-21,[82990],818 Seven Sisters Road London United Kingdom N15 5NU
PITCH AERIAL IMAGERY LTD,16268447,active,ltd,,,2025-02-21,,2025-02-21,[74202],3rd Floor, 86-90 Paul Street London United Kingdom EC2A 4NE
PAIL & CO LTD,16268714,active,ltd,,,2025-02-21,,2025-02-21,[58290, 62012],86-90 Paul Street London England EC2A 4NE
WRIGHT MOTOR LOGISTICS LTD,16269702,active,ltd,,,2025-02-22,,2025-02-22,[49410],2 Crown Cottages Bagshot England GU19 5EX
ROOTED AND RISING LTD,16270149,active,ltd,,,2025-02-23,,2025-02-23,[70229],17 Fountains Crescent London United Kingdom N14 6BG
UK MOTO ASSIST LTD,16270361,active,ltd,,,2025-02-24,,2025-02-24,[45200],28a London Road Sevenoaks England TN13 2DE
MATTER HUB LIMITED,16270560,active,ltd,,,2025-02-24,,2025-02-24,[78109],Crown House London United Kingdom WC1N 3AX
JASPER AND JUTE LIMITED,16270601,active,ltd,,,2025-02-24,,2025-02-24,[47910],61a New Kings Road London England SW6 4SE
PINECREST LEGAL SERVICES LIMITED,16270840,active,ltd,,,2025-02-24,,2025-02-24,[69102],2nd Floor College House Ruislip, United Kingdom HA4 7AE
MI TRADING LTD,16270871,active,ltd,,,2025-02-24,,2025-02-24,[47910],20 Wenlock Road London England N1 7GU
FIXAFAULT ELECTRICAL LIMITED,16271055,active,ltd,,,2025-02-24,,2025-02-24,[43210],1349/1353 London Road Leigh-On-Sea United Kingdom SS9 2AB
DAY30 LTD,16271467,active,ltd,,,2025-02-24,,2025-02-24,[62020, 63110, 73110],71-75 Shelton Street London United Kingdom WC2H 9JQ
LOCAL NCC LTD.,16271457,active,ltd,,,2025-02-24,,2025-02-24,[61200, 61900],71-75 Shelton Street London United Kingdom WC2H 9JQ
THE RUDAI LTD,16271752,active,ltd,,,2025-02-24,,2025-02-24,[46420, 46480, 47610, 47650],29-30 The Old Truman Brewery 91 Brick Lane London England E1 6QL
SECIM BUILDING SERVICES LTD,16271731,active,ltd,,,2025-02-24,,2025-02-24,[41201],103 Arcadian Gardens London England N22 5AE
AKODERA LTD,16272314,active,ltd,,,2025-02-24,,2025-02-24,[86210, 86220],Flat 9 Rye House London England NW7 1LE
FAIRLIE HEALTHCARE GROUP LIMITED,16272306,active,ltd,,,2025-02-24,,2025-02-24,[87100],Fairlie House 2-4 Uffington Road London England SE27 0RW
GROUP DEP  UK LTD,16272736,active,ltd,,,2025-02-24,,2025-02-24,[63990, 68209, 74100, 81300],128 City Road London United Kingdom EC1V 2NX
MIZZZ P HOMES LIMITED,16273011,active,ltd,,,2025-02-24,,2025-02-24,[68209],Lymore Villa, 162a London Road Newcastle Under Lyme United Kingdom ST5 7JB
FALSE SOFTWARE LTD,16272978,active,ltd,,,2025-02-24,,2025-02-24,[62012],Flat 202 Marden House 4 Batty Street London England E1 1RH
SWANGRACE LTD,16272999,active,ltd,,,2025-02-24,,2025-02-24,[96020],Flat 28 Quassia House London England NW9 4EE
APG44 LTD,16273385,active,ltd,,,2025-02-24,,2025-02-24,[68100, 68209, 68310, 68320],23a Dudden Hill Lane London England NW10 2ET
HAEMATOLOGY LIMITED,16273476,active,ltd,,,2025-02-24,,2025-02-24,[86220],8b Accommodation Road London United Kingdom NW11 8ED
NIYA ELECTRICAL LTD,16273708,active,ltd,,,2025-02-25,,2025-02-25,[43210],39 Rugby Road London England NW9 9LA
SAND PACK UK LTD,16273956,active,ltd,,,2025-02-25,,2025-02-25,[68100, 68209],23a Dudden Hill Lane London United Kingdom NW10 2ET
THESTYLEGO LTD,16274170,active,ltd,,,2025-02-25,,2025-02-25,[46900, 47910],Office 11675 182-184 High Street North London United Kingdom E6 2JA
CUROX THERAPEUTIC LIMITED,16274758,active,ltd,,,2025-02-25,,2025-02-25,[21200, 72110],Flat 65 Daley House London England W12 0UE
AGENCE SURYA LTD,16275738,active,ltd,,,2025-02-25,,2025-02-25,[62090, 70229, 73110],Dept 5394, 196 High Road London United Kingdom N22 8HH
BROMLEY CAR SALES & SERVICES LTD,16275731,active,ltd,,,2025-02-25,,2025-02-25,[45112, 45200],105 Thornsbeach Road Catford United Kingdom SE6 1EY
SIVRI LTD,16276120,active,ltd,,,2025-02-25,,2025-02-25,[47910, 70229],4 Raven Road, Unit 1c3-662 London United Kingdom E18 1HB
MOISSANITE BY AA LTD,16276349,active,ltd,,,2025-02-25,,2025-02-25,[47910],3rd Floor, 86-90 Paul Street London England EC2A 4NE
CAFE SHIRAZ LTD,16276498,active,ltd,,,2025-02-25,,2025-02-25,[56102, 56103, 56210, 56290],71-75 Shelton Street London United Kingdom WC2H 9JQ
AGILITY MIDCO LIMITED,16268258,active,ltd,,,2025-02-21,,2025-02-21,[64209],30 Broadwick Street London United Kingdom W1F 8JB
MIXASTIX LIMITED,16268568,active,ltd,,,2025-02-21,,2025-02-21,[74100],71-75 Shelton Street London United Kingdom WC2H 9JQ
KAT BLAIR PUBLICITY LTD,16268977,active,ltd,,,2025-02-21,,2025-02-21,[70210],27 Mortimer Street London United Kingdom W1T 3BL
ELARIS LTD,16269353,active,ltd,,,2025-02-21,,2025-02-21,[68209, 68320],40 Hanbury Street London England E1 5JL
BEAUCHAMP NAIL BAR LIMITED,16269926,active,ltd,,,2025-02-23,,2025-02-23,[96020],Flat 6 78 Shooters Hill Road London England SE3 7BQ
BENTEK INTERNATIONAL LIMITED,16256830,active,ltd,,,2025-02-17,,2025-02-17,[82990],66 Haines House 10 Charles Clowes Walk London England SW11 7AH
CR SPALDING HS LIMITED,16257570,active,ltd,,,2025-02-17,,2025-02-17,[70221],33 Cavendish Square London United Kingdom W1G 0PW
MERCY’S HABESHA SHOP LIMITED,16258140,active,ltd,,,2025-02-17,,2025-02-17,[46190],19 Craven Park Road London England NW10 8SE
KSP (RUGELEY) LIMITED,16257800,active,ltd,,,2025-02-17,,2025-02-17,[41100, 68209, 68320],73 Cornhill London United Kingdom EC3V 3QQ
EDGEFLOW LIMITED,16257750,active,ltd,,,2025-02-17,,2025-02-17,[62012],27 Old Gloucester Street London United Kingdom WC1N 3AX
CHERRY ORCHID HOUSING LTD,16270652,active,ltd,,,2025-02-24,,2025-02-24,[41100, 68100, 70229],Unit 2 5 Baldwin Street London England EC1V 9NU
ELLA MOON LIMITED,16258510,active,ltd,,,2025-02-18,,2025-02-18,[56290],Bolsover House 5-6 Clipstone Street London England W1W 6BB
DENMARK MANAGEMENT LTD,16258940,active,ltd,,,2025-02-18,,2025-02-18,[90020, 90040],20 Denmark Street London United Kingdom WC2H 8NE
VIMAL RETAIL LTD,16258150,active,ltd,,,2025-02-17,,2025-02-17,[47110],337 Stanstead Road London England SE6 4UE
KRUGER PROPERTY SERVICES LIMITED,16257371,active,ltd,,,2025-02-17,,2025-02-17,[68209],C/O Getground London England W6 0NB
1619 SUSHI LTD,16257881,active,ltd,,,2025-02-17,,2025-02-17,[56290],20 Wenlock Road London England N1 7GU
EVERYTHING EARS LTD,16256941,active,ltd,,,2025-02-17,,2025-02-17,[86220],International House London United Kingdom SW11 5RQ
ZIGI DRIVING LTD,16257531,active,ltd,,,2025-02-17,,2025-02-17,[49320],419 Mitcham Road London England CR0 3HQ
WESTMINSTER TA 1 LTD,16257681,active,ltd,,,2025-02-17,,2025-02-17,[99999],Westminster City Council London United Kingdom SW1E 6QP
PENGCHENG KITCHENWARE UK LTD,16271102,active,ltd,,,2025-02-24,,2025-02-24,[46150],The Haydon London United Kingdom EC3N 1BL
G HOBSON ELECTRICAL LTD,16271134,active,ltd,,,2025-02-24,,2025-02-24,[43210],1 Clifton Road Welling United Kingdom DA16 1QB
MAD CREATIONS LIMITED,16271124,active,ltd,,,2025-02-24,,2025-02-24,[46150, 46190, 47890, 47910],128 City Road London United Kingdom EC1V 2NX
TAURUS HOSPITALITY LIMITED,16271112,active,ltd,,,2025-02-24,,2025-02-24,[56101, 56103, 56210],International House 66 London United Kingdom SW11 5RQ
JON CLEMENTS DIRECTOR LTD,16271934,active,ltd,,,2025-02-24,,2025-02-24,[90030],55 Hillcrest Road London England E17 4AP
THE SPEECH INTERNATIONAL LIMITED,16272173,active,ltd,,,2025-02-24,,2025-02-24,[73120],Suite 200i Cumberland House London United Kingdom NW10 6RF
BIM+ MOORE LTD,16272159,active,ltd,,,2025-02-24,,2025-02-24,[74909],20 Wenlock Road London England N1 7GU
VENTURE KEY LTD,16272634,active,ltd,,,2025-02-24,,2025-02-24,[70210, 70229],124 City Road London United Kingdom EC1V 2NX
PURE PROPERTY MR LTD,16272640,active,ltd,,,2025-02-24,,2025-02-24,[68320],128 City Road London United Kingdom EC1V 2NX
LANCASTER DEVELOPMENTS LTD,16272931,active,ltd,,,2025-02-24,,2025-02-24,[68209],662 High Road London England N12 0NL
CTF COMMERCIALS LTD,16272947,active,ltd,,,2025-02-24,,2025-02-24,[68100, 68209],Level 5a Maple House London United Kingdom W1T 7NF
2CRANES LIMITED,16273407,active,ltd,,,2025-02-24,,2025-02-24,[64306, 68100, 68209],Unit 1 4-14 Spurstowe Terrace London England E8 1LT
CAKEDROP GROUP LIMITED,16273409,active,ltd,,,2025-02-24,,2025-02-24,[10710],124-128 City Road London England EC1V 2NX
ESSELL GROUP LTD,16242872,active,ltd,,,2025-02-10,,2025-02-10,[82990],Office One, 1 London England EC1R 5HL
SARDO PIZZA LIMITED,16273959,active,ltd,,,2025-02-25,,2025-02-25,[56103],7 Fortis Green Road London United Kingdom N10 3HP
THE MINISTRY GROUP ELEVATION LTD,16273971,active,ltd,,,2025-02-25,,2025-02-25,[70229],3rd Floor, 86-90 Paul Street London United Kingdom EC2A 4NE
PAMCHAL LTD,16274968,active,ltd,,,2025-02-25,,2025-02-25,[56102],370 Upper Richmond Road West London England SW14 7JU
AMEEN INTERPRISE LTD,16275501,active,ltd,,,2025-02-25,,2025-02-25,[47910],30 Pennard Road London United Kingdom W12 8DS
FOOTISH FUN LTD,16275938,active,ltd,,,2025-02-25,,2025-02-25,[62090, 68100],20 Wenlock Road London England N1 7GU
JOE'S BAKERY AND BREAKFAST LTD,16261126,active,ltd,,,2025-02-18,,2025-02-18,[56102],299 Lea Bridge Road London England E10 7NE
KWESTER LTD,16275992,active,ltd,,,2025-02-25,,2025-02-25,[68320],1259 London Road Leigh-On-Sea England SS9 2AF
THE SHARED US LTD,16276280,active,ltd,,,2025-02-25,,2025-02-25,[47910],21 Knightsbridge London England SW1X 7LY
NEWBRIDGE HOMES LTD,16276673,active,ltd,,,2025-02-25,,2025-02-25,[41100, 41201, 41202],3rd Floor, 86-90 Paul Street London England EC2A 4NE
SBMF LTD,16269068,active,ltd,,,2025-02-21,,2025-02-21,[47910, 62090, 73110, 73120],71-75 Shelton Street London United Kingdom WC2H 9JQ
THE BLUE PEARL LONDON LTD,16269071,active,ltd,,,2025-02-21,,2025-02-21,[68100],338a Regents Park Road London United Kingdom N3 2LN
MODERN ART PROFESSIONALS LIMITED,16269100,active,ltd,,,2025-02-21,,2025-02-21,[41201, 41202, 43341],C/O The Accountancy Partnership Suit 5 5th Floor City Reach London United Kingdom E14 9NN
BIS'MIL'LAAH LTD,16269118,active,ltd,,,2025-02-21,,2025-02-21,[49410],116 Juniper Crescent London England NW1 8HQ
BLUE SAPPHIRE SERVICES LTD,16269696,active,ltd,,,2025-02-22,,2025-02-22,[56210, 70229, 82990, 90030],3rd Floor, 86-90 Paul Street London England EC2A 4NE
JMA LIVING LIMITED,16269698,active,ltd,,,2025-02-22,,2025-02-22,[68209],7 Lambourn Road London England SW4 0LX
MALIK TELECOMS LTD,16269850,active,ltd,,,2025-02-23,,2025-02-23,[71129],Flat 1, Trevelyan House London United Kingdom E2 0PY
TSM VINCENT HOLDCO LTD,16270452,active,ltd,,,2025-02-24,,2025-02-24,[64209],Hondo Enterprises, 9 Newburgh Street London United Kingdom W1F 7RL
LIBERTY MUSIC DISTRIBUTION LIMITED,16270456,active,ltd,,,2025-02-24,,2025-02-24,[59200],2nd Floor Northumberland House London United Kingdom WC1V 7JZ
STARVLIN INVESTMENTS LTD,16259136,active,ltd,,,2025-02-18,,2025-02-18,[68209],115 Craven Park Road London England N15 6BL
NETWORK ONE LTD,16257446,active,ltd,,,2025-02-17,,2025-02-17,[96090],71-75 Shelton Street London United Kingdom WC2H 9JQ
MJ GLOBE LIMITED,16258326,active,ltd,,,2025-02-17,,2025-02-17,[46900],85 Great Portland Street London England W1W 7LT
INNOVOIE (UK) LTD,16258016,active,ltd,,,2025-02-17,,2025-02-17,[82990],Ground Floor London United Kingdom N2 0NL
ELAVIS PROPERTIES LTD,16257906,active,ltd,,,2025-02-17,,2025-02-17,[55209, 55900, 68201, 68209],128 City Road London United Kingdom EC1V 2NX
BUTLER HOMES LIMITED,16258416,active,ltd,,,2025-02-17,,2025-02-17,[68209],15 Lanercost Road London England SW2 3DP
INWAYS LIMITED,16258457,active,ltd,,,2025-02-18,,2025-02-18,[69202, 70229, 82990, 96090],164 Leigh Hunt Drive London England N14 6DQ
5 STAR WOMAN LTD,16257877,active,ltd,,,2025-02-17,,2025-02-17,[47910],190 Bounces Road London England N9 8LA
GET MAN AND VAN LTD,16257367,active,ltd,,,2025-02-17,,2025-02-17,[49420],2nd Floor College House Ruislip, United Kingdom HA4 7AE
SANTE COSMETICS LIMITED,16257057,active,ltd,,,2025-02-17,,2025-02-17,[47910],Silverstream House 45 Fitzroy Street London England W1T 6EB
HOTELS PORTFOLIO (BH) LTD,16257697,active,ltd,,,2025-02-17,,2025-02-17,[64209],Galla House 695 High Road London United Kingdom N12 0BT
BEEG  HOLDING LTD,16258577,active,ltd,,,2025-02-18,,2025-02-18,[64209],20 Wenlock Road London England N1 7GU
WILDER DIAMOND LIMITED,16256988,active,ltd,,,2025-02-17,,2025-02-17,[69102],Level, The Deck London United Kingdom W1F 0EQ
ELATION AGENCY LTD,16257168,active,ltd,,,2025-02-17,,2025-02-17,[47190, 47799],Flat 3 Park View Apartments London United Kingdom SE16 2DQ
INVARIANT SECURITY CONSULTING LTD,16257788,active,ltd,,,2025-02-17,,2025-02-17,[62020],3rd Floor, 86-90 Paul Street London United Kingdom EC2A 4NE
AUSTRAL STRATEGY LTD,16258727,active,ltd,,,2025-02-18,,2025-02-18,[62020, 70229, 71122],Flat 2 Cameron House London England NW8 6LR
HIGH PERFORMANCE INTERNATIONAL COACHING LIMITED,16258057,active,ltd,,,2025-02-17,,2025-02-17,[85600],25 Park Drive London England N21 2LU
NO NAME TRADING LIMITED,16258307,active,ltd,,,2025-02-17,,2025-02-17,[56210],9a Gressenhall Road London England SW18 1PQ
CARE CHOICE RECRUITMENT LIMITED,16257357,active,ltd,,,2025-02-17,,2025-02-17,[78109],71-75 Shelton Street London United Kingdom WC2H 9JQ
NOAM A LTD,16257318,active,ltd,,,2025-02-17,,2025-02-17,[64209],456 Oakleigh Road North London England N20 0RZ
INGATESTONE COMPANY LIMITED,16257488,active,ltd,,,2025-02-17,,2025-02-17,[68100, 70229],71-75 Shelton Street London United Kingdom WC2H 9JQ
WEST 11 AUTOS LTD,16257918,active,ltd,,,2025-02-17,,2025-02-17,[77110],128 City Road London United Kingdom EC1V 2NX
DARRACOURT LEGAL (UK) LIMITED,16257528,active,ltd,,,2025-02-17,,2025-02-17,[69102, 69109, 70210, 70229],71-75 Shelton Street London United Kingdom WC2H 9JQ
TRANSFORMATION WIZ LTD,16257498,active,ltd,,,2025-02-17,,2025-02-17,[70229, 82990],71-75 Shelton Street London United Kingdom WC2H 9JQ
HIGHER SOULS LIMITED,16257828,active,ltd,,,2025-02-17,,2025-02-17,[46342],4th Floor Tuition House 27-37 St George's Road London England SW19 4EU
VENTA HOLDINGS LIMITED,16258886,active,ltd,,,2025-02-18,,2025-02-18,[70229],71-75 Shelton Street London England WC2H 9JQ
ISLAMWOOD EDUCATION LTD,16256986,active,ltd,,,2025-02-17,,2025-02-17,[85520, 85590, 85600],128 City Road London United Kingdom EC1V 2NX
HOLDCO INVESTMENT HOLDINGS SPV LIMITED,16270667,active,ltd,,,2025-02-24,,2025-02-24,[64209],80 Coleman Street London England EC2R 5BJ
LIMITSIZ SOFT LTD,16258846,active,ltd,,,2025-02-18,,2025-02-18,[47910, 62012],71-75 Shelton Street London United Kingdom WC2H 9JQ
REPELE MATTIA LTD,16270678,active,ltd,,,2025-02-24,,2025-02-24,[79120, 79901],193 Bow Common Lane London United Kingdom E3 4JJ
CUIN LTD,16271712,active,ltd,,,2025-02-24,,2025-02-24,[62020, 62090],20 Wenlock Road London England N1 7GU
NINA BRAINCHILD LTD,16271715,active,ltd,,,2025-02-24,,2025-02-24,[84110],71-75 Shelton Street London England WC2H 9JQ
AI TIME LTD,16272013,active,ltd,,,2025-02-24,,2025-02-24,[82990],Avondale House 262 Uxbridge Road London England HA5 4HS
AMPERTHYST LTD,16272011,active,ltd,,,2025-02-24,,2025-02-24,[70229, 73120, 79909, 93199],5 Honeyman Close London England NW6 7AZ
GOLD CLOVER HOLDING LTD,16272002,active,ltd,,,2025-02-24,,2025-02-24,[99999],Dept 3760, 196 High Road London United Kingdom N22 8HH
2 POUND COTTAGE LTD,16272122,active,ltd,,,2025-02-24,,2025-02-24,[55209],44 Cowley Road London England SW14 8QB
ZENITH LEGAL LTD,16272144,active,ltd,,,2025-02-24,,2025-02-24,[69109, 70229],81 Clifton Court Biggerstaff Street London England N4 3PH
KCR ENGINEERING LTD,16272135,active,ltd,,,2025-02-24,,2025-02-24,[42990, 71122],124-128 City Road London England EC1V 2NX
NEWPRINTS DESIGN LTD,16272502,active,ltd,,,2025-02-24,,2025-02-24,[74100],29 Templeman Road London England W7 1AS
BILLIE'S TRIX LIMITED,16272857,active,ltd,,,2025-02-24,,2025-02-24,[90010],13 Cobbold Road London England W12 9LA
STUDIO SHEPEL LONDON LTD,16273069,active,ltd,,,2025-02-24,,2025-02-24,[74100],Unit 368b Chelsea Harbour London England SW10 0XE
MIZHU HOLDING LTD,16273251,active,ltd,,,2025-02-24,,2025-02-24,[68209],Flat 5 Havisham House London England SE16 4UY
RAYAN SWEETS LTD,16273253,active,ltd,,,2025-02-24,,2025-02-24,[56290],205 West Hendon Broadway London England NW9 7DE
OVERVIEW CONSULTANCY LTD,16273241,active,ltd,,,2025-02-24,,2025-02-24,[70229],167-169 Great Portland Street London United Kingdom W1W 5PF
CAVENEST PROPERTY LIMITED,16273572,active,ltd,,,2025-02-25,,2025-02-25,[68100, 68209, 68320],Flat B,  6 London England N5 2JD
CI UK MASTER HOLDINGS LIMITED,16274037,active,ltd,,,2025-02-25,,2025-02-25,[64209],72 Welbeck Street London United Kingdom W1G 0AY
SKILLSPHERE ACADEMY LTD,16274019,active,ltd,,,2025-02-25,,2025-02-25,[85590],86-90 Paul Street London England EC2A 4NE
HEALTHY IDEAS LTD,16274245,active,ltd,,,2025-02-25,,2025-02-25,[62020, 86900],115 Norwood High Street London England SE27 9JF
OPENWATER HOLDINGS LIMITED,16274515,active,ltd,,,2025-02-25,,2025-02-25,[64209],169 New London Road Chelmsford England CM2 0AE
CAMBRIA COLLAGE INTERNATIONAL LTD,16274547,active,ltd,,,2025-02-25,,2025-02-25,[85421, 85422, 85590, 85600],71-75 Shelton Street London United Kingdom WC2H 9JQ
BUKHARI TRADERS INTERNATIONAL LTD,16274486,active,ltd,,,2025-02-25,,2025-02-25,[45320],221 Longley Road London England SW17 9LG
FONTRADERS LTD,16275069,active,ltd,,,2025-02-25,,2025-02-25,[95210],71-75 Shelton Street London United Kingdom WC2H 9JQ
ZEFIRE LTD,16275081,active,ltd,,,2025-02-25,,2025-02-25,[32120, 47770, 95250],71-75 Shelton Street London United Kingdom WC2H 9JQ
BEYOND THRIVE LTD,16275445,active,ltd,,,2025-02-25,,2025-02-25,[70229],79 Thamesdale St. Albans England AL2 1TB
ALC IT CONSULTANCY LTD,16275472,active,ltd,,,2025-02-25,,2025-02-25,[62020],172 Sibthorpe Road London England SE12 9DU
GRACEFOUNT LIMITED,16276388,active,ltd,,,2025-02-25,,2025-02-25,[42120, 78200, 81229],128 City Road London United Kingdom EC1V 2NX
M-BASE FLOORS LTD,16268784,active,ltd,,,2025-02-21,,2025-02-21,[43999],3rd Floor, 86-90 Paul Street London United Kingdom EC2A 4NE
RRR CORP LTD,16268870,active,ltd,,,2025-02-21,,2025-02-21,[93290],71-75 Shelton Street London United Kingdom WC2H 9JQ
IORGA DEMOLITION LTD,16268872,active,ltd,,,2025-02-21,,2025-02-21,[41201, 41202, 43110],17 Albatross Close London England E6 5NX
RARE EARTHS GREENLAND LTD,16268926,active,ltd,,,2025-02-21,,2025-02-21,[08990],Flat 451 Russell Court Woburn Place London England WC1H 0NJ
TOGETHER ENTERPRISE LTD,16268639,active,ltd,,,2025-02-21,,2025-02-21,[68100, 68201],18 Marrilyne Avenue London England EN3 6EG
GG-076-196 LIMITED,16268657,active,ltd,,,2025-02-21,,2025-02-21,[68209],C/O Getground London England W6 0NB
CAVEX SPECIALIST LTD,16268950,active,ltd,,,2025-02-21,,2025-02-21,[43290],3rd Floor, 86-90 Paul Street London England EC2A 4NE
MARINA PROPERTY MANAGEMENT (MPM) LTD,16268960,active,ltd,,,2025-02-21,,2025-02-21,[68209, 98000],10 Abbey Parade London England SW19 1DG
KRONOS SOLUTIONS LTD,16269919,active,ltd,,,2025-02-23,,2025-02-23,[47910],3rd Floor, 86-90 Paul Street London England EC2A 4NE
LEDGR LTD,16270501,active,ltd,,,2025-02-24,,2025-02-24,[70229],124 City Road London United Kingdom EC1V 2NX
LWY HOLDINGS LIMITED,16270511,active,ltd,,,2025-02-24,,2025-02-24,[70229],8 St. James's Square London United Kingdom SW1Y 4JU
CLIFDEN VC LTD,16270499,active,ltd,,,2025-02-24,,2025-02-24,[64999],128 City Road London United Kingdom EC1V 2NX
DREAM PERSONAS LTD,16270745,active,ltd,,,2025-02-24,,2025-02-24,[59112, 62020, 70229, 73110],71-75 Shelton Street London United Kingdom WC2H 9JQ
PASSIONBEANS LTD,16270765,active,ltd,,,2025-02-24,,2025-02-24,[70229],106 Pennyfields London United Kingdom E14 8HS
GMC DESIGN & BUILD LTD,16270772,active,ltd,,,2025-02-24,,2025-02-24,[41100, 41202, 43310, 43320],128 City Road London United Kingdom EC1V 2NX
GG-966-738 LIMITED,16270978,active,ltd,,,2025-02-24,,2025-02-24,[68209],C/O Getground London England W6 0NB
SAVRAN TRADE LTD,16270983,active,ltd,,,2025-02-24,,2025-02-24,[47910],71-75 Shelton Street London United Kingdom WC2H 9JQ
PETRUNIAC BUILDERS LTD,16271006,active,ltd,,,2025-02-24,,2025-02-24,[43390],30 Snowdon Drive London England NW9 7RQ
LLEWELLYN ATTIRE LTD,16271373,active,ltd,,,2025-02-24,,2025-02-24,[47910],4th Floor, Silverstream House London England W1T 6EB
GMF PROJECT LTD,16271579,active,ltd,,,2025-02-24,,2025-02-24,[70229],128 City Road London United Kingdom EC1V 2NX
CARLITO MEXICAN FOOD LIMITED,16271562,active,ltd,,,2025-02-24,,2025-02-24,[56210],Flat 2 Harvey Gardens London England E11 3FG
M M OLTEANU LTD,16271891,active,ltd,,,2025-02-24,,2025-02-24,[49410],Flat 27 Grosvenor Court London England E10 6RH
ORTHO AUTHORITY LTD,16271885,active,ltd,,,2025-02-24,,2025-02-24,[58190, 70229],Ground Floor, Victor House London Colney England AL2 1BJ
LUMA GROUP LTD,16271880,active,ltd,,,2025-02-24,,2025-02-24,[64209],20 Wenlock Road London England N1 7GU
PRECISION LIGHTING SOLUTIONS LIMITED,16246907,active,ltd,,,2025-02-12,,2025-02-12,[59111],2a Maygrove Road London England NW6 2EB
MAGICAL CLEANERS LONDON LTD,16271895,active,ltd,,,2025-02-24,,2025-02-24,[81100],93 Clarence Avenue London England SW4 8LQ
SYNCONOVA LIMITED,16272694,active,ltd,,,2025-02-24,,2025-02-24,[62020, 62090, 63120, 70229],167 - 169 Great Portland Street London England W1W 5PF
WARIETY LIMITED,16243468,active,ltd,,,2025-02-11,,2025-02-11,[70229],Flat 12 Spruce House London England SE16 6YG
VLER LTD,16273138,active,ltd,,,2025-02-24,,2025-02-24,[86101, 86220],71-75 Shelton Street London United Kingdom WC2H 9JQ
LUXE FLEET LONDON LTD,16273350,active,ltd,,,2025-02-24,,2025-02-24,[77110],Flat 30 Alpha House London England NW8 8AF
MISSISSIPPI HOLDINGS LTD,16273560,active,ltd,,,2025-02-25,,2025-02-25,[99999],20 Wenlock Road London England N1 7GU
TRADE BAZAAR LTD,16273908,active,ltd,,,2025-02-25,,2025-02-25,[66120, 66300],71-75 Shelton Street London United Kingdom WC2H 9JQ
MAZU MARINE GROUP LTD,16273896,active,ltd,,,2025-02-25,,2025-02-25,[99999],20 Wenlock Road London England N1 7GU
CURATEMART LTD,16273906,active,ltd,,,2025-02-25,,2025-02-25,[45400, 62012, 63910, 63990],24-26 Arcadia Avenue, Fin0000 London United Kingdom N3 2JU
BEY MEZE LIMITED,16274148,active,ltd,,,2025-02-25,,2025-02-25,[56101],291 Green Lanes London England N13 4XS
ALMA GROUP MARKETING LTD,16274226,active,ltd,,,2025-02-25,,2025-02-25,[63110, 63990],71-75 Shelton Street London United Kingdom WC2H 9JQ
TAYLEGRAM HOLDINGS LTD,16274558,active,ltd,,,2025-02-25,,2025-02-25,[68209],Flat 2, 33, Mondrian House Kidderpore Avenue London United Kingdom NW3 7BR
DIXJUIN LTD,16274568,active,ltd,,,2025-02-25,,2025-02-25,[58290, 62012, 62090, 63120],167-169 Great Portland Street London England W1W 5PF
SIMPLY PV LTD,16274589,active,ltd,,,2025-02-25,,2025-02-25,[43210, 43220],20 Wenlock Road London England N1 7GU
PERDANA JAYA LTD,16274834,active,ltd,,,2025-02-25,,2025-02-25,[56101],12 John Princes Street London England W1G 0JR
AREVE TRADING LTD,16274821,active,ltd,,,2025-02-25,,2025-02-25,[47910],International House London United Kingdom E1 6BD
GRANT J BATES PROPERTY LTD,16275250,active,ltd,,,2025-02-25,,2025-02-25,[68100, 68310],201 Haverstock Hill London United Kingdom NW3 4QG
TML CAPITAL LTD,16275563,active,ltd,,,2025-02-25,,2025-02-25,[64202, 64301, 82110, 82990],128 City Road London United Kingdom EC1V 2NX
HEADLEY HALL ESTATE LIMITED,16275566,active,ltd,,,2025-02-25,,2025-02-25,[97000],7 Bell Yard London England WC2A 2JR
STUDENT EXPEDITION EXTRAS LIMITED,16276250,active,ltd,,,2025-02-25,,2025-02-25,[79110, 79909, 85590, 85600],71-75 Shelton Street London England WC2H 9JQ
TAJ PROPERTY LTD,16276688,active,ltd,,,2025-02-25,,2025-02-25,[68209],Flat 1 Baring House London England E14 6JW
THE PHYSICAL INTERNET LTD,16276694,active,ltd,,,2025-02-25,,2025-02-25,[61900],3rd Floor, 86-90 Paul Street London United Kingdom EC2A 4NE
DYFED TIMBER PRODUCTS LIMITED,16268395,active,ltd,,,2025-02-21,,2025-02-21,[16290, 95220],Kingswood Mill Pembroke Dock United Kingdom SA72 4RS
EXPEER LTD,16268398,active,ltd,,,2025-02-21,,2025-02-21,[62012, 62020, 63110],128 City Road London United Kingdom EC1V 2NX
AYLI GROUP LTD,16268621,active,ltd,,,2025-02-21,,2025-02-21,[68209],71-75 Shelton Street London United Kingdom WC2H 9JQ
DATASHRIMP LTD,16269433,active,ltd,,,2025-02-21,,2025-02-21,[62020],3rd Floor, 86-90 Paul Street London United Kingdom EC2A 4NE
OPTIMIS ADVISORY LTD,16269716,active,ltd,,,2025-02-22,,2025-02-22,[70229, 82990],Universal House 88-94 Wentworth Street London England E1 7SA
CELIN LONDON LIMITED,16269725,active,ltd,,,2025-02-22,,2025-02-22,[56102],Flat 1 Bluebell Court London England N12 8RD
SHAIVA PROPERTY LTD,16270625,active,ltd,,,2025-02-24,,2025-02-24,[68209],309 London Road Warrington England WA4 5JB
TENJA LTD,16271302,active,ltd,,,2025-02-24,,2025-02-24,[64991],Suite 702 Crown House North Circular Road London United Kingdom NW10 7PN
SAVANT AESTHETICS LTD,16271827,active,ltd,,,2025-02-24,,2025-02-24,[86220, 96020],2 Burleigh Walk London United Kingdom SE6 1BA
GROWTHEDGE PROPERTY LTD,16272082,active,ltd,,,2025-02-24,,2025-02-24,[68100, 68209],43 Linthorpe Road London England N16 5QT
BLUE PIN PROPERTY LTD,16272065,active,ltd,,,2025-02-24,,2025-02-24,[68100],3rd Floor, 86-90 Paul Street London United Kingdom EC2A 4NE
SEL TRANSPORT LTD,16272350,active,ltd,,,2025-02-24,,2025-02-24,[49410],59 Thorngrove Road London England E13 0SH
IDRU LTD,16272709,active,ltd,,,2025-02-24,,2025-02-24,[58190],71-75 Shelton Street London United Kingdom WC2H 9JQ
E&P CONTRACTORS LTD,16272699,active,ltd,,,2025-02-24,,2025-02-24,[41202],92 Nightingale Road London England N9 8PU
GDK MILE END LTD,16267179,active,ltd,,,2025-02-21,,2025-02-21,[56102],372 Bethnal Green Road London England E2 0AH
ZEIT LTD,16273660,active,ltd,,,2025-02-25,,2025-02-25,[86220],D S Burge And Co Ltd London United Kingdom SW19 4DW
EVHIVE LTD,16273878,active,ltd,,,2025-02-25,,2025-02-25,[47910],71-75 Shelton Street London United Kingdom WC2H 9JQ
SECTOR TECHNOLOGY LIMITED,16273887,active,ltd,,,2025-02-25,,2025-02-25,[71121, 71122, 71200, 72190],71-75 Shelton Street London United Kingdom WC2H 9JQ
SHOLDCO SPV 1 LIMITED,16273860,active,ltd,,,2025-02-25,,2025-02-25,[64205],3rd Floor 22 Old Bond Street London England W1S 4PY
KELLETT INCORPORATED LTD,16274092,active,ltd,,,2025-02-25,,2025-02-25,[68209],43 Kingsmead Road London England SW2 3HY
SHOLDCO SPV 2 LIMITED,16274284,active,ltd,,,2025-02-25,,2025-02-25,[64205],3rd Floor 22 Old Bond Street London England W1S 4PY
ONE STATE CAPITAL LTD,16274282,active,ltd,,,2025-02-25,,2025-02-25,[68209],6a Dickenson's Place London United Kingdom SE25 5HL
56 WOOLMEAD AV LTD,16263341,active,ltd,,,2025-02-19,,2025-02-19,[68100],28 Woolmead Avenue London England NW9 7AY
DLP TRADERS LTD,16274681,active,ltd,,,2025-02-25,,2025-02-25,[47910],Unit 11636, 182-184 High Street North London United Kingdom E6 2JA
OSMAN CAPITAL VENTURES LIMITED,16274740,active,ltd,,,2025-02-25,,2025-02-25,[68100],890 Garratt Lane London England SW17 0NB
SMUNIVERSAL LETTINGS & MANAGEMENT LTD,16275119,active,ltd,,,2025-02-25,,2025-02-25,[98000],20 Wenlock Road London England N1 7GU
PLUMBUM LTD,16275099,active,ltd,,,2025-02-25,,2025-02-25,[47910],71-75 Shelton Street London United Kingdom WC2H 9JQ
PVL & PARTNERS LIMITED,16275400,active,ltd,,,2025-02-25,,2025-02-25,[64205, 66110, 66190, 69201],20 Wenlock Road London England N1 7GU
SSF TECH LIMITED,16275441,active,ltd,,,2025-02-25,,2025-02-25,[62012],71-75 Shelton Street London England WC2H 9JQ
SEO ACADEMY LTD,16275438,active,ltd,,,2025-02-25,,2025-02-25,[70229],2 Bowline Court London England SE10 0TF
ERB INTERNATIONAL LIMITED,16275407,active,ltd,,,2025-02-25,,2025-02-25,[66220],80 Coleman Street London United Kingdom EC2R 5BJ
KOREA MEDITECH LTD,16275809,active,ltd,,,2025-02-25,,2025-02-25,[46450, 46460, 46690],45 Weymouth Street London England W1G 8BY
ADDO ENTERPRISES LTD,16276197,active,ltd,,,2025-02-25,,2025-02-25,[42120],1f Gleneagle Road London England SW16 6AX
THOMSON PAID MEDIA LIMITED,16276459,active,ltd,,,2025-02-25,,2025-02-25,[73110],1386 London Road Leigh On Sea England SS9 2UJ
FREYA HOMES LIMITED,16276728,active,ltd,,,2025-02-25,,2025-02-25,[68310],21 Ringford Road London England SW18 1RP
TOC CAPITAL LTD,16276806,active,ltd,,,2025-02-26,,2025-02-26,[64209],29 Wornington Road London England W10 5QJ
SOCHA HOLDING LIMITED,16268189,active,ltd,,,2025-02-21,,2025-02-21,[56103],Flat 21 Tangerine House London England SE1 4BS
LIGHTING SOUND SOLUTIONS LTD,16268360,active,ltd,,,2025-02-21,,2025-02-21,[77291, 90020],124-128 City Road London England EC1V 2NX
SHEFA 159 LTD,16268359,active,ltd,,,2025-02-21,,2025-02-21,[68209],4 Grovelands Road London United Kingdom N15 6BU
ADORA CLINICAL LTD,16268389,active,ltd,,,2025-02-21,,2025-02-21,[70229, 74909],71-75 Shelton Street London United Kingdom WC2H 9JQ
SP BRANDS TIMELESS LIMITED,16268337,active,ltd,,,2025-02-21,,2025-02-21,[46450, 47750],248 York Road London England SW11 3SJ
ISAR89 LIMITED,16268537,active,ltd,,,2025-02-21,,2025-02-21,[47990],128 City Road London United Kingdom EC1V 2NX
BEST PET LTD,16268542,active,ltd,,,2025-02-21,,2025-02-21,[47990],Flat 37 Odelia Court 1b Biggerstaff Road London England E15 2LL
IBIZA SUNSET LIVE LIMITED,16268549,active,ltd,,,2025-02-21,,2025-02-21,[59112],24a Kingsland Road London England E2 8DA
ENTERPRISE FIRST LTD,16268966,active,ltd,,,2025-02-21,,2025-02-21,[45112, 45190, 46140, 46190],Suite 5, 5th Floor City Reach London England E14 9NN
WILLSRITE LIMITED,16269053,active,ltd,,,2025-02-21,,2025-02-21,[69109],3rd Floor, 86-90 Paul Street London United Kingdom EC2A 4NE
MARINA RESTURANT LTD,16270266,active,ltd,,,2025-02-23,,2025-02-23,[56290],92 Bruce Grove London England N17 6UZ
AUTOCAP SOLUTIONS LTD,16270557,active,ltd,,,2025-02-24,,2025-02-24,[45320],124 City Road London United Kingdom EC1V 2NX
VABANQ LTD,16270809,active,ltd,,,2025-02-24,,2025-02-24,[45190, 45310, 45320],27 Old Gloucester Street London United Kingdom WC1N 3AX
AI HEALTH COACH LTD,16270970,active,ltd,,,2025-02-24,,2025-02-24,[62020],Flat 18 Greenwich House London England NW9 4FR
WU CATERING LTD,16270971,active,ltd,,,2025-02-24,,2025-02-24,[56103],1st Floor, 267 High Road Leyton United Kingdom E10 5QN
GHF CONSULTANCY LTD,16271430,active,ltd,,,2025-02-24,,2025-02-24,[62020],167-169 Great Portland Street London England W1W 5PF
ADE GLOBASPACE LIMITED,16271407,active,ltd,,,2025-02-24,,2025-02-24,[61300, 62090, 63990],71-75 Shelton Street London United Kingdom WC2H 9JQ
CEEQE LTD,16271796,active,ltd,,,2025-02-24,,2025-02-24,[46499],128 City Road London United Kingdom EC1V 2NX
MERLIN'S LUMIERE LTD,16271790,active,ltd,,,2025-02-24,,2025-02-24,[68209],45 Fitzroy Street, Fitzrovia London United Kingdom W1T 6EB
FUEL TO PERFORM LTD,16271802,active,ltd,,,2025-02-24,,2025-02-24,[47910],32 Kinburn Street London England SE16 6DW
J16Z LTD,16271759,active,ltd,,,2025-02-24,,2025-02-24,[70229],20 Wenlock Road London England N1 7GU
J PALMER ENGINEERING LTD,16273104,active,ltd,,,2025-02-24,,2025-02-24,[45200],320 City Road London England EC1V 2NZ
OLINSTON LTD,16273119,active,ltd,,,2025-02-24,,2025-02-24,[32120, 47910, 90030],71-75 Shelton Street London United Kingdom WC2H 9JQ
MANHOF ESTATES LIMITED,16273285,active,ltd,,,2025-02-24,,2025-02-24,[68100],107 Dunsmure Road London England N16 5HT
THE CLN COLLECTIVE LTD,16273518,active,ltd,,,2025-02-25,,2025-02-25,[81210, 81299],3rd Floor, 86-90 Paul Street London England EC2A 4NE
WONDERWONDERS CREATIONS LTD,16273648,active,ltd,,,2025-02-25,,2025-02-25,[46440, 46470, 47789, 47910],71-75 Shelton Street London United Kingdom WC2H 9JQ
ZERO CONTINUM CYBER LTD,16273638,active,ltd,,,2025-02-25,,2025-02-25,[62020, 62090],71-75 Shelton Street London United Kingdom WC2H 9JQ
WINE TWO THREE LTD,16273747,active,ltd,,,2025-02-25,,2025-02-25,[46342, 47110],20 Wenlock Road London England N1 7GU
GLOA DIGITAL LTD,16274269,active,ltd,,,2025-02-25,,2025-02-25,[47770, 70229],Office 408, Screenworks 22 Highbury Grove London United Kingdom N5 2ER
ALSEN DIGITAL LTD,16274255,active,ltd,,,2025-02-25,,2025-02-25,[47910],71-75 Shelton Street London United Kingdom WC2H 9JQ
A&F GENERAL TRADING LTD,16274653,active,ltd,,,2025-02-25,,2025-02-25,[46180, 96090],21 Hatton Garden London England EC1N 8BA
ELEVARE BUSINESS SERVICES LIMITED,16274667,active,ltd,,,2025-02-25,,2025-02-25,[70221],Batchworth Hill House Rickmansworth United Kingdom WD3 1JS
LWC INTERNATIONAL LIMITED,16274620,active,ltd,,,2025-02-25,,2025-02-25,[70210],Flat 3 Gutenberg Court London England SE1 3FW
RAYMOND SHANE DEWSBURY LIMITED,16275024,active,ltd,,,2025-02-25,,2025-02-25,[46190],Flat 17 Sandford Court London England N16 5BB
PRO FAST LONDON LTD,16275371,active,ltd,,,2025-02-25,,2025-02-25,[47910, 47990, 81210, 96090],109 Upper Tollington Park Finsbury United Kingdom N4 4ND
KINAIE LTD,16275367,active,ltd,,,2025-02-25,,2025-02-25,[69202],Wellesley House 1st Floor, Ilford England IG1 4NH
ALIYAH ESTATES LTD,16275857,active,ltd,,,2025-02-25,,2025-02-25,[68100],54 Greenfield Road London England E1 1EJ
ANOTHER EGG IN THE WALL LTD,16275859,active,ltd,,,2025-02-25,,2025-02-25,[56102, 56103],128 City Road London United Kingdom EC1V 2NX
SUPREME RESIDENTIAL CARE LTD,16275881,active,ltd,,,2025-02-25,,2025-02-25,[87200, 87900],150 Chingford Road Walthamstow England E17 4PL
LAMBRON LTD,16275283,active,ltd,,,2025-02-25,,2025-02-25,[41100, 41202, 68100, 68209],112 Princes Gardens London England W3 0LJ
APPSOLUT LIMITED,16276180,active,ltd,,,2025-02-25,,2025-02-25,[62090],3rd Floor, 86-90 Paul Street London England EC2A 4NE
FRAYM STUDIO LTD.,16245280,active,ltd,,,2025-02-11,,2025-02-11,[47599, 47910],12 Lordship Road London England N16 0QT
SWENNO INVEST LIMITED,16276432,active,ltd,,,2025-02-25,,2025-02-25,[68209],C/O Getground London England W6 0NB
DASPAR ENTERPRISES LIMITED,16276420,active,ltd,,,2025-02-25,,2025-02-25,[47990],58 Heigham Road London England E6 2JQ
MARF STUDIOS LTD,16276634,active,ltd,,,2025-02-25,,2025-02-25,[90030],107b 7 Vanguard Way London England E17 6ZR
YA OKI! RECORDS LTD,16276671,active,ltd,,,2025-02-25,,2025-02-25,[59200],137 Como Road London England SE23 2JN
SST BALLERS ACADEMY LIMITED,16276721,active,ltd,,,2025-02-25,,2025-02-25,[85510],4 Millais Avenue London England E12 6JR
FW CONSULTANCY SERVICES LTD,16263030,active,ltd,,,2025-02-19,,2025-02-19,[62020],3rd Floor 86-90 Paul Street London United Kingdom EC2A 4NE
PROPERTY REALM LTD,16263501,active,ltd,,,2025-02-19,,2025-02-19,[41100],80-83 Long Lane London England EC1A 9ET
GALLERA PROPERTIES LTD,16263934,active,ltd,,,2025-02-19,,2025-02-19,[68209],Britannia House 1-11 Glenthorne Road London England W6 0LH
KOBBIE HOLDCO 2 LIMITED,16263921,active,ltd,,,2025-02-19,,2025-02-19,[64209],C/O Alter Domus (Uk) Limited 10th Floor London United Kingdom EC3A 8BF
ELIETH SERVICES LTD,16264791,active,ltd,,,2025-02-20,,2025-02-20,[41201, 41202, 81210, 81229],71-75 Shelton Street London United Kingdom WC2H 9JQ
EMDATA LTD,16264967,active,ltd,,,2025-02-20,,2025-02-20,[62090, 73110],2 Frederick Street London United Kingdom WC1X 0ND
TRAVELTECH INNOVATIONS LTD,16265135,active,ltd,,,2025-02-20,,2025-02-20,[62090],124 City Road London England EC1V 2NX
36 HS LIMITED,16265131,active,ltd,,,2025-02-20,,2025-02-20,[41100],8 Blandfield Road London England SW12 8BG
ABSPARE LTD,16265449,active,ltd,,,2025-02-20,,2025-02-20,[85590, 85600],10 Carteret Street London England SW1H 9DP
ANELISSE TRANS LTD,16265807,active,ltd,,,2025-02-20,,2025-02-20,[49410],152 Harold Road London England E13 0SE
JUST A MEDIA COMPANY LTD,16265833,active,ltd,,,2025-02-20,,2025-02-20,[59112],71-75 Shelton Street London United Kingdom WC2H 9JQ
NILE DELTA TRADING LTD,16266028,active,ltd,,,2025-02-20,,2025-02-20,[46730, 46900],19 Perry Avenue London England W3 6YQ
AVALANCHE LONDON LTD,16266420,active,ltd,,,2025-02-20,,2025-02-20,[47710],56 Academia Way London United Kingdom N17 8HE
SMART H&T LIMITED,16266805,active,ltd,,,2025-02-20,,2025-02-20,[47789],109 Cricklewood Broadway London England NW2 3JG
CEDRIC COMMERCIAL LTD,16266893,active,ltd,,,2025-02-20,,2025-02-20,[70229],12 Cedric Road London England SE9 3SQ
MERRION DESIGN ATELIER UK LIMITED,16267018,active,ltd,,,2025-02-21,,2025-02-21,[74100],9 West Halkin Street London United Kingdom SW1X 8JL
RS SHOPPING 40 LTD,16267013,active,ltd,,,2025-02-21,,2025-02-21,[46900, 47910],71-75 Shelton Street London United Kingdom WC2H 9JQ
ASH ASSOCIATES ACCOUNTANTS LTD,16267025,active,ltd,,,2025-02-21,,2025-02-21,[69201],Ash Associates, 72 Badminton Road London United Kingdom SW12 8BL
LIBRE AURA LIMITED,16267158,active,ltd,,,2025-02-21,,2025-02-21,[47650, 47710, 47721, 47789],128 City Road London United Kingdom EC1V 2NX
THINKSTRATUM LIMITED,16267157,active,ltd,,,2025-02-21,,2025-02-21,[74909],2nd Floor College House Ruislip, United Kingdom HA4 7AE
THE NOVEL MAGAZINE COMPANY LIMITED,16267136,active,ltd,,,2025-02-21,,2025-02-21,[46420, 47610, 58110, 58190],11 Stanhope Gardens London England N6 5TT
WEST END INVESTMENTS 1 LTD,16267138,active,ltd,,,2025-02-21,,2025-02-21,[68100],212a-212e Romford Road London England E7 9HY
BEN VITA LTD,16267496,active,ltd,,,2025-02-21,,2025-02-21,[47990],71-75 Shelton Street London United Kingdom WC2H 9JQ
POUND UP PLUS LTD,16267890,active,ltd,,,2025-02-21,,2025-02-21,[47910],20 Wenlock Road London England N1 7GU
CARGO OPTIMIZE LTD,16267885,active,ltd,,,2025-02-21,,2025-02-21,[74909],11, 166, Mansfield Court Sumner Road London United Kingdom SE15 6JL
SCHOLAR STEP LTD,16261459,active,ltd,,,2025-02-19,,2025-02-19,[85600],13 Berestede Road London England W6 9NP
KARIZ TECHNOLOGIES LTD,16261514,active,ltd,,,2025-02-19,,2025-02-19,[59200],27 Marsh Lane London United Kingdom NW7 4QN
OLDHILL TOWER LTD,16261544,active,ltd,,,2025-02-19,,2025-02-19,[68209],32 Montefiore Court 69 Stamford Hill London United Kingdom N16 5TY
BELLYFLOP GAMES LTD,16261618,active,ltd,,,2025-02-19,,2025-02-19,[58210],71-75 Shelton Street London United Kingdom WC2H 9JQ
GG UK GLOW LIMITED,16261605,active,ltd,,,2025-02-19,,2025-02-19,[47990, 96090],Flat 13 2 Winders Road London England SW11 3HE
ZURI FLAME LIMITED,16261621,active,ltd,,,2025-02-19,,2025-02-19,[56101, 56302, 93290],Flat 1 Meredith House London England N16 8LP
DWW PROPERTY LIMITED,16261678,active,ltd,,,2025-02-19,,2025-02-19,[68100, 68209],71-75 Shelton Street London United Kingdom WC2H 9JQ
GALLICA STOUR LTD,16261710,active,ltd,,,2025-02-19,,2025-02-19,[01490],71-75 Shelton Street London United Kingdom WC2H 9JQ
LOCAL LEGENDS LTD,16261791,active,ltd,,,2025-02-19,,2025-02-19,[59200],4 Onslow Gardens London England N10 3JU
I AM NOT WHAT YOU THINK I AM LTD,16261875,active,ltd,,,2025-02-19,,2025-02-19,[90030],483 Green Lanes London England N13 4BS
NEXTINNOVATE LTD,16261920,active,ltd,,,2025-02-19,,2025-02-19,[63120],71-75 Shelton Street London United Kingdom WC2H 9JQ
ASLAN DEVELOPMENTS LIMITED,16261927,active,ltd,,,2025-02-19,,2025-02-19,[68100],Unit G20 Hastingwood Trading Estate London England N18 3HT
OLIVE EXECUTIVE SUPPORT SERVICES LIMITED,16261937,active,ltd,,,2025-02-19,,2025-02-19,[70229],251 Gray's Inn Road London England WC1X 8QT
CITYWISE INNOVATIONS LTD,16261939,active,ltd,,,2025-02-19,,2025-02-19,[32990],Apartment 35 Bond Mansions London England W2 1BY
SOLESK LTD,16257362,active,ltd,,,2025-02-17,,2025-02-17,[73110],128 City Road London United Kingdom EC1V 2NX
BDG ZONE LTD,16250227,active,ltd,,,2025-02-13,,2025-02-13,[47910],167-169 Great Portland Street Great Portland Street London England W1W 5PF
SEGES-UK LTD.,16262060,active,ltd,,,2025-02-19,,2025-02-19,[68100, 68201, 68209],128 City Road London United Kingdom EC1V 2NX
BRISK PAY LTD,16262133,active,ltd,,,2025-02-19,,2025-02-19,[82990],85 Great Portland Street London England W1W 7LT
JIANGZHA TECHNOLOGY TRADING CO LTD,16262220,active,ltd,,,2025-02-19,,2025-02-19,[46190, 46900, 47910, 82990],41 Devonshire Street Ground Floor Office 1 London United Kingdom W1G 7AJ
MOZZAFIATO LTD,16262255,active,ltd,,,2025-02-19,,2025-02-19,[47910],85 Great Portland Street London England W1W 7LT
NONNA BAKERY CO LTD,16262277,active,ltd,,,2025-02-19,,2025-02-19,[10710, 46690, 46760, 47240],311 Regents Park Road London England N3 1DP
S-ENERGY PETROCHEMICAL TRADE CO UK LTD,16262352,active,ltd,,,2025-02-19,,2025-02-19,[64999, 66120],4 Edgecot Grove London England N15 5HD
FRAMEWORKS FINE ART SERVICES LTD,16241521,active,ltd,,,2025-02-10,,2025-02-10,[43320],6 Shorndean Street London United Kingdom SE6 2ES
TRANQUIL TECH LIMITED,16262333,active,ltd,,,2025-02-19,,2025-02-19,[58290, 62012, 62020],124-128 City Road London England EC1V 2NX
YV CHARLIE PAPA LTD,16262646,active,ltd,,,2025-02-19,,2025-02-19,[73110],83 Idmiston Road London United Kingdom E15 1RG
OVE TEK LTD,16262611,active,ltd,,,2025-02-19,,2025-02-19,[62011],71-75 Shelton Street London United Kingdom WC2H 9JQ
KILNBRIDGE STRUCTURES LTD,16262816,active,ltd,,,2025-02-19,,2025-02-19,[42990],Mcdermott House South Crescent London United Kingdom E16 4TL
CKW PROPERTY SOLUTIONS LTD,16262802,active,ltd,,,2025-02-19,,2025-02-19,[41100, 55100, 68100],128 City Road London United Kingdom EC1V 2NX
MATURE SCENTS LIMITED,16262808,active,ltd,,,2025-02-19,,2025-02-19,[96020],Flat 37 Attlee Court London England N20 0BF
D W LONDON HOLDINGS LIMITED,16263146,active,ltd,,,2025-02-19,,2025-02-19,[68100],West Suite, 2nd Floor London United Kingdom E1 2BT
EVOPRIME SOLUTIONS LTD,16234995,active,ltd,,,2025-02-06,,2025-02-06,[81210, 81229],85 Great Portland Street London England W1W 7LT
BONDINARY LTD,16263225,active,ltd,,,2025-02-19,,2025-02-19,[63990],20 Wenlock Road London England N1 7GU
INSIDERS VENTURES ADVISORS LIMITED,16260673,active,ltd,,,2025-02-18,,2025-02-18,[66300],71-75 Shelton St London United Kingdom WC2H 9JQ
GLOBAL TECH SPACE LTD,16263354,active,ltd,,,2025-02-19,,2025-02-19,[62012, 62020, 73110],71-75 Shelton Street London United Kingdom WC2H 9JQ
VERNON NATHANIEL LTD,16263373,active,ltd,,,2025-02-19,,2025-02-19,[68209],3rd Floor, 86-90 Paul Street London United Kingdom EC2A 4NE
SOPHIETOM REHOBORH PROPERTIES LTD,16263637,active,ltd,,,2025-02-19,,2025-02-19,[68100, 68201, 68209, 68310],128 City Road London United Kingdom EC1V 2NX
KOMFI ROOM LIMITED,16264028,active,ltd,,,2025-02-19,,2025-02-19,[68209, 68320],Avon House London England W14 8TS
J & A FASCIA, SOFFIT & GUTTERING LIMITED,16264017,active,ltd,,,2025-02-19,,2025-02-19,[43390],338 London Road Portsmouth England PO2 9JY
WAYBURY REAL ESTATE LIMITED,16264043,active,ltd,,,2025-02-19,,2025-02-19,[68100],128 City Road London United Kingdom EC1V 2NX
UNITECH MARKET LIMITED,16264045,active,ltd,,,2025-02-19,,2025-02-19,[47910],Suite 442, Office 408, Screenworks 22 Highbury Grove London United Kingdom N5 2ER
LA PIZZA & PASTA LTD,16264401,active,ltd,,,2025-02-19,,2025-02-19,[56102, 56103, 56210],538a Barking Road London United Kingdom E13 8QE
DOCTOREM INTERNATIONAL LTD,16264653,active,ltd,,,2025-02-20,,2025-02-20,[47910, 73110, 82990],71-75 Shelton Street London United Kingdom WC2H 9JQ
DNKTAKEAWAY LIMITED,16264827,active,ltd,,,2025-02-20,,2025-02-20,[56103],9 Burnt Ash Hill London England SE12 0AA
TAGLINE 360 UK LTD,16264837,active,ltd,,,2025-02-20,,2025-02-20,[62012, 73110, 74100, 82302],128 City Road London United Kingdom EC1V 2NX
INTENSE WELLNESS LTD,16265144,active,ltd,,,2025-02-20,,2025-02-20,[47910],Unit 22a 60 Tottenham Court Road London United Kingdom W1T 2EW
BARRE CONSULTING LTD,16265764,active,ltd,,,2025-02-20,,2025-02-20,[62020, 70229],71-75 Shelton Street London United Kingdom WC2H 9JQ
THE PADEL NETWORK LIMITED,16265760,active,ltd,,,2025-02-20,,2025-02-20,[93110],39 Ulster Gardens London England N13 5DP
ACE ASSIST LIMITED,16266008,active,ltd,,,2025-02-20,,2025-02-20,[82990],1st Floor Sackville House London England EC3M 6BL
AMINA CATERING LTD,16266390,active,ltd,,,2025-02-20,,2025-02-20,[56103],256 Bethnal Green Road London United Kingdom E2 0AA
BAD HAIR DAY CLUB LTD,16266404,active,ltd,,,2025-02-20,,2025-02-20,[14190, 46420, 47710, 47910],128 City Road London United Kingdom EC1V 2NX
RODEO INDUSTRIES LTD,16267392,active,ltd,,,2025-02-21,,2025-02-21,[59111],5 Upper Wimpole Street London England W1G 6BP
VIREO ESTATES LTD,16267844,active,ltd,,,2025-02-21,,2025-02-21,[68310],3rd Floor, 86-90 Paul Street London United Kingdom EC2A 4NE
FUTURE PRO GROUP LTD,16262878,active,ltd,,,2025-02-19,,2025-02-19,[47710],3rd Floor, 86-90 Paul Street London England EC2A 4NE
FIDUCIARY SUPPORT SERVICES LIMITED,16262865,active,ltd,,,2025-02-19,,2025-02-19,[82990],9 Cambridge Park London United Kingdom E11 2PU
UP AND AWAY SCAFFOLDING LTD,16262858,active,ltd,,,2025-02-19,,2025-02-19,[43991],3rd Floor, 86-90 Paul Street London United Kingdom EC2A 4NE
Q-MASS TOPCO LIMITED,16262875,active,ltd,,,2025-02-19,,2025-02-19,[82990],5 Brayford Square London United Kingdom E1 0SG
EASY EXIT SERVICES LIMITED,16262843,active,ltd,,,2025-02-19,,2025-02-19,[82990],9 Cambridge Park London United Kingdom E11 2PU
OPICON LTD,16262897,active,ltd,,,2025-02-19,,2025-02-19,[72190],128 City Road London United Kingdom EC1V 2NX
NEXTGEN WORKFORCE LTD,16263211,active,ltd,,,2025-02-19,,2025-02-19,[70229, 74909, 78300, 86900],71-75 Shelton Street London United Kingdom WC2H 9JQ
FORREST EVERYTHING LIMITED,16263187,active,ltd,,,2025-02-19,,2025-02-19,[64304],6th Floor Charlotte Building London United Kingdom W1T 1QL
THE BUREAU FOR THE STUDY OF BARBARIANS LIMITED,16263418,active,ltd,,,2025-02-19,,2025-02-19,[62020],Flat 94 Watermans Quay London England SW6 2UU
DANIELA INVESTMENT PROPERTIES LTD,16263819,active,ltd,,,2025-02-19,,2025-02-19,[68100, 68209],Flat 9 36 Barnard Hill London England N10 2HB
DYNAMIC RESPONSE RESOURCING LTD,16263808,active,ltd,,,2025-02-19,,2025-02-19,[73110, 78109],20 Wenlock Road London England N1 7GU
YICHYE LTD,16263807,active,ltd,,,2025-02-19,,2025-02-19,[68100, 68209],61 Jessam Avenue London England E5 9DU
COMMUNITY TOUCH LTD,16264162,active,ltd,,,2025-02-19,,2025-02-19,[85590, 96090],71-75 Shelton Street London United Kingdom WC2H 9JQ
URUS ENTERPRISES LTD,16264387,active,ltd,,,2025-02-19,,2025-02-19,[47910],71-75 Shelton Street London United Kingdom WC2H 9JQ
ARICARE HEALTH LTD,16264468,active,ltd,,,2025-02-19,,2025-02-19,[86900],3rd Floor, 86-90 Paul Street London United Kingdom EC2A 4NE
HONG TU TAKEAWAY LIMITED,16264604,active,ltd,,,2025-02-19,,2025-02-19,[56103],538 Commercial Road London United Kingdom E1 0HY
AG CAPITAL FINANCE LTD,16265368,active,ltd,,,2025-02-20,,2025-02-20,[77110],124-128 City Road London England EC1V 2NX
THE IMPROV GROUP LTD,16265796,active,ltd,,,2025-02-20,,2025-02-20,[85520, 85590, 90010, 93290],71 Eden Road London England E17 9JX
GOLDEN EM GROUP LIMITED,16266129,active,ltd,,,2025-02-20,,2025-02-20,[56102],3rd Floor 86-90 Paul Street London England EC2A 4NE
PATVK LTD.,16257309,active,ltd,,,2025-02-17,,2025-02-17,[26512, 28140, 28290, 74909],41 Devonshire Street Ground Floor Office 1 London United Kingdom W1G 7AJ
G&O ICE CREAM LTD,16266141,active,ltd,,,2025-02-20,,2025-02-20,[10520],189 Chase Side Enfield England EN2 0QZ
ELECTIVE HEALTHCARE LTD,16266567,active,ltd,,,2025-02-20,,2025-02-20,[86101, 86210, 86220],27 Old Gloucester Street London United Kingdom WC1N 3AX
CDS INC LTD,16267190,active,ltd,,,2025-02-21,,2025-02-21,[96090],94-96 Seymour Place London United Kingdom W1H 1NB
IVY HOMES GROUP LTD,16267199,active,ltd,,,2025-02-21,,2025-02-21,[68100],5 Hillfield Cl Harrow United Kingdom HA2 6AZ
BM MEP LIMITED,16267170,active,ltd,,,2025-02-21,,2025-02-21,[70229],128 City Road London United Kingdom EC1V 2NX
SKYLAB LTD,16267176,active,ltd,,,2025-02-21,,2025-02-21,[62090],128 City Road London United Kingdom EC1V 2NX
MDH SERVICES LTD,16267411,active,ltd,,,2025-02-21,,2025-02-21,[62090],71-75 Shelton Street London United Kingdom WC2H 9JQ
PRISE DE CONTROLE HOLDING LTD,16267442,active,ltd,,,2025-02-21,,2025-02-21,[59200, 70100, 70221, 70229],128 City Road London United Kingdom EC1V 2NX
RINGHURST C LIMITED,16267416,active,ltd,,,2025-02-21,,2025-02-21,[68100],New Burlington House London England NW11 0PU
STARTREE ESTATES LIMITED,16263107,active,ltd,,,2025-02-19,,2025-02-19,[68209],184 Kyverdale Road London England N16 6PT
CEPA SOLUTIONS LTD,16263077,active,ltd,,,2025-02-19,,2025-02-19,[96090],71-75 Shelton Street London United Kingdom WC2H 9JQ
LINKED BUSINESS SERVICES LTD,16263274,active,ltd,,,2025-02-19,,2025-02-19,[69201, 82990],20 Wenlock Road London England N1 7GU
URBAN CREW PROJECTS LTD,16263754,active,ltd,,,2025-02-19,,2025-02-19,[41100, 41201, 41202, 43390],10 Ajax Avenue London England NW9 5EY
CEE BALLOONS LONDON LTD,16264274,active,ltd,,,2025-02-19,,2025-02-19,[96090],20 Wenlock Road London England N1 7GU
BESTIZ LTD,16264279,active,ltd,,,2025-02-19,,2025-02-19,[87300],3rd Floor, 86-90 Paul Street London England EC2A 4NE
SMSRBUILD LTD,16264254,active,ltd,,,2025-02-19,,2025-02-19,[43120, 43999],128 City Road London United Kingdom EC1V 2NX
OPYNE CONSULT LTD,16265898,active,ltd,,,2025-02-20,,2025-02-20,[70229, 74901, 82990, 84130],71-75 Shelton Street London United Kingdom WC2H 9JQ
BODHI LTD.,16265875,active,ltd,,,2025-02-20,,2025-02-20,[58290],5 Brayford Square London United Kingdom E1 0SG
THINKPEAK STUDIO LIMITED,16265888,active,ltd,,,2025-02-20,,2025-02-20,[62012],Suite Ra01, 195-197 Wood Street, London United Kingdom E17 3NU
ASAS EXCELLENCE FOR CONSULTANCY LTD,16266275,active,ltd,,,2025-02-20,,2025-02-20,[69202, 70229],115 London Road Morden England SM4 5HP
TEAD CHILDCARE LTD,16266249,active,ltd,,,2025-02-20,,2025-02-20,[87900, 88910, 88990],101 Lee Park London England SE3 9HG
MASON SOUTHERN LTD,16266230,active,ltd,,,2025-02-20,,2025-02-20,[46190],26 Wentworth Avenue London England N3 1YL
SYNTHRON HOLDINGS LIMITED,16266542,active,ltd,,,2025-02-20,,2025-02-20,[64209],Andrew Murray & Co London United Kingdom WC1X 9DU
A & B WHOLESALE LTD,16267704,active,ltd,,,2025-02-21,,2025-02-21,[96090],First Floor Office London United Kingdom W8 4LZ
ML SURVEYING ADVISORY LTD,16267693,active,ltd,,,2025-02-21,,2025-02-21,[74902, 82990],24a Aldermans Hill London England N13 4PN
MAJOTO LAW LIMITED,16263469,active,ltd,,,2025-02-19,,2025-02-19,[69102],27 Old Gloucester Street London United Kingdom WC1N 3AX
PROMSON AND DAVID LTD,16264949,active,ltd,,,2025-02-20,,2025-02-20,[68100, 68209, 68320],Lawford House London United Kingdom N3 1QA
URBAN PRO HOMES LTD,16265377,active,ltd,,,2025-02-20,,2025-02-20,[68209],20 Wenlock Road London England N1 7GU
MACI SEARCH CAPITAL LTD,16250675,active,ltd,,,2025-02-13,,2025-02-13,[70229, 74909],128 City Road London United Kingdom EC1V 2NX
INFINITY LOOKERS LTD,16265515,active,ltd,,,2025-02-20,,2025-02-20,[68209],359 Fulbourne Road London England E17 4HL
SABLE INTERNATIONAL EDUCATION LTD,16265920,active,ltd,,,2025-02-20,,2025-02-20,[85600],C:/Sable International London England EC4N 8AD
ETONY ACADEMY LIMITED,16267032,active,ltd,,,2025-02-21,,2025-02-21,[85590, 85600],71-75 Shelton Street London United Kingdom WC2H 9JQ
BERRIES INVESTMENTS LTD,16267218,active,ltd,,,2025-02-21,,2025-02-21,[68100, 68209],400 Green Lanes London United Kingdom N13 5PD
BELUGA MARKETS LTD,16267446,active,ltd,,,2025-02-21,,2025-02-21,[62012, 66110],71-75 Shelton Street London England WC2H 9JQ
CODEBREW SOFTWARE LTD,16267444,active,ltd,,,2025-02-21,,2025-02-21,[58210, 62012],71-75 Shelton Street London United Kingdom WC2H 9JQ
GIFTY FRANCIS CONSULTANCY LTD,16267482,active,ltd,,,2025-02-21,,2025-02-21,[85200, 85310],71-75 Shelton Street London United Kingdom WC2H 9JQ
EPCO TECHNOLOGIES LTD,16267465,active,ltd,,,2025-02-21,,2025-02-21,[58290, 62012],13 Dirty Lane London United Kingdom SE1 9PA
JANFIRST PRODUCTIONS LTD,16267979,active,ltd,,,2025-02-21,,2025-02-21,[59113, 59120, 90010, 90030],124-128 City Road London England EC1V 2NX
EVEN PETERBOROUGH OPCO LIMITED,16262422,active,ltd,,,2025-02-19,,2025-02-19,[82990],73 Cornhill London United Kingdom EC3V 3QQ
MESHI RENDERING LTD,16262457,active,ltd,,,2025-02-19,,2025-02-19,[41202],297 Cortis Road London England SW15 6XG
XIALILI GRA LTD,16262712,active,ltd,,,2025-02-19,,2025-02-19,[46450],29887 Office Suite 29a, 3/F., 23 Wharf Street, London England SE8 3GG
MONSALWA SWEETS LTD,16262711,active,ltd,,,2025-02-19,,2025-02-19,[56103],2 Frederick Street London United Kingdom WC1X 0ND
BABES ENTERPRISES LIMITED,16262693,active,ltd,,,2025-02-19,,2025-02-19,[82990],85 Great Portland Street London United Kingdom W1W 7LT
DRIVER NEST LIMITED,16262970,active,ltd,,,2025-02-19,,2025-02-19,[78300],128 City Road London United Kingdom EC1V 2NX
LUXX CAFE CO LTD,16263312,active,ltd,,,2025-02-19,,2025-02-19,[10832, 47290],337 Archway Road London England N6 5AA
SMART TECH MESSAGING LTD,16263328,active,ltd,,,2025-02-19,,2025-02-19,[62012],128 City Road London United Kingdom EC1V 2NX
KRISH PROPERTY MAINTENANCE LTD,16263332,active,ltd,,,2025-02-19,,2025-02-19,[43341, 43999],61 Latymer Road London United Kingdom N9 9PQ
HORN LANE LIMITED,16263558,active,ltd,,,2025-02-19,,2025-02-19,[68100, 68320],Unit 4 Wellesley Court, Apsley Way London United Kingdom NW2 7HF
THE GREAT LESLIE BAND LTD,16264113,active,ltd,,,2025-02-19,,2025-02-19,[90010, 90020],124-128 City Road London England EC1V 2NX
IN CLEAR SIGHT LTD,16264117,active,ltd,,,2025-02-19,,2025-02-19,[99999],Athene House, Suite Q London United Kingdom NW7 3TD
MAID UP LONDON LIMITED,16264050,active,ltd,,,2025-02-19,,2025-02-19,[81210, 81222, 81229, 81299],57 Maple House Deptford United Kingdom SE8 4LT
5D LTD,16264061,active,ltd,,,2025-02-19,,2025-02-19,[62011],36c Warrington Crescent London United Kingdom W9 1EL
DANU UNDERGROUND SOLUTIONS LTD,16264088,active,ltd,,,2025-02-19,,2025-02-19,[71122],Broom House Hadleigh, Benfleet United Kingdom SS7 2QL
THESUPERPRIME LTD,16264126,active,ltd,,,2025-02-19,,2025-02-19,[58190, 73110, 73120],45 Albemarle Street London England W1S 4JL
FIVE9S CONSULTANCY LTD,16264499,active,ltd,,,2025-02-19,,2025-02-19,[62020],3rd Floor, 86-90 Paul Street London England EC2A 4NE
S&S REAL ESTATE HOLDINGS LTD,16264510,active,ltd,,,2025-02-19,,2025-02-19,[68100],3rd Floor, 86-90 Paul Street London England EC2A 4NE
BRISK TRADING GROUP LTD,16264511,active,ltd,,,2025-02-19,,2025-02-19,[47910],124-128 City Road London United Kingdom EC1V 2NX
VENTURE SHAPERS LTD,16265033,active,ltd,,,2025-02-20,,2025-02-20,[96090],7-10 Chandos Street London United Kingdom W1G 9DQ
STEADFAST SPECIALIST FINANCE LIMITED,16265037,active,ltd,,,2025-02-20,,2025-02-20,[64922],Aston House London United Kingdom N3 1LF
GREENSLEEVES PROPERTY GROUP LTD,16265303,active,ltd,,,2025-02-20,,2025-02-20,[68209],71-75 Shelton Street London United Kingdom WC2H 9JQ
HATIM PROPERTIES LTD,16265647,active,ltd,,,2025-02-20,,2025-02-20,[68100],Baptiste & Co, Tower 42 London England EC2N 1HN
EUNOÉ LIMITED,16265666,active,ltd,,,2025-02-20,,2025-02-20,[32120],42 Althorp Road London England SW17 7ED
SAVANNAH GRACEY LIMITED,16265598,active,ltd,,,2025-02-20,,2025-02-20,[74209],Afe Accountants Ltd Building 4 North London Business Park London England N11 1GN
NORDIC CONTRAST LTD,16265719,active,ltd,,,2025-02-20,,2025-02-20,[93130],60 Abbeville Road London England SW4 9NE
RAINER COTTON PROPERTY INVESTMENTS LIMITED,16266200,active,ltd,,,2025-02-20,,2025-02-20,[82990],71-75 Shelton Street London United Kingdom WC2H 9JQ
ZIONZAC PROPERTIES LIMITED,16266203,active,ltd,,,2025-02-20,,2025-02-20,[68100, 68209],46 Sunbury Avenue London England NW7 3SJ
TOFAYAL INTERNATIONAL LTD,16266171,active,ltd,,,2025-02-20,,2025-02-20,[46900],98 Commercial Road London England E1 1NU
MINDSET MORPH LIMITED,16266603,active,ltd,,,2025-02-20,,2025-02-20,[96090],75 Westow Hill London England SE19 1TX
PRESTIGE LIFESTYLE SOLUTIONS LTD,16266609,active,ltd,,,2025-02-20,,2025-02-20,[82990, 96090],Flat 4 165 Cromwell Road London England SW5 0SQ
HEARTY ITALIAN LTD,16266987,active,ltd,,,2025-02-21,,2025-02-21,[56290],17 Veronica Garden London United Kingdom SW16 5JR
DEERDYKES BIOENERGY HOLDINGS LIMITED,16267072,active,ltd,,,2025-02-21,,2025-02-21,[64209],2nd Floor 15 Davies Street London United Kingdom W1K 3AG
AK PIZZA LONDON LTD,16267309,active,ltd,,,2025-02-21,,2025-02-21,[56103],160 Upper Richmond Road West London England SW14 8AW
DUNSBOROUGH PARK LIMITED,16267284,active,ltd,,,2025-02-21,,2025-02-21,[68100],71-75 Shelton Street London United Kingdom WC2H 9JQ
J&P PROPERTIES JP LTD,16267551,active,ltd,,,2025-02-21,,2025-02-21,[68100],14 Marshalsea Road London England SE1 1HL
GRANDVIEW PROPERTY GROUP LTD,16267816,active,ltd,,,2025-02-21,,2025-02-21,[68201],128 City Road London United Kingdom EC1V 2NX
CHELSEA COLLECTIVE LTD,16262509,active,ltd,,,2025-02-19,,2025-02-19,[70229],1 Scena Way London England SE5 0BD
7C PROPERTIES LTD,16262517,active,ltd,,,2025-02-19,,2025-02-19,[68100, 68209, 68310, 68320],Office 11758 182-184 High Street North London United Kingdom E6 2JA
WAELY LAW LTD,16262465,active,ltd,,,2025-02-19,,2025-02-19,[69102],107-111 Fleet Street London United Kingdom EC4A 2AB
FINTECH MANAGEMENT LIMITED,16262468,active,ltd,,,2025-02-19,,2025-02-19,[62090, 70229],Flat A London England W3 0PL
SDTECHNOLOGIST LTD,16262751,active,ltd,,,2025-02-19,,2025-02-19,[62012, 62020],128 City Road London United Kingdom EC1V 2NX
PARNASS LTD,16262739,active,ltd,,,2025-02-19,,2025-02-19,[70229],20 Wenlock Road London England N1 7GU
API OLIVER INVESTMENTS LIMITED,16262736,active,ltd,,,2025-02-19,,2025-02-19,[99999],29 York Street London United Kingdom W1H 1EZ
ME AND OLJA LIMITED,16262738,active,ltd,,,2025-02-19,,2025-02-19,[64209],Vantage London Brentford United Kingdom TW8 9AG
NOTELIER LTD,16262724,active,ltd,,,2025-02-19,,2025-02-19,[17230, 47910],16 Upper Woburn Place London England WC1H 0AF
L & M BUILDING SERVICES LTD,16263045,active,ltd,,,2025-02-19,,2025-02-19,[41202],90a Walm Lane London England NW2 4QY
SIMPLE SOLUTIONS GLOBAL LTD,16263236,active,ltd,,,2025-02-19,,2025-02-19,[62090, 85590],20 Wenlock Road London England N1 7GU
ECHO CAFE LIMITED,16263380,active,ltd,,,2025-02-19,,2025-02-19,[56102],Flat 27 Cherry Court London England NW5 4AE
INFINITY CLIMATE SOLUTIONS LTD,16263622,active,ltd,,,2025-02-19,,2025-02-19,[43220],128 City Road London United Kingdom EC1V 2NX
CAMBIT LTD,16263596,active,ltd,,,2025-02-19,,2025-02-19,[62012, 62020, 70229, 82990],3rd Floor, 86-90 Paul Street London United Kingdom EC2A 4NE
19 MILTON STREET LTD,16263588,active,ltd,,,2025-02-19,,2025-02-19,[68100],1177a Finchley Road London United Kingdom NW11 0AA
IDENTOMAT LTD,16263604,active,ltd,,,2025-02-19,,2025-02-19,[58290],27 Old Gloucester Street London United Kingdom WC1N 3AX
PROCLICK RETAIL LTD,16264221,active,ltd,,,2025-02-19,,2025-02-19,[47910],Flat 15, Kindersley House London United Kingdom E1 1RR
C & S GROUP (LONDON) LTD,16264185,active,ltd,,,2025-02-19,,2025-02-19,[64209],286b Chase Road London England N14 6HF
HUG HAMPERS LTD,16264420,active,ltd,,,2025-02-19,,2025-02-19,[47910],14 London Street Folkestone England CT20 1RA
CLARENDON EDUCATION LTD,16264902,active,ltd,,,2025-02-20,,2025-02-20,[70229, 79909, 85590, 85600],71-75 Shelton Street London United Kingdom WC2H 9JQ
ORRO MEDIA LIMITED,16265243,active,ltd,,,2025-02-20,,2025-02-20,[73120],21 Parade Gardens London England E4 8BJ
SWIFTPESTPRODUCTS LTD,16266084,active,ltd,,,2025-02-20,,2025-02-20,[47910],4 Hildyard Road London United Kingdom SW6 1SQ
ALMOAJIL HOLDING LIMITED,16266511,active,ltd,,,2025-02-20,,2025-02-20,[68100, 68209],51 Sussex Square London England W2 2SP
DENIP LIMITED,16266508,active,ltd,,,2025-02-20,,2025-02-20,[68320],Bendall House London United Kingdom NW1 6TE
CLIQUE MEDIA LTD,16241391,active,ltd,,,2025-02-10,,2025-02-10,[59112],128 City Road London England EC1V 2NX
SKM VENDING LTD,16266921,active,ltd,,,2025-02-20,,2025-02-20,[46190],3rd Floor, 86-90 Paul Street London United Kingdom EC2A 4NE
ACES EXECUTIVE TOURS AND TRANSFERS LIMITED,16267740,active,ltd,,,2025-02-21,,2025-02-21,[49320],M W S, 601, Kingsridge House Westcliff-On-Sea United Kingdom SS0 9PE
RONNIES BLACK CAB LTD,16267735,active,ltd,,,2025-02-21,,2025-02-21,[56210],536 Rochester Way London England SE9 1SQ
EVOLVE DIGITAL LTD,16267758,active,ltd,,,2025-02-21,,2025-02-21,[62020, 62090],71-75 Shelton Street London United Kingdom WC2H 9JQ
BEDLAM ON STAGE LTD,16261529,active,ltd,,,2025-02-19,,2025-02-19,[90010],Noël Coward Theatre 85-88 St Martin's Ln London United Kingdom WC2N 4AU
TOWER UK HOLDINGS LIMITED,16261593,active,ltd,,,2025-02-19,,2025-02-19,[64209],17 Pennine Parade Pennine Drive London United Kingdom NW2 1NT
MISS ADELA BEAUTY LTD.,16261648,active,ltd,,,2025-02-19,,2025-02-19,[47910, 58190, 63120, 96020],5 Brayford Square London United Kingdom E1 0SG
JCJ PLUMBING AND HEATING LTD,16261701,active,ltd,,,2025-02-19,,2025-02-19,[43220],20 Wenlock Road London England N1 7GU
PILLARSTONE SERVICES LIMITED,16261688,active,ltd,,,2025-02-19,,2025-02-19,[43210, 43220, 43290, 81100],4th Floor, 4 Tabernacle Street London United Kingdom EC2A 4LU
THREADCHAIN LTD,16261685,active,ltd,,,2025-02-19,,2025-02-19,[46160, 58290, 62012, 63120],71-75 Shelton Street London United Kingdom WC2H 9JQ
KANKA AND BROS LTD,16261756,active,ltd,,,2025-02-19,,2025-02-19,[47640, 79110, 79120, 96090],Suite 8617 5 Brayford Square London United Kingdom E1 0SG
ATTWOOD PROPERTY INVESTMENTS LTD,16261811,active,ltd,,,2025-02-19,,2025-02-19,[68209],Flat 46 Millbrooke Court London England SW15 2RA
HIKMAX LTD,16261964,active,ltd,,,2025-02-19,,2025-02-19,[62012, 70229, 72190, 85600],128 City Road London United Kingdom EC1V 2NX
SOUL TRAIN EVENTS LTD,16261961,active,ltd,,,2025-02-19,,2025-02-19,[93290],64 Southwark Bridge Road London England SE1 0AS
DELI NAKED LTD,16257925,active,ltd,,,2025-02-17,,2025-02-17,[56102, 56290],128 City Road London United Kingdom EC1V 2NX
PUDSEY INVESTMENTS LTD,16262090,active,ltd,,,2025-02-19,,2025-02-19,[68100],1386 London Road Leigh On Sea England SS9 2UJ
NLT SPV LTD,16262085,active,ltd,,,2025-02-19,,2025-02-19,[68209],20 Wenlock Road London England N1 7GU
AI ADMINISTRATOR LTD,16262184,active,ltd,,,2025-02-19,,2025-02-19,[62012, 62020, 62090],128 City Road London United Kingdom EC1V 2NX
CITY CARS SERVICES LIMITED,16262204,active,ltd,,,2025-02-19,,2025-02-19,[45112],Unit M302 Trident Business Centre Tooting England SW17 9SH
122 SHIRLAND ROAD FREEHOLD COMPANY LIMITED,16255584,active,ltd,,,2025-02-17,,2025-02-17,[98000],122 Shirland Road London England W9 2BT
DELIGHT RESIDENTIAL PROPERTIES MK LIMITED,16262380,active,ltd,,,2025-02-19,,2025-02-19,[68209],71-75 Shelton Street London United Kingdom WC2H 9JQ
AZZURRI TECH LIMITED,16262396,active,ltd,,,2025-02-19,,2025-02-19,[58290, 62012, 72110],71-75 Shelton Street London United Kingdom WC2H 9JQ
HYDREM PROPERTIES LIMITED,16262575,active,ltd,,,2025-02-19,,2025-02-19,[68100, 68209, 68320],195-197 Wood Street London London United Kingdom E17 3NU
KOYTZOUMIS & CO LTD,16262545,active,ltd,,,2025-02-19,,2025-02-19,[68209],Seymour Chambers Liverpool England L3 5NW
MAHMY DIRECT LTD,16259865,active,ltd,,,2025-02-18,,2025-02-18,[47910],19 Thorold Road London England N22 8YE
YAM 25 LTD,16262606,active,ltd,,,2025-02-19,,2025-02-19,[68100, 68209, 68310, 68320],21a Dudden Hill Lane London England NW10 2ET
AEQUITAS RESEARCH UK LIMITED,16262784,active,ltd,,,2025-02-19,,2025-02-19,[64999],Unit D, 19 Heathmans House London United Kingdom SW6 4TJ
GRIDFIRE IP LIMITED,16262774,active,ltd,,,2025-02-19,,2025-02-19,[71122, 72190, 77400],85 Great Portland Street London England W1W 7LT
1 DAY DEVELOPMENT LIMITED,16262777,active,ltd,,,2025-02-19,,2025-02-19,[62011],86-90, 3rd Floor, Hdc Trading Limited Paul Street London United Kingdom EC2A 4NE
INFINITUM PROPERTIES LTD,16262955,active,ltd,,,2025-02-19,,2025-02-19,[68100, 68201, 68209, 68320],71-75 Shelton Street London United Kingdom WC2H 9JQ
NITA SOO LIMITED,16262937,active,ltd,,,2025-02-19,,2025-02-19,[47770],71-75 Shelton Street London United Kingdom WC2H 9JQ
KIPURE LTD,16263252,active,ltd,,,2025-02-19,,2025-02-19,[99999],Room D London United Kingdom E1 4XH
XP HUB LTD,16263246,active,ltd,,,2025-02-19,,2025-02-19,[47910, 82990],109 Great Russell Street London England WC1B 3LD
ZERO2FIVE RECRUITMENT LTD,16263675,active,ltd,,,2025-02-19,,2025-02-19,[78109],20 Wenlock Road London England N1 7GU
LA JOIE DE VIVRE TRAVEL LIMITED,16263696,active,ltd,,,2025-02-19,,2025-02-19,[79110, 79120, 79909, 96090],71-75 Shelton Street London United Kingdom WC2H 9JQ
BAILIE INVESTMENTS LTD,16263901,active,ltd,,,2025-02-19,,2025-02-19,[68100, 68209],286b Chase Road London England N14 6HF
MINDSET FOOTBALL CLUB LTD,16263917,active,ltd,,,2025-02-19,,2025-02-19,[85510],Flat 54 Priestman Point London England E3 3EZ
KATANSO SOLUTIONS LTD,16264296,active,ltd,,,2025-02-19,,2025-02-19,[62012],71-75 Shelton Street London England WC2H 9JQ
QUOTIENT SERVICES LTD,16264428,active,ltd,,,2025-02-19,,2025-02-19,[96090],128 City Road London United Kingdom EC1V 2NX
OAJ PLUMBING SOLUTIONS LTD,16264431,active,ltd,,,2025-02-19,,2025-02-19,[43220, 49320],Flat 25 Gladstone House London England SE10 9FF
E DOOLEY CONSULTING LIMITED,16265295,active,ltd,,,2025-02-20,,2025-02-20,[71129],414 Linen Hall London United Kingdom W1B 5TE
BLUEBELL CLUB LIMITED,16265294,active,ltd,,,2025-02-20,,2025-02-20,[90010],71-75 Shelton Street London United Kingdom WC2H 9JQ
JJK CONTRACTORS LTD,16265935,active,ltd,,,2025-02-20,,2025-02-20,[43220],77 Avery Hill Road London England SE9 2BJ
GIGIL PEREGRINE HOLDINGS LIMITED,16266374,active,ltd,,,2025-02-20,,2025-02-20,[64209],Ropemaker Place London United Kingdom EC2Y 9HD
STERLING SPACES LIMITED,16266647,active,ltd,,,2025-02-20,,2025-02-20,[68100, 68209, 82990],167-169 5th Floor Great Portland Street London England W1W 5PF
T3RRA LTD,16266973,active,ltd,,,2025-02-21,,2025-02-21,[62012],5 Stratford Place London England W1C 1AX
RODIN KEBABS LTD,16235730,active,ltd,,,2025-02-06,,2025-02-06,[56103],151 Hoxton Street London England N1 6PJ
PURE BALANCE GLOBAL LIMITED,16264366,active,ltd,,,2025-02-19,,2025-02-19,[47910],71-75 Shelton Street London United Kingdom WC2H 9JQ
ARCTURUS GLOBAL GROUP LTD,16264693,active,ltd,,,2025-02-20,,2025-02-20,[47990, 80100],71-75 Shelton Street London United Kingdom WC2H 9JQ
CLONICORE LIMITED,16264861,active,ltd,,,2025-02-20,,2025-02-20,[62012, 73110],71-75 Shelton Street London United Kingdom WC2H 9JQ
OPTIMAL ANGLE LTD,16264863,active,ltd,,,2025-02-20,,2025-02-20,[06100, 09100, 22230, 24200],71-75 Shelton Street London United Kingdom WC2H 9JQ
PERSIAN FOODS LIMITED,16265112,active,ltd,,,2025-02-20,,2025-02-20,[56103],Flat 3 Macbeth House London England N1 5JG
L DRIVING ACADEMY LTD,16265102,active,ltd,,,2025-02-20,,2025-02-20,[49390, 53201, 77110, 85530],11 Park View Crescent London England N11 1JY
JACOB MANU AND CO LIMITED,16265100,active,ltd,,,2025-02-20,,2025-02-20,[69201, 69202],Boardman House London England E15 1NT
DOLTA LTD,16265186,active,ltd,,,2025-02-20,,2025-02-20,[62012, 62020, 73110, 82990],86-90 Paul Street London England EC2A 4NE
ASHDON MECHANICAL LTD,16265208,active,ltd,,,2025-02-20,,2025-02-20,[43220, 43290],2 Ashdon Mews London England NW10 4EH
CAYA CONSULTING LTD,16265204,active,ltd,,,2025-02-20,,2025-02-20,[74909],Flat 1, 11 Rainhill Way London United Kingdom E3 3YW
EAST KENT CAR SALES LTD,16258079,active,ltd,,,2025-02-17,,2025-02-17,[45112],4th Floor Office London England W1B 4HB
BITMACS GROUP LIMITED,16265225,active,ltd,,,2025-02-20,,2025-02-20,[64209],Suite Ra01 195-197 Wood Street London United Kingdom E17 3NU
GROWTHX ANALYTICS LTD,16265226,active,ltd,,,2025-02-20,,2025-02-20,[62020],3rd Floor, 86-90 Paul Street London United Kingdom EC2A 4NE
12 NORTHBROOK ROAD LTD,16265235,active,ltd,,,2025-02-20,,2025-02-20,[68100, 68209, 68320],1 Giltspur Street London United Kingdom EC1A 9DD
FLAT 3 154 CLAPHAM MANOR STREET LTD,16265236,active,ltd,,,2025-02-20,,2025-02-20,[68100, 68209, 68320],1 Giltspur Street London United Kingdom EC1A 9DD
KOB GRAND VENTURES LTD,16265156,active,ltd,,,2025-02-20,,2025-02-20,[47190],81 Effra Road London England SW2 1DE
STAY WITH US PVNB LTD,16266350,active,ltd,,,2025-02-20,,2025-02-20,[68320],Flat 25, Ethel Brooks House London United Kingdom SE18 3SW
THIRTY6 CLEANING LTD,16266322,active,ltd,,,2025-02-20,,2025-02-20,[81210, 81299],21a Dudden Hill Lane London England NW10 2ET
LONICA LIMITED,16266324,active,ltd,,,2025-02-20,,2025-02-20,[62020],124-128 City Road London England EC1V 2NX
PERSONAL CHOICE LIVING LTD,16266338,active,ltd,,,2025-02-20,,2025-02-20,[68209],7 Firbank Close London England E16 3SP
SWIFT CART ALI LTD,16266667,active,ltd,,,2025-02-20,,2025-02-20,[47990],123 Chalkhill Road Wembley United Kingdom HA9 9AL
ADAM ELSHIMI LTD,16266958,active,ltd,,,2025-02-21,,2025-02-21,[62012, 62020, 63110, 70229],40 Cambridge Gardens London England W10 5UD
AWARE HOMES LTD,16266961,active,ltd,,,2025-02-21,,2025-02-21,[87200],4 Seasons Close London England W7 3SW
LANGLEY CARPENTRY & JOINERY LTD,16267256,active,ltd,,,2025-02-21,,2025-02-21,[16230],1 Brookside Way London England CR0 7RR
KINDERNEST LTD,16267240,active,ltd,,,2025-02-21,,2025-02-21,[81299, 88910],20 Wenlock Road London England N1 7GU
EVEREST VISTA LIMITED,16277205,active,ltd,,,2025-02-26,,2025-02-26,[79110, 79120, 79901],126 City Road London England EC1V 2NX
MOOSE & DERSIM LTD,16277441,active,ltd,,,2025-02-26,,2025-02-26,[68100, 68209],83 Lewis Place London England E8 1PQ
THE SCAI COMPANY LTD,16277500,active,ltd,,,2025-02-26,,2025-02-26,[77390],Delahay House London United Kingdom SW3 4LA
AUDIO MECHANIX LTD,16277516,active,ltd,,,2025-02-26,,2025-02-26,[90010, 90020, 90030, 90040],71-75 Shelton Street London United Kingdom WC2H 9JQ
UNITY 2B3 LTD,16277503,active,ltd,,,2025-02-26,,2025-02-26,[85600],309 Hoe Street Walthamstow London United Kingdom E17 9BG
GEM EVENTS & SAFETY LTD,16277872,active,ltd,,,2025-02-26,,2025-02-26,[70229],71-75 Shelton Street London United Kingdom WC2H 9JQ
J.M. EUROPE LIMITED,16277883,active,ltd,,,2025-02-26,,2025-02-26,[62020],128 City Road London United Kingdom EC1V 2NX
OMNI-VENDO LTD,16277838,active,ltd,,,2025-02-26,,2025-02-26,[46900, 47910],Flat 7 57 Lingham Street London England SW9 9HN
LIANOX LTD,16278198,active,ltd,,,2025-02-26,,2025-02-26,[47910],18a Ravens Road London United Kingdom E18 1HB
TANDEM DIABETES UK LIMITED,16278190,active,ltd,,,2025-02-26,,2025-02-26,[32500, 47749],C/O Company Secretarial Department London United Kingdom EC2M 4AG
CASTLEVIEW CONSULTANCY GROUP LTD,16278175,active,ltd,,,2025-02-26,,2025-02-26,[70229],Suite Ra01 195-197 Wood Street London United Kingdom E17 3NU
BANDRIGHT LTD,16278568,active,ltd,,,2025-02-26,,2025-02-26,[69201],3rd Floor, 86-90 Paul Street London United Kingdom EC2A 4NE
B&H SCAFFOLDING LTD,16278566,active,ltd,,,2025-02-26,,2025-02-26,[43991],70 Bounces Road London England N9 8JS
LAURA DONADIO CONSULTING LTD,16278546,active,ltd,,,2025-02-26,,2025-02-26,[82990],Apartment 1102 Mammoth Point 1 Pilots Walk London United Kingdom SW18 1UU
TRIX ENTERTAINMENT LIMITED,16279319,active,ltd,,,2025-02-26,,2025-02-26,[59200],27 Chanctonbury Way London England N12 7JB
SMALL SPACES DESIGN LTD,16279408,active,ltd,,,2025-02-26,,2025-02-26,[71111],Unit 20 The Circle London England SE1 2JE
73 CHESTNUT RISE LTD,16279669,active,ltd,,,2025-02-26,,2025-02-26,[68100],51 Daleview Road London England N15 6PL
CR ST GEORGE'S HILL BWH LIMITED,16279652,active,ltd,,,2025-02-26,,2025-02-26,[70221],33 Cavendish Square London United Kingdom W1G 0PW
BEST-ASSISTANT ACCOUNTING LIMITED,16279941,active,ltd,,,2025-02-26,,2025-02-26,[69201, 69202],Crown House London United Kingdom WC1N 3AX
PAYMENTS AGAIN LTD,16279938,active,ltd,,,2025-02-26,,2025-02-26,[62012, 62020, 62090, 66190],The Engine Room London United Kingdom SW11 8BZ
BE ENTITLED LTD,16279944,active,ltd,,,2025-02-26,,2025-02-26,[20411],Flat 4307 Icon Tower 8 Portal Way London England W3 6EH
COSYJOSY LIMITED,16279949,active,ltd,,,2025-02-26,,2025-02-26,[59112],805 Ambrose House 19 Circus Road West London United Kingdom SW11 8EL
SPARKWOOD COLLECTABLES LIMITED,16276554,active,ltd,,,2025-02-25,,2025-02-25,[47910],3rd Floor 86-90 Paul Street London England EC2A 4NE
AEROFAB LTD,16280099,active,ltd,,,2025-02-26,,2025-02-26,[71129],3rd Floor, 86-90 Paul Street London United Kingdom EC2A 4NE
SHIPLU FINE DINE LTD,16280786,active,ltd,,,2025-02-27,,2025-02-27,[56101],109 London Road Bexhill-On-Sea United Kingdom TN39 3LB
XIARA PROPERTIES LTD,16280975,active,ltd,,,2025-02-27,,2025-02-27,[68209],20 Wenlock Road London England N1 7GU
CINAR CAFE LTD,16280968,active,ltd,,,2025-02-27,,2025-02-27,[56102],112a High Street London England E17 7JY
LET TO BUY LTD,16264767,active,ltd,,,2025-02-20,,2025-02-20,[68100, 68209, 68310],Unit 4 2 Peace Street London England SE18 4HX
CHIC N CHIN LTD,16276812,active,ltd,,,2025-02-26,,2025-02-26,[56102, 56103],328 Green Street London United Kingdom E13 9AP
SAMATVA CAPITAL HOLDINGS LTD,16276814,active,ltd,,,2025-02-26,,2025-02-26,[70221],6 Spencer Walk London England NW3 1QZ
FRG PROPERTIES & INVESTMENT LTD,16226452,active,ltd,,,2025-02-03,,2025-02-03,[68100],24 Crescent Road London England N9 7QH
NEXT STOP STUDIOS LTD,16278401,active,ltd,,,2025-02-26,,2025-02-26,[47710, 62011],124 City Road London England EC1V 2NX
ENDURING DEFENCE LIMITED,16278429,active,ltd,,,2025-02-26,,2025-02-26,[58290],2nd Floor 55 London United Kingdom EC4M 7JW
RHM LIMITED,16278420,active,ltd,,,2025-02-26,,2025-02-26,[68100],8th Floor 1 Southampton Street London United Kingdom WC2R 0LR
SHEVTSIV FAMILY CONSTRUCTION LIMITED,16278623,active,ltd,,,2025-02-26,,2025-02-26,[43390],21 Golden Plover Close London United Kingdom E16 3EG
AK HOUSE CO., LTD.,16278630,active,ltd,,,2025-02-26,,2025-02-26,[46499, 46900, 47789],128 City Road London United Kingdom EC1V 2NX
RGHTGN.UK LIMITED,16278618,active,ltd,,,2025-02-26,,2025-02-26,[62090],119 Woodland Way London England N21 3PY
RADS WORLDWIDE LTD,16227252,active,ltd,,,2025-02-04,,2025-02-04,[59111, 77110, 90010, 90020],27 Old Gloucester Street London United Kingdom WC1N 3AX
X50 UK LTD,16279897,active,ltd,,,2025-02-26,,2025-02-26,[70229],86-90 Paul Street London England EC2A 4NE
ZEPHYRALONDON LTD,16280052,active,ltd,,,2025-02-26,,2025-02-26,[47990],3rd Floor, 86-90 Paul Street London England EC2A 4NE
JOE PRAISE TECHNOLOGIES LIMITED,16280394,active,ltd,,,2025-02-27,,2025-02-27,[62012, 62020, 62090, 63110],3rd Floor, 86-90 Paul Street London England EC2A 4NE
JUNG VON MATT LONDON LTD,16280409,active,ltd,,,2025-02-27,,2025-02-27,[73110],Shoreditch Works, 2-20 Scrutton Street London England EC2A 4RJ
LISA FLAWITH LIMITED,16280619,active,ltd,,,2025-02-27,,2025-02-27,[74100],Studio 8 229 Shoreditch High Street London England E1 6PJ
QUANTASPHERE LTD,16278528,active,ltd,,,2025-02-26,,2025-02-26,[71122],128 City Road London United Kingdom EC1V 2NX
HAGNOS LIMITED,16278524,active,ltd,,,2025-02-26,,2025-02-26,[47910, 63120, 82990, 96090],167 - 169 Great Portland Street London England W1W 5PF
DEVONSHIRE TWO LIMITED,16278947,active,ltd,,,2025-02-26,,2025-02-26,[70229],1 Britton Terrace London England W7 3AY
LOVE CHURCH LTD,16278971,active,ltd,,,2025-02-26,,2025-02-26,[85590, 88990, 94910, 96090],57 Leverton Close London England N22 7BT
GG ECOM LTD,16279094,active,ltd,,,2025-02-26,,2025-02-26,[47910],284 Chase Road London United Kingdom N14 6HF
DR TOOTH FAIRY LIMITED,16279116,active,ltd,,,2025-02-26,,2025-02-26,[86230],85 Great Portland Street London England W1W 7LT
NNH LIMITED,16279675,active,ltd,,,2025-02-26,,2025-02-26,[68100, 68209],19a Upper Tooting Road London England SW17 7TS
BEANZ LTD,16279846,active,ltd,,,2025-02-26,,2025-02-26,[49390, 96090],128 City Road London United Kingdom EC1V 2NX
AAFO LTD,16279852,active,ltd,,,2025-02-26,,2025-02-26,[68209],128 City Road London United Kingdom EC1V 2NX
ZZJB LIMITED,16279855,active,ltd,,,2025-02-26,,2025-02-26,[68100, 68209, 68320],962 Eastern Avenue Ilford England IG2 7JD
TEU EDUCATION LIMITED,16279858,active,ltd,,,2025-02-26,,2025-02-26,[85310],10 London Road Morden United Kingdom SM4 5BQ
MEGA.AI LIMITED,16280311,active,ltd,,,2025-02-27,,2025-02-27,[58290],71-75 Shelton Street London United Kingdom WC2H 9JQ
KILHAN HOLDINGS LIMITED,16280540,active,ltd,,,2025-02-27,,2025-02-27,[68209],Unit 3 Technology Park London United Kingdom NW9 6BX
ACCOUNTAX STRATEGIC PARTNERS LTD,16280836,active,ltd,,,2025-02-27,,2025-02-27,[69201, 69202, 69203],41 Willesden Lane London England NW6 7RF
K&B CAPITAL LTD,16280810,active,ltd,,,2025-02-27,,2025-02-27,[64209],71-75 Shelton Street London United Kingdom WC2H 9JQ
PRO NAILS AND BEAUTY LTD,16280811,active,ltd,,,2025-02-27,,2025-02-27,[96020],229 Streatham High Road London England SW16 6EN
LONDON PCO CARS LTD,16280808,active,ltd,,,2025-02-27,,2025-02-27,[77110],Unit 12 176 West Hendon Broadway London United Kingdom NW9 7AA
FITZHERBERTS INC LTD,16280957,active,ltd,,,2025-02-27,,2025-02-27,[59111],Third Floor London United Kingdom W1D 1LP
OYSTER MEDICAL SERVICES LTD,16276839,active,ltd,,,2025-02-26,,2025-02-26,[78109, 78200, 96090],128 City Road London United Kingdom EC1V 2NX
CARDISPRO EUROPE LIMITED,16276879,active,ltd,,,2025-02-26,,2025-02-26,[45200, 74100],1 Beaufort Gardens London United Kingdom NW4 3QN
CREW2GO LTD,16276874,active,ltd,,,2025-02-26,,2025-02-26,[78200, 78300],20 Wenlock Road London England N1 7GU
DETROIT FRANCHISING LTD,16277289,active,ltd,,,2025-02-26,,2025-02-26,[96090],20 Wenlock Road London England N1 7GU
SMALL CHANGE RECORDS LTD,16277551,active,ltd,,,2025-02-26,,2025-02-26,[59200],401 Charles Hayward Building London United Kingdom E2 8FU
NATURAL EXCELLENCE LTD,16277825,active,ltd,,,2025-02-26,,2025-02-26,[47910],23 Warwick Grove London United Kingdom E5 9HX
MULMET INTERNATIONAL LTD,16278471,active,ltd,,,2025-02-26,,2025-02-26,[14190],71-75 Shelton Street London United Kingdom WC2H 9JQ
CALDECOTTE LAKE BUILDING 1 LIMITED,16278452,active,ltd,,,2025-02-26,,2025-02-26,[68100],Unit 1 Hawthorn Business Park London England NW2 2AZ
PROPERTYLAWYERS4YOU LTD,16278937,active,ltd,,,2025-02-26,,2025-02-26,[96090],71-75 Shelton Street London United Kingdom WC2H 9JQ
JETCOAST LTD,16279212,active,ltd,,,2025-02-26,,2025-02-26,[58190],3rd Floor, 86-90 Paul Street London United Kingdom EC2A 4NE
MADISON NICOLE CONSULTING LTD,16279209,active,ltd,,,2025-02-26,,2025-02-26,[70229],3rd Floor, 86-90 Paul Street London United Kingdom EC2A 4NE
VOST'S MEDIA LTD,16279393,active,ltd,,,2025-02-26,,2025-02-26,[59112],310 High Road London England N22 8JR
DAY AT THE RACES LIMITED,16279733,active,ltd,,,2025-02-26,,2025-02-26,[96090],Cloister Court 22-26 Farringdon Lane London England EC1R 3AJ
JONONI LIMITED,16249743,active,ltd,,,2025-02-13,,2025-02-13,[47910],423a High Street North London England E12 6TL
MEDI-BENCE SERVICING LIMITED,16280170,active,ltd,,,2025-02-27,,2025-02-27,[33170, 45200],1 Kings Avenue London United Kingdom N21 3NA
NEUROWAVE CLINIC LTD,16280438,active,ltd,,,2025-02-27,,2025-02-27,[86220],71-75 Shelton Street London United Kingdom WC2H 9JQ
STRUCTODESIGN LTD,16280424,active,ltd,,,2025-02-27,,2025-02-27,[43290],40a Windsor Close 33 Punam Apartaments London United Kingdom HA6 1FD
UNIVERSAL CONCEPT MERCHANDISE AND CATERING LTD,16280644,active,ltd,,,2025-02-27,,2025-02-27,[46160, 47990],85 Great Portland Street London United Kingdom W1W 7LT
PROPERTY MASTERS GROUP LTD,16276942,active,ltd,,,2025-02-26,,2025-02-26,[68100, 68209],71-75 Shelton Street London United Kingdom WC2H 9JQ
CIA LUXE LIMITED,16277080,active,ltd,,,2025-02-26,,2025-02-26,[49320],12 Sunny Crescent London United Kingdom NW10 0RB
EMILY BRONTE LIMITED,16277346,active,ltd,,,2025-02-26,,2025-02-26,[47910],20 Wenlock Road London England N1 7GU
UK LITPET BIOTECH CO. LTD,16277341,active,ltd,,,2025-02-26,,2025-02-26,[96090],Suite 1, 7th Floor 50 Broadway London United Kingdom SW1H 0DB
ORCADIA FILM LTD,16277739,active,ltd,,,2025-02-26,,2025-02-26,[59111],Suite 5 39-41 Chase Side Southgate United Kingdom N14 5BP
ER PROPERTY HUB LTD,16277737,active,ltd,,,2025-02-26,,2025-02-26,[68209],20 Wenlock Road London England N1 7GU
PINKY BRAIN LIMITED,16278049,active,ltd,,,2025-02-26,,2025-02-26,[62012, 62020],43 Wiltshire House Avenue Road London England W3 8YS
ACADIA HOLDINGS LIMITED,16278359,active,ltd,,,2025-02-26,,2025-02-26,[64209],127 Trinity Road London England SW17 7HJ
T NORKETT INVESTMENTS LTD,16278638,active,ltd,,,2025-02-26,,2025-02-26,[68209],Afe Accountants Ltd Building 4 North London Business Park London United Kingdom N11 1GN
THE BLOOM ROOM BEDWORTH LTD,16278827,active,ltd,,,2025-02-26,,2025-02-26,[47760, 47910],3rd Floor, 86-90 Paul Street London England EC2A 4NE
NUWADER LTD,16278838,active,ltd,,,2025-02-26,,2025-02-26,[47910],128 City Road London United Kingdom EC1V 2NX
M&TOGETHER LTD,16279352,active,ltd,,,2025-02-26,,2025-02-26,[47910],145 Hermit Road London England E16 4LE
WEST STREET DA LTD,16279591,active,ltd,,,2025-02-26,,2025-02-26,[41100, 68100, 68209],133 West Hendon Broadway London England NW9 7DY
COHOMES LTD,16279571,active,ltd,,,2025-02-26,,2025-02-26,[68209, 68320, 98000],Flat 31 Frans Hals Court London England E14 3UX
NOIA FILMS LTD,16279582,active,ltd,,,2025-02-26,,2025-02-26,[59112],Arch 496a Rathgar Road London England SW9 7EP
OHR AMHURST HOTEL LIMITED,16279704,active,ltd,,,2025-02-26,,2025-02-26,[55100],121 Clapton Common London England E5 9AB
CONSCIOUS CONNECTED CARE LIMITED,16279823,active,ltd,,,2025-02-26,,2025-02-26,[85590, 86900],85 Great Portland Street London United Kingdom W1W 7LT
HANDYCRAFTNEPUK LTD,16279818,active,ltd,,,2025-02-26,,2025-02-26,[47910],Flat 11 Buttermere House London England E3 4PR
ILIFFE INTEGRITY SERVICES LTD,16280465,active,ltd,,,2025-02-27,,2025-02-27,[82990],35 Hudson Apartments Chadwell Lane London United Kingdom N8 7RW
LINELAB UK LTD,16280457,active,ltd,,,2025-02-27,,2025-02-27,[62012],71-75 Shelton Street London United Kingdom WC2H 9JQ
TREAT YOUR NAILS LTD,16280460,active,ltd,,,2025-02-27,,2025-02-27,[96020],Flat 15 Farnley House London England SW8 2RT
JAMANI & SONS LIMITED,16280481,active,ltd,,,2025-02-27,,2025-02-27,[68100, 68209, 68320],255-261 Horn Lane London England W3 9EH
NEUROSIMPLY LTD,16278762,active,ltd,,,2025-02-26,,2025-02-26,[70229],71-75 Shelton Street London United Kingdom WC2H 9JQ
MUFUDZI GLOBAL SOLUTIONS LTD,16280492,active,ltd,,,2025-02-27,,2025-02-27,[73110, 82990],20 Wenlock Road London England N1 7GU
PEOPLE SIGNALS LTD,16280733,active,ltd,,,2025-02-27,,2025-02-27,[63110],71-75 Shelton Street London United Kingdom WC2H 9JQ
FERDINAND HOLDINGS LIMITED,16280706,active,ltd,,,2025-02-27,,2025-02-27,[68100],46 Great Marlborough Street London England W1F 7JW
GULLO LTD,16280697,active,ltd,,,2025-02-27,,2025-02-27,[56103],500 White Hart Lane London England N17 7NA
UNICORNY LTD,16280719,active,ltd,,,2025-02-27,,2025-02-27,[47250],124 Arlington Road London England N14 5AT
WHITE WATER GOLD LTD,16256714,active,ltd,,,2025-02-17,,2025-02-17,[09900],4th Floor, 49 St James Street London England SW1A 1JT
L&P VENTURES LTD,16277536,active,ltd,,,2025-02-26,,2025-02-26,[68100, 68209, 68320],71-75 Shelton Street London United Kingdom WC2H 9JQ
HDG ESTATES LIMITED,16277713,active,ltd,,,2025-02-26,,2025-02-26,[68100, 68209],Churchill House London United Kingdom NW4 4DJ
RD INVESTORS LTD,16277899,active,ltd,,,2025-02-26,,2025-02-26,[68320],167-169 Great Portland Street London England W1W 5PF
PRIMER LOGISTICS LTD,16277920,active,ltd,,,2025-02-26,,2025-02-26,[49410],164 West Hendon Broadway London United Kingdom NW9 7AA
THE ARMOURY.IO LTD,16277889,active,ltd,,,2025-02-26,,2025-02-26,[85600],124 City  Road London United Kingdom EC1V 2NX
NEXTGEN X TALENT LTD,16278329,active,ltd,,,2025-02-26,,2025-02-26,[78109],3rd Floor, 86-90 Paul Street London United Kingdom EC2A 4NE
RAFA FILM LTD,16278692,active,ltd,,,2025-02-26,,2025-02-26,[59112, 59120, 62011, 73110],Demsa Accounts London England N8 0RL
SCALP MASTERS LTD,16278681,active,ltd,,,2025-02-26,,2025-02-26,[96020],27 Old Gloucester Street London England WC1N 3AX
CYBERMH LTD,16278796,active,ltd,,,2025-02-26,,2025-02-26,[62020],71-75 Shelton Street London United Kingdom WC2H 9JQ
THE TRIANGLE KINGSTON LTD,16278779,active,ltd,,,2025-02-26,,2025-02-26,[68100],The Mews London England SW15 1HL
RELENTLESS ECOM LTD,16278801,active,ltd,,,2025-02-26,,2025-02-26,[47190],71-75 Shelton Street London United Kingdom WC2H 9JQ
TOAD INVESTMENTS LTD,16278764,active,ltd,,,2025-02-26,,2025-02-26,[64306],20 Wenlock Road London England N1 7GU
POPLAR FRESH LTD,16279258,active,ltd,,,2025-02-26,,2025-02-26,[47250],121 -123 Poplar High Street London England E14 0AE
MAVE COMMERCE LTD,16279249,active,ltd,,,2025-02-26,,2025-02-26,[47910],29627 Office Suite 29a, 3/F 23 Wharf Street London England SE8 3GG
KAYZANNY HOME SOLUTIONS LTD,16279334,active,ltd,,,2025-02-26,,2025-02-26,[68201],71-75 Shelton Street London United Kingdom WC2H 9JQ
FOCUS SPV6 LIMITED,16279330,active,ltd,,,2025-02-26,,2025-02-26,[68209],101 New Cavendish Street London United Kingdom W1W 6XH
GREEN BUILDING SOLUTIONS LTD,16279341,active,ltd,,,2025-02-26,,2025-02-26,[41201, 41202],17 Norman Road London United Kingdom E6 6HN
HAVNLY LTD,16279325,active,ltd,,,2025-02-26,,2025-02-26,[55100, 68209, 68320],71-75 Shelton Street London United Kingdom WC2H 9JQ
ALLIED SUNDAR COMPANY LTD.,16279490,active,ltd,,,2025-02-26,,2025-02-26,[46150],41 Devonshire Street Ground Floor Office 1 London United Kingdom W1G 7AJ
DELIGHT RACING LTD,16279501,active,ltd,,,2025-02-26,,2025-02-26,[93120, 93199],128 City Road London United Kingdom EC1V 2NX
TATEAMBER LTD,16279749,active,ltd,,,2025-02-26,,2025-02-26,[68100],Afs Accountants Ltd 1st Floor Office, Wolfe Garage Westerham United Kingdom TN16 2NJ
ADDIT.AI LTD,16279964,active,ltd,,,2025-02-26,,2025-02-26,[62012],124-128 City Road London England EC1V 2NX
DERMACIA LONDON LTD,16280196,active,ltd,,,2025-02-27,,2025-02-27,[47730],35 Grafton Way London England W1T 5DB
BEAST SCAFFOLD SUPPLIES LTD,16280277,active,ltd,,,2025-02-27,,2025-02-27,[43999],109 Westbury Road Northwood England HA6 3DA
ACTXION LTD,16280278,active,ltd,,,2025-02-27,,2025-02-27,[73110],6 Claremont Street London England E16 2LW
A&R TRADING INC LTD,16280267,active,ltd,,,2025-02-27,,2025-02-27,[47910],128 City Road London United Kingdom EC1V 2NX
BLAU PUMPKIN LTD,16280266,active,ltd,,,2025-02-27,,2025-02-27,[59112, 73120, 74201, 74203],128 City Road London United Kingdom EC1V 2NX
EVERFRESH LAUNDRY LTD,16280349,active,ltd,,,2025-02-27,,2025-02-27,[96010],3rd Floor, 86-90 Paul Street London United Kingdom EC2A 4NE
OLIMAX PROPERTY IMPROVEMENTS LTD,16280580,active,ltd,,,2025-02-27,,2025-02-27,[41100, 43390],286b Chase Road London England N14 6HF
SEWARDSTONE PARK CEMETERY AND CREMATORIUM LTD,16279605,active,ltd,,,2025-02-26,,2025-02-26,[68209],Unit 1 Netherhouse Farm Chingford United Kingdom E4 7RJ
REDEEM THERAPY LTD,16281427,active,ltd,,,2025-02-27,,2025-02-27,[86900],483 Green Lanes London England N13 4BS
BIZONAIRE LTD,16281585,active,ltd,,,2025-02-27,,2025-02-27,[69203, 70229, 74909, 82990],20 Wenlock Road London England N1 7GU
AUMA ONE LTD,16281593,active,ltd,,,2025-02-27,,2025-02-27,[68100, 68209],221-223 Wimbledon Park Road London United Kingdom SW18 5RH
GLOBAL RESILIENCE MANAGEMENT LTD,16281833,active,ltd,,,2025-02-27,,2025-02-27,[70229],103 Copse Hill London England SW20 0NR
GDV FREEHOLD - 3 (TW11 9EQ) LTD,16282040,active,ltd,,,2025-02-27,,2025-02-27,[68209],167-169 Great Portland Street London England W1W 5PF
FLUID FLEET LTD,16282522,active,ltd,,,2025-02-28,,2025-02-28,[77110],20 Wenlock Road London England N1 7GU
EDGAR PROSPEAROUS LTD,16282526,active,ltd,,,2025-02-28,,2025-02-28,[68310],20 Wenlock Road London England N1 7GU
RS LABS LTD,16282616,active,ltd,,,2025-02-28,,2025-02-28,[62012],128 City Road London United Kingdom EC1V 2NX
BOW MORTGAGE FUNDING LIMITED,16282870,active,ltd,,,2025-02-28,,2025-02-28,[64999],10th Floor 5 Churchill Place London United Kingdom E14 5HU
BURKEVEST CORPORATION LTD,16283033,active,ltd,,,2025-02-28,,2025-02-28,[82990],Level 5a Maple House London United Kingdom W1T 7NF
BOTANICAL INNOVATIONS AND SUSTAINABILITY COMPANY LTD,16283003,active,ltd,,,2025-02-28,,2025-02-28,[01300, 47760, 74901, 74909],Flat 57 Sumner House London England E3 3RB
CL NEWSOME LTD,16283045,active,ltd,,,2025-02-28,,2025-02-28,[68100],Suite 41 Chiltern Place London United Kingdom W1U 4EJ
AVANTE OPULENT HAIR LTD,16283025,active,ltd,,,2025-02-28,,2025-02-28,[96020],3rd Floor, 86-90 Paul Street London England EC2A 4NE
SOUTH REALTY LIMITED,16283008,active,ltd,,,2025-02-28,,2025-02-28,[68310, 68320],318 Barking Road London England E13 8HL
FIDELLO LTD,16283527,active,ltd,,,2025-02-28,,2025-02-28,[46900, 47910],63 Highstone Mansions 84 Camden Road London England NW1 9DY
HANANG (UK) LIMITED,16283621,active,ltd,,,2025-02-28,,2025-02-28,[82990],1 Princeton Mews Kingston Upon Thames United Kingdom KT2 6PT
ARES PROJECTS MANAGEMENT LTD,16283620,active,ltd,,,2025-02-28,,2025-02-28,[74909],71-75 Shelton Street London United Kingdom WC2H 9JQ
JOANNE DAWN GURNEY LTD,16283638,active,ltd,,,2025-02-28,,2025-02-28,[99999],281 Harrow Rd Leytonstone United Kingdom E11 3QA
THE MINDFUL COACH LTD,16283643,active,ltd,,,2025-02-28,,2025-02-28,[96040],128 City Road London United Kingdom EC1V 2NX
HORIZON BRIDGE GLOBAL SERVICES LTD,16283605,active,ltd,,,2025-02-28,,2025-02-28,[62090, 70229, 78300, 82110],20 Wenlock Road London England N1 7GU
RECRUITMENTAI LIMITED,16283803,active,ltd,,,2025-02-28,,2025-02-28,[99999],58 Foxes Dale London United Kingdom SE3 9BQ
CHLOE BUSBY LIMITED,16283870,active,ltd,,,2025-02-28,,2025-02-28,[47610],Studio 4 88 Peterborough Road London England SW6 3HH
CHOOZY HEALTH LTD,16283987,active,ltd,,,2025-02-28,,2025-02-28,[47290],3rd Floor, 86-90 Paul Street London United Kingdom EC2A 4NE
PROTOTYPE STUDIO LIMITED,16284013,active,ltd,,,2025-02-28,,2025-02-28,[71111],20 Wenlock Road London England N1 7GU
AMDARI LIMITED,16284016,active,ltd,,,2025-02-28,,2025-02-28,[62020, 70229, 85600],128 City Road London United Kingdom EC1V 2NX
SOLÈME LTD,16284162,active,ltd,,,2025-02-28,,2025-02-28,[46450],Gd39 College Hall London England WC1E 7HZ
LUXE CROWN LIMITED,16284581,active,ltd,,,2025-02-28,,2025-02-28,[68320],72b George Lane London England E18 1JJ
MAJESTIC GRACE INVESTMENTS LTD,16284664,active,ltd,,,2025-02-28,,2025-02-28,[68100],2a Crampton Road London England SE20 7AT
CAPITAL CLEARANCE & WASTE MANAGEMENT LTD,16281130,active,ltd,,,2025-02-27,,2025-02-27,[38110, 38210, 39000],71-75 Shelton Street London United Kingdom WC2H 9JQ
NG BRANDS LTD,16281108,active,ltd,,,2025-02-27,,2025-02-27,[47910],128 City Road London United Kingdom EC1V 2NX
INKY PROPERTY MANAGEMENT LTD,16281128,active,ltd,,,2025-02-27,,2025-02-27,[68100, 68209],8 Hyde Farm Mews London United Kingdom SW12 0QB
ORLECA LTD,16281127,active,ltd,,,2025-02-27,,2025-02-27,[47910, 62020, 62090, 73110],71-75 Shelton Street London United Kingdom WC2H 9JQ
THREE LUCAS LIMITED,16281459,active,ltd,,,2025-02-27,,2025-02-27,[68100],3 Coleridge Gardens London England SW10 0RT
GEEK BUILD LTD,16281933,active,ltd,,,2025-02-27,,2025-02-27,[43390],3rd Floor, 86-90 Paul Street London England EC2A 4NE
S&Y CONSTRUCTION LTD,16282081,active,ltd,,,2025-02-27,,2025-02-27,[41201, 41202, 43390],30 Stow Crescent London England E17 5EG
SOL CONSTRUCTION LTD,16282455,active,ltd,,,2025-02-27,,2025-02-27,[41202],133 New Park Avenue London United Kingdom N13 5NA
UK INTELLIGENT ADVISER LTD,16282679,active,ltd,,,2025-02-28,,2025-02-28,[62012],First Floor Office London United Kingdom W8 4LZ
AKH'S AUTO LAB LIMITED,16282909,active,ltd,,,2025-02-28,,2025-02-28,[45112, 45200],8 Caledon Road St. Albans England AL2 1PB
CULTURE SHOT UK LTD,16225574,active,ltd,,,2025-02-03,,2025-02-03,[56290],71-75 Shelton Street London England WC2H 9JQ
BLACKHEATH CONSULTING GROUP LTD,16283137,active,ltd,,,2025-02-28,,2025-02-28,[78109],19 Cuff Crescent London England SE9 5RF
MOSELY PROPERTIES LTD,16283340,active,ltd,,,2025-02-28,,2025-02-28,[68100, 68209],128 City Road London United Kingdom EC1V 2NX
BH THIRLMERE 3 LTD,16283300,active,ltd,,,2025-02-28,,2025-02-28,[68100],151 Castlewood Road London United Kingdom N15 6BD
NOVA BYTES SYSTEMS LTD,16283301,active,ltd,,,2025-02-28,,2025-02-28,[82990],20 Wenlock Road London England N1 7GU
TRANSFORM LONDON LTD,16283918,active,ltd,,,2025-02-28,,2025-02-28,[62020, 62090, 63120],71-75 Shelton Street London United Kingdom WC2H 9JQ
TADLEY ESTATES LTD,16283914,active,ltd,,,2025-02-28,,2025-02-28,[68100],C/O 32 Castlewood Road London United Kingdom N16 6DW
LEVI AP LTD,16284414,active,ltd,,,2025-02-28,,2025-02-28,[85310, 85510, 85590, 85600],225 Tylecroft Road London England SW16 4TD
DOMINION CITY NEWCASTLE LTD,16284773,active,ltd,,,2025-02-28,,2025-02-28,[70210, 88100, 88990, 94910],3rd Floor, 86-90 Paul Street London England EC2A 4NE
FOTOLAB AI LIMITED,16281018,active,ltd,,,2025-02-27,,2025-02-27,[62012],167 - 169 Great Portland Street London England W1W 5PF
WEST END CLUELESS INVESTMENT LIMITED,16281021,active,ltd,,,2025-02-27,,2025-02-27,[90010],6th Floor Charlotte Building London United Kingdom W1T 1QL
CENTRAL PARADE INV LTD,16281213,active,ltd,,,2025-02-27,,2025-02-27,[68209],143b Clapton Common London United Kingdom E5 9AE
BLOEM VENTURES LTD,16281233,active,ltd,,,2025-02-27,,2025-02-27,[70229],Flat 5 113 Chandler Way London United Kingdom SE15 6GB
NOT NORMAL GROUP LIMITED,16281354,active,ltd,,,2025-02-27,,2025-02-27,[82990],Floor 5 Bfi Building London United Kingdom W1T 1LN
MND ESTATES LTD,16281517,active,ltd,,,2025-02-27,,2025-02-27,[68209],31 East Bank London England N16 5QS
BEAUTIFULBYBLAIR LTD,16281533,active,ltd,,,2025-02-27,,2025-02-27,[96020],13 Reculver Road London England SE16 2RW
SPIIN STUDIO LTD,16281519,active,ltd,,,2025-02-27,,2025-02-27,[93130],1 Raeburn Close London England NW11 6UE
DOSA CHASKA LTD,16281713,active,ltd,,,2025-02-27,,2025-02-27,[56103, 56210, 56290],3rd Floor, 86-90 Paul Street London England EC2A 4NE
FALCON PSC LIMITED,16281734,active,ltd,,,2025-02-27,,2025-02-27,[70229],2nd Floor College House Ruislip, United Kingdom HA4 7AE
OVERCLIFF ONE LIMITED,16281888,active,ltd,,,2025-02-27,,2025-02-27,[68209],147 Stamford Hill London England N16 5LG
MOON CHELSEA LTD,16281878,active,ltd,,,2025-02-27,,2025-02-27,[56101],33h Kings Road London England SW3 4LX
GDV FREEHOLD - 1 (TW11 9EQ) LTD,16282007,active,ltd,,,2025-02-27,,2025-02-27,[68209],167-169 Great Portland Street London England W1W 5PF
ESMERALDA VERDE LIMITED,16280368,active,ltd,,,2025-02-27,,2025-02-27,[68209],36 Whitehall Road London England E4 6DH
CAPITAL A PROPERTIES LTD,16282143,active,ltd,,,2025-02-27,,2025-02-27,[68100, 68209],124 City Road London England EC1V 2NX
BOK FACADE LTD,16282207,active,ltd,,,2025-02-27,,2025-02-27,[41201, 41202],49 Alexandra Street London England E16 4DL
VELORTA BK LTD,16282556,active,ltd,,,2025-02-28,,2025-02-28,[94200, 94920, 95110],71-75 Shelton Street London United Kingdom WC2H 9JQ
ORBION GROUP LTD,16282763,active,ltd,,,2025-02-28,,2025-02-28,[59112, 62090, 70210, 73110],71-75 Shelton Street London United Kingdom WC2H 9JQ
XCHANGE LTD,16282986,active,ltd,,,2025-02-28,,2025-02-28,[99999],Company-For-Sale.Co.Uk, 411 Oxford Street London United Kingdom W1C 2PE
RAW GROUP SUB 1 LTD,16283256,active,ltd,,,2025-02-28,,2025-02-28,[68209],Acorn House London United Kingdom W3 6AY
MEGO WALTHAM 1 LTD,16283257,active,ltd,,,2025-02-28,,2025-02-28,[56102],215 High Street London England E17 7BH
LAIBEN LTD,16283277,active,ltd,,,2025-02-28,,2025-02-28,[68209],179 Kyverdale Road London United Kingdom N16 6PS
JAQUES LIMITED,16283285,active,ltd,,,2025-02-28,,2025-02-28,[98000],5 Ashburn Gardens London England SW7 4DG
DAVID JOSEPH LTD,16283503,active,ltd,,,2025-02-28,,2025-02-28,[99999],281 Harrow Road Leytonstone United Kingdom E11 3QA
RADA PRO LTD,16276614,active,ltd,,,2025-02-25,,2025-02-25,[69109, 70229, 82990, 96090],167-169 Great Portland Street London England W1W 5PF
SUSTAINABLE GROWTH AGENCY LTD,16283757,active,ltd,,,2025-02-28,,2025-02-28,[70229, 85320, 85600],128 City Road London United Kingdom EC1V 2NX
OMNIO SERVICES LTD,16284140,active,ltd,,,2025-02-28,,2025-02-28,[70229],C/O Azets Burnham Yard Beaconsfield United Kingdom HP9 2JH
STEP BY STEP CLINICAL PSYCHOLOGY LTD,16284124,active,ltd,,,2025-02-28,,2025-02-28,[86900],545a Battersea Park Road London England SW11 3BL
SELIGE DESIGN LTD,16284416,active,ltd,,,2025-02-28,,2025-02-28,[74100],386 Caledonian Road London United Kingdom N1 1DY
ILIS JEWELS LTD,16284601,active,ltd,,,2025-02-28,,2025-02-28,[47910],167-169 Great Portland Street London England W1W 5PF
DOBRIN ELITE LIMITED,16284666,active,ltd,,,2025-02-28,,2025-02-28,[41202, 49410],3 Eynsham Drive London England SE2 9QX
NASI ISDA ALDGATE LTD,16284718,active,ltd,,,2025-02-28,,2025-02-28,[56102],Unit 19 1-13 Adler Street London England E1 1EG
QUANTRIO LTD,16284794,active,ltd,,,2025-02-28,,2025-02-28,[47910, 74909],30 Riverhead Close London England E17 5PY
OIZ CAPITAL REALTY LTD,16281186,active,ltd,,,2025-02-27,,2025-02-27,[68100],63a Elm Park Avenue London England N15 6UN
PB HOLDCO LIMITED,16281181,active,ltd,,,2025-02-27,,2025-02-27,[64209],First Floor Winston House London United Kingdom N3 1DH
SERIAL GRILL LTD,16281639,active,ltd,,,2025-02-27,,2025-02-27,[56103],249 Mitcham Road London England SW17 9JQ
BOHO BUS BOOTH & EVENTS LTD,16282350,active,ltd,,,2025-02-27,,2025-02-27,[74201],242 London Road Bagshot England GU19 5EZ
8 SM LIMITED,16282588,active,ltd,,,2025-02-28,,2025-02-28,[98000],Flat 3 8 St. Mary's Road London United Kingdom SE15 2DW
ABROAD SOLUTIONS LIMITED,16282670,active,ltd,,,2025-02-28,,2025-02-28,[96090],71-75 Shelton Street London United Kingdom WC2H 9JQ
NOORD LIMITED,16282657,active,ltd,,,2025-02-28,,2025-02-28,[99999],Company-For-Sale.Co.Uk, 411 Oxford Street London United Kingdom W1C 2PE
REVVED UP UK EVENTS LTD,16282810,active,ltd,,,2025-02-28,,2025-02-28,[82302],48 Plumstead High Street London United Kingdom SE18 1SL
UK GOLD BUILDERS LTD,16282805,active,ltd,,,2025-02-28,,2025-02-28,[41202],931 Green Lanes London England N21 2PB
ALPY YACHTING LTD,16282846,active,ltd,,,2025-02-28,,2025-02-28,[99999],Third Floor London England W1B 3HH
HAZE MEDIA LIMITED,16282816,active,ltd,,,2025-02-28,,2025-02-28,[47910, 62020, 62090, 74100],71-75 Shelton Street London United Kingdom WC2H 9JQ
CKB BLACKFEN DEVELOPMENTS LIMITED,16283068,active,ltd,,,2025-02-28,,2025-02-28,[68100, 68209, 96090],203 Kilburn High Road London United Kingdom NW6 7HY
BRU LIMITED,16283096,active,ltd,,,2025-02-28,,2025-02-28,[99999],Company-For-Sale.Co.Uk, 411 Oxford Street London United Kingdom W1C 2PE
LONDON METALS & RECYCLING LTD,16283049,active,ltd,,,2025-02-28,,2025-02-28,[46770],20 Wenlock Road London England N1 7GU
ALTIUS8 LIMITED,16283371,active,ltd,,,2025-02-28,,2025-02-28,[96090],5th Floor Birchin Court London United Kingdom EC3V 9DU
AMELIE ROSEVIEW LTD,16283475,active,ltd,,,2025-02-28,,2025-02-28,[99999],Athene House, Suite Q London United Kingdom NW7 3TD
PURE PURPOSE REINVENTED LIMITED,16283663,active,ltd,,,2025-02-28,,2025-02-28,[70229],71-75 Shelton Street London United Kingdom WC2H 9JQ
MMZ CONSULTING LTD,16283658,active,ltd,,,2025-02-28,,2025-02-28,[70229],5 Brayford Square London United Kingdom E1 0SG
BAM NUTRI LTD,16284116,active,ltd,,,2025-02-28,,2025-02-28,[46342, 96040],1 Doughty Street London England WC1N 2PH
SECURE MORRIS LTD,16284104,active,ltd,,,2025-02-28,,2025-02-28,[80100],128 City Road London United Kingdom EC1V 2NX
XIZA BRIAN LTD,16284103,active,ltd,,,2025-02-28,,2025-02-28,[47190],Office 11780 182-184 High Street North London United Kingdom E6 2JA
RESOLUTION MEDIA LIMITED,16284323,active,ltd,,,2025-02-28,,2025-02-28,[64209],2 Queen Annes Gate London United Kingdom SW1H 9AA
REMIS WORKS LTD,16284309,active,ltd,,,2025-02-28,,2025-02-28,[41201, 41202, 43341],61 Wellstead Road London England E6 6DE
7RE AUTOMOTIVE LIMITED,16284481,active,ltd,,,2025-02-28,,2025-02-28,[45112],Wellesley House Waterlooville England PO7 7AN
EXIT POINT FILM LTD,16284655,active,ltd,,,2025-02-28,,2025-02-28,[59111],6th Floor, Manfield House London England WC2R 0LR
P RYAN HEATING LTD,16284800,active,ltd,,,2025-02-28,,2025-02-28,[43220],32a Panmure Road London United Kingdom SE26 6NA
4 CIRCLE SUPPORT LTD,16281204,active,ltd,,,2025-02-27,,2025-02-27,[87900],414 Barking Road London England E13 8HJ
ZERYA OZLEM LTD,16281191,active,ltd,,,2025-02-27,,2025-02-27,[56103],500 White Hart Lane London England N17 7NA
LGJ CONSULTANCY LTD,16281193,active,ltd,,,2025-02-27,,2025-02-27,[70229],167 Croxted Road London England SE21 8NL
SPAREMEAL LTD,16281327,active,ltd,,,2025-02-27,,2025-02-27,[58290, 82990, 88990, 96090],167-169 Great Portland Street London United Kingdom W1W 5PF
MOORE PROPERTY VENTURES LTD,16281344,active,ltd,,,2025-02-27,,2025-02-27,[68100, 68201, 68209],3rd Floor, 86-90 Paul Street London England EC2A 4NE
BEECHFIELD DWELLINGS LTD,16281343,active,ltd,,,2025-02-27,,2025-02-27,[68209],Unit 4 Fountayne Business Centre London England N15 4AG
COZYCUBE CAPITAL LTD,16281321,active,ltd,,,2025-02-27,,2025-02-27,[68100, 68209],Flat 228 Hartingtons Court Coster Avenue London England N4 2WQ
WERTHAIM PROPERTY GROUP LTD,16281992,active,ltd,,,2025-02-27,,2025-02-27,[68100, 68209],28 Lynmouth Road London England N16 6XL
ROCK SALT & FIRE LTD,16282187,active,ltd,,,2025-02-27,,2025-02-27,[56102, 56103, 56210, 56290],9 Bowmans Lea London United Kingdom SE23 3TL
CLASSIC WODERING LIMITED,16282499,active,ltd,,,2025-02-28,,2025-02-28,[47910],29486 Office Suite 29a, 3/F., 23 Wharf Street London England SE8 3GG
COCOAPON LTD,16282626,active,ltd,,,2025-02-28,,2025-02-28,[47910],2nd Floor College House Ruislip, United Kingdom HA4 7AE
RSD VENTURES LTD,16282757,active,ltd,,,2025-02-28,,2025-02-28,[47910],128 City Road London United Kingdom EC1V 2NX
SA LUX PROPERTIES LTD,16282937,active,ltd,,,2025-02-28,,2025-02-28,[68209],20 Wenlock Road London England N1 7GU
MILLER ENTERPRISES LIMITED,16283174,active,ltd,,,2025-02-28,,2025-02-28,[43330, 43390, 46900, 47190],128 City Road London United Kingdom EC1V 2NX
HAMPSTEAD PLUMBING & BUILDING SERVICES LTD,16283142,active,ltd,,,2025-02-28,,2025-02-28,[41202, 43390],311 West End Lane London England NW6 1RD
POLCRO LIMITED,16283157,active,ltd,,,2025-02-28,,2025-02-28,[69201, 69202, 70221],71-75 Shelton Street London United Kingdom WC2H 9JQ
AB EMBODIMENT LTD,16283417,active,ltd,,,2025-02-28,,2025-02-28,[86900],Level 5a Maple House London United Kingdom W1T 7NF
BRISTOL (GREEN BUILDINGS) LIMITED,16283590,active,ltd,,,2025-02-28,,2025-02-28,[96090],101 New Cavendish Street London United Kingdom W1W 6XH
HAVANT HAMPSHIRE PLUMBING SERVICES LTD,16283577,active,ltd,,,2025-02-28,,2025-02-28,[43220],238a London Road Waterlooville England PO7 7HB
AVO ACADEMY LTD,16283576,active,ltd,,,2025-02-28,,2025-02-28,[85590],Office 11864 182-184 High Street North London England E6 2JA
CFS TRADING LIMITED,16283828,active,ltd,,,2025-02-28,,2025-02-28,[62020],22 West Green Road London United Kingdom N15 5NN
EQUIP SERVICE SOLUTIONS LTD,16283820,active,ltd,,,2025-02-28,,2025-02-28,[78300, 82990],128 City Road London United Kingdom EC1V 2NX
LSPW PROJECT LTD,16283896,active,ltd,,,2025-02-28,,2025-02-28,[59111],71 Queen Victoria Street London United Kingdom EC4V 4BE
MINDFULL ESTATE LTD,16284814,active,ltd,,,2025-02-28,,2025-02-28,[68201, 68209, 68320],3rd Floor, 86-90 Paul Street London England EC2A 4NE
FRANCIS LANDHOLDINGS LTD,16256932,active,ltd,,,2025-02-17,,2025-02-17,[68100],124-128 City Road London England EC1V 2NX
ITN MEDIA LTD,16234571,active,ltd,,,2025-02-06,,2025-02-06,[47910, 60200, 63910, 73110],167-169 Great Portland Street London England W1W 5PF
TIDY CARS LTD,16275512,active,ltd,,,2025-02-25,,2025-02-25,[49320],Flat A London England SW6 1NN
HCRG TFS LIMITED,16257962,active,ltd,,,2025-02-17,,2025-02-17,[78200],33 Soho Square London England W1D 3QU
LIVE WAVE LIMITED,16230302,active,ltd,,,2025-02-05,,2025-02-05,[73120],42 Circus Road London England NW8 9SE
AG CONSULTANT SERVICES LTD,16254088,active,ltd,,,2025-02-14,,2025-02-14,[70229],19th Floor 1 Westfield Avenue London England E20 1HZ
KOURITEN CALEDONIA LIMITED,16263115,active,ltd,,,2025-02-19,,2025-02-19,[47190],124 Baker Street London England W1U 6TY
ADAPTABLE ENVIRONMENTS CONSULTANCY LTD,16262143,active,ltd,,,2025-02-19,,2025-02-19,[70229],71-75 Shelton Street London United Kingdom WC2H 9JQ
ABAX CONSULTANTS LIMITED,16271538,active,ltd,,,2025-02-24,,2025-02-24,[69202],180 London Road Romford England RM7 9EU
TRAVEL INCOGNITO LTD,16274231,active,ltd,,,2025-02-25,,2025-02-25,[79110],71-75 Shelton Street London England WC2H 9JQ
THE POEM LTD,16240085,active,ltd,,,2025-02-10,,2025-02-10,[10710, 47240],Mission Kitchen 1st Floor, The Food Exchange London England SW8 5EL
FOOL MOON LTD,16236478,active,ltd,,,2025-02-07,,2025-02-07,[90010, 90020],58c Shooters Hill Road 58 C Shooters Hill Road London United Kingdom SE3 7BG
HAIVEN LTD,16231839,active,ltd,,,2025-02-05,,2025-02-05,[58290],71-75 Shelton Street London United Kingdom WC2H 9JQ
POWER MOVE TRANSPORT LTD,16279253,active,ltd,,,2025-02-26,,2025-02-26,[49320, 49410],7 Racs Flats London England SE16 3TU
UK SD FOODS LTD,16243699,active,ltd,,,2025-02-11,,2025-02-11,[46170, 46390],85 Great Portland Street London England W1W 7LT
GENESIS MIDCO 1 LIMITED,16263580,active,ltd,,,2025-02-19,,2025-02-19,[64209],Genesis House, 7 Cotswold Business Village Moreton-In-Marsh United Kingdom GL56 0JQ
BABY GRAPE LTD,16226916,active,ltd,,,2025-02-04,,2025-02-04,[58141],35 Clarendon Road London England E11 1BZ
NDB ANAESTHETIC SERVICES LTD,16266652,active,ltd,,,2025-02-20,,2025-02-20,[86220],Unit 7 Mulberry Place Eltham United Kingdom SE9 6AR
NBI ANALYTICS UK LIMITED,16267645,active,ltd,,,2025-02-21,,2025-02-21,[62020, 63110],167-169 Great Portland Street London W1W 5PF
PRIMROSE CONSULTING SERVICES LTD,16257530,active,ltd,,,2025-02-17,,2025-02-17,[62090],383 London Road Westcliff-On-Sea England SS0 7HU
UBQ UK ECOSYSTEM SERVICES LTD,16271040,active,ltd,,,2025-02-24,,2025-02-24,[62020, 62090],55 Baker Street London United Kingdom W1U 7EU
RPP BESS HOLDING COMPANY 1 LIMITED,16267298,active,ltd,,,2025-02-21,,2025-02-21,[42220],71-75 Shelton Street London England WC2H 9JQ
MILARC VISTA LTD,16270655,active,ltd,,,2025-02-24,,2025-02-24,[70229, 85600, 96090],International House London United Kingdom WC1X 9LP
U WOT EAR WAX REMOVAL LTD,16232225,active,ltd,,,2025-02-05,,2025-02-05,[68100],203 High Kilburn Road Kilburn High Road London England NW6 7HY
OMNI X SOLUTION LTD,16283147,active,ltd,,,2025-02-28,,2025-02-28,[47910, 62090],138-140 London Road Wallington England SM6 7HF
HAYRE & HAYRE LIMITED,16265780,active,ltd,,,2025-02-20,,2025-02-20,[62020, 62090],147 Station Road North Chingford London United Kingdom E4 6AG
COLDSHIELD CAPITAL LIMITED,16269645,active,ltd,,,2025-02-22,,2025-02-22,[64929],Unit 4 Flower Lane London England NW7 2HU
C.M. LONDON PROPERTY LIMITED,16236034,active,ltd,,,2025-02-07,,2025-02-07,[64209],7th Floor 50 Broadway London United Kingdom SW1H 0DB
BARGAIN WORLD CLAPTON LIMITED,16238141,active,ltd,,,2025-02-07,,2025-02-07,[47190],191 Lower Clapton Road London England E5 8EG
FEISTY ACTIVEWEAR LIMITED,16240394,active,ltd,,,2025-02-10,,2025-02-10,[96090],3rd Floor 86-90 Paul Street London EC2A 4NE
J&J FOOD TRADING LTD,16276615,active,ltd,,,2025-02-25,,2025-02-25,[56103, 56290],T J Place 475 Upper Richmond West London England SW14 7PU
MC CIF WEALTH MANAGEMENT (UK) LTD.,16226000,active,ltd,,,2025-02-03,,2025-02-03,[64209],Level 6 Duo London United Kingdom EC2M 4RB
M&K OFF LICENCE LIMITED,16279656,active,ltd,,,2025-02-26,,2025-02-26,[47110, 47210],290 High Road London England N15 4AJ
SIRAD - ORG . LTD,16231064,active,ltd,,,2025-02-05,,2025-02-05,[70229, 71122],128 City Road London United Kingdom EC1V 2NX
GASHI HOXHA PROPERTIES LTD,16241905,active,ltd,,,2025-02-10,,2025-02-10,[68100, 68209, 82990],Block G Ground Floor 286b Chase Road London England N14 6HF
MOSA HORIZONS LTD,16271723,active,ltd,,,2025-02-24,,2025-02-24,[70229],80 Watermans Quay William Morris Way London England SW6 2UU
AURA NORTH LTD,16236354,active,ltd,,,2025-02-07,,2025-02-07,[68320],Studio 03, Fold Gillian House,Stephenson Street London England E16 4SA
IME ENTERTAINMENT LIMITED,16276945,active,ltd,,,2025-02-26,,2025-02-26,[90010, 90020, 90040],Suite 2, Second Floor Sovereign House London United Kingdom N3 1QB
KAVI KITCHEN LTD,16229015,active,ltd,,,2025-02-04,,2025-02-04,[56103, 56210, 56290],61 Tewkesbury Gardens London England NW9 0QU
LEADING MARK LTD,16244231,active,ltd,,,2025-02-11,,2025-02-11,[46900],8 Soho Square London England W1D 3QD
FLJ ENTERPRISES LTD,16266556,active,ltd,,,2025-02-20,,2025-02-20,[68100, 68209],128 City Road London United Kingdom EC1V 2NX
FACADE CREATIONS LIMITED,16267073,active,ltd,,,2025-02-21,,2025-02-21,[70229],124 City Road London England EC1V 2NX
LEON'S ARENA BAR LTD,16242669,active,ltd,,,2025-02-10,,2025-02-10,[46342],83d London Road Romford England RM7 9QD
OPULENT HOSPITALITY LTD,16239425,active,ltd,,,2025-02-10,,2025-02-10,[56210],83 Park Avenue London England E6 2PY
GEN LEADS LTD,16248084,active,ltd,,,2025-02-12,,2025-02-12,[63120],124 124 City Road London England EC1V 2NX
GERIS UK LIMITED,16268480,active,ltd,,,2025-02-21,,2025-02-21,[46330],3rd Floor 86-90 Paul Street London United Kingdom EC2A 4NE
BY YOURSELF HOME SOLUTIONS LTD,16238572,active,ltd,,,2025-02-08,,2025-02-08,[88990],35 Ballards Lane London England N3 1XW
PHARON LIMITED,16278229,active,ltd,,,2025-02-26,,2025-02-26,[78300],124 City Road London England EC1V 2NX
LONDON HAIR AND SCALP HEALTH LTD,16240359,active,ltd,,,2025-02-10,,2025-02-10,[86900],47b Queens Crescent London England NW5 3QG
JD OCONNOR & SONS LTD,16268741,active,ltd,,,2025-02-21,,2025-02-21,[43390, 68209],85 Great Portland Street London England W1W 7LT
SEVENLIVES LUMAGIC LTD,16249337,active,ltd,,,2025-02-13,,2025-02-13,[96090],Wn London England W1D 1PT
S&N PRIME PROPERTIES LTD,16240058,active,ltd,,,2025-02-10,,2025-02-10,[55100, 68209, 68320],128 City Road London United Kingdom EC1V 2NX
PROJECT VANILLA HOLDINGS LIMITED,16234649,active,ltd,,,2025-02-06,,2025-02-06,[64209],1-4 London Road Spalding United Kingdom PE11 2TA
PROJECT VANILLA MARKETING LIMITED,16235322,active,ltd,,,2025-02-06,,2025-02-06,[96090],1-4 London Road Spalding England PE11 2TA
HOMES AND MOORE LTD,16233580,active,ltd,,,2025-02-06,,2025-02-06,[64306, 68100, 68209, 98000],128 City Road London United Kingdom EC1V 2NX
AR REMOVALS AL LTD,16271717,active,ltd,,,2025-02-24,,2025-02-24,[38110],Apex House 2nd Floor London England N12 0EH
ZSH PROPERTY GROUP LTD,16275373,active,ltd,,,2025-02-25,,2025-02-25,[68100, 68209],225 Gray's Inn Road London United Kingdom WC1X 8RH
FIRST RESPONDER MEDICAL AND TRAINING LTD,16245213,active,ltd,,,2025-02-11,,2025-02-11,[85590, 86900],71-75 Shelton Street London United Kingdom WC2H 9JQ
ELSWOOD INVESTMENTS LTD,16271648,active,ltd,,,2025-02-24,,2025-02-24,[55209, 98000],Elswood Ltd, 167-169 Great Portland Street London England W1W 5PF
LUX23 LIMITED,16282769,active,ltd,,,2025-02-28,,2025-02-28,[64304],1 Water Ln, London England EC3R 6AL
BRUCAN LIMITED,16256031,active,ltd,,,2025-02-17,,2025-02-17,[56102],4 Hannen Road London England SE27 0DT
VERVE MERIDIAN LTD,16284272,active,ltd,,,2025-02-28,,2025-02-28,[43390, 47910, 82990],Flat 4 195 Kings Road London England SW3 5ED
THURROCK GROUP LIMITED,16247567,active,ltd,,,2025-02-12,,2025-02-12,[43999],Leytonstone House London England E11 1GA
EMMEWARE LTD,16265863,active,ltd,,,2025-02-20,,2025-02-20,[74909],Wn London England SE1 2PL
D & T WASTE LTD,16268593,active,ltd,,,2025-02-21,,2025-02-21,[38110],50 St.Marys Crescent London United Kingdom NW4 4LH
THE POLLEN ESTATE SERVICES LIMITED,16272155,active,ltd,,,2025-02-24,,2025-02-24,[68320],6th Floor 25 Farringdon Street London United Kingdom EC4A 4AB
JGPROP LIMITED,16267540,active,ltd,,,2025-02-21,,2025-02-21,[68209, 68310],Suite Ra01 195-197 Wood Street London England E17 3NU
ICIUK LEGAL (2010) LTD,16274628,active,ltd,,,2025-02-25,,2025-02-25,[69109],140 Borough High Street London United Kingdom SE1 1LB
M. PRODUCTION LONDON LTD,16277373,active,ltd,,,2025-02-26,,2025-02-26,[59111, 59112, 63990],128 City Road London United Kingdom EC1V 2NX
LYDIA INVESTMENT HOLDING LTD,16230985,active,ltd,,,2025-02-05,,2025-02-05,[64203, 64205, 66190, 66300],First Floor Office London United Kingdom W8 4LZ
THAT'S FOR MUSCAT WINE CONSULTANCY LTD,16245970,active,ltd,,,2025-02-12,,2025-02-12,[70229],Flat 3 Fountain Court 237 London England E11 1EX
TAXTIQUE LTD,16223803,active,ltd,,,2025-02-03,,2025-02-03,[69203, 70229],3rd Floor Suite London England W1B 3HH
NORTH TAVERN LTD,16282633,active,ltd,,,2025-02-28,,2025-02-28,[56302],Dicey Reillys 161 Silver Street London United Kingdom N18 1PY
FRAME HIVE LIMITED,16246715,active,ltd,,,2025-02-12,,2025-02-12,[68100, 68209],167 - 169 Great Portland Street London England W1W 5PF
A&G REFRIGERATION & AIR CONDITIONING LTD,16233401,active,ltd,,,2025-02-06,,2025-02-06,[71129],65, Layard Square Drummond Road London United Kingdom SE16 2JF
RSB TAXATION & ACCOUNTANCY LTD,16232429,active,ltd,,,2025-02-05,,2025-02-05,[69203],3rd Floor Suite London England W1B 3HH
EDA ROOFING LTD,16264399,active,ltd,,,2025-02-19,,2025-02-19,[41201, 41202, 43910, 43999],45 45 Hawkwell House London England RM8 1DN
BLUE SHEEP VENTURE LTD.,16236866,active,ltd,,,2025-02-07,,2025-02-07,[96090],71-74 Shelton Street London England WC2H 9JQ
BAKERY GSN LTD,16231160,active,ltd,,,2025-02-05,,2025-02-05,[10710, 47240],37a Churchfield Road London England W3 6AY
GUUFS GLOBAL LTD,16253739,active,ltd,,,2025-02-14,,2025-02-14,[10890, 47910, 62020, 73110],20 Wenlock Road London England N1 7GU
DIVINE FOCUS CARE GROUP LTD,16273677,active,ltd,,,2025-02-25,,2025-02-25,[78109],20 Wenlock Road London England N1 7GU
PILLARSET LAYER GAMES LTD,16267833,active,ltd,,,2025-02-21,,2025-02-21,[58210, 62011],2nd Floor College House Ruislip, United Kingdom HA4 7AE
EC TECHNOLOGY GROUP LTD,16230740,active,ltd,,,2025-02-05,,2025-02-05,[62090],3rd Floor, 86-90 Paul Street London England EC2A 4NE
NE-UK ENGINEERING LTD,16277376,active,ltd,,,2025-02-26,,2025-02-26,[28290],C/O Tax Partners London United Kingdom WC1X 8LU
BISHOPSGATE EC2 LTD,16247263,active,ltd,,,2025-02-12,,2025-02-12,[96020],35 Grafton Way London England W1T 5DB
MEWMODE LTD,16242587,active,ltd,,,2025-02-10,,2025-02-10,[68320],5 Brayford Square London England E1 0SG
SEENOVATE LTD,16278231,active,ltd,,,2025-02-26,,2025-02-26,[62012, 62090, 73110, 74100],128 City Road London England EC1V 2NX
DATA COUNSEL LIMITED,16284127,active,ltd,,,2025-02-28,,2025-02-28,[63110, 70210, 70229],49 Greek Street London England W1D 4EG
HENRY'S VENDING LIMITED,16260448,active,ltd,,,2025-02-18,,2025-02-18,[47990],Suite Ra01 195-197 Wood Street London England E17 3NU
BRIGHTFUTURENOW LTD,16259968,active,ltd,,,2025-02-18,,2025-02-18,[85590],20 Wenlock Road London England N1 7GU
FIXHIRES LTD,16260031,active,ltd,,,2025-02-18,,2025-02-18,[78300],71-75 Shelton Street London United Kingdom WC2H 9JQ
LAMIA PERFUMERY LTD,16260029,active,ltd,,,2025-02-18,,2025-02-18,[46450, 47710, 47750, 47910],119 Solander Gardens London England E1 0DF
JEPURE LTD,16260085,active,ltd,,,2025-02-18,,2025-02-18,[99999],Room C London United Kingdom E1 4XH
FIDARO DEVELOPMENTS LIMITED,16260139,active,ltd,,,2025-02-18,,2025-02-18,[41100, 64209, 68100],Ground Floor, Victor House London Colney England AL2 1BJ
KINTORE ESS LTD,16260180,active,ltd,,,2025-02-18,,2025-02-18,[42220, 70221],20 Wenlock Road London England N1 7GU
SYMBIOS CAPITAL LTD,16260231,active,ltd,,,2025-02-18,,2025-02-18,[70221, 70229],2nd Floor College House Ruislip, United Kingdom HA4 7AE
BE BROTHER STUDIOS LTD.,16260207,active,ltd,,,2025-02-18,,2025-02-18,[58210, 58290, 62012],128 City Road London United Kingdom EC1V 2NX
SPROSTON HOUSE LTD,16260270,active,ltd,,,2025-02-18,,2025-02-18,[68320],60 Westmoreland Road London England SW13 9RY
INTELLISAFELY LTD,16260303,active,ltd,,,2025-02-18,,2025-02-18,[62012, 62090, 63120, 74909],128 City Road London United Kingdom EC1V 2NX
OCO LONDON LTD,16260311,active,ltd,,,2025-02-18,,2025-02-18,[56102],509-511 Green Lanes London England N4 1AN
CLEANERA LIMITED,16260310,active,ltd,,,2025-02-18,,2025-02-18,[81210],71-75 Shelton Street London United Kingdom WC2H 9JQ
LUIGI'S SPARKLE DOMESTIC LTD,16260336,active,ltd,,,2025-02-18,,2025-02-18,[81210],161 Forest Road London England E17 6HE
AA CORE LTD,16260367,active,ltd,,,2025-02-18,,2025-02-18,[47990],Office 11746 182-184 High Street North East Ham London United Kingdom E6 2JA
ATOMM ADVISORS LTD,16260371,active,ltd,,,2025-02-18,,2025-02-18,[70229],167-169 Great Portland Street, Fifth Floor London England W1W 5PF
J2 RA CMC SERVICES LTD,16260386,active,ltd,,,2025-02-18,,2025-02-18,[71122],128 City Road London United Kingdom EC1V 2NX
FROM DAWN LTD,16260430,active,ltd,,,2025-02-18,,2025-02-18,[96090],71-75 Shelton Street London United Kingdom WC2H 9JQ
LAWOPTICS LTD,16260431,active,ltd,,,2025-02-18,,2025-02-18,[46510, 46520, 47430],71-75 Shelton Street London United Kingdom WC2H 9JQ
SIMAX LTD,16260440,active,ltd,,,2025-02-18,,2025-02-18,[68201, 68320, 96090],128 City Road London United Kingdom EC1V 2NX
CAN I BE CANDID LTD,16260458,active,ltd,,,2025-02-18,,2025-02-18,[59200, 63990],Office 1 2a Curzon Road Ealing United Kingdom W5 1NF
HOUSE OF MUTATIO LTD,16260515,active,ltd,,,2025-02-18,,2025-02-18,[59111],176 Gunnersbury Lane London England W3 9BB
REAL STORY PRODUCTIONS LIMITED,16260572,active,ltd,,,2025-02-18,,2025-02-18,[82990],3rd Floor 45 Folgate Street London United Kingdom E1 6BX
O’TARA HOLDINGS LIMITED,16260575,active,ltd,,,2025-02-18,,2025-02-18,[68100, 68209],10 Balfe Street London England N1 9EG
AREN CATERING LTD,16260630,active,ltd,,,2025-02-18,,2025-02-18,[56290],89 Lordship Lane London England SE22 8EP
BENICE STUDIO LIMITED,16257673,active,ltd,,,2025-02-17,,2025-02-17,[82990],31 Wallwood Street London United Kingdom E14 7BW
STARS OF GOOD FORTUNE LIMITED,16260641,active,ltd,,,2025-02-18,,2025-02-18,[56103],239-241 Kennington Lane London United Kingdom SE11 5QU
MARLIN SEARCH LTD,16260715,active,ltd,,,2025-02-18,,2025-02-18,[78109],27 Old Gloucester Street London United Kingdom WC1N 3AX
EWP GROUP HOLDINGS LTD,16260742,active,ltd,,,2025-02-18,,2025-02-18,[68100, 68209],333 Church Road London England E10 7JG
OMNIA THERAPEUTICS LTD,16260784,active,ltd,,,2025-02-18,,2025-02-18,[21200, 46460, 72110, 74909],71-75 Shelton Street London United Kingdom WC2H 9JQ
O2 CAPITAL LTD,16260806,active,ltd,,,2025-02-18,,2025-02-18,[64209],88 Broad Walk London England N21 3BJ
GALICO MEDICAL SERVICES LTD,16260792,active,ltd,,,2025-02-18,,2025-02-18,[86900],85 Great Portland Street London England W1W 7LT
BK & PARTNERS LTD,16260818,active,ltd,,,2025-02-18,,2025-02-18,[47210, 47220],44 Thomas Street London England SE18 6HT
AFFORDABLE DENTAL IMPLANTS LTD,16260827,active,ltd,,,2025-02-18,,2025-02-18,[86230],860 Garratt Lane London England SW17 0NB
WEM AUDIT LTD,16260860,active,ltd,,,2025-02-18,,2025-02-18,[69201],78-80 Old Oak Common Lane London United Kingdom W3 7DA
MALTBY KEBABS LIMITED,16260911,active,ltd,,,2025-02-18,,2025-02-18,[56103],189 Chase Side Enfield England EN2 0QZ
MODERN INDUSTRIAL UK LTD,16260952,active,ltd,,,2025-02-18,,2025-02-18,[70221],20 Wenlock Road London England N1 7GU
JETWASH GENIUS LTD,16260989,active,ltd,,,2025-02-18,,2025-02-18,[81222],3rd Floor, 86-90 Paul Street London United Kingdom EC2A 4NE
MISTER BAGELS LIMITED,16260986,active,ltd,,,2025-02-18,,2025-02-18,[56103],771a High Road London England N17 8AH
HIDDEN TRACKS CYCLING LTD,16260982,active,ltd,,,2025-02-18,,2025-02-18,[79120],17 Trent Road London England SW2 5BJ
MODISH STORE LTD,16261045,active,ltd,,,2025-02-18,,2025-02-18,[47910],Office 11540 182-184 High Street North London United Kingdom E6 2JA
WRONG KEY PRODUCTIONS LTD,16261051,active,ltd,,,2025-02-18,,2025-02-18,[90010],Flat 1 108 Grosvenor Avenue London United Kingdom N5 2NE
PARTICULAR KIND LTD,16261074,active,ltd,,,2025-02-18,,2025-02-18,[46370, 47290],C/O Hilton Consulting Studio 133 Canalot Studios London United Kingdom W10 5BN
MIDRIVEAI LIMITED,16261122,active,ltd,,,2025-02-18,,2025-02-18,[62012],86-90 Paul Street London England EC2A 4NE
MEDIATECH ALLIANCE LIMITED,16261160,active,ltd,,,2025-02-18,,2025-02-18,[70229],95 Wilton Road, Suite 718 London United Kingdom SW1V 1BZ
LORIANO UK LTD,16261218,active,ltd,,,2025-02-18,,2025-02-18,[47910],128 City Road London United Kingdom EC1V 2NX
ULTIMATE HOME STAYS LTD,16261357,active,ltd,,,2025-02-18,,2025-02-18,[68209],3rd Floor, 86-90 Paul Street London United Kingdom EC2A 4NE
HOT GIRLS LIKE ART LTD,16261396,active,ltd,,,2025-02-18,,2025-02-18,[47710, 90030],99 Kings Road London England SW3 4PA
JOYNUL & CO LTD,16261408,active,ltd,,,2025-02-18,,2025-02-18,[62020],12 Browning Road London England E12 6ES
BELSIZE RENOVATIONS LTD,16261445,active,ltd,,,2025-02-19,,2025-02-19,[41202],56 Belsize Park London England NW3 4EH
ALTO LTD,16264389,active,ltd,,,2025-02-19,,2025-02-19,[71111],The Sati Room London England W1G 0JR
KNIGHTS HILL KEBAB LTD,16246615,active,ltd,,,2025-02-12,,2025-02-12,[56103],35 Knights Hill London England SE27 0HS
GXP MIND LTD,16254995,active,ltd,,,2025-02-16,,2025-02-16,[85590],128 City Road London England EC1V 2NX
CATOLOG INK LIMITED,16277130,active,ltd,,,2025-02-26,,2025-02-26,[58110],Northumberland House, 2nd Floor London England WC1V 7JZ
FRACTIONAL CCO SERVICES LIMITED,16227358,active,ltd,,,2025-02-04,,2025-02-04,[70229],86-90 Paul Street London England EC2A 4NE
LUXELINE CONTRACTORS LTD,16277031,active,ltd,,,2025-02-26,,2025-02-26,[41201, 41202],923 Finchley Road London United Kingdom NW11 7PE
FAIRGROWTH TALENT LIMITED,16277029,active,ltd,,,2025-02-26,,2025-02-26,[78109],71-75 Shelton Street London United Kingdom WC2H 9JQ
BRISTOL 2025 LTD,16277259,active,ltd,,,2025-02-26,,2025-02-26,[56101],Office Lg06, 1 Quality Court London United Kingdom WC2A 1HR
STATISTICAL EDGE LTD,16277247,active,ltd,,,2025-02-26,,2025-02-26,[10890, 62012, 63120],Statistical Edge London United Kingdom EC1V 2NX
AQE4 PROPERTY GROUP LTD,16277219,active,ltd,,,2025-02-26,,2025-02-26,[68100, 68209],Flat 25 Dune House London United Kingdom CR4 2GR
DYN ESTATES LTD,16277451,active,ltd,,,2025-02-26,,2025-02-26,[55900],20 Wenlock Road London England N1 7GU
BEILING ENTERPRISES LTD.,16277457,active,ltd,,,2025-02-26,,2025-02-26,[41100, 41201, 41202],2nd Floor College House Ruislip, United Kingdom HA4 7AE
INSPIRED DESIGN ENGINEERING AND SOLUTIONS LTD,16277972,active,ltd,,,2025-02-26,,2025-02-26,[71122],71-75 Shelton Street London United Kingdom WC2H 9JQ
PARISS TRADING LTD,16277984,active,ltd,,,2025-02-26,,2025-02-26,[47910],71-75 Shelton Street London England WC2H 9JQ
EAR CARE HEALTH LTD,16277959,active,ltd,,,2025-02-26,,2025-02-26,[86900],128 City Road London United Kingdom EC1V 2NX
PARSI RESTAURANT COMPANY LIMITED,16278243,active,ltd,,,2025-02-26,,2025-02-26,[56101],167-169 Great Portland Street London England W1W 5PF
SA TPLM UK LIMITED,16278292,active,ltd,,,2025-02-26,,2025-02-26,[64209, 70221, 70229],10 Norwich Street London United Kingdom EC4A 1BD
INCOGNIFI LIMITED,16278233,active,ltd,,,2025-02-26,,2025-02-26,[62090, 63110],128 City Road London United Kingdom EC1V 2NX
IDFM: CAPITAL LIMITED,16278258,active,ltd,,,2025-02-26,,2025-02-26,[68100],Flat 1607 Modena House 19 Lyell Street London England E14 0RR
EQ OPERATIONS KIDDERMINSTER LIMITED,16278259,active,ltd,,,2025-02-26,,2025-02-26,[87100, 87300, 87900],46 Curzon Street London England W1J 7UH
REFRESHINE LTD,16278740,active,ltd,,,2025-02-26,,2025-02-26,[47910],71-75 Shelton Street London United Kingdom WC2H 9JQ
STUDIO SONDER LTD,16278747,active,ltd,,,2025-02-26,,2025-02-26,[96040],Studio Sonder, 4th Floor Silverstream House London United Kingdom W1T 6EB
CASTELL 2025-1 HOLDINGS LIMITED,16279017,active,ltd,,,2025-02-26,,2025-02-26,[64922, 64999],8th Floor 100 Bishopsgate London United Kingdom EC2N 4AG
HNS FIRE SAFETY LTD,16279290,active,ltd,,,2025-02-26,,2025-02-26,[70229],Afs Accountants Ltd 1st Floor Office, Wolfe Garage Westerham United Kingdom TN16 2DJ
HORATIO LYONS LIMITED,16279438,active,ltd,,,2025-02-26,,2025-02-26,[70229],22 Micklethwaite Road London England SW6 1QD
SWIFTPARTS UK LTD,16279812,active,ltd,,,2025-02-26,,2025-02-26,[47910],17 Green Lanes London United Kingdom N16 9BS
ALEXMOVEUK LTD,16279805,active,ltd,,,2025-02-26,,2025-02-26,[38110, 49420],15 Stirling Road London England N22 5BL
YOJIN LTD,16280088,active,ltd,,,2025-02-26,,2025-02-26,[62090],124-128 City Road London England EC1V 2NX
LIVNEXT LTD,16280136,active,ltd,,,2025-02-27,,2025-02-27,[68100, 68209, 68320],4 Collier Close London England E6 6FZ
NOGALITA ACCOUNTING LTD,16267836,active,ltd,,,2025-02-21,,2025-02-21,[69201, 82990],71-75 Shelton Street London United Kingdom WC2H 9JQ
BDP LEGAL CONSULTING LIMITED,16273036,active,ltd,,,2025-02-24,,2025-02-24,[69102],Office 7 35-37 Ludgate Hill London England EC4M 7JN
DC RG1 (LH) LTD,16281778,active,ltd,,,2025-02-27,,2025-02-27,[68209],74 Brent Street London England NW4 2ES
GOLDEN MOVE TWO LTD,16260789,active,ltd,,,2025-02-18,,2025-02-18,[68100],50 First Drive London United Kingdom NW10 8LQ
LMA ACADEMY LTD,16275042,active,ltd,,,2025-02-25,,2025-02-25,[85200, 85310, 85600],71-75 Shelton Street London United Kingdom WC2H 9JQ
THE REFINED HOME INTERIORS LIMITED,16240143,active,ltd,,,2025-02-10,,2025-02-10,[46150],86-90 Paul Street London England EC2A 4NE
ALL STAR TOPCO LIMITED,16264172,active,ltd,,,2025-02-19,,2025-02-19,[96090],6 Kingly Street London United Kingdom W1B 5PF
N&M FOUNTAIN LIMITED,16249919,active,ltd,,,2025-02-13,,2025-02-13,[68100],Sutherland House London United Kingdom NW9 7BT
SCHOOL SCOUT LTD,16239948,active,ltd,,,2025-02-10,,2025-02-10,[63120],71-75 Shelton Street Covent Garden United Kingdom WC2H 9JQ
TITAN APEX SERVICES UK LTD,16229420,active,ltd,,,2025-02-04,,2025-02-04,[81299],Suite Riviera, Vintage House, 36/37 Albert Embankment London England SE1 7TL
SPRING SKY PROPERTY LTD,16276965,active,ltd,,,2025-02-26,,2025-02-26,[68100, 68209],1 Hallswelle Parade London England NW11 0DL
INCLUDED BEAUTY LIMITED,16266399,active,ltd,,,2025-02-20,,2025-02-20,[47750],71-75 Shelton Street London United Kingdom WC2H 9JQ
STARLING INTERMEDIATE HOLDINGS LIMITED,16240204,active,ltd,,,2025-02-10,,2025-02-10,[64205],5th Floor London Fruit And Wool Exchange London United Kingdom E1 6PW
YEDIAY LIMITED,16281475,active,ltd,,,2025-02-27,,2025-02-27,[56102],Cafe East, 426 Roman Road London England E3 5LU
THE GOOD KITCHEN TABLE LTD,16233118,active,ltd,,,2025-02-05,,2025-02-05,[74909],4 Cross Keys Close London England W1U 2DG
D.D.RIDES LTD,16229198,active,ltd,,,2025-02-04,,2025-02-04,[49320],20 Grenoble Gardens London England N13 6JG
ARC PROJECT HOLDINGS LIMITED,16283031,active,ltd,,,2025-02-28,,2025-02-28,[93199],71-75 Shelton Street 71-75 Shelton Street London England WC2H 9JQ
GERTIE'S PROPERTIES LTD,16236382,active,ltd,,,2025-02-07,,2025-02-07,[68100],73 Cornhill London England EC3V 3QQ
LORD HAWKINS LTD,16284484,active,ltd,,,2025-02-28,,2025-02-28,[47910, 58110, 64991, 71122],20 Wenlock Road London England N1 7GU
BHR MEDIA GROUP LIMITED,16239244,active,ltd,,,2025-02-10,,2025-02-10,[62020],1259 London Road Leigh On Sea United Kingdom SS9 2AF
ADAMO MARKETING SOLUTIONS LIMITED,16263069,active,ltd,,,2025-02-19,,2025-02-19,[73110],Flat 25 Vanbrugh Court Reading England RG1 5NY
UMO BRANDS LTD,16243338,active,ltd,,,2025-02-11,,2025-02-11,[47190, 56103],6 Station Rise London England SE27 9BW
ONLYFOUNDERS VENTURES LIMITED,16267911,active,ltd,,,2025-02-21,,2025-02-21,[63120],Flat 7 St. Marys Court, 43 Harvey Road London England E11 3DF
PWD TOPCO LIMITED,16245380,active,ltd,,,2025-02-11,,2025-02-11,[96090],Office 218 Michelin Building London United Kingdom SW3 6RD
UPVC REPAIR SOLUTIONS LTD,16257614,active,ltd,,,2025-02-17,,2025-02-17,[43290, 43320],C/O Nfs,211 Boundary House London England W7 2QE
FOOD BOX PRO LIMITED,16269973,active,ltd,,,2025-02-23,,2025-02-23,[56290],19 Seven Ways Parade Ilford IG2 6JX
KANGAROO TEXTILES LTD,16270139,active,ltd,,,2025-02-23,,2025-02-23,[13990],154 Holloway Road London England N7 8DD
NICK LOADING DEMOLITION LTD,16274878,active,ltd,,,2025-02-25,,2025-02-25,[41201, 41202],3 Credon Road London England E13 9BH
LABOSH LTD,16282825,active,ltd,,,2025-02-28,,2025-02-28,[70229, 93199],74a High Street Wanstead London England E11 2RJ
MS BARBER HOUSE LTD,16257163,active,ltd,,,2025-02-17,,2025-02-17,[96020],Flat 20, Opie House Townshend Estate London United Kingdom NW8 6JX
FORTY4 CONSULTING SERVICES LTD,16222964,active,ltd,,,2025-02-01,,2025-02-01,[62012, 62020, 63110, 70229],786 London Road Thornton Heath England CR7 6JB
STRUCTOR CONSTRUCTION SERVICES LTD,16277874,active,ltd,,,2025-02-26,,2025-02-26,[43290, 43320, 43390, 43999],71-75 Shelton Street London United Kingdom WC2H 9JQ
THE CRESCENT NEST LTD,16252060,active,ltd,,,2025-02-14,,2025-02-14,[68209],483 Green Lanes London United Kingdom N13 4BS
BLADE UK JV BIDCO LIMITED,16237549,active,ltd,,,2025-02-07,,2025-02-07,[64209],2nd Floor 37 Gerrard Street London England W1D 5QB
LIMMI VENTURES LIMITED,16232846,active,ltd,,,2025-02-05,,2025-02-05,[68100, 68209],C/O  297a London Road Croydon England CR0 3PA
WOLF FRAGRANCES LTD,16260251,active,ltd,,,2025-02-18,,2025-02-18,[20420],69 Bryan Avenue London England NW10 2AS
DOLLOND LONDON LTD,16246403,active,ltd,,,2025-02-12,,2025-02-12,[46900, 47890, 47910],Unit Da2 Sutherland House London England E17 6BU
GRROW MARKETING LTD,16272262,active,ltd,,,2025-02-24,,2025-02-24,[61900, 62020],Suite Ra01 195-197 Wood Street London United Kingdom E17 3NU
BCZX ALTON HOLDINGS LIMITED,16282523,active,ltd,,,2025-02-28,,2025-02-28,[64209],46 Curzon Street London England W1J 7UH
JUNGLE SERVICES LIMITED,16244806,active,ltd,,,2025-02-11,,2025-02-11,[43290],Unit 2 Veralum Industrial Estate St. Albans England AL1 1JB
SOAPBOX VENTURES LIMITED,16257794,active,ltd,,,2025-02-17,,2025-02-17,[58190],167-169 Great Portland Street London England W1W 5PF
186LIGHT LTD,16272236,active,ltd,,,2025-02-24,,2025-02-24,[43999],3rd Floor, 86-90 Paul Street London United Kingdom EC2A 4NE
ORDERLION UK LTD,16265358,active,ltd,,,2025-02-20,,2025-02-20,[62012],963 Fulham Road London England SW6 5JJ
BG LENDING SERVICES LIMITED,16245614,active,ltd,,,2025-02-11,,2025-02-11,[82990],32-33 St. James's Place London England SW1A 1NR
MOTIVO SERVICES LIMITED,16231106,active,ltd,,,2025-02-05,,2025-02-05,[80100, 81210, 81299],61 Prince John Road London England SE9 6QB
CAUKI IPCO LIMITED,16256951,active,ltd,,,2025-02-17,,2025-02-17,[64209],4th Floor 7 Cavendish Place London England W1G 0QD
A ALBAY LTD,16258562,active,ltd,,,2025-02-18,,2025-02-18,[68209],9 Faversham Road London England SE6 4XE
EXCHANGE 084 LIMITED,16229032,active,ltd,,,2025-02-04,,2025-02-04,[68209],3rd Floor 86 - 90 Paul Street London England EC2A 4NE
EXCHANGE 085 LIMITED,16241807,active,ltd,,,2025-02-10,,2025-02-10,[68209],3rd Floor 86 - 90 Paul Street London England EC2A 4NE
SUPR MANAGEMENT LIMITED,16266516,active,ltd,,,2025-02-20,,2025-02-20,[78300],Level 19, The Shard London United Kingdom SE1 9SG
PRH VENTURES LTD,16261106,active,ltd,,,2025-02-18,,2025-02-18,[62020],2nd Floor College House Ruislip, United Kingdom HA4 7AE
URBAN FISH BITES LIMITED,16225823,active,ltd,,,2025-02-03,,2025-02-03,[56103],C/O London Accountancy Hub Limited Ajp Business Centre London England NW2 7HD
CAUKI TOPCO LIMITED,16252682,active,ltd,,,2025-02-14,,2025-02-14,[64209],4th Floor 7 Cavendish Place London England W1G 0QD
CSQ BLOCK MANAGEMENT LTD,16235665,active,ltd,,,2025-02-06,,2025-02-06,[68320, 98000],C/O Quastels Llp, 55 Baker Street London United Kingdom W1U 8EW
RENTWELL LIMITED,16231147,active,ltd,,,2025-02-05,,2025-02-05,[68100, 68209, 68320],33 Upper Berkeley Street London England W1H 5QE
HRX360 LTD,16253152,active,ltd,,,2025-02-14,,2025-02-14,[62012, 62020, 63120, 73110],71-75 Shelton Street London United Kingdom WC2H 9JQ
STABILISE LTD,16244247,active,ltd,,,2025-02-11,,2025-02-11,[62020],6-7 St. Cross Street London England EC1N 8UB
PG GARDENING LTD,16264639,active,ltd,,,2025-02-20,,2025-02-20,[81300],210 Hendon Way London England NW4 3NE
PIVOTPOINT OPERATIONS LIMITED,16224003,active,ltd,,,2025-02-03,,2025-02-03,[70229],5 Brayford Square London England E1 0SG
ALESS MANAGEMENT LTD,16245276,active,ltd,,,2025-02-11,,2025-02-11,[68209, 70229],Flat 112 Castellain Mansions London England W9 1HB
COSMY SOLUTIONS LTD,16249759,active,ltd,,,2025-02-13,,2025-02-13,[38120, 47910, 62020, 85600],71-75 Shelton Street London United Kingdom WC2H 9JQ
PINAR PROPERTIES LTD,16246681,active,ltd,,,2025-02-12,,2025-02-12,[68100, 68209],20 Wenlock Road London England N1 7GU
FARMER J (TCR) LIMITED,16264954,active,ltd,,,2025-02-20,,2025-02-20,[56101, 56103, 56210],3rd Floor The Coade London United Kingdom SE11 5EL
BEYONDSEAMS LIMITED,16227514,active,ltd,,,2025-02-04,,2025-02-04,[46420],167-169 Great Portland Street London England W1W 5PF
GYM MACHINE CABLES LIMITED,16237260,active,ltd,,,2025-02-07,,2025-02-07,[46690],60-63 Bunhill Row London England EC1Y 8QW
10/10 ORCANIGS LIMITED,16237976,active,ltd,,,2025-02-07,,2025-02-07,[32990, 72110, 72190, 90030],31 Healey House Holland Grove London England SW9 6NF
REUBEN AND LOX LIMITED,16277062,active,ltd,,,2025-02-26,,2025-02-26,[56210],C/O Hunter Simmons Ltd 3a London Road Waterlooville England PO7 5LQ
C-SUITE AS A SERVICE LTD,16226567,active,ltd,,,2025-02-03,,2025-02-03,[70229],Apartment 2104, One West India Quay London England E14 4EF
MANJAR DISTRIBUTION LTD,16249768,active,ltd,,,2025-02-13,,2025-02-13,[46390],Blackwell House London England EC2V 5AE
ASTON PLACE FREEHOLDERS LTD,16227021,active,ltd,,,2025-02-04,,2025-02-04,[98000],Flat 14 88 Stockwell Road London England SW9 9JQ
GLINDENT LIMITED,16283775,active,ltd,,,2025-02-28,,2025-02-28,[46900, 47910, 70229, 79120],Unit 3b Berol House London England N17 9LJ
CSAINTS LTD,16271575,active,ltd,,,2025-02-24,,2025-02-24,[49390],82 Morant Place London England N22 8HT
CAMPFIELD OPERATING COMPANY LIMITED,16228925,active,ltd,,,2025-02-04,,2025-02-04,[68209],C/O Allied London, Suite 1 Bonded Warehouse Manchester United Kingdom M3 4AP
TERA SHUKRANA LTD,16234572,active,ltd,,,2025-02-06,,2025-02-06,[70229],109 Glencoe Road Hayes England UB4 9SN
EIO GROUP LTD,16284095,active,ltd,,,2025-02-28,,2025-02-28,[62012, 62020],12231 182-184 High Street North London England E6 2JA
DEX TALENT LTD,16276853,active,ltd,,,2025-02-26,,2025-02-26,[62012],Aston House London United Kingdom N3 1LF
C&R PRIZES LTD,16223931,active,ltd,,,2025-02-03,,2025-02-03,[47990],First Floor Office London United Kingdom W8 4LZ
TUN SPACE LTD,16241422,active,ltd,,,2025-02-10,,2025-02-10,[56102],140 Tilbury Road London England E10 6RE
DRIVEYOU LIMITED,16269719,active,ltd,,,2025-02-22,,2025-02-22,[47990, 49390, 49410],58 Castleton Road London England E17 4AR
ALINE HOSPITALITY LIMITED,16224096,active,ltd,,,2025-02-03,,2025-02-03,[56101],266 Wandsworth Road London England SW8 2JR
VALLEY TRADING CENTRE LTD,16229215,active,ltd,,,2025-02-04,,2025-02-04,[68201],58 St Egberts Way London England E4 6QH
AD SCIENTIFIC INDEX LIMITED,16253215,active,ltd,,,2025-02-14,,2025-02-14,[47910, 62012, 70229],Unit 501 Leroy House London England N1 3QP
MBH HEATHROW B LTD,16247379,active,ltd,,,2025-02-12,,2025-02-12,[68100],35 Moresby Road London England E5 9LE
MBH HEATHROW C LTD,16247443,active,ltd,,,2025-02-12,,2025-02-12,[68100],35 Moresby Road London England E5 9LE
SKIESDEN LIMITED,16241664,active,ltd,,,2025-02-10,,2025-02-10,[68209, 68320],10 Steers Way London England SE16 6HP
ZAKSHAK (STOCKTON HEATH) LTD,16224007,active,ltd,,,2025-02-03,,2025-02-03,[93290],Unit 1 The Forge Shopping Centre London Road Warrington England WA4 6HW
COTERIE 24 LTD,16241102,active,ltd,,,2025-02-10,,2025-02-10,[46160, 46190, 82301],1603 Riverstone Heights London United Kingdom E3 3ZE
DIMPLE AMANI LIMITED,16270630,active,ltd,,,2025-02-24,,2025-02-24,[47710],205 Lavender Hill London England SW11 5TB
SPECTER MIDCO LIMITED,16245653,active,ltd,,,2025-02-11,,2025-02-11,[64209],6 Warwick Street London United Kingdom W1B 5LX
SPECTER TOPCO LIMITED,16245245,active,ltd,,,2025-02-11,,2025-02-11,[64209],6 Warwick Street London United Kingdom W1B 5LX
PROPERTYBELOW LIMITED,16259135,active,ltd,,,2025-02-18,,2025-02-18,[68209],C/O Getground, 1 London England W6 0NB
DUNCOL LIMITED,16283981,active,ltd,,,2025-02-28,,2025-02-28,[47910],167-169 Great Portland Street London England W1W 5PF
SHACOLE LIMITED,16278144,active,ltd,,,2025-02-26,,2025-02-26,[82990],Acre House London United Kingdom NW1 3ER
FOODLAB LTD,16280477,active,ltd,,,2025-02-27,,2025-02-27,[56290],167-169 Great Portland Street London England W1W 5PF
ALFNOR LIMITED,16269087,active,ltd,,,2025-02-21,,2025-02-21,[74990],167-169 Great Portland Street London England W1W 5PF
CLEANWINIE LTD,16238523,active,ltd,,,2025-02-08,,2025-02-08,[47910],493 Latimer Road London England W10 6RD
VICTORIA FAWOLE LIMITED,16233425,active,ltd,,,2025-02-06,,2025-02-06,[90010],16a Colvestone Crescent London England E8 2LH
NICOLA RATCLIFFE LIMITED,16229051,active,ltd,,,2025-02-04,,2025-02-04,[68100, 68209, 68320],212 Royle Building 31 Wenlock Road London England N1 7SH
AJM BUILDINGS LTD,16278865,active,ltd,,,2025-02-26,,2025-02-26,[68209],4th Floor Sutherland House 70-78 West Hendon Broadway London England NW9 7BT
UK CHESS.COM LIMITED,16247446,active,ltd,,,2025-02-12,,2025-02-12,[64209],86-90 Paul Street London England EC2A 4NE
KONELL HUGHES LIMITED,16234791,active,ltd,,,2025-02-06,,2025-02-06,[68100],Churchill House London England NW4 4DJ
11.11 WEDDINGS AND EVENTS LTD,16261671,active,ltd,,,2025-02-19,,2025-02-19,[70229, 74209, 82301, 82302],Unit Da2 Sutherland House London E17 6BU
RED CARPET TRANSPORT LTD,16226970,active,ltd,,,2025-02-04,,2025-02-04,[79120, 79901],2nd Floor College House Ruislip, United Kingdom HA4 7AE
MONOCHEER LTD,16278837,active,ltd,,,2025-02-26,,2025-02-26,[47710],45 4th Floor, Silverstream House London England W1T 6EB
ATLIAN LIMITED,16251177,active,ltd,,,2025-02-13,,2025-02-13,[65120, 66220],4th Floor Silverstream House, 45 Fitzroy Street London England W1T 6EB
EMBER CROWS LTD,16250023,active,ltd,,,2025-02-13,,2025-02-13,[58210, 62011],124 City Road London England EC1V 2NX
TRUEVISION IT CONSULTING LTD,16259481,active,ltd,,,2025-02-18,,2025-02-18,[62020],Office One 1 Coldbath Square London England EC1R 5HL
COWDI LTD,16269890,active,ltd,,,2025-02-23,,2025-02-23,[62012, 62020, 70100],3rd Floor, 86-90 Paul Street London England EC2A 4NE
BOYD HAWKINS LIMITED,16256957,active,ltd,,,2025-02-17,,2025-02-17,[70229],Accountax House London England SW16 3SN
NGX PROPERTY LIMITED,16234711,active,ltd,,,2025-02-06,,2025-02-06,[68100],32 Woodstock Grove London England W12 8LE
HOOYABO LTD,16233623,active,ltd,,,2025-02-06,,2025-02-06,[47910],71-75 71-75 Shelton Street London England WC2H 9JQ
OMATA LIMITED,16263015,active,ltd,,,2025-02-19,,2025-02-19,[86900],Enterprise House, First Floor, London United Kingdom NW4 2HN
BRICKZ PROPERTIES LIMITED,16272985,active,ltd,,,2025-02-24,,2025-02-24,[68209],R B P London England N21 1RA
TTMR ON STAGE LTD,16282185,active,ltd,,,2025-02-27,,2025-02-27,[90010],Davina House Thomas Hopkins Productions, Suite 103 London England EC1V 7ET
GLOBAL MEDI CREW LTD,16234972,active,ltd,,,2025-02-06,,2025-02-06,[79110, 85600, 96090],124 City Road London England EC1V 2NX
REVERA UK OPERATIONS LTD,16228564,active,ltd,,,2025-02-04,,2025-02-04,[82990],Suite 1, 7th Floor 50 Broadway London United Kingdom SW1H 0DB
AMOBIX SYSTEMS LIMITED,16269930,active,ltd,,,2025-02-23,,2025-02-23,[62020, 62090, 63990],169 Forest Lane London England E7 9BB
BET-CHIP LIMITED,16228668,active,ltd,,,2025-02-04,,2025-02-04,[62012, 93290],C/O David Crown Management Thames House Leigh-On-Sea United Kingdom SS9 2QQ
HAIJI TEA LIMITED,16241235,active,ltd,,,2025-02-10,,2025-02-10,[46370, 47110],Suite 110 94 London Road Oxford England OX3 9FN
GLOBAL-EHIMAX LIMITED,16261609,active,ltd,,,2025-02-19,,2025-02-19,[81210, 81229, 81299, 96090],128 City Road London United Kingdom EC1V 2NX
DEV NEX LTD,16260823,active,ltd,,,2025-02-18,,2025-02-18,[47990],71-75 Shelton Street London United Kingdom WC2H 9JQ
NADEEM HALAL MEAT AND GROCERIES LIMITED,16231097,active,ltd,,,2025-02-05,,2025-02-05,[46320, 47210, 47220, 99999],437 Lea Bridge Road London United Kingdom E10 7EA
WINSLADE PROPERTIES UK LIMITED,16243004,active,ltd,,,2025-02-11,,2025-02-11,[68100, 68209],Marlborough House London England N3 2SZ
SPHLASH LTD,16240483,active,ltd,,,2025-02-10,,2025-02-10,[62090],Flat 18 63 Acacia Road London England NW8 6BJ
RING LIGHT FILMS LTD,16245678,active,ltd,,,2025-02-11,,2025-02-11,[59111],46 Corsehill Street London England SW16 6NF
METAMARTX LIMITED,16268522,active,ltd,,,2025-02-21,,2025-02-21,[46420, 46520, 96090],Flat 414 Blackwall Way London England E14 9GT
THE FOURTH SECTOR LIMITED,16264507,active,ltd,,,2025-02-19,,2025-02-19,[47710],3rd Floor, 86-90 Paul Street London United Kingdom EC2A 4NE
REXYBOII LTD,16237816,active,ltd,,,2025-02-07,,2025-02-07,[47190],Suite Ra01 195-197 London England E17 3NU
BACK 365 LTD,16228702,active,ltd,,,2025-02-04,,2025-02-04,[52290],11 Beech Gardens London England W5 4AJ
REVOLT CYCLING LIMITED,16279729,active,ltd,,,2025-02-26,,2025-02-26,[93130],Ground Floor And Basement Unit 3 London England WC1V 6AA
LOVE SUSHI GROUP LIMITED,16281579,active,ltd,,,2025-02-27,,2025-02-27,[56101],119 Queensway London England W2 4SJ
DELTA SOFTWARE GROUP LIMITED,16266461,active,ltd,,,2025-02-20,,2025-02-20,[64209],10th Floor 5 Churchill Place London United Kingdom E14 5HU
HIVE WELLNESS LTD,16247411,active,ltd,,,2025-02-12,,2025-02-12,[84120],167-169 Great Portland Street London England W1W 5PF
LATIN TABLE LIMITED,16223939,active,ltd,,,2025-02-03,,2025-02-03,[56103],128 City Road London England EC1V 2NX
BLAMPCO LTD,16281221,active,ltd,,,2025-02-27,,2025-02-27,[59112],"Blampco Ltd", 124 City Road Blampco Ltd London England EC1V 2NX
NICOLA EDITS LTD,16251257,active,ltd,,,2025-02-13,,2025-02-13,[59120],275 New North Road London England N1 7AA
FAWLEY GREEN HYDROGEN LIMITED,16274965,active,ltd,,,2025-02-25,,2025-02-25,[20110, 35210, 41100],2nd Floor 123 Victoria Street London United Kingdom SW1E 6DE
TRADE WITH DECRYPTERS LTD,16231587,active,ltd,,,2025-02-05,,2025-02-05,[63990, 70210, 82990, 85590],128 City Road London United Kingdom EC1V 2NX
NOT JUST A GAME LTD,16238294,active,ltd,,,2025-02-08,,2025-02-08,[58190],4th Floor 63-66 Hatton Garden London England EC1N 8LE
BEACON ACADEMY LTD,16227477,active,ltd,,,2025-02-04,,2025-02-04,[85320, 85421, 85590, 85600],71-75 Shelton Street London United Kingdom WC2H 9JQ
MN MANAGEMENT LTD,16278700,active,ltd,,,2025-02-26,,2025-02-26,[64209],24 Fitzroy Square London England W1T 6EP
A&A NISKO LTD,16242255,active,ltd,,,2025-02-10,,2025-02-10,[47110, 47210],44a Mildmay Park London England N1 4PR
ALICE L LEES LTD,16246526,active,ltd,,,2025-02-12,,2025-02-12,[90030],5th Floor, 167-169 Great Portland Street London United Kingdom W1W 5PF
JJL PHYSIO LTD,16280625,active,ltd,,,2025-02-27,,2025-02-27,[86900],100 Colindeep Lane London England NW9 6HB
CHATOMA LIMITED,16224517,active,ltd,,,2025-02-03,,2025-02-03,[70229],1 Chancery Lane First Floor London England WC2A 1LF
MODELLA ACQUISITION CO 16 LIMITED,16252864,active,ltd,,,2025-02-14,,2025-02-14,[64209],4th Floor 7 Cavendish Place London England W1G 0QD
MODELLA ACQUISITION CO 15 LIMITED,16252636,active,ltd,,,2025-02-14,,2025-02-14,[64209],4th Floor 7 Cavendish Place London England W1G 0QD
AQUARIUS COSMETIC UK LTD,16225064,active,ltd,,,2025-02-03,,2025-02-03,[99999],24 Fitzroy Square London England W1T 6EP
ARIANA EDUCATION LTD,16257824,active,ltd,,,2025-02-17,,2025-02-17,[70229, 85600],84 Uxbridge Road, Suite 3, Second Floor London England W13 8RA
ACCIPIO HOSPITALITY SERVICES LTD,16253299,active,ltd,,,2025-02-14,,2025-02-14,[74909],Devines Bellefeild House Chelmsford CM2 0RG
SHIELDMY INSURANCE SERVICES LTD,16253456,active,ltd,,,2025-02-14,,2025-02-14,[66220],3 Lloyd's Avenue London England EC3N 3DS
SUSSEX COMPS LTD,16233145,active,ltd,,,2025-02-05,,2025-02-05,[93290],86-90 Paul Street London England EC2A 4NE
INTERNATIONAL QUALIFICATIONS BOARD LTD,16232086,active,ltd,,,2025-02-05,,2025-02-05,[70229, 85590, 85600, 94120],Servcorp At 1 Mayfair Place, Level 1 London England W1J 8AJ
NORTHSMAN LTD,16231846,active,ltd,,,2025-02-05,,2025-02-05,[27510, 47910, 68100, 72200],First Floor Office London United Kingdom W8 4LZ
DIVINE WELLNESS LTD,16280342,active,ltd,,,2025-02-27,,2025-02-27,[86900],311 Regents Park Road London England N3 1DP
SCENT STORY LTD,16238822,active,ltd,,,2025-02-09,,2025-02-09,[20420, 47910, 96090],167-169 Great Portland Street London England W1W 5PF
PLUSX FILM LTD,16275934,active,ltd,,,2025-02-25,,2025-02-25,[59111],Annex Flat 7 London England NW11 9EU
GOLD COMMS LIMITED,16235923,active,ltd,,,2025-02-07,,2025-02-07,[96090],72 Halliwick Road London England N10 1AB
VOGG HOLDING LTD,16270733,active,ltd,,,2025-02-24,,2025-02-24,[64203],85 Great Portland Street London W1W 7LT
ATLAS INVESTMENT PARTNERS LIMITED,16259201,active,ltd,,,2025-02-18,,2025-02-18,[68209, 82990],5 Ground Floor, Canberra Road London United Kingdom W13 9BF
RICHBOURNE TRADING LIMITED,16267137,active,ltd,,,2025-02-21,,2025-02-21,[96090],72 Halliwick Road London England N10 1AB
ASTON VALLEY TRADING LIMITED,16251959,active,ltd,,,2025-02-14,,2025-02-14,[96090],72 Halliwick Road London England N10 1AB
OMNIUM CHEMICALS LTD,16267870,active,ltd,,,2025-02-21,,2025-02-21,[46120, 46180],146 Grand Drive London England SW20 9EA
JL INNOVATIONS LTD,16263738,active,ltd,,,2025-02-19,,2025-02-19,[62020],5th Floor 167-169 Great Portland Street London W1W 5PF
COUNTY INTERNATIONAL LIMITED,16279547,active,ltd,,,2025-02-26,,2025-02-26,[96090],72 Halliwick Road London England N10 1AB
1ST CLASS INTERNATIONAL LIMITED,16226015,active,ltd,,,2025-02-03,,2025-02-03,[96090],72 Halliwick Road London England N10 1AB
WEST TRADE LIMITED,16228239,active,ltd,,,2025-02-04,,2025-02-04,[96090],72 Halliwick Road London England N10 1AB
GINGA ENTERTAINMENT LTD,16258136,active,ltd,,,2025-02-17,,2025-02-17,[90010],86-90 Paul Street, London, Paul Street London England EC2A 4NE
BY THE BOOKKEEPING LTD,16284192,active,ltd,,,2025-02-28,,2025-02-28,[69202],20 Wenlock Road London England N1 7GU
GLOBAL GREEN GENERATION (DCS) LTD,16271237,active,ltd,,,2025-02-24,,2025-02-24,[35130, 61900, 62020, 70229],128 City Road London United Kingdom EC1V 2NX
RENTSOS408 LTD,16226204,active,ltd,,,2025-02-03,,2025-02-03,[82990],167-169 Great Portland Street 167-169 Great Portland Street London United Kingdom W1W 5PF
STILLASH LIMITED,16272192,active,ltd,,,2025-02-24,,2025-02-24,[56210],Flat 3, 23 Westgate Terrace London England SW10 9BT
WORLDWALLA LTD,16229621,active,ltd,,,2025-02-04,,2025-02-04,[64209],Suite 105 46 Eversholt Street London England NW1 1DA
HILLTOP TRADING LIMITED,16270873,active,ltd,,,2025-02-24,,2025-02-24,[96090],72 Halliwick Road London England N10 1AB
TWO LAST NAMES LTD,16255057,active,ltd,,,2025-02-16,,2025-02-16,[26702, 59111],Hackney Downs Studios London England E8 2BT
THE ASH STUDIO CONSULTING LIMITED,16264348,active,ltd,,,2025-02-19,,2025-02-19,[70210, 70229],804 Sovereign Tower London United Kingdom E16 1XH
COLARGE LTD,16270146,active,ltd,,,2025-02-23,,2025-02-23,[58190, 70229, 90030],Impact Brixton 17a Electric Lane London England SW9 8LA
LUCKY DEALS LTD,16227017,active,ltd,,,2025-02-04,,2025-02-04,[45112, 52290],128 City Road London United Kingdom EC1V 2NX
PUKA INVESTMENTS LIMITED,16235405,active,ltd,,,2025-02-06,,2025-02-06,[68100],14a Winslow Grove London England E4 6EU
BLUE RIDGE PARTNERS LTD,16265767,active,ltd,,,2025-02-20,,2025-02-20,[82990],71-75 Shelton Street London United Kingdom WC2H 9JQ
KHREMA CAPITAL HOLDINGS LIMITED,16283494,active,ltd,,,2025-02-28,,2025-02-28,[64209],128 City Road London United Kingdom EC1V 2NX
SLICK MEDIA LTD,16247672,active,ltd,,,2025-02-12,,2025-02-12,[62020],124 City Road London England EC1V 2NX
DINOS FOOD SERVICE LTD,16241475,active,ltd,,,2025-02-10,,2025-02-10,[46390],12-20 Markfield Road London England N15 4QF
HH DATA & EVIDENCE SERVICES LTD,16272430,active,ltd,,,2025-02-24,,2025-02-24,[70229],73 Cornhill London United Kingdom EC3V 3QQ
SYMBIOSIS LDN LIMITED,16224549,active,ltd,,,2025-02-03,,2025-02-03,[59200, 82301, 90010, 90020],24-28 Boston Place London NW1 6ER
MINES SOLUTIONS LTD,16271448,active,ltd,,,2025-02-24,,2025-02-24,[70229, 81210, 81222, 81229],Flat 72 Sheldon Square London England W2 6DS
OTTIE & OSCAR LTD,16231167,active,ltd,,,2025-02-05,,2025-02-05,[47910],124 City Road London England EC1V 2NX
MILNTHORPE LANE ONGAR MANAGEMENT COMPANY LTD,16282543,active,ltd,,,2025-02-28,,2025-02-28,[68320],34-40 High Street Wanstead London United Kingdom E11 2RJ
NUR&CO CLOTHING LTD,16259822,active,ltd,,,2025-02-18,,2025-02-18,[47910],14/2b 10-16 Tiller Road London England E14 8PX
MARIGOLD PROPERTY INVESTMENT LIMITED,16271798,active,ltd,,,2025-02-24,,2025-02-24,[68100, 68209],167-169 Great Portland Street London England W1W 5PF
LIMAR OFFICIAL LTD,16252333,active,ltd,,,2025-02-14,,2025-02-14,[13990, 47710],411 Oxford Street London United Kingdom W1C 2PE
PERFECT SQUARE FINANCIALS LIMITED,16263462,active,ltd,,,2025-02-19,,2025-02-19,[64922],235 Plumstead High Street London England SE18 1HF
IN MOTO TRADING LIMITED,16278352,active,ltd,,,2025-02-26,,2025-02-26,[45400],Arch 70 Albert Embankment London England SE1 7TP
PRO TRADE LEADS UK LTD,16253570,active,ltd,,,2025-02-14,,2025-02-14,[62090],27 Old Gloucester Street London United Kingdom WC1N 3AX
MASTOVAL LIMITED,16272185,active,ltd,,,2025-02-24,,2025-02-24,[41201, 41202],Flat 2, 73 Sinclair Road London England W14 0NR
PAKHAO LTD,16259103,active,ltd,,,2025-02-18,,2025-02-18,[56101],5-6 Balham Station Road London England SW12 9SG
PURE DC (FRANCE) HOLDINGS LIMITED,16247063,active,ltd,,,2025-02-12,,2025-02-12,[63990],5 Fleet Place London United Kingdom EC4M 7RD
SALUT TRADING LTD,16268186,active,ltd,,,2025-02-21,,2025-02-21,[46450, 46470],Sterling House Fulbourne Road London England E17 4EE
A TASTE OF PAPHOS LIMITED,16234657,active,ltd,,,2025-02-06,,2025-02-06,[56290],48 Selby Road London United Kingdom N17 8JH
EUROCENT (POOLE ROAD) LTD,16258173,active,ltd,,,2025-02-17,,2025-02-17,[68100],C/O 32 Castlewood Road London United Kingdom N16 6DW
UK FLORA LTD,16246866,active,ltd,,,2025-02-12,,2025-02-12,[96090],Flat 4 West Green Road London England N15 3DU
CCUSTOM CULTURE LTD,16278345,active,ltd,,,2025-02-26,,2025-02-26,[90030],124 City Road London England EC1V 2NX
NGUYEN CAPITAL HOLDINGS LTD,16244573,active,ltd,,,2025-02-11,,2025-02-11,[68209],Unit 16 Cumberland Business Park London United Kingdom NW10 7RT
THE URBAN PET COMPANY LIMITED,16242895,active,ltd,,,2025-02-10,,2025-02-10,[47910],124 City Road London England EC1V 2NX
EASTGATE SECURITY AGENT LIMITED,16253790,active,ltd,,,2025-02-14,,2025-02-14,[41100],101 New Cavendish Street London United Kingdom W1W 6XH
KHAN AGRO CO LTD,16260149,active,ltd,,,2025-02-18,,2025-02-18,[46390, 47110, 47210],413 Barking Road London England E6 2JT
JH VENTURES AND HOLDINGS LIMITED,16235625,active,ltd,,,2025-02-06,,2025-02-06,[68100, 68201, 68209, 68320],85 Great Portland Street London United Kingdom W1W 7LT
DIRTY HARRY’S CLEANING SERVICES LIMITED,16245119,active,ltd,,,2025-02-11,,2025-02-11,[81299],49 Tottenham Court Road London England W1T 2EG
SCALLY SCOVILLES LIMITED,16258080,active,ltd,,,2025-02-17,,2025-02-17,[10840, 46380, 47910],124 City Road London England EC1V 2NX
LINKMED LIMITED,16234867,active,ltd,,,2025-02-06,,2025-02-06,[86220],24a Aldermans Hill London United Kingdom N13 4PN
TOURISMTECHX LIMITED,16247601,active,ltd,,,2025-02-12,,2025-02-12,[47910, 62012, 79110],Unit 501 Leroy House London England N1 3QP
BERKELEY SQUARE ACCOMMODATIONS LTD,16229906,active,ltd,,,2025-02-04,,2025-02-04,[68100, 68209, 68320],77 New Cavendish Street London England W1W 6XB
SOLACE SECURITY TRAINING LTD,16231493,active,ltd,,,2025-02-05,,2025-02-05,[80100, 81299, 82990],Unimix House (32a) Abbey Road London England NW10 7TR
CLEAN POWER CAPITAL LTD,16271593,active,ltd,,,2025-02-24,,2025-02-24,[70229],71-75 Shelton Street London England WC2H 9JQ
NEVROYA LTD,16244941,active,ltd,,,2025-02-11,,2025-02-11,[68310, 68320, 70229],3rd Floor, 86-90 Paul Street London United Kingdom EC2A 4NE
CLARA-PENSIONS B8 LIMITED,16262980,active,ltd,,,2025-02-19,,2025-02-19,[66290],Myo St Paul's London United Kingdom EC4M 9AF
BARROWS COMMERCE UK LIMITED,16270969,active,ltd,,,2025-02-24,,2025-02-24,[73120],Sea Containers London England SE1 9ET
VIGLOW LTD,16263326,active,ltd,,,2025-02-19,,2025-02-19,[68100, 68209],71-75 Shelton Street London United Kingdom WC2H 9JQ
ONNA PRODUCTION LTD,16237962,active,ltd,,,2025-02-07,,2025-02-07,[59112, 74209, 96090],2nd Floor College House Ruislip, United Kingdom HA4 7AE
CONVISIO ASSOCIATES LTD,16242894,active,ltd,,,2025-02-10,,2025-02-10,[70229],24 Lennox Gardens London England SW1X 0DQ
TARN HOMES (02) LIMITED,16279773,active,ltd,,,2025-02-26,,2025-02-26,[41100],Unit 20 Queen Elizabeth Street London England SE1 2JE
HOMEVIBEPROPERTIES LIMITED,16276799,active,ltd,,,2025-02-26,,2025-02-26,[68209],124 City Road London England EC1V 2NX
LYON CROFT LAW LIMITED,16239748,active,ltd,,,2025-02-10,,2025-02-10,[69102],First Central 200, 6th Floor 2 Lakeside Drive London England NW10 7FQ
TINKR STUDIO LTD,16243763,active,ltd,,,2025-02-11,,2025-02-11,[62020],4th Floor Office London England W1B 4HB
NABIFY LTD,16274396,active,ltd,,,2025-02-25,,2025-02-25,[64209],Nabify Ltd London England EC2A 4NE
EMIFCE LTD,16263320,active,ltd,,,2025-02-19,,2025-02-19,[47910],24-26 Arcadia Avenue, Fin009 London England N3 2JU
SYNERGIA CARE SERVICES LIMITED,16263635,active,ltd,,,2025-02-19,,2025-02-19,[86900],5 Brayford Square London England E1 0SG
CETIN LTD,16275015,active,ltd,,,2025-02-25,,2025-02-25,[47910],24-26 Arcadia Avenue, Fin009 London England N3 2JU
SUNNYDAY DRIVE LTD,16263621,active,ltd,,,2025-02-19,,2025-02-19,[41100, 49410, 78200],112a Myddleton Road London United Kingdom N22 8NQ
DE MUNACIELL LTD,16229260,active,ltd,,,2025-02-04,,2025-02-04,[56101],Royal College Street London England NW1 0SG
WHATDRIVESPROPERTIES LIMITED,16265267,active,ltd,,,2025-02-20,,2025-02-20,[68209],71-75 Shelton Street London United Kingdom WC2H 9JQ
PRO CUTTS LTD,16260638,active,ltd,,,2025-02-18,,2025-02-18,[69201, 69202],71-75 Shelton Street London England WC2H 9JQ
ZAIN ZAFAR LTD,16240213,active,ltd,,,2025-02-10,,2025-02-10,[47910],Office 15289 Office 15289 182-184 High Street North East Ham London United Kingdom E6 2JA
FLOORTEC COMMERCIAL LIMITED,16274034,active,ltd,,,2025-02-25,,2025-02-25,[43290, 43330],45 Albemarle Street London England W1S 4JL
SUBABB LTD,16248723,active,ltd,,,2025-02-12,,2025-02-12,[62012, 70229, 82990],Flat 52 Flotilla House London England SW18 1FX
CENTRAL LONDON ESTATES PVT LTD,16235258,active,ltd,,,2025-02-06,,2025-02-06,[68310, 70229],104b King Henrys Road London England NW3 3SL
CARMINA SHOEMAKER UK LIMITED,16278536,active,ltd,,,2025-02-26,,2025-02-26,[47721, 47910],3 Clifford Street London United Kingdom W1S 2LF
INFRATECK CIVIL SOLUTIONS LTD,16235601,active,ltd,,,2025-02-06,,2025-02-06,[42990],167-169 Great Portland Street London England W1W 5PF
BLAKROC PROPERTY INVESTMENTS LTD,16224536,active,ltd,,,2025-02-03,,2025-02-03,[68100],61 Leadale Avenue Chingford United Kingdom E4 8AX
GT MEDIA (EUROPE) LTD,16233897,active,ltd,,,2025-02-06,,2025-02-06,[58142],20-22 Wenlock Road London England N1 7GU
MULTIPLAY LTD,16277629,active,ltd,,,2025-02-26,,2025-02-26,[47650, 63120],160 Holborn London England EC1N 2LE
MUHAMMAD DIGITAL WEALTH PVT. LIMITED,16255153,active,ltd,,,2025-02-17,,2025-02-17,[47910],128 City Road London England EC1V 2NX
MC CAPITAL LONDON LTD,16251998,active,ltd,,,2025-02-14,,2025-02-14,[82990],5th Floor, Sterling House London England SW19 4DP
THE FEEL GOOD PROJECT LTD,16271351,active,ltd,,,2025-02-24,,2025-02-24,[62012],Apartment 6 Tinderbox House London England SE8 4BY
ELLIOTT’S LABORATORY LTD,16239527,active,ltd,,,2025-02-10,,2025-02-10,[82990],172 Norbury Court Road 172 Norbury Court Road London England SW16 4HY
EBRU ONAL PROPERTY CONSULTANCY LTD,16226704,active,ltd,,,2025-02-03,,2025-02-03,[68100, 68209, 98000],359 High Road London England N22 8JA
MICRAFT BUILDING LTD,16260551,active,ltd,,,2025-02-18,,2025-02-18,[99999],20 Wenlock Road London England N1 7GU
MSJ PERFUME LONDON LTD,16233743,active,ltd,,,2025-02-06,,2025-02-06,[46450],Discovery Dock East, London United Kingdom E14 5NR
JL ACADEMY LTD,16279502,active,ltd,,,2025-02-26,,2025-02-26,[85590],5th Floor 167-169 Great Portland Street London England W1W 5PF
DR. TECH AESTHETIC HEALTH LTD,16237272,active,ltd,,,2025-02-07,,2025-02-07,[73110, 86900],102 Rookery Court, 80 Ruckholt Road London United Kingdom E10 5FA
ROGERANDCO LIMITED,16282122,active,ltd,,,2025-02-27,,2025-02-27,[64999],167-169 Great Portland Street London W1W 5PF
D&I BUILDERS LIMITED,16238220,active,ltd,,,2025-02-08,,2025-02-08,[41202],Suite G04 1 Quality Court, Chancery Lane London England WC2A 1HR
TORCH UW LIMITED,16282437,active,ltd,,,2025-02-27,,2025-02-27,[66220],70 Gracechurch Street London England EC3V 0HR
KADE SOLUTIONS LTD,16269321,active,ltd,,,2025-02-21,,2025-02-21,[70229],Flat 2, 38 Flat 2 London England SE25 4LU
DR RUSSELL LTD,16262063,active,ltd,,,2025-02-19,,2025-02-19,[86210],71-75 Shelton Street London United Kingdom WC2H 9JQ
THE FOREVER SCHOOL LTD,16226366,active,ltd,,,2025-02-03,,2025-02-03,[69203],42 Inchmery Road London United Kingdom SE6 2NE
UNITED MOTION LIMITED,16225914,active,ltd,,,2025-02-03,,2025-02-03,[85510, 86900, 93120, 93199],338a Regents Park Road London United Kingdom N3 2LN
SAMGI ADS LTD,16232222,active,ltd,,,2025-02-05,,2025-02-05,[73110],20 Wenlock Road London United Kingdom N1 7GU
SCOUT'D LTD.,16276466,active,ltd,,,2025-02-25,,2025-02-25,[93199],43 Upton Lane London England E7 9PA
BLOOMBEDDING LTD,16250899,active,ltd,,,2025-02-13,,2025-02-13,[47910, 96090],Haydon Court, Flat 32 London United Kingdom NW9 0NS
NESTMERCH LTD,16267916,active,ltd,,,2025-02-21,,2025-02-21,[47710, 47722, 47820],27 Old Gloucester Street London WC1N 3AX
WASHINGTON NEWS LIMITED,16245817,active,ltd,,,2025-02-11,,2025-02-11,[58190],66 Paul Street London England EC2A 4NA
KRX GROUP LTD,16267082,active,ltd,,,2025-02-21,,2025-02-21,[62012],71-75 Shelton Street London United Kingdom WC2H 9JQ
SISTOVA ROAD LTD,16258955,active,ltd,,,2025-02-18,,2025-02-18,[86230],12 De Montfort Road London England SW16 1LZ
TFX CONSULTANCY LTD,16270940,active,ltd,,,2025-02-24,,2025-02-24,[70229],Broom House 39/43 London Road Benfleet England SS7 2QL
AVEZDA LTD,16270127,active,ltd,,,2025-02-23,,2025-02-23,[32500],66 Paul Street London England EC2A 4NA
NEVEEN GALAL LTD,16250421,active,ltd,,,2025-02-13,,2025-02-13,[74909],7 Bell Yard London England WC2A 2JR
LUCKY FLOR LTD,16228489,active,ltd,,,2025-02-04,,2025-02-04,[41201, 43999, 81299],81 Washington Avenue London England E12 5JB
PRECISIONOS LIMITED,16261405,active,ltd,,,2025-02-18,,2025-02-18,[86210],167-169 Great Portland Street London England W1W 5PF
OITLY NEXCLOUD LTD,16279360,active,ltd,,,2025-02-26,,2025-02-26,[63110],71-75 Shelton Street London WC2H 9JQ
CHEVAL HOUSING GROUP LTD,16268659,active,ltd,,,2025-02-21,,2025-02-21,[55900],Office 403 96 Kensington High Street London W8 4SG
INTELLECT FS LIMITED,16255493,active,ltd,,,2025-02-17,,2025-02-17,[58190, 63120, 82302],167-169 Great Portland Street London England W1W 5PF
ELEVEN CONTENT LIMITED,16249228,active,ltd,,,2025-02-13,,2025-02-13,[70229, 96090],66 Paul Street London England EC2A 4NA
SAVOY WELLNESS LIMITED,16225429,active,ltd,,,2025-02-03,,2025-02-03,[86900, 96040, 96090],340 Park West Edgware Road London England W2 2QR
ECL COLLECTIVE LTD.,16280385,active,ltd,,,2025-02-27,,2025-02-27,[93199],Flat 1 35 Deodar Road London England SW15 2NP
PBZ TOP REMOVALS LTD,16270986,active,ltd,,,2025-02-24,,2025-02-24,[49420],3 Walnut Gardens London United Kingdom E15 1LL
MAYFIELD DIGITAL LIMITED,16281703,active,ltd,,,2025-02-27,,2025-02-27,[62020, 73110, 73120],Flat 66 Cornwallis Court London United Kingdom SW8 2NX
GEOFF & CO STUDIOS LTD,16277631,active,ltd,,,2025-02-26,,2025-02-26,[74100, 90030],Sagaboi 11 Needham Road London England W11 2RP
PROTEA ADVISORY LIMITED,16242175,active,ltd,,,2025-02-10,,2025-02-10,[99999],30 West Heath Drive London United Kingdom NW11 7QH
G&S BROMLEY LIMITED,16283094,active,ltd,,,2025-02-28,,2025-02-28,[47190],8 Granard Avenue London England SW15 6HJ
LEVELS TECHNOLOGIES LTD,16268091,active,ltd,,,2025-02-21,,2025-02-21,[62090],Third Floor London England EC2M 6TX
VUZIMO LIMITED,16241261,active,ltd,,,2025-02-10,,2025-02-10,[46460],78 York Street London England W1H 1DP
COMPASS LIFE LIMITED,16264730,active,ltd,,,2025-02-20,,2025-02-20,[10890],167-169 Great Portland Street London W1W 5PF
FIND SCALE LTD,16271005,active,ltd,,,2025-02-24,,2025-02-24,[63120],71-75 Shelton Street London United Kingdom WC2H 9JQ
EVERMORE EVENTS LIMITED,16256083,active,ltd,,,2025-02-17,,2025-02-17,[80100],167 - 169 Fifth Floor London England W1W 5PF
TUNTUN LTD,16227303,active,ltd,,,2025-02-04,,2025-02-04,[47190, 47910, 62012],Unit 1, The Village Arcade London England E4 7DA
SPARKLE & SHINE HOMES LIMITED,16276033,active,ltd,,,2025-02-25,,2025-02-25,[81100, 81210, 81222],5 5 Brayford Square London England E1 0SG
AUTO ASSIST GROUP LTD,16264518,active,ltd,,,2025-02-19,,2025-02-19,[45190],89 Lee High Road London England SE13 5NS
JOBBOO & CO LTD,16278571,active,ltd,,,2025-02-26,,2025-02-26,[47990],Office 19895 182-184 High Street North East Ham E6 2JA
DG TECHNEST LTD,16259689,active,ltd,,,2025-02-18,,2025-02-18,[62090],167 169 Great Portland Street London England W1W 5PF
HOUSEBOUND STRENGTH LTD,16227940,active,ltd,,,2025-02-04,,2025-02-04,[47910],Housebound Strength Ltd, 124 City Road, London London England EC1V 2NX
ARIF BAYKAL LTD,16279894,active,ltd,,,2025-02-26,,2025-02-26,[47910],71-75 Shelton Street London WC2H 9JQ
RIGHTSTEP CARE LTD,16225514,active,ltd,,,2025-02-03,,2025-02-03,[87900],3 Washington Road London England E6 1AJ
LEMONADE VENTURES LIMITED,16234043,active,ltd,,,2025-02-06,,2025-02-06,[46900, 47910],124 City Road, London City Road London England EC1V 2NX
NEXA CONSULTANCY LTD,16262967,active,ltd,,,2025-02-19,,2025-02-19,[62020],71-75 Shelton Street London United Kingdom WC2H 9JQ
EAST MANAGEMENT LTD,16276080,active,ltd,,,2025-02-25,,2025-02-25,[68209, 68320, 70229],84 Royal Mint Street London United Kingdom E1 8ZU
THE BLACK BOOK COLLECTION LIMITED,16237766,active,ltd,,,2025-02-07,,2025-02-07,[17230, 46499, 47910],71-75 Shelton Street London United Kingdom WC2H 9JQ
TOY BOX N16 LTD,16235264,active,ltd,,,2025-02-06,,2025-02-06,[88910],3 Norfolk Avenue London N15 6JX
RUPERT OB GROUP LTD,16224843,active,ltd,,,2025-02-03,,2025-02-03,[68100, 68209],Unit 115, Axy Group 40 Gracechurch Street London England EC3V 0BT
RAM FOR MAINTENANCE AND RENOVATIONS LTD,16258847,active,ltd,,,2025-02-18,,2025-02-18,[43390],1 Concord Business Centre London W3 0TJ
RUNA CONSTRUCTION LTD,16237575,active,ltd,,,2025-02-07,,2025-02-07,[41100, 41202, 42220],18 Leighton Road London England NW5 2QE
ACT MGMT LIMITED,16284135,active,ltd,,,2025-02-28,,2025-02-28,[90020],167-169 Great Portland Street London England W1W 5PF
WE ARE ENOUGH CIC,16231918,active,ltd,community-interest-company,,2025-02-05,,2025-02-05,[71200],71-75 Shelton Street London United Kingdom WC2H 9JQ
WISE HOMES GROUP LTD,16258329,active,ltd,,,2025-02-17,,2025-02-17,[43210, 43290],Office One 1 Coldbath Square London England EC1R 5HL
VSA INTERNATIONAL LIMITED,16246007,active,ltd,,,2025-02-12,,2025-02-12,[43220],Studio 11 Parish Lane London England SE20 7JH
IMARA SYSTEMS LIMITED,16256656,active,ltd,,,2025-02-17,,2025-02-17,[62012, 62020, 74909, 85600],167 - 169 Great Great Portland Street London England W1W 5PF
ALVINGTON LIMITED,16278687,active,ltd,,,2025-02-26,,2025-02-26,[68100],34 John Adam Street London England WC2N 6HW
FUSIONACADEMY DESIGNS LTD,16226164,active,ltd,,,2025-02-03,,2025-02-03,[18129, 85600],Office 11473 182-184 High Street North London England E6 2JA
GO AGILE ACADEMY LTD,16258898,active,ltd,,,2025-02-18,,2025-02-18,[62020, 78200, 85600],5 Royle Crescent London England W13 0BH
MOJA SPORTS MANAGEMENT LTD,16282152,active,ltd,,,2025-02-27,,2025-02-27,[93199],31 Melrose Avenue 31 Melrose Avenue London United Kingdom UB7 9EL
FA VEHICLES LTD,16232477,active,ltd,,,2025-02-05,,2025-02-05,[45112, 96090],Lower Ground Floor 20 Grosvenor Place London SW1X 7HN
QEEFLE LTD,16259690,active,ltd,,,2025-02-18,,2025-02-18,[96090],167 - 169 Great Portland Street Great Portland Street London England W1W 5PF
JS CLEANING SERVICES 25 LIMITED,16234624,active,ltd,,,2025-02-06,,2025-02-06,[81210],Flat 6 Flat 6 London England N4 4QA
CADOR WEALTH LTD,16232076,active,ltd,,,2025-02-05,,2025-02-05,[62012, 63110, 70100],124-128 City Road London England EC1V 2NX
LUMEN CARE LTD,16247345,active,ltd,,,2025-02-12,,2025-02-12,[68209],135 Balaam Street London England E13 8AF
INTERPROVIA HEALTHCARE TRAINING SOLUTIONS LTD,16271739,active,ltd,,,2025-02-24,,2025-02-24,[85590],71-75 Shelton Street London United Kingdom WC2H 9JQ
GLIDE SURF & SNOW TRAVEL LTD,16281925,active,ltd,,,2025-02-27,,2025-02-27,[79110],167-169 Great Portland Street London England W1W 5PF
HIGHLAWN 2 LTD,16268237,active,ltd,,,2025-02-21,,2025-02-21,[68100],Second Floor, Sutherland House London United Kingdom NW9 7BT
NEUNOVA LTD,16255776,active,ltd,,,2025-02-17,,2025-02-17,[47750, 96020],2 Elm Court London United Kingdom W9 3TZ
TOPPERS FISH & CHIPS LIMITED,16284092,active,ltd,,,2025-02-28,,2025-02-28,[56102, 56103],291 Green Lanes London England N13 4XS
ROM HUNTS TRUFFLES LTD,16274338,active,ltd,,,2025-02-25,,2025-02-25,[47710, 47910],80 Randolph Avenue, Flat H 80 Randolph Avenue London England W9 1BG
NEYPA LTD,16243862,active,ltd,,,2025-02-11,,2025-02-11,[47910, 62090, 70229, 82990],71-75 Shelton Street, Covent Garden London WC2H 9JQ
HOME KEY PROPERTY MANAGEMENT LTD,16258757,active,ltd,,,2025-02-18,,2025-02-18,[98000],71-75 Shelton Street London United Kingdom WC2H 9JQ
DOZIEN GROUP LTD,16277944,active,ltd,,,2025-02-26,,2025-02-26,[56210, 86900, 87200, 88990],First Floor Office London United Kingdom W8 4LZ
THE WORKPLACE HYDRATION HOLDING CO LIMITED,16277764,active,ltd,,,2025-02-26,,2025-02-26,[33190, 56290],Unit 13 Wheatley Business Centre Wheatley United Kingdom OX33 1XW
BACKLINE LIMITED,16268720,active,ltd,,,2025-02-21,,2025-02-21,[62020],167-169 Great Portland Street London England W1W 5PF
RENELLE CREATIVE LIMITED,16269041,active,ltd,,,2025-02-21,,2025-02-21,[59112],167-169 Great Portland Street London England W1W 5PF
CEDAR PROPERTY INVESTMENTS LTD,16240309,active,ltd,,,2025-02-10,,2025-02-10,[68100, 68209],Suite Ra01 195-197 Wood Street London England E17 3NU
GALANTHUS TRADING LTD,16273669,active,ltd,,,2025-02-25,,2025-02-25,[46170, 46210, 46220, 46690],Office 1873. 182-184 High Street North London United Kingdom E6 2JA
PERFURE LIMITED,16241181,active,ltd,,,2025-02-10,,2025-02-10,[20411],167-169 Great Portland Street London England W1W 5PF
PEACHTREE SUPPORT SERVICES LTD,16240605,active,ltd,,,2025-02-10,,2025-02-10,[87900],Suite Ra01 195-197 Wood Street London England E17 3NU
EVALU8 PRECONSTRUCTION SERVICES LTD,16254478,active,ltd,,,2025-02-15,,2025-02-15,[71129],167-169 Great Portland Street London England W1W 5PF
THINK SMART COACHING LTD,16258479,active,ltd,,,2025-02-18,,2025-02-18,[69201, 69203, 82990, 85600],167 - 169 Great Portland Street London England W1W 5PF
TERTER TECH LTD,16240427,active,ltd,,,2025-02-10,,2025-02-10,[58290, 62012],167-169 Great Portland Street London United Kingdom W1W 5PF
HOUSE OF HUMANITY LTD,16239601,active,ltd,,,2025-02-10,,2025-02-10,[93130],167 -169 Great Portland Street Great Portland Street London England W1W 5PF
ECO CHEAM LTD,16270719,active,ltd,,,2025-02-24,,2025-02-24,[56101],The Pipeworks London England SW4 6BU
EMBER COUPLES LTD,16265140,active,ltd,,,2025-02-20,,2025-02-20,[58290],66 Paul Street London United Kingdom EC2A 4NA
POCO MATCHA UK LTD,16236099,active,ltd,,,2025-02-07,,2025-02-07,[46370, 46900, 56102],Unit 5 Royal Exchange London England EC3V 3LP
BIG HILL MUSIC LIMITED,16231468,active,ltd,,,2025-02-05,,2025-02-05,[90020],5th Floor Klaco House London England EC1M 4DN
ZEEWISH LIMITED,16229829,active,ltd,,,2025-02-04,,2025-02-04,[47910],Elizabeth Suite 3rd Floor 207 Regent Street London London England W1B 3HH
PELMASCAPE LIMITED,16269537,active,ltd,,,2025-02-22,,2025-02-22,[68209],167-169 Great Portland Street Great Portland Street London England W1W 5PF
ACCOMMODATION ONE LIMITED,16263277,active,ltd,,,2025-02-19,,2025-02-19,[68100],237 Regents Park Road London England N3 3LF
BUNGKUS LIMITED,16249192,active,ltd,,,2025-02-13,,2025-02-13,[56103],Parsons Green House London SW6 4HH
AMGE SERVICES LTD,16276159,active,ltd,,,2025-02-25,,2025-02-25,[69202],8 Hurstdene Gardens London United Kingdom N15 6NA
MAGNET INTERNATIONAL LTD,16252703,active,ltd,,,2025-02-14,,2025-02-14,[47210],Unit 1, 34 Turner Street London England E1 2AS
SENSATE UK LTD,16250053,active,ltd,,,2025-02-13,,2025-02-13,[47749],205 Regent Street London England W1B 4HB
41 GREAT RUSSELL STREET LTD,16228847,active,ltd,,,2025-02-04,,2025-02-04,[68320, 82990, 98000],1 Giltspur Street London United Kingdom EC1A 9DD
FANTASTICBURO LTD,16256664,active,ltd,,,2025-02-17,,2025-02-17,[58190, 59112, 79110, 85520],Flat 43 Fenland House London England E5 9RP
NONOCO LTD,16243321,active,ltd,,,2025-02-11,,2025-02-11,[68209],Suite 3 Mehmuda House 212a-212e Romford Road Romford Road London England E7 9HY
ELITE STOP LIMITED,16280611,active,ltd,,,2025-02-27,,2025-02-27,[47190, 47910, 47990],63 St. John's Drive London England SW18 4UW
VISTAPRO COMPOSITE DOORS LIMITED,16282367,active,ltd,,,2025-02-27,,2025-02-27,[47520],71-75 Shelton Street London England WC2H 9JQ
DARYANIS CAFE LTD,16245986,active,ltd,,,2025-02-12,,2025-02-12,[56102],500 White Hart Lane London England N17 7NA
SCANDIZ LTD,16245979,active,ltd,,,2025-02-12,,2025-02-12,[74100, 85590],3rd Floor, 86-90 Paul Street London England EC2A 4NE
ELMS COFFEE LTD,16246105,active,ltd,,,2025-02-12,,2025-02-12,[56103],232 York Road London England SW11 3SJ
GRANGE FAST-FOOD CORNER LTD,16246108,active,ltd,,,2025-02-12,,2025-02-12,[10832, 56103],344 Grange Road London United Kingdom E13 0HQ
ELITE SKIN & BEAUTY LTD,16246223,active,ltd,,,2025-02-12,,2025-02-12,[96020],116 Valence Wood Road London United Kingdom RM8 3AJ
GUNES KEBAB 01 LTD,16246216,active,ltd,,,2025-02-12,,2025-02-12,[56103],Pexor House Staffa Road London United Kingdom E10 7QZ
RATING SOLUTIONS LIMITED,16246369,active,ltd,,,2025-02-12,,2025-02-12,[69203],20 Wenlock Road London England N1 7GU
PLUIT SERVICES (UK) LTD,16241545,active,ltd,,,2025-02-10,,2025-02-10,[70221],86-90 Paul Street London England EC2A 4NE
NIAMO ALLURE LIMITED,16246471,active,ltd,,,2025-02-12,,2025-02-12,[96020],36 Spring Street London England W2 1JA
COLAB VENTURES LTD,16246472,active,ltd,,,2025-02-12,,2025-02-12,[85600],20 Wenlock Road London England N1 7GU
MERCHI.AI LTD,16246476,active,ltd,,,2025-02-12,,2025-02-12,[62012],128 City Road London United Kingdom EC1V 2NX
BRANDON&FAMOUS LTD,16246426,active,ltd,,,2025-02-12,,2025-02-12,[47910, 47990, 62012, 96090],2nd Floor College House Ruislip, United Kingdom HA4 7AE
MHK SERVICES LTD,16246584,active,ltd,,,2025-02-12,,2025-02-12,[47910],128 City Road London United Kingdom EC1V 2NX
RATED CLIENT LTD,16246698,active,ltd,,,2025-02-12,,2025-02-12,[96090],20 Wenlock Road London England N1 7GU
TEENSKIN LTD,16246716,active,ltd,,,2025-02-12,,2025-02-12,[47750],27 Saxon House 1 Sands End Lane London United Kingdom SW6 2QD
CH111 LIMITED,16246709,active,ltd,,,2025-02-12,,2025-02-12,[81300],10 Eastleigh Walk London England SW15 4LQ
ELITE DISTRIBUTION & WHOLESALE LTD,16246834,active,ltd,,,2025-02-12,,2025-02-12,[46900],4th Floor Office London England W1B 4HB
AVIEL PROPERTIES LTD,16246773,active,ltd,,,2025-02-12,,2025-02-12,[68320],20 Wenlock Road London England N1 7GU
SURVEY LONDON LTD,16246793,active,ltd,,,2025-02-12,,2025-02-12,[74909],63 Charnwood Road London United Kingdom SE25 6NT
JOAAL AGENCY LTD,16246829,active,ltd,,,2025-02-12,,2025-02-12,[70210, 73110, 82301],101 Whitechapel High Street, 4th Floor London England E1 7RA
LBS LONDON HOLDINGS LTD,16247041,active,ltd,,,2025-02-12,,2025-02-12,[56302],Star Of Bethnal Green London United Kingdom E2 6LG
VOCUZ HOLDING SRI LANKA LTD,16247006,active,ltd,,,2025-02-12,,2025-02-12,[70229],45 Albemarle Street London United Kingdom W1S 4JL
PHARMA BAZZAR UK LTD,16247050,active,ltd,,,2025-02-12,,2025-02-12,[46460, 70229],128 City Road London United Kingdom EC1V 2NX
27 FINSBURY PARK MANAGEMENT LTD,16247153,active,ltd,,,2025-02-12,,2025-02-12,[98000],27 Finsbury Park Road London England N4 2LA
SMOOTHSHIFT SERVICES LTD,16247179,active,ltd,,,2025-02-12,,2025-02-12,[49420, 61900],Suite Ra01 195-197 Wood Sreet London United Kingdom E17 3NU
DENTON ASSETS LTD,16247137,active,ltd,,,2025-02-12,,2025-02-12,[68209],220 The Vale London United Kingdom NW11 8SR
VIKING MOTOR TRADE LTD,16247127,active,ltd,,,2025-02-12,,2025-02-12,[45112, 45310],20 Wenlock Road London England N1 7GU
ABODE CARE AT HOME LTD,16247217,active,ltd,,,2025-02-12,,2025-02-12,[88100],77 Holly Walk London United Kingdom EN2 6QB
MISSFIT FITNESS LTD,16247214,active,ltd,,,2025-02-12,,2025-02-12,[93130],20 Wenlock Road London England N1 7GU
ANUBI DREAM FACTORY LTD,16247213,active,ltd,,,2025-02-12,,2025-02-12,[99999],27 Old Gloucester Street London United Kingdom WC1N 3AX
ZEEKS EDUCATION LTD,16247219,active,ltd,,,2025-02-12,,2025-02-12,[85600],14 Camberwell Church Street London England SE5 8QU
MAISON AL HADID LTD,16247194,active,ltd,,,2025-02-12,,2025-02-12,[46450],Villiers Gardens London England E20 1GW
RWKD LTD,16247168,active,ltd,,,2025-02-12,,2025-02-12,[22290],Unit 14 Almond Road London United Kingdom SE16 3LR
AIBARGAINS LTD,16247186,active,ltd,,,2025-02-12,,2025-02-12,[47910],71-75 Shelton Street London United Kingdom WC2H 9JQ
THAUYARI LTD,16247321,active,ltd,,,2025-02-12,,2025-02-12,[47910],Unit 230 Ground Floor Capital House London United Kingdom E8 1LL
COJIC VENTURES LTD,16247301,active,ltd,,,2025-02-12,,2025-02-12,[68100, 68209, 68320],44 Watford Way London England NW4 3AL
BUZZYPRINT LTD,16247302,active,ltd,,,2025-02-12,,2025-02-12,[47910],124-128 City Road London England EC1V 2NX
CAL LIVE LTD,16247323,active,ltd,,,2025-02-12,,2025-02-12,[62090, 63120, 73200, 74909],128 City Road London United Kingdom EC1V 2NX
M.O. & SONS LTD,16247337,active,ltd,,,2025-02-12,,2025-02-12,[68100, 68209],8 Clock House Parade London England N13 6BG
LOONA DEVELOPMENTS LTD,16247401,active,ltd,,,2025-02-12,,2025-02-12,[68100, 68209],71-75 Shelton Street London United Kingdom WC2H 9JQ
TRIMAX GLOBAL CO., LTD,16247404,active,ltd,,,2025-02-12,,2025-02-12,[46520],128 City Road London United Kingdom EC1V 2NX
WIDE ASTUTE LTD,16247383,active,ltd,,,2025-02-12,,2025-02-12,[63120],86-90 Paul Street London England EC2A 4NE
RELAX ESIM LTD,16247611,active,ltd,,,2025-02-12,,2025-02-12,[61200, 62020, 62090, 63120],128 City Road London United Kingdom EC1V 2NX
3 STEP INNOVATION LIMITED,16247641,active,ltd,,,2025-02-12,,2025-02-12,[51101, 79110, 79120, 79901],71-75 Shelton Street London United Kingdom WC2H 9JQ
SUVEN SOLUTIONS LIMITED,16247976,active,ltd,,,2025-02-12,,2025-02-12,[62020],59 Greenfields Garden London United Kingdom NW2 1HU
LOTUS PRODUCTIONS GLOBAL LTD,16247971,active,ltd,,,2025-02-12,,2025-02-12,[59111],82 Wandsworth Bridge Road London United Kingdom SW6 2TF
MAID IN HEAVEN LTD,16248094,active,ltd,,,2025-02-12,,2025-02-12,[81299],21 Fairlop Road London England E11 1BL
STARK INDUSTRIES MT LTD,16248091,active,ltd,,,2025-02-12,,2025-02-12,[99000],First Floor Office London United Kingdom W8 4LZ
REBEL OIKOS LTD,16248073,active,ltd,,,2025-02-12,,2025-02-12,[56101],35 Grafton Way London England W1T 5DB
NCCS GROUP LTD,16248085,active,ltd,,,2025-02-12,,2025-02-12,[43210],20 Wenlock Road London England N1 7GU
ENMEI MARYLEBONE LIMITED,16248206,active,ltd,,,2025-02-12,,2025-02-12,[93130],Vicarage House C/O Merali Beedle Limited London United Kingdom W8 4DB
HOLMPTON UK LTD,16248372,active,ltd,,,2025-02-12,,2025-02-12,[46470],128 City Road London United Kingdom EC1V 2NX
EVOLVECOM ENTERPRISE LTD,16248446,active,ltd,,,2025-02-12,,2025-02-12,[47910],20 Wenlock Road London England N1 7GU
NAIL STUDIO 68 LTD,16248467,active,ltd,,,2025-02-12,,2025-02-12,[96020],108 High Road London England N2 9EB
M WEBER LTD,16248596,active,ltd,,,2025-02-12,,2025-02-12,[43210],3rd Floor, 86-90 Paul Street London England EC2A 4NE
ABELLKAZA BEAUTY LIMITED,16248591,active,ltd,,,2025-02-12,,2025-02-12,[96020],84 Plowman Close London England N18 1XB
DINOSAUR TWO PRODUCTIONS LIMITED,16248651,active,ltd,,,2025-02-12,,2025-02-12,[59113],Berkshire House London United Kingdom WC1V 7AA
SAHI ENERGY PARTNERS LIMITED,16248657,active,ltd,,,2025-02-12,,2025-02-12,[72190, 74901, 82990],24a Sydenham Road London United Kingdom SE26 5QW
MARKETERS IN NEED OF THERAPY LTD,16248709,active,ltd,,,2025-02-12,,2025-02-12,[94120],Berkeley House Barnet Road St Albans United Kingdom AL2 1BG
EMBERTRADE LIMITED,16248698,active,ltd,,,2025-02-12,,2025-02-12,[47910],2nd Floor College House Ruislip, United Kingdom HA4 7AE
ARTEMIS LEGAL RECRUITMENT LTD,16245964,active,ltd,,,2025-02-12,,2025-02-12,[78109],71-75 Shelton Street London United Kingdom WC2H 9JQ
ISO UK CERTIFICATION LTD,16245966,active,ltd,,,2025-02-12,,2025-02-12,[82990],20 Wenlock Road London England N1 7GU
NYS HOLDINGS LTD,16246016,active,ltd,,,2025-02-12,,2025-02-12,[68100, 68209],662 High Road London England N12 0NL
ADELE BIRCHALL INTERIORS LTD,16246131,active,ltd,,,2025-02-12,,2025-02-12,[74100],2 Devere Court London United Kingdom E5 8BS
ARO EDUCATION LIMITED,16246177,active,ltd,,,2025-02-12,,2025-02-12,[85600],128 City Road London United Kingdom EC1V 2NX
CAVALLA CONSULTING LTD,16246166,active,ltd,,,2025-02-12,,2025-02-12,[70229],85 Great Portland Street, First Floor London England W1W 7LT
RESCOOT LTD,16246251,active,ltd,,,2025-02-12,,2025-02-12,[47190, 47749, 47910],124 City Road London United Kingdom EC1V 2NX
MDSCRESOFT LTD,16246241,active,ltd,,,2025-02-12,,2025-02-12,[61100, 61200, 61300, 62090],71-75 Shelton Street London United Kingdom WC2H 9JQ
TEXWONDER LTD,16246384,active,ltd,,,2025-02-12,,2025-02-12,[46160, 46190, 46410, 47510],24 Georgian Court London United Kingdom HA9 6QG
GOVERNANCE ALTERNATIVE LTD,16246514,active,ltd,,,2025-02-12,,2025-02-12,[70229],Flat 8, Albany Court London United Kingdom W4 3BF
MY WHITE ORCHID LTD,16246522,active,ltd,,,2025-02-12,,2025-02-12,[47190],123 Hamilton Close London England N17 9HW
FULL SEND ACQUISITIONS LIMITED,16246531,active,ltd,,,2025-02-12,,2025-02-12,[82990],71-75 Shelton Street London United Kingdom WC2H 9JQ
MEA HEALTHCARE VENTURES LIMITED,16246642,active,ltd,,,2025-02-12,,2025-02-12,[86900],78 Seymour Place London United Kingdom W1H 2EH
AURORA NEXUS LIMITED,16244637,active,ltd,,,2025-02-11,,2025-02-11,[85600],34 Derby Lodge London United Kingdom WC1X 9BP
COZY CASTLE CREATIONS FURNISHINGS LTD,16246677,active,ltd,,,2025-02-12,,2025-02-12,[46190, 47599, 47789, 74100],35 Orwell House London United Kingdom NW6 5HB
SOZEVIP LTD,16246647,active,ltd,,,2025-02-12,,2025-02-12,[47910],71-75 Shelton Street London United Kingdom WC2H 9JQ
NORTHPORT HORN RAR LIMITED,16246758,active,ltd,,,2025-02-12,,2025-02-12,[68100],22 Manchester Street London United Kingdom W1U 4DJ
MORFOLOGY LTD,16246745,active,ltd,,,2025-02-12,,2025-02-12,[62012, 62020],71-75 Shelton Street London United Kingdom WC2H 9JQ
SHOWLOVE PRODUCTIONS LIMITED,16246879,active,ltd,,,2025-02-12,,2025-02-12,[43290, 77291, 90040],Unit 3 Callis Court Nurseries West Malling United Kingdom ME19 5AS
W2W PLATFORM LTD,16246843,active,ltd,,,2025-02-12,,2025-02-12,[62012, 63120],124 City Road London United Kingdom EC1V 2NX
SHINSEI SUSHI LTD,16246858,active,ltd,,,2025-02-12,,2025-02-12,[56102, 56103, 56210],841 Harrow Road London England NW10 5NH
DIAMOND PROPERTIES INVEST LTD,16246903,active,ltd,,,2025-02-12,,2025-02-12,[68100, 68209, 68320],19 Hatton Garden London England EC1N 8BA
ZAIN LONDON LIMITED,16246894,active,ltd,,,2025-02-12,,2025-02-12,[47290],No:2, Leicester Square Underground London England WC2H 0AP
GOLDMANS HOMES LTD,16246970,active,ltd,,,2025-02-12,,2025-02-12,[68100],145 Castlewood Road London United Kingdom N15 6BD
INTRA RAIL SERVICES LTD,16246963,active,ltd,,,2025-02-12,,2025-02-12,[70229],3rd Floor, 86-90 Paul Street London United Kingdom EC2A 4NE
LEDGERWORKS PRO LTD,16247115,active,ltd,,,2025-02-12,,2025-02-12,[47410, 62012],124 City Road London England EC1V 2NX
MILLENNIUM CAPITAL ASSOCIATES LTD,16247232,active,ltd,,,2025-02-12,,2025-02-12,[70229],10 Framfield Road London England N5 1UU
WINGATE SHOP LIMITED,16247248,active,ltd,,,2025-02-12,,2025-02-12,[56103],44b Anson Road London England NW2 3UU
AVASARA LTD,16247246,active,ltd,,,2025-02-12,,2025-02-12,[62090, 70229],3rd Floor, 86-90 Paul Street London United Kingdom EC2A 4NE
NYLAY LTD,16247288,active,ltd,,,2025-02-12,,2025-02-12,[46450],Flat 3 Queensmere Court London England SW13 9AT
GLOWE GROUP LIMITED,16247368,active,ltd,,,2025-02-12,,2025-02-12,[47910],71-75 Shelton Street London United Kingdom WC2H 9JQ
HE JOURNEY LTD,16247407,active,ltd,,,2025-02-12,,2025-02-12,[85600],71-75 Shelton Street London United Kingdom WC2H 9JQ
ONE PROPERTIES GROUP LTD,16247527,active,ltd,,,2025-02-12,,2025-02-12,[68100, 68209],20 Wenlock Road London England N1 7GU
ZENITHBAY LTD,16247524,active,ltd,,,2025-02-12,,2025-02-12,[47910],3173 275 New N Rd London United Kingdom N1 7AA
BROOKDALE HOUSE STUDIOS LIMITED,16247517,active,ltd,,,2025-02-12,,2025-02-12,[59200],Brookdale House London England E17 6QH
CAMERNOVA LTD,16247559,active,ltd,,,2025-02-12,,2025-02-12,[47910],27 Old Gloucester Street London United Kingdom WC1N 3AX
APPGRADE HUB LTD,16247591,active,ltd,,,2025-02-12,,2025-02-12,[62012, 62020, 70229, 73110],45 Albemarle Street, London United Kingdom W1S 4JL
SECURE HOME CONTRACTORS LTD,16247582,active,ltd,,,2025-02-12,,2025-02-12,[41202, 43290],128 City Road London United Kingdom EC1V 2NX
HECHDAWN TRADING LTD,16247732,active,ltd,,,2025-02-12,,2025-02-12,[47910],3rd Floor, 86-90 Paul Street London United Kingdom EC2A 4NE
ARTEMIS CYSTITIS CONSULTANTS LIMITED,16247729,active,ltd,,,2025-02-12,,2025-02-12,[86220],Kalamu House London United Kingdom EC1R 5HL
SHIRESBROOK GROUP LIMITED,16247727,active,ltd,,,2025-02-12,,2025-02-12,[70229],4th Floor 4 Tabernacle Street London United Kingdom EC2A 4LU
BRAHMA SOLUTIONS LIMITED,16247735,active,ltd,,,2025-02-12,,2025-02-12,[62020],71-75 Shelton Street London United Kingdom WC2H 9JQ
53CM14 LIMITED,16247713,active,ltd,,,2025-02-12,,2025-02-12,[98000],101 Streatham Hill London United Kingdom SW2 4UE
XIZZO LTD,16247712,active,ltd,,,2025-02-12,,2025-02-12,[99999],Flat 10 Hamilton Lodge 2 Cleveland Grove London United Kingdom E1 4XH
CLEAN BLUEBELL LIMITED,16247718,active,ltd,,,2025-02-12,,2025-02-12,[81210],42-44 Bishopsgate London United Kingdom EC2N 4AH
SANATIO CONSULTING LTD,16247755,active,ltd,,,2025-02-12,,2025-02-12,[86220],128 City Road London United Kingdom EC1V 2NX
ADDISON BAYARD PRODUCTIONS LIMITED,16247947,active,ltd,,,2025-02-12,,2025-02-12,[90030],71-75 Shelton Street London United Kingdom WC2H 9JQ
FRESH FLAIR DESIGNS LTD,16248033,active,ltd,,,2025-02-12,,2025-02-12,[43341],20 Veronica Gardens London England SW16 5JS
MIRD (GILSTON PARK) LIMITED,16248137,active,ltd,,,2025-02-12,,2025-02-12,[68100, 68209],71-75 Shelton Street London United Kingdom WC2H 9JQ
COLDHARBOUR BLUE LIMITED,16248233,active,ltd,,,2025-02-12,,2025-02-12,[90040],259-260 Hardess Street London United Kingdom SE24 0HN
DINEMENSION LTD,16248243,active,ltd,,,2025-02-12,,2025-02-12,[56101],Unit 11 Gemini Project London England SE14 5RL
EVENTS IN BLOOM LTD,16248239,active,ltd,,,2025-02-12,,2025-02-12,[96090],Events In Bloom London United Kingdom EC1V 2NX
SAXON MERCH LTD,16248325,active,ltd,,,2025-02-12,,2025-02-12,[90010],C/O - Bigstar Business Management Ltd 303 The Pill Box London United Kingdom E2 6GH
YOU&ME LTD,16248305,active,ltd,,,2025-02-12,,2025-02-12,[47910],Flat 8 Albon House London England SW18 4BS
JOE BUSA MUSIC LTD,16248381,active,ltd,,,2025-02-12,,2025-02-12,[99999],Flat 2 Pines Court London England SW19 6BG
DIGI BOOKS & BALANCES LTD,16248375,active,ltd,,,2025-02-12,,2025-02-12,[69201],129 Station Road London England NW4 4NJ
INTERFRUIT AND VEG LTD,16248408,active,ltd,,,2025-02-12,,2025-02-12,[46310, 46341],9 Station Parade Uxbridge Road London United Kingdom W5 3LD
BLUESKY STUDENT BIDCO II LIMITED,16248492,active,ltd,,,2025-02-12,,2025-02-12,[68209],54 Portland Place London United Kingdom W1B 1DY
DASIKAA LTD,16248497,active,ltd,,,2025-02-12,,2025-02-12,[70229, 85590],71-75 Shelton Street London United Kingdom WC2H 9JQ
MELEK & ALI LTD,16248564,active,ltd,,,2025-02-12,,2025-02-12,[47110],190 Billet Road London United Kingdom E17 5DX
LEGAL CALL LTD,16248626,active,ltd,,,2025-02-12,,2025-02-12,[74909],4 Raven Road London England E18 1HB
EVV ECOM LTD,16248627,active,ltd,,,2025-02-12,,2025-02-12,[47910],71-75 Shelton Street London United Kingdom WC2H 9JQ
BAIGRIE HOLDINGS LIMITED,16248790,active,ltd,,,2025-02-12,,2025-02-12,[64209],45 Gresham Street London United Kingdom EC2V 7BG
AKORLLC LIMITED,16274084,active,ltd,,,2025-02-25,,2025-02-25,[64304],23 Courtfield Gardens London England SW5 0PD
UK FIRE DOOR SERVICES LTD,16238426,active,ltd,,,2025-02-08,,2025-02-08,[43290],23a The Precinct Waterlooville England PO7 7DT
AWAN PROPERTY SERVICES LIMITED,16260625,active,ltd,,,2025-02-18,,2025-02-18,[68209],3 Scott House Admirals Way London England E14 9UG
THE LUXE NAIL BAR LTD,16245535,active,ltd,,,2025-02-11,,2025-02-11,[96020],40 Warton Road London England E15 2JS
ATLANTISLLC LIMITED,16270867,active,ltd,,,2025-02-24,,2025-02-24,[64303],86-90 Paul Street London England EC2A 4NE
GLOW LONDON CREATIVE LTD,16262599,active,ltd,,,2025-02-19,,2025-02-19,[73110],Unit 501 Leroy House London England N1 3QP
TONY LEVY ASSOCIATES LIMITED,16235177,active,ltd,,,2025-02-06,,2025-02-06,[69201],First Floor London England N3 2LT
INTERNATIONAL CONSTRUCTION CHAMBERS UK LIMITED,16240947,active,ltd,,,2025-02-10,,2025-02-10,[69101],5th Floor 30-31 Furnival Street London United Kingdom EC4A 1JQ
VERTEBRAL SOFTWARE LTD,16248863,active,ltd,,,2025-02-12,,2025-02-12,[62012],124 City Road London England EC1V 2NX
SLEEPYROOSTER LTD,16277498,active,ltd,,,2025-02-26,,2025-02-26,[56102],268 Barking Road London England E13 8HR
LOTUS MATTER LIMITED,16239366,active,ltd,,,2025-02-10,,2025-02-10,[71121, 71122, 71129],Ariel House 144 Vaughan Way London England E1W 2AG
BIZCART LTD,16261366,active,ltd,,,2025-02-18,,2025-02-18,[46900, 47190, 47910, 73110],05 Water Tower Building Bognor Regis England PO21 1PN
SHIVA FOOD AND WINE LTD,16242247,active,ltd,,,2025-02-10,,2025-02-10,[47110],124 Langthorne Road London England E11 4HR
CIJG LIMITED,16258484,active,ltd,,,2025-02-18,,2025-02-18,[68100],105 Eade Road, Occ Building A London England N4 1TJ
E&F CONSULTING LTD,16225777,active,ltd,,,2025-02-03,,2025-02-03,[70229],71-75 Shelton Street London United Kingdom WC2H 9JQ
JIBREEL CAMP LTD,16233263,active,ltd,,,2025-02-05,,2025-02-05,[79120],42 Nelson Street London England E1 2DE
NEXTGEN BUILDINGS LTD,16279023,active,ltd,,,2025-02-26,,2025-02-26,[41100, 78200],29 Lennox Road London England E17 8NT
MATTHIAS ROAD PROPCO LIMITED,16225563,active,ltd,,,2025-02-03,,2025-02-03,[96090],55 Baker Street London United Kingdom W1U 7EU
RADICATUS LTD,16264001,active,ltd,,,2025-02-19,,2025-02-19,[84130],124 City Road London England EC1V 2NX
ASSESSME911 LTD,16243307,active,ltd,,,2025-02-11,,2025-02-11,[63120],20 Wenlock Road London England N1 7GU
RABBITGO LTD,16261904,active,ltd,,,2025-02-19,,2025-02-19,[62020, 68209],128 City Road London England EC1V 2NX
SHARER LTD,16233386,active,ltd,,,2025-02-06,,2025-02-06,[82990],167-169 Great Portland Street London England W1W 5PF
BIM FOODS LTD,16236326,active,ltd,,,2025-02-07,,2025-02-07,[47110, 47750, 47910],17 Green Lanes London England N16 9BS
PROWORKER TAX RETURN LTD,16227255,active,ltd,,,2025-02-04,,2025-02-04,[63990, 69203, 96090],59 North Road London England W5 4RZ
COACH MINI LIMITED,16265315,active,ltd,,,2025-02-20,,2025-02-20,[93290],64 Southwark Bridge Road London England SE1 0AS
AVARIS GROUP HOLDINGS LTD,16280797,active,ltd,,,2025-02-27,,2025-02-27,[64209],3rd Floor Suite London England W1B 3HH
HIGH PROTEIN FOODS LTD,16244352,active,ltd,,,2025-02-11,,2025-02-11,[47190, 47290],167-169 Great Portland Street London England W1W 5PF
VAMAN GROUP LTD,16255242,active,ltd,,,2025-02-17,,2025-02-17,[64203, 64209],6 New Close London England SW19 2SY
LONDON KIDNEY EXPERT LIMITED,16233462,active,ltd,,,2025-02-06,,2025-02-06,[86210],1417-1419 London Road London SW16 4AH
CARATEX LIMITED,16266213,active,ltd,,,2025-02-20,,2025-02-20,[64303],1 Addington Street London England SE1 7RY
LONDON HEALTHCARE SERVICES LTD,16231427,active,ltd,,,2025-02-05,,2025-02-05,[85590],Bank Studio Unit 4.8, 4th Floor London England NW10 7JH
HASA PROPERTY SERVICES LIMITED,16234776,active,ltd,,,2025-02-06,,2025-02-06,[68209],12 La Rose Lane London England N15 3AR
DOOH IT GLOBAL LIMITED,16223544,active,ltd,,,2025-02-02,,2025-02-02,[73110],167-169 Great Portland Street London England W1W 5PF
DE LA FORCE CREATIVE LIMITED,16283682,active,ltd,,,2025-02-28,,2025-02-28,[59112],124 City Road London England EC1V 2NX
BONHAM GP LIMITED,16266278,active,ltd,,,2025-02-20,,2025-02-20,[68209],10th Floor 110 Cannon Street London England EC4N 6EU
AMT ADVISORY SERVICES LTD LTD,16227684,active,ltd,,,2025-02-04,,2025-02-04,[63990],128 City Road London United Kingdom EC1V 2NX
DRUSILLA CONSULTNG LIMITED,16235985,active,ltd,,,2025-02-07,,2025-02-07,[99999],Wn London England SE1 2PL
STRAATLAMP LTD,16264920,active,ltd,,,2025-02-20,,2025-02-20,[99999],Wn London England SE1 2PL
TOOLANS LIMITED,16277099,active,ltd,,,2025-02-26,,2025-02-26,[56302],866 High Road London United Kingdom N12 9RH
HNC SECURITY LIMITED,16280995,active,ltd,,,2025-02-27,,2025-02-27,[78200, 80100],19 Ron Leighton Way London England E6 1FF
STRATEGIC ENGINEERING CONSULTING LTD,16225047,active,ltd,,,2025-02-03,,2025-02-03,[70229],2 Frederick Street London United Kingdom WC1X 0ND
GRACE AND GLORY PROPERTIES LTD,16235799,active,ltd,,,2025-02-06,,2025-02-06,[68209],85 Great Portland Street London England W1W 7LT
WIGMORE (HIGH WYCOMBE) LIMITED,16237153,active,ltd,,,2025-02-07,,2025-02-07,[68209],Unit 1, Hawthorn Business Park London England NW2 2AZ
CAVENDISH ENERGY MARKETS LTD,16282723,active,ltd,,,2025-02-28,,2025-02-28,[70229],128 City Road London United Kingdom EC1V 2NX
FUNN ITALIANO LIMITED,16243962,active,ltd,,,2025-02-11,,2025-02-11,[58190, 63120, 73120, 79909],128 City Road London England EC1V 2NX
ALIBROTHERS TRADING LIMITED,16258458,active,ltd,,,2025-02-18,,2025-02-18,[46900, 47910, 64999, 66190],Studio 7, 19 Hermitage Road London England N4 1DF
CLEAR PATH ENGINEERING LIMITED,16222681,active,ltd,,,2025-02-01,,2025-02-01,[42990, 71122],167-169 Great Portland Street London England W1W 5PF
GRAND BRAND LIMITED,16223261,active,ltd,,,2025-02-02,,2025-02-02,[47910],Flat 11 Shakespeare House London England N14 6EG
OWAAHZ LTD,16223534,active,ltd,,,2025-02-02,,2025-02-02,[74990],4 Telham Road London England E6 6BP
HOMES STYLED LTD,16223775,active,ltd,,,2025-02-03,,2025-02-03,[68209],71-75 Shelton Street London United Kingdom WC2H 9JQ
THE WHITE LOTUS BOUTIQUE LTD,16223773,active,ltd,,,2025-02-03,,2025-02-03,[47599],3rd Floor, 86-90 Paul Street London United Kingdom EC2A 4NE
ES-KAY TRAVEL LIMITED,16225034,active,ltd,,,2025-02-03,,2025-02-03,[79110, 79909],77 Penrose Court 20 Boundaries Road London England SW12 8BY
GIN'S CAFFE LIMITED,16222830,active,ltd,,,2025-02-01,,2025-02-01,[56102],375 Green Lanes London England N13 4JG
LLD PROPERTY INVESTMENTS LTD,16222871,active,ltd,,,2025-02-01,,2025-02-01,[82990],5 Summerskille Close London England N9 0GA
JULES SPARK INNOVATIONS LTD,16223109,active,ltd,,,2025-02-02,,2025-02-02,[43210],26 Hainault Street London United Kingdom SE9 2EG
DANILAMA LTD,16223437,active,ltd,,,2025-02-02,,2025-02-02,[42990, 70229],250 Brownhill Road London England SE6 1AU
CREDIGLEE LTD,16223433,active,ltd,,,2025-02-02,,2025-02-02,[62090],191 Cornwall Road London England N15 5AX
DECORIST DESIGN LTD,16223962,active,ltd,,,2025-02-03,,2025-02-03,[47910],Monomark House London England WC1N 3AX
STUDIO TWO POINT LIMITED,16223943,active,ltd,,,2025-02-03,,2025-02-03,[18201, 18202, 47799, 47820],44 Trafalgar Avenue London England SE15 6NR
BARBARY LIMITED,16224199,active,ltd,,,2025-02-03,,2025-02-03,[47190],17a Ridley Road London England NW10 5UB
LINKING PIECES LIMITED,16224198,active,ltd,,,2025-02-03,,2025-02-03,[73110],36 Shackleton Way London England E16 2JT
BODY GLOW LIFE LTD,16222814,active,ltd,,,2025-02-01,,2025-02-01,[86900],Flat 1 Cressy House London England SW13 0HZ
AAJ PROPERTY LIMITED,16223318,active,ltd,,,2025-02-02,,2025-02-02,[68100, 68209, 68320],6 Ryhope Road London United Kingdom N11 1BX
WALLPROTEX UK LTD,16223740,active,ltd,,,2025-02-03,,2025-02-03,[16210, 17240, 22290],71-75 Shelton Street London United Kingdom WC2H 9JQ
SAC OFFICE LIMITED,16224266,active,ltd,,,2025-02-03,,2025-02-03,[82110],124 City Road London United Kingdom EC1V 2NX
DICN MANAGEMENT LTD,16224238,active,ltd,,,2025-02-03,,2025-02-03,[68100, 68209],98 Pioneer Court 50 Hammersley Road London United Kingdom E16 1TQ
ELCALIA VENTURES LIMITED,16224576,active,ltd,,,2025-02-03,,2025-02-03,[68209],131 Crookston Road London England SE9 1YF
PEARL CORAL LTD,16224572,active,ltd,,,2025-02-03,,2025-02-03,[47910],63 Highstone Mansions, Rm 25 London United Kingdom NW1 9DY
LJ CONSULTING & MEDIA LTD,16224935,active,ltd,,,2025-02-03,,2025-02-03,[74909],6 Rodney Place London England SW19 2LQ
SYNYX PROPERTY LTD,16224942,active,ltd,,,2025-02-03,,2025-02-03,[68100],20 Wenlock Road London England N1 7GU
CLUB 15 LTD,16222921,active,ltd,,,2025-02-01,,2025-02-01,[93290],Flat 3 Claridge Court London England SW6 4EY
CAMILLA NAILS & SPA LTD,16223630,active,ltd,,,2025-02-03,,2025-02-03,[96020],158 High Street London England E17 7JS
HELEN POWELL E-COMMERCE LIMITED,16223813,active,ltd,,,2025-02-03,,2025-02-03,[47650, 47710],3rd Floor, 86-90 Paul Street London United Kingdom EC2A 4NE
ISKRA 2005 LTD,16224339,active,ltd,,,2025-02-03,,2025-02-03,[43999],115 Brunswick Quay London England SE16 7PX
NNPLASTERING LTD,16224340,active,ltd,,,2025-02-03,,2025-02-03,[43310],Flat 1 169a London Road Leicester England LE2 1EG
BRADLEY TRADING AND PORTFOLIO MANAGEMENT LTD,16224823,active,ltd,,,2025-02-03,,2025-02-03,[85590],20 Wenlock Road London England N1 7GU
COAST & MULBERRY LIMITED,16224801,active,ltd,,,2025-02-03,,2025-02-03,[74909],49 Wolsey Avenue London England E17 6RE
NEXUS ECO BUILT LTD,16223665,active,ltd,,,2025-02-03,,2025-02-03,[43290],128 City Road London United Kingdom EC1V 2NX
PHARMACORE GROUP LTD,16224679,active,ltd,,,2025-02-03,,2025-02-03,[70229],20 Wenlock Road London England N1 7GU
HERMITAGE YOGA LIMITED,16224717,active,ltd,,,2025-02-03,,2025-02-03,[86900, 96040],77 Woodlands Park Road London England N15 3SB
JOHN WISE LTD,16224671,active,ltd,,,2025-02-03,,2025-02-03,[49390],13 Marconi Road London England E10 7JD
EM SUPPLIES DIRECT LTD,16222916,active,ltd,,,2025-02-01,,2025-02-01,[46380],Flat 28 Mynterne Court London England SW19 6BW
CABLE WEB LTD,16223545,active,ltd,,,2025-02-02,,2025-02-02,[43210],Flat 2 48 Station Road London England NW4 3SX
MOGO VISITE LONDRES LTD,16223885,active,ltd,,,2025-02-03,,2025-02-03,[79901],109 Chiswick Village London England W4 3BZ
DELLASHORE EVENTS LIMITED,16223886,active,ltd,,,2025-02-03,,2025-02-03,[82301],60 Piedmont Road London England SE18 1TA
PRESTIGIOUS CV LTD,16224036,active,ltd,,,2025-02-03,,2025-02-03,[47910, 82190],124 City Road London United Kingdom EC1V 2NX
MOLYBDENUM INDUSTRIES LTD,16224380,active,ltd,,,2025-02-03,,2025-02-03,[46520],Llanberis Amersham England HP7 9DL
GILL CAPITAL INVESTMENTS LIMITED,16224648,active,ltd,,,2025-02-03,,2025-02-03,[64303],71-75 Shelton Street London United Kingdom WC2H 9JQ
MSG TECHNICAL LTD,16224602,active,ltd,,,2025-02-03,,2025-02-03,[46510],Flat 4 1 Artillery  Place London United Kingdom SW1P 1HE
INFONOVA LTD,16222673,active,ltd,,,2025-02-01,,2025-02-01,[70229],Flat 304 18 Cutter Lane London United Kingdom SE10 0YB
ACG WINES LIMITED,16223145,active,ltd,,,2025-02-02,,2025-02-02,[46342],Apartment 4 1 Cockspur Street London England SW1Y 5BG
PARENTING FOR CHANGE LIMITED,16223219,active,ltd,,,2025-02-02,,2025-02-02,[88990],Flat 24 Alden House London England E8 4RA
FSM ADVISORY LIMITED,16223576,active,ltd,,,2025-02-03,,2025-02-03,[70221],Apartment 10 Sussex House London England SE1 1GF
SPHINX CAPITAL PARTNERS LTD,16223613,active,ltd,,,2025-02-03,,2025-02-03,[81100],71-75 Shelton Street London United Kingdom WC2H 9JQ
WATKISS ART INTERNATIONAL LTD,16223863,active,ltd,,,2025-02-03,,2025-02-03,[90030],20 Wenlock Road London England N1 7GU
LONELY LENS PRODUCTIONS LTD,16224119,active,ltd,,,2025-02-03,,2025-02-03,[59120],104 Matcham House Chiswick United Kingdom W4 5TH
LONDON OPTIGLANCE HEALTHCARE LTD,16224140,active,ltd,,,2025-02-03,,2025-02-03,[86220],1 Kings Avenue London United Kingdom N21 3NA
JP GILLINGHAM CONSTRUCTION LTD,16223244,active,ltd,,,2025-02-02,,2025-02-02,[41201],32 St. Anns Road London England W11 4SR
THE PRODUCTIVIAN LTD,16223687,active,ltd,,,2025-02-03,,2025-02-03,[47910],71-75 Shelton Street London United Kingdom WC2H 9JQ
BURJ AL LONDON LIMITED,16223696,active,ltd,,,2025-02-03,,2025-02-03,[68100, 68310, 68320],288 High Road Leyton London England E10 5PW
THE LAYERED LOOK LTD,16223725,active,ltd,,,2025-02-03,,2025-02-03,[74100],Merrywood London England SW15 3RH
BARLIER LTD,16223684,active,ltd,,,2025-02-03,,2025-02-03,[47190],71-75 Shelton Street London United Kingdom WC2H 9JQ
OVATE SECURITY LTD,16224145,active,ltd,,,2025-02-03,,2025-02-03,[62020],71-75 Shelton Street London United Kingdom WC2H 9JQ
HOUSE POINT LIMITED,16224506,active,ltd,,,2025-02-03,,2025-02-03,[68310, 68320],128 City Road London United Kingdom EC1V 2NX
CHRISTENSEN BEAUTY LTD,16224861,active,ltd,,,2025-02-03,,2025-02-03,[46450, 96020],335 City Road London England EC1V 1LJ
SQ4 CONSULTING LTD,16225696,active,ltd,,,2025-02-03,,2025-02-03,[62020],128 City Road London United Kingdom EC1V 2NX
HENDERSON ADMINISTRATION LTD,16225695,active,ltd,,,2025-02-03,,2025-02-03,[82990],128 City Road London United Kingdom EC1V 2NX
VESPA CAPITAL IV GP 2 LTD,16225742,active,ltd,,,2025-02-03,,2025-02-03,[66300],3 St. James’S Square London United Kingdom SW1Y 4JU
ECHO SWIM LTD,16225748,active,ltd,,,2025-02-03,,2025-02-03,[47910],71-75 Shelton Street London United Kingdom WC2H 9JQ
CLOUDPEAK INVESTMENT LTD,16225814,active,ltd,,,2025-02-03,,2025-02-03,[68100, 68209],124 Finchley Road London England NW3 5JS
K MUKERJI PHARMACY SERVICES LIMITED,16225923,active,ltd,,,2025-02-03,,2025-02-03,[47730],140 Salmon Street London England NW9 8NT
GOLDENSIXPENCE LIMITED,16225949,active,ltd,,,2025-02-03,,2025-02-03,[68100, 68209, 68310, 68320],2nd Floor College House Ruislip, United Kingdom HA4 7AE
VX3N LTD,16225958,active,ltd,,,2025-02-03,,2025-02-03,[18202, 59200, 93120],Unit 16 3 Fountayne Road London England N15 4QL
ANDAR PROPERTY LIMITED,16226219,active,ltd,,,2025-02-03,,2025-02-03,[68100, 68209],5 Chigwell Road London United Kingdom E18 1LR
BA URBANIQUE LIMITED,16226225,active,ltd,,,2025-02-03,,2025-02-03,[46420],Flat 310 Grantham House 46 Botanic Square London England E14 0LW
OPERO MARINER LTD,16226200,active,ltd,,,2025-02-03,,2025-02-03,[56302],7 Bell Yard London England WC2A 2JR
IRON BEATLE PROPERTIES LTD,16226215,active,ltd,,,2025-02-03,,2025-02-03,[68209],21 Warrior Close London United Kingdom SE28 0NL
CANDY BLUE LTD,16226485,active,ltd,,,2025-02-03,,2025-02-03,[68100, 68209],76 Moyser Road London England SW16 6SQ
EVELIX MEDICAL LTD,16226868,active,ltd,,,2025-02-04,,2025-02-04,[86900],71-75 Shelton Street London United Kingdom WC2H 9JQ
WELLNESS UNLOCKED LTD,16227074,active,ltd,,,2025-02-04,,2025-02-04,[47910],128 City Road London United Kingdom EC1V 2NX
VRUMVRUM 2025 LIMITED,16227360,active,ltd,,,2025-02-04,,2025-02-04,[96090],105 Thornsbeach Road London England SE6 1EY
DA9 ESTATES LTD,16227370,active,ltd,,,2025-02-04,,2025-02-04,[68100],65b Bethune Road London United Kingdom N16 5EE
BILIN HOLDING LTD,16227547,active,ltd,,,2025-02-04,,2025-02-04,[64205],2nd Floor College House Ruislip, United Kingdom HA4 7AE
COOLMORE GROUP LIMITED,16227779,active,ltd,,,2025-02-04,,2025-02-04,[64209],134 Buckingham Palace Road London England SW1W 9SA
INTEGRITI MARKETING LTD,16227771,active,ltd,,,2025-02-04,,2025-02-04,[47910, 73110],124-128 City Road London England EC1V 2NX
CYBER STUDIOS LTD,16228220,active,ltd,,,2025-02-04,,2025-02-04,[62012],Cyber Studios Ltd London United Kingdom EC1V 2NX
SONATA ESTATES LTD,16228216,active,ltd,,,2025-02-04,,2025-02-04,[68209],C/O Getground London England W6 0NB
BURUUJ LTD,16228226,active,ltd,,,2025-02-04,,2025-02-04,[46420, 46450, 47599],Unit 5, North Circular Business Park London United Kingdom NW10 0AB
DATAGLOW ENERGY LIMITED,16228500,active,ltd,,,2025-02-04,,2025-02-04,[64209],Uk House 5th Floor London United Kingdom W1D 1NN
WHITE SWAN BAR LTD,16228534,active,ltd,,,2025-02-04,,2025-02-04,[56101, 56301, 56302],71-75 Shelton Street London United Kingdom WC2H 9JQ
PRIMAL GAME LIMITED,16228879,active,ltd,,,2025-02-04,,2025-02-04,[90010],124 Finchley Road London England NW3 5JS
OAKENDENE LAND LIMITED,16228872,active,ltd,,,2025-02-04,,2025-02-04,[96090],88/90 Baker Street London United Kingdom W1U 6TQ
26L PROPERTIES LTD,16228871,active,ltd,,,2025-02-04,,2025-02-04,[68100, 68209, 68310, 68320],4 Craven Walk London United Kingdom N16 6BT
AK DENTISTRY LTD,16228903,active,ltd,,,2025-02-04,,2025-02-04,[86230],Crown House London United Kingdom WC1N 3AX
FILMACCOUNTING LIMITED,16228904,active,ltd,,,2025-02-04,,2025-02-04,[62012],Fmtv Suite 21 Adam House London United Kingdom WC2N 6AA
SPRUNG MADE LTD,16228890,active,ltd,,,2025-02-04,,2025-02-04,[23490, 31090, 32409, 32990],142 Chudleigh Rd London United Kingdom SE4 1EE
ASI HAMPSHIRE A LIMITED,16229252,active,ltd,,,2025-02-04,,2025-02-04,[82990],Floor 6 33 Wigmore Street London England W1U 1QX
AFFAIRS OF THE HEART LTD,16229410,active,ltd,,,2025-02-04,,2025-02-04,[86900],20 Wenlock Road London England N1 7GU
TC15 INVESTMENTS LTD,16229381,active,ltd,,,2025-02-04,,2025-02-04,[68100, 68209],71-75 Shelton Street London United Kingdom WC2H 9JQ
CAMBRIDGE FOR GLOBAL TRAINING LIMITED,16229747,active,ltd,,,2025-02-04,,2025-02-04,[85600],254 Goldhawk Road London England W12 9PE
MOMINUR LIMITED,16229752,active,ltd,,,2025-02-04,,2025-02-04,[42120],199 Lawrence Avenue London England E12 5QR
POROBAN BUILD LTD,16229785,active,ltd,,,2025-02-04,,2025-02-04,[41201, 41202],43 Madron Street London England SE17 2LE
ONE KNIGHT CONSULTING LTD,16230003,active,ltd,,,2025-02-05,,2025-02-05,[70229],3rd Floor, 86-90 Paul Street London United Kingdom EC2A 4NE
MAHEK T LTD,16230140,active,ltd,,,2025-02-05,,2025-02-05,[68100, 68209],37 St Georges Road London England E7 8HT
TAX & ACC PAYROLL SERVICES LTD,16230506,active,ltd,,,2025-02-05,,2025-02-05,[82990],438 West Green Road London United Kingdom N15 3PT
SW LOFT SOLUTIONS LTD,16230531,active,ltd,,,2025-02-05,,2025-02-05,[41201, 41202],86 South Norwood Hill London United Kingdom SE25 6AQ
USTEK PROPERTY LIMITED,16230529,active,ltd,,,2025-02-05,,2025-02-05,[68100, 68209, 68320],250 Fore Street London England N18 2QD
FAIRWORK LEGAL CONSULTANCY LTD,16230769,active,ltd,,,2025-02-05,,2025-02-05,[70229],128 City Road London United Kingdom EC1V 2NX
XLR8 MEP DESIGN LTD,16230733,active,ltd,,,2025-02-05,,2025-02-05,[74100],20 Wenlock Road London England N1 7GU
CYROSE LM LIMITED,16230737,active,ltd,,,2025-02-05,,2025-02-05,[68100],34a Westbourne Grove London England W2 5SH
POLISHIOUS LTD,16231012,active,ltd,,,2025-02-05,,2025-02-05,[96020, 96090],71-75 Shelton Street London United Kingdom WC2H 9JQ
SHORELINE SPORTS LTD,16230981,active,ltd,,,2025-02-05,,2025-02-05,[93110, 93199],Liberty Wall Solicitors Office 2 4th Floor Boardman House London United Kingdom E15 1NT
34 DELORME STREET FREEHOLD LIMITED,16225149,active,ltd,,,2025-02-03,,2025-02-03,[98000],113 Kingsway Bromley United Kingdom BR5 1PP
BALUCHI LTD,16225360,active,ltd,,,2025-02-03,,2025-02-03,[47810, 56102],143-145 North End Road London England W14 9NH
SIMPLY ENCHANTED LTD,16225376,active,ltd,,,2025-02-03,,2025-02-03,[47190],86-90 Paul Street London England EC2A 4NE
HOFELD LIMITED,16225371,active,ltd,,,2025-02-03,,2025-02-03,[68100],43b Stamford Hill London England N16 5SR
GGT CONTRACTS LTD,16225380,active,ltd,,,2025-02-03,,2025-02-03,[41202],20 Wenlock Road London England N1 7GU
DCS PROPERTY GROUP LIMITED,16225350,active,ltd,,,2025-02-03,,2025-02-03,[41100, 43220, 43290],3 Lynton Court Bromley England BR1 3SZ
JALIYAZ LUX HAIR LTD,16225369,active,ltd,,,2025-02-03,,2025-02-03,[96020],3rd Floor, 86-90 Paul Street London England EC2A 4NE
NELSON HOLDINGS LTD,16226056,active,ltd,,,2025-02-03,,2025-02-03,[64209],85 Great Portland Street London United Kingdom W1W 7LT
AZEEN FASHION UK LTD,16226800,active,ltd,,,2025-02-03,,2025-02-03,[14110, 46160, 46420, 47820],58 Wanstead Park Avenue London England E12 5EN
AVANTY CAPITAL LIMITED,16226956,active,ltd,,,2025-02-04,,2025-02-04,[64304, 64306, 66120, 96090],20 Wenlock Road London England N1 7GU
BJ CORPORATE FINANCE LTD,16227167,active,ltd,,,2025-02-04,,2025-02-04,[70229],20 Wenlock Road London England N1 7GU
PLATINUM PLASTERING SOLUTIONS LTD,16227209,active,ltd,,,2025-02-04,,2025-02-04,[43310],23a The Precinct Waterlooville United Kingdom PO7 7DT
MACARONI WAVES LTD,16227207,active,ltd,,,2025-02-04,,2025-02-04,[99999],27 Old Gloucester Street London United Kingdom WC1N 3AX
EXIT FIRE LTD,16227523,active,ltd,,,2025-02-04,,2025-02-04,[41100, 41201],128 City Road London United Kingdom EC1V 2NX
THE BARRE CLASS LTD,16227716,active,ltd,,,2025-02-04,,2025-02-04,[93130],9 9 Downs Lane London United Kingdom E5 8QD
FITRITE GROUP LIMITED,16228350,active,ltd,,,2025-02-04,,2025-02-04,[64209],71-75 Shelton Street London United Kingdom WC2H 9JQ
DAMTE SOLUTIONS LTD,16228776,active,ltd,,,2025-02-04,,2025-02-04,[95110],1 Alison Close London England E6 5NJ
MARKETCONNEX LTD,16229011,active,ltd,,,2025-02-04,,2025-02-04,[46900, 47190, 47910, 47990],71-75 Shelton Street London United Kingdom WC2H 9JQ
EREP ONE LIMITED,16229040,active,ltd,,,2025-02-04,,2025-02-04,[41100],C/O Thurston Watts & Co Omnibus Business Centre London United Kingdom N7 9DP
JANG LIMITED,16229281,active,ltd,,,2025-02-04,,2025-02-04,[78101],Level 5a Maple House London United Kingdom W1T 7NF
REMATCH HOLDING LIMITED,16229490,active,ltd,,,2025-02-04,,2025-02-04,[64209],71-75 Shelton Street London United Kingdom WC2H 9JQ
RTX GEAR LTD,16229578,active,ltd,,,2025-02-04,,2025-02-04,[47910],4 Ranelagh Gardens London United Kingdom E11 2BX
TAXPOUND LIMITED,16225075,active,ltd,,,2025-02-03,,2025-02-03,[69202],71-75 Shelton Street London England WC2H 9JQ
KOKO HOST GROUP LTD,16225138,active,ltd,,,2025-02-03,,2025-02-03,[56302, 68100],Shepherd’S House Inn Woodley United Kingdom RG6 1BD
WHITHILL TGQ LIMITED,16225869,active,ltd,,,2025-02-03,,2025-02-03,[68209],C/O Getground London England W6 0NB
STREATHAM PROP LIMITED,16226103,active,ltd,,,2025-02-03,,2025-02-03,[68100],Suite7, Arkleigh Mansions London United Kingdom NW4 1BJ
SADIE BARON CONSULTING LTD,16226357,active,ltd,,,2025-02-03,,2025-02-03,[69102, 70210, 70229],71-75 Shelton Street London United Kingdom WC2H 9JQ
SNEAKERS RAVE LTD,16226379,active,ltd,,,2025-02-03,,2025-02-03,[90020],Head Office London United Kingdom RM10 8RS
LIP HOLDINGS LIMITED,16226609,active,ltd,,,2025-02-03,,2025-02-03,[68100],3 Heather Gardens London England NW11 9HS
THETHREEFOUNDERS LTD,16226985,active,ltd,,,2025-02-04,,2025-02-04,[56302],71-75 Shelton Street London United Kingdom WC2H 9JQ
FUTBOLMAX LTD,16226973,active,ltd,,,2025-02-04,,2025-02-04,[32300],71-75 Shelton Street London United Kingdom WC2H 9JQ
MORE CHAMPION CARE RECRUITMENT LIMITED,16227249,active,ltd,,,2025-02-04,,2025-02-04,[96090],Suite G04 1 Quality Court, Chancery Lane London England WC2A 1HR
W&F FOOD LTD,16227470,active,ltd,,,2025-02-04,,2025-02-04,[56102],Office 3 4a Nelson Road London United Kingdom SE10 9JB
SHEETTAB LTD,16227487,active,ltd,,,2025-02-04,,2025-02-04,[96090],71-75 Shelton Street London United Kingdom WC2H 9JQ
JIVE TRADING LTD,16227821,active,ltd,,,2025-02-04,,2025-02-04,[47190],71-75 Shelton Street London United Kingdom WC2H 9JQ
DUBAI SHAWARMA KILBURN LTD,16227834,active,ltd,,,2025-02-04,,2025-02-04,[56103],188 Kilburn High Road London England NW6 4JD
ST JOHNS WOOD SERVICES LTD,16227792,active,ltd,,,2025-02-04,,2025-02-04,[78200],26 Church Lane London England E11 1HG
LEO 222 LIMITED,16228049,active,ltd,,,2025-02-04,,2025-02-04,[47110, 47210, 47260, 47290],20 Wenlock Road London England N1 7GU
AL-ASR ACADEMY OF ECONOMICS AND TRAINING LTD,16228483,active,ltd,,,2025-02-04,,2025-02-04,[85590],Al-Asr Academy Of Economics And Training London United Kingdom EC1V 2NX
UNU STAYS LTD,16228470,active,ltd,,,2025-02-04,,2025-02-04,[68209],20 Wenlock Road London England N1 7GU
TANDOORI NIGHTS LTD,16228469,active,ltd,,,2025-02-04,,2025-02-04,[56101],20 Wenlock Road London England N1 7GU
CRYSTAL IRIS CONSULTANCY GROUP LTD,16228491,active,ltd,,,2025-02-04,,2025-02-04,[78200],Forma House London United Kingdom EC1R 0NE
BEACH ROAD PROPERTY LIMITED,16228914,active,ltd,,,2025-02-04,,2025-02-04,[68100],Liberty Wall Solicitors Office 2 4th Floor Boardman House London United Kingdom E15 1NT
SKOOT FINANCE LTD,16227898,active,ltd,,,2025-02-04,,2025-02-04,[70229],Skoot London United Kingdom W1J 8LQ
VALENTINO31PROPERTYGROUP LTD,16229306,active,ltd,,,2025-02-04,,2025-02-04,[68100],20 Wenlock Road London England N1 7GU
DOCUPASS LTD,16229365,active,ltd,,,2025-02-04,,2025-02-04,[62020],128 City Road London United Kingdom EC1V 2NX
HELEN PROPERTY INVESTMENT LTD,16229545,active,ltd,,,2025-02-04,,2025-02-04,[68100, 68209, 68320],Unit 40 49 Effra Road London England SW2 1BZ
BOARD ADVISOR LTD,16229553,active,ltd,,,2025-02-04,,2025-02-04,[70229],128 City Road London United Kingdom EC1V 2NX
BARBIE'SMETALMAGIC LTD,16229547,active,ltd,,,2025-02-04,,2025-02-04,[33110],105 Thornlaw Road London England SE27 0SQ
ESTARZ LTD,16230039,active,ltd,,,2025-02-05,,2025-02-05,[68209, 82190],124 City  Road London United Kingdom EC1V 2NX
LONDON TRAINING ACCADEMY LTD,16230042,active,ltd,,,2025-02-05,,2025-02-05,[85590, 96020],Gosh Gosh 224-226 Battersea United Kingdom SW11 3SD
WORLD OF CROCKERY LTD,16230202,active,ltd,,,2025-02-05,,2025-02-05,[46440],Shop 55 Shepherds Bush Market Shepherds Bush United Kingdom W12 8DG
CHASMORS LTD,16230674,active,ltd,,,2025-02-05,,2025-02-05,[98000],1 Kings Terrace London England NW1 0JP
POND BEYOND LIMITED,16230930,active,ltd,,,2025-02-05,,2025-02-05,[90030, 93290],128 City Road London United Kingdom EC1V 2NX
W20S DIRECTORS LIMITED,16225249,active,ltd,,,2025-02-03,,2025-02-03,[74990],4th Floor London England W1S 4AW
2.1E7 LTD,16225193,active,ltd,,,2025-02-03,,2025-02-03,[64209],73 Cornhill London England EC3V 3QQ
WILHAM SOLUTIONS LTD,16225599,active,ltd,,,2025-02-03,,2025-02-03,[96090],71-75 Shelton Street London United Kingdom WC2H 9JQ
CRYSTAL ROYALE GLOBAL LTD,16225643,active,ltd,,,2025-02-03,,2025-02-03,[82302, 82990, 96090],13 Hanover Square London United Kingdom W1S 1HN
XIKASH LIMITED,16225575,active,ltd,,,2025-02-03,,2025-02-03,[47990, 62090],10 Carteret Street London England SW1H 9DP
J2 PROPERTY SOURCING LTD,16225603,active,ltd,,,2025-02-03,,2025-02-03,[82990],71-75 Shelton Street London United Kingdom WC2H 9JQ
TOBY JAMES CONSULTING LTD,16226999,active,ltd,,,2025-02-04,,2025-02-04,[82990],2nd Floor College House Ruislip, United Kingdom HA4 7AE
VERULAM PARTNERS LIMITED,16227018,active,ltd,,,2025-02-04,,2025-02-04,[74909],128 City Road London United Kingdom EC1V 2NX
EVA PROPERTIES LTD,16227027,active,ltd,,,2025-02-04,,2025-02-04,[68209],2nd Floor College House Ruislip, United Kingdom HA4 7AE
BIRENGINELAB LTD,16227330,active,ltd,,,2025-02-04,,2025-02-04,[47910, 70229],4 Raven Road, Unit 1c3-631 London United Kingdom E18 1HB
ENCAP INSTALLATIONS LTD,16227565,active,ltd,,,2025-02-04,,2025-02-04,[43290, 43310, 43390, 43999],20 Wenlock Road London England N1 7GU
MITRE STREET LEASECO LTD,16227847,active,ltd,,,2025-02-04,,2025-02-04,[68209],Flat 7 27-31 Mitre Street London United Kingdom EC3A 5BZ
FASRAM LINK LTD,16227877,active,ltd,,,2025-02-04,,2025-02-04,[86900],39 Owgan Close London England SE5 7SH
AZANTX LIMITED,16228067,active,ltd,,,2025-02-04,,2025-02-04,[62020],85 Great Portland Street London England W1W 7LT
AURELIA GLOBAL CORP LTD,16228272,active,ltd,,,2025-02-04,,2025-02-04,[62020, 68100, 70229],71-75 Shelton Street London United Kingdom WC2H 9JQ
HEALTH RUSH UK LTD LIMITED,16228681,active,ltd,,,2025-02-04,,2025-02-04,[10860],2nd Floor College House Ruislip, United Kingdom HA4 7AE
SNEW ENERGY LIMITED,16228679,active,ltd,,,2025-02-04,,2025-02-04,[35130, 35140, 35220, 35230],128 City Road London United Kingdom EC1V 2NX
LITTLE MOCHA COFFEE LTD,16228716,active,ltd,,,2025-02-04,,2025-02-04,[56102],42 Brookfield Road London United Kingdom N9 0DN
TRAIN NOW PLAY LATER LTD,16229103,active,ltd,,,2025-02-04,,2025-02-04,[93130],94b Tyrwhitt Road London United Kingdom SE4 1QB
WSB LEASE LTD,16229106,active,ltd,,,2025-02-04,,2025-02-04,[56302],Flat 22 Arta House London England E1 0EF
COCOS CAPITAL HOLDING LIMITED,16229168,active,ltd,,,2025-02-04,,2025-02-04,[64209],85 Myrdle Street London United Kingdom E1 1HL
BRK ESTATES LTD,16229157,active,ltd,,,2025-02-04,,2025-02-04,[68100, 68209],34 Spirit Quay London United Kingdom E1W 2UT
B&C STAR ESTATES LTD,16229537,active,ltd,,,2025-02-04,,2025-02-04,[68100],58 Forburg Road London England N16 6HT
HOOK GAMES LIMITED,16229997,active,ltd,,,2025-02-05,,2025-02-05,[58290, 62011],72 Chase Side, Suite 2 London United Kingdom N14 5PH
BIONICX.AI LTD,16230049,active,ltd,,,2025-02-05,,2025-02-05,[70229, 73200],71-75 Shelton Street London United Kingdom WC2H 9JQ
ECHOESOFAFRICA LTD,16230056,active,ltd,,,2025-02-05,,2025-02-05,[79110],47 Highlever Road London England W10 6PR
M&H UK INVESTMENT LTD,16230117,active,ltd,,,2025-02-05,,2025-02-05,[68100, 68209],338a Regents Park Road London United Kingdom N3 2LN
CLEAN SPREE LTD,16230176,active,ltd,,,2025-02-05,,2025-02-05,[81299],3rd Floor, 86-90 Paul Street London United Kingdom EC2A 4NE
DIVINE RENTAL HOMES LIMITED,16230194,active,ltd,,,2025-02-05,,2025-02-05,[68201],124 City Road London United Kingdom EC1V 2NX
A&M 25 PROPERTY LIMITED,16230181,active,ltd,,,2025-02-05,,2025-02-05,[68100],2 Manor Cottages London United Kingdom W3 7EH
MOCHI HOLDINGS LTD,16230188,active,ltd,,,2025-02-05,,2025-02-05,[64209],1 Lyric Square London England W6 0NB
ACE WORLD GROUP LTD,16230230,active,ltd,,,2025-02-05,,2025-02-05,[62020],152-154 Ajp Business Centre C/O A F Goolbar London England NW2 7HD
AIR-CONCEPTS UK LTD,16230463,active,ltd,,,2025-02-05,,2025-02-05,[64209],128 City Road London United Kingdom EC1V 2NX
AUTRIS LTD,16230459,active,ltd,,,2025-02-05,,2025-02-05,[64999, 66190, 70229, 82990],3rd Floor, 86-90 Paul Street London England EC2A 4NE
GRAND PROJECTS LONDON LTD,16230475,active,ltd,,,2025-02-05,,2025-02-05,[82990],Lynton House London United Kingdom WC1H 9BQ
UPLYST LTD,16230496,active,ltd,,,2025-02-05,,2025-02-05,[62012],Flat 47 Kimpton Court London England N4 2BN
PRIME DECOR SOLUTIONS LTD,16230795,active,ltd,,,2025-02-05,,2025-02-05,[43341],5 Brayford Square London England E1 0SG
AROB CONSULTING LIMITED,16225524,active,ltd,,,2025-02-03,,2025-02-03,[70221],124 City Road London England EC1V 2NX
LEGACY UK PROPERTIES LTD,16225554,active,ltd,,,2025-02-03,,2025-02-03,[68100],184 Atkins Road London United Kingdom SW12 0AS
MS E SUPPLEMENTS LTD,16225545,active,ltd,,,2025-02-03,,2025-02-03,[47910],71-75 Shelton Street London United Kingdom WC2H 9JQ
BALLPOINT CONSULTANCY LTD,16225852,active,ltd,,,2025-02-03,,2025-02-03,[70229],3 Grosvenor Court London United Kingdom SE6 4FD
AUREVION GROUP LTD,16225850,active,ltd,,,2025-02-03,,2025-02-03,[63120, 64209, 70100, 82990],20 Wenlock Road London England N1 7GU
ISO MANAGEMENT LTD,16225844,active,ltd,,,2025-02-03,,2025-02-03,[82990, 84130],Blake Tower, Floor Lg 12 Barbican England EC2Y 8AF
MINDSETSBODY LTD,16226124,active,ltd,,,2025-02-03,,2025-02-03,[85510, 86900, 96040, 96090],3rd Floor, 86-90 Paul Street London United Kingdom EC2A 4NE
CLICKCRAFT AGENCY LTD,16226118,active,ltd,,,2025-02-03,,2025-02-03,[62012, 64999, 70210, 73110],20 Wenlock Road London England N1 7GU
SYLVEST LTD,16226134,active,ltd,,,2025-02-03,,2025-02-03,[96090],71-75 Shelton Street London United Kingdom WC2H 9JQ
ARVILLE LLOYD LTD,16226642,active,ltd,,,2025-02-03,,2025-02-03,[59200],85 Great Portland Street London England W1W 7LT
VITAGRATA LTD,16226886,active,ltd,,,2025-02-04,,2025-02-04,[86101, 86900, 87200, 87300],27 Old Gloucester Street London United Kingdom WC1N 3AX
PINK PORCUPINE LTD,16226892,active,ltd,,,2025-02-04,,2025-02-04,[96090],128 City Road London United Kingdom EC1V 2NX
TAYKES LIMITED,16226881,active,ltd,,,2025-02-04,,2025-02-04,[58290],71-75 Shelton Street London United Kingdom WC2H 9JQ
PECUNA INVESTMENT LTD,16227064,active,ltd,,,2025-02-04,,2025-02-04,[64301, 64304],71-75 Shelton Street London United Kingdom WC2H 9JQ
VIVA VISTA VACATIONS LIMITED,16227067,active,ltd,,,2025-02-04,,2025-02-04,[79110],Suite Ra01 195-197 Wood Street London England E17 3NU
DASKUZA LIMITED,16227265,active,ltd,,,2025-02-04,,2025-02-04,[62020, 64209, 70229],124 City Road London England EC1V 2NX
CRABWARE LTD,16227267,active,ltd,,,2025-02-04,,2025-02-04,[71129],3rd Floor, 86-90 Paul Street London United Kingdom EC2A 4NE
PUBLISH YOUR WAY LTD,16227278,active,ltd,,,2025-02-04,,2025-02-04,[58110],142 Gorringe Park Avenue Mitcham England CR4 2DX
HERONSHAW SEL LTD,16227603,active,ltd,,,2025-02-04,,2025-02-04,[82990],128 City Road London United Kingdom EC1V 2NX
EXPERIENCE LUXURY GROUP LIMITED,16227600,active,ltd,,,2025-02-04,,2025-02-04,[47722, 47770, 68310, 96090],12 Old Bond Street London United Kingdom W1S 4PN
BDXTRANS LTD,16227626,active,ltd,,,2025-02-04,,2025-02-04,[49410],128 City Road London United Kingdom EC1V 2NX
NAIL & BEAUTY JUNCTION LTD,16227895,active,ltd,,,2025-02-04,,2025-02-04,[96090],15 St. John's Hill London England SW11 1TN
NEW POWER PARTNERS UK LIMITED,16227893,active,ltd,,,2025-02-04,,2025-02-04,[71122],2nd Floor 55 London United Kingdom EC4M 7JW
GOLD PAVE ESTATES LTD,16228134,active,ltd,,,2025-02-04,,2025-02-04,[98000],10 Bendmore Avenue London England SE2 0EX
HRB CONSTRUCTION LTD,16228331,active,ltd,,,2025-02-04,,2025-02-04,[43390],52 Cleveland Park Crescent London England E17 7BT
JB CONSULTANCY GROUP LTD,16228320,active,ltd,,,2025-02-04,,2025-02-04,[96090],71-75 Shelton Street London United Kingdom WC2H 9JQ
REVISE RIGHT EDUCATION LTD,16228333,active,ltd,,,2025-02-04,,2025-02-04,[85310],3rd Floor, 86-90 Paul Street London United Kingdom EC2A 4NE
OLIVE SERVICES LONDON LTD,16228569,active,ltd,,,2025-02-04,,2025-02-04,[68209],Unit A3, Gateway Tower London United Kingdom E16 1YL
RAFELIA LTD,16228609,active,ltd,,,2025-02-04,,2025-02-04,[47910, 62090, 63120],2nd Floor College House Ruislip, United Kingdom HA4 7AE
TECHIMP IMPIANTI UK LTD,16228605,active,ltd,,,2025-02-04,,2025-02-04,[33200, 43210, 82990],1 Giltspur Street London United Kingdom EC1A 9DD
HAUR MEDIA LIMITED,16228603,active,ltd,,,2025-02-04,,2025-02-04,[47190, 47910, 47990],85 Great Portland Street London England W1W 7LT
PARABELLUM CAPITAL LTD,16228556,active,ltd,,,2025-02-04,,2025-02-04,[70229],71-75 Shelton Street London United Kingdom WC2H 9JQ
ITV THE DARK LIMITED,16228996,active,ltd,,,2025-02-04,,2025-02-04,[59113],Itv White City London United Kingdom W12 7RU
BARNES ROFFE AUDIT LIMITED,16229222,active,ltd,,,2025-02-04,,2025-02-04,[69201],Leytonstone House 3 Hanbury Drive London England E11 1GA
G & A PROPERTIES MANAGEMENT LIMITED,16229611,active,ltd,,,2025-02-04,,2025-02-04,[68209],Flat 4 Wallace Court 300-308 Old Marylebone Road London England NW1 5RH
PS HOLDINGS LIMITED,16229607,active,ltd,,,2025-02-04,,2025-02-04,[64209],168 East Ferry Road London England E14 3AY
CROXSOFT LTD,16229805,active,ltd,,,2025-02-04,,2025-02-04,[62012],85 Great Portland Street London England W1W 7LT
EXPERT DRYLINING LIMITED,16230350,active,ltd,,,2025-02-05,,2025-02-05,[41201],22 Hewitt Avenue London England N22 6QD
ELMUN LTD,16230358,active,ltd,,,2025-02-05,,2025-02-05,[56103],500 White Hart Lane London England N17 7NA
EMPORIO BRASIL MG LIMITED,16230359,active,ltd,,,2025-02-05,,2025-02-05,[56101],12 High Street London England NW10 4LX
BOOSTER MARKETING AGENCY LTD,16230571,active,ltd,,,2025-02-05,,2025-02-05,[96090],27 Old Gloucester Street London United Kingdom WC1N 3AX
MC SOFTWARE LTD,16230837,active,ltd,,,2025-02-05,,2025-02-05,[62012],International House London United Kingdom WC1X 9LP
SPARKS INNOVATE LTD,16231092,active,ltd,,,2025-02-05,,2025-02-05,[58290, 62012, 72190],71-75 Shelton Street London United Kingdom WC2H 9JQ
SILLAGE HEALTH CO. LTD,16225228,active,ltd,,,2025-02-03,,2025-02-03,[10890, 21200, 70229, 71121],62 Elbe Street London England SW6 2QP
AVENIR ARCADIA LTD,16225210,active,ltd,,,2025-02-03,,2025-02-03,[62020],71-75 Shelton Street London United Kingdom WC2H 9JQ
BRENDAN PORTER BATHROOMS LTD,16225460,active,ltd,,,2025-02-03,,2025-02-03,[43220],Bonhams Lodge London Road Alton England GU34 4JA
CO GLOBAL RESELLER LTD,16225491,active,ltd,,,2025-02-03,,2025-02-03,[46420, 62011, 63120],20 Wenlock Road London England N1 7GU
NUTRIA UK LTD,16226325,active,ltd,,,2025-02-03,,2025-02-03,[01610, 20150, 47760],C/O Ida & Co Building 3 Chiswick Business Park London United Kingdom W4 5YA
MJ COCKER LTD,16226344,active,ltd,,,2025-02-03,,2025-02-03,[74902],1 Montego Close London England SE24 0LH
BUSINESS MONTAGE LTD,16226475,active,ltd,,,2025-02-03,,2025-02-03,[62012, 62020, 62090, 63990],71-75 Shelton Street London United Kingdom WC2H 9JQ
GONE CLEAR PROPERTITES LIMITED,16226934,active,ltd,,,2025-02-04,,2025-02-04,[68100],93-101 Greenfield Road London United Kingdom E1 1EJ
KSTECHX LIMITED,16227149,active,ltd,,,2025-02-04,,2025-02-04,[62090],71-75 Shelton Street London United Kingdom WC2H 9JQ
SILVER BIRCH DECOR LIMITED,16227425,active,ltd,,,2025-02-04,,2025-02-04,[47760, 47910],128 City Road London United Kingdom EC1V 2NX
FIELD WOODHEAD LTD,16227399,active,ltd,,,2025-02-04,,2025-02-04,[35110],Fora, Montacute Yards London England E1 6HU
IMPERIAL FIVE LIMITED,16227649,active,ltd,,,2025-02-04,,2025-02-04,[68100, 68209],179 Torridon Road London England SE6 1RG
NORMAHOLME LIMITED,16227927,active,ltd,,,2025-02-04,,2025-02-04,[64209],35 Ballards Lane London United Kingdom N3 1XW
THE OUTGROWN BRAND LIMITED,16227928,active,ltd,,,2025-02-04,,2025-02-04,[46160, 47710, 47820, 47910],124 City Road London United Kingdom EC1V 2NX
MEDIA MOSAIC LTD,16228181,active,ltd,,,2025-02-04,,2025-02-04,[47910],128 City Road London United Kingdom EC1V 2NX
HILLFELD LTD,16228382,active,ltd,,,2025-02-04,,2025-02-04,[68100, 68209],8 Hillcrest Avenue London United Kingdom NW11 0EN
CHAPI LIMITED,16228380,active,ltd,,,2025-02-04,,2025-02-04,[43210],48 Victoria Road London England N18 2UG
NUMBERSONLY LTD,16228395,active,ltd,,,2025-02-04,,2025-02-04,[62020, 62090],20 Wenlock Road London England N1 7GU
CARLOSONTHEBEAT LTD,16228430,active,ltd,,,2025-02-04,,2025-02-04,[90030],191 Cuckoo Hall Lane London England N9 8DT
COLLEGE ROAD PROPERTIES LTD,16228435,active,ltd,,,2025-02-04,,2025-02-04,[68209],223 Wimbledon Park Road London United Kingdom SW18 5RH
IMPRARUM LTD,16228383,active,ltd,,,2025-02-04,,2025-02-04,[43341, 43390, 64209, 70229],124-128 City Road London England EC1V 2NX
GC HOUSING LTD,16228390,active,ltd,,,2025-02-04,,2025-02-04,[68100, 68209],9 Harefield Road London England N8 8QY
SILK ROUTE ARTS LTD,16228780,active,ltd,,,2025-02-04,,2025-02-04,[90030],128 City Road London United Kingdom EC1V 2NX
SOLAR CONSULTANCY LTD.,16228781,active,ltd,,,2025-02-04,,2025-02-04,[82990],128 City Road London United Kingdom EC1V 2NX
NORVILLÉ PROPERTIES LIMITED,16229334,active,ltd,,,2025-02-04,,2025-02-04,[98000],30 Clifford Road London England SE25 5JS
NARRATUS LTD,16229329,active,ltd,,,2025-02-04,,2025-02-04,[74909, 96090],124 City Road London United Kingdom EC1V 2NX
JCF V EUROPE LTD,16229511,active,ltd,,,2025-02-04,,2025-02-04,[64205],1 Angel Court London United Kingdom EC2R 7HJ
BURDETT STORE LONDON LTD,16229734,active,ltd,,,2025-02-04,,2025-02-04,[47240],104 Hamlets Way London England E3 4SY
GOCAPITA LTD,16236056,active,ltd,,,2025-02-07,,2025-02-07,[69201],71-75 Shelton Street London United Kingdom WC2H 9JQ
ETUK01 LTD,16236154,active,ltd,,,2025-02-07,,2025-02-07,[68209],C/O Getground London England W6 0NB
SHESY LTD,16236206,active,ltd,,,2025-02-07,,2025-02-07,[96090],1a Argyll Mansions London United Kingdom W14 8QG
IMPACT & LEADERSHIP HOLDINGS LIMITED,16236197,active,ltd,,,2025-02-07,,2025-02-07,[93199],1 London Road Ipswich United Kingdom IP1 2HA
POMELO NRJ INTERNATIONAL LTD,16236284,active,ltd,,,2025-02-07,,2025-02-07,[64209, 68209, 77400, 82990],128 City Road London England EC1V 2NX
ARROW TARGET SOLUTIONS LTD,16236450,active,ltd,,,2025-02-07,,2025-02-07,[74909],Flat 24, Cornwallis Court London United Kingdom SW8 2NU
HEALTH DATA AVATAR LTD,16236443,active,ltd,,,2025-02-07,,2025-02-07,[62012],128 City Road London United Kingdom EC1V 2NX
5PR TW HOLDINGS LIMITED,16236712,active,ltd,,,2025-02-07,,2025-02-07,[64209],3 Coldbath Square London England EC1R 5HL
RELKI LIMITED,16237050,active,ltd,,,2025-02-07,,2025-02-07,[64209],First Floor Winston House London England N3 1DH
STORIES 4 GOOD LTD,16237535,active,ltd,,,2025-02-07,,2025-02-07,[58110],128 City Road London United Kingdom EC1V 2NX
VALENZISI STUDIOS LTD,16237552,active,ltd,,,2025-02-07,,2025-02-07,[74100, 82110, 82302, 90020],11 Velo House London United Kingdom E17 7FP
ANFANI GROUP LIMITED,16236723,active,ltd,,,2025-02-07,,2025-02-07,[81299],124 City Road London England EC1V 2NX
GLOBAL ECOM LTD,16237691,active,ltd,,,2025-02-07,,2025-02-07,[47910],20 Wenlock Road London England N1 7GU
EMYSPHERE GLOBAL SERVICES LTD,16237837,active,ltd,,,2025-02-07,,2025-02-07,[70229],25 Cabot Square London United Kingdom E14 4QZ
ARCA GROUP LIMITED,16237833,active,ltd,,,2025-02-07,,2025-02-07,[64209],2a Connaught Avenue London United Kingdom E4 7AA
ACTIVATION PROJECT MANAGEMENT LIMITED,16238046,active,ltd,,,2025-02-07,,2025-02-07,[62020, 73110],58 Pretoria Road London England E11 4BD
TEACH 2 THINK LTD,16238195,active,ltd,,,2025-02-07,,2025-02-07,[85310],36 Mcdermott Close London England SW11 2LZ
1STOPSHOPPING LTD,16238218,active,ltd,,,2025-02-08,,2025-02-08,[46170, 46190, 46900, 47910],3rd Floor, 86-90 Paul Street London England EC2A 4NE
ZAIDI FOODS LTD,16238251,active,ltd,,,2025-02-08,,2025-02-08,[55100, 56103],414 High Road London England N17 9JB
BMP BRICKWORK LTD,16238549,active,ltd,,,2025-02-08,,2025-02-08,[41202],30 Tyndall Road London England E10 6QH
HAUS OF ZAY LTD,16238586,active,ltd,,,2025-02-08,,2025-02-08,[47710],2 Tudor Road London England E9 7SN
WORK EMPLOYMENT LTD,16238835,active,ltd,,,2025-02-09,,2025-02-09,[43390],11 Portland Road London England SE25 4UF
BRYSELDPHOENIXAJI LTD,16238946,active,ltd,,,2025-02-09,,2025-02-09,[86210],3rd Floor, 86-90 Paul Street London United Kingdom EC2A 4NE
MIDDLE WAY SOLUTIONS LTD,16239188,active,ltd,,,2025-02-10,,2025-02-10,[64209],1 Kings Avenue London United Kingdom N21 3NA
MORRIS MINOR COMMUNITY LIMITED,16239236,active,ltd,,,2025-02-10,,2025-02-10,[94990],9 Rochester Mews London England NW1 9JB
CRTS GLOBAL UK HOLDINGS LTD,16239246,active,ltd,,,2025-02-10,,2025-02-10,[82990],2nd Floor 201 Bishopsgate London United Kingdom EC2M 3AB
TANUKI 25 LIMITED,16239460,active,ltd,,,2025-02-10,,2025-02-10,[70229],71-75 Shelton Street London United Kingdom WC2H 9JQ
TC MOTOR MAGIC LTD,16239452,active,ltd,,,2025-02-10,,2025-02-10,[81299],3rd Floor, 86-90 Paul Street London England EC2A 4NE
DASCA CONSTRUCTION LTD,16239428,active,ltd,,,2025-02-10,,2025-02-10,[41201, 41202],77 Killearn Road London England SE6 1BN
PRIMECRAFT DESIGN & BUILD LTD,16239435,active,ltd,,,2025-02-10,,2025-02-10,[41201, 41202, 43310, 43341],71-75 Shelton Street London United Kingdom WC2H 9JQ
REBEL REBEL IP LTD,16239595,active,ltd,,,2025-02-10,,2025-02-10,[69109],4 Holmbush Road London England SW15 3LE
CHRIS POMFRET CONSULTANCY LTD,16240047,active,ltd,,,2025-02-10,,2025-02-10,[70229],128 City Road London United Kingdom EC1V 2NX
PLAN CRAFT DAILY LTD,16240187,active,ltd,,,2025-02-10,,2025-02-10,[71111],Silverstream House London United Kingdom W1T 6EB
TECHIVA LTD,16240201,active,ltd,,,2025-02-10,,2025-02-10,[62020, 62090],128 City Road London United Kingdom EC1V 2NX
MEET TING LTD,16240183,active,ltd,,,2025-02-10,,2025-02-10,[62090],C122 Capital Building London United Kingdom SW11 7AR
FONNA CONSULTING LIMITED,16240472,active,ltd,,,2025-02-10,,2025-02-10,[70229],C/O Azets Burnham Yard Beaconsfield United Kingdom HP9 2JH
FIVE ORANGE BALLS LTD,16240449,active,ltd,,,2025-02-10,,2025-02-10,[90010],85 Great Portland Street London England W1W 7LT
SOLVIKS LTD,16240712,active,ltd,,,2025-02-10,,2025-02-10,[62090],124 City Road London United Kingdom EC1V 2NX
PHOTO THEATRE LTD,16241160,active,ltd,,,2025-02-10,,2025-02-10,[74202],284 Finchley Road London England NW3 7AD
UK INTERNATIONAL INVESTMENT GROUP LTD,16241134,active,ltd,,,2025-02-10,,2025-02-10,[70229],25-27 Bagshot Street London England SE17 2QW
CHARMINAR HALAL BUTCHERS LIMITED,16241143,active,ltd,,,2025-02-10,,2025-02-10,[47220],445 High Street North London England E12 6TJ
ORKESTER CONSULTING LIMITED,16241141,active,ltd,,,2025-02-10,,2025-02-10,[70229],40 Ely Road Ely United Kingdom CB7 4TZ
THE TURCO DELUXE LTD,16241194,active,ltd,,,2025-02-10,,2025-02-10,[47290, 47640, 47710, 47910],Flat 122 Cluse Court St. Peter's Street London England N1 8PE
STALLION LEATHER WEARS LTD,16241334,active,ltd,,,2025-02-10,,2025-02-10,[13990],149b Neville Road London United Kingdom E7 9QS
PURCHAXE STORE UK LIMITED,16237188,active,ltd,,,2025-02-07,,2025-02-07,[46450],9 Bonhill Street London England EC2A 4DJ
CLUB VENTURO LTD,16237243,active,ltd,,,2025-02-07,,2025-02-07,[94990],20 Wenlock Road London England N1 7GU
STATUECORP LTD,16237217,active,ltd,,,2025-02-07,,2025-02-07,[62090],71-75 Shelton Street London United Kingdom WC2H 9JQ
BISON INVESTMENT 02 LTD,16237216,active,ltd,,,2025-02-07,,2025-02-07,[68100, 68320],71-75 Shelton Street London United Kingdom WC2H 9JQ
ARCHI HOLDINGS LTD,16237246,active,ltd,,,2025-02-07,,2025-02-07,[47250, 64209],Manchester Square London United Kingdom W1H 6EQ
LAGUNA HOSPITALITY LIMITED,16237367,active,ltd,,,2025-02-07,,2025-02-07,[55100, 70100, 70221],17 Montague Road London England N8 9PJ
GULF CAPITAL INVESTMENTS LTD,16237366,active,ltd,,,2025-02-07,,2025-02-07,[64303, 70221],4 Princes Street Mayfair England W1B 2LE
BLUE JAY CYBER LTD,16237387,active,ltd,,,2025-02-07,,2025-02-07,[62020],167-169 Great Portland Street London England W1W 5PF
NASTYRCK LIMITED,16237405,active,ltd,,,2025-02-07,,2025-02-07,[90010, 90030],71-75 Shelton Street London United Kingdom WC2H 9JQ
INTREPID BUFFALO LTD,16237460,active,ltd,,,2025-02-07,,2025-02-07,[68100, 68209],128 City Road London United Kingdom EC1V 2NX
RHONE SUB LIMITED,16237465,active,ltd,,,2025-02-07,,2025-02-07,[64999],10th Floor 110 Cannon Street London United Kingdom EC4N 6EU
SNUG BRANDS LTD,16237448,active,ltd,,,2025-02-07,,2025-02-07,[47910],85 Great Portland Street London England W1W 7LT
PURLINGO LTD,16237471,active,ltd,,,2025-02-07,,2025-02-07,[74300],71-75 Shelton Street London United Kingdom WC2H 9JQ
HOPNJOY LIMITED,16237504,active,ltd,,,2025-02-07,,2025-02-07,[55900, 79110, 79120],32 Willoughby Road London United Kingdom N8 0JG
TALKIES BY TALKING PRINT LTD,16237505,active,ltd,,,2025-02-07,,2025-02-07,[58190],Building 3 North London Business Park London United Kingdom N11 1GN
APR GROUP PROPERTIES LTD,16237488,active,ltd,,,2025-02-07,,2025-02-07,[68100, 68201, 68209, 68320],190 Billet Road London United Kingdom E17 5DX
PROPBUBBLE LIMITED,16237484,active,ltd,,,2025-02-07,,2025-02-07,[62012],Flat K13 Sloane Avenue Mansions London England SW3 3JP
CHUTZPAH TECH LIMITED,16237598,active,ltd,,,2025-02-07,,2025-02-07,[47910],30 Riverhead Close London England E17 5PY
BEADNALL PROPERTY SOLUTIONS LTD,16237590,active,ltd,,,2025-02-07,,2025-02-07,[68209],71-75 Shelton Street London United Kingdom WC2H 9JQ
MARLA DESIGN LTD,16237622,active,ltd,,,2025-02-07,,2025-02-07,[47990],39 Greville Street London England EC1N 8PJ
LIMAKRI PROPERTIES LTD,16237775,active,ltd,,,2025-02-07,,2025-02-07,[68209],4th Floor Office London England W1B 4HB
LONDON PERFORMANCE SERVICES LIMITED,16237762,active,ltd,,,2025-02-07,,2025-02-07,[86900],85 Great Portland Street London England W1W 7LT
DAWOOD DRIVING SCHOOL LTD,16237866,active,ltd,,,2025-02-07,,2025-02-07,[85530],90 Kensington Avenue London England E12 6NP
ROYAAL GREEN LTD,16237860,active,ltd,,,2025-02-07,,2025-02-07,[46370],299a Bethnal Green Road London England E2 6AH
TELIPORTER EXPERIENCE LTD,16237874,active,ltd,,,2025-02-07,,2025-02-07,[73110],19 Bardolph Road London England N7 0NJ
HARRY JAMES STUDIOS LIMITED,16224367,active,ltd,,,2025-02-03,,2025-02-03,[62012, 62020, 62090, 74100],128 City Road London England EC1V 2NX
CYBERNOVA IT LTD,16238074,active,ltd,,,2025-02-07,,2025-02-07,[62020, 62090],755 London Road Grays United Kingdom RM20 3HX
PURE CLEANING PROFESSIONALS LTD,16238402,active,ltd,,,2025-02-08,,2025-02-08,[81210],17 Beechmount Avenue London England W7 3AE
NABILS CAR LTD,16238954,active,ltd,,,2025-02-09,,2025-02-09,[49320],62-64 Plumstead Common Road London England SE18 3RD
DG LIBERTY B&S LTD,16239270,active,ltd,,,2025-02-10,,2025-02-10,[68209],C/O Getground London England W6 0NB
J W FOODS BASINGSTOKE LIMITED,16239361,active,ltd,,,2025-02-10,,2025-02-10,[56103],Suite 21 Cameo House London United Kingdom WC2H 7AS
RIVASAM UK LTD,16239466,active,ltd,,,2025-02-10,,2025-02-10,[46320, 47220],25 Southampton Buildings London England WC2A 1AL
IGAMICO HOLDING LIMITED,16239641,active,ltd,,,2025-02-10,,2025-02-10,[64209],85 Great Portland Street London England W1W 7LT
SOUTH COAST PIZZAS LIMITED,16239623,active,ltd,,,2025-02-10,,2025-02-10,[56103],3rd Floor, 86-90 Paul Street London United Kingdom EC2A 4NE
TATTSUP LTD,16239677,active,ltd,,,2025-02-10,,2025-02-10,[47190],20 Wenlock Road London England N1 7GU
PA STONE LIMITED,16239626,active,ltd,,,2025-02-10,,2025-02-10,[41100, 68100],155 Gray's Inn Road London United Kingdom WC1X 8UE
JORDAN AGRO LIMITED,16239903,active,ltd,,,2025-02-10,,2025-02-10,[59200, 90010, 90020],124-128 City Road London England EC1V 2NX
NEXT LEVEL TECH SERVICES LTD,16240127,active,ltd,,,2025-02-10,,2025-02-10,[73110],10 Brushfield Street London England E1 6AN
IRON TRUCKING LTD,16232087,active,ltd,,,2025-02-05,,2025-02-05,[49410],71-75 Shelton Street Covent Garden WC2H 9JQ
LEMONDOG TRADING LIMITED,16240382,active,ltd,,,2025-02-10,,2025-02-10,[46900, 47190],128 City Road London United Kingdom EC1V 2NX
THE LEGAL COMPASS LTD,16240647,active,ltd,,,2025-02-10,,2025-02-10,[69102],Flat 6, 156, Spencer House Station Road London United Kingdom NW4 3AF
HORIZON HAVEN ACCOMMODATION LTD,16240668,active,ltd,,,2025-02-10,,2025-02-10,[68209],20 Wenlock Road London England N1 7GU
VALORIS CONSULT LTD,16240842,active,ltd,,,2025-02-10,,2025-02-10,[62012, 62020, 62090, 70229],71-75 Shelton Street London United Kingdom WC2H 9JQ
INTEGRITY 31 LTD,16240843,active,ltd,,,2025-02-10,,2025-02-10,[41202],141 Bounds Green Road London United Kingdom N11 2ED
CHINGFORD DEVELOPMENTS LTD,16240851,active,ltd,,,2025-02-10,,2025-02-10,[68100, 68209],102a Chingford Mount Road London United Kingdom E4 9AA
PIKMAN STUDIO LTD,16241108,active,ltd,,,2025-02-10,,2025-02-10,[62020],International House London United Kingdom N1 7SR
PRESTBURY CAPITAL PARTNERS LIMITED,16241107,active,ltd,,,2025-02-10,,2025-02-10,[68320],Cavendish House London United Kingdom W1G 0PJ
VALINIRT BRITISH MARKETPLACE LIMITED,16241076,active,ltd,,,2025-02-10,,2025-02-10,[46499, 46660, 47910, 82990],Office Suite 29a, 3/F., 23 Wharf Street London England SE8 3GG
PETGRAVIA ESTATES LTD,16241075,active,ltd,,,2025-02-10,,2025-02-10,[68209, 68320],128 City Road London United Kingdom EC1V 2NX
CARGO BLU LIMITED,16241081,active,ltd,,,2025-02-10,,2025-02-10,[49410],9 Luxfield Road London England SE9 4EZ
YOUR FRIENDLY HOST LTD,16241287,active,ltd,,,2025-02-10,,2025-02-10,[68209],128 City Road London United Kingdom EC1V 2NX
A&D CITY LTD,16236000,active,ltd,,,2025-02-07,,2025-02-07,[47110],24 Churton Street London England SW1V 2LP
STRIVE CONSULTANCY LTD,16236080,active,ltd,,,2025-02-07,,2025-02-07,[69202, 69203, 70229],71-75 Shelton Street London United Kingdom WC2H 9JQ
CWP SECURITIES LTD,16236192,active,ltd,,,2025-02-07,,2025-02-07,[64999],585a Fulham Road London England SW6 5UA
KUDOS RESEARCH LIMITED,16236188,active,ltd,,,2025-02-07,,2025-02-07,[73200],128 City Road London United Kingdom EC1V 2NX
PROJECT RIVER TOPCO LIMITED,16236251,active,ltd,,,2025-02-07,,2025-02-07,[64209],C/O Kester Capital Llp, 14-16 Bruton Place London United Kingdom W1J 6LX
SCHOLES DIGITAL SERVICES LTD,16236506,active,ltd,,,2025-02-07,,2025-02-07,[62020],64 Southwark Bridge Road London England SE1 0AS
STANEY ENTERPRISES LTD,16236521,active,ltd,,,2025-02-07,,2025-02-07,[68100, 68201, 68209, 68320],Unit 311 Canalot Studios London United Kingdom W10 5BN
GG-628-378 LIMITED,16236676,active,ltd,,,2025-02-07,,2025-02-07,[68209],1 Lyric Square London England W6 0NB
MOUNT S INVESTMENTS LTD,16236644,active,ltd,,,2025-02-07,,2025-02-07,[68209],3 Norfolk Avenue London United Kingdom N15 6JX
STUDENT PERKS LIMITED,16236989,active,ltd,,,2025-02-07,,2025-02-07,[47190],W205 Vox Studios London United Kingdom SE11 5JH
BEMISA LTD,16236990,active,ltd,,,2025-02-07,,2025-02-07,[68100, 68209],71-75 Shelton Street London United Kingdom WC2H 9JQ
ANOVIC LIMITED,16236979,active,ltd,,,2025-02-07,,2025-02-07,[73110, 82302, 85520, 90030],42-44 Bishopsgate London England EC2N 4AH
PRIMAVERA MARKETING LTD,16225689,active,ltd,,,2025-02-03,,2025-02-03,[73110],71-75 Shelton Street London United Kingdom WC2H 9JQ
ILS CATALYST ADVISORY SERVICES LTD,16236984,active,ltd,,,2025-02-07,,2025-02-07,[70229],128 City Road London United Kingdom EC1V 2NX
FRV HOLLYBUSH HOLDINGS LIMITED,16237672,active,ltd,,,2025-02-07,,2025-02-07,[64209],Building 7 566 Chiswick High Road London United Kingdom W4 5YG
GHAFARI JEWELRY LTD,16237682,active,ltd,,,2025-02-07,,2025-02-07,[32120, 46480],71-75 Shelton Street London United Kingdom WC2H 9JQ
SUBCLUB DELIVERIES LIMITED,16237915,active,ltd,,,2025-02-07,,2025-02-07,[56103],79 New Broadway London England W5 5AL
DTD CONTRACTORS LTD,16237949,active,ltd,,,2025-02-07,,2025-02-07,[81300, 95220],3rd Floor, 86-90 Paul Street London England EC2A 4NE
ANDY MORRIS ADVISORY LTD,16238028,active,ltd,,,2025-02-07,,2025-02-07,[70229],6 Lenham Road London United Kingdom SE12 8QN
495 LORDSHIP LANE LTD,16238405,active,ltd,,,2025-02-08,,2025-02-08,[56102, 56103],16 Blore Close London England SW8 4HP
PURSUIT OF WISDOM LTD,16238635,active,ltd,,,2025-02-09,,2025-02-09,[74909],3rd Floor, 86-90 Paul Street London United Kingdom EC2A 4NE
5PR TW LL LIMITED,16238924,active,ltd,,,2025-02-09,,2025-02-09,[68209],3 Coldbath Square London England EC1R 5HL
KAPTUREPROPERTIESINVESTMENTGROUP LIMITED,16238961,active,ltd,,,2025-02-09,,2025-02-09,[68100],Flat 7 May Court London England N16 7EB
SCHILTHORN PARTNERS LIMITED,16238958,active,ltd,,,2025-02-09,,2025-02-09,[70229],86 Clapham Park Road London England SW4 7BX
10 PERCENT BETTER LTD,16239060,active,ltd,,,2025-02-09,,2025-02-09,[85600],Flat 5 308 Finchley Road London United Kingdom NW3 7AG
AZNDISTRIBUTIONS LTD,16239104,active,ltd,,,2025-02-09,,2025-02-09,[47910],45 Leybourne Road London England E11 3BS
BAR AND LOUNGE LIMITED,16239325,active,ltd,,,2025-02-10,,2025-02-10,[56302],7 Rondu Road London England NW2 3HB
TRADENEST LIMITED,16239378,active,ltd,,,2025-02-10,,2025-02-10,[46900, 47910],85 Great Portland Street London United Kingdom W1W 7LT
RETAIL IMPACT CONSULTING LTD,16239398,active,ltd,,,2025-02-10,,2025-02-10,[70229],71-75 Shelton Street London United Kingdom WC2H 9JQ
MATISS MEDIA GROUP LTD,16239396,active,ltd,,,2025-02-10,,2025-02-10,[96090],71-75 Shelton Street London United Kingdom WC2H 9JQ
ADAM DANIELS ADVISORY LIMITED,16239501,active,ltd,,,2025-02-10,,2025-02-10,[70229],3 Dryburgh Road London England SW15 1BN
CITRUS & CLAY LIMITED,16239512,active,ltd,,,2025-02-10,,2025-02-10,[47910],First Floor Office London United Kingdom W8 4LZ
APPLELANDKIDZ LIMITED,16239751,active,ltd,,,2025-02-10,,2025-02-10,[90030],128 City Road London United Kingdom EC1V 2NX
S MIAH SERVICES LTD,16239706,active,ltd,,,2025-02-10,,2025-02-10,[70229],Crane Court Ipswich United Kingdom IP2 0AJ
HOMES BY ME ESTATES LIMITED,16239769,active,ltd,,,2025-02-10,,2025-02-10,[68209],First Floor London United Kingdom W2 1DS
TORQ TECHNOLOGIES UK LIMITED,16239710,active,ltd,,,2025-02-10,,2025-02-10,[58290],30 Old Bailey London United Kingdom EC4M 7AU
LISTA CONSULTING LTD,16240100,active,ltd,,,2025-02-10,,2025-02-10,[70221, 70229],C/O Ywc Llp 1st Floor Front London England W1D 5QA
ZESHAN RAMZAN LTD,16240288,active,ltd,,,2025-02-10,,2025-02-10,[47910],Office 11615 182-184 High Street North East Ham, London United Kingdom E6 2JA
POUR DECISIONS SPIRITS LTD,16240345,active,ltd,,,2025-02-10,,2025-02-10,[46342],71-75 Shelton Street London United Kingdom WC2H 9JQ
ANATOLIA TOURS AND STAYS LTD,16240622,active,ltd,,,2025-02-10,,2025-02-10,[55209, 79120],38 Pickard Close London England N14 6JG
DESTINO LTD,16240604,active,ltd,,,2025-02-10,,2025-02-10,[61900],3rd Floor, 86-90 Paul Street London United Kingdom EC2A 4NE
VINCIMUS LTD,16240600,active,ltd,,,2025-02-10,,2025-02-10,[55100],85 Great Portland Street London United Kingdom W1W 7LT
FORGE WEALTH GROUP LTD,16240779,active,ltd,,,2025-02-10,,2025-02-10,[85590, 85600],71-75 Shelton Street London United Kingdom WC2H 9JQ
SEGFAULT LTD,16240775,active,ltd,,,2025-02-10,,2025-02-10,[62020],71-75 Shelton Street London United Kingdom WC2H 9JQ
TE DESIGN STUDIO LTD,16240770,active,ltd,,,2025-02-10,,2025-02-10,[74100],17 Green Lanes London United Kingdom N16 9BS
KR INVESTMENTS GROUP LTD,16240792,active,ltd,,,2025-02-10,,2025-02-10,[68100, 68209],4 Nutter Lane London England E11 2HY
MHC PSYCHIATRY LTD,16240814,active,ltd,,,2025-02-10,,2025-02-10,[86220],45 Edith Road London United Kingdom SE25 5PG
FUTURE BRIDGING GROUP LTD,16236005,active,ltd,,,2025-02-07,,2025-02-07,[68209],3rd Floor, 86-90 Paul Street London England EC2A 4NE
LAINDIGITAL LIMITED,16236117,active,ltd,,,2025-02-07,,2025-02-07,[62011],483 Green Lanes London England N13 4BS
THINKBIOLOGY LTD,16236804,active,ltd,,,2025-02-07,,2025-02-07,[85600],128 City Road London United Kingdom EC1V 2NX
LUXURY CARS FOR HIRE LTD,16236819,active,ltd,,,2025-02-07,,2025-02-07,[49390],32 Frederick Street London England WC1X 0ND
ELMIRA’S SWEETS LONDON LTD,16223642,active,ltd,,,2025-02-03,,2025-02-03,[56103, 56290],Flat 46 Arrandene Apartments London England NW9 0FA
GAB ESTATES LTD,16236883,active,ltd,,,2025-02-07,,2025-02-07,[68100, 68209, 68320],124 City Road London United Kingdom EC1V 2NX
SOAREA MANAGEMENT LTD,16237028,active,ltd,,,2025-02-07,,2025-02-07,[64209],71-75 Shelton Street London United Kingdom WC2H 9JQ
NCB DENTAL LIMITED,16237039,active,ltd,,,2025-02-07,,2025-02-07,[86230],71-75 Shelton Street London United Kingdom WC2H 9JQ
FIRE DOOR STORE LTD,16237087,active,ltd,,,2025-02-07,,2025-02-07,[25120],71-75 Shelton Street London United Kingdom WC2H 9JQ
BROADLEAF INVESTMENTS LIMITED,16237809,active,ltd,,,2025-02-07,,2025-02-07,[68100, 68209],450 London Road Leicester England LE2 2PP
MS ROPETECH LTD,16237805,active,ltd,,,2025-02-07,,2025-02-07,[43999],Flat 44 Norfolk House London England SE8 4HL
SUPER SECRET STUDIO CLUB LTD,16237905,active,ltd,,,2025-02-07,,2025-02-07,[62012, 62090, 73110, 74100],79 Stanley Road London England N11 2LB
NARRATIVES WORK LTD,16237910,active,ltd,,,2025-02-07,,2025-02-07,[70229],5 Walpole Road London England E17 6PS
IS IT THO LTD,16238748,active,ltd,,,2025-02-09,,2025-02-09,[62020, 70229],Flat 20 Linden Court London England W12 7JJ
THE AIRPORT GROUP LTD,16238784,active,ltd,,,2025-02-09,,2025-02-09,[62090],5 Brayford Square London England E1 0SG
R XHIKA LTD,16238896,active,ltd,,,2025-02-09,,2025-02-09,[43390],40 Windley Close London England SE23 3YQ
SERVICED ACCOMMODATION LONDON LTD,16239073,active,ltd,,,2025-02-09,,2025-02-09,[55100],Flat 1, 29 Hatton Wall London England EC1N 8JJ
MGT MARBLE GRANITE&TILING LTD,16239074,active,ltd,,,2025-02-09,,2025-02-09,[41202],Flat 2 143 Essex Road London England E10 6BS
NEGIN MESCHI LIMITED,16239154,active,ltd,,,2025-02-10,,2025-02-10,[86210],18 Cleveley Crescent London England W5 1EA
LITEHART LIMITED,16239301,active,ltd,,,2025-02-10,,2025-02-10,[58290, 62090, 90030],20 Wenlock Road London England N1 7GU
TYFORD FIRE SAFETY SERVICES LIMITED,16239289,active,ltd,,,2025-02-10,,2025-02-10,[43290, 80200],4 Aztec Row London United Kingdom N1 0PW
INFINITY WORLD SERVICE LTD,16239421,active,ltd,,,2025-02-10,,2025-02-10,[62020, 62090, 85600],124 City Road London United Kingdom EC1V 2NX
WILLOW WHIM CRAFTWORKS LTD,16239419,active,ltd,,,2025-02-10,,2025-02-10,[47910],71-75 Shelton Street London United Kingdom WC2H 9JQ
NEXTARC LTD,16239548,active,ltd,,,2025-02-10,,2025-02-10,[47910],71-75 Shelton Street London United Kingdom WC2H 9JQ
BURNT CLAY ARTISTS LTD,16239554,active,ltd,,,2025-02-10,,2025-02-10,[41100, 41201, 41202],1 Manson Place South Kensington Chelsea & Kensington United Kingdom SW7 5LT
TWINKLE OF THE MOON LTD,16239550,active,ltd,,,2025-02-10,,2025-02-10,[99999],27 Old Gloucester Street London United Kingdom WC1N 3AX
REAP 5 LTD,16239563,active,ltd,,,2025-02-10,,2025-02-10,[41100],Units 11 & 12 16 Porteus Place London United Kingdom SW4 0AS
ENCORE CLEANERS LTD,16239686,active,ltd,,,2025-02-10,,2025-02-10,[81210, 81221, 81229],18 Kilnmews, Blackshaw Road London United Kingdom SW17 0HD
CHAMONYX LTD,16239823,active,ltd,,,2025-02-10,,2025-02-10,[47710, 47910],Ztk Tax Advisory Suite 1, Ideas House London United Kingdom E18 1BY
MY FRIDAY STORY LTD,16239797,active,ltd,,,2025-02-10,,2025-02-10,[47910],Ground Floor, Victor House London Colney England AL2 1BJ
BLACK GOLD INDUSTRIES CO. LTD,16239974,active,ltd,,,2025-02-10,,2025-02-10,[46630],27 Old Gloucester Street London United Kingdom WC1N 3AX
NB AND SONS LIMITED,16240261,active,ltd,,,2025-02-10,,2025-02-10,[82990],Flat 1 98 Highlever Road London England W10 6PN
SUPERCHARGED MARKETING LTD,16240263,active,ltd,,,2025-02-10,,2025-02-10,[70210],Flat A 14 Royal Parade London United Kingdom SE3 0TL
MUHI Y TAXI LIMITED,16240220,active,ltd,,,2025-02-10,,2025-02-10,[49320],176 Randall Avenue London England NW2 7SY
THE BEAR DEN LTD,16240515,active,ltd,,,2025-02-10,,2025-02-10,[90030],99 Green Lanes London England N16 9BX
LUMINA AGENCY LTD,16240530,active,ltd,,,2025-02-10,,2025-02-10,[68100, 68209],167-169 Great Portland Street London England W1W 5PF
INTERNATIONAL HERBAL MEDICAL RESEARCH CENTRE (UK) LTD,16240518,active,ltd,,,2025-02-10,,2025-02-10,[86900],190 B Kilburn High Road London England NW6 4JD
MUSICALHEATWAVE PUBLISHING LTD,16240869,active,ltd,,,2025-02-10,,2025-02-10,[58190, 59200, 82990],71-75 Shelton Street London United Kingdom WC2H 9JQ
MINDCENTERED PSYCHOTHERAPY LIMITED,16240912,active,ltd,,,2025-02-10,,2025-02-10,[86900],167-169 Great Portland Street London England W1W 5PF
RISE AGAINST ODDS LTD,16240908,active,ltd,,,2025-02-10,,2025-02-10,[47710, 85510],6 Libra Road London England E13 0LE
E SMART BUILD LTD,16241030,active,ltd,,,2025-02-10,,2025-02-10,[43999],508 Holloway Road London United Kingdom N7 6JD
DEPTA RETREATS LTD,16241060,active,ltd,,,2025-02-10,,2025-02-10,[41100, 43390, 55900],128 City Road London United Kingdom EC1V 2NX
LEARNED VENTURES LTD,16241260,active,ltd,,,2025-02-10,,2025-02-10,[85590, 85600],9 Brunel Mews London England W10 4AQ
SIR HENRY’S BARN LIMITED,16241387,active,ltd,,,2025-02-10,,2025-02-10,[56210, 82110],22 West Green Road London United Kingdom N15 5NN
A K LEGAL CONSULTANCY SERVICES LTD,16241384,active,ltd,,,2025-02-10,,2025-02-10,[85590],40 Bowling Green Lane London England EC1R 0NE
MOORHOUSE LIVING LTD,16241364,active,ltd,,,2025-02-10,,2025-02-10,[68201, 68310, 68320],128 City Road London United Kingdom EC1V 2NX
AYESHA CAPITAL HOLDINGS LTD,16231312,active,ltd,,,2025-02-05,,2025-02-05,[68209],Trident Business Centre London England SW17 9SH
BRANDEX OUTLET LIMITED,16231319,active,ltd,,,2025-02-05,,2025-02-05,[47710, 47721, 47910],71-75 Shelton Street London United Kingdom WC2H 9JQ
SAN ONIRO LIMITED,16231303,active,ltd,,,2025-02-05,,2025-02-05,[70229],24a Aldermans Hill London United Kingdom N13 4PN
ZSL MANAGEMENT 2 LIMITED,16231417,active,ltd,,,2025-02-05,,2025-02-05,[68320],2 London Wall Place London United Kingdom EC2Y 5AU
VARTISS HOLDINGS LIMITED,16231457,active,ltd,,,2025-02-05,,2025-02-05,[71129],Seymour Chambers Liverpool United Kingdom L3 5NW
COMMUNITY BASED FOSTERING LIMITED,16231829,active,ltd,,,2025-02-05,,2025-02-05,[88990],74a Woolwich Road London England SE10 0JU
CAVEEN CONSULTING LTD,16231832,active,ltd,,,2025-02-05,,2025-02-05,[62020],3rd Floor, 86-90 Paul Street London United Kingdom EC2A 4NE
RIA'S SOHO LIMITED,16231976,active,ltd,,,2025-02-05,,2025-02-05,[56101],1c Cromwell Avenue London United Kingdom N6 5HN
PEH CONTROLS LTD,16232092,active,ltd,,,2025-02-05,,2025-02-05,[71121],20 Wenlock Road London England N1 7GU
TP ICAP NEWCO LIMITED,16232145,active,ltd,,,2025-02-05,,2025-02-05,[64205],135 Bishopsgate London England EC2M 3TP
DIGITAL CLAIMS MEDIA LIMITED,16232116,active,ltd,,,2025-02-05,,2025-02-05,[62020],27 Old Gloucester Street London United Kingdom WC1N 3AX
PRO-FIX ROOFING AND GUTTERING LTD,16232129,active,ltd,,,2025-02-05,,2025-02-05,[43910],405 Kings Road London England SW10 0BB
MINT HILLWOOD LTD,16232406,active,ltd,,,2025-02-05,,2025-02-05,[47190],Unit C5 158 Clapton Common London England E5 9AG
ECLECTIC HOUSE INTERNATIONAL LIMITED,16232516,active,ltd,,,2025-02-05,,2025-02-05,[85590, 85600],182a London Road Leicester England LE2 1ND
MINDFORGE MEDIA LTD,16232532,active,ltd,,,2025-02-05,,2025-02-05,[58190],128 City Road London United Kingdom EC1V 2NX
VERSTS LTD,16232659,active,ltd,,,2025-02-05,,2025-02-05,[47910],27 Old Gloucester Street London United Kingdom WC1N 3AX
FELICITA FINDS LTD,16232747,active,ltd,,,2025-02-05,,2025-02-05,[47910],71-75 Shelton Street London United Kingdom WC2H 9JQ
COMMSOPS CONSULTING LTD,16232891,active,ltd,,,2025-02-05,,2025-02-05,[70229],Flat 39 1 Pilot Walk London United Kingdom SE10 0UN
HAUTESOME FASHION CO. LTD,16233164,active,ltd,,,2025-02-05,,2025-02-05,[47710, 47910],Music Box 3 London United Kingdom E14 0JW
THE KIOSK HIGHBURY LTD,16233438,active,ltd,,,2025-02-06,,2025-02-06,[47110],2 Higbury Station Road London United Kingdom N5 1RQ
ARZ PROPERTY SOLUTIONS LTD,16233486,active,ltd,,,2025-02-06,,2025-02-06,[68100, 68201, 68209, 68320],124 City Road London England EC1V 2NX
TM&M CHILDCARE SERVICES LTD,16233538,active,ltd,,,2025-02-06,,2025-02-06,[96090],128 City Road London United Kingdom EC1V 2NX
KAT PLAZA REAL ESTATE MANAGEMENT LTD,16233531,active,ltd,,,2025-02-06,,2025-02-06,[68100, 68320, 70229],338a Office 3 And 4 Regents Park Road London England N3 2LN
SUNOFPLA LTD,16233851,active,ltd,,,2025-02-06,,2025-02-06,[47910],Unit 225 Ground Floor Capital House London United Kingdom E8 1LL
NADIA PHILLIPS CONSULTING LIMITED,16233835,active,ltd,,,2025-02-06,,2025-02-06,[96090],188 Sutherland Avenue London England W9 1HR
MÉLOGRAMME LTD,16233842,active,ltd,,,2025-02-06,,2025-02-06,[70210],128 City Road London United Kingdom EC1V 2NX
ELITE PLASTERWORKS LIMITED,16234522,active,ltd,,,2025-02-06,,2025-02-06,[43310],432 Edgware Road London England W2 1EG
SENTIENT MIND LTD,16234530,active,ltd,,,2025-02-06,,2025-02-06,[62012],20 Wenlock Road London England N1 7GU
RANKINGBITE LTD,16234582,active,ltd,,,2025-02-06,,2025-02-06,[73110],128 City Road London United Kingdom EC1V 2NX
SILKCORPS LTD,16235027,active,ltd,,,2025-02-06,,2025-02-06,[86900, 96020],Hegon House Ace Corner London United Kingdom NW10 7UD
WEST END INVEST LTD,16235004,active,ltd,,,2025-02-06,,2025-02-06,[68100],13 Denver Road London United Kingdom N16 5JL
CHRISTMAS COMMON UK LIMITED,16235154,active,ltd,,,2025-02-06,,2025-02-06,[64209],2nd Floor Connaught House, 1-3 Mount Street London United Kingdom W1K 3NB
P CAR EXPERTS LTD,16232636,active,ltd,,,2025-02-05,,2025-02-05,[47910],124 City Road London United Kingdom EC1V 2NX
LONDON TAX SOLUTIONS LTD,16235175,active,ltd,,,2025-02-06,,2025-02-06,[69201, 69202, 69203, 82990],Suite 310e East Wing, Sterling House Loughton United Kingdom IG10 3TS
JBM REALTY SUB LTD,16235363,active,ltd,,,2025-02-06,,2025-02-06,[68209],94 Stamford Hill London United Kingdom N16 6XS
EISICLE LIMITED,16235344,active,ltd,,,2025-02-06,,2025-02-06,[70229],128 City Road London United Kingdom EC1V 2NX
APOLLO TRADE SOLUTIONS LTD,16235477,active,ltd,,,2025-02-06,,2025-02-06,[46140, 46520, 46610, 50200],Suite 6052 128 Aldersgate Street London England EC1A 4AE
TUDOR HEIGHTS LTD,16235490,active,ltd,,,2025-02-06,,2025-02-06,[68209],3 Norfolk Avenue London England N15 6JX
SILVER BIRCH PSYCHOLOGY LTD,16235494,active,ltd,,,2025-02-06,,2025-02-06,[86900],85 Great Portland Street London United Kingdom W1W 7LT
TERMINUS INNOVATION LIMITED,16235575,active,ltd,,,2025-02-06,,2025-02-06,[61900],Pelican London Tower London United Kingdom SW17 0BZ
JUST WASTE CONSULTANCY LTD,16235680,active,ltd,,,2025-02-06,,2025-02-06,[74901],46 Ainslie Wood Gardens London England E4 9BN
CHANNEL YOUR SERENITY LIMITED,16231173,active,ltd,,,2025-02-05,,2025-02-05,[86900],8 Old James Street London England SE15 3TS
BRENT HOME APPLIANCES LTD,16231203,active,ltd,,,2025-02-05,,2025-02-05,[95220],153 High Road London England NW10 2SG
BYTE HAVEN LTD,16231494,active,ltd,,,2025-02-05,,2025-02-05,[47910, 62090, 63110],71-75 Shelton Street London United Kingdom WC2H 9JQ
ERLEIGH SOVEREIGN LTD,16231520,active,ltd,,,2025-02-05,,2025-02-05,[45111, 45112, 45190],128 City Road London United Kingdom EC1V 2NX
VERTU CONNECT LIMITED,16231515,active,ltd,,,2025-02-05,,2025-02-05,[46190],C/O Techvertu Limited Europa Park Grays United Kingdom RM20 4DB
FUTUREBOOKKEEPING LIMITED,16231513,active,ltd,,,2025-02-05,,2025-02-05,[69201, 69202],17a Electric Lane London England SW9 8LA
S & M DESIGN LTD,16231614,active,ltd,,,2025-02-05,,2025-02-05,[71111, 71112, 74100],34 Couthurst Road London England SE3 8TW
CEDAR YACHTING LTD,16231598,active,ltd,,,2025-02-05,,2025-02-05,[99999],72 Princess Court Queensway London England W2 4RE
TECH EXPERT INDUSTRIAL LTD,16231898,active,ltd,,,2025-02-05,,2025-02-05,[41201, 41202],8 Royal Parade London England W5 1ET
28 MONMOUTH STREET LTD,16231900,active,ltd,,,2025-02-05,,2025-02-05,[68320, 82990, 98000],1 Giltspur Street London United Kingdom EC1A 9DD
UPSWIFT SOLUTIONS LTD,16231881,active,ltd,,,2025-02-05,,2025-02-05,[47910, 62090],38 Ecclesbourne Gardens London England N13 5JB
KX BODYTOUCH LIMITED,16232060,active,ltd,,,2025-02-05,,2025-02-05,[45200],1339 High Road London England N20 9HR
NINA HOSPITALITY LTD,16232047,active,ltd,,,2025-02-05,,2025-02-05,[31020, 33200, 43290, 96090],Ibc London United Kingdom SW1X 7LY
CLUB METROPOLITAN LTD,16232059,active,ltd,,,2025-02-05,,2025-02-05,[56301],71-75 Shelton Street London United Kingdom WC2H 9JQ
B&T NORTH LTD,16232199,active,ltd,,,2025-02-05,,2025-02-05,[70100],34 Surrey Street London England CR0 1RJ
PET365 LIMITED,16232208,active,ltd,,,2025-02-05,,2025-02-05,[94990],128 City Road London United Kingdom EC1V 2NX
ABERDEEN FORBES PLACE AROSA LIVING LIMITED,16232300,active,ltd,,,2025-02-05,,2025-02-05,[68209],Level 5 20 Fenchurch Street London United Kingdom EC3M 3BY
AZRA CLAIRE LTD,16232439,active,ltd,,,2025-02-05,,2025-02-05,[47710],39 Old Church Road London England E4 6SJ
ALINA'S BEAUTY PARLOUR LTD,16232591,active,ltd,,,2025-02-05,,2025-02-05,[96020],2nd Floor College House Ruislip, United Kingdom HA4 7AE
MAE PARTNERS LTD,16232689,active,ltd,,,2025-02-05,,2025-02-05,[70229],85 Great Portland Street London England W1W 7LT
ORO MAISON LTD,16232834,active,ltd,,,2025-02-05,,2025-02-05,[81100],Afe Accountants Ltd Building 4 North London Business Park London England N11 1GN
HAPPY VALLEY ESTATES LIMITED,16232965,active,ltd,,,2025-02-05,,2025-02-05,[68209],8 Cranford Close London United Kingdom SW20 0DP
LUXBEAUTYLDN LTD,16233005,active,ltd,,,2025-02-05,,2025-02-05,[96020],Unit 6 Vascroft Estate London England NW10 7PT
COEND LTD,16233010,active,ltd,,,2025-02-05,,2025-02-05,[62012, 71129],Flat 115, Chronicle Tower 261b City Road London United Kingdom EC1V 1AL
GG-997-525 LIMITED,16234295,active,ltd,,,2025-02-06,,2025-02-06,[68209],C/O Getground London England W6 0NB
FIXDERM UK LIMITED,16234296,active,ltd,,,2025-02-06,,2025-02-06,[46450, 47290, 47750],239-241 Kennington Lane London United Kingdom SE11 5QU
PLASTIC INVASION LTD,16234276,active,ltd,,,2025-02-06,,2025-02-06,[58110, 58190, 59112, 59132],Office Q London England SE15 2NL
IYAI LTD,16234404,active,ltd,,,2025-02-06,,2025-02-06,[62090, 64999, 82990],3rd Floor 86-90 Paul Street London United Kingdom EC2A 4NE
VICTORIOUS CONSTRUCT & MAINTAIN LTD,16234600,active,ltd,,,2025-02-06,,2025-02-06,[43290, 43390, 81300],23a The Precinct Waterlooville United Kingdom PO7 7DT
REBOOT ADVISORY LTD,16234683,active,ltd,,,2025-02-06,,2025-02-06,[64999],Suite 631 Linen Hall, London United Kingdom W1B 5TG
BAMP SERVICES LTD,16234760,active,ltd,,,2025-02-06,,2025-02-06,[96090],71-75 Shelton Street London United Kingdom WC2H 9JQ
HANDLR MEDIA LTD,16234890,active,ltd,,,2025-02-06,,2025-02-06,[58190, 59111, 63990],82 Wandsworth Bridge Road London England SW6 2TF
HNB LONDON HOLDING LTD,16234893,active,ltd,,,2025-02-06,,2025-02-06,[64209],43 Watermint Quay London United Kingdom N16 6DN
CIRCLEBACK PICTURES LTD,16235057,active,ltd,,,2025-02-06,,2025-02-06,[59112, 59120],Unit G Arena Business Centre London England N4 1FF
ZIG PAYMENTS LTD,16235402,active,ltd,,,2025-02-06,,2025-02-06,[99999],71-75 Shelton Street London United Kingdom WC2H 9JQ
MCCORMACK CIVIL ENGINEERING LIMITED,16235407,active,ltd,,,2025-02-06,,2025-02-06,[42110, 42220, 42990, 43320],17 Pennine Parade Pennine Drive London United Kingdom NW2 1NT
AITUKI LTD,16235746,active,ltd,,,2025-02-06,,2025-02-06,[62090],50 Howitt Road London England NW3 4LJ
EN INNOVATIONS LTD,16235813,active,ltd,,,2025-02-06,,2025-02-06,[33190, 43390, 59112, 74100],22 Mossford Street London England E3 4TH
VULCAN 14 TICKETS LIMITED,16235866,active,ltd,,,2025-02-07,,2025-02-07,[79909],Flat 45 Finlay House London England NW9 4FD
ADELANTE COACHING & TRAINING LTD,16235898,active,ltd,,,2025-02-07,,2025-02-07,[70229, 96090],Flat 3 Angelica Court London England NW9 9PX
ADELA MEDIA LTD,16235975,active,ltd,,,2025-02-07,,2025-02-07,[73110],85 Great Portland Street London England W1W 7LT
ABUDHABIDEAL LTD,16231256,active,ltd,,,2025-02-05,,2025-02-05,[64204, 66120, 66300],128 City Road London United Kingdom EC1V 2NX
RESTORE SOLUTIONS LTD,16231571,active,ltd,,,2025-02-05,,2025-02-05,[63120, 70229, 86900],128 City Road London United Kingdom EC1V 2NX
SANDHURST NEWS LTD,16231566,active,ltd,,,2025-02-05,,2025-02-05,[47110],6 Sandhurst Parade London United Kingdom SE6 1DH
GG-615-913 LIMITED,16231125,active,ltd,,,2025-02-05,,2025-02-05,[68209],C/O Getground London England W6 0NB
TFG GLOBALL LIMITED,16231168,active,ltd,,,2025-02-05,,2025-02-05,[62020, 62090, 63990],20 Wenlock Road London England N1 7GU
DEMS ECUAFOOD LTD,16231672,active,ltd,,,2025-02-05,,2025-02-05,[56102],22 Cranleigh Road London England N15 3AD
FABLE AND SPARK LTD,16232326,active,ltd,,,2025-02-05,,2025-02-05,[62090],10 Angus Gardens London England NW9 5LE
MANIFEST THINK TANK LTD,16232324,active,ltd,,,2025-02-05,,2025-02-05,[70210],B London United Kingdom SW1P 3QB
WEBSTERZ LTD,16232323,active,ltd,,,2025-02-05,,2025-02-05,[62012, 62020, 63110, 63120],71-75 Shelton Street London United Kingdom WC2H 9JQ
CANOE LAKE RESIDENTIAL LTD,16232334,active,ltd,,,2025-02-05,,2025-02-05,[55100, 68209],20 Wenlock Road London England N1 7GU
TWG GLOBAL SERVICES UK LTD,16232330,active,ltd,,,2025-02-05,,2025-02-05,[62090],71 - 75 Shelton Street London United Kingdom WC2H 9JQ
SEASONAL HORIZON LTD,16232329,active,ltd,,,2025-02-05,,2025-02-05,[73110],100 Chandos Avenue London England N20 9DZ
SATS INVESTMENTS UK LTD.,16232497,active,ltd,,,2025-02-05,,2025-02-05,[64209],7th Floor 50 Broadway London United Kingdom SW1H 0DB
VICTORY CONSTRUCTION COST CONSULTANTS LTD,16232974,active,ltd,,,2025-02-05,,2025-02-05,[43999],3 Wedmore Street London England N19 4RU
SAGOE FILM LTD,16233018,active,ltd,,,2025-02-05,,2025-02-05,[59111, 59120],5-7 Buck Street London England NW1 8NJ
AZUR PRESTIGE MOTORS LTD,16233384,active,ltd,,,2025-02-06,,2025-02-06,[45112, 45200, 45320],71-75 Shelton Street London United Kingdom WC2H 9JQ
LONDON STATIONERY INC LTD,16233497,active,ltd,,,2025-02-06,,2025-02-06,[47620],388 Walworth Road London England SE17 2NG
THE MANGO ENSEMBLE LTD,16233507,active,ltd,,,2025-02-06,,2025-02-06,[90010],6 South Mansions London England NW6 1QF
BP CROYDON LIMITED,16233579,active,ltd,,,2025-02-06,,2025-02-06,[68100],Unit4 The Technology Park London United Kingdom NW9 6BX
DINOWARS LTD,16233786,active,ltd,,,2025-02-06,,2025-02-06,[58210, 62011, 62012, 63120],20 Wenlock Road London England N1 7GU
ZIADCOMPANY LIMITED,16234097,active,ltd,,,2025-02-06,,2025-02-06,[94110, 96090],71-75 Shelton Street London United Kingdom WC2H 9JQ
B&T SOUTH LTD,16234105,active,ltd,,,2025-02-06,,2025-02-06,[70100],20 Wenlock Road London England N1 7GU
SORENG HODL LTD,16234080,active,ltd,,,2025-02-06,,2025-02-06,[64205, 64209],27 Old Gloucester Street London United Kingdom WC1N 3AX
TREATMENT SOLUTIONS LIMITED,16234210,active,ltd,,,2025-02-06,,2025-02-06,[86220],Unit 1 Concord Business Centre London England W3 0TJ
CROWNKOOL LIMITED,16234251,active,ltd,,,2025-02-06,,2025-02-06,[47710, 47910, 68100, 79110],128 City Road London United Kingdom EC1V 2NX
PROMEC MEP LTD,16234234,active,ltd,,,2025-02-06,,2025-02-06,[71122, 74901],221 Longley Road London England SW17 9LG
GG-791-532 LIMITED,16234230,active,ltd,,,2025-02-06,,2025-02-06,[68209],C/O Getground London England W6 0NB
QUANTUM121 LTD,16234243,active,ltd,,,2025-02-06,,2025-02-06,[62012],20 Wenlock Road London England N1 7GU
COPEC LIMITED,16234246,active,ltd,,,2025-02-06,,2025-02-06,[98000],49 Panfield Road London England SE2 9DQ
AMPERETECH PROCESS AUTOMATION AND ENGINEERING LTD,16234444,active,ltd,,,2025-02-06,,2025-02-06,[71121, 71129],Office 11554 182-184 High Street North London United Kingdom E6 2JA
SHEIKH CAR HIRE LTD,16234458,active,ltd,,,2025-02-06,,2025-02-06,[77110],128 City Road London United Kingdom EC1V 2NX
ROSEBANK PROPERTY INVESTMENTS LTD,16234752,active,ltd,,,2025-02-06,,2025-02-06,[68100, 68209],71-75 Shelton Street London United Kingdom WC2H 9JQ
OZEL AEROSPACE & AVIATION SERVICES LTD,16234731,active,ltd,,,2025-02-06,,2025-02-06,[33160],71-75 Shelton Street London United Kingdom WC2H 9JQ
INFINI CREATIVES LTD,16234841,active,ltd,,,2025-02-06,,2025-02-06,[93290],Flat 8 Key House London England SE11 5TT
A10 CAFE LTD,16234940,active,ltd,,,2025-02-06,,2025-02-06,[56102],3 Cambridge Terrace London England N9 9JJ
CUBE N1 LONDON LTD,16234929,active,ltd,,,2025-02-06,,2025-02-06,[79120],275 New North Road London England N1 7AA
BLUE SAPPHIRE GROUP 2 LTD,16235211,active,ltd,,,2025-02-06,,2025-02-06,[41202],316a Beulah Hill London England SE19 3HF
SOVEREIGN HEATING AND GAS LTD,16235610,active,ltd,,,2025-02-06,,2025-02-06,[43220],15 Montpelier Vale London England SE3 0TA
APEX FM SERVICES LTD,16235857,active,ltd,,,2025-02-06,,2025-02-06,[80100, 81100, 96090],143a Stroud Green Road London England N4 3PZ
AR MANAGEMENT LTD,16235892,active,ltd,,,2025-02-07,,2025-02-07,[56101],Flat Koloshi Cheltenham England GL54 4HG
GG-783-712 LIMITED,16235947,active,ltd,,,2025-02-07,,2025-02-07,[68209],C/O Getground London England W6 0NB
THE GOURMET SAUSAGE FACTORY LIMITED,16235943,active,ltd,,,2025-02-07,,2025-02-07,[10110],1 Kings Avenue London United Kingdom N21 3NA
PUZZL LTD,16231774,active,ltd,,,2025-02-05,,2025-02-05,[78300],71-75 Shelton Street London United Kingdom WC2H 9JQ
ELBRUS INNOVATIONS LTD,16232176,active,ltd,,,2025-02-05,,2025-02-05,[64301, 70229, 82990],71-75 Shelton Street London United Kingdom WC2H 9JQ
EOSDATA LTD,16232152,active,ltd,,,2025-02-05,,2025-02-05,[63110],13 Pentland Street London United Kingdom SW18 2AW
ESCARGOLD LTD,16232167,active,ltd,,,2025-02-05,,2025-02-05,[47230],246 Ground Floor Flat London United Kingdom N3 2RN
CERRO TORRE CONSULTING LTD,16232170,active,ltd,,,2025-02-05,,2025-02-05,[66190, 70229],71-75 Shelton Street London United Kingdom WC2H 9JQ
MN VIRAL LIMITED,16232357,active,ltd,,,2025-02-05,,2025-02-05,[73110],128 City Road London United Kingdom EC1V 2NX
101 CONTEMPORARY INDIAN CUISINE LTD,16232653,active,ltd,,,2025-02-05,,2025-02-05,[56101],99/101 Old Church Road London United Kingdom E4 6ST
DEMEKS GROUP UK LTD,16232756,active,ltd,,,2025-02-05,,2025-02-05,[87200, 87300, 87900],London House Business Centre Thames Road Dartford England DA1 4SL
JEA SOLUTIONS LIMITED,16232766,active,ltd,,,2025-02-05,,2025-02-05,[70229],Ramsay Brown Llp The Brentano Suite North Finchley United Kingdom N12 8QJ
AF SPECIALIST LTD,16232767,active,ltd,,,2025-02-05,,2025-02-05,[64999],1 Lyric Square London England W6 0NB
MAMMOTH ENERGY LIMITED,16233193,active,ltd,,,2025-02-05,,2025-02-05,[43210],161-162 Dukes Road London England W3 0SL
MARTINELY CLEANING LTD,16233274,active,ltd,,,2025-02-05,,2025-02-05,[81222, 81299, 96010],10a Moira Road London England SE9 1SH
GREENWAY CAFE LTD,16233353,active,ltd,,,2025-02-06,,2025-02-06,[56102, 56103],1 Prince Regent Lane London England E13 8RH
ROJECOMMERCE LTD,16233426,active,ltd,,,2025-02-06,,2025-02-06,[47910],128 City Road London United Kingdom EC1V 2NX
BRAHAJ LTD,16233453,active,ltd,,,2025-02-06,,2025-02-06,[96020],1 Halliwick Court Parade London United Kingdom N12 0NB
AS PROMO 2 LTD,16233691,active,ltd,,,2025-02-06,,2025-02-06,[68100],39 Silvermere Road London England SE6 4QX
TECHSALES LTD,16233795,active,ltd,,,2025-02-06,,2025-02-06,[62090],Flat 10, 191 Western Road London United Kingdom SW19 2QD
THE TATTOO STORE UK LTD,16233815,active,ltd,,,2025-02-06,,2025-02-06,[47910],3rd Floor, 86-90 Paul Street London United Kingdom EC2A 4NE
TAPRI CHAI LTD,16233804,active,ltd,,,2025-02-06,,2025-02-06,[47810, 56103, 56210, 56290],11 Campbell Road London England E15 1SY
GEETCOMMERCE LTD,16233824,active,ltd,,,2025-02-06,,2025-02-06,[47910],124 City Road London United Kingdom EC1V 2NX
JPGM ENTERTAINMENT LTD,16233903,active,ltd,,,2025-02-06,,2025-02-06,[90020, 90040, 94110, 96090],128 City Road London United Kingdom EC1V 2NX
ELEXUS ELECTRICAL SOLUTIONS LTD,16233873,active,ltd,,,2025-02-06,,2025-02-06,[43210],128 City Road London United Kingdom EC1V 2NX
UPAIRON LTD,16233869,active,ltd,,,2025-02-06,,2025-02-06,[70229, 85590],128 City Rd. London United Kingdom EC1V 2NX
OXFORDSHIRE GROUNDS CONTRACTORS LTD,16234045,active,ltd,,,2025-02-06,,2025-02-06,[81300],71-75 Shelton Street London United Kingdom WC2H 9JQ
NOAM MORTGAGES LTD,16234041,active,ltd,,,2025-02-06,,2025-02-06,[74909],C/O 32 Castlewood Road London United Kingdom N16 6DW
WOOD’S BUSINESS SUPPORT LTD,16234040,active,ltd,,,2025-02-06,,2025-02-06,[64209, 68310, 82990],128 City Road London United Kingdom EC1V 2NX
SMART AVUKAT LAW FIRM LTD,16234035,active,ltd,,,2025-02-06,,2025-02-06,[69101, 94110, 96090],Silverstream House London England W1T 6EB
V & S CREATIONS LTD,16234015,active,ltd,,,2025-02-06,,2025-02-06,[56102],Flat 4 30 Roland Gardens London United Kingdom SW7 3PL
W STUDIO 12 LIMITED,16234023,active,ltd,,,2025-02-06,,2025-02-06,[47190, 79909],Flat 107 2a St. Luke's Avenue London England SW4 7EB
THE MUSIC RETREAT LTD,16234152,active,ltd,,,2025-02-06,,2025-02-06,[90010],Flat 1 River Quaggy Apartments London England SE3 9DE
VITALITY LIFE CIRCLE TECHNOLOGIES CO. LTD,16234136,active,ltd,,,2025-02-06,,2025-02-06,[86900],71-75 Shelton Street London United Kingdom WC2H 9JQ
SPICY LEMON LTD,16234318,active,ltd,,,2025-02-06,,2025-02-06,[73110],Flat 337 17 New Wharf Road London United Kingdom N1 9RW
PABLO'S LONDON MULTISERVICES LTD,16234501,active,ltd,,,2025-02-06,,2025-02-06,[81100, 81210],36 Cross Keys Close London England N9 7AD
BIRDVIEW BOOKKEEPER LTD,16234465,active,ltd,,,2025-02-06,,2025-02-06,[82990],42 Moundfield Road London England N16 6DT
TOLVA LTD,16234484,active,ltd,,,2025-02-06,,2025-02-06,[71129],3rd Floor, 86-90 Paul Street London United Kingdom EC2A 4NE
THERMANOMICS LTD,16234676,active,ltd,,,2025-02-06,,2025-02-06,[62012],20 Wenlock Road London England N1 7GU
SVEN DAGMAR LTD,16234668,active,ltd,,,2025-02-06,,2025-02-06,[64209],Suite Ra01 195-197 Wood Street London United Kingdom E17 3NU
WOLSELEY INVEST LTD,16234802,active,ltd,,,2025-02-06,,2025-02-06,[68100],13 Denver Road London England N16 5JL
BLOSSOM BLS LIMITED,16234974,active,ltd,,,2025-02-06,,2025-02-06,[81229],Flat 6 The Great Hall London England E11 1UH
SOFT SERVE MANAGEMENT LTD,16235080,active,ltd,,,2025-02-06,,2025-02-06,[96090],5th Floor 111 Charterhouse Street London United Kingdom EC1M 6AW
S007 MULTITRADE LTD,16228618,active,ltd,,,2025-02-04,,2025-02-04,[43999],54 Greenfield Road London England E1 1EJ
HAPPYHABI LTD,16235431,active,ltd,,,2025-02-06,,2025-02-06,[47650, 47710, 47721, 96090],128 City Road London United Kingdom EC1V 2NX
CADENCE ADVISORY LONDON LIMITED,16235579,active,ltd,,,2025-02-06,,2025-02-06,[96090],82 St. John Street London England EC1M 4JN
TRF GROUP LIMITED,16235816,active,ltd,,,2025-02-06,,2025-02-06,[56103],Business Plus- Mitcham United Kingdom CR4 4EA
MINIATURELY LTD,16235928,active,ltd,,,2025-02-07,,2025-02-07,[82990],71-75 Shelton Street London United Kingdom WC2H 9JQ
ELEMENT CLOTHING DESIGN LIMITED,16235995,active,ltd,,,2025-02-07,,2025-02-07,[14131, 14132, 14190, 15120],71-75 Shelton Street London United Kingdom WC2H 9JQ
GRANDWORLD INDUSTRIAL HLDGS LIMITED,16241403,active,ltd,,,2025-02-10,,2025-02-10,[46160],Unit 228 Ground Floor Capital House London England E8 1LL
D&D PROPERTY INVESTMENT NO 1 LIMITED,16241451,active,ltd,,,2025-02-10,,2025-02-10,[68209],C/O Getground London England W6 0NB
SEEKMERIT LTD,16241439,active,ltd,,,2025-02-10,,2025-02-10,[70229],71-75 Shelton Street London United Kingdom WC2H 9JQ
COOFIER TRADING LIMITED,16241419,active,ltd,,,2025-02-10,,2025-02-10,[46420],Unit 229 Ground Floor Capital House London England E8 1LL
ASSET AVENUE PROPERTY LTD,16241538,active,ltd,,,2025-02-10,,2025-02-10,[68100, 68310],5 Brayford Square London England E1 0SG
CYRUS DREAM PROPERTY LTD,16241520,active,ltd,,,2025-02-10,,2025-02-10,[68209],20 Wenlock Road London England N1 7GU
HERMAN AND PARTNERS LTD,16241770,active,ltd,,,2025-02-10,,2025-02-10,[45111, 45190, 45310, 45320],71-75 Shelton Street London United Kingdom WC2H 9JQ
DANHISLAYS LTD,16241781,active,ltd,,,2025-02-10,,2025-02-10,[96020],128 City Road London England EC1V 2NX
INVRTD CRSCNT LTD,16241780,active,ltd,,,2025-02-10,,2025-02-10,[47910, 74100],124-128 City Road London England EC1V 2NX
CITY BRIGHT EDUCATION LTD,16241790,active,ltd,,,2025-02-10,,2025-02-10,[85100, 85310, 85590, 85600],69 Earls Court Road London England W8 6EF
PROSPECT PETROLEUM & MINERAL EXPLORATION LTD,16241792,active,ltd,,,2025-02-10,,2025-02-10,[06100, 07100, 07290, 09100],Flat 25 Wingham House London England NW6 5FY
CHANGE YOUR PATH LTD,16241958,active,ltd,,,2025-02-10,,2025-02-10,[96040],90 Mill Lane London England NW6 1NL
DIGBY & BRIDESON LIMITED,16242169,active,ltd,,,2025-02-10,,2025-02-10,[41100, 41202],Office 7 35-37 Ludgate Hill London United Kingdom EC4M 7JN
JANCO INVESTMENTS LTD,16242164,active,ltd,,,2025-02-10,,2025-02-10,[68100],124 City Road London United Kingdom EC1V 2NX
IT CONSULTANTS ON TAP LTD,16242354,active,ltd,,,2025-02-10,,2025-02-10,[62020],3rd Floor, 86-90 Paul Street London United Kingdom EC2A 4NE
POWNALL PRODUCTS LTD,16242349,active,ltd,,,2025-02-10,,2025-02-10,[47910],3rd Floor, 86-90 Paul Street London United Kingdom EC2A 4NE
KB PROPERTY GROUP LTD,16242361,active,ltd,,,2025-02-10,,2025-02-10,[68310],189 Chase Side Enfield England EN2 0QZ
PRO1 SOLUTIONS LIMITED,16237896,active,ltd,,,2025-02-07,,2025-02-07,[74909],Pro1 Solutions Limited London England EC2A 4NE
LENSMANS LTD,16242432,active,ltd,,,2025-02-10,,2025-02-10,[73110],105 Ridgeway Drive London United Kingdom BR1 5DB
EAST96 DIGITAL LTD,16242593,active,ltd,,,2025-02-10,,2025-02-10,[18130],74 Sydney Road London England W13 9EY
GREEN PLANIFY LTD,16242824,active,ltd,,,2025-02-10,,2025-02-10,[82301, 82302, 82990],8b Gunnersbury Avenue London England W5 3NH
JF STRATEGIC SOLUTIONS LTD,16242921,active,ltd,,,2025-02-10,,2025-02-10,[70229],8 Gainsborough Road London United Kingdom E11 1HT
YLM PROPERTY HOLDINGS LIMITED,16242922,active,ltd,,,2025-02-10,,2025-02-10,[68100, 68209],Unit 19 1-13 Adler Street London England E1 1EG
AMARI HAUS LIMITED,16242949,active,ltd,,,2025-02-11,,2025-02-11,[93130],193 Edgware Road London England NW9 6LP
PAC & JR LTD,16243154,active,ltd,,,2025-02-11,,2025-02-11,[47910],71-75 Shelton Street London United Kingdom WC2H 9JQ
MAIN PROPERTY LETTINGS LTD,16243173,active,ltd,,,2025-02-11,,2025-02-11,[68209],71-75 Shelton Street London United Kingdom WC2H 9JQ
CLOUD WHISPER HOLDINGS LTD,16243318,active,ltd,,,2025-02-11,,2025-02-11,[64209],71-75 Shelton Street London United Kingdom WC2H 9JQ
COMPLEX SOLUTIONS WORLWIDE LIMITED,16243544,active,ltd,,,2025-02-11,,2025-02-11,[46900, 62020, 73110, 82990],42-44 Bishopsgate London England EC2N 4AH
READING DRIVING ACADEMY LTD,16243684,active,ltd,,,2025-02-11,,2025-02-11,[85530],85 Great Portland Street London United Kingdom W1W 7LT
WESTVALE COMMERCIAL 2 LTD,16243819,active,ltd,,,2025-02-11,,2025-02-11,[68100],60 Mill Mead Business Centre London United Kingdom N17 9QU
RMK COMMERCIAL LTD,16243826,active,ltd,,,2025-02-11,,2025-02-11,[68209],71-75 Shelton Street London United Kingdom WC2H 9JQ
BLUE CINEMAS LIMITED,16243900,active,ltd,,,2025-02-11,,2025-02-11,[64209],259-260 Hardess Street London England SE24 0HN
EMILYS STORE LTD,16244029,active,ltd,,,2025-02-11,,2025-02-11,[47910],4 Raven Road, Unit 1c3-644 London United Kingdom E18 1HB
27 FILMS PRODUCTION LTD,16244158,active,ltd,,,2025-02-11,,2025-02-11,[59111, 59112],109-111 International House, Fulham Palace Road London United Kingdom W6 8JA
SOUTH NORWOOD FOOD STORE LTD,16244169,active,ltd,,,2025-02-11,,2025-02-11,[46390, 47220, 47230, 47240],72 High Street London England SE25 6EB
HALISI DESIGN LTD,16244156,active,ltd,,,2025-02-11,,2025-02-11,[74100, 81300],124 City Road London United Kingdom EC1V 2NX
HDK INVESTMENTS LTD,16244261,active,ltd,,,2025-02-11,,2025-02-11,[68100],75 Hendon Wood Lane London England NW7 4HT
RMC363B LTD,16244318,active,ltd,,,2025-02-11,,2025-02-11,[55100],Unit 8 Holles House London England SW9 7AP
SOUTH LONDON CARS LTD,16244530,active,ltd,,,2025-02-11,,2025-02-11,[49320],Unit 61b, 49, The Link Effra Road London United Kingdom SW2 1BZ
PJX BASILDON LTD,16244646,active,ltd,,,2025-02-11,,2025-02-11,[56103],87a Old Church Road London England E4 6ST
NANAK VENTURES LIMITED,16244660,active,ltd,,,2025-02-11,,2025-02-11,[68100, 68209],124a Essex Road London England N1 8LX
SMYTIK LIMITED,16244753,active,ltd,,,2025-02-11,,2025-02-11,[24540, 25620, 25940, 25990],Office Suite 29a, 3/F., 23 Wharf Street London England SE8 3GG
TB DESIGNER LTD,16244897,active,ltd,,,2025-02-11,,2025-02-11,[41100],Flat 3 190 Hammersmith Grove London England W6 7HG
ACADEMY SUCCESS DIVANOVA LTD,16244932,active,ltd,,,2025-02-11,,2025-02-11,[70229, 85590, 85600],F 43 Elektron Tower London United Kingdom E14 9GB
GPC VENTURES LTD,16244910,active,ltd,,,2025-02-11,,2025-02-11,[68100, 68209],71-75 Shelton Street London United Kingdom WC2H 9JQ
ELSKAN LONDON LTD,16244912,active,ltd,,,2025-02-11,,2025-02-11,[86900],33 Lysias Road London United Kingdom SW12 8BW
NEXTGEN HAVEN LTD,16245057,active,ltd,,,2025-02-11,,2025-02-11,[68100, 68209],20 Wenlock Road London England N1 7GU
GG-713-596 LIMITED,16245059,active,ltd,,,2025-02-11,,2025-02-11,[68209],C/O Getground London England W6 0NB
BEE RENTAL SOLUTIONS LTD,16245068,active,ltd,,,2025-02-11,,2025-02-11,[68209],34 Princess Street London England SE1 6HJ
TITAN FIRE AND SURVEYING LIMITED,16245218,active,ltd,,,2025-02-11,,2025-02-11,[82990],167-169 Great Portland Street London United Kingdom W1W 5PF
38 EDITH ROAD LIMITED,16245216,active,ltd,,,2025-02-11,,2025-02-11,[68209],Basement Flat London United Kingdom W14 9BB
ACCEN28 LIMITED,16245220,active,ltd,,,2025-02-11,,2025-02-11,[46180],1386 London Road Leigh On Sea United Kingdom SS9 2UJ
ANTHONY GRACE PROPERTIES LTD,16245229,active,ltd,,,2025-02-11,,2025-02-11,[68100, 68209, 68310],20 Wenlock Road London England N1 7GU
PLANET APPS LTD,16245246,active,ltd,,,2025-02-11,,2025-02-11,[62090],71-75 Shelton Street London United Kingdom WC2H 9JQ
QUARTZ PROJECTS LTD,16245341,active,ltd,,,2025-02-11,,2025-02-11,[41202, 96090],Unit 116 The Light Bulb Wandsworth United Kingdom SW18 4GQ
SIDE INVESTMENTS LTD,16245349,active,ltd,,,2025-02-11,,2025-02-11,[64304],43 Upton Lane London England E7 9PA
CEREBRIX LIMITED,16245376,active,ltd,,,2025-02-11,,2025-02-11,[62012, 62020],3rd Floor, 86-90 Paul Street London England EC2A 4NE
EDGE LANDSCAPES LTD,16245448,active,ltd,,,2025-02-11,,2025-02-11,[81300],Suite 12&13 Regents Business Park, Nantwich United Kingdom CW5 6LW
LINK AND LAUNCH LTD,16245697,active,ltd,,,2025-02-11,,2025-02-11,[70229],3rd Floor, 86-90 Paul Street London United Kingdom EC2A 4NE
NAYLA FRANKINCENSE AND MYRH NAYLA ESSENTIALS LTD,16241431,active,ltd,,,2025-02-10,,2025-02-10,[46370],85 Great Portland Street London England W1W 7LT
URBAN PROPFINITY LTD,16241553,active,ltd,,,2025-02-10,,2025-02-10,[68100, 68209],21 Peel Close London England E4 6XU
APPLIED PSYCHODYNAMICS LIMITED,16241556,active,ltd,,,2025-02-10,,2025-02-10,[74909],8 Cleeve Workshops London United Kingdom E2 7JD
MARGAUX 4 LTD,16241711,active,ltd,,,2025-02-10,,2025-02-10,[96020],136a Blackstock Road London England N4 2DX
BOMBAY CHAAT BOX LIMITED,16241709,active,ltd,,,2025-02-10,,2025-02-10,[56210],81 Prestbury Road London England E7 8NQ
MAHOGANY AUDIO LTD,16241700,active,ltd,,,2025-02-10,,2025-02-10,[26400, 27320, 47430, 47910],Office Suite 29a, 3/F., 23 Wharf Street London England SE8 3GG
AIRBLAZE LTD,16241701,active,ltd,,,2025-02-10,,2025-02-10,[58290, 62012],71-75 Shelton Street London United Kingdom WC2H 9JQ
BERNARD PROPERTY MANAGEMENT LIMITED,16241682,active,ltd,,,2025-02-10,,2025-02-10,[68320],8a Station Rise London England SE27 9BW
CENTRAL BELT FORESTRY LTD,16241671,active,ltd,,,2025-02-10,,2025-02-10,[02100, 02400],71-75 Shelton Street London United Kingdom WC2H 9JQ
T-X FAMILY LTD,16241668,active,ltd,,,2025-02-10,,2025-02-10,[74990],101 New Cavendish Street London United Kingdom W1W 6XH
MOHAMMED ALI AHMED LIMITED LIMITED,16242080,active,ltd,,,2025-02-10,,2025-02-10,[82110],Flat 304 Cradford House North London England E2 0DF
EPIFORE LTD,16242086,active,ltd,,,2025-02-10,,2025-02-10,[62020, 62090],124 City Road London United Kingdom EC1V 2NX
QUADRA REALTY LIMITED,16242044,active,ltd,,,2025-02-10,,2025-02-10,[68100],7 Pasture Road London England SE6 1JF
GREEDY GOONS LTD,16242215,active,ltd,,,2025-02-10,,2025-02-10,[99999],10 Coldbath Square London England EC1R 5HL
COMPAGO DISTRIBUTION LTD,16242423,active,ltd,,,2025-02-10,,2025-02-10,[47910],3rd Floor, 86-90 Paul Street London United Kingdom EC2A 4NE
MRK GLOBAL LTD,16242489,active,ltd,,,2025-02-10,,2025-02-10,[47190, 47910],124 City Road London United Kingdom EC1V 2NX
BESTSALES LTD,16242885,active,ltd,,,2025-02-10,,2025-02-10,[46431],3 Wells Apartments London England E17 6BH
ISA PLU ESTATES LTD,16242888,active,ltd,,,2025-02-10,,2025-02-10,[68100, 68209],98 Darenth Road London England N16 6ED
FRONT LEFT CONSULTING LTD,16242947,active,ltd,,,2025-02-10,,2025-02-10,[70229],11 Scholars Place London England N16 0RF
ALPHA MAX INNOVATIONS LTD,16243040,active,ltd,,,2025-02-11,,2025-02-11,[62020],20 Wenlock Road London England N1 7GU
HIGHPLACE MEDIA LIMITED,16243051,active,ltd,,,2025-02-11,,2025-02-11,[74201],20 Wenlock Road London England N1 7GU
AIREKON LTD,16243148,active,ltd,,,2025-02-11,,2025-02-11,[62012, 62020, 63110, 63120],128 City Road London United Kingdom EC1V 2NX
LEISURESOCIAL LTD,16243207,active,ltd,,,2025-02-11,,2025-02-11,[93290],Suite 9 Dalton House London England SW19 2RR
INSPIREDBTFOBAVERAGE LTD,16243195,active,ltd,,,2025-02-11,,2025-02-11,[47710],71-75 Shelton Street London United Kingdom WC2H 9JQ
REACTION PM LTD,16243185,active,ltd,,,2025-02-11,,2025-02-11,[68310],20 Wenlock Road London England N1 7GU
SITTING WIZARD PRODUCTIONS LTD,16243203,active,ltd,,,2025-02-11,,2025-02-11,[59111],6 Pall Mall East London England SW1Y 5BF
PARENTING GROUP LTD,16243279,active,ltd,,,2025-02-11,,2025-02-11,[63110],124 City  Road London United Kingdom EC1V 2NX
MERE COMPOSITES LTD,16223782,active,ltd,,,2025-02-03,,2025-02-03,[30110],3rd Floor 86-90 Paul Street London United Kingdom EC2A 4NE
ACE BUSINESS CONSULT LIMITED,16243282,active,ltd,,,2025-02-11,,2025-02-11,[70229, 74901],22 West Green Road London United Kingdom N15 5NN
MAGIE CLO LTD,16243411,active,ltd,,,2025-02-11,,2025-02-11,[47910],Suite 8568 5 Brayford Square London United Kingdom E1 0SG
BAHARI HOLDINGS LIMITED,16243409,active,ltd,,,2025-02-11,,2025-02-11,[64209],Aston House London United Kingdom N3 1LF
ELYSIUM ONE LTD,16243595,active,ltd,,,2025-02-11,,2025-02-11,[66190],13 Hanover Square London United Kingdom W1S 1HN
LCP CAPITAL SOLUTIONS LIMITED,16243601,active,ltd,,,2025-02-11,,2025-02-11,[70229],95 Wigmore Street London United Kingdom W1U 1DQ
DERELIA LTD,16243744,active,ltd,,,2025-02-11,,2025-02-11,[47910],71-75 Shelton Street London United Kingdom WC2H 9JQ
AMIBA LTD,16243858,active,ltd,,,2025-02-11,,2025-02-11,[63110],Crown House, London United Kingdom WC1N 3AX
EQ CARE TOWCESTER LIMITED,16243958,active,ltd,,,2025-02-11,,2025-02-11,[41100],46 Curzon Street London England W1J 7UH
J & M HOMES (SAWBRIDGEWORTH) LIMITED,16243960,active,ltd,,,2025-02-11,,2025-02-11,[96090],1st Floor County House Chelmsford United Kingdom CM2 0RG
SYKES ELECTRICAL SOLUTIONS LTD,16243954,active,ltd,,,2025-02-11,,2025-02-11,[43210],118 London Road Nantwich England CW5 6LT
3KG SYSTEMS LTD,16244109,active,ltd,,,2025-02-11,,2025-02-11,[62012, 62090, 82990],2nd Floor College House Ruislip, United Kingdom HA4 7AE
NITAWI DEVELOPMENTS LTD,16244137,active,ltd,,,2025-02-11,,2025-02-11,[41100, 41201, 41202, 43390],124 City Road London United Kingdom EC1V 2NX
LOVE LORI MICHELLE JEWELRY LIMITED,16244213,active,ltd,,,2025-02-11,,2025-02-11,[47770],54 Elizabeth Avenue London England N1 3BH
DETRENIA LTD,16244409,active,ltd,,,2025-02-11,,2025-02-11,[47910],275 New North Rd London United Kingdom N1 7AA
THOMPSONS BEREAVEMENT SUPPORT SERVICES LTD,16244670,active,ltd,,,2025-02-11,,2025-02-11,[59112],89 Foxborough Gardens London England SE4 1HT
LION TRANSPORT SERVICES LIMITED,16244672,active,ltd,,,2025-02-11,,2025-02-11,[49410],Stirling House 9 Burroughs Gardens London United Kingdom NW4 4AU
CUBE PRINCIPAL CONSULTANTS LIMITED,16244699,active,ltd,,,2025-02-11,,2025-02-11,[71122],Flat 10 Bramford Court London England N14 6DH
RATES EASE LIMITED,16244776,active,ltd,,,2025-02-11,,2025-02-11,[69203],128 City Road London United Kingdom EC1V 2NX
28B CW LTD,16244878,active,ltd,,,2025-02-11,,2025-02-11,[68100],C/O 32 Castlewood Road London United Kingdom N16 6DW
CLICK N COLLECT LTD,16244882,active,ltd,,,2025-02-11,,2025-02-11,[47990],2 Hart Grove Southall England UB1 2UW
VISHALDEEP LTD,16245317,active,ltd,,,2025-02-11,,2025-02-11,[47710],386 Romford Road London England E7 8BS
EN DIAN DECORATION LTD,16245331,active,ltd,,,2025-02-11,,2025-02-11,[41100, 43310, 43341, 43910],131a Lower Marsh London England SE1 7AE
USA CHICKEN SOHAM LTD,16241452,active,ltd,,,2025-02-10,,2025-02-10,[56290],554 Hertford Road Enfield England EN3 5ST
FAST TRACK INNOVATION LTD,16241468,active,ltd,,,2025-02-10,,2025-02-10,[70229],16 Bennerley Road London England SW11 6DS
CONTRACTS LIFECYCLE SOLUTIONS LTD,16241465,active,ltd,,,2025-02-10,,2025-02-10,[70229],71-75 Shelton Street London United Kingdom WC2H 9JQ
BROKEN WHEEL LIMITED,16241629,active,ltd,,,2025-02-10,,2025-02-10,[56302],5 Homebush Terrace London United Kingdom W4 5AG
2 PIECES ADVISORY LTD,16241594,active,ltd,,,2025-02-10,,2025-02-10,[70229],43 Manchester Street London England W1U 7LP
PROPERTIES & DESIGNS LIMITED,16241720,active,ltd,,,2025-02-10,,2025-02-10,[96090],16 Pembroke Road London United Kingdom W8 6NT
RAINBOW GAMING CORP LTD,16241886,active,ltd,,,2025-02-10,,2025-02-10,[59112, 59113, 82301],71-75 Shelton Street London United Kingdom WC2H 9JQ
AN ORTHOPAEDICS LTD,16241981,active,ltd,,,2025-02-10,,2025-02-10,[86900],57a Fryent Way London United Kingdom NW9 9NX
STARLIT TIX LTD,16242123,active,ltd,,,2025-02-10,,2025-02-10,[62090],242 Burrage Road London United Kingdom SE18 7JP
ZURI TRAVEL LTD,16242121,active,ltd,,,2025-02-10,,2025-02-10,[79110],6 Artillery Passage London England E1 7LJ
GLOBAL STUDY ADVISERS LIMITED,16242131,active,ltd,,,2025-02-10,,2025-02-10,[85310, 85422, 85590, 85600],8 Chester Road London United Kingdom E7 8QS
DELABANICO LTD,16242291,active,ltd,,,2025-02-10,,2025-02-10,[62020],73 Brunswick Park Road London England N11 1JH
IBRK GROUP LTD,16242371,active,ltd,,,2025-02-10,,2025-02-10,[64209],20 Wenlock Road London England N1 7GU
ONEWORD HOLIDAYS LTD,16242384,active,ltd,,,2025-02-10,,2025-02-10,[79110, 79120, 79909],6 Limewood Close London England E17 6QD
ACADEMY PANTRY LIMITED,16242447,active,ltd,,,2025-02-10,,2025-02-10,[56101],56 Longstone Avenue London United Kingdom NW10 3TX
HERBZ AND POTIONS LTD,16242573,active,ltd,,,2025-02-10,,2025-02-10,[10890, 47750, 47910, 56290],Studio B5, Mainyard Studios London England SW19 2RL
NO FIXED ABODE LTD,16242741,active,ltd,,,2025-02-10,,2025-02-10,[47710],Crown House London United Kingdom WC1N 3AX
WESTBROOK VENTURES LTD,16242898,active,ltd,,,2025-02-10,,2025-02-10,[73110],167-169 Great Portland Street London England W1W 5PF
JYS PROPERTY HOLDINGS LTD,16242939,active,ltd,,,2025-02-10,,2025-02-10,[68209],53 Warren Street London England W1T 5NL
SK DESIGN MEDIA BIZ LIMITED,16242971,active,ltd,,,2025-02-11,,2025-02-11,[62020],23 Keyworth Close London England E5 0SS
JUST BEAD IT LIMITED,16242988,active,ltd,,,2025-02-11,,2025-02-11,[46480, 47820],4 Raven Road, Unit 1c3 London United Kingdom E18 1HB
WOODWORKS SURREY LTD,16242997,active,ltd,,,2025-02-11,,2025-02-11,[43999],3rd Floor, 86-90 Paul Street London United Kingdom EC2A 4NE
NORTI LTD,16243123,active,ltd,,,2025-02-11,,2025-02-11,[96020],Blue Cedars Unit 2c-2d Billericay United Kingdom CM12 9HS
PULSETRADE LTD,16243117,active,ltd,,,2025-02-11,,2025-02-11,[47190],71-75 Shelton Street London United Kingdom WC2H 9JQ
WILLIAM GRANGE ESTATES LIMITED,16243156,active,ltd,,,2025-02-11,,2025-02-11,[68100, 68209],128 City Road London United Kingdom EC1V 2NX
SEASPORTEES LTD,16243251,active,ltd,,,2025-02-11,,2025-02-11,[47910],71-75 Shelton Street London United Kingdom WC2H 9JQ
NEUROSHIELD.AI LTD,16243269,active,ltd,,,2025-02-11,,2025-02-11,[46510, 62020, 62090, 63110],71-75 Shelton Street London United Kingdom WC2H 9JQ
ILD CONSTRUCTION LIMITED,16243254,active,ltd,,,2025-02-11,,2025-02-11,[41201, 41202],First Floor London United Kingdom EC4M 7RD
EXCELLENCE PARTNERS LTD,16243352,active,ltd,,,2025-02-11,,2025-02-11,[70229, 85590, 96090],71-75 Shelton Street London United Kingdom WC2H 9JQ
MANNAN GROUP LTD,16243357,active,ltd,,,2025-02-11,,2025-02-11,[88100, 88990, 96030, 96090],128 City Road London United Kingdom EC1V 2NX
AZURE SRL LIMITED,16243517,active,ltd,,,2025-02-11,,2025-02-11,[68100, 68209, 68320],71-75 Shelton Street London United Kingdom WC2H 9JQ
BURNT MILLS DEVELOPMENTS LTD,16243540,active,ltd,,,2025-02-11,,2025-02-11,[68100],67 Westow Street London United Kingdom SE19 3RW
AROMA AVENUE LIMITED,16243541,active,ltd,,,2025-02-11,,2025-02-11,[46450],Flat 149 Samuel Lewis Trust Dwellings London England SW6 1AJ
MAKE THAT LIMITED,16243537,active,ltd,,,2025-02-11,,2025-02-11,[25990],71-75 Shelton Street London United Kingdom WC2H 9JQ
PEICHEV COMMERCE LTD,16243542,active,ltd,,,2025-02-11,,2025-02-11,[47910],2nd Floor College House Ruislip, United Kingdom HA4 7AE
BERLIKA PLUS LTD,16243634,active,ltd,,,2025-02-11,,2025-02-11,[47910],Suite 8572 5 Brayford Square London United Kingdom E1 0SG
LONDON & CENTRAL (WEYMOUTH) LIMITED,16243910,active,ltd,,,2025-02-11,,2025-02-11,[68209],16 Great Queen Street London United Kingdom WC2B 5AH
PENN SEARCH LTD,16244063,active,ltd,,,2025-02-11,,2025-02-11,[78109],4th Floor Silverstream House London United Kingdom W1T 6EB
RUNWAY EMPIRE LTD,16244191,active,ltd,,,2025-02-11,,2025-02-11,[82990],Flat 20 2 Exchange Gardens London England SW8 1DF
SHIDA LTD,16244287,active,ltd,,,2025-02-11,,2025-02-11,[47710],Unit 10 , 97 Western Road London United Kingdom UB2 5HN
H&T GLOBAL ACQUISITIONS LTD,16244291,active,ltd,,,2025-02-11,,2025-02-11,[46140, 46180, 46190, 56290],Office No1 Farringdon United Kingdom EC1R 5HL
ONE STOP OCCASIONS LTD,16244377,active,ltd,,,2025-02-11,,2025-02-11,[56210, 77390],117 Stephendale Road London England SW6 2PS
WHITEMAN PROPERTIES LIMITED,16244497,active,ltd,,,2025-02-11,,2025-02-11,[68100],71 Florence Road London England N4 4DJ
G2 CYBERSHIELD LIMITED,16244601,active,ltd,,,2025-02-11,,2025-02-11,[62020, 62090],3rd Floor, 86-90 Paul Street London United Kingdom EC2A 4NE
PINOY PORTAL MEDIA AND COMMUNICATIONS LTD,16244603,active,ltd,,,2025-02-11,,2025-02-11,[58130, 58190, 63910],52 Westside London United Kingdom NW4 4XB
MAX BUY LTD,16244591,active,ltd,,,2025-02-11,,2025-02-11,[47910],42a Plashet Road London England E13 0PU
ON-U-TRAINING LTD,16244710,active,ltd,,,2025-02-11,,2025-02-11,[96040],Flat 404 Torchbearer Court 16 Wyke Road London England E3 2XN
MSGME LIMITED,16244723,active,ltd,,,2025-02-11,,2025-02-11,[62090],Apartment 1111 Hampton Tower 75 Marsh Wall London England E14 9LW
VOSS WORLD LIMITED,16244961,active,ltd,,,2025-02-11,,2025-02-11,[58110, 58210, 59132, 62012],128 City Road London United Kingdom EC1V 2NX
FINSBURY PROPERTY MANAGEMENT LTD,16244952,active,ltd,,,2025-02-11,,2025-02-11,[68320],57 Stroud Green Road London England N4 3EG
ROTAPLUS LTD,16244990,active,ltd,,,2025-02-11,,2025-02-11,[47910],71-75 Shelton Street London United Kingdom WC2H 9JQ
ENCRAFT LIMITED,16245144,active,ltd,,,2025-02-11,,2025-02-11,[41100, 41202],27 Old Gloucester Street London United Kingdom WC1N 3AX
SH222 LIMITED,16245295,active,ltd,,,2025-02-11,,2025-02-11,[81300],10 Eastleigh Walk London England SW15 4LQ
INSIGHTSMITH LTD,16245388,active,ltd,,,2025-02-11,,2025-02-11,[62012],71-75 Shelton Street London United Kingdom WC2H 9JQ
VERANOS MULTIMEDIA LIMITED,16245407,active,ltd,,,2025-02-11,,2025-02-11,[47910],71-75 Shelton Street London United Kingdom WC2H 9JQ
NILUFA PROPERTIES LIMITED,16245397,active,ltd,,,2025-02-11,,2025-02-11,[68209],35 Sullivan Avenue London England E16 3LJ
TRIPLE ALFA LIMITED,16245601,active,ltd,,,2025-02-11,,2025-02-11,[66190, 70229],20 Wenlock Road London England N1 7GU
CARPENTER ESTATES LTD,16245613,active,ltd,,,2025-02-11,,2025-02-11,[68100, 68209],128 City Road London United Kingdom EC1V 2NX
GUARDING SERVICES LTD,16245667,active,ltd,,,2025-02-11,,2025-02-11,[80100, 81299],46 Lister Gardens London England N18 1HZ
AURELIA BUSINESS ADVISORY LTD,16245660,active,ltd,,,2025-02-11,,2025-02-11,[70229],Basement Flat London England SW4 0NG
CATALYSTXAMZ LIMITED,16245736,active,ltd,,,2025-02-11,,2025-02-11,[73110],Flat 1 Kernal House London England N17 6FS
GLOW OF GRACE LTD,16245751,active,ltd,,,2025-02-11,,2025-02-11,[47890],61 Staveley Close London England SE15 2JN
ABDISALANODOWAA LIMITED,16245829,active,ltd,,,2025-02-11,,2025-02-11,[49390],53 Ashburnham Road London England NW10 5SA
CERA FRAGRANCES LTD,16250673,active,ltd,,,2025-02-13,,2025-02-13,[32990],20 Wenlock Road London England N1 7GU
THATMART LIMITED,16251015,active,ltd,,,2025-02-13,,2025-02-13,[47910, 62020, 63110],115 London Road Morden England SM4 5HP
M F YASMIN LTD,16251269,active,ltd,,,2025-02-13,,2025-02-13,[86900],3rd Floor, 86-90 Paul Street London United Kingdom EC2A 4NE
BRIO REAL ESTATE (UK) LTD,16228063,active,ltd,,,2025-02-04,,2025-02-04,[82990],Level 19 The Shard, 32 London Bridge Street London United Kingdom SE1 9SG
ECOMMERCE AND FULFILMENT LTD,16251503,active,ltd,,,2025-02-13,,2025-02-13,[47910, 95210],21 Widgeon Close London United Kingdom E16 3EF
SHEEBA AND CO LTD,16252155,active,ltd,,,2025-02-14,,2025-02-14,[68100, 68209],38 Brookscroft Road London England E17 4LH
SPRING ACADEMY MADRASA LIMITED,16252655,active,ltd,,,2025-02-14,,2025-02-14,[85520],57 Greatorex Street London England E1 5NP
MFRAMADAN CONSULTANCY LTD,16253019,active,ltd,,,2025-02-14,,2025-02-14,[62020, 70229, 82990, 96090],71-75 Shelton Street London United Kingdom WC2H 9JQ
WEFACE LTD,16253011,active,ltd,,,2025-02-14,,2025-02-14,[99999],Room D London United Kingdom E1 4XH
DIAFA NOVENTRA LIMITED,16253330,active,ltd,,,2025-02-14,,2025-02-14,[64209],7th Floor 3 More London Riverside London United Kingdom SE1 2AQ
MODIPIK LIMITED,16253329,active,ltd,,,2025-02-14,,2025-02-14,[46900, 47910, 62012, 62090],85 Great Portland Street London England W1W 7LT
BARA EQUITY LIMITED,16253645,active,ltd,,,2025-02-14,,2025-02-14,[68209],42 Carlyle Square London United Kingdom SW3 6HA
ACCURATAX & FINANCE LTD,16253672,active,ltd,,,2025-02-14,,2025-02-14,[69202],91 Old Oak Road London England W3 7HP
AIMAN SOFTWARE LTD,16253869,active,ltd,,,2025-02-14,,2025-02-14,[96090],71-75 Shelton Street London United Kingdom WC2H 9JQ
JC CAPTURES LTD,16254718,active,ltd,,,2025-02-16,,2025-02-16,[73110],109 Freshfield Avenue London England E8 4BG
KIDZ ADVENTURE ZONE LTD,16255370,active,ltd,,,2025-02-17,,2025-02-17,[93290],128 City Road London United Kingdom EC1V 2NX
42 - 50 STEELE ROAD LTD,16255350,active,ltd,,,2025-02-17,,2025-02-17,[68209],21 Waxlow Road London United Kingdom NW10 7NU
BUELLIO LTD,16255378,active,ltd,,,2025-02-17,,2025-02-17,[47910],128 City Road London United Kingdom EC1V 2NX
DATATHINGS LTD,16255748,active,ltd,,,2025-02-17,,2025-02-17,[62020, 62090],London North Studios London United Kingdom NW7 1RP
LEARNING REVOLUTION CENTRE LIMITED,16256323,active,ltd,,,2025-02-17,,2025-02-17,[85590],1385 London Road London United Kingdom SW16 4AN
OFFICE SUPPORT SERVICE LTD,16256306,active,ltd,,,2025-02-17,,2025-02-17,[82110],5 Brayford Square London England E1 0SG
COSTWISE CONSULTANCY LTD,16256672,active,ltd,,,2025-02-17,,2025-02-17,[74902],36 Ravensdale Road London England N16 6SH
WOKEPROPERTYMANAGEMENT LTD,16256647,active,ltd,,,2025-02-17,,2025-02-17,[68320, 97000, 98000, 98200],20 Wenlock Road London England N1 7GU
NORWOOD INVEST LTD,16250874,active,ltd,,,2025-02-13,,2025-02-13,[68100],13 Denver Road London England N16 5JL
MEGO WALTHAM LTD,16250879,active,ltd,,,2025-02-13,,2025-02-13,[56102],215 High Street London England E17 7BH
HELEN & JOY LIMITED,16251182,active,ltd,,,2025-02-13,,2025-02-13,[70229],338a Regents Park Road London United Kingdom N3 2LN
SEVENFOOTTEN LIMITED,16251327,active,ltd,,,2025-02-13,,2025-02-13,[64209, 82990],Simmons Gainsford Professional Services Ltd 14 Floor London United Kingdom W1G 0PW
DAVE MCFLY PRODUCTIONS LIMITED,16251331,active,ltd,,,2025-02-13,,2025-02-13,[90020],124 Finchley Road London England NW3 5JS
HASBAL CONSTRUCTION LTD,16251340,active,ltd,,,2025-02-13,,2025-02-13,[43999],Flat 11, Lulworth Court, 13 Cannon Hill London United Kingdom N14 7DJ
KIRA LEISURE (THE GATE) LTD,16251758,active,ltd,,,2025-02-14,,2025-02-14,[56302],2nd Floor College House Ruislip, United Kingdom HA4 7AE
COMPETENTI LTD,16252096,active,ltd,,,2025-02-14,,2025-02-14,[82990],20 Wenlock Road London England N1 7GU
INTERNATIONAL COMPUTER CONCEPTS UK LTD,16252070,active,ltd,,,2025-02-14,,2025-02-14,[62090, 63110],2nd Floor College House Ruislip, United Kingdom HA4 7AE
NW TOP QUALITY FISH LTD,16252508,active,ltd,,,2025-02-14,,2025-02-14,[47230],173b Cricklewood Broadway London England NW2 3HT
H-RAYS CO. LTD,16252522,active,ltd,,,2025-02-14,,2025-02-14,[71122, 74909],Office 11679 182-184 High Street North London United Kingdom E6 2JA
KISMET GLOBAL LTD,16252516,active,ltd,,,2025-02-14,,2025-02-14,[47910, 56103, 64303, 68209],Flat 3.1 28 Lisle Street London England WC2H 7BA
DS GROUPS UKI LTD,16252534,active,ltd,,,2025-02-14,,2025-02-14,[64209],Unit B Endeavour Park Addington West Malling England ME19 5SH
OMERALAZ LIMITED,16252896,active,ltd,,,2025-02-14,,2025-02-14,[96020],Ground Floor Shop London United Kingdom EN4 8RR
HIGHGREEN INVESTMENT LIMITED,16253293,active,ltd,,,2025-02-14,,2025-02-14,[68100, 68209],Summit House London United Kingdom NW3 6BP
VISION RISE LTD,16253302,active,ltd,,,2025-02-14,,2025-02-14,[47910],308, Flat B Wightman Road London United Kingdom N8 0LT
OBERBECK STRATEGY AND RESEARCH ADVISORY LIMITED,16253301,active,ltd,,,2025-02-14,,2025-02-14,[58190, 70229, 73200],Crown House London United Kingdom WC1N 3AX
GREY STUDIO PRODUCTIONS LTD,16253578,active,ltd,,,2025-02-14,,2025-02-14,[74202],89 Lakeside Road London United Kingdom N13 4PS
DOPA FIX LTD,16253594,active,ltd,,,2025-02-14,,2025-02-14,[85590, 90030, 93290],3rd Floor, 86-90 Paul Street London England EC2A 4NE
BRIGHTEDGE LTD,16253591,active,ltd,,,2025-02-14,,2025-02-14,[70229],128 City Road London United Kingdom EC1V 2NX
D&Y NORTH LIMITED,16253922,active,ltd,,,2025-02-14,,2025-02-14,[68209],3 Limes Avenue London England NW11 9TJ
STUDIO NULL LTD,16253914,active,ltd,,,2025-02-14,,2025-02-14,[62020],320 City Road London England EC1V 2NZ
TAL UNIVERSAL LTD,16254168,active,ltd,,,2025-02-14,,2025-02-14,[68100],Regina House London England NW3 5JS
LATAKIA LTD,16254170,active,ltd,,,2025-02-15,,2025-02-15,[70229],254 Goldhawk Road London England W12 9PE
HARBOUR CLEANCO (UK) LIMITED,16234642,active,ltd,,,2025-02-06,,2025-02-06,[64209],33 Glasshouse Street London England W1B 5DG
LENNY FLAVOURS LIMITED,16254915,active,ltd,,,2025-02-16,,2025-02-16,[56103],Millenium House London England E4 9JP
OSCARS TRADERS AND SERVICES LIMITED,16255231,active,ltd,,,2025-02-17,,2025-02-17,[45112, 45190],105 Thornsbeach Road London England SE6 1EY
SIR PROPERTY LTD,16255232,active,ltd,,,2025-02-17,,2025-02-17,[68209],15 Alexandria Road Ealing London United Kingdom W13 0NP
WAGETAP LENDING UK LIMITED,16255234,active,ltd,,,2025-02-17,,2025-02-17,[64921],128 City Road London United Kingdom EC1V 2NX
OXACLOUD LTD,16255329,active,ltd,,,2025-02-17,,2025-02-17,[62090, 63110],20 Wenlock Road London England N1 7GU
BONNIE CASKS LTD,16255330,active,ltd,,,2025-02-17,,2025-02-17,[46342],30 Grove Hill London England E18 2JG
MY MOTOR DEAL LTD,16255325,active,ltd,,,2025-02-17,,2025-02-17,[62090],20 Wenlock Road London England N1 7GU
MASRAF AL KHALIJ CONTINENTAL FOR BUSINESS AND CORRESPONDENCE FINANCIAL ( PRIVATE ) LIMITED,16250940,active,ltd,,,2025-02-13,,2025-02-13,[64191, 64301, 64929, 64999],27 Old Gloucester Street London United Kingdom WC1N 3AX
ICE PUBLISHERS LIMITED,16256176,active,ltd,,,2025-02-17,,2025-02-17,[47910, 85600, 86900, 96090],124-128 City Road London England EC1V 2NX
BLUE CACAO LTD,16256461,active,ltd,,,2025-02-17,,2025-02-17,[46140, 70229, 77110, 77341],85 Great Portland Street London England W1W 7LT
DESERT BRIDGES LTD,16256456,active,ltd,,,2025-02-17,,2025-02-17,[74300],20 Wenlock Road London England N1 7GU
STELLA MICHAEL PRODUCTIONS LTD,16256454,active,ltd,,,2025-02-17,,2025-02-17,[59111],105 Sturge Avenue London United Kingdom E17 4LF
FANFARONADE PRODUCTIONS LTD,16256470,active,ltd,,,2025-02-17,,2025-02-17,[59200],124-128 City Road London England EC1V 2NX
SUCCESS IS THE BEST LTD,16250460,active,ltd,,,2025-02-13,,2025-02-13,[99999],Athene House, Suite Q London United Kingdom NW7 3TD
PROSPERITEASUK LTD,16250440,active,ltd,,,2025-02-13,,2025-02-13,[46370],Suite Ra01 195-197 Wood Street London United Kingdom E17 3NU
ASP (BORDEN) LIMITED,16250445,active,ltd,,,2025-02-13,,2025-02-13,[68100],Third Floor Reigate England RH2 9PY
LINZI JAY COMMUNION UK LTD,16250476,active,ltd,,,2025-02-13,,2025-02-13,[46420],2nd Floor College House Ruislip, United Kingdom HA4 7AE
ALKER PROPERTIES LTD,16250726,active,ltd,,,2025-02-13,,2025-02-13,[68209],20 Wenlock Road London England N1 7GU
HULA PODS LIMITED,16250723,active,ltd,,,2025-02-13,,2025-02-13,[47190, 47260],20 Wenlock Road London England N1 7GU
MD ORTHOPAEDICS LIMITED,16251292,active,ltd,,,2025-02-13,,2025-02-13,[86220],12 Northfields Prospect London United Kingdom SW18 1PE
PIRABAHARAN LTD,16224575,active,ltd,,,2025-02-03,,2025-02-03,[47910],86-90 Paul Street Paul Street London England EC2A 4NE
CRISTAL MAID LTD,16251668,active,ltd,,,2025-02-13,,2025-02-13,[81210, 81229, 81299],3 Margery Park Road London England E7 9LA
BLUESKY STUDENT ALMA PLACE LIMITED,16251741,active,ltd,,,2025-02-14,,2025-02-14,[68209],54 Portland Place London United Kingdom W1B 1DY
KATE D YOGA LIMITED,16252019,active,ltd,,,2025-02-14,,2025-02-14,[96040],71-75 Shelton Street London United Kingdom WC2H 9JQ
VECTOR DEVELOPMENTS LIMITED,16251985,active,ltd,,,2025-02-14,,2025-02-14,[41202],5 Greenwich View Place London England E14 9NN
GARDEN OF LIGHT FAMILY LAW LTD,16252389,active,ltd,,,2025-02-14,,2025-02-14,[74909],Monomark House London England WC1N 3AX
SPEEDGREEN (TOP FIELD) LIMITED,16252377,active,ltd,,,2025-02-14,,2025-02-14,[71122, 74909],71-75 Shelton Street London United Kingdom WC2H 9JQ
TECHNO BRAND BUILDERS INTERNATIONAL LTD,16252836,active,ltd,,,2025-02-14,,2025-02-14,[46190],20 Wenlock Road London England N1 7GU
24HR SCAFFOLDING LTD,16253255,active,ltd,,,2025-02-14,,2025-02-14,[43991],20 Wenlock Road London England N1 7GU
IBV BRINKBURN ENERGY PARK LIMITED,16252319,active,ltd,,,2025-02-14,,2025-02-14,[35110],2nd Floor 127 Cheapside London United Kingdom EC2V 6BT
IBV WILLINGTON ENERGY PARK LIMITED,16253144,active,ltd,,,2025-02-14,,2025-02-14,[35110],2nd Floor 127 Cheapside London United Kingdom EC2V 6BT
SYNTHYON LIMITED,16253495,active,ltd,,,2025-02-14,,2025-02-14,[62012, 71121],85 Great Portland Street London England W1W 7LT
MOSIGNATURES LTD,16253521,active,ltd,,,2025-02-14,,2025-02-14,[96090],71-75 Shelton Street London United Kingdom WC2H 9JQ
HAYDEN CONSTRUCTION LIMITED,16253518,active,ltd,,,2025-02-14,,2025-02-14,[41202],5 Greenwich View Place London England E14 9NN
ZEPHYR DIGITAL STUDIOS LIMITED,16253777,active,ltd,,,2025-02-14,,2025-02-14,[62012],167-169 Great Portland Street London England W1W 5PF
GETPERSONALISEDGIFTS-GPG LTD,16254148,active,ltd,,,2025-02-14,,2025-02-14,[18129],42-46 Fairfield Street London United Kingdom SW18 1DY
W.A GROUP LTD,16254348,active,ltd,,,2025-02-15,,2025-02-15,[74909],Flat 18 Mellington Court London England N16 7ST
SKR LONDON LTD,16254569,active,ltd,,,2025-02-16,,2025-02-16,[52290],21b Vicarage Road London United Kingdom E10 5EF
PRESENTLY LTD,16254575,active,ltd,,,2025-02-16,,2025-02-16,[47910],6 Cholmley Gardens London United Kingdom NW6 1AE
TECHR LTD,16254595,active,ltd,,,2025-02-16,,2025-02-16,[62020],3rd Floor, 86-90 Paul Street London United Kingdom EC2A 4NE
RAFFLE PAD LTD,16254877,active,ltd,,,2025-02-16,,2025-02-16,[82990],65 Twyford Abbey Road London England NW10 7ET
KEMSTER HOLDINGS LIMITED,16254984,active,ltd,,,2025-02-16,,2025-02-16,[59111],124 Finchley Road London England NW3 5JS
HE5 N2 GUILDFORD 1 LIMITED,16255273,active,ltd,,,2025-02-17,,2025-02-17,[99999],7th Floor 50 Broadway London United Kingdom SW1H 0DB
HALLWAY FBOS LTD,16255430,active,ltd,,,2025-02-17,,2025-02-17,[62020],124 City  Road London United Kingdom EC1V 2NX
CORETECH DESIGN LTD.,16255431,active,ltd,,,2025-02-17,,2025-02-17,[61100, 61200, 62020, 71129],2nd Floor College House Ruislip, United Kingdom HA4 7AE
MBM COMMUNICATION LTD,16255433,active,ltd,,,2025-02-17,,2025-02-17,[47910, 62020],20 Wenlock Road London England N1 7GU
TLC HOLDING ESSEX LIMITED,16255803,active,ltd,,,2025-02-17,,2025-02-17,[64209],1386 London Road Leigh On Sea United Kingdom SS9 2UJ
PYRAMID FUNDING 2025 LIMITED,16255790,active,ltd,,,2025-02-17,,2025-02-17,[64999],10th Floor 5 Churchill Place London United Kingdom E14 5HU
WINGS REALTY LTD,16255799,active,ltd,,,2025-02-17,,2025-02-17,[68100, 68209],20 Wenlock Road London England N1 7GU
TRYTESSERAE LTD,16256255,active,ltd,,,2025-02-17,,2025-02-17,[62090],128 City Road London United Kingdom EC1V 2NX
BDB AKADEMI EGITIM VE MENTORLUK LTD,16256720,active,ltd,,,2025-02-17,,2025-02-17,[85590],71-75 Shelton Street London United Kingdom WC2H 9JQ
HIYA COURIER LTD,16256727,active,ltd,,,2025-02-17,,2025-02-17,[52290],20 Belton Road London United Kingdom E7 9PF
JONATHAN GUY LEWIS LIMITED,16259181,active,ltd,,,2025-02-18,,2025-02-18,[41100],Suite C London United Kingdom NW6 3BT
SQUIRREL REALTY LIMITED,16259182,active,ltd,,,2025-02-18,,2025-02-18,[68209],5 Ground Floor, Canberra Road London United Kingdom W13 9BF
DATA-DRIVEN FD SERVICES LTD,16259233,active,ltd,,,2025-02-18,,2025-02-18,[70221],128 City Road London United Kingdom EC1V 2NX
SHENG GLOBAL EDUCATION LIMITED,16259230,active,ltd,,,2025-02-18,,2025-02-18,[85590, 85600],85 Great Portland Street London England W1W 7LT
REEL SAFE LTD,16259219,active,ltd,,,2025-02-18,,2025-02-18,[77291, 80100],20 Wenlock Road London England N1 7GU
CELESTAI LTD,16250982,active,ltd,,,2025-02-13,,2025-02-13,[62090, 85590, 96090],Flat D Rectory Chambers London England SW3 5DA
CAPITAL RECRUITMENT PARTNERS LTD,16251203,active,ltd,,,2025-02-13,,2025-02-13,[94120, 96090],71-75 Shelton Street London United Kingdom WC2H 9JQ
GOLDCROSS GROUP LIMITED,16251195,active,ltd,,,2025-02-13,,2025-02-13,[64209],11 Sunnyhill House 3-7 Sunnyhill Road London United Kingdom SW16 2UG
SUPERSTAR SCRUM MASTER LIMITED,16251390,active,ltd,,,2025-02-13,,2025-02-13,[62020],5 Brook Gardens London England E4 9ER
FLOORING BROTHERS LTD,16251847,active,ltd,,,2025-02-14,,2025-02-14,[43330],13 Arnos Grove Court London England N11 1RA
WELLBEING DELIVERED LTD,16251858,active,ltd,,,2025-02-14,,2025-02-14,[86900],71-75 Shelton Street London United Kingdom WC2H 9JQ
TEDIVERSE LTD,16252285,active,ltd,,,2025-02-14,,2025-02-14,[58290],71-75 Shelton Street London United Kingdom WC2H 9JQ
GLASSIC LIMITED,16244544,active,ltd,,,2025-02-11,,2025-02-11,[99999],Company-For-Sale.Co.Uk 411 Oxford Street London United Kingdom W1C 2PE
ESTO LTD,16242675,active,ltd,,,2025-02-10,,2025-02-10,[99999],Company-For-Sale.Co.Uk 411 Oxford Street London United Kingdom W1C 2PE
GAMMA DEVELOPMENTS LIMITED,16252618,active,ltd,,,2025-02-14,,2025-02-14,[41202],5 Greenwich View Place London England E14 9NN
KLYCK MARKETING LTD,16252599,active,ltd,,,2025-02-14,,2025-02-14,[63990],22 Dicey Avenue London England NW2 6AT
IKIES LTD,16253802,active,ltd,,,2025-02-14,,2025-02-14,[68100, 68209],20 Wenlock Road London England N1 7GU
LONDON STATEGIC LTD,16253999,active,ltd,,,2025-02-14,,2025-02-14,[68100],3rd Floor, 86-90 Paul Street London United Kingdom EC2A 4NE
FORTIS AI LTD,16254391,active,ltd,,,2025-02-15,,2025-02-15,[62012],64 Nile Street London United Kingdom N1 7SR
TIKOMOBILE LTD,16256030,active,ltd,,,2025-02-17,,2025-02-17,[62090],86-90 Paul Street London England EC2A 4NE
MASON & EDWARDS LTD,16256397,active,ltd,,,2025-02-17,,2025-02-17,[70229],53 Netherwood Road London England W14 0BP
RD MATTHEWS INVESTMENTS LTD,16250622,active,ltd,,,2025-02-13,,2025-02-13,[68100],71-75 Shelton Street London United Kingdom WC2H 9JQ
ST MARYS LONDON PROPERTY LTD,16250761,active,ltd,,,2025-02-13,,2025-02-13,[68209],31 Blackbird Hilll London United Kingdom NW9 8RS
8 BELGRAVE LTD,16250742,active,ltd,,,2025-02-13,,2025-02-13,[68100, 68209],36 Overlea Road London England E5 9BG
LITTLE GEM FINE JEWELLERY LTD,16251356,active,ltd,,,2025-02-13,,2025-02-13,[47770],128 City Road London United Kingdom EC1V 2NX
SALEM SUPPORT LTD,16251364,active,ltd,,,2025-02-13,,2025-02-13,[86900, 87200, 87900, 88100],128 City Road London United Kingdom EC1V 2NX
ARDOS INVESTMENTS LIMITED,16251369,active,ltd,,,2025-02-13,,2025-02-13,[68100, 68209],Salisbury House London United Kingdom EC2M 5SQ
PROBE PROJECTS LIMITED,16251515,active,ltd,,,2025-02-13,,2025-02-13,[41202],5 Greenwich View Place London England E14 9NN
COUNTRYWIDE PROPERTY LIMITED,16251704,active,ltd,,,2025-02-14,,2025-02-14,[68209, 98000],809 Salisbury House 29 Finsbury Circus London United Kingdom EC2M 7AQ
PIPECOUK LTD,16251709,active,ltd,,,2025-02-14,,2025-02-14,[43220, 43999, 71129],3rd Floor, 86-90 Paul Street London England EC2A 4NE
AGILE MIND CONSULTING LIMITED,16251795,active,ltd,,,2025-02-14,,2025-02-14,[58290, 62012, 62020],71-75 Shelton Street London United Kingdom WC2H 9JQ
ANGARA INNOVATIONS LTD,16251782,active,ltd,,,2025-02-14,,2025-02-14,[64209],71-75 Shelton Street London United Kingdom WC2H 9JQ
DIKA DESIGN LTD,16251779,active,ltd,,,2025-02-14,,2025-02-14,[47910, 62012, 70229, 73110],71-75 Shelton Street London United Kingdom WC2H 9JQ
LONDONWATCHMARKET LTD,16252575,active,ltd,,,2025-02-14,,2025-02-14,[47770, 47890, 47910],86-90 Paul Street London United Kingdom EC2A 4NE
COSULTHUB LIMITED,16252548,active,ltd,,,2025-02-14,,2025-02-14,[70229],3b First Avenue London England NW4 2RL
SEVENTEEN CITRINE CONSULTING LIMITED,16252559,active,ltd,,,2025-02-14,,2025-02-14,[70229],Flat 17 Citrine Apartments London England E3 5GF
GARDINERS LANE ENERGY LTD,16252593,active,ltd,,,2025-02-14,,2025-02-14,[41100],Suite 10 Chalkwell Lawns Westcliff-On-Sea United Kingdom SS0 9HR
NITRO TRADING UK LIMITED,16252586,active,ltd,,,2025-02-14,,2025-02-14,[47910],86-90 Paul Street London United Kingdom EC2A 4NE
FINCHLEY PRO LTD,16252598,active,ltd,,,2025-02-14,,2025-02-14,[68100],230a Golders Green Road London England NW11 9AT
SHORELINE HOSPITALITY LTD,16252945,active,ltd,,,2025-02-14,,2025-02-14,[56102, 56103],3rd Floor, 86-90 Paul Street London England EC2A 4NE
URQUHART & SMITH LIMITED,16253424,active,ltd,,,2025-02-14,,2025-02-14,[73110],69 Midhurst Road London United Kingdom W13 9XP
PD TEACH LTD,16253444,active,ltd,,,2025-02-14,,2025-02-14,[96090],30 Penny Brookes Street London England E15 1GP
STERLING CROWN DEVELOPMENTS LTD,16253700,active,ltd,,,2025-02-14,,2025-02-14,[68100],20 Wenlock Road London England N1 7GU
HAILIFANG UK LTD,16254398,active,ltd,,,2025-02-15,,2025-02-15,[46380, 56101, 56103, 56290],10 Coptic Street London England WC1A 1NH
NINAN HEALTH LIMITED,16255277,active,ltd,,,2025-02-17,,2025-02-17,[86210],Ramsay Brown Llp The Brentano Suite North Finchley United Kingdom N12 8QJ
ANNORA HOMES LTD,16255300,active,ltd,,,2025-02-17,,2025-02-17,[68100, 68209],20 Wenlock Road London England N1 7GU
HMY PRIME LTD,16255588,active,ltd,,,2025-02-17,,2025-02-17,[47990],Suite 2834 5 Brayford Square London United Kingdom E1 0SG
DESIGN CITY INTERIORS LIMITED,16255594,active,ltd,,,2025-02-17,,2025-02-17,[43390, 74100],32 Springfield London England E5 9AT
DETROIT STREET PRODUCTIONS LIMITED,16255912,active,ltd,,,2025-02-17,,2025-02-17,[59111],71 Queen Victoria Street London England EC4V 4BE
MANDALA YOGA LIMITED,16255897,active,ltd,,,2025-02-17,,2025-02-17,[93130],Avelings Amersham England HP7 9DL
BKS LILY LIMITED,16255881,active,ltd,,,2025-02-17,,2025-02-17,[59111],B K L House London England W2 1RR
AEC CONSTRUCTION GROUP LTD,16232625,active,ltd,,,2025-02-05,,2025-02-05,[41202],94 Stamford Hill London England N16 6XS
DEPREZZO PROPERTY SOLUTIONS LTD,16250850,active,ltd,,,2025-02-13,,2025-02-13,[68320],61 Woodside Avenue London United Kingdom SE25 5DW
MSP FUNDING LIMITED,16250845,active,ltd,,,2025-02-13,,2025-02-13,[64999],10th Floor 5 Churchill Place London United Kingdom E14 5HU
OPTICORE BUSINESS SERVICES LTD,16250955,active,ltd,,,2025-02-13,,2025-02-13,[82990],Office 11641 182-184 High Street North London United Kingdom E6 2JA
D&D SITE SERVICES LIMITED,16250964,active,ltd,,,2025-02-13,,2025-02-13,[70229],38 London Road Romford England RM4 1SP
B:HOME BIRMINGHAM LIMITED,16251224,active,ltd,,,2025-02-13,,2025-02-13,[43999, 68320],C/O Morgan Sindall Group Plc Kent House London United Kingdom W1W 8AJ
KEYRENT SOLUTIONS LTD,16251230,active,ltd,,,2025-02-13,,2025-02-13,[68310, 68320],167 - 169 Great Portland Street London England W1W 5PF
HARUKA TECHNOLOGY LIMITED,16251479,active,ltd,,,2025-02-13,,2025-02-13,[62020],71-75 Shelton Street London England WC2H 9JQ
MAGIC LAKE PICTURES LTD,16252236,active,ltd,,,2025-02-14,,2025-02-14,[58110, 59113],71-75 Shelton Street London United Kingdom WC2H 9JQ
QUEST ECOBUILD LIMITED,16252219,active,ltd,,,2025-02-14,,2025-02-14,[41202],5 Greenwich View Place London England E14 9NN
FAST PROPERTY MANAGEMENT LONDON LIMITED,16252220,active,ltd,,,2025-02-14,,2025-02-14,[68310],1 Mychell House London England SW19 2NN
GUARDIAN MANAGEMENT GROUP LTD,16252723,active,ltd,,,2025-02-14,,2025-02-14,[81100],20 Wenlock Road London England N1 7GU
MK SURVEYOR LTD,16252719,active,ltd,,,2025-02-14,,2025-02-14,[74901],9 Quantock Gardens London England NW2 1PJ
GYMBULLIES LTD,16253100,active,ltd,,,2025-02-14,,2025-02-14,[14190, 28940, 32300],128 City Road London United Kingdom EC1V 2NX
MAC & NATA STUDIOS LTD,16253466,active,ltd,,,2025-02-14,,2025-02-14,[71111],Suite 5, 5th Floor City Reach London England E14 9NN
STRATEGIC DIGITAL MARKETING LIMITED,16253483,active,ltd,,,2025-02-14,,2025-02-14,[62030],20 Wenlock Road London England N1 7GU
DIGITAL CONCERT MEDIA LTD,16253480,active,ltd,,,2025-02-14,,2025-02-14,[90020],C/O - Bigstar Business Management Ltd 303 The Pill Box London United Kingdom E2 6GH
JBM MART LTD,16253911,active,ltd,,,2025-02-14,,2025-02-14,[47110],187-189 London Road Sheffield England S2 4LJ
SUBZEEWALA LIMITED,16254039,active,ltd,,,2025-02-14,,2025-02-14,[47190, 47210],9 Poynder Lodge, Isleworth United Kingdom TW7 5AJ
SKIPPER HALAL BUTCHER LIMITED,16254913,active,ltd,,,2025-02-16,,2025-02-16,[47220],12-14 George Lane London England E18 2LY
SESAL ESTATES LTD,16255077,active,ltd,,,2025-02-16,,2025-02-16,[68310],6 Pentire Road London United Kingdom E17 4BZ
DWELLING PLACES CHILDREN'S HOME LTD,16255173,active,ltd,,,2025-02-17,,2025-02-17,[87200, 87900],218 Firhill Road London England SE6 3LL
MAKKAH SERVICES TRAVEL LTD,16255183,active,ltd,,,2025-02-17,,2025-02-17,[79110],20 Wenlock Road London England N1 7GU
WAGON CAFE LTD,16255670,active,ltd,,,2025-02-17,,2025-02-17,[56102],Wagon Cafe, 60 Drayton Park London United Kingdom N5 1ND
LG LONDON PROPERTY LIMITED,16255669,active,ltd,,,2025-02-17,,2025-02-17,[68100, 68201, 68209, 68320],34d Walton Street Knightsbridge England SW3 1RD
CAIQUE CONSULTING LTD,16255705,active,ltd,,,2025-02-17,,2025-02-17,[62020],20 Wenlock Road London England N1 7GU
INVESTCO SUB 1 LIMITED,16255695,active,ltd,,,2025-02-17,,2025-02-17,[68100],C/O 32 Castlewood Road London United Kingdom N16 6DW
G & E CONSULTANCY LIMITED,16256185,active,ltd,,,2025-02-17,,2025-02-17,[70229],87 Windsor Road London England N7 6JH
N&C HOME IMPROVEMENTS ELY LTD,16250494,active,ltd,,,2025-02-13,,2025-02-13,[43999],3rd Floor, 86-90 Paul Street London United Kingdom EC2A 4NE
JEFACE LTD,16250581,active,ltd,,,2025-02-13,,2025-02-13,[99999],Room B London United Kingdom E1 4XH
FAIRVIEW PROPERTIES LTD,16250704,active,ltd,,,2025-02-13,,2025-02-13,[68100, 68209],71-75 Shelton Street London England WC2H 9JQ
PAAK GROUP LTD,16250690,active,ltd,,,2025-02-13,,2025-02-13,[62012],20 Wenlock Road London England N1 7GU
MEZAGENT LTD,16251105,active,ltd,,,2025-02-13,,2025-02-13,[58290, 62012, 63110, 63120],71-75 Shelton Street London United Kingdom WC2H 9JQ
CAPA-DATA LIMITED,16247758,active,ltd,,,2025-02-12,,2025-02-12,[74909],167-169 Great Portland Street London, England W1W 5PF
REDBRICK ECOBUILD LIMITED,16251622,active,ltd,,,2025-02-13,,2025-02-13,[41202],5 Greenwich View Place London England E14 9NN
CAR DYNAMICS LIMITED,16251982,active,ltd,,,2025-02-14,,2025-02-14,[45310],71-75 Shelton Street London United Kingdom WC2H 9JQ
GHAFARI LTD,16251968,active,ltd,,,2025-02-14,,2025-02-14,[32120, 46480],71-75 Shelton Street London United Kingdom WC2H 9JQ
CONNICITY LTD,16251943,active,ltd,,,2025-02-14,,2025-02-14,[51101],71-75 Shelton Street London United Kingdom WC2H 9JQ
MAGHREB STYLE FOOD LIMITED,16252414,active,ltd,,,2025-02-14,,2025-02-14,[56290],203-205 The Vale London England W3 7QS
MOORHEY ENGINES LTD,16252879,active,ltd,,,2025-02-14,,2025-02-14,[45200],128 City Road London United Kingdom EC1V 2NX
JS-MENTORSHIPS LTD,16252880,active,ltd,,,2025-02-14,,2025-02-14,[85590],71-75 Shelton Street London United Kingdom WC2H 9JQ
D3 AUTO CARE LTD,16252871,active,ltd,,,2025-02-14,,2025-02-14,[45200],128 City Road London United Kingdom EC1V 2NX
SPACE ENTERTAINMENT ENTERPRISE (S.E.E.) LIMITED,16253147,active,ltd,,,2025-02-14,,2025-02-14,[59111, 59112, 59113, 60200],Suite 1, First Floor London United Kingdom W1W 6AN
STARLIT CONNECT LTD,16253120,active,ltd,,,2025-02-14,,2025-02-14,[46190, 46410, 46420, 46450],71-75 Shelton Street London United Kingdom WC2H 9JQ
NANGO BUSINESS LTD,16253373,active,ltd,,,2025-02-14,,2025-02-14,[47910, 47990],71-75 Shelton Street London United Kingdom WC2H 9JQ
OGDEN HOUSE TRUSTEES LIMITED,16253605,active,ltd,,,2025-02-14,,2025-02-14,[70100, 82110, 82190],5 Brayford Square London United Kingdom E1 0SG
BRETALON LTD,16253606,active,ltd,,,2025-02-14,,2025-02-14,[70221],71-75 Shelton Street London United Kingdom WC2H 9JQ
MOSST HOMES LTD,16253642,active,ltd,,,2025-02-14,,2025-02-14,[68100],71-75 Shelton Street London United Kingdom WC2H 9JQ
LUXURY BUILDERS LTD,16253615,active,ltd,,,2025-02-14,,2025-02-14,[41202],Flat 103 Blenheim Mansions 3 Mary Neuner Road London England N8 0EZ
AIVYAN SYSTEMS LIMITED,16253622,active,ltd,,,2025-02-14,,2025-02-14,[62012],4th Floor, Silverstream House London United Kingdom W1T 6EB
AIPATHS LTD,16254060,active,ltd,,,2025-02-14,,2025-02-14,[62012],167-169 Great Portland Street London England W1W 5PF
MARKET CAST LONDON LIMITED,16254285,active,ltd,,,2025-02-15,,2025-02-15,[47990],Flat 48 Peaberry Court London England NW4 4JE
HARBOUR BIDCO (UK) LIMITED,16232542,active,ltd,,,2025-02-05,,2025-02-05,[64209],33 Glasshouse Street London England W1B 5DG
NAMIRI LTD,16255070,active,ltd,,,2025-02-16,,2025-02-16,[46480, 47770],10 Waldstock Road London England SE28 8SF
READING BETWEEN THE LINES CONSULTANCY LTD,16255064,active,ltd,,,2025-02-16,,2025-02-16,[69202, 70221],7 Balfour Road London England W3 0DQ
ACCANTO CONSTRUCTION LTD,16255143,active,ltd,,,2025-02-17,,2025-02-17,[41201, 41202, 43999],7 Bell Yard London England WC2A 2JR
AATHINAMILAGI PRIVATE LIMITED,16255526,active,ltd,,,2025-02-17,,2025-02-17,[68100, 68209, 68320],4th Floor Office London England W1B 4HB
ILLUME BEAUTY LTD,16259321,active,ltd,,,2025-02-18,,2025-02-18,[96020],310 High Road London England N22 8JR
LOUNGERS PLACE LTD,16248711,active,ltd,,,2025-02-12,,2025-02-12,[47710],12 Shushan Close Northfield Road London England N16 5FB
CIARFELLA DESIGN STUDIO LTD,16228069,active,ltd,,,2025-02-04,,2025-02-04,[71111, 74100],124 City Road London England EC1V 2NX
LION GLOBAL MONEY LIMITED,16251763,active,ltd,,,2025-02-14,,2025-02-14,[74990],Enterprise House, First Floor London United Kingdom NW4 2HN
AWAYTOCREATE LIMITED,16251767,active,ltd,,,2025-02-14,,2025-02-14,[93290],Arc Club Earlsfield London United Kingdom SW18 4HA
DIVE IN IT SERVICES LTD,16231014,active,ltd,,,2025-02-05,,2025-02-05,[58290, 62020, 63990],71-75 Shelton Street London United Kingdom WC2H 9JQ
GLEX AI LTD,16252027,active,ltd,,,2025-02-14,,2025-02-14,[62012, 62020, 70229],71-75 Shelton Street London United Kingdom WC2H 9JQ
VECTOR ECOBUILD LIMITED,16252063,active,ltd,,,2025-02-14,,2025-02-14,[41202],5 Greenwich View Place London England E14 9NN
TECHCK CONSULTING LIMITED,16252066,active,ltd,,,2025-02-14,,2025-02-14,[62020],44 Hillyard Road London England W7 1BH
HRM GROUP HOLDINGS LTD,SC837741,active,ltd,,,2025-02-14,,2025-02-14,[64205],75 London Rd Kilmarnock United Kingdom KA3 7BP
ANIMAL INSIGHT LTD,16252468,active,ltd,,,2025-02-14,,2025-02-14,[58120],20 Wenlock Road London England N1 7GU
AKRIHA TECHNOLOGY LTD,16252767,active,ltd,,,2025-02-14,,2025-02-14,[46510, 47910, 62012],4 Raven Road, Unit 1c3-650 London United Kingdom E18 1HB
WISESIGNAL LTD,16253236,active,ltd,,,2025-02-14,,2025-02-14,[62090],71-75 Shelton Street London United Kingdom WC2H 9JQ
NOTIUS LTD,16253243,active,ltd,,,2025-02-14,,2025-02-14,[62012],128 City Road London United Kingdom EC1V 2NX
REBEAR PROPERTIES LTD,16253252,active,ltd,,,2025-02-14,,2025-02-14,[68100],34 Aldershot Road London England NW6 7LG
HIMSA LIMITED,16253567,active,ltd,,,2025-02-14,,2025-02-14,[47910],11 Meadows Close London England E10 7DH
SC BLAGS LTD,16253945,active,ltd,,,2025-02-14,,2025-02-14,[70229],Flat 6 Christie Court London England NW3 2AB
DAMAGE INK LTD,16254022,active,ltd,,,2025-02-14,,2025-02-14,[70229],39 Albion Street London England W2 2AU
TIFOSY HOLDCO NOMINEES LIMITED,16255126,active,ltd,,,2025-02-17,,2025-02-17,[64209],24 St. James's Square London United Kingdom SW1Y 4JH
SHIKEN LIMITED,16255128,active,ltd,,,2025-02-17,,2025-02-17,[62012],128 City Road London United Kingdom EC1V 2NX
STARII LABS LIMITED,16255205,active,ltd,,,2025-02-17,,2025-02-17,[96090],Suite 1, 7th Floor 50 Broadway London United Kingdom SW1H 0DB
VISTALABS AI LTD,16255839,active,ltd,,,2025-02-17,,2025-02-17,[62012, 62090, 63990],128 City Road London United Kingdom EC1V 2NX
PREMIUM LONDON REAL ESTATE LTD,16255843,active,ltd,,,2025-02-17,,2025-02-17,[68209],918 London Road Thornton Heath England CR7 7PE
ILHAM EVENTS LTD,16255868,active,ltd,,,2025-02-17,,2025-02-17,[82302, 96090],128 City Road London United Kingdom EC1V 2NX
CYT BIM SOLUTIONS LTD,16256386,active,ltd,,,2025-02-17,,2025-02-17,[71122],3rd Floor, 86-90 Paul Street London England EC2A 4NE
PAY LESS FLEX MORE LTD,16256378,active,ltd,,,2025-02-17,,2025-02-17,[47910],128 City Road London United Kingdom EC1V 2NX
ARMITAGE ESTATES LTD,16256361,active,ltd,,,2025-02-17,,2025-02-17,[68209],20 Wenlock Road London England N1 7GU
ETERNALLY ROOTED REALTY LTD,16256360,active,ltd,,,2025-02-17,,2025-02-17,[68320],124 City Road, London United Kingdom EC1V 2NX
GLOBAL TRADE FINANCE LTD,16259186,active,ltd,,,2025-02-18,,2025-02-18,[64999, 70229],20 Wenlock Road London England N1 7GU
FURNITURE GALLERY LTD,16259204,active,ltd,,,2025-02-18,,2025-02-18,[47599],Shop 82 Craven Park Road London United Kingdom NW10 4AE
SET LDN TRAINING LTD,16260165,active,ltd,,,2025-02-18,,2025-02-18,[86900],2-8 Scrutton Street London England EC2A 4RT
BREAKTHEICEDRAMATHERAPY LIMITED,16260387,active,ltd,,,2025-02-18,,2025-02-18,[86220],203b Queens Road London England SE15 2NG
KAINAI LTD,16260401,active,ltd,,,2025-02-18,,2025-02-18,[47789],52 Burges Road London England E6 2BH
DALIDA LIMITED,16260380,active,ltd,,,2025-02-18,,2025-02-18,[47910],2nd Floor College House Ruislip, United Kingdom HA4 7AE
ISLINGTON RESIDENCE LTD,16260595,active,ltd,,,2025-02-18,,2025-02-18,[68100],160 Holmleigh Road London England N16 5PY
GG-236-585 LIMITED,16260591,active,ltd,,,2025-02-18,,2025-02-18,[68209],C/O Getground London England W6 0NB
MOJSMS LIMITED,16260954,active,ltd,,,2025-02-18,,2025-02-18,[61100, 61200, 62012, 63120],2a Connaught Avenue London United Kingdom E4 7AA
SWEET ETERNAL HOME LIMITED,16261249,active,ltd,,,2025-02-18,,2025-02-18,[68209],6 Estoria Close London United Kingdom SW2 2UP
SHOPUK LTD,16261414,active,ltd,,,2025-02-18,,2025-02-18,[47910],515 Katherine Road London United Kingdom E7 8DR
WOOF WOOF WALKS LTD,16262999,active,ltd,,,2025-02-19,,2025-02-19,[96090],Apartment 205 45 Holloway Road London England N7 8JW
IDCANOPY GROUP LTD,16262990,active,ltd,,,2025-02-19,,2025-02-19,[64209],71-75 Shelton Street London United Kingdom WC2H 9JQ
ORYZA JL LTD,16262993,active,ltd,,,2025-02-19,,2025-02-19,[68209],85 Great Portland Street London England W1W 7LT
ZINEW LTD,16259963,active,ltd,,,2025-02-18,,2025-02-18,[99999],Room B London United Kingdom E1 4XH
MINI SUNSHINES CHILDCARE SERVICES LTD,16260047,active,ltd,,,2025-02-18,,2025-02-18,[85100],82 Lowth Road Camberwell London United Kingdom SE5 9EX
CAPITAL 3 LTD,16260317,active,ltd,,,2025-02-18,,2025-02-18,[82990],104 Squires Lane London England N3 2AD
NOVAK GROWTH PARTNER LTD,16260294,active,ltd,,,2025-02-18,,2025-02-18,[58190, 62012, 96090],128 City Road London United Kingdom EC1V 2NX
MEDIOVATE SOLUTIONS LTD,16260688,active,ltd,,,2025-02-18,,2025-02-18,[73120],Office 11640 182-184 High Street North London United Kingdom E6 2JA
BOUTIQUE LION LTD,16260669,active,ltd,,,2025-02-18,,2025-02-18,[14110, 46160, 46420, 47710],50 Companyplanet Unit, Salisbury Road Hounslow / Greater London United Kingdom TW4 6JQ
DA SILVA SERVICES LTD,16260935,active,ltd,,,2025-02-18,,2025-02-18,[56210],Flat 13 190 Stockwell Park Road London England SW9 0FP
ATELIER LES 3 CHATS LIMITED,16261076,active,ltd,,,2025-02-18,,2025-02-18,[68100],89 Moring Road London England SW17 8DN
INDUSTRIAL AI TECH LTD,16261096,active,ltd,,,2025-02-18,,2025-02-18,[61900, 62012, 63110],20 Wenlock Road London England N1 7GU
DG MUSWELL LTD,16261088,active,ltd,,,2025-02-18,,2025-02-18,[96020, 96090],344 Muswell Hill Broadway London United Kingdom N10 1DJ
HEALTHY HAPPY DOG LTD,16261225,active,ltd,,,2025-02-18,,2025-02-18,[10860, 47910, 82920],124 City  Road London United Kingdom EC1V 2NX
YISKO ENTERPRISE LTD,16261327,active,ltd,,,2025-02-18,,2025-02-18,[68100],11 St. Andrew's Grove London England N16 5NF
ATTIGNAT LTD,16261695,active,ltd,,,2025-02-19,,2025-02-19,[70229],85 Great Portland Street London England W1W 7LT
EUROPA GROUP INTERNATIONAL LIMITED,16261672,active,ltd,,,2025-02-19,,2025-02-19,[70229],82 Carlyle Road London England W5 4BJ
LIMIT BREAK TECH LTD,16261770,active,ltd,,,2025-02-19,,2025-02-19,[62012],128 City Road London United Kingdom EC1V 2NX
REAL NATURA INTERNATIONAL LTD,16261765,active,ltd,,,2025-02-19,,2025-02-19,[46180, 46450, 47750],13 St. Swithin's Lane London England EC4N 8AL
THE BARNET LODGE LTD,16261748,active,ltd,,,2025-02-19,,2025-02-19,[96020],23a The Precinct Waterlooville United Kingdom PO7 7DT
THE CIRCLESAPP LTD,16261799,active,ltd,,,2025-02-19,,2025-02-19,[62012, 63120],71-75 Shelton Street London United Kingdom WC2H 9JQ
RLA MARINE ELECTRICAL LTD,16261806,active,ltd,,,2025-02-19,,2025-02-19,[43210, 71129],23a The Precinct Waterlooville United Kingdom PO7 7DT
ANKOR HOLDINGS LIMITED,16261835,active,ltd,,,2025-02-19,,2025-02-19,[64203],124 City Road London United Kingdom EC1V 2NX
CRM PULSE LTD,16261810,active,ltd,,,2025-02-19,,2025-02-19,[62020],Flat 49 Spencer Court London United Kingdom SW20 0QW
MOLECULAR TWINS LTD,16261824,active,ltd,,,2025-02-19,,2025-02-19,[70229, 72110, 72190],71-75 Shelton Street London United Kingdom WC2H 9JQ
NEATSPACE SOLUTIONS LIMITED,16262027,active,ltd,,,2025-02-19,,2025-02-19,[81210, 81229, 81291],71-75 Shelton Street London England WC2H 9JQ
ZER ONE CO LTD,16262024,active,ltd,,,2025-02-19,,2025-02-19,[62090, 64999, 66300, 73110],71-75 Shelton Street London United Kingdom WC2H 9JQ
LEND BRAZIL LTD,16261992,active,ltd,,,2025-02-19,,2025-02-19,[64209],5 New Street Square London United Kingdom EC4A 3TW
AAH LIMITED,16261996,active,ltd,,,2025-02-19,,2025-02-19,[68100, 68209],9 Station Road London England SE25 5AH
PERFECT SHINE CLEANING SERVICES LTD,16261981,active,ltd,,,2025-02-19,,2025-02-19,[81299],64 Dongola Road London England N17 6EE
3DV SOLUTIONS LTD,16261979,active,ltd,,,2025-02-19,,2025-02-19,[62012],Flat 3 80 Eaton Place London United Kingdom SW1X 8AU
ADS ECM LTD,16261986,active,ltd,,,2025-02-19,,2025-02-19,[73110],Office 11597 182-184 High Street North London United Kingdom E6 2JA
STARMED SOLUTIONS LTD,16262326,active,ltd,,,2025-02-19,,2025-02-19,[70229],167-169 Great Portland Street, Fifth Floor London England W1W 5PF
PALOMEDES UK, LTD,16262522,active,ltd,,,2025-02-19,,2025-02-19,[68100],2nd Floor Connaught House, 1-3 Mount Street London United Kingdom W1K 3NB
BALLER LINK UP LIMITED,16262550,active,ltd,,,2025-02-19,,2025-02-19,[85510],49 Battersby Road London England SE6 1SA
BARNES ROFFE PROBATE LIMITED,16262555,active,ltd,,,2025-02-19,,2025-02-19,[69201],Leytonstone House London England E11 1GA
M R SKIN LIMITED,16262541,active,ltd,,,2025-02-19,,2025-02-19,[86900],Studio 8, 229 Shoreditch High Street London England E1 6PJ
ROCR ENDEAVOURS LTD,16262576,active,ltd,,,2025-02-19,,2025-02-19,[68100, 68209, 68320],124 City Road London United Kingdom EC1V 2NX
CONTROLTECH SOLUTIONS LTD,16262900,active,ltd,,,2025-02-19,,2025-02-19,[71121],3rd Floor, 86-90 Paul Street London England EC2A 4NE
CODERACK LIMITED,16262889,active,ltd,,,2025-02-19,,2025-02-19,[62090, 63120],128 City Road London United Kingdom EC1V 2NX
CIPURE LTD,16262912,active,ltd,,,2025-02-19,,2025-02-19,[99999],Room E London United Kingdom E1 4XH
FRAGRANCE 313 LTD,16263040,active,ltd,,,2025-02-19,,2025-02-19,[46450, 47910],75 Uamvar Street London England E14 6QY
HASONHAIR LTD,16259903,active,ltd,,,2025-02-18,,2025-02-18,[96020],Flat 4 Bryanston House London England SE15 5DX
THE WORK PROJECT LONDON LTD,16260224,active,ltd,,,2025-02-18,,2025-02-18,[68310],4th Floor 399-401 Strand London United Kingdom WC2R 0LT
PROPERTIES PI LTD,16260512,active,ltd,,,2025-02-18,,2025-02-18,[68100],20 Wenlock Road London England N1 7GU
MANISH CATERING LTD,16260713,active,ltd,,,2025-02-18,,2025-02-18,[56102],98 Commercial Road London England E1 1NU
FIRMA (CLA) LIMITED,16260710,active,ltd,,,2025-02-18,,2025-02-18,[82990],First Floor Winston House London United Kingdom N3 1DH
STRATEGIX DIGITAL LTD,16260876,active,ltd,,,2025-02-18,,2025-02-18,[46140, 46220, 46499, 62012],71-75 Shelton Street London United Kingdom WC2H 9JQ
DATAPROTECT CYBERSECURITY AND COMPLIANCE LTD,16260895,active,ltd,,,2025-02-18,,2025-02-18,[64209],4th Floor Office London England W1B 4HB
THIRDI LETTINGS AND MANAGEMENT COMPANY LTD,16260896,active,ltd,,,2025-02-18,,2025-02-18,[68209],22 Albert Embankment London United Kingdom SE1 7GR
CONVIBE LTD,16261192,active,ltd,,,2025-02-18,,2025-02-18,[62012, 62020, 73110],128 City Road London United Kingdom EC1V 2NX
BALDILOCKS INVESTMENTS LIMITED,16261388,active,ltd,,,2025-02-18,,2025-02-18,[68100, 68201, 68209, 68320],Flat 1 1 Rick Roberts Way London England E15 2FP
ZS STUDIO INVESTMENTS LIMITED,16261380,active,ltd,,,2025-02-18,,2025-02-18,[68100, 68209],69a Warner Road London England SE5 9NE
TRAINERFLOW LTD,16261381,active,ltd,,,2025-02-18,,2025-02-18,[62012, 63120, 85590],86-90 Paul Street London England EC2A 4NE
TRAVEL WITH GLOBAL LTD,16261449,active,ltd,,,2025-02-19,,2025-02-19,[63990, 73110, 79110, 90030],109 Great Russell Street London England WC1B 3LD
WALLER HOLDCO LIMITED,16261467,active,ltd,,,2025-02-19,,2025-02-19,[64209],15 Hoopers Yard Kimberley Road London England NW6 7EJ
DANDY HOLDCO LIMITED,16261468,active,ltd,,,2025-02-19,,2025-02-19,[64209],15 Hoopers Yard Kimberley Road London England NW6 7EJ
BUILDING & REMODELLING LTD,16261498,active,ltd,,,2025-02-19,,2025-02-19,[41202],Flat 2 261 London United Kingdom N15 4RR
STRIPY TIGER LTD,16261494,active,ltd,,,2025-02-19,,2025-02-19,[70229],Solo House The Courtyard Horsham United Kingdom RH12 1AT
ST ANTHONY'S GROUP LIMITED,16261496,active,ltd,,,2025-02-19,,2025-02-19,[68209, 96090],1 31 Elizabeth Street London United Kingdom SW1W 9RP
NAILS DE ANGEL LIMITED,16261492,active,ltd,,,2025-02-19,,2025-02-19,[96020],513 London Road Sutton England SM3 8JR
AMLANDSOLUTIONS LTD,16261535,active,ltd,,,2025-02-19,,2025-02-19,[68310],20 Wenlock Road London England N1 7GU
SKEPASTIANOS LTD,16261635,active,ltd,,,2025-02-19,,2025-02-19,[86220],1066 High Road London England N20 0FS
DREAMSCAPE GARDENS LTD,16261662,active,ltd,,,2025-02-19,,2025-02-19,[43290, 81300],23a The Precinct Waterlooville United Kingdom PO7 7DT
THE LICENSING COMPANY LTD,16261646,active,ltd,,,2025-02-19,,2025-02-19,[90020, 90040, 93210],20 Denmark Street London United Kingdom WC2H 8NE
TEA-TITUDE LTD,16261845,active,ltd,,,2025-02-19,,2025-02-19,[56102],Flat 2805 Maine Tower 9 Harbour Way London England E14 9DN
THE MINDFUL PARENTING COACH LIMITED,16261936,active,ltd,,,2025-02-19,,2025-02-19,[85590, 96090],Devonshire House Stanmore England HA7 1JS
BL PRODUCTIONS LTD,16261948,active,ltd,,,2025-02-19,,2025-02-19,[90020],216 Camden Road London England NW1 9HG
HS DIGITAL SOLUTIONS LTD,16262038,active,ltd,,,2025-02-19,,2025-02-19,[62012, 62020, 62090, 63110],128 City Road London United Kingdom EC1V 2NX
WIND WALKERS UK LIMITED,16262083,active,ltd,,,2025-02-19,,2025-02-19,[43999],Lymore Villa, 162a London Road Newcastle Under Lyme United Kingdom ST5 7JB
CONSCIOUS EVOLVERS LTD,16262232,active,ltd,,,2025-02-19,,2025-02-19,[47910],Flat 18, Stag House, 32a Stroud Crescent London England SW15 3BH
MENS NETWORK LTD,16262214,active,ltd,,,2025-02-19,,2025-02-19,[62090, 88990],20 Wenlock Road London England N1 7GU
ESA HALL PROPERTY LTD,16262387,active,ltd,,,2025-02-19,,2025-02-19,[68201, 68209],145 Sandhurst Road, London England SE6 1UR
UK DEDICATED ANIMAL CARERS & TRAINERS LTD,16262669,active,ltd,,,2025-02-19,,2025-02-19,[01490],96 Dresden Road London England N19 3BQ
CRYSTAL KITCHEN KEBAB LTD,16262710,active,ltd,,,2025-02-19,,2025-02-19,[10850, 56290],31-33 High Street London England SE20 7HJ
A&N BAKERY LTD,16262936,active,ltd,,,2025-02-19,,2025-02-19,[56290],19 James Lane London England E10 6HZ
PROGUARD ARMOUR SECURITY LTD,16262911,active,ltd,,,2025-02-19,,2025-02-19,[80100],Ph House Hendon United Kingdom NW4 3XU
QINGHE BOR LTD,16263231,active,ltd,,,2025-02-19,,2025-02-19,[46450],29463 Office Suite 29a, 3/F., 23 Wharf Street, London England SE8 3GG
TRUE VIEW CONSULTING LTD,16259566,active,ltd,,,2025-02-18,,2025-02-18,[61900, 62020, 63990, 70229],115 London Road Morden England SM4 5HP
FIRE.STOP.LEM LTD,16259558,active,ltd,,,2025-02-18,,2025-02-18,[84250],Flat 1 190 Merton Road London England SW19 1EG
BA LAND & BUILDINGS LIMITED,16259435,active,ltd,,,2025-02-18,,2025-02-18,[68100, 68201, 68209],Flat 9 73a Drayton Park London England N5 1DW
BSYY LIMITED,16259874,active,ltd,,,2025-02-18,,2025-02-18,[68209],19 Valerian Way London England E15 3DF
GES TECHNOLOGIES LTD,16259875,active,ltd,,,2025-02-18,,2025-02-18,[71121, 71129],128 City Road London United Kingdom EC1V 2NX
LYCHI LTD,16260106,active,ltd,,,2025-02-18,,2025-02-18,[55209, 79110],Flat 1 536 Garratt Lane London United Kingdom SW17 0NY
AVATEK LTD,16260108,active,ltd,,,2025-02-18,,2025-02-18,[58290, 62012],71-75 Shelton Street London United Kingdom WC2H 9JQ
EXR PROPERTY SOLUTIONS LTD,16260117,active,ltd,,,2025-02-18,,2025-02-18,[68100, 68310],20 Wenlock Road London England N1 7GU
FIJI OFFICES LTD,16260912,active,ltd,,,2025-02-18,,2025-02-18,[82990],Heron House London England E6 2JG
THE 568 LTD,16261335,active,ltd,,,2025-02-18,,2025-02-18,[59111, 62012, 63120],83 Brudenell Road London England SW17 8DD
ASLAN HOMES LIMITED,16262791,active,ltd,,,2025-02-19,,2025-02-19,[68209],2nd Floor, Elscot House, Arcadia Avenue London United Kingdom N3 2JU
THE EDITION MOTOR GROUP LTD,16263124,active,ltd,,,2025-02-19,,2025-02-19,[45112, 45190, 45200],20 Wenlock Road London England N1 7GU
GIGABYTE STUDIO LTD,16263128,active,ltd,,,2025-02-19,,2025-02-19,[90030, 93290],71-75 Shelton Street London United Kingdom WC2H 9JQ
RBK LDN LTD,16259509,active,ltd,,,2025-02-18,,2025-02-18,[98000],58 Newton Avenue London England W3 8AL
MOLLYCULE LTD,16259692,active,ltd,,,2025-02-18,,2025-02-18,[62012],Office 11724 182-184 High Street North London England E6 2JA
GUIDED BY NINJA LIMITED,16259529,active,ltd,,,2025-02-18,,2025-02-18,[96090],128 City Road London United Kingdom EC1V 2NX
NORCA LTD,16259461,active,ltd,,,2025-02-18,,2025-02-18,[14190],128 City Road London United Kingdom EC1V 2NX
METAL MORPH LTD,16235318,active,ltd,,,2025-02-06,,2025-02-06,[20130, 39000],Ashmere Grove Flat 1 London England SW2 5UJ
FLUENTIAM LIMITED,16261438,active,ltd,,,2025-02-19,,2025-02-19,[58290, 62011],Flat 9 Mourne House London England NW3 5SL
50 WEST LONDON LTD,16262447,active,ltd,,,2025-02-19,,2025-02-19,[98000],49 South Molton Street London England W1K 5LH
JCC CONSULTING LIMITED,16262773,active,ltd,,,2025-02-19,,2025-02-19,[70229],Suite 609 - Britannia House 1-11 Glenthorne Road London United Kingdom W6 0LH
CEDAR LAKE PROPERTY LTD,16263078,active,ltd,,,2025-02-19,,2025-02-19,[68100, 68209],86-90 Paul Street London England EC2A 4NE
NOESIS INNOVATION LTD,16263075,active,ltd,,,2025-02-19,,2025-02-19,[70229],Apartment 5 6 Barrington Road London England SW9 7DP
RSA FEATURES LIMITED,16259945,active,ltd,,,2025-02-18,,2025-02-18,[59111, 59112, 59120],42-44 Beak Street London England W1F 9RH
MALINA HOMES LIMITED,16259989,active,ltd,,,2025-02-18,,2025-02-18,[68209],C/O Getground London England W6 0NB
MARK SCRUTON DESIGN LTD,16260451,active,ltd,,,2025-02-18,,2025-02-18,[59111],Wellington House London Colney United Kingdom AL2 1HA
OCTOPUS88 LTD,16260975,active,ltd,,,2025-02-18,,2025-02-18,[43290],Flat 2 Ethelburga Tower London England SW11 4AD
CAFFE TERRAZZO LIMITED,16251930,active,ltd,,,2025-02-14,,2025-02-14,[56102],1 Manor Road London England W13 0LH
TJ VIRAL LTD,16260976,active,ltd,,,2025-02-18,,2025-02-18,[96090],128 City Road London United Kingdom EC1V 2NX
PLEASANT PROPERTY HOLDINGS LTD,16260972,active,ltd,,,2025-02-18,,2025-02-18,[68100, 68320],23 Sewell Road London England SE2 9XN
API CAMPUS BUILDING INVESTMENTS LIMITED,16261036,active,ltd,,,2025-02-18,,2025-02-18,[99999],29 York Street London United Kingdom W1H 1EZ
MJW HEATING LTD,16261040,active,ltd,,,2025-02-18,,2025-02-18,[43220],128 City Road London United Kingdom EC1V 2NX
GLORIA GULF LTD,16261050,active,ltd,,,2025-02-18,,2025-02-18,[73110],128 City Road London United Kingdom EC1V 2NX
CHRIS MCCOSH SERVICES LTD,16261265,active,ltd,,,2025-02-18,,2025-02-18,[78300],27 Montgomery Road London England W4 5LZ
JJI AUTO LTD,16261254,active,ltd,,,2025-02-18,,2025-02-18,[45112],26 Riverside Road London England E15 2RG
CANMOOR LAND 7 LIMITED,16261309,active,ltd,,,2025-02-18,,2025-02-18,[68320],Dover House London England W1S 4NG
MULTI MANAGEMENT LTD,16261427,active,ltd,,,2025-02-18,,2025-02-18,[43999, 68320, 98000],3rd Floor, 86-90 Paul Street London United Kingdom EC2A 4NE
PETRACO LTD,16259843,active,ltd,,,2025-02-18,,2025-02-18,[41100],Ground Floor, Victor House London Colney England AL2 1BJ
APEX (EDB) NOMINEES LIMITED,16259890,active,ltd,,,2025-02-18,,2025-02-18,[64999],4th Floor 140 Aldersgate Street London United Kingdom EC1A 4HY
YELVERTON PROPERTIES GROUP HOLDINGS LIMITED,16260344,active,ltd,,,2025-02-18,,2025-02-18,[68100],35 Ballards Lane London United Kingdom N3 1XW
1 FORTISCONSTRUCT LTD,16260547,active,ltd,,,2025-02-18,,2025-02-18,[41202],45 Woodcote Avenue London England NW7 2PG
YAA UKHTI LIMITED,16260694,active,ltd,,,2025-02-18,,2025-02-18,[47820],458 Robeson Street London England E3 4JA
SOCBOOST LTD,16260700,active,ltd,,,2025-02-18,,2025-02-18,[62012],86-90 Paul Street London England EC2A 4NE
BAZZI LIMITED,16260850,active,ltd,,,2025-02-18,,2025-02-18,[99999],37 Granville Road Hayes United Kingdom UB3 4PL
WE FURNISH UK LTD,16260998,active,ltd,,,2025-02-18,,2025-02-18,[47599, 47890, 47910, 47990],20 Wenlock Road London England N1 7GU
NURTURE TRIBE LTD,16261127,active,ltd,,,2025-02-18,,2025-02-18,[86900],4th Floor, Silverstream House, London England W1T 6EB
JRM HEALTHCARE LTD,16261161,active,ltd,,,2025-02-18,,2025-02-18,[86101],71-75 Shelton Street London United Kingdom WC2H 9JQ
AFFLUENCE'S LONDON LTD,16262111,active,ltd,,,2025-02-19,,2025-02-19,[56101],46 Camden Road London England NW1 9DR
EMERALD SHORES LTD,16262135,active,ltd,,,2025-02-19,,2025-02-19,[68310],71-75 Shelton Street London United Kingdom WC2H 9JQ
DEFINING MOTION LTD,16262097,active,ltd,,,2025-02-19,,2025-02-19,[47640],71-75 Shelton Street London United Kingdom WC2H 9JQ
DIRECT SUPPLIERS LTD,16262104,active,ltd,,,2025-02-19,,2025-02-19,[47910, 47990],71-75 Shelton Street London United Kingdom WC2H 9JQ
T.PAUL TRANSPORT LTD,16262439,active,ltd,,,2025-02-19,,2025-02-19,[49410],20 Wenlock Road London England N1 7GU
DIAMONDZCOUTURE LIMITED,16262406,active,ltd,,,2025-02-19,,2025-02-19,[46160, 47990],15 Curnick's Lane London England SE27 0UT
JMG ESTATES LTD,16262614,active,ltd,,,2025-02-19,,2025-02-19,[68209],Flat 18 The Gardens London England E5 9AZ
OPULANTIA LIMITED,16262641,active,ltd,,,2025-02-19,,2025-02-19,[88910],33 Oslac Road London England SE6 3QB
DIGITAL MEDIA RESOURCES LIMITED,16262833,active,ltd,,,2025-02-19,,2025-02-19,[62030],95 Wilton Road, Suite 718 London United Kingdom SW1V 1BZ
CASI INVEST LIMITED,16263110,active,ltd,,,2025-02-19,,2025-02-19,[68100],23 Priory Close London England N14 4AW
TEG NOMINEES LIMITED,16263109,active,ltd,,,2025-02-19,,2025-02-19,[64304],128 City Road London United Kingdom EC1V 2NX
LIGHT LIFE LIMITED,16263280,active,ltd,,,2025-02-19,,2025-02-19,[68100, 68209],115 Crowland Road London United Kingdom N15 6UR
CAPIMAX HOLDING LIMITED,16250665,active,ltd,,,2025-02-13,,2025-02-13,[64205, 64303, 64910, 64922],128 City Road London United Kingdom EC1V 2NX
UNDERPIN TECHNOLOGIES LTD,16250639,active,ltd,,,2025-02-13,,2025-02-13,[62090, 63110],71-75 Shelton Street London United Kingdom WC2H 9JQ
ETERNA RESIDENCE LTD,16251060,active,ltd,,,2025-02-13,,2025-02-13,[68100],The Sati Room London England W1G 0JR
AVANGARD CONSULTANCY LIMITED,16251084,active,ltd,,,2025-02-13,,2025-02-13,[70229, 82990],98 Great North Road London United Kingdom N2 0NL
SAN SAILING LTD,16251454,active,ltd,,,2025-02-13,,2025-02-13,[99999],27 Old Gloucester Street London United Kingdom WC1N 3AX
JEN PORTSMOUTH LTD,16251434,active,ltd,,,2025-02-13,,2025-02-13,[68100],63a Elm Park Avenue London England N15 6UN
ROBERTSON LETTINGS & INVESTMENTS LTD,16251439,active,ltd,,,2025-02-13,,2025-02-13,[68100, 68209],128 City Road London United Kingdom EC1V 2NX
BAYTI CONSULTANCY LTD,16251460,active,ltd,,,2025-02-13,,2025-02-13,[68320, 70229],61 High Road London England NW10 2SU
MAVEN LITERARY MANAGEMENT LIMITED,16252348,active,ltd,,,2025-02-14,,2025-02-14,[90030],Acre House London United Kingdom NW1 3ER
FIRST PLACE FP LTD,16252321,active,ltd,,,2025-02-14,,2025-02-14,[47820],52 Woodbrook Road London England SE2 0PF
KYZEN SOLUTIONS LTD,16252330,active,ltd,,,2025-02-14,,2025-02-14,[62020, 62090],71-75 Shelton Street London United Kingdom WC2H 9JQ
MAA FAUST LTD,16252715,active,ltd,,,2025-02-14,,2025-02-14,[43390],305k Clapham Road London England SW9 9BW
518 DAGENHAM GREEN LTD,16253049,active,ltd,,,2025-02-14,,2025-02-14,[68209],C/O Getground London England W6 0NB
GLOBAL SENSING SOLUTIONS UK LTD,16253407,active,ltd,,,2025-02-14,,2025-02-14,[71122],86-90 Paul Street London England EC2A 4NE
ARM CHAIR SPACE LTD,16253390,active,ltd,,,2025-02-14,,2025-02-14,[68209, 68320],20 Wenlock Road London England N1 7GU
JERKY WERKY'S CARIBBEAN LTD,16253729,active,ltd,,,2025-02-14,,2025-02-14,[56101],149 Balaam Street London England E13 8AF
VITBITS HEALTH LTD,16253732,active,ltd,,,2025-02-14,,2025-02-14,[10860],Flat 15 Sunnyhill Court London England NW4 4RB
BLISS BEAUTY STUDIO LTD,16254332,active,ltd,,,2025-02-15,,2025-02-15,[47750, 96020, 96090],157 Francis Road London England E10 6NT
WORLD COSMIC LTD,16254402,active,ltd,,,2025-02-15,,2025-02-15,[86220],284 Creighton Road London England N17 8JY
CANTO GARDENS LTD,16254504,active,ltd,,,2025-02-15,,2025-02-15,[41100],15 East Place London United Kingdom SE27 9JW
BONJOUR PARIS 1 LIMITED,16254501,active,ltd,,,2025-02-15,,2025-02-15,[68209],33 Dancer Road London England SW6 4DU
TRUPIN LTD,16254743,active,ltd,,,2025-02-16,,2025-02-16,[71129],167-169 Great Portland Street London United Kingdom W1W 5PF
SOUTHFIELDS ESTATES LTD,16255116,active,ltd,,,2025-02-17,,2025-02-17,[68100, 68209],40 Smithwood Close London United Kingdom SW19 6JL
YMNVN LTD,16255249,active,ltd,,,2025-02-17,,2025-02-17,[68209],79 Egerton Road London England N16 6UE
BETTER CALL TECH LTD,16255656,active,ltd,,,2025-02-17,,2025-02-17,[62012, 62020, 63110, 63120],71-75 Shelton Street London United Kingdom WC2H 9JQ
BY AMARA LTD,16255620,active,ltd,,,2025-02-17,,2025-02-17,[96020],71-75 Shelton Street London United Kingdom WC2H 9JQ
KALAND GROUP LIMITED,16255650,active,ltd,,,2025-02-17,,2025-02-17,[96090],71-75 Shelton Street London United Kingdom WC2H 9JQ
BREVAN LTD,16256104,active,ltd,,,2025-02-17,,2025-02-17,[25990, 43999, 45200, 47520],20 Wenlock Road London England N1 7GU
NEW PLACE FOR LTD,16256132,active,ltd,,,2025-02-17,,2025-02-17,[90030],11 Sanford Walk London England SE14 6NB
VAULT PT STUDIO LTD,16256615,active,ltd,,,2025-02-17,,2025-02-17,[93130],163 Oakwood Court London United Kingdom W14 8JT
ANAYA PROPERTY GROUP LTD,16256606,active,ltd,,,2025-02-17,,2025-02-17,[68100],5 Kite Place London United Kingdom E2 6NX
JOLLOF HOTPOT LIMITED,16229529,active,ltd,,,2025-02-04,,2025-02-04,[56290],1 Povey House London England SW2 2LR
METALVOL LTD,16270750,active,ltd,,,2025-02-24,,2025-02-24,[46690, 46720, 46750, 46760],2nd Floor College House Ruislip, United Kingdom HA4 7AE
RESEARCH SUMMITS LTD,16270762,active,ltd,,,2025-02-24,,2025-02-24,[56210, 62090, 63110, 74909],128 City Road London United Kingdom EC1V 2NX
CONCEPT LEGAL CONSULTANCIES LIMITED,16270763,active,ltd,,,2025-02-24,,2025-02-24,[69109],Tintagel House C/O Corpus Civilis Ltd London United Kingdom SE1 7TY
MORELLA RENTALS LTD,16270752,active,ltd,,,2025-02-24,,2025-02-24,[68209],C/O Getground London England W6 0NB
TUCKYN LIMITED,16270790,active,ltd,,,2025-02-24,,2025-02-24,[62090],71-75 Shelton Street London United Kingdom WC2H 9JQ
THATSUP LTD,16270865,active,ltd,,,2025-02-24,,2025-02-24,[63120],Sweden House London United Kingdom W1H 2AG
MAHROOF ENTERPRISES LTD,16270869,active,ltd,,,2025-02-24,,2025-02-24,[49320],124 City Road London United Kingdom EC1V 2NX
VINEYARDS DEVELOPMENT LIMITED,16270908,active,ltd,,,2025-02-24,,2025-02-24,[41100],Kings House 9-10 Haymarket London England SW1Y 4BP
5 STAR CLEANING & RUBBISH REMOVALS LTD,16270900,active,ltd,,,2025-02-24,,2025-02-24,[38110, 49420, 81299, 81300],94 Amersham Avenue London England N18 1DX
VERSDALE MANAGEMENT UK LTD,16270935,active,ltd,,,2025-02-24,,2025-02-24,[68209],21a Devonshire Street London United Kingdom W1G 6PD
FAMILY WISDOM LTD,16271091,active,ltd,,,2025-02-24,,2025-02-24,[99999],141 Somerset Gardens London United Kingdom N17 8JX
IMS ZONE MASONRY SUPPORT & INSULATION LTD,16271082,active,ltd,,,2025-02-24,,2025-02-24,[43290],Flat E London England WC1X 8UB
PRIME HEDGES LIMITED,16268911,active,ltd,,,2025-02-21,,2025-02-21,[46220],124 City Road, London, City Road London England EC1V 2NX
RISE AND LEAD INC LTD,16237070,active,ltd,,,2025-02-07,,2025-02-07,[70229, 82302, 82990],128 City Road London United Kingdom EC1V 2NX
SUBRUN LIMITED,16271702,active,ltd,,,2025-02-24,,2025-02-24,[68100],71 London Road Dover England CT17 0SR
OOI PROPERTY MANAGEMENT LTD,16271914,active,ltd,,,2025-02-24,,2025-02-24,[68320],20 Wenlock Road London England N1 7GU
KODA PRODUCTIONS LTD,16271918,active,ltd,,,2025-02-24,,2025-02-24,[59111],124 City Road London England EC1V 2NX
TAI TSUNG LIMITED,16271890,active,ltd,,,2025-02-24,,2025-02-24,[85510],26 Hillfield Park London England N21 3QH
RIVA STUDIO LTD,16271921,active,ltd,,,2025-02-24,,2025-02-24,[96090],6 Dornton Road London England SW12 9ND
SILENCE WHILST THEY SPEAK LIMITED,16271910,active,ltd,,,2025-02-24,,2025-02-24,[59200],Elsley Court London United Kingdom W1W 8BE
TASTE OF CHINA LTD,16272071,active,ltd,,,2025-02-24,,2025-02-24,[56103],29-30 Frith Street London England W1D 5LG
ANGLIA BUILDING CONTRACTORS LIMITED,16272046,active,ltd,,,2025-02-24,,2025-02-24,[41202],71-75 Shelton Street London United Kingdom WC2H 9JQ
HOLISTIX CARE LIMITED,16272044,active,ltd,,,2025-02-24,,2025-02-24,[87200],Apartment 85 4 Riverlight Quays London United Kingdom SW11 8AA
RHIAN RAFTOPOULOS LTD,16272033,active,ltd,,,2025-02-24,,2025-02-24,[86220],110 Woolstone Road London England SE23 2TH
LOOPITA LTD,16272060,active,ltd,,,2025-02-24,,2025-02-24,[47990],3rd Floor, 86-90 Paul Street London United Kingdom EC2A 4NE
SMITHALICIOUS CAKES LTD,16272465,active,ltd,,,2025-02-24,,2025-02-24,[56290],71-75 Shelton Street London United Kingdom WC2H 9JQ
MCKENNAX LIMITED,16272472,active,ltd,,,2025-02-24,,2025-02-24,[73110],Flat 27, Sonning House London United Kingdom E2 7LB
HAMPTONVILLE HOLDINGS LTD,16272485,active,ltd,,,2025-02-24,,2025-02-24,[64209, 73110],128 City Road London United Kingdom EC1V 2NX
UPCYCLE BIKES LTD,16244838,active,ltd,,,2025-02-11,,2025-02-11,[47640],57 Stroud Green Road London England N4 3EG
AWARDSAPP LIMITED,16272711,active,ltd,,,2025-02-24,,2025-02-24,[62090],8 Ainsdale Road London England W5 1JX
KNIGHTS-TILE LTD,16272920,active,ltd,,,2025-02-24,,2025-02-24,[46410, 47510, 62020, 70229],167-169 Great Portland Street London England W1W 5PF
WONDER FULL STORIES LTD,16272915,active,ltd,,,2025-02-24,,2025-02-24,[58110, 59112, 85520, 90030],31 Firefly Gardens London England E6 5YS
PASSIONATE ABOUT PROPERTY LTD,16272895,active,ltd,,,2025-02-24,,2025-02-24,[98000],4 St. Georges Square London England SW1V 2HP
CO2SUMPTION LTD,16273094,active,ltd,,,2025-02-24,,2025-02-24,[70210],6 Trinity Church Square London England SE1 4HU
INSPIRE CAREERS LTD,16273196,active,ltd,,,2025-02-24,,2025-02-24,[85590],71-75 Shelton Street London United Kingdom WC2H 9JQ
RICH THE CHEF LIMITED,16273394,active,ltd,,,2025-02-24,,2025-02-24,[56210],Flat 24 Temair House London England SE10 9JX
OSLER LIMITED,16273501,active,ltd,,,2025-02-24,,2025-02-24,[62020],Apartment 31 Berkeley Tower London England E14 8RP
NEXJEN CONSULTING LTD,16273578,active,ltd,,,2025-02-25,,2025-02-25,[70221],71-75 Shelton Street London United Kingdom WC2H 9JQ
RVA ENGINEERING LTD,16273571,active,ltd,,,2025-02-25,,2025-02-25,[25990],3rd Floor, 86-90 Paul Street London England EC2A 4NE
CASA3 LTD,16273705,active,ltd,,,2025-02-25,,2025-02-25,[68209],C/O Getground London England W6 0NB
NOVA TERRA CONSULTING LIMITED,16274016,active,ltd,,,2025-02-25,,2025-02-25,[71122],Apartment 55 11 Cleevedale Place London England SW4 9FJ
JAFFREY VENTURES LTD,16274115,active,ltd,,,2025-02-25,,2025-02-25,[47990],124 City Road London United Kingdom EC1V 2NX
TOSSCANO LTD,16274131,active,ltd,,,2025-02-25,,2025-02-25,[71129, 96090],71-75 Shelton Street London United Kingdom WC2H 9JQ
TOGETHERNESS RECORDS LTD,16274270,active,ltd,,,2025-02-25,,2025-02-25,[90030],7 Bell Yard London United Kingdom WC2A 2JR
NEYA TECHNOLOGIES LTD,16274268,active,ltd,,,2025-02-25,,2025-02-25,[62012],C/O Founders Law, 1 Hamilton House London United Kingdom EC4Y 0HA
VE1 CAV HOLDCO LIMITED,16274272,active,ltd,,,2025-02-25,,2025-02-25,[66300],C/O Visionedge One London United Kingdom W1J 7DZ
TIMEGAME LTD,16274491,active,ltd,,,2025-02-25,,2025-02-25,[99999],Company-For-Sale.Co.Uk, 411 Oxford Street London United Kingdom W1C 2PE
SOCKSESS LTD,16274499,active,ltd,,,2025-02-25,,2025-02-25,[47190],124-128 City Road London England EC1V 2NX
CATALYSTFM (UK) LIMITED,16274473,active,ltd,,,2025-02-25,,2025-02-25,[66300],C/O Buzzacott Llp London United Kingdom EC2V 6DL
OAKTING LTD,16275298,active,ltd,,,2025-02-25,,2025-02-25,[68209],Lower Ground Floor London United Kingdom N16 6NJ
MOKAPOT CAFE LTD,16275399,active,ltd,,,2025-02-25,,2025-02-25,[56102],Tottenham Green Leisure Centre, London England N15 4JA
NAUGHTY NAUGHTY LTD,16275381,active,ltd,,,2025-02-25,,2025-02-25,[47910],71-75 Shelton Street London United Kingdom WC2H 9JQ
EVENTZON LIMITED,16275712,active,ltd,,,2025-02-25,,2025-02-25,[90010, 90020],C/O The Accountancy Partnership Suite 5, 5th Floor, City Reach London United Kingdom E14 9NN
ETERNAL AURA LIMITED,16275723,active,ltd,,,2025-02-25,,2025-02-25,[62020],85 Great Portland Street, First Floor London England W1W 7LT
MAZ IN TECH LTD,16275706,active,ltd,,,2025-02-25,,2025-02-25,[62011, 62012, 71122, 74909],20 Wenlock Road London England N1 7GU
TAMALA FUNDERS LTD,16275901,active,ltd,,,2025-02-25,,2025-02-25,[66290],20 Wenlock Road London England N1 7GU
TITAN TAX ACCOUNTANTS LTD,16276125,active,ltd,,,2025-02-25,,2025-02-25,[69201, 69202],40 Westmere Drive London England NW7 3HE
BSD REALTY 2 LIMITED,16276161,active,ltd,,,2025-02-25,,2025-02-25,[68209],5 North End Road London England NW11 7RJ
QULIN COLLECTIVE VENTURES LTD,16276118,active,ltd,,,2025-02-25,,2025-02-25,[68100],205 Lavender Hill London England SW11 5TB
BK GB CONSTRUCTION LTD,16270229,active,ltd,,,2025-02-23,,2025-02-23,[43310, 43330, 43341],Flat 6 Sidlaw House London England N16 6HH
FARRINGDON ROAD KITCHEN LTD,16270391,active,ltd,,,2025-02-24,,2025-02-24,[56101, 56103],102-104 Farringdon Road London England EC1R 3EA
ZIZA PROPERTY GROUP LTD,16270386,active,ltd,,,2025-02-24,,2025-02-24,[82990],20 Wenlock Road London England N1 7GU
GISO WHOLE FOODS LTD,16254786,active,ltd,,,2025-02-16,,2025-02-16,[46341],Flat 48 Fletcher Buildings London England WC2B 5EU
NEW SUPPLY LIMITED,16257837,active,ltd,,,2025-02-17,,2025-02-17,[47789, 47910],210 Peckham Rye London England SE22 0LU
GABRIELLE PERMANENT MAKE UP LIMITED,16258967,active,ltd,,,2025-02-18,,2025-02-18,[86900, 96020],50 Goodge Street London United Kingdom W1T 4LY
HEARTH MOON GAMES LTD,16258567,active,ltd,,,2025-02-18,,2025-02-18,[62011],71-75 Shelton Street London United Kingdom WC2H 9JQ
QGH LTD,16259047,active,ltd,,,2025-02-18,,2025-02-18,[43220],5 Brayford Square London United Kingdom E1 0SG
AUXO ADVISORS LIMITED,16258207,active,ltd,,,2025-02-17,,2025-02-17,[62012, 70229],3rd Floor, 86-90 Paul Street London United Kingdom EC2A 4NE
ELITE ACCESS LDN LTD,16257157,active,ltd,,,2025-02-17,,2025-02-17,[70210],Flat 8 46 Old Compton Street London England W1D 4TZ
ENVISION BEYOND LIMITED,16257118,active,ltd,,,2025-02-17,,2025-02-17,[58290, 62012, 62020],128 City Road London United Kingdom EC1V 2NX
YORKSHIRE PRINT STORE LTD,16257368,active,ltd,,,2025-02-17,,2025-02-17,[47910],71-75 Shelton Street London United Kingdom WC2H 9JQ
WATERCASTLE CENTRUM LTD,16257518,active,ltd,,,2025-02-17,,2025-02-17,[68209],69 Watermint Quay London England N16 6DN
LEADGEN NORDICS LIMITED,16257798,active,ltd,,,2025-02-17,,2025-02-17,[62020],85 Great Portland Street London England W1W 7LT
HE5 N1 GUILDFORD 1 LIMITED,16256578,active,ltd,,,2025-02-17,,2025-02-17,[99999],7th Floor 50 Broadway London United Kingdom SW1H 0DB
PANEW LTD,16257748,active,ltd,,,2025-02-17,,2025-02-17,[99999],Flat 10 Hamilton Lodge 2 Cleveland Grove London United Kingdom E1 4XH
QNOVA LTD,16257578,active,ltd,,,2025-02-17,,2025-02-17,[62020, 70229],71-75 Shelton Street London United Kingdom WC2H 9JQ
MANN DIRECT LTD,16257688,active,ltd,,,2025-02-17,,2025-02-17,[47910],86-90 Paul Street London England EC2A 4NE
MELANIE LOVELL INTERIORS LTD,16257588,active,ltd,,,2025-02-17,,2025-02-17,[74100],71-75 Shelton Street London United Kingdom WC2H 9JQ
KRICKET COVENT GARDEN LTD,16258368,active,ltd,,,2025-02-17,,2025-02-17,[56101],12-14 Denman Street London England W1D 7HJ
GLOBAL POWER AWARDS UK LIMITED,16257899,active,ltd,,,2025-02-17,,2025-02-17,[90020, 90030],Suite G04 1 Quality Court, Chancery Lane London England WC2A 1HR
SHEIKH AUTOMOTIVE GROUP LTD,16257869,active,ltd,,,2025-02-17,,2025-02-17,[45112],49 Forest View Road London England E17 4EJ
WYSCOUT LTD,16257169,active,ltd,,,2025-02-17,,2025-02-17,[93199],20 Wenlock Road London England N1 7GU
MEJE PROPERTIES LTD,16259069,active,ltd,,,2025-02-18,,2025-02-18,[68100, 68209],3rd Floor, 86-90 Paul Street London England EC2A 4NE
FIRST ASSET MANAGEMENT LTD,16258699,active,ltd,,,2025-02-18,,2025-02-18,[68100, 68209, 68320, 98000],20 Wenlock Road London England N1 7GU
NEST HORIZON LTD,16258959,active,ltd,,,2025-02-18,,2025-02-18,[68100],Flat-32, Kitchen Court London England E10 5NZ
ZABIR BUILDERS LIMITED,16257369,active,ltd,,,2025-02-17,,2025-02-17,[41202],42 Summercourt Road London United Kingdom E1 0SQ
CHICHI'S TABLE LIMITED,16258559,active,ltd,,,2025-02-18,,2025-02-18,[56210],9 Sumburgh Road London England SW12 8AJ
HUDOL INVESTMENTS LIMITED,16258317,active,ltd,,,2025-02-17,,2025-02-17,[68100, 68209, 68320],119 Victoria Road London England N9 9BD
MALSCI HOLDING LTD,16257858,active,ltd,,,2025-02-17,,2025-02-17,[64209, 70229],20 Wenlock Road London England N1 7GU
BAD KNEE RUN CLUB LTD,16271027,active,ltd,,,2025-02-24,,2025-02-24,[47910],15 Montpelier Vale London England SE3 0TA
ATLAS STRENGTH AND PERFORMANCE LTD,16271354,active,ltd,,,2025-02-24,,2025-02-24,[86900],Flat 3 Keswick Hall London England SW15 2JT
GG-261-386 LIMITED,16271352,active,ltd,,,2025-02-24,,2025-02-24,[68209],C/O Getground London England W6 0NB
RICHKEN LTD,16271610,active,ltd,,,2025-02-24,,2025-02-24,[41100, 43999],34 Glenister Park Road London United Kingdom SW16 5DR
RANGREZABYZEESHAN LTD,16271768,active,ltd,,,2025-02-24,,2025-02-24,[47820],11 Crowborough Road London England SW17 9QB
CB MOVIES LIMITED,16271997,active,ltd,,,2025-02-24,,2025-02-24,[59111],27 Mortimer Street London England W1T 3BL
32 GREEN LANE LIMITED,16271965,active,ltd,,,2025-02-24,,2025-02-24,[68100],Flat 7 Gelman House London England N16 5FF
J T H FROUH LTD,16271972,active,ltd,,,2025-02-24,,2025-02-24,[41202],Flat 4 37- 41 High Street Harlesden United Kingdom NW10 4NE
TWICKENHAM HOUSE MAINTENANCE LIMITED,16272451,active,ltd,,,2025-02-24,,2025-02-24,[81210, 81299],13 Braid Avenue London United Kingdom W3 7TU
BOUTIQUE JOINERY LONDON LTD,16273077,active,ltd,,,2025-02-24,,2025-02-24,[16230],Unit 368b Chelsea Harbour London England SW10 0XE
ABLE OILTOOLS LTD,16273178,active,ltd,,,2025-02-24,,2025-02-24,[09100],71-75 Shelton Street London United Kingdom WC2H 9JQ
UROUTINE LTD,16273157,active,ltd,,,2025-02-24,,2025-02-24,[62012],66 Ladbroke Grove London England W11 2PB
HN EYE CLINIC LTD,16273257,active,ltd,,,2025-02-24,,2025-02-24,[47782, 86900],135b Stroud Green Road London England N4 3PX
ITALIYA LTD,16273608,active,ltd,,,2025-02-25,,2025-02-25,[46900, 47910],Suite10 Capital House London United Kingdom E8 1LL
MURR4Y CONSULTING LTD,16273863,active,ltd,,,2025-02-25,,2025-02-25,[70229],20 Wenlock Road London England N1 7GU
INTRAMIX SERVICES LTD,16273869,active,ltd,,,2025-02-25,,2025-02-25,[82990],20 Wenlock Road London England N1 7GU
CCCJPMGT LIMITED,16273852,active,ltd,,,2025-02-25,,2025-02-25,[68100],Flat 1 Dawson House London England SE5 8UR
CHALKLANE ADVISORS LTD,16273882,active,ltd,,,2025-02-25,,2025-02-25,[70229],167-169 Great Portland Street London England W1W 5PF
GET LOUD LIMITED,16274055,active,ltd,,,2025-02-25,,2025-02-25,[90010],94 Mercers Road London England N19 4PU
FORMA SYNC LTD,16274422,active,ltd,,,2025-02-25,,2025-02-25,[74909],71-75 Shelton Street London United Kingdom WC2H 9JQ
BUSINESS PODCASTS LIMITED,16274765,active,ltd,,,2025-02-25,,2025-02-25,[60200],6 South Molton Street London England W1K 5QF
H & M INTERIORS LTD,16274738,active,ltd,,,2025-02-25,,2025-02-25,[16230],1 London Road Ipswich England IP1 2HA
DARINYOGA LTD,16275220,active,ltd,,,2025-02-25,,2025-02-25,[85590],Flat 203 Xavier Building, 10 Westfield Avenue London United Kingdom E20 1NJ
FAKI YACHTING LTD,16275232,active,ltd,,,2025-02-25,,2025-02-25,[74990],35/37 Ludgate Hill London United Kingdom EC4M 7JN
THE FUTURE OF LAW GROUP LTD,16275236,active,ltd,,,2025-02-25,,2025-02-25,[62012],54 Juniper Crescent London England NW1 8HQ
PAPI REMOVALS & SERVICES LIMITED,16275820,active,ltd,,,2025-02-25,,2025-02-25,[38110, 49420],Flat 25 Gilesmead 79 Camberwell Church Street London England SE5 7LN
I M STEELFIXING LTD,16276088,active,ltd,,,2025-02-25,,2025-02-25,[41202],Unit 104 111 Power Road London United Kingdom W4 5PY
SJS INFRASTRUCTURE COMPANY LIMITED,16251416,active,ltd,,,2025-02-13,,2025-02-13,[41202],86-90 Paul Street Paul Street London England EC2A 4NE
CR NW PORTFOLIO 1HT LIMITED,16276093,active,ltd,,,2025-02-25,,2025-02-25,[70221],33 Cavendish Square London England W1G 0PW
TEZ TRADES LIMITED,16270219,active,ltd,,,2025-02-23,,2025-02-23,[47910],22 Pembroke Road London England N15 4NW
OYA PRODUCTIONS LTD,16270262,active,ltd,,,2025-02-23,,2025-02-23,[59113],17 Ainslie Wood Gardens London England E4 9BL
CHANJA DATTI UK LTD,16270423,active,ltd,,,2025-02-24,,2025-02-24,[38320],Flat 4 Kinefold House London England N7 9QD
VERTICAL SPEED LIMITED,16270487,active,ltd,,,2025-02-24,,2025-02-24,[33160, 71122],74 Salop Road London England E17 7HT
RTSJ PROPERTY LIMITED,16270492,active,ltd,,,2025-02-24,,2025-02-24,[68209],17 Pennine Parade Pennine Drive London United Kingdom NW2 1NT
PRIME NEST RENTALS LTD,16270478,active,ltd,,,2025-02-24,,2025-02-24,[68209],20 Wenlock Road London England N1 7GU
DREAMSCHOLAR LTD,16270484,active,ltd,,,2025-02-24,,2025-02-24,[63990, 82990, 85590, 85600],71-75 Shelton Street London United Kingdom WC2H 9JQ
LAYERED CREATIONS LIMITED,16257332,active,ltd,,,2025-02-17,,2025-02-17,[18129, 47910],3 Annandale Grove Greater London United Kingdom UB10 8TU
BEAGLE ASSOCIATES LTD,16257832,active,ltd,,,2025-02-17,,2025-02-17,[68100, 68209, 68320],23a The Precinct Waterlooville United Kingdom PO7 7DT
OUT OF THE NORM LTD,16258662,active,ltd,,,2025-02-18,,2025-02-18,[59112, 59120, 70210, 90010],20 Wenlock Road London England N1 7GU
SSS FOODIE LTD,16258402,active,ltd,,,2025-02-17,,2025-02-17,[56103],36 Chalcombe Road London England SE2 9QS
PHENOMENAL ELITE WRESTLING LTD,16257982,active,ltd,,,2025-02-17,,2025-02-17,[93290],3rd Floor, 86-90 Paul Street London United Kingdom EC2A 4NE
THE DRAMA DEPARTMENT LIMITED,16257902,active,ltd,,,2025-02-17,,2025-02-17,[59111, 59113],54 Hazelwood Lane London England N13 5HB
HALIFAX HOLDINGS 1 LIMITED,16259122,active,ltd,,,2025-02-18,,2025-02-18,[68100],Unit4 The Technology Park London United Kingdom NW9 6BX
ALNERO LTD,16257412,active,ltd,,,2025-02-17,,2025-02-17,[62090, 70229],71-75 Shelton Street London United Kingdom WC2H 9JQ
PROACTIVE INTERNATIONAL LTD,16258540,active,ltd,,,2025-02-18,,2025-02-18,[85600],13 Gainsborough Road London England E15 3AG
HANAH BY OLIVIA LTD,16257600,active,ltd,,,2025-02-17,,2025-02-17,[46160, 46420, 47710, 47820],128 City Road London United Kingdom EC1V 2NX
SAKINAH PROJECTS LTD,16258040,active,ltd,,,2025-02-17,,2025-02-17,[68209, 68320, 73110],85 Great Portland Street London England W1W 7LT
WARIS NIHARI HOUSE LTD,16258960,active,ltd,,,2025-02-18,,2025-02-18,[56103],23 Station Road London England N3 2SB
WATERMOUNT MANAGEMENT LTD,16257590,active,ltd,,,2025-02-17,,2025-02-17,[68320],71 Watermint Quay London England N16 6DN
KEENNEXUS LIMITED,16257650,active,ltd,,,2025-02-17,,2025-02-17,[58290],71-75 Shelton Street London United Kingdom WC2H 9JQ
JGM DECORATING, INTERIOR DESIGN & BUILD LTD,16259150,active,ltd,,,2025-02-18,,2025-02-18,[43320, 43341, 74100],84 Brookwood Road London England SW18 5BY
KRRE LTD,16257480,active,ltd,,,2025-02-17,,2025-02-17,[62020],71-75 Shelton Street London United Kingdom WC2H 9JQ
KSS PACKAGING LTD,16257641,active,ltd,,,2025-02-17,,2025-02-17,[46900],338a Regents Park Road London United Kingdom N3 2LN
TMM BUILDING CONSTRUCTION LTD,16257401,active,ltd,,,2025-02-17,,2025-02-17,[41202],44 Jade Close London United Kingdom E16 3TY
BARINGTON & LOWELL INVESTMENTS LTD,16258791,active,ltd,,,2025-02-18,,2025-02-18,[64301, 64304, 64306, 64999],20 Wenlock Road London England N1 7GU
N10.11 LTD,16258741,active,ltd,,,2025-02-18,,2025-02-18,[64209],20 Wenlock Road London England N1 7GU
KNOVATEK LTD.,16257671,active,ltd,,,2025-02-17,,2025-02-17,[62020, 62090, 63110, 63120],71-75 Shelton Street London United Kingdom WC2H 9JQ
SUREFLOW COMMUNICATIONS LTD,16258001,active,ltd,,,2025-02-17,,2025-02-17,[61900, 62020, 63990],2nd Floor College House Ruislip, United Kingdom HA4 7AE
FMAC COMMODITIES LTD,16256901,active,ltd,,,2025-02-17,,2025-02-17,[46190],Flat 1 53 Millbank London England SW1P 4RL
ASSETIVA HOLDINGS LIMITED,16256981,active,ltd,,,2025-02-17,,2025-02-17,[64209, 68320],45 Fitzroy Street London United Kingdom W1T 6EB
CBSH LIMITED,16257281,active,ltd,,,2025-02-17,,2025-02-17,[82990],128 City Road London United Kingdom EC1V 2NX
PLUTON LTD,16257620,active,ltd,,,2025-02-17,,2025-02-17,[58290, 62011, 62012],71-75 Shelton Street London United Kingdom WC2H 9JQ
