company_name,company_number,company_status,company_type,company_subtype,dissolution_date,incorporation_date,removed_date,registered_date,nature_of_business,registered_office_address
ELITE VENTURES GROUP LTD,16205509,active,ltd,,,2025-01-24,,2025-01-24,[47910],20 Wenlock Road London England N1 7GU
SOUNDSCAPE EVENT’S LTD,16205744,active,ltd,,,2025-01-24,,2025-01-24,[82301],3rd Floor, 86-90 Paul Street London England EC2A 4NE
NEBULUX LTD,16206059,active,ltd,,,2025-01-24,,2025-01-24,[47650],101 King's Cross Road London United Kingdom WC1X 9LP
LOVEFROMGIFTS LTD,16206260,active,ltd,,,2025-01-24,,2025-01-24,[47910],71-75 Shelton Street London United Kingdom WC2H 9JQ
GREEK KEY GROUP LTD,16206278,active,ltd,,,2025-01-24,,2025-01-24,[47190, 47910, 64209, 70229],71-75 Shelton Street London United Kingdom WC2H 9JQ
MOBILE EAR WAX CLINIC LTD,16206274,active,ltd,,,2025-01-24,,2025-01-24,[86900],20 Wenlock Road London England N1 7GU
VIP CHAUFFEUR HIRE LTD,16206510,active,ltd,,,2025-01-24,,2025-01-24,[49390],124 City  Road London United Kingdom EC1V 2NX
TALENT 24/7 LTD,16206496,active,ltd,,,2025-01-24,,2025-01-24,[99999],86-90 Paul Street London England EC2A 4NE
BRIGHT EQUITYCO LIMITED,16206493,active,ltd,,,2025-01-24,,2025-01-24,[64209],Bpp House, Aldine Place London United Kingdom W12 8AA
BRIGHT INTERMEDIATECO LIMITED,16206506,active,ltd,,,2025-01-24,,2025-01-24,[64209],Bpp House, Aldine Place London United Kingdom W12 8AA
POINTED UK LIMITED,16206684,active,ltd,,,2025-01-24,,2025-01-24,[68209],C/O Getground London England W6 0NB
INFINITY DR LTD,16206687,active,ltd,,,2025-01-24,,2025-01-24,[56101],35 Grafton Way London England W1T 5DB
AILAYZER LTD,16207215,active,ltd,,,2025-01-24,,2025-01-24,[62020],71-75 Shelton Street London United Kingdom WC2H 9JQ
YELFIN LTD,16207433,active,ltd,,,2025-01-24,,2025-01-24,[62020, 80200],20 Wenlock Road London England N1 7GU
GB PTP LTD,16207447,active,ltd,,,2025-01-24,,2025-01-24,[63120],20 Wenlock Road London England N1 7GU
SHALEM STATIONERY SOLUTIONS LTD,16207543,active,ltd,,,2025-01-24,,2025-01-24,[46900, 47990],71-75 Shelton Street London United Kingdom WC2H 9JQ
CONSERVATIVES IN FOREIGN POLICY LTD,16208153,active,ltd,,,2025-01-25,,2025-01-25,[82990],78 York Street London England W1H 1DP
LEGALISELINK LIMITED,16208240,active,ltd,,,2025-01-25,,2025-01-25,[69109, 74300, 82110, 82990],Mary Sumner House London United Kingdom SW1P 3RB
CATALYST COST SOLUTIONS LIMITED,16208549,active,ltd,,,2025-01-26,,2025-01-26,[74902],3rd Floor, 86-90 Paul Street London United Kingdom EC2A 4NE
15 THE UNDERWOOD LIMITED,16208845,active,ltd,,,2025-01-27,,2025-01-27,[68209],15 The Underwood London England SE9 3EP
MELVINA ROSE REAL ESTATE LIMITED,16208853,active,ltd,,,2025-01-27,,2025-01-27,[68100],62 Gresham Road London England NW10 9BY
LUXE MI LEATHERS LTD,16209061,active,ltd,,,2025-01-27,,2025-01-27,[46160, 47722],Flat 26 Woodlark Apartments London England NW9 7FA
COREBURG LTD.,16207870,active,ltd,,,2025-01-25,,2025-01-25,[62020, 68209],3rd Floor, 86-90 Paul Street London England EC2A 4NE
DUBANDR LTD,16209745,active,ltd,,,2025-01-27,,2025-01-27,[47910],415 High St. London United Kingdom E15 4QZ
VANGUARD LOGISTICS PRIVATE LIMITED,16210260,active,ltd,,,2025-01-27,,2025-01-27,[50200, 52290],Flat 29 Ammonite House 12 Flint Close London United Kingdom E15 4QR
LONDON STAYS GROUP LTD,16210582,active,ltd,,,2025-01-27,,2025-01-27,[63120],71-75 Shelton Street London United Kingdom WC2H 9JQ
PERFECT LAYERS LTD,16210568,active,ltd,,,2025-01-27,,2025-01-27,[47910],20 Wenlock Road London England N1 7GU
EJ FUSION LIMITED,16210570,active,ltd,,,2025-01-27,,2025-01-27,[96090],Wellesley House Waterloovile England PO7 7AN
HOLLYWOOD BEAUTY SALON LIMITED,16210600,active,ltd,,,2025-01-27,,2025-01-27,[96020],401 Walworth Road London England SE17 2AW
SPRING SEED LIMITED,16210759,active,ltd,,,2025-01-27,,2025-01-27,[68209],C/O Getground London England W6 0NB
NEXUP SOLUTIONS LTD,16185423,active,ltd,,,2025-01-15,,2025-01-15,[73110, 73200],11 Blackheath Village London England SE3 9LA
TLINVEST LTD,16210767,active,ltd,,,2025-01-27,,2025-01-27,[70229],Dudley House London England W1G 8PW
SPRITELY HQ LTD,16211084,active,ltd,,,2025-01-27,,2025-01-27,[47910],20 Wenlock Road London England N1 7GU
OXXO GROUP LIMITED,16211078,active,ltd,,,2025-01-27,,2025-01-27,[47810],Demsa Accounts London United Kingdom N8 0RL
PLUS SPICE LTD,16211048,active,ltd,,,2025-01-27,,2025-01-27,[10840],86-90 Paul Street London England EC2A 4NE
WATSON PLACE PARTNERS LTD,16211098,active,ltd,,,2025-01-27,,2025-01-27,[68100, 68201, 68209, 68320],20 Wenlock Road London England N1 7GU
MAISON HUNT LIMITED,16211076,active,ltd,,,2025-01-27,,2025-01-27,[68310, 68320],128 City Road London United Kingdom EC1V 2NX
FANTASY ESCAPES LTD,16211071,active,ltd,,,2025-01-27,,2025-01-27,[68209],71-75 Shelton Street London United Kingdom WC2H 9JQ
LUXE CITYSCAPE LTD,16211061,active,ltd,,,2025-01-27,,2025-01-27,[55100],71-75 Shelton Street London United Kingdom WC2H 9JQ
Z RIZWAN PROPERTIES LTD,16211065,active,ltd,,,2025-01-27,,2025-01-27,[55100, 68209, 68320],71-75 Shelton Street London United Kingdom WC2H 9JQ
EMERALD ELM TREE SURGERY LTD,16211440,active,ltd,,,2025-01-27,,2025-01-27,[81300],71-75 Shelton Street London United Kingdom WC2H 9JQ
LA MILPA LTD,16211453,active,ltd,,,2025-01-27,,2025-01-27,[55209, 56210],1 Kite Yard London United Kingdom SW11 4TA
TKS HOSPITALITY DUMFRIES LTD,16205597,active,ltd,,,2025-01-24,,2025-01-24,[55100],3rd Floor, Great Titchfield House London United Kingdom W1W 8BD
WASTE MANAGEMENT RECYCLING LIMITED,16205525,active,ltd,,,2025-01-24,,2025-01-24,[46190, 64209],C/O Ashley King Ltd 68 St. Margarets Road Greater London United Kingdom HA8 9UU
EXPERTGPWITNESS LTD,16205572,active,ltd,,,2025-01-24,,2025-01-24,[86210],20 Wenlock Road London England N1 7GU
ANCHORAGE CV-PC EUROPE LIMITED,16205573,active,ltd,,,2025-01-24,,2025-01-24,[64209],20 Thayer Street 2nd Floor London United Kingdom W1U 2NP
STUDIO UMBRELLA LIMITED,16205985,active,ltd,,,2025-01-24,,2025-01-24,[82990],27 Mortimer Street London England W1T 3BL
BLACKSTAR HOLDINGS RWL LIMITED,16206189,active,ltd,,,2025-01-24,,2025-01-24,[64303],Blackstar Holdings C/O Richard Lewis Of Tristan Capital Partners London England W1J 6DB
APEX CONSULTANTS GLOBAL LTD,16206170,active,ltd,,,2025-01-24,,2025-01-24,[69202],(Ra01) 195-197 Wood Street London England E17 3NU
JSBY HOLDINGS LIMITED,16206177,active,ltd,,,2025-01-24,,2025-01-24,[68100],72 Charteris Road London United Kingdom NW6 7EX
INVALUABLE CAPITAL LIMITED,16206351,active,ltd,,,2025-01-24,,2025-01-24,[64205],27 Old Gloucester Street London United Kingdom WC1N 3AX
PIDE AND CO LTD,16206355,active,ltd,,,2025-01-24,,2025-01-24,[47290],Ground Floor Of 38 Kingsway London United Kingdom WC2B 6EX
GG-572-961 LIMITED,16206380,active,ltd,,,2025-01-24,,2025-01-24,[68209],C/O Getground London England W6 0NB
BRICK & BEAM PROPERTY SOURCING LTD,16206345,active,ltd,,,2025-01-24,,2025-01-24,[68201, 68209, 68310, 68320],71-75 Shelton Street London United Kingdom WC2H 9JQ
STERLING INVESTORS LONDON LTD,16206610,active,ltd,,,2025-01-24,,2025-01-24,[68209],C/O Getground London England W6 0NB
TIMEVEIL LTD,16206600,active,ltd,,,2025-01-24,,2025-01-24,[58210],128 City Road London United Kingdom EC1V 2NX
RJ ARCHES LTD,16206628,active,ltd,,,2025-01-24,,2025-01-24,[86230],Unit 7 New Crane Place London United Kingdom E1W 3TX
MGM DINING LTD,16206593,active,ltd,,,2025-01-24,,2025-01-24,[56210],Hale House Unit 5 Palmers Green United Kingdom N13 5TW
REFORM RETAIL (H&I) LIMITED,16206882,active,ltd,,,2025-01-24,,2025-01-24,[68100],Aston House London United Kingdom N3 1LF
KIKA KREATES LTD,16207030,active,ltd,,,2025-01-24,,2025-01-24,[56210],Flat A-B London England E11 3NL
COMPANIES ADDRESS LTD,16207056,active,ltd,,,2025-01-24,,2025-01-24,[82990],Lk301 Lock Studios London England E3 3YD
EASTERN LANDS II LTD,16207283,active,ltd,,,2025-01-24,,2025-01-24,[68100],20 Wenlock Road London England N1 7GU
DIAMOND LUXE PROPERTIES LIMITED,16207272,active,ltd,,,2025-01-24,,2025-01-24,[68310, 98000],41 Michael Road London England E11 3DY
TAKE 22 LIMITED,16207397,active,ltd,,,2025-01-24,,2025-01-24,[90010],7 Savoy Court London United Kingdom WC2R 0EX
R A RACING LTD,16207414,active,ltd,,,2025-01-24,,2025-01-24,[93191],Flat 6 The Gables 144a London Road Guildford England GU1 1FG
TWINS LONDON CONSTRUCTION LTD,16207416,active,ltd,,,2025-01-24,,2025-01-24,[41100, 41201, 41202],114 Greyhound Lane London England SW16 5RN
HARUTO LIMITED,16207797,active,ltd,,,2025-01-24,,2025-01-24,[47910],97b Grosvenor Park London England SE5 0NJ
MASQ LOUNGE LTD,16207897,active,ltd,,,2025-01-25,,2025-01-25,[56210, 56302],201 Tooley Street London England SE1 2JX
7 PEAKS MANAGEMENT SOLUTIONS LTD,16207894,active,ltd,,,2025-01-25,,2025-01-25,[68201],5 Fenn Street London England E9 6JN
RM FULFILLMENT LIMITED,16207958,active,ltd,,,2025-01-25,,2025-01-25,[46190, 46900],85 Great Portland Street London England W1W 7LT
GO PRODUCTIONS GROUP LTD,16208213,active,ltd,,,2025-01-25,,2025-01-25,[59200],17 Rancliffe Gardens London England SE9 6JZ
NIMBLE TECHNOLOGY GROUP LIMITED,16208557,active,ltd,,,2025-01-26,,2025-01-26,[62020],32 Trafalgar House Juniper Drive London England SW18 1GY
INDIE FOOD WORKS LTD,16208797,active,ltd,,,2025-01-26,,2025-01-26,[56290],15 Knapp Road London England E3 4BP
MR IFIX LTD,16208867,active,ltd,,,2025-01-27,,2025-01-27,[47410, 47429, 95110],80 Baker Street London England W1U 6TE
DIGITAL REEF PT 001 LIMITED,16209202,active,ltd,,,2025-01-27,,2025-01-27,[41100, 68100],13-14 Welbeck Street London England W1G 9XU
PROGRESS TAX ADVISORS LTD,16209564,active,ltd,,,2025-01-27,,2025-01-27,[69202, 69203],44 Coleshill Flats Ebury Street London England SW1W 8LW
HIGH HOUSE PRODUCTIONS LTD,16209538,active,ltd,,,2025-01-27,,2025-01-27,[59111],3 High House Mews London United Kingdom N16 0EN
POTSVERSE LTD,16209593,active,ltd,,,2025-01-27,,2025-01-27,[62011, 62090],139b Charlton Church Lane London England SE7 7AA
BYTEBUN LTD,16209552,active,ltd,,,2025-01-27,,2025-01-27,[62012],7 Worple Street London England SW14 8HE
DE BLEMOND PROPERTIES LIMITED,16210194,active,ltd,,,2025-01-27,,2025-01-27,[68100],Elsley Court London United Kingdom W1W 8BE
RIVERSTONE PROPERTY GROUP LTD,16210540,active,ltd,,,2025-01-27,,2025-01-27,[68310],20 Wenlock Road London England N1 7GU
WISE CAT STRATEGY LIMITED,16210510,active,ltd,,,2025-01-27,,2025-01-27,[70229, 78300],71-75 Shelton Street London United Kingdom WC2H 9JQ
CONNECTEDPLATES LTD,16211113,active,ltd,,,2025-01-27,,2025-01-27,[56210],20 Wenlock Road London England N1 7GU
AUFGUSS LIMITED,16211149,active,ltd,,,2025-01-27,,2025-01-27,[96040],Flat B Old School House London England SE12 8QN
THE SUMMIT CLUB LTD,16211127,active,ltd,,,2025-01-27,,2025-01-27,[85590],71-75 Shelton Street London United Kingdom WC2H 9JQ
MAGICFORGE LTD,16211132,active,ltd,,,2025-01-27,,2025-01-27,[47410, 58290, 62011, 62012],71-75 Shelton Street London United Kingdom WC2H 9JQ
UCD TRANSFORM LTD,16211406,active,ltd,,,2025-01-27,,2025-01-27,[62020],20 Wenlock Road London England N1 7GU
SLIVER LIMITED,16211427,active,ltd,,,2025-01-27,,2025-01-27,[70229],71-75 Shelton Street London United Kingdom WC2H 9JQ
DPF PLASTERING & DAMPROOFING LTD,16205660,active,ltd,,,2025-01-24,,2025-01-24,[43310],2nd Floor College House Ruislip, United Kingdom HA4 7AE
NETNATURE LTD,16205664,active,ltd,,,2025-01-24,,2025-01-24,[62020, 63110, 72190, 74901],17a Electric Lane London England SW9 8LA
12 TOUCH PRODUCTIONS LTD,16205918,active,ltd,,,2025-01-24,,2025-01-24,[74100, 90020, 90030, 93290],124 City Road London England EC1V 2NX
SNOD TRADING LIMITED,16205950,active,ltd,,,2025-01-24,,2025-01-24,[46190, 55209, 77390, 81210],Suite Ra01 195-197 Wood Street London United Kingdom E17 3NU
ALJOUDAH FOOD LTD,16205953,active,ltd,,,2025-01-24,,2025-01-24,[46760, 46900, 47240],330 Uxbridge Road London England W12 7LL
ST MICHAELS MEZZCO LIMITED,16205937,active,ltd,,,2025-01-24,,2025-01-24,[64209],Duo, Level 6 London United Kingdom EC2M 4RB
OTH TRADING LIMITED,16197260,active,ltd,,,2025-01-21,,2025-01-21,[47410, 47799, 47910],71-75 Shelton Street London United Kingdom WC2H 9JQ
MIKUTA RETAIL UK LTD.,16206461,active,ltd,,,2025-01-24,,2025-01-24,[47510, 47710, 47721],27 Old Gloucester Street London United Kingdom WC1N 3AX
HILLFLOOR GROUP LTD,16206459,active,ltd,,,2025-01-24,,2025-01-24,[43330, 46470, 47530],12 Dempster Road London England SW18 1AT
PRE-EMINENT NUTRITION LTD,16206662,active,ltd,,,2025-01-24,,2025-01-24,[10890],20 Wenlock Road London England N1 7GU
CPD DINAS WRECSAM LTD,16206647,active,ltd,,,2025-01-24,,2025-01-24,[77210, 85510, 93110, 93199],71-75 Shelton Street London United Kingdom WC2H 9JQ
KINETIC BIOPHARMA CONSULTANCY LIMITED,16206969,active,ltd,,,2025-01-24,,2025-01-24,[70229, 74909],167 - 169 Great Portland Street London England W1W 5PF
HVL NO.3 LIMITED,16206972,active,ltd,,,2025-01-24,,2025-01-24,[64303],167-169 Great Portland Street London England W1W 5PF
MURERA PRESS LTD,16206975,active,ltd,,,2025-01-24,,2025-01-24,[58110, 58130, 58141, 58190],128 City Road London United Kingdom EC1V 2NX
X-89.8 RINGLY LIMITED,16207824,active,ltd,,,2025-01-24,,2025-01-24,[62012],411 Oxford Street London England W1C 2PE
SEVENTEEN HOUSE LIMITED,16208231,active,ltd,,,2025-01-25,,2025-01-25,[64209],Mary Sumner House London United Kingdom SW1P 3RB
NOVA ID LIMITED,16208432,active,ltd,,,2025-01-26,,2025-01-26,[70229],167-169 Great Portland Street London England W1W 5PF
HAYKAL CAPITAL LTD,16199703,active,ltd,,,2025-01-22,,2025-01-22,[68100, 68209],86-90 Paul Street London England EC2A 4NE
SARJ SERVICES LTD,16209003,active,ltd,,,2025-01-27,,2025-01-27,[47210, 47220, 47240],46-48 Chase Side London United Kingdom N14 5PA
RIZVIZ TRADING LIMITED,16209145,active,ltd,,,2025-01-27,,2025-01-27,[47910],66 Sherwin Court 13 Arthur Street London United Kingdom DA8 2GS
CERES CREST LTD,16209148,active,ltd,,,2025-01-27,,2025-01-27,[68209],172 Central Park Road London United Kingdom E6 3DN
TUNJI ADEBAYO INVESTMENT LTD,16209156,active,ltd,,,2025-01-27,,2025-01-27,[64304],3 Chelsea Crescent London United Kingdom NW2 3QP
HOME STRUCTURAL DESIGN LIMITED,16191614,active,ltd,,,2025-01-17,,2025-01-17,[74100],Hoxton Mix Ltd London England EC2A 4NE
THE FRY HUT LIMITED,16209681,active,ltd,,,2025-01-27,,2025-01-27,[56103],8 Mountfield Road London England N3 3NB
NEW YOU AESTHETIC TOURISM LTD,16209988,active,ltd,,,2025-01-27,,2025-01-27,[70229, 86230, 86900, 96090],23 Ash Grove London England N13 5AE
BEAMHATH.COMMERCE LTD,16209984,active,ltd,,,2025-01-27,,2025-01-27,[47910],13 Ickburgh Road London England E5 8AF
MOONSHIPMENT LTD,16210337,active,ltd,,,2025-01-27,,2025-01-27,[47910],86-90 Paul Street London England EC2A 4NE
SOULVERA LTD,16210344,active,ltd,,,2025-01-27,,2025-01-27,[10860, 10890, 47290, 47910],Flat 60 Regent Court London England NW8 8UW
VVELES CARPENTRY LTD,16210346,active,ltd,,,2025-01-27,,2025-01-27,[43290],2 Gloucester House 23a London Road Peterborough England PE2 8AN
BLUE FLAME MARKETING LTD,16210908,active,ltd,,,2025-01-27,,2025-01-27,[73110],18 St. Cross Street London England EC1N 8UN
SOUNDNESS LABS LTD,16210884,active,ltd,,,2025-01-27,,2025-01-27,[58290],86-90 Paul Street London England EC2A 4NE
AQTARA GROUP LTD,16211365,active,ltd,,,2025-01-27,,2025-01-27,[47910],71-75 Shelton Street London United Kingdom WC2H 9JQ
SAINT GALLERIA LIMITED,16211383,active,ltd,,,2025-01-27,,2025-01-27,[47710],3rd Floor, 86-90 Paul Street London United Kingdom EC2A 4NE
DOMINICAN COFFEE COMPANY LTD,16205721,active,ltd,,,2025-01-24,,2025-01-24,[46370],71-75 Shelton Street London England WC2H 9JQ
HANIYAZ COLLECTION LTD,16205724,active,ltd,,,2025-01-24,,2025-01-24,[47910],20 Wenlock Road London England N1 7GU
DZJ RESTORATIONS LTD,16205859,active,ltd,,,2025-01-24,,2025-01-24,[86230],484 Neasden Lane North London United Kingdom NW10 0DG
RAYAN&KAI LTD,16205891,active,ltd,,,2025-01-24,,2025-01-24,[86210],1a Winter Avenue London England E6 1NH
P15M LTD,16205888,active,ltd,,,2025-01-24,,2025-01-24,[62020],38 Grange Road London England W5 5BX
MR SCENTS LONDON LTD,16205899,active,ltd,,,2025-01-24,,2025-01-24,[47910],124, Mr Scents City Road London United Kingdom EC1V 2NX
SHENT INTERNATIONAL LTD,16206434,active,ltd,,,2025-01-24,,2025-01-24,[46900],71-75 Shelton Street London England WC2H 9JQ
ONEIM EC II LTD,16206403,active,ltd,,,2025-01-24,,2025-01-24,[64205],25 Park Lane London United Kingdom W1K 1RA
HOUNDS OF THE TREES LIMITED,16206395,active,ltd,,,2025-01-24,,2025-01-24,[96090],114 114 St Martin's Lane London England WC2N 4BE
OUT-DO MARKETING LIMITED,16206753,active,ltd,,,2025-01-24,,2025-01-24,[70229],7 Bell Yard London England WC2A 2JR
CONKER&CO LTD,16207112,active,ltd,,,2025-01-24,,2025-01-24,[55100],26b, 26 Penwortham Road London United Kingdom SW16 6RE
LIFESPAN THERAPIES LIMITED,16207319,active,ltd,,,2025-01-24,,2025-01-24,[86900],Crown House London United Kingdom WC1N 3AX
ARCTIC LEO UK PRODUCTIONS LIMITED,16207506,active,ltd,,,2025-01-24,,2025-01-24,[59111],71 Queen Victoria Street London United Kingdom EC4V 4BE
II&A LTD.,16207496,active,ltd,,,2025-01-24,,2025-01-24,[68209],C/O Getground London England W6 0NB
J G ORCHARD LTD,16207510,active,ltd,,,2025-01-24,,2025-01-24,[70210],45 Buckleigh Rd London United Kingdom SW16 5RY
DEEN SQUARE LTD,16207599,active,ltd,,,2025-01-24,,2025-01-24,[46900, 47890, 47910, 47990],71-75 Shelton Street London United Kingdom WC2H 9JQ
ECOAXIS GLOBAL LIMITED,16208160,active,ltd,,,2025-01-25,,2025-01-25,[46190, 47910, 47990, 50200],5 Phildor Court London England NW11 9QA
TOKYO PROPERTY LTD,16208263,active,ltd,,,2025-01-26,,2025-01-26,[68209],3rd Floor, 86-90 Paul Street London United Kingdom EC2A 4NE
STARTED FROM THE BOTTOM LTD,16208251,active,ltd,,,2025-01-26,,2025-01-26,[68310],114 Arran Road London United Kingdom SE6 2NN
ARVIC LTD,16208878,active,ltd,,,2025-01-27,,2025-01-27,[45310, 45320, 47190],128 City Road London United Kingdom EC1V 2NX
FAHA TRADING LTD,16208972,active,ltd,,,2025-01-27,,2025-01-27,[47210, 47220, 47240],50-52 Chase Side London United Kingdom N14 5PA
PENINSULAR CATERING EQUIPMENT LTD,16208974,active,ltd,,,2025-01-27,,2025-01-27,[46690],20 Wenlock Road London England N1 7GU
HUE CONSULTANCY LIMITED,16208970,active,ltd,,,2025-01-27,,2025-01-27,[62012, 62020, 62090],27 Old Gloucester Street London United Kingdom WC1N 3AX
STARK PRO LTD,16209411,active,ltd,,,2025-01-27,,2025-01-27,[41201],20 Wenlock Road London England N1 7GU
AUG ROSE CLUB LTD,16209444,active,ltd,,,2025-01-27,,2025-01-27,[14190],Silverstream House London England W1T 6EB
BREAKIN BAD LTD,16209470,active,ltd,,,2025-01-27,,2025-01-27,[47910],3rd Floor, 86-90 Paul Street London England EC2A 4NE
RHYTHMIQ SPORTS LIMITED,16209794,active,ltd,,,2025-01-27,,2025-01-27,[85510, 93120, 93199],124 City Road London United Kingdom EC1V 2NX
RABBIT HOLE STUDIO LTD,16209770,active,ltd,,,2025-01-27,,2025-01-27,[58290, 62011, 62012],124-128 City Road London England EC1V 2NX
OPOK TECHNOLOGY LTD,16210062,active,ltd,,,2025-01-27,,2025-01-27,[62012, 63110],16b Lady Margaret Road London England NW5 2XS
THE INCREDIBLE FIESTA (TIF) ENTERTAINMENTS LTD,16199691,active,ltd,,,2025-01-21,,2025-01-21,[59112, 73120, 78101, 96090],71-75 Shelton Street London England WC2H 9JQ
TULLYCROSS CONTRACTORS LTD,16200704,active,ltd,,,2025-01-22,,2025-01-22,[43390],286b Chase Road London England N14 6HF
OXALIS PROPERTIES LTD,16210942,active,ltd,,,2025-01-27,,2025-01-27,[68310],20 Wenlock Road London England N1 7GU
HOLISTIC STRATEGIES LTD,16211325,active,ltd,,,2025-01-27,,2025-01-27,[70229],71-75 Shelton Street London United Kingdom WC2H 9JQ
MARTINA & PARRA LIMITED,16205541,active,ltd,,,2025-01-24,,2025-01-24,[71121, 71122],13 Jersey Road London England SW17 9RQ
REAKT LABS LTD,16205538,active,ltd,,,2025-01-24,,2025-01-24,[62020, 62090],5 Brayford Square London United Kingdom E1 0SG
KUMPA PROPERTY HOLDINGS LTD,16205786,active,ltd,,,2025-01-24,,2025-01-24,[68100, 68209],71-75 Shelton Street London United Kingdom WC2H 9JQ
BELVEDERE PROP LIMITED,16205783,active,ltd,,,2025-01-24,,2025-01-24,[68100],Suite 7, Arkleigh Mansions London United Kingdom NW4 1BJ
DIGITAL TECHNOLOGY INNOVATIONS LTD,16205793,active,ltd,,,2025-01-24,,2025-01-24,[72110, 72190, 74100, 74909],71-75 Shelton Street London United Kingdom WC2H 9JQ
UK LAND SECURITIES LTD,16206121,active,ltd,,,2025-01-24,,2025-01-24,[68100],71-75 Shelton Street London United Kingdom WC2H 9JQ
CARNEX UK LTD,16206087,active,ltd,,,2025-01-24,,2025-01-24,[77110, 82990],Flat 27 Wheelers House London England E1 0FD
WOODFLEET LTD,16206089,active,ltd,,,2025-01-24,,2025-01-24,[68100],36 Ravensdale Road London England N16 6SH
KHALEDS DRIVING SCHOOL LTD,16206129,active,ltd,,,2025-01-24,,2025-01-24,[85530],114 Meanley Road London England E12 6AT
BOULDER BY DESIGN LIMITED,16206541,active,ltd,,,2025-01-24,,2025-01-24,[73110],3rd Floor, 86-90 Paul Street London United Kingdom EC2A 4NE
RLK CONSULTANTS LTD,16206540,active,ltd,,,2025-01-24,,2025-01-24,[66220],C/O D S Burge And Co Ltd London United Kingdom SW19 4DW
OFFSHORE COMPANY REG LTD,16206587,active,ltd,,,2025-01-24,,2025-01-24,[82990],71-75 Shelton Street London United Kingdom WC2H 9JQ
EGUEGU LIMITED,16206809,active,ltd,,,2025-01-24,,2025-01-24,[90030],4 Crest Apartments London England SE6 4PZ
LEGIONELLA LOGBOOK LTD,16206994,active,ltd,,,2025-01-24,,2025-01-24,[62012, 62090],128 City Road London England EC1V 2NX
TAZIO LTD,16207172,active,ltd,,,2025-01-24,,2025-01-24,[99999],63 Gunterstone Road London England W14 9BS
MAN IN BLACK LTD,16207176,active,ltd,,,2025-01-24,,2025-01-24,[49320, 49390, 77110, 79110],Care Of City Of London England EC1V 2NX
EVOKE TREASURY SERVICES LIMITED,16207366,active,ltd,,,2025-01-24,,2025-01-24,[64209],1 Bedford Avenue London England WC1B 3AU
WHITE & GLOVE LTD,16207558,active,ltd,,,2025-01-24,,2025-01-24,[49420],20 Old Dairy Mews London England SW12 8EL
CMF BARBERSHOP LIMITED,16207784,active,ltd,,,2025-01-24,,2025-01-24,[96020],338a King Street London England W6 0RR
JP TITAN LOGISTICS LTD,16207780,active,ltd,,,2025-01-24,,2025-01-24,[49410],Jhumat House Barking England IG11 8BB
KALONGO SERVICES LTD,16207818,active,ltd,,,2025-01-24,,2025-01-24,[82990],44 Medina Road London England N7 7LA
KELVIN N5 LIMITED,16207903,active,ltd,,,2025-01-25,,2025-01-25,[41100],39 Hendon Lane London England N3 1RY
EVOLUTION GLOW LTD,16207983,active,ltd,,,2025-01-25,,2025-01-25,[86900],11 Chilworth Mews London England W2 3RG
DAWSON INNOVATE LTD,16208014,active,ltd,,,2025-01-25,,2025-01-25,[46520],91 Sistova Road London England SW12 9QR
UNBOX UNBORED LTD,16208021,active,ltd,,,2025-01-25,,2025-01-25,[47910],3rd Floor, 86-90 Paul Street London England EC2A 4NE
ECO BEDDING LTD,16208139,active,ltd,,,2025-01-25,,2025-01-25,[47910],Flat 2 Anglia House London England E14 7PW
JKC CONTENT LAB LTD,16208324,active,ltd,,,2025-01-26,,2025-01-26,[73110],85 Great Portland Street London England W1W 7LT
668 FOREST ROAD E17 LIMITED,16208656,active,ltd,,,2025-01-26,,2025-01-26,[68209],668 Forest Road London United Kingdom E17 3ED
HOME OF INSPIRING BATHROOMS LIMITED,16208942,active,ltd,,,2025-01-27,,2025-01-27,[99999],6th Floor 2 London Wall Place London United Kingdom EC2Y 5AU
SV CONSTRUCTION GROUP LTD,16209080,active,ltd,,,2025-01-27,,2025-01-27,[41100],Barkat House, Suite 9 London England NW3 5HT
AMPLE AGENTS LTD,16209090,active,ltd,,,2025-01-27,,2025-01-27,[78200],Amc House Park Royal United Kingdom NW10 7QL
TOP HOUSE CONFERENCES LIMITED,16209231,active,ltd,,,2025-01-27,,2025-01-27,[70229, 82301, 82302, 82990],115 London Road Morden England SM4 5HP
SAFEHEAVEN SECURITY LIMITED,16209249,active,ltd,,,2025-01-27,,2025-01-27,[66120],Flat 86 Radnor House London England SW16 4EB
STARGATE AI LIMITED,16209505,active,ltd,,,2025-01-27,,2025-01-27,[62020],Flat 6 Darwin House London England SE20 8FS
ROCK COMMS LTD.,16180892,active,ltd,,,2025-01-13,,2025-01-13,[74909],71-75 Shelton Street London England WC2H 9JQ
GLASSCEILINGS INVESTMENTS LTD,16209507,active,ltd,,,2025-01-27,,2025-01-27,[68100],Flat 23 Greystoke Court London England W5 1EN
SOFT LENS STUDIOS LTD,16209515,active,ltd,,,2025-01-27,,2025-01-27,[26702, 74202],Flat 19 Paveley Court London England NW7 1GR
A.DJEDJEIA LTD,16209496,active,ltd,,,2025-01-27,,2025-01-27,[70229],128 City Road London United Kingdom EC1V 2NX
JUMBO SPORTS AND MUSIC LIMITED,16209801,active,ltd,,,2025-01-27,,2025-01-27,[85510],Flat 6 Winthrop House London England W12 7QB
DISREPAIR DADDY LIMITED,16209843,active,ltd,,,2025-01-27,,2025-01-27,[73110],3rd Floor, 86-90 Paul Street London United Kingdom EC2A 4NE
L&E PROPERTY RELOCATION LIMITED,16210118,active,ltd,,,2025-01-27,,2025-01-27,[55209],101 King's Cross Road London England WC1X 9LP
NATURAL PLASTERING SERVICES LTD,16210859,active,ltd,,,2025-01-27,,2025-01-27,[41100, 41201, 41202],71-75 Shelton Street London United Kingdom WC2H 9JQ
MCENTEE MEDIA LTD,16211213,active,ltd,,,2025-01-27,,2025-01-27,[46420, 47710, 47910, 59112],85 Great Portland Street London United Kingdom W1W 7LT
ODUM LTD,16211206,active,ltd,,,2025-01-27,,2025-01-27,[47910],71-75 Shelton Street London United Kingdom WC2H 9JQ
H&W VENTURES LTD,16211224,active,ltd,,,2025-01-27,,2025-01-27,[68209],71-75 Shelton Street London United Kingdom WC2H 9JQ
ALT COMMUNICATIONS LTD,16211219,active,ltd,,,2025-01-27,,2025-01-27,[70210],28 Alwyne Road London England SW19 7AB
RIDER ONE MCS LIMITED,16211242,active,ltd,,,2025-01-27,,2025-01-27,[45400],1140 London Road London United Kingdom SW16 4DS
MIRUS MANAGEMENT LIMITED,16205634,active,ltd,,,2025-01-24,,2025-01-24,[68320],B H L House London England NW11 0AF
CELESTARA LUXE LTD,16205813,active,ltd,,,2025-01-24,,2025-01-24,[47910],167-169 Great Portland Street London England W1W 5PF
TEAM VOXA LIMITED,16205851,active,ltd,,,2025-01-24,,2025-01-24,[93199],22 Worple Road London England SW19 4DD
NOVENTIS CONSULTING LIMITED,16198429,active,ltd,,,2025-01-21,,2025-01-21,[74901],Britannia House 1-11 Glenthorne Road London England W6 0LH
PHOTOMANIA LTD,16206286,active,ltd,,,2025-01-24,,2025-01-24,[74209],3rd Floor, 86-90 Paul Street London United Kingdom EC2A 4NE
ARGYLE PROJECTS LTD,16206721,active,ltd,,,2025-01-24,,2025-01-24,[70229],3rd Floor 45 Albemarle Street London United Kingdom W1S 4JL
BEAUTY GLOW LTD,16206728,active,ltd,,,2025-01-24,,2025-01-24,[47910],128 City Road London United Kingdom EC1V 2NX
SHAH FURNITURE LIMITED,16206951,active,ltd,,,2025-01-24,,2025-01-24,[95240],334 Hoe Street London England E17 9PX
KING KHAWAJA HOLDINGS LTD,16207147,active,ltd,,,2025-01-24,,2025-01-24,[68100, 68209, 68320],890 Garratt Lane London England SW17 0NB
TAKEMORI LTD,16207348,active,ltd,,,2025-01-24,,2025-01-24,[69109, 69202],128 City Road London United Kingdom EC1V 2NX
MTJ CONSULTING LTD,16207730,active,ltd,,,2025-01-24,,2025-01-24,[62020],124-128 City Road London United Kingdom EC1V 2NX
BRADY CO LONDON PROPERTY MANAGEMENT LTD,16207745,active,ltd,,,2025-01-24,,2025-01-24,[68209, 68310, 68320, 98000],36a Bow Road London England E3 4LN
MASQ RESTAURANT LTD,16207883,active,ltd,,,2025-01-25,,2025-01-25,[56101, 82990],201 Tooley Street London England SE1 2JX
ABK MAKE UP AND HAIR LIMITED,16208058,active,ltd,,,2025-01-25,,2025-01-25,[96020],98 Jasmine House Juniper Drive London England SW18 1GL
KKFM LIMITED,16208054,active,ltd,,,2025-01-25,,2025-01-25,[96090],1 De Quincey Mews London England E16 1SU
WORK IN RHYTHM LTD,16208393,active,ltd,,,2025-01-26,,2025-01-26,[78300],86-90 Paul Street London England EC2A 4NE
EASY EXAMINER LTD,16208605,active,ltd,,,2025-01-26,,2025-01-26,[85600],72 Rectory Road London England N16 7SH
PMMS HOLDINGS LIMITED,16208907,active,ltd,,,2025-01-27,,2025-01-27,[68100, 68209, 68320],128 City Road London United Kingdom EC1V 2NX
REALM OF POSSIBILITY LIMITED,16209124,active,ltd,,,2025-01-27,,2025-01-27,[62020],37 Beacon Gate London England SE14 5UB
OMRASA LTD,16209305,active,ltd,,,2025-01-27,,2025-01-27,[68100, 68209],Office 7 35-37 Ludgate Hill London United Kingdom EC4M 7JN
7STARHAIRDRESSERS LTD,16209651,active,ltd,,,2025-01-27,,2025-01-27,[96020],153 Edgware Road London England W2 2HR
OK-WORKSPACE LTD,16209858,active,ltd,,,2025-01-27,,2025-01-27,[74100, 82990, 90030, 90040],20 Wenlock Road London United Kingdom N1 7GU
CLICK.GG ECOM LTD,16210251,active,ltd,,,2025-01-27,,2025-01-27,[47910],86-90 Paul Street London England EC2A 4NE
PUREFORMANCE LTD,16210232,active,ltd,,,2025-01-27,,2025-01-27,[47910],20 Wenlock Road London England N1 7GU
CARNELIAN DIGITAL LIMITED,16210407,active,ltd,,,2025-01-27,,2025-01-27,[62020],71-75 Shelton Street London United Kingdom WC2H 9JQ
PRO-AUTO DRIVING LTD,16210393,active,ltd,,,2025-01-27,,2025-01-27,[85530],3rd Floor, 86-90 Paul Street London England EC2A 4NE
ZIPF LTD,16210723,active,ltd,,,2025-01-27,,2025-01-27,[70229, 85520, 85600],43 Donne Court Bollo Bridge Road London England W3 8YG
HNH SERVICES LTD,16210716,active,ltd,,,2025-01-27,,2025-01-27,[49320, 49390, 82990],54 Searles Close London United Kingdom SW11 4RH
RSS AIR EMPLOYEES LIMITED,16211286,active,ltd,,,2025-01-27,,2025-01-27,[52103],37 Duke Street London England W1U 1LN
TWENTYONE ELEVEN LIMITED,16211290,active,ltd,,,2025-01-27,,2025-01-27,[68100, 68201, 68209, 68320],71-75 Shelton Street London United Kingdom WC2H 9JQ
KAI PROPERTY INVESTMENTS LIMITED,16211324,active,ltd,,,2025-01-27,,2025-01-27,[68100],9 Ursula Street Battersea England SW11 3DW
HIGHAGENCY LTD,16211321,active,ltd,,,2025-01-27,,2025-01-27,[74100],71-75 Shelton Street London United Kingdom WC2H 9JQ
ONE MANAGEMENT CONSULTING LTD,16211482,active,ltd,,,2025-01-27,,2025-01-27,[70229],20 Wenlock Road London England N1 7GU
MCJ PARTNERS LTD,16211494,active,ltd,,,2025-01-27,,2025-01-27,[70229],41 Devonshire Street London United Kingdom W1G 7AJ
EDD OPERATIONS (UK) LIMITED,16211708,active,ltd,,,2025-01-27,,2025-01-27,[62020],C/O Buzzacott Llp London United Kingdom EC2V 6DL
COMCOM SOLUTIONS LTD,16211711,active,ltd,,,2025-01-27,,2025-01-27,[56210, 70229, 73110, 82110],Dept 5394, 196 High Road London United Kingdom N22 8HH
DIGITAL SPARKS MEDIA SERVICES LIMITED,16211908,active,ltd,,,2025-01-27,,2025-01-27,[59112],13-15 Turnham Green Terrace Chiswick United Kingdom W4 1RG
RLS FILM LTD,16212251,active,ltd,,,2025-01-28,,2025-01-28,[59111],498 London Road Ashford England TW15 3AE
PUBLIC DEMEANOUR LTD,16212238,active,ltd,,,2025-01-28,,2025-01-28,[47910],483 Green Lanes London England N13 4BS
CORPORATUM GLOBAL LTD,16212347,active,ltd,,,2025-01-28,,2025-01-28,[70229],3rd Floor, 86-90 Paul Street London United Kingdom EC2A 4NE
NJO CORPORATE LTD,16212356,active,ltd,,,2025-01-28,,2025-01-28,[68100, 70221],Apartment B8-1 Luma House London England N1C 4DT
THE CURRY HOUSE PVT LTD,16212727,active,ltd,,,2025-01-28,,2025-01-28,[56101, 56103],337 London Road Croydon United Kingdom CR0 3PA
INTUITIVE PAYMENTS LTD,16212754,active,ltd,,,2025-01-28,,2025-01-28,[62020, 70229, 73200, 74909],128 City Road London United Kingdom EC1V 2NX
1983 PROPERTIES LTD,16212731,active,ltd,,,2025-01-28,,2025-01-28,[68100, 68209],124 City Road London United Kingdom EC1V 2NX
LME ELITE PROPERTY LIMITED,16198112,active,ltd,,,2025-01-21,,2025-01-21,[68310],4th Floor 4 Tabernacle Street London United Kingdom EC2A 4LU
PATHWAYS ADVISORY LTD,16212898,active,ltd,,,2025-01-28,,2025-01-28,[71122],20 Wenlock Road London England N1 7GU
BLUE JAY PRODUCTIONS LTD,16213010,active,ltd,,,2025-01-28,,2025-01-28,[56302],Flat 2 3 Navarino Road London England E8 1AD
FAMUNA LTD,16212970,active,ltd,,,2025-01-28,,2025-01-28,[64209],20 Wenlock Road London England N1 7GU
PARFUM 72 FAUBOURG SAINT-HONORE LTD,16213184,active,ltd,,,2025-01-28,,2025-01-28,[20420, 46450],22 Eastcheap London England EC3M 1EU
BROADWAY DRY CLEANERS LIMITED,16213435,active,ltd,,,2025-01-28,,2025-01-28,[96010],24a Aldermans Hill London England N13 4PN
MARIAM HUSSAIN LTD,16213727,active,ltd,,,2025-01-28,,2025-01-28,[86900],19 Rossall Crescent London England NW10 7HE
SISTERHOOD GAMES LTD,16213718,active,ltd,,,2025-01-28,,2025-01-28,[58210, 62011],2 Frederick Street London United Kingdom WC1X 0ND
ASLAN ASYA LTD,16213732,active,ltd,,,2025-01-28,,2025-01-28,[68100, 68209],32 Salisbury Hall Gardens London England E4 8SA
AURUM DYNAMICS LTD,16213966,active,ltd,,,2025-01-28,,2025-01-28,[47910],20 Wenlock Road London England N1 7GU
WEB3 TECHNOLOGIES LTD,16213964,active,ltd,,,2025-01-28,,2025-01-28,[62020, 62030, 62090, 63110],20 Wenlock Road London England N1 7GU
SAVEPOINT SYSTEMS LTD,16213943,active,ltd,,,2025-01-28,,2025-01-28,[62020, 62090],20 Wenlock Road London England N1 7GU
INSPIREEDGE LEARNING LTD,16214081,active,ltd,,,2025-01-28,,2025-01-28,[59112, 62012, 62020, 85600],128 City Road London United Kingdom EC1V 2NX
CAPITAL QUANTS LTD,16214065,active,ltd,,,2025-01-28,,2025-01-28,[62020],71-75 Shelton Street London United Kingdom WC2H 9JQ
MARK THOMPSON PROPERTY LTD,16214286,active,ltd,,,2025-01-28,,2025-01-28,[68209],2nd Floor College House Ruislip, United Kingdom HA4 7AE
MANHATTAN CONNECTIONS LIMITED,16214717,active,ltd,,,2025-01-28,,2025-01-28,[47710],177 High Street London England E17 7BX
MYSTERY PICTURES LTD,16214725,active,ltd,,,2025-01-28,,2025-01-28,[59112],3 Oakum Square London England E11 4FA
ASPIRE SPACES LTD,16214832,active,ltd,,,2025-01-28,,2025-01-28,[68201],123 Roman Road London United Kingdom E2 0QN
QUICKK CONNECT LTD,16214920,active,ltd,,,2025-01-28,,2025-01-28,[53201],112 Evelyn Denington Road London England E6 5YU
CLAIRE GRESHAM LTD,16211605,active,ltd,,,2025-01-27,,2025-01-27,[43390],50 St.Marys Crescent London United Kingdom NW4 4LH
NINA CHARM CREATIONS LTD,16211592,active,ltd,,,2025-01-27,,2025-01-27,[47910],Office 11439 182-184 High Street North London United Kingdom E6 2JA
SDWA LIMITED,16211541,active,ltd,,,2025-01-27,,2025-01-27,[85530],156 Queenswood Gardens London England E11 3SG
YOUNG CRISIS HUB LIMITED,16211557,active,ltd,,,2025-01-27,,2025-01-27,[84120],5 Hepscott Road London England E9 5HB
MAZI MANAGEMENT CONSULTING LTD,16211537,active,ltd,,,2025-01-27,,2025-01-27,[68310],4 Old Rectory Court London United Kingdom EN5 4BL
SHOLTZ LTD,16211534,active,ltd,,,2025-01-27,,2025-01-27,[62020],26 Petergate London England SW11 2UE
KITGUM TRADING LTD,16212291,active,ltd,,,2025-01-28,,2025-01-28,[47789, 47791, 47910, 47990],71-75 Shelton Street London United Kingdom WC2H 9JQ
SPOREGEN PHARMA SCIENCE UK LTD,16212280,active,ltd,,,2025-01-28,,2025-01-28,[21100, 21200, 46460, 46900],2nd Floor College House Ruislip, United Kingdom HA4 7AE
COMPLEX MEDIA LTD,16175906,active,ltd,,,2025-01-10,,2025-01-10,[90010, 90020, 90030],128 City Road London United Kingdom EC1V 2NX
EAGLET PICTURES LTD,16212689,active,ltd,,,2025-01-28,,2025-01-28,[59113],14-16 Great Pulteney Street London England W1F 9ND
M & D AUDIO LTD,16212676,active,ltd,,,2025-01-28,,2025-01-28,[93290],3rd Floor, 86-90 Paul Street London United Kingdom EC2A 4NE
BEAUTY AND THE BITS LIMITED,16212681,active,ltd,,,2025-01-28,,2025-01-28,[46150, 46160, 46190, 47910],128 City Road London United Kingdom EC1V 2NX
CANARY WHARF THEATRE LIMITED,16212867,active,ltd,,,2025-01-28,,2025-01-28,[90040],First Floor London United Kingdom W1D 6LT
ONE INTERIOR SPACES LTD,16212872,active,ltd,,,2025-01-28,,2025-01-28,[31010, 74100],27 Greville Street London England EC1N 8SU
MISTRY EVENTS LTD,16213029,active,ltd,,,2025-01-28,,2025-01-28,[47910, 77210, 93290, 96090],20 Wenlock Road London England N1 7GU
HOOP FILMS LTD,16213052,active,ltd,,,2025-01-28,,2025-01-28,[59111, 59113],41 Freegrove Road London United Kingdom N7 9RG
SOPJAHAN MOTORS LTD,16213019,active,ltd,,,2025-01-28,,2025-01-28,[49320],30 Lodge Drive London United Kingdom N13 5JZ
VOLCS RECRUITMENT LTD,16213242,active,ltd,,,2025-01-28,,2025-01-28,[78200],Flat 1 Deanshanger House London England SE8 5EE
BELLISION LIMITED,16213206,active,ltd,,,2025-01-28,,2025-01-28,[62090],7 Beck Square London England E10 7FP
RAIZOR LTD,16213445,active,ltd,,,2025-01-28,,2025-01-28,[62011],85 Great Portland Street London United Kingdom W1W 7LT
STREAMLINED FORENSIC LEGAL LIMITED,16213452,active,ltd,,,2025-01-28,,2025-01-28,[69102],124-128 City Road London England EC1V 2NX
EDVENTURE GLOBAL LTD,16213635,active,ltd,,,2025-01-28,,2025-01-28,[85600],167-169 Great Portland Street London England W1W 5PF
SEEDS FOR SUCCESS NETWORK LTD,16213674,active,ltd,,,2025-01-28,,2025-01-28,[82302, 85590, 86900],128 City Road London United Kingdom EC1V 2NX
KHANAM GLOW LTD,16213875,active,ltd,,,2025-01-28,,2025-01-28,[46450, 47990],17a Montpelier Rise London England NW11 9SS
BLOOMSAWAY LTD,16213880,active,ltd,,,2025-01-28,,2025-01-28,[96090],128 City Road London United Kingdom EC1V 2NX
ODORICO LTD,16213883,active,ltd,,,2025-01-28,,2025-01-28,[47910, 47990],85 Great Portland Street London England W1W 7LT
STORM SEAL LTD,16213892,active,ltd,,,2025-01-28,,2025-01-28,[43290],71-75 Shelton Street London United Kingdom WC2H 9JQ
FROM ADVISORY LTD,16214050,active,ltd,,,2025-01-28,,2025-01-28,[70229],20 Wenlock Road London England N1 7GU
QUANTUM BLISS LTD,16214169,active,ltd,,,2025-01-28,,2025-01-28,[62012, 86900],Flat 4 King Court London United Kingdom E14 7UY
CACAO TREE RESTAURANT LTD,16214172,active,ltd,,,2025-01-28,,2025-01-28,[56101],101 Grand Drive London United Kingdom SW20 9EB
KAIT L BORSAY LTD,16214156,active,ltd,,,2025-01-28,,2025-01-28,[60100, 60200],20 Wenlock Road London England N1 7GU
PARK HEALTH PHYSIOTHERAPY LTD,16214349,active,ltd,,,2025-01-28,,2025-01-28,[86900],91 Gideon Road London England SW11 5UU
POMICE SERVICE LTD,16214752,active,ltd,,,2025-01-28,,2025-01-28,[64209],C/O Goldwyns London Llp London United Kingdom EC3V 3DG
DAWZ CORP LTD,16214977,active,ltd,,,2025-01-28,,2025-01-28,[68310],3rd Floor, 86-90 Paul Street London United Kingdom EC2A 4NE
ELKEYE LTD,16211811,active,ltd,,,2025-01-27,,2025-01-27,[62020],295 Chiswick High Road London United Kingdom W4 4HH
AMBER NUTRITIONIST LIMITED,16211840,active,ltd,,,2025-01-27,,2025-01-27,[70229],6 Addison Crescent London England W14 8JP
NBS CUSTOMS LTD,16211841,active,ltd,,,2025-01-27,,2025-01-27,[52290],239 London Road Waterlooville United Kingdom PO8 0HN
ORDNA CONSULTANCY LTD,16211967,active,ltd,,,2025-01-27,,2025-01-27,[84120, 86900],2b Pelham Road London England SW19 1SX
BREAST CANCER UK TRADING LTD,16212507,active,ltd,,,2025-01-28,,2025-01-28,[82990],C/O Goldwins, 75 Maygrove Road London United Kingdom NW6 2EG
SVYNFALLPRODUCTIONS LTD,16212491,active,ltd,,,2025-01-28,,2025-01-28,[59112, 73110, 74209],Flat 4 Hestia House London England N16 8UF
LOWE GROUP OF COMPANIES LTD,16212492,active,ltd,,,2025-01-28,,2025-01-28,[43999],141 Waltham Way London United Kingdom E4 8AG
HOFFEN FARMA LTD,16212665,active,ltd,,,2025-01-28,,2025-01-28,[96090],128 City Road London United Kingdom EC1V 2NX
MIX BROS LTD,16212651,active,ltd,,,2025-01-28,,2025-01-28,[59200],20 Wenlock Road London England N1 7GU
8 FARLEY ROAD FREEHOLD LIMITED,16212658,active,ltd,,,2025-01-28,,2025-01-28,[98000],8 Farley Road London United Kingdom SE6 2AB
SOLARA SOLUTIONS LTD,16212916,active,ltd,,,2025-01-28,,2025-01-28,[82990],20 Wenlock Road London England N1 7GU
FABULOOKS BEAUTY LTD,16167516,active,ltd,,,2025-01-07,,2025-01-07,[96020],71-75 Shelton Street London United Kingdom WC2H 9JQ
GOLBORNE CAPITAL HOLDCO LIMITED,16213094,active,ltd,,,2025-01-28,,2025-01-28,[64205],8 Hermitage Street London England W2 1BE
REVIVE & RISE WELLNESS LTD,16213332,active,ltd,,,2025-01-28,,2025-01-28,[85590, 86900],71-75 Shelton Street London United Kingdom WC2H 9JQ
TYKEOONS LTD,16213339,active,ltd,,,2025-01-28,,2025-01-28,[58110, 62090, 85590, 85600],35 Milton Avenue London England N6 5QF
JAMROCK CUISINE LTD,16213338,active,ltd,,,2025-01-28,,2025-01-28,[56103],Flat 9, 7, Fir House London United Kingdom W10 4EH
BARREL AND BOND CAPITAL LIMITED,16197226,active,ltd,,,2025-01-21,,2025-01-21,[46190],82 St. John Street London England EC1M 4JN
GRAHAM ROAD PARTNERS LTD,16213998,active,ltd,,,2025-01-28,,2025-01-28,[68100],36 Ravensdale Road London England N16 6SH
PLUVIA INVESTMENTS LIMITED,16213999,active,ltd,,,2025-01-28,,2025-01-28,[66300],20 Wenlock Road London England N1 7GU
AAA STAFFING SOLUTIONS LTD,16214237,active,ltd,,,2025-01-28,,2025-01-28,[56210, 78109, 78200],137 Kitchener Road London England E7 8JH
O-DIGITAL-AI LTD,16214239,active,ltd,,,2025-01-28,,2025-01-28,[62020],22 St. Agnes Place London United Kingdom SE11 4BE
THORNY BOOKKEEPING LTD,16214373,active,ltd,,,2025-01-28,,2025-01-28,[69202],9 Stanthorpe Road London England SW16 2ED
WOODFORD ASSET LIMITED,16214571,active,ltd,,,2025-01-28,,2025-01-28,[68100],72b George Lane London England E18 1JJ
SELSDON HOLDINGS LTD,16214565,active,ltd,,,2025-01-28,,2025-01-28,[68100, 68209],368 Forest Road London United Kingdom E17 5JF
PHENSE LTD,16214653,active,ltd,,,2025-01-28,,2025-01-28,[56290],15 Varna Road London England SW6 7LB
MEDHAYA LTD,16207441,active,ltd,,,2025-01-24,,2025-01-24,[62012, 62020, 62090, 63990],203 Wards Wharf Approach London England E16 2EQ
DISTRESSED PROPERTY GROUP LTD,16214691,active,ltd,,,2025-01-28,,2025-01-28,[68100],167-169 Great Portland Street London England W1W 5PF
DACA MAINTENANCE LTD,16214962,active,ltd,,,2025-01-28,,2025-01-28,[43999],19 Aslett Street London England SW18 2BE
MARJIE LIMITED,16214996,active,ltd,,,2025-01-29,,2025-01-29,[82990],Flat 9 Waldegrave Point London England NW10 6FN
BEAUTIVA LTD,16211623,active,ltd,,,2025-01-27,,2025-01-27,[46450, 46900, 47190, 47750],Office 11477 182-184 High Street North London United Kingdom E6 2JA
SGE FIRE RISK SOLUTIONS LTD,16211659,active,ltd,,,2025-01-27,,2025-01-27,[74909],124 City Road London England EC1V 2NX
AJ & Z PROPERTY LIMITED,16211724,active,ltd,,,2025-01-27,,2025-01-27,[68209],8 Oman Avenue London England NW2 6BG
VELES NEXUS LTD,16212000,active,ltd,,,2025-01-27,,2025-01-27,[62020, 62090],8 Carlton Square London England E1 4EH
LITTLE MOUNTAIN LTD,16212127,active,ltd,,,2025-01-27,,2025-01-27,[71122],4th Floor, Silverstream House 45 Fitzroy Street London United Kingdom W1T 6EB
BULLDOG GRAPHICS LTD,16212166,active,ltd,,,2025-01-27,,2025-01-27,[74100],3rd Floor, 86-90 Paul Street London England EC2A 4NE
REVISION GENIE LTD,16212210,active,ltd,,,2025-01-28,,2025-01-28,[58290],Silverstream House 45 Fitzroy Street London England W1T 6EB
BELL CONSULTANT LTD,16212216,active,ltd,,,2025-01-28,,2025-01-28,[74909],3rd Floor, 86-90 Paul Street London United Kingdom EC2A 4NE
LENSX LTD,16212376,active,ltd,,,2025-01-28,,2025-01-28,[59112, 70210],71-75 Shelton Street London United Kingdom WC2H 9JQ
LEABOURNE INVESTMENT LTD,16212389,active,ltd,,,2025-01-28,,2025-01-28,[68209],6 Grant Terrace London United Kingdom N16 6DS
MITCHELL'S HEATING LTD,16212527,active,ltd,,,2025-01-28,,2025-01-28,[71122],3rd Floor, 86-90 Paul Street London United Kingdom EC2A 4NE
HAIWAN GROUP LTD,16212605,active,ltd,,,2025-01-28,,2025-01-28,[62020],85 Ashworth Mansions Grantully Road London United Kingdom W9 1LN
BLACKHOLE PROPERTY DEVELOPMENTS LTD,16212609,active,ltd,,,2025-01-28,,2025-01-28,[99999],1386 London Road Leigh On Sea England SS9 2UJ
&YAT SING LIMITED,16212604,active,ltd,,,2025-01-28,,2025-01-28,[56103],316 Grove Green Road London United Kingdom E11 4EA
FTB ESTATES LTD,16212612,active,ltd,,,2025-01-28,,2025-01-28,[68100],188 Brent Street London England NW4 1BE
SPARK SYSTEMS INTERNATIONAL LTD,16212602,active,ltd,,,2025-01-28,,2025-01-28,[62012, 62020],128 City Road London United Kingdom EC1V 2NX
FOURFIX PROPERTY SOLUTIONS LTD,16212932,active,ltd,,,2025-01-28,,2025-01-28,[82990],1 Kings Avenue London United Kingdom N21 3NA
FORYOU UK LTD,16212954,active,ltd,,,2025-01-28,,2025-01-28,[71122, 93199],20 Wenlock Road London England N1 7GU
SSAR INVESTMENTS IV LIMITED,16213380,active,ltd,,,2025-01-28,,2025-01-28,[68209],Rayner Essex Llp Tavistock House South London United Kingdom WC1H 9LG
CITYWIDE RECRUITMENT GROUP LTD,16213376,active,ltd,,,2025-01-28,,2025-01-28,[78109],124 City Road London United Kingdom EC1V 2NX
MAMAJULES KITCHEN LTD,16213365,active,ltd,,,2025-01-28,,2025-01-28,[47810, 56103, 56210],Flat 155 Denton Malden Crescent London England NW1 8BL
ELYSIA LIFESTYLE MANAGEMENT LTD,16213363,active,ltd,,,2025-01-28,,2025-01-28,[96090],167-169 Great Portland Street London England W1W 5PF
MAMOY LIMITED,16213360,active,ltd,,,2025-01-28,,2025-01-28,[47910],3a Palace Gates Road London England N22 7BW
NOESIUM LTD,16213522,active,ltd,,,2025-01-28,,2025-01-28,[62012],124 City Road London United Kingdom EC1V 2NX
FSS HOLDINGS LIMITED,16213915,active,ltd,,,2025-01-28,,2025-01-28,[64209],Stump Cross House London Road Sleaford England NG34 8NX
SGNAL.DIGITAL LTD,16214099,active,ltd,,,2025-01-28,,2025-01-28,[73110],Suite Ra01 195-197 Wood Street London United Kingdom E17 3NU
AMS SMARTCARE LTD,16214112,active,ltd,,,2025-01-28,,2025-01-28,[74909],First Floor 10 Hampden Square London United Kingdom N14 5JR
RSIT LTD,16214107,active,ltd,,,2025-01-28,,2025-01-28,[62020],Flat 6 4 Valentia Place London England SW9 8EP
EQ TOWCESTER HOLDINGS LIMITED,16214323,active,ltd,,,2025-01-28,,2025-01-28,[64209],46 Curzon Street London England W1J 7UH
JC FIKA LTD,16214593,active,ltd,,,2025-01-28,,2025-01-28,[10832, 56102],82 Wandsworth Bridge Road London England SW6 2TF
CECOS ESTATES LTD,16214818,active,ltd,,,2025-01-28,,2025-01-28,[68100, 68209],Cecos,1st Floor, St. Georges Chambers 23 South Mall London England N9 0TS
DXT ESTATES LTD,16214888,active,ltd,,,2025-01-28,,2025-01-28,[68209],3rd Floor, 86-90 Paul Street London United Kingdom EC2A 4NE
REG TECH GLOBAL LTD,16214896,active,ltd,,,2025-01-28,,2025-01-28,[64205],124-128 City Road London England EC1V 2NX
HODL MODE HOLDING LIMITED,16216806,active,ltd,,,2025-01-29,,2025-01-29,[71122, 71129],Office No. 24, 9.17 Capital Tower London United Kingdom SE1 8RT
CABO VERDE REAL ESTATE HOLDING LTD,16216865,active,ltd,,,2025-01-29,,2025-01-29,[70229],2nd Floor 33 Newman Street London England W1T 1PY
VG TECH SERVICE LTD,16216905,active,ltd,,,2025-01-29,,2025-01-29,[43999],27 Old Gloucester Street London United Kingdom WC1N 3AX
ARCHERS AIR CONDITIONING AND VENTILATION LTD,16216872,active,ltd,,,2025-01-29,,2025-01-29,[35300],890 Garratt Lane London United Kingdom SW17 0NB
PHOEBE ECLAIR-POWELL LTD,16216961,active,ltd,,,2025-01-29,,2025-01-29,[90030],80 Harpenden Road London England SE27 0AF
DRUMMONDI LIMITED,16217049,active,ltd,,,2025-01-29,,2025-01-29,[70221],Wing 1, Level 9 Berkeley Square House London United Kingdom W1J 6BY
NOVA SYNERGIES LTD,16217067,active,ltd,,,2025-01-29,,2025-01-29,[47910],Office - 11507 182-184 High Street North London United Kingdom E6 2JA
STONECHAT PROPERTY LTD,16210028,active,ltd,,,2025-01-27,,2025-01-27,[68100, 68209],Unit 6a Hillgate Place London England SW12 9ER
EMFI CONSULTING LTD,16217128,active,ltd,,,2025-01-29,,2025-01-29,[70229],31 Wentworth Road London United Kingdom NW11 0RT
MAWR CARE LTD,16217189,active,ltd,,,2025-01-29,,2025-01-29,[87100, 87300],Unit 16a,  Princeton Mews Kingston Upon Thames England KT2 6PT
DAGMAKER LIMITED,16217307,active,ltd,,,2025-01-29,,2025-01-29,[62090],71-75 Shelton Street London United Kingdom WC2H 9JQ
MERA IMT LIMITED,16217409,active,ltd,,,2025-01-29,,2025-01-29,[64921],118 Piccadilly Mayfair London England W1J 7NW
WEST END RENTAL LTD,16217395,active,ltd,,,2025-01-29,,2025-01-29,[68209],Flat 35 25 Porchester Place London England W2 2PE
DREAMSPACES STUDIO LIMITED,16217462,active,ltd,,,2025-01-29,,2025-01-29,[96090],Suite A London United Kingdom NW6 3BT
POC LEARNING LTD,16217563,active,ltd,,,2025-01-29,,2025-01-29,[85590],2nd Floor College House Ruislip, United Kingdom HA4 7AE
ROSEBUDS HOLDINGS LIMITED,16217609,active,ltd,,,2025-01-29,,2025-01-29,[64209],1386 London Road Leigh On Sea England SS9 2UJ
MAXWELL MILES LTD,16217608,active,ltd,,,2025-01-29,,2025-01-29,[70229, 82990],71-75 Shelton Street London England WC2H 9JQ
GREENS FRONT LTD,16217646,active,ltd,,,2025-01-29,,2025-01-29,[68100, 68209],Office 30 78 Golders Green Road London United Kingdom NW11 8LN
DJM ACCOUNTANTS & CONSULTANCY LIMITED,16217656,active,ltd,,,2025-01-29,,2025-01-29,[69201, 69202, 69203],71-75 Shelton Street London United Kingdom WC2H 9JQ
SYNTAX FINANCIAL LIMITED,16217645,active,ltd,,,2025-01-29,,2025-01-29,[69201, 69202, 69203],71-75 Shelton Street London United Kingdom WC2H 9JQ
HITCHY LTD,16217713,active,ltd,,,2025-01-29,,2025-01-29,[43210],3rd Floor, 86-90 Paul Street London United Kingdom EC2A 4NE
EGLROOFING LTD,16217769,active,ltd,,,2025-01-29,,2025-01-29,[43910],20 Ashingdon Close London England E4 6XH
SHIR SOLUTIONS LTD,16217888,active,ltd,,,2025-01-29,,2025-01-29,[86230],44 Boileau Road London England W5 3AH
ANNE BARBS TRAINER LIMITED,16217889,active,ltd,,,2025-01-29,,2025-01-29,[86900],Arthur Ashe 37th Floor, 1 Canada Square London United Kingdom E14 5AA
THE AB AGENCY LTD,16218162,active,ltd,,,2025-01-30,,2025-01-30,[82990],56 Disraeli Road London United Kingdom SW15 2DS
GAIA & METIS LTD,16218167,active,ltd,,,2025-01-30,,2025-01-30,[68201],5 Hatherley Gardens London England N8 9JH
PROMAP TEAM LTD,16218222,active,ltd,,,2025-01-30,,2025-01-30,[62020],20 Wenlock Road London England N1 7GU
SAGE BORROWER AR4 LIMITED,16218254,active,ltd,,,2025-01-30,,2025-01-30,[68201],5th Floor Orion House London United Kingdom WC2H 9EA
YCX LTD,16216843,active,ltd,,,2025-01-29,,2025-01-29,[71129],Earth 65, Shearsmith Tower London United Kingdom E1 8HU
WBB DEVELOPMENTS LTD,16216858,active,ltd,,,2025-01-29,,2025-01-29,[41100],128 City Road London United Kingdom EC1V 2NX
MR AND MRS SMITH MARKETING LTD,16216955,active,ltd,,,2025-01-29,,2025-01-29,[70229, 73110, 74100],128 City Road London United Kingdom EC1V 2NX
IDEALHI RETAIL LTD,16216944,active,ltd,,,2025-01-29,,2025-01-29,[47599],71-75 Shelton Street London United Kingdom WC2H 9JQ
HADRIAN FUNDING 2025-1 HOLDINGS LIMITED,16216938,active,ltd,,,2025-01-29,,2025-01-29,[64999],10th Floor 5 Churchill Place London United Kingdom E14 5HU
CSI.AI LTD,16216929,active,ltd,,,2025-01-29,,2025-01-29,[70229],2nd Floor College House Ruislip, United Kingdom HA4 7AE
PBARR CONSULTING LTD,16217027,active,ltd,,,2025-01-29,,2025-01-29,[70229],D S Burge And Co Ltd London United Kingdom SW19 4DW
TE FENCHURCH OPCO LIMITED,16217099,active,ltd,,,2025-01-29,,2025-01-29,[55100],2 Leman Street London United Kingdom E1W 9US
ANDY BURN SERVICES LTD,16217176,active,ltd,,,2025-01-29,,2025-01-29,[81300, 96090],85 Great Portland Street London England W1W 7LT
SITARA HOUSING GROUP LIMITED,16217266,active,ltd,,,2025-01-29,,2025-01-29,[68209],Flat 23 James House London England E1 4PP
EQ LEICESTER HOLDINGS LIMITED,16217264,active,ltd,,,2025-01-29,,2025-01-29,[64209],46 Curzon Street London England W1J 7UH
THE CAPTAIN’S CLUB LIMITED,16217268,active,ltd,,,2025-01-29,,2025-01-29,[96090],3rd Floor, 86-90 Paul Street London England EC2A 4NE
151 PROPERTY MANAGEMENT LTD,16217338,active,ltd,,,2025-01-29,,2025-01-29,[68209],151 Upper Street London England N1 1RA
BOLTON & MOODY LTD,16217340,active,ltd,,,2025-01-29,,2025-01-29,[68100, 68209],20 Wenlock Road London England N1 7GU
ASKAN CORP LTD,16217342,active,ltd,,,2025-01-29,,2025-01-29,[47910, 59200, 62020],20 Wenlock Road London England N1 7GU
LOGIC LINK AI LTD,16217343,active,ltd,,,2025-01-29,,2025-01-29,[62012],Flat 4 Ashbourne Mansions London England NW11 0AB
NAKOS GROUP LTD,16217348,active,ltd,,,2025-01-29,,2025-01-29,[64209],71-75 Shelton Street London United Kingdom WC2H 9JQ
SPECTRUM BUILDERS MERCHANT LTD,16217416,active,ltd,,,2025-01-29,,2025-01-29,[46730],124 City Road London United Kingdom EC1V 2NX
MERA IM 10 LIMITED,16217424,active,ltd,,,2025-01-29,,2025-01-29,[64921],118 Piccadilly London England W1J 7NW
SEVEN AND SEVENTY SEVEN LIMITED,16217483,active,ltd,,,2025-01-29,,2025-01-29,[68100, 68209, 68320],133 West Hendon Broadway London England NW9 7DY
AJR REALTY HOLDINGS LIMITED,16217488,active,ltd,,,2025-01-29,,2025-01-29,[68209],Acre House London United Kingdom NW1 3ER
CR AND SK LTD,16217527,active,ltd,,,2025-01-29,,2025-01-29,[68100],93 Brindwood Road London England E4 8BA
HASIB ZONE LIMITED,16217880,active,ltd,,,2025-01-29,,2025-01-29,[77110],47 St. Stephen's Road London England E6 1AN
AK DRIVER TRAINING T/A AKDT LTD,16217896,active,ltd,,,2025-01-29,,2025-01-29,[85530],31 North Circular Road London England N13 5EG
RAE DESIGN LTD,16217903,active,ltd,,,2025-01-29,,2025-01-29,[59112, 74100],72 Marlborough Road London United Kingdom E18 1AP
BAYTIMIZED LTD,16217951,active,ltd,,,2025-01-29,,2025-01-29,[74901],140-148 Borough High Street London England SE1 1LB
MARIYABLISS MASSAGE LTD,16218056,active,ltd,,,2025-01-30,,2025-01-30,[96040],36 St. Peter's Street London England N1 8JT
WINDOW STRIKE LTD,16218104,active,ltd,,,2025-01-30,,2025-01-30,[81221],58 58 Delawyk Crescent London United Kingdom SE24 9JD
249 AUTO LIMITED,16218177,active,ltd,,,2025-01-30,,2025-01-30,[45200, 45310, 45320, 47910],128 City Road London United Kingdom EC1V 2NX
ELEVATE SPACE TEAM LTD,16218187,active,ltd,,,2025-01-30,,2025-01-30,[43390],307 Uxbridge Road London England W3 9QU
SE1 SUNSET LIMITED,16218238,active,ltd,,,2025-01-30,,2025-01-30,[56101],Colechurch House London England SE1 2SX
TWO CENTS TALENT LTD,16218275,active,ltd,,,2025-01-30,,2025-01-30,[70210, 73110],12 Cunard Apartments 1 Picture House Mews London England E17 3GW
OKSUZ PROPERTIES & INVESTMENTS LIMITED,16219299,active,ltd,,,2025-01-30,,2025-01-30,[68209],85 Gladstone Avenue London London England N22 6JY
OLEA LUXE LTD,16219298,active,ltd,,,2025-01-30,,2025-01-30,[55900],11 Summit Close London England N14 7NR
KAYALI UK TRADING LIMITED,16219300,active,ltd,,,2025-01-30,,2025-01-30,[64209],International House London United Kingdom W1K 5QF
GOCLOUD PRIVATE LTD,16219375,active,ltd,,,2025-01-30,,2025-01-30,[62020, 62090, 63110, 71122],Gocloud Private Limited London United Kingdom EC1V 2NX
CLIMATE SPRING ALPHA LIMITED,16219368,active,ltd,,,2025-01-30,,2025-01-30,[78101],111 Fifth Floor London England EC1M 6AW
SAMPU LIMITED,16219346,active,ltd,,,2025-01-30,,2025-01-30,[68100],124 City Road London England EC1V 2NX
GLOBAL SPACE LTD,16219438,active,ltd,,,2025-01-30,,2025-01-30,[68100, 68209],534 Harrow Road London England W9 3QF
DEGESH SCHOOL OF ENTREPRENEURSHIP LTD,16219417,active,ltd,,,2025-01-30,,2025-01-30,[85410, 85421, 85590, 85600],20 Wenlock Road London England N1 7GU
SF (BLOOMERS) LIMITED,16219414,active,ltd,,,2025-01-30,,2025-01-30,[59113],17-18 Haywards Place London United Kingdom EC1R 0EQ
GRIDSTORM LTD,16219385,active,ltd,,,2025-01-30,,2025-01-30,[74901],20 Wenlock Road London England N1 7GU
HENRY'S WINDOWS LTD,16219400,active,ltd,,,2025-01-30,,2025-01-30,[43342],155 Pitshanger Lane London England W5 1RH
HEARTBURN FILMS LTD,16219422,active,ltd,,,2025-01-30,,2025-01-30,[59111],16 Avondale Park Gardens London United Kingdom W11 4PR
KARAMA PROJECTS LTD,16219450,active,ltd,,,2025-01-30,,2025-01-30,[59112],Flat 21 Medina House London England SE15 3JL
SPECTRA PUBLISHING LTD,16219461,active,ltd,,,2025-01-30,,2025-01-30,[58110, 58142, 58190, 58290],Office 11496 182-184 High Street North London United Kingdom E6 2JA
ROTEM SOLUTIONS LIMITED,16219447,active,ltd,,,2025-01-30,,2025-01-30,[62020, 63990],167 - 169 Great Portland Street London England W1W 5PF
SIMULATE MUSIC LIMITED,16219501,active,ltd,,,2025-01-30,,2025-01-30,[59200],50 Liverpool Street London England EC2M 7PY
HOMECARE AI LIMITED,16214690,active,ltd,,,2025-01-28,,2025-01-28,[62012, 62020, 63110],291 Green Lanes London England N13 4XS
VGG RESTAURANTS LIMITED,16219480,active,ltd,,,2025-01-30,,2025-01-30,[56101],3 91 Gloucester Place London United Kingdom W1U 6JG
AVIURA GLOBAL LIMITED,16219516,active,ltd,,,2025-01-30,,2025-01-30,[20110, 46750, 71121, 72190],299a Bethnal Green Road London United Kingdom E2 6AH
PHI PHI'S SOUL KITCHEN LTD,16219562,active,ltd,,,2025-01-30,,2025-01-30,[56103, 56210],105 Bruce Grove London England N17 6UR
FTAI AIRCRAFT LEASING UK (2025) LTD,16219581,active,ltd,,,2025-01-30,,2025-01-30,[77351],C/O Wilmington Trust Sp Services (London) Limited, Third Floor London United Kingdom EC2R 7AF
TCN BOOKKEEPING SOLUTIONS LTD,16219609,active,ltd,,,2025-01-30,,2025-01-30,[69202],2nd Floor College House Ruislip, United Kingdom HA4 7AE
BHND LTD,16219634,active,ltd,,,2025-01-30,,2025-01-30,[56302],71-75 Shelton Street London United Kingdom WC2H 9JQ
JIASHANG HOLDINGS LTD,16219648,active,ltd,,,2025-01-30,,2025-01-30,[47910],71-75 Shelton Street London United Kingdom WC2H 9JQ
BRIFAY GLOBAL SUPPLIES LIMITED,16219691,active,ltd,,,2025-01-30,,2025-01-30,[46900],23 Stracey Road London United Kingdom E7 0HQ
ZEN FISH BAR LTD,16219716,active,ltd,,,2025-01-30,,2025-01-30,[56103],133 West Hendon Broadway London England NW9 7DY
SSAR INVESTMENTS LIMITED,16219721,active,ltd,,,2025-01-30,,2025-01-30,[68209],Rayner Essex Llp Tavistock House South London United Kingdom WC1H 9LG
OAKWHITE LTD,16219717,active,ltd,,,2025-01-30,,2025-01-30,[68209],Lower Ground Floor London United Kingdom N16 6NJ
TQK COMMERCIAL LTD,16219751,active,ltd,,,2025-01-30,,2025-01-30,[68209],C/ O Proview Accountants Finchley Central England N3 1DP
FOCUS TRADING AND CONSULTANCY LIMITED,16219795,active,ltd,,,2025-01-30,,2025-01-30,[46900, 70229, 96090],Flat 3 Tudor Lodge London England N12 7EJ
SNG PROPERTY HOLDING LIMITED,16219841,active,ltd,,,2025-01-30,,2025-01-30,[68100, 68209],109 Longwood Gardens Ilford United Kingdom IG5 0EF
RUBY'S BOUTIQUE LIMITED,16219839,active,ltd,,,2025-01-30,,2025-01-30,[47710, 47820],299a Bethnal Green Road London United Kingdom E2 6AH
HVSHP LIMITED,16219879,active,ltd,,,2025-01-30,,2025-01-30,[68209],Flat 28 Kiln Court London England E14 7JP
BK BEAUTY VENTURES STIRLING 1 LTD,16219895,active,ltd,,,2025-01-30,,2025-01-30,[96020],71-75 Shelton Street London United Kingdom WC2H 9JQ
BK BEAUTY VENTURES DUNDEE 1 LTD,16219904,active,ltd,,,2025-01-30,,2025-01-30,[96020],71-75 Shelton Street London United Kingdom WC2H 9JQ
EKOYIL LTD,16219919,active,ltd,,,2025-01-30,,2025-01-30,[46420, 46450, 47910],71-75 Shelton Street London United Kingdom WC2H 9JQ
PRIORY ST HELENS 2 LTD,16219917,active,ltd,,,2025-01-30,,2025-01-30,[68100],8 Rodborough Road London United Kingdom NW11 8RY
HEYLAND CONSULTING LTD,16219946,active,ltd,,,2025-01-30,,2025-01-30,[73110],Silverstream House 4th Floor, 45 Fitzroy Street London England W1T 6EB
BAK. PROPERTY LTD,16219945,active,ltd,,,2025-01-30,,2025-01-30,[68100, 68209],Flat 8 Allom House London England W11 4JJ
TERRAMAR.LIFE LTD,16220024,active,ltd,,,2025-01-30,,2025-01-30,[73120],85 Great Portland Street London England W1W 7LT
NISUNGMAS KITCHEN LIMITED,16220167,active,ltd,,,2025-01-30,,2025-01-30,[56102],157 Hayward Gardens London England SW15 3BX
SYNTESSERA LTD,16220199,active,ltd,,,2025-01-31,,2025-01-31,[62012, 62020, 74909],3rd Floor, 86-90 Paul Street London United Kingdom EC2A 4NE
NAVRA LTD,16220249,active,ltd,,,2025-01-31,,2025-01-31,[96090],71-75 Shelton Street London United Kingdom WC2H 9JQ
SEO TECH MEDIA LTD,16220250,active,ltd,,,2025-01-31,,2025-01-31,[62020, 63110, 63990],71-75 Shelton Street London United Kingdom WC2H 9JQ
MOPROPELMO LTD,16220265,active,ltd,,,2025-01-31,,2025-01-31,[68209],C/O Getground London England W6 0NB
DIGICRADE SERVICES LTD,16220267,active,ltd,,,2025-01-31,,2025-01-31,[73110, 73120],71-75 Shelton Street London United Kingdom WC2H 9JQ
REDBALL PRODUCTIONS LTD,16220293,active,ltd,,,2025-01-31,,2025-01-31,[59111, 59113, 59120, 59133],Allan House London England W1G 0JW
NEXFIN CAPITAL LTD,16220310,active,ltd,,,2025-01-31,,2025-01-31,[62020, 66300, 68320],128 City Road London United Kingdom EC1V 2NX
MATERYX LTD,16220324,active,ltd,,,2025-01-31,,2025-01-31,[46110, 62090],3rd Floor 20 King Street London United Kingdom EC2V 8EG
SARONI HEALTH LIMITED,16220368,active,ltd,,,2025-01-31,,2025-01-31,[62012],Flat 20 Ashbrook House London England NW9 4FX
STMSD LTD,16220363,active,ltd,,,2025-01-31,,2025-01-31,[47910],71-75 Shelton Street London United Kingdom WC2H 9JQ
THE HERTFORDSHIRE BARROW BOY LIMITED,16220402,active,ltd,,,2025-01-31,,2025-01-31,[47210],17 Leeland Mansions West Ealing United Kingdom W13 9HE
METATRON MARKETING LTD,16220417,active,ltd,,,2025-01-31,,2025-01-31,[70229],Monomark House London England WC1N 3AX
HYNES PARTNERSHIP LIMITED,16220489,active,ltd,,,2025-01-31,,2025-01-31,[82990],14 Amherst Avenue London England W13 8NQ
RE UK 0015 LTD,16220516,active,ltd,,,2025-01-31,,2025-01-31,[68100, 68209],87 89 Baker Street London United Kingdom W1U 6RJ
GREATMORE WELLCROFT BSD LTD,16220622,active,ltd,,,2025-01-31,,2025-01-31,[68209],5 North End Road London England NW11 7RJ
365 IT SERVICES LTD,16215294,active,ltd,,,2025-01-29,,2025-01-29,[62020],71-75 Shelton Street London United Kingdom WC2H 9JQ
SABLE CAPITAL LIMITED,16215369,active,ltd,,,2025-01-29,,2025-01-29,[64991],40 Paultons Square London United Kingdom SW3 5DT
FINDUS+WHEELWRIGHT LTD,16215478,active,ltd,,,2025-01-29,,2025-01-29,[73110],411 Oxford Street London England W1C 2PE
QUANTUM SEQUENCE GENERATOR LTD,16215602,active,ltd,,,2025-01-29,,2025-01-29,[62020, 63120],20 Wenlock Road London England N1 7GU
MINI BOOST LTD,16215921,active,ltd,,,2025-01-29,,2025-01-29,[47910],124 City Road London United Kingdom EC1V 2NX
2IA ENTERPRISES LTD,16216001,active,ltd,,,2025-01-29,,2025-01-29,[47910],Office 193n 182-184 High Street North London United Kingdom E6 2JA
AETHERA LIMITED,16215997,active,ltd,,,2025-01-29,,2025-01-29,[58110, 58190, 73110, 85590],71-75 Shelton Street London England WC2H 9JQ
H&M CUISINE LIMITED,16216095,active,ltd,,,2025-01-29,,2025-01-29,[56102],Solar House London England N14 6NZ
REAL TIME REALTY LTD,16216245,active,ltd,,,2025-01-29,,2025-01-29,[68100, 68209],128 City Road London United Kingdom EC1V 2NX
KARUNA HOMES LTD,16216376,active,ltd,,,2025-01-29,,2025-01-29,[68100],128 City Road London United Kingdom EC1V 2NX
ECOPATH INSTALLATIONS LTD,16216335,active,ltd,,,2025-01-29,,2025-01-29,[41202],7 Montpelier Rise London England NW11 9SS
ATLAS CP1 LTD,16216357,active,ltd,,,2025-01-29,,2025-01-29,[68320],71-75 Shelton Street London United Kingdom WC2H 9JQ
ASSEMBLE SKILLS LTD,16216634,active,ltd,,,2025-01-29,,2025-01-29,[85590],251-253 Katherine Road London England E7 8PP
NEUROM HEALTH PRIVATE LTD,16216649,active,ltd,,,2025-01-29,,2025-01-29,[84120],167-169 Great Portland Street London England W1W 5PF
INKIFLY LIMITED,16216722,active,ltd,,,2025-01-29,,2025-01-29,[47910],Office 11389 182-184 High Street North London United Kingdom E6 2JA
BOND UN LIMITED,16215041,active,ltd,,,2025-01-29,,2025-01-29,[59112, 74202],128 City Road London United Kingdom EC1V 2NX
GOLD TECHNOLOGIES LTD,16215099,active,ltd,,,2025-01-29,,2025-01-29,[62012, 62020, 62090, 74100],71-75 Shelton Street London United Kingdom WC2H 9JQ
BLU OCEANS LIMITED,16215074,active,ltd,,,2025-01-29,,2025-01-29,[87100, 87200, 88100],71-75 Shelton Street London United Kingdom WC2H 9JQ
KINGDOM PIECES PUBLISHING LTD,16215104,active,ltd,,,2025-01-29,,2025-01-29,[58110, 58142, 58190, 59112],128 City Road London United Kingdom EC1V 2NX
GLOOVEE LTD,16215112,active,ltd,,,2025-01-29,,2025-01-29,[64209, 79110, 82990],20 Wenlock Road London England N1 7GU
PTUK SYSTEMS LTD,16215129,active,ltd,,,2025-01-29,,2025-01-29,[70229, 71121, 71122],128 City Road London United Kingdom EC1V 2NX
DMD TRANSPORT LTD,16215167,active,ltd,,,2025-01-29,,2025-01-29,[49410],128 City Road London United Kingdom EC1V 2NX
EVERTREASURE UK LTD,16215126,active,ltd,,,2025-01-29,,2025-01-29,[63990],128 City Road London United Kingdom EC1V 2NX
C.UYANIK LTD,16215139,active,ltd,,,2025-01-29,,2025-01-29,[74100, 90030, 96090],C/O Ida&Co Building 3 Chiswick Business Park London United Kingdom W4 5YA
REMOTIR LIMITED,16215150,active,ltd,,,2025-01-29,,2025-01-29,[70229, 74909, 78109, 82990],8 Walmer Terrace London United Kingdom SE18 7EG
BLUATLAS LTD,16215174,active,ltd,,,2025-01-29,,2025-01-29,[47910],128 City Road London United Kingdom EC1V 2NX
SKYFER CAPITAL LTD,16215212,active,ltd,,,2025-01-29,,2025-01-29,[70229],13 Torrington Place London England E1W 2UY
PSYCHE CLINIC LTD,16215251,active,ltd,,,2025-01-29,,2025-01-29,[86900],368 Forest Road London United Kingdom E17 5JF
MAURO VENDING LTD,16215253,active,ltd,,,2025-01-29,,2025-01-29,[46341, 46370, 47910, 56103],Flat 18 91 City Rd London United Kingdom EC1Y 1AF
HAN GLOBAL TRADE SOLUTION LTD,16215491,active,ltd,,,2025-01-29,,2025-01-29,[47910],284 Chase Road London United Kingdom N14 6HF
PITCH1HUNDRED LTD,16215485,active,ltd,,,2025-01-29,,2025-01-29,[62012],85 Great Portland Street London United Kingdom W1W 7LT
HELI-X DRONE SERVICES LIMITED,16215504,active,ltd,,,2025-01-29,,2025-01-29,[01610, 71129, 74202, 82990],124 City Road London United Kingdom EC1V 2NX
AMY SARA 1 LTD,16215516,active,ltd,,,2025-01-29,,2025-01-29,[86900],Flat 30 Metropolitan Court London United Kingdom NW10 2QD
9 BARS COFFEE FLEET LTD,16215625,active,ltd,,,2025-01-29,,2025-01-29,[56102],59 Fleet Street London England EC4Y 1JU
VASTREACH TRADING LIMITED,16215603,active,ltd,,,2025-01-29,,2025-01-29,[47910],Apartment 9.01 1 Kings Gate Walk London England SW1E 6AN
SYLVESTRIAN WELLNESS SOLUTIONS LTD,16215826,active,ltd,,,2025-01-29,,2025-01-29,[86900, 96040],3rd Floor, 86-90 Paul Street London England EC2A 4NE
RARECO LTD,16215815,active,ltd,,,2025-01-29,,2025-01-29,[96090],128 City Road London United Kingdom EC1V 2NX
ANBRANAJ LIMITED,16215827,active,ltd,,,2025-01-29,,2025-01-29,[68100],167-169 Great Portland Street London England W1W 5PF
DEVON ROAD LIMITED,16215843,active,ltd,,,2025-01-29,,2025-01-29,[41100],843 Finchley Road London United Kingdom NW11 8NA
ABSURI LTD,16215947,active,ltd,,,2025-01-29,,2025-01-29,[68209, 86230],Flat 33, Avenue Close London United Kingdom NW8 6BY
DESIR DIGITAL LIMITED,16215967,active,ltd,,,2025-01-29,,2025-01-29,[73110],71-75 Shelton Street London United Kingdom WC2H 9JQ
YARDHAUS LTD,16216044,active,ltd,,,2025-01-29,,2025-01-29,[41202],5 Brayford Square London United Kingdom E1 0SG
CANDYROSE GROUP LIMITED,16216253,active,ltd,,,2025-01-29,,2025-01-29,[59200],850 Green Lanes London England N21 2RS
NAOMI DESIGNS LTD,16216252,active,ltd,,,2025-01-29,,2025-01-29,[74100],Flat 24 Fifth Floor Northwood Hall London England N6 5PL
REGAL TECHNICAL SERVICES LTD,16216399,active,ltd,,,2025-01-29,,2025-01-29,[43220],2 Vaughan Road London United Kingdom SE5 9NZ
MEVSIM TURKISH CUISINE LIMITED,16216424,active,ltd,,,2025-01-29,,2025-01-29,[56102],616a Lea Bridge Road London England E10 7DN
OUBELLA FASHION LTD,16216391,active,ltd,,,2025-01-29,,2025-01-29,[46420, 47710, 47770, 47910],128 City Road London United Kingdom EC1V 2NX
APRÈS TOI LIMITED,16216596,active,ltd,,,2025-01-29,,2025-01-29,[47710, 47910, 74100],52 Delancey Street London England NW1 7RY
SME CUBE LTD,16216598,active,ltd,,,2025-01-29,,2025-01-29,[62012],128 City Road London United Kingdom EC1V 2NX
GG-617-782 LIMITED,16216590,active,ltd,,,2025-01-29,,2025-01-29,[68209],C/O Getground London England W6 0NB
UTILITY CIRCLE LTD,16216578,active,ltd,,,2025-01-29,,2025-01-29,[82990],Suite 101 Pride House London United Kingdom N15 4FB
SIPHERA SOLUTIONS LTD,16216589,active,ltd,,,2025-01-29,,2025-01-29,[70229, 73110],20 Wenlock Road London England N1 7GU
KID CAVE LTD,16216694,active,ltd,,,2025-01-29,,2025-01-29,[47890, 47990],8 Cedars Road London England N21 3HB
ARTEMIS THERAPEUTICS LIMITED,16216695,active,ltd,,,2025-01-29,,2025-01-29,[82990],5 New Street Square London United Kingdom EC4A 3TW
ATLAS THERAPEUTICS LIMITED,16216698,active,ltd,,,2025-01-29,,2025-01-29,[82990],5 New Street Square London United Kingdom EC4A 3TW
FACE X LTD,16215435,active,ltd,,,2025-01-29,,2025-01-29,[86220],38 London Road Bagshot United Kingdom GU19 5HN
LEONTE CONSTRUCTION LTD,16215429,active,ltd,,,2025-01-29,,2025-01-29,[41202],Flat 1 5 Dollis Road London United Kingdom N3 1RB
AMAZINGGRACE HEALTHCARE SERVICES LTD,16215529,active,ltd,,,2025-01-29,,2025-01-29,[86900],56 Openshaw Road London United Kingdom SE2 0TE
WRITINGX LTD,16215540,active,ltd,,,2025-01-29,,2025-01-29,[58290],30 Commonwealth Way London England SE2 0JZ
PREMIER CIRCULAR SOLUTIONS LIMITED,16215752,active,ltd,,,2025-01-29,,2025-01-29,[74901],167 - 169 Great Portland Street London England W1W 5PF
APEXSGMC LIMITED,16215754,active,ltd,,,2025-01-29,,2025-01-29,[58190, 62012],83 Seaford Road London England W13 9HS
MATHIAS & ROSE LTD,16215766,active,ltd,,,2025-01-29,,2025-01-29,[70229],Flat 90, Cherrywood Lodge London England SE13 6UR
SYTE PROPERTY LTD,16215768,active,ltd,,,2025-01-29,,2025-01-29,[68100],Lynton House London United Kingdom WC1H 9BQ
TYPORO LTD,16215755,active,ltd,,,2025-01-29,,2025-01-29,[62012],71-75 Shelton Street London United Kingdom WC2H 9JQ
THE CAPITAL BOOSTER LTD,16215859,active,ltd,,,2025-01-29,,2025-01-29,[58210, 62012, 62030, 63110],Flat 3 116a  Fortess Road London United Kingdom NW5 2HL
WORKSFACTOR LIMITED,16215890,active,ltd,,,2025-01-29,,2025-01-29,[62020, 78109, 78300],71-75 Shelton Street London United Kingdom WC2H 9JQ
STRIDEFAST LTD,16215909,active,ltd,,,2025-01-29,,2025-01-29,[47910],133 Winchester Avenue London England NW9 9TB
SAFFA HOMES LTD,16216029,active,ltd,,,2025-01-29,,2025-01-29,[68209],509 Romford Road London England E7 8AD
SMETSY PRODUCTS & SERVICES LIMITED,16216030,active,ltd,,,2025-01-29,,2025-01-29,[46150, 46160, 58142, 69201],30 Santley Street London England SW4 7QB
SELLORA LTD,16216012,active,ltd,,,2025-01-29,,2025-01-29,[47910],3rd Floor, 86-90 Paul Street London England EC2A 4NE
INJOY NOW LTD,16216183,active,ltd,,,2025-01-29,,2025-01-29,[79110, 79120, 79901],124 City  Road London United Kingdom EC1V 2NX
MIND & MEANING THERAPY LTD,16216177,active,ltd,,,2025-01-29,,2025-01-29,[86900],71-75 Shelton Street London United Kingdom WC2H 9JQ
KIDZ OFFICIAL LTD,16216319,active,ltd,,,2025-01-29,,2025-01-29,[46420, 47710],128 City Road London United Kingdom EC1V 2NX
AMITY VENTURES LTD,16216301,active,ltd,,,2025-01-29,,2025-01-29,[82990],129 George View House 36,Knaresborough Drive United Kingdom SW18 4GU
GOLDEN THYME LTD,16216306,active,ltd,,,2025-01-29,,2025-01-29,[62090],20 Wenlock Road London England N1 7GU
YARDS R US LIMITED,16216525,active,ltd,,,2025-01-29,,2025-01-29,[68209],Aston House London United Kingdom N3 1LF
THE AVENUE GROUP LONDON LTD,16216520,active,ltd,,,2025-01-29,,2025-01-29,[74100],207 Old Street London England EC1V 9NR
OKEHILL LTD,16216690,active,ltd,,,2025-01-29,,2025-01-29,[31090],71-75 Shelton Street London United Kingdom WC2H 9JQ
SATURN THERAPEUTICS LIMITED,16216689,active,ltd,,,2025-01-29,,2025-01-29,[82990],5 New Street Square London United Kingdom EC4A 3TW
SATURN SCIENCES LIMITED,16216672,active,ltd,,,2025-01-29,,2025-01-29,[82990],5 New Street Square London United Kingdom EC4A 3TW
STONEHOLD LTD,16216784,active,ltd,,,2025-01-29,,2025-01-29,[71129],4 Colomb Street London United Kingdom SE10 9EW
HOW THE OTHER HALF LIVE LTD,16196733,active,ltd,,,2025-01-21,,2025-01-21,[47799, 47990],First Floor Office London United Kingdom W8 4LZ
STELLARIS INNOVATION LTD,16211782,active,ltd,,,2025-01-27,,2025-01-27,[73110],3rd Floor, 86-90 Paul Street London United Kingdom EC2A 4NE
FOREM INNOVATIONS LIMITED,16211801,active,ltd,,,2025-01-27,,2025-01-27,[62012, 72190],124-128 City Road London England EC1V 2NX
SFS TRUCKS COMMERCIALS LTD,16211774,active,ltd,,,2025-01-27,,2025-01-27,[29320, 45112, 96090],44 Villiers Close London England E10 5HH
NICKLEBY NOMINEES RAY I LIMITED,16212181,active,ltd,,,2025-01-28,,2025-01-28,[64209],193 Broomwood Road London United Kingdom SW11 6JX
TB AUDIO LTD,16212724,active,ltd,,,2025-01-28,,2025-01-28,[59200, 60100, 63990],Unit B Ascensis Tower London United Kingdom SW18 1AY
LEGACY GROWTH LIMITED,16213065,active,ltd,,,2025-01-28,,2025-01-28,[41100, 68320],15 Montpelier Vale London England SE3 0TA
MI RECRUIT LTD,16211437,active,ltd,,,2025-01-27,,2025-01-27,[78109, 82990],2-4 Kendal Street London England W2 2BP
VINTAGE ROOFING AND BUILDING LTD,16213073,active,ltd,,,2025-01-28,,2025-01-28,[43910],128 Aldersgate Street London England EC1A 4AE
SPASOV PROPERTY INVESTMENTS LTD,16213284,active,ltd,,,2025-01-28,,2025-01-28,[68100, 68209, 68320],1a Falmer Court Uckfield United Kingdom TN22 1HN
TARMAR DREAMS LTD,16213305,active,ltd,,,2025-01-28,,2025-01-28,[58210, 58290, 62011, 62012],71-75 Shelton Street London United Kingdom WC2H 9JQ
GG-637-993 LIMITED,16213778,active,ltd,,,2025-01-28,,2025-01-28,[68209],C/O Getground London England W6 0NB
ENJ RETAIL LTD,16213783,active,ltd,,,2025-01-28,,2025-01-28,[47910],71-75 Shelton Street London United Kingdom WC2H 9JQ
CORNWALL COURT PROPERTY LTD,16214184,active,ltd,,,2025-01-28,,2025-01-28,[68100],8 Lemsford Close London United Kingdom N15 6BY
HOMEWORKS PROPERTIES LTD,16214217,active,ltd,,,2025-01-28,,2025-01-28,[68100],Turnpike House 1208-1210 London Road Leigh-On-Sea England SS9 2UA
CYBERPUNK LTD,16214207,active,ltd,,,2025-01-28,,2025-01-28,[62020],71-75 Shelton Street London United Kingdom WC2H 9JQ
LOGRANTZ LIMITED,16214210,active,ltd,,,2025-01-28,,2025-01-28,[47910],71-75 Shelton Street London United Kingdom WC2H 9JQ
SCENARIO IQ LIMITED,16214542,active,ltd,,,2025-01-28,,2025-01-28,[85590],27 Old Gloucester Street London United Kingdom WC1N 3AX
MARKETPLACE MINDS LTD,16214554,active,ltd,,,2025-01-28,,2025-01-28,[73110],277-279 Chiswick High Road Chiswick High Road London England W4 4PU
SURREY QUAYS PHOTO STUDIO LTD,16218366,active,ltd,,,2025-01-30,,2025-01-30,[74202],142 Lower Road London England SE16 2UG
BRIGHT BUILDERS AND MAINTENANCE LIMITED,16218401,active,ltd,,,2025-01-30,,2025-01-30,[41202],17 The Warren London England E12 5HY
UK SUNSHINE CLEANING LTD,16218424,active,ltd,,,2025-01-30,,2025-01-30,[81221, 81299],Flat 3 134 Fonthill Road London England N4 3HP
PROPERTY SERVICES PROVIDER LTD,16218420,active,ltd,,,2025-01-30,,2025-01-30,[98000],85 Great Portland Street London England W1W 7LT
GROUNDLYTICS LTD,16218483,active,ltd,,,2025-01-30,,2025-01-30,[63110, 71200, 74909, 77390],124-128 City Road London England EC1V 2NX
NW PROPERTY CONSULTANTS LTD,16218513,active,ltd,,,2025-01-30,,2025-01-30,[68310],128 City Road London United Kingdom EC1V 2NX
BSSA LIMITED,16218605,active,ltd,,,2025-01-30,,2025-01-30,[55900, 79110, 79909, 82990],124 City Road London United Kingdom EC1V 2NX
STVP CONSULTING LTD,16218613,active,ltd,,,2025-01-30,,2025-01-30,[73110],Apt 29, Fiador Apartments London United Kingdom SE10 0TH
TRANSATLANTIC HIPPO HERITAGE LIMITED,16218671,active,ltd,,,2025-01-30,,2025-01-30,[01430],38 Soho Square London England W1D 3HB
KEPTKLEAN LIMITED,16218689,active,ltd,,,2025-01-30,,2025-01-30,[81210, 81229],413 Prince Regent Lane London England E16 3JP
LILEYECOM LTD,16218738,active,ltd,,,2025-01-30,,2025-01-30,[47910],86-90 Paul Street London United Kingdom EC2A 4NE
IQPC EXHIBITIONS, LIMITED,16218737,active,ltd,,,2025-01-30,,2025-01-30,[82990],7 Savoy Court London United Kingdom WC2R 0EX
MUNROE DAILY BREAD LTD,16218727,active,ltd,,,2025-01-30,,2025-01-30,[56210],85, Great Portland Street London United Kingdom W1W 7LT
NEWGEN GOODS LTD,16218730,active,ltd,,,2025-01-30,,2025-01-30,[46420, 46450, 47190, 47910],128 City Road London United Kingdom EC1V 2NX
SERAPHIS CONSULTING LIMITED,16218749,active,ltd,,,2025-01-30,,2025-01-30,[68320, 70229, 85590],Dept 5394, 196 High Road London United Kingdom N22 8HH
H&W ACQUISITIONS LTD.,16218765,active,ltd,,,2025-01-30,,2025-01-30,[68100, 68209],Suite Ra01 195-197 Wood Street London United Kingdom E17 3NU
WH DAVIES LIMITED,16218776,active,ltd,,,2025-01-30,,2025-01-30,[43210],3rd Floor 45 Albemarle Street Mayfair United Kingdom W1S 4JL
SKYWARD SOFTWARES LTD,16218771,active,ltd,,,2025-01-30,,2025-01-30,[62012],61 Manor Road London England N16 5BH
PRESCO SUPER STORE LTD,16218743,active,ltd,,,2025-01-30,,2025-01-30,[47210],133-135 Southampton Way London United Kingdom SE5 7EW
AKS HOLDCO LIMITED,16218797,active,ltd,,,2025-01-30,,2025-01-30,[64209],590 Green Lanes London United Kingdom N13 5RY
231 DEVELOPMENTS LTD,16218862,active,ltd,,,2025-01-30,,2025-01-30,[68100],71-75 Shelton Street London United Kingdom WC2H 9JQ
SENICITY LTD,16218884,active,ltd,,,2025-01-30,,2025-01-30,[58290, 62012],128 City Road London United Kingdom EC1V 2NX
MODERN KEEN LTD,16218904,active,ltd,,,2025-01-30,,2025-01-30,[46460, 46491, 46750, 86900],128 City Road London United Kingdom EC1V 2NX
WHEELS SHINY LTD,16218915,active,ltd,,,2025-01-30,,2025-01-30,[45320, 45400],190 Billet Road London United Kingdom E17 5DX
KINCONNECT SOLUTIONS LTD,16218954,active,ltd,,,2025-01-30,,2025-01-30,[62012],31 31 Merriam Close London United Kingdom E4 9JQ
TACTOWN PRODUCTION AND EVENTS LTD,16218952,active,ltd,,,2025-01-30,,2025-01-30,[82990],24 Balnacraig Avenue London England NW10 1TH
OCTAVIA FOODS LTD,16218970,active,ltd,,,2025-01-30,,2025-01-30,[47110],Flat 14 Octavia House London England W10 5AE
SR 41 LIMITED,16218976,active,ltd,,,2025-01-30,,2025-01-30,[68209],167-169 Great Portland Street London United Kingdom W1W 5PF
SALCOS HOMES NW LIMITED,16219036,active,ltd,,,2025-01-30,,2025-01-30,[68209],Seymour Chambers Liverpool United Kingdom L3 5NW
RAYMOND ESTATES 3 LTD,16219079,active,ltd,,,2025-01-30,,2025-01-30,[68209],4th Floor Cardinal House London United Kingdom W1S 4TE
ATYPUS LTD,16219102,active,ltd,,,2025-01-30,,2025-01-30,[70229, 73110, 82990],71-75 Shelton Street London United Kingdom WC2H 9JQ
ARKSOLID LTD,16219177,active,ltd,,,2025-01-30,,2025-01-30,[58290, 62011, 62012],71-75 Shelton Street London United Kingdom WC2H 9JQ
CAFFE & CREAM LTD,16219194,active,ltd,,,2025-01-30,,2025-01-30,[56102],Suite-2, 10 Abbey Parade London United Kingdom SW19 1DG
CLAIMS COLLECTIVE LIMITED,16219226,active,ltd,,,2025-01-30,,2025-01-30,[62020],20 Wenlock Road London England N1 7GU
FLAMES CHICKEN LTD,16219247,active,ltd,,,2025-01-30,,2025-01-30,[56102, 56103],465 Romford Road London United Kingdom E7 8AB
JOHN GORE PRODUCTIONS LIMITED,16219237,active,ltd,,,2025-01-30,,2025-01-30,[90030],10 John Street London United Kingdom WC1N 2EB
ENDMOORE PROPERTIES LIMITED,16219261,active,ltd,,,2025-01-30,,2025-01-30,[68209],Seymour Chambers Liverpool United Kingdom L3 5NW
MARTINO'S OPS LTD,16220641,active,ltd,,,2025-01-31,,2025-01-31,[56101],75 79 Dulwich Village London United Kingdom SE21 7BJ
SERENE CONTENT STUDIOS LTD,16220664,active,ltd,,,2025-01-31,,2025-01-31,[62011],3rd Floor, 86-90 Paul Street London United Kingdom EC2A 4NE
APLOS HOUSING RESOURCES LIMITED,16220682,active,ltd,,,2025-01-31,,2025-01-31,[62012],3rd Floor Marlborough House Finchley England N3 2SZ
TIFFIN HOUSE LTD,16220709,active,ltd,,,2025-01-31,,2025-01-31,[56103],9 Cazenove Road London England N16 6PA
COSIGNMRACCOUNTS LIMITED,16220704,active,ltd,,,2025-01-31,,2025-01-31,[69201],Falcon House London England SW19 3UX
DREAMS WORTH MILLIONS LTD,16220748,active,ltd,,,2025-01-31,,2025-01-31,[59200],124-128 City Road London England EC1V 2NX
FANTASY FOOTBALL CLASHES LTD,16220765,active,ltd,,,2025-01-31,,2025-01-31,[92000],Flat 5 111 Alderney Street London England SW1V 4HE
VIDSIGHT LIMITED,16220848,active,ltd,,,2025-01-31,,2025-01-31,[62012],128 City Road London United Kingdom EC1V 2NX
EMILY SHIPP LIMITED,16220847,active,ltd,,,2025-01-31,,2025-01-31,[70229, 72200, 85590, 86900],128 City Road London United Kingdom EC1V 2NX
RAMPAGE MARKETING AND EVENTS LTD,16220878,active,ltd,,,2025-01-31,,2025-01-31,[74909],128 City Road London United Kingdom EC1V 2NX
HAIR BY EUPHIE LIMITED,16220858,active,ltd,,,2025-01-31,,2025-01-31,[96020],7 Crofton Road London England SE5 8LY
BY RACHAEL LIMITED,16220871,active,ltd,,,2025-01-31,,2025-01-31,[96020],15 Henrietta Close London England SE8 3EJ
LUCIDUS LTD,16220914,active,ltd,,,2025-01-31,,2025-01-31,[63110],Level 5a Maple House London United Kingdom W1T 7NF
DIVERSIFIED REALTING LTD,16220980,active,ltd,,,2025-01-31,,2025-01-31,[64991, 68320, 77400],128 City Road London United Kingdom EC1V 2NX
G&T INVESTMENT PROPERTY LIMITED,16220971,active,ltd,,,2025-01-31,,2025-01-31,[68209],C/O Getground London England W6 0NB
HGIT RETAIL HOLDCO LIMITED,16220972,active,ltd,,,2025-01-31,,2025-01-31,[64209],8 Sackville Street London England W1S 3DG
GG-929-660 LIMITED,16220956,active,ltd,,,2025-01-31,,2025-01-31,[68209],C/O Getground London England W6 0NB
ALLEGRO ESTATES ONE LIMITED,16221016,active,ltd,,,2025-01-31,,2025-01-31,[68209],147 Stamford Hill London England N16 5LG
SEED PROPERTY DEVELOPMENT LTD,16220992,active,ltd,,,2025-01-31,,2025-01-31,[68100, 68209, 68310],128 City Road London United Kingdom EC1V 2NX
POSH PENS (UK) LIMITED,16220990,active,ltd,,,2025-01-31,,2025-01-31,[32990],71-75 Shelton Street London United Kingdom WC2H 9JQ
MOROSOLI LTD,16221045,active,ltd,,,2025-01-31,,2025-01-31,[70229],3rd Floor, 86-90 Paul Street London United Kingdom EC2A 4NE
MAYFAIR TRADE LTD,16221065,active,ltd,,,2025-01-31,,2025-01-31,[68310, 68320, 82990, 96090],20 Wenlock Road London England N1 7GU
DATAWEB AGENCY LTD,16221023,active,ltd,,,2025-01-31,,2025-01-31,[58290, 62012, 62020],71-75 Shelton Street London United Kingdom WC2H 9JQ
STUDIO 256 LTD,16221109,active,ltd,,,2025-01-31,,2025-01-31,[59112, 63990, 78109],71-75 Shelton Street London United Kingdom WC2H 9JQ
HOME EAR CARE LTD,16221126,active,ltd,,,2025-01-31,,2025-01-31,[86900],71-75 Shelton Street London United Kingdom WC2H 9JQ
HIYACO LTD,16221179,active,ltd,,,2025-01-31,,2025-01-31,[74100],71-75 Shelton Street London United Kingdom WC2H 9JQ
SLICE RWA LIMITED,16221191,active,ltd,,,2025-01-31,,2025-01-31,[62012, 82990],71-75 Shelton Street London United Kingdom WC2H 9JQ
HOPE VILLAGE HOUSING LTD,16221214,active,ltd,,,2025-01-31,,2025-01-31,[55202, 55900],71-75 Shelton Street London United Kingdom WC2H 9JQ
BURTON ADVISORY LIMITED,16221220,active,ltd,,,2025-01-31,,2025-01-31,[70229],20 Walpole Street London England SW3 4QP
RC SEARCH SOLUTIONS LTD,16197604,active,ltd,,,2025-01-21,,2025-01-21,[63990],Zlr Studios London England NW6 1TB
HGIT LEEDS LIMITED,16221247,active,ltd,,,2025-01-31,,2025-01-31,[68320],8 Sackville Street London England W1S 3DG
PERMANENT CAPITAL LIMITED,16221283,active,ltd,,,2025-01-31,,2025-01-31,[64209],291 Green Lanes London England N13 4XS
EFNAN LTD,16221255,active,ltd,,,2025-01-31,,2025-01-31,[70229, 82990, 96090],Office 408, Screenworks 22 Highbury Grove London United Kingdom N5 2ER
HVV LIMITED,16221301,active,ltd,,,2025-01-31,,2025-01-31,[86900],99 Cathles Road London England SW12 9LF
ECOBARRIER LTD,16221322,active,ltd,,,2025-01-31,,2025-01-31,[72190, 77400],13 Laburnum Gardens London England N21 3HU
HNI VENTURES LTD,16221308,active,ltd,,,2025-01-31,,2025-01-31,[96090],20 Wenlock Road London England N1 7GU
SATTUBETV TECHNOLOGIES LTD,16221350,active,ltd,,,2025-01-31,,2025-01-31,[58190, 62012, 62090, 63110],71-75 Shelton Street London United Kingdom WC2H 9JQ
NAINTEK SOLUTIONS LTD,16221381,active,ltd,,,2025-01-31,,2025-01-31,[62020, 62090],Naintek Solutions Ltd, London United Kingdom E1 0SG
SENTINEL STORAGE LTD,16221376,active,ltd,,,2025-01-31,,2025-01-31,[52103, 52290],71-75 Shelton Street London United Kingdom WC2H 9JQ
DHARA SEEDS LTD,16221389,active,ltd,,,2025-01-31,,2025-01-31,[47210, 47760],71-75 Shelton Street London United Kingdom WC2H 9JQ
FOCUS DRIVING INSTRUCTORS LTD,16221390,active,ltd,,,2025-01-31,,2025-01-31,[85530],2nd Floor College House Ruislip, United Kingdom HA4 7AE
23 WEALTH ADVISORY LIMITED,16221399,active,ltd,,,2025-01-31,,2025-01-31,[69201, 69203, 70221],71-75 Shelton Street London United Kingdom WC2H 9JQ
KELSE LONDON LTD,16221411,active,ltd,,,2025-01-31,,2025-01-31,[14190, 47710, 47910, 82990],Unit D05 Mainyard Studios Unit D3 Curie House London United Kingdom E9 5LN
DIRAH BETACHTONIM LTD,16221425,active,ltd,,,2025-01-31,,2025-01-31,[68100, 68209],37 Norfolk Avenue London England N15 6JX
CALLEAN MEDIA LTD,16221431,active,ltd,,,2025-01-31,,2025-01-31,[60200, 62020],20 Wenlock Road London England N1 7GU
APEX WORKPLACE SOLUTIONS LTD,16221533,active,ltd,,,2025-01-31,,2025-01-31,[81210, 81222, 81300],128 City Road London United Kingdom EC1V 2NX
CLUBBED PETLEY ROAD LIMITED,16221588,active,ltd,,,2025-01-31,,2025-01-31,[41100, 68100, 68209],Devonshire House Stanmore England HA7 1JS
INSTANT PROTECT CONTROL LTD,16221640,active,ltd,,,2025-01-31,,2025-01-31,[25120, 80200, 84250],128 City Road London United Kingdom EC1V 2NX
SINDI PROPERTIES LTD,16221628,active,ltd,,,2025-01-31,,2025-01-31,[68100, 68209],Flat 5 Speakman House London England E2 7EW
FASHION GATE UK LTD,16221676,active,ltd,,,2025-01-31,,2025-01-31,[13990],60 Mill Mead Road London United Kingdom N17 9QU
SEVYN SHOP LTD,16221687,active,ltd,,,2025-01-31,,2025-01-31,[47910],Flat 8, 36, Samuel Court Pitfield Street London United Kingdom N1 6EQ
PAYID LIMITED,16221681,active,ltd,,,2025-01-31,,2025-01-31,[62012, 62020, 63120, 63990],128 City Road London United Kingdom EC1V 2NX
CHISWELL BROS CONSTRUCTION LTD,16221750,active,ltd,,,2025-01-31,,2025-01-31,[41100, 68209],2nd Floor College House Ruislip, United Kingdom HA4 7AE
NEKOKO LTD,16221739,active,ltd,,,2025-01-31,,2025-01-31,[61200, 62012, 63110],128 City Road London United Kingdom EC1V 2NX
INVOLTZ UK LTD,16221743,active,ltd,,,2025-01-31,,2025-01-31,[62090, 70229, 77390, 82990],3rd Floor, 86-90 Paul Street London England EC2A 4NE
SEED RECORDS AND DIGITAL ASSET MANAGEMENT LIMITED,16221815,active,ltd,,,2025-01-31,,2025-01-31,[62090],86 Gloucester Place London England W1U 6HP
STICKWOLL LTD,16221827,active,ltd,,,2025-01-31,,2025-01-31,[47530],167-169 Great Portland Street London England W1W 5PF
EV + PARTNERS LIMITED,16221792,active,ltd,,,2025-01-31,,2025-01-31,[70229],Acre House London United Kingdom NW1 3ER
SEAMLESS RECRUITMENT SOLUTIONS LTD,16221870,active,ltd,,,2025-01-31,,2025-01-31,[78109],3rd Floor, 86-90 Paul Street London United Kingdom EC2A 4NE
PALODESIGNS LIMITED,16221869,active,ltd,,,2025-01-31,,2025-01-31,[47910, 58190, 74100, 90030],71-75 Shelton Street London United Kingdom WC2H 9JQ
DERMA INDEX LTD,16221912,active,ltd,,,2025-01-31,,2025-01-31,[58120, 82990],167-169 Great Portland Street London England W1W 5PF
SOLIDAR GLOBAL LTD,16221880,active,ltd,,,2025-01-31,,2025-01-31,[62012, 62020, 62090, 63110],71-75 Shelton Street London United Kingdom WC2H 9JQ
ANAKKO LTD,16221939,active,ltd,,,2025-01-31,,2025-01-31,[47910],71-75 Shelton Street London United Kingdom WC2H 9JQ
BRICKHAVEN VENTURES LIMITED,16221917,active,ltd,,,2025-01-31,,2025-01-31,[68209],C/O Getground London England W6 0NB
TIDAL BAY CONSULTING LIMITED,16221926,active,ltd,,,2025-01-31,,2025-01-31,[70229],2nd Floor College House Ruislip, United Kingdom HA4 7AE
BOHEMIAN MINDS LIMITED,16221983,active,ltd,,,2025-01-31,,2025-01-31,[62020],Flat 14, Braemar House, 10 Manor Road Teddington England TW11 8BQ
IMPERIUM CARE LTD,16222016,active,ltd,,,2025-01-31,,2025-01-31,[86220],128 City Road London United Kingdom EC1V 2NX
SJ CONSULT SERVICES LTD,16222037,active,ltd,,,2025-01-31,,2025-01-31,[70229],167-169 Great Portand Street London United Kingdom W1W 5PF
WATCHTOWR LIMITED,16222049,active,ltd,,,2025-01-31,,2025-01-31,[62090],4th Floor Silverstream House London United Kingdom W1T 6EB
LJS STUDIOS LTD,16222055,active,ltd,,,2025-01-31,,2025-01-31,[62012, 62020, 62090],20 Wenlock Road London England N1 7GU
HOMORA PROPERTIES LTD,16222073,active,ltd,,,2025-01-31,,2025-01-31,[68209, 68310, 68320],71-75 Shelton Street London United Kingdom WC2H 9JQ
DUNMOW FLAMES LTD,16222108,active,ltd,,,2025-01-31,,2025-01-31,[56101],500 White Hart Lane London England N17 7NA
BRIXHAM HEIGHTS INVESTMENTS LIMITED,16222118,active,ltd,,,2025-01-31,,2025-01-31,[99999],29 York Street London United Kingdom W1H 1EZ
SPARKJAR LIMITED,16222146,active,ltd,,,2025-01-31,,2025-01-31,[70229],41 Solon Road London United Kingdom SW2 5UU
QUANTUMXL LTD,16222143,active,ltd,,,2025-01-31,,2025-01-31,[62020, 62090],128 City Road London United Kingdom EC1V 2NX
I DO DIGITAL LTD,16222155,active,ltd,,,2025-01-31,,2025-01-31,[70229, 74100, 74901, 74909],71-75 Shelton Street London United Kingdom WC2H 9JQ
COMBAT TIX LTD,16222156,active,ltd,,,2025-01-31,,2025-01-31,[62011, 62012, 62090],128 City Road London United Kingdom EC1V 2NX
GMF CAPITAL HOLDINGS LTD,16222348,active,ltd,,,2025-01-31,,2025-01-31,[70100],24 Wandsworth Bridge Road London England SW6 2TJ
GMK SU LTD,16222335,active,ltd,,,2025-01-31,,2025-01-31,[56103],Gmk Burger Van In The Community House Car Park London England N9 0PZ
MA CLEANING MAINTENANCE LTD,16222343,active,ltd,,,2025-01-31,,2025-01-31,[81210],80 Gleneldon Road London England SW16 2BE
KYASH STORE LIMITED,16222356,active,ltd,,,2025-01-31,,2025-01-31,[47910],85 Great Portland Street London England W1W 7LT
NAAA SPV LIMITED,16222648,active,ltd,,,2025-01-31,,2025-01-31,[68100, 68209],63 Prestbury Road London England E7 8NQ
TANK TOP CREATOR NETWORK LIMITED,16215325,active,ltd,,,2025-01-29,,2025-01-29,[62020],5 Brayford Square London England E1 0SG
DISTILLERY N17 LTD,16222198,active,ltd,,,2025-01-31,,2025-01-31,[56302],Unit 25 Mill Mead Road London England N17 9QU
KYULEV INTERIORS DESIGN LTD,16222373,active,ltd,,,2025-01-31,,2025-01-31,[43390],54 Perth Road London United Kingdom E13 9DS
TAYLIB PROPERTIES LTD,16222659,active,ltd,,,2025-01-31,,2025-01-31,[68209],29 Oakwood Park Road London England N14 6QB
DK MAX LTD,16190445,active,ltd,,,2025-01-17,,2025-01-17,[41202],8 Royal Parade London United Kingdom W5 1ET
POPELO LTD,16163967,active,ltd,,,2025-01-06,,2025-01-06,[71111],Unit 13, 2nd Floor 18-24 Shacklewell Lane London United Kingdom E8 2EZ
MAKTHARIS LIMITED,16162423,active,ltd,,,2025-01-03,,2025-01-03,[62020],563 Chiswick High Road London United Kingdom W4 3AY
RADIANCE PROPERTY INVESTMENTS LIMITED,16170947,active,ltd,,,2025-01-08,,2025-01-08,[68209],27 Hill Street London United Kingdom W1J 5LP
SJS INVESTMENT SOLUTIONS LIMITED,16204047,active,ltd,,,2025-01-23,,2025-01-23,[82911],Firstfloor, 85 Great Portland Street London United Kingdom W1W 7LT
KEYZLOGISTICS LTD,16222413,active,ltd,,,2025-01-31,,2025-01-31,[86900],39 Furneaux Avenue London United Kingdom SE27 0EQ
ROSE BLOCK LTD,16222404,active,ltd,,,2025-01-31,,2025-01-31,[68100, 68209, 68320],2 Jessam Avenue London England E5 9DU
STRAIGHTFORWARD MAINTENANCE LTD,16222584,active,ltd,,,2025-01-31,,2025-01-31,[43999],79 Abbots Park London England SW2 3QY
PROSPECT PROPERTY SOURCING LTD,16222487,active,ltd,,,2025-01-31,,2025-01-31,[82990],71-75 Shelton Street London United Kingdom WC2H 9JQ
HB PRODUCTION HUB LTD,16222605,active,ltd,,,2025-01-31,,2025-01-31,[74100],Flat 16 Burney House London England SW2 4BT
MINTY HOMES LIMITED,16176606,active,ltd,,,2025-01-10,,2025-01-10,[68100],Flat 49 Saddlers House London England E20 1AX
PALM TREE ROAD LTD,16166245,active,ltd,,,2025-01-06,,2025-01-06,[46390],23 Mayfield Road London England N8 9LL
SPECTRUM EDUCATION LTD,16222127,active,ltd,,,2025-01-31,,2025-01-31,[85320, 85590, 85600],24 Douglas Avenue London England E17 5BW
PMO HIVE LTD,16222132,active,ltd,,,2025-01-31,,2025-01-31,[70229],53 Valentine House 2 Sands End Lane London England SW6 2QH
REGEEN LTD,16210352,active,ltd,,,2025-01-27,,2025-01-27,[96020],124 City Road London England EC1V 2NX
QUIKON LIMITED,16217168,active,ltd,,,2025-01-29,,2025-01-29,[47910],Office 11459 182-184 High Street North, East Ham London England E6 2JA
RUACH HOMES LTD,16159095,active,ltd,,,2025-01-02,,2025-01-02,[68100, 68209],128 128 City Road, London, Ec1v 2nx London United Kingdom EC1V 2NX
MAASH ENGINEERING CONSULTANTS LTD,16176310,active,ltd,,,2025-01-10,,2025-01-10,[70229, 71122, 71129, 77320],4 Princes Street London England W1B 2LE
MW WEALTH PARTNERS LTD,16190648,active,ltd,,,2025-01-17,,2025-01-17,[64999],128 City Road London England EC1V 2NX
THE BREAD BOX LONDON LTD,16184984,active,ltd,,,2025-01-15,,2025-01-15,[10710],45 Fitzroy Street London England W1T 6EB
FORTYS CAPITAL 4 LIMITED,16192202,active,ltd,,,2025-01-17,,2025-01-17,[64999],First Floor, Marlborough House London England N3 2SZ
YAN COSMETICS LONDON LTD,16214472,active,ltd,,,2025-01-28,,2025-01-28,[47750],124 City  Road London United Kingdom EC1V 2NX
LOLA DESTINY CARE LIMITED,16167136,active,ltd,,,2025-01-06,,2025-01-06,[86900],14 Broke Walk London England E8 4SJ
ROSS AND CO RETAIL SALES LTD,16194446,active,ltd,,,2025-01-20,,2025-01-20,[47789],29b Leighton Gardens London England NW10 3PX
JPSC DEVELOPMENTS LTD,16222361,active,ltd,,,2025-01-31,,2025-01-31,[68100],Flat 2.01 1 Columbia Gardens London England SW6 1FA
ALTEC EXPERTISE LTD,16206513,active,ltd,,,2025-01-24,,2025-01-24,[62020, 62090],First Floor Office Number 7 London United Kingdom SW6 4HH
UNITED SPACE FINANCE LIMITED,16211247,active,ltd,,,2025-01-27,,2025-01-27,[30300, 62090],Broadfield Law Uk Llp London United Kingdom EC1A 7BL
BABE & BEYOND LTD,16217512,active,ltd,,,2025-01-29,,2025-01-29,[59112, 85590, 86900, 96040],Ground Floor Office Reading England RG1 5BY
KOALA FOR WORK LTD,16171311,active,ltd,,,2025-01-08,,2025-01-08,[58290],86-90 Paul Street London United Kingdom EC2A 4NE
MIRACLE RUM COMPANY LTD,16222184,active,ltd,,,2025-01-31,,2025-01-31,[46342],36 London Road Braintree United Kingdom CM7 2LG
HAPPY HOUSEKEEPING (DANBURY & LT. BADDOW) LTD,16158772,active,ltd,,,2025-01-02,,2025-01-02,[81210],1434 London Road Leigh-On-Sea England SS9 2UL
MAKAAN ESTATES LTD,16164750,active,ltd,,,2025-01-06,,2025-01-06,[68320],186a Haverstock Hill London England NW3 2AL
PAGEPOINT LTD,16173758,active,ltd,,,2025-01-09,,2025-01-09,[68100, 68209, 68320],5the Floor 167-169 Great Portland Street London England W1W 5PF
R&N MAINTENANCE SERVICES LIMITED,16176898,active,ltd,,,2025-01-10,,2025-01-10,[33140],620 Western Avenue London England W3 0TE
APRENDY LTD,16159366,active,ltd,,,2025-01-02,,2025-01-02,[62012],124 City Road London England EC1V 2NX
FETALFIRST LIMITED,16158461,active,ltd,,,2025-01-01,,2025-01-01,[62090],3rd Floor, 45 Albemarle Street, London 3rd Floor London United Kingdom W1S 4JL
KNULL LIMITED,16173977,active,ltd,,,2025-01-09,,2025-01-09,[47990, 62020, 70229],128 City Road London United Kingdom EC1V 2NX
THE JACKET SELLER LTD,16174052,active,ltd,,,2025-01-09,,2025-01-09,[47910],283 New North Road London England N1 7AA
HAMPDEN GREEN PROPERTY LTD,16174059,active,ltd,,,2025-01-09,,2025-01-09,[68209],71-75 Shelton Street London United Kingdom WC2H 9JQ
LITTLECOTE MUSIC LTD,16174131,active,ltd,,,2025-01-09,,2025-01-09,[59200],C/O City, Chartered Accountants, London United Kingdom W1B 5TF
THE KINETIC BLUEPRINT LIMITED,16173387,active,ltd,,,2025-01-09,,2025-01-09,[47190],5th Floor, 167-169 Great Portland Street London England W1W 5PF
SONGBIRD VS RATTLESNAKE UK LIMITED,16174528,active,ltd,,,2025-01-10,,2025-01-10,[59111],7 Savoy Court London United Kingdom WC2R 0EX
BD WARREN FARM LTD,16174517,active,ltd,,,2025-01-10,,2025-01-10,[41202],Lynton House London United Kingdom WC1H 9BQ
PRIDE FM LIMITED,16174559,active,ltd,,,2025-01-10,,2025-01-10,[60100],Suite 303 Pill Box Studios London England E2 6GH
SOL N M LTD,16174589,active,ltd,,,2025-01-10,,2025-01-10,[47910],24, 2, Cape House Cunningham Avenue London United Kingdom E16 2PS
FEIYUN LTD,16174584,active,ltd,,,2025-01-10,,2025-01-10,[47890],71-75 Shelton Street London United Kingdom WC2H 9JQ
MARK D NEWMAN LTD,16174570,active,ltd,,,2025-01-10,,2025-01-10,[68209],71-75 Shelton Street London United Kingdom WC2H 9JQ
MD FLORAL EXPRESSIONS LTD,16174577,active,ltd,,,2025-01-10,,2025-01-10,[46220],10 Walford Road London United Kingdom N16 8ED
LION EVENTS SOLUTIONS UK LTD,16174874,active,ltd,,,2025-01-10,,2025-01-10,[82990],128 City Road London United Kingdom EC1V 2NX
HAPPILY EVER AFTER BOOKS LTD,16174897,active,ltd,,,2025-01-10,,2025-01-10,[47610],20 Wenlock Road London England N1 7GU
JVL PROPERTIES LIMITED,16175039,active,ltd,,,2025-01-10,,2025-01-10,[41100, 68100, 68209],Westwoods London Road Bishop's Stortford England CM23 4AU
BRAVO DOG TRAINING LIMITED,16175049,active,ltd,,,2025-01-10,,2025-01-10,[96090],71-75 Shelton Street London United Kingdom WC2H 9JQ
REPAIR CARBON CREDITS LIMITED,16175224,active,ltd,,,2025-01-10,,2025-01-10,[74901],170 Finchley Road London England NW3 6BP
ROOTNOTE LTD,16175388,active,ltd,,,2025-01-10,,2025-01-10,[64209],869 High Road London United Kingdom N12 8QA
HIERNO LTD,16175400,active,ltd,,,2025-01-10,,2025-01-10,[47910],2nd Floor College House Ruislip, United Kingdom HA4 7AE
PIC CHILDCARE LTD,16175398,active,ltd,,,2025-01-10,,2025-01-10,[88910],Flat 15 Clive House London England SE10 9RH
LEVO GROWTH PARTNERS LIMITED,16175378,active,ltd,,,2025-01-10,,2025-01-10,[82990],6th Floor 9 Appold Street London United Kingdom EC2A 2AP
ALFA WEALTH LTD,16175677,active,ltd,,,2025-01-10,,2025-01-10,[64999],9 Cavendish Avenue London United Kingdom N3 3QP
EVIL TECH CORP LTD,16175692,active,ltd,,,2025-01-10,,2025-01-10,[62020],86-90 3rd Floor London England EC2A 4NE
H2SMART LTD,16175713,active,ltd,,,2025-01-10,,2025-01-10,[71122, 74100],128 City Road London United Kingdom EC1V 2NX
CHOOSEYOU SERVICES LTD,16175723,active,ltd,,,2025-01-10,,2025-01-10,[85310, 85410, 85510, 85600],128 City Road London United Kingdom EC1V 2NX
EVERITTS CARPENTRY AND BUILDING LIMITED,16175728,active,ltd,,,2025-01-10,,2025-01-10,[16230],2 Ambleside Avenue London England SW16 6AD
RASPBERRY BUSINESS SUPPORT LTD,16176029,active,ltd,,,2025-01-10,,2025-01-10,[82110],Suite 12 & 13 Regents Business Park Nantwich United Kingdom CW5 6LW
ANKALIFE IVF (UK) LIMITED,16176010,active,ltd,,,2025-01-10,,2025-01-10,[86220],239-241 Kennington Lane London United Kingdom SE11 5QU
4EVER CARE HOME LTD,16176330,active,ltd,,,2025-01-10,,2025-01-10,[87900],128 City Road London United Kingdom EC1V 2NX
KERRRICO IMPORTS LTD,16176355,active,ltd,,,2025-01-10,,2025-01-10,[47910],86-90 Paul Street London England EC2A 4NE
JHTC LIMITED,16176338,active,ltd,,,2025-01-10,,2025-01-10,[85510],17 Leeland Mansions West Ealing United Kingdom W13 9HE
CAMPBELL SMITH HOLDINGS LTD,16176348,active,ltd,,,2025-01-10,,2025-01-10,[68100],20 Wenlock Road London England N1 7GU
KRBN HOLDINGS LTD,16176472,active,ltd,,,2025-01-10,,2025-01-10,[64303],20 Wenlock Road London England N1 7GU
CAPUMBRELLA LTD,16176616,active,ltd,,,2025-01-10,,2025-01-10,[66300],128 City Road London United Kingdom EC1V 2NX
JA TECH POINT LTD,16176883,active,ltd,,,2025-01-10,,2025-01-10,[33190, 95220],2 High Street London England W3 6LJ
INEX DESIGN TEAM LTD,16176867,active,ltd,,,2025-01-10,,2025-01-10,[41100],128 City Road London United Kingdom EC1V 2NX
180 STUDIOS SOFTWARE (UK) LIMITED,16177041,active,ltd,,,2025-01-10,,2025-01-10,[62012],124 Finchley Road London England NW3 5JS
6 MEPHAM INVEST LTD,16173926,active,ltd,,,2025-01-09,,2025-01-09,[68100],13 Denver Road London England N16 5JL
MICO STEEL FIXING LTD,16173891,active,ltd,,,2025-01-09,,2025-01-09,[41201, 43290],8 Herbert Road London England NW9 6AD
APEX AEROSPACE LTD,16173948,active,ltd,,,2025-01-09,,2025-01-09,[62012],C/O Agp Consulting Brentford United Kingdom TW8 0GP
MBYS ACCESSORIES LTD,16174436,active,ltd,,,2025-01-09,,2025-01-09,[47190],Flat 8a Richmond Mansions London England SW5 9HL
CITY PAWS STORE LIMITED,16174467,active,ltd,,,2025-01-09,,2025-01-09,[47760],98 Alexandra Park Road London England N10 2AE
BEYOND PROVENANCE LTD,16174727,active,ltd,,,2025-01-10,,2025-01-10,[68209],First Floor London United Kingdom EC4M 7RD
10 CLARE CO LTD,16174841,active,ltd,,,2025-01-10,,2025-01-10,[68100, 68209],14 Atherstone Mews London England SW7 5BX
CROWN LAWN CARE SERVICES LIMITED,16174836,active,ltd,,,2025-01-10,,2025-01-10,[78200],C/O Baloch 38 Corbidge Court Greenwich United Kingdom SE8 3ES
ELLE LEO INVESTMENTS LTD,16175086,active,ltd,,,2025-01-10,,2025-01-10,[96020],Atlantic Business Centre London England E4 7ES
ELP PROJECT CO2 LIMITED,16175466,active,ltd,,,2025-01-10,,2025-01-10,[35110],101 New Cavendish Street London United Kingdom W1W 6XH
SVS PROPERTY LTD,16175624,active,ltd,,,2025-01-10,,2025-01-10,[68100, 68209, 68320, 98000],94 Wheatley Close London United Kingdom NW4 4LF
HAINES & GOPTHAL LTD,16175639,active,ltd,,,2025-01-10,,2025-01-10,[47910],71-75 Shelton Street London United Kingdom WC2H 9JQ
SAVING TRADE INTERNATIONAL MEDIA AND SHIPPING LIMITED,16175932,active,ltd,,,2025-01-10,,2025-01-10,[46900, 52290, 73110, 93191],71-75 Shelton Street London United Kingdom WC2H 9JQ
YOU LOOK HOT LTD,16176046,active,ltd,,,2025-01-10,,2025-01-10,[47990],6 Heathview Gardens London England SW15 3SZ
VELARYN LTD,16176035,active,ltd,,,2025-01-10,,2025-01-10,[70229, 74909],86-90 Paul Street London England EC2A 4NE
AMELIA IRELAND LIMITED,16176065,active,ltd,,,2025-01-10,,2025-01-10,[58110],Flat 5 Langan House London England E14 7RB
PAIPA LIMITED,16176051,active,ltd,,,2025-01-10,,2025-01-10,[62012, 62020, 82110, 82990],71-75 Shelton Street London United Kingdom WC2H 9JQ
ANKA REALTY LIMITED,16176262,active,ltd,,,2025-01-10,,2025-01-10,[68100, 68209],239-241 Kennington Lane London United Kingdom SE11 5QU
STARLINK PROPERTY LTD,16176251,active,ltd,,,2025-01-10,,2025-01-10,[68100],19 Plumstead Road London England SE18 7BZ
LABORATORY11 LTD,16176226,active,ltd,,,2025-01-10,,2025-01-10,[47710, 47910, 58290, 74100],Apartment A.07.08 Capella Court London Camden United Kingdom N1C 4EL
CASEPHORIA LTD,16176437,active,ltd,,,2025-01-10,,2025-01-10,[47910],Demsa Accounts London England N8 0RL
PMV HEALTH & FITNESS LTD,16176592,active,ltd,,,2025-01-10,,2025-01-10,[93130],3rd Floor, 86-90 Paul Street London United Kingdom EC2A 4NE
ZAMINA BEAUTY LTD,16176684,active,ltd,,,2025-01-10,,2025-01-10,[96020],500 White Hart Lane London England N17 7NA
ZEUSIAN ANALYTICS LTD,16176696,active,ltd,,,2025-01-10,,2025-01-10,[63990, 74909],85 Great Portland Street London England W1W 7LT
DEEPGATE LIMITED,16176707,active,ltd,,,2025-01-10,,2025-01-10,[62012, 72190],Flat 7 James Boswell House 118-122 Great Portland Street London England W1W 6PW
BAKER HUGHES EUR FINANCE LIMITED,16176680,active,ltd,,,2025-01-10,,2025-01-10,[64999],10th Floor, 245 Hammersmith Road London England W6 8PW
UK LIFESTYLE LIMITED,16177028,active,ltd,,,2025-01-10,,2025-01-10,[96090],144-146 King's Cross Road London England WC1X 9DU
THE GARDEN GREEN COFFEE LTD,16177211,active,ltd,,,2025-01-10,,2025-01-10,[56102],137a Tredegar Road London England E3 2EU
GMG PROJECTS LTD,16177342,active,ltd,,,2025-01-10,,2025-01-10,[59200],27 Conway Street London England W1T 6BW
E CUKA CONSTRUCTION LTD,16177547,active,ltd,,,2025-01-11,,2025-01-11,[43999],4 Brentfield Gardens London England NW2 1JP
LION BUILD LTD,16174229,active,ltd,,,2025-01-09,,2025-01-09,[41100],5 Brayford Square London England E1 0SG
KURU FISH LTD,16174269,active,ltd,,,2025-01-09,,2025-01-09,[56103],489 Hale End Road London United Kingdom E4 9PT
ALPHA MULTISERVICE CONSTRUCTION LTD,16174329,active,ltd,,,2025-01-09,,2025-01-09,[41202, 43999],56 Wolsey Avenue London England E6 6AJ
NEWKEY HOUSING LTD,16174391,active,ltd,,,2025-01-09,,2025-01-09,[68100],38 Knightland Road London England E5 9HS
EXPERT INTERNATIONAL CONTRACTING & TRADING LTD,16174608,active,ltd,,,2025-01-10,,2025-01-10,[82990],20 Wenlock Road London England N1 7GU
SPYCKER GROUP UK LTD,16174624,active,ltd,,,2025-01-10,,2025-01-10,[74909],6th Floor 125 Wood Street London United Kingdom EC2V 7AN
VITAMARIS.CO LTD,16174610,active,ltd,,,2025-01-10,,2025-01-10,[46160, 52290, 70229],Office 408, Screenworks 22 Highbury Grove London United Kingdom N5 2ER
BEHAVIOURAL SCIENCE AND ME LTD,16174602,active,ltd,,,2025-01-10,,2025-01-10,[73200, 74909],3rd Floor, 86-90 Paul Street London United Kingdom EC2A 4NE
KOFS LIMITED,16174915,active,ltd,,,2025-01-10,,2025-01-10,[82990],3 Railton Road Brixton United Kingdom SE24 0LN
VISIONARY PAYROLL LTD,16174920,active,ltd,,,2025-01-10,,2025-01-10,[69202],35 Grafton Way London England W1T 5DB
ENOWELL SONIC LIMITED,16174911,active,ltd,,,2025-01-10,,2025-01-10,[28290, 28960, 46520, 71200],Office Suite 29a, 3/F., 23 Wharf Street London England SE8 3GG
M&K DESIGN LTD,16175106,active,ltd,,,2025-01-10,,2025-01-10,[74100],Flat D London United Kingdom SW18 4SU
TINY FILM PRODUCTIONS LTD,16175105,active,ltd,,,2025-01-10,,2025-01-10,[59112],70 Maida Vale London United Kingdom W9 1PR
ELP PROJECTCO1 LIMITED,16175292,active,ltd,,,2025-01-10,,2025-01-10,[35110],101 New Cavendish Street London United Kingdom W1W 6XH
KENPORTT LIMITED,16175310,active,ltd,,,2025-01-10,,2025-01-10,[70229],Suite 3b Ground Floor London United Kingdom W3 6LG
SOLE OUTLET LTD,16175295,active,ltd,,,2025-01-10,,2025-01-10,[46450, 47910],124 City Road London United Kingdom EC1V 2NX
EX-FIGHTARTS LIMITED,16175279,active,ltd,,,2025-01-10,,2025-01-10,[96040],1st Floor, Gallery Court London United Kingdom N3 2FG
DEGAS THREE LIMITED,16165482,active,ltd,,,2025-01-06,,2025-01-06,[86900],Silverstream House 4th Floor London England W1T 6EB
ELP PROJECT CO3 LIMITED,16175583,active,ltd,,,2025-01-10,,2025-01-10,[35110],101 New Cavendish Street London United Kingdom W1W 6XH
IBV FORDGATE SOLAR LIMITED,16175873,active,ltd,,,2025-01-10,,2025-01-10,[35110],2nd Floor 127 Cheapside London United Kingdom EC2V 6BT
ALPSTEIN INVESTMENT LIMITED,16175872,active,ltd,,,2025-01-10,,2025-01-10,[98000],38 Pickard Close London England N14 6JG
P.A.V.E MUSIC MOVEMENT LTD,16175851,active,ltd,,,2025-01-10,,2025-01-10,[90010, 90030, 93199],70 Wood Street London England E17 3HT
SUCCESS 33 LTD,16175988,active,ltd,,,2025-01-10,,2025-01-10,[96090],Basement London England N16 6JA
DOME CONSTRUCTION SOLUTIONS LTD,16176113,active,ltd,,,2025-01-10,,2025-01-10,[41100],128 City Road London United Kingdom EC1V 2NX
OLIVE AND RUFUS LIMITED,16176114,active,ltd,,,2025-01-10,,2025-01-10,[47910],71-75 Shelton Street London England WC2H 9JQ
WIMBORNE GARDENS LTD,16176293,active,ltd,,,2025-01-10,,2025-01-10,[68100],12 Egerton Gardens London England W13 8HQ
45WW LTD,16176410,active,ltd,,,2025-01-10,,2025-01-10,[82990],45 Wordsworth Avenue London England E18 2HD
BUSINESS INNOV8R LTD,16176643,active,ltd,,,2025-01-10,,2025-01-10,[74100, 82990],124 City Road London United Kingdom EC1V 2NX
MOANDA LTD,16176645,active,ltd,,,2025-01-10,,2025-01-10,[62012, 62020],128 City Road London United Kingdom EC1V 2NX
TOTTENHAM KEBAB LTD,16176648,active,ltd,,,2025-01-10,,2025-01-10,[56103],500 White Hart Lane London England N17 7NA
PATHMARAJ PROPERTIES LTD,16176650,active,ltd,,,2025-01-10,,2025-01-10,[68100],22 Alington Crescent London England NW9 8JN
BUILT BY YORK LTD,16176636,active,ltd,,,2025-01-10,,2025-01-10,[93110, 93130],88 Charlmont Road Tooting United Kingdom SW17 9AB
RITMA LTD,16176813,active,ltd,,,2025-01-10,,2025-01-10,[96090],71-75 Shelton Street London United Kingdom WC2H 9JQ
NEWSUM LTD,16176833,active,ltd,,,2025-01-10,,2025-01-10,[41100],71-75 Shelton Street London United Kingdom WC2H 9JQ
OUTSIDE YOUR LIMITS LTD,16176824,active,ltd,,,2025-01-10,,2025-01-10,[85590],71-75 Shelton Street London United Kingdom WC2H 9JQ
SAIFTECH LTD,16177109,active,ltd,,,2025-01-10,,2025-01-10,[43210, 96090],414 Barking Road London England E13 8HJ
GLN RENTALS LIMITED,16177322,active,ltd,,,2025-01-10,,2025-01-10,[77110],71-75 Shelton Street London England WC2H 9JQ
CLOUD O HOMES LIMITED,16177356,active,ltd,,,2025-01-11,,2025-01-11,[55100, 68100, 68209, 68320],Mail Box 1672 275 New North Road London United Kingdom N1 7AA
BRAHA PROPERTY MAINTENANCE LTD,16177419,active,ltd,,,2025-01-11,,2025-01-11,[41201, 41202],10 Marlborough Road London England N9 9PT
ALL GOOD AGRICULTURE LTD,16177606,active,ltd,,,2025-01-11,,2025-01-11,[46110, 46190, 46210, 46370],124-128 City Road London England EC1V 2NX
FRONTIER WAYS LTD,16174017,active,ltd,,,2025-01-09,,2025-01-09,[70229],80 Coleman Street London United Kingdom EC2R 5BJ
HEATH AND SIDDLE LTD,16174024,active,ltd,,,2025-01-09,,2025-01-09,[70229],49b Allen Road London England N16 8RX
KELL KAPITAL PARTNERS LIMITED,16174086,active,ltd,,,2025-01-09,,2025-01-09,[64999],128 City Road London United Kingdom EC1V 2NX
BRIAR CUTS LIMITED,16174093,active,ltd,,,2025-01-09,,2025-01-09,[96020],240 Brixton Road London England SW9 6AH
LISA DT LTD,16174343,active,ltd,,,2025-01-09,,2025-01-09,[68100],217 Western Road London United Kingdom SW19 2QD
CAMR LIMITED,16174444,active,ltd,,,2025-01-09,,2025-01-09,[70229],55 New Park Avenue London England N13 5ND
LEDGER FINDERS LTD,16174779,active,ltd,,,2025-01-10,,2025-01-10,[62020],39 Lilestone Street London England NW8 8SS
TRIDENT PRODUCTIONS LIMITED,16174963,active,ltd,,,2025-01-10,,2025-01-10,[58190, 59111, 59112],167-169 Great Portland Street London England W1W 5PF
NXT CORPORATION LTD,16174971,active,ltd,,,2025-01-10,,2025-01-10,[70229],85 Great Portland Street London England W1W 7LT
TJ HOME IMPROVEMENTS & MANAGEMENT LTD,16174950,active,ltd,,,2025-01-10,,2025-01-10,[43290, 43390, 68320],124 City Road London London London United Kingdom EC1V 2NX
WILD EMBER GROUP LIMITED,16175203,active,ltd,,,2025-01-10,,2025-01-10,[69202, 82990],C/O Cwa Lockkeepers Cottage Waltham Abbey United Kingdom EN9 1FJ
AJS CONSULTING & ADVISORY LTD,16175178,active,ltd,,,2025-01-10,,2025-01-10,[70229],27 Old Gloucester Street London United Kingdom WC1N 3AX
DIMI INTERIORS LIMITED,16175348,active,ltd,,,2025-01-10,,2025-01-10,[41201],15 Mantle Way London England E15 4BT
GABBINI LTD,16175368,active,ltd,,,2025-01-10,,2025-01-10,[70229],4 Apollo Court London United Kingdom NW2 6TP
SEQUOIAS GLOBAL LTD,16175353,active,ltd,,,2025-01-10,,2025-01-10,[99999],167-169 Great Portland Street London England W1W 5PF
DCX UK L4 LTD,16175519,active,ltd,,,2025-01-10,,2025-01-10,[41100],2 Michael Manley Industrial Estate London United Kingdom SW8 4TU
RECLEAN LIMITED,16175652,active,ltd,,,2025-01-10,,2025-01-10,[97000],Suite G04 1 Quality Court, Chancery Lane London England WC2A 1HR
VIANNEY REAL ESTATE LTD,16175824,active,ltd,,,2025-01-10,,2025-01-10,[68209],20 Wenlock Road London England N1 7GU
DCX UK L1 LTD,16175801,active,ltd,,,2025-01-10,,2025-01-10,[41100],Unit 2 Michael Manley Industrial Estate London England SW8 4TU
ANKA ESTATES LTD,16175792,active,ltd,,,2025-01-10,,2025-01-10,[68201, 68209, 68310, 68320],20 Wenlock Road London England N1 7GU
VALLE KUL MEDIA INVEST LIMITED,16176098,active,ltd,,,2025-01-10,,2025-01-10,[99999],Stron Legal, The Clubhouse St James London England SW1Y 4JU
TEKTON LONDON LTD,16176086,active,ltd,,,2025-01-10,,2025-01-10,[43390],36 Dallas Road London England SE26 6JP
JENNY'S NUNEATON LIMITED,16176192,active,ltd,,,2025-01-10,,2025-01-10,[56102],291 Green Lanes London England N13 4XS
CHF3 HOLDINGS LIMITED,16176182,active,ltd,,,2025-01-10,,2025-01-10,[64306],Duo, Level 6 London United Kingdom EC2M 4RB
RD DIGITAL CONSULTING LIMITED,16176564,active,ltd,,,2025-01-10,,2025-01-10,[74909],98 Eleanor Road London England E8 1DN
SMART STRESS ENGINEERING LIMITED,16176753,active,ltd,,,2025-01-10,,2025-01-10,[71121, 71122, 71129],124-128 City Road London England EC1V 2NX
SWAHILI KITCHEN LTD,16176916,active,ltd,,,2025-01-10,,2025-01-10,[56210],8 Hadleigh Road London United Kingdom N9 7BX
VARCOV LTD,16161776,active,ltd,,,2025-01-03,,2025-01-03,[70229],12 Eglington Road London United Kingdom E4 7AN
TAPS ON POINT LTD,16176979,active,ltd,,,2025-01-10,,2025-01-10,[96090],71-75 Shelton Street London United Kingdom WC2H 9JQ
WILD WIGGLE LIMITED,16176983,active,ltd,,,2025-01-10,,2025-01-10,[01500],23 Casino Avenue Herne Hill United Kingdom SE24 9PQ
A TASTE OF WEST LTD,16177641,active,ltd,,,2025-01-11,,2025-01-11,[56290],175 Stonhouse Street London England SW4 6BA
RTP CAPITAL LIMITED,16165214,active,ltd,,,2025-01-06,,2025-01-06,[47910],16 Algernon Road London United Kingdom SE13 7AT
NOMADS INVESTMENT LTD,16165642,active,ltd,,,2025-01-06,,2025-01-06,[45111, 68209, 68310, 68320],85 Great Portland Street, First Floor London United Kingdom W1W 7LT
ZXINGY LTD,16165646,active,ltd,,,2025-01-06,,2025-01-06,[47910],Flat 2381 275 New North Road London England N1 7AA
FISCURA LTD,16165640,active,ltd,,,2025-01-06,,2025-01-06,[69201],85 Great Portland Street London England W1W 7LT
TAN CATERING LIMITED,16166415,active,ltd,,,2025-01-06,,2025-01-06,[56103],Mountview Court London United Kingdom N20 0RA
MEHDI MIRZA LTD,16166643,active,ltd,,,2025-01-06,,2025-01-06,[56103],500 White Hart Lane London England N17 7NA
ELMSDALE TERRACE LTD,16166813,active,ltd,,,2025-01-06,,2025-01-06,[99999],20 Granville Gardens London United Kingdom SW16 3LL
MARSHALL HOLDCO (UK) LIMITED,16167268,active,ltd,,,2025-01-07,,2025-01-07,[64205],6th Floor 125 Wood Street London United Kingdom EC2V 7AN
AMH OPTICAL LTD,16167612,active,ltd,,,2025-01-07,,2025-01-07,[86900],71-75 Shelton Street London United Kingdom WC2H 9JQ
MALTON ASSOCIATES LTD,16167599,active,ltd,,,2025-01-07,,2025-01-07,[82990],3rd Floor, Great Titchfield House London United Kingdom W1W 8BD
MTB LTD,16167889,active,ltd,,,2025-01-07,,2025-01-07,[45112, 45190, 45310],128 City Road London United Kingdom EC1V 2NX
AHDIA GROUP LTD,16168027,active,ltd,,,2025-01-07,,2025-01-07,[68209],34 Kingswood Road London England E11 1SF
DAYNIGHT UK LIMITED,16168025,active,ltd,,,2025-01-07,,2025-01-07,[49410, 68100],128 City Road London United Kingdom EC1V 2NX
MADE IT EASY LTD,16168270,active,ltd,,,2025-01-07,,2025-01-07,[90030],71-75 Shelton Street London United Kingdom WC2H 9JQ
KATE PEARL LTD,16168271,active,ltd,,,2025-01-07,,2025-01-07,[47770, 47910],71-75 Shelton Street London United Kingdom WC2H 9JQ
PEGASUS ROYALTIES LIMITED,16167931,active,ltd,,,2025-01-07,,2025-01-07,[08990],Kent House 3rd Floor North London United Kingdom W1W 8AJ
HARMONY SPA LTD,16168618,active,ltd,,,2025-01-07,,2025-01-07,[86900],279 Wimbledon Park Road London England SW19 6NW
ESRA HASPOLAT LTD,16168640,active,ltd,,,2025-01-07,,2025-01-07,[62020, 82990, 85590, 96090],71-75 Shelton Street London United Kingdom WC2H 9JQ
THORN AND BEECH LTD,16168634,active,ltd,,,2025-01-07,,2025-01-07,[56210],71-75 Shelton Street London United Kingdom WC2H 9JQ
OM SAFETY LTD,16169522,active,ltd,,,2025-01-07,,2025-01-07,[94120],28 Torridon House Churchfield Road London England W3 6GR
EMENDARI LTD,16171952,active,ltd,,,2025-01-08,,2025-01-08,[85600],45 Brookdale London England N11 1BS
ION CORPORATION LTD,16171975,active,ltd,,,2025-01-08,,2025-01-08,[47990],Flat 2 Hardwick Court London England E11 2PT
ROONIES & BEAR LTD,16172024,active,ltd,,,2025-01-08,,2025-01-08,[70229],29 Gordon Place London England W8 4JE
MR CLEAN HOUSEKEEPING SERVICES LIMITED,16172046,active,ltd,,,2025-01-08,,2025-01-08,[81210],7 Mowbray Road London England NW6 7QX
LIMITLESS GAINS LTD,16172068,active,ltd,,,2025-01-08,,2025-01-08,[86900, 93130],86-90 Paul Street London England EC2A 4NE
GXR RETAIL GROUP LTD,16172093,active,ltd,,,2025-01-08,,2025-01-08,[47910, 47990],3rd Floor, 86-90 Paul Street London England EC2A 4NE
NICTATION OPTICS LTD,16172117,active,ltd,,,2025-01-08,,2025-01-08,[26400, 26702],5a Kilmorie Road London England SE23 2SS
ECHO ESPRESSO LTD,16172134,active,ltd,,,2025-01-08,,2025-01-08,[56102],25 Riefield Road London England SE9 2QD
FRANKLIN 2025 LTD,16172154,active,ltd,,,2025-01-08,,2025-01-08,[68100],11 St. Andrew's Grove London England N16 5NF
DIGNIFIED LTD,16172226,active,ltd,,,2025-01-09,,2025-01-09,[64999, 82990, 88990],2nd Floor (West Wing) London United Kingdom E1 2BT
DATA ANGELS LTD,16172244,active,ltd,,,2025-01-09,,2025-01-09,[62020],3rd Floor, 86-90 Paul Street London United Kingdom EC2A 4NE
A MINDSCAPE CONSULTANCY LTD,16168788,active,ltd,,,2025-01-07,,2025-01-07,[99999],128 City Road London United Kingdom EC1V 2NX
F & P SUPERMARKET LIMITED,16172287,active,ltd,,,2025-01-09,,2025-01-09,[47110],37 Cropley Street London United Kingdom N1 7HT
SALT SILO LTD,16172294,active,ltd,,,2025-01-09,,2025-01-09,[47990],71-75 Shelton Street London United Kingdom WC2H 9JQ
FUTURE GATES TECHNICAL SOLUTIONS LTD,16172464,active,ltd,,,2025-01-09,,2025-01-09,[46510, 62020, 63120, 73120],112 Loughborough House London United Kingdom RM8 2GJ
VOVKIAN LTD,16172462,active,ltd,,,2025-01-09,,2025-01-09,[58290, 62012, 62020, 63990],71-75 Shelton Street London United Kingdom WC2H 9JQ
VIKIDS OCCUPATIONAL THERAPY LTD,16172459,active,ltd,,,2025-01-09,,2025-01-09,[86900, 88910],71-75 Shelton Street London United Kingdom WC2H 9JQ
OVERALL RESEARCH PRIVATE LIMITED,16172436,active,ltd,,,2025-01-09,,2025-01-09,[70229, 73200],71-75 Shelton Street London United Kingdom WC2H 9JQ
J&A MOS PROPERTY LTD,16172474,active,ltd,,,2025-01-09,,2025-01-09,[68209],2nd Floor College House Ruislip, United Kingdom HA4 7AE
ACATL LTD,16172497,active,ltd,,,2025-01-09,,2025-01-09,[68209],Lawford House London United Kingdom N3 1QA
GRANT TRADING LTD,16172478,active,ltd,,,2025-01-09,,2025-01-09,[32990, 46900, 47789, 47910],71-75 Shelton Street London United Kingdom WC2H 9JQ
THE TEAM FUNCTION LIMITED,16172477,active,ltd,,,2025-01-09,,2025-01-09,[70229],71-75 Shelton Street London United Kingdom WC2H 9JQ
T28 PRODUCTIONS LTD,16172476,active,ltd,,,2025-01-09,,2025-01-09,[62020, 63120, 70210, 85590],71-75 Shelton Street London United Kingdom WC2H 9JQ
LOOMSHIRE LIMITED,16172502,active,ltd,,,2025-01-09,,2025-01-09,[13200, 13923, 13990, 46410],85 Great Portland Street London England W1W 7LT
NICK ENGINEERING LTD,16172529,active,ltd,,,2025-01-09,,2025-01-09,[33200, 43210, 43220, 43320],23 Harcourt Road London England E15 3DX
TRACEPORT LTD,16172524,active,ltd,,,2025-01-09,,2025-01-09,[58290],86-90 Paul Street London United Kingdom EC2A 4NE
ECO ENERGY & PROJECTS LTD,16172515,active,ltd,,,2025-01-09,,2025-01-09,[96090],71-75 Shelton Street London United Kingdom WC2H 9JQ
ENTERPRISE ACCELERATORS LTD,16172588,active,ltd,,,2025-01-09,,2025-01-09,[82302],3 Kempton Mews London England E6 2BF
N1MBUS LTD,16172608,active,ltd,,,2025-01-09,,2025-01-09,[58290],124-128 City Road London England EC1V 2NX
BLACKSMITH CREATIONS LIMITED,16172635,active,ltd,,,2025-01-09,,2025-01-09,[68100],Tendring Chislehurst Road London United Kingdom BR7 5DL
PAYE PASS SUPPORT SOLUTIONS LTD,16172629,active,ltd,,,2025-01-09,,2025-01-09,[62020, 82990],3rd Floor, 86-90 Paul Street London England EC2A 4NE
LEYL LTD,16172686,active,ltd,,,2025-01-09,,2025-01-09,[47750],Flat 94 Riverdale House London England SE13 7NZ
SOUTH WEST DEVELOPMENT MANAGEMENT LIMITED,16172678,active,ltd,,,2025-01-09,,2025-01-09,[99999],29 York Street London United Kingdom W1H 1EZ
MODERN SHIFT LIMITED,16172693,active,ltd,,,2025-01-09,,2025-01-09,[86900],167 - 169 Great Portland Street London England W1W 5PF
FAST BLOCK LTD,16172705,active,ltd,,,2025-01-09,,2025-01-09,[62012],128 City Road London United Kingdom EC1V 2NX
CKP PROPERTY INVESTMENTS LTD,16172706,active,ltd,,,2025-01-09,,2025-01-09,[68100],128 City Road London United Kingdom EC1V 2NX
FORMA INVESTMENTS LIMITED,16172714,active,ltd,,,2025-01-09,,2025-01-09,[68209],123 Ramsay Road London United Kingdom E7 9EP
BUYBUILDLET LTD,16172764,active,ltd,,,2025-01-09,,2025-01-09,[68100],20 Wenlock Road London England N1 7GU
TRIBELA LTD,16172759,active,ltd,,,2025-01-09,,2025-01-09,[47910, 62011, 62090, 63120],Suite 128 94 London Road Oxford United Kingdom OX3 9FN
TOLE & LANG LTD,16165383,active,ltd,,,2025-01-06,,2025-01-06,[20420, 46450, 47910],71-75 Shelton Street London United Kingdom WC2H 9JQ
ILLINGWORTH FAMILY TRADING LTD,16165467,active,ltd,,,2025-01-06,,2025-01-06,[47910],3rd Floor, 86-90 Paul Street London United Kingdom EC2A 4NE
ANGELONI & CO LIMITED,16165489,active,ltd,,,2025-01-06,,2025-01-06,[70229],Churchill House London England NW4 4DJ
JAM LUXURY TRAVEL LIMITED,16165491,active,ltd,,,2025-01-06,,2025-01-06,[79110],1a St Mary Abbots Place London United Kingdom W8 6LS
RADIEUXAESHETICS LTD,16165503,active,ltd,,,2025-01-06,,2025-01-06,[96020],Flat 1 188 Kennington Lane London England SE11 5DL
JJPOLCONSTRACTIONS LTD,16166401,active,ltd,,,2025-01-06,,2025-01-06,[41100, 41202],163 Harvist Road London England NW6 6HB
ALEAAS LTD,16166372,active,ltd,,,2025-01-06,,2025-01-06,[99999],128 City Road London United Kingdom EC1V 2NX
CVH DRAEMY LTD,16166391,active,ltd,,,2025-01-06,,2025-01-06,[14110, 14131, 14132, 46420],24-26 Arcadia Avenue, Fin0000 London United Kingdom N3 2JU
DRGASTRONETS LIMITED,16167070,active,ltd,,,2025-01-06,,2025-01-06,[86220],71 Muswell Hill Place London England N10 3RP
GENCELL RECRUITMENT SERVICES LTD,16167257,active,ltd,,,2025-01-07,,2025-01-07,[71122],128 City Road London United Kingdom EC1V 2NX
METABALANCE LTD,16167527,active,ltd,,,2025-01-07,,2025-01-07,[86900],128 City Road London United Kingdom EC1V 2NX
RIVARO LTD,16167538,active,ltd,,,2025-01-07,,2025-01-07,[56103],71-75 Shelton Street London United Kingdom WC2H 9JQ
CAKESTOOLICIOUS LTD,16167769,active,ltd,,,2025-01-07,,2025-01-07,[47240],47 Castletown Road London United Kingdom W14 9HF
GRP423 REAL ESTATE LTD,16168212,active,ltd,,,2025-01-07,,2025-01-07,[68100, 68209],418-420 London Road High Wycombe England HP11 1LP
SB CONSTRUCTION DESIGN LTD,16168204,active,ltd,,,2025-01-07,,2025-01-07,[41202, 43999],Demsa Accounts 565 Green Lanes London England N8 0RL
L3 MAGIC SCISSORS LTD,16168413,active,ltd,,,2025-01-07,,2025-01-07,[96020],110 London Road Liverpool United Kingdom L3 5NL
LATCH ARCHITECTS LTD,16168414,active,ltd,,,2025-01-07,,2025-01-07,[71111],124-128 City Road London England EC1V 2NX
SONA PARTNERS LTD,16168587,active,ltd,,,2025-01-07,,2025-01-07,[86210],Flat 1 232 Ladbroke Grove London United Kingdom W10 5LT
ELEGANT FRAGRANCES LONDON LTD,16168548,active,ltd,,,2025-01-07,,2025-01-07,[47910],36 Glebe Road Finchley England N3 2AX
ISOMETRIC WILDERNESS LTD,16168565,active,ltd,,,2025-01-07,,2025-01-07,[59111, 59112, 59113, 62020],128 City Road London United Kingdom EC1V 2NX
BEYAZ YACHTING LTD,16168580,active,ltd,,,2025-01-07,,2025-01-07,[70100],Boswell Street Ormond House 26/27 London United Kingdom WC1N 3JZ
DAVE RIVER LIMITED,16168927,active,ltd,,,2025-01-07,,2025-01-07,[98000],15 Downage London England NW4 1AS
BY ROLEPLAY LTD,16168925,active,ltd,,,2025-01-07,,2025-01-07,[73110, 74100],92b-92d Petherton Road London England N5 2RG
SUNLEY HOUSE LTD,16172848,active,ltd,,,2025-01-09,,2025-01-09,[68100],12 Urban Hive Theydon Road London England E5 9BQ
PINK UMBRELLA MARKETING LTD,16172855,active,ltd,,,2025-01-09,,2025-01-09,[73110],128 City Road London United Kingdom EC1V 2NX
JOEBOT LIMITED,16172859,active,ltd,,,2025-01-09,,2025-01-09,[96090],5th Floor 111 Charterhouse Street London United Kingdom EC1M 6AW
ALLURE COLLECTIONS LTD,16165303,active,ltd,,,2025-01-06,,2025-01-06,[96090],71-75 Shelton Street London United Kingdom WC2H 9JQ
AAIX INVESTMENT PROPERTIES LTD,16165238,active,ltd,,,2025-01-06,,2025-01-06,[68100, 68209, 68320],Hale House Unit 5 Palmers Green United Kingdom N13 5TW
REVENUE PATH LIMITED,16165319,active,ltd,,,2025-01-06,,2025-01-06,[82990],Flat 305 Southwyck House Clarewood Walk London England SW9 8TS
YASSINO LTD,16164985,active,ltd,,,2025-01-06,,2025-01-06,[56102],437 Kingsbury Road London England NW9 9DT
RESTORATIVE AESTHETICS LIMITED,16164999,active,ltd,,,2025-01-06,,2025-01-06,[86220],20 Wroxton Road London England SE15 2BN
BARUKI LTD,16164975,active,ltd,,,2025-01-06,,2025-01-06,[47910],71-75 Shelton Street London United Kingdom WC2H 9JQ
ROLINKS GLOBAL SERVICES LIMITED,16165430,active,ltd,,,2025-01-06,,2025-01-06,[68100, 68209],4th Floor Silverstream House, 45 Fitzroy Street, Fitzrovia. London United Kingdom W1T 6EB
MYROOI LTD,16165426,active,ltd,,,2025-01-06,,2025-01-06,[47910],128 City Road London United Kingdom EC1V 2NX
PINFIELD CONSULTING LTD,16166747,active,ltd,,,2025-01-06,,2025-01-06,[70229],3rd Floor 86-90 Paul Street London United Kingdom EC2A 4NE
INSIDER SOLUTIONS LTD,16166806,active,ltd,,,2025-01-06,,2025-01-06,[96090],71-75 Shelton Street London United Kingdom WC2H 9JQ
GENEXEL LTD,16160832,active,ltd,,,2025-01-02,,2025-01-02,[62020, 71122],167-169 Great Portland Street London England W1W 5PF
MILAF-COLA LIMITED,16167195,active,ltd,,,2025-01-06,,2025-01-06,[11070],124-128 City Road London England EC1V 2NX
TOM KUREK LTD,16167239,active,ltd,,,2025-01-07,,2025-01-07,[74202],Flat 611 Alaska Building Deals Gateway London England SE13 7QU
SHERBET TAXI MEDIA LTD,16167335,active,ltd,,,2025-01-07,,2025-01-07,[58190],First Floor Winston House London United Kingdom N3 1DH
GG-295-155 LIMITED,16167838,active,ltd,,,2025-01-07,,2025-01-07,[68209],C/O Getground London England W6 0NB
BIG BUFFALO (HK) LTD,16167855,active,ltd,,,2025-01-07,,2025-01-07,[56101, 56103, 56210, 56290],First Floor Office London United Kingdom W8 4LZ
ACCOMY UK LTD,16168100,active,ltd,,,2025-01-07,,2025-01-07,[62012, 79110],86-90 Paul Street London England EC2A 4NE
TBOM LIMITED,16168687,active,ltd,,,2025-01-07,,2025-01-07,[47910],27 Old Gloucester Street London United Kingdom WC1N 3AX
PEGA STAR LTD,16169597,active,ltd,,,2025-01-07,,2025-01-07,[68100, 68209],Flat 4 29 Cosway Street London England NW1 6TH
MARIE & WILLOW LTD,16169591,active,ltd,,,2025-01-07,,2025-01-07,[47770],3rd Floor, 86-90 Paul Street London United Kingdom EC2A 4NE
YES WE CAN AGENCY LIMITED,16165749,active,ltd,,,2025-01-06,,2025-01-06,[70229, 73110],71-75 Shelton Street London United Kingdom WC2H 9JQ
SANDAWANA L LIMITED,16165991,active,ltd,,,2025-01-06,,2025-01-06,[62020],75 St. Georges Square London England SW1V 3QW
TRANSEZ LTD,16166352,active,ltd,,,2025-01-06,,2025-01-06,[62012],71-75 Shelton Street London United Kingdom WC2H 9JQ
BARKING ROAD PFC LTD,16166336,active,ltd,,,2025-01-06,,2025-01-06,[56102, 56103],353 Barking Road London England E13 8EE
BERATAY LTD,16166608,active,ltd,,,2025-01-06,,2025-01-06,[96020],247 High Street London England EN8 7BE
WINDHOVER AND CO LIMITED,16166786,active,ltd,,,2025-01-06,,2025-01-06,[70229],5 Enmore Road London England SW15 6LL
ASIYANA LTD,16166994,active,ltd,,,2025-01-06,,2025-01-06,[56101, 56103, 56210],51 Barrington Court Lamble Street London United Kingdom NW5 4AT
STEPS & STRIDES LIMITED,16167004,active,ltd,,,2025-01-06,,2025-01-06,[86900, 96090],Flat 7 Belvedere Court 372-374 Upper Richmond Road London England SW15 6HY
ARTIFICIAL INTELLIGENCE LONDON LTD,16167188,active,ltd,,,2025-01-06,,2025-01-06,[58290, 62012, 78109],3rd Floor, 86-90 Paul Street London United Kingdom EC2A 4NE
SMARTBRIDGE GLOBAL SOLUTIONS LTD,16167909,active,ltd,,,2025-01-07,,2025-01-07,[46190, 46900, 47910, 52290],20 Wenlock Road London England N1 7GU
ARCHANGEL SOLUTIONS LTD,16168828,active,ltd,,,2025-01-07,,2025-01-07,[62020],Flat 9 Baldock House London England SE5 9PS
OTC PROPERTY MANAGEMENT LIMITED,16168826,active,ltd,,,2025-01-07,,2025-01-07,[68209],291 Green Lanes London England N13 4XS
SAL'S KITCHEN (UPMINSTER) LTD,16168818,active,ltd,,,2025-01-07,,2025-01-07,[56102],189 Chase Side Enfield England EN2 0QZ
PSLL LIMITED,16168964,active,ltd,,,2025-01-07,,2025-01-07,[74909],Flat 38, Avenue Close London United Kingdom NW8 6DA
UASCA LTD,16169237,active,ltd,,,2025-01-07,,2025-01-07,[55100, 79120, 86900, 90010],27 Old Gloucester Street London United Kingdom WC1N 3AX
VERTICAL INSIGHTS CONSULTING LTD,16169404,active,ltd,,,2025-01-07,,2025-01-07,[70229],3rd Floor, 86-90 Paul Street London United Kingdom EC2A 4NE
HAN NOMINEES LIMITED,16169683,active,ltd,,,2025-01-08,,2025-01-08,[82990],10th Floor, 240 Blackfriars Road London England SE1 8NW
CB'SPROPERTYSOURCING LTD,16169676,active,ltd,,,2025-01-08,,2025-01-08,[68100, 68310],20-22 Wenlock Road London England N1 7GU
KRASX LIMITED,16169680,active,ltd,,,2025-01-08,,2025-01-08,[81210],63 Tildesley Road London England SW15 3AA
HATHOM LTD,16165103,active,ltd,,,2025-01-06,,2025-01-06,[68100],71-75 Shelton Street London United Kingdom WC2H 9JQ
JR TAILORING LIMITED,16165070,active,ltd,,,2025-01-06,,2025-01-06,[14190],2 Leman Street London United Kingdom E1W 9US
SARAQITA LTD,16165078,active,ltd,,,2025-01-06,,2025-01-06,[45310, 46470, 62020, 63120],71-75 Shelton Street London United Kingdom WC2H 9JQ
HALO REFORMER LTD,16165089,active,ltd,,,2025-01-06,,2025-01-06,[47640],71-75 Shelton Street London United Kingdom WC2H 9JQ
GOLDENLEAF ORGANISATION LIMITED,16165032,active,ltd,,,2025-01-06,,2025-01-06,[47190, 96090],71-75 Shelton Street London United Kingdom WC2H 9JQ
OG ACCOMODATIONS LTD,16165542,active,ltd,,,2025-01-06,,2025-01-06,[68209],71-75 Shelton Street London United Kingdom WC2H 9JQ
ATELIER FALLS LTD,16165511,active,ltd,,,2025-01-06,,2025-01-06,[47710],71-75 Shelton Street London United Kingdom WC2H 9JQ
BESPOKE REALTY PROPERTY MANAGEMENT LTD,16166093,active,ltd,,,2025-01-06,,2025-01-06,[68320],3rd Floor, 86-90 Paul Street London England EC2A 4NE
SECU GLOBAL LIMITED,16166307,active,ltd,,,2025-01-06,,2025-01-06,[70229],One London England EC1A 7BL
LUNARA LUXÈ LTD,16166323,active,ltd,,,2025-01-06,,2025-01-06,[96020],167-169 Great Portland Street London England W1W 5PF
THEFLOWCO LTD,16166924,active,ltd,,,2025-01-06,,2025-01-06,[47710],3rd Floor, 86-90 Paul Street London United Kingdom EC2A 4NE
SNIDA COMPANY LIMITED,16167159,active,ltd,,,2025-01-06,,2025-01-06,[70229, 96090],16 Wedderburn Road London England NW3 5QG
AIKHRONOO LTD,16168135,active,ltd,,,2025-01-07,,2025-01-07,[58290],71-75 Shelton Street London United Kingdom WC2H 9JQ
SJ PAVILION LTD,16168348,active,ltd,,,2025-01-07,,2025-01-07,[55900],128 City Road London United Kingdom EC1V 2NX
WRECK AND WASTE LIMITED,16169002,active,ltd,,,2025-01-07,,2025-01-07,[38110],128 City Road London United Kingdom EC1V 2NX
DAT FUTURE LTD,16169227,active,ltd,,,2025-01-07,,2025-01-07,[68100],2nd Floor College House Ruislip, United Kingdom HA4 7AE
EXTENSA GROUP HOLDINGS LTD,16169718,active,ltd,,,2025-01-08,,2025-01-08,[64203],4 Cheping House London United Kingdom W10 6EW
NEXTGEN PROPERTY PROJECTS LTD,16169782,active,ltd,,,2025-01-08,,2025-01-08,[68100, 68209],20 Wenlock Road London England N1 7GU
VISLEC LTD,16177688,active,ltd,,,2025-01-11,,2025-01-11,[43210],72 Colin Park Road London England NW9 6HS
QUALITY RECRUITMENT LIMITED,16177768,active,ltd,,,2025-01-12,,2025-01-12,[78109, 78200],10 St. John's Drive London England SW18 4UN
AMAN MUSIC LTD,16178184,active,ltd,,,2025-01-12,,2025-01-12,[74909],9 Ida Road London England N15 5JE
SHADED SUNGLASSES LTD,16178270,active,ltd,,,2025-01-13,,2025-01-13,[47990],45 Roth Walk London England N7 7RJ
CROWN FREEDOM LIMITED,16178628,active,ltd,,,2025-01-13,,2025-01-13,[68100, 68201, 68209, 68320],20 Wenlock Road London England N1 7GU
AYGA ELECTRICAL LTD,16178844,active,ltd,,,2025-01-13,,2025-01-13,[43210],Flat 11, Perryman House London United Kingdom N17 0TY
TEN X CONSULTING LTD,16178866,active,ltd,,,2025-01-13,,2025-01-13,[70229],71-75 Shelton Street London United Kingdom WC2H 9JQ
LA PENYA LAB PRODUCT INNOVATION LTD,16179080,active,ltd,,,2025-01-13,,2025-01-13,[46190],Unit 19 The Circle London England SE1 2JE
GEMINI LYNX LTD,16179085,active,ltd,,,2025-01-13,,2025-01-13,[47910],71-75 Shelton Street London United Kingdom WC2H 9JQ
JL1 DISTRIBUTION LTD,16179281,active,ltd,,,2025-01-13,,2025-01-13,[53202],71-75 Shelton Street London United Kingdom WC2H 9JQ
RIVALEN AZU ASSOCIATES LTD,16179274,active,ltd,,,2025-01-13,,2025-01-13,[70229, 82990],Flat 65 Frontenac Donnington Road London England NW10 3RB
KENZENOVA SOLUTIONS LTD,16179262,active,ltd,,,2025-01-13,,2025-01-13,[80100, 81299, 86900],19 Hector Five Acre London England NW9 5YN
CODEDESK INTERNATIONAL LTD,16179258,active,ltd,,,2025-01-13,,2025-01-13,[62020],3rd Floor, 86-90 Paul Street London England EC2A 4NE
SKILLJET LEARNING LTD,16179207,active,ltd,,,2025-01-13,,2025-01-13,[85590],167-169 Great Portland Street London United Kingdom W1W 5PF
TOYS & TECHS LTD,16179240,active,ltd,,,2025-01-13,,2025-01-13,[47910],3rd Floor, 86-90 Paul Street London United Kingdom EC2A 4NE
PHARMAPHAM LIMITED,16179510,active,ltd,,,2025-01-13,,2025-01-13,[47730],167-169 Great Portland Street London England W1W 5PF
TASNEEM B LTD,16179604,active,ltd,,,2025-01-13,,2025-01-13,[49320],11 Michael Gaynor Close London England W7 3QF
LUXURY WORLD RESORT LTD,16179795,active,ltd,,,2025-01-13,,2025-01-13,[41100, 93130, 93199, 93290],20 Wenlock Road London England N1 7GU
PANCHAL CAPITAL PARTNERS LTD,16179809,active,ltd,,,2025-01-13,,2025-01-13,[64209, 64991, 64999, 66300],85 Great Portland Street London England W1W 7LT
TOP MART LTD,16179810,active,ltd,,,2025-01-13,,2025-01-13,[47210, 47220, 47250, 47260],240 Brownhill Road London United Kingdom SE6 1AU
TAHIRA ABAYAS LIMITED,16179802,active,ltd,,,2025-01-13,,2025-01-13,[47710],71-75 Shelton Street London United Kingdom WC2H 9JQ
AJ PSYCHOLOGY SERVICES LTD,16179837,active,ltd,,,2025-01-13,,2025-01-13,[86900],71-75 Shelton Street London United Kingdom WC2H 9JQ
JACK OF ALL DRINKS LTD,16179902,active,ltd,,,2025-01-13,,2025-01-13,[70229],117 Castlewood Road London England N16 6DJ
KILL VANILLA LTD,16179938,active,ltd,,,2025-01-13,,2025-01-13,[73110, 74100],5th Floor, 167-169 Great Portland Street London United Kingdom W1W 5PF
VELVET RIOT PRODUCTIONS LTD,16179947,active,ltd,,,2025-01-13,,2025-01-13,[90010, 90020, 90030, 90040],2nd Floor Connaught House, 1-3 Mount Street London United Kingdom W1K 3NB
ASO AUTOMOTIVE LTD,16179932,active,ltd,,,2025-01-13,,2025-01-13,[41202, 45310, 46740, 81299],Unit 104 The Light Box London United Kingdom W4 5PY
LORD OF DANCE LTD,16179933,active,ltd,,,2025-01-13,,2025-01-13,[85520, 90010],71-75 Shelton Street London United Kingdom WC2H 9JQ
GENOPUZZLE LIMITED,16180099,active,ltd,,,2025-01-13,,2025-01-13,[71200],128 City Road London United Kingdom EC1V 2NX
MC SKYWALKER HOLDCO 2 (UK) LTD,16180192,active,ltd,,,2025-01-13,,2025-01-13,[64209],Level 6 Duo London United Kingdom EC2M 4RB
JA INSPIRED PROPERTY LIMITED,16180190,active,ltd,,,2025-01-13,,2025-01-13,[68209],College House 2nd Floor Ruislip United Kingdom HA4 7AE
SAM SECURITY AND SERVICES LTD,16180163,active,ltd,,,2025-01-13,,2025-01-13,[80100, 80200],Unit 6 80a Ashfield Street London England E1 2BJ
BIDIGO LTD,16180336,active,ltd,,,2025-01-13,,2025-01-13,[58290, 62011],71-75 Shelton Street London United Kingdom WC2H 9JQ
SALUS EMPORIUM LTD,16180332,active,ltd,,,2025-01-13,,2025-01-13,[47910],71-75 Shelton Street London United Kingdom WC2H 9JQ
BAZARY LTD,16180326,active,ltd,,,2025-01-13,,2025-01-13,[96090],71-75 Shelton Street London United Kingdom WC2H 9JQ
APPVORA LTD,16180343,active,ltd,,,2025-01-13,,2025-01-13,[62012, 62090],71-75 Shelton Street London United Kingdom WC2H 9JQ
MEDISCRIBER LTD,16180461,active,ltd,,,2025-01-13,,2025-01-13,[62012, 74909, 86210],128 City Road London United Kingdom EC1V 2NX
FRALIC GROUP INTERNATIONAL LTD,16180556,active,ltd,,,2025-01-13,,2025-01-13,[46150, 47910],124 City  Road London United Kingdom EC1V 2NX
ODOLA LTD,16180580,active,ltd,,,2025-01-13,,2025-01-13,[64999],9th Floor 107 Cheapside London United Kingdom EC2V 6DN
VERUSA LIMITED,16180606,active,ltd,,,2025-01-13,,2025-01-13,[62020, 62090],167-169 Great Portland Street London England W1W 5PF
MALEY CONSULTING LTD,16180599,active,ltd,,,2025-01-13,,2025-01-13,[69201],1 Beauchamp Terrace London England SW15 1BW
OLD TOWN (STEVENAGE) LTD,16180776,active,ltd,,,2025-01-13,,2025-01-13,[47110],20 Westerham Avenue London England N9 9BU
@THE NATURE FARM LIMITED,16180853,active,ltd,,,2025-01-13,,2025-01-13,[01500],Flat 49 Bentley House London England SE5 7NB
PIVOTALEX LIMITED,16180857,active,ltd,,,2025-01-13,,2025-01-13,[70229],4th Floor Office London England W1B 4HB
N2N = NATURE2NURTURE LIMITED,16180871,active,ltd,,,2025-01-13,,2025-01-13,[13923, 14190, 46160, 47820],11 Dymock Street London England SW6 3ET
FLYWEIGHT THEATRE LTD,16181022,active,ltd,,,2025-01-13,,2025-01-13,[90010],11 Burbage Road London England SE24 9HJ
NELANDRADE PROPERTIES LIMITED,16181289,active,ltd,,,2025-01-13,,2025-01-13,[68209],124 Finchley Road London England NW3 5JS
GLOBAL SERVICES MANAGEMENT LTD,16181337,active,ltd,,,2025-01-13,,2025-01-13,[70229],3rd Floor, 86-90 Paul Street London United Kingdom EC2A 4NE
JJTAXI LIMITED,16181347,active,ltd,,,2025-01-13,,2025-01-13,[49320],304 Latymer Court Hammersmith Road London England W6 7JD
THE GF SPOT LIMITED,16178010,active,ltd,,,2025-01-12,,2025-01-12,[47240],63 Gresham Gardens London England NW11 8PA
SMALL YUAN FILMS LIMITED,16178014,active,ltd,,,2025-01-12,,2025-01-12,[59112],Flat 54 Cannock Court London England E17 4GD
DOODLES GIFTS LIMITED,16178175,active,ltd,,,2025-01-12,,2025-01-12,[47190, 47910, 79909, 96090],3rd Floor, 86-90 Paul Street London England EC2A 4NE
TIDEGLIDE LIMITED,16178247,active,ltd,,,2025-01-13,,2025-01-13,[99999],128 City Road London United Kingdom EC1V 2NX
LONDON HINDU GUJARATI NETWORK LIMITED,16178393,active,ltd,,,2025-01-13,,2025-01-13,[94990],29 Homerton High Street London England E9 6JP
GOLDENBRICKSS LTD,16178502,active,ltd,,,2025-01-13,,2025-01-13,[47910],152 Forest Road London England E17 6JQ
LED PROJECTS LTD,16178521,active,ltd,,,2025-01-13,,2025-01-13,[72200, 86900, 90010, 90030],International House London England E1 6BD
THE EVERLASTING GREENTREE GROUP LTD,16178522,active,ltd,,,2025-01-13,,2025-01-13,[58190, 59200],3rd Floor, 86-90 Paul Street London United Kingdom EC2A 4NE
SMITHS4U LTD,16178671,active,ltd,,,2025-01-13,,2025-01-13,[46900, 47650],5 John Islip Street London England SW1P 4PU
BANGLA CASH & CARRY LTD,16178654,active,ltd,,,2025-01-13,,2025-01-13,[46341, 46900, 47190],126 Railway Arches London England E1 2PH
PAYA'S 360 LIMITED,16178821,active,ltd,,,2025-01-13,,2025-01-13,[56103],288 Sherrard Road London England E12 6UF
PROSOLUTIONS EXPERTS LTD,16178811,active,ltd,,,2025-01-13,,2025-01-13,[46900, 47910],3rd Floor, 86-90 Paul Street London England EC2A 4NE
UNITED KICKING LTD,16178815,active,ltd,,,2025-01-13,,2025-01-13,[78109],100 Ventnor Drive London United Kingdom N20 8BS
DIRECT DELIVERY FORCE LTD,16179004,active,ltd,,,2025-01-13,,2025-01-13,[52290],143 London Road Warrington England WA4 6LG
AUTHENTIC GOODS & GADGETS LTD,16178996,active,ltd,,,2025-01-13,,2025-01-13,[47910],44 Selwyn Road London United Kingdom E13 0PY
DRIVEMO VEHICLE LOGISTICS LIMITED,16179337,active,ltd,,,2025-01-13,,2025-01-13,[49410, 52219, 52290],71-75 Shelton Street London United Kingdom WC2H 9JQ
STUDIO IVA LTD,16179352,active,ltd,,,2025-01-13,,2025-01-13,[71111, 74100],128 City Road London United Kingdom EC1V 2NX
DNA HEALTH OPTIMISATION LTD,16179372,active,ltd,,,2025-01-13,,2025-01-13,[86900],49 Quayside House 302 Kensal Rd London United Kingdom W10 5BF
HBS M&E LTD,16179566,active,ltd,,,2025-01-13,,2025-01-13,[43210, 43220],144a Essex Road London England N1 8LX
KINGSLAND PROPERTY SERVICES LIMITED,16179570,active,ltd,,,2025-01-13,,2025-01-13,[68320, 96090],422a Hoe Street Walthamstow London United Kingdom E17 9AA
FELDZONE PROPERTIES LIMITED,16179766,active,ltd,,,2025-01-13,,2025-01-13,[68209],140 High Road London United Kingdom N15 6JN
HARISOLJE LTD,16179721,active,ltd,,,2025-01-13,,2025-01-13,[47910],Unit 216 Ground Floor Capital House London United Kingdom E8 1LL
WESTMINSTER LAW PORTSMOUTH LTD,16179722,active,ltd,,,2025-01-13,,2025-01-13,[69109],204 Wellesley House London Road Waterlooville United Kingdom PO7 7AN
SM25CONSULTANTS LTD,16179848,active,ltd,,,2025-01-13,,2025-01-13,[70229],128 City Road London United Kingdom EC1V 2NX
MODELER LTD,16179975,active,ltd,,,2025-01-13,,2025-01-13,[62012],2nd Floor College House Ruislip, United Kingdom HA4 7AE
GUARDIAN PORTFOLIO LTD,16179977,active,ltd,,,2025-01-13,,2025-01-13,[68209],71-75 Shelton Street London United Kingdom WC2H 9JQ
URBANCHAIN HOME LIMITED,16179987,active,ltd,,,2025-01-13,,2025-01-13,[62012, 62020, 62090, 63110],30 Old Bailey London United Kingdom EC4M 7AU
DIAMOND LONDON PROPERTY PARTNER LTD,16179990,active,ltd,,,2025-01-13,,2025-01-13,[68100],62 St Martins Lane London United Kingdom WC2N 4JS
NO CONTROL LTD,16179998,active,ltd,,,2025-01-13,,2025-01-13,[74100],77 Mildmay Grove North London United Kingdom N1 4PL
FELDHILL PROPERTIES LIMITED,16179995,active,ltd,,,2025-01-13,,2025-01-13,[68209],140 High Road London United Kingdom N15 6JN
FELDCROFT PROPERTIES LIMITED,16179985,active,ltd,,,2025-01-13,,2025-01-13,[68209],140 High Road London United Kingdom N15 6JN
FELIX HONDAR LTD,16180155,active,ltd,,,2025-01-13,,2025-01-13,[47910],Unit 218 Ground Floor Capital House London United Kingdom E8 1LL
FREE DREAM TECHNOLOGY LTD.,16180143,active,ltd,,,2025-01-13,,2025-01-13,[62012, 73110],71-75 Shelton Street London United Kingdom WC2H 9JQ
GYUE CONSULTING LTD,16180162,active,ltd,,,2025-01-13,,2025-01-13,[58290, 62020, 62090],71-75 Shelton Street London United Kingdom WC2H 9JQ
STRATEGIC BDM HIRING LTD,16180133,active,ltd,,,2025-01-13,,2025-01-13,[78109],20 Wenlock Road London England N1 7GU
AGENCE DE ROYERE LIMITED,16180210,active,ltd,,,2025-01-13,,2025-01-13,[82110, 82190, 82990],71-75 Shelton Street London United Kingdom WC2H 9JQ
LYCKA LIMITED,16180246,active,ltd,,,2025-01-13,,2025-01-13,[64209],10th Floor 240 Blackfriars Road London England SE1 8NW
ALTHRONIX LTD,16180282,active,ltd,,,2025-01-13,,2025-01-13,[58290],71-75 Shelton Street London United Kingdom WC2H 9JQ
AP4STRUCTURES HOLDINGS LIMITED,16180383,active,ltd,,,2025-01-13,,2025-01-13,[64209],Flat 2 172a Albion Road London United Kingdom N16 9JR
GG-272-086 LIMITED,16180376,active,ltd,,,2025-01-13,,2025-01-13,[68209],C/O Getground London England W6 0NB
SALAH CONSULTANCY LIMITED,16180392,active,ltd,,,2025-01-13,,2025-01-13,[43390, 81299, 82110, 96090],128 City Road London United Kingdom EC1V 2NX
KURO BURO LTD,16180504,active,ltd,,,2025-01-13,,2025-01-13,[74100],54 Callcott Road London England NW6 7EA
HANI LABS LTD,16180498,active,ltd,,,2025-01-13,,2025-01-13,[58290, 62012, 62020, 62090],71-75 Shelton Street London United Kingdom WC2H 9JQ
PHI SYMBOL LTD,16180751,active,ltd,,,2025-01-13,,2025-01-13,[46480, 47770, 47910, 74100],86-90 Paul Street London England EC2A 4NE
DK ADVISORY SERVICES LTD,16180884,active,ltd,,,2025-01-13,,2025-01-13,[70229],71-75 Shelton Street London United Kingdom WC2H 9JQ
FE COTTAGE LTD,16180886,active,ltd,,,2025-01-13,,2025-01-13,[56101],37 Strutton Ground London United Kingdom SW1P 2HY
NEXAGAIN LTD,16180994,active,ltd,,,2025-01-13,,2025-01-13,[70229],Lower Ground Floor West London United Kingdom W1U 5EW
CEU LONDON LTD,16181010,active,ltd,,,2025-01-13,,2025-01-13,[47910, 74100, 82990],71-75 Shelton Street London United Kingdom WC2H 9JQ
FLYWEIGHT THEATRE PRODUCTIONS LTD,16181094,active,ltd,,,2025-01-13,,2025-01-13,[90010],11 Burbage Road London United Kingdom SE24 9HJ
CAPITAL ESTATES INTERNATIONAL LTD,16181273,active,ltd,,,2025-01-13,,2025-01-13,[68100, 68310],407 Discovery London United Kingdom SE8 3NB
MR POTATO HEAD LTD,16181267,active,ltd,,,2025-01-13,,2025-01-13,[56102],23 Alphabet Mews London England SW9 0FN
STUDIO FIVE INTERIOR DESIGN LTD,16177739,active,ltd,,,2025-01-12,,2025-01-12,[74100],3rd Floor, 86-90 Paul Street London United Kingdom EC2A 4NE
JH HOME INVESTMENTS LTD,16177732,active,ltd,,,2025-01-12,,2025-01-12,[68100, 68209],3rd Floor, 86-90 Paul Street London United Kingdom EC2A 4NE
PARADISE INC LIMITED,16177733,active,ltd,,,2025-01-12,,2025-01-12,[49320],12 Ruskin Walk London United Kingdom N9 9DT
JZ HUXLEY PROPERTY MANAGEMENT LTD,16177916,active,ltd,,,2025-01-12,,2025-01-12,[74990],63 Huxley Gardens London England NW10 7EB
EVENTURES MEDIA LTD,16178191,active,ltd,,,2025-01-13,,2025-01-13,[59112, 74201],1 Charles Flemwell Mews London England E16 1TL
KE TRADERS LTD,16178286,active,ltd,,,2025-01-13,,2025-01-13,[70229],7 Bevil Allen Close London England SW17 8PX
DSD RECYCLING LTD,16178293,active,ltd,,,2025-01-13,,2025-01-13,[39000],20 Wenlock Road London England N1 7GU
STR8SETS, LTD,16178375,active,ltd,,,2025-01-13,,2025-01-13,[32300, 47640, 63120, 93199],128 City Road London United Kingdom EC1V 2NX
BOISDALE TALENT SHOW LIMITED,16178418,active,ltd,,,2025-01-13,,2025-01-13,[93290],15 Eccleston Street London United Kingdom SW1W 9LX
PIGEONHOLES LTD,16178582,active,ltd,,,2025-01-13,,2025-01-13,[59111],28 Schoolbell Mews London England E3 5BZ
NI-NI PROPERTY SERVICES LTD,16178546,active,ltd,,,2025-01-13,,2025-01-13,[43390, 81210, 98000],3rd Floor, 86-90 Paul Street London United Kingdom EC2A 4NE
ELWYN STEPHEN LTD,16178572,active,ltd,,,2025-01-13,,2025-01-13,[47990],2a Sundorne Road London England SE7 7PP
HAABI LTD,16178571,active,ltd,,,2025-01-13,,2025-01-13,[18203],24-26 Arcadia Avenue, Fin0000 London United Kingdom N3 2JU
MAGNUS GROVE LIMITED,16178733,active,ltd,,,2025-01-13,,2025-01-13,[78300],128 City Road London United Kingdom EC1V 2NX
OXBUY LTD,16178738,active,ltd,,,2025-01-13,,2025-01-13,[47910],71-75 Shelton Street London United Kingdom WC2H 9JQ
CENTURION CAPITAL LTD,16178934,active,ltd,,,2025-01-13,,2025-01-13,[96090],94-96 Seymour Place London United Kingdom W1H 1NB
ALLO ACADEMY LTD,16178940,active,ltd,,,2025-01-13,,2025-01-13,[85590],16 Crucifix Lane London England SE1 3JW
A&M DEVELOPER GROUP LTD,16178903,active,ltd,,,2025-01-13,,2025-01-13,[68100, 68209],102 Joyce Avenue London England N18 2TR
SUPER WORLD MART LTD,16178923,active,ltd,,,2025-01-13,,2025-01-13,[47910],Office 11286 182-184 High Street North East Ham United Kingdom E6 2JA
ZIRWAAZ LTD,16179192,active,ltd,,,2025-01-13,,2025-01-13,[47540, 47710, 47750, 47770],128 City Road London United Kingdom EC1V 2NX
MAGMA SECURITY SOLUTIONS LTD,16179129,active,ltd,,,2025-01-13,,2025-01-13,[80200],35 Berkeley Square London England W1J 5BF
ADHD TIDY METHOD LTD,16179425,active,ltd,,,2025-01-13,,2025-01-13,[96090],83 Fortis Green London England N2 9HU
REEL IN MARKETING LTD,16179427,active,ltd,,,2025-01-13,,2025-01-13,[63110, 73110],128 City Road London United Kingdom EC1V 2NX
BELIEVE IN GREATNESS INITIATIVES C.I.C.,16179682,active,ltd,community-interest-company,,2025-01-13,,2025-01-13,[85600],17a Electric Lane London England SW9 8LA
REVIVE FURNISHINGS LTD,16180029,active,ltd,,,2025-01-13,,2025-01-13,[47599, 95240],C/- Esdg Accountancy London England SE3 0TN
PRO NEXT COMMERCE LTD,16180046,active,ltd,,,2025-01-13,,2025-01-13,[47710, 47721, 47722, 47770],71-75 Shelton Street London United Kingdom WC2H 9JQ
STAR SOCIAL 2 LTD,16180359,active,ltd,,,2025-01-13,,2025-01-13,[68100],First Floor Winston House London United Kingdom N3 1DH
SHERDANA PATRIMONIUM LIMITED,16180354,active,ltd,,,2025-01-13,,2025-01-13,[96090],86-90 Paul Street London United Kingdom EC2A 4NE
CT LAND HOLDINGS LTD,16180487,active,ltd,,,2025-01-13,,2025-01-13,[68209],20 Wenlock Road London England N1 7GU
PROJECT PRO FOOTBALL LTD,16180570,active,ltd,,,2025-01-13,,2025-01-13,[47640],1422 London Road Leigh On Sea United Kingdom SS9 2UL
FUNNYTECH LTD,16180718,active,ltd,,,2025-01-13,,2025-01-13,[58290, 62012, 62020, 63990],128 City Road London United Kingdom EC1V 2NX
MIP MARINE LTD,16180704,active,ltd,,,2025-01-13,,2025-01-13,[70100],26/27 Boswell Street Ormond House London United Kingdom WC1N 3JZ
PROPERTY POCKET LTD,16180720,active,ltd,,,2025-01-13,,2025-01-13,[68310],71-75 Shelton Street London United Kingdom WC2H 9JQ
KORA MANAGEMENT LTD,16180796,active,ltd,,,2025-01-13,,2025-01-13,[82990],71-75 Shelton Street London United Kingdom WC2H 9JQ
GET IT DONE PRODUCTIONS LTD,16180801,active,ltd,,,2025-01-13,,2025-01-13,[59112],18 Ormond Yard London England SW1Y 6JT
YRF HOLDINGS LTD,16180972,active,ltd,,,2025-01-13,,2025-01-13,[68100, 68209],22 Overlea Road London England E5 9BG
GLOUCESTERLUGGAGE LIMITED,16180971,active,ltd,,,2025-01-13,,2025-01-13,[47110],154a Cromwell Road London England SW7 4EF
ASTAL TRADE & MARKETING LTD,16181073,active,ltd,,,2025-01-13,,2025-01-13,[71121, 74901],Office No. 23, 9.17 Capital Tower 9th Floor London United Kingdom SE1 8RT
SK FRUIT AND VEG LTD,16181066,active,ltd,,,2025-01-13,,2025-01-13,[47890],66 Keppel Road London United Kingdom E6 2BD
PEPPER YOUR TALK LONDON LTD,16181150,active,ltd,,,2025-01-13,,2025-01-13,[85590],Flat 9 Bamburgh House London England N17 0HS
FITNESSTHING LTD,16181199,active,ltd,,,2025-01-13,,2025-01-13,[93130, 96040],Flat 1206 Cobalt Point 38 Millharbour London England E14 9JU
ROGERIO TRANSPORT LTD,16181257,active,ltd,,,2025-01-13,,2025-01-13,[53201, 53202],3 Colston Road London England SW14 7PQ
MBA LEGAL CONSULTANCY LIMITED,16181699,active,ltd,,,2025-01-14,,2025-01-14,[69102],71-75 Shelton Street London United Kingdom WC2H 9JQ
PLEASE DO NOT FORGET LTD,16181705,active,ltd,,,2025-01-14,,2025-01-14,[47910],71-75 Shelton Street London United Kingdom WC2H 9JQ
MG COMPLETE BUILD LTD,16181714,active,ltd,,,2025-01-14,,2025-01-14,[41202],20 Wenlock Road London England N1 7GU
SMART AI SOLUTIONS TECH LTD,16181806,active,ltd,,,2025-01-14,,2025-01-14,[71129],124 City Road London United Kingdom EC1V 2NX
PJSX PRODUCTIONS LIMITED,16181833,active,ltd,,,2025-01-14,,2025-01-14,[82990],71-75 Shelton Street London United Kingdom WC2H 9JQ
6 CLAPHAM ROAD LIMITED,16181926,active,ltd,,,2025-01-14,,2025-01-14,[68209],Suite 101 Lumina Business Centre London United Kingdom EN1 1FS
DIGIXON LTD,16182000,active,ltd,,,2025-01-14,,2025-01-14,[47910, 47990, 63990, 74100],128 City Road London United Kingdom EC1V 2NX
VAUX PY LTD,16182081,active,ltd,,,2025-01-14,,2025-01-14,[46341],16-18 Woodford Road Forest Gate England E7 0HA
INTERLINKED LOGISTICS LTD,16182063,active,ltd,,,2025-01-14,,2025-01-14,[52290],128 City Road London United Kingdom EC1V 2NX
MALIK PRINTERS LTD,16182261,active,ltd,,,2025-01-14,,2025-01-14,[47910],27 Old Gloucester St London United Kingdom WC1N 3AX
EASYMART SHOPPING LTD,16182526,active,ltd,,,2025-01-14,,2025-01-14,[47910],63 Burdett Road London England E3 4TN
THE GIVE ME LIMITED,16182520,active,ltd,,,2025-01-14,,2025-01-14,[46240, 46410, 46420, 46900],41 Devonshire Street Ground Floor Office 1 London United Kingdom W1G 7AJ
SMITHSON QUALITY AND SAFETY LTD,16182690,active,ltd,,,2025-01-14,,2025-01-14,[87900],128 City Road London United Kingdom EC1V 2NX
LZH VENTURES (UK) LIMITED,16182739,active,ltd,,,2025-01-14,,2025-01-14,[70229],1 Kings Arms Yard London England EC2R 7AF
DG MANAGEMENT INVESTMENTS LIMITED,16182744,active,ltd,,,2025-01-14,,2025-01-14,[68100, 68209],3rd Floor, 86-90 Paul Street London England EC2A 4NE
KIRKY BARS LTD,16182791,active,ltd,,,2025-01-14,,2025-01-14,[56302],20 Wenlock Road London England N1 7GU
CAREER CARTOGRAPHY LIMITED,16182810,active,ltd,,,2025-01-14,,2025-01-14,[70229],121 Chase Way London England N14 5DY
DUBAI DUBAI CONSULTANCY LTD,16165061,active,ltd,,,2025-01-06,,2025-01-06,[70229],6 Hogarth Road - Basement London United Kingdom SW5 0PT
SEEKASERVE LIMITED,16182886,active,ltd,,,2025-01-14,,2025-01-14,[82990],71-75 Shelton Street London United Kingdom WC2H 9JQ
BIMINI ANIMAL HEALTH LIMITED,16182881,active,ltd,,,2025-01-14,,2025-01-14,[10920, 47760],3rd Floor 1 London Square Guildford United Kingdom GU1 1UN
ENSIGN HOUSE REAL ESTATE LTD,16183028,active,ltd,,,2025-01-14,,2025-01-14,[68100],24 Old Bond Street London United Kingdom W1S 4AP
UKM VISA & IMMIGRATION CONSULTANCY LTD,16183017,active,ltd,,,2025-01-14,,2025-01-14,[96090],71-75 Shelton Street London United Kingdom WC2H 9JQ
K.D. ADVISORY LTD,16183128,active,ltd,,,2025-01-14,,2025-01-14,[70229],12 Malva Close London United Kingdom SW18 2JU
MICRO TECHNOLOGIES LTD,16183157,active,ltd,,,2025-01-14,,2025-01-14,[62012, 62020, 62090],85 Great Portland Street London United Kingdom W1W 7LT
FAST RETAILING EUROPE LTD,16183196,active,ltd,,,2025-01-14,,2025-01-14,[64205, 70221],103-113 Regent Street London W1B 4HL
ELLIAT PREMIUM PROPERTIES LTD,16183316,active,ltd,,,2025-01-14,,2025-01-14,[68100, 68201, 98000],58 Lower Road London United Kingdom CR8 5NB
SPECIALIST SOLUTIONS LABOUR LIMITED,16183332,active,ltd,,,2025-01-14,,2025-01-14,[78109, 78200],86-90 Paul Street London United Kingdom EC2A 4NE
MDX SURVEYORS LTD,16183337,active,ltd,,,2025-01-14,,2025-01-14,[82990],85 Great Portland Street London England W1W 7LT
CDD SERVICES 6 LIMITED,16183411,active,ltd,,,2025-01-14,,2025-01-14,[56101],72 Wilton Road London England SW1V 1DE
OLIVE INVESTMENTS HOUSE LTD,16183415,active,ltd,,,2025-01-14,,2025-01-14,[68100],4 Nutter Lane London England E11 2HY
PLEASURE ESTATES TWO LIMITED,16183469,active,ltd,,,2025-01-14,,2025-01-14,[68100],5 Fountayne Road London England N16 7EA
THE WOODSTOCK ARMS LTD,16183584,active,ltd,,,2025-01-14,,2025-01-14,[56101],20 Wenlock Road London England N1 7GU
GLOQUO LTD,16183567,active,ltd,,,2025-01-14,,2025-01-14,[62090],167-169 5th Floor London United Kingdom W1W 5PF
CDD SERVICES 2 LTD,16183568,active,ltd,,,2025-01-14,,2025-01-14,[56101],72 Wilton Road London United Kingdom SW1V 1DE
JH PROPERTY CONNECT LTD,16183632,active,ltd,,,2025-01-14,,2025-01-14,[68310],128 City Road London United Kingdom EC1V 2NX
ORION II BIDCO LIMITED,16183693,active,ltd,,,2025-01-14,,2025-01-14,[64209],Charles House London United Kingdom SW1Y 4LR
CLAUDIA HOHMANN LTD,16183796,active,ltd,,,2025-01-14,,2025-01-14,[70221],Flat 1 29 Egerton Road London England SE25 6RH
AINOS CAPITAL LTD,16170648,active,ltd,,,2025-01-08,,2025-01-08,[68100],Monomark House London England WC1N 3AX
OLIVER & MATTHEWS SOLUTIONS LIMITED,16183800,active,ltd,,,2025-01-14,,2025-01-14,[62020],Flat 109 Cargo House 20 Royal Quay Road London England E16 2BW
IDEAL CONSTRUCTION LONDON LTD,16183845,active,ltd,,,2025-01-14,,2025-01-14,[41202],291 Burges Road London United Kingdom E6 2ES
SIGNATURE KITCHENS ESSEX LTD,16183907,active,ltd,,,2025-01-14,,2025-01-14,[43290],71-75 Shelton Street London United Kingdom WC2H 9JQ
UNLIMITED MIND GROUP LTD,16183935,active,ltd,,,2025-01-14,,2025-01-14,[85590, 96090],45 Wharncliffe Gardens London England SE25 6DG
CRISTIAN PINTO GIL LTD,16181532,active,ltd,,,2025-01-13,,2025-01-13,[52290],39 Birch Close London England SE15 4UG
DELTA BUSINESS FINANCE LIMITED,16181531,active,ltd,,,2025-01-13,,2025-01-13,[64992],3rd Floor 86-90, Paul Street London England EC2A 4NE
7 DOLLAR PONY RIDES LTD,16181726,active,ltd,,,2025-01-14,,2025-01-14,[56210],Flat 4 300 Stepney Way London England E1 3DW
GO4BURGER LTD,16181740,active,ltd,,,2025-01-14,,2025-01-14,[56290],41 Saltwell Street London England E14 0DY
SEVEN PINES LIMITED,16181784,active,ltd,,,2025-01-14,,2025-01-14,[93120],Seymour Chambers Liverpool United Kingdom L3 5NW
MARKET YELLOW LTD,16181785,active,ltd,,,2025-01-14,,2025-01-14,[47110],First Floor London United Kingdom W2 1DS
WANDS PY LTD,16181771,active,ltd,,,2025-01-14,,2025-01-14,[46342],16-18 Woodford Road Forest Gate England E7 0HA
BEYOND BORDERS AGENCY LTD,16181853,active,ltd,,,2025-01-14,,2025-01-14,[93199],4th Floor Silverstream House 45 Fitzroy Street London England W1T 6EB
TELIPORTER DIGITAL LTD,16181857,active,ltd,,,2025-01-14,,2025-01-14,[62012],19 Bardolph Road London England N7 0NJ
ANGRID THAI EALING LTD,16181889,active,ltd,,,2025-01-14,,2025-01-14,[56101],24 New Broadway London United Kingdom W5 2XA
SPICEXCEL LTD,16181894,active,ltd,,,2025-01-14,,2025-01-14,[46370, 47910],483 Green Lanes London England N13 4BS
ELEVATE LABS LTD,16181942,active,ltd,,,2025-01-14,,2025-01-14,[70210, 73110],20 Wenlock Road London England N1 7GU
CSHB LTD,16181940,active,ltd,,,2025-01-14,,2025-01-14,[68100, 68209, 68320],71-75 Shelton Street London United Kingdom WC2H 9JQ
AFRIKA HEALTHCARE SERVICES LTD,16181961,active,ltd,,,2025-01-14,,2025-01-14,[78200, 85590, 86900],Flat 80 Sylvia Court London England N1 7PH
ORIGIN AND ALCHEMY LTD,16182101,active,ltd,,,2025-01-14,,2025-01-14,[46370],124 City Road London United Kingdom EC1V 2NX
QI INNOVATION LTD,16182099,active,ltd,,,2025-01-14,,2025-01-14,[47910],86-90 Paul Street London England EC2A 4NE
GRANDU PY LTD,16182100,active,ltd,,,2025-01-14,,2025-01-14,[46341, 46420],16-18 Woodford Road Forest Gate England E7 0HA
DARJI SCHOOLWEAR LTD,16172548,active,ltd,,,2025-01-09,,2025-01-09,[46420],244 Ellison Road London England SW16 5DJ
QUADCROWN GROUP LIMITED,16182348,active,ltd,,,2025-01-14,,2025-01-14,[62020, 81222, 81299, 86900],71-75 Shelton Street London United Kingdom WC2H 9JQ
EURO DOT LIMITED,16182390,active,ltd,,,2025-01-14,,2025-01-14,[10832],45 Indescon Square Indescon Square London United Kingdom E14 9AN
ONLY OLD SCHOOL GOODS LTD,16182382,active,ltd,,,2025-01-14,,2025-01-14,[47910],1a Greenleaf Close London England SW2 2HB
CIRCULAR SOIL SOLUTIONS LTD,16182323,active,ltd,,,2025-01-14,,2025-01-14,[38110, 38210, 70229],47 Islington Park St Islington United Kingdom N1 1QB
LAVI RIDE LTD,16182466,active,ltd,,,2025-01-14,,2025-01-14,[49320],6th Floor First Central 200 Park Royal United Kingdom NW10 7FQ
SMARTIR MARKETING LTD,16182495,active,ltd,,,2025-01-14,,2025-01-14,[70229, 73110],128 City Road London United Kingdom EC1V 2NX
SIRKETIM LIMITED,16182667,active,ltd,,,2025-01-14,,2025-01-14,[82990],71-75 Shelton Street London United Kingdom WC2H 9JQ
SEMINAL ONE EUROPE LTD,16182666,active,ltd,,,2025-01-14,,2025-01-14,[62012],55 Baker Street London United Kingdom W1U 7EU
DUALCURRENT LTD,16182673,active,ltd,,,2025-01-14,,2025-01-14,[43210],128 City Road London United Kingdom EC1V 2NX
INFUSION HABERDASHERY LTD,16182713,active,ltd,,,2025-01-14,,2025-01-14,[82990],1-3 Chepstow Road Westminster United Kingdom W2 5BL
AUTOPLUG LTD,16182735,active,ltd,,,2025-01-14,,2025-01-14,[62020],20 Wenlock Road London England N1 7GU
CHIANWIRI LTD,16182789,active,ltd,,,2025-01-14,,2025-01-14,[71129],71-75 Shelton Street London United Kingdom WC2H 9JQ
WAY HAK LIMITED,16182783,active,ltd,,,2025-01-14,,2025-01-14,[56103],18 West Green Road London England N15 5NN
FORTUNA UK YACHTING LTD,16182777,active,ltd,,,2025-01-14,,2025-01-14,[99999],Third Floor London England W1B 3HH
ALCHIMIE GROUP LTD,16182940,active,ltd,,,2025-01-14,,2025-01-14,[63120],128 City Road London United Kingdom EC1V 2NX
ZMCSCOCO LIMITED,16182926,active,ltd,,,2025-01-14,,2025-01-14,[68209, 70221],Flat 2 26 Onslow Gardens London England SW7 3AG
CONSTRUCTION MTM LTD,16182924,active,ltd,,,2025-01-14,,2025-01-14,[43999],3rd Floor, 86-90 Paul Street London United Kingdom EC2A 4NE
FROME VALLEY FABRICATIONS LTD,16183008,active,ltd,,,2025-01-14,,2025-01-14,[24100, 25110, 43290],128 City Road London United Kingdom EC1V 2NX
MARD FOODS LTD,16183085,active,ltd,,,2025-01-14,,2025-01-14,[47110],149 London Road Camberley England GU15 3JY
VINCULUM INVESTMENT LTD,16183111,active,ltd,,,2025-01-14,,2025-01-14,[68100, 68209],338a Regents Park Road London England N3 2LN
DEIN-MOWOEI DYNAMICS LTD,16183185,active,ltd,,,2025-01-14,,2025-01-14,[86900],3rd Floor, 86-90 Paul Street London United Kingdom EC2A 4NE
MATCHA & MI LIMITED,16183235,active,ltd,,,2025-01-14,,2025-01-14,[47250, 47290],71-75 Shelton Street London United Kingdom WC2H 9JQ
NOVA LUCE LIMITED,16183242,active,ltd,,,2025-01-14,,2025-01-14,[98000],52 Gainsborough Road London England E15 3AG
CWEST HOLDINGS LIMITED,16183256,active,ltd,,,2025-01-14,,2025-01-14,[64209],20 Wenlock Road London England N1 7GU
RAXON DIGITAL LTD,16183282,active,ltd,,,2025-01-14,,2025-01-14,[62012, 62020, 63990],2nd Floor College House Ruislip, United Kingdom HA4 7AE
THE HEALIOS HEALTH LTD,16183276,active,ltd,,,2025-01-14,,2025-01-14,[47910],69 High Street London England N14 6LD
DARYCLEANING LTD,16183389,active,ltd,,,2025-01-14,,2025-01-14,[81222],52 West Green Road London England N15 5NR
BRIDGE IMPORTS LIMITED,16183398,active,ltd,,,2025-01-14,,2025-01-14,[74909],3rd Floor, 86-90 Paul Street London United Kingdom EC2A 4NE
DA BROTHERS LTD,16183445,active,ltd,,,2025-01-14,,2025-01-14,[62012, 85600],20 Wenlock Road London England N1 7GU
INSIGNIA PROPERTY MAINTENANCE SERVICES LIMITED,16183511,active,ltd,,,2025-01-14,,2025-01-14,[01110, 38110, 81100, 98000],167 - 169 Great Portland Street London England W1W 5PF
MGMBH ESTATES LTD,16183508,active,ltd,,,2025-01-14,,2025-01-14,[68209],94 Stamford Hill London United Kingdom N16 6XS
CDD SERVICES 1 LTD,16183536,active,ltd,,,2025-01-14,,2025-01-14,[56101],72 Wilton Road London United Kingdom SW1V 1DE
CLUNIS COSMETOLGY LIMITED,16183524,active,ltd,,,2025-01-14,,2025-01-14,[46450, 47750, 96020],85 Great Portland Street London England W1W 7LT
PALLAS UK HOLDCO LIMITED,16183679,active,ltd,,,2025-01-14,,2025-01-14,[64209],47 Queen Anne Street London United Kingdom W1G 9JG
LADY M YACHTING LTD,16183743,active,ltd,,,2025-01-14,,2025-01-14,[99999],Third Floor London England W1B 3HH
PRIME MOBILE TYRE FITTING LTD,16183750,active,ltd,,,2025-01-14,,2025-01-14,[45200],190 Billet Road London United Kingdom E17 5DX
LIMITLESS PROPERTY MANAGEMENT LTD,16183782,active,ltd,,,2025-01-14,,2025-01-14,[98000],65b London Road Romford England RM7 9QA
GLOW BY G LTD,16169824,active,ltd,,,2025-01-08,,2025-01-08,[47750],100 Aspen Gardens London England W6 9JF
DIETS ABC LTD,16169825,active,ltd,,,2025-01-08,,2025-01-08,[96090],27 Old Gloucester Street London United Kingdom WC1N 3AX
TEODEN PROPERTIES LIMITED,16169822,active,ltd,,,2025-01-08,,2025-01-08,[68100, 68209],21 Bounds Green Road London United Kingdom N22 8HE
VERYLIZ LTD,16169834,active,ltd,,,2025-01-08,,2025-01-08,[62012, 62020, 62090],Unit Da2 Sutherland House London England E17 6BU
OGLANDER LTD,16170001,active,ltd,,,2025-01-08,,2025-01-08,[68209],Flat A London England SE15 4DD
SEVENSTARSPARFUMS LTD,16170099,active,ltd,,,2025-01-08,,2025-01-08,[46450],128 City Road London United Kingdom EC1V 2NX
DOC CHECK AI LIMITED,16170075,active,ltd,,,2025-01-08,,2025-01-08,[84130],Apex House, 2nd Floor London England N12 0EH
CLEARSTONE HOMES LTD,16170165,active,ltd,,,2025-01-08,,2025-01-08,[68100, 68209, 68310, 68320],Unit 602 7 Corsican Square London England E3 3YD
NAIMI IMPORT EXPOT LTD,16170257,active,ltd,,,2025-01-08,,2025-01-08,[71122],167-169 Great Portland Street London England W1W 5PF
IK KITCHEN LTD,16170240,active,ltd,,,2025-01-08,,2025-01-08,[56102],433 Barking Road London England E6 2JX
EXECUTIVE TASK MANAGEMENT LTD,16170236,active,ltd,,,2025-01-08,,2025-01-08,[82110],4th Floor, Silverstream House Fitzrovia United Kingdom W1T 6EB
GREENSOLAN LTD,16170292,active,ltd,,,2025-01-08,,2025-01-08,[70229],20 Wenlock Road London England N1 7GU
T&L INTERNATIONAL HOLDING LIMITED,16170507,active,ltd,,,2025-01-08,,2025-01-08,[68209],C/O Getground London England W6 0NB
EL SHADDAI PROPERTIES LTD,16170565,active,ltd,,,2025-01-08,,2025-01-08,[68100, 68201, 68209, 68320],71-75 Shelton Street London United Kingdom WC2H 9JQ
PAPPYSHOW FILMS LTD,16170597,active,ltd,,,2025-01-08,,2025-01-08,[59111, 59113, 59120, 59200],71-75 Shelton Street London United Kingdom WC2H 9JQ
RENOCEN LTD,16170591,active,ltd,,,2025-01-08,,2025-01-08,[64910],71-75 Shelton Street London United Kingdom WC2H 9JQ
SONER CROUCH HILL LTD,16170641,active,ltd,,,2025-01-08,,2025-01-08,[47910],71-75 Shelton Street London United Kingdom WC2H 9JQ
CAPE ZENITH CAPITAL & ADVISORY LTD,16170693,active,ltd,,,2025-01-08,,2025-01-08,[70221, 70229],167-169 Great Portland Street London United Kingdom W1W 5PF
FRONTENAC TRADING LTD,16170706,active,ltd,,,2025-01-08,,2025-01-08,[99999],Third Floor London England W1B 3HH
URBANCHAIN ENTERPRISE LOGISTICS LIMITED,16170742,active,ltd,,,2025-01-08,,2025-01-08,[62012, 62020, 62090, 63110],30 Old Bailey London United Kingdom EC4M 7AU
LWP CONSULTING LTD,16170748,active,ltd,,,2025-01-08,,2025-01-08,[68310],20 Wenlock Road London England N1 7GU
MOOMAKE LTD,16170786,active,ltd,,,2025-01-08,,2025-01-08,[68100, 68209],4th Floor Office London England W1B 4HB
CASHCO TRADING LTD,16170789,active,ltd,,,2025-01-08,,2025-01-08,[68100],26 Adelaide Road London United Kingdom W13 9EB
OFF MARKET CAPITAL LTD,16170940,active,ltd,,,2025-01-08,,2025-01-08,[68100],20 Seymour Mews London England W1H 6BQ
UNPHILTRE LTD,16170946,active,ltd,,,2025-01-08,,2025-01-08,[63990],27 Old Gloucester Street London United Kingdom WC1N 3AX
VIMEXKOMERC LTD,16171001,active,ltd,,,2025-01-08,,2025-01-08,[47910],71-75 Shelton Street London United Kingdom WC2H 9JQ
WONDER BEAUTY HOLDINGS LTD,16171087,active,ltd,,,2025-01-08,,2025-01-08,[46180],15 Lancaster Gardens London England SW19 5DG
PINSERIA LTD,16171215,active,ltd,,,2025-01-08,,2025-01-08,[56103, 56210],71-75 Shelton Street London United Kingdom WC2H 9JQ
S&N PROPERTY SOLUTIONS LTD,16171375,active,ltd,,,2025-01-08,,2025-01-08,[68209, 98000],85 Great Portland Street London United Kingdom W1W 7LT
UHBA LTD,16171352,active,ltd,,,2025-01-08,,2025-01-08,[94110, 94990],128 City Road London United Kingdom EC1V 2NX
JS ONLINE SHOP LTD,16171414,active,ltd,,,2025-01-08,,2025-01-08,[46420, 47910],128 City Road London United Kingdom EC1V 2NX
TRISTAR HOSPITALITY HOLDINGS LTD,16171410,active,ltd,,,2025-01-08,,2025-01-08,[64209],20 Wenlock Road London England N1 7GU
JOITECH LTD,16171504,active,ltd,,,2025-01-08,,2025-01-08,[62020, 62030, 62090, 95110],225 Clapham Road London England SW9 9BE
ESSENTIAL INSIGHTS LTD,16171541,active,ltd,,,2025-01-08,,2025-01-08,[62020],64 Southwark Bridge Road London England SE1 0AS
URBANCHAIN RENEWABLES LIMITED,16171798,active,ltd,,,2025-01-08,,2025-01-08,[62012, 62020, 62090, 63110],30 Old Bailey London United Kingdom EC4M 7AU
VERON WK LAI LIMITED,16171816,active,ltd,,,2025-01-08,,2025-01-08,[82990],Second Floor London United Kingdom EC3M 7AT
EVITH CARE 25 LIMITED,16171789,active,ltd,,,2025-01-08,,2025-01-08,[86900],32 Barmeston Road London England SE6 3BH
ANOTHER LEVEL MARKETING LIMITED,16169869,active,ltd,,,2025-01-08,,2025-01-08,[70210, 73110],Flat 3-8 Addison Court London England NW6 6AS
PECKHAM INVESTMENTS LIMITED,16169956,active,ltd,,,2025-01-08,,2025-01-08,[68100],1st Floor 182-184 Edgware Road London England W2 2DS
DCX OPERATIONS LTD,16170021,active,ltd,,,2025-01-08,,2025-01-08,[41100],Unit 2 Michael Manley Industrial Estate London England SW8 4TU
HERENEWS LIMITED,16170065,active,ltd,,,2025-01-08,,2025-01-08,[62012],128 City Road London United Kingdom EC1V 2NX
DIMVAS777 LIMITED,16170066,active,ltd,,,2025-01-08,,2025-01-08,[68209],29 The Pleasance London England SW15 5HG
DM777 LIMITED,16170108,active,ltd,,,2025-01-08,,2025-01-08,[81300],29 The Pleasance London England SW15 5HG
DVLACOMMERCE LIMITED,16170199,active,ltd,,,2025-01-08,,2025-01-08,[47890],1 Priory Close London United Kingdom N3 1BB
STORY 108 LTD,16170183,active,ltd,,,2025-01-08,,2025-01-08,[74100],Suite 609 - Britannia House London United Kingdom W6 0LH
TURANEX LTD,16170282,active,ltd,,,2025-01-08,,2025-01-08,[47910],4 Raven Road, Unit 1c3-596 London United Kingdom E18 1HB
BUTLER'S BUILDINGS LIMITED,16170269,active,ltd,,,2025-01-08,,2025-01-08,[68209],C/O Getground London England W6 0NB
UNCOMMON FUTURE VENTURES LTD,16170370,active,ltd,,,2025-01-08,,2025-01-08,[58110, 58190, 85600, 90030],71-75 Shelton Street London United Kingdom WC2H 9JQ
RATAPLAN PROPERTIES LIMITED,16170361,active,ltd,,,2025-01-08,,2025-01-08,[68100, 68209],13 St. Swithin's Lane, London England EC4N 8AL
KULAMS COUTURE LTD,16170435,active,ltd,,,2025-01-08,,2025-01-08,[47710, 47910, 47990],3rd Floor, 86-90 Paul Street London England EC2A 4NE
D&DBROTHERS.SERVICES LTD,16170522,active,ltd,,,2025-01-08,,2025-01-08,[41202],5 The Greenway London England NW9 5BX
ARIA TRAVEL LONDON LTD,16170611,active,ltd,,,2025-01-08,,2025-01-08,[47421, 47910, 79110, 96090],609 Romford Road London England E12 5AD
REMOVALS SELF STORAGE LIMITED,16170675,active,ltd,,,2025-01-08,,2025-01-08,[49420, 52103],71-75 Shelton Street London United Kingdom WC2H 9JQ
INFORMIUM LTD,16170672,active,ltd,,,2025-01-08,,2025-01-08,[62020],Flat 108b Princess Park Manor London England N11 3FP
BLUESKY UK25 LIMITED,16170684,active,ltd,,,2025-01-08,,2025-01-08,[56102],755 Romford Road London England E12 5AW
LUSLEA CONSULTING LTD,16170681,active,ltd,,,2025-01-08,,2025-01-08,[74909],167-169 Great Portland Street London England W1W 5PF
FOJOSOFT LTD,16170719,active,ltd,,,2025-01-08,,2025-01-08,[58190, 62090, 63110, 63990],71-75 Shelton Street London United Kingdom WC2H 9JQ
JSG RETAIL LTD,16170755,active,ltd,,,2025-01-08,,2025-01-08,[70229],1 Kings Avenue London United Kingdom N21 3NA
EB TRAININGS LTD,16170812,active,ltd,,,2025-01-08,,2025-01-08,[96090],Office 1 2a Curzon Road Ealing United Kingdom W5 1NF
RDPG SERVICES LIMITED,16170800,active,ltd,,,2025-01-08,,2025-01-08,[68209],37 Rochdale Road London England SE2 0XE
RUBII LTD,16170879,active,ltd,,,2025-01-08,,2025-01-08,[68100, 68209],160 Rushgrove Avenue London England NW9 6RE
OLINKO TECH SOLUTIONS LTD,16170908,active,ltd,,,2025-01-08,,2025-01-08,[62012, 62020, 63120],140-142 High Street London United Kingdom SE20 7EU
OXYCARBON LIMITED,16171124,active,ltd,,,2025-01-08,,2025-01-08,[74909],3.3 The Old Mill St. Ives England PE27 5EY
AHMEDCO LTD,16171183,active,ltd,,,2025-01-08,,2025-01-08,[64209],478 Hoe Street London United Kingdom E17 9AH
KATANA TECH LTD,16171243,active,ltd,,,2025-01-08,,2025-01-08,[62020],27 Westcoombe Avenue London England SW20 0RQ
216 LEE HIGH ROAD LIMITED,16171246,active,ltd,,,2025-01-08,,2025-01-08,[98000],20 Wenlock Road London England N1 7GU
ALPHAHIVE LTD,16171264,active,ltd,,,2025-01-08,,2025-01-08,[62012],128 City Road London United Kingdom EC1V 2NX
PREMIER RESOURCING SERVICES LTD,16171255,active,ltd,,,2025-01-08,,2025-01-08,[78300, 82190, 84120, 85100],128 City Road London United Kingdom EC1V 2NX
HAWKSWOOD SERVICES LTD,16171253,active,ltd,,,2025-01-08,,2025-01-08,[52290],C/O D & K Accountancy Services Limited Solar House London United Kingdom N12 8QJ
PAGAYE LTD,16171444,active,ltd,,,2025-01-08,,2025-01-08,[46420, 46450, 46480, 47421],128 City Road London United Kingdom EC1V 2NX
BH BELSIZE LIMITED,16171513,active,ltd,,,2025-01-08,,2025-01-08,[68209],Summit House London United Kingdom NW3 6BP
ALMAHA INVEST LTD,16171551,active,ltd,,,2025-01-08,,2025-01-08,[46190, 46900, 47990, 70229],71-75 Shelton Street London United Kingdom WC2H 9JQ
RUDE(DOT)HEALTH LTD.,16171557,active,ltd,,,2025-01-08,,2025-01-08,[63120],71-75 Shelton Street London United Kingdom WC2H 9JQ
GENUINE CULTURAL RELEVANCE LTD,16171650,active,ltd,,,2025-01-08,,2025-01-08,[73110],83 Northwold Road London England E5 8RN
GOLDEN CIRCLE GROUP LTD,16171679,active,ltd,,,2025-01-08,,2025-01-08,[70229, 79110, 79909],Flat 36b 36b London United Kingdom N8 9PA
VEL VOAGE LIMITED,16171673,active,ltd,,,2025-01-08,,2025-01-08,[79901],254 Goldhawk Road London England W12 9PE
MAGNUS ORDO HOLDING CO LTD,16171716,active,ltd,,,2025-01-08,,2025-01-08,[64209],Flat 3 Bulow Court London England SW6 2BP
UNIVIRCO LTD,16171709,active,ltd,,,2025-01-08,,2025-01-08,[46190, 46390, 46900, 47910],85 Great Portland Street London England W1W 7LT
DCCFIT LTD,16171723,active,ltd,,,2025-01-08,,2025-01-08,[93130, 93199],Solo House Horsham England RH12 1AT
ORIANE KDV LIMITED,16171721,active,ltd,,,2025-01-08,,2025-01-08,[70229],C/O Hillier Hopkins Llp London England SW1Y 5JG
FLOW PERFORMANCE PROJECTS LTD,16171825,active,ltd,,,2025-01-08,,2025-01-08,[70229, 96090],414 Barking Road London England E13 8HJ
WEST END LANE PROPERTY LTD,16171882,active,ltd,,,2025-01-08,,2025-01-08,[41100, 68100, 82990],20 Wenlock Road London England N1 7GU
HARRY MEADS LIMITED,16183969,active,ltd,,,2025-01-14,,2025-01-14,[59111],Flat 2 189 Uxbridge Road London England W7 3TH
HENDON LOCKSMITH LIMITED,16184009,active,ltd,,,2025-01-14,,2025-01-14,[99999],3rd Floor, Great Titchfield House London United Kingdom W1W 8BD
TIMELESS PORTFOLIO LTD,16184070,active,ltd,,,2025-01-14,,2025-01-14,[68209],2 New Kings Road London England SW6 4SA
MEETING SECURED LTD,16184084,active,ltd,,,2025-01-14,,2025-01-14,[73110],71-75 Shelton Street London United Kingdom WC2H 9JQ
SMARTCAMERAS.AI LTD,16184110,active,ltd,,,2025-01-14,,2025-01-14,[46510],20 Wenlock Road London England N1 7GU
TANKY LIMITED,16184181,active,ltd,,,2025-01-14,,2025-01-14,[90030],1st Floor 314 Regents Park Road London England N3 2LT
ZETLAND PARTNERS LIMITED,16184178,active,ltd,,,2025-01-14,,2025-01-14,[82990],116 Princedale Road London United Kingdom W11 4NH
POLARIS AI LTD,16184185,active,ltd,,,2025-01-14,,2025-01-14,[62012],Flat 1 120 Mill Lane London England NW6 1NF
HANSRAJ LTD,16184223,active,ltd,,,2025-01-14,,2025-01-14,[41201],50 Riverdale Road London England SE18 1NZ
KAZAN LTD,16184214,active,ltd,,,2025-01-14,,2025-01-14,[62012, 73110],C/O The Accountancy Partnership Suite 5, 5th Floor, City Reach London United Kingdom E14 9NN
OPTIMUM EDGE LTD,16184256,active,ltd,,,2025-01-14,,2025-01-14,[81229, 81299],3rd Floor, 86-90 Paul Street London United Kingdom EC2A 4NE
PAPERLESSCASTINGS LTD,16184250,active,ltd,,,2025-01-14,,2025-01-14,[63120],219e Blackstock Road London England N5 2LL
PECZEK FILM LIMITED,16184279,active,ltd,,,2025-01-14,,2025-01-14,[90030],27 Mortimer Street London England W1T 3BL
INTRAINSHIP LIMITED,16184273,active,ltd,,,2025-01-14,,2025-01-14,[85590],27 Mortimer Street London England W1T 3BL
BEDS&BEAUTY LTD,16184283,active,ltd,,,2025-01-14,,2025-01-14,[96020],10 West Lane London England SE16 4NY
DOUBLE STAR GLAM LTD,16184297,active,ltd,,,2025-01-14,,2025-01-14,[96020],128 City Road London United Kingdom EC1V 2NX
GATHER AND STITCH LONDON LTD,16184304,active,ltd,,,2025-01-14,,2025-01-14,[85590],102 Weston Park London England N8 9PP
VANGUARD GLOBAL SOLUTIONS LTD,16184318,active,ltd,,,2025-01-14,,2025-01-14,[68320, 70229],2 Frederick Street London United Kingdom WC1X 0ND
SIX TWO ONE LTD,SC834114,active,ltd,,,2025-01-14,,2025-01-14,[56102],621 London Road Glasgow United Kingdom G40 1NE
RUG DISTRIBUTION LTD,16184388,active,ltd,,,2025-01-14,,2025-01-14,[47530],2 Walker Close London United Kingdom W7 3NB
MOTYVO LTD,16184398,active,ltd,,,2025-01-14,,2025-01-14,[62011, 62012, 63120],Flat 12 Calico Court London England SE16 4AZ
SUN HOMES LIMITED,16184411,active,ltd,,,2025-01-14,,2025-01-14,[68209],124-128 City Road London England EC1V 2NX
ARIYYAN LTD,16158525,active,ltd,,,2025-01-01,,2025-01-01,[74100],7a Huntley Way London England SW20 0AH
DELTA760 HOLDINGS LTD,16158891,active,ltd,,,2025-01-02,,2025-01-02,[82990],International House London United Kingdom EC3V 3NG
NEURO FX LTD,16159083,active,ltd,,,2025-01-02,,2025-01-02,[86220],Crown House London United Kingdom WC1N 3AX
TIME ELECTRICS LTD,16159091,active,ltd,,,2025-01-02,,2025-01-02,[96090],Didmarton A Priory Park Tetbury United Kingdom GL8 8HZ
SPY UAV LTD,16159093,active,ltd,,,2025-01-02,,2025-01-02,[28302, 30300, 33160, 84250],82 London Road Leicester England LE2 0QR
BANSON TECHNOLOGY SOLUTIONS LIMITED,16159554,active,ltd,,,2025-01-02,,2025-01-02,[46510, 62020, 62090],128 City Road London United Kingdom EC1V 2NX
HONEST SCOOP LIMITED,16159899,active,ltd,,,2025-01-02,,2025-01-02,[10520],85 Great Portland Street London United Kingdom W1W 7LT
M27 AUTOSPARES LTD,16159889,active,ltd,,,2025-01-02,,2025-01-02,[45320],20 Wenlock Road London England N1 7GU
TRUACTIVE LTD,16159878,active,ltd,,,2025-01-02,,2025-01-02,[47910],Office 11129 182-184 High Street North London United Kingdom E6 2JA
MAKIP LONDON LTD,16160099,active,ltd,,,2025-01-02,,2025-01-02,[62090],71-75 Shelton Street London United Kingdom WC2H 9JQ
BUTTRSKIN LTD,16160073,active,ltd,,,2025-01-02,,2025-01-02,[46450, 47910],128 City Road London United Kingdom EC1V 2NX
ABILITY PROPERTY DEVELOPMENTS LTD,16160286,active,ltd,,,2025-01-02,,2025-01-02,[68100, 68209, 68320],79 Powis Street London United Kingdom SE18 6JB
NATERO LTD,16160280,active,ltd,,,2025-01-02,,2025-01-02,[85590],2nd Floor College House Ruislip, United Kingdom HA4 7AE
BUILD 28 LTD,16160303,active,ltd,,,2025-01-02,,2025-01-02,[41202],Unit 16 Marlborough Business Centre London United Kingdom E18 1AD
CALMCUBS LTD,16160296,active,ltd,,,2025-01-02,,2025-01-02,[96040],71-75 Shelton Street London United Kingdom WC2H 9JQ
GUY PITTARD STUDIO LIMITED,16160295,active,ltd,,,2025-01-02,,2025-01-02,[74100],C/O Esdg Accountancy Ltd London United Kingdom SE3 0TN
MANE OBSESSION HAIR LTD,16160271,active,ltd,,,2025-01-02,,2025-01-02,[96020],8 Cody Road London England E16 4SR
EFFICIENTIVITY LTD,16160576,active,ltd,,,2025-01-02,,2025-01-02,[70229],128 City Road London United Kingdom EC1V 2NX
WALLIEE LTD,16160761,active,ltd,,,2025-01-02,,2025-01-02,[62012, 63990],167 - 169 Great Portland Street London England W1W 5PF
ACTIVA MEDICAL LTD,16160872,active,ltd,,,2025-01-03,,2025-01-03,[86900, 87200],Flat 2 17 Highfield Close London England SE13 6UZ
URBN PARTNERS LIMITED,16160951,active,ltd,,,2025-01-03,,2025-01-03,[68310, 68320],71-75 Shelton Street London United Kingdom WC2H 9JQ
STRONG ELEPHANT LTD,16161345,active,ltd,,,2025-01-03,,2025-01-03,[47910, 74100, 82990],59 St. Georges Road London England SW19 4EA
SCOP-X LIMITED,16161344,active,ltd,,,2025-01-03,,2025-01-03,[71122],1 Mere Close London England SW15 3HX
OMNIPRESENT EAR LIMITED,16161513,active,ltd,,,2025-01-03,,2025-01-03,[59200],Flat 13 20 Abbey Road London England NW8 9BJ
BLAKE CORPORATE LIMITED,16161917,active,ltd,,,2025-01-03,,2025-01-03,[69201, 70229, 81100],25 Cabot Square London United Kingdom E14 4QZ
SAPPHO PUBLISHING LTD,16161895,active,ltd,,,2025-01-03,,2025-01-03,[58110],128 City Road London United Kingdom EC1V 2NX
UA TRADE LTD,16162150,active,ltd,,,2025-01-03,,2025-01-03,[41201, 41202],1 Kimbolton Close London United Kingdom SE12 0JH
CLEVER CASTLE LTD,16162153,active,ltd,,,2025-01-03,,2025-01-03,[47190],71-75 Shelton Street London United Kingdom WC2H 9JQ
GREEN TRIANGLE REAL ESTATE LIMITED,16162896,active,ltd,,,2025-01-03,,2025-01-03,[68100, 68209],11 Coldbath Square London England EC1R 5HL
LRG TENDING LTD,16162959,active,ltd,,,2025-01-03,,2025-01-03,[96030],3rd Floor, 86-90 Paul Street London United Kingdom EC2A 4NE
OMA CARGO BIKES LTD,16163917,active,ltd,,,2025-01-06,,2025-01-06,[47640],325 Fulham Palace Road London England SW6 6TJ
AQ CAPITAL MANAGEMENT UK LTD,16163929,active,ltd,,,2025-01-06,,2025-01-06,[70229],85 Great Portland Street London United Kingdom W1W 7LT
FJU CAPSTONE LTD,16164298,active,ltd,,,2025-01-06,,2025-01-06,[70229],71-75 Shelton Street London United Kingdom WC2H 9JQ
HAVENO LTD,16164733,active,ltd,,,2025-01-06,,2025-01-06,[47910],69 Grove Green Road London England E11 4EG
BH ADAMS & SONS LTD,16164739,active,ltd,,,2025-01-06,,2025-01-06,[86220],58 Park Hall Road London England SE21 8BW
THE BROWNIE BEARS LTD,16164741,active,ltd,,,2025-01-06,,2025-01-06,[56290],The Brownie Bears London United Kingdom EC1V 2NX
JD HOME RENTALS LIMITED,16164721,active,ltd,,,2025-01-06,,2025-01-06,[68100],Import Building, Ground Floor London England E14 2BE
THE VOID 2011 LIMITED,16158251,active,ltd,,,2025-01-01,,2025-01-01,[70229],Lakethorne Group, Millennium Business Centre London United Kingdom NW2 6DW
POLICY PARTNERS CONSULTING LTD,16158406,active,ltd,,,2025-01-01,,2025-01-01,[70229],71-75 Shelton Street London England WC2H 9JQ
AFRISAF LTD,16158416,active,ltd,,,2025-01-01,,2025-01-01,[35210],85 Great Portland Street London England W1W 7LT
CRYSTAL CLEAR CO. (EVENT DESIGN) LTD,16159010,active,ltd,,,2025-01-02,,2025-01-02,[96090],124 City Road London United Kingdom EC1V 2NX
NUQ LIMITED,16159017,active,ltd,,,2025-01-02,,2025-01-02,[96090],128 City Road London United Kingdom EC1V 2NX
ST. LAWRENCE PROPERTY GROUP LTD,16159931,active,ltd,,,2025-01-02,,2025-01-02,[41202, 68100, 68209],20 Wenlock Road London England N1 7GU
PASARGADAE FINANCIAL SOLUTIONS LIMITED,16160208,active,ltd,,,2025-01-02,,2025-01-02,[69201, 69203],1 Ramsden Road London England N11 3JE
PATCHWORKING LIMITED,16160211,active,ltd,,,2025-01-02,,2025-01-02,[62090],12 Williams Lane London England SW14 7AZ
BEST STAYCATIONS LTD,16160400,active,ltd,,,2025-01-02,,2025-01-02,[68209],128 City Road London United Kingdom EC1V 2NX
CHOUX BAKERY ORPINGTON LTD,16160885,active,ltd,,,2025-01-03,,2025-01-03,[47240],118 Sydenham Road Sydenham United Kingdom SE26 5JX
EYE CARE 365 LTD,16160881,active,ltd,,,2025-01-03,,2025-01-03,[47910],20 Wenlock Road London England N1 7GU
KEMPTOWN CONTRACTS LIMITED,16161241,active,ltd,,,2025-01-03,,2025-01-03,[41201, 41202],Suite 7,  Arkleigh Mansions London United Kingdom NW4 1BJ
HELLO HOLLY STUDIO LTD,16161318,active,ltd,,,2025-01-03,,2025-01-03,[74100],Flat 306 The Helm 4 Basin Approach London United Kingdom E16 2QX
BLISSFUL MEDIA LTD,16161305,active,ltd,,,2025-01-03,,2025-01-03,[74100],108 Luxborough Tower Luxborough Street London United Kingdom W1U 5BL
GISSANY STUDIO LTD,16161324,active,ltd,,,2025-01-03,,2025-01-03,[96020],Eagle Yard Arch 143 Walworth Road London United Kingdom SE1 6SP
INFINIX ENTERPRISES LTD,16161861,active,ltd,,,2025-01-03,,2025-01-03,[47910],30 Riverhead Close London England E17 5PY
APPHENIX LTD,16162081,active,ltd,,,2025-01-03,,2025-01-03,[63990],128 City Road London United Kingdom EC1V 2NX
DYNAMIC SAMEDAY LOGISTICS LTD,16162811,active,ltd,,,2025-01-03,,2025-01-03,[53202],20 Wenlock Road London England N1 7GU
MW ESTIMATES LTD.,16162884,active,ltd,,,2025-01-03,,2025-01-03,[70229, 71111, 71112, 71129],85 Great Portland Street, First Floor London United Kingdom W1W 7LT
HOMESENSE PROPERTY LIMITED,16163175,active,ltd,,,2025-01-04,,2025-01-04,[41100, 68100, 68209],76 Downsell Road London England E15 2BU
KNOWLEDGE QUAY LTD,16163351,active,ltd,,,2025-01-04,,2025-01-04,[85600],209 Alnwick Road London England E16 3EY
CUNA LTD,16163650,active,ltd,,,2025-01-05,,2025-01-05,[74100],15 Camden Road London England E17 7NF
HERAI LIMITED,16163724,active,ltd,,,2025-01-05,,2025-01-05,[62090],22 Stoke Newington Common London England N16 7ER
ECHOFRAME STUDIO LTD,16163781,active,ltd,,,2025-01-05,,2025-01-05,[74100],Flat 45f Ewen Henderson Court London England SE14 6BL
WOOLWICH TRANSPORT LTD,16163782,active,ltd,,,2025-01-05,,2025-01-05,[49390],19 Maud Cashmore Way London England SE18 5QS
MIXALTO LTD,16159846,active,ltd,,,2025-01-02,,2025-01-02,[47910],128 City Road London United Kingdom EC1V 2NX
FMN GLOBAL LTD,16160057,active,ltd,,,2025-01-02,,2025-01-02,[96040, 96090],71-75 Shelton Street London United Kingdom WC2H 9JQ
SPYDAR AI LTD,16160033,active,ltd,,,2025-01-02,,2025-01-02,[58290],71-75 Shelton Street London United Kingdom WC2H 9JQ
HOPE PHARMA LTD,16160352,active,ltd,,,2025-01-02,,2025-01-02,[86210],71-75 Shelton Street London United Kingdom WC2H 9JQ
MAKMOR PROPERTIES LTD,16160345,active,ltd,,,2025-01-02,,2025-01-02,[68209],20 Wenlock Road London England N1 7GU
RELEASE CENTRE LTD,16160524,active,ltd,,,2025-01-02,,2025-01-02,[70229, 85590, 96090],Office One London England EC1R 5HL
LITTLE NEST PROPERTIES LTD,16160517,active,ltd,,,2025-01-02,,2025-01-02,[68209],C/O Getground London England W6 0NB
DR CARLY WILSON CONSULTANT PSYCHOLOGIST LIMITED,16160521,active,ltd,,,2025-01-02,,2025-01-02,[86900],3rd Floor, 86-90 Paul Street London United Kingdom EC2A 4NE
LATITUDE LEADERSHIP COACHING LTD,16160530,active,ltd,,,2025-01-02,,2025-01-02,[70229, 74909],71-75 Shelton Street London United Kingdom WC2H 9JQ
DEVMIND TECHNOLOGIES LIMITED,16161009,active,ltd,,,2025-01-03,,2025-01-03,[62090, 63110, 99000],71-75 Shelton Street London United Kingdom WC2H 9JQ
PAATZ LTD,16161206,active,ltd,,,2025-01-03,,2025-01-03,[45200],20 Wenlock Road London England N1 7GU
HEPHION LTD,16161983,active,ltd,,,2025-01-03,,2025-01-03,[62012],47 Forthbridge Road London England SW11 5NX
NINEDIMI ENTERPRISES LIMITED,16162592,active,ltd,,,2025-01-03,,2025-01-03,[49320, 52219, 62020, 62030],Flat 2 92-94 Graham Road London United Kingdom E8 1BX
NINETY SIX SOFTWARE LTD,16162591,active,ltd,,,2025-01-03,,2025-01-03,[62012, 62020],128 City Road London United Kingdom EC1V 2NX
SABRINA'S GRUB KITCHEN LTD,16162946,active,ltd,,,2025-01-03,,2025-01-03,[10890, 56210],Flat 12 Primrose House London England SE15 5SS
DUKES CATERING SERVICES LIMITED,16164373,active,ltd,,,2025-01-06,,2025-01-06,[56210, 56290],124 City Road London United Kingdom EC1V 2NX
ADAM SALAH LTD,16164916,active,ltd,,,2025-01-06,,2025-01-06,[73110],386 White Hart Lane London England N17 7LS
BEAT Q SOFTWARE LIMITED,16158328,active,ltd,,,2025-01-01,,2025-01-01,[56210, 62012, 62090, 63120],3rd Floor, 86-90 Paul Street London England EC2A 4NE
ENIMART SUPERSTORE LTD,16158604,active,ltd,,,2025-01-02,,2025-01-02,[46420, 47290, 47750, 47910],22 Ricardo Path London England SE28 8AQ
MEDICARE PEOPLE LIMITED,16160200,active,ltd,,,2025-01-02,,2025-01-02,[78109],3rd Floor, 86-90 Paul Street London United Kingdom EC2A 4NE
CRESTPOINT GLOBAL LIMITED,16160178,active,ltd,,,2025-01-02,,2025-01-02,[46342, 46900, 47910],167-169 Great Portland Street London United Kingdom W1W 5PF
PARISH LANE LIMITED,16160357,active,ltd,,,2025-01-02,,2025-01-02,[68310, 68320],58 Osier Crescent London United Kingdom N10 1QX
PLUMSTEAD HAIR, BEAUTY AND SPA LIMITED,16160533,active,ltd,,,2025-01-02,,2025-01-02,[96020],63a Plumstead High Street London England SE18 1SB
BELSTONE GROUP LIMITED,16160535,active,ltd,,,2025-01-02,,2025-01-02,[64209],6 West Avenue London England NW4 2LJ
BUNA BREW LTD,16160549,active,ltd,,,2025-01-02,,2025-01-02,[56102],125 Castlehaven Road London England NW1 8SJ
DNC DIGITAL GROUP LTD,16160659,active,ltd,,,2025-01-02,,2025-01-02,[73110, 82990],128 City Road London United Kingdom EC1V 2NX
ZHUSHA LTD,16160918,active,ltd,,,2025-01-03,,2025-01-03,[56101, 56301, 56302],G01 Dock East Apartments 2 Selsdon Way London United Kingdom E14 9FH
ARTIFICIAL HEALTH CARE INTELLIGENCE LIMITED,16161477,active,ltd,,,2025-01-03,,2025-01-03,[62012, 62020],124 City Road London United Kingdom EC1V 2NX
WEDDING STORIES LTD,16161481,active,ltd,,,2025-01-03,,2025-01-03,[59111, 59112, 59120, 77291],Unit 10 Abbey Trading Point London United Kingdom E15 3NW
A&A R HOLDINGS LTD,16161793,active,ltd,,,2025-01-03,,2025-01-03,[64209],Accountancy House London United Kingdom SE1 6SW
KP MEDIA & EVENTS LTD,16161808,active,ltd,,,2025-01-03,,2025-01-03,[73120, 74209, 78101, 90030],128 City Road London United Kingdom EC1V 2NX
TFG FILM LTD,16163199,active,ltd,,,2025-01-04,,2025-01-04,[59111],Flat 1 Links Court London England N20 0NF
SENAREO LIMITED,16163674,active,ltd,,,2025-01-05,,2025-01-05,[62020],32 Willoughby Road London United Kingdom N8 0JG
MARCO - YOUR MOBILE PHYSIO LTD,16163798,active,ltd,,,2025-01-05,,2025-01-05,[84120],30 Rosemary Avenue London England N3 2QN
MOTIVENEXTDOOR LTD,16164680,active,ltd,,,2025-01-06,,2025-01-06,[70210, 90020],483 Green Lanes London England N13 4BS
HAMONIZE LIMITED,16164683,active,ltd,,,2025-01-06,,2025-01-06,[62012],49 Grosvenor Street London England W1K 3HP
LUXE THREADS LONDON LTD,16164624,active,ltd,,,2025-01-06,,2025-01-06,[47710],Unit 4-6 East Shopping Centre London United Kingdom E7 8LE
WHYDON LTD,16164620,active,ltd,,,2025-01-06,,2025-01-06,[68100],1 Overlea Road London United Kingdom E5 9BG
ARTIQUE HOLDINGS LTD,16164611,active,ltd,,,2025-01-06,,2025-01-06,[70229, 74100, 74209, 82990],124-128 City Road London England EC1V 2NX
CONNECTED HUMANS LTD,16158262,active,ltd,,,2025-01-01,,2025-01-01,[56210],124-128 City Road London England EC1V 2NX
HAVENCREST PROPERTY SOLUTIONS LTD,16158625,active,ltd,,,2025-01-02,,2025-01-02,[82990],20 Wenlock Road London England N1 7GU
TECH INCLUSIVE LTD,16158770,active,ltd,,,2025-01-02,,2025-01-02,[62020, 85590, 88990],40 Glenwood Road London England N15 3JU
686 LTD,16158872,active,ltd,,,2025-01-02,,2025-01-02,[90030],71-75 Shelton Street London United Kingdom WC2H 9JQ
DYNAMIC CONTENT SOLUTIONS LIMITED,16158877,active,ltd,,,2025-01-02,,2025-01-02,[59120, 62012],85 Great Portland Street London England W1W 7LT
BYTEFORGE DYNAMICS LTD,16159116,active,ltd,,,2025-01-02,,2025-01-02,[58290, 62011, 62012, 62020],128 City Road London United Kingdom EC1V 2NX
MY MARKETPLACE LTD,16159646,active,ltd,,,2025-01-02,,2025-01-02,[46190, 46510, 47410, 47799],71-75 Shelton Street London United Kingdom WC2H 9JQ
MANCHESTER OUDS LTD,16159722,active,ltd,,,2025-01-02,,2025-01-02,[46450],71-75 Shelton Street London United Kingdom WC2H 9JQ
CONSTRUCTO GROUP LTD,16160023,active,ltd,,,2025-01-02,,2025-01-02,[41100, 41202, 43290, 43320],128 City Road London United Kingdom EC1V 2NX
TERRA VIVA WINES LTD,16160013,active,ltd,,,2025-01-02,,2025-01-02,[47990],Apartment E64 East Apartments London England N17 9QY
KINDO ENERGY LTD,16160230,active,ltd,,,2025-01-02,,2025-01-02,[71122, 71129, 74901, 74909],71-75 Shelton Street London United Kingdom WC2H 9JQ
SEND BIKE LTD,16160420,active,ltd,,,2025-01-02,,2025-01-02,[53201],15 Coliseum Court 200 Regents Park Road London England N3 3HF
TECHSPIRE TECHNOLOGY LIMITED,16160407,active,ltd,,,2025-01-02,,2025-01-02,[62090],Flat 1 37 Panton Street London England SW1Y 4EA
SPIRALFORMS LTD,16160604,active,ltd,,,2025-01-02,,2025-01-02,[70229],20 Wenlock Road London England N1 7GU
IMAAN’S HENNA LTD,16160773,active,ltd,,,2025-01-02,,2025-01-02,[20120, 20140, 46480, 96020],41 Spencer Road London England E6 1HH
BRICKLINE LTD,16161075,active,ltd,,,2025-01-03,,2025-01-03,[98000],20 Wenlock Road London England N1 7GU
MASCOTTS MAINTENANCE LTD,16161078,active,ltd,,,2025-01-03,,2025-01-03,[41202],10 Alwyne Road London United Kingdom W7 3EN
GREEN SHIELD ENERGY SOLUTIONS LTD,16161246,active,ltd,,,2025-01-03,,2025-01-03,[41201, 41202, 43290],124 City Road London United Kingdom EC1V 2NX
HUGHIE JOE LTD,16161253,active,ltd,,,2025-01-03,,2025-01-03,[68100, 68209],23 London Road, Colchester, United Kingdom CO6 1DZ
RAINMAKER PROPERTY SERVICES LTD,16161249,active,ltd,,,2025-01-03,,2025-01-03,[82990],45 Fitzroy Street London England W1T 6EB
NEAT JOB SOLUTIONS LTD,16161504,active,ltd,,,2025-01-03,,2025-01-03,[46410, 46470, 46499, 46900],128 City Road London United Kingdom EC1V 2NX
ATLANTICSGREEN LIMITED,16161494,active,ltd,,,2025-01-03,,2025-01-03,[43290],2 Roselea Villas 48a Wickham Lane London England SE2 0XN
VY NAILS & BEAUTY LTD,16162007,active,ltd,,,2025-01-03,,2025-01-03,[96020],306 Upper Richmond Road West London England SW14 7JG
QUANTIRE LTD,16162011,active,ltd,,,2025-01-03,,2025-01-03,[85600],Crown House London United Kingdom WC1N 3AX
DMC ENGINEERING LTD,16162966,active,ltd,,,2025-01-03,,2025-01-03,[71129],38 Deering House 26 Ottley Drive London England SE3 9FF
E17 BUILDING SERVICES LTD,16163043,active,ltd,,,2025-01-04,,2025-01-04,[41202],143 Forest Road London England E17 6HF
OZD CONSULTING LIMITED,16163502,active,ltd,,,2025-01-05,,2025-01-05,[70229],193 Hither Green Lane London England SE13 6RP
GOLF DEALS CLUB LTD,16158398,active,ltd,,,2025-01-01,,2025-01-01,[93199],3rd Floor, 86-90 Paul Street London United Kingdom EC2A 4NE
VITALITY RESEARCH LTD,16158695,active,ltd,,,2025-01-02,,2025-01-02,[47990],167-169 Great Portland Street London England W1W 5PF
TRIBE COLLECTIVE LTD,16158696,active,ltd,,,2025-01-02,,2025-01-02,[85510, 86900, 93130, 96040],85 Great Portland Street London England W1W 7LT
INDAGO CONSULTING LTD,16158970,active,ltd,,,2025-01-02,,2025-01-02,[62020, 62090],128 City Road London United Kingdom EC1V 2NX
AMIREV UK LTD,16158965,active,ltd,,,2025-01-02,,2025-01-02,[58290, 62012, 62020, 62090],Office 11152 182-184 High Street North London England E6 2JA
AJG CASH HOLDINGS LIMITED,16159222,active,ltd,,,2025-01-02,,2025-01-02,[64205],The Walbrook Building London United Kingdom EC4N 8AW
THE KEBAB LTD,16159726,active,ltd,,,2025-01-02,,2025-01-02,[56103],27a London Road Newcastle England ST5 7EA
YOUR IT EXPERT LIMITED,16160136,active,ltd,,,2025-01-02,,2025-01-02,[47910, 62012, 62020, 62090],1st Floor, 29-31 Minerva Road London United Kingdom NW10 6HJ
FOOD SAFETY AFRICA UK INTERNATIONAL LTD,16160371,active,ltd,,,2025-01-02,,2025-01-02,[56290],20 Wenlock Road London England N1 7GU
CONTENTUUAL LIMITED,16160378,active,ltd,,,2025-01-02,,2025-01-02,[58190, 59111, 59112, 59113],71-75 Shelton Street London United Kingdom WC2H 9JQ
SIMPLE HIRE LTD,16160553,active,ltd,,,2025-01-02,,2025-01-02,[49319],128 City Road London United Kingdom EC1V 2NX
JK TALENT LTD,16160711,active,ltd,,,2025-01-02,,2025-01-02,[82990],Tax Connect Accountants Ltd London United Kingdom EC3A 8AA
MOON FERTILITY LTD,16161114,active,ltd,,,2025-01-03,,2025-01-03,[20420, 32990, 47910, 85590],89 Haldane Road London England E6 3JL
CLK MEDIA GROUP LTD,16161095,active,ltd,,,2025-01-03,,2025-01-03,[70229],23 Bedford Row London England WC1R 4EB
THE FIRST CLASS BUILDING & MAINTENANCE LTD,16161690,active,ltd,,,2025-01-03,,2025-01-03,[41201, 41202],19 Leconfield Road London England N5 2RX
ONEVISION1ST LTD,16161956,active,ltd,,,2025-01-03,,2025-01-03,[56103, 56210],39 Withdean Court London Road Brighton England BN1 6RN
AEROPATH TRAVEL LTD,16162383,active,ltd,,,2025-01-03,,2025-01-03,[79110],85 Great Portland Street London England W1W 7LT
CLOUDSPIN LTD,16162613,active,ltd,,,2025-01-03,,2025-01-03,[62020, 62090],43 Danemere Street London England SW15 1LT
SOUTHSTAR PROPERTY GROUP LIMITED,16162739,active,ltd,,,2025-01-03,,2025-01-03,[68100, 68209, 96090],203 Kilburn High Road London United Kingdom NW6 7HY
MOTIVATION CAPABILITY LTD,16162917,active,ltd,,,2025-01-03,,2025-01-03,[58190, 59112, 59200, 73120],Flat 62 Kinefold House London United Kingdom N7 9QD
DJ PROPCO LTD,16164031,active,ltd,,,2025-01-06,,2025-01-06,[68209, 68320],Flat 14 The Homefield London United Kingdom SM4 5AS
EARWAVESIGNATURES LTD,16164011,active,ltd,,,2025-01-06,,2025-01-06,[86220, 86900],20 Wenlock Road London England N1 7GU
DE-FI MARKETS LTD,16164802,active,ltd,,,2025-01-06,,2025-01-06,[64991],71-75 Shelton Street London United Kingdom WC2H 9JQ
LOAMPIT LONDON LTD,16164785,active,ltd,,,2025-01-06,,2025-01-06,[47110],34 Loampit Hill London England SE13 7SW
SIMCHE GROUP LTD,16158425,active,ltd,,,2025-01-01,,2025-01-01,[96040],4 Tradescant Road London United Kingdom SW8 1XE
COMDOTCOM LIMITED,16158515,active,ltd,,,2025-01-01,,2025-01-01,[47190, 47910, 47990],Flat 1 Hive Wood House 2c London England E7 9JY
SEYA LTD,16158597,active,ltd,,,2025-01-02,,2025-01-02,[56290],Flat 15 Phoenix Lodge Mansions London England W6 7BG
BOTTLETOP CREATIVE LIMITED,16158690,active,ltd,,,2025-01-02,,2025-01-02,[62020, 63120, 70210, 73110],128 City Road London United Kingdom EC1V 2NX
777 BOTANICALS & COSMETICS LIMITED,16158777,active,ltd,,,2025-01-02,,2025-01-02,[20530],Flat 23 Daniell House London England N1 5EH
KITAZON MANAGEMENT LIMITED,16159325,active,ltd,,,2025-01-02,,2025-01-02,[68100, 68209],128 City Road London United Kingdom EC1V 2NX
QS MEDICAL MANAGEMENT LIMITED,16159346,active,ltd,,,2025-01-02,,2025-01-02,[86101],Afe Accountants Limited, Building 3, London England N11 1GN
SISSE'S CARE LTD LTD,16159360,active,ltd,,,2025-01-02,,2025-01-02,[87300],1 Hennel Close London England SE23 2NT
PUMPKIN LEGAL AND INVESTMENTS LIMITED,16160011,active,ltd,,,2025-01-02,,2025-01-02,[69109, 70229],71-75 Shelton Street London United Kingdom WC2H 9JQ
BURGERMEISTER LTD.,16160002,active,ltd,,,2025-01-02,,2025-01-02,[56101, 56102, 56103, 56290],128 City Road London United Kingdom EC1V 2NX
RENOVATION LONDON LTD,16160248,active,ltd,,,2025-01-02,,2025-01-02,[41100, 41202, 74100],20 Wenlock Road London England N1 7GU
JACK RABBIT CATERING LTD,16160244,active,ltd,,,2025-01-02,,2025-01-02,[47190, 56210],609 Romford Road London United Kingdom E12 5AD
MRA ELITE LTD,16161120,active,ltd,,,2025-01-03,,2025-01-03,[46730, 46740],115 London Road Morden England SM4 5HP
KEYNEST PAYMENTS LIMITED,16161459,active,ltd,,,2025-01-03,,2025-01-03,[66190],Studio 2.02 Food Exchange London England SW8 5EL
COCOFOUR LIMITED,16161840,active,ltd,,,2025-01-03,,2025-01-03,[74100],2nd Floor College House Ruislip, United Kingdom HA4 7AE
THE SOLO SUCCESS SQUAD LTD,16162266,active,ltd,,,2025-01-03,,2025-01-03,[99999],20 Wenlock Road London England N1 7GU
FOX & PUG LTD,16162492,active,ltd,,,2025-01-03,,2025-01-03,[56302],The Fox Beccles United Kingdom NR34 8DD
PINK PETALS FLORIST LIMITED,16162661,active,ltd,,,2025-01-03,,2025-01-03,[47990],132 Brookscroft Road London England E17 4JR
IRIS GEORGE LTD,16163695,active,ltd,,,2025-01-05,,2025-01-05,[70229],3rd Floor, 86-90 Paul Street London United Kingdom EC2A 4NE
HI GLOBAL EDUCATION LTD,16163821,active,ltd,,,2025-01-05,,2025-01-05,[70229, 85590, 85600],Flat 5 297 Grays Inn Road London United Kingdom WC1X 8QP
RIC SMITH DESIGN LTD,16163953,active,ltd,,,2025-01-06,,2025-01-06,[73110, 74100],71-75 Shelton Street London United Kingdom WC2H 9JQ
CURRENT CLINICIAN LTD,16164123,active,ltd,,,2025-01-06,,2025-01-06,[85590],128 City Road London United Kingdom EC1V 2NX
GOLDEN CROWN ROOFING LTD,16164529,active,ltd,,,2025-01-06,,2025-01-06,[43910],25b Inman Road London England NW10 9JU
LAVIDA ESTATES LTD,16164553,active,ltd,,,2025-01-06,,2025-01-06,[68209],20 Wenlock Road London England N1 7GU
VALUATION LEADS LTD,16164578,active,ltd,,,2025-01-06,,2025-01-06,[96090],71-75 Shelton Street London United Kingdom WC2H 9JQ
JOHNNIES DSUK LTD,16160995,active,ltd,,,2025-01-03,,2025-01-03,[85530],86-90 Paul Street London England EC2A 4NE
JIMMY'S FAST FOOD LTD,16161592,active,ltd,,,2025-01-03,,2025-01-03,[56103],20 Wenlock Road London England N1 7GU
UNMANNED SUPPORT LTD,16161599,active,ltd,,,2025-01-03,,2025-01-03,[74909],20 Wenlock Road London England N1 7GU
MORTGAGE CORRECT LTD,16162064,active,ltd,,,2025-01-03,,2025-01-03,[64999, 66220],128 City Road London United Kingdom EC1V 2NX
HANJU LIMITED,16162071,active,ltd,,,2025-01-03,,2025-01-03,[68209, 68320],45 Pitfold Road London England SE12 9JB
RIGHT TRAVELS LIMITED,16162063,active,ltd,,,2025-01-03,,2025-01-03,[79110],195-197 Wood Street London England E17 3NU
DELIGHT BABA LIMITED,16162629,active,ltd,,,2025-01-03,,2025-01-03,[56103],574 Barking Road London England E13 9JU
LETSGATHER LIMITED,16162626,active,ltd,,,2025-01-03,,2025-01-03,[62012],3 Railway Cottages London United Kingdom E15 3NF
CONSULT FOURTEEN LTD,16162647,active,ltd,,,2025-01-03,,2025-01-03,[62020],Flat 801-1508 20 Palace Street London England SW1E 5BB
J.D TRANSPORT AND AUTOS LTD,16162644,active,ltd,,,2025-01-03,,2025-01-03,[45112, 45320],71-75 Shelton Street London United Kingdom WC2H 9JQ
ZURI CONNECT LTD,16162735,active,ltd,,,2025-01-03,,2025-01-03,[78109],4-6 Throgmorton Avenue London United Kingdom EC2N 2DL
NEXUS LIBERTY LTD,16162737,active,ltd,,,2025-01-03,,2025-01-03,[62020, 62090, 63110, 63120],71-75 Shelton Street London United Kingdom WC2H 9JQ
EKS LOGISTICS LTD,16162910,active,ltd,,,2025-01-03,,2025-01-03,[52290],Railway Arch 13 Almond Road London England SE16 3LR
DALEVA LTD,16162997,active,ltd,,,2025-01-03,,2025-01-03,[74100],85 Great Portland Street London England W1W 7LT
IKONOMO GROUP LTD,16163412,active,ltd,,,2025-01-05,,2025-01-05,[43999],3rd Floor, 86-90 Paul Street London United Kingdom EC2A 4NE
COLLIER PROPERTY LETTING & MANAGEMENT LTD,16163399,active,ltd,,,2025-01-05,,2025-01-05,[68100],3rd Floor, 86-90 Paul Street London United Kingdom EC2A 4NE
VIDEOSMITH LTD,16163969,active,ltd,,,2025-01-06,,2025-01-06,[59112],405 Alloy Court London England E3 2TH
SKYLIGHT FILMS LIMITED,16163964,active,ltd,,,2025-01-06,,2025-01-06,[59111],19 Green Lane London, Greater London United Kingdom W7 2PA
EASYTOURISM LTD,16158665,active,ltd,,,2025-01-02,,2025-01-02,[79110, 79909],19 Stepney Causeway London United Kingdom E1 0JW
ENSO ASSOCIATES LTD,16158820,active,ltd,,,2025-01-02,,2025-01-02,[70229, 82990],71-75 Shelton Street London United Kingdom WC2H 9JQ
THE PERPETUAL GROWTH PARTNERSHIP LIMITED,16159060,active,ltd,,,2025-01-02,,2025-01-02,[70229],Silverstream House London England W1T 6EB
DB10 LOGISTIC SOLUTIONS LTD,16159240,active,ltd,,,2025-01-02,,2025-01-02,[52290],27 Old Gloucester Street London United Kingdom WC1N 3AX
PLANTS AND POEMS LIMITED,16160313,active,ltd,,,2025-01-02,,2025-01-02,[47760, 47910, 58110, 90030],My City Office 85 Great Portland Street London United Kingdom W1W 7LT
EK MAINTENANCE LTD,16160629,active,ltd,,,2025-01-02,,2025-01-02,[43390],24 Firsby Road London England N16 6QA
STUDIO STRATA LIMITED,16160633,active,ltd,,,2025-01-02,,2025-01-02,[74100],Penthouse Flat Copper Point London United Kingdom N4 4EU
PROPERTY LANE ESTATES LTD,16160985,active,ltd,,,2025-01-03,,2025-01-03,[68209],C/O Getground London England W6 0NB
GG-715-875 LIMITED,16160977,active,ltd,,,2025-01-03,,2025-01-03,[68209],1 Lyric Square London England W6 0NB
MARK BERRY CONSULTING LTD,16161633,active,ltd,,,2025-01-03,,2025-01-03,[70229],128 City Road London United Kingdom EC1V 2NX
FUUTA SERVICES LTD,16162354,active,ltd,,,2025-01-03,,2025-01-03,[56290, 81222],3rd Floor, 86-90 Paul Street London United Kingdom EC2A 4NE
BINDRA DISTRIBUTION LTD,16162541,active,ltd,,,2025-01-03,,2025-01-03,[46520, 47421, 47890, 47910],71-75 Shelton Street London United Kingdom WC2H 9JQ
PLANVA LTD,16162553,active,ltd,,,2025-01-03,,2025-01-03,[47910, 58290, 62012],71-75 Shelton Street London United Kingdom WC2H 9JQ
BULA TRAINING LTD,16162984,active,ltd,,,2025-01-03,,2025-01-03,[62030],Apartment 23 Bond Mansions London England W2 1BY
APPLACE LTD,16164513,active,ltd,,,2025-01-06,,2025-01-06,[62090],Suite 3 567 Fulham Road London England SW6 1ES
HOMEHOUSE GALLERY LTD,16164450,active,ltd,,,2025-01-06,,2025-01-06,[47781, 74100],Flat 11, 3-4 Bramham Gardens London United Kingdom SW5 0JQ
CINTECS UK LIMITED,16164445,active,ltd,,,2025-01-06,,2025-01-06,[46750],Flat 9 Heath Court 10-12 Frognal London England NW3 6AH
JR ENGINEER SOLUTIONS LTD,16199724,active,ltd,,,2025-01-22,,2025-01-22,[71129],Flat 28 Tradescant House London England E9 7NS
BELGRAVIA VENTURES LTD,16219388,active,ltd,,,2025-01-30,,2025-01-30,[70229],3rd Floor Albemarle Street London England W1S 4JL
LILLY CHARLES PROPERTIES LTD,16190059,active,ltd,,,2025-01-17,,2025-01-17,[68100, 68209],23a The Precinct Waterlooville United Kingdom PO7 7DT
STUDIO CREO LIMITED,16175741,active,ltd,,,2025-01-10,,2025-01-10,[90030],Unit 2, Old Dairy House London United Kingdom W10 4AN
OMICRON PROJECT Z LTD,16171601,active,ltd,,,2025-01-08,,2025-01-08,[43999],23 Hopground House London England E20 1AG
HEROIC SOLUTIONS LIMITED,16217240,active,ltd,,,2025-01-29,,2025-01-29,[38210],85 Great Portland Street London England W1W 7LT
ARAV TRADING LIMITED,16178852,active,ltd,,,2025-01-13,,2025-01-13,[47910],Office 11642 182-184 High Street North London England E6 2JA
DANCING SUN PRODUCTIONS (UK) LIMITED,16170818,active,ltd,,,2025-01-08,,2025-01-08,[59113],3 Queen Caroline Street London W6 9PE
WELTER & SONS LTD,16169055,active,ltd,,,2025-01-07,,2025-01-07,[69109],Welter & Sons, 4th Floor, Silverstream House 45 Fitzroy Street London England W1T 6EB
GWALIA SERVICE STATION LTD,16183277,active,ltd,,,2025-01-14,,2025-01-14,[47300],Gwalia Service Station London Road Holyhead Wales LL65 3DR
CW PUB AND ROOMS LTD,16217683,active,ltd,,,2025-01-29,,2025-01-29,[56302],18 Bristol Gardens London England W9 2JQ
BLUE MIST PRODUCTIONS (UK) LIMITED,16203742,active,ltd,,,2025-01-23,,2025-01-23,[59111],3 Queen Caroline Street London W6 9PE
BENTLEY WEALTH PARTNERS LTD,16159131,active,ltd,,,2025-01-02,,2025-01-02,[66190],1 Cornhill London England EC3V 3ND
TAX EVOLVE LTD,16218302,active,ltd,,,2025-01-30,,2025-01-30,[82110],188 Westferry Road London United Kingdom E14 3RY
MB2 HEALTH LTD,16194509,active,ltd,,,2025-01-20,,2025-01-20,[86220],2 Kidbrooke Way London England SE3 0JB
B4SED LTD,16181102,active,ltd,,,2025-01-13,,2025-01-13,[62012],167-169 Great Portland Street London England W1W 5PF
JACKIEE SILVA BROW & WAX STUDIO LTD,16176578,active,ltd,,,2025-01-10,,2025-01-10,[96020],47 Skylines Village Limeharbour London England E14 9TS
BLOSSOM EDUCATION SERVICES LTD.,16205987,active,ltd,,,2025-01-24,,2025-01-24,[85200, 85310, 85600],124-128 City Road London England EC1V 2NX
WHO'S NEXT E14 LIMITED,16211475,active,ltd,,,2025-01-27,,2025-01-27,[96020],Who's Next Barbershop London England E14 9RP
STRIPY CAT PRODUCTIONS LTD,16176038,active,ltd,,,2025-01-10,,2025-01-10,[78101, 90010, 90020],167-169 Great Portland Street London England W1W 5PF
TANTUNLAND LTD,16177765,active,ltd,,,2025-01-12,,2025-01-12,[56103],Office 403, Screenworks 22 Highbury Grove London United Kingdom N5 2ER
KUUKI 9 LIMITED,16215371,active,ltd,,,2025-01-29,,2025-01-29,[56101],59 Fashion Street London England E1 6PX
HYBRID PARTS CENTRE LTD,16206851,active,ltd,,,2025-01-24,,2025-01-24,[45310],179 Park Avenue London England NW10 7XH
BIOGENA UK LIMITED,16205831,active,ltd,,,2025-01-24,,2025-01-24,[47290, 86900, 96040],125 Wood Street London United Kingdom EC2V 7AW
UNTITLED 5024 LIMITED,16174149,active,ltd,,,2025-01-09,,2025-01-09,[70221],14-16 Bruton Place London England W1J 6LX
ZEOBA LIMITED,16220445,active,ltd,,,2025-01-31,,2025-01-31,[62090],71-75 Shelton Street Covent Garden Shelton Street London England WC2H 9JQ
CIMBOMBOM PROPERTIES LTD,16214121,active,ltd,,,2025-01-28,,2025-01-28,[68100, 68201, 68209, 68320],Office 403, Screenworks 22 Highbury Grove London United Kingdom N5 2ER
OSWARD LTD,16185235,active,ltd,,,2025-01-15,,2025-01-15,[56103],17 Woodside Green London England SE25 5EY
N.R.A.D. CONSTRUCTION LTD,16187360,active,ltd,,,2025-01-15,,2025-01-15,[41202],33 Cranford Avenue London England N13 4NY
LEAN CFO LTD,16179357,active,ltd,,,2025-01-13,,2025-01-13,[69201, 69203, 70229, 78300],4th Floor Silverstream House 45 London England W1T 6EB
JADEX BROTHERS INTERNATIONAL LTD,16162332,active,ltd,,,2025-01-03,,2025-01-03,[70229],Spaces Mappin House London England W1W 8HF
MARMAR CLINIC LTD,16161394,active,ltd,,,2025-01-03,,2025-01-03,[86900, 96020],44 Cricklewood Broadway London England NW2 3ET
KOONER LONDON PROPERTIES LTD,16192097,active,ltd,,,2025-01-17,,2025-01-17,[41201, 41202, 68310],7-15 Greatorex Street London England E1 5NF
UNI SPACE UA CIC,16205032,active,ltd,community-interest-company,,2025-01-24,,2025-01-24,[56210, 78200, 85600, 88990],72 Ludwick Mews London England SE14 6NG
ELSAY LTD,16176762,active,ltd,,,2025-01-10,,2025-01-10,[56290],71-75 Shelton Street London United Kingdom WC2H 9JQ
SR & CO MANAGEMENT LTD,16214228,active,ltd,,,2025-01-28,,2025-01-28,[64999],128 City Road London United Kingdom EC1V 2NX
PIXA PAY LTD,16173095,active,ltd,,,2025-01-09,,2025-01-09,[58210],124-128 City Road London England EC1V 2NX
LOST IN PARADISE LTD,16209377,active,ltd,,,2025-01-27,,2025-01-27,[47190],167-169 Great Portland Street London England W1W 5PF
SHERALLI DEVELOPMENTS LIMITED,16161084,active,ltd,,,2025-01-03,,2025-01-03,[68100, 68209],Bell House Flat 16 Wembley England HA9 7HE
WRIST TOYS LTD.,16216096,active,ltd,,,2025-01-29,,2025-01-29,[47770],32 Hatton Garden London England EC1N 8DH
SINGER PRODUCTIONS LTD.,16174187,active,ltd,,,2025-01-09,,2025-01-09,[90030],34 Strathleven Road London England SW2 5LA
DAPHNE'S CAREER DEVELOPMENT LTD,16196629,active,ltd,,,2025-01-20,,2025-01-20,[85600],71-75 Shelton Street Covent Garden United Kingdom WC2H 9JQ
ESSEX EXPERT ELECTRICIAN LTD,16194788,active,ltd,,,2025-01-20,,2025-01-20,[33140, 43210, 95210],310 High Road London England N22 8JR
LIGHTAD LTD,16198260,active,ltd,,,2025-01-21,,2025-01-21,[70229, 82990],20 Wenlock Road London England N1 7GU
APEX E SOLUTIONS LTD,16207891,active,ltd,,,2025-01-25,,2025-01-25,[47910],9 Ealing House London England W5 3HJ
ONLINE LEARNING ACEDMY LTD,16179421,active,ltd,,,2025-01-13,,2025-01-13,[47990],Suite C92, 4 - 6, Greatorex Street London United Kingdom E1 5NF
2 GROUP SOLUTIONS LTD.,16201190,active,ltd,,,2025-01-22,,2025-01-22,[82190],55 Loudoun Road St John's Wood London England NW8 0DL
LYL 888 LTD,16179403,active,ltd,,,2025-01-13,,2025-01-13,[56101],140-142 Walworth Road London United Kingdom SE17 1JL
EVENIA LUXURY CHAUFFEUR SERVICES LTD,16207037,active,ltd,,,2025-01-24,,2025-01-24,[45112, 77110],122 St. Pancras Way London England NW1 9NB
10 BROOK STREET LIMITED,16217164,active,ltd,,,2025-01-29,,2025-01-29,[64209],C/O Citco Reif Services Uk Limited London United Kingdom W1S 4HQ
KAIZEN BOOKS LTD,16209285,active,ltd,,,2025-01-27,,2025-01-27,[47910],14 Nelson Walk Flat 21 London United Kingdom E3 3FH
LAVINGTON JVCO LIMITED,16174617,active,ltd,,,2025-01-10,,2025-01-10,[64209],C/O Citco Reif Services Uk Limited London United Kingdom W1S 4HQ
AIRYDAY UK LTD,16216217,active,ltd,,,2025-01-29,,2025-01-29,[47910],C/O Paul Beare Ltd London United Kingdom W4 5LX
LIGHTWOOD GREEN LIMITED,16183106,active,ltd,,,2025-01-14,,2025-01-14,[59111, 59131],167 - 169 Great Portland Street 167-169 Great Portland Street London England W1W 5PF
BERRY & MAPLE LTD,16167157,active,ltd,,,2025-01-06,,2025-01-06,[56102],2 Cavendish Parade London England SW4 9DW
WORDCHIEFS LTD,16185503,active,ltd,,,2025-01-15,,2025-01-15,[62012, 62020],Spaces Oxford Street, Mappin House London England W1W 8HF
CAMBRIDGE PORTFOLIO HOLDINGS LTD,16195985,active,ltd,,,2025-01-20,,2025-01-20,[64209],71-75 Shelton Street London United Kingdom WC2H 9JQ
CHOPCHOP NOODLES LTD,16174554,active,ltd,,,2025-01-10,,2025-01-10,[46170, 46390, 56290],71-75 Shelton Street Covent Garden United Kingdom WC2H 9JQ
INSPIRE HOSPITALITY SERVICES LIMITED,16160688,active,ltd,,,2025-01-02,,2025-01-02,[81210],Triple A. Accountancy Sces Suite 315 North Circular Road NW10 7PN
GIYANI (UK) MANAGEMENT SERVICES LIMITED,16198668,active,ltd,,,2025-01-21,,2025-01-21,[70229],C/O Quastels Llp, 55 Baker Street London United Kingdom W1U 8EW
METRO PACK LTD,16159129,active,ltd,,,2025-01-02,,2025-01-02,[46900],2 Station Court London SW6 2PY
MORPHON LABS LTD,16208067,active,ltd,,,2025-01-25,,2025-01-25,[62012, 70229],32-33 Upper Street London England N1 0PN
JP HANNAWAY CONSULTING LIMITED,16164644,active,ltd,,,2025-01-06,,2025-01-06,[82110],71-75 Shelton Street London England WC2H 9JQ
KIATRA & CELESTE LTD,16162829,active,ltd,,,2025-01-03,,2025-01-03,[32120, 46760, 47770],167-169 Great Portland Street Great Portland Street London England W1W 5PF
JAMES CYRUS ART LTD,16186116,active,ltd,,,2025-01-15,,2025-01-15,[46190],84 Uxbridge Road, Suite 3, Second Floor London England W13 8RA
SMI 7 LTD,16207071,active,ltd,,,2025-01-24,,2025-01-24,[45112],53 Lyndhurst Avenue London England N12 0LX
MASTER UP LIMITED,16197422,active,ltd,,,2025-01-21,,2025-01-21,[96090],180 London Road Romford England RM7 9EU
STOKE NEWINGTON SAUNA LIMITED,16201490,active,ltd,,,2025-01-22,,2025-01-22,[93130],Unit 5, Bonsoir House London England N16 8EN
UK SELL GOOD THINGS TECHNOLOGY CO., LIMITED,16174547,active,ltd,,,2025-01-10,,2025-01-10,[46160, 46420],167-169 Great Portland Street, 5th Floor London England W1W 5PF
LYRATA LIMITED,16217537,active,ltd,,,2025-01-29,,2025-01-29,[64209, 70229],Wing 1, Level 9 Berkeley Square House London United Kingdom W1J 6BY
INAAM LIMITED,16205889,active,ltd,,,2025-01-24,,2025-01-24,[47910, 70210],Silverstream House London England W1T 6EB
JHAL POINT LTD,16209798,active,ltd,,,2025-01-27,,2025-01-27,[56103],Unit S8, London England E6 1AE
REDHILL CONSULTANTS LTD,16160805,active,ltd,,,2025-01-02,,2025-01-02,[62020],128 City Road London England EC1V 2NX
AK LONDON INVESTMENTS LIMITED,16197090,active,ltd,,,2025-01-21,,2025-01-21,[56101],5-7 Devonshire Row London England EC2M 4UJ
A&S ELITE PROPERTIES LTD,16185104,active,ltd,,,2025-01-15,,2025-01-15,[68100, 68209],45 Leonard Road London United Kingdom E4 8NE
JBL INVESTMENT HOLDINGS LIMITED,16202761,active,ltd,,,2025-01-23,,2025-01-23,[64209],14/2g Docklands Business Centre London United Kingdom E14 8PX
KEONBAE KIDBROOKE LTD,16202481,active,ltd,,,2025-01-22,,2025-01-22,[47650, 47799, 56101, 56102],4.01 A 20 Royal Crest Avenue London United Kingdom E16 2PR
INFLECTIV MEDIA POD LTD,16216743,active,ltd,,,2025-01-29,,2025-01-29,[70229, 73120],20 Wenlock Road London England N1 7GU
INFLECTIV MEDIA LTD,16215422,active,ltd,,,2025-01-29,,2025-01-29,[70229, 73120, 82990],20 Wenlock Road London England N1 7GU
VEHICLE SOLUTIONS GROUP INSTALLATIONS LTD,16205150,active,ltd,,,2025-01-24,,2025-01-24,[45200],71-75 Shelton Street London England WC2H 9JQ
HNG GROUP HOLDINGS LIMITED,16216428,active,ltd,,,2025-01-29,,2025-01-29,[64209],Grove House London England N12 0DR
MOTHERLAND BRANDS LTD,16196306,active,ltd,,,2025-01-20,,2025-01-20,[46341],5th Floor 167-169 Great Portland London United Kingdom W1W 5PF
SULTAN’S THERAPY LTD,16192380,active,ltd,,,2025-01-17,,2025-01-17,[99999],Flat 35 Siege House London England E1 2HQ
JUBEL A PROPERTIES LTD,16219607,active,ltd,,,2025-01-30,,2025-01-30,[68100, 68320],340 West End Lane London United Kingdom NW6 1LN
RUSTLINE COLLECTIVE LTD,16204871,active,ltd,,,2025-01-23,,2025-01-23,[82990],32 Wickliffe Avenue London England N3 3EJ
STERLING EDGE PROPERTIES LTD,16208420,active,ltd,,,2025-01-26,,2025-01-26,[68100],220 London Road Newark NG24 3HD
FIND A LOCAL RELIGIOUS LEADER APP LTD,16205644,active,ltd,,,2025-01-24,,2025-01-24,[94910, 96090],191 Saint Helier Avenue Morden London United Kingdom SM4 6JE
HTL HOMES LIMITED,16198139,active,ltd,,,2025-01-21,,2025-01-21,[68209],124 City Road London England EC1V 2NX
EDIFY ADVISORY LTD,16215885,active,ltd,,,2025-01-29,,2025-01-29,[69201, 69202, 70221],Flat 72 St Georges Court London England E17 3NL
PRIMA ROSE LTD,16218581,active,ltd,,,2025-01-30,,2025-01-30,[90010, 90020],Harwood House London United Kingdom SW6 4QP
FIGHT SENSE LIMITED,16169910,active,ltd,,,2025-01-08,,2025-01-08,[93199],94 Denmark Road London England SE5 9JL
IGNITE PADEL VAGABONDS LIMITED,16198448,active,ltd,,,2025-01-21,,2025-01-21,[93110],First Floor London United Kingdom EC4M 7RD
MEDUSA MARITIME LTD,16209791,active,ltd,,,2025-01-27,,2025-01-27,[93290],60a Belsize Lane London England NW3 5AR
RADIANT CLOVER COACHING LTD,16197496,active,ltd,,,2025-01-21,,2025-01-21,[62020, 85590],167-169 Great Portland Street London England W1W 5PF
SETANTA EDUCATION LTD,16176565,active,ltd,,,2025-01-10,,2025-01-10,[85410],483 Green Lanes 483 London England N13 4BS
DEAL REAL LTD,16167054,active,ltd,,,2025-01-06,,2025-01-06,[85520],124 City Road City Road London England EC1V 2NX
FRIDAY INITIATIVES HOLDINGS LIMITED,16184766,active,ltd,,,2025-01-15,,2025-01-15,[62020],Rose Lipman Building London United Kingdom N1 5SQ
WYCHBURY LTD,16170215,active,ltd,,,2025-01-08,,2025-01-08,[68100, 68209],Flat 47 Carlton Mansions, London United Kingdom N16 5PX
THE MILITARY CIGAR COMPANY LTD,16204612,active,ltd,,,2025-01-23,,2025-01-23,[74990],116 Argyle Road London England W13 8EL
THE TALLAWAH COLLECTIVE LTD,16179118,active,ltd,,,2025-01-13,,2025-01-13,[82302],71-75 Shelton Street London United Kingdom WC2H 9JQ
1 AND 3 SANTOS ROAD LIMITED,16165072,active,ltd,,,2025-01-06,,2025-01-06,[98000],31 Hannell Road London England SW6 7RA
PLUS5SOLUTIONS LTD,16197633,active,ltd,,,2025-01-21,,2025-01-21,[63990, 73110],154 London Road Sheffield London Road Sheffield England S2 4LT
VALUATIONS DIRECT LTD,16204327,active,ltd,,,2025-01-23,,2025-01-23,[46480, 95250],100 Hatton Garden London United Kingdom EC1 8NX
CAREER GEEK LTD,16201723,active,ltd,,,2025-01-22,,2025-01-22,[85600],167-169 Great Portland Street Great Portland Street London England W1W 5PF
FA13XAL LTD,16162918,active,ltd,,,2025-01-03,,2025-01-03,[49320, 81299],116 Little Ilford Lane London England E12 5PN
SQUIRCLE PRODUCTIONS LIMITED,16206280,active,ltd,,,2025-01-24,,2025-01-24,[59113],167-169 Great Portland Street 5th Floor London England W1W 5PF
GREATER & BETTER ASSETS LTD,16173985,active,ltd,,,2025-01-09,,2025-01-09,[53202, 68209, 81210],Flat 31 Birchington House London England E5 8LD
CHIBAFU INDUSTRIAL CO., LTD,16179154,active,ltd,,,2025-01-13,,2025-01-13,[20150, 47760],167-169 Great Portland Street, London United Kingdom W1W 5PF
ICARUS CONSTRUCTION & TRADING LIMITED,16176747,active,ltd,,,2025-01-10,,2025-01-10,[61900, 62020, 71122],44 Kensington Hall Gardens London England W14 9LT
PM IK LIMITED,16182679,active,ltd,,,2025-01-14,,2025-01-14,[47990],80a Ruskin Avenue London United Kingdom DA16 3QQ
KRAKENEXPORTS LTD.,16161605,active,ltd,,,2025-01-03,,2025-01-03,[46900],167-169 Great Portland Street London W1W 5PF
FRANCESCA DESTINATION WEDDING LTD,16171787,active,ltd,,,2025-01-08,,2025-01-08,[74100, 82302, 96090],Flat 27 Ferrymans Quay London England SW6 2UT
WTB SPV NO 5 LIMITED,16187717,active,ltd,,,2025-01-16,,2025-01-16,[64999],Suite 2, 7th Floor 50 Broadway London United Kingdom SW1H 0DB
SHACH LTD,16182327,active,ltd,,,2025-01-14,,2025-01-14,[68100, 68209],60 Moundfield Road London England N16 6TB
ERFORT HOUSING LIMITED,16165611,active,ltd,,,2025-01-06,,2025-01-06,[68100, 68209],167-169 Great Portland Street London England W1W 5PF
SWEET SPACE LDN LIMITED,16193871,active,ltd,,,2025-01-20,,2025-01-20,[82302, 90040, 93290],Flat 5 Goffton House London England SW9 0TX
SIS TRADING LIMITED,16203091,active,ltd,,,2025-01-23,,2025-01-23,[47599],34 First Avenue Manor Park London England E12 6AN
BLACKHORN CONSULTING LTD,16173492,active,ltd,,,2025-01-09,,2025-01-09,[62012, 62020, 70229],71-75 Shelton Street London United Kingdom WC2H 9JQ
LYNQIUS LTD.,16172195,active,ltd,,,2025-01-08,,2025-01-08,[62090],124-128 City Road London England EC1V 2NX
KENWOOD REAL ESTATES LTD,16189208,active,ltd,,,2025-01-16,,2025-01-16,[68100, 68201, 68209],71-75 Shelton Street London United Kingdom WC2H 9JQ
FC ACCOUNTING LTD,16202047,active,ltd,,,2025-01-22,,2025-01-22,[59112, 69201, 69202, 85590],71-75 Shelton Street London United Kingdom WC2H 9JQ
GETS HOUSE LTD,16191866,active,ltd,,,2025-01-17,,2025-01-17,[86220, 90020],204 Wellesley House London Road Waterlooville United Kingdom PO7 7AN
2TWENTY4 LTD,16188503,active,ltd,,,2025-01-16,,2025-01-16,[33190, 41100, 43220, 98000],3rd Floor, 86-90 Paul Street London United Kingdom EC2A 4NE
PACT LENDCO LTD,16172399,active,ltd,,,2025-01-09,,2025-01-09,[68100, 68209],Lower Ground Floor London England N15 6LT
DIGGITPRO LTD,16192269,active,ltd,,,2025-01-17,,2025-01-17,[62012, 62090, 85590],124 City Road London England EC1V 2NX
SICK OF MUSIC COMPANY LTD,16191133,active,ltd,,,2025-01-17,,2025-01-17,[47630, 59200],128 City Road London United Kingdom EC1V 2NX
BARGAIN VITAMINS LTD,16166850,active,ltd,,,2025-01-06,,2025-01-06,[47910],3rd Floor, 86-90 Paul Street London United Kingdom EC2A 4NE
MY ETHOS LTD,16177464,active,ltd,,,2025-01-11,,2025-01-11,[68100, 68320, 98000],18 Eversley Crescent London England N21 1EJ
DADOSAUR TCG LTD,16175959,active,ltd,,,2025-01-10,,2025-01-10,[47910],20 Wenlock Road London England N1 7GU
MOUNT JACOBS LTD,16167435,active,ltd,,,2025-01-07,,2025-01-07,[47599, 74100, 90030],18 Courtenay Road London England E11 3PY
HLD RETAIL LTD,16158657,active,ltd,,,2025-01-02,,2025-01-02,[47910],240 Creighton Avenue 240 Creighton Avenue London United Kingdom N2 9BD
4EVERFUN INNOVATIONS LIMITED,16166351,active,ltd,,,2025-01-06,,2025-01-06,[58210, 62011, 62020, 62090],167 169, Great Portland Street, Fifth Floor, Fifth Floor London England W1W 5PF
VKSM LIMITED,16183482,active,ltd,,,2025-01-14,,2025-01-14,[41100, 68100, 68209],83 Lathom Road London England E6 2EB
DIVINE AI TECHNOLOGIES LTD,16171020,active,ltd,,,2025-01-08,,2025-01-08,[58290, 62012, 62020, 62090],Flat 122, The Oxygen 18 Western Gateway London England E16 1BQ
PALEBLU CREATIVE LIMITED,16206924,active,ltd,,,2025-01-24,,2025-01-24,[70210, 90010],85 Great Portland Street London United Kingdom W1W 7LT
IATROX AI LTD,16174510,active,ltd,,,2025-01-10,,2025-01-10,[70229, 71129, 86210],3rd Floor, 86-90 Paul Street London United Kingdom EC2A 4NE
MURATI ALDRIDGE IONIAN PROPERTY LIMITED,16168906,active,ltd,,,2025-01-07,,2025-01-07,[68100, 68209],40 London Road Sandy England SG19 1HA
ALL YOUR LEGALS LIMITED,16167346,active,ltd,,,2025-01-07,,2025-01-07,[69109, 96040],128 City Road London United Kingdom EC1V 2NX
SABIO RESEARCH LIMITED,16196145,active,ltd,,,2025-01-20,,2025-01-20,[63990, 70229],5 Lancaster Drive London England E14 9PT
JTR CONSULTING LIMITED,16189491,active,ltd,,,2025-01-16,,2025-01-16,[71112],Aston House London United Kingdom N3 1LF
CUSTARD AND SUPERHERO LIMITED,16186311,active,ltd,,,2025-01-15,,2025-01-15,[56210],Flat 68 Newquay House, Sancroft Street London England SE11 5UN
OUTSIDE DIGITAL LTD,16164095,active,ltd,,,2025-01-06,,2025-01-06,[73110],53 Observatory Road London England SW14 7QB
M M PROPERTY MANAGEMENT LTD,16176699,active,ltd,,,2025-01-10,,2025-01-10,[68320],98 Sherfield Gardens London England SW15 4PR
LOKIS DEN LTD,16171935,active,ltd,,,2025-01-08,,2025-01-08,[82110],128 City Road London United Kingdom EC1V 2NX
WASTECO ACQUISITIONS LIMITED,16166536,active,ltd,,,2025-01-06,,2025-01-06,[74901],71-75 Shelton Street London WC2H 9JQ
NIYYAH ENTREPRENEUR LTD,16214646,active,ltd,,,2025-01-28,,2025-01-28,[85600],Unit 2 1 Empire Mews London SW16 2BF
GLOBALIT MODE LTD,16212454,active,ltd,,,2025-01-28,,2025-01-28,[62012, 62020, 62090, 73110],20 Wenlock Road London England N1 7GU
ENCT LIMITED,16212030,active,ltd,,,2025-01-27,,2025-01-27,[20420, 46760, 70229],86-90 Paul Street London England EC2A 4NE
4PAWFRIEND LTD,16217519,active,ltd,,,2025-01-29,,2025-01-29,[96090],Flat 15 Penelope House, Gosling Way, Oval Flat 15 London England SW9 6JJ
MARK INVESTMENT ADVISORS LIMITED,16216666,active,ltd,,,2025-01-29,,2025-01-29,[66190],141 Wardour Street London United Kingdom W1F 0UT
BKUK MEDIA LIMITED,16188192,active,ltd,,,2025-01-16,,2025-01-16,[82990],71-75 Shelton Street London England WC2H 9JQ
RAFOIL GOLBAL LTD,16212745,active,ltd,,,2025-01-28,,2025-01-28,[62020],128 City Road London United Kingdom EC1V 2NX
LUNABELLE LIMITED,16192509,active,ltd,,,2025-01-17,,2025-01-17,[70229],9 Dove Tree Apartments London England NW9 0FP
REFRESH AESTHETIC LTD,16212489,active,ltd,,,2025-01-28,,2025-01-28,[86101, 96020],Studio 3, 259a High Street, Thameside Studios London England E17 7BH
TACOWALA LIMITED,16162067,active,ltd,,,2025-01-03,,2025-01-03,[56103],Flat 22 Bovet Court London England E1 4GE
MARDLE ENTERPRISES LIMITED,16199791,active,ltd,,,2025-01-22,,2025-01-22,[68310],10 Apsley House Upper Richmond Road London England SW15 2SH
MAHI DRINKS LTD,16183009,active,ltd,,,2025-01-14,,2025-01-14,[10890],21 Franciscan Road London SW17 8EA
GICCA LIMITED,16193008,active,ltd,,,2025-01-18,,2025-01-18,[47190, 47990],Flat 25, 186 Acre Lane Flat 25 London United Kingdom SW2 5UL
FLEETCRAFT LIMITED,16187574,active,ltd,,,2025-01-16,,2025-01-16,[62012],55 Birchside Apartments 1 Albert Road London England NW6 5FS
THE TIMELESS COLLECTION BLAISDON LIMITED,16218124,active,ltd,,,2025-01-30,,2025-01-30,[68209],52 Jermyn Street London England SW1Y 6LX
TURNATIONS LTD,16177385,active,ltd,,,2025-01-11,,2025-01-11,[52219],167-169 Great Portland Street London England W1W 5PF
SCALE ENGINE AI LIMITED,16193318,active,ltd,,,2025-01-19,,2025-01-19,[62020, 73110],3 Haslemere Avenue London England W13 9UH
ARCHIVE PRODUCTION LIMITED,16182054,active,ltd,,,2025-01-14,,2025-01-14,[59113],Envision Accounting London United Kingdom NW5 1NR
VIEW 10D LTD,16161017,active,ltd,,,2025-01-03,,2025-01-03,[62090, 70229],73 Rosendale Road London England SE21 8EZ
HANNAH ELLIOTT CONSULTANCY LTD,16195149,active,ltd,,,2025-01-20,,2025-01-20,[69202, 78109],71-75 Shelton Street London United Kingdom WC2H 9JQ
SANOKIKO EUROPE LTD,16169993,active,ltd,,,2025-01-08,,2025-01-08,[47910],3rd Floor, 86-90 Paul Street London United Kingdom EC2A 4NE
CRYSTAL CLEAR SURFACE LTD,16192473,active,ltd,,,2025-01-17,,2025-01-17,[41201],68 Dunbar Avenue London England SW16 4SD
SUSTAINABLE SCENERY LTD,16182706,active,ltd,,,2025-01-14,,2025-01-14,[46130, 90030],128 City Road London United Kingdom EC1V 2NX
TRAFFIC IQ LIMITED,16207464,active,ltd,,,2025-01-24,,2025-01-24,[42110, 78200],182-184 High Street North London England E6 2JA
REINOVA CAPITAL ADVISORS (UK HOLDINGS) LTD,16206649,active,ltd,,,2025-01-24,,2025-01-24,[64205],55 Baker Street London United Kingdom W1U 7EU
THE TIMELESS COLLECTION RIDDLESWORTH LIMITED,16218202,active,ltd,,,2025-01-30,,2025-01-30,[68209],52 Jermyn Street London England SW1Y 6LX
LINKED ELEMENTS LTD,16189881,active,ltd,,,2025-01-16,,2025-01-16,[74909],18 St. Cross Street London United Kingdom EC1N 8UN
CLIFTON GARDENS DEVELOPMENT MANAGEMENT LIMITED,16172695,active,ltd,,,2025-01-09,,2025-01-09,[99999],29 York Street London United Kingdom W1H 1EZ
PLATINUM RESIDENCES LTD,16200221,active,ltd,,,2025-01-22,,2025-01-22,[81210, 81222, 81299, 98000],PLATINUM RESIDENCES LTD London W1W 5PF
TRUE CLEANING GROUP LTD,16171051,active,ltd,,,2025-01-08,,2025-01-08,[81299],2h 2h Binfield Road London United Kingdom SW4 6TA
CIRCOLOGY LTD,16185935,active,ltd,,,2025-01-15,,2025-01-15,[62012, 82990],3rd Floor, 86-90 Paul Street London United Kingdom EC2A 4NE
IVANY STORE LTD,16212569,active,ltd,,,2025-01-28,,2025-01-28,[47110, 47710, 82110],225 Gray's Inn Road London England WC1X 8RH
SIGHT TECH LTD,16220605,active,ltd,,,2025-01-31,,2025-01-31,[62012, 62020],124 City Road London England EC1V 2NX
APEX CORE ENGINEERING LTD,16192135,active,ltd,,,2025-01-17,,2025-01-17,[71121],47 - 49 Durham Street London England SE11 5JA
ARTIO MGA SERVICES LIMITED,16186942,active,ltd,,,2025-01-15,,2025-01-15,[65120],Tower 1 One Lime Street London England EC3M 7DQ
YORKSHIRE COLLEGE E-LEARNING DEVELOPMENT LTD,16180709,active,ltd,,,2025-01-13,,2025-01-13,[46450, 47750, 85422, 85600],71-75 Shelton Street London United Kingdom WC2H 9JQ
BESLEY ST INVEST LTD,16205436,active,ltd,,,2025-01-24,,2025-01-24,[68100],13 Denver Road London England N16 5JL
THE URBAN SAUNA COLLECTIVE LTD,16219271,active,ltd,,,2025-01-30,,2025-01-30,[96040],167 Great Portland Street, 5th Floor, London 167-169 Great Portland Street London England W1W 5PF
ON THE PULSE PRODUCTIONS LTD,16212680,active,ltd,,,2025-01-28,,2025-01-28,[73110],167-169 Great Portland Street Great Portland Street London England W1W 5PF
FIRST CONCEPTS CREATIVE LTD,16184056,active,ltd,,,2025-01-14,,2025-01-14,[63120],First Concepts, Room 1.14 Bastille Court, 1-2 Paris Garden London England SE1 8ND
GH COACHING & CONSULTING LTD,16216766,active,ltd,,,2025-01-29,,2025-01-29,[86900],124 City Road 124 City Road London United Kingdom EC1V 2NX
BOTHAM PROPERTY HOLDINGS LIMITED,16209620,active,ltd,,,2025-01-27,,2025-01-27,[68100, 68209, 68320],35 Graveney Road London England SW17 0EG
LUNGOMARE SOLUTIONS LTD,16207626,active,ltd,,,2025-01-24,,2025-01-24,[62020, 64306],108 Cape House 4 Cunningham Avenue London England E16 2TN
DREAM'S LONDON FOOD LTD,16214925,active,ltd,,,2025-01-28,,2025-01-28,[56103],48 Granta Court Trinity Way London W3 7FU
SPEAR SALES LTD,16215226,active,ltd,,,2025-01-29,,2025-01-29,[99999],2nd Floor College House Ruislip, United Kingdom HA4 7AE
FIGHT CLUB TV LTD,16165934,active,ltd,,,2025-01-06,,2025-01-06,[60200, 93199],20 Wenlock Road London N1 7GU
&THEN HOLDINGS LIMITED,16213987,active,ltd,,,2025-01-28,,2025-01-28,[64209],207 City Road London England EC1V 1JN
UNTAMED SWORD UK LTD,16179375,active,ltd,,,2025-01-13,,2025-01-13,[32409],167-169 Great Portland Street London England W1W 5PF
EVEN BUSHEY LTD,16180936,active,ltd,,,2025-01-13,,2025-01-13,[41100, 68100, 82990],73 Cornhill London United Kingdom EC3V 3QQ
LOFTY SPOT LTD,16158282,active,ltd,,,2025-01-01,,2025-01-01,[82301, 90030, 90040],86-90 Paul Street London United Kingdom EC2A 4NE
LVM CONSTRUCT LTD,16192626,active,ltd,,,2025-01-17,,2025-01-17,[41201, 41202, 43210, 43220],Flat 7, 93 Sunny Gardens Road London England NW4 1SH
XIV CAPITAL LTD,16211374,active,ltd,,,2025-01-27,,2025-01-27,[64209],167-169 Great Portland Street London England W1W 5PF
KBO DEVELOPMENTS LIMITED,16197339,active,ltd,,,2025-01-21,,2025-01-21,[68100],167-169 Great Portland Street London England W1W 5PF
PLAYSMART GROUP LTD,16179006,active,ltd,,,2025-01-13,,2025-01-13,[47190, 47650, 55300, 61900],30 30 Edenham Way, London United Kingdom W10 5XB
ELOK PROPERTIES LIMITED,16172844,active,ltd,,,2025-01-09,,2025-01-09,[68100, 68209, 68320],124 City Road London United Kingdom EC1V 2NX
FLYGATE LTD,16207256,active,ltd,,,2025-01-24,,2025-01-24,[62012, 70229, 73200, 85590],Soho Works, 2 Television Centre London United Kingdom W12 7FA
TAWA ENTERPRISE LTD,16162359,active,ltd,,,2025-01-03,,2025-01-03,[56101, 56103, 56210],Rising Sun London England SW1W 8PZ
TWD HEALTH LIMITED,16220076,active,ltd,,,2025-01-30,,2025-01-30,[86900],Twd Health Limited Monomark House London England WC1N 3AX
SUNFLOWER PROPERTIES INVESTMENT LTD,16194357,active,ltd,,,2025-01-20,,2025-01-20,[68209],The Northern And Shell Building 8th Floor-813 London England EC3R 6AF
WAVELENGTH PARTNERS LTD,16201554,active,ltd,,,2025-01-22,,2025-01-22,[78109],32-33 Upper Street London England N1 0PN
CR MOTIONPLUS LTD,16199317,active,ltd,,,2025-01-21,,2025-01-21,[90030],Flat 39 Dolphin House London United Kingdom SW18 1DF
RP RECRUITMENT LTD,16197501,active,ltd,,,2025-01-21,,2025-01-21,[78200],C/O The Rgh Entrepreneur-Ship London England EC3R 7NB
STARPHIM MEDIA PRODUCTION LIMITED,16191953,active,ltd,,,2025-01-17,,2025-01-17,[73120, 77291],60 Tottenham Court Road Suite 6244a London United Kingdom W1T 2EW
MERCATURIA UK LIMITED,16201881,active,ltd,,,2025-01-22,,2025-01-22,[47910],60 Tottenham Court Road, Suite 5564a London United Kingdom W1T 2EW
BUK AND TUK LTD,16166666,active,ltd,,,2025-01-06,,2025-01-06,[59111],60 Tottenham Court Road Suite 5474a London United Kingdom W1T 2EW
JOIN LUM AI LTD,16204448,active,ltd,,,2025-01-23,,2025-01-23,[62090],33 Fora Broadwick Street London England W1F 0DQ
HOODSTARFOOD LTD,16218964,active,ltd,,,2025-01-30,,2025-01-30,[56101],3rd Floor, City Reach London England E14 9NN
NDOWKUNDA GROUP LTD,16193844,active,ltd,,,2025-01-20,,2025-01-20,[41201, 47110, 47520, 63110],60 Tottenham Court Road, Suite 5547a London United Kingdom W1T 2EW
HOMEOSTASIS HOMES LIMITED,16189803,active,ltd,,,2025-01-16,,2025-01-16,[55900, 87900],3rd Floor, 86-90 Paul Street London England EC2A 4NE
SUSTAIN HOUSING LTD,16184575,active,ltd,,,2025-01-15,,2025-01-15,[68201, 68209],3rd Floor, 86-90 Paul Street London United Kingdom EC2A 4NE
SHUBH PVT LTD,16197463,active,ltd,,,2025-01-21,,2025-01-21,[41202],706a Chigwell Road Woodford Green England IG8 8AL
TREFT LTD,16211391,active,ltd,,,2025-01-27,,2025-01-27,[52219, 62012, 68209, 77120],20 Wenlock Road London England N1 7GU
FD8DESO LTD,16180295,active,ltd,,,2025-01-13,,2025-01-13,[62012],3 Pan Peninsula Square London England E14 9HP
A O REALTY ESTATES LTD,16197510,active,ltd,,,2025-01-21,,2025-01-21,[68310, 68320],Made Simple Group, 20-22 Wenlock Road London United Kingdom N1 7GU
SEMPER UW LIMITED,16175767,active,ltd,,,2025-01-10,,2025-01-10,[65202],Dixon House London United Kingdom EC3N 3DQ
EVOSTOP LTD,16180252,active,ltd,,,2025-01-13,,2025-01-13,[47650, 47910],850 Green Lanes London England N21 2RS
VOYAGE VAULT LTD,16189854,active,ltd,,,2025-01-16,,2025-01-16,[93290],60 Tottenham Court Road Suite 5533a London United Kingdom W1T 2EW
MIHAELA EDUCATION SERVICES LIMITED,16181927,active,ltd,,,2025-01-14,,2025-01-14,[85600],73 Mayes Road London England N22 6TN
MEATEC TECHNOLOGIES LTD,16199424,active,ltd,,,2025-01-21,,2025-01-21,[72190],276 Chase Road London England N14 6HA
PROCESS VEHICLE LTD,16158775,active,ltd,,,2025-01-02,,2025-01-02,[96090],34-44 Peel House London Road Morden England SM4 5BT
SEA LAVENDER TRADING LIMITED,16192752,active,ltd,,,2025-01-18,,2025-01-18,[47910],Flat 4, Herbert Morrison House London England SE17 1LN
ALWAYS LEVEL UP LTD,16177287,active,ltd,,,2025-01-10,,2025-01-10,[85600],278 Langham Road London England N15 3NP
MACKENZIE COSTS LIMITED,16170222,active,ltd,,,2025-01-08,,2025-01-08,[69109],66 Paul Street London England EC2A 4NE
MY CLOUD NETWORK LTD,16161531,active,ltd,,,2025-01-03,,2025-01-03,[63110],182-184 High Street North East Ham London 182-184 High Street North London England E6 2JA
CHR INTERNATIONAL PROJECTS LIMITED,16222145,active,ltd,,,2025-01-31,,2025-01-31,[82990],1 London Street Swaffham United Kingdom PE37 7DD
PALMYRA ONE LTD,16190624,active,ltd,,,2025-01-17,,2025-01-17,[47110, 47810, 47910, 56290],243 Acton Lane London England NW10 7NR
WHATDRIVESOURCING LTD,16211133,active,ltd,,,2025-01-27,,2025-01-27,[82990],71-75 Shelton Street London United Kingdom WC2H 9JQ
DONGLIAN (LONDON) INTERNATIONAL TRADE CO., LTD,16195386,active,ltd,,,2025-01-20,,2025-01-20,[47510, 47710],Flat 21.06 222 Marsh Wall London England E14 9EN
1 OR NONE LTD,16207233,active,ltd,,,2025-01-24,,2025-01-24,[47710, 82301, 82990, 93210],20 Wenlock Road London England N1 7GU
CREW TWICKENHAM LTD,16208904,active,ltd,,,2025-01-27,,2025-01-27,[10710, 47240],1 London Road Twickenham England TW1 3SX
VANDER CAPITAL LTD,16197470,active,ltd,,,2025-01-21,,2025-01-21,[64921, 64929, 68100],2 Leman Street London United Kingdom E1W 9US
WAXMAN VENTURES LIMITED,16168477,active,ltd,,,2025-01-07,,2025-01-07,[70229],2 Leman Street London United Kingdom E1W 9US
PAUK PROPERTY LTD,16183803,active,ltd,,,2025-01-14,,2025-01-14,[68209],4th Floor 399-401 Strand London United Kingdom WC2R 0LT
ONE LIFE COFFEE LIMITED,16181696,active,ltd,,,2025-01-14,,2025-01-14,[56101],38c London Road London England SW17 9HP
LXR MANAGEMENT LTD,16217636,active,ltd,,,2025-01-29,,2025-01-29,[70229],124-128 City Road London England EC1V 2NX
UNI NAVIGATORS LTD,16206250,active,ltd,,,2025-01-24,,2025-01-24,[74909],Office 1101, 60 Tottenham Court Road, London England W1T 2EW
CARID LTD,16160503,active,ltd,,,2025-01-02,,2025-01-02,[47190, 47990],C/O Smb Llp London United Kingdom W1T 3EY
REELFORCE LIMITED,16205739,active,ltd,,,2025-01-24,,2025-01-24,[59112],113 Screenworks 22 Highbury Grove London England N5 2EF
TRAVFORDABLE LTD,16214647,active,ltd,,,2025-01-28,,2025-01-28,[79110],Office 18663 182-184 High Street North London England E6 2JA
ARYA SAFAVI LTD,16161667,active,ltd,,,2025-01-03,,2025-01-03,[71111, 74100],60 Tottenham Court Road, Suite 5463a London United Kingdom W1T 2EW
PLANET INDIA REAL ESTATE LIMITED,16216855,active,ltd,,,2025-01-29,,2025-01-29,[82990],1-2 Charterhouse Mews London United Kingdom EC1M 6BB
ARION TRADE AND LOGISTICS LTD,16221157,active,ltd,,,2025-01-31,,2025-01-31,[46900, 52290],86-90 Paul Street London England EC2A 4NE
PS WAY LTD,16162922,active,ltd,,,2025-01-03,,2025-01-03,[46900, 47910, 52219, 52290],167-169 Great Portland Street London England W1W 5PF
DE VERE DIAMONDS LIMITED,16212521,active,ltd,,,2025-01-28,,2025-01-28,[47910],3rd Floor, 45 Albemarle Street London England W1S 4JL
GB ACCOUNTING LTD,16181701,active,ltd,,,2025-01-14,,2025-01-14,[69201, 69202, 69203],60 Tottenham Court Road Suite 5513a London United Kingdom W1T 2EW
MURPHY MOBILITY SOLUTIONS LIMITED,16211862,active,ltd,,,2025-01-27,,2025-01-27,[43220, 47749],86-90 Paul Street London England EC2A 4NE
LOGILINK LTD,16199479,active,ltd,,,2025-01-21,,2025-01-21,[62020],Allied House Twickenham England TW1 3SZ
SNL COMMERCIAL LTD,16197581,active,ltd,,,2025-01-21,,2025-01-21,[46190, 47910],60 Tottenham Court Road, Suite 5553a London United Kingdom W1T 2EW
FAMILY SOM LTD,16217800,active,ltd,,,2025-01-29,,2025-01-29,[82190],565 High Road, London, England, N17 6sb High Road London England N17 6SB
D & P CONSULTING LIMITED,16205623,active,ltd,,,2025-01-24,,2025-01-24,[70229, 71129, 78109],60 Tottenham Court Road Suite 7096a London United Kingdom W1T 2EW
HB SAVER TRADING LTD,16176582,active,ltd,,,2025-01-10,,2025-01-10,[46439, 46760],128 City Road, London, City Road London England EC1V 2NX
GLOBAL PATH CONNECTIONS LTD,16204506,active,ltd,,,2025-01-23,,2025-01-23,[70229],60 Tottenham Court Road Suite 5610a London United Kingdom W1T 2EW
MEGABIT UK LTD,16209655,active,ltd,,,2025-01-27,,2025-01-27,[47910],85 Great Portland Street London W1W 7LT
FASH DOMESTIC & CARE SERVICES LIMITED,16194922,active,ltd,,,2025-01-20,,2025-01-20,[81299, 87900],160 Corporation Street London E15 3DY
LION & QUAY LTD,16200262,active,ltd,,,2025-01-22,,2025-01-22,[46900],7 St. Andrews Court London England SW18 3QF
NEW HORIZONS EDUCATION LIMITED,16203050,active,ltd,,,2025-01-23,,2025-01-23,[85600],167-169 Great Portland Street Great Portland Street London England W1W 5PF
EAST WEST STUDIO LTD,16211799,active,ltd,,,2025-01-27,,2025-01-27,[47910],Flat 270 Cowley Mansions Mortlake High Street London England SW14 8SL
CHARNWOOD SOLUTIONS LTD,16205210,active,ltd,,,2025-01-24,,2025-01-24,[64209],124 City Road London England EC1V 2NX
FLOWOS TECHNOLOGIES LTD,16199655,active,ltd,,,2025-01-21,,2025-01-21,[62012],Office 11429, 182-184 High Street North High Street North London England E6 2JA
NOMAD NEXUS LTD,16187683,active,ltd,,,2025-01-16,,2025-01-16,[46420, 47910, 62012, 62020],24-26 Arcadia Avenue, Fin009 London United Kingdom N3 2JU
EDYSSEY LTD.,16159046,active,ltd,,,2025-01-02,,2025-01-02,[62012, 63110, 85590, 85600],5 Brayford Square London England E1 0SG
APPAREL STAR LTD,16191907,active,ltd,,,2025-01-17,,2025-01-17,[15120, 46410, 47510],128 City Road London England EC1V 2NX
DAMSEL COLLECTIVE LTD,16216223,active,ltd,,,2025-01-29,,2025-01-29,[56302, 63120, 85590, 93290],124 City Road City Road London England EC1V 2NX
DOVETOP DIGITAL LIMITED,16159208,active,ltd,,,2025-01-02,,2025-01-02,[62020],167-169 Great Portland Street London W1W 5PF
JAY-LO CONSULTING SERVICES LIMITED,16207930,active,ltd,,,2025-01-25,,2025-01-25,[70229],32 Glenluce Road London England SE3 7SB
190 TOLWORTH INVEST LTD,16188548,active,ltd,,,2025-01-16,,2025-01-16,[68100],13 Denver Road London England N16 5JL
LETSSMILETURKEY LTD,16185898,active,ltd,,,2025-01-15,,2025-01-15,[70229, 86900],60 St. Martin's Lane London England WC2N 4JS
AHWALICO LTD,16214921,active,ltd,,,2025-01-28,,2025-01-28,[86900],167-169 Great Portland Street London England W1W 5PF
BUREAU BRANDT LTD,16203512,active,ltd,,,2025-01-23,,2025-01-23,[74100],50a Mountgrove Road London England N5 2LS
GAFFY LTD,16163995,active,ltd,,,2025-01-06,,2025-01-06,[62020],3rd Floor, 86-90 Paul Street London United Kingdom EC2A 4NE
STUDIO LUHV LTD,16209143,active,ltd,,,2025-01-27,,2025-01-27,[73110],4, Craigleith Kersfield Road London England SW15 3HN
CAKEBERRY LONDON LIMITED,16214709,active,ltd,,,2025-01-28,,2025-01-28,[10710],8c Little Ealing Lane London England W5 4EE
CROWN AND TEXTURE UK LTD,16167149,active,ltd,,,2025-01-06,,2025-01-06,[47910, 47990],182-184 High Street North London England E6 2JA
CHELMER RENOVATIONS LTD,16169605,active,ltd,,,2025-01-07,,2025-01-07,[41202, 43220, 43390],Unit 2b 91 London Road Colchester England CO6 1LG
CHANNEL HOLDCO LTD,16191605,active,ltd,,,2025-01-17,,2025-01-17,[64209],Level 5a Maple House London United Kingdom W1T 7NF
GEORGE WAYNE LTD,16161048,active,ltd,,,2025-01-03,,2025-01-03,[62011, 73110, 82302],2301 2301 Bale House London United Kingdom SE13 7GY
JOE MANUEL COACHING LIMITED,16200986,active,ltd,,,2025-01-22,,2025-01-22,[86900],Suite 9 Dalton House London SW19 2RR
PHD NETWORK LTD,16209875,active,ltd,,,2025-01-27,,2025-01-27,[70229],Ajp Business Centre C/0 A F Goolbar London England NW2 7HD
LISPAT LTD,16163770,active,ltd,,,2025-01-05,,2025-01-05,[68209],15a Highcroft Gardens Highcroft Gardens London United Kingdom NW11 0LY
PHOENIX PROPERTY SOURCING LTD,16215600,active,ltd,,,2025-01-29,,2025-01-29,[68100, 68320],2nd Floor College House Ruislip, United Kingdom HA4 7AE
MARYLEBONE PUB AND ROOMS LTD,16218469,active,ltd,,,2025-01-30,,2025-01-30,[55100, 56302],18 Bristol Gardens London United Kingdom W9 2JQ
DEMETER BIO LIMITED,16186893,active,ltd,,,2025-01-15,,2025-01-15,[20590, 72110],1 Yew House London England SE16 6YH
FASHION SQUARE LIMITED,16158488,active,ltd,,,2025-01-01,,2025-01-01,[47710],102 Pearce House 8 Circus Road West London England SW11 8ES
PSN NETWORK LTD,16191822,active,ltd,,,2025-01-17,,2025-01-17,[56103, 82990],16 Ling Road London United Kingdom E16 4AL
OZOGLU PROPERTY LTD,16189091,active,ltd,,,2025-01-16,,2025-01-16,[68100, 68209, 68320],310 High Road London England N22 8JR
PURE SQUEEZE LTD,16170044,active,ltd,,,2025-01-08,,2025-01-08,[10320],85 Great Portland Street London England W1W 7LT
BEYOND HEIGHTS PROPERTY LTD,16218296,active,ltd,,,2025-01-30,,2025-01-30,[55209, 68209, 68310, 68320],20 Wenlock Road London England N1 7GU
CRATHIE SERVICES LTD,16179791,active,ltd,,,2025-01-13,,2025-01-13,[69102, 70229],20 Crathie Road London England SE12 8BX
DISHATECH SOLUTIONS LIMITED,16198262,active,ltd,,,2025-01-21,,2025-01-21,[99999],39 Erken Plaza, Barking England IG11 7EP
ASHSUPPLIES LTD,16201651,active,ltd,,,2025-01-22,,2025-01-22,[47910],Office 11422 182-184 High Street North East Ham London United Kingdom E6 2JA
TALA FIWE LTD,16198917,active,ltd,,,2025-01-21,,2025-01-21,[15120, 15200],Suite Ra01 195 - 197 Wood Street London United Kingdom E17 3NU
HAMPSTEAD RESTAURANT LTD,16175953,active,ltd,,,2025-01-10,,2025-01-10,[56102],340 West End Lane London United Kingdom NW6 1LN
CCG MEMBERCO II LIMITED,16169136,active,ltd,,,2025-01-07,,2025-01-07,[64209],45 Old Bond Street London England W1S 4QT
MANRESA MGMT LTD,16196168,active,ltd,,,2025-01-20,,2025-01-20,[98000],101 New Cavendish Street London United Kingdom W1W 6XH
HOLY SIP COFFEE LTD,16193716,active,ltd,,,2025-01-20,,2025-01-20,[47990, 56102],3rd Floor, 86-90 Paul Street London United Kingdom EC2A 4NE
GALLERI BJELLAND LIMITED,16215473,active,ltd,,,2025-01-29,,2025-01-29,[99999],27 Old Gloucester Street London United Kingdom WC1N 3AX
STARVATION ARMY INVEST LIMITED,16220860,active,ltd,,,2025-01-31,,2025-01-31,[99999],27 Old Gloucester Street London United Kingdom WC1N 3AX
STARVATION ARMY LIMITED,16220894,active,ltd,,,2025-01-31,,2025-01-31,[99999],27 Old Gloucester Street London United Kingdom WC1N 3AX
ANDREASSEN-FIX INVEST LIMITED,16197937,active,ltd,,,2025-01-21,,2025-01-21,[99999],27 Old Gloucester Street London United Kingdom WC1N 3AX
GODAGERS LIMITED,16200117,active,ltd,,,2025-01-22,,2025-01-22,[99999],27 Old Gloucester Street London United Kingdom WC1N 3AX
FUTURE PONTOONS LIMITED,16215497,active,ltd,,,2025-01-29,,2025-01-29,[99999],27 Old Gloucester Street London United Kingdom WC1N 3AX
HBO SWEDEN LIMITED,16218399,active,ltd,,,2025-01-30,,2025-01-30,[99999],27 Old Gloucester Street London United Kingdom WC1N 3AX
INFLECTIV TRADING LTD,16213944,active,ltd,,,2025-01-28,,2025-01-28,[70229],20 Wenlock Road London England N1 7GU
DOCTRINAE LTD,16187164,active,ltd,,,2025-01-15,,2025-01-15,[47910],167-169 Great Portland Street London England W1W 5PF
NEXTUP SPORTS LTD,16195302,active,ltd,,,2025-01-20,,2025-01-20,[93199],124 City Road City Road London England EC1V 2NX
THE WILDERNESS PUBLISHING LTD,16198994,active,ltd,,,2025-01-21,,2025-01-21,[59200],71-75 Shelton Street London United Kingdom WC2H 9JQ
UPLIFT STRATEGY CONSULTING LTD,16203857,active,ltd,,,2025-01-23,,2025-01-23,[70229],53 Thornton Avenue London England W4 1QF
KENNEDY STOCK PRODUCTIONS LTD,16198079,active,ltd,,,2025-01-21,,2025-01-21,[59111],London (W1w 5pf) Office 167-169 Great Portland Street London England W1W 5PF
SH2 BATH LIMITED,16221417,active,ltd,,,2025-01-31,,2025-01-31,[68209],Broadwalk House 3rd Floor Broadgate England EC2A 2DA
HELIX STRATEGY GROUP LTD,16214122,active,ltd,,,2025-01-28,,2025-01-28,[86900],72 Bexhill Road London England SE4 1SL
LONLORD TECHNOLOGY CO. LIMITED,16188768,active,ltd,,,2025-01-16,,2025-01-16,[58290, 62012, 62020, 63110],2nd Floor College House London United Kingdom HA4 7AE
BLUE PLANET SOLUTIONS UK LIMITED,16183940,active,ltd,,,2025-01-14,,2025-01-14,[23320, 39000, 72110, 74901],71-75 Shelton Street London United Kingdom WC2H 9JQ
PEARSONS ESTATES AND INVESTMENTS LTD,16167881,active,ltd,,,2025-01-07,,2025-01-07,[55209, 64304, 98000],809 Salisbury House 29 Finsbury Circus London United Kingdom EC2M 7AQ
GA HOLDINGS LTD,16185342,active,ltd,,,2025-01-15,,2025-01-15,[62020, 70229],128 City Road London United Kingdom EC1V 2NX
LIGHTEN LIMITED,16198137,active,ltd,,,2025-01-21,,2025-01-21,[78109, 78300],Flat 4 11 Dalton Street London England SE27 9HS
ARABDIJITAL DIGITAL MARKETING AGENCY LTD,16200801,active,ltd,,,2025-01-22,,2025-01-22,[73110],14/2e Docklands Business Centre 10-16 Tiller Road London England E14 8PX
YISTA BUILDING CONTRACTORS LTD,16175595,active,ltd,,,2025-01-10,,2025-01-10,[43999],27a Waverley Road London England SE18 7TL
TAYLOR GROWTH LTD,16218003,active,ltd,,,2025-01-30,,2025-01-30,[70229, 82990],19 Brondesbury Villas London England NW6 6AH
COLIBRÍ PAN-ASIAN LTD,16211934,active,ltd,,,2025-01-27,,2025-01-27,[56101],426 Coldharbour Lane London United Kingdom SW9 8LF
SALMAN INNOVATIONS LTD,16168131,active,ltd,,,2025-01-07,,2025-01-07,[62012, 62020, 62090],20 Wenlock Road London England N1 7GU
ECLIPSE COLLEKTIVE LTD,16171308,active,ltd,,,2025-01-08,,2025-01-08,[59112, 59200, 90010],Flat 1 Rosewood House 35-39 Vauxhall Grove London England SW8 1TB
NAMCOR LTD.,16192086,active,ltd,,,2025-01-17,,2025-01-17,[62012],128 City Road London United Kingdom EC1V 2NX
VYBE PROPERTY LTD,16215412,active,ltd,,,2025-01-29,,2025-01-29,[68100, 68209, 68320],128 City Road London United Kingdom EC1V 2NX
JERROCAS LIMITED,16214866,active,ltd,,,2025-01-28,,2025-01-28,[49320],26 Gilbert Close London England SE18 4PT
E17 BJJ LIMITED,16209501,active,ltd,,,2025-01-27,,2025-01-27,[85510],22a/23b Ravenswood Estate Shernhall Street London England E17 9HQ
PROFESSIONAL CLEANING & REMOVAL LIMITED,16181721,active,ltd,,,2025-01-14,,2025-01-14,[49420, 81210, 81299],Third Floor, Room 9, Citygate House, 246-250 Romford Road London England E7 9HZ
MAMZ PROPERTIES LTD,16199838,active,ltd,,,2025-01-22,,2025-01-22,[68100, 68209],45 Weymouth Street London England W1G 8NE
ALIWAY MED LIMITED,16221468,active,ltd,,,2025-01-31,,2025-01-31,[70229, 74909],87 Hornfair Road London England SE7 7BB
GTEK LTD,16199928,active,ltd,,,2025-01-22,,2025-01-22,[45112],128 City Road London United Kingdom EC1V 2NX
BY.VROSE LIMITED,16164951,active,ltd,,,2025-01-06,,2025-01-06,[96020],Flat 7 John Keall House, London United Kingdom SW15 1DJ
LADYWELL LA LTD,16193624,active,ltd,,,2025-01-20,,2025-01-20,[59111],57 Dalston Lane London England E8 2NG
AMIN & SONS PROPERTY LTD,16206481,active,ltd,,,2025-01-24,,2025-01-24,[55209, 68209],2nd Floor College House Ruislip, United Kingdom HA4 7AE
SET COLLECTIVE LTD,16167418,active,ltd,,,2025-01-07,,2025-01-07,[73120, 96090],167-169 Great Portland Street London England W1W 5PF
THE WIN HQ LTD,16221384,active,ltd,,,2025-01-31,,2025-01-31,[70229, 74201, 82990, 85600],20 Wenlock Road London England N1 7GU
PROPERTY INNOVATION MANAGEMENT LTD,16168409,active,ltd,,,2025-01-07,,2025-01-07,[68100, 98000],340 West End Lane London United Kingdom NW6 1LN
SOCISIP LIMITED,16200084,active,ltd,,,2025-01-22,,2025-01-22,[47810, 47910, 56101, 56103],10 D, Stratford Villas London United Kingdom NW1 9SG
FASS CAPITAL LIMITED,16201406,active,ltd,,,2025-01-22,,2025-01-22,[68320, 70229],128 City Road London United Kingdom EC1V 2NX
URGENTIS LTD,16160225,active,ltd,,,2025-01-02,,2025-01-02,[62090, 86900],71-75 Shelton Street London United Kingdom WC2H 9JQ
TRICURA HEALTH LTD,16177925,active,ltd,,,2025-01-12,,2025-01-12,[70229, 82990, 86900],London (West End) Office 167-169 Great Portland Street London England W1W 5PF
THE NURSERY GROUP (CAPITAL) LIMITED,16204478,active,ltd,,,2025-01-23,,2025-01-23,[64209],Suite 7,  Arkleigh Mansions London United Kingdom NW4 1BJ
TRIB1 MEDICARE LTD,16168540,active,ltd,,,2025-01-07,,2025-01-07,[86102, 86220, 87100, 87200],124 City Road London England EC1V 2NX
TAZMEEN ZARA LIMITED,16180370,active,ltd,,,2025-01-13,,2025-01-13,[46460, 47910, 85600],57 Plashet Grove London England E6 1AD
PRISM DIGITAL GROUP LIMITED,16218060,active,ltd,,,2025-01-30,,2025-01-30,[58290, 62012, 62020, 62090],60 Tottenham Court Road Tottenham Court Road London England W1T 2EW
C H A PHILLIPS LTD,16205893,active,ltd,,,2025-01-24,,2025-01-24,[64209],Apartment 2, 2 Castle Row London United Kingdom W4 4JQ
MWNL LIMITED,16216734,active,ltd,,,2025-01-29,,2025-01-29,[47910],167-169 Great Portland Street London W1W 5PF
ESSENTIAL EATS LTD,16189323,active,ltd,,,2025-01-16,,2025-01-16,[46341, 46370, 46380],71-75 Shelton Street London United Kingdom WC2H 9JQ
UK24R LTD,16171558,active,ltd,,,2025-01-08,,2025-01-08,[94110, 96090],21 Coolhurst Road 21 Coolhurst Road London United Kingdom N8 8EP
SCHELL CONSULTING LTD,16189249,active,ltd,,,2025-01-16,,2025-01-16,[70229],66 Paul Street 66 Paul Street London England EC2A 4NA
CENTRUM 24 OPIEKA EU PLUS LTD,16185563,active,ltd,,,2025-01-15,,2025-01-15,[86102],167-169 Great Portland Street, 5th Floor London England W1W 5PF
TAVA HILL LIMITED,16215329,active,ltd,,,2025-01-29,,2025-01-29,[70229, 85590],71-75 Shelton Street London United Kingdom WC2H 9JQ
SAS WORLD WIDE GENERAL TRADING CO LIMITED,16170091,active,ltd,,,2025-01-08,,2025-01-08,[46900],59  Cromwell Industrial Estate London England E10 7QZ
SKYY FUTURE LTD,16220716,active,ltd,,,2025-01-31,,2025-01-31,[47910, 47990],33a Nelson Street London England E1 2DL
HELEN KIRK LTD,16222390,active,ltd,,,2025-01-31,,2025-01-31,[85590],Flat 26 Blenheim Court London England N19 4HR
JUBILEE SERVICES LTD,16209172,active,ltd,,,2025-01-27,,2025-01-27,[47421, 52290],176 Plashet Grove London England E6 1AB
SO UK CAPITAL LTD,16204347,active,ltd,,,2025-01-23,,2025-01-23,[64209],275 New North Road London England N1 7AA
TERRAMARINE LTD,16186962,active,ltd,,,2025-01-15,,2025-01-15,[70229],4th Floor 58-59 Great Marlborough Street London England W1F 7JY
CRATE JACOBS LIMITED,16167959,active,ltd,,,2025-01-07,,2025-01-07,[69102],Castle Court Reigate England RH2 9RJ
HORNSEY SUBCO LTD,16202769,active,ltd,,,2025-01-23,,2025-01-23,[68100, 68209],Lower Ground Floor London England N15 6LT
AUTHORS LAB LTD,16190147,active,ltd,,,2025-01-17,,2025-01-17,[47910],124 City Road London England EC1V 2NX
MOBIAI LIMITED,16212260,active,ltd,,,2025-01-28,,2025-01-28,[62012, 62020, 62090, 63990],Unit A300 4 - 6 Greatorex Street London England E1 5NF
FIX IT BUILDING SERVICE LTD,16166139,active,ltd,,,2025-01-06,,2025-01-06,[43290, 43320, 43330],2nd Floor College House Ruislip, United Kingdom HA4 7AE
ELITEMART2 LTD,16186334,active,ltd,,,2025-01-15,,2025-01-15,[47910],66 Paul Street London England EC2A 4NA
ELPIS & CO LIMITED,16191158,active,ltd,,,2025-01-17,,2025-01-17,[46480],Unit 3 Churchill Court Harrow England HA2 7SA
ANGEL SAINT LTD,16213585,active,ltd,,,2025-01-28,,2025-01-28,[14132, 14142, 47910],275 Unit 412 New North Road London England N1 7AA
CANDY COZY LTD,16213615,active,ltd,,,2025-01-28,,2025-01-28,[47110],783 London Road Westcliff-On-Sea England SS0 9SU
REGENTS LOGISTICS UK LTD,16187644,active,ltd,,,2025-01-16,,2025-01-16,[52290, 70229],22-25 Portman Close London England W1H 6BS
SABB GROUP LIMITED,16211231,active,ltd,,,2025-01-27,,2025-01-27,[43390, 74100],84 Albert Hall Mansions London England SW7 2AQ
THE CLINIC GROUP LTD,16207807,active,ltd,,,2025-01-24,,2025-01-24,[86220],26 The Green London England N21 1AY
7 LVLS LTD,16192675,active,ltd,,,2025-01-17,,2025-01-17,[47910],Suite G04 1 Quality Court, Chancery Lane London England WC2A 1HR
RENAR PROPERTY GROUP LTD,16219625,active,ltd,,,2025-01-30,,2025-01-30,[68100, 68209],167 To 169 Great Portland Street 5th Floor London United Kingdom W1W 5PF
VITAHOLIC LTD,16209018,active,ltd,,,2025-01-27,,2025-01-27,[10832, 46370, 46460, 47290],Unit-1 Unit-1 London England E14 9TS
WATERCROSS LTD,16218933,active,ltd,,,2025-01-30,,2025-01-30,[62030],Office 507, Spaces Avonhouse London England W14 8TS
STUDIO HERB LTD,16202811,active,ltd,,,2025-01-23,,2025-01-23,[74100],26 Tyrrell Road London England SE22 9NE
NEURO VOICES GROUP LTD,16190716,active,ltd,,,2025-01-17,,2025-01-17,[94990],100, Flat 58 Drayton Park London United Kingdom N5 1NF
P&A VENTURES LONDON LTD,16180015,active,ltd,,,2025-01-13,,2025-01-13,[47910],Office 1 2a Curzon Road Ealing United Kingdom W5 1NF
AKERELU & SONS LTD,16202875,active,ltd,,,2025-01-23,,2025-01-23,[90030],The Limes London England N20 9HR
OHI HARBOUR PROPERTIES LTD,16165782,active,ltd,,,2025-01-06,,2025-01-06,[87300],Suite1, 7th Floor 50 Broadway London United Kingdom SW1H 0DB
MOVEAIR WORLDWIDE LTD.,16165692,active,ltd,,,2025-01-06,,2025-01-06,[51210],Move Consult Ltd London England EC1V 2NX
TDL2SUCCESS LTD,16178911,active,ltd,,,2025-01-13,,2025-01-13,[01490, 01500, 41202, 46760],56 Horsecroft Road London United Kingdom HA8 0PQ
ANTIGUAN NEW WAVE LTD,16169793,active,ltd,,,2025-01-08,,2025-01-08,[70229],59 Ennismore Gardens Ennismore Gardens London England SW7 1AJ
PERFECT ADMINISTRATION LTD,16183355,active,ltd,,,2025-01-14,,2025-01-14,[68209],2a Gilda Avenue Enfield England EN3 7UJ
THE GINGERBREAD MAN LIMITED,16191173,active,ltd,,,2025-01-17,,2025-01-17,[68100],Winsley Court 37 Portland Place London England W1B 1QG
THOUGHTHOUSE LTD,16174638,active,ltd,,,2025-01-10,,2025-01-10,[62012, 62020],Office 47 182-184 High Street North London United Kingdom E6 2JA
MARNIX LTD,16214022,active,ltd,,,2025-01-28,,2025-01-28,[68209],5th Floor, 36 - 38 Wigmore Street, London, United Kingdom W1U 2BP
CAPS STUDIOS LTD,16165126,active,ltd,,,2025-01-06,,2025-01-06,[58210],86-90 Paul Street London England EC2A 4NE
DUTCH AUTO REPAIR LIMITED,16166100,active,ltd,,,2025-01-06,,2025-01-06,[45200, 49420],Unit6 First Floor 26-27 Standard Road London England NW10 6EU
FINTECH MATRIX LIMITED,16214071,active,ltd,,,2025-01-28,,2025-01-28,[64205],85 Great Portland Street London England W1W 7LT
CHILD'S SHIELD LTD,16172377,active,ltd,,,2025-01-09,,2025-01-09,[96040],29 Acacia Road London England NW8 6AR
HEMINGWAY ESTATES LIMITED,16181843,active,ltd,,,2025-01-14,,2025-01-14,[68209, 68310],Capital Office London United Kingdom EC1V 2NX
JMB HOSTS YOU LTD,16177340,active,ltd,,,2025-01-10,,2025-01-10,[68209],2m Hermitage Road London England SE19 3QR
BUYING ANALYST LTD,16177212,active,ltd,,,2025-01-10,,2025-01-10,[63110, 63990],International House London United Kingdom N1 7SR
DIRECT GOLF HOLIDAYS LTD,16197527,active,ltd,,,2025-01-21,,2025-01-21,[79909],128 City Road London United Kingdom EC1V 2NX
POSITIVE LEARNING PLATFORM LTD,16176628,active,ltd,,,2025-01-10,,2025-01-10,[85200, 85310, 85320, 85600],78 Kingsmead House Homerton Road London England E9 5QJ
MARITIME MINDS LTD,16177081,active,ltd,,,2025-01-10,,2025-01-10,[70229],167-169 Great Portland Street London England W1W 5PF
THE ACADEMIA MENTOR LIMITED,16207908,active,ltd,,,2025-01-25,,2025-01-25,[85421, 85422, 85590, 85600],124 City Road London England EC1V 2NX
MAVEN PAY LIMITED,16176599,active,ltd,,,2025-01-10,,2025-01-10,[62012, 62090, 63110, 79909],124 City Road London United Kingdom EC1V 2NP
HERO CARDS LTD,16167970,active,ltd,,,2025-01-07,,2025-01-07,[85590, 86900],27 Old Gloucester Street London England WC1N 3AX
NO RULES JC LTD,16179828,active,ltd,,,2025-01-13,,2025-01-13,[47910, 96090],20 Wenlock Road London England N1 7GU
OLYLIFE LIMITED,16204248,active,ltd,,,2025-01-23,,2025-01-23,[46900],167-169 Great Portland Street, London United Kingdom W1W 5PF
THE WISE VOYAGE LIMITED,16163609,active,ltd,,,2025-01-05,,2025-01-05,[79110],5 Brayford Square London England E1 0SG
IRD CONCIERGE UK LTD,16217219,active,ltd,,,2025-01-29,,2025-01-29,[47990],Room 448 Linen Hall, 162-168 Regent Street London England W1B 5TF
REEZ ESTATES LTD,16163385,active,ltd,,,2025-01-05,,2025-01-05,[68209],124 City Road, London 124 City Road, London London United Kingdom EC1V 2NX
KAIZEN COLLECTIVE LTD,16177468,active,ltd,,,2025-01-11,,2025-01-11,[73110],8 Jubilee Court London England E18 2FN
CATTITUDE CAFE LTD,16168192,active,ltd,,,2025-01-07,,2025-01-07,[56102],134 St. John's Hill London England SW11 1SL
GLOBAL PIVOT LTD,16167672,active,ltd,,,2025-01-07,,2025-01-07,[59112, 74100],167-169 Great Portland Street London England W1W 5PF
16BC PROPERTY LIMITED,16159733,active,ltd,,,2025-01-02,,2025-01-02,[68209],16 Beaufort Court Admirals Way London England E14 9XL
XL AHEAD ADVISORY LTD.,16161153,active,ltd,,,2025-01-03,,2025-01-03,[78300, 85590],Accountax House London United Kingdom SW16 3SN
VI GLACIERS LIMITED,16173274,active,ltd,,,2025-01-09,,2025-01-09,[79110, 79120],307 Westmark Tower 1 Newsactle Place London England W2 1DB
DATAFORGE TECH LTD,16206524,active,ltd,,,2025-01-24,,2025-01-24,[62020],C/O ,Vg & Co(Accountants) Office1 ,St Lukes Business Centre London England E16 1HN
TRANS-AFRICA TRADE NETWORKS LIMITED,16221793,active,ltd,,,2025-01-31,,2025-01-31,[52241, 52242, 52243, 82990],20-22 Wenlock Road London England N1 7GU
PAKWHEELSLONDON LIMITED,16172566,active,ltd,,,2025-01-09,,2025-01-09,[45112, 45200],447c Kilsby Walk Dagenham England RM9 4BS
APEX E COMMERCE CONSULTING LTD,16202971,active,ltd,,,2025-01-23,,2025-01-23,[47799, 78200],9-11 Oakleigh Road North London England N20 9HE
CRESTLINE PROPERTY LIMITED,16188342,active,ltd,,,2025-01-16,,2025-01-16,[68100],Flat 47 Anglebury 80 Talbot Road London England W2 5LE
ANGELTOUCHBEAUTY GROUP& CO LTD,16206679,active,ltd,,,2025-01-24,,2025-01-24,[20411, 20530, 47190, 96020],2nd Floor College House Ruislip, United Kingdom HA4 7AE
NIMBUS COMPUTE LTD,16173834,active,ltd,,,2025-01-09,,2025-01-09,[62020, 70229, 85590],86-90 Paul Street Paul Street London England EC2A 4NE
ELSHAM LTD,16208447,active,ltd,,,2025-01-26,,2025-01-26,[62012],64 Elsham Road London England W14 8HD
BOUYANT INVESTMENTS LTD,16211376,active,ltd,,,2025-01-27,,2025-01-27,[68209, 68310, 68320],71-75 Shelton Street London United Kingdom WC2H 9JQ
HEAD & DOWN LTD,16191012,active,ltd,,,2025-01-17,,2025-01-17,[47910],104 London Road Waterlooville United Kingdom PO8 8EW
APEX COMMUNICATIONS LIMITED,16161591,active,ltd,,,2025-01-03,,2025-01-03,[61100, 61900, 62090],27 Old Gloucester Street London United Kingdom WC1N 3AX
KAPRUKA GLOBAL UK LTD,16205146,active,ltd,,,2025-01-24,,2025-01-24,[47910],124 City Road London United Kingdom EC1V 2NX
CAFÉ CLEMENT LTD,16207560,active,ltd,,,2025-01-24,,2025-01-24,[56101],C/O Williams Stanley & Co London England W1W 6QT
BOBBI'S BAR LTD,16207562,active,ltd,,,2025-01-24,,2025-01-24,[56101],C/O Williams Stanley & Co London England W1W 6QT
INTELLECTUAL PROPERTIES GROUP LIMITED,16181826,active,ltd,,,2025-01-14,,2025-01-14,[77400],48 The Avenue London NW6 7NP
C.ENACHE CONSULTANCY LTD,16167469,active,ltd,,,2025-01-07,,2025-01-07,[69202, 70229, 82110],175 Burrage Road London England SE18 7LR
VENTORI MEDCO LIMITED,16160833,active,ltd,,,2025-01-02,,2025-01-02,[63990, 86210],35 Boardwalk Place London England E14 5SE
ABZ316 LTD,16162327,active,ltd,,,2025-01-03,,2025-01-03,[42990, 56210, 71121],22 Brunner Road London England W5 1BA
GARELASH LTD,16169194,active,ltd,,,2025-01-07,,2025-01-07,[47910],18 Soho Square London England W1D 3QL
BLOMB LIMITED,16211160,active,ltd,,,2025-01-27,,2025-01-27,[64999],71-75 Shelton Street London England WC2H 9JQ
MARJDOU LTD,16177198,active,ltd,,,2025-01-10,,2025-01-10,[91012],3a Chipperfield House London England SW3 3RG
KENTGLEN LIMITED,16201288,active,ltd,,,2025-01-22,,2025-01-22,[41202, 70221, 70229, 71122],London (W1w 5pf) Office 5th Floor, 167-169 London United Kingdom W1W 5PF
STARWARE LTD,16160644,active,ltd,,,2025-01-02,,2025-01-02,[46740, 47910, 62012, 62020],128 City Road London United Kingdom EC1V 2NX
LITTLE LEARNERS WREXHAM LTD,16186755,active,ltd,,,2025-01-15,,2025-01-15,[85100],Seymour Chambers Liverpool United Kingdom L3 5NW
VÆG TECHNOLOGIES LTD,16160492,active,ltd,,,2025-01-02,,2025-01-02,[62012, 62090, 69109, 70229],128 City Road London United Kingdom EC1V 2NX
THE NUTRITION COMPASS LTD,16161205,active,ltd,,,2025-01-03,,2025-01-03,[86900],23 Clitherow Avenue London England W7 2BJ
GG-HOLDCO-987-351 LIMITED,16183011,active,ltd,,,2025-01-14,,2025-01-14,[68209],C/O Getground London England W6 0NB
MOOD. BY HOP LIMITED,16192474,active,ltd,,,2025-01-17,,2025-01-17,[46470],101 Turnmill Street Farringdon London United Kingdom EC1M 5QP
VAUXHALL GROOMING LTD,16202442,active,ltd,,,2025-01-22,,2025-01-22,[96020],346 Kennington Lane London England SE11 5HY
HANIHAIR LTD,16172236,active,ltd,,,2025-01-09,,2025-01-09,[46499, 47750],Flat 18 Murray House London England SW1H 0AE
EURYDICE LIMITED,16167014,active,ltd,,,2025-01-06,,2025-01-06,[69109],17 Birkbeck Place London England SE21 8JU
CEMES GLOBAL LTD,16212982,active,ltd,,,2025-01-28,,2025-01-28,[46190, 46390, 47910, 70229],71-75 Shelton Street Covent Garden Shelton Street London England WC2H 9JQ
SN FILMS LTD,16166583,active,ltd,,,2025-01-06,,2025-01-06,[59111, 59112, 59113, 90030],Flat 3 1a Croxley Road London England W9 3HH
CT HOLDCO LIMITED,16162801,active,ltd,,,2025-01-03,,2025-01-03,[68100],47 Danbury Street London England N1 8LE
CCM PRODUCTIONS LIMITED,16214910,active,ltd,,,2025-01-28,,2025-01-28,[59111],10 Raveley Street London England NW5 2HU
UK CONLAD BIOTECHNOLOGY CO., LTD,16161663,active,ltd,,,2025-01-03,,2025-01-03,[20150, 47760],167-169 Great Portland Street, London United Kingdom W1W 5PF
X99 VENDING LIMITED,16174338,active,ltd,,,2025-01-09,,2025-01-09,[47990],28 Sandbourne Avenue London England SW19 3EN
DANKAL LIMITED,16165448,active,ltd,,,2025-01-06,,2025-01-06,[58190, 85421],Pure Life Building Unit 3 & 4 Southall England UB1 3EJ
AMRICA CAMDEN LIMITED,16198404,active,ltd,,,2025-01-21,,2025-01-21,[47710],Floor 2 239 Camden High Street London England NW1 7BU
VACSPAREUK LTD,16207206,active,ltd,,,2025-01-24,,2025-01-24,[46690],71-75 Shelton Street London England WC2H 9JQ
DCNRLZD TLNT LTD,16175021,active,ltd,,,2025-01-10,,2025-01-10,[78109],2 Leman Street London United Kingdom E1W 9US
ORACLE 360 LTD,16158338,active,ltd,,,2025-01-01,,2025-01-01,[96090],Collective Auction Rooms London England NW1 8NJ
AVSM ENTERPRISE LTD,16186362,active,ltd,,,2025-01-15,,2025-01-15,[47910, 56290, 68100, 70229],27 Old Gloucester Street London England WC1N 3AX
ACACIA CONSTRUCTION LTD,16181593,active,ltd,,,2025-01-13,,2025-01-13,[41202],6 Bruce Grove London England N17 6RA
SMART HOME SYSTEMS LIMITED,16162252,active,ltd,,,2025-01-03,,2025-01-03,[47410],162a London Road Newcastle England ST5 7JB
ABE PROPERTY LTD,16184091,active,ltd,,,2025-01-14,,2025-01-14,[68100, 68201, 68209, 68320],20 Wenlock Road London England N1 7GU
SANGHA STUDIOS LIMITED,16165876,active,ltd,,,2025-01-06,,2025-01-06,[56102, 93130],Office 4 Second Floor, Park Lorne, 111 Park Road, London United Kingdom NW8 7JL
INCERT BIO LIMITED,16190118,active,ltd,,,2025-01-17,,2025-01-17,[78200],C/O Thomas Emlyn Ltd 7 Bellefield House Chelmsford United Kingdom CM2 0RG
CAPITAL INFODOC SL LIMITED,16222259,active,ltd,,,2025-01-31,,2025-01-31,[62020, 62090, 63990, 82990],182-184 High Street North London England E6 2JA
KNIGHT & FALCON LTD,16178238,active,ltd,,,2025-01-13,,2025-01-13,[56101, 56302],Cornelius Barton & Co, Alliance House 29-30 London United Kingdom WC1V 6AZ
LISA MEIGHAN THERAPY & CONSULTING LIMITED,16217085,active,ltd,,,2025-01-29,,2025-01-29,[82990, 86900, 96090],20 Wenlock Road London England N1 7GU
BECAUSE YOLO GLOBAL TRAVEL LTD,16221261,active,ltd,,,2025-01-31,,2025-01-31,[79110],Endeavour House Coopers End Road Stansted England CM24 1SJ
LB WESTHILLFND LIMITED,16216821,active,ltd,,,2025-01-29,,2025-01-29,[62020, 62090, 74909],34-35 Hatton Garden London England EC1N 8DX
GRAINITY LTD,16189484,active,ltd,,,2025-01-16,,2025-01-16,[46210, 46900],Office 419, Pill Box 115 Coventry Road London England E2 6GG
INTERGLOBE TRADING LTD,16217912,active,ltd,,,2025-01-29,,2025-01-29,[62012, 62090, 63110],167-169 Great Portland Street London England W1W 5PF
Q CLEARANCE LTD,16163913,active,ltd,,,2025-01-06,,2025-01-06,[81299],1st Floor Rear C/O Macs & Co Accountants London England E1 8DA
AHRS MEDICAL SERVICES LTD.,16179031,active,ltd,,,2025-01-13,,2025-01-13,[47910, 86210, 86900],3rd Floor, 86-90 Paul Street London United Kingdom EC2A 4NE
LONDON OCTODYNAMICS LIMITED,16214590,active,ltd,,,2025-01-28,,2025-01-28,[58190, 63990, 70229, 85590],Flat 2 84 Eltham Road London England SE12 8UE
CA ECOMMERCE LTD,16199039,active,ltd,,,2025-01-21,,2025-01-21,[47910],Office 18785 182-184 High Street North London England E6 2JA
NWA SE20 LTD,16206219,active,ltd,,,2025-01-24,,2025-01-24,[93120],A4g Suite Nepicar House Wrotham Heath United Kingdom TN15 7RS
EASTERN LONDON LTD,16177404,active,ltd,,,2025-01-11,,2025-01-11,[47910],71-75 Shelton Street London United Kingdom WC2H 9JQ
LIFE JOURNEY VENTURES LIMITED,16182977,active,ltd,,,2025-01-14,,2025-01-14,[47910],60 Tottenham Court Road, Suite 5499a London United Kingdom W1T 2EW
KALA GROUP LIMITED,16160957,active,ltd,,,2025-01-03,,2025-01-03,[62020],116 Upper Street London England N1 1QP
EVERCARE PARTNERS LTD,16167292,active,ltd,,,2025-01-07,,2025-01-07,[88100],26a Devonshire Crescent Devonshire Crescent London England NW7 1DN
VALADIER ENTERPRISES LIMITED,16159281,active,ltd,,,2025-01-02,,2025-01-02,[64209, 70221],167/169 Great Portland Street London England W1W 5PF
CROSSSENSE LTD,16174417,active,ltd,,,2025-01-09,,2025-01-09,[58290],41 Mitchell Street London England EC1V 3QD
STERLYNSTONE LTD,16167635,active,ltd,,,2025-01-07,,2025-01-07,[55100],71-75 Shelton Street London England WC2H 9JQ
W&O MANAGEMENT LIMITED,16187363,active,ltd,,,2025-01-15,,2025-01-15,[79120, 82302],1417-1419 London Road London England SW16 4AH
BKI OIL AND GAS SERVICES LTD,16163426,active,ltd,,,2025-01-05,,2025-01-05,[70229],167 - 169 Great Portland Street London England W1W 5PF
TRANQUIL CARE NW LTD,16164446,active,ltd,,,2025-01-06,,2025-01-06,[87200],Seymour Chambers Liverpool United Kingdom L3 5NW
HAILU GLOBAL TRADING LTD,16168710,active,ltd,,,2025-01-07,,2025-01-07,[47190, 47540, 47710, 47750],71-75 Shelton Street London United Kingdom WC2H 9JQ
KAREEM CARE SERVICES LIMITED,16201546,active,ltd,,,2025-01-22,,2025-01-22,[87900],Winston House London England E18 2QS
PACE SITTINGBOURNE LTD,16182005,active,ltd,,,2025-01-14,,2025-01-14,[68100, 68209],Lower Ground Floor London England N15 6LT
FUNKY AFRICAN LTD,16179042,active,ltd,,,2025-01-13,,2025-01-13,[47710, 47820],167-169 Great Portland Street London England W1W 5PF
DRAME ENTERPRISES LTD,16188589,active,ltd,,,2025-01-16,,2025-01-16,[46900, 47190],7-15 Greatorex Street London England E1 5NF
EMTEK HYPERSPECTRAL UK LTD,16192124,active,ltd,,,2025-01-17,,2025-01-17,[82990],4th Floor 20 Grosvenor Gardens London United Kingdom SW1W 0DH
STONEBANX ESTATES LTD,16171708,active,ltd,,,2025-01-08,,2025-01-08,[68310],22a Northfield Avenue London England W13 9RL
COMETE LTD,16202148,active,ltd,,,2025-01-22,,2025-01-22,[62012],86-90 Paul Street, London London England EC2A 4NE
LONDON X PROPERTIES LTD,16179706,active,ltd,,,2025-01-13,,2025-01-13,[68100, 68209, 68310, 68320],First Floor Office London W8 4LZ
STRUCTURENET LIMITED,16210469,active,ltd,,,2025-01-27,,2025-01-27,[62090],International House 10 Beaufort Court London England E14 9XL
HOLODOCS LTD,16212328,active,ltd,,,2025-01-28,,2025-01-28,[59112, 62012, 62020, 85590],20 Deck Close London England SE16 6BU
OXYTRADING LIMITED,16197207,active,ltd,,,2025-01-21,,2025-01-21,[46690],60 Tottenham Court Road Suite 5549a London United Kingdom W1T 2EW
FLUFFY DUSTERS LTD,16178860,active,ltd,,,2025-01-13,,2025-01-13,[81210, 81299],1d Hillyard Place London England SW20 0QQ
CARGO PRO LOGISTICS LTD,16214652,active,ltd,,,2025-01-28,,2025-01-28,[49410],167-169 Great Portland Street London England W1W 5PF
ANABIYA ENTERPRISES LIMITED,16174038,active,ltd,,,2025-01-09,,2025-01-09,[47910],60 Tottenham Court Road Suite 5475a London United Kingdom W1T 2EW
WULING AUTOMOTIVES LTD,16196973,active,ltd,,,2025-01-21,,2025-01-21,[46900],Aldgate Tower 2 Leman London London England E1 8FA
AFRICA VOTING ADVISORY LTD,16196211,active,ltd,,,2025-01-20,,2025-01-20,[66190],60 Tottenham Court Road Suite 5538a London United Kingdom W1T 2EW
GOSCO LOGISTICS LTD,16170253,active,ltd,,,2025-01-08,,2025-01-08,[49410],276 Church Road London England E10 7JQ
JOHNSON VAVINSKI LIMITED,16214510,active,ltd,,,2025-01-28,,2025-01-28,[74100],40 Martell Road London England SE21 8EN
N13 RAM CENTRE LTD,16222589,active,ltd,,,2025-01-31,,2025-01-31,[45200],29 Oakwood Park Road London England N14 6QB
EXTON GROUP LTD,16197342,active,ltd,,,2025-01-21,,2025-01-21,[74100],71-75 Shelton Street London England WC2H 9JQ
DHARANI BUILD LTD,16163148,active,ltd,,,2025-01-04,,2025-01-04,[41202, 43290],66 Paul Street , London London England EC2A 4NA
THE TABLE BIANCHI LTD,16203778,active,ltd,,,2025-01-23,,2025-01-23,[56210],R/O 44 Broadway Court London England SW19 1RG
BERKELEY SCHOOL OF BUSINESS, ARTS & SCIENCES LIMITED,16169346,active,ltd,,,2025-01-07,,2025-01-07,[56210, 59112, 72200, 85590],124 City Road London England EC1V 2NX
DT SPA LTD,16211510,active,ltd,,,2025-01-27,,2025-01-27,[96020],30 Atlantic Road London England SW9 8JW
THE OLD DAIRY (FREEHOLD) LIMITED,16216870,active,ltd,,,2025-01-29,,2025-01-29,[98000],66 Paul Street London United Kingdom EC2A 4NA
MIAMI TASTY LTD,16217523,active,ltd,,,2025-01-29,,2025-01-29,[68100],59 Percy Road London England N12 8BT
JELLYHOUSE LIMITED,16162181,active,ltd,,,2025-01-03,,2025-01-03,[47910, 47990],71-75 Shelton Street Covent Garden London United Kingdom WC2H 9JQ
ACCREVITY LIMITED,16220266,active,ltd,,,2025-01-31,,2025-01-31,[70229],85 Great Portland Street London W1W 7LT
GREYSTONE GLOBAL LTD,16180821,active,ltd,,,2025-01-13,,2025-01-13,[68310],Floor 3 Floor 3, 45 Albermarle Street London England W1S 4JL
DYNAMIC CLEANING AND MAINTENANCE SERVICES LIMITED,16177582,active,ltd,,,2025-01-11,,2025-01-11,[81210, 81299],167-169 Great Portland Street London England W1W 5PF
SABR VIRTUE LIMITED,16158801,active,ltd,,,2025-01-02,,2025-01-02,[47910],9 Kotata House London E20 1DP
GH GARDEN AND MAINTENANCE SERVICES LTD,16209561,active,ltd,,,2025-01-27,,2025-01-27,[43341, 43390, 81210, 81300],10 Waterson Street London England E2 8HL
BASALAT ACADEMY LTD,16170958,active,ltd,,,2025-01-08,,2025-01-08,[85590],60 Tottenham Court Road, Suite 5477a London United Kingdom W1T 2EW
FRIESIAN GROUP LTD,16196173,active,ltd,,,2025-01-20,,2025-01-20,[41100, 68209, 82990],Unit 1 Shaftsburry Road, London London England E10 7DA
CALAA VISION GROUP LTD,16216564,active,ltd,,,2025-01-29,,2025-01-29,[62020, 62090],60 Tottenham Court Road Suite 5589a London United Kingdom W1T 2EW
MULHERON ENGINEERING LTD,16218661,active,ltd,,,2025-01-30,,2025-01-30,[43999],C/O Hard Hat Group London England EC1V 2NZ
TRANSLOOL PLATFORMS LTD,16185455,active,ltd,,,2025-01-15,,2025-01-15,[62090, 74300],128 City Road London United Kingdom EC1V 2NX
FIVESESTATES LTD,16206625,active,ltd,,,2025-01-24,,2025-01-24,[68209, 68320],42 Randall House Woodall Close London England E14 0QN
LONDON MARITIME CORPORATION LTD,16205957,active,ltd,,,2025-01-24,,2025-01-24,[46140, 50200, 70229, 73200],167-169 Great Portland Street, 5th Floor 167-169 Great Portland Street, 5th Floor London England W1W 5PF
SIMPLY LONDON PLANTS LTD,16196941,active,ltd,,,2025-01-21,,2025-01-21,[96090],60 Tottenham Court Road, Suite 5548a London United Kingdom W1T 2EW
GROWFOLLOWS LTD,16165439,active,ltd,,,2025-01-06,,2025-01-06,[62090, 70210, 73110, 73120],27 Old Gloucester Street London United Kingdom WC1N 3AX
SIGMA ICT AND ENGINEERING LTD,16160906,active,ltd,,,2025-01-03,,2025-01-03,[42220, 62020],128 City Road London United Kingdom EC1V 2NX
CONTANGO OIL & GAS SERVICES LTD,16210990,active,ltd,,,2025-01-27,,2025-01-27,[70229, 71122, 82990],331 Glasswork Greenford London England UB6 0GW
BIRD HOUSE HERNE HILL LTD,16192737,active,ltd,,,2025-01-18,,2025-01-18,[68209],C/O Williams Stanley And Co London England W1W 6QT
BOSPHORUS LEGAL GATEWAY (UK) LTD,16220373,active,ltd,,,2025-01-31,,2025-01-31,[69109, 70229],352 Essex Road London England N1 3PD
INERGX ENERGY OPTIMISATION LTD,16189425,active,ltd,,,2025-01-16,,2025-01-16,[70229],27 Old Gloucester Street London England WC1N 3AX
LOU MOODY LTD,16208969,active,ltd,,,2025-01-27,,2025-01-27,[47710, 47910],10 Alma Road London England SW18 1AB
HIBISCUS STUDIO LIMITED,16174842,active,ltd,,,2025-01-10,,2025-01-10,[68209, 96090],19a Peto Street North London England E16 1DP
HERTFORD HOUSE LTD,16192531,active,ltd,,,2025-01-17,,2025-01-17,[68100],14 Great James Street London England WC1N 3DP
KAYA KRAVINGS LTD,16163006,active,ltd,,,2025-01-03,,2025-01-03,[47810],144 Shirland Road Shirland Road London England W9 2BT
RISEHEM SOCIAL LIMITED,16219259,active,ltd,,,2025-01-30,,2025-01-30,[66300],C/O Shaw Financial Limited London United Kingdom SW17 9SH
RISEHEM GROUP LIMITED,16209710,active,ltd,,,2025-01-27,,2025-01-27,[66300],C/O Shaw Financial Limited London United Kingdom SW17 9SH
COMPLEAT WALKS LIMITED,16211531,active,ltd,,,2025-01-27,,2025-01-27,[79901],167-169 Great Portland Street London England W1W 5PF
BOUGIE SHOP LTD,16168080,active,ltd,,,2025-01-07,,2025-01-07,[47910],3173 275 New N Road London England N1 7AA
ACRET LTD,16174512,active,ltd,,,2025-01-10,,2025-01-10,[73110],3rd Floor, 86-90 Paul Street London United Kingdom EC2A 4NE
ALBION EAST LTD,16164143,active,ltd,,,2025-01-06,,2025-01-06,[70229, 74300, 85520, 86900],71-75 Shelton Street London United Kingdom WC2H 9JQ
CAPEMBA FITNESS INNOVATIONS LTD,16221436,active,ltd,,,2025-01-31,,2025-01-31,[32300],14/2e Docklands Business Centre 14/2e Docklands Business Centre London England E14 8PX
PROTOTYPE CONTENT LIMITED,16217532,active,ltd,,,2025-01-29,,2025-01-29,[78101, 90020, 90030],167-169 Great Portland Street London England W1W 5PF
CLAIMS GATE INVEST LTD,16199114,active,ltd,,,2025-01-21,,2025-01-21,[66300],110 Bishopsgate London England EC2N 4AY
SMASH AGENCY LIMITED,16170925,active,ltd,,,2025-01-08,,2025-01-08,[70210, 73110],167-169 Great Portland Street London W1W 5PF
AP MEDITATION LTD,16165399,active,ltd,,,2025-01-06,,2025-01-06,[58110, 85590, 96090],167 169 Great Portland Street London England W1W 5PF
THE VEHICLE CHECK DEVELOPMENTS LTD,16222465,active,ltd,,,2025-01-31,,2025-01-31,[45200, 47910, 62012, 66190],Unit 13 Shaftesbury Road London United Kingdom N18 1SW
FLYWEI ROBOTICS LTD,16178044,active,ltd,,,2025-01-12,,2025-01-12,[46660],Flat A London England SW19 8DT
DELGOOSH LTD,16182013,active,ltd,,,2025-01-14,,2025-01-14,[99999],124 City Road London United Kingdom EC1V 2NX
TRIVO LTD,16171131,active,ltd,,,2025-01-08,,2025-01-08,[13990, 32300],45 Hoppers Road 45 Hoppers Road London United Kingdom N21 3LN
GSE INVEST LTD,16158821,active,ltd,,,2025-01-02,,2025-01-02,[88990],9 Denver Road London England N16 5JL
JOBVISAHUNT LTD,16190370,active,ltd,,,2025-01-17,,2025-01-17,[62090, 63120],71-75 Shelton Street London United Kingdom WC2H 9JQ
VINCIMUS STUDIOS LTD.,16162605,active,ltd,,,2025-01-03,,2025-01-03,[64209],88 Albert Carr Gardens London England SW16 3HF
FRENCHY FRENCHY LTD,16221175,active,ltd,,,2025-01-31,,2025-01-31,[96090],167 169 Great Portland Street London England W1W 5PF
SMART CONSTRUCTION  2025 LTD,16185835,active,ltd,,,2025-01-15,,2025-01-15,[41100],91a Station Road London England E4 7BU
INTERNATIONAL ESTATES LIMITED,16210479,active,ltd,,,2025-01-27,,2025-01-27,[68209],Lower Flat, 47 Sangley Rd London England SE25 6QX
BBFM EVENTS LIMITED,16187555,active,ltd,,,2025-01-16,,2025-01-16,[47990],167-169 Great Portland Street London England W1W 5PF
SIMPLY CLICK LTD,16210016,active,ltd,,,2025-01-27,,2025-01-27,[43910, 63110],Capital Office London England EC1V 2NX
CORDIAN SPECIALIST CARE LIMITED,16208221,active,ltd,,,2025-01-25,,2025-01-25,[78109, 78200, 86102],55 Baker Street London England W1U 8EW
SLENDERWOLF LTD,16161987,active,ltd,,,2025-01-03,,2025-01-03,[99999],Unit 115 155 Minories London England EC3N 1AD
CARELIFE SOLUTIONS LTD,16171179,active,ltd,,,2025-01-08,,2025-01-08,[87300],14 Little Dimocks London England SW12 9JJ
DURRANI LEGACY LTD,16168488,active,ltd,,,2025-01-07,,2025-01-07,[68100],167-169 Great Portland Street, 5th Floor Great Portland Street London England W1W 5PF
ADEDOYIN ASSET MANAGEMENT LIMITED,16185884,active,ltd,,,2025-01-15,,2025-01-15,[68209],Office 18197, 182-184 High Street North London England E6 2JA
SUSANOO LIMITED,16206285,active,ltd,,,2025-01-24,,2025-01-24,[68209],5th Floor 167 - 169 Great Portland Street London England W1W 5PF
RUMA LONDON LIMITED,16169606,active,ltd,,,2025-01-07,,2025-01-07,[47910],8a The Green London United Kingdom W5 5DA
MSI PHARMA STAFFING LIMITED,16218821,active,ltd,,,2025-01-30,,2025-01-30,[78109, 78200],Unit Li.417 164/180 Union Street London England SE1 0LH
365 PREMIUM WHOLESALE TRADERS LTD,16164132,active,ltd,,,2025-01-06,,2025-01-06,[46900],84 Katherine Road London England E6 1EN
POKERANGERS LTD,16171357,active,ltd,,,2025-01-08,,2025-01-08,[47910, 90030],Suite Ra01 195-197 Wood Street London England E17 3NU
STRACHAN PROPERTY PORTFOLIO LIMITED,16205904,active,ltd,,,2025-01-24,,2025-01-24,[68209],167-169 Great Portland Street London England W1W 5PF
C G G COMMERCE LTD,16189523,active,ltd,,,2025-01-16,,2025-01-16,[47910],112 Morden Road London England SW19 3BP
AL-WARITH LTD,16204162,active,ltd,,,2025-01-23,,2025-01-23,[56103, 56290],16 College Parade London United Kingdom NW6 6RN
ARDSOM LIMITED,16168411,active,ltd,,,2025-01-07,,2025-01-07,[68100, 68209],142a Upper Clapton Road, London London United Kingdom E5 9BU
MBT ADVISORY LIMITED,16218320,active,ltd,,,2025-01-30,,2025-01-30,[93199],5 Technology Park Colindale United Kingdom NW9 6BX
TARA MARTINS INVESTMENT LTD,16202835,active,ltd,,,2025-01-23,,2025-01-23,[68100, 68209],10 Whitehorse Mews London United Kingdom SE1 7QD
THE JOURNALEST LTD,16178055,active,ltd,,,2025-01-12,,2025-01-12,[47610, 47620],10 Kennedy Close 10 Kennedy Close St. Albans England AL2 1GR
KIN KHAO LTD,16170506,active,ltd,,,2025-01-08,,2025-01-08,[47810],213 London Road Benfleet England SS7 2RD
JALEXR LTD,16201424,active,ltd,,,2025-01-22,,2025-01-22,[64991, 80100],213 London Road Benfleet England SS7 2RD
PRESTIGE CONTRACTING SERVICES LIMITED,16203729,active,ltd,,,2025-01-23,,2025-01-23,[42220],Unit 6 Old London Road Oxford England OX33 1XW
ONE STANDARD ENTERPRISE LTD,16178910,active,ltd,,,2025-01-13,,2025-01-13,[68209, 68320],5 Brayford Square London England E1 0SG
JENNY SUNSHINE LTD,16213656,active,ltd,,,2025-01-28,,2025-01-28,[74909, 90010, 93290],9 Bromells Road London England SW4 0BN
T FIT LTD,16178576,active,ltd,,,2025-01-13,,2025-01-13,[47710],167-169 Great Portland Street 5th Floor London 5th Floor London United Kingdom W1W 5PF
HECF LAVINGTON LIMITED,16186840,active,ltd,,,2025-01-15,,2025-01-15,[68209],8 Sackville Street London England W1S 3DG
FIGIO GROUP LTD,16216397,active,ltd,,,2025-01-29,,2025-01-29,[69201],66 Paul Street London England EC2A 4NA
AUTO MINDS TECH LTD,16197894,active,ltd,,,2025-01-21,,2025-01-21,[47910, 62012, 70229, 73110],71-75 Shelton Street London WC2H 9JQ
GREY SHEEP HOMES LTD,16218873,active,ltd,,,2025-01-30,,2025-01-30,[68100, 68209, 68320],41 Knighton Road London England E7 0EE
BUNCHIES EGHAM LIMITED,16164013,active,ltd,,,2025-01-06,,2025-01-06,[56103],5 Broadway Building London England W7 3TT
BREAFLEX LIMITED,16204280,active,ltd,,,2025-01-23,,2025-01-23,[93130],8 Artillery Row London England SW1P 1RZ
COR-LINE SYSTEMS LTD,16165614,active,ltd,,,2025-01-06,,2025-01-06,[25120],1 The Matchyns London Road Witham England CM8 3HA
COMAL KITCHENS LTD,16170194,active,ltd,,,2025-01-08,,2025-01-08,[56101],344-346 Old York Road London United Kingdom SW18 1SS
PLUG2WIN LTD,16196304,active,ltd,,,2025-01-20,,2025-01-20,[62011, 62012, 62020, 63110],167-169 Great Portland Street London United Kingdom W1W 5PF
KARPAT TRADING LTD,16221500,active,ltd,,,2025-01-31,,2025-01-31,[46730, 46900],71-75 Shelton Street London WC2H 9JQ
ALFASOUNDS LTD,16170059,active,ltd,,,2025-01-08,,2025-01-08,[59200, 90030],71-75 Shelton Street London United Kingdom WC2H 9JQ
HAWK PROPERTY SOLUTIONS LTD,16160809,active,ltd,,,2025-01-02,,2025-01-02,[43210, 43220, 43290, 81100],60 Tottenham Court Road London England W1T 2EW
CDD SERVICES 5 LIMITED,16181173,active,ltd,,,2025-01-13,,2025-01-13,[56101],Bank Chambers London England SW1Y 6HR
NESTOLI LTD,16217235,active,ltd,,,2025-01-29,,2025-01-29,[47910],71-75 Shelton Street London United Kingdom WC2H 9JQ
MREF V BRISTOL OPERATIONS LIMITED,16190246,active,ltd,,,2025-01-17,,2025-01-17,[68209],7th Floor, Parcels Building London United Kingdom W1U 1BU
GRACE COUNTS LTD,16162901,active,ltd,,,2025-01-03,,2025-01-03,[56101],The Fox London Road Cheltenham England GL54 4HG
KOKOLAMS LIMITED,16169043,active,ltd,,,2025-01-07,,2025-01-07,[82990],128 City Road London England EC1V 2NX
CONTEMPO STUDIOS LTD,16179709,active,ltd,,,2025-01-13,,2025-01-13,[74909],71-75 Shelton Street London United Kingdom WC2H 9JQ
ADVENTURE PARC LIMITED,16177023,active,ltd,,,2025-01-10,,2025-01-10,[55100],56 London Street Faringdon England SN7 7AA
JCM ROOFING LIMITED,16218131,active,ltd,,,2025-01-30,,2025-01-30,[43910],241 Brookehowse Road South East London United Kingdom SE6 3TT
TAWKSFONES LTD,16188785,active,ltd,,,2025-01-16,,2025-01-16,[47421],170 Muswell Hill Broadway Muswell Hill Broadway London England N10 3SA
GLOBAL ATTRACTION SERVICES LTD,16216889,active,ltd,,,2025-01-29,,2025-01-29,[47910, 81299],608a Romford Road London United Kingdom E12 5AF
ICXPE MEDICAL LTD,16218453,active,ltd,,,2025-01-30,,2025-01-30,[82200],21 Knightsbridge London United Kingdom SW1X 7LY
PERMEANCE CAPITAL PARTNERS LIMITED,16181922,active,ltd,,,2025-01-14,,2025-01-14,[64999, 70229, 82302],1 Mayfair Place London England W1J 8AJ
VIRR COLLECTIVE LTD,16176885,active,ltd,,,2025-01-10,,2025-01-10,[46190],Office One, 1 Coldbath Square London England EC1R 5HL
MBALIVE LTD,16193674,active,ltd,,,2025-01-20,,2025-01-20,[70229],6 Saffron Central Square Croydon England CR0 2FT
SWIFTSERVE LEGAL LIMITED,16209916,active,ltd,,,2025-01-27,,2025-01-27,[62090, 69109, 80300, 82990],124 City Road London England EC1V 2NX
FAIRHILL ADVISORY LTD,16167177,active,ltd,,,2025-01-06,,2025-01-06,[82990],Level 30, The Leadenhall Building London England EC3V 4AB
OQSINVEST LTD,16221646,active,ltd,,,2025-01-31,,2025-01-31,[68100, 68209, 68320],14 Old Queen Street London England SW1H 9HP
CLARA CANDLES AND COSMETICS LTD,16172943,active,ltd,,,2025-01-09,,2025-01-09,[47910, 47990],26 South Road London England N9 7JH
YOUMI SUPPORT LTD,16162841,active,ltd,,,2025-01-03,,2025-01-03,[72200, 74909, 85590, 86900],22 Mount Pleasant Road London England W5 1SG
AWAZ LONDON LIMITED,16203027,active,ltd,,,2025-01-23,,2025-01-23,[68209],25 North Row London England W1K 6DJ
PERFORMANCE IN THE PADDOCK LTD,16212086,active,ltd,,,2025-01-27,,2025-01-27,[96040],4th Floor 4 Tabernacle Street London United Kingdom EC2A 4LU
JAMCO ESTATES LTD,16191685,active,ltd,,,2025-01-17,,2025-01-17,[41201, 43341, 64301, 74902],1386 London Road Leigh On Sea England SS9 2UJ
PROXIMATE INVESTMENT LTD,16190547,active,ltd,,,2025-01-17,,2025-01-17,[46150, 68100, 68310, 68320],28 Ryculff Square London England SE3 0SN
SOUTHERN GROVE HOLDINGS LIMITED,16211099,active,ltd,,,2025-01-27,,2025-01-27,[41100],843 Finchley Road London United Kingdom NW11 8NA
ECO GARDENER LTD,16221626,active,ltd,,,2025-01-31,,2025-01-31,[81300],233b New North Road London England N1 7AT
JOSIP COMPANY HOLDINGS & TRADING LTD,16186318,active,ltd,,,2025-01-15,,2025-01-15,[64209],167-169 Great Portland Street London England W1W 5PF
AIRLINK PAYMENTS LTD,16215240,active,ltd,,,2025-01-29,,2025-01-29,[52219],International House London England N1 7SR
RP97 LTD,16220120,active,ltd,,,2025-01-30,,2025-01-30,[43220, 43999],Regus Centurion House Staines-Upon-Thames England TW18 4AX
KOGWENO & BUBI CONSULTANTS LTD,16190481,active,ltd,,,2025-01-17,,2025-01-17,[69109],Office 11573 182-184 High Street North East Ham, London England E6 2JA
QRAVECO LTD.,16179917,active,ltd,,,2025-01-13,,2025-01-13,[56103],71-75 Shelton Street London United Kingdom WC2H 9JQ
M&DH COMMERCE LTD,16163154,active,ltd,,,2025-01-04,,2025-01-04,[47910],27 South Rise Way London England SE18 7PG
THE INNOVATION HOUSE BRAND WORLDWIDE LTD,16165453,active,ltd,,,2025-01-06,,2025-01-06,[70210, 78101, 90010, 90020],3rd Floor, News Building, 3 London Bridge Street, London England SE1 9SG
QRG MGU SERVICES LIMITED,16215171,active,ltd,,,2025-01-29,,2025-01-29,[64205],Dixon House 1 Lloyds Avenue London United Kingdom EC3M 5JD
MICHAEL MEIER UK INVEST LIMITED,16211083,active,ltd,,,2025-01-27,,2025-01-27,[64306],279 Old Brompton Road London SW5 9JA
EASY KEYWORDS LTD,16196937,active,ltd,,,2025-01-21,,2025-01-21,[63990, 96090],3 Gower Street London United Kingdom WC1N 3AX
OSMOSIS THEOSIS LTD,16193078,active,ltd,,,2025-01-19,,2025-01-19,[47910],156 Commonwealth Way Abbeywood SE2 0LE
KOLA REAL ESTATE AGENTS LTD,16198272,active,ltd,,,2025-01-21,,2025-01-21,[68320],6 Fernhead Road London England W9 3ET
QUEENS TOWER ADVISORY LIMITED,16185331,active,ltd,,,2025-01-15,,2025-01-15,[70229],Devonshire House Level 1 London England W1J 8AJ
ARI FOODS LTD,16191902,active,ltd,,,2025-01-17,,2025-01-17,[56103],Flat 57 Fletcher Court London England NW9 5HW
OVARA HEALTH LTD,16188894,active,ltd,,,2025-01-16,,2025-01-16,[86210],Cole Street Studios London United Kingdom SE1 4YH
A M SAFE FLOW SERVICES LTD,16200111,active,ltd,,,2025-01-22,,2025-01-22,[43220],41 Torrington Park London England N12 9TB
RALLYS WORLD LTD,16179471,active,ltd,,,2025-01-13,,2025-01-13,[96020],20 Wenlock Road London England N1 7GU
LANA & FRIENDS LTD,16189133,active,ltd,,,2025-01-16,,2025-01-16,[96040],Flat 14 Royal Oak Court London England N1 6EL
NOUVELLE MANAGEMENT LTD,16196896,active,ltd,,,2025-01-21,,2025-01-21,[73120],20 Wenlock Road London England N1 7GU
MTP1 INVESTMENTS LIMITED,16216314,active,ltd,,,2025-01-29,,2025-01-29,[68100, 68209],Fourth Floor, Chase House London England N14 6JS
J & J WHOLESALE LTD,16191609,active,ltd,,,2025-01-17,,2025-01-17,[47910],124 City Road London England EC1V 2NX
YOUCOMMERCE TECHNOLOGIES LTD,16210493,active,ltd,,,2025-01-27,,2025-01-27,[47910, 62090],3rd Floor 86-90 Paul Street London England EC2A 4NE
PEAKRISE LTD,16191323,active,ltd,,,2025-01-17,,2025-01-17,[47910],124 City Road London United Kingdom EC1V 2NX
VY GLOBAL SOLUTIONS LTD,16163686,active,ltd,,,2025-01-05,,2025-01-05,[70221, 70229, 82110, 82990],124 City Road London England EC1V 2NX
PRYSM LABS LTD,16184180,active,ltd,,,2025-01-14,,2025-01-14,[47910],10 Beaufort Court Admirals Way London England E14 9XL
SPARLIGHT LTD,16205637,active,ltd,,,2025-01-24,,2025-01-24,[68209],141a Stamford Hill London England N16 5LG
NATURE'S GROCER LTD,16182112,active,ltd,,,2025-01-14,,2025-01-14,[47110],500 White Hart Lane London England N17 7NA
BELLTAS INVEST LTD,16170610,active,ltd,,,2025-01-08,,2025-01-08,[41100, 62012, 63120, 68100],29 Haygarth Place London England SW19 5BX
MY LITTLE CASTLE LTD,16166821,active,ltd,,,2025-01-06,,2025-01-06,[85600],Js & Co Accountants Ltd London England E5 9NA
LAZARUS TECHNOLOGIES LIMITED,16220933,active,ltd,,,2025-01-31,,2025-01-31,[62090],27 Old Gloucester Street London England WC1N 3AX
CHELSEA CULINARY CO LIMITED,16191561,active,ltd,,,2025-01-17,,2025-01-17,[56101, 56103],110 Barking Road London England E16 1EN
ARTOPIA LIMITED,16159162,active,ltd,,,2025-01-02,,2025-01-02,[87200],Suite 4 Royce House 630-634 London Road Westcliff-On-Sea England SS0 9HW
INS MINDS LTD,16194265,active,ltd,,,2025-01-20,,2025-01-20,[46420],39-41 North Road Unit 4.25 London England N7 9DP
CANADIES LTD,16201705,active,ltd,,,2025-01-22,,2025-01-22,[46360, 46900, 47240, 47910],3rd Floor, 86-90 Paul Street London United Kingdom EC2A 4NE
EXPRESS WHEELS LTD,16171160,active,ltd,,,2025-01-08,,2025-01-08,[49420],482 Barking Road London England E13 8QB
GRILLEDUPUK LIMITED,16175626,active,ltd,,,2025-01-10,,2025-01-10,[32120],6/7 Hatton Garden London England EC1N 8AD
GTR GLOBAL LTD,16170543,active,ltd,,,2025-01-08,,2025-01-08,[64304],20 Wenlock Road London England N1 7GU
MARITOZZO LTD,16206629,active,ltd,,,2025-01-24,,2025-01-24,[56101, 56102],29 Bute Street London England SW7 3EY
JETTO GROUP LTD,16193104,active,ltd,,,2025-01-19,,2025-01-19,[47910],85 Great Portland Street London England W1W 7LT
GEOVARN LIMITED,16212790,active,ltd,,,2025-01-28,,2025-01-28,[59200, 90010],39 Lilestone Street London England NW8 8SS
HDMS AGENCIES LTD,16198431,active,ltd,,,2025-01-21,,2025-01-21,[46160, 46420, 70229],3rd Floor, 86-90 Paul Street London United Kingdom EC2A 4NE
HICULTURE LTD,16196901,active,ltd,,,2025-01-21,,2025-01-21,[90040],58 Old Compton Street London England W1D 4UF
ALPHA BASE OS LTD,16212608,active,ltd,,,2025-01-28,,2025-01-28,[62012],71-75 Shelton Street London United Kingdom WC2H 9JQ
HTPHILIPPOU HOLDINGS LIMITED,16217764,active,ltd,,,2025-01-29,,2025-01-29,[64209],Fourth Floor Chase House London England N14 6JS
ASAF BECKER LTD,16187239,active,ltd,,,2025-01-15,,2025-01-15,[59113],5 Brook Meadow London England N12 7DB
TRIPLE LUCKY LIMITED,16186591,active,ltd,,,2025-01-15,,2025-01-15,[56101],C/O Xiang And Co, Burrell House London United Kingdom E15 1XH
PERIDIAN LIMITED,16189583,active,ltd,,,2025-01-16,,2025-01-16,[70100, 70229],85 Great Portland Street London England W1W 7LT
TYPE GLOBAL LIMITED,16169829,active,ltd,,,2025-01-08,,2025-01-08,[62012],Wisteria Grange Barn Pikes End London England HA5 2EX
SKYVOLT HORIZONS LTD,16187137,active,ltd,,,2025-01-15,,2025-01-15,[47910],5 Norfolk Place London England W2 1QN
10 HIGH VIEW ROAD FREEHOLD COMPANY LTD,16196044,active,ltd,,,2025-01-20,,2025-01-20,[68209, 98000],10 High View Road London England SE19 3SS
NEOINITIO LTD,16162451,active,ltd,,,2025-01-03,,2025-01-03,[68209],3rd Floor, 86-90 Paul Street London United Kingdom EC2A 4NE
LEVN COLLECTION LTD,16172457,active,ltd,,,2025-01-09,,2025-01-09,[43290, 46420, 47710, 47910],24 Peridot Street London England E6 5LZ
BANYO PROPERTIES LTD,16182903,active,ltd,,,2025-01-14,,2025-01-14,[68100, 68209, 68320],869 High Road London United Kingdom N12 8QA
DYNAMIC WORKS GROUP LTD,16175435,active,ltd,,,2025-01-10,,2025-01-10,[64209],71-75 Shelton Street London England WC2H 9JQ
IMAGINE HEALTH LIMITED,16207181,active,ltd,,,2025-01-24,,2025-01-24,[74909],8 Leake Street London United Kingdom SE1 7NN
STARLIGHT AUTOS LIMITED,16176024,active,ltd,,,2025-01-10,,2025-01-10,[45112],Silverstream House 4th Floor London England W1T 6EB
THE AUDIT CIRCLE LIMITED,16213269,active,ltd,,,2025-01-28,,2025-01-28,[78109],79 Milborough Crescent London England SE12 0RP
ZOLTAN WINDOW CLEANING LTD,16201822,active,ltd,,,2025-01-22,,2025-01-22,[81221],71-75 Shelton Street Covent Garden United Kingdom WC2H 9JQ
MACKIE’S CLEANING SOLUTIONS LTD.,16158761,active,ltd,,,2025-01-02,,2025-01-02,[81210],504 Milford Towers Thomas Lane London England SE6 4SA
FIXDPOINT LTD,16197355,active,ltd,,,2025-01-21,,2025-01-21,[62012, 62020, 70229, 85590],167-169 Great Portland Street , 5th Floor London England W1W 5PF
CLEAR 365 LIMITED,16169584,active,ltd,,,2025-01-07,,2025-01-07,[39000],86-90 Paul Street London England EC2A 4NE
BABYAUGU LTD,16183475,active,ltd,,,2025-01-14,,2025-01-14,[96090],Wn London England SE1 2PL
BERKEDOGRU LTD,16222058,active,ltd,,,2025-01-31,,2025-01-31,[47910],71-75 Shelton Street London United Kingdom WC2H 9JQ
PICCADILLY CAPITAL GROUP LTD,16162912,active,ltd,,,2025-01-03,,2025-01-03,[70210, 73110, 73120],Office 66, 101 Clapham High Street Clapham High Street London England SW4 7TB
PREPARO CONCORSI LTD,16207175,active,ltd,,,2025-01-24,,2025-01-24,[85320, 85590],Wn London England SE1 2PL
FAIRY GLOW LTD,16177259,active,ltd,,,2025-01-10,,2025-01-10,[56101],Commercial Unit 2  Ground Floor London England SW5 9AG
OJK HOLDINGS LIMITED,16170025,active,ltd,,,2025-01-08,,2025-01-08,[64209],First Floor, 14-15 Berners Street London England W1T 3LJ
ZMBH LTD,16209004,active,ltd,,,2025-01-27,,2025-01-27,[82990],Suite 3 Mehmuda House London England E7 9HY
Y&Z ENTERPRISE LIMITED,16210038,active,ltd,,,2025-01-27,,2025-01-27,[47910, 62020, 63120, 78300],57 Hoe Street London England E17 4SA
THE CUB GROUP LTD,16166135,active,ltd,,,2025-01-06,,2025-01-06,[56102],74 Upton Park Road London England E7 8LD
JAMES AND ROSE RETAIL LTD,16166231,active,ltd,,,2025-01-06,,2025-01-06,[47910],3rd Floor, 86-90 Paul Street London United Kingdom EC2A 4NE
GLM CLEANING LTD,16166241,active,ltd,,,2025-01-06,,2025-01-06,[81210, 81222, 81299],128 City Road London United Kingdom EC1V 2NX
CARPROP 1 LTD,16166252,active,ltd,,,2025-01-06,,2025-01-06,[68100, 68209, 68320],427-431 London Road Sheffield United Kingdom S2 4HJ
FEMME SEVERN HEALTH LTD,16166508,active,ltd,,,2025-01-06,,2025-01-06,[86220],71-75 Shelton Street London United Kingdom WC2H 9JQ
LUMA FINANCIAL LIMITED,16166513,active,ltd,,,2025-01-06,,2025-01-06,[70229],20 Wenlock Road London England N1 7GU
LOCUM MENTOR MEDICS LTD,16167422,active,ltd,,,2025-01-07,,2025-01-07,[86210],27 Royston Parade Ilford England IG1 3SS
NEXTGEN REALTY LIMITED,16167392,active,ltd,,,2025-01-07,,2025-01-07,[68209],148 Haldane Road London England E6 3JP
HOMO CONSCIOUS LTD,16168383,active,ltd,,,2025-01-07,,2025-01-07,[47190, 62090, 86900],Harwood House London England SW6 4QP
K-JIRA SERVICES LTD,16169064,active,ltd,,,2025-01-07,,2025-01-07,[74909],56 Pitfold Road London United Kingdom SE12 9HY
BUSBAR HOLDINGS UK LIMITED,16169089,active,ltd,,,2025-01-07,,2025-01-07,[74909],12 Falkland Road London United Kingdom NW5 2PT
SHAH CORPORATE HOLDINGS CO LIMITED,16172936,active,ltd,,,2025-01-09,,2025-01-09,[64209],27 Old Gloucester Street London United Kingdom WC1N 3AX
WHYTE RENOVATIONS LTD,16172945,active,ltd,,,2025-01-09,,2025-01-09,[43220, 43290],124-128 City Road London England EC1V 2NX
EMPIRE STREET 2 TOUR LIMITED,16173050,active,ltd,,,2025-01-09,,2025-01-09,[90030],23 Haymarket London England SW1Y 4DG
REVVU LTD,16173032,active,ltd,,,2025-01-09,,2025-01-09,[62020, 63110, 63120, 63990],Stoney Works London United Kingdom SE19 3BD
THRIVE PAYMENTS CONSULTANCY LTD,16170434,active,ltd,,,2025-01-08,,2025-01-08,[70229],167-169 Great Portland Street London England W1W 5PF
UDDIN ESTATE GROUP LTD,16173220,active,ltd,,,2025-01-09,,2025-01-09,[68100, 68209, 68310, 68320],Flat 23 Crane House London England E3 5QW
CORE RELIEF LTD,16173233,active,ltd,,,2025-01-09,,2025-01-09,[47910],3rd Floor, 86-90 Paul Street London United Kingdom EC2A 4NE
CLARION CARE GROUP LTD,16173282,active,ltd,,,2025-01-09,,2025-01-09,[87900],71-75 Shelton Street London United Kingdom WC2H 9JQ
GETALLKEYS LTD,16173408,active,ltd,,,2025-01-09,,2025-01-09,[96090],71-75 Shelton Street London United Kingdom WC2H 9JQ
H.ALTAY LIMITED,16173398,active,ltd,,,2025-01-09,,2025-01-09,[68100, 68209],239-241 Kennington Lane London United Kingdom SE11 5QU
CRYSTAL REMOVALS LIMITED,16173460,active,ltd,,,2025-01-09,,2025-01-09,[49420],71-75 Shelton Street London United Kingdom WC2H 9JQ
BITMEDIA ADS LTD,16173576,active,ltd,,,2025-01-09,,2025-01-09,[73110, 73200],71-75 Shelton Street London United Kingdom WC2H 9JQ
HEREWARD INVEST LTD,16173581,active,ltd,,,2025-01-09,,2025-01-09,[68100],13 Denver Road London England N16 5JL
ON THE EDGE - CARPET BINDING LTD,16173629,active,ltd,,,2025-01-09,,2025-01-09,[13939],Unit 12 Dalmeyer Road London England NW10 2XA
TINY DWELLINGS LTD,16173698,active,ltd,,,2025-01-09,,2025-01-09,[68209],2nd Floor College House Ruislip, United Kingdom HA4 7AE
PASSION PRODUCTION BY MIA MAY LTD,16173671,active,ltd,,,2025-01-09,,2025-01-09,[82990],20 Wenlock Road London England N1 7GU
LYNQSPHERE LTD,16173760,active,ltd,,,2025-01-09,,2025-01-09,[46110, 46190, 46450, 46690],Office 11271 182-184 High Street North East Ham London United Kingdom E6 2JA
KAIZEN SOURCING LTD,16173768,active,ltd,,,2025-01-09,,2025-01-09,[96090],128 City Road London United Kingdom EC1V 2NX
SYCAMORE MORTGAGE SOLUTIONS LTD,16173787,active,ltd,,,2025-01-09,,2025-01-09,[66190],128 City Road London United Kingdom EC1V 2NX
MCB PROPERTIES AND ASSETS LIMITED,16173792,active,ltd,,,2025-01-09,,2025-01-09,[43999, 68100, 68209, 68320],112 Philip Lane London England N15 4JL
FIRETHORN LIMITED,16173838,active,ltd,,,2025-01-09,,2025-01-09,[99999],6 Danbrook Road London England SW16 5JX
MEMORY TOOLS LTD,16173872,active,ltd,,,2025-01-09,,2025-01-09,[86900],Flat 6, Greenacres London United Kingdom N3 3SF
TAMWORTH GROUP LIMITED,16165010,active,ltd,,,2025-01-06,,2025-01-06,[71129],Solar House London England N14 6NZ
MAPLE & TWINE (LONDON) LTD,16165082,active,ltd,,,2025-01-06,,2025-01-06,[31090],20 Wenlock Road London England N1 7GU
RKG HEALTHCARE LIMITED,16165563,active,ltd,,,2025-01-06,,2025-01-06,[86101],71-75 Shelton Street London United Kingdom WC2H 9JQ
NUMIND LAB LTD,16165595,active,ltd,,,2025-01-06,,2025-01-06,[62020, 70229],128 City Road London United Kingdom EC1V 2NX
LIEBENSPIEL LTD,16166280,active,ltd,,,2025-01-06,,2025-01-06,[90010],124-128 City Road London England EC1V 2NX
BLOCKBUCKS LTD,16166486,active,ltd,,,2025-01-06,,2025-01-06,[62090],71-75 Shelton Street London United Kingdom WC2H 9JQ
SALIHA LUXE LTD,16166744,active,ltd,,,2025-01-06,,2025-01-06,[47910],86-90 Paul Street London England EC2A 4NE
STUDIO SARAH FOX LTD,16166733,active,ltd,,,2025-01-06,,2025-01-06,[73110],Flat 32 Heron Court  14 Big Hill London United Kingdom E5 9HH
NEASDEN BARBER LTD,16166892,active,ltd,,,2025-01-06,,2025-01-06,[96020],288 Neasden Lane London England NW10 0AD
LIVERPOOL FURNITURE MARKET LTD,16167322,active,ltd,,,2025-01-07,,2025-01-07,[47599],73a London Road Liverpool United Kingdom L3 8HY
MOPANDA IT LTD,16167319,active,ltd,,,2025-01-07,,2025-01-07,[61200, 61900, 62012, 63110],255-259 2nd Floor (West Wing) London England E1 2BT
MYRA AND ROMM LIMITED,16167492,active,ltd,,,2025-01-07,,2025-01-07,[10821, 46360, 46370, 82990],508 Edgware Road London United Kingdom W2 1EJ
ROOTS AND CURLS LTD,16167949,active,ltd,,,2025-01-07,,2025-01-07,[96020],Unit 2 237 Neasden Lane London England NW10 1QG
RIAL TRAVEL LIMITED,16167944,active,ltd,,,2025-01-07,,2025-01-07,[68209],C/O Getground London England W6 0NB
SIDE SIX LTD,16168038,active,ltd,,,2025-01-07,,2025-01-07,[62012],Apartment 606 1 Espalier Gardens London England NW6 2DQ
AMFRH SYSTEMS LTD,16168045,active,ltd,,,2025-01-07,,2025-01-07,[62090],20 Wenlock Road London England N1 7GU
PPK PROPERTY INVESTMENTS LIMITED,16168173,active,ltd,,,2025-01-07,,2025-01-07,[68209],255 Green Lanes London England N13 4XE
NEW WAVE MEDIA MANAGEMENT LTD,16168314,active,ltd,,,2025-01-07,,2025-01-07,[59200, 70229, 90020],124 City  Road London United Kingdom EC1V 2NX
FULLHOUSE GAMING PARTNERS LIMITED,16168676,active,ltd,,,2025-01-07,,2025-01-07,[70229],71-75 Shelton Street London United Kingdom WC2H 9JQ
TGH TOTTENHAM LTD,16168891,active,ltd,,,2025-01-07,,2025-01-07,[56103],Unit 5 1 Holcombe Road London England N17 9AA
TELLERS PARTNERS LTD,16169129,active,ltd,,,2025-01-07,,2025-01-07,[70229],Flat 84 Co Operative House London United Kingdom SE15 4UR
QUZEY LTD,16169352,active,ltd,,,2025-01-07,,2025-01-07,[68100, 68209, 70229, 85590],C/O Bmd Fox Court London England WC1X 8HN
ELIOT HENRI MORRIS LTD,16169608,active,ltd,,,2025-01-07,,2025-01-07,[82990],37b Clifton Road London England N8 8JA
MINDFUL STAFFING SOLUTIONS LIMITED,16165759,active,ltd,,,2025-01-06,,2025-01-06,[78109, 78200],19-21 Great Tower Street London England EC3R 5AR
AIS TRADING LTD,16165811,active,ltd,,,2025-01-06,,2025-01-06,[47910],3rd Floor, 86-90 Paul Street London United Kingdom EC2A 4NE
CJ FILMWORKS LTD,16165893,active,ltd,,,2025-01-06,,2025-01-06,[43290],3rd Floor, 86-90 Paul Street London England EC2A 4NE
PHARMINTECHS GROUP LIMITED,16165896,active,ltd,,,2025-01-06,,2025-01-06,[32990],124-128 City Road London England EC1V 2NX
NITHSDALE CONSULTING SERVICES LTD,16165905,active,ltd,,,2025-01-06,,2025-01-06,[62012, 62020],3rd Floor, 86-90 Paul Street London England EC2A 4NE
CHRISMUS LIMITED,16166116,active,ltd,,,2025-01-06,,2025-01-06,[86900],Flat 15 Kinsey House London United Kingdom SE21 8PH
THE ILLUMINATE ALCHEMY LIMITED,16167060,active,ltd,,,2025-01-06,,2025-01-06,[70229],12 Lavington Road London England W13 9NW
CHEERS BABY CO LTD,16167053,active,ltd,,,2025-01-06,,2025-01-06,[47910],86-90 Paul Street London England EC2A 4NE
HEAD AND PLATTER LIMITED,16167573,active,ltd,,,2025-01-07,,2025-01-07,[10390, 47110, 47910, 56101],128 City Road London United Kingdom EC1V 2NX
VRYBANT LTD,16167583,active,ltd,,,2025-01-07,,2025-01-07,[58290, 62020],71-75 Shelton Street London United Kingdom WC2H 9JQ
OAKBRIDGE TALENT LTD,16167581,active,ltd,,,2025-01-07,,2025-01-07,[70229, 82990],71-75 Shelton Street London United Kingdom WC2H 9JQ
NATURE’S PALETTE LTD,16167578,active,ltd,,,2025-01-07,,2025-01-07,[46220, 47760, 47990],3rd Floor, 86-90 Paul Street London England EC2A 4NE
SKINS BY S LTD,16167832,active,ltd,,,2025-01-07,,2025-01-07,[96020],20 Wenlock Road London England N1 7GU
GLOSSOM LTD,16167794,active,ltd,,,2025-01-07,,2025-01-07,[47750],71-75 Shelton Street London United Kingdom WC2H 9JQ
SOCIALISH LIMITED,16168077,active,ltd,,,2025-01-07,,2025-01-07,[73110],4 West Apartments, London United Kingdom N15 4GD
TCC RIGGING LTD,16168805,active,ltd,,,2025-01-07,,2025-01-07,[43290, 43991],35 Grafton Way London England W1T 5DB
EMPIRE DATING APPS LIMITED,16168791,active,ltd,,,2025-01-07,,2025-01-07,[62012],128 City Road London United Kingdom EC1V 2NX
MM01 RIGGING LTD,16169032,active,ltd,,,2025-01-07,,2025-01-07,[43390],71-75 Shelton Street London United Kingdom WC2H 9JQ
QTI BEAUTY LTD,16169025,active,ltd,,,2025-01-07,,2025-01-07,[96020],333a-333b West End Lane London United Kingdom NW6 1RS
MAYS EVENTS AND HIRE LIMITED,16169376,active,ltd,,,2025-01-07,,2025-01-07,[56210, 82990],167 - 169 Great Portland Street London England W1W 5PF
CTEC GROUP LTD,16172881,active,ltd,,,2025-01-09,,2025-01-09,[27900, 33140, 43210],20 Wenlock Road London England N1 7GU
LOOKOUT POINT (JANUARY) LIMITED,16172882,active,ltd,,,2025-01-09,,2025-01-09,[59113],Hammer House London United Kingdom W1F 0UN
SHAREUP LIMITED,16172852,active,ltd,,,2025-01-09,,2025-01-09,[64991, 82990, 94990],254 Romford Road London England E7 9HZ
THELOTCOLLECTIVE LTD,16172984,active,ltd,,,2025-01-09,,2025-01-09,[73110],3rd Floor, 86-90 Paul Street London United Kingdom EC2A 4NE
RAKU MATCHA LTD,16173123,active,ltd,,,2025-01-09,,2025-01-09,[47910],65 Laburnum Street London England E2 8BD
LITTLE PIGGY INVESTMENTS LIMITED,16173122,active,ltd,,,2025-01-09,,2025-01-09,[68209],147 Station Road North Chingford London United Kingdom E4 6AG
DR ALBA WOMEN'S HEALTH LTD,16173097,active,ltd,,,2025-01-09,,2025-01-09,[86900],30 Parfrey Street London England W6 9EN
BUSINESS SOLUTIONS FOR MARKETING AND E-COMMERCE LTD,16173183,active,ltd,,,2025-01-09,,2025-01-09,[47110, 47190, 47990, 85590],167-169 Great Portland Street London England W1W 5PF
WHAT ABOUT AN ENTITY LIMITED,16173196,active,ltd,,,2025-01-09,,2025-01-09,[32120, 32130, 46480, 47770],311 Regents Park Road London United Kingdom N3 1DP
AURA GROUP INTERNATIONAL LTD,16173353,active,ltd,,,2025-01-09,,2025-01-09,[46190],45 Albemarle Street London England W1S 4JL
BEARSTAR LTD,16173342,active,ltd,,,2025-01-09,,2025-01-09,[32401, 58210],167-169 Great Portland Street London England W1W 5PF
REEF RETAIL LTD,16173378,active,ltd,,,2025-01-09,,2025-01-09,[47990],3rd Floor, 86-90 Paul Street London England EC2A 4NE
VICTORY ENTERPRISES LTD,16173424,active,ltd,,,2025-01-09,,2025-01-09,[68209, 68320],45 Circus Road London United Kingdom NW8 9JH
DAMP DETECTORS LTD,16173489,active,ltd,,,2025-01-09,,2025-01-09,[43999],23a The Precinct Waterlooville United Kingdom PO7 7DT
REALMUK LIMITED,16173507,active,ltd,,,2025-01-09,,2025-01-09,[62012],Devonshire House London England W1J 8AJ
ARUP DIGITAL PRODUCTS (UK) LIMITED,16173562,active,ltd,,,2025-01-09,,2025-01-09,[70229],8 Fitzroy Street London United Kingdom W1T 4BJ
SERENITY GARDEN DESIGN & BUILD LTD,16173543,active,ltd,,,2025-01-09,,2025-01-09,[81300],2nd Floor College House Ruislip, United Kingdom HA4 7AE
PREMAR HOLDINGS LIMITED,16165962,active,ltd,,,2025-01-06,,2025-01-06,[64209, 82990],C/O Goldwyns London Llp London United Kingdom EC3V 3DG
IQBAL ACCOUNTING LTD,16173617,active,ltd,,,2025-01-09,,2025-01-09,[64205],23a London Road Peterborough England PE2 8AN
MOONFRUIT LTD,16173699,active,ltd,,,2025-01-09,,2025-01-09,[47910],71-75 Shelton Street London United Kingdom WC2H 9JQ
ESMAEILI INTERNATIONAL GROUP LTD,16173729,active,ltd,,,2025-01-09,,2025-01-09,[47190, 47890, 47910, 47990],2 Frederick Street London United Kingdom WC1X 0ND
THE TALKING SERVICE LTD,16173714,active,ltd,,,2025-01-09,,2025-01-09,[85590, 86900],85 Great Portland Street London England W1W 7LT
POP SCALE UP LTD,16173833,active,ltd,,,2025-01-09,,2025-01-09,[70229],128 City Road London United Kingdom EC1V 2NX
PIXEL BOX LIMITED,16173830,active,ltd,,,2025-01-09,,2025-01-09,[58210, 62011, 85590],30 Morrish Road London England SW2 4EH
FAIRGREEN DEVELOPMENT TP1 LIMITED,16186006,active,ltd,,,2025-01-15,,2025-01-15,[64209],35 Ballards Lane London United Kingdom N3 1XW
VICTORIA MARINE LTD,16186355,active,ltd,,,2025-01-15,,2025-01-15,[99999],72 Princess Court London United Kingdom W2 4RE
KIVANA LTD,16186606,active,ltd,,,2025-01-15,,2025-01-15,[47910],124 City  Road London United Kingdom EC1V 2NX
ZASHM LTD,16186587,active,ltd,,,2025-01-15,,2025-01-15,[47820, 47910],45 Abbott Road London England E14 0NA
VK PROPERTY LETTING LIMITED,16186724,active,ltd,,,2025-01-15,,2025-01-15,[68100],1 Wyndham Yard London England W1H 2QF
U DESIGNS LTD,16186732,active,ltd,,,2025-01-15,,2025-01-15,[71111, 71112, 74100],71-75 Shelton Street London United Kingdom WC2H 9JQ
JIJ EUROPE LTD,16186994,active,ltd,,,2025-01-15,,2025-01-15,[62020, 71129, 72190],71-75 Shelton Street London United Kingdom WC2H 9JQ
8K MEDIA VISION LTD,16186993,active,ltd,,,2025-01-15,,2025-01-15,[59111, 59112, 77390, 82301],27 Old Gloucester Street London United Kingdom WC1N 3AX
COUNTY HALL ANIMATION STUDIO ENTERPRISE LIMITED,16187021,active,ltd,,,2025-01-15,,2025-01-15,[59111],Riverside Building County Hall London England SE1 7PB
COSMOTALES LTD,16187003,active,ltd,,,2025-01-15,,2025-01-15,[47610],124 City Road London United Kingdom EC1V 2NX
ALR PARTNERS LIMITED,16187212,active,ltd,,,2025-01-15,,2025-01-15,[68100, 68209],Dns House Harrow United Kingdom HA3 8DP
4 G’S CONCEPTS LTD,16187264,active,ltd,,,2025-01-15,,2025-01-15,[43390],30 Suffolk Street London England E7 0HF
PURELY PICKS LIMITED,16187272,active,ltd,,,2025-01-15,,2025-01-15,[47190],86-90 Paul Street London England EC2A 4NE
CLAIR SINCLAIR PROPERTY MANAGEMENT LTD,16187266,active,ltd,,,2025-01-15,,2025-01-15,[68209],Flat 8 Florence Court London England NW10 4BH
UNIVERSE WELLNESS LTD,16187774,active,ltd,,,2025-01-16,,2025-01-16,[96090],71-75 Shelton Street London United Kingdom WC2H 9JQ
FS MARKETING BUSINESS LTD,16187792,active,ltd,,,2025-01-16,,2025-01-16,[70229, 73110],Dept 5394, 196 High Road London United Kingdom N22 8HH
MJ CONTRACT SERVICES LTD,16188053,active,ltd,,,2025-01-16,,2025-01-16,[42110, 42990],3rd Floor, 86-90 Paul Street London England EC2A 4NE
BND PROPERTY SOLUTIONS LTD,16188199,active,ltd,,,2025-01-16,,2025-01-16,[68209],71-75 Shelton Street London United Kingdom WC2H 9JQ
NICOLO BATTISTI LTD,16188337,active,ltd,,,2025-01-16,,2025-01-16,[86220],Unit 2 Care Of Italian Accountants Limited London United Kingdom N2 9DF
BE TRUE CREATIVE LTD,16188348,active,ltd,,,2025-01-16,,2025-01-16,[74100],71-75 Shelton Street London United Kingdom WC2H 9JQ
PHL CAMBORNE LIMITED,16188351,active,ltd,,,2025-01-16,,2025-01-16,[41100],C/O Goldwyns London Llp London United Kingdom EC3V 3DG
RAVERS NETBALL LIMITED,16188554,active,ltd,,,2025-01-16,,2025-01-16,[93120],85 Great Portland Street, First Floor London United Kingdom W1W 7LT
HV CONSULTING LIMITED,16188743,active,ltd,,,2025-01-16,,2025-01-16,[71122],33 Tuscan Road London England SE18 1SY
BJP FILMS LTD,16185424,active,ltd,,,2025-01-15,,2025-01-15,[59111, 59113, 59120],Flat 3 95 Graham Rd London United Kingdom E8 1PB
GYM SWEETS LIMITED,16182675,active,ltd,,,2025-01-14,,2025-01-14,[47290],Klaco House Third Floor, 28 London England EC1M 4DN
SCM GROUP HOLDINGS LIMITED,16185795,active,ltd,,,2025-01-15,,2025-01-15,[64209],6th Floor Capital Tower London United Kingdom SE1 8RT
DAHLIA CLOSE LIMITED,16185876,active,ltd,,,2025-01-15,,2025-01-15,[68100, 68209],12 Tent Street London England E1 5DB
KANARYA68 LIMITED,16186050,active,ltd,,,2025-01-15,,2025-01-15,[56102, 56103],Demsa Accounts London England N8 0RL
LENNON FOODS LTD,16186273,active,ltd,,,2025-01-15,,2025-01-15,[46390],21 Brunswick House Parr's Way London England W6 9LH
PLATINIUMCONSTRUCTION25 LIMITED,16186320,active,ltd,,,2025-01-15,,2025-01-15,[43999],3rd Floor, 86-90 Paul Street London United Kingdom EC2A 4NE
TALK 2 COMMUNICATIONS LTD,16186306,active,ltd,,,2025-01-15,,2025-01-15,[61100, 61200, 61300, 61900],128 City Road London United Kingdom EC1V 2NX
SOUL ARCHIVE LIMITED,16186654,active,ltd,,,2025-01-15,,2025-01-15,[62020],71-75 Shelton Street London United Kingdom WC2H 9JQ
TEJIL LIMITED,16187100,active,ltd,,,2025-01-15,,2025-01-15,[68100],C/O Chamberlains Uk Llp London United Kingdom W1T 6QR
FLORENTUM ADVISORS LIMITED,16187102,active,ltd,,,2025-01-15,,2025-01-15,[70229],167 - 169 Great Portland Street London England W1W 5PF
PLOUGHPLAN COMMERCIAL LTD,16187373,active,ltd,,,2025-01-15,,2025-01-15,[68100, 68209],17 Scoble Place London England N16 7TS
GREEN BREAD LIMITED,16187432,active,ltd,,,2025-01-15,,2025-01-15,[56101],4 Turnham Green Terrace London England W4 1QP
FOCAL EDGE STUDIOS LTD,16187587,active,ltd,,,2025-01-16,,2025-01-16,[59112],Flat 6, N Block London United Kingdom W10 5JT
HARRIS ASSOCIATES REAL ESTATE LTD,16187590,active,ltd,,,2025-01-16,,2025-01-16,[41100],86 Brook Street London United Kingdom W1K 5AY
NHK EMPIRE LTD,16187836,active,ltd,,,2025-01-16,,2025-01-16,[47910],275 New N Rd 3177 London United Kingdom N1 7AA
BEKUBED LTD,16187823,active,ltd,,,2025-01-16,,2025-01-16,[62012],71-75 Shelton Street London United Kingdom WC2H 9JQ
ROSE ADVANCED TRADING COMPANY LIMITED,16188026,active,ltd,,,2025-01-16,,2025-01-16,[99999],41 Devonshire Street Ground Floor Office 1 London United Kingdom W1G 7AJ
NICKY ELLISON CONSULTING LIMITED,16188232,active,ltd,,,2025-01-16,,2025-01-16,[63910],115 Hampstead Road London England NW1 3EE
DMV CONSTRUCTION SOLUTIONS LTD,16188243,active,ltd,,,2025-01-16,,2025-01-16,[43999],467 High Road Leytonstone London England E11 4JU
SENSIGENCE LIMITED,16186031,active,ltd,,,2025-01-15,,2025-01-15,[70229, 74100],1st Floor 8-12 London Street Southport United Kingdom PR9 0UE
NORDIC ATS LTD,16188319,active,ltd,,,2025-01-16,,2025-01-16,[62012],20 Wenlock Road London England N1 7GU
ECOTEC PROPERTY INVESTMENT LTD,16188534,active,ltd,,,2025-01-16,,2025-01-16,[68100, 68209],80b Mornington Road London United Kingdom E4 7DT
NEXTGEN EMBEDDED SOLUTIONS LTD,16188523,active,ltd,,,2025-01-16,,2025-01-16,[74909],3rd Floor, 86-90 Paul Street London United Kingdom EC2A 4NE
MAESTRO.997 LTD,16188623,active,ltd,,,2025-01-16,,2025-01-16,[64204],20 Wenlock Road London England N1 7GU
STAR BRIDGE INNOVATIONS LTD,16188609,active,ltd,,,2025-01-16,,2025-01-16,[58290, 63110, 63120, 63990],71-75 Shelton Street London United Kingdom WC2H 9JQ
CYBER CRISPS LIMITED,16188882,active,ltd,,,2025-01-16,,2025-01-16,[62020],3rd Floor, 86-90 Paul Street London United Kingdom EC2A 4NE
VELVET STRANDS LIMITED,16188872,active,ltd,,,2025-01-16,,2025-01-16,[96020],128 City Road London United Kingdom EC1V 2NX
YOUR SIGNATURE PROPERTY LTD,16186203,active,ltd,,,2025-01-15,,2025-01-15,[68100, 68209, 68320],71-75 Shelton Street London United Kingdom WC2H 9JQ
REGAL ASSET MANAGEMENT LTD,16186181,active,ltd,,,2025-01-15,,2025-01-15,[68320],4-5 Coleridge Gardens London United Kingdom NW6 3QH
ZENUBIA WELLNESS LTD,16186406,active,ltd,,,2025-01-15,,2025-01-15,[96020],36 Lavender Hill London England SW11 5RL
LUXE GRAND HOTEL APARTMENTS LIMITED,16186540,active,ltd,,,2025-01-15,,2025-01-15,[55100, 79909],115 London Road Morden England SM4 5HP
CURRY 2000 LTD,16186966,active,ltd,,,2025-01-15,,2025-01-15,[56102],357 Bethnal Green Road London England E2 6LG
BINIX LTD,16186967,active,ltd,,,2025-01-15,,2025-01-15,[62012, 62090, 63120],71-75 Shelton Street London United Kingdom WC2H 9JQ
CHINA WOK LONDON LTD,16186991,active,ltd,,,2025-01-15,,2025-01-15,[56103],Suite S7 Rays House London England NW10 7XP
NICS YARD LTD,16186984,active,ltd,,,2025-01-15,,2025-01-15,[56103, 56210],23a Glengarry Road London England SE22 8PZ
GTV LOGISTICS 25 LIMITED,16187067,active,ltd,,,2025-01-15,,2025-01-15,[49410],8 Lennox Road London England E17 8NT
CVCO LIMITED,16187078,active,ltd,,,2025-01-15,,2025-01-15,[62020],85 Great Portland Street London United Kingdom W1W 7LT
SURGIMED HEALTH SOLUTIONS LTD,16187227,active,ltd,,,2025-01-15,,2025-01-15,[86101],298 A Bath Road London United Kingdom TW4 7DN
PALLET PRO LOGISTICS LTD,16187397,active,ltd,,,2025-01-15,,2025-01-15,[52290],15 Montpelier Vale London England SE3 0TA
API AVI EXPRESS LTD,16187447,active,ltd,,,2025-01-15,,2025-01-15,[47110],228 Woodhouse Road London England N12 0RS
KNIGHTS LAUNDRY LTD,16187628,active,ltd,,,2025-01-16,,2025-01-16,[96010],32 Woodstock Grove London England W12 8LE
WILD IDEA STUDIO LTD,16187738,active,ltd,,,2025-01-16,,2025-01-16,[59112, 90030],Flat D London England N6 4QS
DENIZ BESNI LTD,16187740,active,ltd,,,2025-01-16,,2025-01-16,[56102, 56103],60 Mill Mead Business Centre London United Kingdom N17 9QU
LAMBKINS AIRSPACE LTD,16187734,active,ltd,,,2025-01-16,,2025-01-16,[41202],Olivers London England E4 7QU
STANDEN BOLNEY PROPERTY LIMITED,16187959,active,ltd,,,2025-01-16,,2025-01-16,[68100, 68209],92 Girdwood Road London England SW18 5QT
ESIROV LOGISTICS LIMITED,16188405,active,ltd,,,2025-01-16,,2025-01-16,[49410],8 Lennox Road London England E17 8NT
MAYVESTMENTS LIMITED,16188396,active,ltd,,,2025-01-16,,2025-01-16,[68100, 68209],71-75 Shelton Street London United Kingdom WC2H 9JQ
OTTO BROWN LTD,16188400,active,ltd,,,2025-01-16,,2025-01-16,[71122, 73120],2nd Floor College House Ruislip, United Kingdom HA4 7AE
NOVITIATE CONSULTING LTD,16188381,active,ltd,,,2025-01-16,,2025-01-16,[62012],Flat 1a, St. Marys Mansions London United Kingdom W2 1SQ
KHALID HANIF LTD,16188364,active,ltd,,,2025-01-16,,2025-01-16,[47910, 47990],71-75 Shelton Street London United Kingdom WC2H 9JQ
PISCES & PISCES LIMITED,16188570,active,ltd,,,2025-01-16,,2025-01-16,[96020],Monomark House London England WC1N 3AX
HARPREET HOLDINGS LIMITED,16188694,active,ltd,,,2025-01-16,,2025-01-16,[68209],472a Larkshall Road London United Kingdom E4 9HH
THE WRITING ASPIRERS LIMITED,16188693,active,ltd,,,2025-01-16,,2025-01-16,[90020],25 Rafford Way London United Kingdom BR1 3EN
BASIT PROPERTIES LTD,16188717,active,ltd,,,2025-01-16,,2025-01-16,[68209],Flat 29 Derwent House London England E3 4PU
KONA SOLUTIONS LIMITED,16188848,active,ltd,,,2025-01-16,,2025-01-16,[62090],Suite G04 1 Quality Court, Chancery Lane London England WC2A 1HR
MERCHANT LAWTECH LTD,16188842,active,ltd,,,2025-01-16,,2025-01-16,[64209],Flat 73 Galaxy Building 5 Crews Street London England E14 3SP
JV SERVICES LIMITED,16184566,active,ltd,,,2025-01-15,,2025-01-15,[96090],20 Wenlock Road London England N1 7GU
BIG BITE GROUP LTD,16184578,active,ltd,,,2025-01-15,,2025-01-15,[56103],297b Romford Road London United Kingdom E7 9HA
GOLF POLAND LTD,16184784,active,ltd,,,2025-01-15,,2025-01-15,[79120],5 Brayford Square London United Kingdom E1 0SG
A.S STEEL LIMITED,16184798,active,ltd,,,2025-01-15,,2025-01-15,[43999],18 Popham Court London United Kingdom N11 1FR
BATSFORD INTERIORS LIMITED,16184887,active,ltd,,,2025-01-15,,2025-01-15,[47791, 71112, 74100, 95240],470a Green Lanes London England N13 5PA
THE XPECTED GOALS LIMITED,16184908,active,ltd,,,2025-01-15,,2025-01-15,[93199],10 Lordship Park London England N16 5UD
RLO TANKERS LTD,16184905,active,ltd,,,2025-01-15,,2025-01-15,[50200],42-44 Great Titchfield Street London England W1W 7PY
PHARMACY NEAR ME LTD,16185106,active,ltd,,,2025-01-15,,2025-01-15,[86210, 96090],9 Brighton Terrace London United Kingdom SW9 8DJ
APEX DIGITAL MARKETING LTD,16185261,active,ltd,,,2025-01-15,,2025-01-15,[73120],128 City Road London United Kingdom EC1V 2NX
AGAFAY ENGINEERING LIMITED,16185493,active,ltd,,,2025-01-15,,2025-01-15,[71122],71-75 Shelton Street London United Kingdom WC2H 9JQ
CULTURE DYNAMICS LTD,16185490,active,ltd,,,2025-01-15,,2025-01-15,[70229],71-75 Shelton Street London United Kingdom WC2H 9JQ
DF00TECH LTD,16185504,active,ltd,,,2025-01-15,,2025-01-15,[47910],71-75 Shelton Street London United Kingdom WC2H 9JQ
INTOBLAZE LTD,16185553,active,ltd,,,2025-01-15,,2025-01-15,[62020],C/O The Accountancy Partnership Suite 5, 5th Floor, City Reach London United Kingdom E14 9NN
BUA LIFESTYLE LTD,16185535,active,ltd,,,2025-01-15,,2025-01-15,[85510],Flat 3 447 Edgware Road London England W2 1TH
ASI VEHICLE SOLUTIONS LTD,16185533,active,ltd,,,2025-01-15,,2025-01-15,[45112, 45200, 49410],3rd Floor, 86-90 Paul Street London United Kingdom EC2A 4NE
NOEL-MORGAN HOME LIMITED,16185662,active,ltd,,,2025-01-15,,2025-01-15,[68100],Flat 32 Tonbridge House London England WC1H 9PB
CLUARAN CAPITAL LIMITED,16185671,active,ltd,,,2025-01-15,,2025-01-15,[66300],63 Oakmead Road London England SW12 9SH
ASSURED LABOUR LTD,16185741,active,ltd,,,2025-01-15,,2025-01-15,[78109, 78200],O M G Chartered Certified Accountants, London United Kingdom E18 1AN
IYHR LTD,16186149,active,ltd,,,2025-01-15,,2025-01-15,[47910],Flat 38, Edinburgh Court London United Kingdom SW20 9NF
APB FOREVER LTD,16186147,active,ltd,,,2025-01-15,,2025-01-15,[13990],3rd Floor, 86-90 Paul Street London United Kingdom EC2A 4NE
CLIMASEL LTD,16186169,active,ltd,,,2025-01-15,,2025-01-15,[71129, 72190],71-75 Shelton Street London United Kingdom WC2H 9JQ
MANCHESTER BEER BIKE LTD,16186494,active,ltd,,,2025-01-15,,2025-01-15,[49390],128 City Road London United Kingdom EC1V 2NX
GARMAN ROAD LTD,16186844,active,ltd,,,2025-01-15,,2025-01-15,[68209],162 Osbaldeston Road London England N16 6NJ
KNIGHTS GARDENS LTD,16186879,active,ltd,,,2025-01-15,,2025-01-15,[81300],54 Springfield Avenue London United Kingdom N10 3SY
HANGER PARK LTD,16186852,active,ltd,,,2025-01-15,,2025-01-15,[68100],5 North End Road London England NW11 7RJ
AMOTORING LTD,16187420,active,ltd,,,2025-01-15,,2025-01-15,[85530],17 Plumbers Row London United Kingdom E1 1EQ
GUNTER GLOBAL UK LTD,16188819,active,ltd,,,2025-01-16,,2025-01-16,[26400, 46439, 47540, 52290],45 Albemarle Street, 3rd Floor London England W1S 4JL
1001VIVERE LTD,16188812,active,ltd,,,2025-01-16,,2025-01-16,[68209],C/O Getground London England W6 0NB
FPL (MOTE) LENDCO LTD,16188813,active,ltd,,,2025-01-16,,2025-01-16,[82990],First Floor Winston House London United Kingdom N3 1DH
STUDIO MK PLUS LTD,16188832,active,ltd,,,2025-01-16,,2025-01-16,[71111, 74100],29 Kensington Square London England W8 5HH
ZED VENTURES LIMITED,16184589,active,ltd,,,2025-01-15,,2025-01-15,[64303],105 London Road Luton United Kingdom LU1 3RG
TANGO PRODUCTIONS LTD,16184606,active,ltd,,,2025-01-15,,2025-01-15,[93290],C/O Auria London United Kingdom W1B 5AW
ALTO FINANCIAL TECHNOLOGIES LTD,16184759,active,ltd,,,2025-01-15,,2025-01-15,[64205],20 Wenlock Road London England N1 7GU
DSZ SERVICES LIMITED,16184750,active,ltd,,,2025-01-15,,2025-01-15,[70229],Space House Space Business Park London England NW10 7SU
CHRIS & GEORGE LTD,16184717,active,ltd,,,2025-01-15,,2025-01-15,[46330, 82990],Flat 2 Opal Court  18- 24 Chase Side London England N14 5PA
ADA STORE LIMITED,16184736,active,ltd,,,2025-01-15,,2025-01-15,[47910],594 Chiswick High Road London England W4 5RP
FITTWISE CONTRACTORS LTD,16184861,active,ltd,,,2025-01-15,,2025-01-15,[41202],9 Ranelagh Road London England N17 6XY
E-RIDE LONDON LTD,16184864,active,ltd,,,2025-01-15,,2025-01-15,[45320],36 High Street Hounslow London United Kingdom TW3 1NW
THE CHAI STATION LONDON LTD,16184876,active,ltd,,,2025-01-15,,2025-01-15,[56102],135 George Lane London England E18 1AN
HOOR COLLECTIONS LTD,16185000,active,ltd,,,2025-01-15,,2025-01-15,[47770, 47820],15 Langdon Road London England E6 2QB
PEDREGAL LIMITED,16184995,active,ltd,,,2025-01-15,,2025-01-15,[68209],71-75 Shelton Street London United Kingdom WC2H 9JQ
SURELINK ESTATES SUB LTD,16185171,active,ltd,,,2025-01-15,,2025-01-15,[68209],C/O 24a Lingwood Road London United Kingdom E5 9BN
THE JOY OF CAKE LTD,16185188,active,ltd,,,2025-01-15,,2025-01-15,[46360, 47240],20 Wenlock Road London England N1 7GU
BOVI TECH LTD,16185276,active,ltd,,,2025-01-15,,2025-01-15,[62012],20 Wenlock Road London England N1 7GU
PATTU BY AADHIRA LTD,16185281,active,ltd,,,2025-01-15,,2025-01-15,[47820],483 Green Lanes London England N13 4BS
RIGHTPATH ESTATES SUB LTD,16185400,active,ltd,,,2025-01-15,,2025-01-15,[68209],C/O 24a Lingwood Road London United Kingdom E5 9BN
UNIQUE DANCE-FIT COMPANY LTD.,16185612,active,ltd,,,2025-01-15,,2025-01-15,[82301, 85510, 90010, 93199],128 City Road London United Kingdom EC1V 2NX
LJD INVESTMENT GROUP LIMITED,16185823,active,ltd,,,2025-01-15,,2025-01-15,[41100],18 Conduit Street London England W1S 2XN
GEEO MANAGEMENT LIMITED,16185994,active,ltd,,,2025-01-15,,2025-01-15,[68310, 68320],85 Buckingham Gate London England SW1E 6PD
EROS MASSAGE LTD,16186255,active,ltd,,,2025-01-15,,2025-01-15,[96040],71-75 Shelton Street London United Kingdom WC2H 9JQ
DS UK LAND LIMITED,16186450,active,ltd,,,2025-01-15,,2025-01-15,[68100, 68320],15 Park Parade London England NW10 4JH
THE REAL HEALING COMPANY LTD,16186616,active,ltd,,,2025-01-15,,2025-01-15,[10110, 47750, 47890, 47910],128 City Road London United Kingdom EC1V 2NX
PR BUSINESS CONSULTING LTD,16186628,active,ltd,,,2025-01-15,,2025-01-15,[70221],85 Great Portland Street, First Floor London England W1W 7LT
JY FINANCE CO. LIMITED,16186637,active,ltd,,,2025-01-15,,2025-01-15,[69201],71-75 Shelton Street London United Kingdom WC2H 9JQ
KA SPORTS LAW LIMITED,16186791,active,ltd,,,2025-01-15,,2025-01-15,[70229],3rd Floor Paternoster House London United Kingdom EC4M 8AB
MEDIA FREAK POD LTD,16187039,active,ltd,,,2025-01-15,,2025-01-15,[59200],53 Palmerston Road London England E17 6PR
LTO ESTATE AGENT LTD,16187448,active,ltd,,,2025-01-15,,2025-01-15,[68310],115 Reidhaven Road London England SE18 1BX
ROCKET EDUCATE LIMITED,16187451,active,ltd,,,2025-01-15,,2025-01-15,[85600],47 Elms Road London England SW4 9EP
LLAMMA LTD,16177800,active,ltd,,,2025-01-12,,2025-01-12,[62020],71-75 Shelton Street London United Kingdom WC2H 9JQ
GG-107-816 LIMITED,16188118,active,ltd,,,2025-01-16,,2025-01-16,[68209],C/O Getground London England W6 0NB
SUPERELLIPSE LTD,16188786,active,ltd,,,2025-01-16,,2025-01-16,[58290],40 Rosebery Gardens London England N8 8SH
FEIXUAN LTD,16184549,active,ltd,,,2025-01-15,,2025-01-15,[62090],71-75 Shelton Street London United Kingdom WC2H 9JQ
FINAL WHISTLE AGENCY LTD,16184638,active,ltd,,,2025-01-15,,2025-01-15,[93199],71-75 Shelton Street London United Kingdom WC2H 9JQ
MAYLUX PROPERTIES LTD,16184705,active,ltd,,,2025-01-15,,2025-01-15,[68100, 68209, 68310, 68320],3rd Floor, 86-90 Paul Street London England EC2A 4NE
SUSHI TRAIN LIMITED,16184836,active,ltd,,,2025-01-15,,2025-01-15,[56101],Unit 24 The Concourse Liverpool Street Station London England EC2M 7PY
ZERS STRENGTH RESILIENCE LTD,16185080,active,ltd,,,2025-01-15,,2025-01-15,[93199],529 Romford Road London United Kingdom E7 8AD
SON DALSTON LTD,16185040,active,ltd,,,2025-01-15,,2025-01-15,[56102, 56103],21 Dalston Lane London United Kingdom E8 3DF
DYNAMIC PROGRAM SYSTEM LTD,16166424,active,ltd,,,2025-01-06,,2025-01-06,[62020, 62090],16 Grove Road London England W5 5DS
COSMETICS 1 LTD,16185053,active,ltd,,,2025-01-15,,2025-01-15,[46450],50 Sloane Avenue Cheslea United Kingdom SW3 3DD
HOMES ON THE RANGE LTD,16185218,active,ltd,,,2025-01-15,,2025-01-15,[68209],C/O Getground London England W6 0NB
MINDJOY LTD,16185335,active,ltd,,,2025-01-15,,2025-01-15,[62012, 85600],Hoxton Mix 3rd Floor London United Kingdom EC2A 4NE
SIOR PROPS LTD,16185443,active,ltd,,,2025-01-15,,2025-01-15,[59113],50 Ranelagh Rd London United Kingdom E6 2SH
MANGO INTERNATIONAL TECH LTD,16185596,active,ltd,,,2025-01-15,,2025-01-15,[63120],71-75 Shelton Street London United Kingdom WC2H 9JQ
88PIPS LTD,16185603,active,ltd,,,2025-01-15,,2025-01-15,[62012],167-169 Great Portland Street, Fifth Floor London England W1W 5PF
JH PERI PERI LTD,16185800,active,ltd,,,2025-01-15,,2025-01-15,[56103],24 Blackstock Road London England N4 2DW
MEDI WEAR LIMITED,16185806,active,ltd,,,2025-01-15,,2025-01-15,[32130, 47910],Flat 12 Noblefield Heights London England N2 0NX
VENSTA LTD,16185813,active,ltd,,,2025-01-15,,2025-01-15,[56102],63 Queen Anne's Grove London United Kingdom W5 3XP
LONDON MASTER BLASTER LTD,16185978,active,ltd,,,2025-01-15,,2025-01-15,[93199],65 B London Road Romford England RM7 9QA
HAYYONLINE LTD,16186078,active,ltd,,,2025-01-15,,2025-01-15,[47910],284 Chase Road London United Kingdom N14 6HF
LIVEWIRE DYNAMIC LIMITED,16186432,active,ltd,,,2025-01-15,,2025-01-15,[61200, 61900, 64999, 66120],128 City Road London United Kingdom EC1V 2NX
ONEBEING CONSULTING LTD,16186564,active,ltd,,,2025-01-15,,2025-01-15,[70229],Flat 301 Wimhurst Court 168 Upper North Street London England E14 6TX
ZOEREN LTD.,16186747,active,ltd,,,2025-01-15,,2025-01-15,[47910, 47990],2nd Floor College House Ruislip, United Kingdom HA4 7AE
BEAUCHAMP BESPOKE WALLPAPERS LTD,16186741,active,ltd,,,2025-01-15,,2025-01-15,[17240],First Floor Office London United Kingdom W8 4LZ
EMVELO ENERGGII LIMITED,16186822,active,ltd,,,2025-01-15,,2025-01-15,[64209],27 Old Gloucester Street London United Kingdom WC1N 3AX
CRISTIAN SACALIUC LTD,16187154,active,ltd,,,2025-01-15,,2025-01-15,[99999],Care Of City Of London England EC1V 2NX
FIXERA TECHNOLOGIES LIMITED,16187544,active,ltd,,,2025-01-16,,2025-01-16,[62012],128 City Road London United Kingdom EC1V 2NX
LOK’N GO STORAGE LIMITED,16187715,active,ltd,,,2025-01-16,,2025-01-16,[68209],Roding House London England E12 5LP
THE ISLA ACTING ACADEMY LTD,16187707,active,ltd,,,2025-01-16,,2025-01-16,[85590, 90010],35 Wastdale Road London England SE23 1HN
SHALIN STAR MUSIC ACADEMY LIMITED,16187890,active,ltd,,,2025-01-16,,2025-01-16,[90030],1 Coldbath Square London England EC1R 5HL
THE MEDIA ATLAS LTD,16187974,active,ltd,,,2025-01-16,,2025-01-16,[58190],3rd Floor, 86-90 Paul Street London United Kingdom EC2A 4NE
EASY FOOD W2 LTD,16187986,active,ltd,,,2025-01-16,,2025-01-16,[56102],500a Edgware Road London England W2 1EJ
ORBITDEALS LTD,16188170,active,ltd,,,2025-01-16,,2025-01-16,[63120],71-75 Shelton Street London United Kingdom WC2H 9JQ
JASON CHAGGAR PROPERTY LTD,16188171,active,ltd,,,2025-01-16,,2025-01-16,[68209],20 Wenlock Road London England N1 7GU
CORE PILATE GLASGOW LTD,SC834270,active,ltd,,,2025-01-16,,2025-01-16,[93130],2263 London Road Glasgow Scotland G32 8XP
HYDERABAD VILLA LTD,16188469,active,ltd,,,2025-01-16,,2025-01-16,[56102],180 Plashet Grove London England E6 1AB
DMJC CONTENT LIMITED,16188899,active,ltd,,,2025-01-16,,2025-01-16,[62090],128 City Road London United Kingdom EC1V 2NX
HERITAGE CHART TV AND RADIO LIMITED,16198176,active,ltd,,,2025-01-21,,2025-01-21,[59113, 60100],45 Albemarle Street London England W1S 4JL
LUCA OLIVERI PROPERTY INVESTMENTS LTD,16198155,active,ltd,,,2025-01-21,,2025-01-21,[68100, 68209],71-75 Shelton Street London United Kingdom WC2H 9JQ
JTKR HOLDINGS LTD,16198166,active,ltd,,,2025-01-21,,2025-01-21,[64209],22 Richborough Road London United Kingdom NW2 3LX
MAXO INVESTMENT LTD,16198169,active,ltd,,,2025-01-21,,2025-01-21,[68100],20 Wenlock Road London England N1 7GU
SELF STORAGE EDUCATION LIMITED,16198283,active,ltd,,,2025-01-21,,2025-01-21,[85590],10-12 Barnes High Street London United Kingdom SW13 9LW
K CHINHARA & COMPANY LIMITED,16198312,active,ltd,,,2025-01-21,,2025-01-21,[74909],Peek House London England EC3M 1EB
IBUY DISTRIBUTION UK LIMITED,16198310,active,ltd,,,2025-01-21,,2025-01-21,[46520],2 Leman Street London United Kingdom E1W 9US
BALANCING LTD,16198492,active,ltd,,,2025-01-21,,2025-01-21,[69201, 69202],71-75 Shelton Street London United Kingdom WC2H 9JQ
AYSEGUL 2025 LTD,16198576,active,ltd,,,2025-01-21,,2025-01-21,[56103],500 White Hart Lane London United Kingdom N17 7NA
TONGDE LTD,16198736,active,ltd,,,2025-01-21,,2025-01-21,[47910],116 Suite 5 Brayford Square London England E1 0SG
WMP BIDCO LIMITED,16198869,active,ltd,,,2025-01-21,,2025-01-21,[64209],12-18 Grosvenor Gardens London England SW1W 0DH
CLEVERLY & CLEVERLY LTD,16198857,active,ltd,,,2025-01-21,,2025-01-21,[82990],56 Belmont Hill London England SE13 5DN
TURBO DIGITAL TECHNOLOGY CONSULTING LTD,16198990,active,ltd,,,2025-01-21,,2025-01-21,[62020, 62090],124 City Road London United Kingdom EC1V 2NX
ROMILLY BOWLBY LIMITED,16199161,active,ltd,,,2025-01-21,,2025-01-21,[70210],167-169 Great Portland Street London England W1W 5PF
UP MARKET FOODS LTD,16199318,active,ltd,,,2025-01-21,,2025-01-21,[56290],4 Woodwarde Road London England SE22 8UJ
READING CHEF LTD,16199380,active,ltd,,,2025-01-21,,2025-01-21,[56103],311 Regents Park Road London England N3 1DP
HS STORE LTD,16199455,active,ltd,,,2025-01-21,,2025-01-21,[47190],420 Brixton Road London England SW9 7AY
GOLDERS SQUARE LIMITED,16199554,active,ltd,,,2025-01-21,,2025-01-21,[56102],16 Newacres Road London England SE28 0LD
JENNIX STUDIO LTD,16199630,active,ltd,,,2025-01-21,,2025-01-21,[96020],3 Milk Street London England E16 2NG
MEDIGO ACADEMY LTD,16198172,active,ltd,,,2025-01-21,,2025-01-21,[82990, 85590, 86900, 96090],Flat 21 Westcombe Court London England SE3 7QA
RIVERSTONE CAVENDISH PARTNERS LTD,16198233,active,ltd,,,2025-01-21,,2025-01-21,[70229],10 Framfield Road, Highbury London United Kingdom N5 1UU
JKL IMPEX LTD,16198228,active,ltd,,,2025-01-21,,2025-01-21,[68100, 68320, 98000],Flat 55, Whitstable House, London England W10 6SD
WILDPARK SECURITY CONSULTANCY LTD,16198235,active,ltd,,,2025-01-21,,2025-01-21,[62020],73 Wanstead Park Avenue London United Kingdom E12 5EE
CHANNEL HUMAN LIMITED,16198227,active,ltd,,,2025-01-21,,2025-01-21,[74100, 90020],Channel Human 31 Oval Road London United Kingdom NW1 7EA
FINALET LTD,16198349,active,ltd,,,2025-01-21,,2025-01-21,[47910],71-75 Shelton Street London United Kingdom WC2H 9JQ
GET RICH LTD,16198363,active,ltd,,,2025-01-21,,2025-01-21,[70229],71-75 Shelton Street London United Kingdom WC2H 9JQ
PKS ARCHITECTS LTD,16198573,active,ltd,,,2025-01-21,,2025-01-21,[71111],104 Belsize Lane London England NW3 5BB
RANK MY BUSINESS LIMITED,16198677,active,ltd,,,2025-01-21,,2025-01-21,[73110],124 City  Road London United Kingdom EC1V 2NX
CHELNEX LIMITED,16198701,active,ltd,,,2025-01-21,,2025-01-21,[64306],29 Finchley Park London England N12 9JS
LYONGROVE LIMITED,16198664,active,ltd,,,2025-01-21,,2025-01-21,[82110],71-75 Shelton Street London United Kingdom WC2H 9JQ
T&T PROPERTY VENTURES LTD,16198810,active,ltd,,,2025-01-21,,2025-01-21,[68209],Turnpike House 1208-1210 London Road Leigh-On-Sea England SS9 2UA
MY BLISSFUL PREGNANCY LTD,16198931,active,ltd,,,2025-01-21,,2025-01-21,[47910, 96040, 99999],128 City Road London United Kingdom EC1V 2NX
EXCELLENT FAMILY CARE LTD,16199060,active,ltd,,,2025-01-21,,2025-01-21,[88100],68 Wilbury Way London England N18 1BZ
UNUSUALLY LTD,16199055,active,ltd,,,2025-01-21,,2025-01-21,[62012, 62020, 63110],Flat 16 Harrogate Court London England SE26 6TL
AIW UK US INVESTORS LTD,16199220,active,ltd,,,2025-01-21,,2025-01-21,[90020],3 34 Museum Street London United Kingdom WC1A 1LH
THE FLOUR HOUSE LTD,16199275,active,ltd,,,2025-01-21,,2025-01-21,[47240],3rd Floor, 86-90 Paul Street London United Kingdom EC2A 4NE
A'MIGA GYMNASTICS LTD,16199278,active,ltd,,,2025-01-21,,2025-01-21,[93199],3rd Floor, 86-90 Paul Street London United Kingdom EC2A 4NE
STUDIO OFFBEAT LTD,16199337,active,ltd,,,2025-01-21,,2025-01-21,[73110],4th Floor 43 Whitfield Street London England W1T 4HD
ELE F REVOLUTION LTD,16199506,active,ltd,,,2025-01-21,,2025-01-21,[64191, 66290, 66300],26 Bostall Lane London England SE2 0NH
AHAMS SERVICES LIMITED,16199539,active,ltd,,,2025-01-21,,2025-01-21,[45310, 62020, 66120, 86900],2 Navestock Close London England E4 6XN
AYLIFFE-THOMPSON LIMITED,16198383,active,ltd,,,2025-01-21,,2025-01-21,[68100, 68209],12 Warland Road London England SE18 2EU
BRAM LIMITED,16198379,active,ltd,,,2025-01-21,,2025-01-21,[41100, 41202, 43290, 43390],71-75 Shelton Street London United Kingdom WC2H 9JQ
MORICZ LIMITED,16198424,active,ltd,,,2025-01-21,,2025-01-21,[15120],27 Old Gloucester Street London United Kingdom WC1N 3AX
LJ MCDOWELL LTD,16198528,active,ltd,,,2025-01-21,,2025-01-21,[70229],52 Cecil Avenue London United Kingdom RM11 2NB
MERKEZ AT TAQWA LIMITED,16198631,active,ltd,,,2025-01-21,,2025-01-21,[96090],27 Old Gloucester Street London United Kingdom WC1N 3AX
COHERE HR LIMITED,16198643,active,ltd,,,2025-01-21,,2025-01-21,[70229],First Floor Winston House London United Kingdom N3 1DH
WMP PROPCO LIMITED,16198793,active,ltd,,,2025-01-21,,2025-01-21,[64209, 68100],12-18 Grosvenor Gardens London England SW1W 0DH
TOP FINANCIAL CHOICES LTD,16198784,active,ltd,,,2025-01-21,,2025-01-21,[82990],128 City Road London United Kingdom EC1V 2NX
VSF DRINKS LTD,16198875,active,ltd,,,2025-01-21,,2025-01-21,[47250, 85520],27 Old Gloucester Street London United Kingdom WC1N 3AX
ISSACHAROFF HOLDINGS LTD,16198891,active,ltd,,,2025-01-21,,2025-01-21,[68100],94 Stamford Hill London United Kingdom N16 6XS
JUST FOCUS PRODUCTIONS LTD,16199011,active,ltd,,,2025-01-21,,2025-01-21,[58190],Flat 25, Paynell Court London United Kingdom SE3 9LW
SUPER PIZZA LONDON LTD,16199029,active,ltd,,,2025-01-21,,2025-01-21,[56103],292 Old Kent Road London England SE1 5UE
TUCUMAH LTD,16199141,active,ltd,,,2025-01-21,,2025-01-21,[62090],71-75 Shelton Street London United Kingdom WC2H 9JQ
AGHAJI VISION LTD,16199118,active,ltd,,,2025-01-21,,2025-01-21,[70229],68 Wilbury Way London England N18 1BZ
CAYMANTECH LIMITED,16199112,active,ltd,,,2025-01-21,,2025-01-21,[62012, 62020, 62090],3rd Floor, 86-90 Paul Street London England EC2A 4NE
SCHOOLINFO.AI LTD,16199109,active,ltd,,,2025-01-21,,2025-01-21,[62012],Suite 101 Lumina Business Centre London United Kingdom EN1 1FS
AMAREA RESIDENCES UK LIMITED,16199272,active,ltd,,,2025-01-21,,2025-01-21,[68209],1 Kings Avenue London England N21 3NA
UPSIDE SOLUTIONS LTD,16199351,active,ltd,,,2025-01-21,,2025-01-21,[70229],5 Colindeep Lane London England NW9 6BX
KAIROS INTELLECT LTD,16199416,active,ltd,,,2025-01-21,,2025-01-21,[62020],3rd Floor, 86-90 Paul Street London United Kingdom EC2A 4NE
GROOVE REAL ESTATE LIMITED,16199511,active,ltd,,,2025-01-21,,2025-01-21,[68320],61 Avenue Gardens London United Kingdom W3 8HB
LMB PROPERTY LIMITED,16199614,active,ltd,,,2025-01-21,,2025-01-21,[68100, 68209, 68320],55 Clive Road London England SW19 2JA
BIG DRIP WINDOW CLEANING LTD,16199654,active,ltd,,,2025-01-21,,2025-01-21,[81221],Flat 2 Gaitskell House London England E6 1ET
RESTORATION CHILDREN’S HOME LTD,16199717,active,ltd,,,2025-01-22,,2025-01-22,[87900],37 Lidiard Road London England SW18 3PN
CDB LONDON LIMITED,16189161,active,ltd,,,2025-01-16,,2025-01-16,[41202],35 Vale Lodge London United Kingdom SE23 2LG
PUFFIN HOUSING LTD,16189420,active,ltd,,,2025-01-16,,2025-01-16,[87900],128 City Road London United Kingdom EC1V 2NX
DATA SHIFT CONSULTING LTD,16189414,active,ltd,,,2025-01-16,,2025-01-16,[62020, 63110],71-75 Shelton Street London United Kingdom WC2H 9JQ
INCOLUMITAS LTD,16189524,active,ltd,,,2025-01-16,,2025-01-16,[86900],71-75 Shelton Street London England WC2H 9JQ
CLARA DACOSTA LTD,16189540,active,ltd,,,2025-01-16,,2025-01-16,[46310, 47210],21a Prince Road London England SE25 6NN
VERA CONSULTING LTD,16190008,active,ltd,,,2025-01-16,,2025-01-16,[70229],124-128 City Road London England EC1V 2NX
LONDON PLANED LTD,16190181,active,ltd,,,2025-01-17,,2025-01-17,[16230],34 Cleveland Park Crescent London England E17 7BT
MEDCOOKS LIMITED,16190280,active,ltd,,,2025-01-17,,2025-01-17,[56210],239-241 Kennington Lane London United Kingdom SE11 5QU
IZZI SEO LTD,16189436,active,ltd,,,2025-01-16,,2025-01-16,[62012, 62020, 73110],71-75 Shelton Street London United Kingdom WC2H 9JQ
CONTRATOS Y DISENOS UK LTD,16190270,active,ltd,,,2025-01-17,,2025-01-17,[71129],C/O Scornik Gerstein Llp 9-10 London United Kingdom WC1V 7QH
JPH CONTRACTS LTD,16190446,active,ltd,,,2025-01-17,,2025-01-17,[41201],1538 High Road London England N20 9PT
CONSTRUCT LDN LIMITED,16190410,active,ltd,,,2025-01-17,,2025-01-17,[41100],71-75 Shelton Street London United Kingdom WC2H 9JQ
AT ICES LTD,16190611,active,ltd,,,2025-01-17,,2025-01-17,[47990],Unit 7, Rowleys Yard London United Kingdom N15 3RT
COMQUEST LTD,16190610,active,ltd,,,2025-01-17,,2025-01-17,[61900],3rd Floor, 86-90 Paul Street London United Kingdom EC2A 4NE
AWLAH LIMITED,16190634,active,ltd,,,2025-01-17,,2025-01-17,[81222, 81229],Flat 9 1 Third Avenue London United Kingdom W10 4RQ
NAAN ROTI LTD,16190633,active,ltd,,,2025-01-17,,2025-01-17,[56102],13 West View London United Kingdom TW14 8PP
REGENERATIVE IMPACT LTD,16190920,active,ltd,,,2025-01-17,,2025-01-17,[74901, 82301],49 Queen Of Denmark Court London United Kingdom SE16 7TB
BROADSIDE HACKS RECORDINGS LIMITED,16190904,active,ltd,,,2025-01-17,,2025-01-17,[59200],10 Inverness Street (Basement) London England NW1 7HJ
LA5 STUDIO LTD,16190893,active,ltd,,,2025-01-17,,2025-01-17,[64209],85, 8 De Walden Court New Cavendish Street London United Kingdom W1W 6XD
SIMPLY DELICIOUS HK COMPANY LTD,16191032,active,ltd,,,2025-01-17,,2025-01-17,[46320, 56101, 56103, 56290],71-75 Shelton Street London United Kingdom WC2H 9JQ
CORNERSTONE HOUSING SOLUTIONS LTD,16191352,active,ltd,,,2025-01-17,,2025-01-17,[68209],167-169 Great Portland Street London England W1W 5PF
NIKI STERLING CONSULTING LTD,16191526,active,ltd,,,2025-01-17,,2025-01-17,[70229],20 Wenlock Road London England N1 7GU
WORLD AIRFARES LIMITED,16191500,active,ltd,,,2025-01-17,,2025-01-17,[79110, 79120],128 City Road London United Kingdom EC1V 2NX
ROCKET AI NETWORK LIMITED,16191510,active,ltd,,,2025-01-17,,2025-01-17,[59133],136 Lower Richmond Road London England SW15 1LU
MAIHAN TRAVEL AND EXCHANGE LTD,16191534,active,ltd,,,2025-01-17,,2025-01-17,[64999, 79110],45 Esher Gardens London England SW19 6BY
WHALESONG CRAFTED LTD,16191748,active,ltd,,,2025-01-17,,2025-01-17,[47990],124-128 City Road London England EC1V 2NX
AMRO LEWISHAM HOLDCO LIMITED,16191754,active,ltd,,,2025-01-17,,2025-01-17,[41100],20 North Audley Street London United Kingdom W1K 6WE
STONE ARCHES LTD,16192003,active,ltd,,,2025-01-17,,2025-01-17,[47290],2 Clissold House, London England N16 0PS
JEKAK LONDON TRADING LTD,16192008,active,ltd,,,2025-01-17,,2025-01-17,[47990],91 Katherine Road London England E6 1EW
ETON PUB LIMITED,16192010,active,ltd,,,2025-01-17,,2025-01-17,[68100, 68209],8th Floor 167 Fleet Street London United Kingdom EC4A 2EA
MS3INVESTMENTS LTD,16192092,active,ltd,,,2025-01-17,,2025-01-17,[68209],167 - 169 Great Portland Street London England W1W 5PF
INFERENCELAYER LTD,16192100,active,ltd,,,2025-01-17,,2025-01-17,[62090],Forma House London England EC1R 0NE
ALEXI BOARDMAN LTD,16192226,active,ltd,,,2025-01-17,,2025-01-17,[74100],54 Madrid Road London United Kingdom SW13 9PG
SMITH PROPERTY YORKSHIRE LTD,16192220,active,ltd,,,2025-01-17,,2025-01-17,[68100, 68209, 68320],3rd Floor, 86-90 Paul Street London United Kingdom EC2A 4NE
TANNER STREET PROPCO LTD,16192192,active,ltd,,,2025-01-17,,2025-01-17,[68100],A&L Suite 1-3 The Hop Exchange London United Kingdom SE1 1TY
THE CLARENDON CLINIC LIMITED,16192484,active,ltd,,,2025-01-17,,2025-01-17,[47730, 86210, 86220, 96020],3 Englemere Wood Ascot England SL5 8DE
CREPZBYLZ LTD,16192475,active,ltd,,,2025-01-17,,2025-01-17,[47721],124-128 City Road London England EC1V 2NX
TOOPA ENTERPRISES LIMITED,16192583,active,ltd,,,2025-01-17,,2025-01-17,[56103],271 London Road Stockport England SK7 4PL
MASH FURNITURE LTD,16192739,active,ltd,,,2025-01-18,,2025-01-18,[31090],15 Kean Street London England WC2B 4AZ
ARCH 1126 HH LTD,16192747,active,ltd,,,2025-01-18,,2025-01-18,[68209],Flat 1 35 Arundel Gardens London England W11 2LW
HEISENBERG FOOD SERVICES LTD,16192889,active,ltd,,,2025-01-18,,2025-01-18,[56103],11 St. Marys Road London England W5 5RA
M'ORA JEWELRY LTD,16192961,active,ltd,,,2025-01-18,,2025-01-18,[47910],42 St. Pier Court London England E13 9GT
RINSE LONDON LTD,16193051,active,ltd,,,2025-01-18,,2025-01-18,[81222],Flat 9 Grove House London England N5 2AQ
ARETEQUEST COACHING AND CONSULTING LIMITED,16193201,active,ltd,,,2025-01-19,,2025-01-19,[85590],3rd Floor, 86-90 Paul Street London United Kingdom EC2A 4NE
KRISHNA 142 LIMITED,16193390,active,ltd,,,2025-01-19,,2025-01-19,[56102],130 Liverpool Road London England N1 1LA
GAMP VICTORIA ROAD LTD,16193596,active,ltd,,,2025-01-20,,2025-01-20,[68209],1 Kings Avenue London United Kingdom N21 3NA
DAJES GAMES LTD,16189123,active,ltd,,,2025-01-16,,2025-01-16,[90030],128 City Road London United Kingdom EC1V 2NX
GAINPLACE LIMITED,16189076,active,ltd,,,2025-01-16,,2025-01-16,[68209],C/O Getground London England W6 0NB
GN PROPERTIES & INVESTMENTS LIMITED,16189093,active,ltd,,,2025-01-16,,2025-01-16,[68320],17 Willesden Lane London United Kingdom NW6 7RB
KH&N LTD,16189685,active,ltd,,,2025-01-16,,2025-01-16,[61100, 71129],54 Plumstead High Street London England SE18 1SL
KOMOREBI INTERNATIONAL LTD,16189819,active,ltd,,,2025-01-16,,2025-01-16,[47910],71-75 Shelton Street London United Kingdom WC2H 9JQ
INTERNATIONAL SKILLS ACADEMY LTD,16189838,active,ltd,,,2025-01-16,,2025-01-16,[85600],Lower Ground Floor West London United Kingdom W1U 5EW
ALAN PAUL LIMITED,16189902,active,ltd,,,2025-01-16,,2025-01-16,[68209],Flat 4 Amwell House Ware England SG12 9FR
THE DAGE GROUP LTD,16189908,active,ltd,,,2025-01-16,,2025-01-16,[59112, 70229, 73120, 85590],12 Essex Road London England W3 9JA
ANDREW RITCHIE MEDICAL LTD,16189909,active,ltd,,,2025-01-16,,2025-01-16,[86220],90 Wrottesley Road London England NW10 5XY
DX STUDIO LTD,16190115,active,ltd,,,2025-01-17,,2025-01-17,[47910, 63120],299a Bethnal Green Road London England E2 6AH
FLYCITY HOME LTD,16190101,active,ltd,,,2025-01-17,,2025-01-17,[47910],29765 Office Suite 29a, 3/F., 23 Wharf Street London England SE8 3GG
THE SHEPHERD MAYFAIR HOTEL OPCO LTD,16190185,active,ltd,,,2025-01-17,,2025-01-17,[55100],C/O Tmf Group 13th Floor London United Kingdom EC2R 7HJ
S&A ORTHOCARE LIMITED,16190184,active,ltd,,,2025-01-17,,2025-01-17,[86220],C/O Hns Accountants Limited Harrow England HA1 1BD
BAYT SHAKLAWA LIMITED,16190307,active,ltd,,,2025-01-17,,2025-01-17,[68209],167 Gladstone Park Gardens London England NW2 6RN
GRASSDERETAIL LTD,16190717,active,ltd,,,2025-01-17,,2025-01-17,[47910],29185 Office Suite 29a, 3/F., 23 Wharf Street London England SE8 3GG
AMREV DIGITAL LIMITED,16190737,active,ltd,,,2025-01-17,,2025-01-17,[62012],98 Colomb Street London England SE10 9EZ
LEAF AND LATTE LTD,16190722,active,ltd,,,2025-01-17,,2025-01-17,[47290],34 Elsiemaud Road London England SE4 1HW
LA FENICE LTD,16190961,active,ltd,,,2025-01-17,,2025-01-17,[31020, 31090],20 Wenlock Road London England N1 7GU
TRADETECH GROUP LIMITED,16190965,active,ltd,,,2025-01-17,,2025-01-17,[62012, 64209, 85590],5 Brayford Square London England E1 0SG
UK ELECTRICAL AND MECHANICAL SERVICES LTD,16191177,active,ltd,,,2025-01-17,,2025-01-17,[43210],70 Bounces Road London England N9 8JS
TRIPLESAI LTD,16191181,active,ltd,,,2025-01-17,,2025-01-17,[72190, 74909],71-75 Shelton Street London United Kingdom WC2H 9JQ
SUNSET (BRITAIN) LTD,16191185,active,ltd,,,2025-01-17,,2025-01-17,[47910],Brierly Place Chelmsford England CM2 0AP
TKS HOLDINGS PARKWAY LTD,16191437,active,ltd,,,2025-01-17,,2025-01-17,[64209],3rd Floor, Great Titchfield House London United Kingdom W1W 8BD
BETTER ENTERTAINMENT LTD,16191416,active,ltd,,,2025-01-17,,2025-01-17,[62090],71-75 Shelton Street London United Kingdom WC2H 9JQ
UNIT3 NIGHTS LTD,16191458,active,ltd,,,2025-01-17,,2025-01-17,[56302],Unit 3 Gaunson House London United Kingdom N15 4QQ
EXCEL GRILL & INDIAN TAKEAWAY LTD,16181870,active,ltd,,,2025-01-14,,2025-01-14,[56102],13 Freemasons Road London England E16 3AR
QDF FUNDING 2 LTD,16174647,active,ltd,,,2025-01-10,,2025-01-10,[64999],10th Floor 5 Churchill Place London United Kingdom E14 5HU
EAM MARKETING LIMITED,16191842,active,ltd,,,2025-01-17,,2025-01-17,[73110],4th Floor, Silverstream House London United Kingdom W1T 6EB
TOTAL BODY DYNAMICS LTD,16191826,active,ltd,,,2025-01-17,,2025-01-17,[96040],20 Wenlock Road London England N1 7GU
AOAFRIQ LIMITED,16191971,active,ltd,,,2025-01-17,,2025-01-17,[47710, 47820],71-75 Shelton Street London United Kingdom WC2H 9JQ
MOMONWHEELS UK LTD,16191970,active,ltd,,,2025-01-17,,2025-01-17,[88910],7d Portsdown Avenue London England NW11 0NH
WILSON AND MILO LTD,16192278,active,ltd,,,2025-01-17,,2025-01-17,[47910],71-75 Shelton Street London United Kingdom WC2H 9JQ
DANCENBEATSBYCHITTAL LTD,16192267,active,ltd,,,2025-01-17,,2025-01-17,[90010],20-22 Wenlock Road London United Kingdom N1 7GU
ELBAGATE POWER LTD,16192273,active,ltd,,,2025-01-17,,2025-01-17,[46900],261 Green Lanes London England N13 4XE
DANIELS CYBERSHIELD LTD,16192290,active,ltd,,,2025-01-17,,2025-01-17,[62020],153 Middleham Road London England N18 2RZ
CLG HOLDINGS LIMITED,16192295,active,ltd,,,2025-01-17,,2025-01-17,[64209],101 New Cavendish Street London United Kingdom W1W 6XH
GG-059-237 LIMITED,16192407,active,ltd,,,2025-01-17,,2025-01-17,[68209],1 Lyric Square London England W6 0NB
TUJENGE LTD,16192615,active,ltd,,,2025-01-17,,2025-01-17,[68100],Flat 22 Welby House London England N19 3LZ
BURRELLS HEALTH LTD,16192598,active,ltd,,,2025-01-17,,2025-01-17,[86900],135a London Road Knebworth England SG3 6EX
COOKIE CRMB & CO LIMITED,16192700,active,ltd,,,2025-01-17,,2025-01-17,[10720, 47240],339 Warner Road London England SE5 9LZ
SAMMY BUSINESS SUPPORT SERVICES LTD,16192903,active,ltd,,,2025-01-18,,2025-01-18,[62090, 73110, 82990],10 Northwood Gardens London England N12 9DR
DUBAI LOOKS LTD,16193311,active,ltd,,,2025-01-19,,2025-01-19,[47710],5 Talbot Road London England E6 2RY
CSMCM LIMITED,16193398,active,ltd,,,2025-01-19,,2025-01-19,[68209, 68310, 68320, 96090],3rd Floor, 86-90 Paul Street London United Kingdom EC2A 4NE
CITADELIS LTD,16193547,active,ltd,,,2025-01-19,,2025-01-19,[62020],7 Bell Yard London England WC2A 2JR
SOBELS PREMIER HEALTHCARE LTD,16193706,active,ltd,,,2025-01-20,,2025-01-20,[86210, 86900],3rd Floor, 86-90 Paul Street London United Kingdom EC2A 4NE
LES SHAPESHIFTERS LTD,16193816,active,ltd,,,2025-01-20,,2025-01-20,[59200, 82990, 90010, 90030],71-75 Shelton Street London United Kingdom W2H 9JQ
DPD ASSOCIATES ASSET LTD,16193810,active,ltd,,,2025-01-20,,2025-01-20,[77120],98 London Road Bognor Regis United Kingdom PO21 1DE
GLOBAL SUSTAINABLE BUILDINGS CONSULTANCY GROUP LIMITED,16188988,active,ltd,,,2025-01-16,,2025-01-16,[64209],85 Great Portland Street, First Floor London England W1W 7LT
BG INC LTD,16188985,active,ltd,,,2025-01-16,,2025-01-16,[47910],178 Bury Street London England N9 9LQ
LISSI AROMA LTD,16188986,active,ltd,,,2025-01-16,,2025-01-16,[46450, 47510, 47599, 47910],128 City Road London United Kingdom EC1V 2NX
CITY PLACE AT NIGHT LTD,16189267,active,ltd,,,2025-01-16,,2025-01-16,[56101],3rd Floor, 86-90 Paul Street London England EC2A 4NE
MAR SERVICES LIMITED,16189398,active,ltd,,,2025-01-16,,2025-01-16,[98000],C/O Cwa Lockkeepers Cottage Waltham Abbey United Kingdom EN9 1FJ
GG-SJF-619 LTD,16189676,active,ltd,,,2025-01-16,,2025-01-16,[68209],C/O Getground London England W6 0NB
FAST CLEARANCE LTD,16189659,active,ltd,,,2025-01-16,,2025-01-16,[38110],76 High Street Colliers Wood London England SW19 2BY
TWENTY6 PUBLISHING LTD,16189661,active,ltd,,,2025-01-16,,2025-01-16,[58142],349 Basement Hackney Road London England E2 8PR
COSMOS VFX LTD,16189658,active,ltd,,,2025-01-16,,2025-01-16,[59112, 59120],35 Grafton Way London England W1T 5DB
NA2 CONSULTING LTD,16189762,active,ltd,,,2025-01-16,,2025-01-16,[58290],128 City Road London United Kingdom EC1V 2NX
UNIQUE HUB LIMITED,16189754,active,ltd,,,2025-01-16,,2025-01-16,[45111, 45310, 77110],93-101 Greenfield Road London United Kingdom E1 1EJ
THINK POSITIVE PROPERTY LTD,16189985,active,ltd,,,2025-01-16,,2025-01-16,[68100],90 Brixton Hill London England SW2 1QN
AVEROS TRAD LIMITED,16190146,active,ltd,,,2025-01-17,,2025-01-17,[46420, 47190, 47910],29304 Office Suite 29a, 3/F., 23 Wharf Street London England SE8 3GG
SHALOM AGENCY LTD,16190372,active,ltd,,,2025-01-17,,2025-01-17,[58290, 59140, 62020, 73110],71-75 Shelton Street London United Kingdom WC2H 9JQ
MIRAK VENTURES LTD,16190354,active,ltd,,,2025-01-17,,2025-01-17,[96090],15 Laing Dean Northolt England UB5 5JX
ELESIN PRODUCTIONS LTD,16190349,active,ltd,,,2025-01-17,,2025-01-17,[90010, 90020, 90030],128 City Road London United Kingdom EC1V 2NX
HA NEURODEN ASSESSMENT LTD,16190584,active,ltd,,,2025-01-17,,2025-01-17,[86220],C/O Falcon Associates Acton United Kingdom W3 8PU
RHEMAH STUDIOS LIMITED,16190690,active,ltd,,,2025-01-17,,2025-01-17,[59200],29 Allwood Close London England SE26 4JP
WE MADE IT MUSIC LTD,16190674,active,ltd,,,2025-01-17,,2025-01-17,[59200],167 Sangley Road London England SE6 2DY
TOYO EUROPE LIMITED,16190707,active,ltd,,,2025-01-17,,2025-01-17,[46170],1 Beaufort Gardens London United Kingdom NW4 3QN
LEANAH LTD.,16190942,active,ltd,,,2025-01-17,,2025-01-17,[68209],C/O Getground London England W6 0NB
FLAVALON COLLEGE OF TECHNOLOGY AND BUSINESS LTD,16190931,active,ltd,,,2025-01-17,,2025-01-17,[85590, 85600],128 City Road London United Kingdom EC1V 2NX
CACIGA MAINTENANCE LTD,16191123,active,ltd,,,2025-01-17,,2025-01-17,[43220],Ztk Tax Advisory Suite 1, Ideas House London United Kingdom E18 1BY
MEAT MANIAC LTD,16191121,active,ltd,,,2025-01-17,,2025-01-17,[56102, 56103, 56290],Unit 3b Berol House London United Kingdom N17 9LJ
SCHOOLS PLUS INTERNATIONAL LTD,16191096,active,ltd,,,2025-01-17,,2025-01-17,[85100, 85200, 85310, 85320],71-75 Shelton Street London United Kingdom WC2H 9JQ
PERKS WORKS LIMITED,16191286,active,ltd,,,2025-01-17,,2025-01-17,[43341, 43910],6 Ash Close London England SE20 7RE
33 EARLSMEAD LIMITED,16191599,active,ltd,,,2025-01-17,,2025-01-17,[68209],63 Leadale Road London England N16 6DG
ELISCO SERVICES LTD,16191725,active,ltd,,,2025-01-17,,2025-01-17,[82110],41 Esher Gardens London England SW19 6BY
AUTHZONE LIMITED,16191927,active,ltd,,,2025-01-17,,2025-01-17,[62012, 63120],4th Floor, Silverstream House 45 Fitzroy Street London United Kingdom W1T 6EB
H & R WINDOWS LTD,16191928,active,ltd,,,2025-01-17,,2025-01-17,[43342],71-75 Shelton Street London United Kingdom WC2H 9JQ
ABS FREIGHT LIMITED,16192785,active,ltd,,,2025-01-18,,2025-01-18,[49420, 52290, 53201],29 Second Avenue London England E13 8AS
JJS PROJECTS UK LTD,16192810,active,ltd,,,2025-01-18,,2025-01-18,[46180, 47910, 86900, 93130],3rd Floor, 86-90 Paul Street London England EC2A 4NE
YEFSI LIMITED,16193035,active,ltd,,,2025-01-18,,2025-01-18,[56210],71 Golders Green Road London England NW11 8EL
FLOWPRO PLUMBING LTD,16193354,active,ltd,,,2025-01-19,,2025-01-19,[43220],51 Berkeley Gardens London England N21 2BE
WEB BLOOM LTD,16193603,active,ltd,,,2025-01-20,,2025-01-20,[47990],Web Bloom London United Kingdom EC1V 2NX
FULL STACK SYSTEMS LTD,16189026,active,ltd,,,2025-01-16,,2025-01-16,[62012],71-75 Shelton Street London United Kingdom WC2H 9JQ
CIRCUITEER LTD,16189182,active,ltd,,,2025-01-16,,2025-01-16,[58290, 62012, 62090, 63110],115 London Road Morden England SM4 5HP
IDI PROPERTIES LTD,16189297,active,ltd,,,2025-01-16,,2025-01-16,[68100],11 Alroy Road London England N4 1EF
CRYPTOLAB LTD,16189439,active,ltd,,,2025-01-16,,2025-01-16,[70229],6th Floor 68 King William Street London United Kingdom EC4N 7HR
CURATE SERVICES LIMITED,16189435,active,ltd,,,2025-01-16,,2025-01-16,[86900],6 Kings Road London England NW10 2BL
PB AIRCREW LIMITED,16189722,active,ltd,,,2025-01-16,,2025-01-16,[52290],Flat 80 Greenhill Prince Arthur Road London England NW3 5TZ
PLB RESTAURANT LTD,16189995,active,ltd,,,2025-01-16,,2025-01-16,[56103, 56290],18a Mansell Street London England E1 8AA
BEST IP LTD,16190130,active,ltd,,,2025-01-17,,2025-01-17,[69102, 69109, 69203, 74100],71-75 Shelton Street London United Kingdom WC2H 9JQ
ACADEMY LEARNING LONDON LTD,16190128,active,ltd,,,2025-01-17,,2025-01-17,[85590],141 Christian Street London England E1 1RS
CMN BEAUTY LIMITED,16190395,active,ltd,,,2025-01-17,,2025-01-17,[96020],47 Fairfax Road London England NW6 4EL
REVA HOMES (SANDY CROSS LANE) LTD,16190398,active,ltd,,,2025-01-17,,2025-01-17,[41202],167-169 Great Portland Street London England W1W 5PF
DR KAUR AESTHETICS LTD,16190795,active,ltd,,,2025-01-17,,2025-01-17,[86230],128 City Road London United Kingdom EC1V 2NX
DABEATBANGZ ENTERTAINMENT LTD,16191025,active,ltd,,,2025-01-17,,2025-01-17,[59200],Flat 38 Wood House Walsall England WS1 3EP
CAVANNA LTD,16191027,active,ltd,,,2025-01-17,,2025-01-17,[56102],245a Acton Lane London United Kingdom NW10 7NR
TAX LOYALTY LTD,16191011,active,ltd,,,2025-01-17,,2025-01-17,[64205, 64999, 70221],71-75 Shelton Street London United Kingdom WC2H 9JQ
CONSTRUCTYA LTD,16191319,active,ltd,,,2025-01-17,,2025-01-17,[41202],3d Cumberland Park London United Kingdom W3 6SY
W.T SKIN CONSULTANCY LTD,16191474,active,ltd,,,2025-01-17,,2025-01-17,[73120, 82990],19 Seymour Place Marble Arch London United Kingdom W1H 5BG
SADE CONTAINERS UK LTD,16191487,active,ltd,,,2025-01-17,,2025-01-17,[46690],C/O Tmf Group 13th Floor London United Kingdom EC2R 7HJ
TIKOVA HOTELS LTD,16191632,active,ltd,,,2025-01-17,,2025-01-17,[41100, 55100, 68100],71-75 Shelton Street London United Kingdom WC2H 9JQ
TRUEMIND EDUCATION LTD,16191776,active,ltd,,,2025-01-17,,2025-01-17,[85590],20 Wenlock Road London England N1 7GU
LONDON FUTURES EXCHANGE LTD,16191768,active,ltd,,,2025-01-17,,2025-01-17,[70229],Unit 7 The Courtyard London England NW2 5PJ
MIB GROUP HOLDINGS LTD,16191966,active,ltd,,,2025-01-17,,2025-01-17,[99999],Care Of City Of London England EC1V 2NX
PAOLO INNOCENTI LIMITED,16192173,active,ltd,,,2025-01-17,,2025-01-17,[56290, 93120, 93130, 93199],9a Seagrave Road London England SW6 1RP
PICUS HOUSE LTD,16192183,active,ltd,,,2025-01-17,,2025-01-17,[56102],8 Seymour Villas London United Kingdom SE20 8TU
STREAM MART LTD,16192327,active,ltd,,,2025-01-17,,2025-01-17,[47190],35 Giraud Street London England E14 6EE
RCJ SERVICES LIMITED,16192722,active,ltd,,,2025-01-18,,2025-01-18,[87200, 87900],Flat 6 Brownflete House London England SE4 2QF
CONFIDENT COMMUNICATIONS AND CREATIVE LTD,16192858,active,ltd,,,2025-01-18,,2025-01-18,[70210, 70229],3rd Floor, 86-90 Paul Street London England EC2A 4NE
PROPERTY NOTTS LTD,16192857,active,ltd,,,2025-01-18,,2025-01-18,[68310, 68320],3rd Floor, 86-90 Paul Street London England EC2A 4NE
V21 STUDIO LTD,16193095,active,ltd,,,2025-01-19,,2025-01-19,[74100],3rd Floor, 86-90 Paul Street London United Kingdom EC2A 4NE
LFIELD MICROPUB LIMITED,16193351,active,ltd,,,2025-01-19,,2025-01-19,[56302],13 Lingfield Crescent London England SE9 2RL
R.T FENCING & SUPPLIES LTD,16193353,active,ltd,,,2025-01-19,,2025-01-19,[23610],Bull Farm London Road Basildon England SS13 2DD
ELEVATE VISION HOLDING LTD,16193562,active,ltd,,,2025-01-20,,2025-01-20,[64209],167-169 Great Portland Street London England W1W 5PF
TEMP CAPITAL LIMITED,16193727,active,ltd,,,2025-01-20,,2025-01-20,[64929],49 Ewart Grove London England N22 5NY
BRIGHT TOUCH CLEANING LTD,16189075,active,ltd,,,2025-01-16,,2025-01-16,[81210, 81222, 81299, 96010],20 Wenlock Road London England N1 7GU
LETWICK CONSULTING LIMITED,16189053,active,ltd,,,2025-01-16,,2025-01-16,[69201, 69202],2nd Floor College House Ruislip, United Kingdom HA4 7AE
LM SHALLCROSS LTD,16189039,active,ltd,,,2025-01-16,,2025-01-16,[62020, 96090],71-75 Shelton Street London United Kingdom WC2H 9JQ
ALL WAYS ACCESS LTD,16189364,active,ltd,,,2025-01-16,,2025-01-16,[70229],71-75 Shelton Street London United Kingdom WC2H 9JQ
AAM FAB LTD,16189727,active,ltd,,,2025-01-16,,2025-01-16,[43210, 82990],Flat 5 Hitherwood Court London England SE19 1UX
ZERO FLEX SOLUTIONS LTD,16189726,active,ltd,,,2025-01-16,,2025-01-16,[62020, 78109, 82990],124-128 City Road London England EC1V 2NX
CROWN AV LTD,16189941,active,ltd,,,2025-01-16,,2025-01-16,[61100],56a Tufnell Park Road London England N7 0DT
IMMERSIVE LEARNING GROUP LIMITED,16190064,active,ltd,,,2025-01-17,,2025-01-17,[85590],1 Bedford Row London England WC1R 4BU
SKYWAYS BUSINESS LTD,16190469,active,ltd,,,2025-01-17,,2025-01-17,[68320, 70229],14 Heybridge Way London United Kingdom E10 7NQ
AMBROSE INVEST LTD,16190453,active,ltd,,,2025-01-17,,2025-01-17,[68100],G129 Oxgate House Oxgate Lane London England NW2 7FT
BARBEITO VENTURES LIMITED,16190641,active,ltd,,,2025-01-17,,2025-01-17,[70229],Flat 4 53 Courtfield Gardens London England SW5 0NF
MYKAI LTD,16190645,active,ltd,,,2025-01-17,,2025-01-17,[62012],128 City Road London United Kingdom EC1V 2NX
M&M JOHNSON PROPERTY LTD,16191059,active,ltd,,,2025-01-17,,2025-01-17,[68100, 68201, 68209, 68320],First Floor 14-16 Woolwich England SE18 6LF
IBV DANETHORPE LANE SOLAR LIMITED,16191081,active,ltd,,,2025-01-17,,2025-01-17,[35110],2nd Floor 127 Cheapside London United Kingdom EC2V 6BT
STELLANIUM LTD,16191085,active,ltd,,,2025-01-17,,2025-01-17,[62020, 70229, 74901],2nd Floor College House Ruislip, United Kingdom HA4 7AE
POWERUP LABS LIMITED,16191212,active,ltd,,,2025-01-17,,2025-01-17,[47910],Suite G04 1 Quality Court, Chancery Lane London England WC2A 1HR
1&ONLY APPAREL LTD,16191541,active,ltd,,,2025-01-17,,2025-01-17,[47820],35 Ballards Lane London England N3 1XW
TEMP TEACH LIMITED,16191689,active,ltd,,,2025-01-17,,2025-01-17,[78109],71 Widecombe Road London England SE9 4HH
MAXI (NW) LTD,16191881,active,ltd,,,2025-01-17,,2025-01-17,[68100],Seymour Chambers Liverpool England L3 5NW
BANWO & IGHODALO LTD,16191879,active,ltd,,,2025-01-17,,2025-01-17,[70229],Parker Russell, Level 30 The Leadenhall Building London United Kingdom EC3V 4AB
3R PRINT LTD,16192036,active,ltd,,,2025-01-17,,2025-01-17,[18129, 46420],Apartment 5 The Saddler Building London England N1 7GQ
GS BLUEPRINTS LTD,16192361,active,ltd,,,2025-01-17,,2025-01-17,[41100, 41201, 41202, 43320],71-75 Shelton Street London United Kingdom WC2H 9JQ
BRAND ALERT SERVICES LTD,16192346,active,ltd,,,2025-01-17,,2025-01-17,[73110],Flat 73, Brittany Point London United Kingdom SE11 6UH
TRIBE NINE STUDIOS (UK) LIMITED,16192445,active,ltd,,,2025-01-17,,2025-01-17,[14190],Flat 20 Millicent Fawcett Court London England N17 6SU
CRYPTIXCONSULTANCY LTD,16192441,active,ltd,,,2025-01-17,,2025-01-17,[62020],71-75 Shelton Street London United Kingdom WC2H 9JQ
KWOW CATERING LTD,16192635,active,ltd,,,2025-01-17,,2025-01-17,[56103],29-30 Frith Street London England W1D 5LG
VINTAGE TIMELESS LTD,16192648,active,ltd,,,2025-01-17,,2025-01-17,[47910],50 Linton Gardens London England E6 5SQ
PP & TT HOMES LTD,16192713,active,ltd,,,2025-01-18,,2025-01-18,[68100, 68209, 68310, 98000],Flat D, Ruscon Court, 98a London England E11 1DS
ELITE SIZZLERS LTD,16192896,active,ltd,,,2025-01-18,,2025-01-18,[56103],60 London Road Tunbridge Wells England TN4 0PR
CARDIFF GATE LIMITED,16193151,active,ltd,,,2025-01-19,,2025-01-19,[56102],69 Monks Drive London England W3 0ED
NATIONAL SKIP HIRE UK LTD,16193780,active,ltd,,,2025-01-20,,2025-01-20,[38110, 38120, 38210, 38320],128 City Road London United Kingdom EC1V 2NX
TASTY GEMS LTD,16193796,active,ltd,,,2025-01-20,,2025-01-20,[56210],34 Everington Road London England N10 1HT
SANS MARQUE LIMITED,16193881,active,ltd,,,2025-01-20,,2025-01-20,[15120],Great Western Studios London United Kingdom W2 5EU
HOMEFURNISHINGSONLINE LIMITED,16193878,active,ltd,,,2025-01-20,,2025-01-20,[46470],27 Old Gloucester Street London United Kingdom WC1N 3AX
SHUTTLELANE LIMITED,16199748,active,ltd,,,2025-01-22,,2025-01-22,[49320, 52290],128 City Road London United Kingdom EC1V 2NX
DARK FIFTY LTD,16199824,active,ltd,,,2025-01-22,,2025-01-22,[58210, 71129],3rd Floor, 86-90 Paul Street London United Kingdom EC2A 4NE
TANYA STEDMAN LTD,16199836,active,ltd,,,2025-01-22,,2025-01-22,[56302],201 Haverstock Hill London United Kingdom NW3 4QG
WILLOWARES LIMITED,16199851,active,ltd,,,2025-01-22,,2025-01-22,[70229],60 Windsor Road Merton Abbey United Kingdom SW19 2RR
THE CLOISTERS SR2 LIMITED,16199882,active,ltd,,,2025-01-22,,2025-01-22,[68100],Wellesley House London England SE18 6SS
ALMA MARGO LIMITED,16199940,active,ltd,,,2025-01-22,,2025-01-22,[86900, 96020],2nd Floor 74 Tabernacle Street London England EC2A 4EA
MASGOUF LONDON LIMITED,16199936,active,ltd,,,2025-01-22,,2025-01-22,[56102],5-6 William Street London England SW1X 9HL
JJ LINDEN PRO LTD,16199952,active,ltd,,,2025-01-22,,2025-01-22,[46190, 64999],Carlyle House 235-237 Vauxhall Bridge Road London United Kingdom SW1V 1EJ
QUANT INFRASTRUCTURE COMPANY LIMITED,16199955,active,ltd,,,2025-01-22,,2025-01-22,[62012, 62090],35 Portman Square North-East Suite, 2nd Floor London United Kingdom W1H 6LR
TIMELY TRENDS GLOBAL LTD,16199982,active,ltd,,,2025-01-22,,2025-01-22,[47910],128 City Road London United Kingdom EC1V 2NX
SAILORS CONNECT LTD,16199981,active,ltd,,,2025-01-22,,2025-01-22,[58290, 62012, 62090, 63990],71-75 Shelton Street London United Kingdom WC2H 9JQ
TRIPLE 8 SOLUTIONS LTD,16200059,active,ltd,,,2025-01-22,,2025-01-22,[70229],71-75 Shelton Street London United Kingdom WC2H 9JQ
QUINTAIN (NO. 57) LIMITED,16200056,active,ltd,,,2025-01-22,,2025-01-22,[68209],180 Great Portland Street London England W1W 5QZ
AY-DEN FOOD AND ART LTD,16200049,active,ltd,,,2025-01-22,,2025-01-22,[47810, 47890, 47910],74 Ulster Gardens London, London United Kingdom N13 5DW
PJTD LIMITED,16200099,active,ltd,,,2025-01-22,,2025-01-22,[47710, 47910],Acre House London United Kingdom NW1 3ER
BRANEWORLD LIMITED,16200106,active,ltd,,,2025-01-22,,2025-01-22,[90030],4 Sutton Square London England E9 6EQ
TUNJI ADEBAYO HOLDING LTD,16200244,active,ltd,,,2025-01-22,,2025-01-22,[77400],3 Chelsea Crescent London United Kingdom NW2 3QP
CASHIFY LTD,16195121,active,ltd,,,2025-01-20,,2025-01-20,[69201, 69202],1 Devon Court, Old London Road St Albans United Kingdom AL1 1PP
THE SOCIAL POST LTD,16200495,active,ltd,,,2025-01-22,,2025-01-22,[58190],20 Wenlock Road London England N1 7GU
BAITER LIMITED,16200472,active,ltd,,,2025-01-22,,2025-01-22,[47910],29518 Office Suite 29a, 3/F, 23 Wharf Street London United Kingdom SE8 3GG
ALBION CAPITAL LTD,16200582,active,ltd,,,2025-01-22,,2025-01-22,[64205, 70221, 70229],20 Wenlock Road London England N1 7GU
WATTS&WHEELS LTD,16200550,active,ltd,,,2025-01-22,,2025-01-22,[47640],4th Floor Office London England W1B 4HB
H & D CLAIM ASSESSORS LTD,16200652,active,ltd,,,2025-01-22,,2025-01-22,[70229],Putney Business Centre 70 Upper Richmond Road London England SW15 2RP
CONNECTIUM DEVELOPMENTS LTD,16200658,active,ltd,,,2025-01-22,,2025-01-22,[68100],128 City Road London United Kingdom EC1V 2NX
LAN HAIR STYLES LTD,16200663,active,ltd,,,2025-01-22,,2025-01-22,[96020],79 Oxley Close London England SE1 5HF
TRIFECTA SEED LIMITED,16200790,active,ltd,,,2025-01-22,,2025-01-22,[64209],125 Wood Street London England EC2V 7AW
GENEVRA LTD,16200779,active,ltd,,,2025-01-22,,2025-01-22,[47910],Office 11394 182-184 High Street North London United Kingdom E6 2JA
BENNYS TRANSPORTFIRMA LTD,16200902,active,ltd,,,2025-01-22,,2025-01-22,[49410],128 City Road London United Kingdom EC1V 2NX
BEE BEE HOLDINGS LIMITED,16200896,active,ltd,,,2025-01-22,,2025-01-22,[64209],Solar House London England N14 6NZ
LEISU CONSULTANCY LTD,16201001,active,ltd,,,2025-01-22,,2025-01-22,[68100, 68209, 70229],20 Wenlock Road London England N1 7GU
RIVERBEECH INVESTMENTS LTD,16201077,active,ltd,,,2025-01-22,,2025-01-22,[68100, 68209],17 Rowben Close London United Kingdom N20 8QR
T&A GLOBAL PROPERTIES LIMITED,16201055,active,ltd,,,2025-01-22,,2025-01-22,[68100, 68201, 68209],2nd Floor College House Ruislip, United Kingdom HA4 7AE
CPRC TRADING LIMITED,16201071,active,ltd,,,2025-01-22,,2025-01-22,[64209],Flat 30 Joanna House London England W6 9EE
A D SMITH CONSTRUCTION LIMITED,16201065,active,ltd,,,2025-01-22,,2025-01-22,[41202, 43290],254 Goldhawk Road London England W12 9PE
M-VALUE HIRING SOLUTIONS LTD,16201064,active,ltd,,,2025-01-22,,2025-01-22,[78109],71-75 Shelton Street London United Kingdom WC2H 9JQ
MAX MODS LTD,16201134,active,ltd,,,2025-01-22,,2025-01-22,[45320],3rd Floor, 86-90 Paul Street London England EC2A 4NE
DMF GROUP LTD,16201395,active,ltd,,,2025-01-22,,2025-01-22,[41201, 41202, 43290, 43999],65 Winsor Terrace London England E6 6LJ
GHET CONSULTING LTD,16201427,active,ltd,,,2025-01-22,,2025-01-22,[70229],104 Manwood Road London England SE4 1SE
POLYGON GREEN LTD,16200151,active,ltd,,,2025-01-22,,2025-01-22,[70229],167-169 Great Portland Street London England W1W 5PF
SNAPHOST LTD,16200200,active,ltd,,,2025-01-22,,2025-01-22,[55900],71-75 Shelton Street London United Kingdom WC2H 9JQ
NIMBUS STUDIO UK LIMITED,16200195,active,ltd,,,2025-01-22,,2025-01-22,[59112, 59113, 73120, 74201],167 - 169 Great Portland Street London England W1W 5PF
NFT CAPITAL LTD,16200194,active,ltd,,,2025-01-22,,2025-01-22,[70229],74b Warwick Avenue London United Kingdom W9 2PU
A.A PRO PLATFORMS LTD,16200213,active,ltd,,,2025-01-22,,2025-01-22,[43991],54 Forest Road London England E17 6JR
ENGINEERING ASSISTANCE LIMITED,16200256,active,ltd,,,2025-01-22,,2025-01-22,[71122, 71129, 71200, 74909],103 Mauger Heights 12 Summerstown London England SW17 0GZ
CHADA THAI FOOD LTD,16200354,active,ltd,,,2025-01-22,,2025-01-22,[47810],Flat 145 Crane Court 3 Wagtail Walk London England SE2 9FD
APPRECIATE ESTATES LTD,16200426,active,ltd,,,2025-01-22,,2025-01-22,[68209],44 Stockhurst Close London England SW15 1NB
DESK OF MJ LTD,16200429,active,ltd,,,2025-01-22,,2025-01-22,[73110],Dept 7561, 196 High Road London United Kingdom N22 8HH
LUXE CAR HIRE LTD,16200423,active,ltd,,,2025-01-22,,2025-01-22,[77110],Flat 25 Rawson Court London England SW11 5HJ
MIC UP MUSIC LTD,16200541,active,ltd,,,2025-01-22,,2025-01-22,[59200],128 City Road London United Kingdom EC1V 2NX
MULBERRY HEALTH SQUARE LTD,16200611,active,ltd,,,2025-01-22,,2025-01-22,[70229],10 Fitzroy Road London United Kingdom NW1 8TX
APOTHECARY COMMERCIAL PROPERTY LIMITED,16200623,active,ltd,,,2025-01-22,,2025-01-22,[68209],7 Granard Business Centre Mill Hill, London United Kingdom NW7 2DQ
MAKING MOVES RESIDENTIAL LIMITED,16184618,active,ltd,,,2025-01-15,,2025-01-15,[68310],8 Devonshire Square London England EC2M 4YJ
RESIDENTAL LIMITED,16200639,active,ltd,,,2025-01-22,,2025-01-22,[86230],Flat 5 24 Hastings Road London United Kingdom W13 8QH
MT TRADING LONDON LTD,16200765,active,ltd,,,2025-01-22,,2025-01-22,[82990],347 Green Street London England E13 9AR
LAJI LTD,16200767,active,ltd,,,2025-01-22,,2025-01-22,[28940, 46160, 71121, 74100],17 Green Lanes London England N16 9BS
VOXELWOLVES UK LIMITED,16200746,active,ltd,,,2025-01-22,,2025-01-22,[59112, 90030],The Fisheries 1 Mentmore Terrace London United Kingdom E8 3PN
BLOOM HOUSE OF BEAUTY LIMITED,16200874,active,ltd,,,2025-01-22,,2025-01-22,[96020],Suite G04 1 Quality Court, Chancery Lane London England WC2A 1HR
ONLYHEARTWELL LTD,16200867,active,ltd,,,2025-01-22,,2025-01-22,[47910],3rd Floor, 86-90 Paul Street London England EC2A 4NE
SUMMITFX LTD,16200952,active,ltd,,,2025-01-22,,2025-01-22,[64999],71-75 Shelton Street London United Kingdom WC2H 9JQ
WESOLVE AI LIMITED,16200942,active,ltd,,,2025-01-22,,2025-01-22,[74909],3rd Floor, 86-90 Paul Street London United Kingdom EC2A 4NE
TEE OFF PROPERTY LTD,16200911,active,ltd,,,2025-01-22,,2025-01-22,[68100, 68209],71-75 Shelton Street London United Kingdom WC2H 9JQ
I&S HALAL MEAT LTD,16201023,active,ltd,,,2025-01-22,,2025-01-22,[47220],25 Electric Avenue London England SW9 8JP
FWF GLOBAL UK LIMITED,16201038,active,ltd,,,2025-01-22,,2025-01-22,[46510, 62012, 62020, 63110],71-75 Shelton Street London United Kingdom WC2H 9JQ
ELITE INVESTMENTS STRATEGIES LTD,16201027,active,ltd,,,2025-01-22,,2025-01-22,[64202, 64205, 64303, 68100],20 Wenlock Road London England N1 7GU
RIVERPINE INVESTMENTS LTD,16201048,active,ltd,,,2025-01-22,,2025-01-22,[68100, 68209],17 Rowben Close London United Kingdom N20 8QR
BOURBON RX LIMITED,16201084,active,ltd,,,2025-01-22,,2025-01-22,[46342],3 Boundary Road London England SW19 2AW
G S V WALL PROPERTY LTD,16201207,active,ltd,,,2025-01-22,,2025-01-22,[68209],3rd Floor, 86-90 Paul Street London United Kingdom EC2A 4NE
M FOUR FILM LIMITED,16201307,active,ltd,,,2025-01-22,,2025-01-22,[59111],8 Lyme Street London England NW1 0EH
ORCHID AI LIMITED,16201376,active,ltd,,,2025-01-22,,2025-01-22,[62020],128 City Road London United Kingdom EC1V 2NX
XORCHESTRATE LIMITED,16201388,active,ltd,,,2025-01-22,,2025-01-22,[62020],37 Aysgarth Road London England SE21 7JR
INSYT LTD,16201458,active,ltd,,,2025-01-22,,2025-01-22,[70221, 70229],34b Kempe Road London United Kingdom NW6 6SJ
ARVEETY LIMITED,16201460,active,ltd,,,2025-01-22,,2025-01-22,[62020],29 Abbotsbury Close London England E15 2RR
SPELTHORNE BSD LTD,16201534,active,ltd,,,2025-01-22,,2025-01-22,[68100, 68209],103a Geldeston Road London United Kingdom E5 8RS
HYPERION STRATEGY LTD,16201589,active,ltd,,,2025-01-22,,2025-01-22,[47190],71-75 Shelton Street London United Kingdom WC2H 9JQ
SYED MOFAZZAL HUSSAIN LIMITED,16201565,active,ltd,,,2025-01-22,,2025-01-22,[49320, 62030, 70229],21 Langdon Crescent London England E6 2PW
EMBER AND EARTH INVESTMENTS LTD,16201602,active,ltd,,,2025-01-22,,2025-01-22,[98000],Level 5a Maple House London United Kingdom W1T 7NF
NATLAH LTD,16201608,active,ltd,,,2025-01-22,,2025-01-22,[47190, 47910],71-75 Shelton Street London United Kingdom WC2H 9JQ
NEXUS EXCELLENCE LTD,16201613,active,ltd,,,2025-01-22,,2025-01-22,[56210, 77110, 79110, 82301],71-75 Shelton Street London United Kingdom WC2H 9JQ
EDSION BEAUTY SKINCARE LTD,16201687,active,ltd,,,2025-01-22,,2025-01-22,[46190, 46370],Office 11419 182-184 High Street North East Ham United Kingdom E6 2JA
SMARTSPACE PROPERTY LIMITED,16201679,active,ltd,,,2025-01-22,,2025-01-22,[68100, 68209],130 Manor Road London England N17 0JE
SA UK BUILDERS LIMITED,16201673,active,ltd,,,2025-01-22,,2025-01-22,[41100, 41202],218 Wakefield Street London England E6 1LQ
AUNTY NORA LTD,16201759,active,ltd,,,2025-01-22,,2025-01-22,[68209],1st Floor 314 Regents Park Road London England N3 2LT
HORSTED (8) LTD,16201755,active,ltd,,,2025-01-22,,2025-01-22,[68209],128 City Road London United Kingdom EC1V 2NX
COCOA BEACH TAN PRODUCTS LTD,16201729,active,ltd,,,2025-01-22,,2025-01-22,[47910],85 Great Portland Street, First Floor London England W1W 7LT
O'BAMFIELDS HOLDINGS LTD,16201775,active,ltd,,,2025-01-22,,2025-01-22,[68320],71-75 Shelton Street London United Kingdom WC2H 9JQ
THE CLARITY FRAMEWORK LTD,16201784,active,ltd,,,2025-01-22,,2025-01-22,[70229],20-22 Wenlock Road London England N1 7GU
THE EUROPEAN GARDEN IMPORTS LTD,16201847,active,ltd,,,2025-01-22,,2025-01-22,[46310],554 Streatham High Road London England SW16 3QG
ORESTA STREAM LTD,16201839,active,ltd,,,2025-01-22,,2025-01-22,[68100],6a Russell Gardens London England NW11 9NL
SWIPE & WIPE LTD,16201876,active,ltd,,,2025-01-22,,2025-01-22,[81210, 81299],57 John Silkin Lane London England SE8 5BB
PENGUIN AQUA LTD,16201889,active,ltd,,,2025-01-22,,2025-01-22,[46210, 46380, 47640, 47910],38 Lee Park London England SE3 9HZ
RHINO CAPITAL LIMITED,16201895,active,ltd,,,2025-01-22,,2025-01-22,[64922, 64929],Brookway House London United Kingdom N14 6JU
XSL INSURE CONSULTING LIMITED,16201917,active,ltd,,,2025-01-22,,2025-01-22,[66220],Xsl Insure Consulting Limited London United Kingdom EC1V 2NX
B2EL GROUP LTD,16201951,active,ltd,,,2025-01-22,,2025-01-22,[70100],225 Clapham Road London England SW9 9BE
DLX PROPERTIES LTD,16201982,active,ltd,,,2025-01-22,,2025-01-22,[68209],C/O Getground London England W6 0NB
WDC PAVING SERVICES LTD,16201987,active,ltd,,,2025-01-22,,2025-01-22,[43999],27 Old Gloucester Street London United Kingdom WC1N 3AX
HAPPY NANNY LTD,16202022,active,ltd,,,2025-01-22,,2025-01-22,[84120],10a Holly Park Road London England N11 3HD
SIMPLE DINING LTD,16202008,active,ltd,,,2025-01-22,,2025-01-22,[23490],11 Carlton Mansions London England N16 5PX
SONA CLINIC LTD,16202037,active,ltd,,,2025-01-22,,2025-01-22,[86210],Office 44 4 Montpelier Street London United Kingdom SW7 1EE
PANGEA GLOBAL CAPITAL LTD,16202051,active,ltd,,,2025-01-22,,2025-01-22,[68100, 68201, 68209, 68320],71-75 Shelton Street London United Kingdom WC2H 9JQ
IMF CLEANING LIMITED,16202085,active,ltd,,,2025-01-22,,2025-01-22,[96090],128 City Road London United Kingdom EC1V 2NX
ABIVA INVESTMENTS LTD,16202107,active,ltd,,,2025-01-22,,2025-01-22,[96090],19 Spring Hill London United Kingdom E5 9BE
BIG TEA TEAS LTD,16202129,active,ltd,,,2025-01-22,,2025-01-22,[47250, 47910],124 City Road London United Kingdom EC1V 2NX
ORNEK PROPERTIES LTD,16202158,active,ltd,,,2025-01-22,,2025-01-22,[68209],Flat 11 Papyrus House London England N1 7SA
SAUNICA LTD,16202200,active,ltd,,,2025-01-22,,2025-01-22,[47990],27 Trahorn Close London England E1 5EE
INDUS SOFTWARE LIMITED,16202211,active,ltd,,,2025-01-22,,2025-01-22,[62012],42-44 Bishopsgate London England EC2N 4AH
PHD FURNITURE LTD,16202206,active,ltd,,,2025-01-22,,2025-01-22,[47599, 47910],Flat 2 10 Stirling Road London England E17 6BT
FAMIBASS LIMITED,16202238,active,ltd,,,2025-01-22,,2025-01-22,[64209],Stag House Hertford United Kingdom SG13 7LA
STORY GREW LTD,16202218,active,ltd,,,2025-01-22,,2025-01-22,[63110, 73110, 74100],3rd Floor, 86-90 Paul Street London United Kingdom EC2A 4NE
CHIGWELL HITZ LTD,16202271,active,ltd,,,2025-01-22,,2025-01-22,[93110],D S Burge And Co Ltd London United Kingdom SW19 4DW
LRC MIDCO 4 LIMITED,16202308,active,ltd,,,2025-01-22,,2025-01-22,[64306],60 Welbeck Street London United Kingdom W1G 9XB
GLORIA CREMATIONS LTD,16202337,active,ltd,,,2025-01-22,,2025-01-22,[96030],69 Swyncombe Avenue London England W5 4DR
AR PROPERTY PARTNERS LIMITED,16166523,active,ltd,,,2025-01-06,,2025-01-06,[68209],13 Montpelier Avenue Bexley United Kingdom DA5 3AP
DARDIVINO LTD,16202362,active,ltd,,,2025-01-22,,2025-01-22,[46342],Flat 202 Masons House 18 Navigators Walk London England E3 2RP
EUROPE VOYAGE SERVICE LTD,16202426,active,ltd,,,2025-01-22,,2025-01-22,[79120],64 Southwark Bridge Road London England SE1 0AS
FUME LONDON LTD,16202427,active,ltd,,,2025-01-22,,2025-01-22,[47510],80 Bow Lane London England N12 0JP
EASTERN LANDS I LTD,16202482,active,ltd,,,2025-01-22,,2025-01-22,[68100],20 Wenlock Road London England N1 7GU
IAGO WEST END LIMITED,16202487,active,ltd,,,2025-01-22,,2025-01-22,[90010],124 Finchley Road London England NW3 5JS
PANTHER INVESTORS LTD,16202507,active,ltd,,,2025-01-22,,2025-01-22,[68100, 68209],Office 7 35-37 Ludgate Hill London United Kingdom EC4M 7JN
LUMYN SOLUTIONS LTD,16202660,active,ltd,,,2025-01-22,,2025-01-22,[62090],3rd Floor, 86-90 Paul Street London England EC2A 4NE
FIDO FIDUCIA LTD,16202681,active,ltd,,,2025-01-22,,2025-01-22,[78109],Office Lg06 1 Quality Court London United Kingdom WC2A 1HR
BETHNAL CYCLES LIMITED,16202680,active,ltd,,,2025-01-22,,2025-01-22,[47640],245 Bethnal Green Road London England E2 6AB
ETC APPAREL LIMITED,16202686,active,ltd,,,2025-01-22,,2025-01-22,[46160, 46410, 47710, 47910],10 Radlett Close London England E7 9JF
KALYNARO LTD,16202781,active,ltd,,,2025-01-23,,2025-01-23,[47910],71-75 Shelton Street London United Kingdom WC2H 9JQ
ENERGY MARKETING & COMMUNICATIONS UK LIMITED,16202794,active,ltd,,,2025-01-23,,2025-01-23,[82301, 82990],4th Floor Office London England W1B 4HB
ILILI MEZZE LTD,16202786,active,ltd,,,2025-01-23,,2025-01-23,[56102, 56103],36a Tachbrook Street London England SW1V 2JS
THE MURROW BELL LTD,16202834,active,ltd,,,2025-01-23,,2025-01-23,[56302],1-4 London Road Spalding England PE11 2TA
ENZO ELITE PROPERTY INVESTMENTS LTD,16202866,active,ltd,,,2025-01-23,,2025-01-23,[68100, 68209],20 Wenlock Road London England N1 7GU
MED STUDIES KESISI BLISNAKIS LIMITED,16202898,active,ltd,,,2025-01-23,,2025-01-23,[85600, 86210],178 Seven Sisters Road London England N7 7PX
THEBROCHERS.COM LTD,16202891,active,ltd,,,2025-01-23,,2025-01-23,[68209],3rd Floor, 86-90 Paul Street London England EC2A 4NE
V&A PROJECT LTD,16202901,active,ltd,,,2025-01-23,,2025-01-23,[41100, 43110, 43290, 43390],46 Adelaide Road London United Kingdom E10 5NW
ASHANTE ANTHONY LTD,16202940,active,ltd,,,2025-01-23,,2025-01-23,[74901],55 Besant Court London United Kingdom N1 4RE
LIU'S LOTUS HOUSE LTD,16202938,active,ltd,,,2025-01-23,,2025-01-23,[56103],15 London Road Stanford-Le-Hope England SS17 0LL
TOBY IRVING CONSULTING LIMITED,16202973,active,ltd,,,2025-01-23,,2025-01-23,[74909],44 Ruskin Walk London England SE24 9LZ
ATESH BARBER LTD,16203079,active,ltd,,,2025-01-23,,2025-01-23,[96020],500 White Hart Lane London England N17 7NA
CAPTAIN PIZZA LTD,16203070,active,ltd,,,2025-01-23,,2025-01-23,[56103],51 Mottingham Road London England SE9 4QZ
ANCHOR CARE LTD,16203092,active,ltd,,,2025-01-23,,2025-01-23,[84120, 87200],20 Wenlock Road London England N1 7GU
HKAKAY CC LTD,16203129,active,ltd,,,2025-01-23,,2025-01-23,[88910],52 Alma Avenue London England E4 9JT
LOVIGIN LTD,16203160,active,ltd,,,2025-01-23,,2025-01-23,[62012, 62090, 63120],3rd Floor, 86-90 Paul Street London United Kingdom EC2A 4NE
TRAVELS AND TRAVELS UK LTD,16203166,active,ltd,,,2025-01-23,,2025-01-23,[96090],140 Maybury Road London United Kingdom IG11 0PG
MNI HOLDINGS LTD,16203235,active,ltd,,,2025-01-23,,2025-01-23,[64209],128 City Road London United Kingdom EC1V 2NX
PR HOMES LONDON LIMITED,16203241,active,ltd,,,2025-01-23,,2025-01-23,[68100, 68209],180 London Road Romford England RM7 9EU
MAISON CLOSE MAYFAIR LTD,16203237,active,ltd,,,2025-01-23,,2025-01-23,[56301],9 Swallow Street London England W1B 4DF
OCEANF LTD,16203243,active,ltd,,,2025-01-23,,2025-01-23,[46900],167-169 Great Portland Street London England W1W 5PF
BERET LIMITED,16203290,active,ltd,,,2025-01-23,,2025-01-23,[47910],29962 Office Suite 29a, 3/F., 23 Wharf Street London United Kingdom SE8 3GG
DIVERSITY TRANSPORT LTD,16159044,active,ltd,,,2025-01-02,,2025-01-02,[49320, 49390],Community House London England N9 0PZ
YANG MJ LIMITED,16203320,active,ltd,,,2025-01-23,,2025-01-23,[46160, 46190],Suite 3674 5 Brayford Square London United Kingdom E1 0SG
PRESTBURY MEDWAY PROPCO LIMITED,16203296,active,ltd,,,2025-01-23,,2025-01-23,[68209],Cavendish House London United Kingdom W1G 0PJ
FOOD&LIFE LTD,16194332,active,ltd,,,2025-01-20,,2025-01-20,[99999],20 Wenlock Road London England N1 7GU
FORTITUDE AND LIBERTY LIMITED,16194345,active,ltd,,,2025-01-20,,2025-01-20,[47722, 47789],44 Aspen Close London England W5 4YQ
LUNESIA HOSPITALITY LTD,16194339,active,ltd,,,2025-01-20,,2025-01-20,[56101, 56290, 70229],85 Great Portland Street London England W1W 7LT
ULTIMATE CYCLING ADVENTURES LTD,16194338,active,ltd,,,2025-01-20,,2025-01-20,[93199],71-75 Shelton Street London United Kingdom WC2H 9JQ
THRILL DRINKS LTD,16194819,active,ltd,,,2025-01-20,,2025-01-20,[46341],45 Fitzroy Street, Thrill London United Kingdom W1T 6EB
BLLOG ELECTRICAL SERVICES LTD,16194792,active,ltd,,,2025-01-20,,2025-01-20,[43210],19 Templeton Avenue London United Kingdom E4 6SS
OEM INSTALLATIONS LTD,16194817,active,ltd,,,2025-01-20,,2025-01-20,[43290],71-75 Shelton Street London United Kingdom WC2H 9JQ
DP44 RIGHTS LTD,16195093,active,ltd,,,2025-01-20,,2025-01-20,[64209],50 Liverpool Street London England EC2M 7PY
SPECIALIST LIGHTING CONTRACTOR & SUPPLIER LIMITED,16195094,active,ltd,,,2025-01-20,,2025-01-20,[43210],128 City Road London United Kingdom EC1V 2NX
FUEL TRANSPORT SERVICES LTD,16162691,active,ltd,,,2025-01-03,,2025-01-03,[49410],71-75 Shelton Street London United Kingdom WC2H 9JQ
UNION RETAIL LTD,16195080,active,ltd,,,2025-01-20,,2025-01-20,[47910],3rd Floor, 86-90 Paul Street London United Kingdom EC2A 4NE
PILLARS PROPERTY GROUP LTD,16195214,active,ltd,,,2025-01-20,,2025-01-20,[82990],20 Wenlock Road London England N1 7GU
BOOKER PROPERTY SOLUTIONS LTD,16195422,active,ltd,,,2025-01-20,,2025-01-20,[82990],20 Wenlock Road London England N1 7GU
SCROLLEX LIMITED,16195510,active,ltd,,,2025-01-20,,2025-01-20,[62090],81 Bedford Road London England N2 9DB
DEBURY DEVELOPMENT LTD,16195508,active,ltd,,,2025-01-20,,2025-01-20,[68100, 68209],20 Newby Street London United Kingdom SW8 3BG
AMNEXXT LTD,16195516,active,ltd,,,2025-01-20,,2025-01-20,[62020, 70229, 71122],71-75 Shelton Street London United Kingdom WC2H 9JQ
EDEN BUILD CONSTRUCTION LTD,16195522,active,ltd,,,2025-01-20,,2025-01-20,[41202],42a Windsor Road London England W5 5PE
SMARTFETCH LTD,16195674,active,ltd,,,2025-01-20,,2025-01-20,[47910],84 Regina Road London United Kingdom SE25 4TT
MAR CARPIO LTD,16195666,active,ltd,,,2025-01-20,,2025-01-20,[71122],Flat 30, Pershore House London United Kingdom W13 0UL
CHAPTER X CLOTHING LTD,16195767,active,ltd,,,2025-01-20,,2025-01-20,[47910],Flat 27 Gwen Morris House London England SE5 0AD
STUDIO MIESZEK LTD,16195775,active,ltd,,,2025-01-20,,2025-01-20,[74100],Flat 43 John Kennedy Court London England N1 4RT
THE LONDON CAMPUS LIMITED,16195964,active,ltd,,,2025-01-20,,2025-01-20,[85421, 85422, 85600],4 Percy Street London United Kingdom W1T 1DF
FANGGUO LTD,16195946,active,ltd,,,2025-01-20,,2025-01-20,[62020],71-75 Shelton Street London United Kingdom WC2H 9JQ
REK FRESH LTD,16195954,active,ltd,,,2025-01-20,,2025-01-20,[56290],8 Clock House Parade London England N13 6BG
ALUX U.K LIMITED,16195950,active,ltd,,,2025-01-20,,2025-01-20,[49320, 52290],Flat 2, St. Matthew's Court London United Kingdom E10 5AP
CYTIDEL LIMITED,16196162,active,ltd,,,2025-01-20,,2025-01-20,[62090],Office 7 35-37 London England EC4M 7JN
SMILEY-SMITH STUDIOS LTD,16196314,active,ltd,,,2025-01-20,,2025-01-20,[74100],91 Rushmore Road London United Kingdom E5 0EX
LEWIS PARTIES LIMITED,16196480,active,ltd,,,2025-01-20,,2025-01-20,[56210],94 Woolstone Road London United Kingdom SE23 2TH
RBCHEVLUX LTD,16163352,active,ltd,,,2025-01-04,,2025-01-04,[96020],45 Albemarle Street London England W1S 4JL
ARKSTONE CAPITAL LTD,16196473,active,ltd,,,2025-01-20,,2025-01-20,[70229],32a Pembridge Villas London United Kingdom W11 3EL
SMART STAY MANAGEMENT LTD,16196676,active,ltd,,,2025-01-20,,2025-01-20,[68209, 68320],101 St. Stephens Avenue London England W12 8JA
DELTA JOINTING SERVICES LTD,16197005,active,ltd,,,2025-01-21,,2025-01-21,[42220, 43210],23a The Precinct Waterlooville United Kingdom PO7 7DT
ANCHOR INSIGHTS LTD,16196983,active,ltd,,,2025-01-21,,2025-01-21,[62020],128 City Road London United Kingdom EC1V 2NX
JN SNOOKER LTD,SC834224,active,ltd,,,2025-01-15,,2025-01-15,[56302],1 London Street Glasgow Scotland PA4 8SH
72 VICTORIOUS LTD,16197386,active,ltd,,,2025-01-21,,2025-01-21,[68209],1 Kings Avenue London United Kingdom N21 3NA
WORKING MUMS LTD,16197861,active,ltd,,,2025-01-21,,2025-01-21,[88910],23 Burgos Grove London England SE10 8LL
POTTERY STUDIO LONDON LTD,16197988,active,ltd,,,2025-01-21,,2025-01-21,[90040],133 Burnt Ash Road London United Kingdom SE12 8RA
KAWARI LTD,16197968,active,ltd,,,2025-01-21,,2025-01-21,[70229],71-75 Shelton Street London United Kingdom WC2H 9JQ
INNOVATION GLOBAL INDUSTRIES UK LIMITED,16198067,active,ltd,,,2025-01-21,,2025-01-21,[71121, 71122],C/O Tmf Group 13th Floor London United Kingdom EC2R 7HJ
ODDYSEY FRAGRANCE LIMITED,16198072,active,ltd,,,2025-01-21,,2025-01-21,[46450],46b Greatorex Street London United Kingdom E1 5NP
GG17012025 LTD,16198094,active,ltd,,,2025-01-21,,2025-01-21,[68209],C/O Getground London England W6 0NB
SAMTANA VILLAGE LTD,16194245,active,ltd,,,2025-01-20,,2025-01-20,[82301],3rd Floor, 86-90 Paul Street London United Kingdom EC2A 4NE
KMK MODEL MANAGEMENT LTD,16194247,active,ltd,,,2025-01-20,,2025-01-20,[78109],Office 11395 Office 11395 East Ham United Kingdom E6 2JA
SNACKBYTES LTD,16194268,active,ltd,,,2025-01-20,,2025-01-20,[59120, 59200],Unit 10 Greenwich Centre Business Park London England SE10 9QF
E SALES WORLD LTD,16194289,active,ltd,,,2025-01-20,,2025-01-20,[46190, 46900, 47910],71-75 Shelton Street London United Kingdom WC2H 9JQ
W&C GROUP LTD,16194751,active,ltd,,,2025-01-20,,2025-01-20,[56103],Suite Ra01 195-197 Wood Street, London United Kingdom E17 3NU
MAC MANUS COMMUNICATIONS LTD,16194771,active,ltd,,,2025-01-20,,2025-01-20,[70210],Flat 28 Couzens House London England E3 4BG
MISS DIASPORA LIMITED,16195009,active,ltd,,,2025-01-20,,2025-01-20,[96020, 96040, 96090],128 City Road London United Kingdom EC1V 2NX
SOURCE N CONNECT LTD,16195113,active,ltd,,,2025-01-20,,2025-01-20,[59111, 59112, 78101],124 City  Road London United Kingdom EC1V 2NX
VISENTIS LTD,16195108,active,ltd,,,2025-01-20,,2025-01-20,[70229],33 Mayfield Avenue London England W4 1PN
AJD FORTRESS LIMITED,16195134,active,ltd,,,2025-01-20,,2025-01-20,[68100, 68201],20 Limeharbour London England E14 9TS
E & A MANAGEMENT LIMITED,16195119,active,ltd,,,2025-01-20,,2025-01-20,[68100],93 Ravensdale Road London England N16 6TH
CASK BROS LTD,16195457,active,ltd,,,2025-01-20,,2025-01-20,[11010, 46342],64 Southwark Bridge Road London England SE1 0AS
ANNA SUDBINA STUDIO LIMITED,16195450,active,ltd,,,2025-01-20,,2025-01-20,[90030],77 East Road London United Kingdom N1 6AH
ONAMICA LTD,16195449,active,ltd,,,2025-01-20,,2025-01-20,[70229, 71122, 74909, 96090],71-75 Shelton Street London United Kingdom WC2H 9JQ
W&W EQUINE SERVICES LIMITED,16195539,active,ltd,,,2025-01-20,,2025-01-20,[77210],Foresters Hall 25-27 Westow Street London England SE19 3RY
MOISE PROP LTD,16195644,active,ltd,,,2025-01-20,,2025-01-20,[68209, 68310],60 St. Aidans Road London England SE22 0RW
STUDYNINJAA LTD,16195738,active,ltd,,,2025-01-20,,2025-01-20,[85600],4 Pheasant Square London England NW9 7FE
IRISALI LTD,16195728,active,ltd,,,2025-01-20,,2025-01-20,[47910],Gibraltar House London United Kingdom SE26 4EE
INNOVYA LTD,16195868,active,ltd,,,2025-01-20,,2025-01-20,[85600],15 Grosvenor Way London England E5 9ND
DREAM REACTOR LTD,16196097,active,ltd,,,2025-01-20,,2025-01-20,[62090, 85320],71-75 Shelton Street London United Kingdom WC2H 9JQ
POLYCREST LTD,16196169,active,ltd,,,2025-01-20,,2025-01-20,[70229],Flat 7 Waterside Point London England SW11 4PD
FUTURE BRAND BUILD LTD,16196183,active,ltd,,,2025-01-20,,2025-01-20,[73110, 73120, 73200, 74100],20 Wenlock Road London England N1 7GU
GREEN ENERGY CONSTRUCTION LTD,16196454,active,ltd,,,2025-01-20,,2025-01-20,[43210, 43220],Unit A London England E3 3LT
APOLLO ENGINEERING SERVICES LTD,16196516,active,ltd,,,2025-01-20,,2025-01-20,[71122],3rd Floor, 86-90 Paul Street London England EC2A 4NE
DOWAT TRADING LTD,16196834,active,ltd,,,2025-01-21,,2025-01-21,[68209],Waxwell House Pinner United Kingdom HA5 3EP
SHELAM LTD,16197083,active,ltd,,,2025-01-21,,2025-01-21,[56101],52 Eltham High Street London England SE9 1BT
THE RED SIGN LTD.,16197079,active,ltd,,,2025-01-21,,2025-01-21,[77400],71-75 Shelton Street London United Kingdom WC2H 9JQ
ROOKE PROPERTY LIMITED,16197300,active,ltd,,,2025-01-21,,2025-01-21,[68100, 68209],167-169 Great Portland Street London England W1W 5PF
ECOBUILD LOUGHTON LTD,16197279,active,ltd,,,2025-01-21,,2025-01-21,[43390],500 White Hart Lane London England N17 7NA
SHROPSHIRE'S GAME COMPANY LTD,16197437,active,ltd,,,2025-01-21,,2025-01-21,[01470],71-75 Shelton Street London United Kingdom WC2H 9JQ
GVCP BIDCO LIMITED,16197620,active,ltd,,,2025-01-21,,2025-01-21,[64209],89b Englefield Road London England N1 3LJ
KORA FINANCE SOLUTIONS LIMITED,16197617,active,ltd,,,2025-01-21,,2025-01-21,[66220, 66290],Suite 130, Prospect House, 2 Athenaeum Road London United Kingdom N20 9AE
NOISY BOYZ LTD,16197637,active,ltd,,,2025-01-21,,2025-01-21,[93290],85 Tooting High Street London England SW17 0SU
AGENT BLACKWELL LTD,16197787,active,ltd,,,2025-01-21,,2025-01-21,[74202],3rd Floor, 86-90 Paul Street London United Kingdom EC2A 4NE
GOOD INFLUENCE HOLDINGS LIMITED,16197796,active,ltd,,,2025-01-21,,2025-01-21,[64209],4th Floor 18 St. Cross Street London United Kingdom EC1N 8UN
PALM WILLOW LIMITED,16197802,active,ltd,,,2025-01-21,,2025-01-21,[68209],20 Wenlock Road London England N1 7GU
SUPPLEMENT CLUB LTD,16197823,active,ltd,,,2025-01-21,,2025-01-21,[82990],128 City Road London United Kingdom EC1V 2NX
THE LOWKEY STUDIO LTD,16198014,active,ltd,,,2025-01-21,,2025-01-21,[73110, 74100, 90030],20 Wenlock Road London England N1 7GU
FASHION AND MORE LTD,16198005,active,ltd,,,2025-01-21,,2025-01-21,[47910],71-75 Shelton Street London United Kingdom WC2H 9JQ
AJM ACCESS LTD,16198003,active,ltd,,,2025-01-21,,2025-01-21,[43290],71-75 Shelton Street London United Kingdom WC2H 9JQ
PMD IT CONSULTING LTD,16193980,active,ltd,,,2025-01-20,,2025-01-20,[63990],20 Wenlock Road London England N1 7GU
AAA PROPERTIES LONDON LTD,16193996,active,ltd,,,2025-01-20,,2025-01-20,[68209],G4 Citygate House London England E7 9HZ
BIZRITE LTD,16194294,active,ltd,,,2025-01-20,,2025-01-20,[68100, 68209],20 Wenlock Road London England N1 7GU
KESTREL SCAFFOLDING LTD,16194310,active,ltd,,,2025-01-20,,2025-01-20,[43991],4 Cambridge Drive London England SE12 8AJ
AJ.LDN LTD,16194463,active,ltd,,,2025-01-20,,2025-01-20,[47910],71-75 Shelton Street London United Kingdom WC2H 9JQ
FILTA.TECH LTD,16194689,active,ltd,,,2025-01-20,,2025-01-20,[62020],20 Wenlock Road London England N1 7GU
BLACK LABEL CONSULTING LIMITED,16194693,active,ltd,,,2025-01-20,,2025-01-20,[70229],117b Wakeman Road London England NW10 5BH
VISION 3D LTD,16194895,active,ltd,,,2025-01-20,,2025-01-20,[47910],71-75 Shelton Street London United Kingdom WC2H 9JQ
AD8&CO LTD,16195143,active,ltd,,,2025-01-20,,2025-01-20,[70229],33 Great Bushey Drive London England N20 8QN
JULIA'S CLEANING SERVICES LTD,16195361,active,ltd,,,2025-01-20,,2025-01-20,[81299],749 Finchley Road London England NW11 8DL
PARAGON H&S SERVICES LTD,16195494,active,ltd,,,2025-01-20,,2025-01-20,[74909],29 Pioneer Close London United Kingdom E14 6BF
SCIENE LTD,16195610,active,ltd,,,2025-01-20,,2025-01-20,[86220, 96040],62 Dukes Avenue London England N10 2PU
KEYSTONE DWELLINGS LIMITED,16196032,active,ltd,,,2025-01-20,,2025-01-20,[68209],C/O Getground London England W6 0NB
KATCH LABS LTD,16196336,active,ltd,,,2025-01-20,,2025-01-20,[58210],105 Meridian Place London England E14 9FF
STK PROPERTY MANAGEMENT LTD,16196689,active,ltd,,,2025-01-20,,2025-01-20,[98000],11 Hedley House 21 Hainault Road London England E11 1ED
SOFELA LTD,16196766,active,ltd,,,2025-01-21,,2025-01-21,[47910, 70229],124 City Road London United Kingdom EC1V 2NX
BEEFHEART LIMITED,16197055,active,ltd,,,2025-01-21,,2025-01-21,[96090],101 New Cavendish Street London United Kingdom W1W 6XH
SMART PERCEPTION LTD,16197057,active,ltd,,,2025-01-21,,2025-01-21,[62020, 62090],Flat 4 12a The Mall London England W5 2PJ
DZP STUDIO LTD,16197011,active,ltd,,,2025-01-21,,2025-01-21,[71111, 74100],71-75 Shelton Street London United Kingdom WC2H 9JQ
NEXT STEP VENTURES LTD,16197043,active,ltd,,,2025-01-21,,2025-01-21,[74909],Flat 4, 126 Gloucester Avenue London United Kingdom NW1 8JA
STORY PANDA LIMITED,16197067,active,ltd,,,2025-01-21,,2025-01-21,[90030],128 City Road London United Kingdom EC1V 2NX
SOFTIES LONDON LTD,16197024,active,ltd,,,2025-01-21,,2025-01-21,[46160, 47710, 47910],71-75 Shelton Street London United Kingdom WC2H 9JQ
TUMBLETREASURE LTD,16197247,active,ltd,,,2025-01-21,,2025-01-21,[47789, 47990],71-75 Shelton Street London England WC2H 9JQ
BAKERY BOUTIQUE LTD,16197401,active,ltd,,,2025-01-21,,2025-01-21,[10890],33 Cavendish Square London United Kingdom W1G 0PW
COMMUNITY ENABLE FUNDING LIMITED,16197578,active,ltd,,,2025-01-21,,2025-01-21,[64999],C/O Tmf Group 13th Floor London United Kingdom EC2R 7HJ
NIMBYGRAM LTD,16197562,active,ltd,,,2025-01-21,,2025-01-21,[62011],85 Great Portland Street London England W1W 7LT
STUDIO AMANDA DOLGA LTD,16197726,active,ltd,,,2025-01-21,,2025-01-21,[71111],44 Coverdale Road London England W12 8JL
SYNERGY DESIGN STUDIO LTD,16197720,active,ltd,,,2025-01-21,,2025-01-21,[74100],Synergy Design Studio London England EC1V 2NX
PLATO TECHNOLOGY GROUP (UK) LTD.,16197909,active,ltd,,,2025-01-21,,2025-01-21,[46690],Rf001 1st Floor Front London England W1D 5QA
NEXGREEN INNOV LIMITED,16198034,active,ltd,,,2025-01-21,,2025-01-21,[73110, 73120, 74100],Ground Floor Of Capital House London United Kingdom E8 1LL
AUTOBOTS DRIVING SCHOOL LTD,16194014,active,ltd,,,2025-01-20,,2025-01-20,[85530],3 Lewis Crescent London England NW10 0NS
SA JPLANT UK LIMITED,16194034,active,ltd,,,2025-01-20,,2025-01-20,[47910],124 City Road London England EC1V 2NX
AXIS PROJECT SOLUTIONS LIMITED,16194231,active,ltd,,,2025-01-20,,2025-01-20,[70229],71-75 Shelton Street London United Kingdom WC2H 9JQ
OBEROI LIMITED,16194393,active,ltd,,,2025-01-20,,2025-01-20,[55100, 55900, 56101, 56210],71-75 Shelton Street London United Kingdom WC2H 9JQ
ACCENTITY LTD,16194604,active,ltd,,,2025-01-20,,2025-01-20,[62012],128 City Road London United Kingdom EC1V 2NX
CHEWBONIC ENTERTAINMENT LTD,16194668,active,ltd,,,2025-01-20,,2025-01-20,[59112, 59120],12 Cowper Road London England W7 1EH
UNLIMITED CONSULTING INTERNATIONAL LTD,16194857,active,ltd,,,2025-01-20,,2025-01-20,[62012, 70229],85 Great Portland Street, First Floor London United Kingdom W1W 7LT
SPECIAL GUEST LDN LIMITED,16162689,active,ltd,,,2025-01-03,,2025-01-03,[90010, 90030],54 Elm Grove London United Kingdom SE15 5DE
GG-120-085 LIMITED,16195017,active,ltd,,,2025-01-20,,2025-01-20,[68209],C/O Getground London England W6 0NB
INTER CAPITAL INVEST LTD,16195184,active,ltd,,,2025-01-20,,2025-01-20,[68100],11-15 Chase Road London England NW10 6PT
DAYFUN LTD,16195193,active,ltd,,,2025-01-20,,2025-01-20,[62012, 62090],124 City Road London United Kingdom EC1V 2NX
FORTY FIVE 90 PLUS LTD,16185567,active,ltd,,,2025-01-15,,2025-01-15,[70229],1341 High Road Whetstone England N20 9HR
SOUTHBRIDGE FOODS LTD,16195846,active,ltd,,,2025-01-20,,2025-01-20,[56103],71-75 Shelton Street London United Kingdom WC2H 9JQ
NMP HAIRCARE LTD,16195829,active,ltd,,,2025-01-20,,2025-01-20,[47750, 47910],71-75 Shelton Street London United Kingdom WC2H 9JQ
R A BALLOONS COMPANY LTD,16196059,active,ltd,,,2025-01-20,,2025-01-20,[56210, 82302, 96090],167-169 Great Portland Street London England W1W 5PF
325X LTD,16196127,active,ltd,,,2025-01-20,,2025-01-20,[62020, 70229],20 Wenlock Road London England N1 7GU
SPD LTD,16196265,active,ltd,,,2025-01-20,,2025-01-20,[93110],20 Wenlock Road London England N1 7GU
TECHFIRST GROUP LTD,16196250,active,ltd,,,2025-01-20,,2025-01-20,[78109],3rd Floor, 86-90 Paul Street London United Kingdom EC2A 4NE
ACUPUNCTURE & NATUROPATHY LIMITED,16196383,active,ltd,,,2025-01-20,,2025-01-20,[47910, 96020, 96040],30 London Fields East Side London United Kingdom E8 3SA
MANDO ESTATES LIMITED,16196381,active,ltd,,,2025-01-20,,2025-01-20,[68100, 68209],Flat 125 Lea View House London England E5 9DZ
WALLIS FAMILY VENTURES LTD,16197145,active,ltd,,,2025-01-21,,2025-01-21,[99999],Lawford House London United Kingdom N3 1QA
ORNATE STUDIO LTD,16197139,active,ltd,,,2025-01-21,,2025-01-21,[74100],D S Burge And Co Ltd London United Kingdom SW19 4DW
BLACKLYTE UK LIMITED,16197322,active,ltd,,,2025-01-21,,2025-01-21,[46150, 47410, 47430, 47910],Office Suite 29a, 3/F., 23 Wharf Street London England SE8 3GG
SACKSTAR PROPERTY LTD.,16159857,active,ltd,,,2025-01-02,,2025-01-02,[82990],71-75 Shelton Street London United Kingdom WC2H 9JQ
FOOD MENTOR LIMITED,16197539,active,ltd,,,2025-01-21,,2025-01-21,[85590, 85600],128 City Road London United Kingdom EC1V 2NX
EUDAIMONIA HOLDINGS UK LTD,16197752,active,ltd,,,2025-01-21,,2025-01-21,[68100, 68209],187a London Road Croydon United Kingdom CR0 2RJ
GOCAREER CONSULTING LTD,16197930,active,ltd,,,2025-01-21,,2025-01-21,[74909, 78109, 85590, 96040],128 City Road London United Kingdom EC1V 2NX
CONNECTIVITI NA LIMITED,16197936,active,ltd,,,2025-01-21,,2025-01-21,[62090, 63120, 63990],128 City Road London United Kingdom EC1V 2NX
BLACKHAWK SOURCING LTD,16197938,active,ltd,,,2025-01-21,,2025-01-21,[96090],128 City Road London United Kingdom EC1V 2NX
FBNK LIMITED,16198065,active,ltd,,,2025-01-21,,2025-01-21,[68209],71-75 Shelton Street London United Kingdom WC2H 9JQ
CAT&CRIS TRANSPORT LTD,16198119,active,ltd,,,2025-01-21,,2025-01-21,[49410],33 Napier Road London England E15 3DW
FAMILY BARBERS LTD,16203408,active,ltd,,,2025-01-23,,2025-01-23,[96020],338a Regents Park Road London United Kingdom N3 2LN
CD LINDORES LTD,16203448,active,ltd,,,2025-01-23,,2025-01-23,[64209],19th Floor 1 Westfield Avenue London United Kingdom E20 1HZ
BLISS & BLOOM LTD,16203451,active,ltd,,,2025-01-23,,2025-01-23,[47990, 59112, 62020, 73110],71-75 Shelton Street London United Kingdom WC2H 9JQ
WELL CROWN VIEW LTD,16203471,active,ltd,,,2025-01-23,,2025-01-23,[68209],71-75 Shelton Street London United Kingdom WC2H 9JQ
DWELLDOM LIMITED,16203490,active,ltd,,,2025-01-23,,2025-01-23,[43290],Magnolia House Edgware England HA8 7EB
VAN-A-HENE LTD,16203514,active,ltd,,,2025-01-23,,2025-01-23,[52290],21 Goldwing Close London United Kingdom E16 3EQ
SWAY STUDIO LTD,16203515,active,ltd,,,2025-01-23,,2025-01-23,[90030],3rd Floor, 86-90 Paul Street London United Kingdom EC2A 4NE
MBB INSTALLATIONS LTD,16203534,active,ltd,,,2025-01-23,,2025-01-23,[43290],23a The Precinct Waterlooville United Kingdom PO7 7DT
SCHILLER IU UK LTD,16203527,active,ltd,,,2025-01-23,,2025-01-23,[85600],891 Greenford Road London United Kingdom UB6 0HE
DILEK PROPERTY LTD,16203537,active,ltd,,,2025-01-23,,2025-01-23,[68100, 68209, 68320],500 White Hart Lane London England N17 7NA
EAST FRIDAY LTD,16179925,active,ltd,,,2025-01-13,,2025-01-13,[46900, 56102, 56103, 56290],71-75 Shelton Street London United Kingdom WC2H 9JQ
YEDI BROTHERS LTD,16203592,active,ltd,,,2025-01-23,,2025-01-23,[47110],72-76 High Road London United Kingdom N15 6JU
H CONCEPT LIMITED,16203600,active,ltd,,,2025-01-23,,2025-01-23,[46370, 46380, 47290, 56290],128 City Road London United Kingdom EC1V 2NX
PSYBERVISION LIMITED,16203626,active,ltd,,,2025-01-23,,2025-01-23,[62020, 62090],167-169 Great Portland Street London England W1W 5PF
DEEP MILL SERVICES LIMITED,16203610,active,ltd,,,2025-01-23,,2025-01-23,[47300],309 Regents Park Road London United Kingdom N3 1DP
FLOMA BUILDING SERVICES LTD,16203661,active,ltd,,,2025-01-23,,2025-01-23,[43210],20 Wenlock Road London England N1 7GU
SMARTSPARK TUITION LIMITED,16203854,active,ltd,,,2025-01-23,,2025-01-23,[85200, 85310],128 City Road London United Kingdom EC1V 2NX
BO AFFILIATE LIMITED,16203879,active,ltd,,,2025-01-23,,2025-01-23,[73110],2nd Floor College House Ruislip, United Kingdom HA4 7AE
THE BEAUTY GROUPP LTD,16203880,active,ltd,,,2025-01-23,,2025-01-23,[96020],118 Norwood High Street London England SE27 9NH
USEFUL WORKS LIMITED,16203896,active,ltd,,,2025-01-23,,2025-01-23,[70221, 70229],19 Blenheim Grove London United Kingdom SE15 4QS
JOAN'S CLOSET LTD,16203884,active,ltd,,,2025-01-23,,2025-01-23,[47799],245 Brunswick Road London United Kingdom W5 1AJ
AUTOLINE CAR PARTS LTD,16203895,active,ltd,,,2025-01-23,,2025-01-23,[45320],71-75 Shelton Street London United Kingdom WC2H 9JQ
PLANIT MANAGEMENT CONSULTANTS LIMITED,16203892,active,ltd,,,2025-01-23,,2025-01-23,[70229],3rd Floor, 86-90 Paul Street London United Kingdom EC2A 4NE
MONEY SCHOOL LTD,16203930,active,ltd,,,2025-01-23,,2025-01-23,[68209],20 Wenlock Road London England N1 7GU
NILI INVESTMENTS LIMITED,16203944,active,ltd,,,2025-01-23,,2025-01-23,[68209],199 Uxbridge Road London England W13 9AA
DELTA GROUNDWORKS LTD,16203922,active,ltd,,,2025-01-23,,2025-01-23,[41202],5 Greenwich View Place London England E14 9NN
35 GAYVILLE ROAD HOLDINGS LTD,16203950,active,ltd,,,2025-01-23,,2025-01-23,[68100],35 Gayville Road London England SW11 6JW
YAEL LIVNI CONSULTING LTD,16203969,active,ltd,,,2025-01-23,,2025-01-23,[70229],Flat 3 Fitzjohns House London England NW3 5LU
ROST ESTATES LTD,16203998,active,ltd,,,2025-01-23,,2025-01-23,[68100],48 Lingwood Road London England E5 9BN
IVAAN ELEGANCE LIMITED,16204012,active,ltd,,,2025-01-23,,2025-01-23,[47820, 47910],48a White Horse Road London United Kingdom E1 0ND
HOSPITALITY EXCELLENCE AND RESORT ACCOMMODATION (H.E.R.A.) LTD,16204042,active,ltd,,,2025-01-23,,2025-01-23,[18130, 55100, 62020, 98000],Apt 303 Aird House London United Kingdom W2 6JF
DAVENTER FINANCE LIMITED,16204083,active,ltd,,,2025-01-23,,2025-01-23,[96090],101 New Cavendish Street London United Kingdom W1W 6XH
OPTIMUM CLAIMS LIMITED,16204070,active,ltd,,,2025-01-23,,2025-01-23,[82990],1 Kings Avenue London United Kingdom N21 3NA
SUPPLEMENT EXPERTS LTD,16204088,active,ltd,,,2025-01-23,,2025-01-23,[46900, 47789, 47910, 52290],128 City Road London United Kingdom EC1V 2NX
MAS ADVISORS LTD,16204091,active,ltd,,,2025-01-23,,2025-01-23,[70229],167-169 Great Portland Street London United Kingdom W1W 5PF
SCRIPTED TOOLS LTD,16204129,active,ltd,,,2025-01-23,,2025-01-23,[62090],Solar House London England N14 6NZ
THE HILLINGDON CARE COMPANY LIMITED,16204132,active,ltd,,,2025-01-23,,2025-01-23,[87100, 87200, 87300, 88100],London Borough Of Hillingdon Civic Centre Uxbridge United Kingdom UB8 1UW
HAJI FUNERAL SERVICES LTD,16204175,active,ltd,,,2025-01-23,,2025-01-23,[96030],224 Winns Avenue London England E17 5LP
INDIE MAZE LTD,16204209,active,ltd,,,2025-01-23,,2025-01-23,[58290, 62012, 62020, 62090],71-75 Shelton Street London United Kingdom WC2H 9JQ
DARKFOE INDUSTRIES LTD,16204223,active,ltd,,,2025-01-23,,2025-01-23,[62020, 62090],71-75 Shelton Street London United Kingdom WC2H 9JQ
IN 1ST LTD,16204284,active,ltd,,,2025-01-23,,2025-01-23,[49390, 96090],Unit 23 Io Centre London United Kingdom SE18 6RS
CHELSEA CONSTRUCTION CONTRACTS LIMITED,16204308,active,ltd,,,2025-01-23,,2025-01-23,[43390],12 Celbridge Mews London England W2 6EU
MAJOR PROCESS CONSULTANCY LTD,16204325,active,ltd,,,2025-01-23,,2025-01-23,[74909],Flat 4, Fountain Court London United Kingdom SE26 6EE
GO CITY NEWCO LIMITED,16204340,active,ltd,,,2025-01-23,,2025-01-23,[64209],C/O Go City Limited London United Kingdom WC2E 9NH
CKR THODAY STREET LTD,16204383,active,ltd,,,2025-01-23,,2025-01-23,[68209],1 Kings Avenue London United Kingdom N21 3NA
TEMPO TRAINING LIMITED,16204434,active,ltd,,,2025-01-23,,2025-01-23,[85510],2nd Floor College House Ruislip, United Kingdom HA4 7AE
AJN PROPCO LTD,16204445,active,ltd,,,2025-01-23,,2025-01-23,[68100, 68209],16 Great Queen Street London United Kingdom WC2B 5AH
ENIGMA SECURITY TRUSTEES LTD,16204454,active,ltd,,,2025-01-23,,2025-01-23,[64999],20 Wenlock Road London England N1 7GU
NEW IRVING 2025 LTD,16204459,active,ltd,,,2025-01-23,,2025-01-23,[68209],16 Ingestre Place London England W1F 0JJ
EQUANIMITY HEALTH LIMITED,16204471,active,ltd,,,2025-01-23,,2025-01-23,[74909],Magnolia House Edgware England HA8 7EB
SOUTH COAST CARPENTRY & CONSTUCTION LTD,16204530,active,ltd,,,2025-01-23,,2025-01-23,[16230],3rd Floor, 86-90 Paul Street London United Kingdom EC2A 4NE
NICOLA HOPWOOD DESIGN LTD,16204543,active,ltd,,,2025-01-23,,2025-01-23,[41100],Flat 3 13 Maud Chadburn Place London United Kingdom SW4 9BT
RICHOUX TWB LTD,16204563,active,ltd,,,2025-01-23,,2025-01-23,[56101],1-3 Portland Place London United Kingdom W1B 1PN
AITE ATELIER LIMITED,16204613,active,ltd,,,2025-01-23,,2025-01-23,[96090],Unit 9 Apollo Business Centre London England SE8 5JE
SOPHIE CARPENTRY LTD,16204627,active,ltd,,,2025-01-23,,2025-01-23,[43390],2 Whitfield Road London England E6 1AS
IGMAF LTD,16204662,active,ltd,,,2025-01-23,,2025-01-23,[56302],The Royal Oak London United Kingdom NW10 4TS
DBEAUTYCOSMETICS LIMITED,16204661,active,ltd,,,2025-01-23,,2025-01-23,[46450],245 High Street South London England E6 3PD
WARDOUR CONSULTANTS LTD,16204706,active,ltd,,,2025-01-23,,2025-01-23,[70210],128 City Road London United Kingdom EC1V 2NX
A TO Z WOOD FLOORING LIMITED,16204708,active,ltd,,,2025-01-23,,2025-01-23,[16100, 43330],54 Stebbing House 5 Queensdale Crescent London England W11 4TE
FAB CORNER STUDIO LTD,16204760,active,ltd,,,2025-01-23,,2025-01-23,[74202],1 Barton Yard Soames Walk London England SE10 0BN
JOANNA MORGAN LIMITED,16204801,active,ltd,,,2025-01-23,,2025-01-23,[90030],9a Trio Lodge New Barnet United Kingdom EN5 1JN
BOAHZ LTD,16204817,active,ltd,,,2025-01-23,,2025-01-23,[74909],2 Frederick Street London United Kingdom WC1X 0ND
INTELLIA INSIGHT LTD,16204830,active,ltd,,,2025-01-23,,2025-01-23,[73200],71-75 Shelton Street London United Kingdom WC2H 9JQ
KAATAPULT LTD,16204838,active,ltd,,,2025-01-23,,2025-01-23,[70229],4 Clifford Gardens London England NW10 5JD
DRK CONSULTING LTD,16204884,active,ltd,,,2025-01-23,,2025-01-23,[70229],72 Aberdeen Park London England N5 2BE
TASCON LEGAL SERVICES LTD,16204882,active,ltd,,,2025-01-23,,2025-01-23,[74909],3rd Floor, 86-90 Paul Street London United Kingdom EC2A 4NE
NOSTREUM TECHNOLOGIES LIMITED,16204888,active,ltd,,,2025-01-23,,2025-01-23,[62011],124-128 City Road London England EC1V 2NX
VERIM ADVISORY LTD,16204896,active,ltd,,,2025-01-23,,2025-01-23,[62020, 62090, 70229],Flat 52 Ashworth Mansions London England W9 1LW
PIZZADELLACASA1 LTD,16204891,active,ltd,,,2025-01-23,,2025-01-23,[56103],388 London Road, Aylesford United Kingdom ME20 7JY
TRAVEL & GO LTD,16204909,active,ltd,,,2025-01-23,,2025-01-23,[47190],157 Earls Court Road London England SW5 9RQ
RS MEDIA SOLUTIONS LIMITED,16204936,active,ltd,,,2025-01-23,,2025-01-23,[73110],74 Fortune Green Road London England NW6 1DS
TRIPLEMM HOME LIMITED,16204939,active,ltd,,,2025-01-23,,2025-01-23,[68209, 68320],3rd Floor, 86-90 Paul Street London England EC2A 4NE
STAR RECRUITMENT SERVICE LTD,16205036,active,ltd,,,2025-01-24,,2025-01-24,[78109],465 Green Street London England E13 9AX
STRIDE TECHNOLOGIES LTD,16205039,active,ltd,,,2025-01-24,,2025-01-24,[62012],Flat 1 9 The Mall London United Kingdom W5 2PJ
SAVOURS KITCHEN LTD,16205056,active,ltd,,,2025-01-24,,2025-01-24,[56103, 56210],128 City Road London United Kingdom EC1V 2NX
BAD WOLF INVESTMENTS LTD,16205071,active,ltd,,,2025-01-24,,2025-01-24,[64209],1 Kings Avenue London United Kingdom N21 3NA
AURELLIAN GROUP LIMITED,16205102,active,ltd,,,2025-01-24,,2025-01-24,[47722, 47910, 70229, 73110],71-75 Shelton Street London United Kingdom WC2H 9JQ
AIFLOW TECH LTD,16205113,active,ltd,,,2025-01-24,,2025-01-24,[62011, 62090, 63110, 63120],71-75 Shelton Street London United Kingdom WC2H 9JQ
ZEPTOP LTD,16205143,active,ltd,,,2025-01-24,,2025-01-24,[26110, 26400, 62020, 62090],71-75 Shelton Street London United Kingdom WC2H 9JQ
GROSVENOR PROPERTY STAGING LTD,16205245,active,ltd,,,2025-01-24,,2025-01-24,[96090],20 Wenlock Road London England N1 7GU
GOLDEN SUN INVESTMENTS LIMITED,16205347,active,ltd,,,2025-01-24,,2025-01-24,[41100],Unit 6 2-20 Scrutton Street London United Kingdom EC2A 4RJ
AENEAS SAILING LTD,16205326,active,ltd,,,2025-01-24,,2025-01-24,[99999],27 Old Gloucester Street London United Kingdom WC1N 3AX
NOVA HOUSE LIMITED,16205369,active,ltd,,,2025-01-24,,2025-01-24,[98000],The Scalpel 18th Floor, London United Kingdom EC3M 7AF
SYZ COMPANIES LTD,16205374,active,ltd,,,2025-01-24,,2025-01-24,[47770],3rd Floor, 86-90 Paul Street London United Kingdom EC2A 4NE
PROFIT STRATEGIES LTD,16163274,active,ltd,,,2025-01-04,,2025-01-04,[69201, 70221, 70229],. Bespoke Spaces London United Kingdom N19 5SG
PONDECO LTD,16216847,active,ltd,,,2025-01-29,,2025-01-29,[47910, 63110, 85590],71-75 Shelton Street London United Kingdom WC2H 9JQ
ACCOMMODATE CONSULTING LTD,16213142,active,ltd,,,2025-01-28,,2025-01-28,[70229],3rd Floor 86-90 Paul Street London England EC2A 4NE
BM QUANTITY SURVEYING LIMITED,16216480,active,ltd,,,2025-01-29,,2025-01-29,[68320, 74902],17 Pennine Parade Pennine Drive London England NW2 1NT
SMITH CARS LTD,16179883,active,ltd,,,2025-01-13,,2025-01-13,[77110],Flat F London England W3 6TN
CLIFF VILLAS LTD,16213148,active,ltd,,,2025-01-28,,2025-01-28,[68100, 68209],32-33 Upper Street London England N1 0PN
GRIGORJEVSGROUP LTD,16163340,active,ltd,,,2025-01-04,,2025-01-04,[47910],191 Barrier Point Road London England E16 2SF
DWELLE PROPERTY SERVICES LIMITED,16160247,active,ltd,,,2025-01-02,,2025-01-02,[68320],458 Roman Road London England E3 5LU
7 AVALON LTD,16171830,active,ltd,,,2025-01-08,,2025-01-08,[68100, 68209, 68320],441 High Street North London England E12 6TJ
BRIGHT CRAFTS DEVELOPMENT LTD,16188203,active,ltd,,,2025-01-16,,2025-01-16,[17220, 46190],116 Clitterhouse Crescent London England NW2 1DA
CLIFF VILLAS SUB LTD,16213489,active,ltd,,,2025-01-28,,2025-01-28,[68100, 68209],32-33 Upper Street London England N1 0PN
DINING SYMPHONY PVT LTD,16169690,active,ltd,,,2025-01-08,,2025-01-08,[56101],55 Aldersgate Street London England EC1A 4LA
OWL OPTOMETRY LTD,16176514,active,ltd,,,2025-01-10,,2025-01-10,[86900],3504 Landmark East Tower London England E14 9EG
MANDI POINT LTD,16183757,active,ltd,,,2025-01-14,,2025-01-14,[56102],372 High Street North London England E12 6PH
VENUS GARDEN LTD,16192898,active,ltd,,,2025-01-18,,2025-01-18,[47760, 47910, 85590],3 Potters Row London United Kingdom E20 1GX
ERG PRIVATE FINANCE LIMITED,16211474,active,ltd,,,2025-01-27,,2025-01-27,[64999],Erg Finance 167-169 Great Portland Street London England W1W 5PF
J&M SKINCARE LTD,16182952,active,ltd,,,2025-01-14,,2025-01-14,[86220, 86900],82 Shepherds Bush Road London England W6 7PH
A3 FORUM LIMITED,16168525,active,ltd,,,2025-01-07,,2025-01-07,[98000],85 Great Portland Street Great Portland Street London England W1W 7LT
IDEAL VANS UK LIMITED,16168883,active,ltd,,,2025-01-07,,2025-01-07,[45111],C/O Baloch 38 Corbidge Court Greenwich SE8 3ES
VR CENTRAL HEAT LTD,16160483,active,ltd,,,2025-01-02,,2025-01-02,[43220, 46740],391 Archway Road London England N6 4ER
AVIGEN LTD,16211696,active,ltd,,,2025-01-27,,2025-01-27,[72110],58 Wood Lane, White City London England W12 7RZ
KALI ELECTRICS LTD,16163891,active,ltd,,,2025-01-06,,2025-01-06,[35140],85 Great Portland Street London England W1W 7LT
REIGN MEDIA LTD,16190016,active,ltd,,,2025-01-16,,2025-01-16,[73110],3rd Floor 45 Albemarle Street London England W1S 4JL
DATE-IT LIMITED,16171644,active,ltd,,,2025-01-08,,2025-01-08,[26400],18 Kirkside Road London England SE3 7SQ
VICTOR AUTO-SERVICES LTD,16212697,active,ltd,,,2025-01-28,,2025-01-28,[45200],13 Croft Road London England SW16 3NG
BRITANNIA HOME CERTIFICATES LTD,16204963,active,ltd,,,2025-01-23,,2025-01-23,[41202, 43999, 74909],City Gate House Business Centre, Suite M5, First Floor London England E7 9HZ
RANYA CONVENIENCE STORE LTD,16166773,active,ltd,,,2025-01-06,,2025-01-06,[47190],811a High Road London England N12 8JT
LAKEHURST PARK LIMITED,16219537,active,ltd,,,2025-01-30,,2025-01-30,[68100],Pelican London Tower London United Kingdom SW17 0BZ
ROCKINGTON PROPERTY LTD,16213026,active,ltd,,,2025-01-28,,2025-01-28,[68100],1 C/O Getground London United Kingdom W6 0NB
DALYSONS 3A LTD,16200004,active,ltd,,,2025-01-22,,2025-01-22,[79110, 81299, 96090],124 City Road London England EC1V 2NX
RR ROCKS LIMITED,16214840,active,ltd,,,2025-01-28,,2025-01-28,[23700],1 Cranley Road Ilford United Kingdom IG2 6AG
ELEANÉ LIMITED,16164873,active,ltd,,,2025-01-06,,2025-01-06,[47910],167-169 Great Portland Street London England W1W 5PF
VALKREST LIMITED,16177615,active,ltd,,,2025-01-11,,2025-01-11,[70221],1 Cornhill City Of London England EC3V 3ND
ML PHOTOS LTD,16184586,active,ltd,,,2025-01-15,,2025-01-15,[74202],11 Ferntower Road Ferntower Road London England N5 2JE
BPS TECH SOLUTIONS LTD,16158912,active,ltd,,,2025-01-02,,2025-01-02,[62012, 62020, 62030, 63110],103 Island Business Centre Woolwich United Kingdom SE18 6PF
NEMBOT & CO LTD,16212394,active,ltd,,,2025-01-28,,2025-01-28,[70229],124 City Road London England EC1V 2NX
THEODORA ACCESSORIES LIMITED,16185867,active,ltd,,,2025-01-15,,2025-01-15,[47770, 47890, 47910],71-75 Shelton Street London United Kingdom WC2H 9JQ
RK EVENTS AND MUSIC LTD,16159828,active,ltd,,,2025-01-02,,2025-01-02,[90010, 90020],167-169 Great Portland Street London England W1W 5PF
FANATICS COLLECT UK LIMITED,16186561,active,ltd,,,2025-01-15,,2025-01-15,[47910],C/O Csc Cls (Uk) Limited 5 Churchill Place London United Kingdom E14 5HU
FINE CLINIC LONDON LTD,16200311,active,ltd,,,2025-01-22,,2025-01-22,[86900, 96020],Flat 12 Lancaster House London England W6 0BZ
NATRIUM REDOX TECHNOLOGIES LIMITED,16205258,active,ltd,,,2025-01-24,,2025-01-24,[71121, 71122, 72190, 77400],Wsm Partners Llp Connect House London United Kingdom SW19 7JY
PQH GROUP LTD,16159020,active,ltd,,,2025-01-02,,2025-01-02,[46190, 46900],The Workary London England SW5 0BS
OUTPERFORMING LIMITED,16210088,active,ltd,,,2025-01-27,,2025-01-27,[68209, 70229],Suite 12 & 13 Regents Business Park Nantwich England CW5 6LW
GH PRIVATE EQUITY LIMITED,16170746,active,ltd,,,2025-01-08,,2025-01-08,[41100, 68100, 70221],First Floor Winston House London United Kingdom N3 1DH
TIREG CARGO & LOGISTICS LIMITED,16162667,active,ltd,,,2025-01-03,,2025-01-03,[49320, 49390, 52290, 77110],Flat 55 Coatbridge House London England N1 0DX
OMOS UNKO ACCOMMODATION LTD,16168543,active,ltd,,,2025-01-07,,2025-01-07,[55100, 68100, 68320, 98000],35 St. Georges Road London England NW11 0LU
ANTHONY SONATE LTD,16216517,active,ltd,,,2025-01-29,,2025-01-29,[45112, 50200, 62020, 70229],45 Fitzrovia Fitzroy Street London England W1T 6EB
TRUSTED PATH LTD,16189138,active,ltd,,,2025-01-16,,2025-01-16,[62012, 62020],86-90 Paul Street London United Kingdom EC2A 4NE
PILAZEES LTD.,16220629,active,ltd,,,2025-01-31,,2025-01-31,[93110],Studio 220-221 Oxgate House Oxgate Lane London England NW2 7FT
KHOOD LTD,16209556,active,ltd,,,2025-01-27,,2025-01-27,[47710, 85320, 85600],24-26, Arcadia Avenue Fin009 London United Kingdom N3 2JU
K&K URBAN VENTURES LTD,16211408,active,ltd,,,2025-01-27,,2025-01-27,[56101, 56103, 56210, 68209],6 Beckton Road London England E16 1EW
LP CLEANING SERVICES LTD,16172396,active,ltd,,,2025-01-09,,2025-01-09,[81210, 81299],71-75 Shelton Street London United Kingdom WC2H 9JQ
CLINTON FAMILY HOLDINGS LIMITED,16192641,active,ltd,,,2025-01-17,,2025-01-17,[64209],128 City Road London England EC1V 2NX
MARVIS CLEANING LIMITED,16210641,active,ltd,,,2025-01-27,,2025-01-27,[47910, 81299],87 Flanders Road London England E6 6BL
UNCLE JOHN FILMS LIMITED,16207472,active,ltd,,,2025-01-24,,2025-01-24,[59111],76 Admaston Road London England SE18 2TR
MAR EDUCATION LTD,16218673,active,ltd,,,2025-01-30,,2025-01-30,[85600],9 Thackeray Road London England E6 3BN
COGNIFYME LTD,16207483,active,ltd,,,2025-01-24,,2025-01-24,[62090],Great Portland 167-169  Great Portland Street London England W1W 5PF
VAULT00 LTD,16162837,active,ltd,,,2025-01-03,,2025-01-03,[46160],435 Neutron Tower Blackwall Way London England E14 9GW
EXCHANGE 082 LIMITED,16176281,active,ltd,,,2025-01-10,,2025-01-10,[68209],3rd Floor 86 - 90 Paul Street London England EC2A 4NE
SOLENT BUSINESS SOLUTIONS LTD,16194670,active,ltd,,,2025-01-20,,2025-01-20,[82990],167-169 Great Portland Street 167-169 Great Portland Street London England W1W 5PF
EXCHANGE 081 LIMITED,16176250,active,ltd,,,2025-01-10,,2025-01-10,[68209],3rd Floor 86 - 90 Paul Street London England EC2A 4NE
KOOKOO EATS LTD,16171790,active,ltd,,,2025-01-08,,2025-01-08,[56103],Office 15101, 182-184 High Street North East Ham London England E6 2JA
TAJ INDIAN LTD,16172166,active,ltd,,,2025-01-08,,2025-01-08,[56101],63 Old Compton Street London England W1D 6HT
BRITANNIA'S BLITZ LTD.,16187831,active,ltd,,,2025-01-16,,2025-01-16,[32409],128 City Road 128 City Road London England EC1V 2NX
THE EXPAT TOURS LTD,16178611,active,ltd,,,2025-01-13,,2025-01-13,[79120],1 Sugar House Lane, Stratford E15 2qs London England E15 2QS
SUNSET SKYLINE LTD,16219723,active,ltd,,,2025-01-30,,2025-01-30,[55900, 68100],2nd Floor, College House Ruislip HA4 7AE
DURHAM UK BUILDERS LTD,16207135,active,ltd,,,2025-01-24,,2025-01-24,[43390, 70229, 71122],Office 403, Screenworks 22 Highbury Grove London United Kingdom N5 2ER
AURORE PROPERTY & CONCIERGERIE LIMITED,16184272,active,ltd,,,2025-01-14,,2025-01-14,[68320],167-169 Great Portland Street London England W1W 5PF
HEAPS NORMAL LTD,16194948,active,ltd,,,2025-01-20,,2025-01-20,[46390],167-169 Great Portland Street London England W1W 5PF
THE BLACKHEATH CLINIC LTD,16205186,active,ltd,,,2025-01-24,,2025-01-24,[86210, 96020],Office Gold Building 7 Floor 5, 566 Chiswick High Road London United Kingdom W4 5YG
TELEZON LIMITED,16182895,active,ltd,,,2025-01-14,,2025-01-14,[46520, 47910, 95120],2 Wilton Rd London United Kingdom SE2 9RH
HALR TECH GROUP LIMITED,16211318,active,ltd,,,2025-01-27,,2025-01-27,[58290, 62012, 62020, 62090],Office 352 60 Tottenham Court Road Fitzrovia England W1T 2EW
THE CREATIVE CONNECT LTD,16183479,active,ltd,,,2025-01-14,,2025-01-14,[63990],128 City Road London United Kingdom EC1V 2NX
CROSSPOLYNATED LTD,16163954,active,ltd,,,2025-01-06,,2025-01-06,[73110],Mumford Mills Greenwich High Road London England SE10 8ND
SWEVVA LTD,16165160,active,ltd,,,2025-01-06,,2025-01-06,[47910],71-75 Shelton Street London United Kingdom WC2H 9JQ
OT CH FIN HOLDINGS (UK) LIMITED,16158687,active,ltd,,,2025-01-02,,2025-01-02,[64209],70 New Oxford Street London United Kingdom WC1A 1EU
ANEMO LABS LIMITED,16206738,active,ltd,,,2025-01-24,,2025-01-24,[62012, 72190],167-169 Great Portland Street London England W1W 5PF
STUDY GLOBAL SERVICES LTD,16183138,active,ltd,,,2025-01-14,,2025-01-14,[85590, 85600],61 Bounces Road London N9 8JE
LUNAR GROWTH LTD,16213108,active,ltd,,,2025-01-28,,2025-01-28,[70229, 84110],167 - 169 Great Portland Street London England W1W 5PF
ZADEH LTD,16160139,active,ltd,,,2025-01-02,,2025-01-02,[46310, 46760, 68100, 68320],338a Regents Park Road London United Kingdom N3 2LN
AGADI HOUSE LTD,16192335,active,ltd,,,2025-01-17,,2025-01-17,[47610, 58110],Office 44, 182-184 High Street North London England E6 2JA
XXLSMILE LTD,16159276,active,ltd,,,2025-01-02,,2025-01-02,[47710, 47910, 74202, 90030],416 16 Upper Woburn Place London United Kingdom WC1H 0AF
ZUDEK INTERNATIONAL LIMITED,16185071,active,ltd,,,2025-01-15,,2025-01-15,[46690, 68209],102 Fulham Palace Road London England W6 9PL
YES YES TRAVEL LTD,16217353,active,ltd,,,2025-01-29,,2025-01-29,[55100],22-25 Portman Close Marylebone London England W1H 6BS
CHURCHILLS TAILORING LTD,16189600,active,ltd,,,2025-01-16,,2025-01-16,[74100],111 Wood Street London England E17 3LL
PROXIMA CAPITAL LIMITED,16158279,active,ltd,,,2025-01-01,,2025-01-01,[64921],35 Ballards Lane London England N3 1XW
MAX ENGINEERING SURVEYS LTD,16204233,active,ltd,,,2025-01-23,,2025-01-23,[43999, 71122],4 Connell Court London England SE4 1EJ
TA SPICES LTD,16198412,active,ltd,,,2025-01-21,,2025-01-21,[56103],Blk 2 Brent Cross Gardens London England NW4 3RJ
DELIGHTINAGEL LTD,16200875,active,ltd,,,2025-01-22,,2025-01-22,[71122, 71200, 87200],17 Green Lanes London England N16 9BS
FUNDONION GROUP HOLDINGS LIMITED,16174684,active,ltd,,,2025-01-10,,2025-01-10,[64999],44 - 48 Paul Street London England EC2A 4LB
TESTAMENT ESTATES LIMITED,16164932,active,ltd,,,2025-01-06,,2025-01-06,[68100, 68209, 68320],71 - 75 Shelton Street London England WC2H 9JQ
MERRIE PRODUCTIONS LIMITED,16160498,active,ltd,,,2025-01-02,,2025-01-02,[59111],Chiswick Park Building 2 London England W4 5YB
GBP VAULTING LTD,16209000,active,ltd,,,2025-01-27,,2025-01-27,[64999],146 Buckingham Palace Road London England SW1W 9TR
MC SQUARE COFFE SHOP LTD,16186653,active,ltd,,,2025-01-15,,2025-01-15,[56101],19 Lower Clapton Road London England E5 0NS
JWL MARKET LTD,16220780,active,ltd,,,2025-01-31,,2025-01-31,[46180, 47910],85 Great Portland Street London England W1W 7LT
ANDASH LTD,16215863,active,ltd,,,2025-01-29,,2025-01-29,[41201, 41202],Galla House 695 High Road London England N12 0BT
EUNOIA HEALTH SCIENCES UK LIMITED,16205544,active,ltd,,,2025-01-24,,2025-01-24,[12000, 46170],167-169 Great Portland Street London England W1W 5PF
ACCIONA AGUA, UK LIMITED,16210982,active,ltd,,,2025-01-27,,2025-01-27,[42910],49 Oxford Road London England N4 3EY
AQUA FMCG LTD,16158475,active,ltd,,,2025-01-01,,2025-01-01,[46341],340 West End Lane London England NW6 1LN
MUGIGONET LTD,16218506,active,ltd,,,2025-01-30,,2025-01-30,[70229],Flat 2 61 Netherhall Gardens London England NW3 5RE
SHABBIR TRADERS LTD,16192660,active,ltd,,,2025-01-17,,2025-01-17,[47890, 47910, 47990],140b Meanley Road London England E12 6AT
RAV SHACH LTD,16168376,active,ltd,,,2025-01-07,,2025-01-07,[64306],Suite 101 Pride House London England N15 4FB
MARTIN STRUCTURAL ENGINEERS LIMITED,16220380,active,ltd,,,2025-01-31,,2025-01-31,[42990],4 Edward Square London United Kingdom N1 0SP
AVEN PROCUREMENT GROUP LTD,16167550,active,ltd,,,2025-01-07,,2025-01-07,[46190],246-250 Romford Road London Romford Road London England E7 9HZ
ED HERITAGE LTD,16177071,active,ltd,,,2025-01-10,,2025-01-10,[47599],781 London Road Westcliff-On-Sea England SS0 9SU
PRIME TIME TRADE LTD,16212789,active,ltd,,,2025-01-28,,2025-01-28,[46520, 46900, 47910],Regent 88 Offices 210 Church Road London United Kingdom E10 7JQ
SHRI ANNAMAAR LTD,16210991,active,ltd,,,2025-01-27,,2025-01-27,[47910, 81210],Flat 7 369 Mitcham Road Croydon England CR0 3HP
ALPINE CLEANING LIMITED,16188272,active,ltd,,,2025-01-16,,2025-01-16,[81299],180 Bexley Road London England SE9 2PH
LONG HOUSE PICTURES LIMITED,16192447,active,ltd,,,2025-01-17,,2025-01-17,[59112],101 New Cavendish Street London United Kingdom W1W 6XH
MEN-TOOLBOX CIC,16206955,active,ltd,community-interest-company,,2025-01-24,,2025-01-24,[62090, 63110, 85520, 85600],128 City Road London United Kingdom EC1V 2NX
GAIWACH INTERNATIONAL LTD,16210855,active,ltd,,,2025-01-27,,2025-01-27,[64209, 68209],Carrington Accountancy Birchin Court London United Kingdom EC3V 9DU
SFG LTD,16214721,active,ltd,,,2025-01-28,,2025-01-28,[73110],2nd Floor, Heathmans House London United Kingdom SW6 4TJ
SCITUATE LTD,16219152,active,ltd,,,2025-01-30,,2025-01-30,[70229],27 Old Gloucester Street London United Kingdom WC1N 3AX
NARBOROUGH CHIPSTEAD LTD,16205269,active,ltd,,,2025-01-24,,2025-01-24,[64209],16 Beaufort Court Admirals Way Canary Wharf England E14 9XL
HZMS2 LTD,16205684,active,ltd,,,2025-01-24,,2025-01-24,[68100, 68209],C/O Getground, 1 London England W6 0NB
LUXURY CONSULTANCY LTD,16197762,active,ltd,,,2025-01-21,,2025-01-21,[62012],4 Golden Lane Estate City Of London England EC1Y 0ST
NEXUSCO LTD,16197204,active,ltd,,,2025-01-21,,2025-01-21,[47910],4th Floor Silverstream House London United Kingdom W1T 6EB
STRUTTON GOUND LTD,16180502,active,ltd,,,2025-01-13,,2025-01-13,[56101, 56103],20 Strutton Ground London England SW1P 2HP
RIVA MONEY LTD,16174774,active,ltd,,,2025-01-10,,2025-01-10,[62012],30 Churchill Place Churchill Place London England E14 5RE
AEVUM VITALITY LIMITED,16180970,active,ltd,,,2025-01-13,,2025-01-13,[56290],86-90 Paul Street London England EC2A 4NE
SPACE AND MOVE LTD,16207915,active,ltd,,,2025-01-25,,2025-01-25,[70229],167-169 Great Portland Street London England W1W 5PF
WEST LEGACY LTD,16202458,active,ltd,,,2025-01-22,,2025-01-22,[56102, 56103],Office 112 405 Kings Road London United Kingdom SW10 0BB
STUDIO IRON LIMITED,16219108,active,ltd,,,2025-01-30,,2025-01-30,[96090],C/O Hilton Consulting Limited, Canalot Studios London United Kingdom W10 5BN
DREAMWORLD 32 LIMITED,16218406,active,ltd,,,2025-01-30,,2025-01-30,[70229, 73110],Unit 6 80a Ashfield Street London England E1 2BJ
BARON'S WHOLESALE PLATFORM LIMITED,16217441,active,ltd,,,2025-01-29,,2025-01-29,[47910],318 Wood Green Hall Of Residence London England N22 6UZ
SKILLED INNOVATION LTD,16172002,active,ltd,,,2025-01-08,,2025-01-08,[85590],128 City Road London England EC1V 2NX
RAPTOR COLLECTIVE LIMITED,16212825,active,ltd,,,2025-01-28,,2025-01-28,[62012],First Floor London United Kingdom EC4M 7RD
BUILD HARVEST LIMITED,16218922,active,ltd,,,2025-01-30,,2025-01-30,[90010],2nd Floor Connaught House, 1-3 Mount Street London United Kingdom W1K 3NB
AZRANATURES LTD,16200482,active,ltd,,,2025-01-22,,2025-01-22,[10890, 46900],84 Uxbridge Road, Suite 3, Second Floor London England W13 8RA
EXQUISITE TECHNOLOGY UK LIMITED,16178526,active,ltd,,,2025-01-13,,2025-01-13,[45310],6th Floor, Manfield House London England WC2R 0LR
ANYTIME FLEET SOLUTIONS LTD,16210996,active,ltd,,,2025-01-27,,2025-01-27,[45200, 77110],178 Green Street London England E7 8JT
AJ DOMINION GROUP LTD,16210940,active,ltd,,,2025-01-27,,2025-01-27,[47910],Flat 4 Yeats Court London England N15 4UE
DONNY'S DONERS LTD,16174013,active,ltd,,,2025-01-09,,2025-01-09,[56103],2 Westgate Street London United Kingdom E8 3RN
FS DOMESTIC MAINTENANCE LTD,16178932,active,ltd,,,2025-01-13,,2025-01-13,[41201, 41202, 43210, 43991],71-75 Shelton Street London United Kingdom WC2H 9JQ
MORETON ARNOLD HOMES LTD,16197472,active,ltd,,,2025-01-21,,2025-01-21,[68100, 68209, 68320],128 City Road London United Kingdom EC1V 2NX
GYM BUDY LTD,16183748,active,ltd,,,2025-01-14,,2025-01-14,[62090, 93130, 93199, 96040],3rd Floor, 86-90 Paul Street London England EC2A 4NE
FRACTURED UK LIMITED,16192235,active,ltd,,,2025-01-17,,2025-01-17,[47910, 47990],131 Finsbury Pavement London England EC2A 1NT
ASSITSVA LTD,16209923,active,ltd,,,2025-01-27,,2025-01-27,[82190],14 Tiller Road London England E14 8PX
KTS BI SOLUTIONS LTD,16161353,active,ltd,,,2025-01-03,,2025-01-03,[70229],225 Clapham Road London England SW9 9BE
CORNWALL CARE PARTNERS LIMITED,16190866,active,ltd,,,2025-01-17,,2025-01-17,[87200],291 Green Lanes London England N13 4XS
THE FUNKEN SOULBAND LTD,16201044,active,ltd,,,2025-01-22,,2025-01-22,[90010],11 Gillet Place Gillett Place London England N16 8JB
DAVY PARTNERSHIP LTD,16190616,active,ltd,,,2025-01-17,,2025-01-17,[96090],5 Brayford Square London England E1 0SG
DALIT CLEANING SERVICES LIMITED,16168539,active,ltd,,,2025-01-07,,2025-01-07,[45112, 81210, 81299],22b Lushington Road London England NW10 5UU
IMPULSE HEALTH LTD,16222290,active,ltd,,,2025-01-31,,2025-01-31,[32500, 62012, 86220],124 City  Road London United Kingdom EC1V 2NX
MAXTONE GROUP LTD,16215332,active,ltd,,,2025-01-29,,2025-01-29,[46410, 46420, 46450],3 The Hyde London England NW9 5BP
VITAL HEALTHCARE AND TRAINING SOLUTIONS LTD,16195028,active,ltd,,,2025-01-20,,2025-01-20,[70229, 85320, 85600, 86900],197 Church Road London England NW10 9EJ
VERYLUCKY LTD,16170519,active,ltd,,,2025-01-08,,2025-01-08,[68100, 68201, 68209, 68320],Flat 407 Corsican Square London England E3 3YB
GLOBAL EXPEDITION VEHICLES LTD,16211567,active,ltd,,,2025-01-27,,2025-01-27,[29201, 45112, 45200, 82990],340 West End Lane London England NW6 1LN
PINK BIRCH LIMITED,16185902,active,ltd,,,2025-01-15,,2025-01-15,[41100, 68100, 68209],Solar House London England N14 6NZ
MODELLA ACQUISITION CO 8 LIMITED,16201725,active,ltd,,,2025-01-22,,2025-01-22,[64209],4th Floor 7 Cavendish Place London England W1G 0QD
WE ARE ONEST LIMITED,16173860,active,ltd,,,2025-01-09,,2025-01-09,[10860],86-90 Paul Street London England EC2A 4NE
FORWARD STUDIOS GROUP LTD,16166392,active,ltd,,,2025-01-06,,2025-01-06,[59112, 59132, 59200],Block C, 1st Floor London England N14 6HF
GLOBAL LEGAL CONSULTANTS LIMITED,16222341,active,ltd,,,2025-01-31,,2025-01-31,[69109],Office 145, Spaces, The Charter Building Uxbridge England UB8 1JG
AZC SERVICES LTD,16188330,active,ltd,,,2025-01-16,,2025-01-16,[82990],35 Grafton Way London United Kingdom W1T 5DB
ABERCASSIER LIMITED,16190357,active,ltd,,,2025-01-17,,2025-01-17,[64209],Broadwall House London England SE1 9PL
BFIVE CREATION LIMITED,16211525,active,ltd,,,2025-01-27,,2025-01-27,[59112, 90020],1 Ferndale Street London United Kingdom E6 6BF
MAINSIDE STUDIO LTD,16211278,active,ltd,,,2025-01-27,,2025-01-27,[70100, 70229],71 Queen Victoria Street London United Kingdom EC4V 4BE
DOURZANAC LIMITED,16189678,active,ltd,,,2025-01-16,,2025-01-16,[64209],Broadwall House London England SE1 9PL
PEOPLEPLUS SERVICES LIMITED,16158580,active,ltd,,,2025-01-01,,2025-01-01,[70229, 78300],124 City Road London England EC1V 2NX
FRANIEL CAPITAL LIMITED,16209240,active,ltd,,,2025-01-27,,2025-01-27,[64991, 96090],7 Bell Yard London England WC2A 2JR
946 GLOBAL LTD,16194731,active,ltd,,,2025-01-20,,2025-01-20,[70229],1 Richmond Mews London England W1D 3DA
EDUVANTAGE PATHWAYS LIMITED,16220907,active,ltd,,,2025-01-31,,2025-01-31,[85600],129 Mile End Road London England E1 4BG
SAILOR CAT SOUND LTD,16197301,active,ltd,,,2025-01-21,,2025-01-21,[59200],U2-15, Thames-Side Studios Harrington Way London England SE18 5NR
CLENOVA LIMITED,16166890,active,ltd,,,2025-01-06,,2025-01-06,[81210, 81221, 81222, 81299],Unit6, 115 - 125 Ormside Street London England SE15 1TF
ONE CALL HVAC LTD,16194760,active,ltd,,,2025-01-20,,2025-01-20,[43220],5 Ranelagh Road London England SW1V 3EX
QUANTUMHOSPITALITY LIMITED,16186289,active,ltd,,,2025-01-15,,2025-01-15,[62012, 78109, 78200, 78300],234a Katherine Road Katherine Road London England E7 8PN
EAST COVER LIMITED,16194380,active,ltd,,,2025-01-20,,2025-01-20,[96090],72 Halliwick Road London England N10 1AB
LTR NO 19/21 LTD,16195499,active,ltd,,,2025-01-20,,2025-01-20,[68209],3rd Floor 33 Lowndes Street London England SW1X 9HX
LTR NO 31 LTD,16195354,active,ltd,,,2025-01-20,,2025-01-20,[68209],3rd Floor 33 Lowndes Street London England SW1X 9HX
ASTON MOVE LIMITED,16188059,active,ltd,,,2025-01-16,,2025-01-16,[96090],72 Halliwick Road London England N10 1AB
THE SOURDOUGH STUDIO LTD,16183162,active,ltd,,,2025-01-14,,2025-01-14,[62012, 73110, 74100],Studio 101 Peckham Levels London United Kingdom SE15 4ST
AENGUS RYAN CREATIVE LTD,16194709,active,ltd,,,2025-01-20,,2025-01-20,[73110],42 Shirley Road London England EN2 6SB
COMMERCIAL AI GUY STUDIOS LTD,16195166,active,ltd,,,2025-01-20,,2025-01-20,[58190, 62012, 73120],First Floor, 3 Cumbrian House London United Kingdom E14 9FJ
CLAREMONT GARDENS NO 7 LTD,16195425,active,ltd,,,2025-01-20,,2025-01-20,[68209],3rd Floor 33 Lowndes Street London England SW1X 9HX
MH ROBOTICS LTD,16177589,active,ltd,,,2025-01-11,,2025-01-11,[71122],Flat D184 Parliament View Apartments London England SE1 7XQ
GCC SUPPLY & TRADING UK LTD,16166303,active,ltd,,,2025-01-06,,2025-01-06,[46711],41 Lothbury London United Kingdom EC2R 7HF
EMPLOYER TAX HUB LTD,16210966,active,ltd,,,2025-01-27,,2025-01-27,[69203],3rd Floor, 86-90 Paul Street London United Kingdom EC2A 4NE
KEMP TOWN PROPERTY LIMITED,16165292,active,ltd,,,2025-01-06,,2025-01-06,[68100],237 Regents Park Road London England N3 3LF
THE NAIL HENDRIX LTD,16162539,active,ltd,,,2025-01-03,,2025-01-03,[47990, 85590, 96020],124-128 City Road London England EC1V 2NX
SPIN DIGITAL MARKETING LIMITED,16205151,active,ltd,,,2025-01-24,,2025-01-24,[73110],167-169 Great Portland Street London England W1W 5PF
SERENA ZEN LIMITED,16175110,active,ltd,,,2025-01-10,,2025-01-10,[96020],10 Beech Gardens London England W5 4AJ
HENRAFIQ LTD,16218391,active,ltd,,,2025-01-30,,2025-01-30,[46900, 47910],9a Clapton Common London England E5 9AA
PADEL 101 LIMITED,16203513,active,ltd,,,2025-01-23,,2025-01-23,[93199],3rd Floor, 86-90 Paul Street London United Kingdom EC2A 4NE
HELPING HEARTS LIMITED,16194855,active,ltd,,,2025-01-20,,2025-01-20,[86900, 87300, 87900],124 City Road London England EC1V 2NX
TM GROWTH CO LIMITED,16172650,active,ltd,,,2025-01-09,,2025-01-09,[73110],71-75 Shelton Street London United Kingdom WC2H 9JQ
TAOMENATURALS LIMITED,16176208,active,ltd,,,2025-01-10,,2025-01-10,[96020],124 City Road London England EC1V 2NX
PARKFINDA PARKING LIMITED,16213389,active,ltd,,,2025-01-28,,2025-01-28,[96090],Elia Mews Car Park London England N1 8DG
WK DESIGNS LTD,16159260,active,ltd,,,2025-01-02,,2025-01-02,[59112, 74100],Office 1.10 Chester House, 1-3 Brixton Road London United Kingdom SW9 6DE
AVANA MEDIA LTD,16176237,active,ltd,,,2025-01-10,,2025-01-10,[62020],71-75 Shelton Street London WC2H 9JQ
BENJAMIN NORRIS HOLDINGS LTD,16184498,active,ltd,,,2025-01-15,,2025-01-15,[64209],167-169 Great Portland Street London England W1W 5PF
MECHFLO LTD,16187869,active,ltd,,,2025-01-16,,2025-01-16,[43220],105 London Road Benfleet England SS7 5TG
INCUBATOR LTD,16178380,active,ltd,,,2025-01-13,,2025-01-13,[64205],10 Orange Street London England WC2H 7DQ
EMPOWERED MEMBERS LIMITED,16191213,active,ltd,,,2025-01-17,,2025-01-17,[64209],3rd Floor 33 Lowndes Street London England SW1X 9HX
LONDNUR LTD,16172056,active,ltd,,,2025-01-08,,2025-01-08,[47190, 47910],10a Mapesbury Road London England NW2 4JA
SOUND OF GOSPEL ENTERTAINMENT LTD,16184708,active,ltd,,,2025-01-15,,2025-01-15,[82990, 90010, 90020, 90030],483 Green Lanes London England N13 4BS
ANM LEISURE GROUP LTD,16158686,active,ltd,,,2025-01-02,,2025-01-02,[59140, 93110, 93290],54a Allerford Road London England SE6 3DF
MC HEALTH GLOBAL LTD,16206589,active,ltd,,,2025-01-24,,2025-01-24,[47910],182-184 Office 15815 London England E6 2JA
GALA ANTIQUE LIMITED,16222637,active,ltd,,,2025-01-31,,2025-01-31,[47710],Flat 8 66 Gloucester Gardens London England W2 6BN
NIGHT SQUARED UK MEMBER LTD,16183914,active,ltd,,,2025-01-14,,2025-01-14,[74990],2nd Floor, Heathmans House London United Kingdom SW6 4TJ
SUNSHINE DELIGHT BOX LTD,16201547,active,ltd,,,2025-01-22,,2025-01-22,[47890, 47910],Flat 18 Bloomfield House London England E1 5PA
JFEV1 LTD,16183571,active,ltd,,,2025-01-14,,2025-01-14,[62020],128 City Road London United Kingdom EC1V 2NX
MOONLIGHT COLLECTIVE LTD,16169493,active,ltd,,,2025-01-07,,2025-01-07,[10890, 10920, 47910, 56290],64 Southwark Bridge Road London United Kingdom SE1 0AS
TEMIZ LIMITED,16198199,active,ltd,,,2025-01-21,,2025-01-21,[56103],310 High Road London England N22 8JR
SPELLAR LTD,16213772,active,ltd,,,2025-01-28,,2025-01-28,[58290, 62011, 62090],710 Kent Building 47 Hope Street London England E14 0QG
DESIGN PLUS LONDON PROPERTY LIMITED,16219984,active,ltd,,,2025-01-30,,2025-01-30,[68100],Unit 6 Oliver Business Park London England NW10 7JB
MAUNSELL PROPERTIES LTD,16209701,active,ltd,,,2025-01-27,,2025-01-27,[68100],4 Castle Mews London England N12 9EH
KORA GROUP LTD,16202151,active,ltd,,,2025-01-22,,2025-01-22,[47910, 62090, 70229, 74100],71-75 Shelton Street London United Kingdom WC2H 9JQ
AMY CROXFORD LIMITED,16194388,active,ltd,,,2025-01-20,,2025-01-20,[96090],42 Palmerston Road London England SW14 7PZ
KINETIC HEALTH LTD,16158811,active,ltd,,,2025-01-02,,2025-01-02,[86900],20 Cheneys Road London England E11 3LN
SAREL PROPERTY LTD,16221975,active,ltd,,,2025-01-31,,2025-01-31,[68100, 68209],500 White Hart Lane London England N17 7NA
LCZ CONSULTING LIMITED,16161207,active,ltd,,,2025-01-03,,2025-01-03,[63990],20 Wenlock Road London England N1 7GU
GOLDVITA LTD,16159365,active,ltd,,,2025-01-02,,2025-01-02,[47910],Flat 38 Jepson House London England SW6 2BG
JELICO & SORINA COMPOSITES LTD,16169122,active,ltd,,,2025-01-07,,2025-01-07,[29320],167-169 Great Portland Street London England W1W 5PF
EMSEKAY LTD,16215924,active,ltd,,,2025-01-29,,2025-01-29,[69202],510 The Chocolate Factory London United Kingdom N22 6XJ
SUPER-NATURE DESIGN LTD,16166741,active,ltd,,,2025-01-06,,2025-01-06,[71112, 74100],Building 28 Unit 2b 34 Bowater Road London England SE18 5TF
SOFTRIQ LTD,16217315,active,ltd,,,2025-01-29,,2025-01-29,[58290, 62020],128 City Road London United Kingdom EC1V 2NX
COUPRIECONSULTANCY LTD,16158767,active,ltd,,,2025-01-02,,2025-01-02,[85600],4 Streatham High Rd London United Kingdom SW16 1DB
CORTEX AI LTD,16176249,active,ltd,,,2025-01-10,,2025-01-10,[47910, 62012, 70229],Unit 501 Leroy House London England N1 3QP
MAN INVESTORS LTD,16177676,active,ltd,,,2025-01-11,,2025-01-11,[68209, 68320, 98000],8 Holbeck Road London England W13 9BQ
ELITE STARS PRO LTD.,16165440,active,ltd,,,2025-01-06,,2025-01-06,[93199],31a St. Pauls Crescent London United Kingdom NW1 9TN
TENISQUARE LIMITED,16215400,active,ltd,,,2025-01-29,,2025-01-29,[55100, 55209, 68209],6th Floor Capital Tower London United Kingdom SE1 8RT
CORSIAM SPECIALTY LIMITED,16216809,active,ltd,,,2025-01-29,,2025-01-29,[66220],22 Bishopsgate London United Kingdom EC2N 4BQ
VARSITY JV LIMITED,16201419,active,ltd,,,2025-01-22,,2025-01-22,[64209],C/O Alter Domus (Uk) Limited 10th Floor London United Kingdom EC3A 8BF
BEDTIME SUPERSTORES LTD,16165717,active,ltd,,,2025-01-06,,2025-01-06,[46470, 46650],225-227 High Street London England W3 9BY
RITLEX SECURITY COMPANY LTD,16172458,active,ltd,,,2025-01-09,,2025-01-09,[80100],Southgate Office Village 286-A Chase Road London England N14 6HF
WATCHTOWER HOLDING LTD,16158909,active,ltd,,,2025-01-02,,2025-01-02,[64209],167-169 Great Portland Street London England W1W 5PF
RELEAF PHARMA LTD,16185677,active,ltd,,,2025-01-15,,2025-01-15,[47730],1 Kings Avenue London England N21 3NA
STUDY PLAN ASSOCIATES LTD,16215795,active,ltd,,,2025-01-29,,2025-01-29,[85600],44 Longnor Road Longnor Road London England E1 4DA
39 VERA ROAD MANAGEMENT COMPANY LIMITED,16188662,active,ltd,,,2025-01-16,,2025-01-16,[98000],39c Vera Road London England SW6 6QP
INGLORIOUS CONSULTING LIMITED,16216852,active,ltd,,,2025-01-29,,2025-01-29,[70229, 82990],37 Lombard Street London England EC3V 9BQ
PEARL ORCHARDS LTD,16204121,active,ltd,,,2025-01-23,,2025-01-23,[47210, 47290],Flat 11, Viscount House London England NW10 7GS
CONNECT & PLAY LTD,16161934,active,ltd,,,2025-01-03,,2025-01-03,[32409],124 City Road London England EC1V 2NX
G&S PRODUCTIONS LTD,16201870,active,ltd,,,2025-01-22,,2025-01-22,[90020],C/O Very Hard Times Ltd, Signature, 30 St Mary's Axe London England EC3A 8BF
AVERAGE PLUS PRODUCTIONS LTD,16202443,active,ltd,,,2025-01-22,,2025-01-22,[59111, 59113],16 Phillimore Gardens London England W8 7QE
YUMYUM ENTERTAINMENT LTD,16181911,active,ltd,,,2025-01-14,,2025-01-14,[47650],C/O L&C Llp City Bridge House London United Kingdom SE1 1RU
HANZO & HENSCHEL LTD,16187739,active,ltd,,,2025-01-16,,2025-01-16,[47710, 47789, 47910, 47990],24-26 Arcadia Avenue, Fin009 London England N3 2JU
DAS SYNDIKAT LTD,16174824,active,ltd,,,2025-01-10,,2025-01-10,[85600],124 City  Road London United Kingdom EC1V 2NX
FORMA PROPERTIES LTD,16194343,active,ltd,,,2025-01-20,,2025-01-20,[68100],809 Salisbury House 29 Finsbury Circus London United Kingdom EC2M 7AQ
24/7 FOR U LTD,16172391,active,ltd,,,2025-01-09,,2025-01-09,[47110],156 Uxbridge Road London England W12 8AA
ENDLESS PLEASURE LTD,16183763,active,ltd,,,2025-01-14,,2025-01-14,[47910],4th Floor Silverstream House 45 Fitzroy Street London England W1T 6EB
SUBSI LTD,16160214,active,ltd,,,2025-01-02,,2025-01-02,[62020],29 Wilmot Close London England SE15 6UA
THE HALAL SQUARE LIMITED,16220646,active,ltd,,,2025-01-31,,2025-01-31,[47290, 56290],Office One London England EC1R 5HL
THE PARK SADDLE LTD,16219477,active,ltd,,,2025-01-30,,2025-01-30,[85510, 93199, 96020],247 Church Street London England N16 9HP
BONKINSON HOLDINGS LIMITED,16185964,active,ltd,,,2025-01-15,,2025-01-15,[64209],Skytax Accounting Fora 7th Floor One Canada Square London England E14 5AA
ZELLA INFLUENCE LAB LTD,16165725,active,ltd,,,2025-01-06,,2025-01-06,[73110],71 Solomons Court High Road London England N12 0AW
NCA2014 LIMITED,16164707,active,ltd,,,2025-01-06,,2025-01-06,[82990],Suite Ra01 195 - 197 Wood Street London England E17 3NU
ETARAG HOLDING LTD,16177565,active,ltd,,,2025-01-11,,2025-01-11,[64999, 66190],68 King William Street London England EC4N 7HR
PAWSON TAYLOR LTD,16191863,active,ltd,,,2025-01-17,,2025-01-17,[68100, 68209, 68320],71-75 Shelton Street Covent Garden London United Kingdom WC2H 9JQ
HERBS ESTATE LTD,16211418,active,ltd,,,2025-01-27,,2025-01-27,[68100, 68209, 68320],71-75 Shelton Street London United Kingdom WC2H 9JQ
MONTAÑITA BY DANIEL LTD,16164929,active,ltd,,,2025-01-06,,2025-01-06,[56210, 56290],Flat 54 Malcolm House London England N1 6PN
UREMEDY LTD,16214532,active,ltd,,,2025-01-28,,2025-01-28,[96020],322 322 Barking Road London United Kingdom E6 1LA
FERAL FORGE LTD,16176095,active,ltd,,,2025-01-10,,2025-01-10,[58210, 62012, 74100],124 City Road London England EC1V 2NX
ALLPRESSED UP LIMITED,16184198,active,ltd,,,2025-01-14,,2025-01-14,[10832, 56102],124 Capital Office City Road London England EC1V 2NX
MICHLIU ART LTD,16195232,active,ltd,,,2025-01-20,,2025-01-20,[90030],24 Strathville Road 24 Strathville Road London England SW18 4QZ
AES INTERGROUP LTD,16216868,active,ltd,,,2025-01-29,,2025-01-29,[46900, 68310, 79110, 85590],128 City Road London United Kingdom EC1V 2NX
3B'S GROUP LTD,16203022,active,ltd,,,2025-01-23,,2025-01-23,[82990],29 Evesham Road London England E15 4AL
WAVEMARK PROPERTIES LTD,16162955,active,ltd,,,2025-01-03,,2025-01-03,[68320],124 City Road London England EC1V 2NX
ALL SEEING CREATIVE LIMITED,16166820,active,ltd,,,2025-01-06,,2025-01-06,[99999],4a-4c Patshull Road London England NW5 2LB
JER & DAN LTD,16169980,active,ltd,,,2025-01-08,,2025-01-08,[62011],71-75 Shelton Street London England WC2H 9JQ
APEX MIND RACING LTD,16158897,active,ltd,,,2025-01-02,,2025-01-02,[93110],Suite G04 1 Quality Court, Chancery Lane London England WC2A 1HR
FREE FISH INTERNATIONAL TRADING CO., LIMITED,16188863,active,ltd,,,2025-01-16,,2025-01-16,[46510, 47910, 62012, 62020],41 Devonshire Street Ground Floor Office 1 London United Kingdom W1G 7AJ
RANADI COACHING LTD,16162907,active,ltd,,,2025-01-03,,2025-01-03,[58190, 59112, 96090],Flat 6 Duchess Of Edinburgh House Fulham England SW6 2YD
ONEBIGNEXT LTD,16161799,active,ltd,,,2025-01-03,,2025-01-03,[58190, 82990, 85590, 85600],71-75 Shelton Street London England WC2H 9JQ
WOYMMM LIMITED,16161547,active,ltd,,,2025-01-03,,2025-01-03,[62011],Flat 103 Macey House 40 Surrey Lane London England SW11 3PS
B WEB VENTURES LTD,16195869,active,ltd,,,2025-01-20,,2025-01-20,[47789],128 City Road London United Kingdom EC1V 2NX
JH CONSTRUCT LTD,16170636,active,ltd,,,2025-01-08,,2025-01-08,[43120, 43130, 68209],396, Forest View, Flat 14 London Road Benfleet United Kingdom SS7 1FS
FOOD KART LIMITED,16193913,active,ltd,,,2025-01-20,,2025-01-20,[46900],22 Woodford Avenue Ilford England IG2 6XG
HEDGEHOPE CONSULTING LTD,16185381,active,ltd,,,2025-01-15,,2025-01-15,[22290, 47990],71-75 Shelton Street London United Kingdom WC2H 9JQ
GG-HOLDCO-691-685 LIMITED,16200580,active,ltd,,,2025-01-22,,2025-01-22,[68209],C/O Getground London England W6 0NB
JUSTINE MURPHY TALENT MANAGEMENT LTD,16170157,active,ltd,,,2025-01-08,,2025-01-08,[73120, 78200],Unit 1 Glenthorne Mews 115a Glenthorne Road London England W6 0LJ
NEXT4UK LTD,16218663,active,ltd,,,2025-01-30,,2025-01-30,[70229],Portman House Fidcorp London United Kingdom W1H 6DU
ACQUIRED LEAD LTD,16214735,active,ltd,,,2025-01-28,,2025-01-28,[73110],151 Bagleys Lane London England SW6 2FW
SCSZ LIMITED,16203811,active,ltd,,,2025-01-23,,2025-01-23,[70221, 70229, 85590, 85600],114 Pinner London England HA5 1SU
COMMUNITY CARE SUPPORT LTD,16202740,active,ltd,,,2025-01-23,,2025-01-23,[78109, 78200, 78300, 85600],Regus Jhumat House Barking England IG11 8BB
ATLAS INVESTED LIMITED,16220522,active,ltd,,,2025-01-31,,2025-01-31,[64304],Office 15974, 182-184 High Street North London England E6 2JA
APMAR LTD,16175161,active,ltd,,,2025-01-10,,2025-01-10,[68209],77 Granta Court London United Kingdom W3 7FU
GALOL LIMITED,16197703,active,ltd,,,2025-01-21,,2025-01-21,[69201, 77291, 82990, 98000],13 Aura House, 115 Scrubs Lane, London 13 Aura House London England NW10 6QP
SOI STUDIOS LIMITED,16168037,active,ltd,,,2025-01-07,,2025-01-07,[59111],C/O Eam London Limited London England SE1 1JA
ACTUATE SCIENCE LTD,16162185,active,ltd,,,2025-01-03,,2025-01-03,[85310, 90010],17a Carnarvon Road 17a Carnarvon Road London England E10 6DW
ATLAS VENTURE PARTNERS LTD,16198737,active,ltd,,,2025-01-21,,2025-01-21,[70229],201 Borough High Street 201 Borough High Street London England SE1 1JA
COFFEE TRIP LTD,16218451,active,ltd,,,2025-01-30,,2025-01-30,[56102],333 New Cross Road London England SE14 6AT
HAMZ FOODS LIMITED,16184682,active,ltd,,,2025-01-15,,2025-01-15,[56102],42 Grosvenor Court London Road Morden England SM4 5HG
LYSARA SUB PROPERTY HOLDINGS EUROPE 1 LTD,16219296,active,ltd,,,2025-01-30,,2025-01-30,[64209],Third Floor, Pollen House London United Kingdom W1S 3NP
THREE HORSES TEA LIMITED,16184980,active,ltd,,,2025-01-15,,2025-01-15,[46370, 47910],124 City Road London EC1V 2NX
RAW FISH LTD,16181975,active,ltd,,,2025-01-14,,2025-01-14,[47230],222-224 Northfields Avenue Northfield Avenue London England W13 9SJ
CGFITNESS LTD,16171172,active,ltd,,,2025-01-08,,2025-01-08,[96040],11a London Road Crewe England CW3 9SF
EQOWA FIN TECH LTD,16190817,active,ltd,,,2025-01-17,,2025-01-17,[82990],205 Lavender Hill London England SW11 5TB
ERAES ESTATES LTD,16183176,active,ltd,,,2025-01-14,,2025-01-14,[68209],25 Leabourne Road London United Kingdom N16 6SU
ANCHORS AND WINGS LTD,16203286,active,ltd,,,2025-01-23,,2025-01-23,[85520],167-169 Great Portland Street London England W1W 5PF
PAAYED LTD,16202751,active,ltd,,,2025-01-23,,2025-01-23,[62090, 64999],37th Floor One Canada Square London England E14 5AA
SOUTH ENTRANCE HOMES LIMITED,16171377,active,ltd,,,2025-01-08,,2025-01-08,[41100, 68100, 68209],237 Westcombe Hill London United Kingdom SE3 7DW
TWIN BUILD SOUTH EAST LTD,16163105,active,ltd,,,2025-01-04,,2025-01-04,[43390],167-169 Great Portland Street London England W1W 5PF
RAISING CANE'S RESTAURANTS UK LIMITED,16159380,active,ltd,,,2025-01-02,,2025-01-02,[56102, 56103, 68100, 68209],C/O Raising Cane's 163-173 Praed Street, 1st Floor London United Kingdom W2 1RH
RAISING CANE'S RESTAURANTS UK HOLDINGS LIMITED,16159087,active,ltd,,,2025-01-02,,2025-01-02,[56102, 56103, 68100, 68209],C/O Raising Cane's 163-173 Praed Street, 1st Floor London United Kingdom W2 1RH
NEWTTY LTD,16160974,active,ltd,,,2025-01-03,,2025-01-03,[47990],167 169 5th Floor Great Portland Street London England W1W 5PF
PRIMEAXIS EDUCATION LTD,16209529,active,ltd,,,2025-01-27,,2025-01-27,[85590],167-169 Great Portland Street London W1W 5PF
RANYA GROUP LIMITED,16162914,active,ltd,,,2025-01-03,,2025-01-03,[62011, 62020, 62090],Flat 1c, 1 St. Martins Close London England NW1 0HR
AQUAGEO SOLUTIONS LIMITED,16202488,active,ltd,,,2025-01-22,,2025-01-22,[09900, 36000, 71122, 74901],167-169 Great Portland Street, 5th Floor Great Portland Street London England W1W 5PF
FORGE REMOVALS LTD,16209595,active,ltd,,,2025-01-27,,2025-01-27,[49410],Silverstream House London England W1T 6EB
LEVIN MART LIMITED,16159110,active,ltd,,,2025-01-02,,2025-01-02,[47910],Office 1329, 60 Tottenham Court Road London England W1T 2EW
TEA POINT LONDON LIMITED,16179236,active,ltd,,,2025-01-13,,2025-01-13,[56102, 56103],87 Vicarage Lane London England E15 4HG
THE PRIVATE PROPERTY PORTAL LTD,16187245,active,ltd,,,2025-01-15,,2025-01-15,[62090, 63120],3rd Floor, 86-90 Paul Street London United Kingdom EC2A 4NE
JUICETOX HEALTH & WELLNESS LTD,16217871,active,ltd,,,2025-01-29,,2025-01-29,[46341, 46370],66 Paul Street London England EC2A 4NA
ROBERTSON SPORT LIMITED,16214085,active,ltd,,,2025-01-28,,2025-01-28,[93199],167-169 Great Portland Street 5th Floor Great Portland Street London England W1W 5PF
BUSINESS AIRCRAFT CHARTER (UK) LTD,16166275,active,ltd,,,2025-01-06,,2025-01-06,[51102],First Floor Woolgate London United Kingdom EC2V 5HA
AL SAFAH QURAN ACADEMY LTD,16203024,active,ltd,,,2025-01-23,,2025-01-23,[85590],483 Green Lanes London N13 4BS
NIMBLE TECH LTD,16203504,active,ltd,,,2025-01-23,,2025-01-23,[62012],167-169 Great Portland Street London England W1W 5PF
RICKSTONES LIMITED,16187134,active,ltd,,,2025-01-15,,2025-01-15,[68100, 68209],142a Upper Clapton Road London England E5 9JZ
CARPE KNIGHT LTD,16192640,active,ltd,,,2025-01-17,,2025-01-17,[70229],17 Torwood Road London England SW15 5AL
FUCHI BABAO LTD,16208893,active,ltd,,,2025-01-27,,2025-01-27,[47640, 47910],71-75 Shelton Street London United Kingdom WC2H 9JQ
JACK COMERCIAL LTD,16173009,active,ltd,,,2025-01-09,,2025-01-09,[68320],422 Brixton Road Unit 2o Brixton Mall London United Kingdom SW9 7AE
AYRO SECURITY GROUP LIMITED,16185230,active,ltd,,,2025-01-15,,2025-01-15,[80100],128 City Road London United Kingdom EC1V 2NX
ATLAS CONSOLIDATED (UK) LTD,16197917,active,ltd,,,2025-01-21,,2025-01-21,[64999],14 Queen Annes Gate London England SW1H 9AA
ALTIFY UK LIMITED,16189621,active,ltd,,,2025-01-16,,2025-01-16,[64209],16 Great Queen Street London United Kingdom WC2B 5AH
SADOVI-25 LIMITED,16189087,active,ltd,,,2025-01-16,,2025-01-16,[11040, 56302],83d London Road London Road Romford England RM7 9QD
EXCLUSIVIUS LTD,16163581,active,ltd,,,2025-01-05,,2025-01-05,[47990, 62090, 68100, 82990],124 City Road London England EC1V 2NX
OPLA PROPERTIES LTD,16205199,active,ltd,,,2025-01-24,,2025-01-24,[68320],401 Lea Bridge Road London England E10 7EA
ISS AUTO SOLUTIONS LTD,16211509,active,ltd,,,2025-01-27,,2025-01-27,[45400],137 Churchfield Road London England W3 6AH
ELGREEN LTD,16176539,active,ltd,,,2025-01-10,,2025-01-10,[70210],The Sati Room London England W1G 0JR
GROUNDSWELL SUSTAINABILITY LTD,16186932,active,ltd,,,2025-01-15,,2025-01-15,[70229],1st Floor 45 Leather Lane London England EC1N 7TJ
MOHSHA LIMITED,16194603,active,ltd,,,2025-01-20,,2025-01-20,[56103, 56290],147 Monega Road London England E7 8EP
ACALYPHA SECURITY LIMITED,16198288,active,ltd,,,2025-01-21,,2025-01-21,[47910, 64301, 73200, 94200],66 Paul Street London EC2A 4NA
G5STYLE LTD,16165559,active,ltd,,,2025-01-06,,2025-01-06,[47910],228 Church Lane London United Kingdom NW9 8SN
CASA CASTILLA LTD,16207157,active,ltd,,,2025-01-24,,2025-01-24,[68209],35 D'Arblay Street London England W1F 8EY
THEMANGOLAB LTD,16219431,active,ltd,,,2025-01-30,,2025-01-30,[59200, 74202, 85590],Hudson House 8 Tavistock Street London England WC2E 7PP
ACRE RETREATS LTD,16192504,active,ltd,,,2025-01-17,,2025-01-17,[41202],167-169 Great Portland Street London W1W 5PF
ABA GROUP HOLDINGS LTD,16183263,active,ltd,,,2025-01-14,,2025-01-14,[41100, 45112, 68320, 70229],124 City Road London England EC1V 2NX
LONDON LUXURY TRIPS LTD,16198333,active,ltd,,,2025-01-21,,2025-01-21,[49319, 52219],22-25 Portman Close London England W1H 6BS
VENTURE PAD LTD,16205557,active,ltd,,,2025-01-24,,2025-01-24,[62090],9 Bromells Road London United Kingdom SW4 0BN
SMAIL ESTATES LTD,16197084,active,ltd,,,2025-01-21,,2025-01-21,[68100, 68209],71-75 Shelton Street London United Kingdom WC2H 9JQ
20MINDS LTD,16208997,active,ltd,,,2025-01-27,,2025-01-27,[62012],167-169 Great Portland Street London England W1W 5PF
EMERGENCE GROUP LTD,16181419,active,ltd,,,2025-01-13,,2025-01-13,[70229, 74100, 86900],20 Wenlock Road London England N1 7GU
SATTER & CO ACCOUNTANTS LTD,16214395,active,ltd,,,2025-01-28,,2025-01-28,[69201, 69202],Office 11 182-184 High Street North London England E6 2JA
ATHLOCLUB LTD,16208296,active,ltd,,,2025-01-26,,2025-01-26,[85510, 93199],167-169 Great Portland Street London W1W 5PF
DORAMOON LIMITED,16215862,active,ltd,,,2025-01-29,,2025-01-29,[47990],68 Grove Road Romford RM6 4PD
ASG1 LIMITED,16195305,active,ltd,,,2025-01-20,,2025-01-20,[96090],35 Ballards Lane London England N3 1XW
SYNERGY BMS LTD,16202612,active,ltd,,,2025-01-22,,2025-01-22,[71129],167 To 169 Great Portland Street London England W1W 5PF
AGS SPORT FINANCE LTD,16205809,active,ltd,,,2025-01-24,,2025-01-24,[70229],167-169 Great Portland Street London England W1W 5PF
EDUCARE PRIVATE DAY NURSERY LTD,16193912,active,ltd,,,2025-01-20,,2025-01-20,[88910],Allied House Twickenham United Kingdom TW1 3SZ
THE VOREXX LTD,16206234,active,ltd,,,2025-01-24,,2025-01-24,[47910, 80100, 80200, 81222],Flat 385 Flat B 385 Harrow Road London Westminster United Kingdom W9 3NA
KBLY LTD,16205934,active,ltd,,,2025-01-24,,2025-01-24,[01280, 10890, 21100, 21200],167-169 Great Portland Street London England W1W 5PF
GRIGORI RASPUTINS LTD,16185062,active,ltd,,,2025-01-15,,2025-01-15,[56302],82 Containerville London England E2 9FP
MODENLINK TRAVEL LTD,16185265,active,ltd,,,2025-01-15,,2025-01-15,[49320],Office 20506 182-184 High Street North East Ham London England E6 2JA
CEON HOLDINGS LIMITED,16199579,active,ltd,,,2025-01-21,,2025-01-21,[64209],167-169 Great Portland Street London England W1W 5PF
SOUTIEN LIMITED,16189007,active,ltd,,,2025-01-16,,2025-01-16,[69201, 69202, 70229, 82110],22 St. Albans Villas London England NW5 1QU
SURREY HILLS IV VITAMIN THERAPY LTD,16187361,active,ltd,,,2025-01-15,,2025-01-15,[86900],3 Mole Ford Cottages Dorking England RH5 6AD
AB FINANCIAL CONSULTING LTD,16190512,active,ltd,,,2025-01-17,,2025-01-17,[74909],167-169 5th Floor London England W1W 5PF
NEGOTINATION LTD,16180136,active,ltd,,,2025-01-13,,2025-01-13,[82990],Unit 3, 1st Floor 6/7 St. Mary At Hill London England EC3R 8EE
NYERI LIMITED,16217536,active,ltd,,,2025-01-29,,2025-01-29,[77110],Wing 1, Level 9 Berkeley Square House London United Kingdom W1J 6BY
SUN & 13 LTD,16204409,active,ltd,,,2025-01-23,,2025-01-23,[64209],5th Floor 16 Great Queen Street London United Kingdom WC2B 5DG
TIDEBROOK MANAGEMENT SERVICES LIMITED,16170461,active,ltd,,,2025-01-08,,2025-01-08,[70229],5th Floor 16 Great Queen Street London United Kingdom WC2B 5DG
SAM MERCANTILE LIMITED,16187241,active,ltd,,,2025-01-15,,2025-01-15,[46120, 46711, 68310],Suite Ra01, 195-197 Wood Street London England E17 3NU
ZEIAM LTD,16158183,active,ltd,,,2025-01-01,,2025-01-01,[82990],167 169 Great Portland Street London England W1W 5PF
2M ASSET MANAGEMENT LIMITED,16210132,active,ltd,,,2025-01-27,,2025-01-27,[64999, 66190],5th Floor 16 Great Queen Street London United Kingdom WC2B 5DG
BRICK & BOND LTD,16164674,active,ltd,,,2025-01-06,,2025-01-06,[68100, 68209, 68320],124 City Road London United Kingdom EC1V 2NX
COSIMA CONSULTING LTD,16199191,active,ltd,,,2025-01-21,,2025-01-21,[62012],1 Lyric Square London England W6 0NB
KHURAL CAPITAL HOLDINGS LIMITED,16208947,active,ltd,,,2025-01-27,,2025-01-27,[64209],124 City Road London United Kingdom EC1V 2NX
BROMPTON PROJECTS LTD,16199150,active,ltd,,,2025-01-21,,2025-01-21,[41202, 43390],235-239 High Road London United Kingdom N22 8HF
CROWN X LTD,16180452,active,ltd,,,2025-01-13,,2025-01-13,[56102],Flat 3 Padstow House London England E14 8AH
TACHTONIC LTD,16179571,active,ltd,,,2025-01-13,,2025-01-13,[47910],Flat 260, 41 Millharbour London England E14 9NE
BTB FAITH FILMS LIMITED,16162029,active,ltd,,,2025-01-03,,2025-01-03,[59111],41-47 Old Street London England EC1V 9HX
RIVETRYSOFT LTD,16174855,active,ltd,,,2025-01-10,,2025-01-10,[62020, 62090, 63110],167-169 Great Portland Street London United Kingdom W1W 5PF
ACIM M12025 LTD,16202332,active,ltd,,,2025-01-22,,2025-01-22,[41100, 68100],17 Hanover Square London England W1S 1BN
HERS HOLDING LIMITED,16213525,active,ltd,,,2025-01-28,,2025-01-28,[64209],167-169 Great Portland Street London England W1W 7LT
TOONZARDCOLLECTS LTD,16208843,active,ltd,,,2025-01-27,,2025-01-27,[47910],Office 1839 60 Tottenham Court Road London England W1T 2EW
LITTLE NOORIYAH NURSERY LTD,16221537,active,ltd,,,2025-01-31,,2025-01-31,[88910],Zero Villa 532 Southgate 5th Floor The Grange London United Kingdom N14 6BN
HANASTUDIO LTD,16180681,active,ltd,,,2025-01-13,,2025-01-13,[47910],Unit A1362 4-6 Greatorex Street London United Kingdom E1 5NF
HKD FAMILY LAW LTD,16172165,active,ltd,,,2025-01-08,,2025-01-08,[69102],167 - 169 Great Portland Street, Fifth Floor, London, England W1W 5PF
OLIZ LTD,16221847,active,ltd,,,2025-01-31,,2025-01-31,[47910, 56102, 56103],50a Fashion Street London England E1 6PX
SKINDROPS LTD,16217010,active,ltd,,,2025-01-29,,2025-01-29,[99999],128 City Road London United Kingdom EC1V 2NX
RYO CLOTHING LIMITED,16174036,active,ltd,,,2025-01-09,,2025-01-09,[46420],Paternoster House, 3rd Floor London England EC4M 8AB
HOMELIERE LTD,16158174,active,ltd,,,2025-01-01,,2025-01-01,[47910],86-90 Paul Street London England EC2A 4NE
SMM INTERIORS LTD,16158181,active,ltd,,,2025-01-01,,2025-01-01,[43320],70 Somerset Road London England E17 8QW
RISEN GROUND SERVICE LTD,16158187,active,ltd,,,2025-01-01,,2025-01-01,[43330, 43999],3rd Floor, 86-90 Paul Street London United Kingdom EC2A 4NE
ROBOT EDGE CAPITAL LTD,16158225,active,ltd,,,2025-01-01,,2025-01-01,[66300],74 O'Leary Square London United Kingdom E1 3AR
SENSE BUILDER LTD,16158223,active,ltd,,,2025-01-01,,2025-01-01,[41202],57 Charlton Dene London England SE7 7BQ
HOTSHOP LTD,16158238,active,ltd,,,2025-01-01,,2025-01-01,[47910],81 West Ham Lane London England E15 4PA
STANTURION LTD,16158290,active,ltd,,,2025-01-01,,2025-01-01,[68100, 71122],Apartment 7 6 Meander Road London England NW7 1UZ
LAFANDI LTD,16158332,active,ltd,,,2025-01-01,,2025-01-01,[56102],207 Earls Court Road London United Kingdom SW5 9AN
WILD CHILD WORLD LTD,16158334,active,ltd,,,2025-01-01,,2025-01-01,[47910],7 Bell Yard London England WC2A 2JR
SMKC LTD,16158357,active,ltd,,,2025-01-01,,2025-01-01,[70229],126 Castlewood Road London England N15 6BE
GILBEY GROUP LIMITED,16158418,active,ltd,,,2025-01-01,,2025-01-01,[70229],91 Lansdowne Way London England SW8 2PB
AHMAD-ASHRAF LTD,16158455,active,ltd,,,2025-01-01,,2025-01-01,[86220],3404 Icon Tower 8 Portal Way London United Kingdom W3 6EF
RT SURVEYING LTD,16158536,active,ltd,,,2025-01-01,,2025-01-01,[42990],19 Spencer Road London England E17 4BD
ELITE GLOW CLEANERS LIMITED,16158529,active,ltd,,,2025-01-01,,2025-01-01,[81222],Flat 152 25 Robsart Street London England SW9 0FD
VAN ANN RETAIL LTD,16158583,active,ltd,,,2025-01-01,,2025-01-01,[47721],6 Aberdeen Road London England N18 2EB
SIR JANA LIMITED,16158650,active,ltd,,,2025-01-02,,2025-01-02,[55209],3rd Floor, 86-90 Paul Street London England EC2A 4NE
GCM ENERGY LIMITED,16158659,active,ltd,,,2025-01-02,,2025-01-02,[06200, 09100, 71121, 71122],71-75 Shelton Street London United Kingdom WC2H 9JQ
360 GRO LTD,16158678,active,ltd,,,2025-01-02,,2025-01-02,[47820, 70229, 73110, 73120],71-75 Shelton Street London United Kingdom WC2H 9JQ
WILLOWWELL LIMITED,16158674,active,ltd,,,2025-01-02,,2025-01-02,[78200, 87200, 87300, 87900],34 St Andrews Close London England SE28 8NZ
OLEREN LTD,16158720,active,ltd,,,2025-01-02,,2025-01-02,[62090, 70229, 85590, 85600],167 - 169 Great Portland Street London England W1W 5PF
ASOBŌ GOLF LTD,16158779,active,ltd,,,2025-01-02,,2025-01-02,[62011, 93199],Flat 1-12 St. Clements Court London England N7 8BT
4Q BRANDS UK LTD,16158829,active,ltd,,,2025-01-02,,2025-01-02,[46450, 47750],195-197, Ra01 Wood Street London United Kingdom E17 3NU
READY MADE LETTINGS LTD,16158830,active,ltd,,,2025-01-02,,2025-01-02,[68201, 68209, 68310, 68320],40 Warepoint Drive Thamesmead United Kingdom SE28 0HL
SIMPLY FOR ALL LIMITED,16158886,active,ltd,,,2025-01-02,,2025-01-02,[47990],27 Old Gloucester Street London United Kingdom WC1N 3AX
KLEARPATH LTD,16158885,active,ltd,,,2025-01-02,,2025-01-02,[45112, 77110],82 Crofton Park Road London England SE4 1AE
PENKHULL MOTOR GROUP LTD,16158904,active,ltd,,,2025-01-02,,2025-01-02,[45112, 45200],128 City Road London United Kingdom EC1V 2NX
TERMINAL 5 LIMITED,16158920,active,ltd,,,2025-01-02,,2025-01-02,[47190],26 Mersham Drive London United Kingdom NW9 9PN
ZENROX HEALTHCARE LTD,16158888,active,ltd,,,2025-01-02,,2025-01-02,[47749, 47990, 74909],128 City Road London United Kingdom EC1V 2NX
VISIONARY MENTORING LTD,16158966,active,ltd,,,2025-01-02,,2025-01-02,[47710, 85510, 85590, 85600],128 City Road London United Kingdom EC1V 2NX
THE LEADERSHIP BUSINESS LIMITED,16159011,active,ltd,,,2025-01-02,,2025-01-02,[70229],29 Sloane Gardens London England SW1W 8EB
ALP GLOBAL LTD,16159067,active,ltd,,,2025-01-02,,2025-01-02,[72190],Unit 9 Echo Building London England E15 2SJ
SOMARG LTD,16159073,active,ltd,,,2025-01-02,,2025-01-02,[46420, 47910],Flat 22 Rolfe House London England N11 3BD
SOCIAL VENTURE PARTNERSHIP LIMITED,16159124,active,ltd,,,2025-01-02,,2025-01-02,[64209],4 Draycott Place London England SW3 2SB
FLOWHUB LIMITED,16159118,active,ltd,,,2025-01-02,,2025-01-02,[47910],128 City Road London United Kingdom EC1V 2NX
AUTO SUPERMARKET LTD,16159143,active,ltd,,,2025-01-02,,2025-01-02,[45112],20 Wenlock Road London England N1 7GU
ON'ON GRILL & PIEROGI LTD,16159242,active,ltd,,,2025-01-02,,2025-01-02,[56103, 56210],38 Poppy Drive London United Kingdom EN3 4FE
HEIKI HEIKI LTD,16159266,active,ltd,,,2025-01-02,,2025-01-02,[46180, 46450, 47750, 47910],167-169 Great Portland Street, Fifth Floor London England W1W 5PF
WILLOW PARK ESSEX LIMITED,16159279,active,ltd,,,2025-01-02,,2025-01-02,[88990],28 High Road London England N2 9PJ
THE COLLECTORS LOFT LTD,16159272,active,ltd,,,2025-01-02,,2025-01-02,[47910],3rd Floor, 86-90 Paul Street London England EC2A 4NE
STAPLE & STORY LIMITED,16159437,active,ltd,,,2025-01-02,,2025-01-02,[47910],167-169 Great Portland Street London England W1W 5PF
GDN PROJECT MANAGEMENT LTD,16159434,active,ltd,,,2025-01-02,,2025-01-02,[71121, 71122, 72190],2nd Floor College House Ruislip, United Kingdom HA4 7AE
ABEILLE LTD,16159405,active,ltd,,,2025-01-02,,2025-01-02,[62090, 85600],63 Norroy Road London England SW15 1PH
GIBBY'S FUN HOUSE LTD,16169671,active,ltd,,,2025-01-08,,2025-01-08,[58290, 62012, 63110, 64209],128 City Road London United Kingdom EC1V 2NX
VA TECHNOLOGIES LTD,16169713,active,ltd,,,2025-01-08,,2025-01-08,[74909, 80200],128 City Road London United Kingdom EC1V 2NX
OPTIVAI LTD,16169758,active,ltd,,,2025-01-08,,2025-01-08,[62012],85 Great Portland Street London England W1W 7LT
FM&C TECHNOLOGIES LTD,16169860,active,ltd,,,2025-01-08,,2025-01-08,[62020, 63120, 72190],27 Old Gloucester Street London United Kingdom WC1N 3AX
APRIL CRAFT LTD,16169827,active,ltd,,,2025-01-08,,2025-01-08,[56290],25 Sutherland London, Tottenham United Kingdom N17 0BN
DREAM BELIEVE ACHIEVE - SUCCESS LTD,16169815,active,ltd,,,2025-01-08,,2025-01-08,[58110, 70229, 85590],Apartment 87, Westfield 15 Kidderpore Avenue London United Kingdom NW3 7SG
M & R PROPERTY SALES AND LETTINGS LTD,16169960,active,ltd,,,2025-01-08,,2025-01-08,[68310],4, Umar & Co London United Kingdom SE22 8UJ
SENTIGENIX LTD,16170171,active,ltd,,,2025-01-08,,2025-01-08,[62090],128 City Road London United Kingdom EC1V 2NX
MIGHTY STRATEGY LTD,16170246,active,ltd,,,2025-01-08,,2025-01-08,[70229],Flat 68 19 Page Street London England SW1P 4JX
ARENA CARDS UK LTD,16170229,active,ltd,,,2025-01-08,,2025-01-08,[93199],20 Wenlock Road London England N1 7GU
OLIVA COACHING AND CONSULTING LTD,16170235,active,ltd,,,2025-01-08,,2025-01-08,[96040],17 Green Lanes London England N16 9BS
URBANCHAIN UK LIMITED,16170221,active,ltd,,,2025-01-08,,2025-01-08,[62012, 62020, 62090, 63110],30 Old Bailey London United Kingdom EC4M 7AU
FB INVEST LTD,16170223,active,ltd,,,2025-01-08,,2025-01-08,[68100, 68209, 68320],52 Stirling Road London United Kingdom E17 6BT
AGRICOMMEX LTD,16170289,active,ltd,,,2025-01-08,,2025-01-08,[62020],44 Lancaster Gate London United Kingdom W2 3NA
VITALINK CONSULTANCY LTD,16170298,active,ltd,,,2025-01-08,,2025-01-08,[70229],20 Wenlock Road London England N1 7GU
BLACK HORSE KINGSTON LIMITED,16170283,active,ltd,,,2025-01-08,,2025-01-08,[56101, 56302],204 London Road Kingston Upon Thames England KT2 6QP
BHAGWAN PUBLISHING LTD,16169696,active,ltd,,,2025-01-08,,2025-01-08,[58110, 58190, 70221, 73110],71-75 Shelton Street London United Kingdom WC2H 9JQ
MCS RENOVATIONS LTD,16169699,active,ltd,,,2025-01-08,,2025-01-08,[41100, 41202],128 City Road London United Kingdom EC1V 2NX
THE ENT PARTNERSHIP LTD,16169701,active,ltd,,,2025-01-08,,2025-01-08,[86210, 86220, 86900],3rd Floor, 86-90 Paul Street London United Kingdom EC2A 4NE
AMANI & AYAN PROPERTIES LTD,16169781,active,ltd,,,2025-01-08,,2025-01-08,[68100, 68209],9 Elm Friars Walk London United Kingdom NW1 9YP
KRKOL LIMITED,16169776,active,ltd,,,2025-01-08,,2025-01-08,[49420],63 Tildesley Road London England SW15 3AA
THE G LEVEL GROUP LTD,16170086,active,ltd,,,2025-01-08,,2025-01-08,[47630, 47710, 59200],Flat 14 Holland Rise House London England SW9 0HS
PRIME NEST PROPERTY MANAGEMENT LTD,16170089,active,ltd,,,2025-01-08,,2025-01-08,[68100, 68320],3 Wellington Street London United Kingdom SE18 6NY
WYLIE MCBRIDE PROPERTY LIMITED,16170070,active,ltd,,,2025-01-08,,2025-01-08,[68100, 68209],71-75 Shelton Street London United Kingdom WC2H 9JQ
SWISH HOMES LTD,16170078,active,ltd,,,2025-01-08,,2025-01-08,[68209, 68310, 68320, 82990],39 Ormiston Road London England SE10 0LJ
ASIAN ARAB NETWORK LTD,16170063,active,ltd,,,2025-01-08,,2025-01-08,[94120],128 City Road London United Kingdom EC1V 2NX
LIVACTIVE HEALTH LTD,16170272,active,ltd,,,2025-01-08,,2025-01-08,[86900],20 Wenlock Road London England N1 7GU
SPICE&SCENT LTD,16170324,active,ltd,,,2025-01-08,,2025-01-08,[47190],16 Dene Court Cambridge Road London England W7 3PD
VIK TRADING LTD,16171458,active,ltd,,,2025-01-08,,2025-01-08,[46730, 46900],194a Kilburn High Road London England NW6 4JD
SPR RESIDENTIAL LIMITED,16171531,active,ltd,,,2025-01-08,,2025-01-08,[68100, 68201],50 St. Marys Crescent London England NW4 4LH
SAR TRADING LTD,16171555,active,ltd,,,2025-01-08,,2025-01-08,[55900, 68209],2nd Floor College House Ruislip, United Kingdom HA4 7AE
ROMAN MASON SECURITY LTD,16171614,active,ltd,,,2025-01-08,,2025-01-08,[74909, 80100],71-75 Shelton Street London United Kingdom WC2H 9JQ
ARC CONSULTANT GROUP LTD,16171741,active,ltd,,,2025-01-08,,2025-01-08,[70229],3rd Floor, 86-90 Paul Street London England EC2A 4NE
ISOVER LIMITED,16171760,active,ltd,,,2025-01-08,,2025-01-08,[70229],Magnolia House Edgware England HA8 7EB
IVIGEE UK LIMITED,16171849,active,ltd,,,2025-01-08,,2025-01-08,[74909],3rd Floor, 86-90 Paul Street London United Kingdom EC2A 4NE
PRESTIGE JOURNEY LTD,16171936,active,ltd,,,2025-01-08,,2025-01-08,[79110],51 Bancroft Avenue London United Kingdom N2 0AR
AMORA (SR) LIMITED,16171970,active,ltd,,,2025-01-08,,2025-01-08,[41202],Solo House Horsham England RH12 1AT
NEXUS VIEW LTD,16172000,active,ltd,,,2025-01-08,,2025-01-08,[70229],86-90 Paul Street London United Kingdom EC2A 4NE
THEO ALEXANDER DESIGN LIMITED,16172229,active,ltd,,,2025-01-09,,2025-01-09,[31090],44 Rosemont Avenue London England N12 0BX
LAMB DOGS LTD,16172252,active,ltd,,,2025-01-09,,2025-01-09,[62012, 62020, 62090],Flat B London United Kingdom N4 2SR
SWIFTWAY LOGISTICS LTD,16172268,active,ltd,,,2025-01-09,,2025-01-09,[51210, 53201, 53202],71-75 Shelton Street London United Kingdom WC2H 9JQ
MINDWORKS DIGITAL LTD,16172264,active,ltd,,,2025-01-09,,2025-01-09,[47910, 62020, 73110],71-75 Shelton Street London United Kingdom WC2H 9JQ
DNO ENTERPRISES LIMITED,16172277,active,ltd,,,2025-01-09,,2025-01-09,[56101],167 - 169 Great Portland Street London England W1W 5PF
GOLDEN AFRICA HEALTHCARE LTD,16172343,active,ltd,,,2025-01-09,,2025-01-09,[87300, 87900],128 City Road London United Kingdom EC1V 2NX
CLOUDFRONT LIMITED,16172362,active,ltd,,,2025-01-09,,2025-01-09,[62020],110 Elm Walk London England SW20 9EG
LUAR LIMITED,16172417,active,ltd,,,2025-01-09,,2025-01-09,[49410],302 Wightman Road London England N8 0LT
INNOVATEDGE LTD,16172410,active,ltd,,,2025-01-09,,2025-01-09,[62012, 62020, 62090],71-75 Shelton Street London United Kingdom WC2H 9JQ
TEJMAN PROPERTIES LTD,16172412,active,ltd,,,2025-01-09,,2025-01-09,[68320],71-75 Shelton Street London United Kingdom WC2H 9JQ
BUTLIN PROPERTY MANAGEMENT LTD,16172504,active,ltd,,,2025-01-09,,2025-01-09,[68320, 98000],71-75 Shelton Street London United Kingdom WC2H 9JQ
IRFAN UL HUDA TRAVELS UK LIMITED,16172576,active,ltd,,,2025-01-09,,2025-01-09,[79110],2 Versailles Road Dagenham United Kingdom RM9 6GF
WOODLEA REAL ESTATE LTD,16172569,active,ltd,,,2025-01-09,,2025-01-09,[82990],71-75 Shelton Street London United Kingdom WC2H 9JQ
NOVO+ LTD,16172644,active,ltd,,,2025-01-09,,2025-01-09,[47910],20 Wenlock Road London England N1 7GU
NORTHERN DISCRETION LIMITED,16172700,active,ltd,,,2025-01-09,,2025-01-09,[78200],27 Old Gloucester Street London United Kingdom WC1N 3AX
AION LABS MEDICAL GROUP LTD,16172701,active,ltd,,,2025-01-09,,2025-01-09,[86220],85 Great Portland Street London England W1W 7LT
TIMESCAPE TOURS LIMITED,16172751,active,ltd,,,2025-01-09,,2025-01-09,[79120],Flat A London England N5 2EN
369 POWER SERVICES LTD,16172749,active,ltd,,,2025-01-09,,2025-01-09,[43210],85 Great Portland Street London United Kingdom W1W 7LT
AP VAULT PROPERTY LTD,16172745,active,ltd,,,2025-01-09,,2025-01-09,[68100, 68209],71-75 Shelton Street London England WC2H 9JQ
LITTLE FINDS LTD,16172754,active,ltd,,,2025-01-09,,2025-01-09,[47910],55 Flamsteed Road London United Kingdom SE7 8HT
NIK CAR TRADER LTD,16172842,active,ltd,,,2025-01-09,,2025-01-09,[45112],1004 London Road Leigh On Sea United Kingdom SS9 3NE
HIMI RESTAURANT LIMITED,16172907,active,ltd,,,2025-01-09,,2025-01-09,[56101],114 Colindale Avenue Colindale United Kingdom NW9 5GX
UFORCE GLOBAL LIMITED,16172901,active,ltd,,,2025-01-09,,2025-01-09,[64202],5 New Street Square London United Kingdom EC4A 3TW
CCV MANAGEMENT LTD,16172896,active,ltd,,,2025-01-09,,2025-01-09,[73120],124-128 City Road London England EC1V 2NX
UMAX AUTO PARTS LIMITED,16173041,active,ltd,,,2025-01-09,,2025-01-09,[45310, 45320],128 City Road London United Kingdom EC1V 2NX
COCHRANE DESIGN LTD,16173088,active,ltd,,,2025-01-09,,2025-01-09,[99999],10-12 Fulham High Street London England SW6 3LQ
CADENSYS LTD,16171356,active,ltd,,,2025-01-08,,2025-01-08,[62012],128 City Road London United Kingdom EC1V 2NX
ENERMAKLER LTD,16171373,active,ltd,,,2025-01-08,,2025-01-08,[35140, 35230, 63120],20 Wenlock Road London England N1 7GU
SAFRAN LONDON LTD,16171372,active,ltd,,,2025-01-08,,2025-01-08,[68100, 68209],14 Brownlow Road London England N3 1NA
PEAPEZ CONSTRUCTION LIMITED,16171412,active,ltd,,,2025-01-08,,2025-01-08,[43290],Flat A London United Kingdom N13 4BS
SANGSTERS GROUP DEVELOPMENTS LTD,16171490,active,ltd,,,2025-01-08,,2025-01-08,[41100, 68320],Tallis House London England EC4Y 0AB
FBNH LIMITED,16171635,active,ltd,,,2025-01-08,,2025-01-08,[64999],1st Floor 314 Regents Park Road London England N3 2LT
CHENGSHU LTD,16171720,active,ltd,,,2025-01-08,,2025-01-08,[58290, 62011, 62012],71-75 Shelton Street London United Kingdom WC2H 9JQ
JAVS PROPERTY GROUP LTD,16171772,active,ltd,,,2025-01-08,,2025-01-08,[68209],1 Javs Close London England E6 1EL
IMAGINATIVE FUTURES LIMITED,16171781,active,ltd,,,2025-01-08,,2025-01-08,[64999],63 London Street Reading England RG1 4PS
M VESSEL MANAGEMENT LTD,16171792,active,ltd,,,2025-01-08,,2025-01-08,[70221],78 Cowcross Street London United Kingdom EC1M 6EJ
MARE E TERRA COLLECTION LIMITED,16171788,active,ltd,,,2025-01-08,,2025-01-08,[82990],50 Seymour Street London United Kingdom W1H 7JG
VADEE PROPERTY DEVELOPMENT LTD,16171795,active,ltd,,,2025-01-08,,2025-01-08,[41100, 70229],14 Bridgewood Road London England SW16 5SG
KIRSTY TOWNSEND CONSULTING LIMITED,16171988,active,ltd,,,2025-01-08,,2025-01-08,[70229],4 Ravensbury Terrace London England SW18 4RL
IT BEGAN WITH A SEED LTD,16172069,active,ltd,,,2025-01-08,,2025-01-08,[47710],3rd Floor, 86-90 Paul Street London England EC2A 4NE
CLEAR EYECARE LTD,16170047,active,ltd,,,2025-01-08,,2025-01-08,[86210],171 Alnwick Road London England SE12 9BX
ECO FIRST GROUP LTD,16172132,active,ltd,,,2025-01-08,,2025-01-08,[43210],Deliverance House London England E16 1QJ
ATELIER FORMA LTD,16172210,active,ltd,,,2025-01-09,,2025-01-09,[71111],79 Malyons Road London United Kingdom SE13 7XD
R&D GRAPHICS LTD,16172601,active,ltd,,,2025-01-09,,2025-01-09,[43390],26 Horsfeld Road London England SE9 6DU
ELINKS LTD,16162708,active,ltd,,,2025-01-03,,2025-01-03,[47190],8 Liffler Road London England SE18 1AT
HUG AND BALANCE LTD,16172932,active,ltd,,,2025-01-09,,2025-01-09,[10890],71-75 Shelton Street London United Kingdom WC2H 9JQ
WHITE ROSE CARE SERVICES LTD,16172937,active,ltd,,,2025-01-09,,2025-01-09,[87100, 87200, 87300, 87900],71-75 Shelton Street London United Kingdom WC2H 9JQ
KJ FAMILY PROPERTY LTD,16172953,active,ltd,,,2025-01-09,,2025-01-09,[64209],Humphries And Parks Ltd West Malling United Kingdom ME19 5AN
EBABIL LTD,16172999,active,ltd,,,2025-01-09,,2025-01-09,[56103],500 White Hart Lane London England N17 7NA
RELAXING STUDIO LONDON LIMITED,16172989,active,ltd,,,2025-01-09,,2025-01-09,[86900],Flat 1 21 Rathbone Street London England W1T 1NF
HEF FIRE AND SECURITY LTD,16173006,active,ltd,,,2025-01-09,,2025-01-09,[80200],First Floor Sawbridgeworth United Kingdom CM21 9JS
OXFORD KNOWLEDGE LIMITED,16172968,active,ltd,,,2025-01-09,,2025-01-09,[85590],35 Ballards Lane London England N3 1XW
LABELS HOUSE LIMITED,16173144,active,ltd,,,2025-01-09,,2025-01-09,[17230, 18121, 74100],53 Avalon Road London England W13 0BG
ZUNIKH OAKWOOD PARK LIMITED,16173140,active,ltd,,,2025-01-09,,2025-01-09,[41100, 68100, 68209, 68320],71-75 Shelton Street London United Kingdom WC2H 9JQ
SHAMROCK SHOWDOWN FIGHT CLUB LTD,16173154,active,ltd,,,2025-01-09,,2025-01-09,[93199],128 City Road London United Kingdom EC1V 2NX
CODE LEGAL LTD,16173129,active,ltd,,,2025-01-09,,2025-01-09,[69102],124 City Road London England EC1V 2NX
ART CHASE LTD,16173188,active,ltd,,,2025-01-09,,2025-01-09,[90030],128 City Road London United Kingdom EC1V 2NX
BLOCK RESIDENTIAL MANAGEMENT LTD,16173202,active,ltd,,,2025-01-09,,2025-01-09,[68320],2nd Floor College House Ruislip, United Kingdom HA4 7AE
WELLGLOW LTD,16173232,active,ltd,,,2025-01-09,,2025-01-09,[82301, 86900],3rd Floor, 86-90 Paul Street London United Kingdom EC2A 4NE
GOODCHILD & PALMER LIMITED,16173221,active,ltd,,,2025-01-09,,2025-01-09,[31030],4th Floor 4 Tabernacle Street London United Kingdom EC2A 4LU
SKIN REJUVENATION LONDON LTD,16173250,active,ltd,,,2025-01-09,,2025-01-09,[86220],52 Goodhall Street London United Kingdom NW10 6TU
RAFIA'S ADVISORY GROUP LIMITED,16173268,active,ltd,,,2025-01-09,,2025-01-09,[70229],19 Honiton Gardens London England NW7 1GF
SPJ MEDIA LTD,16173307,active,ltd,,,2025-01-09,,2025-01-09,[73110],128 City Road London United Kingdom EC1V 2NX
TUTOR TODAY LTD,16173304,active,ltd,,,2025-01-09,,2025-01-09,[62090, 63120, 85590, 85600],20 Wenlock Road London England N1 7GU
ODYSSEY-NYC LTD,16173318,active,ltd,,,2025-01-09,,2025-01-09,[90010],71-75 Shelton Street London United Kingdom WC2H 9JQ
GE PROPERTY MANAGEMENT LTD,16173329,active,ltd,,,2025-01-09,,2025-01-09,[68209],23a The Precinct Waterlooville United Kingdom PO7 7DT
ZEMN LTD,16173399,active,ltd,,,2025-01-09,,2025-01-09,[47910],18 Brooking Road London United Kingdom E7 0HJ
SIGNUM PEOPLE SOLUTIONS LTD,16173385,active,ltd,,,2025-01-09,,2025-01-09,[70229, 78109],71-75 Shelton Street London United Kingdom WC2H 9JQ
PLATFORM-D LIMITED,16173488,active,ltd,,,2025-01-09,,2025-01-09,[64999, 66190],2 New Street Square London United Kingdom EC4A 3BZ
TESDOK LIMITED,16173468,active,ltd,,,2025-01-09,,2025-01-09,[85421, 85600],128 City Road London United Kingdom EC1V 2NX
XM CYBER UK LIMITED,16173531,active,ltd,,,2025-01-09,,2025-01-09,[80200],30 Old Bailey London United Kingdom EC4M 7AU
ZWD ENVIRONMENTAL LTD,16173533,active,ltd,,,2025-01-09,,2025-01-09,[38110],23a The Precinct Waterlooville United Kingdom PO7 7DT
SKY STEP PRODUCTIONS LIMITED,16173568,active,ltd,,,2025-01-09,,2025-01-09,[59111],27 Old Gloucester Street London United Kingdom WC1N 3AX
KIYANA AI LIMITED,16173592,active,ltd,,,2025-01-09,,2025-01-09,[62012],71b Falkland Road London England NW5 2XB
EELVF IV UK C10 LIMITED,16173573,active,ltd,,,2025-01-09,,2025-01-09,[64209],Lynton House London United Kingdom WC1H 9BQ
KNIGHTFITNESSUK LTD,16173606,active,ltd,,,2025-01-09,,2025-01-09,[93130],236 Wards Wharf Approach London England E16 2EQ
FIRETHORN TALENT LIMITED,16173657,active,ltd,,,2025-01-09,,2025-01-09,[78109],6 Danbrook Road London England SW16 5JX
GATEKEEPERS PRIMARY CARE LTD,16173679,active,ltd,,,2025-01-09,,2025-01-09,[86900],18 Brainton Avenue Feltham England TW14 0AY
ESZA 2025 LTD,16173709,active,ltd,,,2025-01-09,,2025-01-09,[68100],27 Kingston Road London England SW19 1JX
EUNORIA CREATIVE UK LTD,16173813,active,ltd,,,2025-01-09,,2025-01-09,[47710, 59112, 70210, 74100],4th Floor Silverstream House London United Kingdom W1T 6EB
CLEVERLY CREATIVE LIMITED,16173799,active,ltd,,,2025-01-09,,2025-01-09,[70229, 73110],124-128 City Road London England EC1V 2NX
FLAGSHIP ADVISORY PARTNERS LTD,16173796,active,ltd,,,2025-01-09,,2025-01-09,[70229],Second Floor London United Kingdom EC3M 6BB
LOLO PUB COMPANY LTD,16173793,active,ltd,,,2025-01-09,,2025-01-09,[56101],71-75 Shelton Street London United Kingdom WC2H 9JQ
PINK RIBBON FABRICS & HABERDASHERY PLUS LIMITED,16173870,active,ltd,,,2025-01-09,,2025-01-09,[47510],21 Leadale Road London United Kingdom N16 6BZ
XIANGXYZ LTD,16159636,active,ltd,,,2025-01-02,,2025-01-02,[62012, 62030, 62090, 63990],71-75 Shelton Street London United Kingdom WC2H 9JQ
BAW CONSTRUCTION LTD,16159893,active,ltd,,,2025-01-02,,2025-01-02,[41202],22a Sangora Road London England SW11 1RL
AMBRAISOFT LTD.,16160053,active,ltd,,,2025-01-02,,2025-01-02,[62012, 62020, 62090],71-75 Shelton Street London United Kingdom WC2H 9JQ
GRO LIFESTYLE LIMITED,16160600,active,ltd,,,2025-01-02,,2025-01-02,[96020],124-128 City Road London England EC1V 2NX
SUTHERLAND SPORTS LTD,16160672,active,ltd,,,2025-01-02,,2025-01-02,[85510],24 Norlington Road London England E11 4BG
BARAKAT TRANSPORT LTD,16160850,active,ltd,,,2025-01-02,,2025-01-02,[52290],85 Beverley Way London England SW20 0AW
URP MARINE LTD,16160947,active,ltd,,,2025-01-03,,2025-01-03,[66220],5th Floor 70 Gracechurch Street London United Kingdom EC3V 0XL
FOREVER FUREVER LTD,16160946,active,ltd,,,2025-01-03,,2025-01-03,[47890, 47910],167-169 Great Portland Street London England W1W 5PF
JAVA JUNCTION (COFFEE ON THE GO) LTD,16161096,active,ltd,,,2025-01-03,,2025-01-03,[56103],2nd Floor College House Ruislip, United Kingdom HA4 7AE
DATA BRIDGE (EMEA) LTD,16161325,active,ltd,,,2025-01-03,,2025-01-03,[62020, 70229],Data Bridge (Emea) Ltd London United Kingdom EC1V 2NX
KI LASH HOUSE LTD,16161314,active,ltd,,,2025-01-03,,2025-01-03,[96020],185 Railton Road London England SE24 0LU
BEE.WISE.ECO LIMITED,16161333,active,ltd,,,2025-01-03,,2025-01-03,[74901],95 Algernon Road London England SE13 7AP
UNDER CONSTRUCTION 212 LTD,16161528,active,ltd,,,2025-01-03,,2025-01-03,[59112, 70229, 73110, 74202],C/O Ida & Co, Building 3 Chiswick Business Park London United Kingdom W4 5YA
CREATIVE SIDEKICK STUDIOS LTD,16161526,active,ltd,,,2025-01-03,,2025-01-03,[47910, 59112, 73110, 74100],128 City Road London United Kingdom EC1V 2NX
HERTFORD BIRCH LIMITED,16161771,active,ltd,,,2025-01-03,,2025-01-03,[74901],Third Floor London England W1B 3HH
FISHCORP LTD,16161796,active,ltd,,,2025-01-03,,2025-01-03,[46380, 82990],128 City Road London United Kingdom EC1V 2NX
A & H COMMERCE LTD,16161985,active,ltd,,,2025-01-03,,2025-01-03,[47910],Suite Ra01 195-197 Wood Street London United Kingdom E17 3NU
GLITZY LASER BOUTIQUE LIMITED,16162260,active,ltd,,,2025-01-03,,2025-01-03,[96020],128 City Road London United Kingdom EC1V 2NX
AMVA PVT LIMITED,16162401,active,ltd,,,2025-01-03,,2025-01-03,[46470, 47530],Suite 207 Equitable House 7 General Gordon Square London United Kingdom SE18 6FH
FANSCAPE GROUP LIMITED,16162394,active,ltd,,,2025-01-03,,2025-01-03,[99999],Calder & Co London United Kingdom WC2H 7HF
GODOY FAJARDO LTD,16162395,active,ltd,,,2025-01-03,,2025-01-03,[68100, 68209],Flat 7 45 Penton Place London England SE17 3DN
MMS PARTNERS LIMITED,16162639,active,ltd,,,2025-01-03,,2025-01-03,[47110],133 West Hendon Broadway London England NW9 7DY
INFINITE INTERIORS MANAGEMENT LTD,16163718,active,ltd,,,2025-01-05,,2025-01-05,[59200, 70229, 74100, 90030],85 Great Portland Street London England W1W 7LT
ETGJ LTD,16164243,active,ltd,,,2025-01-06,,2025-01-06,[68209],71-75 Shelton Street London United Kingdom WC2H 9JQ
VALDEZ PROWORK LTD,16164245,active,ltd,,,2025-01-06,,2025-01-06,[43999, 81210],39 Oulton Road London England N15 5PY
FOX ENGINE LTD,16164565,active,ltd,,,2025-01-06,,2025-01-06,[62012],20 Wenlock Road London England N1 7GU
DECOZZIA LTD,16164566,active,ltd,,,2025-01-06,,2025-01-06,[47910],Flat 63 Highstone Mansions London England NW1 9DY
SMART CONSTRUCTION LIMITED,16164595,active,ltd,,,2025-01-06,,2025-01-06,[41201, 41202, 43390, 43999],156 Eastbrook Drive London United Kingdom RM7 0YU
GH2 ENTERPRISES LTD,16164537,active,ltd,,,2025-01-06,,2025-01-06,[68209],71-75 Shelton Street London United Kingdom WC2H 9JQ
LUX EVENTS AGENCY LTD,16164902,active,ltd,,,2025-01-06,,2025-01-06,[73120, 78200],167-169 Great Portland Street London England W1W 5PF
STREAMSHOW PRODUCTIONS LIMITED,16164890,active,ltd,,,2025-01-06,,2025-01-06,[82990],1386 London Road Leigh On Sea England SS9 2UJ
SANMAI LTD,16160203,active,ltd,,,2025-01-02,,2025-01-02,[46370, 47990],71-75 Shelton Street London United Kingdom WC2H 9JQ
CNMIST LTD,16160551,active,ltd,,,2025-01-02,,2025-01-02,[58290, 62011, 62012, 62020],71-75 Shelton Street London United Kingdom WC2H 9JQ
MOLAR MOTION MEDIA LTD,16160788,active,ltd,,,2025-01-02,,2025-01-02,[47910],167-169 Great Portland Street London England W1W 5PF
HYPERION TRADING LIMITED,16161284,active,ltd,,,2025-01-03,,2025-01-03,[62020, 62090, 72110, 72190],16 Wilberforce Road London England N4 2SW
RENOMOS LIMITED,16161292,active,ltd,,,2025-01-03,,2025-01-03,[96090],2nd Floor College House Ruislip, United Kingdom HA4 7AE
BLACK MUSIC WORKS PRODUCTIONS LTD,16161870,active,ltd,,,2025-01-03,,2025-01-03,[59200],71-75 Shelton Street London United Kingdom WC2H 9JQ
ZERANO LTD,16161878,active,ltd,,,2025-01-03,,2025-01-03,[47910],71-75 Shelton Street London United Kingdom WC2H 9JQ
EVSA LIMITED,16162578,active,ltd,,,2025-01-03,,2025-01-03,[80100],Flat 8 Gonville House London England SW15 3NH
PEPANDTIN BRANDS LTD,16162704,active,ltd,,,2025-01-03,,2025-01-03,[47910],71-75 Shelton Street London United Kingdom WC2H 9JQ
ARISTOTIX LTD,16163050,active,ltd,,,2025-01-04,,2025-01-04,[63120, 63990, 85590],3rd Floor 86-90 Paul Street London United Kingdom EC2A 4NE
FAITHFLOW LTD,16164008,active,ltd,,,2025-01-06,,2025-01-06,[62020],Flat 10 Barker House London England N15 3DT
VISION CONNECTION LIMITED,16164214,active,ltd,,,2025-01-06,,2025-01-06,[62020, 62090, 70229],11216 ,182-184 High Street North London United Kingdom E6 2JA
FIGHTER AND COACH LTD,16164208,active,ltd,,,2025-01-06,,2025-01-06,[32300],124 City Road London England EC1V 2NX
KEZMAN YACHTING LTD,16164205,active,ltd,,,2025-01-06,,2025-01-06,[99999],72 Princess Court Queensway London England W2 4RE
BEAUTY STORY LIMITED,16165038,active,ltd,,,2025-01-06,,2025-01-06,[46160, 46450, 46480, 47750],7-11 Minerva Road Park Royal London United Kingdom NW10 6HJ
PRIVATE HEALTH CONCIERGE LTD,16159518,active,ltd,,,2025-01-02,,2025-01-02,[86900],1 Manet Gardens London England W3 7AY
DIGITAL BLUE CONSULTING LTD,16159522,active,ltd,,,2025-01-02,,2025-01-02,[62020, 70229],31e Abbey Road London England NW8 9AU
TOGETHER4IMPACT LTD,16159984,active,ltd,,,2025-01-02,,2025-01-02,[70229, 74901],20 Wenlock Road London England N1 7GU
UKIYO STUDIO LIMITED,16159978,active,ltd,,,2025-01-02,,2025-01-02,[74100],Flat 15 Constantine House London England NW9 5XD
LABCORP DIAGNOSTICS EUROPE HOLDINGS LIMITED,16160106,active,ltd,,,2025-01-02,,2025-01-02,[64205],21 Holborn Viaduct London United Kingdom EC1A 2DY
VOLTT LTD,16160097,active,ltd,,,2025-01-02,,2025-01-02,[62020],167-169 Great Portland Street London England W1W 5PF
STAYWELL TRAVEL LTD,16160335,active,ltd,,,2025-01-02,,2025-01-02,[55100],1 Ashland Place London England W1U 4AQ
WW PROPERTY INVESTMENTS LTD,16160641,active,ltd,,,2025-01-02,,2025-01-02,[68100],Flat 27 Aster Court London England E5 9GB
JEZZA JAY LTD,16160732,active,ltd,,,2025-01-02,,2025-01-02,[56290],Chase Business Centre London United Kingdom N14 5BP
CRYSTAL ENTRY LTD,16161001,active,ltd,,,2025-01-03,,2025-01-03,[20530, 32120],128 City Road London United Kingdom EC1V 2NX
AMBERDEN CARE LIMITED,16161005,active,ltd,,,2025-01-03,,2025-01-03,[86900],9 Ashridge Close London London England N3 3BT
HOUSE OF COZZA LTD,16161053,active,ltd,,,2025-01-03,,2025-01-03,[47910, 82110, 85600, 90010],167-169 Great Portland Street London England W1W 5PF
KENU COMPANY LIMITED,16161041,active,ltd,,,2025-01-03,,2025-01-03,[93199],273a Brownhill Road Catford United Kingdom SE6 1AE
PRODG STUDIOS LTD,16161167,active,ltd,,,2025-01-03,,2025-01-03,[62012, 70229, 82990],128 City Road London United Kingdom EC1V 2NX
SOMSOO VENTURES LTD,16161361,active,ltd,,,2025-01-03,,2025-01-03,[47910],86-90 Paul Street London England EC2A 4NE
HAIR BY MAY LTD,16161620,active,ltd,,,2025-01-03,,2025-01-03,[96020],15 Offenham Road London England SE9 4LY
CASA PRODUCTS LTD,16162014,active,ltd,,,2025-01-03,,2025-01-03,[47910, 47990],128 City Road London United Kingdom EC1V 2NX
HARDENSON LIMITED,16162116,active,ltd,,,2025-01-03,,2025-01-03,[46410, 46470, 47910],Office 408, Screenworks 22 Highbury Grove London United Kingdom N5 2ER
RAW THREAD PICTURES LTD,16162114,active,ltd,,,2025-01-03,,2025-01-03,[59111],157b Harringay Road London United Kingdom N15 3HP
GENUP LOCAL LIMITED,16162214,active,ltd,,,2025-01-03,,2025-01-03,[62090],8 Domingo Street London United Kingdom EC1Y 0TA
BARREAST LTD,16162217,active,ltd,,,2025-01-03,,2025-01-03,[41100, 41202, 43120, 43390],71-75 Shelton Street London United Kingdom WC2H 9JQ
EXEIDEAS INTERNATIONAL LTD,16162378,active,ltd,,,2025-01-03,,2025-01-03,[47910],30 Riverhead Close London England E17 5PY
SIPPAS DRINKS LTD,16162529,active,ltd,,,2025-01-03,,2025-01-03,[46342, 47250],7 Bell Yard London England WC2A 2JR
BOBT1000 LIMITED,16162513,active,ltd,,,2025-01-03,,2025-01-03,[47910],45 Fitzroy Street The City Of London United Kingdom W1T 6EB
AFFINITY NET ENTERPRISE LIMITED,16162976,active,ltd,,,2025-01-03,,2025-01-03,[73110],5 Chester Road London England E7 8QT
CHICK ME OUT LTD,16163294,active,ltd,,,2025-01-04,,2025-01-04,[56103],Flat 19 Kilbrennan House London England E14 0PX
MANNING CAPITAL LIMITED,16163451,active,ltd,,,2025-01-05,,2025-01-05,[70229],133 White Hart Lane London England SW13 0JW
MYRA CHOCOLATERY LIMITED,16163619,active,ltd,,,2025-01-05,,2025-01-05,[10821, 56102],508 Edgware Road London United Kingdom W2 1EJ
CHOICECORNER PRIVATE LIMITED,16163616,active,ltd,,,2025-01-05,,2025-01-05,[47910],Redonda House London United Kingdom NW9 6FX
JOSEPHINE'S HEART LTD,16163970,active,ltd,,,2025-01-06,,2025-01-06,[90030],3rd Floor, 86-90 Paul Street London United Kingdom EC2A 4NE
TEEJOAN CARE SERVICE LIMITED,16164114,active,ltd,,,2025-01-06,,2025-01-06,[86101],64 Sylvan Hill London England SE19 2QD
OGILVIE FINANCE & STRATEGY LTD,16164129,active,ltd,,,2025-01-06,,2025-01-06,[70229],20 Wenlock Road London England N1 7GU
QUORINEX LTD,16164420,active,ltd,,,2025-01-06,,2025-01-06,[62011, 62012, 62020, 62090],3rd Floor 86-90 Paul Street London United Kingdom EC2A 4NE
NOTAY PROPERTY GROUP LTD,16164391,active,ltd,,,2025-01-06,,2025-01-06,[82990],71-75 Shelton Street London United Kingdom WC2H 9JQ
CREPICURE LTD,16164755,active,ltd,,,2025-01-06,,2025-01-06,[81222, 81299],124-128 City Road London England EC1V 2NX
PREOWNEDMARKETS LTD,16164754,active,ltd,,,2025-01-06,,2025-01-06,[47990],Flat 6 Hart Building London England SE18 5AG
CHESHIRE MEDICAL AESTHETICS LIMITED,16164821,active,ltd,,,2025-01-06,,2025-01-06,[99999],Suite G04 1 Quality Court, Chancery Lane London England WC2A 1HR
HAWK VDS LTD,16164793,active,ltd,,,2025-01-06,,2025-01-06,[62012, 80200],124 City Road London United Kingdom EC1V 2NX
VELEBIT TRANSPORT LTD,16165105,active,ltd,,,2025-01-06,,2025-01-06,[49410],128 City Road London United Kingdom EC1V 2NX
TRESILLIAN BARTON LIMITED,16165093,active,ltd,,,2025-01-06,,2025-01-06,[68100, 68201, 68209],100 Liverpool Street London United Kingdom EC2M 2AT
IPRO LTD,16165095,active,ltd,,,2025-01-06,,2025-01-06,[46510, 47410, 62012, 62090],71-75 Shelton Street London United Kingdom WC2H 9JQ
AKAN GROUP LTD,16165121,active,ltd,,,2025-01-06,,2025-01-06,[64209],71-75 Shelton Street London United Kingdom WC2H 9JQ
MBIOWORKS LONDON LTD,16159559,active,ltd,,,2025-01-02,,2025-01-02,[62020, 71122, 72110, 72190],Suite 1067 5 Brayford Square London England E1 0SG
TMT CAPITAL INVESTMENTS LTD,16159945,active,ltd,,,2025-01-02,,2025-01-02,[68209],417 Finchley Road London England NW3 6HJ
AMURT PROPERTY INVESTMENT LTD,16160162,active,ltd,,,2025-01-02,,2025-01-02,[68100, 68209, 68320],Flat 102 F Block Guinness Trust Buildings London England W6 8BQ
CLEARPATH FINANCIAL SERVICES LTD,16160283,active,ltd,,,2025-01-02,,2025-01-02,[64922, 64999, 66220],71-75 Shelton Street London United Kingdom WC2H 9JQ
SISTAHOOD LIMITED,16160284,active,ltd,,,2025-01-02,,2025-01-02,[85600],Flat 5 46 The Gardens London England SE22 9QQ
DAZARA UK LTD,16160301,active,ltd,,,2025-01-02,,2025-01-02,[46450, 68201, 77210],71-75 Shelton Street London United Kingdom WC2H 9JQ
BIOLOGICS CONSULTING LTD,16160262,active,ltd,,,2025-01-02,,2025-01-02,[21100],Suite 175 182-184 High Street North London United Kingdom E6 2JA
TENDEY UK LTD,16160416,active,ltd,,,2025-01-02,,2025-01-02,[49420],22 Hart Grove London England W5 3NB
CHONG ES ASSOCIATES LIMITED,16160419,active,ltd,,,2025-01-02,,2025-01-02,[69202],1 Beaufort Gardens London United Kingdom NW4 3QN
PLEINEVIE & E SOURCING LTD,16160434,active,ltd,,,2025-01-02,,2025-01-02,[68310],20 Wenlock Road London England N1 7GU
19 RETAIL LIMITED,16160654,active,ltd,,,2025-01-02,,2025-01-02,[47190],19 Queensway London England W2 4QJ
MAYFAIR MEDICAL GROUP LTD,16160653,active,ltd,,,2025-01-02,,2025-01-02,[86210],Basement Flat A Weymouth House 84-94 London England W1W 5HF
BOLD ENERGY LIMITED,16160781,active,ltd,,,2025-01-02,,2025-01-02,[61900],Flat 8 Blenheim House London England SE18 6TD
PRISMATIC STACK LIMITED,16160875,active,ltd,,,2025-01-03,,2025-01-03,[70229],65 St. Andrew's Road London United Kingdom E17 6BB
ZIDA BUILDING MATERIALS TRADING LIMITED,16160988,active,ltd,,,2025-01-03,,2025-01-03,[46130, 46730, 46740],115 London Road Morden England SM4 5HP
CULTOVO LTD,16160984,active,ltd,,,2025-01-03,,2025-01-03,[62020],128 City Road London United Kingdom EC1V 2NX
KNIGHTS WINDOWS LTD,16161134,active,ltd,,,2025-01-03,,2025-01-03,[95290, 96090],71-75 Shelton Street London United Kingdom WC2H 9JQ
PARKAROMA LTD,16161132,active,ltd,,,2025-01-03,,2025-01-03,[47910],2nd Floor College House Ruislip, United Kingdom HA4 7AE
DUBITOCOGITO LTD,16161244,active,ltd,,,2025-01-03,,2025-01-03,[70229],35 Ballards Lane London England N3 1XW
HOUSE OF K STYLE LTD,16161489,active,ltd,,,2025-01-03,,2025-01-03,[47789],Flat 11, Milestone Court 584b Lea Bridge Road London United Kingdom E10 7GD
THOMPSON HOLDCO LIMITED,16161490,active,ltd,,,2025-01-03,,2025-01-03,[68100],69 Parkgate Road London England SW11 4NU
RELF INVESTMENTS LIMITED,16161678,active,ltd,,,2025-01-03,,2025-01-03,[68320],71-75 Shelton Street London United Kingdom WC2H 9JQ
KERALA HAIR AND BEAUTY SALON LIMITED,16161896,active,ltd,,,2025-01-03,,2025-01-03,[96020],888 Romford Road London England E12 5JP
TREE HOUSE PROJECT LTD,16162347,active,ltd,,,2025-01-03,,2025-01-03,[43390, 74909, 82990],3rd Floor, 86-90 Paul Street London United Kingdom EC2A 4NE
MASA ACTIVEWEAR LTD,16162361,active,ltd,,,2025-01-03,,2025-01-03,[47910],3rd Floor, 86-90 Paul Street London United Kingdom EC2A 4NE
CMD ROOFING LTD,16162820,active,ltd,,,2025-01-03,,2025-01-03,[43910],20 Wenlock Road London England N1 7GU
AROMA ESPRESSO LTD,16162814,active,ltd,,,2025-01-03,,2025-01-03,[56102],234 Barking Road London England E6 3BB
WYATT BID CONSULTING LTD,16162881,active,ltd,,,2025-01-03,,2025-01-03,[70229],128 City Road London United Kingdom EC1V 2NX
CHLOE AND DAUGHTERS LIMITED,16163338,active,ltd,,,2025-01-04,,2025-01-04,[82990],85 Great Portland Street London England W1W 7LT
FUTURE VISION TECHNOLOGY LTD,16163432,active,ltd,,,2025-01-05,,2025-01-05,[74909],63 Hale Grove Gardens London United Kingdom NW7 3LT
SALON59 LIMITED,16163862,active,ltd,,,2025-01-06,,2025-01-06,[96020],59 Highfield Avenue London England NW11 9EU
PURE LA CUCINA LTD,16163977,active,ltd,,,2025-01-06,,2025-01-06,[56101, 56102, 56103, 56210],96 Brick Lane London England E1 6RL
INFINITY FIRE AND SECURITY LTD,16164307,active,ltd,,,2025-01-06,,2025-01-06,[62090, 80200],20 Wenlock Road London England N1 7GU
RECON TRADING LIMITED,16164292,active,ltd,,,2025-01-06,,2025-01-06,[66110],147 Midhurst Road London England W13 9TJ
ICARE2025 LIMITED,16164291,active,ltd,,,2025-01-06,,2025-01-06,[86900],62 Waverley Crescent London England SE18 7QS
FINANCIAL ENERGY SERVICES LTD,16164609,active,ltd,,,2025-01-06,,2025-01-06,[46900, 47910, 64999, 82990],128 City Road London England EC1V 2NX
VITAMIN VAULT LTD,16164650,active,ltd,,,2025-01-06,,2025-01-06,[47910],124-128 City Road London England EC1V 2NX
LUMEN VITA VIE LTD,16164960,active,ltd,,,2025-01-06,,2025-01-06,[96020],71-75 Shelton Street London United Kingdom WC2H 9JQ
STACKS DEAL LTD,16164948,active,ltd,,,2025-01-06,,2025-01-06,[47990],158a Sherrard Road London England E7 8DZ
PRAEDIUM PENTONVILLE LIMITED,16164981,active,ltd,,,2025-01-06,,2025-01-06,[41100],Suite 1, 7th Floor 50 Broadway London United Kingdom SW1H 0DB
DYCE FITNESS LTD,16159678,active,ltd,,,2025-01-02,,2025-01-02,[93199],11 Blakewood Court Anerley Park London United Kingdom SE20 8NS
FILPAL GROUP LTD,16159824,active,ltd,,,2025-01-02,,2025-01-02,[47910, 70229, 73110],Dept 5394, 196 High Road London United Kingdom N22 8HH
RPEL COMMERCE LTD,16160008,active,ltd,,,2025-01-02,,2025-01-02,[47910],124-128 City Road London England EC1V 2NX
LATENT TECHNOLOGY GROUP LTD,16160009,active,ltd,,,2025-01-02,,2025-01-02,[62012],9th Floor 107 Cheapside London United Kingdom EC2V 6DN
ASBESTOS KENT LTD,16160462,active,ltd,,,2025-01-02,,2025-01-02,[43290],61 London Road Maidstone England ME16 8TX
HAMBRO HILL DEVELOPMENTS LIMITED,16160459,active,ltd,,,2025-01-02,,2025-01-02,[41100],19 Queen Elizabeth Street London England SE1 2LP
HYGGE WELL LTD,16160479,active,ltd,,,2025-01-02,,2025-01-02,[96090],20 Wenlock Road London England N1 7GU
CADOUR SKN LTD,16160810,active,ltd,,,2025-01-02,,2025-01-02,[96020],Flat 32 Dara House London England NW9 0BR
HENTUCKY PRODUCTIONS UK LTD,16160914,active,ltd,,,2025-01-03,,2025-01-03,[59111, 59120],71-75 Shelton Street London United Kingdom WC2H 9JQ
ALEPH & ALEPH LTD,16160917,active,ltd,,,2025-01-03,,2025-01-03,[56103],Flat D London United Kingdom NW3 4BN
PI & MORE LTD,16160939,active,ltd,,,2025-01-03,,2025-01-03,[85200, 85310],128 City Road London United Kingdom EC1V 2NX
LUCKEY PROPERTY LTD,16161008,active,ltd,,,2025-01-03,,2025-01-03,[68100, 68209, 68310, 68320],71-75 Shelton Street London United Kingdom WC2H 9JQ
BLVRT LIMITED,16161221,active,ltd,,,2025-01-03,,2025-01-03,[74909, 85590],67 Old Kenton Lane London England NW9 9NH
MASWALA LIMITED,16161217,active,ltd,,,2025-01-03,,2025-01-03,[47210, 47230],39 Upton Lane London England E7 9PA
CHOCOLATE CITY LTD,16161409,active,ltd,,,2025-01-03,,2025-01-03,[56103, 56210],Flat 405 Argent Court 48 Thomas Road London England E14 7FS
MAISON STIQUEL LTD,16161432,active,ltd,,,2025-01-03,,2025-01-03,[46342, 47290],96 Shepherds Bush Road London England W6 7PD
LINANOUR LIMITED,16161441,active,ltd,,,2025-01-03,,2025-01-03,[46310, 74100],First Floor Office Number 7 London United Kingdom SW6 4HH
ENKA MARINE LTD,16161713,active,ltd,,,2025-01-03,,2025-01-03,[99999],Third Floor London England W1B 3HH
BRIGHTACE LIMITED,16161702,active,ltd,,,2025-01-03,,2025-01-03,[62011],71-75 Shelton Street London United Kingdom WC2H 9JQ
GLOBAL FLAVOURS LTD,16161724,active,ltd,,,2025-01-03,,2025-01-03,[10890],17, 608, Brennan House High Road Leyton London United Kingdom E10 6RN
WAYE AI LTD,16161739,active,ltd,,,2025-01-03,,2025-01-03,[62020],62 Charteris Road London England NW6 7EX
ARRATO PROPERTIES LTD,16162562,active,ltd,,,2025-01-03,,2025-01-03,[68209],71-75 Shelton Street London United Kingdom WC2H 9JQ
IZIGRAM LIMITED,16162680,active,ltd,,,2025-01-03,,2025-01-03,[62012],Office 11205 182-184 High Street North London United Kingdom E6 2JA
MAA LEGAL LTD,16162771,active,ltd,,,2025-01-03,,2025-01-03,[82990],13b Ground Floor Flat London England E10 7HR
INDRIAN CONSULTING LTD,16163310,active,ltd,,,2025-01-04,,2025-01-04,[78300],Apartment 1113 8 Water Street London England E14 5HE
RAJGHARANA LTD,16163372,active,ltd,,,2025-01-04,,2025-01-04,[47810],65 Marmadon Road London England SE18 1EA
ADZZ INVESTMENTS LTD,16163931,active,ltd,,,2025-01-06,,2025-01-06,[45112],20 Wenlock Road London England N1 7GU
INAR COMPANY 1 LTD,16164152,active,ltd,,,2025-01-06,,2025-01-06,[47910],10-16 Tiller Road London United Kingdom E14 8PX
CAPTURING ADVENTURE LIMITED,16164362,active,ltd,,,2025-01-06,,2025-01-06,[59112],12 Cranmer Avenue London United Kingdom W13 9SH
SCRUB BUDDIES LTD,16164346,active,ltd,,,2025-01-06,,2025-01-06,[81210, 81299],3rd Floor, 86-90 Paul Street London United Kingdom EC2A 4NE
HAPPY RESOLUTIONS LTD,16164677,active,ltd,,,2025-01-06,,2025-01-06,[70229],95 Wilton Road London England SW1V 1BZ
YUAN INVESTMENT HOLDINGS LIMITED,16164706,active,ltd,,,2025-01-06,,2025-01-06,[64209],Apartment 406 3 Wood Crescent London England W12 7GN
DMC HEALTH GLOBAL LTD,16165145,active,ltd,,,2025-01-06,,2025-01-06,[79110, 86900],71-75 Shelton Street London United Kingdom WC2H 9JQ
DMXT SOLUTIONS LTD,16165159,active,ltd,,,2025-01-06,,2025-01-06,[62012],128 City Road London United Kingdom EC1V 2NX
LH PIPEWORK SERVICES LTD,16159617,active,ltd,,,2025-01-02,,2025-01-02,[43220, 43999],18 Eustace Road London England E6 3ND
NN YACHTING LTD,16159718,active,ltd,,,2025-01-02,,2025-01-02,[99999],Third Floor London England W1B 3HH
SMART RENOVATIONS LIMITED,16159885,active,ltd,,,2025-01-02,,2025-01-02,[43390],Sterling House Fulbourne Road London England E17 4EE
ESTHER BLUE LIMITED,16159861,active,ltd,,,2025-01-02,,2025-01-02,[74100],71-75 Shelton Street London United Kingdom WC2H 9JQ
NEWTRND LTD,16160123,active,ltd,,,2025-01-02,,2025-01-02,[46160, 47710],Flat 3 Palatino Court London England E17 6GJ
CROMWELL GREEN LIMITED,16160405,active,ltd,,,2025-01-02,,2025-01-02,[70210],57 Wharncliffe Gardens London England SE25 6DG
INTERNATIONAL LAW PARTNERS LIMITED,16160410,active,ltd,,,2025-01-02,,2025-01-02,[70229],85 Great Portland Street London England W1W 7LT
KENTON HARROW LTD,16160559,active,ltd,,,2025-01-02,,2025-01-02,[68100],106 Geldeston Road London United Kingdom E5 8RS
ARETE CLOUD SOLUTIONS LTD,16160575,active,ltd,,,2025-01-02,,2025-01-02,[62020, 62090],128 City Road London United Kingdom EC1V 2NX
PROBES TECHNOLOGIES LTD,16160960,active,ltd,,,2025-01-03,,2025-01-03,[62012],128 City Road London United Kingdom EC1V 2NX
SELFIE TIRE REPAIR TRADING LIMITED,16160959,active,ltd,,,2025-01-03,,2025-01-03,[45310, 45320],115 London Road Morden England SM4 5HP
QUANTUM CARDS LTD,16161092,active,ltd,,,2025-01-03,,2025-01-03,[47190, 47910],78 North Road Southall England UB1 2JL
INTERNATIONAL FOOTBALL PARKS LTD,16161182,active,ltd,,,2025-01-03,,2025-01-03,[93110, 93199],Office No. 22, 9.17 Capital Tower London United Kingdom SE1 8RT
GIRLUSH BEAUTY EMPIRE LTD,16161178,active,ltd,,,2025-01-03,,2025-01-03,[47910],71-75 Shelton Street London United Kingdom WC2H 9JQ
JBD PREMIER PROPERTIES LTD,16161190,active,ltd,,,2025-01-03,,2025-01-03,[68209],71-75 Shelton Street London United Kingdom WC2H 9JQ
HEALTHY FOOD (LDN) LTD,16161203,active,ltd,,,2025-01-03,,2025-01-03,[56102],103 Whitechapel Road London England E1 1DT
SIMPLE BUSINESS SERVICES LTD,16161185,active,ltd,,,2025-01-03,,2025-01-03,[82990],Flat 24 Homewalk House London England SE26 4NN
HOT MESS LONDON LTD,16161577,active,ltd,,,2025-01-03,,2025-01-03,[96020, 96090],128 City Road London United Kingdom EC1V 2NX
MUMBAI ZAIKA LIMITED,16161562,active,ltd,,,2025-01-03,,2025-01-03,[56103],71-75 Shelton Street London United Kingdom WC2H 9JQ
ONE BIG WORLD LTD,16161949,active,ltd,,,2025-01-03,,2025-01-03,[46341, 46342, 47910, 47990],2nd Floor College House Ruislip, United Kingdom HA4 7AE
CM FETTER LANE LTD,16162078,active,ltd,,,2025-01-03,,2025-01-03,[56101],95 Fetter Lane (Retail Unit) London United Kingdom EC4A 1EP
ZENITHCOMPANY LTD,16162083,active,ltd,,,2025-01-03,,2025-01-03,[62012],Zenithcompany, 124 City Road London England EC1V 2NX
AIML LABS LIMITED,16162195,active,ltd,,,2025-01-03,,2025-01-03,[62012, 62020, 63110, 63120],128 City Road London United Kingdom EC1V 2NX
THEUNIFORMHUB LTD,16162478,active,ltd,,,2025-01-03,,2025-01-03,[14120, 47710],71-75 Shelton Street London United Kingdom WC2H 9JQ
RUKSARSPHARMA LTD,16163703,active,ltd,,,2025-01-05,,2025-01-05,[86900],45 Arrow Road London England E3 3HE
AK FOOD SERVICES LTD,16163747,active,ltd,,,2025-01-05,,2025-01-05,[56103],27 Goldsmith Avenue London England E12 6QB
GOLDS PROPERTY SOLUTIONS LTD,16164033,active,ltd,,,2025-01-06,,2025-01-06,[43390],Flat 22 Pennard Mansions London England W12 8DL
MINDVALLEY UK GROUP LTD,16164487,active,ltd,,,2025-01-06,,2025-01-06,[82302, 85590, 85600, 96090],86-90 Paul Street London United Kingdom EC2A 4NE
OPULENCIA BY E+A LIMITED,16164485,active,ltd,,,2025-01-06,,2025-01-06,[82302],Flat 1, 25 Stavordale Road London England N5 1NE
PALOMO & DILIG LTD,16164848,active,ltd,,,2025-01-06,,2025-01-06,[68209],Flat 9 Chervil House London England E9 6FD
HARMONICK ALL-ROUND THE BLUES LTD,16164885,active,ltd,,,2025-01-06,,2025-01-06,[90030],Flat 3, 42 Saltram Crescent London United Kingdom W9 3HR
ESSENTIAL COMMUNITY FOCUS GROUP C.I.C.,16165171,active,ltd,community-interest-company,,2025-01-06,,2025-01-06,[88990],59b Cranbrook Road London England SE8 4EJ
CLEARSD LTD,16165212,active,ltd,,,2025-01-06,,2025-01-06,[70229],71-75 Shelton Street London United Kingdom WC2H 9JQ
WILLOW WOOD PROPERTY LTD,16165218,active,ltd,,,2025-01-06,,2025-01-06,[68209],Jameson House 146-148 Clerkenwell Road London England EC1R 5DG
HOLIE'S UK LTD,16212011,active,ltd,,,2025-01-27,,2025-01-27,[10612, 46380],Fora London England SE1 1JA
SKY SHOPTION LTD,16174067,active,ltd,,,2025-01-09,,2025-01-09,[47910],167-169 Great Portland Street London England W1W 5PF
V1 NEO LIMITED,16163150,active,ltd,,,2025-01-04,,2025-01-04,[71112, 71122],3rd Floor 86-90 Paul Street London England EC2A 4NE
THE TIMELESS COLLECTION GILLING LIMITED,16218121,active,ltd,,,2025-01-30,,2025-01-30,[68209],52 Jermyn Street London England SW1Y 6LX
CHERIE LIFE UK LIMITED,16183986,active,ltd,,,2025-01-14,,2025-01-14,[46450, 46900, 86220],250 King Road, 2nd Floor, London United Kingdom SW3 5UE
ON THE BUSINESS END LTD,16192892,active,ltd,,,2025-01-18,,2025-01-18,[73110],190 Billet Road London England E17 5DX
LI COMPLIANCE LIMITED,16190781,active,ltd,,,2025-01-17,,2025-01-17,[82990],2nd Floor 10 Charles Ii Street London England SW1Y 4AA
MARBLED IN VENETIAN LTD,16166133,active,ltd,,,2025-01-06,,2025-01-06,[43310],70 Bounces Road London England N9 8JS
MAMA'S ANGELS LTD,16171423,active,ltd,,,2025-01-08,,2025-01-08,[88910],112a Myddleton Road London England N22 8NQ
ORBITRIX LTD,16217055,active,ltd,,,2025-01-29,,2025-01-29,[63990, 96090],Wn London England SE1 2PL
REVFLO LTD,16200662,active,ltd,,,2025-01-22,,2025-01-22,[62090, 69109],17 St Brides House London England E3 2HN
MFC INNS LTD,16164181,active,ltd,,,2025-01-06,,2025-01-06,[56302],55 Princes Gate London England SW7 2PN
ELYSIUM AEGIS LTD,16217280,active,ltd,,,2025-01-29,,2025-01-29,[68100, 68209],Dept 7662, 126 East Ferry Road London United Kingdom E14 9FP
ELLINGTON ESTATES LIMITED,16197245,active,ltd,,,2025-01-21,,2025-01-21,[68100, 68209],Unit 527, The Archives Unit 10, High Cross Centre London England N15 4QN
XPERT PROPERTY SOLUTIONS LTD,16200050,active,ltd,,,2025-01-22,,2025-01-22,[46470, 95240],165-167 Office 107 The Broadway London United Kingdom SW19 1NE
M2H SURVEYING LIMITED,16195203,active,ltd,,,2025-01-20,,2025-01-20,[74902],180 London Road Romford England RM7 9EU
BAG-IT REAL ESTATE LIMITED,16221089,active,ltd,,,2025-01-31,,2025-01-31,[41100, 68100, 68209, 70229],Flat 13 32 Nile Street London England N1 7TU
PATTERSON TALENT GROUP LIMITED,16198393,active,ltd,,,2025-01-21,,2025-01-21,[90020],27 Mortimer Street London United Kingdom W1T 3BL
PERUZZI CAPITAL LIMITED,16171178,active,ltd,,,2025-01-08,,2025-01-08,[64303],3rd Floor 86-90 Paul Street London United Kingdom EC2A 4NE
SINCLAIR FORTUNE LTD,16219197,active,ltd,,,2025-01-30,,2025-01-30,[68100],Suite 102-103 Pride House London England N15 4FB
HORAN GATE LTD,16174583,active,ltd,,,2025-01-10,,2025-01-10,[47110],12 Ashbourne Parade London England W5 3QS
WISERA LTD,16212923,active,ltd,,,2025-01-28,,2025-01-28,[85590],Flat 12a 32 Gloucester Terrace London United Kingdom W2 3DA
AVIRAM KENT LIMITED,16195826,active,ltd,,,2025-01-20,,2025-01-20,[68100, 68209],C/O Marson Property Ltd 15-16 London England W1W 8RW
GS18 LIMITED,16181019,active,ltd,,,2025-01-13,,2025-01-13,[66190],231 231 Sussex Gardens London England W2 2RL
CREATIVE CORNUCOPIA LIMITED,16159576,active,ltd,,,2025-01-02,,2025-01-02,[78109],88 Drewstead Road London England SW16 1AG
CO-ORDINATE COMPLIANCE LTD.,16170174,active,ltd,,,2025-01-08,,2025-01-08,[74909],128 City Road London England EC1V 2NX
SEAFORWARD LIMITED,16184016,active,ltd,,,2025-01-14,,2025-01-14,[64203, 64209],Addison Studios London England W14 0HD
ESSENTIAL BUSINESS LTD,16200723,active,ltd,,,2025-01-22,,2025-01-22,[70229],Suite G3 Ground Floor Holly House Business Centre Chelmsford United Kingdom CM2 9AE
DUNSMURE HOLDINGS LTD,16180759,active,ltd,,,2025-01-13,,2025-01-13,[68209],24 Jessam Avenue London England E5 9DU
MOTION REALITY SIM RACING LTD,16171282,active,ltd,,,2025-01-08,,2025-01-08,[32409, 93290],3rd Floor, 86-90 Paul Street London England EC2A 4NE
PAINT MAGIC LTD,16212222,active,ltd,,,2025-01-28,,2025-01-28,[47520],Flat 2 17 Cheyne Gardens London England SW3 5QT
ZANG CREATIVE LTD,16221324,active,ltd,,,2025-01-31,,2025-01-31,[73110],White House Studio London Road Didcot England OX11 9PD
CDM SOFTWARE SOLUTIONS LTD,16164729,active,ltd,,,2025-01-06,,2025-01-06,[62012],Rex House London England SW1Y 4PE
JPR CREATIVE CONSULTANCY LTD,16218228,active,ltd,,,2025-01-30,,2025-01-30,[70229, 78109, 78200, 85590],Tooting Works London England SW17 9SH
BF TRADE LTD,16197013,active,ltd,,,2025-01-21,,2025-01-21,[46190, 52290],Wn London England SE1 2PL
ECOMMERCECART42 LTD,16222396,active,ltd,,,2025-01-31,,2025-01-31,[47890],483 Green Lanes London England N13 4BS
AMELIA SORDELL INVESTMENTS LTD,16210894,active,ltd,,,2025-01-27,,2025-01-27,[64305, 64999, 68100, 68209],20 Wenlock Road London England N1 7GU
APPLIED IQ LTD,16162397,active,ltd,,,2025-01-03,,2025-01-03,[27120],124 City Road London England EC1V 2NX
JUNGLE SAIL LTD,16215146,active,ltd,,,2025-01-29,,2025-01-29,[99999],27 Old Gloucester Street London United Kingdom WC1N 3AX
LATIN OASIS EVENTS LIMITED,16215298,active,ltd,,,2025-01-29,,2025-01-29,[56101],388 Green Lanes London England N4 1DW
TMS INVESTMENTS HOLDING LTD,16215277,active,ltd,,,2025-01-29,,2025-01-29,[64205, 64301, 66300, 68100],71-75 Shelton Street London United Kingdom WC2H 9JQ
BENARDEN OVERSEAS LTD,16215464,active,ltd,,,2025-01-29,,2025-01-29,[68209],63 Union Street London United Kingdom SE1 1SG
AB COMMUNICATIONS & MARKETING LTD,16215469,active,ltd,,,2025-01-29,,2025-01-29,[70210],Flat 141 Arc House 18 Maltby Street London England SE1 3GP
PLURIDIO UK LIMITED,16215638,active,ltd,,,2025-01-29,,2025-01-29,[58290, 62012, 62020, 62090],18th & 19th Floors 100 Bishopsgate London United Kingdom EC2N 4AG
WITHAM ENTERPRISES LTD,16215818,active,ltd,,,2025-01-29,,2025-01-29,[31090],3rd Floor, 86-90 Paul Street London England EC2A 4NE
LITTLE DALE PROPERTIES LIMITED,16215814,active,ltd,,,2025-01-29,,2025-01-29,[68209],128 City Road London United Kingdom EC1V 2NX
THIRTY SOLUTIONS LTD,16216003,active,ltd,,,2025-01-29,,2025-01-29,[62020, 70229],3rd Floor, 86-90 Paul Street London United Kingdom EC2A 4NE
TWO MAGPIES GROUP LIMITED,16216116,active,ltd,,,2025-01-29,,2025-01-29,[64209],Two Magpies Bakery London Road Saxmundham England IP17 3QR
EDMONTON CHICKEN LIMITED,16216108,active,ltd,,,2025-01-29,,2025-01-29,[56102],40 Willoughby Road London United Kingdom N8 0JG
SKYLINE GLOBAL MERCHANTS LTD,16216322,active,ltd,,,2025-01-29,,2025-01-29,[47910],71-75 Shelton Street London United Kingdom WC2H 9JQ
OK WOR LTD.,16216331,active,ltd,,,2025-01-29,,2025-01-29,[68209],C/O Getground London England W6 0NB
WIRED PROPERTY MAINTENANCE LTD,16216324,active,ltd,,,2025-01-29,,2025-01-29,[68320],71-75 Shelton Street London United Kingdom WC2H 9JQ
DHILLON REALTY LIMITED,16216718,active,ltd,,,2025-01-29,,2025-01-29,[68100, 68209, 68320],68 Masefield Avenue Southall England UB1 2NE
MLS ESTATES LTD,16217125,active,ltd,,,2025-01-29,,2025-01-29,[68100, 68209],11 Saw Mill Way London United Kingdom N16 6AN
ARTISAN FORK LIMITED,16217108,active,ltd,,,2025-01-29,,2025-01-29,[56103],38 Gloucester Road London England SW7 4QT
ZYNOVA SYSTEMS LTD,16217093,active,ltd,,,2025-01-29,,2025-01-29,[62012, 62020, 62090, 63110],128 City Road London United Kingdom EC1V 2NX
ESINXWEALTH LIMITED,16217114,active,ltd,,,2025-01-29,,2025-01-29,[47910],71-75 Shelton Street London United Kingdom WC2H 9JQ
KALIMA DIGITAL LIMITED,16217491,active,ltd,,,2025-01-29,,2025-01-29,[58290, 62011, 62012],71-75 Shelton Street London United Kingdom WC2H 9JQ
GLOBE WORKFORCE SOLUTIONS LIMITED,16217495,active,ltd,,,2025-01-29,,2025-01-29,[82990],101 New Cavendish Street London England W1W 6XH
EMPIRE HEATH LIMITED,16217477,active,ltd,,,2025-01-29,,2025-01-29,[68100],142a Upper Clapton Road London England E5 9JZ
PIPELINE MEDIA AGENCY LTD,16218146,active,ltd,,,2025-01-30,,2025-01-30,[70229],52 Leytonstone Road London England E15 1SQ
COBRA SECURITY LTD,16218253,active,ltd,,,2025-01-30,,2025-01-30,[80100],20 Wenlock Road London England N1 7GU
MIKEM LIMITED,16218839,active,ltd,,,2025-01-30,,2025-01-30,[70229],128 City Road London United Kingdom EC1V 2NX
ANCITA LTD,16218886,active,ltd,,,2025-01-30,,2025-01-30,[56210, 74100, 82301, 82302],Flat 3005 50 Marsh Wall London United Kingdom E22 2AE
ZARDEE LTD,16219007,active,ltd,,,2025-01-30,,2025-01-30,[47190],71-75 Shelton Street London United Kingdom WC2H 9JQ
ERC BIOTECHNOLOGY LTD,16219604,active,ltd,,,2025-01-30,,2025-01-30,[46450, 46460, 47749, 47910],4 Raven Road, Unit 1c3-626 London United Kingdom E18 1HB
CRE8IVE MANAGEMENT CO LIMITED,16215042,active,ltd,,,2025-01-29,,2025-01-29,[56101, 56302],71-75 Shelton Street London United Kingdom WC2H 9JQ
FOOTO GROUP LIMITED,16215241,active,ltd,,,2025-01-29,,2025-01-29,[93199],Monomark House London England WC1N 3AX
KINGDOM ELECT LIMITED,16215327,active,ltd,,,2025-01-29,,2025-01-29,[94910],Flat 154 Waldegrave Point 1 Green Street London England NW10 6FX
ENET SYSTEMS LTD,16215313,active,ltd,,,2025-01-29,,2025-01-29,[62012],71-75 Shelton Street London United Kingdom WC2H 9JQ
ZAKELE LIMITED,16215611,active,ltd,,,2025-01-29,,2025-01-29,[62020],128 City Road London United Kingdom EC1V 2NX
SLAWBUD BUILDERS LTD,16215598,active,ltd,,,2025-01-29,,2025-01-29,[43210, 43220, 43341, 43390],10 Runnymede Crescent London England SW16 5UD
KNIGHTS PORTFOLIO MANAGEMENT LTD,16215774,active,ltd,,,2025-01-29,,2025-01-29,[70100],64 Marney Road London England SW11 5EP
RE PARTNERS CONSULTING LTD,16216052,active,ltd,,,2025-01-29,,2025-01-29,[71122],The Scalpel, 18th Floor London United Kingdom EC3M 7AF
MANAGELAW CONSULTING LTD,16216202,active,ltd,,,2025-01-29,,2025-01-29,[70229],71-75 Shelton Street London United Kingdom WC2H 9JQ
SKIN BALANCE AND HARMONY LTD,16216192,active,ltd,,,2025-01-29,,2025-01-29,[96020],The Vale Business Center Office 32 London England W3 7QS
POWERBLOX LIMITED,16216769,active,ltd,,,2025-01-29,,2025-01-29,[62011, 62012, 62020, 63110],71-75 Shelton Street London United Kingdom WC2H 9JQ
CLEVE HAIR LTD,16216761,active,ltd,,,2025-01-29,,2025-01-29,[96020],2 Warner Place London United Kingdom E2 7DA
U&M DANCE HUB LTD,16217182,active,ltd,,,2025-01-29,,2025-01-29,[85520, 96040],21 Dyson Road London United Kingdom E11 1NA
OSSORY CREATIVE LIMITED,16205439,active,ltd,,,2025-01-24,,2025-01-24,[60200],84 Wellmeadow Road London United Kingdom SE6 1HW
KIMBA LIMITED,16217178,active,ltd,,,2025-01-29,,2025-01-29,[70229],Wing 1, Level 9 Berkeley Square House London United Kingdom W1J 6BY
SIX AND EIGHT LIMITED,16217449,active,ltd,,,2025-01-29,,2025-01-29,[68100, 68209, 68320],133 West Hendon Broadway London England NW9 7DY
AXCEL HOSPITALITY GROUP LTD,16217687,active,ltd,,,2025-01-29,,2025-01-29,[79909],124-128 City Road London England EC1V 2NX
PYTHON TRADING CARDS LIMITED,16218010,active,ltd,,,2025-01-30,,2025-01-30,[47910],101 King's Cross Road London United Kingdom WC1X 9LP
PAINTFOLIO LTD,16218025,active,ltd,,,2025-01-30,,2025-01-30,[43999],15 Muston Road London United Kingdom E5 9LH
SAMANTREE MEDICAL UK LTD,16218395,active,ltd,,,2025-01-30,,2025-01-30,[26600, 26701],C/O Mishcon De Reya Africa House London United Kingdom WC2B 6AH
WISTERIA ESTATES LTD,16218955,active,ltd,,,2025-01-30,,2025-01-30,[68209],C/O Getground London England W6 0NB
AETHEREAL LTD,16218948,active,ltd,,,2025-01-30,,2025-01-30,[70229],25 Marmora Road London England SE22 0RX
GURIFUN LTD,16218950,active,ltd,,,2025-01-30,,2025-01-30,[90030],2 Frederick Street London United Kingdom WC1X 0ND
LUNA STORAGE LIMITED,16218946,active,ltd,,,2025-01-30,,2025-01-30,[68209],9 Walmgate Road Greenford England UB6 7LH
IMZTCG LTD,16219225,active,ltd,,,2025-01-30,,2025-01-30,[47650],20 Wenlock Road London England N1 7GU
EUROPEAN GREEN LOGISTICS SPACE LIMITED,16219256,active,ltd,,,2025-01-30,,2025-01-30,[41100, 68320],Town Gate Basingstoke England RG21 7NY
HILLOLIM MARYLEBONE LIMITED,16219257,active,ltd,,,2025-01-30,,2025-01-30,[68100],Khiara House, 4th Floor London United Kingdom W1F 8QN
ENTERPRISE CHRYSALIS LIMITED,16219544,active,ltd,,,2025-01-30,,2025-01-30,[70229],128 City Road London United Kingdom EC1V 2NX
BOX2GO LTD,16219549,active,ltd,,,2025-01-30,,2025-01-30,[56103],Whitefield Memorial Church London England W1T 4TD
SD&CO UK LTD,16219552,active,ltd,,,2025-01-30,,2025-01-30,[73110],20 Wenlock Road London England N1 7GU
SA IT SOLUTIONS LTD,16216538,active,ltd,,,2025-01-29,,2025-01-29,[62012, 62020, 62030, 63110],128 City Road London United Kingdom EC1V 2NX
CBMG PROPERTY LIMITED,16216954,active,ltd,,,2025-01-29,,2025-01-29,[68209],Second Floor London United Kingdom EC4A 2DQ
BRIDGEPARK CAPITAL 1 LTD,16216958,active,ltd,,,2025-01-29,,2025-01-29,[64929],2a Hayes Crescent London United Kingdom NW11 0DE
MULTANI MODERN CONSTRUCTION LTD,16216986,active,ltd,,,2025-01-29,,2025-01-29,[43390],210 Princes Avenue London United Kingdom NW9 9JG
AL JAZEERA PERFUMES LTD,16217415,active,ltd,,,2025-01-29,,2025-01-29,[46450, 47750],71-75 Shelton Street London United Kingdom WC2H 9JQ
GOLDBLUE PROPERTIES LIMITED,16217425,active,ltd,,,2025-01-29,,2025-01-29,[68209],16d Urban Hive Theydon Road London England E5 9BQ
CELEBRITY HOUSE LTD,16217653,active,ltd,,,2025-01-29,,2025-01-29,[47990],Flat 13 Balearic Apartments London England E16 1AP
KANTAR YACHTING LTD,16218314,active,ltd,,,2025-01-30,,2025-01-30,[99999],71-75 Shelton Street London United Kingdom WC2H 9JQ
ASCENT MAXIMA LTD,16218305,active,ltd,,,2025-01-30,,2025-01-30,[63990, 71200, 82990],20 Wenlock Road London England N1 7GU
VOYAGEUR VENTURES LTD,16207259,active,ltd,,,2025-01-24,,2025-01-24,[47910],124 City Road London England EC1V 2NX
ELI (LANDSBERG) LIMITED,16218850,active,ltd,,,2025-01-30,,2025-01-30,[96090],101 New Cavendish Street London United Kingdom W1W 6XH
SYSNASCAPE LTD,16218910,active,ltd,,,2025-01-30,,2025-01-30,[68100, 68209],112 Morden Road London United Kingdom SW19 3BP
MOUNTVEST LIMITED,16219186,active,ltd,,,2025-01-30,,2025-01-30,[64306],7a Chesterfield Hill London England W1J 5BN
KAIVO LTD,16219430,active,ltd,,,2025-01-30,,2025-01-30,[86900],71-75 Shelton Street London United Kingdom WC2H 9JQ
PAICE ADVISORY LIMITED,16219398,active,ltd,,,2025-01-30,,2025-01-30,[70229],First Floor Winston House London United Kingdom N3 1DH
BOTANACY LTD,16219437,active,ltd,,,2025-01-30,,2025-01-30,[47750],Kemp House London United Kingdom EC1V 2NX
WHIRL DIGITAL LIMITED,16215873,active,ltd,,,2025-01-29,,2025-01-29,[62012],71-75 Shelton Street London United Kingdom WC2H 9JQ
VOX PARTNERS LIMITED,16215900,active,ltd,,,2025-01-29,,2025-01-29,[78109],16 Ridge Road London England N21 3EA
HIKE MARKETING GROUP LIMITED,16215865,active,ltd,,,2025-01-29,,2025-01-29,[73110],Silverstream House 4th Floor London England W1T 6EB
LAF INVESTMENTS LTD,16216166,active,ltd,,,2025-01-29,,2025-01-29,[68209],3rd Floor, 86-90 Paul Street London United Kingdom EC2A 4NE
WEIR TECHNOLOGY SOLUTIONS LIMITED,16216434,active,ltd,,,2025-01-29,,2025-01-29,[70229],78 Felhampton Road London England SE9 3NX
ASCENDAM ADVISORY LTD,16187541,active,ltd,,,2025-01-16,,2025-01-16,[55100, 64303, 70221, 70229],2nd Floor College House Ruislip, United Kingdom HA4 7AE
WELLSFIELD ROAD SUB LTD,16216935,active,ltd,,,2025-01-29,,2025-01-29,[68100],99 Clapton Common London England E5 9AB
ECHO ZERO LIMITED,16217562,active,ltd,,,2025-01-29,,2025-01-29,[62020],3rd Floor 86-90 Paul Street London United Kingdom EC2A 4NE
YOOGEM PETS LIMITED,16218454,active,ltd,,,2025-01-30,,2025-01-30,[96090],128 City Road London United Kingdom EC1V 2NX
PMA NAVIGATOR LTD,16218466,active,ltd,,,2025-01-30,,2025-01-30,[85590],8 Raven Road London England E18 1HB
TEN12 CAPITAL LTD,16218448,active,ltd,,,2025-01-30,,2025-01-30,[70229],Flat 8 Esmond Court London England W8 5HB
BASH VENTURES LTD,16218741,active,ltd,,,2025-01-30,,2025-01-30,[56101],34 Lawrence Hill London United Kingdom E4 7SN
GOLDING PROPERTIES LTD,16219167,active,ltd,,,2025-01-30,,2025-01-30,[68100],86-90 Paul Street London England EC2A 4NE
ZURI SKY LIMITED,16219140,active,ltd,,,2025-01-30,,2025-01-30,[51101],6 Artillery Passage London England E1 7LJ
ARTIFICIAL INTELLIGENCE EVANGELIST LTD,16219142,active,ltd,,,2025-01-30,,2025-01-30,[62012, 62020, 62090, 71129],36 Sark Tower Erebus Drive London United Kingdom SE28 0GG
THE DREAM SLEEP NURSE LTD,16219494,active,ltd,,,2025-01-30,,2025-01-30,[82990],20 Wenlock Road London England N1 7GU
THE LOCK FOX LTD,16219509,active,ltd,,,2025-01-30,,2025-01-30,[96090],1259 London Road Leigh-On-Sea United Kingdom SS9 2AF
C & S HOLDCO LIMITED,16219502,active,ltd,,,2025-01-30,,2025-01-30,[64209],590 Green Lanes London United Kingdom N13 5RY
NILIA CAPITAL LIMITED,16219492,active,ltd,,,2025-01-30,,2025-01-30,[70229],Flat B London United Kingdom SW1X 0BD
HOUSE OF VISAGE LIMITED,16216556,active,ltd,,,2025-01-29,,2025-01-29,[78101],8 Delta Mews London England NW7 1RA
AMAZING DAYZ OUT LTD,16216554,active,ltd,,,2025-01-29,,2025-01-29,[88910],71-75 Shelton Street London England WC2H 9JQ
D&R PROJECTS LIMITED,16216794,active,ltd,,,2025-01-29,,2025-01-29,[41100],335 City Road London England EC1V 1LJ
KHSH LTD,16216793,active,ltd,,,2025-01-29,,2025-01-29,[68100],209 Salisbury Avenue London United Kingdom IG11 9XT
SOLIDD LIMITED,16217514,active,ltd,,,2025-01-29,,2025-01-29,[46140, 70229, 96090],71-75 Shelton Street London United Kingdom WC2H 9JQ
DOANDES TRANSPORT LTD,16217670,active,ltd,,,2025-01-29,,2025-01-29,[49410],Indian Night Flat 1 Chelmsford United Kingdom CM2 8TE
ELIT CONTRACT SERVICES LTD,16217820,active,ltd,,,2025-01-29,,2025-01-29,[41202, 43999, 78300],50 Lonsdale Avenue London England E6 3JY
HEATHROW GATWICK CARS LTD,16217895,active,ltd,,,2025-01-29,,2025-01-29,[49390],Flat 2 218 Portland Road London England SE25 4QB
OYIN PROPERTIES LTD,16217982,active,ltd,,,2025-01-29,,2025-01-29,[41100, 68100, 68209],3rd Floor, 86-90 Paul Street London United Kingdom EC2A 4NE
NOVA PR LTD,16217984,active,ltd,,,2025-01-29,,2025-01-29,[70210],Flat 7 Cranbrook London England NW1 0LJ
NOTORA LTD,16218110,active,ltd,,,2025-01-30,,2025-01-30,[62090, 78109],71-75 Shelton Street London United Kingdom WC2H 9JQ
UNICUS SOLUTIONS LIMITED,16218107,active,ltd,,,2025-01-30,,2025-01-30,[62020],128 City Road London United Kingdom EC1V 2NX
INFLEXION SERVICES LIMITED,16218428,active,ltd,,,2025-01-30,,2025-01-30,[82990],47 Queen Anne Street London England W1G 9JG
SPACE PATHWAYS ECOSYSTEM LTD,16218789,active,ltd,,,2025-01-30,,2025-01-30,[63110, 70229, 85520],20 Wenlock Road London England N1 7GU
PE VENTURES LTD,16218773,active,ltd,,,2025-01-30,,2025-01-30,[68100],Unit A Southend United Kingdom SS0 9PE
SAMADEB INVESTMENT LIMITED,16219116,active,ltd,,,2025-01-30,,2025-01-30,[68100, 68209],10 Balfe Street London England N1 9EG
K2 PROFESSIONAL LIMITED,16219371,active,ltd,,,2025-01-30,,2025-01-30,[66220],5th Floor 35 Great St Helen’S London United Kingdom EC3A 6AP
ONLINE E-NGLISH.COM LIMITED,16219355,active,ltd,,,2025-01-30,,2025-01-30,[85590],85 Great Portland Street London United Kingdom W1W 7LT
SE PERFORMANCE LTD,16216606,active,ltd,,,2025-01-29,,2025-01-29,[62012, 62020, 62090, 70229],71-75 Shelton Street London United Kingdom WC2H 9JQ
11 UPPER WIMPOLE STREET LTD,16217043,active,ltd,,,2025-01-29,,2025-01-29,[98000],11 Upper Wimpole Street London England W1G 6LN
UTHSHAK LTD,16217038,active,ltd,,,2025-01-29,,2025-01-29,[42990],Flat 7 Charlesmere Gardens London England SE28 0NG
COMPASS LAW GROUP LTD,16217059,active,ltd,,,2025-01-29,,2025-01-29,[69109],71-75 Shelton Street London United Kingdom WC2H 9JQ
GKP UK INVESTMENTS LTD,16217081,active,ltd,,,2025-01-29,,2025-01-29,[68209],107 Power Road London United Kingdom W4 5PY
M CHOUDHURY GROUP LTD,16217066,active,ltd,,,2025-01-29,,2025-01-29,[49320],1 Hessel Street London England E1 2LR
TUFAIL PROPERTIES LIMITED,16217385,active,ltd,,,2025-01-29,,2025-01-29,[68209],C/O Getground London England W6 0NB
ISPER CONSULTANCY LTD,16217405,active,ltd,,,2025-01-29,,2025-01-29,[70229],71-75 Shelton Street London United Kingdom WC2H 9JQ
NEXUS RIGGING LTD,16217404,active,ltd,,,2025-01-29,,2025-01-29,[61900],3rd Floor, 86-90 Paul Street London United Kingdom EC2A 4NE
PLATFORM 12 LTD,16217634,active,ltd,,,2025-01-29,,2025-01-29,[62011],85 Great Portland Street London England W1W 7LT
FAIRFAX TRADING SOLUTIONS LTD,16217633,active,ltd,,,2025-01-29,,2025-01-29,[62020],65 The Grove London England N13 5LD
L E DESIGN & BUILD LTD,16217632,active,ltd,,,2025-01-29,,2025-01-29,[41202],60 Runnymede Road London United Kingdom TW2 7HF
ASPIRE BUSINESS SERVICES LTD,16217627,active,ltd,,,2025-01-29,,2025-01-29,[82990],31 Cooper Road London England NW10 1BG
M3Z2 PROPERTY INVESTMENTS LTD,16217775,active,ltd,,,2025-01-29,,2025-01-29,[68100],Flat, 412 Edgware Road London United Kingdom W2 1ED
SHARP VISUALS LTD,16217891,active,ltd,,,2025-01-29,,2025-01-29,[74100],36 St. Marys Grove London England W4 3LN
O.GODFREY LTD,16218195,active,ltd,,,2025-01-30,,2025-01-30,[66220],4 Strathdale London United Kingdom SW16 2HT
RACHI MEDIA LTD,16218349,active,ltd,,,2025-01-30,,2025-01-30,[73110],128 City Road London United Kingdom EC1V 2NX
RSM MOTOTECH LTD,16218336,active,ltd,,,2025-01-30,,2025-01-30,[45200],85 Great Portland Street London England W1W 7LT
SFPS AE LTD,16218342,active,ltd,,,2025-01-30,,2025-01-30,[46520],42 Yeames Close London England W13 0LS
BASCAS LIMITED,16218593,active,ltd,,,2025-01-30,,2025-01-30,[68209],C/O Getground London England W6 0NB
LAW HELPS LTD,16218618,active,ltd,,,2025-01-30,,2025-01-30,[69101],124 City Road London United Kingdom EC1V 2NX
PURNISHAJEWELS LTD,16218632,active,ltd,,,2025-01-30,,2025-01-30,[47910],40 Gloucester Road Dartford United Kingdom DA1 3DJ
POLYGLOT LIMITED,16219073,active,ltd,,,2025-01-30,,2025-01-30,[62090, 64205],1st Floor 8 Bridle Close Kingston Upon Thames United Kingdom KT1 2JW
MAKASEM LTD,16219066,active,ltd,,,2025-01-30,,2025-01-30,[62090, 64205],1st Floor 8 Bridle Close Kingston Upon Thames United Kingdom KT1 2JW
INTELLECTUAL HORIZON LTD,16219076,active,ltd,,,2025-01-30,,2025-01-30,[62020, 62090, 96090],47 Ellora Road London England SW16 6JG
CHSM LIMITED,16219566,active,ltd,,,2025-01-30,,2025-01-30,[73110],Grove House London England N12 0DR
THAMES PSYCHIATRY CLINIC LTD,16219568,active,ltd,,,2025-01-30,,2025-01-30,[86220],Plantation Wharf Pier, Mooring 10 London United Kingdom SW11 3EY
HILL SPRING LIMITED,16219578,active,ltd,,,2025-01-30,,2025-01-30,[68100],843 Finchley Road London England NW11 8NA
WEST ELEVEN STUDIOS LIMITED,16219579,active,ltd,,,2025-01-30,,2025-01-30,[70229],Flat 4 10 Redcliffe Square London England SW10 9JZ
HURST BRANDS LTD,16215087,active,ltd,,,2025-01-29,,2025-01-29,[70229],128 City Road London United Kingdom EC1V 2NX
LIZA'S BAKEHOUSE LTD,16215098,active,ltd,,,2025-01-29,,2025-01-29,[10710, 47240, 47810, 56290],20 Wenlock Road London England N1 7GU
COMPUNNEL (EUROPE) LIMITED,16209302,active,ltd,,,2025-01-27,,2025-01-27,[62020],39 Chelsfield Gardens London England SE26 4DJ
DK74 LTD,16215179,active,ltd,,,2025-01-29,,2025-01-29,[49390, 49410],27 Old Gloucester Street London United Kingdom WC1N 3AX
AZPR LIMITED,16215192,active,ltd,,,2025-01-29,,2025-01-29,[70210],20 Wenlock Road London England N1 7GU
PLACED INTERNATIONAL LTD,16215333,active,ltd,,,2025-01-29,,2025-01-29,[78109],124-128 City Road London England EC1V 2NX
WARE CONSULTING LIMITED,16215339,active,ltd,,,2025-01-29,,2025-01-29,[70229],Forma House London United Kingdom EC1R 0NE
VJND DEVELOPMENTS (THE AVENUE) LTD,16215443,active,ltd,,,2025-01-29,,2025-01-29,[68209],3rd Floor, Vyman House Harrow United Kingdom HA1 1BQ
STITCH INVESTMENTS LTD,16215512,active,ltd,,,2025-01-29,,2025-01-29,[68100],45 Brockley Rise London England SE23 1JG
THREE PIGGIES LTD,16215583,active,ltd,,,2025-01-29,,2025-01-29,[47910],International House London United Kingdom W6 8JA
NEXTGEN CODE LTD,16215710,active,ltd,,,2025-01-29,,2025-01-29,[62020],128 City Road London United Kingdom EC1V 2NX
360 WEB SERVICES LTD,16215788,active,ltd,,,2025-01-29,,2025-01-29,[62012, 62090, 63120],128 City Road London United Kingdom EC1V 2NX
KMO PACIFIC LIMITED,16215790,active,ltd,,,2025-01-29,,2025-01-29,[46900, 47910],210 Old Brompton Road London United Kingdom SW5 0BS
BEST HEAT LTD,16215959,active,ltd,,,2025-01-29,,2025-01-29,[46740],Unit 2 879 High Road London England N12 8QA
GRYPHON LTD,16215953,active,ltd,,,2025-01-29,,2025-01-29,[47910, 74100],86-90 Paul Street London England EC2A 4NE
ITV STUDIOS HOLDINGS LIMITED,16216093,active,ltd,,,2025-01-29,,2025-01-29,[64209],Itv White City London United Kingdom W12 7RU
RE-ENGAGE SOLUTIONS LIMITED,16216281,active,ltd,,,2025-01-29,,2025-01-29,[84110],Solo House Horsham England RH12 1AT
PROXY VIOLET LTD,16216248,active,ltd,,,2025-01-29,,2025-01-29,[70229],71-75 Shelton Street London United Kingdom WC2H 9JQ
SUITED PLUMBERS LTD,16216811,active,ltd,,,2025-01-29,,2025-01-29,[43220],70 Bounces Road London England N9 8JS
SEARCH ENGINE GENERAL LTD,16217220,active,ltd,,,2025-01-29,,2025-01-29,[47990],International House London United Kingdom E16 2DQ
MERA IM ALPHA LIMITED,16217228,active,ltd,,,2025-01-29,,2025-01-29,[64921],118 Piccadilly London England W1J 7NW
BLADON ASSOCIATES LTD,16217243,active,ltd,,,2025-01-29,,2025-01-29,[74990],4 Princes Street London England W1B 2LE
KARATNA LIMITED,16217534,active,ltd,,,2025-01-29,,2025-01-29,[70229],Wing 1, Level 9 Berkeley Square House London United Kingdom W1J 6BY
RTMCHAIN LTD,16218130,active,ltd,,,2025-01-30,,2025-01-30,[58290, 62012, 62020],128 City Road London United Kingdom EC1V 2NX
LMS STRATEGIC CONSULTING LTD,16218279,active,ltd,,,2025-01-30,,2025-01-30,[78300],Flat 3 5 Hereford Road London England W2 4AB
HOSEMASTER HYDRAULICS LTD,16218576,active,ltd,,,2025-01-30,,2025-01-30,[42990],3rd Floor, 86-90 Paul Street London United Kingdom EC2A 4NE
VASTOR LTD,16219198,active,ltd,,,2025-01-30,,2025-01-30,[25110, 30110],Suite 7008 128 Aldersgate Street London England EC1A 4AE
ICAREMINDER LIMITED,16219455,active,ltd,,,2025-01-30,,2025-01-30,[88910],29 29 London United Kingdom SW16 6AG
CREATIVE RETAIL VENTURES LTD,16219463,active,ltd,,,2025-01-30,,2025-01-30,[47910, 58210, 59132, 68100],3rd Floor, 86-90 Paul Street London United Kingdom EC2A 4NE
SIMPLE GLOW SKIN CARE LIMITED,16216350,active,ltd,,,2025-01-29,,2025-01-29,[20530, 46450, 47750, 96020],71-75 Shelton Street London United Kingdom WC2H 9JQ
BRISTOL SCAFFOLD LIMITED,16216377,active,ltd,,,2025-01-29,,2025-01-29,[41201, 41202, 43110, 43991],128 City Road London United Kingdom EC1V 2NX
TITAN THERAPEUTICS LIMITED,16216708,active,ltd,,,2025-01-29,,2025-01-29,[82990],5 New Street Square London United Kingdom EC4A 3TW
GABLE PORT LTD,16216711,active,ltd,,,2025-01-29,,2025-01-29,[68100],13 Castlewood Road London England N16 6DL
SJC PUBLICATIONS LTD,16216712,active,ltd,,,2025-01-29,,2025-01-29,[90030],55 Loudoun Road St. John's Wood London United Kingdom NW8 0DL
AEA ST JOHNS LTD,16216883,active,ltd,,,2025-01-29,,2025-01-29,[68209],The Stables Jenningsbury Hertford England SG13 7NS
UJIJI LIMITED,16217333,active,ltd,,,2025-01-29,,2025-01-29,[70229],Wing 1, Level 9 Berkeley Square House London United Kingdom W1J 6BY
LEJOURNE LTD,16217302,active,ltd,,,2025-01-29,,2025-01-29,[58110, 58190, 59132, 63120],128 City Road London United Kingdom EC1V 2NX
SARA TOFIQ REAL ESTATE LTD,16217300,active,ltd,,,2025-01-29,,2025-01-29,[68209],6-8 Great Eastern Street London England EC2A 3NT
SANSEV LIMITED,16217295,active,ltd,,,2025-01-29,,2025-01-29,[70229],Wing 1, Level 9 Berkeley Square House London United Kingdom W1J 6BY
PROPERTYBYADA LTD,16218007,active,ltd,,,2025-01-30,,2025-01-30,[68209],83 Brookdene Road London United Kingdom SE18 1EH
EIDA ENTERPRISES LTD,16218683,active,ltd,,,2025-01-30,,2025-01-30,[68209],39 Raffles House London United Kingdom NW4 4BU
ORTHOSPHERE LTD,16218646,active,ltd,,,2025-01-30,,2025-01-30,[62030],20-22 Wenlock Road London England N1 7GU
LK GALORE LTD,16218644,active,ltd,,,2025-01-30,,2025-01-30,[47710],86-90 Paul Street London United Kingdom EC2A 4NE
BEYOND EDEN LTD,16218656,active,ltd,,,2025-01-30,,2025-01-30,[47890, 47910, 86900, 96020],82 Ladbroke Grove London England W11 2HE
WATCHHOUSE FRANCHISE HOLDINGS UAE LIMITED,16218654,active,ltd,,,2025-01-30,,2025-01-30,[70100],36 Maltby Street London England SE1 3PA
PADDINGTON INN LIMITED,16218653,active,ltd,,,2025-01-30,,2025-01-30,[55100],Flat 9 Heath Court 10-12 Frognal London England NW3 6AH
ACEVAN CREATE LTD,16219052,active,ltd,,,2025-01-30,,2025-01-30,[47190],Seymour Chambers Liverpool United Kingdom L3 5NW
DATABELLY UK LTD,16219336,active,ltd,,,2025-01-30,,2025-01-30,[62020],167-169 Great Portland Street London United Kingdom W1W 5PF
AERANEX LIMITED,16219310,active,ltd,,,2025-01-30,,2025-01-30,[62012, 62090, 63110, 63120],71-75 Shelton Street London United Kingdom WC2H 9JQ
MACKLIN LAW LTD,16216474,active,ltd,,,2025-01-29,,2025-01-29,[74909],71-75 Shelton Street London United Kingdom WC2H 9JQ
BASELLA LIMITED,16217037,active,ltd,,,2025-01-29,,2025-01-29,[70221],Wing 1, Level 9 Berkeley Square House London United Kingdom W1J 6BY
BARRINGTON MENTORING LTD,16217363,active,ltd,,,2025-01-29,,2025-01-29,[70229],128 City Road London United Kingdom EC1V 2NX
ECO DRIVE MOTORS WIMBLEDON LTD,16217364,active,ltd,,,2025-01-29,,2025-01-29,[45200],Unit 1 17 Deer Park Road London England SW19 3QG
AIB PROTECT LIMITED,16217367,active,ltd,,,2025-01-29,,2025-01-29,[64999, 66220],14 Claypole Road London England E15 2RJ
BABA BALAKNATH LIMITED,16217371,active,ltd,,,2025-01-29,,2025-01-29,[56290],137 Leman Street London England E1 8EY
EVERNEW LTD,16217357,active,ltd,,,2025-01-29,,2025-01-29,[47910, 70229],4 Raven Road, Unit 1c3-623 London United Kingdom E18 1HB
JMCGOULDENS LTD,16217601,active,ltd,,,2025-01-29,,2025-01-29,[64304],1 Fetter Lane London United Kingdom EC4A 1BR
CLEO & BESS LTD,16217590,active,ltd,,,2025-01-29,,2025-01-29,[47910, 58110, 59112, 90030],First Floor Office London United Kingdom W8 4LZ
THL1 LIMITED,16217870,active,ltd,,,2025-01-29,,2025-01-29,[68209],68 Grafton Way London United Kingdom W1T 5DS
SHAHS E14 LIMITED,16219618,active,ltd,,,2025-01-30,,2025-01-30,[56102, 56103],Unit 22 Skyline Village London United Kingdom E14 9TS
FABY BEAUTY MAKEUP LIMITED,16181222,active,ltd,,,2025-01-13,,2025-01-13,[96020],8 Albert Carr Gardens London England SW16 3HF
WELLSOUL ACADEMY LTD,16181648,active,ltd,,,2025-01-13,,2025-01-13,[85590],3rd Floor, 86-90 Paul Street London United Kingdom EC2A 4NE
MYZEN AESTHETICS LIMITED,16181738,active,ltd,,,2025-01-14,,2025-01-14,[96020],86-90 Paul Street London England EC2A 4NE
MEDIAGNOSTIC LTD,16182011,active,ltd,,,2025-01-14,,2025-01-14,[70229],120 Eardley Road London England SW16 5TG
VELOP HIRING LTD,16182556,active,ltd,,,2025-01-14,,2025-01-14,[78109],27 Old Gloucester Street London United Kingdom WC1N 3AX
IWEE LTD,16182571,active,ltd,,,2025-01-14,,2025-01-14,[96090],128 City Road London United Kingdom EC1V 2NX
REGENCY AIRWAYS LTD,16182546,active,ltd,,,2025-01-14,,2025-01-14,[51101],E17 3nu Suite Ra-01 London United Kingdom E17 3NU
UK MITA LIMITED,16182542,active,ltd,,,2025-01-14,,2025-01-14,[46160, 46450, 46460, 46480],167-169 Great Portland Street Fifth Floor London United Kingdom W1W 5PE
CASTLE MEADOWS LIMITED,16183225,active,ltd,,,2025-01-14,,2025-01-14,[70229],55 Kentish Town Road London United Kingdom NW1 8NX
INTELLIGEND LTD,16183239,active,ltd,,,2025-01-14,,2025-01-14,[58290, 62012, 62020, 62090],71-75 Shelton Street London United Kingdom WC2H 9JQ
STOCKPORT AND REGIONAL 1 LIMITED,16183375,active,ltd,,,2025-01-14,,2025-01-14,[68100],Unit 4 Colindeep Lane London England NW9 6BX
SEQUOIA MORTGAGE AND PROTECTION LIMITED,16183660,active,ltd,,,2025-01-14,,2025-01-14,[64191, 64192, 65110, 66220],27 Old Gloucester Street London United Kingdom WC1N 3AX
ST MICHAELS WOOLMER GREEN LTD,16183979,active,ltd,,,2025-01-14,,2025-01-14,[85100],596 Green Lanes London United Kingdom N13 5RY
JDH ACCOUNTANTS LIMITED,16183961,active,ltd,,,2025-01-14,,2025-01-14,[69201],71-75 Shelton Street London United Kingdom WC2H 9JQ
ALL GLOSSED UP LTD,16184309,active,ltd,,,2025-01-14,,2025-01-14,[47750],148 Attlee Terrace Walthamstow United Kingdom E17 3EH
AQUA & HEATING LTD,16184494,active,ltd,,,2025-01-14,,2025-01-14,[43220],54 King Edward Road London England E10 6LE
GREEN CATALYSIS LTD,16185837,active,ltd,,,2025-01-15,,2025-01-15,[72190],128 City Road London United Kingdom EC1V 2NX
AUDIOCAPS LTD,16185849,active,ltd,,,2025-01-15,,2025-01-15,[47910],71-75 Shelton Street London United Kingdom WC2H 9JQ
MEDIC.TV LTD,16186196,active,ltd,,,2025-01-15,,2025-01-15,[59113, 86900],3rd Floor, 86-90 Paul Street London England EC2A 4NE
EDCAL LTD,16186215,active,ltd,,,2025-01-15,,2025-01-15,[62012, 62090, 63110],128 City Road London United Kingdom EC1V 2NX
ZX TRADERS LTD,16186205,active,ltd,,,2025-01-15,,2025-01-15,[46310, 46330],14a Adrienne Business Centre London United Kingdom UB1 2FJ
TEAM4YOU CONSTRUCTION LTD,16186312,active,ltd,,,2025-01-15,,2025-01-15,[41201, 41202],51a Chichele Road London United Kingdom NW2 3AN
AEXIS MEDICAL LIMITED,16186675,active,ltd,,,2025-01-15,,2025-01-15,[62090],130 Shaftesbury Avenue London United Kingdom W1D 5EU
GREENVIEW PROJECT SERVICES LIMITED,16186663,active,ltd,,,2025-01-15,,2025-01-15,[74902],3rd Floor, 86-90 Paul Street London United Kingdom EC2A 4NE
LADY MARGARET LTD,16181031,active,ltd,,,2025-01-13,,2025-01-13,[68100],Flat 11 Barbel Court London England E5 9AP
AA SPEDITION LIMITED,16181479,active,ltd,,,2025-01-13,,2025-01-13,[49410],662 High Road London England N12 0NL
PROUD CAMDEN TRADING LIMITED,16181630,active,ltd,,,2025-01-13,,2025-01-13,[47190],7 Lupton Street London England NW5 2JA
WESTERHAM PARK LTD,16181977,active,ltd,,,2025-01-14,,2025-01-14,[41100],Calder & Co, 30, St. Vincent House London United Kingdom WC2H 7HF
SPEED NETWORKNOW LTD,16181966,active,ltd,,,2025-01-14,,2025-01-14,[63120, 70229, 82302, 96090],189 Sellincourt Road London United Kingdom SW17 9SD
CROSS ROAD UXBRIDGE LTD,16181965,active,ltd,,,2025-01-14,,2025-01-14,[68209],The Oast Barn Staines Road London United Kingdom TW19 5BS
SEEKTON LTD,16181949,active,ltd,,,2025-01-14,,2025-01-14,[62011, 62020, 62090, 63120],71-75 Shelton Street London United Kingdom WC2H 9JQ
THE KEYHEALING LTD,16181967,active,ltd,,,2025-01-14,,2025-01-14,[86900],128 City Road London United Kingdom EC1V 2NX
A&N LONDON MANAGEMENT LIMITED,16183625,active,ltd,,,2025-01-14,,2025-01-14,[41201, 41202, 68320, 98000],534 Finchley Road London England NW11 8DD
CDD SERVICES 3 LTD,16183578,active,ltd,,,2025-01-14,,2025-01-14,[56101],72 Wilton Road London United Kingdom SW1V 1DE
EIGHTY FOUR ROOMS LTD,16183581,active,ltd,,,2025-01-14,,2025-01-14,[63910, 79110],Flat B London England SW10 9LA
CARDAMON LTD,16183595,active,ltd,,,2025-01-14,,2025-01-14,[64999],124 City Road London United Kingdom EC1V 2NX
LD UXO CLEARANCE LIMITED,16183593,active,ltd,,,2025-01-14,,2025-01-14,[43999, 82990],5 Chigwell Road London England E18 1LR
JAWLY LTD,16183863,active,ltd,,,2025-01-14,,2025-01-14,[47910],71-75 Shelton Street London United Kingdom WC2H 9JQ
AYMIBOX LTD,16184147,active,ltd,,,2025-01-14,,2025-01-14,[47910],5 Brayford Square London United Kingdom E1 0SG
INVESTILO ANALYTICS LIMITED,16184154,active,ltd,,,2025-01-14,,2025-01-14,[62020],950 Great West Road Brentford England TW8 9ES
WHAT ON EARTH STUDIOS LTD,16184152,active,ltd,,,2025-01-14,,2025-01-14,[59112, 59120],128 City Road London United Kingdom EC1V 2NX
WALKER RIVERSIDE MANAGEMENT LIMITED,16181122,active,ltd,,,2025-01-13,,2025-01-13,[68320],22 Goodge Place London England W1T 4SL
AUSTERIX LIMITED,16181106,active,ltd,,,2025-01-13,,2025-01-13,[94990],10 Wharf Street London England SE8 3GE
OLD HILL GRILL LTD,16181130,active,ltd,,,2025-01-13,,2025-01-13,[56103],52 Manor Road London England N16 5BG
SIRAJI FOODS LIMITED,16181312,active,ltd,,,2025-01-13,,2025-01-13,[56102],217 Church Road London United Kingdom NW10 9EP
O BADMUS GROUP LTD,16181522,active,ltd,,,2025-01-13,,2025-01-13,[68100, 68209],Flat 56 Crane House London England SE15 5NG
NAVINAR LTD,16181996,active,ltd,,,2025-01-14,,2025-01-14,[62011, 62012, 62020, 63110],71-75 Shelton Street London United Kingdom WC2H 9JQ
BOARD LONDON LTD,16182001,active,ltd,,,2025-01-14,,2025-01-14,[94990],5 Brayford Square London England E1 0SG
HOME NEEDS LDN LIMITED,16182468,active,ltd,,,2025-01-14,,2025-01-14,[56101],311 Regents Park Road London United Kingdom N3 1DP
MNZ CONSULTING LTD,16182497,active,ltd,,,2025-01-14,,2025-01-14,[70229],38 Electric Avenue London United Kingdom SW9 8JR
SUTHERLAND RENTAL LTD,16182721,active,ltd,,,2025-01-14,,2025-01-14,[68209],71-75 Shelton Street London United Kingdom WC2H 9JQ
MIRA GRATIA LIMITED,16182728,active,ltd,,,2025-01-14,,2025-01-14,[68209],C/O Getground London England W6 0NB
MELKI INVESTMENTS LTD,16183044,active,ltd,,,2025-01-14,,2025-01-14,[68100, 68209],13 Golborne Garden, London England W10 5DH
Q ROOFING LIMITED,16183043,active,ltd,,,2025-01-14,,2025-01-14,[43910],15 D Regency Mews London United Kingdom NW10 2SA
BRAND ME STUDIO LTD,16183078,active,ltd,,,2025-01-14,,2025-01-14,[73110],7 Elm Park Avenue London England N15 6AL
SOUTH DRIVE DEVELOPMENT LTD,16183077,active,ltd,,,2025-01-14,,2025-01-14,[43390],1 William Mews London United Kingdom N1 5AU
EASTGATE GROUP HOLDINGS UK LTD,16183076,active,ltd,,,2025-01-14,,2025-01-14,[86900],71-75 Shelton Street London United Kingdom WC2H 9JQ
CHI PROPERTY HOLDINGS LIMITED,16184007,active,ltd,,,2025-01-14,,2025-01-14,[68209],C/O Getground London England W6 0NB
H.CORTY LTD,16184031,active,ltd,,,2025-01-14,,2025-01-14,[59112],89c Tressillian Road London United Kingdom SE4 1XZ
ARENK LTD,16184022,active,ltd,,,2025-01-14,,2025-01-14,[62012],167-169 Great Portland Street London England W1W 5PF
FABY'S SERVICES UK LTD,16184894,active,ltd,,,2025-01-15,,2025-01-15,[82990],128 City Road London United Kingdom EC1V 2NX
RD'S LUX PROPERTIES LTD,16184964,active,ltd,,,2025-01-15,,2025-01-15,[68209],128 City Road London United Kingdom EC1V 2NX
EPIGENETIC RELATIONAL THERAPY ACADEMY (ERTA) LTD,16185069,active,ltd,,,2025-01-15,,2025-01-15,[58110, 62090, 72200, 85590],71-75 Shelton Street London United Kingdom WC2H 9JQ
6TH GEAR HOLDING COMPANY LTD,16185068,active,ltd,,,2025-01-15,,2025-01-15,[64209],128 City Road London United Kingdom EC1V 2NX
MY BONSAI LTD,16185081,active,ltd,,,2025-01-15,,2025-01-15,[47760],4th Floor Office London England W1B 4HB
REVOSOFT LTD,16185098,active,ltd,,,2025-01-15,,2025-01-15,[62012],86-90 Paul Street London England EC2A 4NE
THE HOUSE ALCHEMIST LTD,16185228,active,ltd,,,2025-01-15,,2025-01-15,[62090, 70229, 85590, 90030],71-75 Shelton Street London United Kingdom WC2H 9JQ
URBANSHO PROP CO LTD,16185253,active,ltd,,,2025-01-15,,2025-01-15,[68209],C/O Getground London England W6 0NB
ENDEL GB LTD,16185357,active,ltd,,,2025-01-15,,2025-01-15,[33200, 43220, 43290],Wilberforce House London United Kingdom NW4 4QE
ECO BULLY LTD,16185377,active,ltd,,,2025-01-15,,2025-01-15,[49410],20 Wenlock Road London England N1 7GU
VIONA SALON LTD,16185478,active,ltd,,,2025-01-15,,2025-01-15,[96020],6 Marylands Road London England W9 2DZ
LOCK CHANGE EXPERTS LTD,16185606,active,ltd,,,2025-01-15,,2025-01-15,[96090],128 City Road London United Kingdom EC1V 2NX
ELTHAM MOTOR FACTORS LIMITED,16185686,active,ltd,,,2025-01-15,,2025-01-15,[45320],2a Dunvegan Road London England SE9 1SA
OPALOAK INVESTMENTS 2 LIMITED,16185687,active,ltd,,,2025-01-15,,2025-01-15,[68100],40 William Mews London United Kingdom SW1X 9HQ
PLATINUM INVESTMENTS 10 LIMITED,16185695,active,ltd,,,2025-01-15,,2025-01-15,[68100],8 Monk Terrace London England SE23 2AP
SEALING IMPROVEMENTS LTD,16185698,active,ltd,,,2025-01-15,,2025-01-15,[43390],10 Collins Road London England N5 2UB
DEE'S DRINK SERVICES LTD,16186144,active,ltd,,,2025-01-15,,2025-01-15,[47810],3rd Floor, 86-90 Paul Street London United Kingdom EC2A 4NE
HVK LOGISTICS LTD,16186150,active,ltd,,,2025-01-15,,2025-01-15,[49410],3rd Floor, 86-90 Paul Street London United Kingdom EC2A 4NE
OCUS ADVISORY LTD,16186172,active,ltd,,,2025-01-15,,2025-01-15,[64999],128 City Road London United Kingdom EC1V 2NX
MARVEL TIME SUB LTD,16186173,active,ltd,,,2025-01-15,,2025-01-15,[68209],C/O 24a Lingwood Road London United Kingdom E5 9BN
FIRST RAIL LONDON LIMITED,16186446,active,ltd,,,2025-01-15,,2025-01-15,[49311],The Point 8th Floor London United Kingdom W2 1AF
LBS INNOHUB LTD,16186714,active,ltd,,,2025-01-15,,2025-01-15,[70229, 85600],85 Great Portland Street London England W1W 7LT
INTERNATIONAL SKILL DEVELOPMENT QUALIFICATION LTD,16180923,active,ltd,,,2025-01-13,,2025-01-13,[85421, 85422, 85590],128 City Road London United Kingdom EC1V 2NX
TUNE PLANET LTD,16180921,active,ltd,,,2025-01-13,,2025-01-13,[59200],72 Walton Road London United Kingdom E13 9BP
VANTANOIR ENTERTAINMENT LTD,16181723,active,ltd,,,2025-01-14,,2025-01-14,[59200],5 Brayford Square London United Kingdom E1 0SG
CONTRBAND STUDIOS LTD,16181718,active,ltd,,,2025-01-14,,2025-01-14,[58190],63 Cambus Road London England E16 4AY
FLP ROOFING & MAINTENANCE LTD,16181903,active,ltd,,,2025-01-14,,2025-01-14,[43910],7 Balliol Avenue London England E4 6LX
NEW HOPE PROPERTY LTD,16182139,active,ltd,,,2025-01-14,,2025-01-14,[82990],20 Wenlock Road London England N1 7GU
TVL POSITIVE MANAGEMENT LTD,16182172,active,ltd,,,2025-01-14,,2025-01-14,[68100, 68209],Ground Floor Shop London England NW1 1BA
PORTH POETH LIMITED,16182769,active,ltd,,,2025-01-14,,2025-01-14,[93290],3rd Floor, 86-90 Paul Street London United Kingdom EC2A 4NE
VESPERSTONE LTD,16183218,active,ltd,,,2025-01-14,,2025-01-14,[70221, 70229, 82990],124-128 City Road London England EC1V 2NX
NOBODY GETS OUT ALIVE LTD,16183217,active,ltd,,,2025-01-14,,2025-01-14,[90030],C/O - Bigstar Business Management Ltd 303 The Pill Box London United Kingdom E2 6GH
PINESTEM LTD,16183221,active,ltd,,,2025-01-14,,2025-01-14,[68100, 68209],3rd Floor, 86-90 Paul Street London England EC2A 4NE
R GLOBO TRADING CO LTD,16183338,active,ltd,,,2025-01-14,,2025-01-14,[46420],167 - 169 Great Portland Street London England W1W 5PF
YDM CAPITAL LTD,16183344,active,ltd,,,2025-01-14,,2025-01-14,[68310, 70229],41 Devonshire Street London United Kingdom W1G 7AJ
WATCHHOUSE FRANCHISE HOLDINGS LIMITED,16183767,active,ltd,,,2025-01-14,,2025-01-14,[64209],36 Maltby Street London England SE1 3PA
SOUTH CITY DESIGNS (UK) LTD,16183766,active,ltd,,,2025-01-14,,2025-01-14,[43390],14 Schooner Close London United Kingdom E14 3GG
MEDICAI LTD,16183758,active,ltd,,,2025-01-14,,2025-01-14,[71122],128 City Road London United Kingdom EC1V 2NX
ROOTS LND LTD,16184260,active,ltd,,,2025-01-14,,2025-01-14,[56103],55 The Broadway London England N8 8DT
LA BISTROT COLLECTION LIMITED,16184258,active,ltd,,,2025-01-14,,2025-01-14,[56101, 64209],Elsley Court London United Kingdom W1W 8BE
STACEY DESIGN STUDIO LTD,16184457,active,ltd,,,2025-01-14,,2025-01-14,[74100],49 Ridley Road London England SW19 1ET
ULTRATALK LTD,16185992,active,ltd,,,2025-01-15,,2025-01-15,[61900],128 City Road London United Kingdom EC1V 2NX
HYGIACURA WASTE MANAGEMENT LIMITED,16186241,active,ltd,,,2025-01-15,,2025-01-15,[38110],128 City Road London United Kingdom EC1V 2NX
ALBE FOODS LTD,16186366,active,ltd,,,2025-01-15,,2025-01-15,[47110],Demsa Accounts 565 Green Lanes London England N8 0RL
OCEAN HEALTH & TRAVEL LTD,16186647,active,ltd,,,2025-01-15,,2025-01-15,[79110, 86900, 96040],17 Green Lanes London England N16 9BS
IDBX CORPORATION LTD,16186625,active,ltd,,,2025-01-15,,2025-01-15,[64209],128 City Road London United Kingdom EC1V 2NX
IPQ HOLDINGS LTD,16186638,active,ltd,,,2025-01-15,,2025-01-15,[64209],4 Chancellor Grove London England SE21 8EG
DBD AUTOMATIONS LTD,16180960,active,ltd,,,2025-01-13,,2025-01-13,[62020, 62090],71-75 Shelton Street London United Kingdom WC2H 9JQ
PURE INSIGHT TECHNOLOGY LTD,16181063,active,ltd,,,2025-01-13,,2025-01-13,[58290, 62011, 62012],71-75 Shelton Street London United Kingdom WC2H 9JQ
MULLEN CIVIL ENGINEERING HOLDINGS LTD,16181294,active,ltd,,,2025-01-13,,2025-01-13,[64203],5 Beauchamp Court Victors Way London United Kingdom EN5 5TZ
ATLAS AZURE LTD,16181511,active,ltd,,,2025-01-13,,2025-01-13,[90030],167-169 Great Portland Street London England W1W 5PF
ELA PROPERTY PORTFOLIO LTD,16181599,active,ltd,,,2025-01-13,,2025-01-13,[68100, 68209],Flat 70 Cluse Court London England N1 8PY
OMG MEDIA GROUP LTD,16181698,active,ltd,,,2025-01-14,,2025-01-14,[47789],71-75 Shelton Street London United Kingdom WC2H 9JQ
JOO ENTERPRISE LTD,16181697,active,ltd,,,2025-01-14,,2025-01-14,[87100],20 Wenlock Road London England N1 7GU
ELSEWHERE PRODUCTIONS LIMITED,16182260,active,ltd,,,2025-01-14,,2025-01-14,[90030],27 Mortimer Street London England W1T 3BL
AZYRUS LIMITED,16182692,active,ltd,,,2025-01-14,,2025-01-14,[62020],207 Regent Street London United Kingdom W1B 3HH
VEWR LIMITED,16183007,active,ltd,,,2025-01-14,,2025-01-14,[68320],20 Wenlock Road London England N1 7GU
KINETICSTREAM LTD,16183027,active,ltd,,,2025-01-14,,2025-01-14,[86900, 96040, 96090],2nd Floor College House Ruislip, United Kingdom HA4 7AE
PE DCL HOLDINGS LIMITED,16182987,active,ltd,,,2025-01-14,,2025-01-14,[47910],37 Perham Road London England W14 9SR
CORAZON DESIGN LIMITED,16183269,active,ltd,,,2025-01-14,,2025-01-14,[68100],1a Chalk Farm Parade London United Kingdom NW3 2BN
VALOX UK CO LTD,16183267,active,ltd,,,2025-01-14,,2025-01-14,[62090, 64999, 82990],Third Floor London United Kingdom EC4M 7AN
VITAVAULT SUPPLEMENTS LTD,16183492,active,ltd,,,2025-01-14,,2025-01-14,[47910],The London Office 167-169 Great Portland Street London United Kingdom W1W 5PF
JENZY LTD,16183483,active,ltd,,,2025-01-14,,2025-01-14,[62012, 62090, 64999, 66190],20 Wenlock Road London England N1 7GU
FABLE & THREADS LTD,16183481,active,ltd,,,2025-01-14,,2025-01-14,[46499],20b Ingelow Road London United Kingdom SW8 3QA
CHRIS HAIRS DESIGN LTD,16183853,active,ltd,,,2025-01-14,,2025-01-14,[47990, 85600, 96090],Peabody Buildings, Flat 21 Block M London United Kingdom WC2B 4BS
ENKO LTD,16183840,active,ltd,,,2025-01-14,,2025-01-14,[56210],349 Hither Green Lane London United Kingdom SE13 6TJ
CARNIVAL REVELLERS LTD,16184355,active,ltd,,,2025-01-14,,2025-01-14,[90010],124-128 City Road London England EC1V 2NX
AIRCOPRO LTD,16184482,active,ltd,,,2025-01-14,,2025-01-14,[43220],45 Strongbow Crescent London England SE9 1DN
AFRICAN SPORTS INVESTOR LIMITED,16185922,active,ltd,,,2025-01-15,,2025-01-15,[93199],86-90 Paul Street London England EC2A 4NE
SOKLIFE LIMITED,16186001,active,ltd,,,2025-01-15,,2025-01-15,[70229, 74209],Afe Accountants Limited, Building 3, London England N11 1GN
THE TURN WORKS LTD,16186477,active,ltd,,,2025-01-15,,2025-01-15,[70229],17 Asmara Road London England NW2 3SS
CITYRIDE RENTALS LTD,16180816,active,ltd,,,2025-01-13,,2025-01-13,[77110],128 City Road London United Kingdom EC1V 2NX
HCBC BEER LTD,16180807,active,ltd,,,2025-01-13,,2025-01-13,[11050],22 Chancery Lane London England WC2A 1LS
INDOTEC LIMITED,16181089,active,ltd,,,2025-01-13,,2025-01-13,[46190, 62020, 85421, 85422],71-75 Shelton Street London United Kingdom WC2H 9JQ
HAKLA RESOURCES PTE LTD,16182371,active,ltd,,,2025-01-14,,2025-01-14,[68100, 68209],84 Haines House 10 Charles Clowes Walk London England SW11 7AH
NAD PLUS WELLNESS LTD,16180037,active,ltd,,,2025-01-13,,2025-01-13,[47910, 86900],Harwood House London England SW6 4QP
12TH SOURCING LTD,16182710,active,ltd,,,2025-01-14,,2025-01-14,[82990],71-75 Shelton Street London United Kingdom WC2H 9JQ
CLEANING STAFF LTD,16182696,active,ltd,,,2025-01-14,,2025-01-14,[96090],71-75 Shelton Street London United Kingdom WC2H 9JQ
REACT CARE HOMES LTD,16183137,active,ltd,,,2025-01-14,,2025-01-14,[87900],2nd Floor College House Ruislip, United Kingdom HA4 7AE
THE ELMHURST PUB LTD,16183132,active,ltd,,,2025-01-14,,2025-01-14,[56302],28 Curtain Road London England EC2A 3NZ
ROBALAX LIMITED,16183306,active,ltd,,,2025-01-14,,2025-01-14,[47910],30 Riverhead Close London England E17 5PY
WOLFE & WILDE LTD,16183510,active,ltd,,,2025-01-14,,2025-01-14,[68100, 68201, 68209],128 City Road London United Kingdom EC1V 2NX
TK CAPITAL GROUP LIMITED,16184077,active,ltd,,,2025-01-14,,2025-01-14,[64209],167-169 Great Portland Street London England W1W 5PF
YROSEN ESTATES LTD,16184326,active,ltd,,,2025-01-14,,2025-01-14,[68209],245 Northwold Road London England E5 8RA
ELEVATE & BUILD LIMITED,16184322,active,ltd,,,2025-01-14,,2025-01-14,[16230],51 Oakwood Crescent London England N21 1PA
COAST PRODUCT ADVISORY LTD,16184466,active,ltd,,,2025-01-14,,2025-01-14,[62020],59 Elderwood Place London United Kingdom SE27 0HJ
COCOON BY NINI LTD,16185416,active,ltd,,,2025-01-15,,2025-01-15,[88910],Flat 5 Voltaire Buildings London United Kingdom SW18 4FQ
XRAY CYBERSECURITY LTD,16185636,active,ltd,,,2025-01-15,,2025-01-15,[62012, 62020, 73110, 85590],20 Wenlock Road London England N1 7GU
KAIPA LTD,16185635,active,ltd,,,2025-01-15,,2025-01-15,[62090, 63990],20 Wenlock Road London England N1 7GU
PEAK2PEAKPROCUREMENT LTD,16185649,active,ltd,,,2025-01-15,,2025-01-15,[41100],71-75 Shelton Street London United Kingdom WC2H 9JQ
TALLOW BRIDGE LTD,16185828,active,ltd,,,2025-01-15,,2025-01-15,[70221],County House, Third Floor 14/15 Hatton Garden London England EC1N 8AT
JRW SALES & TRANSPORT LOGISTICS LTD,16185962,active,ltd,,,2025-01-15,,2025-01-15,[49410],Unit D1, Wagon Yard Marlborough United Kingdom SN8 1LH
ELYSIUM IMAGING LIMITED,16186115,active,ltd,,,2025-01-15,,2025-01-15,[86900],71-75 Shelton Street London United Kingdom WC2H 9JQ
FLB1 LIMITED,16186400,active,ltd,,,2025-01-15,,2025-01-15,[41202, 78200],2 Kemps Drive Northwood United Kingdom HA6 1UA
WISEMAN G INVESTMENT LIMITED,16186572,active,ltd,,,2025-01-15,,2025-01-15,[68100, 68201, 68209],117 King's Cross Road London England WC1X 9NH
ODD SOLUTIONS LTD,16186575,active,ltd,,,2025-01-15,,2025-01-15,[62012],98 Downhills Park Road London United Kingdom N17 6PA
INNOVEAR TECHNOLOGY & CLOTHES LTD,16181011,active,ltd,,,2025-01-13,,2025-01-13,[46420, 62012],27 Forest Gardens London England N17 6XA
BPRE UK LOGISTICS MEMBER, LIMITED,16180986,active,ltd,,,2025-01-13,,2025-01-13,[64209],First Floor London United Kingdom W1K 4PZ
INSPIRED STRATEGIES (UK) LIMITED,16180996,active,ltd,,,2025-01-13,,2025-01-13,[69201, 70229],27 Old Gloucester Street London United Kingdom WC1N 3AX
ANTONIO LUIZ TRANSPORTS LIMITED,16181573,active,ltd,,,2025-01-13,,2025-01-13,[49410],61 Westdean Avenue London England SE12 9NJ
SKILLSASSESS LIMITED,16181763,active,ltd,,,2025-01-14,,2025-01-14,[85600],31 Felden Street London England SW6 5AE
ARTHUR 2025 LTD,16181765,active,ltd,,,2025-01-14,,2025-01-14,[68100],99 Clapton Common London England E5 9AB
BIRTHPATH LIMITED,16182057,active,ltd,,,2025-01-14,,2025-01-14,[86900],2nd Floor College House Ruislip, United Kingdom HA4 7AE
QUICK IMPACT LTD,16182083,active,ltd,,,2025-01-14,,2025-01-14,[47990],50 Heigham Road London England E6 2JQ
SHORE DATA LABS LIMITED,16182053,active,ltd,,,2025-01-14,,2025-01-14,[62012, 62020, 63990],128 City Road London United Kingdom EC1V 2NX
LONDON HOUSING OPTIONS LIMITED,16182844,active,ltd,,,2025-01-14,,2025-01-14,[68100, 68201, 68209, 68320],12 Sailors Palace 680 Commercial Road London United Kingdom E14 7HA
SEAN WILLIAM HOSKINS LTD,16182839,active,ltd,,,2025-01-14,,2025-01-14,[52290, 77120],23a The Precinct Waterlooville United Kingdom PO7 7DT
KHAREL 2025 LTD,16182820,active,ltd,,,2025-01-14,,2025-01-14,[68209],27 Kingston Road London England SW19 1JX
LIKE IT LOVE IT EVENTS LIMITED,16182833,active,ltd,,,2025-01-14,,2025-01-14,[96090],101 New Cavendish Street London United Kingdom W1W 6XH
RTAD PROPERTIES LIMITED,16183900,active,ltd,,,2025-01-14,,2025-01-14,[68100, 68209],71-75 Shelton Street London United Kingdom WC2H 9JQ
ONE DOMAIN AI LIMITED,16184171,active,ltd,,,2025-01-14,,2025-01-14,[20140],85 Great Portland Street London England W1W 7LT
NC TECH SOFTWARE LTD,16184182,active,ltd,,,2025-01-14,,2025-01-14,[62020],133 West Hendon Broadway London England NW9 7DY
ALEX ROGERS MEDIA LTD,16184406,active,ltd,,,2025-01-14,,2025-01-14,[59120],Parsons Green House London England SW6 4HH
EMT1 LTD,16184490,active,ltd,,,2025-01-14,,2025-01-14,[74909],250 Dersingham Avenue London United Kingdom E12 6HW
NOLAN DEVELOPMENTS GROUP LIMITED,16184546,active,ltd,,,2025-01-15,,2025-01-15,[70100],Seymour Chambers Liverpool United Kingdom L3 5NW
DESKAMIGO LIMITED,16184571,active,ltd,,,2025-01-15,,2025-01-15,[82990],317 Horn Lane London England W3 0BU
DUMITRU TILING SERVICES LTD,16184550,active,ltd,,,2025-01-15,,2025-01-15,[43330],C/O Simply Tax Advisory Ltd Unit 311, Canalot Studios London United Kingdom W10 5BN
THE EMBODIED COACH LTD,16184560,active,ltd,,,2025-01-15,,2025-01-15,[70229],20 Wenlock Road London England N1 7GU
WEVERSION LTD,16184626,active,ltd,,,2025-01-15,,2025-01-15,[58290],438 Lordship Lane London England SE22 8NE
BOOM GROUP EVENTS LTD,16184631,active,ltd,,,2025-01-15,,2025-01-15,[56302],11 East Yard London United Kingdom NW1 8AL
CHRIS BOSHER STRATEGY LIMITED,16184624,active,ltd,,,2025-01-15,,2025-01-15,[70229],80-83 Long Lane London England EC1A 9ET
RELCA LIMITED,16184659,active,ltd,,,2025-01-15,,2025-01-15,[56102],Ground Floor London United Kingdom N9 0PD
RCTS TECH LTD,16184652,active,ltd,,,2025-01-15,,2025-01-15,[47910],554 Streatham High Road London England SW16 3QG
INB SONS LTD,16184679,active,ltd,,,2025-01-15,,2025-01-15,[47910],Inb Sons Ltd London United Kingdom EC1V 2NX
SCOUTXTRA LTD,16184722,active,ltd,,,2025-01-15,,2025-01-15,[93199],4th Floor, Silverstream House London England W1T 6EB
BOOM MUSIC GROUP LTD,16184719,active,ltd,,,2025-01-15,,2025-01-15,[56302],11 East Yard London United Kingdom NW1 8AL
SIMPLE SECURITY LTD,16184702,active,ltd,,,2025-01-15,,2025-01-15,[62020],71-75 Shelton Street London United Kingdom WC2H 9JQ
INTERNATIONAL CORPORATE ADVISORS UK LTD,16184775,active,ltd,,,2025-01-15,,2025-01-15,[69201, 69202, 69203, 70229],3rd Floor, 86-90 Paul Street London England EC2A 4NE
NEXA EVENTS LTD,16184843,active,ltd,,,2025-01-15,,2025-01-15,[56210],Flat 8 Gillray House London England SW10 0BT
ONG LAI KOPITIAM LIMITED,16184826,active,ltd,,,2025-01-15,,2025-01-15,[56101],Unit 15 Lansdowne Workshop London United Kingdom SE7 8AZ
DYNAMIC STRATEGY ORGANIC UK LIMITED,16184852,active,ltd,,,2025-01-15,,2025-01-15,[47910],Apartment 31 Bowden House London England SW11 4FT
AMIRAN TRADING LTD,16184881,active,ltd,,,2025-01-15,,2025-01-15,[46499],Flat 37 Frost Court London England NW9 5XH
PEAK15 PRODUCTIONS LTD,16185032,active,ltd,,,2025-01-15,,2025-01-15,[59112],1386 London Road Leigh On Sea England SS9 2UJ
PROCHEM RESTORATIONS LTD,16184996,active,ltd,,,2025-01-15,,2025-01-15,[47910],3rd Floor, 86-90 Paul Street London England EC2A 4NE
GG-HOLDCO-999-931 LIMITED,16185036,active,ltd,,,2025-01-15,,2025-01-15,[64209],C/O Getground London England W6 0NB
HYACINTH CONSULTING LTD,16185022,active,ltd,,,2025-01-15,,2025-01-15,[70229, 73110],64 Nile Street London England N1 7SR
LINKWAY ESTATES SUB LTD,16185129,active,ltd,,,2025-01-15,,2025-01-15,[68209],C/O 24a Lingwood Road London United Kingdom E5 9BN
EASYCARD LTD,16185109,active,ltd,,,2025-01-15,,2025-01-15,[66190],15 Belgrave Square London United Kingdom SW1X 8PS
ELMGROVE ESTATES SUB LTD,16185137,active,ltd,,,2025-01-15,,2025-01-15,[68209],C/O 24a Lingwood Road London United Kingdom E5 9BN
INTEGRITY GLOBAL ADVISORS LTD,16185219,active,ltd,,,2025-01-15,,2025-01-15,[70229],2nd Floor College House Ruislip, United Kingdom HA4 7AE
PERA SCAFFOLDING AND FORMWORK UK LTD,16183722,active,ltd,,,2025-01-14,,2025-01-14,[47990],63 Lambourn Close London United Kingdom W7 2LN
QLOE.AI LTD,16185556,active,ltd,,,2025-01-15,,2025-01-15,[62012],20 Wenlock Road London England N1 7GU
AEGON365 SERVICES LTD,16185752,active,ltd,,,2025-01-15,,2025-01-15,[47910],5 Brayford Square London England E1 0SG
A & A ESSENTIALS LIMITED,16185757,active,ltd,,,2025-01-15,,2025-01-15,[46900, 47910],Office 11311 182-184 High Street North London United Kingdom E6 2JA
PARATUM LTD,16186259,active,ltd,,,2025-01-15,,2025-01-15,[70229],The Garden Cottage London United Kingdom W11 4RT
THE KITCHEN PRODUCTS LTD,16186243,active,ltd,,,2025-01-15,,2025-01-15,[56101],3-3a Mitcham Lane London England SW16 6LG
THE KITCHEN'S GROUP LTD,16186268,active,ltd,,,2025-01-15,,2025-01-15,[56101],3-3a Mitcham Lane London England SW16 6LG
ARMAGH DEVELOPMENT LTD,16186507,active,ltd,,,2025-01-15,,2025-01-15,[33200, 62012, 63110],124 City  Road London United Kingdom EC1V 2NX
DUNMORE CONSULTING LTD,16186506,active,ltd,,,2025-01-15,,2025-01-15,[70229],128 City Road London United Kingdom EC1V 2NX
KILDAS HOMES LTD,16186512,active,ltd,,,2025-01-15,,2025-01-15,[68100, 68209],C/O 28 Lynmouth Road London England N16 6XL
LAND FOR NATURE LTD,16180914,active,ltd,,,2025-01-13,,2025-01-13,[74909],3rd Floor, 86-90 Paul Street London United Kingdom EC2A 4NE
DANAMIC VENTURES LIMITED,16180878,active,ltd,,,2025-01-13,,2025-01-13,[70221],58 Stane Grove London England SW9 9AL
EPICUREAN LTD,16180876,active,ltd,,,2025-01-13,,2025-01-13,[56101],Apartment 55 Ridley House London England SW1P 2BH
THE NINTH KEY LTD,16181879,active,ltd,,,2025-01-14,,2025-01-14,[96090],128 City Road London United Kingdom EC1V 2NX
WILTON FOX LTD,16182107,active,ltd,,,2025-01-14,,2025-01-14,[68100, 68209, 68310, 68320],3 Wilton Road London England SW19 2HB
MUNCH PARTNERS LTD,16182117,active,ltd,,,2025-01-14,,2025-01-14,[56210],71-75 Shelton Street London United Kingdom WC2H 9JQ
TESSAG LTD,16182111,active,ltd,,,2025-01-14,,2025-01-14,[63990],Flat 1, Quantic House, 135 Salusbury Road London United Kingdom NW6 6RJ
MIGHTY CORNERSTONE LTD,16182857,active,ltd,,,2025-01-14,,2025-01-14,[68100, 68209, 68320],71-75 Shelton Street London United Kingdom WC2H 9JQ
THE AZS PORTFOLIO LTD,16183189,active,ltd,,,2025-01-14,,2025-01-14,[68100],14 David Mews London England W1U 6EQ
BOLDHAVEN LTD,16183184,active,ltd,,,2025-01-14,,2025-01-14,[45190, 45200],71-75 Shelton Street London United Kingdom WC2H 9JQ
THU-ID LTD,16183182,active,ltd,,,2025-01-14,,2025-01-14,[62012],3rd Floor, 86-90 Paul Street London United Kingdom EC2A 4NE
PAYFEM LTD,16183353,active,ltd,,,2025-01-14,,2025-01-14,[13923, 13990, 46410, 47910],5 Brayford Square London United Kingdom E1 0SG
SARA'S BEAUTY LONDON LTD,16183354,active,ltd,,,2025-01-14,,2025-01-14,[47910],Flat 8  Briggs House London England E2 7LN
SNC PROPERTY GROUP LIMITED,16183696,active,ltd,,,2025-01-14,,2025-01-14,[68209],C/O Getground London England W6 0NB
HOUSE OF PHOEBE LTD,16184117,active,ltd,,,2025-01-14,,2025-01-14,[74100],61 Moordown London United Kingdom SE18 3NA
OFF THE GLASS CLOTHING LTD,16184391,active,ltd,,,2025-01-14,,2025-01-14,[47910],107 South Croxted Road London England SE21 8AX
PORTSMOUTH HMO LTD,16186551,active,ltd,,,2025-01-15,,2025-01-15,[55900],71-75 Shelton Street London United Kingdom WC2H 9JQ
NEO CASTLE TRADING LTD,16181240,active,ltd,,,2025-01-13,,2025-01-13,[47910],3rd Floor, 86-90 Paul Street London United Kingdom EC2A 4NE
SPEED OUTSOURCING SOLUTIONS LTD,16181326,active,ltd,,,2025-01-13,,2025-01-13,[62020, 68310, 78300, 82200],71-75 Shelton Street London United Kingdom WC2H 9JQ
NM GLOBAL SERVICES LIMITED,16181464,active,ltd,,,2025-01-13,,2025-01-13,[77390],63 Wells Park Road London England SE26 6JQ
MECHANISE.AI LTD,16181588,active,ltd,,,2025-01-13,,2025-01-13,[73120],11 Keats Close London England SW19 1TU
VANTAGEVERSE LTD,16181688,active,ltd,,,2025-01-14,,2025-01-14,[62020, 62090],36 Fursby Avenue London England N3 1PL
ADARA YACHTS UK LTD,16181864,active,ltd,,,2025-01-14,,2025-01-14,[96090],19 Leyden Street London England E1 7LE
TESSA HOLDINGS LIMITED,16181865,active,ltd,,,2025-01-14,,2025-01-14,[68209],Linen Hall, Room 252-254 162-168 Regent Street London England W1B 5TB
EXCLUSIVE FURNITURE DISTRIBUTION LTD,16182239,active,ltd,,,2025-01-14,,2025-01-14,[46150, 46470, 46650, 47599],128 City Road London United Kingdom EC1V 2NX
ZAN LUMO LTD,16182200,active,ltd,,,2025-01-14,,2025-01-14,[70229, 73110],2, E Block London United Kingdom SW1P 2LP
PICK-G LTD,16182194,active,ltd,,,2025-01-14,,2025-01-14,[63990, 73110, 74100],Office 11306, 182-184 High Street North London England E6 2JA
MODELQUANT ANALYTICS LTD,16175120,active,ltd,,,2025-01-10,,2025-01-10,[74909],57 Brand Street London England SE10 8SP
GOURMET SUBS PROPERTY HOLDINGS LTD,16182654,active,ltd,,,2025-01-14,,2025-01-14,[68209],395 North End Road London England SW6 1NR
LITTLE WILDROSE LTD,16182963,active,ltd,,,2025-01-14,,2025-01-14,[47910],23 Darwin Close London England N11 1TA
RICHER MEANS LTD,16183250,active,ltd,,,2025-01-14,,2025-01-14,[85590],5 London Road Gillingham United Kingdom ME8 7RG
NK PROPERTY STAYS LTD,16183251,active,ltd,,,2025-01-14,,2025-01-14,[68100, 68209, 68320],20 Wenlock Road London England N1 7GU
TEMPLE DIGITAL LTD,16183244,active,ltd,,,2025-01-14,,2025-01-14,[47910, 62090],71-75 Shelton Street London United Kingdom WC2H 9JQ
CDD SERVICES 7 LIMITED,16183456,active,ltd,,,2025-01-14,,2025-01-14,[56101],72 Wilton Road London England SW1V 1DE
TRIPP KERR DAIRY HOLDINGS LTD,16184064,active,ltd,,,2025-01-14,,2025-01-14,[46330],3 Castle Place London United Kingdom W4 1RT
LIS PROJECT LTD,16184034,active,ltd,,,2025-01-14,,2025-01-14,[70229],41 Devonshire Street London United Kingdom W1G 7AJ
AARYAN NORFOLK SQUARE LTD,16184039,active,ltd,,,2025-01-14,,2025-01-14,[55100],30-32 St. Georges Drive London England SW1V 4BN
CANA REAL ESTATE LTD,16184048,active,ltd,,,2025-01-14,,2025-01-14,[68209],C/O Getground London England W6 0NB
MPLOYING LTD,16185291,active,ltd,,,2025-01-15,,2025-01-15,[78300],71-75 Shelton Street London United Kingdom WC2H 9JQ
CURVUP LIMITED,16185307,active,ltd,,,2025-01-15,,2025-01-15,[62012],71-75 Shelton Street London United Kingdom WC2H 9JQ
FADIMESKITCHEN 12 LIMITED,16185491,active,ltd,,,2025-01-15,,2025-01-15,[56210, 56290],50 Oxford Road London England N9 0NA
CEIBO LTD,16185615,active,ltd,,,2025-01-15,,2025-01-15,[70229],8th Floor 1 Southampton Street London United Kingdom WC2R 0LR
SSAR HOLDING LTD,16185797,active,ltd,,,2025-01-15,,2025-01-15,[64209],Rayner Essex Llp Tavistock House South London United Kingdom WC1H 9LG
SAXTON MOTORING LTD,16185780,active,ltd,,,2025-01-15,,2025-01-15,[45112],Unit 2 Berrite Estate London United Kingdom UB7 8HY
RHS PROPERTY CLUB LIMITED,16185931,active,ltd,,,2025-01-15,,2025-01-15,[68100],84 Leyswood Drive London United Kingdom IG2 7JH
LJD PROPCO 1 LIMITED,16185944,active,ltd,,,2025-01-15,,2025-01-15,[41100],18 Conduit Street London England W1S 2XN
MCM CORBRIDGE CONSULTING LTD,16186291,active,ltd,,,2025-01-15,,2025-01-15,[62020],128 City Road London United Kingdom EC1V 2NX
DIGITAL SOFTWARE WORLD LIMITED,16186283,active,ltd,,,2025-01-15,,2025-01-15,[82990],Victoria House, Suite 41 London England SE16 7DX
CLATHRIX LTD,16186285,active,ltd,,,2025-01-15,,2025-01-15,[71121, 72190, 74901, 74909],Flat 104 Rosefinch Apartments 7 Shearwater Drive London England NW9 7FX
EMANTERRA HOLDINGS LTD,16219689,active,ltd,,,2025-01-30,,2025-01-30,[41100, 64209],Summit House London United Kingdom NW3 6BP
T-SCAPE NOMINEES LIMITED,16219633,active,ltd,,,2025-01-30,,2025-01-30,[82990],Turnpike House Leigh-On-Sea United Kingdom SS9 2UA
9HR LTD,16219830,active,ltd,,,2025-01-30,,2025-01-30,[68100, 68209, 98000],47 Deronda Road London United Kingdom SE24 9BQ
IKKHO LTD,16219966,active,ltd,,,2025-01-30,,2025-01-30,[47710, 47820, 47910],71-75 Shelton Street London United Kingdom WC2H 9JQ
WELLWORKS CLINIC LTD,16220153,active,ltd,,,2025-01-30,,2025-01-30,[86900],7 Grove Place London England SW12 9LL
SUPREME CLEANING LTD,16220193,active,ltd,,,2025-01-31,,2025-01-31,[81210],1 Shaw Close London England SE28 8DE
ORDERNEST LIMITED,16220255,active,ltd,,,2025-01-31,,2025-01-31,[47910],124 City  Road London United Kingdom EC1V 2NX
AIOTOMATE LTD,16220369,active,ltd,,,2025-01-31,,2025-01-31,[26512, 62012, 62020, 71121],27 Old Gloucester Street London United Kingdom WC1N 3AX
MZAN LIMITED,16220564,active,ltd,,,2025-01-31,,2025-01-31,[56101],75 79 Dulwich Village London United Kingdom SE21 7BJ
ABM INFOTECH LIMITED,16220558,active,ltd,,,2025-01-31,,2025-01-31,[62020],Unit 2 83-95 Hainault Road London United Kingdom RM5 3AH
INARA CARS LTD,16220818,active,ltd,,,2025-01-31,,2025-01-31,[49320],247 Wick Road London England E9 5DG
ALDERS CAPITAL LTD,16220837,active,ltd,,,2025-01-31,,2025-01-31,[68100, 68320],71-75 Shelton Street London United Kingdom WC2H 9JQ
DIGITAL REEF GB 001 LIMITED,16220843,active,ltd,,,2025-01-31,,2025-01-31,[68100],13-14 Welbeck Street London United Kingdom W1G 9XU
BEAR AND BEAR PRODUCTIONS LTD,16221011,active,ltd,,,2025-01-31,,2025-01-31,[59120],181 Queens Crescent London England NW5 4DS
LIBERTY CLOUD TECHNOLOGY LIMITED,16221282,active,ltd,,,2025-01-31,,2025-01-31,[62020],123 Staveley Close London England SE15 2JW
EK5 HOLDING LTD,16221258,active,ltd,,,2025-01-31,,2025-01-31,[74990],71-75 Shelton Street London United Kingdom WC2H 9JQ
MEDICINES BY MAILBOX DIGITAL LTD,16221269,active,ltd,,,2025-01-31,,2025-01-31,[74909, 86900],128 City Road London United Kingdom EC1V 2NX
KUSHI'S PROSPERITY LTD,16221306,active,ltd,,,2025-01-31,,2025-01-31,[69201, 69202],5 Kestrel Close London England NW9 5DJ
GMT TRADE LTD,16221554,active,ltd,,,2025-01-31,,2025-01-31,[99999],71-75 Shelton Street London United Kingdom WC2H 9JQ
TEAST LIMITED,16221857,active,ltd,,,2025-01-31,,2025-01-31,[63120, 78109, 85590],71-75 Shelton Street London United Kingdom WC2H 9JQ
SHAHIN SADEGHI PROPERTIES LIMITED,16222082,active,ltd,,,2025-01-31,,2025-01-31,[68100, 68209, 68320],60, 451, Solomons Court High Road London United Kingdom N12 0AW
PHILPOTTPEARCE LTD,16222350,active,ltd,,,2025-01-31,,2025-01-31,[74100, 90030],Flat D London United Kingdom SW17 0ER
ANTONIA LEE CONSULTING LTD,16222454,active,ltd,,,2025-01-31,,2025-01-31,[70229],30 Roland Gardens London United Kingdom SW7 3PL
MAKZAH LTD,16222457,active,ltd,,,2025-01-31,,2025-01-31,[47910, 82990],Flat 2 Torrington Court London England N12 9TS
ATKINS ELECTRICS LTD,16222582,active,ltd,,,2025-01-31,,2025-01-31,[43210],153 The Avenue London England N17 6JJ
PERCY GLAM LTD,16172584,active,ltd,,,2025-01-09,,2025-01-09,[47910, 47990],3rd Floor Suite London England W1B 3HH
RBR BRAND CONSULTANCY LTD,16185985,active,ltd,,,2025-01-15,,2025-01-15,[70229],3rd Floor Suite London England W1B 3HH
UKIDC GROUP LIMITED,16184757,active,ltd,,,2025-01-15,,2025-01-15,[42220, 43210, 43290, 68320],Kingshead House Beaconsfield United Kingdom HP9 2HN
SUPREME PROPERTIES INVESTMENT UK LIMITED,16200954,active,ltd,,,2025-01-22,,2025-01-22,[68100],33 Landstead Road London United Kingdom SE18 2LQ
TANTALUM PROPERTY INVESTMENT MANAGEMENT LIMITED,16170901,active,ltd,,,2025-01-08,,2025-01-08,[68209],27 Hill Street London United Kingdom W1J 5LP
MYN RETAIL LTD,SC833896,active,ltd,,,2025-01-13,,2025-01-13,[47190, 47210],227 London Road Glasgow United Kingdom G40 1PE
MIDNIGHT STREETBOARDS LTD,16192013,active,ltd,,,2025-01-17,,2025-01-17,[32300],Flat 2 9 Cochrane Mews London England NW8 6NY
TULSA21 CLEANING SERVICES LTD,16220508,active,ltd,,,2025-01-31,,2025-01-31,[81299],3rd Floor Suite London England W1B 3HH
GOLDEN LEGACY PROPERTIES LTD,16173330,active,ltd,,,2025-01-09,,2025-01-09,[68209],Flat 10, Warnford House London England SW15 4PE
AIKA CONSULTING SERVICES LTD,16216427,active,ltd,,,2025-01-29,,2025-01-29,[62020],24 Lattimer Place London United Kingdom W4 2UB
ONE CREATIVE BETSCH LTD,16175458,active,ltd,,,2025-01-10,,2025-01-10,[73110],15 Kerbela Street London United Kingdom E2 6DP
FEAX LTD,16216671,active,ltd,,,2025-01-29,,2025-01-29,[96020, 96090],W1 Rvpb London England SW18 3SX
LAQUIS TECHNOLOGY INVESTMENTS LTD,16220262,active,ltd,,,2025-01-31,,2025-01-31,[62012, 62020, 62090],First Floor Office London United Kingdom W8 4LZ
GHOST CAR HIRE UK LIMITED,16220263,active,ltd,,,2025-01-31,,2025-01-31,[96090],71-75 Shelton Street London United Kingdom WC2H 9JQ
PB PLUMBING SERVICES LTD,16181576,active,ltd,,,2025-01-13,,2025-01-13,[43999],37 Ermine Road London United Kingdom SE13 7JT
STAYDIA LTD,16221067,active,ltd,,,2025-01-31,,2025-01-31,[68209],71-75 Shelton Street London United Kingdom WC2H 9JQ
ODENDAAL LIMITED,16221058,active,ltd,,,2025-01-31,,2025-01-31,[62090],71-75 Shelton Street London United Kingdom WC2H 9JQ
PRETORIA ASSET HOLDINGS LIMITED,16222164,active,ltd,,,2025-01-31,,2025-01-31,[68100, 68209],20 Wenlock Road London England N1 7GU
UNBND LTD,16222175,active,ltd,,,2025-01-31,,2025-01-31,[46420],20 Wenlock Road London England N1 7GU
ONE WAY TICKET PODCAST LIMITED,16222402,active,ltd,,,2025-01-31,,2025-01-31,[59112, 60100, 79120, 82302],124-128 City Road London England EC1V 2NX
COZEY PROPERTIES LTD,16222477,active,ltd,,,2025-01-31,,2025-01-31,[68209, 68320, 82990],50 Riggindale Road London England SW16 1QJ
STROBESOL LIMITED,16209603,active,ltd,,,2025-01-27,,2025-01-27,[41100, 68100, 68209],46 Edbrooke Road London England W9 2DG
AVANTEX CONSULTING LTD,16219654,active,ltd,,,2025-01-30,,2025-01-30,[70221, 70229],20 Wenlock Road London England N1 7GU
PEGASUS PROPERTIES SERVICE LTD,16220011,active,ltd,,,2025-01-30,,2025-01-30,[68320, 70229],1544 London Road London England SW16 4EU
FREEZING LANE LIMITED,16220341,active,ltd,,,2025-01-31,,2025-01-31,[82990],12 Helmet Row London United Kingdom EC1V 3QJ
JAKE ADAMS LTD,16220521,active,ltd,,,2025-01-31,,2025-01-31,[78109],39, Gemma House Lilestone Street London United Kingdom NW8 8SS
SHREEVAAS VAIBHAVAN LTD,16220523,active,ltd,,,2025-01-31,,2025-01-31,[68209],128 City Road London United Kingdom EC1V 2NX
ARTISAN COLLECTIVE LTD,16220782,active,ltd,,,2025-01-31,,2025-01-31,[47910],20 Wenlock Road London England N1 7GU
NEOTVHD LTD,16220764,active,ltd,,,2025-01-31,,2025-01-31,[46510, 47410],79 Jamestown Road London England NW1 7DB
TENAIRE LTD,16220773,active,ltd,,,2025-01-31,,2025-01-31,[87200],9 Honor Oak Road London England SE23 3SQ
ELECTRILINK LTD,16221053,active,ltd,,,2025-01-31,,2025-01-31,[43210],Unimix House, Platinum Suite London United Kingdom NW10 7TR
OMG LTD,16221310,active,ltd,,,2025-01-31,,2025-01-31,[85600],85 Commercial Street London United Kingdom E1 6BG
AAC ZONE LTD,16221326,active,ltd,,,2025-01-31,,2025-01-31,[47910],71-75 Shelton Street London United Kingdom WC2H 9JQ
SALVAMORY LTD,16222329,active,ltd,,,2025-01-31,,2025-01-31,[47910, 73110, 96090],71-75 Shelton Street London United Kingdom WC2H 9JQ
83 AVENUE ROAD LIMITED,16222311,active,ltd,,,2025-01-31,,2025-01-31,[68209],7 Hatton Street London United Kingdom NW8 8PL
TAKE CHARGE AND PROSPER LTD,16222314,active,ltd,,,2025-01-31,,2025-01-31,[68100, 68209, 68320],Unit 13 The Link London England SW2 1BZ
CRYSTALSKY LTD,16195350,active,ltd,,,2025-01-20,,2025-01-20,[68100, 68201, 68209, 68320],Suite Ra01, 195-197 Wood Street London United Kingdom E17 3NU
ESSENTIAL NECESSITIES LTD,16222495,active,ltd,,,2025-01-31,,2025-01-31,[47910],3rd Floor, 86-90 Paul Street London United Kingdom EC2A 4NE
CHESTER ROAD ESTATES LTD,16221608,active,ltd,,,2025-01-31,,2025-01-31,[68209],60 Olinda Road London England N16 6TL
WILL CURTISS DESIGN LTD,16219887,active,ltd,,,2025-01-30,,2025-01-30,[74100],198 Mellison Road London England SW17 9AU
W.O.J SAILING LTD,16220311,active,ltd,,,2025-01-31,,2025-01-31,[99999],72 Princess Court London United Kingdom W2 4RE
THE OLOWE COLLECTION LTD,16220503,active,ltd,,,2025-01-31,,2025-01-31,[55209, 55900, 68100, 68209],20 Wenlock Road London England N1 7GU
EURO TREUHAND LTD,16220738,active,ltd,,,2025-01-31,,2025-01-31,[82990],20 Wenlock Road London England N1 7GU
NERION LIMITED,16220734,active,ltd,,,2025-01-31,,2025-01-31,[62020],Norvin House 3rd Floor London United Kingdom E1 6BD
AISHTAR LTD,16220925,active,ltd,,,2025-01-31,,2025-01-31,[47910, 62020],3rd Floor, 86-90 Paul Street London England EC2A 4NE
INCEPTION IT LTD,16221343,active,ltd,,,2025-01-31,,2025-01-31,[62020],3rd Floor, 86-90 Paul Street London England EC2A 4NE
MAERSK STORAGE LTD,16221528,active,ltd,,,2025-01-31,,2025-01-31,[52103],78 Sevington Road London England NW4 3RS
ADVERTSREWARD LTD,16221543,active,ltd,,,2025-01-31,,2025-01-31,[63990, 73110, 73200, 82990],167-169 Great Portland Street London England W1W 5PF
ROCK STAYS LTD,16221925,active,ltd,,,2025-01-31,,2025-01-31,[55900],71-75 Shelton Street London United Kingdom WC2H 9JQ
MEDICUBE CAPITAL LTD,16221900,active,ltd,,,2025-01-31,,2025-01-31,[86220],20 Wenlock Road London England N1 7GU
PANDG TECH SOLUTIONS LTD,16222232,active,ltd,,,2025-01-31,,2025-01-31,[71129],Flat 101, 2, Gooch House Telcon Way London United Kingdom SE10 0XJ
LOUUR LIMITED,16160460,active,ltd,,,2025-01-02,,2025-01-02,[47770, 47910],86-90 Paul Street Paul Street London England EC2A 4NE
MARS MEDIA LTD,16222668,active,ltd,,,2025-01-31,,2025-01-31,[73110],Unit 4 Granville Industrial Estate 146-148 Granville Road London England NW2 2LD
HENKAMUSIC LTD,16219805,active,ltd,,,2025-01-30,,2025-01-30,[59200, 90010],Flat 2 Noble House London England W4 4BA
HAIR GP LTD,16220457,active,ltd,,,2025-01-31,,2025-01-31,[86220],C/O Aventax London England W1S 1BN
MATHWAVE LTD,16220468,active,ltd,,,2025-01-31,,2025-01-31,[85590],167 - 169 Great Portland Street London England W1W 5PF
T & T CREATIVE AND WELLNESS (1) LTD,16218987,active,ltd,,,2025-01-30,,2025-01-30,[96020],C/ O Proview Accountants Finchley Central England N3 1DP
NATURAL PATH LIMITED,16221129,active,ltd,,,2025-01-31,,2025-01-31,[46450, 47750],27 Old Gloucester Street London United Kingdom WC1N 3AX
TRENDELLE LTD,16221140,active,ltd,,,2025-01-31,,2025-01-31,[47910],3173 275 New N Rd London United Kingdom N1 7AA
STUDIO 2089 LTD,16221391,active,ltd,,,2025-01-31,,2025-01-31,[62090, 74100, 85590],86-90 Paul Street London England EC2A 4NE
PURITY NEXUS LTD,16221366,active,ltd,,,2025-01-31,,2025-01-31,[46480, 46510, 47910, 63120],71-75 Shelton Street London United Kingdom WC2H 9JQ
HLN HEALTH CARE SERVICES LTD,16221648,active,ltd,,,2025-01-31,,2025-01-31,[86900, 87200],98 Westleigh Avenue London England SW15 6UZ
NEW WHITE HORSE LTD,16221629,active,ltd,,,2025-01-31,,2025-01-31,[56101],45 Stanway Gardens Middlesex United Kingdom HA8 9LN
PRESTACATS LTD,16221940,active,ltd,,,2025-01-31,,2025-01-31,[62090, 75000],Flat 13 29-31 Sloane Court West London England SW3 4TE
RED PLANET (TPYP) LIMITED,16221945,active,ltd,,,2025-01-31,,2025-01-31,[59113],8th Floor Elm Yard London United Kingdom WC1X 0BJ
MARTHUB LTD,16221948,active,ltd,,,2025-01-31,,2025-01-31,[73110],24-26 Arcadia Avenue Fin009/15103 London United Kingdom N3 2JU
VIRIDE DEVELOPMENTS LIMITED,16222253,active,ltd,,,2025-01-31,,2025-01-31,[41100],128 City Road London United Kingdom EC1V 2NX
MINI EXPLORERS DAY NURSERY LTD,16222247,active,ltd,,,2025-01-31,,2025-01-31,[85100, 88910],126 Holburne Road London England SE3 8HT
TRIMLINE BARBER LTD,16208415,active,ltd,,,2025-01-26,,2025-01-26,[96020],55 Candy Street Candy Street London England E3 2LH
PALM HOUSING LIMITED,16206135,active,ltd,,,2025-01-24,,2025-01-24,[98000],127-129 Clapton Common London England E5 9AB
YSR ESTATES LTD,16220023,active,ltd,,,2025-01-30,,2025-01-30,[68100, 68209],17 Grovelands Road London England N15 6BT
ARGENT ATELIER LTD,16220189,active,ltd,,,2025-01-31,,2025-01-31,[47910],3rd Floor, 86-90 Paul Street London England EC2A 4NE
ARCHETYPE PROPERTY GROUP LTD,16220320,active,ltd,,,2025-01-31,,2025-01-31,[98000],13 Kings Close London England NW4 2JU
LICD LIMITED,16220419,active,ltd,,,2025-01-31,,2025-01-31,[90030],Flat 6 14 Chepstow Crescent London United Kingdom W11 3EB
L'ARCO MANAGEMENT LTD,16220423,active,ltd,,,2025-01-31,,2025-01-31,[41202],128 City Road London United Kingdom EC1V 2NX
17 ROSEBURY ROAD LIMITED,16220422,active,ltd,,,2025-01-31,,2025-01-31,[98000],17 Rosebury Road Fulham London United Kingdom SW6 2NH
NEW GOLDEN DRAGON LTD,16220910,active,ltd,,,2025-01-31,,2025-01-31,[56103],217 Camberwell New Road London United Kingdom SE5 0TJ
CHARLIE FOXTROT LIMITED,16221420,active,ltd,,,2025-01-31,,2025-01-31,[73110],82 Wilberforce Road London United Kingdom N4 2SR
VENTENOVA LTD,16221833,active,ltd,,,2025-01-31,,2025-01-31,[47789, 47990],71-75 Shelton Street London United Kingdom WC2H 9JQ
AYOSESAY LIMITED,16221832,active,ltd,,,2025-01-31,,2025-01-31,[86210],Flat 6 Otterburn House London England SE5 0XD
TRIVISION RESEARCH LTD,16221872,active,ltd,,,2025-01-31,,2025-01-31,[66190],67d Greencroft Gardens London United Kingdom NW6 3LJ
RUMBLES KEBAB LTD,16222204,active,ltd,,,2025-01-31,,2025-01-31,[56103],500 White Hart Lane London England N17 7NA
IKHLAS EDUCATION LTD,16211366,active,ltd,,,2025-01-27,,2025-01-27,[85600],71-75 Shelton Street London United Kingdom WC2H 9JQ
DARK DATA COMPANY LIMITED,16219741,active,ltd,,,2025-01-30,,2025-01-30,[41100],167-169 Great Portland Street London United Kingdom W1W 5PF
CLICK COACHING LIMITED,16219761,active,ltd,,,2025-01-30,,2025-01-30,[70229, 78300],128 City Road London United Kingdom EC1V 2NX
MOOBOO FRANCHISE LTD,16219912,active,ltd,,,2025-01-30,,2025-01-30,[77400],140 Brompton Road London England SW3 1HY
TOTAL LEDGER SOLUTIONS LTD,16219903,active,ltd,,,2025-01-30,,2025-01-30,[69202],124 City  Road London United Kingdom EC1V 2NX
GG-159-899 LIMITED,16220381,active,ltd,,,2025-01-31,,2025-01-31,[68209],C/O Getground London England W6 0NB
EXPERTBOT LTD,16220389,active,ltd,,,2025-01-31,,2025-01-31,[62012, 62020, 63110],85 Great Portland Street London United Kingdom W1W 7LT
JACKSON DEVICES LTD,16220392,active,ltd,,,2025-01-31,,2025-01-31,[32200],20 Wenlock Road London England N1 7GU
IADCONTROL LIMITED,16220874,active,ltd,,,2025-01-31,,2025-01-31,[62020],124 City Road London United Kingdom EC1V 2NX
SSAR INVESTMENTS V LIMITED,16221168,active,ltd,,,2025-01-31,,2025-01-31,[68209],Rayner Essex Llp Tavistock House South London United Kingdom WC1H 9LG
NUFIR LTD,16221442,active,ltd,,,2025-01-31,,2025-01-31,[70229],128 City Road London United Kingdom EC1V 2NX
MJ MEDIA LTD,16221821,active,ltd,,,2025-01-31,,2025-01-31,[46180],71-75 Shelton Street London United Kingdom WC2H 9JQ
JCG AGRI-ENVIRONMENTAL LIMITED,16221794,active,ltd,,,2025-01-31,,2025-01-31,[72190, 74901, 74909],2nd Floor College House Ruislip, United Kingdom HA4 7AE
ESTAA PROPERTY LTD,16221796,active,ltd,,,2025-01-31,,2025-01-31,[68100, 68209, 68320],128 City Road London United Kingdom EC1V 2NX
PAPERLESS QUILL LIMITED,16221981,active,ltd,,,2025-01-31,,2025-01-31,[47910],71-75 Shelton Street London United Kingdom WC2H 9JQ
BAM STUDIOS LTD,16221962,active,ltd,,,2025-01-31,,2025-01-31,[74209],Blake Tower, Floor Lg 12 Barbican England EC2Y 8AF
TOP TIER ENGAGEMENT LTD,16222436,active,ltd,,,2025-01-31,,2025-01-31,[70229],320 City Road London England EC1V 2NZ
H M BROWN CONSULTING LTD,16220062,active,ltd,,,2025-01-30,,2025-01-30,[70229],21 Caddington Road London England NW2 1RP
FORZA INVICTA GROUP LTD,16220147,active,ltd,,,2025-01-30,,2025-01-30,[93130],Flat 301 Drake Apartments 26 Heygate Street London England SE17 1FP
PRIVACY LAW UNLOCKED LIMITED,16220357,active,ltd,,,2025-01-31,,2025-01-31,[69102],71-75 Shelton Street London United Kingdom WC2H 9JQ
SNM X LIMITED,16220346,active,ltd,,,2025-01-31,,2025-01-31,[90010],124 City Road London England EC1V 2NX
EXPLORING THERAPY LTD,16220543,active,ltd,,,2025-01-31,,2025-01-31,[86900, 96090],20 Wenlock Road London England N1 7GU
EXPLORE PROPERTIES LTD,16220545,active,ltd,,,2025-01-31,,2025-01-31,[68100, 68201, 68202, 68310],128 City Road London United Kingdom EC1V 2NX
SMART HOSPITAL SOLUTIONS LTD,16220554,active,ltd,,,2025-01-31,,2025-01-31,[71122],Flat 6 34 Queens Gate Gardens Kensington United Kingdom SW7 5RR
PUSH POINT NETWORK LTD,16220814,active,ltd,,,2025-01-31,,2025-01-31,[70229, 78109, 82990, 85600],124 City Road London United Kingdom EC1V 2NX
FRINGE THEATRE AWARDS LIMITED,16220788,active,ltd,,,2025-01-31,,2025-01-31,[90020],167 Saltram Crescent London England W9 3JU
IFA HOLDINGS LIMITED,16221249,active,ltd,,,2025-01-31,,2025-01-31,[64202],Suite 1, 7th Floor 50 Broadway London United Kingdom SW1H 0DB
AKM REALTY GROUP LTD,16221477,active,ltd,,,2025-01-31,,2025-01-31,[68320],24 Flower & Dean Walk London United Kingdom E1 6QT
LIKE PROPERTY LIMITED,16221480,active,ltd,,,2025-01-31,,2025-01-31,[68100, 68209],Flat 2, 8 Sylvan Hill London United Kingdom SE19 2QF
CARDINAL HOSPITAL LIMITED,16221749,active,ltd,,,2025-01-31,,2025-01-31,[86101],140 Holland Park Avenue London England W11 4UE
EME AERO LIMITED,16222046,active,ltd,,,2025-01-31,,2025-01-31,[71122],71-75 Shelton Street London United Kingdom WC2H 9JQ
STUDIO COPPA LIMITED,16222061,active,ltd,,,2025-01-31,,2025-01-31,[74100],167-169 Great Portland Street London England W1W 5PF
NORTH GROVE ESTATES LTD,16222023,active,ltd,,,2025-01-31,,2025-01-31,[68100, 68209],42 Darenth Road London United Kingdom N16 6EJ
ESV LTD,16194043,active,ltd,,,2025-01-20,,2025-01-20,[43390],39 Shakespeare Avenue London England N11 1AY
OUDOIR LTD,16194438,active,ltd,,,2025-01-20,,2025-01-20,[32990, 47910],Flat 402 Bridgefield Court London United Kingdom SW18 1FH
AGBD LTD,16194481,active,ltd,,,2025-01-20,,2025-01-20,[96020],Flat 14, Sardeson House London England SE27 0ES
FLYACTIVE LIMITED,16194450,active,ltd,,,2025-01-20,,2025-01-20,[32300],Flat 406 Sailors House 16 Deauville Close London England E14 0JT
MANI HOMES LTD,16194466,active,ltd,,,2025-01-20,,2025-01-20,[41100, 68100, 68209],1a Eckstein Road London England SW11 1QE
CAZENOVE PROPERTIES LIMITED,16194937,active,ltd,,,2025-01-20,,2025-01-20,[68209],New Burlington House London United Kingdom NW11 0PU
DAVID R DAWKINS LTD,16195116,active,ltd,,,2025-01-20,,2025-01-20,[99999],2nd Floor College House Ruislip, United Kingdom HA4 7AE
ALRAD STORAGE & COURIER LTD,16174784,active,ltd,,,2025-01-10,,2025-01-10,[49410, 52103, 64304, 66300],27 Old Gloucester Street London United Kingdom WC1N 3AX
CDR PROPERTY LIMITED,16195127,active,ltd,,,2025-01-20,,2025-01-20,[68100, 68209],20 Wenlock Road London England N1 7GU
JOY HARVESTER LIMITED,16195109,active,ltd,,,2025-01-20,,2025-01-20,[68209],C/O Getground London England W6 0NB
ANFHAIR LTD,16195398,active,ltd,,,2025-01-20,,2025-01-20,[96020],71-75 Shelton Street London United Kingdom WC2H 9JQ
AKMAN HOLDINGS LTD,16195362,active,ltd,,,2025-01-20,,2025-01-20,[68209],6, Unit 6 Hornsey Street London United Kingdom N7 8GR
AURAE COFFEE LTD,16195365,active,ltd,,,2025-01-20,,2025-01-20,[47910],124-128 City Road London England EC1V 2NX
ICP ESTATE HOLDINGS LIMITED,16195371,active,ltd,,,2025-01-20,,2025-01-20,[82990],27 Mortimer Street London United Kingdom W1T 3BL
BOLTSMITHS LTD,16195808,active,ltd,,,2025-01-20,,2025-01-20,[96090],71-75 Shelton Street London United Kingdom WC2H 9JQ
LOGIXPRESS LTD,16195805,active,ltd,,,2025-01-20,,2025-01-20,[49410, 52243],481b Barking Road Plaistow London England E13 8PS
RENTIFY PROPERTIES LIMITED,16195844,active,ltd,,,2025-01-20,,2025-01-20,[68100],71-75 Shelton Street London United Kingdom WC2H 9JQ
URBAN NEST PROPERTIES (MANCHESTER) LTD,16195835,active,ltd,,,2025-01-20,,2025-01-20,[68209],71-75 Shelton Street London United Kingdom WC2H 9JQ
CAVELON CYBERNETICS LTD,16196186,active,ltd,,,2025-01-20,,2025-01-20,[72190],128 City Road London United Kingdom EC1V 2NX
SELENE STUDIOS EVENTS LIMITED,16186102,active,ltd,,,2025-01-15,,2025-01-15,[86900],19 Etheldene Avenue London England N10 3QG
OPTIMA STUDIO LTD,16196182,active,ltd,,,2025-01-20,,2025-01-20,[58290, 62012, 62090, 74100],71-75 Shelton Street London United Kingdom WC2H 9JQ
GEORGIA CARRICK LTD,16196550,active,ltd,,,2025-01-20,,2025-01-20,[73110],Flat 160 61 Walton Street London United Kingdom SW3 2JZ
HARMONIA GLOBAL LTD,16196545,active,ltd,,,2025-01-20,,2025-01-20,[47910, 62012],2 Frederick Street London United Kingdom WC1X 0ND
ELITEX SOFTWARE LTD,16196747,active,ltd,,,2025-01-21,,2025-01-21,[58290, 62012, 62020, 62090],41 Devonshire Street London United Kingdom W1G 7AJ
AUS PREMIUM SERVICES LTD,16197070,active,ltd,,,2025-01-21,,2025-01-21,[62090, 63120],71-75 Shelton Street London United Kingdom WC2H 9JQ
GIFTIVEST LTD,16197030,active,ltd,,,2025-01-21,,2025-01-21,[85590],128 City Road London United Kingdom EC1V 2NX
SWIPE2B TECHNOLOGY LTD,16197064,active,ltd,,,2025-01-21,,2025-01-21,[62090, 70229],71-75 Shelton Street London United Kingdom WC2H 9JQ
DIRECT BIKES MOTORS LTD,16197053,active,ltd,,,2025-01-21,,2025-01-21,[45190],124 City Road London United Kingdom EC1V 2NX
HEMBY LTD,16197367,active,ltd,,,2025-01-21,,2025-01-21,[81210, 81221, 88100, 88910],27 Old Gloucester Street London United Kingdom WC1N 3AX
APEX INNOVATORS LTD,16197589,active,ltd,,,2025-01-21,,2025-01-21,[58290, 62020, 63990],71-75 Shelton Street London United Kingdom WC2H 9JQ
DURADEALS LIMITED,16197872,active,ltd,,,2025-01-21,,2025-01-21,[46900, 47190, 47910, 47990],128 City Road London United Kingdom EC1V 2NX
INKAS CRAFTS LTD,16198302,active,ltd,,,2025-01-21,,2025-01-21,[47890],12 Pleasant Place London England N1 2BU
BOWER AND BLOOM LTD,16198301,active,ltd,,,2025-01-21,,2025-01-21,[47890, 47910],128 City Road London United Kingdom EC1V 2NX
GAZOO UK LTD,16198303,active,ltd,,,2025-01-21,,2025-01-21,[47910],85 Great Portland Street London England W1W 7LT
FLYUS TRAVEL LTD,16198563,active,ltd,,,2025-01-21,,2025-01-21,[52290, 79110],Building 551 Shoreham Road East London Heathrow Airport United Kingdom TW6 3UA
COTHANH HENRIETTA LIMITED,16198565,active,ltd,,,2025-01-21,,2025-01-21,[56101],73 Cornhill London United Kingdom EC3V 3QQ
RICHLAND UK&I LTD,16198593,active,ltd,,,2025-01-21,,2025-01-21,[96090],71-75 Shelton Street London United Kingdom WC2H 9JQ
EXPOCACER UK LIMITED,16198604,active,ltd,,,2025-01-21,,2025-01-21,[46370],C/O Fox Williams Llp London United Kingdom EC2A 1AF
TED'S COLLECTIVE LTD,16197213,active,ltd,,,2025-01-21,,2025-01-21,[74100],124 City Road London England EC1V 2NX
ACHIEVEMENT INC. LTD,16199442,active,ltd,,,2025-01-21,,2025-01-21,[85600],71-75 Shelton Street London United Kingdom WC2H 9JQ
GULIIFY LTD,16199713,active,ltd,,,2025-01-22,,2025-01-22,[47990],46 Brewster Road London England E10 6RG
RADAR HEALTH INVESTMENTS LIMITED,16194162,active,ltd,,,2025-01-20,,2025-01-20,[64209],Flat 18 Marlow Court London United Kingdom NW6 7PS
BUROOJ ACCOUNTANTS LTD,16194136,active,ltd,,,2025-01-20,,2025-01-20,[69201, 69202],71-75 Shelton Street London United Kingdom WC2H 9JQ
JIDOKA AI LTD,16194175,active,ltd,,,2025-01-20,,2025-01-20,[62012, 62030, 63110, 71122],71-75 Shelton Street London United Kingdom WC2H 9JQ
WOLF MARINE LTD,16194373,active,ltd,,,2025-01-20,,2025-01-20,[33150, 59111, 98000],Flat 4 81 South Hill Park London England NW3 2SS
AMMARA BATOOL LTD,16194419,active,ltd,,,2025-01-20,,2025-01-20,[47910],167-169 Great Portland Street London England W1W 5PF
RADAR HEALTH HIGH ROAD LIMITED,16194807,active,ltd,,,2025-01-20,,2025-01-20,[68209],Flat 18 Marlow Court London United Kingdom NW6 7PS
ELIBRIUM LIMITED,16194802,active,ltd,,,2025-01-20,,2025-01-20,[70229],318 Old Street London England EC1V 9DR
THE HUNGRY COW WHITECHAPEL LIMITED,16195106,active,ltd,,,2025-01-20,,2025-01-20,[56103],111a Commercial Road London United Kingdom E1 1RD
QUEEN STREET ADVISORS LTD,16195332,active,ltd,,,2025-01-20,,2025-01-20,[70229],Meadows House London United Kingdom W1J 5PR
TFP TAKUMI LTD,16195629,active,ltd,,,2025-01-20,,2025-01-20,[46900],County House, Third Floor London England EC1N 8AT
ALTHEVITY LTD,16195643,active,ltd,,,2025-01-20,,2025-01-20,[84120],St. Georges Chambers London England N9 0TS
EMERALD PLATFORM UK HOLDCO LIMITED,16195652,active,ltd,,,2025-01-20,,2025-01-20,[64209],Duo, Level 6 London United Kingdom EC2M 4RB
DIGIROCKET TECHNOLOGIES LTD,16195988,active,ltd,,,2025-01-20,,2025-01-20,[96090],71-75 Shelton Street London United Kingdom WC2H 9JQ
BIT RHYTHM LTD,16196006,active,ltd,,,2025-01-20,,2025-01-20,[47910, 62012, 62020, 63120],71-75 Shelton Street London United Kingdom WC2H 9JQ
TURA ADVISORY LTD,16196023,active,ltd,,,2025-01-20,,2025-01-20,[70221, 70229],29 Salisbury House London United Kingdom EC2M 5SQ
RHIC AT SILECROFT LTD,16196291,active,ltd,,,2025-01-20,,2025-01-20,[56102],3rd Floor, 86-90 Paul Street London England EC2A 4NE
ROWANS ESTATES LTD,16196296,active,ltd,,,2025-01-20,,2025-01-20,[68100],Suite 101 Pride House London United Kingdom N15 4FB
MOVAREKHI DIAMA GROUP LIMITED,16196303,active,ltd,,,2025-01-20,,2025-01-20,[62011, 62012, 63120, 85590],55 Baker Street London United Kingdom W1U 7EU
TARGET COACHING LTD,16197012,active,ltd,,,2025-01-21,,2025-01-21,[85590],71-75 Shelton Street London United Kingdom WC2H 9JQ
PSS EDUCATION LTD,16197338,active,ltd,,,2025-01-21,,2025-01-21,[85200, 85310, 85320, 85600],Suite Ra01 195-197 Wood Street London United Kingdom E17 3NU
ALB ACCOMMODATION LIMITED,16173517,active,ltd,,,2025-01-09,,2025-01-09,[55900],3rd Floor, 86-90 Paul Street London England EC2A 4NE
GREEN TURTLE PRODUCTIONS LTD,16197575,active,ltd,,,2025-01-21,,2025-01-21,[73200],67b Bushey Road London England SW20 8TE
JAM BUBBLES LIMITED,16197557,active,ltd,,,2025-01-21,,2025-01-21,[64209],First Floor Winston House London United Kingdom N3 1DH
BLADEZ GROOMING LTD,16197737,active,ltd,,,2025-01-21,,2025-01-21,[96020],67b London Road Sevenoaks England TN13 1AU
DR RLB CONSULTING LTD,16198007,active,ltd,,,2025-01-21,,2025-01-21,[86220],20 Wenlock Road London England N1 7GU
BOWS & BOUNDS LTD,16198442,active,ltd,,,2025-01-21,,2025-01-21,[96090],71-75 Shelton Street London England WC2H 9JQ
MAYE PROPERTIES LTD,16198816,active,ltd,,,2025-01-21,,2025-01-21,[68209],17, 618, Adams House High Road Leyton London United Kingdom E10 6EZ
HITHER GREEN CLINIC LTD,16198815,active,ltd,,,2025-01-21,,2025-01-21,[86230],3rd Floor, 86-90 Paul Street London United Kingdom EC2A 4NE
HOLMES DARCY PHARMA CONSULTING LTD,16198919,active,ltd,,,2025-01-21,,2025-01-21,[70229],71-75 Shelton Street London United Kingdom WC2H 9JQ
S&G PARAISO LTD,16198909,active,ltd,,,2025-01-21,,2025-01-21,[96020],Flat 83 Youngs Court London England SW11 5JE
FMA CLOUD LIMITED,16199224,active,ltd,,,2025-01-21,,2025-01-21,[69201],86-90 Paul Street London United Kingdom EC2A 4NE
GWYNNE PROPCO LIMITED,16199372,active,ltd,,,2025-01-21,,2025-01-21,[68209],Magnolia House Edgware England HA8 7EB
KHALID R PROPERTIES LTD,16194207,active,ltd,,,2025-01-20,,2025-01-20,[98000],20 Wenlock Road London England N1 7GU
DOR OLFACTORY LIMITED,16194189,active,ltd,,,2025-01-20,,2025-01-20,[20420, 47789],38, Aland Court Finland Street London United Kingdom SE16 7LA
CLOUDYLAND LTD,16194583,active,ltd,,,2025-01-20,,2025-01-20,[46160, 59112, 73110, 74209],80 Hatherleigh Road Ruislip England HA4 6AU
LONDON LUXE ESCAPES LTD,16194959,active,ltd,,,2025-01-20,,2025-01-20,[41100, 68320],30 Hampden Way London United Kingdom N14 5DX
MSTERRAFORT LTD,16194977,active,ltd,,,2025-01-20,,2025-01-20,[41100, 68100, 68310, 68320],128 City Road London United Kingdom EC1V 2NX
YOUR WORLD CONTRACTORS LTD,16195084,active,ltd,,,2025-01-20,,2025-01-20,[43220, 81100, 81210, 81300],143 Caravel House 22 Royal Crest Avenue London England E16 2TD
JOHNNY ENGLISH AGENCY LTD,16195070,active,ltd,,,2025-01-20,,2025-01-20,[85600],Flat B, 33 Woodland Rise London United Kingdom N10 3UP
RTSY THE CREATIVE SCHOOL LTD,16195412,active,ltd,,,2025-01-20,,2025-01-20,[85590],632 Green Lanes London England N8 0SD
INTEGRO FUNDING SPV1 LIMITED,16195669,active,ltd,,,2025-01-20,,2025-01-20,[70221],20-22 Wenlock Road London England N1 7GU
SMART FUNNEL LTD,16195670,active,ltd,,,2025-01-20,,2025-01-20,[71129],3rd Floor, 86-90 Paul Street London United Kingdom EC2A 4NE
DIGITAL COLONY LIMITED,16195711,active,ltd,,,2025-01-20,,2025-01-20,[62012, 62020, 62090],15 Brixham Building 8 Artillery Place London England SE18 4AB
REEF MIDCO LIMITED,16195683,active,ltd,,,2025-01-20,,2025-01-20,[64209],Suite 1, 7th Floor 50 Broadway London United Kingdom SW1H 0DB
CALDIS LIMITED,16196062,active,ltd,,,2025-01-20,,2025-01-20,[56103, 85590],Flat 1 Wonder House London England E8 3GA
OPAL HAIR & COSMETICS LTD,16196309,active,ltd,,,2025-01-20,,2025-01-20,[46450, 47750],475 Norwood Road London England SE27 9DJ
ZEN AI LAB LTD,16196939,active,ltd,,,2025-01-21,,2025-01-21,[62090],128 City Road London United Kingdom EC1V 2NX
DWELLSOME LTD,16196929,active,ltd,,,2025-01-21,,2025-01-21,[46390, 47910, 62012, 73110],71-75 Shelton Street London United Kingdom WC2H 9JQ
ALMANARA ALBIDA FINANCIAL SERVICES LTD,16197158,active,ltd,,,2025-01-21,,2025-01-21,[70221, 70229],112 Loughborough House London United Kingdom RM8 2GJ
NAZDANI LTD,16197134,active,ltd,,,2025-01-21,,2025-01-21,[68100, 68209, 68320],89 C/D London Road Morden United Kingdom SM4 5HP
M&D FACILITIES MANAGEMENT LTD,16197128,active,ltd,,,2025-01-21,,2025-01-21,[78200],128 City Road London United Kingdom EC1V 2NX
ALPHA BARON LTD,16197427,active,ltd,,,2025-01-21,,2025-01-21,[62020, 63120, 73120, 82200],71-75 Shelton Street London United Kingdom WC2H 9JQ
ARDILLAT LIMITED,16197412,active,ltd,,,2025-01-21,,2025-01-21,[47721],5-6 Coventry Street London England W1D 6BW
QUEENS SE15 LTD,16198271,active,ltd,,,2025-01-21,,2025-01-21,[56101],Arch 131 London United Kingdom SE15 2JR
VIRTGOLD LTD,16198281,active,ltd,,,2025-01-21,,2025-01-21,[96090],128 City Road London United Kingdom EC1V 2NX
CRYSTAL NEST LTD,16198286,active,ltd,,,2025-01-21,,2025-01-21,[47910],128 City Road London United Kingdom EC1V 2NX
GLAUCO BOREL ARCHITECTURE LTD,16198645,active,ltd,,,2025-01-21,,2025-01-21,[71111],Flat 6, 753, Dugdale Court Harrow Road London United Kingdom NW10 5BG
UK2A LTD,16198626,active,ltd,,,2025-01-21,,2025-01-21,[46900],71-75 Shelton Street London United Kingdom WC2H 9JQ
THE HUMYN GROUP UK LTD,16198661,active,ltd,,,2025-01-21,,2025-01-21,[78300],124 City  Road London United Kingdom EC1V 2NX
BLOOM LAN LTD,16198642,active,ltd,,,2025-01-21,,2025-01-21,[47910, 62020, 64301],20 Wenlock Road London England N1 7GU
FALUDEV LTD,16199003,active,ltd,,,2025-01-21,,2025-01-21,[70229],71-75 Shelton Street London United Kingdom WC2H 9JQ
WILMA LTD,16199421,active,ltd,,,2025-01-21,,2025-01-21,[70229],Suite 5 Suite 5 London United Kingdom N14 5BP
ROSELLABELLA LTD,16199552,active,ltd,,,2025-01-21,,2025-01-21,[47510],Unit F2 82-88 Mile End Road London England E1 4UN
ECLECTIC BOOKS LIMITED,16193921,active,ltd,,,2025-01-20,,2025-01-20,[58110, 58142, 58190],18 Compton Terrace London United Kingdom N1 2UN
THE CLOUD DOOR LTD,16194232,active,ltd,,,2025-01-20,,2025-01-20,[59131, 59132],71-75 Shelton Street London United Kingdom WC2H 9JQ
TRELLIGA LTD,16194742,active,ltd,,,2025-01-20,,2025-01-20,[70229, 74901],24 Keyes Road London England NW2 3XA
1978 LTD,16194772,active,ltd,,,2025-01-20,,2025-01-20,[59111, 59131],79-81 Borough Road London England SE1 1DN
LEBANESE GRILL AND CAFE LTD,16194770,active,ltd,,,2025-01-20,,2025-01-20,[56102],2 Arlington Parade London United Kingdom SW2 1RH
TL BEAUTY THERAPIST LIMITED,16194753,active,ltd,,,2025-01-20,,2025-01-20,[96020],Flat 32 Eldridge Court London England SE16 3SN
PAPERBAG LIMITED,16195551,active,ltd,,,2025-01-20,,2025-01-20,[90030],27 Mortimer Street London England W1T 3BL
COMMSTACK HOLDINGS LIMITED,16195512,active,ltd,,,2025-01-20,,2025-01-20,[64209],1-2 Charterhouse Mews London United Kingdom EC1M 6BB
ADDITIONAL INTELLIGENCE GROUP LTD,16195871,active,ltd,,,2025-01-20,,2025-01-20,[82990],12 London Road Morden England SM4 5BQ
FLY PRINTS LTD,16196210,active,ltd,,,2025-01-20,,2025-01-20,[47910],3rd Floor, 86-90 Paul Street London England EC2A 4NE
ABELA023 LTD,16196389,active,ltd,,,2025-01-20,,2025-01-20,[47910, 70229, 73110],Dept 5394, 196 High Road London United Kingdom N22 8HH
OXFORD GROVE COLLEGE LIMITED,16196636,active,ltd,,,2025-01-20,,2025-01-20,[85421],Avicenna House 258-262 Romford Road London England E7 9HZ
BRITCO PROPERTY MANAGEMENT LTD,16196635,active,ltd,,,2025-01-20,,2025-01-20,[98000],22 Samson Street London England E13 9EJ
BB WELLNESS LTD,16196699,active,ltd,,,2025-01-20,,2025-01-20,[96090],56 Station Road London England E4 7BE
NEVERHODL UK HOLDING LIMITED,16196797,active,ltd,,,2025-01-21,,2025-01-21,[64209],9 Chapel Place London United Kingdom EC2A 3DQ
THE SUPERFOOD SHOP UKGB LTD,16196893,active,ltd,,,2025-01-21,,2025-01-21,[47910],71-75 Shelton Street London United Kingdom WC2H 9JQ
HEALTH 101 HOLDINGS LIMITED,16197246,active,ltd,,,2025-01-21,,2025-01-21,[68100],1 Beaufort Gardens London United Kingdom NW4 3QN
BEMYLOVE UK LTD,16197236,active,ltd,,,2025-01-21,,2025-01-21,[70229, 74100, 82302, 96090],128 City Road London United Kingdom EC1V 2NX
DATAMEDIC LTD,16197240,active,ltd,,,2025-01-21,,2025-01-21,[62012, 63110, 86900],128 City Road London United Kingdom EC1V 2NX
CONDUIT MEDIA LTD,16197233,active,ltd,,,2025-01-21,,2025-01-21,[62012],2nd Floor College House Ruislip, United Kingdom HA4 7AE
FULL OF FUN LTD,16197926,active,ltd,,,2025-01-21,,2025-01-21,[47910],201 Lightfoot Road London England N8 7JH
THE CAMEL THE LION THE CHILD LTD,16197911,active,ltd,,,2025-01-21,,2025-01-21,[62012, 70229, 74100],61a London Road Whitchurch England RG28 7LX
FIOR CAPITAL LIMITED,16197899,active,ltd,,,2025-01-21,,2025-01-21,[70229],71-75 Shelton Street London United Kingdom WC2H 9JQ
BULDRA LTD,16197901,active,ltd,,,2025-01-21,,2025-01-21,[68209],128 City Road London United Kingdom EC1V 2NX
ARIVASER LTD,16198154,active,ltd,,,2025-01-21,,2025-01-21,[68100, 68209],20 Wenlock Road London England N1 7GU
TEEYANA AROMI LTD,16198149,active,ltd,,,2025-01-21,,2025-01-21,[59112, 70229, 73110, 90030],20 Wenlock Road London England N1 7GU
AUSTIN’S PROPERTY LTD,16198141,active,ltd,,,2025-01-21,,2025-01-21,[68201],8 Wilton Road London England SE2 9RH
THE AUTOBAHN ALLEY LTD,16198129,active,ltd,,,2025-01-21,,2025-01-21,[45190],128 City Road London United Kingdom EC1V 2NX
MEDEN MANAGEMENT SERVICES LIMITED,16198116,active,ltd,,,2025-01-21,,2025-01-21,[70229, 98000],Door 11 203-205 The Vale London England W3 7QS
DEMON RESOURCING LTD,16198760,active,ltd,,,2025-01-21,,2025-01-21,[78109, 78200],71-75 Shelton Street London United Kingdom WC2H 9JQ
ELUWAH LTD,16198774,active,ltd,,,2025-01-21,,2025-01-21,[70210],Walter Tull House 114 London United Kingdom N17 9GR
DRUMMOND, CLARK AND MCDWYER PROPERTY LTD,16198922,active,ltd,,,2025-01-21,,2025-01-21,[68100, 68209],27 Old Gloucester Street London United Kingdom WC1N 3AX
ARCHER-JONES CONSULTING LTD,16198929,active,ltd,,,2025-01-21,,2025-01-21,[70229, 71122, 71129, 74909],3rd Floor, 86-90 Paul Street London England EC2A 4NE
ISSACHAROFF ESTATES LTD,16198975,active,ltd,,,2025-01-21,,2025-01-21,[68100],94 Stamford Hill London United Kingdom N16 6XS
JMA TREND SOCIALS LTD,16198940,active,ltd,,,2025-01-21,,2025-01-21,[70229, 73110, 82990, 96090],42 Cornish Grove London England SE20 8RB
BEN EVAN CLEANING SERVICE LTD,16198966,active,ltd,,,2025-01-21,,2025-01-21,[81210],14a Harrington Road London United Kingdom SE25 4LU
5 AKHIS HALLGREEN LIMITED,16199390,active,ltd,,,2025-01-21,,2025-01-21,[56102, 56103],Business Plus- Mitcham England CR4 4EA
NOOR SPICE LIMITED,16194116,active,ltd,,,2025-01-20,,2025-01-20,[56101],128 London Road Portsmouth England PO2 9DE
LUWAY LTD,16194516,active,ltd,,,2025-01-20,,2025-01-20,[90030],71-75 Shelton Street London United Kingdom WC2H 9JQ
3D PROPERTY INVESTMENT AND MANAGEMENT LTD,16194508,active,ltd,,,2025-01-20,,2025-01-20,[68100],57 Riddons Road London United Kingdom SE12 9RA
INSPIRATION COMMERCE GROUP UK LTD,16194491,active,ltd,,,2025-01-20,,2025-01-20,[62012],167-169 Great Portland Street London England W1W 5PF
HP TOUR LONDON LTD,16194502,active,ltd,,,2025-01-20,,2025-01-20,[79120, 79901, 91030],4th Floor Silverstream House London England W1T 6EB
RAYAA FORGED LIMITED,16194512,active,ltd,,,2025-01-20,,2025-01-20,[45320],5 Brayford Square London England E1 0SG
BEAUTY FLEX LTD,16195476,active,ltd,,,2025-01-20,,2025-01-20,[47910],128 City Road London United Kingdom EC1V 2NX
CLAIRE CARE SERVICES LIMITED,16195778,active,ltd,,,2025-01-20,,2025-01-20,[82990, 86900],101 Lee Park London England SE3 9HG
ARKE PROPERTY DEVELOPMENT LTD,16195773,active,ltd,,,2025-01-20,,2025-01-20,[41100, 68100, 68209],20 Wenlock Road London England N1 7GU
HEYHEYDERETAIL LTD,16196114,active,ltd,,,2025-01-20,,2025-01-20,[47910],29408 Office Suite 29a, 3/F., 23 Wharf Street London England SE8 3GG
IENTAP LIMITED,16196128,active,ltd,,,2025-01-20,,2025-01-20,[46900, 47910, 47990, 62020],Flat 2 Typographic Building London England SW9 0QE
MLG LIBERTY LTD,16196436,active,ltd,,,2025-01-20,,2025-01-20,[68100, 68209, 68320],20 Wenlock Road London England N1 7GU
RAB PACKAGING SOLUTIONS LTD,16197277,active,ltd,,,2025-01-21,,2025-01-21,[16240, 49420, 52103, 52219],2nd Floor College House Ruislip, United Kingdom HA4 7AE
ONSLOW MEDIA LTD,16197305,active,ltd,,,2025-01-21,,2025-01-21,[70229, 73110],128 City Road London United Kingdom EC1V 2NX
PIZZA HUB CR7 LTD,16197304,active,ltd,,,2025-01-21,,2025-01-21,[56103],38 Green Lane London United Kingdom CR7 8BB
STONE GENTS LIMITED,16197543,active,ltd,,,2025-01-21,,2025-01-21,[96020],9 Station Buildings London United Kingdom SE6 4QZ
DISA HORN DESIGNS LIMITED,16197523,active,ltd,,,2025-01-21,,2025-01-21,[74100],Basement London United Kingdom SW7 4NT
443 DEVELOPMENTS LTD,16197551,active,ltd,,,2025-01-21,,2025-01-21,[68209],128 City Road London United Kingdom EC1V 2NX
ISISPACE LTD,16197772,active,ltd,,,2025-01-21,,2025-01-21,[30300, 61300, 96090],71-75 Shelton Street London United Kingdom WC2H 9JQ
HAPPYBODIES INC. LTD,16197788,active,ltd,,,2025-01-21,,2025-01-21,[93290],71-75 Shelton Street London United Kingdom WC2H 9JQ
RH STRATEGIES LTD,16197987,active,ltd,,,2025-01-21,,2025-01-21,[96090],26a, Laurel Point 2 Fortunes Walk London United Kingdom E20 1JE
CONTENDO LTD,16197997,active,ltd,,,2025-01-21,,2025-01-21,[62011],75 Totterdown Street London England SW17 8TB
SOOTHING SUDS LTD,16198390,active,ltd,,,2025-01-21,,2025-01-21,[47910],236 Wards Wharf Approach London United Kingdom E16 2EQ
IMPACT AXIS LTD,16198804,active,ltd,,,2025-01-21,,2025-01-21,[70229],Flat B, 233 Ivydale Road London United Kingdom SE15 3DY
QTEST LTD,16198854,active,ltd,,,2025-01-21,,2025-01-21,[62020],1023 Newham Way London England E6 5JL
HARTSFIELD BETCHWORTH LTD,16199080,active,ltd,,,2025-01-21,,2025-01-21,[55100],101 New Cavendish Street London United Kingdom W1W 6XH
WEBFLUENT LTD,16199484,active,ltd,,,2025-01-21,,2025-01-21,[62020],167-169 Great Portland Street London England W1W 5PF
RCS BODYWORKS LIMITED,16199609,active,ltd,,,2025-01-21,,2025-01-21,[29201],28b Princethorpe Road London England SE26 4PF
NOTABLE LTD,16194032,active,ltd,,,2025-01-20,,2025-01-20,[62090],128 City Road London United Kingdom EC1V 2NX
BEAUTY BITES LTD,16194033,active,ltd,,,2025-01-20,,2025-01-20,[47990],124 City Road London England EC1V 2NX
WIRTSCHAFTS -UND GEWERBEAUSKUNFT LTD,16194037,active,ltd,,,2025-01-20,,2025-01-20,[63120, 73110],128 City Road London United Kingdom EC1V 2NX
FIMBLE GROUP LIMITED,16194321,active,ltd,,,2025-01-20,,2025-01-20,[62020, 63120, 63990],128 City Road London United Kingdom EC1V 2NX
PARMA HOUSE DEVELOPMENTS LIMITED,16194669,active,ltd,,,2025-01-20,,2025-01-20,[68100],Bhl House London United Kingdom NW11 0AF
REEF TOPCO LIMITED,16195212,active,ltd,,,2025-01-20,,2025-01-20,[64209],Suite 1, 7th Floor 50 Broadway London United Kingdom SW1H 0DB
LMC SOURCING LTD,16195204,active,ltd,,,2025-01-20,,2025-01-20,[82990],20 Wenlock Road London England N1 7GU
CHASE BEAUTIES LTD,16195732,active,ltd,,,2025-01-20,,2025-01-20,[47910, 47990],38 Skelton Road London England E7 9NJ
WE 52 VENTURES LIMITED,16196083,active,ltd,,,2025-01-20,,2025-01-20,[68209],101 New Cavendish Street London United Kingdom W1W 6XH
FLOWMONO LIMITED,16196091,active,ltd,,,2025-01-20,,2025-01-20,[62090],2nd Floor College House Ruislip, United Kingdom HA4 7AE
VAROSI PROPERTIES LIMITED,16196242,active,ltd,,,2025-01-20,,2025-01-20,[68201],176 Tollington Park London England N4 3AJ
PRIMUSWORLD LTD,16196241,active,ltd,,,2025-01-20,,2025-01-20,[61900, 62090],128 City Road London United Kingdom EC1V 2NX
MYFOODFAST LTD,16196256,active,ltd,,,2025-01-20,,2025-01-20,[62012],483 Green Lanes London United Kingdom N13 4BS
ABID & CO UK LIMITED,16181001,active,ltd,,,2025-01-13,,2025-01-13,[68100],264 Burges Road London England E6 2ES
O&M CATERS LTD,16196778,active,ltd,,,2025-01-21,,2025-01-21,[56103],29 Tulse Hill London United Kingdom SW2 2TJ
SWIFT 1 LOGISTICS LTD,16196785,active,ltd,,,2025-01-21,,2025-01-21,[53202],1 Kings Avenue London United Kingdom N21 3NA
HASHTAG HOTELS LIMITED,16196924,active,ltd,,,2025-01-21,,2025-01-21,[55100],204 Drake House London United Kingdom SW8 2LR
BOWSER IT LTD,16197212,active,ltd,,,2025-01-21,,2025-01-21,[62012, 62020, 62090, 63120],5 Brayford Square London United Kingdom E1 0SG
ERIC CARREL ENERGY LTD,16197185,active,ltd,,,2025-01-21,,2025-01-21,[64209],20 Wenlock Road London England N1 7GU
SAJJAN SOCIAL CARE LTD,16197439,active,ltd,,,2025-01-21,,2025-01-21,[88990],71-75 Shelton Street London United Kingdom WC2H 9JQ
TRIUMPH BUILDING LIMITED,16197821,active,ltd,,,2025-01-21,,2025-01-21,[41202],190 Billet Rd London United Kingdom E17 5DX
VERDANT RIDGE CAPITAL LTD,16197814,active,ltd,,,2025-01-21,,2025-01-21,[64209],10 Framfield Road London England N5 1UU
GG-627-382 LIMITED,16198077,active,ltd,,,2025-01-21,,2025-01-21,[68209],C/O Getground London England W6 0NB
POWERBRIDGE LTD,16198088,active,ltd,,,2025-01-21,,2025-01-21,[27200, 46900, 70229, 71122],71-75 Shelton Street London United Kingdom WC2H 9JQ
DNA ESTATE AGENTS LTD,16198380,active,ltd,,,2025-01-21,,2025-01-21,[68209, 68310, 68320],71-75 Shelton Street London United Kingdom WC2H 9JQ
KZ & SONS LTD,16198689,active,ltd,,,2025-01-21,,2025-01-21,[47990, 82990],443-B High Street North London England E12 6TJ
ILLUMIN8 ADVERTISING LTD,16198692,active,ltd,,,2025-01-21,,2025-01-21,[73110, 78109],4th Floor 399-401 Strand London United Kingdom WC2R 0LT
MIKI'S PARADISE LTD,16198731,active,ltd,,,2025-01-21,,2025-01-21,[56102],221 Holloway Road London England N7 8HG
GOLD STAR GIVEAWAYS LTD,16199031,active,ltd,,,2025-01-21,,2025-01-21,[82990],128 City Road London United Kingdom EC1V 2NX
DGG ELECTRICAL LIMITED,16199040,active,ltd,,,2025-01-21,,2025-01-21,[42220, 43210, 43999],128 City Road London United Kingdom EC1V 2NX
SS8 SUPPLEMENTS LTD,16199058,active,ltd,,,2025-01-21,,2025-01-21,[56290],3rd Floor, 86-90 Paul Street London England EC2A 4NE
THE COLD MAGAZINE LTD,16199022,active,ltd,,,2025-01-21,,2025-01-21,[93290],71-75 Shelton Street London United Kingdom WC2H 9JQ
LB BODY BUILDING LTD,16199308,active,ltd,,,2025-01-21,,2025-01-21,[56290, 93120, 93130, 93199],9 Seagrave Road London England SW6 1RP
MONSTER MOON LTD,16199306,active,ltd,,,2025-01-21,,2025-01-21,[90010],85-88 St. Martin's Lane London England WC2N 4AU
RHYS D ELECTRICAL LIMITED,16199305,active,ltd,,,2025-01-21,,2025-01-21,[43210],56 London Road Wickford England SS12 0AN
IMADINSIGHT LTD,16199522,active,ltd,,,2025-01-21,,2025-01-21,[74209, 85600],Flat 38 Grasmere Osnaburgh Street London England NW1 3QL
J VANZ LTD,16199633,active,ltd,,,2025-01-21,,2025-01-21,[49410],88a Crest Road London England NW2 7SL
OTIS BREADING LTD,16199641,active,ltd,,,2025-01-21,,2025-01-21,[56103],3rd Floor, 86-90 Paul Street London England EC2A 4NE
ACCOUNTING FLEET LTD,16199640,active,ltd,,,2025-01-21,,2025-01-21,[69202],124-128 City Road London England EC1V 2NX
SGASKELL LIMITED,16186836,active,ltd,,,2025-01-15,,2025-01-15,[70229],8 Codrington Hill London England SE23 1LW
F&C ADVISORY SERVICES LIMITED,16187056,active,ltd,,,2025-01-15,,2025-01-15,[74909],5 Whitehall Road Harrow United Kingdom HA1 3AL
YRUK LTD,16187057,active,ltd,,,2025-01-15,,2025-01-15,[68209],118 Gladesmore Road London United Kingdom N15 6TH
KSJ PALATIAL PROPERTY SERVICES LTD,16187671,active,ltd,,,2025-01-16,,2025-01-16,[68320],84 Lausanne Road London England SE15 2JB
TTG PROPERTIES LTD,16188121,active,ltd,,,2025-01-16,,2025-01-16,[68100, 68209],71-75 Shelton Street London United Kingdom WC2H 9JQ
CONTENT BARN LTD,16188123,active,ltd,,,2025-01-16,,2025-01-16,[47910, 59112, 74100],116 Tranmere Road London England SW18 3QT
IVANKA TODOROVA LIMITED,16188092,active,ltd,,,2025-01-16,,2025-01-16,[82302],1386 London Road Leigh On Sea England SS9 2UJ
TF PARTNERS LTD,16188114,active,ltd,,,2025-01-16,,2025-01-16,[46900],County House, Third Floor London England EC1N 8AT
APEX STAFFING AND CONSULTING LIMITED,16188104,active,ltd,,,2025-01-16,,2025-01-16,[70229],128 City Road London United Kingdom EC1V 2NX
COMMERCIAL MAINTENANCE PARTNER LTD,16188322,active,ltd,,,2025-01-16,,2025-01-16,[81100, 82990],20 Wenlock Road London England N1 7GU
FWD HMO HOLDCO LIMITED,16189217,active,ltd,,,2025-01-16,,2025-01-16,[64209],14 Berkeley Street London England W1J 8DX
TEHREEM LONDON LTD,16189213,active,ltd,,,2025-01-16,,2025-01-16,[56103],63, Ground Floor Brick Lane London United Kingdom E1 6QL
WILLIAN INVESTMENTS LTD,16189427,active,ltd,,,2025-01-16,,2025-01-16,[68209],Lg06 1 Quality Court London United Kingdom WC2A 1HR
PCLAUTOMATION LIMITED,16189440,active,ltd,,,2025-01-16,,2025-01-16,[63990],71-75 Shelton Street London United Kingdom WC2H 9JQ
CAPRA POLARIS LTD,16189416,active,ltd,,,2025-01-16,,2025-01-16,[62012, 62020, 70229],20 Wenlock Road London England N1 7GU
S&J PRIME LIMITED,16189586,active,ltd,,,2025-01-16,,2025-01-16,[70229],158 Middle Lane London England N8 7LA
ELITELUXE REALTY SOLUTIONS LTD,16190171,active,ltd,,,2025-01-17,,2025-01-17,[68100, 68209, 68310, 98000],4th Floor Silverstream House London United Kingdom W1T 6EB
GALINIA GAMES STUDIO LTD,16191428,active,ltd,,,2025-01-17,,2025-01-17,[58210, 62011, 62012],Flat 17 Embassy Lodge London England N3 3LB
TREETOP ESTATES ONE LIMITED,16191427,active,ltd,,,2025-01-17,,2025-01-17,[68209],147 Stamford Hill London England N16 5LG
WCS SEQUEL NOMINEES LIMITED,16191731,active,ltd,,,2025-01-17,,2025-01-17,[82990],First Floor London United Kingdom EC2V 5BT
MMBL CONSULTING LTD,16191716,active,ltd,,,2025-01-17,,2025-01-17,[70229],66 Englefield Road London England N1 3LG
BECOME A COURIER LTD,16191909,active,ltd,,,2025-01-17,,2025-01-17,[85590],20 Wenlock Road London England N1 7GU
A FREY CONSULTANCY LTD,16191921,active,ltd,,,2025-01-17,,2025-01-17,[70229],65a Princess Road London England NW1 8JS
GADFLY CAPITAL LIMITED,16191933,active,ltd,,,2025-01-17,,2025-01-17,[99999],124 City  Road London United Kingdom EC1V 2NX
THE LANE LONDON CAFE LTD,16192142,active,ltd,,,2025-01-17,,2025-01-17,[56102],55 Tottenham Lane London United Kingdom N8 9BD
L7 PADRON LTD,16192143,active,ltd,,,2025-01-17,,2025-01-17,[41201],67 Mayville Road London England E11 4PH
ENA'S DAUGHTERS LTD,16192144,active,ltd,,,2025-01-17,,2025-01-17,[47910, 47990],85 Great Portland Street London England W1W 7LT
SUSTAIN VITALITY LTD,16192126,active,ltd,,,2025-01-17,,2025-01-17,[64209],66 Moyser Road London England SW16 6SQ
PANTILES GLOBAL RISK LTD,16192395,active,ltd,,,2025-01-17,,2025-01-17,[70221],Flat 5 1 Sloane Court East London England SW3 4TQ
KADIKABS LIMITED,16192391,active,ltd,,,2025-01-17,,2025-01-17,[86900],Flat 27 Mayward House London England SE5 7NA
RENEE PR LTD,16192518,active,ltd,,,2025-01-17,,2025-01-17,[70210],Office 11302 182-184 High Street North London United Kingdom E6 2JA
MAQ SUPPORT LTD,16192661,active,ltd,,,2025-01-17,,2025-01-17,[78200, 81229, 88990],Flat 23 Rothay Albany Street London England NW1 4DH
OKTO SEARCH LTD,16192667,active,ltd,,,2025-01-17,,2025-01-17,[78109, 78300],3rd Floor, 86-90 Paul Street London United Kingdom EC2A 4NE
SAN CARGO FREIGHT LIMITED,16193015,active,ltd,,,2025-01-18,,2025-01-18,[49410, 49420, 50200, 51210],Flat 3 Coulthurst Court 1a London England SW16 3NR
JINX FITNESS LTD,16193032,active,ltd,,,2025-01-18,,2025-01-18,[86900],5 Brayford Square London England E1 0SG
FINNIAN JAMES COLLECTIVE LTD,16193251,active,ltd,,,2025-01-19,,2025-01-19,[82990, 95240, 95290],58a Goldsboro' Road London United Kingdom SW8 4RR
ATHENA ADMIN LIMITED,16193708,active,ltd,,,2025-01-20,,2025-01-20,[82110],41 Stanley Road South Woodford London United Kingdom E18 2NR
A&A CLOTHING LTD,16187182,active,ltd,,,2025-01-15,,2025-01-15,[47910],Unit F London England E1 5LP
LAURELIMA LTD,16187512,active,ltd,,,2025-01-16,,2025-01-16,[58190],21 Ellis Street London United Kingdom SW1X 9AL
CHRYSOPTERA LTD,16187800,active,ltd,,,2025-01-16,,2025-01-16,[74909],2nd Floor College House Ruislip, United Kingdom HA4 7AE
E8ARCHIVE LTD,16187784,active,ltd,,,2025-01-16,,2025-01-16,[47710],Flat B-C London England E8 3AR
RSL TRADING LTD,16187787,active,ltd,,,2025-01-16,,2025-01-16,[46900],28 The Ridgeway London England NW11 8TB
LD INTERNATIONAL MEDIA LIMITED,16188238,active,ltd,,,2025-01-16,,2025-01-16,[73120],14 St. Marys Grove London United Kingdom W4 3LL
RENEE ST JOHN CONSULTING LTD,16188253,active,ltd,,,2025-01-16,,2025-01-16,[70229],20 Chepstow Place London United Kingdom W2 4TA
HERTZ BREWERY LIMITED,16188451,active,ltd,,,2025-01-16,,2025-01-16,[68100],9 Hillside Road London England N15 6LU
BLAZING SKY OF STARS LTD,16188466,active,ltd,,,2025-01-16,,2025-01-16,[62090],128 City Road London United Kingdom EC1V 2NX
RESO SERVICES LTD,16188475,active,ltd,,,2025-01-16,,2025-01-16,[43390, 81299],90a Walm Lane London England NW2 4QY
NB SOLUTIONS LONDON LTD,16188482,active,ltd,,,2025-01-16,,2025-01-16,[70229, 86220],128 City Road London United Kingdom EC1V 2NX
MAIDA REFURBS LTD,16188655,active,ltd,,,2025-01-16,,2025-01-16,[41100],128 City Road London United Kingdom EC1V 2NX
VIMEKOM LTD,16188667,active,ltd,,,2025-01-16,,2025-01-16,[47910],71-75 Shelton Street London United Kingdom WC2H 9JQ
HUDSON BUSINESS GROUP LTD,16189059,active,ltd,,,2025-01-16,,2025-01-16,[70229],71-75 Shelton Street London United Kingdom WC2H 9JQ
ONAFRICA CONSULTING LTD,16189113,active,ltd,,,2025-01-16,,2025-01-16,[62012, 62020, 62090, 64303],128 City Road London United Kingdom EC1V 2NX
ETTI LIMITED,16189371,active,ltd,,,2025-01-16,,2025-01-16,[56302],71-75 Shelton Street London United Kingdom WC2H 9JQ
PEARS DATING LTD,16189399,active,ltd,,,2025-01-16,,2025-01-16,[93290, 96040],128 City Road London United Kingdom EC1V 2NX
FROM THE SOURCE PRODUCTIONS LIMITED,16189388,active,ltd,,,2025-01-16,,2025-01-16,[90010],151a Clapham Road London England SW9 0PU
ADE TECHNOLOGY EUROPE LTD,16190120,active,ltd,,,2025-01-17,,2025-01-17,[62012],128 City Road London United Kingdom EC1V 2NX
GLD BOILER CARE & BREAKDOWNS LTD,16190117,active,ltd,,,2025-01-17,,2025-01-17,[33190],23a The Precinct Waterlooville United Kingdom PO7 7DT
BAILEY PLANNING SERVICES LIMITED,16190841,active,ltd,,,2025-01-17,,2025-01-17,[71112],Flat 6 Roebuck House London England SW15 5FN
THREATLENS CYBERSECURITY SOLUTIONS LTD,16190842,active,ltd,,,2025-01-17,,2025-01-17,[63110],International House London United Kingdom WC2R 3JF
ALFOLD INVESTMENTS LTD,16191129,active,ltd,,,2025-01-17,,2025-01-17,[68209],Hill Place House 55a London England SW19 5BA
GENE TOURING LTD,16191086,active,ltd,,,2025-01-17,,2025-01-17,[90030],C/O - Bigstar Business Management Ltd 303 The Pillbox London United Kingdom E2 6GH
IDBX INTERNATIONAL LTD,16191102,active,ltd,,,2025-01-17,,2025-01-17,[64205],128 City Road London United Kingdom EC1V 2NX
SHIVAN PROPERTIES LTD,16191107,active,ltd,,,2025-01-17,,2025-01-17,[68209],Ashley House Office 304 235-239 High Road London United Kingdom N22 8HF
MATAJIRCHAMS LTD,16191355,active,ltd,,,2025-01-17,,2025-01-17,[46900, 47190, 47990],71-75 Shelton Street London United Kingdom WC2H 9JQ
ASTUTEDIGILAB LTD,16191348,active,ltd,,,2025-01-17,,2025-01-17,[62012, 62020, 62090, 70229],128 City Road London United Kingdom EC1V 2NX
DRI-FIT INSTALLATIONS LTD,16191344,active,ltd,,,2025-01-17,,2025-01-17,[71129],105 Hoe Street London United Kingdom E17 4SA
MAHER ACADEMY FOR AI AND INNOVATION LTD,16191549,active,ltd,,,2025-01-17,,2025-01-17,[62020, 85422, 85590, 94120],128 City Road London United Kingdom EC1V 2NX
IVY AI SOLUTIONS LIMITED,16191851,active,ltd,,,2025-01-17,,2025-01-17,[62012, 62020, 62090, 63120],71-75 Shelton Street London United Kingdom WC2H 9JQ
CR PETERBOROUGH PR LIMITED,16192046,active,ltd,,,2025-01-17,,2025-01-17,[70221],33 Cavendish Square London England W1G 0PW
EEJC EXECUTIVE SEARCH LTD,16192284,active,ltd,,,2025-01-17,,2025-01-17,[78109, 78200],128 City Road London United Kingdom EC1V 2NX
LEON COMMERCIAL INVESTMENT LTD,16193469,active,ltd,,,2025-01-19,,2025-01-19,[68100, 68209],4 Quex Road London England NW6 4PJ
FIRST PRIVATE INVESTMENT PROPERTIES LIMITED,16193472,active,ltd,,,2025-01-19,,2025-01-19,[41100, 41202, 68100, 68310],413 Lea Bridge Road London England E10 7EA
FORWARD HIVE PROPERTIES LTD,16193856,active,ltd,,,2025-01-20,,2025-01-20,[68100],16 Beresford Square London England SE18 6AY
MY SAFE DOCS LTD,16193868,active,ltd,,,2025-01-20,,2025-01-20,[63120],167 - 169 Great Portland St London United Kingdom W1W 5PF
LAURA BARNES WHOLESALE LTD,16186998,active,ltd,,,2025-01-15,,2025-01-15,[46900],Unit 1 F7 118 Stanstead Road London England SE23 1BX
L.O.S. CLEANING LTD,16186810,active,ltd,,,2025-01-15,,2025-01-15,[81210, 81222],1528 London Road Leigh-On-Sea England SS9 2QQ
PROPERTY NEXUS SOLUTIONS LTD,16187613,active,ltd,,,2025-01-16,,2025-01-16,[68310],20 Wenlock Road London England N1 7GU
RAW & MORE GLOBAL LTD,16187877,active,ltd,,,2025-01-16,,2025-01-16,[46760],Flat 44 China Court London England E1W 2JF
SAFEHAVEN PRINTS LTD,16188207,active,ltd,,,2025-01-16,,2025-01-16,[58110],20 Wenlock Road London England N1 7GU
ASK YACHTING LTD,16188382,active,ltd,,,2025-01-16,,2025-01-16,[99999],72 Princess Court Queensway London England W2 4RE
MATLEX YACHTING LTD,16188401,active,ltd,,,2025-01-16,,2025-01-16,[99999],Third Floor London England W1B 3HH
ANGELES LIMITED,16188379,active,ltd,,,2025-01-16,,2025-01-16,[56102],53 Norman Road London United Kingdom SE10 9QF
VISIONS CAPITAL HOLDINGS LTD,16188411,active,ltd,,,2025-01-16,,2025-01-16,[66120],20 Wenlock Road London England N1 7GU
MIB GROUP LTD,16189098,active,ltd,,,2025-01-16,,2025-01-16,[99999],Care Of City Of London England EC1V 2NX
RAINBOW POLYCARBONATE INDUSTRY TRADE LTD,16189542,active,ltd,,,2025-01-16,,2025-01-16,[46900],74a High Street Wanstead London England E11 2RJ
TONY TYRES LTD,16189657,active,ltd,,,2025-01-16,,2025-01-16,[33170],74a High Street Wanstead London United Kingdom E11 2RJ
RADHAKRISHNA JEWELLERS LTD,16189984,active,ltd,,,2025-01-16,,2025-01-16,[32120, 95250],193 Clements Road London England E6 2DW
AM13 ENTERTAINMENT LTD,16190160,active,ltd,,,2025-01-17,,2025-01-17,[90020, 90030],71-75 Shelton Street London United Kingdom WC2H 9JQ
CREATORCOUNTS LIMITED,16190150,active,ltd,,,2025-01-17,,2025-01-17,[69201, 69203, 70229],7 Bell Yard London England WC2A 2JR
GAUDON LTD,16190165,active,ltd,,,2025-01-17,,2025-01-17,[62020, 70229],128 City Road London United Kingdom EC1V 2NX
SAX AI LIMITED,16190451,active,ltd,,,2025-01-17,,2025-01-17,[62012, 62020],76 Wynford Road London England N1 9SN
E17 ELECTRICAL LTD,16191060,active,ltd,,,2025-01-17,,2025-01-17,[43210],29 Beacontree Avenue London England E17 4BT
MANGO BAR LTD,16191063,active,ltd,,,2025-01-17,,2025-01-17,[56101],71-75 Shelton Street London United Kingdom WC2H 9JQ
MERCURY GROWTH LTD,16191049,active,ltd,,,2025-01-17,,2025-01-17,[47910],Flat 56 Minster Court London England W5 1HH
BEILUL LIVING LIMITED,16191080,active,ltd,,,2025-01-17,,2025-01-17,[98000],61k Rowley Way London England NW8 0SJ
YOUR PROPERTY SOLUTIONS 24 LTD,16191880,active,ltd,,,2025-01-17,,2025-01-17,[43220, 81100, 81210, 81300],143 Caravel House 22 Royal Crest Avenue London England E16 2TD
ASUWADA LTD,16192190,active,ltd,,,2025-01-17,,2025-01-17,[71111, 72200, 74100, 90030],124 City Road London United Kingdom EC1V 2NX
DERSIM.E GIZLI LTD,16192199,active,ltd,,,2025-01-17,,2025-01-17,[68209],261 Green Lanes London England N13 4XE
GROG TAVERNS LTD,16192654,active,ltd,,,2025-01-17,,2025-01-17,[56302],87 Congreve Road London England SE9 1LL
POLARYS CARE LIMITED,16192888,active,ltd,,,2025-01-18,,2025-01-18,[87200, 87300],85 Brookdene Road London England SE18 1EH
THE RUBY MURRAY LIMITED,16192995,active,ltd,,,2025-01-18,,2025-01-18,[56101],141 Leman Street London England E1 8EY
NANNY PAYROLL & TAX SERVICES LTD,16193204,active,ltd,,,2025-01-19,,2025-01-19,[71129],244 Edgware Road London United Kingdom W2 1DS
AROUND THE CLOCK COURIER LTD,16193452,active,ltd,,,2025-01-19,,2025-01-19,[30990],Flat 2 105 Ross Road London England SE25 6TW
INNOVECO INTERNATIONAL LTD,16193757,active,ltd,,,2025-01-20,,2025-01-20,[62012, 62020, 74901],20 Wenlock Road London England N1 7GU
RIDE 4 ALL LTD,16193737,active,ltd,,,2025-01-20,,2025-01-20,[49320],57 Stroud Green Road London England N4 3EG
LITTLE ACORNS CHILDCARE SERVICES LTD,16182683,active,ltd,,,2025-01-14,,2025-01-14,[88910],18 Lensbury Way London United Kingdom SE2 9SY
PANGLOSSIAN LIMITED,16187376,active,ltd,,,2025-01-15,,2025-01-15,[58190, 70229, 73110],34 Santley Street London England SW4 7QB
MINDFUL MAINTENANCE LTD,16187548,active,ltd,,,2025-01-16,,2025-01-16,[43210, 43341, 43390],37 Fountain Place London England SW9 7RE
MINGMIIN LIMITED,16188046,active,ltd,,,2025-01-16,,2025-01-16,[68209],C/O Getground London England W6 0NB
GROW ENTERPRISE LTD,16188507,active,ltd,,,2025-01-16,,2025-01-16,[82990, 96090],128 City Road London United Kingdom EC1V 2NX
MORSE-HAMILTON LIMITED,16188675,active,ltd,,,2025-01-16,,2025-01-16,[64209],16 Great Queen Street London United Kingdom WC2B 5AH
USSEN EMPIRE LIMITED,16163364,active,ltd,,,2025-01-04,,2025-01-04,[47710, 58290, 78109, 98000],1 Coldbath Square London England EC1R 5HL
BASPRO LTD,16189878,active,ltd,,,2025-01-16,,2025-01-16,[59120],Flat 251 Halo 158 High Street London England E15 2FY
LAWTIFICIAL INTEGRITY LTD,16189879,active,ltd,,,2025-01-16,,2025-01-16,[59112, 63990, 85590],73 Galaxy Building 5 Crews Street London United Kingdom E14 3SP
FPL (CLA) LENDCO LTD,16190223,active,ltd,,,2025-01-17,,2025-01-17,[82990],First Floor Winston House London United Kingdom N3 1DH
ELITE MOVEMENT APPAREL LTD,16190408,active,ltd,,,2025-01-17,,2025-01-17,[47910],71-75 Shelton Street London United Kingdom WC2H 9JQ
77SWIMMERS LTD,16190776,active,ltd,,,2025-01-17,,2025-01-17,[90030],68 Dumont Road London England N16 0NJ
RIKU LTD,16190775,active,ltd,,,2025-01-17,,2025-01-17,[62020],128 City Road London United Kingdom EC1V 2NX
FENIXLONDON LTD,16191166,active,ltd,,,2025-01-17,,2025-01-17,[90020],Flat 104 Windsor Court 18 Mostyn Grove London England E3 2LL
DCRE LTD,16191387,active,ltd,,,2025-01-17,,2025-01-17,[43210],Flat 3 Mortlake House London England W4 5RH
187 ACCOUNTANTS LTD,16191411,active,ltd,,,2025-01-17,,2025-01-17,[69201],128 City Road London United Kingdom EC1V 2NX
SUNSHAPE LTD.,16192624,active,ltd,,,2025-01-17,,2025-01-17,[59111, 59112, 74201, 74209],483 Green Lanes London England N13 4BS
URNA CULTURE LIMITED,16192690,active,ltd,,,2025-01-17,,2025-01-17,[47820, 47910],Flat 102 Great Eastern Court London England SE10 0YP
ROCCO CARPENTRY LTD,16192686,active,ltd,,,2025-01-17,,2025-01-17,[43320],38 Wornington Road London United Kingdom W10 5YF
RSHEPPARD CREATIVE LIMITED,16193500,active,ltd,,,2025-01-19,,2025-01-19,[73110, 90030],72 Thirsk Road London England SW11 5SX
RT ELECTRICAL & PROPERTY MAINTENANCE LTD,16193644,active,ltd,,,2025-01-20,,2025-01-20,[43210, 43220, 43310, 43341],128 City Road London United Kingdom EC1V 2NX
BLOOD SWEAT AND TEA MARKETING LIMITED,16193645,active,ltd,,,2025-01-20,,2025-01-20,[70229],45 Chase Court Gardens Enfield England EN2 8DJ
TJ GROWTH CONSULTING LTD,16193626,active,ltd,,,2025-01-20,,2025-01-20,[73110],124-128 City Road London United Kingdom EC1V 2NX
LONDON HOMES BUILDING LTD,16186912,active,ltd,,,2025-01-15,,2025-01-15,[41202, 43999],Suite 2 Atlantic House London United Kingdom E4 7HA
STOKE MARKET LTD,16186872,active,ltd,,,2025-01-15,,2025-01-15,[47810],London House Stoke-On-Trent England ST4 1NB
GRINE TECHNOLOGIES LTD,16186882,active,ltd,,,2025-01-15,,2025-01-15,[62090],86-90 Paul Street London England EC2A 4NE
GREENSVILLE LTD,16187496,active,ltd,,,2025-01-16,,2025-01-16,[96090],3 Allenby Road London England SE28 0BF
THEM CREATIVES LTD,16188597,active,ltd,,,2025-01-16,,2025-01-16,[73110],86-90 Paul Street London United Kingdom EC2A 4NE
QIUOLA LTD,16188761,active,ltd,,,2025-01-16,,2025-01-16,[47910],2 Frederick Street London United Kingdom WC1X 0ND
KUGA AI LTD,16189235,active,ltd,,,2025-01-16,,2025-01-16,[58290, 62012],128 City Road London United Kingdom EC1V 2NX
SHADOWGEN LTD,16189234,active,ltd,,,2025-01-16,,2025-01-16,[62012, 62020],71-75 Shelton Street London United Kingdom WC2H 9JQ
PRIME CAPSULES LTD,16189228,active,ltd,,,2025-01-16,,2025-01-16,[47990],128 City Road London United Kingdom EC1V 2NX
JCJ PRODUCTIONS LIMITED,16189226,active,ltd,,,2025-01-16,,2025-01-16,[90010],Flat 19 Greenview House Romford England RM7 9DG
SPRINGWATER CARP FISHERY LTD,16189492,active,ltd,,,2025-01-16,,2025-01-16,[03120],2nd Floor College House Ruislip, United Kingdom HA4 7AE
OVER LTD,16189680,active,ltd,,,2025-01-16,,2025-01-16,[58290, 63120, 64303, 73110],11-12 Old Bond Street London United Kingdom W1S 4PN
EDUSTRING CONSULTANCY LIMITED,16190013,active,ltd,,,2025-01-16,,2025-01-16,[85600],212 London Road Morden England SM4 5AN
BERNARDO ROJO LIMITED,16190256,active,ltd,,,2025-01-17,,2025-01-17,[70229, 74100],Flat 68 3 Atkins Square London United Kingdom E8 1FP
PRODENTAL CARE LIMITED,16190764,active,ltd,,,2025-01-17,,2025-01-17,[86230],9 Reddings Close London England NW7 4JL
DELTOR SERVICES LTD,16190729,active,ltd,,,2025-01-17,,2025-01-17,[96090],128 City Road London United Kingdom EC1V 2NX
GANG OF THREE PRODUCTIONS LTD,16191186,active,ltd,,,2025-01-17,,2025-01-17,[90010],85-87 Bayham Street London England NW1 0AG
COMMERCE3D LTD,16191482,active,ltd,,,2025-01-17,,2025-01-17,[74100],3rd Floor, 86-90 Paul Street London United Kingdom EC2A 4NE
WEST ONE AUTOMOTIVE LIMITED,16191820,active,ltd,,,2025-01-17,,2025-01-17,[45111, 45112, 53201, 77110],15 Palmer Place London United Kingdom N7 8DH
CHALLENGER CATERING LIMITED,16192063,active,ltd,,,2025-01-17,,2025-01-17,[56210],1a Strathearn Road London England SW19 7LH
SMART SERVIS SOLUTIONS LIMITED,16192072,active,ltd,,,2025-01-17,,2025-01-17,[62020, 62090, 63990],71-75 Shelton Street London United Kingdom WC2H 9JQ
THE THIRD VENTRICLE LTD,16192344,active,ltd,,,2025-01-17,,2025-01-17,[47990, 85590, 86900],3rd Floor, 86-90 Paul Street London United Kingdom EC2A 4NE
EXCLAIM CLAIMS LTD,16192897,active,ltd,,,2025-01-18,,2025-01-18,[66290],Flat 1 37 Camden Road London England NW1 9LR
MBD ELECTRICS LTD,16192983,active,ltd,,,2025-01-18,,2025-01-18,[43210],105a Rutland Road London England E7 8PQ
ARMORIZE SECURITY GROUP LTD,16193701,active,ltd,,,2025-01-20,,2025-01-20,[80100],3rd Floor, 86-90 Paul Street London United Kingdom EC2A 4NE
SMART FOCUS AI LTD,16193832,active,ltd,,,2025-01-20,,2025-01-20,[63120],128 City Road London United Kingdom EC1V 2NX
OVERFLO DIGITAL LTD,16193837,active,ltd,,,2025-01-20,,2025-01-20,[62012, 62090, 70229, 73110],128 City Road London United Kingdom EC1V 2NX
TRAVELIGHTE LTD,16193839,active,ltd,,,2025-01-20,,2025-01-20,[79110],20 Wenlock Road London England N1 7GU
EAST LONDON STUDENTS' UNION TRADING LIMITED,16175174,active,ltd,,,2025-01-10,,2025-01-10,[56102, 56302],4-6 University Way London England E16 2RD
FISHINGATSEA LTD,16187010,active,ltd,,,2025-01-15,,2025-01-15,[62011, 62012, 62020, 62090],71-75 Shelton Street London United Kingdom WC2H 9JQ
YELLOW THISTLE PUBLISHING LTD,16187034,active,ltd,,,2025-01-15,,2025-01-15,[58141, 58190],71-75 Shelton Street London United Kingdom WC2H 9JQ
SOBGI HUT LTD,16187331,active,ltd,,,2025-01-15,,2025-01-15,[46310, 47210],545 Roman Road London England E3 5EL
KHUSH LONDON LTD,16187478,active,ltd,,,2025-01-16,,2025-01-16,[56302],77 Forest View Road London England E17 4EJ
SEVEN STARS LEGAL GROUP LTD,16188156,active,ltd,,,2025-01-16,,2025-01-16,[64205],1 Charterhouse Mews London England EC1M 6BB
PORTFOLIO PROCUREMENT LIMITED,16188358,active,ltd,,,2025-01-16,,2025-01-16,[56290],71-75 Shelton Street London United Kingdom WC2H 9JQ
NILE THEATRE LIMITED,16188617,active,ltd,,,2025-01-16,,2025-01-16,[90010, 90020],27 Mortimer Street London England W1T 3BL
BAILEY'S BITES LTD,16188904,active,ltd,,,2025-01-16,,2025-01-16,[10920],Flat 4 18 Kensington Court London England W8 5DW
KAYADUK LIMITED,16189184,active,ltd,,,2025-01-16,,2025-01-16,[86900, 87200, 87300, 87900],128 City Road London United Kingdom EC1V 2NX
LEWISHAM STREET FOODS LTD,16189469,active,ltd,,,2025-01-16,,2025-01-16,[56103],Flat 61 St. Nicholas Court London England E4 9LX
GVCP TOPCO LIMITED,16189486,active,ltd,,,2025-01-16,,2025-01-16,[64209],89b Englefield Road London England N1 3LJ
SCENTS CANDLE COMPANY LIMITED,16189705,active,ltd,,,2025-01-16,,2025-01-16,[32990],253 Gray's Inn Road London England WC1X 8QT
STERLING FM SERVICES LIMITED,16189780,active,ltd,,,2025-01-16,,2025-01-16,[81100],105 London Road Benfleet England SS7 5TG
THANOS WORKS LIMITED,16189783,active,ltd,,,2025-01-16,,2025-01-16,[46170, 68320, 70229],124-128 City Road London England EC1V 2NX
SWRS GROUP LTD,16190205,active,ltd,,,2025-01-17,,2025-01-17,[47910],128 City Road London United Kingdom EC1V 2NX
BAMANA LIMITED,16190723,active,ltd,,,2025-01-17,,2025-01-17,[41100],C/- Sable International London England EC4N 8AD
IDBX MARKETS LTD,16191006,active,ltd,,,2025-01-17,,2025-01-17,[64999],128 City Road London United Kingdom EC1V 2NX
BB OFFICE SUPPLIES LTD,16191370,active,ltd,,,2025-01-17,,2025-01-17,[47910, 47990],85 Great Portland Street London England W1W 7LT
THE PEANUT BUTTER STORE LTD,16191380,active,ltd,,,2025-01-17,,2025-01-17,[47290],The Powerhouse London England SE11 5UD
CARR STREET LTD,16191372,active,ltd,,,2025-01-17,,2025-01-17,[68100],26 Theydon Road London England E5 9NA
INTO VENTURES LTD,16191758,active,ltd,,,2025-01-17,,2025-01-17,[62012, 62020, 63120],71-75 Shelton Street London United Kingdom WC2H 9JQ
DTS LIVE EVENTS LTD,16191996,active,ltd,,,2025-01-17,,2025-01-17,[96090],71-75 Shelton Street London United Kingdom WC2H 9JQ
GNR LEGACY LTD,16191993,active,ltd,,,2025-01-17,,2025-01-17,[68100, 68209],22 The Limes Avenue London United Kingdom N11 1RG
FUTURE WAVE AGENCY LIMITED,16192185,active,ltd,,,2025-01-17,,2025-01-17,[90020],55 Kentish Town Road London England NW1 8NX
RUOXIN LTD,16192153,active,ltd,,,2025-01-17,,2025-01-17,[56210],59 Baring Road London England SE12 0JS
QUISQUEYA TRADING CORP LTD,16192165,active,ltd,,,2025-01-17,,2025-01-17,[64209],71-75 Shelton Street London England WC2H 9JQ
BZBOM HOLDING UK LTD,16192176,active,ltd,,,2025-01-17,,2025-01-17,[64209],3 Brecknock Road London England N7 0BL
EUROPEAN MARKET (LONDON) LTD,16192440,active,ltd,,,2025-01-17,,2025-01-17,[47110],143 Green Lanes London England N16 9DA
O'TOOLE CREATIVE LTD,16192561,active,ltd,,,2025-01-17,,2025-01-17,[59111, 59112, 59113, 90010],Flat 307 9 Steedman Street London England SE17 3BA
DIRGE LIMITED,16192726,active,ltd,,,2025-01-18,,2025-01-18,[47910],29153 Office Suite 29a, 3/F., 23 Wharf Street London United Kingdom SE8 3GG
AIM CYBER SYSTEMS LTD,16192972,active,ltd,,,2025-01-18,,2025-01-18,[62012],85 Great Portland Street London England W1W 7LT
IMS STRUCTURES LIMITED,16193022,active,ltd,,,2025-01-18,,2025-01-18,[41201, 41202, 43290, 71129],87 Hallywell Crescent London England E6 5XR
TAME T&B LTD,16193064,active,ltd,,,2025-01-18,,2025-01-18,[96020],Unit D Residence Tower London England N4 2LZ
THE ALBERT & CO. CONSTRUCTION LIMITED,16193554,active,ltd,,,2025-01-20,,2025-01-20,[41201, 41202, 64203],167-169 Great Portland Street London England W1W 5PF
ZSL SERVICE 2 LIMITED,16193608,active,ltd,,,2025-01-20,,2025-01-20,[82990],2 London Wall Place London United Kingdom EC2Y 5AU
GAMP 108 ARGYLE ST LTD,16193599,active,ltd,,,2025-01-20,,2025-01-20,[68209],1 Kings Avenue London United Kingdom N21 3NA
GAMP ABBEY ROAD LTD,16193605,active,ltd,,,2025-01-20,,2025-01-20,[68209],1 Kings Avenue London United Kingdom N21 3NA
KREO TRADING LTD,16193813,active,ltd,,,2025-01-20,,2025-01-20,[47910],128 City Road London United Kingdom EC1V 2NX
JOATMOB LTD,16186761,active,ltd,,,2025-01-15,,2025-01-15,[58190, 59112, 70229, 73110],Flat 3 Clifford Haigh House London England SW6 6HP
FOSS INTELLIGENCE HOLDINGS LTD.,16186730,active,ltd,,,2025-01-15,,2025-01-15,[69109, 70229, 72190, 74909],71-75 Shelton Street London United Kingdom WC2H 9JQ
THE BEST WINDOWS INSTALLER LTD,16187106,active,ltd,,,2025-01-15,,2025-01-15,[43342],16 Woodstock Road London United Kingdom E7 8ND
BROWN STITCH LTD,16187710,active,ltd,,,2025-01-16,,2025-01-16,[47710, 47910],20 Wenlock Road London England N1 7GU
COMPAGNIE FINANCIERE DU SUD UK LIMITED,16187701,active,ltd,,,2025-01-16,,2025-01-16,[70221],167-169 Great Portland Street London United Kingdom W1W 5PF
GG-355-050 LIMITED,16188070,active,ltd,,,2025-01-16,,2025-01-16,[68209],1 Lyric Square London England W6 0NB
LAKSHMI PROPERTY HOLDINGS LTD,16188082,active,ltd,,,2025-01-16,,2025-01-16,[68100, 68209],43 Upton Lane London England E7 9PA
SALINA CREATIONS LIMITED,16188083,active,ltd,,,2025-01-16,,2025-01-16,[47910, 47990, 58110, 58190],Suite 723, 105 London Street, Reading United Kingdom RG1 4QD
BETHA BEAUTY STUDIO LTD,16188537,active,ltd,,,2025-01-16,,2025-01-16,[96020],Flat London England SW9 9HZ
LA VERDAD LTD,16187461,active,ltd,,,2025-01-15,,2025-01-15,[70229],14/2e Docklands Business Centre Tiller Road London England E14 8PX
KHR328 (LH) LTD,16188958,active,ltd,,,2025-01-16,,2025-01-16,[68100],74 Brent Street London England NW4 2ES
JASMUN PROPERTIES LIMITED,16188963,active,ltd,,,2025-01-16,,2025-01-16,[82990],128 City Road London United Kingdom EC1V 2NX
TYH GROUP LIMITED,16188950,active,ltd,,,2025-01-16,,2025-01-16,[31020, 47910, 47990],2se Roeder House London England N4 1PR
WACKY APPLES LIMITED,16189269,active,ltd,,,2025-01-16,,2025-01-16,[90010],3 Queen Caroline Street London England W6 9PE
JDL IMPROVEMENTS LTD,16189254,active,ltd,,,2025-01-16,,2025-01-16,[68100, 68209],554 Streatham High Road London England SW16 3QG
CALUS INFINITY LTD,16189614,active,ltd,,,2025-01-16,,2025-01-16,[46439, 62012, 63990, 95120],71-75 Shelton Street London United Kingdom WC2H 9JQ
HARKALM 107 LTD,16189617,active,ltd,,,2025-01-16,,2025-01-16,[68100],11 Rosemont Road London England NW3 6NG
MOBILE HUB EXPRESS LTD,16190601,active,ltd,,,2025-01-17,,2025-01-17,[47421, 95210],50 Priory Park Road London England NW6 7UN
S6 LONDON LIMITED,16190806,active,ltd,,,2025-01-17,,2025-01-17,[62011, 62020, 63990],93-101 Greenfield Road London United Kingdom E1 1EJ
HHPO TRADING UK LTD,16190818,active,ltd,,,2025-01-17,,2025-01-17,[70229],124-128 City Road London England EC1V 2NX
TIKOVA CRE DEBT LTD,16191691,active,ltd,,,2025-01-17,,2025-01-17,[64306, 64929, 66190, 68209],71-75 Shelton Street London United Kingdom WC2H 9JQ
LINEAR LINK LTD,16193109,active,ltd,,,2025-01-19,,2025-01-19,[49410],3rd Floor, 86-90 Paul Street London United Kingdom EC2A 4NE
HBB LIFESTYLE LTD,16193087,active,ltd,,,2025-01-19,,2025-01-19,[32409],3rd Floor, 86-90 Paul Street London United Kingdom EC2A 4NE
FARTRADE METALS LTD,16186953,active,ltd,,,2025-01-15,,2025-01-15,[46720],20 Wenlock Road London England N1 7GU
EMARAA LOCUMING LTD,16186956,active,ltd,,,2025-01-15,,2025-01-15,[86900],22 Newcomen Road London England E11 3PU
HOUSE OF ADVOCACY BERKSHIRE LTD,16187408,active,ltd,,,2025-01-15,,2025-01-15,[86900],Suite 4, 105 London Street Reading United Kingdom RG1 4QD
J & B ENTERPRISE AND PROPERTIES LIMITED,16187533,active,ltd,,,2025-01-16,,2025-01-16,[68100, 68201, 68209, 68320],5 Erlich Cottages London England E1 2EL
COUSINS & CO PLUMBING & ELECTRICAL LTD,16187842,active,ltd,,,2025-01-16,,2025-01-16,[43999],Unit 11 Dunkirk Industrial Estate Faversham United Kingdom ME13 9LG
MMB HEALTH LTD,16187847,active,ltd,,,2025-01-16,,2025-01-16,[86210],71-75 Shelton Street London United Kingdom WC2H 9JQ
CATCH STARS EDUCATION LIMITED,16187868,active,ltd,,,2025-01-16,,2025-01-16,[85590],483 Green Lanes London United Kingdom N13 4BS
ABIROSE CARE GROUP LTD,16188180,active,ltd,,,2025-01-16,,2025-01-16,[87900],20 Wenlock Road London England N1 7GU
DEFORM GEOSCIENCE LTD,16188177,active,ltd,,,2025-01-16,,2025-01-16,[58290, 62012, 72190],71-75 Shelton Street London United Kingdom WC2H 9JQ
DAVID GUEST NUMISMATICS LIMITED,16188289,active,ltd,,,2025-01-16,,2025-01-16,[74909],Suite 1, Claridge House London England W1K 4ND
LGTM LTD,16188298,active,ltd,,,2025-01-16,,2025-01-16,[62012],71-75 Shelton Street London United Kingdom WC2H 9JQ
INVESTRO LTD,16188291,active,ltd,,,2025-01-16,,2025-01-16,[68100, 68209],73 Edgware Road London England W2 2HZ
URBAN ELITE DEVELOPMENTS LTD,16188803,active,ltd,,,2025-01-16,,2025-01-16,[68100, 68310, 68320],85 Great Portland Street London United Kingdom W1W 7LT
CP-GASTRO HEALTH LIMITED,16182928,active,ltd,,,2025-01-14,,2025-01-14,[86900],Maple House London England W1T 7NF
RM CORP LTD,16189303,active,ltd,,,2025-01-16,,2025-01-16,[82110],20 Wenlock Road London England N1 7GU
SPOZYWCZAK LIMITED,16189298,active,ltd,,,2025-01-16,,2025-01-16,[47110],60 Lynhurst Road Greater London United Kingdom UB10 9EE
ECO SOLUTIONS WASTE MANAGEMENT LTD,16189313,active,ltd,,,2025-01-16,,2025-01-16,[38110, 39000],128 City Road London United Kingdom EC1V 2NX
WHITTON GARDENS LIMITED,16189317,active,ltd,,,2025-01-16,,2025-01-16,[68100],5 Fountayne Road London England N16 7EA
PRESTIGE ESTATE AND HOMES LIMITED,16189859,active,ltd,,,2025-01-16,,2025-01-16,[68100, 68209],Southgate Office Village 286a Chase Road London England N14 6HF
KILHAM INVESTMENTS LTD,16190143,active,ltd,,,2025-01-17,,2025-01-17,[64304],163 Herne Hill London England SE24 9LR
TAR PUBLISHING LTD,16190318,active,ltd,,,2025-01-17,,2025-01-17,[58110],4th Floor Silverstream House Fitzrovia, London United Kingdom W1T 6EB
ALL SORTED REFURBISHMENT & REFIT SPECIALISTS LTD,16190322,active,ltd,,,2025-01-17,,2025-01-17,[43290],71-75 Shelton Street London United Kingdom WC2H 9JQ
OLIVIA JOY INCORPORATED LTD,16190975,active,ltd,,,2025-01-17,,2025-01-17,[74100],Unit 4a Imperial Works London England N15 4QL
TSE CONSTRUCTION LTD,16190957,active,ltd,,,2025-01-17,,2025-01-17,[43390],124-128 City Road London England EC1V 2NX
PPL LOGISTICS LIMITED,16191222,active,ltd,,,2025-01-17,,2025-01-17,[49410],Unit 24 Alliance Court London England W3 0RB
AEON AUTOMATIONS LTD,16191461,active,ltd,,,2025-01-17,,2025-01-17,[62020],Flat 21 Stonehills Court London England SE21 7LZ
GEOCAP CONSULTING LTD,16191671,active,ltd,,,2025-01-17,,2025-01-17,[70229],14 Circle Gardens London England SW19 3JU
THE OUTDOOR SECURITY COMPANY LIMITED,16191649,active,ltd,,,2025-01-17,,2025-01-17,[80100],128 City Road London United Kingdom EC1V 2NX
INDIGO TECH LABS LTD,16191663,active,ltd,,,2025-01-17,,2025-01-17,[58290, 62011, 62012, 62020],71-75 Shelton Street London United Kingdom WC2H 9JQ
HAAM LTD,16191960,active,ltd,,,2025-01-17,,2025-01-17,[87100],41 Lawrence Street London England E16 1EP
ROCK & RAVE LIMITED,16192117,active,ltd,,,2025-01-17,,2025-01-17,[56210],47 Kenninghall Road London England E5 8BS
UPM CONTRACT UK LTD,16178977,active,ltd,,,2025-01-13,,2025-01-13,[41100, 43290, 43390, 43999],14/2e Docklands Business Centre 10-16 Tiller Road London England E14 8PX
MOVINGFRAME LTD,16192755,active,ltd,,,2025-01-18,,2025-01-18,[43290],41 Poole Road London England E9 7AE
TOP ROOFING LTD,16193176,active,ltd,,,2025-01-19,,2025-01-19,[43910],Flat 12 193 Anerley Road London England SE20 8EL
G L C HIRE LIMITED,16193172,active,ltd,,,2025-01-19,,2025-01-19,[49390],3rd Floor, 86-90 Paul Street London United Kingdom EC2A 4NE
ROSE BEAUTY & AESTHETICS LTD,16193364,active,ltd,,,2025-01-19,,2025-01-19,[96020],2 Caspian Walk London England E16 3JB
REASONABLE RENTALS LTD,16193366,active,ltd,,,2025-01-19,,2025-01-19,[68100],Flat 15 Welland Court London England SE6 4LW
LOURDES 23 LTD,16193733,active,ltd,,,2025-01-20,,2025-01-20,[56103],31 Balham Hill London United Kingdom SW12 9DX
BUILD RESILIENCE LTD,16193922,active,ltd,,,2025-01-20,,2025-01-20,[46180],167-169 Great Portland Street London England W1W 5PF
I.M MOTOR TRADE LTD,16183525,active,ltd,,,2025-01-14,,2025-01-14,[45112, 45190],Office 11336 182-184 High Street North, London United Kingdom E6 2JA
S2B MAKER HOMES LTD,16217355,active,ltd,,,2025-01-29,,2025-01-29,[41100, 68100, 68209],20 Wenlock Road London England N1 7GU
SMOKY BOYS BRENTCROSS LTD,16220754,active,ltd,,,2025-01-31,,2025-01-31,[56101],Unit 6, District Brent Cross Shopping Centre London England NW4 3FP
TURRIS FORTISSIMA UK LIMITED,16164173,active,ltd,,,2025-01-06,,2025-01-06,[68100, 68201, 68209, 68320],9 Ashridge Close London London England N3 3BT
CATALYST GROWTH STRATEGIES LTD,16174721,active,ltd,,,2025-01-10,,2025-01-10,[68209],Dept 1129 196 High Road London United Kingdom N22 8HH
