company_name,company_number,company_status,company_type,company_subtype,dissolution_date,incorporation_date,removed_date,registered_date,nature_of_business,registered_office_address,website,email,match_confidence
TAG FINANCIAL SERVICES LTD,16383691,active,ltd,,,2025-04-12,,2025-04-12,[64922],124 City Road City Road London England EC1V 2NX,,,
GAAQ CONSULTING UK LTD,16395243,active,ltd,,,2025-04-17,,2025-04-17,[69202],71-75 Shelton Street London United Kingdom WC2H 9JQ,,,
LONDON ROSE INTERNATIONAL LIMITED,16369605,active,ltd,,,2025-04-07,,2025-04-07,[46450, 47750, 47910],399 - 405 Oxford Street London England W1C 2BU,,,
NEBULA INSIGHT AND CONSULTING LTD,16367629,active,ltd,,,2025-04-06,,2025-04-06,[73200],85 Great Portland Street London England W1W 7LT,,,
BACO REGNUM WINES LTD,16397017,active,ltd,,,2025-04-21,,2025-04-21,[46342, 47910, 82990],86-90 Paul Street London England EC2A 4NE,,,
GENTLE WIND FLOW LIMITED,16400038,active,ltd,,,2025-04-22,,2025-04-22,[47910],292046 Office Suite 29a, 3/F., 23 Wharf Street London United Kingdom SE8 3GG,,,
JRMA SERVICES LIMITED,16417698,active,ltd,,,2025-04-29,,2025-04-29,[74909],62 Gordon Avenue Twickenham England TW1 1NQ,,,
TOP CONSULTANT SERVICES LTD,16369443,active,ltd,,,2025-04-07,,2025-04-07,[62020],Office C 334-340 Romford Road London United Kingdom E7 8BS,,,
MOVIDA HOLDINGS LTD,16382497,active,ltd,,,2025-04-11,,2025-04-11,[55202, 55900],282 London Road Wokingham, Berkshire United Kingdom RG40 1RD,,,
NAE2SLAE LTD,16406368,active,ltd,,,2025-04-24,,2025-04-24,[96020],25 Coldharbour Lane London England SE5 9NR,,,
TOERO LTD,16416787,active,ltd,,,2025-04-29,,2025-04-29,[72110, 72190, 74909],174 Colney Hatch Lane London United Kingdom N10 1ET,https://www.toerotech.co.uk,,Likely
THE DUMP BUSTERS LTD,16369204,active,ltd,,,2025-04-07,,2025-04-07,[38110, 38120, 38210, 38220],4a Axminster Roadside London England N7 6BL,,,
HARJAS ESTATES LIMITED,16418586,active,ltd,,,2025-04-29,,2025-04-29,[68209],173 Springwell Road Hounslow England TW5 9BN,,,
FITZGERALDS GROUP UK BRANCH LTD,16417431,active,ltd,,,2025-04-29,,2025-04-29,[43220, 43999, 70229, 71129],3rd Floor Suite London England W1B 3HH,,,
ALLMORE LIMITED,16420313,active,ltd,,,2025-04-30,,2025-04-30,[70229],106 Streathbourne Road London England SW17 8QY,,,
BARUAH HEALTHCARE LTD,16381478,active,ltd,,,2025-04-11,,2025-04-11,[86210],78 Western Beach Apartments London United Kingdom E16 1DZ,,,
KAHAK CONSULTING LIMITED,16370478,active,ltd,,,2025-04-07,,2025-04-07,[42990],105 Selsdon Road Upton Park United Kingdom E13 9BZ,https://kahak-consulting.co.uk,info@kahak-consulting.co.uk,Confirmed
SLOW RELEASE LTD.,16418719,active,ltd,,,2025-04-29,,2025-04-29,[14190, 46190, 70229],31 Greville Road London United Kingdom E17 9HG,,,
MAMMAS PIZZA AND CHICKEN LTD,16368960,active,ltd,,,2025-04-07,,2025-04-07,[56103],233 Plaistow London England E15 3EU,,,
LONDON EDUCATION AND TRAINING LTD,16404642,active,ltd,,,2025-04-24,,2025-04-24,[85590],Unit 136, East London Works London United Kingdom E1 1DU,,,
YESSING LTD,16407693,active,ltd,,,2025-04-25,,2025-04-25,[46420, 47190, 47910],11 Blenheim Crescent London United Kingdom W11 2EE,,,
PAI DEFENCE LTD,16419655,active,ltd,,,2025-04-30,,2025-04-30,[26511, 71122, 80200],3rd Floor Suite London England W1B 3HH,,,
BHARAJ HOLDINGS LTD,16377109,active,ltd,,,2025-04-09,,2025-04-09,[64209],43 Upton Lane London England E7 9PA,,,
TRUSTED REALTOR LTD,16402272,active,ltd,,,2025-04-23,,2025-04-23,[68310],125 Boundary Road London England E13 9PT,,,
VELUNNA LTD,16409617,active,ltd,,,2025-04-25,,2025-04-25,[62012, 63110, 63120, 68320],31 Catherine Grove London England SE10 8BS,,,
TOM COOPER LIMITED,16398351,active,ltd,,,2025-04-22,,2025-04-22,[59200],C/O Cc Young & Co 3rd Floor, The Bloomsbury Building Holborn United Kingdom WC1A 2SL,,,
SCHOOL RESILIENCE PLATFORM LTD,16392969,active,ltd,,,2025-04-16,,2025-04-16,[62090, 74909, 85590, 85600],3rd Floor, 86-90 Paul Street London United Kingdom EC2A 4NE,https://schoolresilienceplatform.com,judy@schoolresilienceplatform.com,Confirmed
DAYLIGHT SOLUTIONS LIMITED,16388543,active,ltd,,,2025-04-15,,2025-04-15,[82990],Office One Farringdon England EC1R 5HL,https://daylightsolutionsltd.com,,Confirmed
MEAT&GREET LTD,16382102,active,ltd,,,2025-04-11,,2025-04-11,[46320, 47220],6 6 Cypress Close London England E5 8RB,,,
STRATUM TECHNOLOGIES LTD,16388707,active,ltd,,,2025-04-15,,2025-04-15,[62012, 71122],Office 137 60 Tottenham Court Road London England W1T 2EW,https://stratumtech.co.uk,,Likely
VOI CONSULTANCY LTD,16358963,active,ltd,,,2025-04-01,,2025-04-01,[86210, 86220],Ramsay Brown Llp The Brentano Suite North Finchley United Kingdom N12 8QJ,,,
E COMMERCE MART LTD,16376455,active,ltd,,,2025-04-09,,2025-04-09,[45320, 47710, 47990],36-42 Kingsland High Street London England E8 2JP,,,
PRIME PROPERTIES (LONDON) LIMITED,16378057,active,ltd,,,2025-04-09,,2025-04-09,[68100, 68209],32 Willoughby Road London England N8 0JG,,,
BBG BIRA BRAZILIAN GRILL LTD,16402488,active,ltd,,,2025-04-23,,2025-04-23,[56101, 56103, 56290],13 St. Swithin's Lane London England EC4N 8AL,https://birabraziliangrill.co.uk,info@birabraziliangrill.co.uk,Likely
DENTAL BEAUTY AND AESTHETICS LTD,16378842,active,ltd,,,2025-04-10,,2025-04-10,[86230],7 The Broadway Preston Road London England HA9 8JT,,,
ZEC SERVICES LTD,16386023,active,ltd,,,2025-04-14,,2025-04-14,[78200],Office 606 Regus Barking, Jhumat House Barking England IG11 8BB,https://zecservices.co.uk,info@zecservices.co.uk,Confirmed
VIBEVENT LIMITED,16386275,active,ltd,,,2025-04-14,,2025-04-14,[90020],35, Riverside Drive 35, Riverside Drive London England NW11 9PX,,,
BORA BORA ENTERTAINMENT LIMITED,16397387,active,ltd,,,2025-04-21,,2025-04-21,[90020],35, Riverside Drive Golders Green Road London England NW11 9PX,,,
JAY H J LIMITED,16396797,active,ltd,,,2025-04-20,,2025-04-20,[43290],17 Leeland Mansions London United Kingdom W13 9HE,,,
MOON AND STAR MEDIA LTD,16416063,active,ltd,,,2025-04-29,,2025-04-29,[73120],5 Brayford Square London England E1 0SG,,,
GREENBOX DELIVERY UK LTD,16359093,active,ltd,,,2025-04-02,,2025-04-02,[52103, 52243, 53100, 53201],Office 403, Screenworks 22 Highbury Grove London United Kingdom N5 2ER,https://greenbox.delivery,,Likely
NUVANA LIVING LTD,16409611,active,ltd,,,2025-04-25,,2025-04-25,[68100, 68209],C/O Getground, 1 London England W6 0NB,,,
TORTOISE & HARE RUNNING LTD,16404213,active,ltd,,,2025-04-23,,2025-04-23,[14190, 47910],Dalton House London England SW19 2RR,,,
FWALCOX ECOMMERCE LTD,16415397,active,ltd,,,2025-04-29,,2025-04-29,[47990],144 Sibley Grove London United Kingdom E12 6SF,,,
WOVEN HIJABS LIMITED,16401116,active,ltd,,,2025-04-23,,2025-04-23,[47910],128 City Road London England EC1V 2NX,,,
TASHA FREEMAN LTD,16373829,active,ltd,,,2025-04-08,,2025-04-08,[74100],55 Lonsdale Road London England NW6 6RA,https://www.tashafreeman.co.uk,studio@tashafreeman.co.uk,Confirmed
16364417 LTD,16364417,active,ltd,,,2025-04-04,,2025-04-04,[87300],14 Gorefield Place London England NW6 5FG,,,
EFG COMMODITIES LTD,16401978,active,ltd,,,2025-04-23,,2025-04-23,[46711, 52230, 96090],71-75 Shelton Street London United Kingdom WC2H 9JQ,https://elfassigroup.com/divisions/commodities-uk,,Likely
PACK&ATTACK REMOVALS LTD,16410087,active,ltd,,,2025-04-25,,2025-04-25,[38110, 49420],Office 13804 182-184 High Street North London England E6 2JA,https://www.packattackremovalltd.com,info@packattackremovalltd.com,Confirmed
THE GREEN MAN GARDEN MAINTENANCE LTD,16373008,active,ltd,,,2025-04-08,,2025-04-08,[81300],C/O David Crown Management Services Thames House, Leigh-On-Sea England SS9 2QQ,https://gmgarden.co.uk,gmgarden@outlook.com,Confirmed
CAFETERIA (UK) PICTURES LIMITED,16363088,active,ltd,,,2025-04-03,,2025-04-03,[59111],C/O Banner Productions Limited 3 Queen Caroline Street London W6 9PE,,,
ANNVIEW LIMITED,16397594,active,ltd,,,2025-04-22,,2025-04-22,[68100],25 Hanover Square London England W1S 1JF,,,
KOKORI KOTTAGE LIMITED,16383223,active,ltd,,,2025-04-11,,2025-04-11,[56290],69 Starboard Way London England E16 2PE,,,
ATHOLL MARKETING LIMITED,16394113,active,ltd,,,2025-04-17,,2025-04-17,[46190],Flat C London England SW15 6SX,,,
DR. NOODLE BRICK LANE LTD,16388432,active,ltd,,,2025-04-15,,2025-04-15,[56102, 56103],Dr. Noodle London England E1 6QL,,,
PREMIUM ROOFERS LTD,16360819,active,ltd,,,2025-04-02,,2025-04-02,[43910],78 78 Golders Green Road London England NW11 8LN,,,
SCHOOLMASTER (UK) PRODUCTIONS LIMITED,16363003,active,ltd,,,2025-04-03,,2025-04-03,[59111],C/O Banner Productions Limited 3 Queen Caroline Street London W6 9PE,,,
LONDON GP MEDICAL CONCIERGE LTD,16415763,active,ltd,,,2025-04-29,,2025-04-29,[70229],167-169 Great Portland Street London England W1W 5PF,,,
NINA FOLEY CONSULTANCY LTD,16356534,active,ltd,,,2025-04-01,,2025-04-01,[70229],167-169 Great Portland Street London England W1W 5PF,,,
CLANMARK LTD,16417149,active,ltd,,,2025-04-29,,2025-04-29,[63120],39 Long Acre London England WC2E 9LG,,,
ANCAPE LTD,16375624,active,ltd,,,2025-04-09,,2025-04-09,[70229],167-169 Great Portland Street London England W1W 5PF,,,
NAFCO TRADERS LTD,16387865,active,ltd,,,2025-04-15,,2025-04-15,[46390],Office 18,241e High Street North London England E12 6SJ,,,
NEU GARDE LTD,16392492,active,ltd,,,2025-04-16,,2025-04-16,[47710, 47910],71-75 Shelton Street London United Kingdom WC2H 9JQ,https://neugarde.com,,Likely
NO COUTURE LIMITED,16358350,active,ltd,,,2025-04-01,,2025-04-01,[74100],1st & 2nd Floor 18 - 21 Corsham Street London England N1 6DR,,,
DIBON PUBLISHING HOUSE LTD,16360108,active,ltd,,,2025-04-02,,2025-04-02,[58141],Office 12201, 182-184 High Street North East Ham, London England E6 2JA,https://dibonjournals.com,Info@dibonjournals.com,Confirmed
GREENWICHGADGETS LTD,16418941,active,ltd,,,2025-04-30,,2025-04-30,[47429],267 Greenwich High Road London England SE10 8NB,https://greenwichgadgets.com,,Confirmed
AURA REALTY LIMITED,16409883,active,ltd,,,2025-04-25,,2025-04-25,[68310],71-75 Shelton Street London United Kingdom WC2H 9JQ,,,
THE LANKAN FIX LTD,16388313,active,ltd,,,2025-04-15,,2025-04-15,[47240, 56102, 56103, 56290],124 City Road London England EC1V 2NX,https://thelankanfix.com,,Likely
LOWIT LTD,16378307,active,ltd,,,2025-04-09,,2025-04-09,[62012],Flat 3, 23 Boveney Road London England SE23 3NP,,,
REWARD RIOT LTD,16379002,active,ltd,,,2025-04-10,,2025-04-10,[58210],20-22 Wenlock Road London England N1 7GU,https://rewardriot.com,developer@rewardriot.com,Confirmed
BLUE FENIX GROUP LTD,16405146,active,ltd,,,2025-04-24,,2025-04-24,[68209],86-90 Paul Street London England EC2A 4NE,https://dnd4u.uk,info@dnd4u.uk,Confirmed
LUXUORA SERVICES LTD,16395639,active,ltd,,,2025-04-17,,2025-04-17,[47710, 68320, 77110, 81210],75 Morphou Road London England NW7 1BG,,,
LYANNA TALES LTD,16399517,active,ltd,,,2025-04-22,,2025-04-22,[47910],86-90 Paul Street London England EC2A 4NE,,,
REST AND READY LTD,16356888,active,ltd,,,2025-04-01,,2025-04-01,[68209],20 Wenlock Road London England N1 7GU,,,
GINGERTREE PROPERTY LTD,16375442,active,ltd,,,2025-04-09,,2025-04-09,[41100, 68100, 68310, 68320],71-75 Shelton Street London England WC2H 9JQ,,,
ALTHEOME LIMITED,16363364,active,ltd,,,2025-04-03,,2025-04-03,[72110, 72190, 74909, 86900],Wsm, Connect House 133-137 Alexandra Road London United Kingdom SW19 7JY,https://www.altheome.com,info@altheome.com,Confirmed
VAULT SECURITY SERVICES LTD,16417206,active,ltd,,,2025-04-29,,2025-04-29,[80100],71-75 Shelton Street London United Kingdom WC2H 9JQ,,,
16372507 LTD,16372507,active,ltd,,,2025-04-08,,2025-04-08,[47910],Hayloft Point 1008h 4-6 And 16 London United Kingdom E1 7BN,,,
KELLER AND JOSETTE LOGISTICS LTD,16418688,active,ltd,,,2025-04-29,,2025-04-29,[52290],124 City Road London EC1V 2NX,,,
GABRIEL INN LTD,16422447,active,ltd,,,2025-04-30,,2025-04-30,[68100, 68209],27 Sinclair Gardens London England W14 0AU,,,
FRUITYDEALS LIMITED,16419136,active,ltd,,,2025-04-30,,2025-04-30,[47910],Office 14264 182-184 High Street North London E6 2JA,,,
JCPERRY CONSTRUCTION LTD,16419118,active,ltd,,,2025-04-30,,2025-04-30,[47910],Office 14268 182-184 High Street North East Ham E6 2JA,,,
KNIGHT BET LIMITED,16404083,active,ltd,,,2025-04-23,,2025-04-23,[92000],167-169 Great Portland Street 167 - 169 Great Portland Street London England W1W 5PF,,,
HAOISM LTD,16409849,active,ltd,,,2025-04-25,,2025-04-25,[90030],30 Flat 30 Higgs Yard London United Kingdom SE24 0BA,,,
PINKGRABSMANCHESTER LTD,16420670,active,ltd,,,2025-04-30,,2025-04-30,[47910],Office 14274 182-184 High Street North East Ham E6 2JA,,,
GLOBAL HEALTHCARE PROFESSIONALS UK LIMITED,16398031,active,ltd,,,2025-04-22,,2025-04-22,[85320],Crown House Business Centre London England NW10 7PN,https://www.globalhealthcareprofessionals.co.uk,info@globalhealthcareprofessionals.co.uk,Confirmed
LENBURG LTD,16420648,active,ltd,,,2025-04-30,,2025-04-30,[47910],Office 14271 182-184 High Street North East Ham E6 2JA,,,
AFM INVESTMENT GROUP LIMITED,16418575,active,ltd,,,2025-04-29,,2025-04-29,[70229],C/O Dragon Argent Limited London England SE1 3XF,,,
SHEPHERD(2025) LIMITED,16404871,active,ltd,,,2025-04-24,,2025-04-24,[56101],17 C Curzon Street London England W1J 5HU,,,
ROUND TWO RETRO LTD,16391041,active,ltd,,,2025-04-16,,2025-04-16,[47599],1 Golden Parade Walthamstow E17 3HU,,,
AMPSLEYMOSS LIMITED,16365037,active,ltd,,,2025-04-04,,2025-04-04,[47540],Flat 7 Stoneleigh Road London England N17 9BQ,,,
ECOFACTOR TECH UK LIMITED,16400124,active,ltd,,,2025-04-22,,2025-04-22,[33140, 43210],86-90 Paul Street London England EC2A 4NE,,,
EMBODIED EIDOS LTD,16391967,active,ltd,,,2025-04-16,,2025-04-16,[86900],Eagle House, C/O Solid Ltd London United Kingdom EC1V 1NR,,,
WARRIOR RESOURSES LIMITED,16412348,active,ltd,,,2025-04-28,,2025-04-28,[47910],Office 14276 182 - 184 East Ham E6 2JA,,,
O'LEONARD LTD,16367474,active,ltd,,,2025-04-05,,2025-04-05,[52290],50 Ritter Street 50 London United Kingdom SE18 4DU,,,
SJ FARMER LTD,16386015,active,ltd,,,2025-04-14,,2025-04-14,[46190, 46900],128 City Road London United Kingdom EC1V 2NX,https://www.sjfarmer.co.uk,shuxin@sjfarmer.co.uk,Confirmed
K-S-H PROPERTY SPECIALIST LTD,16401426,active,ltd,,,2025-04-23,,2025-04-23,[68100, 68201, 68209],71-75 Shelton Street Covent Garden WC2H 9JQ,,,
YELLOW FLOWER TRAVEL & TOURS LTD.,16362652,active,ltd,,,2025-04-03,,2025-04-03,[79110, 79909, 85590],128 City Road London United Kingdom EC1V 2NX,https://www.yellowflowertravel.com,info@yellowflowertravel.com,Confirmed
DUDU'S PLUMBING PLUS LIMITED,16375638,active,ltd,,,2025-04-09,,2025-04-09,[43220, 43390],Flat 3 Holcombe House London England SW9 9NS,,,
MARAVIE & CO LTD,16393913,active,ltd,,,2025-04-17,,2025-04-17,[86230],71-75 Shelton Street London England WC2H 9JQ,,,
SAANSHIV HOLDINGS LTD,16372204,active,ltd,,,2025-04-08,,2025-04-08,[68100, 68209],85 Great Portland Street London England W1W 7LT,,,
FIRE PROTECTION DIVISION LTD,16413622,active,ltd,,,2025-04-28,,2025-04-28,[96090],42a 42a Blenheim Gardens London United Kingdom NW2 4NS,,,
APPDEVS SOFTWARE LTD,16402752,active,ltd,,,2025-04-23,,2025-04-23,[58290, 62020, 62090, 73110],277a Green Street London England E7 8LJ,https://appdevs.net,,Confirmed
ANTALAR LIMITED,16395529,active,ltd,,,2025-04-17,,2025-04-17,[56101],15 Bond Street Bond Street London United Kingdom W5 5AP,,,
NOOMS LIMITED,16366621,active,ltd,,,2025-04-04,,2025-04-04,[62012],167 Great Portland Street London England W1W 5PF,https://nooms.ltd,mark.newman@nooms.ltd,Confirmed
NOTANARTIST LTD,16411382,active,ltd,,,2025-04-28,,2025-04-28,[90030],Unit 304 Mirror Works London England E15 2NH,https://notanartist.co.uk,info@notanartist.co.uk,Confirmed
OURSTO LTD,16399770,active,ltd,,,2025-04-22,,2025-04-22,[47910],Office 248 60 Tottenham Court Road London England W1T 2EW,https://oursto.co.uk,,Confirmed
CORE COLLECTIF LTD,16421610,active,ltd,,,2025-04-30,,2025-04-30,[59200],71-75 Shelton Street London England WC2H 9JQ,https://www.corecollectif.com,,Likely
DIGITAL MONEY NETWORKS LTD,16409332,active,ltd,,,2025-04-25,,2025-04-25,[47910, 70229, 82990],71-75 Shelton Street London United Kingdom WC2H 9JQ,https://digitalmoneynetworks.com,,Likely
AYAN EXPRESS UK LIMITED,16379125,active,ltd,,,2025-04-10,,2025-04-10,[47990],Office Suite B10, Newcom Business Centre London England E14 0AE,,,
ASSEMBLAGE LIMITED,16414109,active,ltd,,,2025-04-28,,2025-04-28,[46170],46 Hamilton Road London United Kingdom NW10 1NE,https://www.assemblagelimited.com,info@assemblagelimited.com,Confirmed
EQUITY IN EARLY YEARS GROUP LTD,16412736,active,ltd,,,2025-04-28,,2025-04-28,[64304],Suite 14 175 Glass House London England WC2H 8AN,,,
JADE RABBIT VENTURES LTD,16356401,active,ltd,,,2025-04-01,,2025-04-01,[56101],128 City Road London United Kingdom EC1V 2NX,,,
MANGOEYES LTD,16362499,active,ltd,,,2025-04-03,,2025-04-03,[59112, 62012, 62090, 73110],Flat 10 Stockwell Road London England SW9 9FX,https://mangoeyes.co,,Likely
BEAUTIFUL NAILS (KENT) LIMITED,16391596,active,ltd,,,2025-04-16,,2025-04-16,[96020],175 Brookmill Road London United Kingdom SE8 4JH,,,
KARALI LTD,16412832,active,ltd,,,2025-04-28,,2025-04-28,[47910],15 Progress Way London England N22 5PD,,,
FUSE BIDCO LIMITED,16366518,active,ltd,,,2025-04-04,,2025-04-04,[82990],60 Gray's Inn Road London England WC1X 8LU,,,
TWOGETHERLY LTD,16413910,active,ltd,,,2025-04-28,,2025-04-28,[62012],65 Drummond House Victory Parade London England SE18 6FW,https://twogetherly.ai,,Confirmed
EMBEDDED ADVICE LIMITED,16421873,active,ltd,,,2025-04-30,,2025-04-30,[64999],Embedded Advice Limited Labs Atrium London England NW1 8AH,https://whistleforadvice.co.uk,info@whistleforadvice.co.uk,Confirmed
VERO PARTNERS LTD,16409938,active,ltd,,,2025-04-25,,2025-04-25,[78109],5th Floor, 167-169 Great Portland Street London England W1W 5PF,,,
THE WORD, LET THERE BE LIGHT LIMITED,16389386,active,ltd,,,2025-04-15,,2025-04-15,[46160],Flat17 Jack Jones House 12 Reedham Street London Flat17 Jack Jones House Peckham United Kingdom SE15 4PH,,,
FRENCH LEGAL & BUSINESS ADVICE LTD,16406315,active,ltd,,,2025-04-24,,2025-04-24,[70229, 73110],Suite 9 Dalton House London England SW19 2RR,https://www.frenchlegaladvice.com,enquiries@frenchlegaladvice.com,Confirmed
BPMF LIMITED,16395800,active,ltd,,,2025-04-18,,2025-04-18,[46320, 46719],32 St Ann’S Road London England W11 4SR,,,
SOVRE AI LTD,16382749,active,ltd,,,2025-04-11,,2025-04-11,[58290, 62012, 62020, 63110],71-75 Shelton Street London United Kingdom WC2H 9JQ,,,
CAAMUU LTD,16395874,active,ltd,,,2025-04-18,,2025-04-18,[32409],35 Parolles Road London United Kingdom N19 3RE,https://www.caamuu.com,,Confirmed
INFIDEW LTD,16380338,active,ltd,,,2025-04-10,,2025-04-10,[46900, 47910],167-169 Great Portland Street London England W1W 5PF,,,
NOURISHN LIMITED,16368117,active,ltd,,,2025-04-07,,2025-04-07,[68209, 68320],37 Woodlands Road London England N9 8RP,,,
NC NESTS LTD,16402445,active,ltd,,,2025-04-23,,2025-04-23,[68209],167-169 Great Portland Street London England W1W 5PF,,,
MOTRIL 2 LTD,16411437,active,ltd,,,2025-04-28,,2025-04-28,[43999],44 Broadway London England E15 1XH,,,
MIND SMART INNOVATIONS LTD,16388922,active,ltd,,,2025-04-15,,2025-04-15,[47910],20 Mortlake High Street London England SW14 8JN,https://mindsmart.uk,hello@mindsmart.uk,Confirmed
ASSISTANCE ROUTIÈRE PAIEMENT LTD,16370218,active,ltd,,,2025-04-07,,2025-04-07,[58290, 62011],1037 Romford Road London England E12 5LH,,,
RENOVALINK LTD,16402274,active,ltd,,,2025-04-23,,2025-04-23,[43999, 74909],71-75 Shelton Street London United Kingdom WC2H 9JQ,https://diydynasty.com,hello@renovalink.com,Confirmed
WYMONDHAM TANDOORI LTD,16378135,active,ltd,,,2025-04-09,,2025-04-09,[56101],Office Suite W10, Newcom Business Centre London England E14 0AE,,,
GRIZZLY'S COMMERCIAL ROAD LTD,16418721,active,ltd,,,2025-04-29,,2025-04-29,[56103],Office Suite W10, Newcom Business Centre London England E14 0AE,https://grizzlysburgers.com,,Likely
MAYFAIR PROPERTIES AR LTD,16359916,active,ltd,,,2025-04-02,,2025-04-02,[68310],4th Floor, Silverstream House 45 Fitzroy Street London England W1T 6EB,,,
DAS IT LIMITED,16410524,active,ltd,,,2025-04-26,,2025-04-26,[77110],66 Paul Street Paul Street London England EC2A 4NA,,,
LINGODIDACT LTD,16361691,active,ltd,,,2025-04-02,,2025-04-02,[58110, 58290, 62012, 85590],167-169 Great Portland Street, 5th Floor London England W1W 5PF,https://lingodidact.com,,Likely
BISHOPS COURT PROPERTIES LIMITED,16360056,active,ltd,,,2025-04-02,,2025-04-02,[98000],The Regent Suite 1 Old Court Mews London United Kingdom N14 6JS,,,
RANA SMILES LTD,16382833,active,ltd,,,2025-04-11,,2025-04-11,[86230],Vpc Accountants Harrow England HA1 1BQ,,,
BIELESKI CONSULTANCY LTD,16402746,active,ltd,,,2025-04-23,,2025-04-23,[70229],Unit 1029 81a Belgrave Road London England SW1V 2BG,,,
VOX MOBILE LTD,16361020,active,ltd,,,2025-04-02,,2025-04-02,[62020],61 Beresford Road London N5 2HR,,,
TRUSMILES LIMITED,16358122,active,ltd,,,2025-04-01,,2025-04-01,[86230],Vpc Accountants Harrow England HA1 1BQ,,,
KINRISE HOLDINGS LIMITED,16404799,active,ltd,,,2025-04-24,,2025-04-24,[64209],2 Noel Street London United Kingdom W1F 8GB,https://www.kinrise.com,hello@kinrise.com,Confirmed
KPO PROPERTY SERVICES LIMITED,16389849,active,ltd,,,2025-04-15,,2025-04-15,[68100, 68209],Unit 4 Sybil Mews London England N4 1EP,,,
RENZY LTD,16406076,active,ltd,,,2025-04-24,,2025-04-24,[43220],289 Brompton Road London England SW3 2DY,https://renzy.co.uk,,Confirmed
SMARTER FM LTD,16364965,active,ltd,,,2025-04-04,,2025-04-04,[68320],71-75 Shelton Street London United Kingdom WC2H 9JQ,,,
12 CONCANON ROAD LIMITED,16361329,active,ltd,,,2025-04-02,,2025-04-02,[98000],12 Concanon Road London United Kingdom SW2 5TA,,,
CU INVESTING PROPERTY LTD,16411376,active,ltd,,,2025-04-28,,2025-04-28,[68100, 68209],5 Dalbys Crescent London England N17 8HF,,,
B.L.S NEWPORT LTD,16389245,active,ltd,,,2025-04-15,,2025-04-15,[68100, 68320],C/O Cantelowes Limited London United Kingdom EC3V 3LT,,,
SAID ABBOS LIMITED,16397098,active,ltd,,,2025-04-21,,2025-04-21,[47910],30 Broadlake Close St. Albans England AL2 1NS,,,
AM TIJARAH LIMITED,16374605,active,ltd,,,2025-04-08,,2025-04-08,[68209],214 Whitechapel Road London England E1 1BJ,,,
BIOCHECK HEALTH LIMITED,16418624,active,ltd,,,2025-04-29,,2025-04-29,[86210, 86220, 86900, 96040],Unit 1, 4a Monck Street, London London England SW1P 2BQ,https://www.biocheckhealth.co.uk,,Confirmed
NEXUS CYBER CONSULTING LTD,16361083,active,ltd,,,2025-04-02,,2025-04-02,[62020],47a Allfarthing Lane London England SW18 2AP,,,
ALVOURA ESTATES LTD,16371040,active,ltd,,,2025-04-07,,2025-04-07,[68100, 68209, 82990],128 City Road London United Kingdom EC1V 2NX,https://alvouraestates.co.uk,,Likely
GEMS & JEWELS LIMITED,16364902,active,ltd,,,2025-04-04,,2025-04-04,[47770],10 Oxford Avenue Oxford Avenue London England SW20 8LT,,,
VOXIM LTD,16388962,active,ltd,,,2025-04-15,,2025-04-15,[43390],326 Neasden Lane London England NW10 0AD,,,
ROUGE INVESTMENT HOLDINGS LIMITED,16363256,active,ltd,,,2025-04-03,,2025-04-03,[68100],5 Market Yard Mews London United Kingdom SE1 3TQ,,,
HAEMET CAPITAL HOLDINGS LIMITED,16375729,active,ltd,,,2025-04-09,,2025-04-09,[47190, 47910, 68100, 68209],167-169 Great Portland Street London England W1W 5PF,,,
SIMPLY DAISY SERVICES LIMITED,16375546,active,ltd,,,2025-04-09,,2025-04-09,[74202, 74209],Flat 11 Hazelbank 242 South Norwood Hill London England SE25 6BB,,,
RJL PROPERTY ASSETS LTD,16402226,active,ltd,,,2025-04-23,,2025-04-23,[68209],Fourth Floor Rear London England EC4Y 1DH,,,
SPRINGER OAK LTD,16367345,active,ltd,,,2025-04-05,,2025-04-05,[62020, 70221],6 Squires Lane London England N3 2AT,,,
S.A OPTICS LTD,16387075,active,ltd,,,2025-04-14,,2025-04-14,[86220],71-75 Shelton Street London United Kingdom WC2H 9JQ,,,
GLOBAL SCALE MARKETING LTD,16376871,active,ltd,,,2025-04-09,,2025-04-09,[70229],The Gallery East Dulwich United Kingdom SE22 9EE,https://www.globalscalemarketing.com,,Confirmed
ROYTANG INTERNATIONAL CO., LTD,16388148,active,ltd,,,2025-04-15,,2025-04-15,[82990],41 Devonshire Street Ground Floor Office 1 London United Kingdom W1G 7AJ,,,
FLEXELL SAUDI ARABIA LTD,16356275,active,ltd,,,2025-04-01,,2025-04-01,[25990, 46690],167-169 Great Portland Street 5th Floor London United Kingdom W1W 5PF,,,
WALTEINN LIMITED,16370105,active,ltd,,,2025-04-07,,2025-04-07,[49390, 64306, 82990],83 Lee High Road London England SE13 5NS,,,
KNOOPS CHE LTD,16359790,active,ltd,,,2025-04-02,,2025-04-02,[56102],2b Montpelier Street London England SW7 1EZ,https://knoops.com,,Confirmed
MAIA LONDON LTD,16365888,active,ltd,,,2025-04-04,,2025-04-04,[68209],C/O Ida&Co Building 3, Chiswick Business Park London United Kingdom W4 5YA,,,
BABILMANEVIDANISMANLIK LTD,16413393,active,ltd,,,2025-04-28,,2025-04-28,[96090],17862 182-184 High Street North London United Kingdom E6 2JA,https://www.babilmanevidanismanlik.co.uk,mail@babilmanevidanismanlik.co.uk,Confirmed
UK SCHOLARS LTD,16381830,active,ltd,,,2025-04-11,,2025-04-11,[62012, 62090, 70229],33 Fieldfare Road London England SE28 8HS,,,
SPARKS CYCLE LTD,16395131,active,ltd,,,2025-04-17,,2025-04-17,[47910, 77390],71-75 Shelton Street London United Kingdom WC2H 9JQ,,,
INTERIORS BY ROSE PATEL LIMITED,16356203,active,ltd,,,2025-04-01,,2025-04-01,[74100],83-85 Baker Street London United Kingdom W1U 6AG,https://interiorsbyrosepatel.co.uk,,Confirmed
DARKTIDE CONSULTING LTD,16396081,active,ltd,,,2025-04-18,,2025-04-18,[62020, 63990],Office 17693 182-184 High Street North East Ham England E6 2JA,https://www.darktideconsulting.co.uk,,Confirmed
FT&T LTD,16356220,active,ltd,,,2025-04-01,,2025-04-01,[68100],167-169 Great Portland Street London England W1W 5PF,,,
STRIDES TECHNOLOGIES LTD,16374491,active,ltd,,,2025-04-08,,2025-04-08,[70229],20 Wenlock Road London England N1 7GU,,,
3RE (11BST) LIMITED,16386183,active,ltd,,,2025-04-14,,2025-04-14,[68209],3 Fitzhardinge Street London United Kingdom W1H 6EF,,,
CHEFI DIASPORA LTD,16416156,active,ltd,,,2025-04-29,,2025-04-29,[62012, 63120],3rd Floor 337 City Road London England EC1V 1LJ,https://www.chefi.food,,Confirmed
YY NEUROIMAGING LTD,16422262,active,ltd,,,2025-04-30,,2025-04-30,[86220],9 Westmoreland Lodge London England SE24 9AE,,,
GG-HOLDCO-963-925 LIMITED,16362719,active,ltd,,,2025-04-03,,2025-04-03,[68209],C/O Getground London England W6 0NB,,,
VNEN CONSTRUCTION & CLEANING LTD,16370403,active,ltd,,,2025-04-07,,2025-04-07,[41201, 41202, 81210],190 First Floor Flat London England E17 6EJ,,,
EVERCORE CONTRACTORS LTD,16358351,active,ltd,,,2025-04-01,,2025-04-01,[43210, 78200],109 Chesterfield Gardens London England N4 1LW,https://evercorecontractors.co.uk,office@evercorecontractors.co.uk,Confirmed
LLS MUSIC LTD,16383704,active,ltd,,,2025-04-12,,2025-04-12,[59200],10 Bellwood Road London United Kingdom SE15 3DE,,,
DIAL A DEAL LTD,16360452,active,ltd,,,2025-04-02,,2025-04-02,[47421],59a Forburg Road London England N16 6HR,https://dialadeal.co.uk,admin@dialadeal.co.uk,Confirmed
BUTTERFLY CAPITAL LIMITED,16403894,active,ltd,,,2025-04-23,,2025-04-23,[82990],83 Becquerel Court 83 Becquerel Court London England SE10 0QY,,,
STUDY PARTNERSHIP LTD,16416921,active,ltd,,,2025-04-29,,2025-04-29,[62012, 74100, 85590, 85600],4th Floor Office 407 235-239 High Road London England N22 8HF,,,
CLICKED TECHNOLOGIES LTD,16367560,active,ltd,,,2025-04-06,,2025-04-06,[71129],71-75 Shelton Street London United Kingdom WC2H 9JQ,,,
VILLAGERS LTD,16360166,active,ltd,,,2025-04-02,,2025-04-02,[46190, 47910, 63120],124-128 City Road London England EC1V 2NX,,,
VAULT 687 LIFESTYLE LIMITED,16363019,active,ltd,,,2025-04-03,,2025-04-03,[47110, 93110, 93130],15 Wernbrook Street London England SE18 7RU,,,
HEDARDH LTD,16379250,active,ltd,,,2025-04-10,,2025-04-10,[74909],167-169 Great Portland Street London England W1W 5PF,https://www.hedardh.com,,Confirmed
LUNAYA LTD,16419969,active,ltd,,,2025-04-30,,2025-04-30,[46480, 47770, 70229],128 City Road London England EC1V 2NX,,,
HARVEY CDDN CONSULTING LTD,16412380,active,ltd,,,2025-04-28,,2025-04-28,[70229],1278 High Road London England N20 9HH,,,
ADSMANIA LTD,16385890,active,ltd,,,2025-04-14,,2025-04-14,[68100, 94110, 96090],24-26 Arcadia Avenue London United Kingdom N3 2JU,,,
ACQUISITIONS ADVISORY LIMITED,16399376,active,ltd,,,2025-04-22,,2025-04-22,[64999],37 Lombard Street Lombard Street London England EC3V 9BQ,https://acquisitionsadvisory.co.uk,,Confirmed
ZENTINEL LTD,16402179,active,ltd,,,2025-04-23,,2025-04-23,[47910, 62012, 73110],45 Beech Avenue London United Kingdom W3 7JZ,,,
BEEJAYU GAMES LTD,16416414,active,ltd,,,2025-04-29,,2025-04-29,[62011],60 Tottenham Court Road, Suite 6059a London United Kingdom W1T 2EW,https://beejayu.games,support@beejayu.games,Confirmed
AUTER LTD,16404950,active,ltd,,,2025-04-24,,2025-04-24,[99999],49 Sperling Road London United Kingdom N17 6UJ,,,
GALAXY GLOBAL EDUCATION UK LTD,16385688,active,ltd,,,2025-04-14,,2025-04-14,[85410, 85520, 85600],8 Duncannon Street London England WC2N 4JF,,,
AG LIFESTYLE LTD,16399066,active,ltd,,,2025-04-22,,2025-04-22,[47910, 59200, 96020],124 City  Road London United Kingdom EC1V 2NX,,,
STEPHEN PORTER LTD,16420378,active,ltd,,,2025-04-30,,2025-04-30,[99999],45 Southwell Road London United Kingdom SE5 9PF,,,
CHARLIE IVE PLANT HIRE LTD,16388804,active,ltd,,,2025-04-15,,2025-04-15,[99999],Suite G04 1 Quality Court, Chancery Lane London England WC2A 1HR,,,
LAGOON BLOOM LIMITED,16421358,active,ltd,,,2025-04-30,,2025-04-30,[46420, 47910, 74100],71-75 Shelton Street London United Kingdom WC2H 9JQ,,,
KHANHUYEN LIMITED,16392145,active,ltd,,,2025-04-16,,2025-04-16,[96020],54 Fulham High Street London England SW6 3LQ,,,
SHOMREI EMUNIM LTD,16402833,active,ltd,,,2025-04-23,,2025-04-23,[68100, 68209],60 Moundfield Road London England N16 6TB,,,
LR GYMS LTD,16394366,active,ltd,,,2025-04-17,,2025-04-17,[93130],212 London Road Essex SS7 2PD,,,
DR CONSULTANTS (PVT) LIMITED,16381072,active,ltd,,,2025-04-11,,2025-04-11,[96090],148-160 Farringdon Road London England EC1A 1AA,,,
FATOSH OLGACHER LIMITED,16421381,active,ltd,,,2025-04-30,,2025-04-30,[59111, 59112],Unit E2 London England E3 2NG,,,
OPIX RECRUITMENT LIMITED,16414037,active,ltd,,,2025-04-28,,2025-04-28,[78109],60 Tottenham Court Road Suite 6005a London United Kingdom W1T 2EW,,,
ASAG CREATIVES LTD,16403245,active,ltd,,,2025-04-23,,2025-04-23,[62012, 62020, 63110, 63990],Flat 1 27 Kensington High Street London England W8 5NP,,,
CM PHOTOGRAPHY LTD,16403868,active,ltd,,,2025-04-23,,2025-04-23,[74201, 74202, 74209, 90030],71-75 Shelton Street London United Kingdom WC2H 9JQ,,,
TRAVEL WORLD LIMITED,16414516,active,ltd,,,2025-04-28,,2025-04-28,[79110, 79120],124 City Road London United Kingdom EC1V 2NX,,,
GLIPTO LTD,16388388,active,ltd,,,2025-04-15,,2025-04-15,[62012, 62020, 62090],71-75 Shelton Street London United Kingdom WC2H 9JQ,,,
PSALMS CAFFE LTD,16387526,active,ltd,,,2025-04-15,,2025-04-15,[56102],120 Tappesfield Road London United Kingdom SE15 3EZ,,,
MUNDUS CODE UK LTD,16411896,active,ltd,,,2025-04-28,,2025-04-28,[62012, 62020],60 Tottenham Court Road, Suite 6033a London United Kingdom W1T 2EW,,,
MACS ENGINEERING LTD,16409244,active,ltd,,,2025-04-25,,2025-04-25,[29202, 71121, 71122, 71129],128 City Road London United Kingdom EC1V 2NX,,,
HUK 167 LIMITED,16417112,active,ltd,,,2025-04-29,,2025-04-29,[64999],84 Grosvenor Street London England W1K 3JZ,,,
REPPANTRY LTD,16387650,active,ltd,,,2025-04-15,,2025-04-15,[82990],71-75 Shelton Street London United Kingdom WC2H 9JQ,,,
CORBAN VENTURES LIMITED,16371448,active,ltd,,,2025-04-07,,2025-04-07,[70229],14 Kleine Wharf 14 Orsman Road London England N1 5QL,,,
SHE NEEDS MORE LTD,16407763,active,ltd,,,2025-04-25,,2025-04-25,[47910, 47990],60 Tottenham Court Road Suite 6025a London United Kingdom W1T 2EW,,,
OPES AI LTD,16411907,active,ltd,,,2025-04-28,,2025-04-28,[62012, 63110],60 Tottenham Court Road 60 Tottenham Court Road London England W1T 2EW,,,
NOW SET FREE LTD,16376234,active,ltd,,,2025-04-09,,2025-04-09,[90020],18 Emerson Apartments Chadwell Lane London England N8 7RF,,,
LARS SHLARS LIMITED,16359956,active,ltd,,,2025-04-02,,2025-04-02,[68209],C/O Xplus London Limited Kingston Upon Thames United Kingdom KT2 7PS,,,
AMPLIFY WELLNESS CLUB LTD,16376609,active,ltd,,,2025-04-09,,2025-04-09,[93130],The Bottle Factory 12 Ossory Road London England SE1 5AN,,,
SOKA BEVERAGES LTD,16370062,active,ltd,,,2025-04-07,,2025-04-07,[47250, 47910],124 City Rd, London City Road London England EC1V 2NZ,,,
SARDARS ASSOCIATES LTD,16382545,active,ltd,,,2025-04-11,,2025-04-11,[47990],60 Tottenham Court Road, Suite 5964a London United Kingdom W1T 2EW,,,
USA HUIRUI FINE CHEMICALS CO., LTD.,16359229,active,ltd,,,2025-04-02,,2025-04-02,[99999],167-169 Great Portland Street London England W1W 5PF,,,
CW ROTHERHITHE LTD,16379794,active,ltd,,,2025-04-10,,2025-04-10,[68209],14 Hemingford Close London United Kingdom N12 9HF,,,
CASSLAND LIMITED,16388330,active,ltd,,,2025-04-15,,2025-04-15,[68209],163 Herne Hill London England SE24 9LR,,,
FIERRO LTD,16402082,active,ltd,,,2025-04-23,,2025-04-23,[62020],9, Flat 7 Reardon Path London United Kingdom E1W 2AN,,,
PROMETHEUS SCHOOLS LONDON LTD,16412709,active,ltd,,,2025-04-28,,2025-04-28,[85310],8 Bedford Square London England WC1B 3RA,,,
SOUFFLEGGS LIMITED,16401612,active,ltd,,,2025-04-23,,2025-04-23,[47890, 56103],67 1 Yeo Street London England E3 3AE,,,
RUNITPLAY LTD,16357161,active,ltd,,,2025-04-01,,2025-04-01,[58290, 62012, 63120],60 Tottenham Court Road Suite 5913a London United Kingdom W1T 2EW,,,
CONTAINER STORAGE SOLUTIONS (BETA) LTD,16362251,active,ltd,,,2025-04-02,,2025-04-02,[52103],14 Selby Street London England E1 5BX,,,
AIRGEADAIS ADVISORY LTD,16364104,active,ltd,,,2025-04-03,,2025-04-03,[70229],60 Tottenham Court Road Suite 5927a London United Kingdom W1T 2EW,,,
HUK 165 LIMITED,16417062,active,ltd,,,2025-04-29,,2025-04-29,[64999],84 Grosvenor Street London England W1K 3JZ,,,
COSMIC GOLD LTD,16416844,active,ltd,,,2025-04-29,,2025-04-29,[47910, 70221, 70229, 79110],60 Tottenham Court Road Suite 6041a London United Kingdom W1T 2EW,,,
REGENT CAB LTD,16395332,active,ltd,,,2025-04-17,,2025-04-17,[45112, 49320, 77110],32 Aylmer Parade Aylmer Road London England N2 0PE,,,
K.SAN SERVICES LTD,16380973,active,ltd,,,2025-04-11,,2025-04-11,[45320, 47190],59 Alexandra Road London United Kingdom E17 8DU,,,
GASHBIN REAL ESTATE INVESTMENT LTD,16392599,active,ltd,,,2025-04-16,,2025-04-16,[41100, 41201, 68100, 68209],International House, 101 King's Cross Road, London London England WC1X 9LP,,,
BURNETT PROPERTY SOURCING LTD,16411937,active,ltd,,,2025-04-28,,2025-04-28,[55900, 82990],71-75 Shelton Street London United Kingdom WC2H 9JQ,,,
RED PANDA INTERNATIONAL LTD,16409769,active,ltd,,,2025-04-25,,2025-04-25,[47640, 47789, 52290, 95290],2 Graduate Place London England SE1 4QH,,,
MASTOKES LTD,16389254,active,ltd,,,2025-04-15,,2025-04-15,[47910],18 Soho Square London England W1D 3QL,,,
WHITELAND PROPERTY INVESTMENTS LTD,16369164,active,ltd,,,2025-04-07,,2025-04-07,[68100, 68209],124 City Road London England EC1V 2NX,,,
URBAN TURF LTD,16419130,active,ltd,,,2025-04-30,,2025-04-30,[93110],124 Albany Street London England NW1 4EL,,,
DELOY PROPERTY INVESTMENTS LTD,16379660,active,ltd,,,2025-04-10,,2025-04-10,[68100, 68209],3 Curtis Way Thamesmead England SE28 8DP,,,
28 HR LTD,16391929,active,ltd,,,2025-04-16,,2025-04-16,[68209],8th Floor 6 New Street Square London England EC4A 3AQ,,,
PORTKEY LOGISTICS LTD,16356885,active,ltd,,,2025-04-01,,2025-04-01,[68320, 70229, 73110, 81100],20 Wenlock Road London England N1 7GU,,,
READ WRITE EXECUTE LIMITED,16369155,active,ltd,,,2025-04-07,,2025-04-07,[68209, 68320],167-169 Great Portland Street 167 169 Great Portland Street London England W1W 5PF,,,
CARBON SHRINK LIMITED,16358374,active,ltd,,,2025-04-01,,2025-04-01,[14190, 70229, 74901],79 Albert Palace Mansions London England SW11 4DQ,,,
HELLO ORGANICS LTD,16369299,active,ltd,,,2025-04-07,,2025-04-07,[56290],Office 48 61 Praed Street London United Kingdom W2 1NS,,,
DSD VEGETABLE LIMITED,16365644,active,ltd,,,2025-04-04,,2025-04-04,[46310],Benson Avenue London England E6 3ED,,,
INEED LTD,16374145,active,ltd,,,2025-04-08,,2025-04-08,[43210],25 Hoylake Road London England W3 7NP,,,
PATTERNKIND LTD,16360320,active,ltd,,,2025-04-02,,2025-04-02,[62012, 64202, 73110, 79110],24 Haines House 10 Charles Clowes Walk London England SW11 7AH,,,
ASIA E JONES LTD,16360531,active,ltd,,,2025-04-02,,2025-04-02,[82301],66 Paul Street London England EC2A 4NA,,,
RED WORKSPACE LTD,16356844,active,ltd,,,2025-04-01,,2025-04-01,[41201],124 City Road London England EC1V 2NX,,,
LIGHTHOUSE UK CONSULTING LTD,16356826,active,ltd,,,2025-04-01,,2025-04-01,[63990, 70229, 73110, 85590],410 107-111 Fleet Street London England EC4A 2AB,,,
VIREXACOM LIMITED,16410405,active,ltd,,,2025-04-26,,2025-04-26,[78109, 78200],167-169 Great Portland Street London England W1W 5PF,,,
NPLUSH STUDIO LIMITED,16370257,active,ltd,,,2025-04-07,,2025-04-07,[74100],116 London Road Tunbridge Wells England TN4 0PN,,,
SHINING MONKEYS NE LIMITED,16379161,active,ltd,,,2025-04-10,,2025-04-10,[45200],Suite G04 1 Quality Court, Chancery Lane London England WC2A 1HR,,,
FENN DIGITAL LTD,16418471,active,ltd,,,2025-04-29,,2025-04-29,[62090],5 Brayford Square London England E1 0SG,,,
REYHAVN LTD,16355727,active,ltd,,,2025-04-01,,2025-04-01,[55209, 68209],66 Paul Street London England EC2A 4NA,,,
WY FINANCE LIMITED,16367327,active,ltd,,,2025-04-05,,2025-04-05,[69202],26b Linden Avenue London England NW10 5RE,,,
OAKLYN COMMERCE LTD,16401753,active,ltd,,,2025-04-23,,2025-04-23,[47910],94 The Fairway London England N14 4NU,,,
AJV CAPITAL LTD,16379020,active,ltd,,,2025-04-10,,2025-04-10,[68209],167-169 Great Portland Street London England W1W 5PF,,,
ORES INTERNATIONAL LIMITED,16372550,active,ltd,,,2025-04-08,,2025-04-08,[64209],La City London England EC1R 5HL,,,
TURNTROOP LTD,16367047,active,ltd,,,2025-04-04,,2025-04-04,[62012, 62020],167-169 Great Portland Street London England W1W 5PF,,,
LAZAF LIMITED,16375025,active,ltd,,,2025-04-08,,2025-04-08,[56290],12 Long Lane London England N3 2PT,,,
LIGHT ALCHEMY TRADING LTD,16382270,active,ltd,,,2025-04-11,,2025-04-11,[63990],Flat 2 Edwyn House London England SW18 4BW,,,
HSTUDIOS LTD,16364099,active,ltd,,,2025-04-03,,2025-04-03,[74209],Canalot Studios London W10 5BN,,,
SHIN + LIANG ARCHITECTS LTD,16369742,active,ltd,,,2025-04-07,,2025-04-07,[71111],45 Mendora Road London England SW6 7ND,https://shinliangarchitects.com,studio@shinliangarchitects.com,Confirmed
ANTICO TWINS PROPERTIES LTD,16409524,active,ltd,,,2025-04-25,,2025-04-25,[68209],Southgate Office Village Block F, Office 4 London United Kingdom N14 6HF,,,
OREUM LTD,16416138,active,ltd,,,2025-04-29,,2025-04-29,[32120, 47910],66 Paul Street London England EC2A 4NA,,,
BAFALW STUDIO LIMITED,16357037,active,ltd,,,2025-04-01,,2025-04-01,[71111, 74100, 90030],Workshop 09, Lj Works London England SW9 7FA,,,
NAYLA LTD,16418296,active,ltd,,,2025-04-29,,2025-04-29,[56290],1019 Finchley Road London England NW11 7ES,,,
ZENGCAPITAL LTD,16394014,active,ltd,,,2025-04-17,,2025-04-17,[46499, 47910, 47990],Apartment 3805 10 Park Drive London England E14 9QY,,,
RVM AIRCRAFT MAINTENANCE &PRODUCTION ENGINEERING LTD,16365413,active,ltd,,,2025-04-04,,2025-04-04,[33160],167-169 Great Portland Street London England W1W 5PF,,,
DEVCO UPSIDE LATAM LTD,16382606,active,ltd,,,2025-04-11,,2025-04-11,[35110, 42220, 70100],66 Paul Street London England EC2A 4NA,,,
DANODY HAUS & CO LTD,16387825,active,ltd,,,2025-04-15,,2025-04-15,[68100, 68209],27 Old Gloucester Street London United Kingdom WC1N 3AX,,,
DODO RECRUITMENT SOLUTIONS LTD,16422123,active,ltd,,,2025-04-30,,2025-04-30,[71122],Office 18574 182-184 High Street North London England E6 2JA,,,
QUICKMONEY123 LIMITED,16377560,active,ltd,,,2025-04-09,,2025-04-09,[99999],53 Templars Avenue London United Kingdom NW11 0NU,,,
NOAM ELIMELECH LTD,16377202,active,ltd,,,2025-04-09,,2025-04-09,[68100, 68209],60 Moundfield Road London England N16 6TB,,,
OLIVER BALAZS LTD,16415274,active,ltd,,,2025-04-29,,2025-04-29,[70229],Flat 9, 38 Hilldrop Lane London England N7 0HN,,,
STIRLING RESEARCH LTD,16380570,active,ltd,,,2025-04-10,,2025-04-10,[62012, 70229],72 Grove Park London England SE5 8LF,,,
BAZEFLIX LTD,16366729,active,ltd,,,2025-04-04,,2025-04-04,[59112, 62090],90 Coburg Crescent London England SW2 3HU,,,
LEGACY OF LIGHT LTD,16402151,active,ltd,,,2025-04-23,,2025-04-23,[46190],71-75 Shelton Street London United Kingdom WC2H 9JQ,,,
QUANTUM LIME LTD,16377380,active,ltd,,,2025-04-09,,2025-04-09,[62012, 62020, 62030, 63120],167-169 Great Portland Street London England W1W 5PF,,,
ORANGE CAT ENTERPRISES LTD,16389301,active,ltd,,,2025-04-15,,2025-04-15,[47410],71-75 Shelton Street London United Kingdom WC2H 9JQ,,,
MAPPY MOVERS LTD,16393536,active,ltd,,,2025-04-17,,2025-04-17,[47910, 49320, 53202, 59112],71-75 Shelton Street London United Kingdom WC2H 9JQ,,,
HALLS NEVIS REALESTATE LTD,16413207,active,ltd,,,2025-04-28,,2025-04-28,[68100, 68209],30a Church Road London United Kingdom NW10 9PX,,,
UNITED LIVING CARE LTD,16403833,active,ltd,,,2025-04-23,,2025-04-23,[87100, 87200, 87300, 87900],20, Barnesbury House, Flat 28 Clarence Avenue London United Kingdom SW4 8HX,,,
LYO HOLDINGS LIMITED,16421302,active,ltd,,,2025-04-30,,2025-04-30,[68209],Unit B2 Edmonton Industrial Park London England N18 3BH,,,
UCHOA CAPITAL GROUP UK LTD,16392566,active,ltd,,,2025-04-16,,2025-04-16,[64209, 70229, 74909],71-75 Shelton Street London United Kingdom WC2H 9JQ,,,
ARA INTERNATIONAL LTD,16401818,active,ltd,,,2025-04-23,,2025-04-23,[62012],86-90 Paul Street London England EC2A 4NE,,,
G&L CONCEPTS LTD,16399203,active,ltd,,,2025-04-22,,2025-04-22,[56101],296 Westbourne Grove London United Kingdom W11 2PS,,,
VANSUN GLOBE TRADING LIMITED,16414085,active,ltd,,,2025-04-28,,2025-04-28,[47910],121 Springfield Avenue London England SW20 9JS,,,
ALP CONSULTING LIMITED,16400037,active,ltd,,,2025-04-22,,2025-04-22,[62020],203 London Road Hadleigh SS7 2RD,,,
MA. DA. CONSULTING LTD,16407729,active,ltd,,,2025-04-25,,2025-04-25,[85600],Wn London England SE1 2PL,,,
AFRICAN SUNRISE SAFARI LTD,16404872,active,ltd,,,2025-04-24,,2025-04-24,[79120, 79901],71-75 Shelton Street London United Kingdom WC2H 9JQ,,,
VOX APP STUDIO LTD,16402459,active,ltd,,,2025-04-23,,2025-04-23,[58290, 62012, 62090],71-75 Shelton Street London United Kingdom WC2H 9JQ,,,
ROCK SOURCE LTD,16365987,active,ltd,,,2025-04-04,,2025-04-04,[43290, 47190, 47429, 62020],27 Old Gloucester Street London United Kingdom WC1N 3AX,,,
SAMUEL ELLIS LIMITED,16390688,active,ltd,,,2025-04-16,,2025-04-16,[68100],51 Peninsular Close Feltham London England TW14 9ST,,,
ALIZZE LTD,16399190,active,ltd,,,2025-04-22,,2025-04-22,[99999],Basement Flat London England SE14 5PP,
PARCHMENT CAPITAL LTD,16399418,active,ltd,,,2025-04-22,,2025-04-22,[64209],60 Tottenham Court Road Suite 5641a London United Kingdom W1T 2EW,
AETHER DIGITAL LTD,16360149,active,ltd,,,2025-04-02,,2025-04-02,[96090],Flat 506 Warman Walk London England SE10 0WU,
CHISWICKW4 LTD,16406383,active,ltd,,,2025-04-24,,2025-04-24,[43290],340 West End Lane London England NW6 1LN,
ICONIC ALBUMS LIMITED,16415979,active,ltd,,,2025-04-29,,2025-04-29,[47910],95 Baltimore House London SW18 1TT,
UZI’S BEAUTY SALOON LTD,16369801,active,ltd,,,2025-04-07,,2025-04-07,[96020],Flat 25 2 Flint Gardens Ilford London United Kingdom IG3 9FQ,
GORDON FIELD CAPITAL LIMITED,16396044,active,ltd,,,2025-04-18,,2025-04-18,[68320],70 Elgin Crescent London England W11 2JJ,https://www.gordonfield.com,,Likely
HAIRZONESUK LTD,16419209,active,ltd,,,2025-04-30,,2025-04-30,[85590, 96020],74 Broadway London England E15 1NG,https://hairzones.com,,Confirmed
ALTINSOY COMMERCE LTD,16420411,active,ltd,,,2025-04-30,,2025-04-30,[47910, 62012],71-75 Shelton Street London United Kingdom WC2H 9JQ,
FIVEWAYZ LTD,16406117,active,ltd,,,2025-04-24,,2025-04-24,[49410, 52103, 52290, 53202],Milner House, Flat 8 London England SW11 2BZ,
MWH PROPERTIES LIMITED,16419242,active,ltd,,,2025-04-30,,2025-04-30,[68209, 82990],128 City Road London United Kingdom EC1V 2NX,
MAPS GLOBAL LTD,16401100,active,ltd,,,2025-04-22,,2025-04-22,[74909],80 Crestway London England SW15 5DD,
LONDON BLINDS & SHADES LTD,16369007,active,ltd,,,2025-04-07,,2025-04-07,[13923],125 Keogh Road London United Kingdom E15 4NT,
FULL STEAM TRADERS LIMITED,16364508,active,ltd,,,2025-04-04,,2025-04-04,[56290],Studio 408 The Archives, Unit 10 High Cross Centre London England N15 4QN,
NOMESOFT LTD,16414145,active,ltd,,,2025-04-28,,2025-04-28,[46510],60 Tottenham Court Road, Suite 6047a London United Kingdom W1T 2EW,
THE THOUGHT ACADEMY LTD,16417589,active,ltd,,,2025-04-29,,2025-04-29,[85600],124 City Road London United Kingdom EC1V 2NX,https://thethoughtacademy.com,info@thethoughtacademy.com,Confirmed
OPULUXE SERVICES LTD,16365116,active,ltd,,,2025-04-04,,2025-04-04,[81210, 81222],60 Tottenham Court Road, Suite 5846a London United Kingdom W1T 2EW,https://opuluxecleaningservices.com,opuluxecleaning@gmail.com,Confirmed
FLOWPOINT SOLUTIONS LTD,16376263,active,ltd,,,2025-04-09,,2025-04-09,[52290],Leon House London England SE7 8FR,https://flowpoint-solutions.com,info@flowpoint-solutions.com,Confirmed
BINDLE CORP LTD,16390702,active,ltd,,,2025-04-16,,2025-04-16,[64999],20 Wenlock Road London England N1 7GU,
TECHNICAL LABELLING MATCH LTD,16420035,active,ltd,,,2025-04-30,,2025-04-30,[46660],71-75 Shelton Street London United Kingdom WC2H 9JQ,https://www.tlmltd.uk,,Likely
SANIXLAB LTD,16377332,active,ltd,,,2025-04-09,,2025-04-09,[58210, 62012, 62020, 63110],2nd Floor College House Ruislip, United Kingdom HA4 7AE,
JGW BUILDING LTD,16384537,active,ltd,,,2025-04-14,,2025-04-14,[41202, 43120, 43290],C/O Goumal & Co Limited London England N19 4RU,
AK ADOBRIX LTD,16399480,active,ltd,,,2025-04-22,,2025-04-22,[68100],167-169 Great Portland Street, London United Kingdom W1W 5PF,
LEARN AND PASS LTD,16360195,active,ltd,,,2025-04-02,,2025-04-02,[85530],44 Broadway London England E15 1XH,
GRAMMAR LTD,16413766,active,ltd,,,2025-04-28,,2025-04-28,[56290, 62012, 72200, 86900],42 Muswell Hill Road London England N10 3JP,
ASHCROFT STERLING LTD,16402102,active,ltd,,,2025-04-23,,2025-04-23,[96090],128 City Road 128 City Road London England EC1V 2NX,https://ashcroftsterling.com,contact@ashcroftsterling.com,Confirmed
VORBER TECHNOLOGY LTD.,16395984,active,ltd,,,2025-04-18,,2025-04-18,[58290, 62012, 62020, 63110],Office 7 35-37 Ludgate Hill London England EC4M 7JN,
HEAVEN OF SAMIRA LIMITED,16380148,active,ltd,,,2025-04-10,,2025-04-10,[68100, 68209, 70229],Flat 5 Bridgen House London England E1 2DT,
LIAM MCCABE INTERPRETING LIMITED,16360262,active,ltd,,,2025-04-02,,2025-04-02,[74300],Flat 12 Colin Court London United Kingdom SW16 1LJ,
Z CXO SOLUTIONS LTD,16376647,active,ltd,,,2025-04-09,,2025-04-09,[62020, 70221, 70229, 96090],66 Paul Street London England EC2A 4NA,
MASTVISION COLLECTIVE LIMITED,16421468,active,ltd,,,2025-04-30,,2025-04-30,[70229, 82990, 85590],71-75 Shelton Street London United Kingdom WC2H 9JQ,https://www.ethicsvision.co.uk/mastvision-collective,mastvision@ethicsvision.co.uk,Confirmed
PRAESIDIO LTD,16366889,active,ltd,,,2025-04-04,,2025-04-04,[68320, 98000],36-38 Clapham Road Clapham Road London England SW9 0JQ,
INCAVIA LTD,16361864,active,ltd,,,2025-04-02,,2025-04-02,[26400, 47910],Office 53 Unit 5 Mayfair United Kingdom W1C 2BU,https://incavia.com,,Confirmed
ROSIE CON LIMITED,16400466,active,ltd,,,2025-04-22,,2025-04-22,[56210],Flat 23 Acton House London England E8 4HQ,
KUTSAL TRADING LTD,16420503,active,ltd,,,2025-04-30,,2025-04-30,[09100, 46711, 66120, 66190],20 Wenlock Road London England N1 7GU,https://kutsaltrading.com,sales@futureglobalenergy.com,Likely
FEASTIFYK LTD,16375248,active,ltd,,,2025-04-09,,2025-04-09,[47910],292962 Office Suite 29a, 3/F London SE8 3GG,
ACCESS2UNI LTD,16412114,active,ltd,,,2025-04-28,,2025-04-28,[85410, 85600],71-75 Shelton Street London England WC2H 9JQ,https://access2uni.co.uk,,Confirmed
ALL STEPS LTD,16374085,active,ltd,,,2025-04-08,,2025-04-08,[85590, 85600],Kirkdale House , Room 15 London England E11 1HP,
LILINYANBOY LIMITED,16382352,active,ltd,,,2025-04-11,,2025-04-11,[69203, 70229, 82110, 82990],14 Wells View Drive London England BR2 9UL,
RESTWOLD NOVELTY LTD,16418376,active,ltd,,,2025-04-29,,2025-04-29,[68209],Office 19291 182-184 High Street North London England E6 2JA,
KINDRED JOURNEY LTD,16404972,active,ltd,,,2025-04-24,,2025-04-24,[79110, 79120],167-169 Great Portland Street London England W1W 5PF,
PRESS F LTD,16402053,active,ltd,,,2025-04-23,,2025-04-23,[47650, 62012],71-75 Shelton Street London United Kingdom WC2H 9JQ,
FEDA LTD,16418504,active,ltd,,,2025-04-29,,2025-04-29,[85421, 86101, 86900],86-90 Paul Street London England EC2A 4NE,
HWG MOSLEY BIDCO LIMITED,16394265,active,ltd,,,2025-04-17,,2025-04-17,[68209],4th Floor 24 Old Bond Street London United Kingdom W1S 4AW,
PAYTIVA LIMITED,16366375,active,ltd,,,2025-04-04,,2025-04-04,[70229],71-75 Shelton Street London United Kingdom WC2H 9JQ,
MICRO LTD,16422461,active,ltd,,,2025-04-30,,2025-04-30,[62012, 72110, 74909],Office 300, Unit 5 399-405 Oxford Street London England W1C 2BU,
ABIA FOOD LTD,16369641,active,ltd,,,2025-04-07,,2025-04-07,[56103],Room 17 St Mark's Community Centre London England E6 5YA,
NEUTRALLY LTD,16363569,active,ltd,,,2025-04-03,,2025-04-03,[58290],128 City Road London United Kingdom EC1V 2NX,
QUAD S PROPERTY SOLUTIONS LTD,16410705,active,ltd,,,2025-04-26,,2025-04-26,[68100, 68201, 68209, 68320],3rd Floor, 86-90 Paul Street London England EC2A 4NE,
JMA RELOCATIONS GROUP LIMITED,16410844,active,ltd,,,2025-04-27,,2025-04-27,[98000],4th Floor Office London England W1B 4HB,
CRAFT STUDIO BARBERSHOP LTD,16421031,active,ltd,,,2025-04-30,,2025-04-30,[96020],17a Canfield Place London England NW6 3BT,
CALITII HOLDINGS LTD,16394437,active,ltd,,,2025-04-17,,2025-04-17,[64209],Seventh Floor London United Kingdom EC2V 7NA,https://calitii.com,enquiries@calitii.com,Confirmed
LUCIENTA PARTNERS LTD,16418918,active,ltd,,,2025-04-29,,2025-04-29,[62020, 62090],8 Millennium Close London United Kingdom E16 3QR,https://lucientapartners.com,,Likely
THE SR INNOVATION WORLDWIDE LIMITED,16371735,active,ltd,,,2025-04-07,,2025-04-07,[62012, 62020, 73110, 74100],66 Paul Street London United Kingdom EC2A 4NA,
HOUSING CONSTRUCTION LTD,16387159,active,ltd,,,2025-04-14,,2025-04-14,[41202, 43120, 43290, 43390],Unit 13, 1st Floor, Skyline Village, London England E14 9TS,
ART MOVES EVERYTHING LTD,16386565,active,ltd,,,2025-04-14,,2025-04-14,[73110],85 Great Portland Street London England W1W 7LT,
STOREXPRESS LTD,16415886,active,ltd,,,2025-04-29,,2025-04-29,[47910, 62012],20 Wenlock Road London England N1 7GU,
NAFUNI BIOTECHNOLOGY CO., LTD,16398261,active,ltd,,,2025-04-22,,2025-04-22,[46450, 46900],167-169 Great Portland Street, London United Kingdom W1W 5PF,
KIP CONSULTING LTD,16407004,active,ltd,,,2025-04-24,,2025-04-24,[70229, 74100, 85590],128 City Road London United Kingdom EC1V 2NX,
269 LEISURE LTD,16408823,active,ltd,,,2025-04-25,,2025-04-25,[56101],282 Solar House Chase Road London United Kingdom N14 6NZ,
SYZJ LTD,16410341,active,ltd,,,2025-04-25,,2025-04-25,[71111, 71112, 71122, 74100],27 Canal Reach London United Kingdom N1C 4AZ,
PADELX (TODENHAM) LIMITED,16395185,active,ltd,,,2025-04-17,,2025-04-17,[93110],Office 16 Corby Enterprise Centre Corby England NN17 5EU,https://padelx.club,hello@padelx.club,Confirmed
PADELX NO. 3 LIMITED,16395212,active,ltd,,,2025-04-17,,2025-04-17,[93110],Office 16 Corby Enterprise Centre Corby England NN17 5EU,https://padelx.club,hello@padelx.club,Likely
PADELX (PONSBOURNE) LIMITED,16395031,active,ltd,,,2025-04-17,,2025-04-17,[93110],Office 16 Corby Enterprise Centre Corby England NN17 5EU,https://padelx.club,hello@padelx.club,Confirmed
ONLY IN NAME LIMITED,16414172,active,ltd,,,2025-04-28,,2025-04-28,[64209, 70229, 74909, 90030],167-169 Great Portland Street 167-169 Great Portland Street London England W1W 5PF,
PADELX (BURGHLEY) LIMITED,16404877,active,ltd,,,2025-04-24,,2025-04-24,[93110],Office 16 Corby Enterprise Centre Corby England NN17 5EU,https://padelx.club,hello@padelx.club,Confirmed
REGENTS ASSET FINANCE LTD,16417510,active,ltd,,,2025-04-29,,2025-04-29,[64929],167-169 Great Portland Street London England W1W 5PF,https://regentsaf.net,,Likely
VANLEECHI GLAM LIMITED,16363840,active,ltd,,,2025-04-03,,2025-04-03,[99999],Flat 7 Vantrey House London England SE11 6TY,
TONHALLE LTD,16416015,active,ltd,,,2025-04-29,,2025-04-29,[46420, 47640, 47910],Unit 39 St Olavs Court City Business Centre London United Kingdom SE16 2XB,
SANSA MEDICAL LTD,16387688,active,ltd,,,2025-04-15,,2025-04-15,[86210],71-75 Shelton Street London United Kingdom WC2H 9JQ,
ELOM HIRE LTD,16422606,active,ltd,,,2025-04-30,,2025-04-30,[77110],Unit 496, 275 New North Road London England N1 7AA,
JOPLENT GADGETS ONLINE LIMITED,16370604,active,ltd,,,2025-04-07,,2025-04-07,[47910],69 Vallance Road London England E1 5BS,
MY-NAP-STAR LTD,16374561,active,ltd,,,2025-04-08,,2025-04-08,[46410],71-75 Shelton Street London United Kingdom WC2H 9JQ,
LANDMAX DEVELOPMENTS LTD,16410983,active,ltd,,,2025-04-27,,2025-04-27,[41100],Flat 3 Jerdan House London England SW6 1PD,https://landmaxdevelopments.com,info@landmaxdevelopments.com,Likely
NAME PENDANT LTD,16371310,active,ltd,,,2025-04-07,,2025-04-07,[32120],401 Katherine Road London England E7 8LT,
PJ SERVICES NORWAY LIMITED,16417454,active,ltd,,,2025-04-29,,2025-04-29,[99999],27 Old Gloucester Street London United Kingdom WC1N 3AX,
JORDBAER FAMILIEN INVEST LIMITED,16414836,active,ltd,,,2025-04-28,,2025-04-28,[99999],27 Old Gloucester Street London United Kingdom WC1N 3AX,
PT INVESTMENT NORWAY LIMITED,16402836,active,ltd,,,2025-04-23,,2025-04-23,[99999],27 Old Gloucester Street London United Kingdom WC1N 3AX,
EXILE STUDIOS LTD,16379585,active,ltd,,,2025-04-10,,2025-04-10,[59111],167-169 Great Portland Street London England W1W 5PF,
OAKBERRY WEST LTD.,16386544,active,ltd,,,2025-04-14,,2025-04-14,[47290, 56102, 56290, 82990],278 Langham Road London United Kingdom N15 3NP,
LOTS & WELDING LIMITED,16358165,active,ltd,,,2025-04-01,,2025-04-01,[99999],27 Old Gloucester Street London United Kingdom WC1N 3AX,
LUX HOLIDAYS LIMITED,16419472,active,ltd,,,2025-04-30,,2025-04-30,[79110],27 Old Gloucester Street London United Kingdom WC1N 3AX,
BIL MASKIN TRADING LIMITED,16376739,active,ltd,,,2025-04-09,,2025-04-09,[99999],27 Old Gloucester Street London United Kingdom WC1N 3AX,
TRADES CONNECT 25 LIMITED,16415369,active,ltd,,,2025-04-29,,2025-04-29,[82990],Suite G04 1 Quality Court, Chancery Lane London England WC2A 1HR,https://www.tradesconnect25ltd.co.uk,,Confirmed
OUTDOORLY ADVENTURES LTD,16387287,active,ltd,,,2025-04-15,,2025-04-15,[79120],128 City Road London England EC1V 2NX,https://www.outdoorly.com,,Confirmed
MRS BEE CLAPHAM LIMITED,16399685,active,ltd,,,2025-04-22,,2025-04-22,[56103, 56290],R/O 44 Broadway Court London England SW19 1RQ,
OASK LEGETJENESTER LIMITED,16409257,active,ltd,,,2025-04-25,,2025-04-25,[99999],27 Old Gloucester Street London United Kingdom WC1N 3AX,
LMO INVESTMENTS LTD,16422344,active,ltd,,,2025-04-30,,2025-04-30,[68100],Lower Ground Floor, 43 Lower Ground Floor London England N16 5SX,
MODERN FOOTBALL LEAGUE LTD,16415363,active,ltd,,,2025-04-29,,2025-04-29,[93199],Basement Flat 61-63 St. John's Hill London England SW11 1SX,https://www.modernfootballleague.uk,,Likely
GA PROPERTY HUNTERS LTD,16391020,active,ltd,,,2025-04-16,,2025-04-16,[82990],C/O Hillier Hopkins Llp London United Kingdom SW1Y 5JG,https://www.gandaproperty.co.uk,,Confirmed
TUPLE BIDCO LIMITED,16389427,active,ltd,,,2025-04-15,,2025-04-15,[64209],16-21 Sackville Street London United Kingdom W1S 3DN,
LEVANT LONDON & CO LIMITED,16380110,active,ltd,,,2025-04-10,,2025-04-10,[56102],Unit 2a 26-28 Standard Road London England NW10 6EU,
PARMX INVESTMENT HOLDING LIMITED,16407583,active,ltd,,,2025-04-25,,2025-04-25,[64191, 64301, 64304],Monomark House London England WC1N 3AX,
SUNRISING UK GROUP LTD,16402335,active,ltd,,,2025-04-23,,2025-04-23,[63990, 73110],124 City Road, London London England EC1V 2NX,
BARCLAYS FINANCE LIMITED,16389203,active,ltd,,,2025-04-15,,2025-04-15,[64191, 64205, 64301],128 City Road London United Kingdom EC1V 2NX,
JAVARI LIMITED,16410125,active,ltd,,,2025-04-25,,2025-04-25,[47910, 81210, 88100, 88910],19 Cheddington Road London England N18 1LT,
NYU SKIN STUDIO LTD,16411269,active,ltd,,,2025-04-28,,2025-04-28,[96020],Unit 18 Unit 18, Gallions Reach London England E6 7ER,https://www.nyuskinstudio.co.uk,nyuskinstudio@gmail.com,Confirmed
MANIFEST BUSINESS DEVELOPMENT LTD,16356751,active,ltd,,,2025-04-01,,2025-04-01,[70210],1st Floor Gallery Court London England N3 2FG,https://manifest.agency,,Likely
DOWNS SYKES LIMITED,16378827,active,ltd,,,2025-04-10,,2025-04-10,[46190],Northway House London England N1 1RU,
OURHOUSE OLIVE’S LIMITED,16414216,active,ltd,,,2025-04-28,,2025-04-28,[96090],101 New Cavendish Street London United Kingdom W1W 6XH,
NO 11 PROPERTY LTD,16373162,active,ltd,,,2025-04-08,,2025-04-08,[46499],Flat 126 St. Williams Court London England N1 0GN,
TALENT POSITIVE LIMITED,16374652,active,ltd,,,2025-04-08,,2025-04-08,[70229],10 Hawkesbury Road London England SW15 5HH,
AUDIO BY ALEX LTD,16393094,active,ltd,,,2025-04-16,,2025-04-16,[18201, 43210, 59200, 90020],23 Widdin Street Widdin Street London England E15 4RY,
LONDON STAR LIVING 1 LIMITED,16404042,active,ltd,,,2025-04-23,,2025-04-23,[64209],27 Old Gloucester Street London England WC1N 3AX,
STRAD LTD,16363175,active,ltd,,,2025-04-03,,2025-04-03,[64205, 70229, 74909],71-75 Shelton Street London United Kingdom WC2H 9JQ,
GOLDEN DOORS INVESTMENT LIMITED,16381844,active,ltd,,,2025-04-11,,2025-04-11,[55209, 68100, 68209, 68320],22 Keynsham Gardens London England SE9 6QF,
SFS CAPITAL LTD,16396575,active,ltd,,,2025-04-19,,2025-04-19,[68209],Apartment 7 2 Otterburn Street London England SW17 9AA,
NORTHWEST CONSTRUCTION & MAINTENANCE LTD,16413589,active,ltd,,,2025-04-28,,2025-04-28,[41202],167-169 Great Portland Street London W1W 5PF,
DAS DETAIL LTD,16416924,active,ltd,,,2025-04-29,,2025-04-29,[81299],2nd Floor College House Ruislip United Kingdom HA4 7AE,https://www.dasdetail.co.uk,,Confirmed
QUANT PROPERTY INVESTORS LIMITED,16416658,active,ltd,,,2025-04-29,,2025-04-29,[41100, 68100, 68209],8 Phoenix Way London England SW18 2PW,
VELORIA EDGE LTD,16406068,active,ltd,,,2025-04-24,,2025-04-24,[46190, 47710, 47760],2nd Floor College House Ruislip United Kingdom HA4 7AE,
GOD MODE SYSTEMS LTD,16412202,active,ltd,,,2025-04-28,,2025-04-28,[47910, 62012, 70229, 96040],86-90 Paul Street, London 86-90 Paul Street London England EC2A 4NE,
SHOPPERS NESTS LTD,16403712,active,ltd,,,2025-04-23,,2025-04-23,[96090],128 City Road London EC1V 2NX,
FAIL2FIX LTD,16403648,active,ltd,,,2025-04-23,,2025-04-23,[63120],71-75 Shelton Street London United Kingdom WC2H 9JQ,
SD CHERRY CAKE LTD,16392141,active,ltd,,,2025-04-16,,2025-04-16,[47240],65 Golders Green Road London NW11 8EL,
ADN RECRUITMENT LTD,16392556,active,ltd,,,2025-04-16,,2025-04-16,[78109],128 City Road London EC1V 2NX,
MHZ TRADING LTD,16393860,active,ltd,,,2025-04-17,,2025-04-17,[46499],First Floor London England NW10 2SL,
GASGASK LTD,16409898,active,ltd,,,2025-04-25,,2025-04-25,[56103],354 East Street London England SE17 2SX,
GGV-GB- LTD,16396407,active,ltd,,,2025-04-19,,2025-04-19,[41201],54 London Road London England E13 0DE,
MOHVIP SECURITY LTD,16382916,active,ltd,,,2025-04-11,,2025-04-11,[80100],1 Tenby House Hallfilled Estate London England W2 6ED,
NAS ALLIANCE LIMITED,16379207,active,ltd,,,2025-04-10,,2025-04-10,[68100, 68209],Unitc House 2 London United Kingdom N3 1QB,
PRECISE SOLUTIONS PVT LTD,16371424,active,ltd,,,2025-04-07,,2025-04-07,[80100, 81100, 82200],90 Warrior Square London England E12 5RT,
CLUB WELLBEING LTD,16390814,active,ltd,,,2025-04-16,,2025-04-16,[94990],143, Walton Heights, Apartment 603 Walworth Road London United Kingdom SE17 1FZ,
CLARENCE STREET REALTY LIMITED,16377028,active,ltd,,,2025-04-09,,2025-04-09,[68209],5 Ground Floor, Canberra Road London England W13 9BF,
MTLD BRL LTD,16358051,active,ltd,,,2025-04-01,,2025-04-01,[68209],Apartment 303 Milne Building Heritage Lane London England NW6 2AF,
BRANDPOOL LTD,16393245,active,ltd,,,2025-04-16,,2025-04-16,[46190],37 Palmerston Road London England N22 8QH,
GRANDE LUXE COLLECTION LTD,16361665,active,ltd,,,2025-04-02,,2025-04-02,[47710],128 City Road London United Kingdom EC1V 2NX,https://www.grandeluxecollection.com,info@grandeluxecollection.com,Confirmed
ODINLY TECHNOLOGIES LTD,16371544,active,ltd,,,2025-04-07,,2025-04-07,[70229, 73200],71-75 Shelton Street London United Kingdom WC2H 9JQ,
GENTLEBEAST LTD,16399700,active,ltd,,,2025-04-22,,2025-04-22,[46190, 46900, 47910, 82990],4th Floor, Silverstream House London England W1T 6EB,
ORIOCEAN AUTOMATION ENGINEERING CO., LIMITED,16399759,active,ltd,,,2025-04-22,,2025-04-22,[99999],2nd Floor College House Ruislip HA4 7AE,
EQONIC SUSTAINABILITY LIMITED,16374584,active,ltd,,,2025-04-08,,2025-04-08,[70229, 74901, 74909],C/O Pkf Littlejohn 30 Churchill Place London United Kingdom E14 5RE,https://www.eqonicsustainability.com,contact@eqonic.com,Likely
FA PRODUCTIONS LTD,16393488,active,ltd,,,2025-04-17,,2025-04-17,[59112, 74201, 74202],Great Portland Street, 167 - 169 Great Portland Street London England W1W 5PF,
HORIZON YACHT SOLUTIONS LTD,16408401,active,ltd,,,2025-04-25,,2025-04-25,[70229, 74909],66 Paul Street London England EC2A 4NA,
ALIF QURAN LTD,16378523,active,ltd,,,2025-04-10,,2025-04-10,[85590],124 City  Road London United Kingdom EC1V 2NX,https://alifquran.co.uk,admin@alifquran.co.uk,Confirmed
HAPPY VIBEZ LIMITED,16367178,active,ltd,,,2025-04-05,,2025-04-05,[77210, 82301],Office 7 35-37 Ludgate Hill London England EC4M 7JN,
MZE PROPERTY LIMITED,16362576,active,ltd,,,2025-04-03,,2025-04-03,[68100],10 Hartgrove Court 19 Elmwood Crescent London England NW9 0NN,
BENN DROP LTD,16415348,active,ltd,,,2025-04-29,,2025-04-29,[38110, 49420],26 Pioneer Close London England E14 6BF,
ASHRAF ATWAN LTD,16406490,active,ltd,,,2025-04-24,,2025-04-24,[23410],Building Number: 126 126 London Road 126 United Kingdom PE2 9BY,
YANG WOOD DRAGON LIMITED,16359567,active,ltd,,,2025-04-02,,2025-04-02,[96090],Japanese Acupuncture Clinic 1 Bedford Mews London England N2 9DB,
THE ENDO COACH LTD,16361115,active,ltd,,,2025-04-02,,2025-04-02,[82990],128 City Road London England EC1V 2NX,https://theendocoach.co.uk,,Likely
LONDURE GIFTS LTD,16414660,active,ltd,,,2025-04-28,,2025-04-28,[46900],20 Portelet Road London England E1 4ER,https://www.londuregifts.co.uk,,Confirmed
DUCKY SOLUTIONS LTD,16364396,active,ltd,,,2025-04-03,,2025-04-03,[47910, 77210],586 Watford Way London England NW7 3JH,
FPMC LTD,16387165,active,ltd,,,2025-04-14,,2025-04-14,[42990, 68100, 68209],21 Cavendish Close London England NW6 7XU,
REDESIGNRADAR LTD,16379474,active,ltd,,,2025-04-10,,2025-04-10,[62012, 62020, 62090, 70229],3rd Floor, 86-90 Paul Street London United Kingdom EC2A 4NE,
APHROSPHERE LTD,16367295,active,ltd,,,2025-04-05,,2025-04-05,[47910, 62012, 63120, 96020],17 Akerman Road London England SW9 6SP,
CONTENT ATELIER LIMITED,16384024,active,ltd,,,2025-04-13,,2025-04-13,[47910, 59112, 73110, 90030],86-90 Paul Street London England EC2A 4NE,
R.C.A.F. TOPBRAND LTD,16381350,active,ltd,,,2025-04-11,,2025-04-11,[96090],Wn London England W1D 1PT,
HYDE DIGITAL LTD,16369212,active,ltd,,,2025-04-07,,2025-04-07,[47910],167-169 Great Portland Street London United Kingdom W1W 5PF,
MERCIER GROUP LIMITED,16379817,active,ltd,,,2025-04-10,,2025-04-10,[64209],71-75 Shelton Street London United Kingdom WC2H 9JQ,
ULSTERSWIFT LOGISTICS LIMITED,16379811,active,ltd,,,2025-04-10,,2025-04-10,[46499, 46520],122 Galpin's Road London England CR7 6EU,
WONDERWORKS LONDON LTD,16363297,active,ltd,,,2025-04-03,,2025-04-03,[77390],Ground & Lower Ground Floors London England W1W 7NT,
WET FLANNEL PRODUCTIONS LIMITED,16411677,active,ltd,,,2025-04-28,,2025-04-28,[59112],64 Clifton Street London England EC2A 4HB,
EASYCATCHY LTD,16409075,active,ltd,,,2025-04-25,,2025-04-25,[47910, 62090, 63120, 82990],27 Old Gloucester Street London United Kingdom WC1N 3AX,
ADVANTAGE EVENTS LIMITED,16395363,active,ltd,,,2025-04-17,,2025-04-17,[82990],20 Wenlock Road London England N1 7GU,
WINNERS SERVICES COMPANY DIGITAL LTD,16394341,active,ltd,,,2025-04-17,,2025-04-17,[62012, 73110, 82990, 96090],14/2e Docklands Business Centre Tiller Road London England E14 8PX,
SILVER SUPPORT SERVICES LTD,16399059,active,ltd,,,2025-04-22,,2025-04-22,[70229, 81100],566a Hertford Road London England N9 8AG,
SESITON LTD,16393254,active,ltd,,,2025-04-16,,2025-04-16,[18121, 68209],Flat 402 Main Sail House London England SE18 5BA,
DEMANDXAI LTD,16392247,active,ltd,,,2025-04-16,,2025-04-16,[62020, 63990],71-75 Shelton Street London United Kingdom WC2H 9JQ,
BRNDSUK LIMITED,16422020,active,ltd,,,2025-04-30,,2025-04-30,[62020, 70229],143 Lampton Road Hounslow London England TW3 4EA,
BENECURA GROUP LTD,16388979,active,ltd,,,2025-04-15,,2025-04-15,[11070],66 Paul Street 66 Paul Street London England EC2A 4NA,https://www.usebenecura.com,,Likely
BLUEMOON PROPERTY GROUP LIMITED,16417705,active,ltd,,,2025-04-29,,2025-04-29,[41100, 41202, 98000],167-169 Great Portland Street London England W1W 5PF,,,
ROCKHAVEN COMMODITIES LTD,16419527,active,ltd,,,2025-04-30,,2025-04-30,[70229],124-128 City Road London England EC1V 2NX,,,
IMPACT CABAL CIC,16372395,active,ltd,community-interest-company,,2025-04-08,,2025-04-08,[93120],Flat 72 Sapphire Court London England E15 2GF,,,
HARVEYS LEGAL LIMITED,16357036,active,ltd,,,2025-04-01,,2025-04-01,[69109],86-90 Paul Street London England EC2A 4NE,,,
MY STYLES APP LTD,16388943,active,ltd,,,2025-04-15,,2025-04-15,[62012, 63120],167 Great Portland Street London England W1W 5PF,https://mystyles.co.uk,info@mystyles.co.uk,Confirmed
NANDIBAE PLATFORMS LIMITED,16392238,active,ltd,,,2025-04-16,,2025-04-16,[62012],124 City Road London England EC1V 2NX,,,
THEBLISSFULLHOMES LTD,16398759,active,ltd,,,2025-04-22,,2025-04-22,[68209, 87900],128 City Rd. London United Kingdom EC1V 2NX,,,
MULA MERGE LTD,16407578,active,ltd,,,2025-04-25,,2025-04-25,[62012, 63110, 64999, 66190],128 City Road London United Kingdom EC1V 2NX,https://mulamerge.com,,Likely
EB COLLECTIVE LTD,16392724,active,ltd,,,2025-04-16,,2025-04-16,[56102],Suite Ra01 195-197 Wood Street London England E17 3NU,,,
VENSORA LTD,16410363,active,ltd,,,2025-04-26,,2025-04-26,[49410],19 Goldsmith Avenue London England E12 6QB,,,
LETAFET LIMITED,16379280,active,ltd,,,2025-04-10,,2025-04-10,[47910, 62020, 62090],Office 408, Screenworks 22 Highbury Grove London United Kingdom N5 2ER,,,
ARCHIPELAGO COMMUNITY LTD,16387677,active,ltd,,,2025-04-15,,2025-04-15,[58141, 58190, 62020],71-75 Shelton Street London United Kingdom WC2H 9JQ,,,
OSK GLOBAL LTD,16387555,active,ltd,,,2025-04-15,,2025-04-15,[47910, 62012, 70229],71-75 Shelton Street London United Kingdom WC2H 9JQ,,,
CODESPEAK LTD,16382179,active,ltd,,,2025-04-11,,2025-04-11,[62012],Hamilton House London England EC4Y 0HA,,,
UK PINNACLE LTD,16396939,active,ltd,,,2025-04-20,,2025-04-20,[46190, 46900, 47190, 47910],20 - 22 Wenlock Road London England N1 7GU,,,
NOVIRA LIMITED,16408329,active,ltd,,,2025-04-25,,2025-04-25,[85600, 86900, 96090],Unit Da2 Sutherland House London England E17 6BU,,,
MR SMART HOME LTD,16365379,active,ltd,,,2025-04-04,,2025-04-04,[41201, 41202, 43290, 98000],212a Villiers Road London England NW2 5PU,https://mrsmarthome.co.uk,,Confirmed
MUIC PROPERTY LIMITED,16394603,active,ltd,,,2025-04-17,,2025-04-17,[98000],Flat 33 Horizon Court, London England SE15 1NS,,,
KLY CORE CO. LTD,16417673,active,ltd,,,2025-04-29,,2025-04-29,[46450, 46499, 47910, 47990],Kly Core Co. Ltd London England EC1V 2NX,https://www.klycore.com,,Confirmed
CKC CARES VENTURES LTD,16391487,active,ltd,,,2025-04-16,,2025-04-16,[70229, 85590, 86900, 96040],124 City Road London England EC1V 2NX,https://www.ckccares.com,sales@ckccares.com,Confirmed
WALTER REI LTD,16362709,active,ltd,,,2025-04-03,,2025-04-03,[90010, 90020, 90030, 96090],21b Belmont Road London United Kingdom N15 3LS,https://www.walter-rei.com,,Likely
PENGAPPLE LTD,16371414,active,ltd,,,2025-04-07,,2025-04-07,[32401, 58110, 59113, 90030],Flat 11 7 Exchange Gardens London United Kingdom SW8 1BP,,,
KELYN & CO. VISUALS LTD,16371050,active,ltd,,,2025-04-07,,2025-04-07,[47910, 59112, 74100],71-75 Shelton Street London United Kingdom WC2H 9JQ,,,
REDBURRY LETTINGS LTD,16380406,active,ltd,,,2025-04-10,,2025-04-10,[68320],9 Grosvenor Way London United Kingdom E5 9ND,,,
PRIME DEVELOPMENT PATH LTD,16365301,active,ltd,,,2025-04-04,,2025-04-04,[70229],Flat 12 Widecombe House London England SE5 9HF,,,
S1 EXECUTIVE LTD,16391123,active,ltd,,,2025-04-16,,2025-04-16,[45200, 52290, 77110],Suite 14 11 Regency Parade London England NW3 5EG,,,
GREENKIND BRANDS LIMITED,16414945,active,ltd,,,2025-04-28,,2025-04-28,[47910],167-169 Great Portland Street London England W1W 5PF,,,
CARS RULE LTD,16377364,active,ltd,,,2025-04-09,,2025-04-09,[47910, 59112, 90030],109-111 Fulham Palace Road London England W6 8JA,,,
CASATECH VENTURES LTD,16411653,active,ltd,,,2025-04-28,,2025-04-28,[62090],167-169 Great Portland Street London England W1W 5PF,,,
CASA HOLDING GROUP LIMITED,16406643,active,ltd,,,2025-04-24,,2025-04-24,[64209],167-169 Great Portland Street London England W1W 5PF,,,
CASAVEST LTD,16411645,active,ltd,,,2025-04-28,,2025-04-28,[43390, 55100, 68209],167-169 Great Portland Street London England W1W 5PF,https://www.sercasa.co.uk,hi@sercasa.co.uk,Confirmed
C & W PROPERTY SERVICES LTD,16359422,active,ltd,,,2025-04-02,,2025-04-02,[68310],128 City Road London United Kingdom EC1V 2NX,,,
BAYASHIELDS LTD,16394622,active,ltd,,,2025-04-17,,2025-04-17,[47910],119 Hazelbank Road London, United Kingdom United Kingdom SE6 1LT,https://www.bayashields.com,,Confirmed
WHITEWATER VENTURES LTD,16379307,active,ltd,,,2025-04-10,,2025-04-10,[70229],Garden Flat London England SW6 4LH,,,
DREAD ARCADIA LTD,16393520,active,ltd,,,2025-04-17,,2025-04-17,[45112, 77110, 82990],Silverstone House, Floor 4, 45 Fitzroy Street London England W1T 6EB,,,
3D JANITORIAL SERVICES LTD,16404511,active,ltd,,,2025-04-23,,2025-04-23,[81210, 81229],167-169 Great Portland Street London England W1W 5PF,https://www.3djanitorial.co.uk,,Confirmed
REVOVA LTD,16387787,active,ltd,,,2025-04-15,,2025-04-15,[10720, 47910, 59112, 74909],20 Wenlock Road London England N1 7GU,,,
WARCONT LTD,16371983,active,ltd,,,2025-04-08,,2025-04-08,[47910],71-75 Shelton Street London United Kingdom WC2H 9JQ,,,
RUGBY FIXTURE FINDER LTD,16405990,active,ltd,,,2025-04-24,,2025-04-24,[62012, 63120, 93199],128 City Road London United Kingdom EC1V 2NX,https://www.rugbyfixturefinder.com,,Confirmed
CJWALLS INVESTMENTS LTD,16390925,active,ltd,,,2025-04-16,,2025-04-16,[68100, 68209, 68320],First Floor 14-16 Powis Street Woolwich England SE18 6LF,,,
CANYON NUTRA LTD,16376144,active,ltd,,,2025-04-09,,2025-04-09,[47990],27 Old Gloucester Street London United Kingdom WC1N 3AX,,,
GROUND TRAVEL SERVICES LTD,16365573,active,ltd,,,2025-04-04,,2025-04-04,[79909, 96090],71-75 Shelton Street London United Kingdom WC2H 9JQ,,,
KURD CONSTRUCTION LTD,16365344,active,ltd,,,2025-04-04,,2025-04-04,[41201, 43290],Suite G04 1 Quality Court, Chancery Lane London England WC2A 1HR,,,
PARADISUS LETTINGS & MANAGEMENT LTD,16359974,active,ltd,,,2025-04-02,,2025-04-02,[68320],781-783 London Road Aylesford England ME20 6DE,,,
NEXT PIXEL LTD,16394201,active,ltd,,,2025-04-17,,2025-04-17,[47910, 62090],71-75 Shelton Street London United Kingdom WC2H 9JQ,,,
TAYLORS ACCOMMODATION LTD,16417436,active,ltd,,,2025-04-29,,2025-04-29,[68209],35 Geneva Drive London England SW9 8QG,,,
CANEDA LONDON LIMITED,16358063,active,ltd,,,2025-04-01,,2025-04-01,[68209],Suite 8 1-3 Little Titchfield Street London United Kingdom W1W 7BU,,,
IKOSI SOLUTIONS LTD,16380620,active,ltd,,,2025-04-10,,2025-04-10,[49410],Flat 15 Holt House London England SW2 2HH,,,
INFINITECRAFT INNOVATIONS LTD,16400112,active,ltd,,,2025-04-22,,2025-04-22,[47910],302 Watson Avenue London England E6 2DA,,,
MRS BEE EXCEL LIMITED,16416285,active,ltd,,,2025-04-29,,2025-04-29,[56103],R/O 44 Broadway Court London England SW19 1RG,,,
ADOR 2020 LTD,16386877,active,ltd,,,2025-04-14,,2025-04-14,[47910],167-169 Great Portland Street London England W1W 5PF,,,
HUK 162 LIMITED,16384367,active,ltd,,,2025-04-14,,2025-04-14,[64209],84 Grosvenor Street London England W1K 3JZ,,,
LOG MIX LTD,16401169,active,ltd,,,2025-04-23,,2025-04-23,[43390, 49410, 55209, 81210],3 Emanuel Avenue London England W3 6JG,,,
CCE.CONSULTANTS LTD,16356215,active,ltd,,,2025-04-01,,2025-04-01,[98200],167-169 Great Portland Street London England W1W 5PF,,,
SUNRISE IN PARADISE LTD,16371422,active,ltd,,,2025-04-07,,2025-04-07,[43210, 43341],Flat 53 Eddystone Tower London England SE8 3QU,,,
SALIBO LTD,16376153,active,ltd,,,2025-04-09,,2025-04-09,[62012, 62090, 80100],4, 1st Floor Tenterden Street London England W1S 1TE,https://salibo.co.uk,noah@salibo.co.uk,Confirmed
PAUL & SON DECORATING LTD,16396243,active,ltd,,,2025-04-18,,2025-04-18,[41201, 43341],9 Palmerston Crescent London England N13 4UE,,,
NAISWA GROUP LIMITED,16386040,active,ltd,,,2025-04-14,,2025-04-14,[10890, 47190, 56102, 70229],128 City Road London United Kingdom EC1V 2NX,,,
BHAMRA LAND & PROPERTY INVESTMENTS LIMITED,16411539,active,ltd,,,2025-04-28,,2025-04-28,[68209],66 Paul Street London United Kingdom EC2A 4NA,,,
DIGITAL SOLUTIONS BRIDGE LTD,16402155,active,ltd,,,2025-04-23,,2025-04-23,[58290, 62020, 62090],71-75 Shelton Street London United Kingdom WC2H 9JQ,,,
ZIAH ONE MEDIA LTD,16387406,active,ltd,,,2025-04-15,,2025-04-15,[82990, 90030],60 Tottenham Court Road Suite 5981a London United Kingdom W1T 2EW,,,
BRG CONSULTANTS LTD,16418466,active,ltd,,,2025-04-29,,2025-04-29,[82990],124 City Road London England EC1V 2NX,,,
YAO GUANG UK LTD,16416454,active,ltd,,,2025-04-29,,2025-04-29,[26110, 26400, 45310, 45320],167-169 Great Portland Street London England W1W 5PF,,,
APPVEN LTD,16410011,active,ltd,,,2025-04-25,,2025-04-25,[47599, 47910],Unit 904 Ground Floor Capital House London England E8 1LL,,,
CRYSTEON TECH LIMITED,16409331,active,ltd,,,2025-04-25,,2025-04-25,[47430, 47910],Unit 905 Ground Floor Capital House London England E8 1LL,,,
MEMOCIPE LIMITED,16421518,active,ltd,,,2025-04-30,,2025-04-30,[62011, 62012],60 Tottenham Court Road, Suite 5998a London United Kingdom W1T 2EW,,,
FANSHA LTD,16390976,active,ltd,,,2025-04-16,,2025-04-16,[62012],71-75 Shelton Street London WC2H 9JQ,,,
PL HOLDING GMBH LIMITED,16421274,active,ltd,,,2025-04-30,,2025-04-30,[64209],La City London England EC1R 5HL,,,
MEADOWGLO LTD,16416009,active,ltd,,,2025-04-29,,2025-04-29,[62090],27 Eversley Crescent London England N21 1EL,,,
THE TRAVELLING PADEL LTD,16355792,active,ltd,,,2025-04-01,,2025-04-01,[93199, 93290],47a, Flat 2 Exmouth Market London United Kingdom EC1R 4QL,,,
THE INTERSECTIONAL MAJORITY LTD,16387616,active,ltd,,,2025-04-15,,2025-04-15,[62012, 70229, 85590, 86900],8 Fortuna Close London United Kingdom N7 8XS,,,
NOLWICK LTD,16417367,active,ltd,,,2025-04-29,,2025-04-29,[47421, 47910],Unit 913 Ground Floor Capital House London England E8 1LL,,,
QYNLORRA LTD,16411278,active,ltd,,,2025-04-28,,2025-04-28,[47530, 47910],Unit 909 Ground Floor Capital House London England E8 1LL,,,
WE ARE REAL PEOPLE LTD,16359538,active,ltd,,,2025-04-02,,2025-04-02,[62020, 70229, 73110],180 Strand London England WC2R 1EA,,,
SOLYRA LTD,16398770,active,ltd,,,2025-04-22,,2025-04-22,[47910, 73110, 74100],Office 12431 182-184 High Street North London United Kingdom E6 2JA,,,
MARKETPROOF LTD,16409221,active,ltd,,,2025-04-25,,2025-04-25,[62020],14/2g Docklands Business Centre 10-16 Tiller Road London England E14 8PX,,,
AMI PROPERTY GROUP LTD,16393603,active,ltd,,,2025-04-17,,2025-04-17,[68209, 68310, 70229],82 Farley Road London United Kingdom SE6 2AR,https://www.amipropertygroup.co.uk,,Confirmed
OZARPA UK LIMITED,16381493,active,ltd,,,2025-04-11,,2025-04-11,[47910],71-75 Shelton Street London United Kingdom WC2H 9JQ,,,
SBA ELEVATORS LTD,16421667,active,ltd,,,2025-04-30,,2025-04-30,[43290],25 Rokeby Street London England E15 3NS,,,
SIDDIQUE MERCHANTS LIMITED,16404737,active,ltd,,,2025-04-24,,2025-04-24,[47910],60 Tottenham Court Road Suite 5918a London United Kingdom W1T 2EW,,,
FORENTECH CONSULTING LTD,16364487,active,ltd,,,2025-04-04,,2025-04-04,[62020],57 Creighton Ave London England E6 3DT,http://forentechconsulting.com,,Likely
AMBROFORIA LTD,16419423,active,ltd,,,2025-04-30,,2025-04-30,[62012, 62020],71-75 Shelton Street London United Kingdom WC2H 9JQ,,,
ONAWORLD LTD,16409002,active,ltd,,,2025-04-25,,2025-04-25,[47910],Office 18832 182-184 High Street North East Ham High Street North London England E6 2JA,,,
BERSU LIMITED,16399253,active,ltd,,,2025-04-22,,2025-04-22,[68100, 68209],126 Holloway Road London England N7 8JE,,,
KATOSMET LTD,16416841,active,ltd,,,2025-04-29,,2025-04-29,[62020],71-75 Shelton Street London WC2H 9JQ,,,
HARTEJAS LONDON LIMITED,16374212,active,ltd,,,2025-04-08,,2025-04-08,[46750],134 Buckingham Palace Road London England SW1W 9SA,https://www.hartejas.com,,Confirmed
NORWEGIAN FJORD AGRICULTURE CO., LTD,16399791,active,ltd,,,2025-04-22,,2025-04-22,[20140, 20150, 20200, 20590],167-169 Great Portland Street, London United Kingdom W1W 5PF,,,
MAYWELL EDGE LIMITED,16386047,active,ltd,,,2025-04-14,,2025-04-14,[47910, 47990],128 City Road London United Kingdom EC1V 2NX,,,
OTTERMAKE LTD,16376783,active,ltd,,,2025-04-09,,2025-04-09,[47910, 62012],398 Merton Road First Floor Flat London England SW18 5AD,,,
PARLOUR AND PATH LIMITED,16364145,active,ltd,,,2025-04-03,,2025-04-03,[46190, 47190, 47990, 70229],167-169 Great Portland Street London England W1W 5PF,,,
JAGO ARMOURIES LTD,16367399,active,ltd,,,2025-04-05,,2025-04-05,[47650],Suite G04 1 Quality Court, Chancery Lane London England WC2A 1HR,,,
OFFTHIRD LTD,16380922,active,ltd,,,2025-04-11,,2025-04-11,[99999],71-75 Shelton Street London England WC2H 9JQ,,,
WEALTHIVA LTD,16371413,active,ltd,,,2025-04-07,,2025-04-07,[58190, 63120],71-75 Shelton Street London United Kingdom WC2H 9JQ,,,
OV LABS LIMITED,16368446,active,ltd,,,2025-04-07,,2025-04-07,[62090],2 Leman Street London United Kingdom E1W 9US,,,
RUSSELLGATE LTD,16377095,active,ltd,,,2025-04-09,,2025-04-09,[69109, 85600],71-75 Shelton Street London United Kingdom WC2H 9JQ,,,
BLEAMSAR LTD,16372387,active,ltd,,,2025-04-08,,2025-04-08,[47910],2nd Floor College House Ruislip, United Kingdom HA4 7AE,,,
LONDON MARITIME INNOVATIONS LIMITED,16381542,active,ltd,,,2025-04-11,,2025-04-11,[82990],1 Bow Churchyard London United Kingdom EC4M 9DQ,,,
YIWU VERONICA IMPORT & EXPORT CO., LTD.,16409017,active,ltd,,,2025-04-25,,2025-04-25,[46900],167-169 Great Portland Street, London United Kingdom W1W 5PF,,,
RENOVA UK PROPERTY GROUP LIMITED,16387837,active,ltd,,,2025-04-15,,2025-04-15,[55209, 68209, 68310, 68320],221 Longley Road London England SW17 9LG,,,
LEGACY PROPERTY & INVESTMENTS LIMITED,16392621,active,ltd,,,2025-04-16,,2025-04-16,[68100, 68209],3-5 London Road Rainham England ME8 7RG,,,
PALMBAY SOFTWARE LTD,16380280,active,ltd,,,2025-04-10,,2025-04-10,[62012, 63110, 63120, 77110],20 Wenlock Road London England N1 7GU,https://palmbay.dev,,Confirmed
VENUS ARTS LTD,16388752,active,ltd,,,2025-04-15,,2025-04-15,[47910, 90030],5 Brayford Square London England E1 0SG,,,
MORAMAX CONSULTING SOLUTIONS LTD,16380602,active,ltd,,,2025-04-10,,2025-04-10,[99999],237 Elmhurst Mansions Elmhurst Street London England SW4 6HH,,,
CODERX LIMITED,16373625,active,ltd,,,2025-04-08,,2025-04-08,[62012, 86900],71-75 Shelton Street London England WC2H 9JQ,,,
FRITHGUILD LTD,16371282,active,ltd,,,2025-04-07,,2025-04-07,[85590, 96040],71-75 Shelton Street London United Kingdom WC2H 9JQ,,,
BITSTARR LTD,16370183,active,ltd,,,2025-04-07,,2025-04-07,[49320, 59112, 62020, 62090],85 Great Portland Street London England W1W 7LT,,,
LANGUID LAKE LTD,16376735,active,ltd,,,2025-04-09,,2025-04-09,[99999],167-169 Great Portland Street London England W1W 5PF,,,
GEPE II IVY GP LIMITED,16382181,active,ltd,,,2025-04-11,,2025-04-11,[64209],C/O Tmf Group 13th Floor London United Kingdom EC2R 7HJ,,,
EVENTS WOODSHOP LTD,16405797,active,ltd,,,2025-04-24,,2025-04-24,[62012],Unit 2319, Attic Storage Claps Gate Lane London England E6 6JF,,,
STAYSOURCE LTD,16368181,active,ltd,,,2025-04-07,,2025-04-07,[68320, 82990],Staysource Ltd London England EC2A 4NE,,,
ENDI PROPERTY INVESTMENTS LTD,16398435,active,ltd,,,2025-04-22,,2025-04-22,[68100, 68209],15 Hampton Close London England N11 3PR,,,
DOTTY DUNGAREES LTD,16399849,active,ltd,,,2025-04-22,,2025-04-22,[99999],Unit 7157 5 Brayford Square London E1 0SG,https://dottydungarees.com,hello@dottydungarees.com,Confirmed
BERKLEEN LTD,16420377,active,ltd,,,2025-04-30,,2025-04-30,[81210],60 Tottenham Court Road, London England W1T 2EW,https://berkleen.com,info@berkleen.com,Confirmed
BG GLOBAL TEXTILE INDUSTRY TRADE LIMITED,16393932,active,ltd,,,2025-04-17,,2025-04-17,[46420, 47510, 47710, 47910],4 Raven Road, Unit 1c3-1149 London United Kingdom E18 1HB,,,
ALVER & LEA FILMS LTD,16383891,active,ltd,,,2025-04-13,,2025-04-13,[58190, 59112],3rd Floor, 86-90 Paul Street London United Kingdom EC2A 4NE,,,
URSAGUARD LTD,16366138,active,ltd,,,2025-04-04,,2025-04-04,[46420, 47640, 47710],25 Blakesware Gardens Blakesware Gardens London England N9 9HX,,,
MIZIBU LTD,16409058,active,ltd,,,2025-04-25,,2025-04-25,[58290, 62012, 62020, 62090],55 Paddock Road London England NW2 7DH,,,
EXPRESSIVITY LTD,16393401,active,ltd,,,2025-04-17,,2025-04-17,[62020, 62090, 85590],128 City Road London United Kingdom EC1V 2NX,,,
PASTA FOR THE PEOPLE LTD,16381724,active,ltd,,,2025-04-11,,2025-04-11,[56210],19 Kingswood Road London England SW2 4JE,,,
BRILHOPRO LIMITED,16391366,active,ltd,,,2025-04-16,,2025-04-16,[81210, 81222, 81299],18 Montagu Crescent London England N18 2HA,,,
DIGIPRINTS & WEB SOLUTIONS LTD,16396279,active,ltd,,,2025-04-18,,2025-04-18,[18129, 74100],292-294 Plashet Grove, London London United Kingdom E6 1DQ,https://digiprintsweb.co.uk,,Confirmed
GD LASER CLEANING & RESTORATION LTD,16397434,active,ltd,,,2025-04-21,,2025-04-21,[43341, 43999, 81229, 81299],43 Pevensey Avenue London England N11 2RB,,,
THE BRIXTON PRACTICE LTD,16405609,active,ltd,,,2025-04-24,,2025-04-24,[68209, 86900],Studio 2, Tunstall Studio, 34-44 Tunstall Road London United Kingdom SW9 8DA,https://www.thebrixtonpractice.co.uk,,Confirmed
SPICE EVENT LTD,16421595,active,ltd,,,2025-04-30,,2025-04-30,[56103, 56210],495 Barking Road London England E6 2LN,,,
SS GREENHILL LIVING LTD,16387603,active,ltd,,,2025-04-15,,2025-04-15,[46499, 47599],351-353 Kilburn High Road London England NW6 7QB,,,
M&I BUILD LTD,16380461,active,ltd,,,2025-04-10,,2025-04-10,[41201, 41202],Flat 1, Russell Flint House London England E16 1UT,,,
ZK ESSENTIALS LTD,16401340,active,ltd,,,2025-04-23,,2025-04-23,[47910],Suite Ra01 Wood Street London England E17 3NU,,,
RAMA INTERNATIONAL LIMITED,16363215,active,ltd,,,2025-04-03,,2025-04-03,[47910],167-169 Great Portland Street 167-169 Great Portland Street London England W1W 5PF,,,
HARLEY STOKES BRANDS LIMITED,16370845,active,ltd,,,2025-04-07,,2025-04-07,[46900, 47910],60 Tottenham Court Road, Suite 5952a London United Kingdom W1T 2EW,,,
KS TRANSPORT57 LTD,16356550,active,ltd,,,2025-04-01,,2025-04-01,[99999],3rd Floor, 86-90 Paul Street London England EC2A 4NE,,,
CINCOECO LTD,16390045,active,ltd,,,2025-04-15,,2025-04-15,[74100],44 Ernest Gardens London United Kingdom W4 3QU,,,
AFRICA-WEST TRADE LINKS LTD,16393533,active,ltd,,,2025-04-17,,2025-04-17,[46190, 62090, 64999, 82990],Flat 14, Cooperative House 249 Rye Lane London United Kingdom SE15 4UP,,,
FISHMONGERS PLAICE DIRECT LTD,16372959,active,ltd,,,2025-04-08,,2025-04-08,[46380, 96090],24 Westow Hill London England SE19 1RX,,,
THE DIAMOND VAULT & CO LTD,16399887,active,ltd,,,2025-04-22,,2025-04-22,[47770],66 Paul Street London United Kingdom EC2A 4NA,,,
HASGROW LTD,16419783,active,ltd,,,2025-04-30,,2025-04-30,[47910, 62090, 64999, 82990],128 City Road London United Kingdom EC1V 2NX,,,
THE BLU MEDIA COMPANY LTD,16419855,active,ltd,,,2025-04-30,,2025-04-30,[59112],58 Gordon House Glamis Road London England E1W 3ED,,,
PIT' STOP BITES LTD,16399713,active,ltd,,,2025-04-22,,2025-04-22,[99999],47 Undine Street London England SW17 8PP,,,
COOKIEE LIGHTING LTD,16412067,active,ltd,,,2025-04-28,,2025-04-28,[47599],352-354 London Road Mitcham England CR4 3ND,,,
LEX HOST LTD,16362310,active,ltd,,,2025-04-02,,2025-04-02,[58190],C/O Solid Ltd London England EC1V 1NR,https://www.lexhost.com,,Confirmed
WOLF BURPOW PRODUCTIONS LTD,16395620,active,ltd,,,2025-04-17,,2025-04-17,[43220],58 Yukon Road London England SW12 9PX,,,
PROWSES' HOUSES LTD,16381874,active,ltd,,,2025-04-11,,2025-04-11,[68209],5 Brayford Square London England E1 0SG,,,
HOLAGRI LIMITED,16372824,active,ltd,,,2025-04-08,,2025-04-08,[46210],3rd Floor Bolsover House London England W1W 6BB,https://holagri.com,,Confirmed
YELLOW FELLOW LTD,16394534,active,ltd,,,2025-04-17,,2025-04-17,[70229],Athene House, Suite Q London United Kingdom NW7 3TD,,,
TASKMATE LTD,16406867,active,ltd,,,2025-04-24,,2025-04-24,[43341, 43390, 45112, 49390],100 Sutherland Grove London England SW18 5QW,https://www.taskmateltd.com,,Likely
B.L.S COVENTRY LTD,16389035,active,ltd,,,2025-04-15,,2025-04-15,[68100, 68320],C/O Cantelowes Limited London United Kingdom EC3V 3LT,,,
GOTICKETS LTD,16373650,active,ltd,,,2025-04-08,,2025-04-08,[79909],Gorickets Ltd 4 Constable Closeu London United Kingdom N11 3GW,,,
SUNGI SOLAR LONDON LTD,16404783,active,ltd,,,2025-04-24,,2025-04-24,[43210],1 Regent Street London England W1B 2HH,https://sungisolar.com,,Confirmed
HOUSE OF ADV LTD,16406918,active,ltd,,,2025-04-24,,2025-04-24,[85590],299 London Road Epsom England KT17 2DD,,,
OASIS HOUSE LTD,16395720,active,ltd,,,2025-04-17,,2025-04-17,[87900],124 City Road London England EC1V 2NX,,,
NEUMOVE LTD,16357129,active,ltd,,,2025-04-01,,2025-04-01,[68320],195-197 Wood Street London England E17 3NU,,,
ULTIKEL HEIGHTS LIMITED,16357320,active,ltd,,,2025-04-01,,2025-04-01,[47190, 82990],124 City Road, London United Kingdom EC1V 2NX,,,
PROMETHEUS INDUSTRIES LIMITED,16422051,active,ltd,,,2025-04-30,,2025-04-30,[62090],5 New Street Square London United Kingdom EC4A 3TW,,,
THE SLEATER ESTATE LIMITED,16357752,active,ltd,,,2025-04-01,,2025-04-01,[46420, 64204, 70229],C/O Kkvms Llp London England SE1 8EG,,,
EG LAMB BROS LTD,16373051,active,ltd,,,2025-04-08,,2025-04-08,[64209],Office 1488eg 60 Tottenham Court Road London United Kingdom W1T 2EW,,,
CASINO SUPPLY UK LTD,16379143,active,ltd,,,2025-04-10,,2025-04-10,[82990],81 Tierney Road London United Kingdom SW2 4QH,,,
ECOM BILLIONS LTD,16400171,active,ltd,,,2025-04-22,,2025-04-22,[47910],Office 1488b 60 Tottenham Court Road London United Kingdom W1T 2EW,,,
THE NEW BUILD LIFESTYLE LTD,16374001,active,ltd,,,2025-04-08,,2025-04-08,[68100, 68209, 68310, 68320],3rd Floor, 86-90 Paul Street London England EC2A 4NE,,,
UP BROTHERS LTD,16405192,active,ltd,,,2025-04-24,,2025-04-24,[52103, 68100, 68209],82 Ceres Road London United Kingdom SE18 1HL,,,
UK RELO DESK LIMITED,16363595,active,ltd,,,2025-04-03,,2025-04-03,[68320],167-169 167-169 Great Portland Street London England W1W 5PF,,,
TIV SHISHA LTD,16370563,active,ltd,,,2025-04-07,,2025-04-07,[77299, 93290],Suite 5948a 60 Tottenham Court Road London United Kingdom W1T 2EW,,,
REFRAKT LABS LTD,16361906,active,ltd,,,2025-04-02,,2025-04-02,[82990],Gillian House London England E16 4SA,,,
THE SECRET HEALER LTD,16359997,active,ltd,,,2025-04-02,,2025-04-02,[99999],Unit 23 Omega Works London England E3 2PD,,,
LITTLE SHOP OF GOOD IDEAS LTD,16410799,active,ltd,,,2025-04-27,,2025-04-27,[99999],68 Frognal London United Kingdom NW3 6XD,,,
AI4TRANSFORMATION LIMITED,16386686,active,ltd,,,2025-04-14,,2025-04-14,[64205, 70100, 70221, 70229],C/O Kkvms Llp London England SE1 8EG,,,
SHOREDITCH HOTEL LIMITED,16408541,active,ltd,,,2025-04-25,,2025-04-25,[55100],18 Thurloe Place London United Kingdom SW7 2SP,,,
R&S CLEANING AND DELIVERY SERVICES LIMITED,16399582,active,ltd,,,2025-04-22,,2025-04-22,[02400, 53202, 81210, 81300],Silver Stream House London England W1T 6EB,https://rscleaninganddelivery.co.uk,,Confirmed
THE ETHICAL GIFT SHOP LTD,16382244,active,ltd,,,2025-04-11,,2025-04-11,[47190],71-75 Shelton Street London England WC2H 9JQ,,,
J-EDGE TRADED LTD,16371813,active,ltd,,,2025-04-08,,2025-04-08,[47910],Unit 920 Ground Floor Capital House London E8 1LL,,,
AQUAFLOW INSTALLATIONS LTD LTD,16396241,active,ltd,,,2025-04-18,,2025-04-18,[43220],4th Floor Silverstream House London England W1T 6EB,,,
MOLDVANGUARD COMPANY LIMITED,16401895,active,ltd,,,2025-04-23,,2025-04-23,[22290, 25730, 46760, 71121],14 Wells View Drive London England BR2 9UL,,,
TAT FOOD CENTRE LTD,16421845,active,ltd,,,2025-04-30,,2025-04-30,[47110],8-10 Vivian Avenue London England NW4 3YA,,,
PETLOONS LTD,16411405,active,ltd,,,2025-04-28,,2025-04-28,[93290],167-169 Great Portland Street London England W1W 5PF,,,
BRITON EDGE LTD,16406555,active,ltd,,,2025-04-24,,2025-04-24,[47910, 69202, 78200, 82990],233 St. Stephens Road London England E3 5JW,,,
TEXTINGGO TECHNOLOGY CO., LTD,16406670,active,ltd,,,2025-04-24,,2025-04-24,[46760, 61900],167-169 Great Portland Street, London United Kingdom W1W 5PF,https://www.textinggo.com,info@textinggo.com,Confirmed
ISOMER HOLDINGS LIMITED,16358058,active,ltd,,,2025-04-01,,2025-04-01,[70229],20 Wenlock Road London England N1 7GU,,,
HABIBA DELI LTD,16375370,active,ltd,,,2025-04-09,,2025-04-09,[56290],5 Canalside House London England W10 5AA,,,
BRAND RUSH LTD,16422500,active,ltd,,,2025-04-30,,2025-04-30,[82990],58 Elthruda Road London England SE13 6SR,,,
60 HOLLAND ROAD FREEHOLD LIMITED,16400915,active,ltd,,,2025-04-22,,2025-04-22,[98000],6 Roland Gardens London England SW7 3PH,,,
THE ADMISSION HUB LTD,16406914,active,ltd,,,2025-04-24,,2025-04-24,[85600],2 Lakeside Drive Spaces ,First Central 200 6th Floor London England NW10 7FQ,,,
KEEP ENERGY SYSTEMS LIMITED,16409631,active,ltd,,,2025-04-25,,2025-04-25,[71122],4th Floor East London England EC4M 7JN,,,
GRUPOTEC SOLAR UK 13 LIMITED,16380051,active,ltd,,,2025-04-10,,2025-04-10,[41100],10 Barley Mow Passage Barley Mow Passage London England W4 4PH,,,
PLANET RUMI-ALCAPCA LIMITED,16375745,active,ltd,,,2025-04-09,,2025-04-09,[56101, 68100, 68209],68 Rushey Green London England SE6 4JD,,,
KEEPR LTD,16369909,active,ltd,,,2025-04-07,,2025-04-07,[62012],Flat 7 28 Amwell Street London England EC1R 1XU,,,
OSSU COLABS LTD,16396932,active,ltd,,,2025-04-20,,2025-04-20,[74100],314 Wolfson Associates London England N3 2LT,,,
ZELTIX DIGITAL LTD,16384668,active,ltd,,,2025-04-14,,2025-04-14,[62020],167-169 Great Portland Street London England W1W 5PF,https://zeltix.ai,hello@zeltix.ai,Confirmed
METI LEGAL LTD,16387219,active,ltd,,,2025-04-14,,2025-04-14,[69102, 69109],118 Sydenham Road Sydenham United Kingdom SE26 5JX,,,
SHIELDRON LTD,16405898,active,ltd,,,2025-04-24,,2025-04-24,[47510, 47910],Unit1 Sati Room, 12 John Princes Street London United Kingdom W1G 0JR,,,
BEATRIX & BROWN LTD,16366696,active,ltd,,,2025-04-04,,2025-04-04,[47240, 47250, 47610, 47789],193 Replingham Road London England SW18 5LY,,,
VOYATOR LTD,16376312,active,ltd,,,2025-04-09,,2025-04-09,[49320, 79110],637 High Road Leytonstone London England E11 4RD,,,
ABUDAWOOD OUD LIMITED,16400541,active,ltd,,,2025-04-22,,2025-04-22,[46450, 47710, 47750, 47910],33 Wilson Road London United Kingdom E7 3EF,,,
ADJENTA TECH SERVICES LTD,16365355,active,ltd,,,2025-04-04,,2025-04-04,[62020],Siu Office , Unit A1446 , 4-6 Greatorex Street London United Kingdom E1 5NF,https://atsofficial.com,contact@atsofficial.com,Confirmed
AADIAA LTD,16369723,active,ltd,,,2025-04-07,,2025-04-07,[62090, 70229, 78109, 85600],66 Paul Street London England EC2A 4NE,,,
AG COVENTRY LIMITED,16384997,active,ltd,,,2025-04-14,,2025-04-14,[55100],Ag Hotels Group, The Crown London Hotel, London United Kingdom NW2 3ED,https://www.aghotels.co.uk,,Confirmed
AG WAKEFIELD LIMITED,16387571,active,ltd,,,2025-04-15,,2025-04-15,[55100],Ag Hotels Group, The Crown London Hotel, London United Kingdom NW2 3ED,https://www.aghotels.co.uk,,Confirmed
S & D HOLDINGS 2 LTD,16376190,active,ltd,,,2025-04-09,,2025-04-09,[68100],1 Heathland Road London United Kingdom N16 5PD,,,
ARCO ADVISORY LTD,16404065,active,ltd,,,2025-04-23,,2025-04-23,[70229],Unit 152292 27 Old Gloucester Street London United Kingdom WC1N 3AX,,,
QUANTUM BRIDGE DIGITAL LIMITED,16388338,active,ltd,,,2025-04-15,,2025-04-15,[82990],4th Floor Silverstream House London England W1T 6EB,,,
DL PROPERTIES MAINTENANCE LTD,16398826,active,ltd,,,2025-04-22,,2025-04-22,[68209],124 City Road, London 124 City Road London England EC1V 2NX,,,
MCKENZIECONSULTSANDASSOCIATES LIMITED,16376681,active,ltd,,,2025-04-09,,2025-04-09,[88100, 88990],297 Grange Road London England SE25 6TD,,,
195 TRIPS LTD,16372696,active,ltd,,,2025-04-08,,2025-04-08,[96090],5 Brayford Square London England E1 0SG,https://195trips.com,,Confirmed
PETDIPLOMAS LIMITED,16417658,active,ltd,,,2025-04-29,,2025-04-29,[47990],Flat 16 3 Pilot Walk London England SE10 0UR,,,
WEARTHLY PROPERTY DEVELOPERS LTD,16367834,active,ltd,,,2025-04-06,,2025-04-06,[41100, 68100, 68320, 71111],33 Consort House Lensbury Avenue London England SW6 2JZ,,,
VEND SHACK LTD,16357489,active,ltd,,,2025-04-01,,2025-04-01,[47990, 68100, 68209, 96040],128 City Road London United Kingdom EC1V 2NX,,,
PARACRAS LTD,16399879,active,ltd,,,2025-04-22,,2025-04-22,[62012],Unit C105 Shacklewell Lane London England E8 2EB,,,
VAL ENTERPRISE LIMITED,16395530,active,ltd,,,2025-04-17,,2025-04-17,[56210],Flat 1c,1 St. Martins Close London England NW1 0HR,https://valenterpriseltd.com,,Confirmed
KNOOP & HANNA LTD,16366406,active,ltd,,,2025-04-04,,2025-04-04,[47710, 47910],197 Queenstown Road London England SW8 3QD,,,
AFTERNOONS IN UTOPIA LTD,16400132,active,ltd,,,2025-04-22,,2025-04-22,[47910],19 Hampden Road London United Kingdom N8 0HX,,,
KAWAR MAX LIMITED,16388936,active,ltd,,,2025-04-15,,2025-04-15,[46900, 47990, 62020, 82990],124 City Road 124 City Road London England EC1V 2NX,,,
AMMA & ATTA LTD,16405673,active,ltd,,,2025-04-24,,2025-04-24,[56101],27 Albemarle Street London England W1S 4HZ,https://ammaatta.com,,Confirmed
TWO MARRAS LTD,16399077,active,ltd,,,2025-04-22,,2025-04-22,[73120],International House 10 Beaufort Court London England E14 9XL,,,
STALWARTH LTD,16362685,active,ltd,,,2025-04-03,,2025-04-03,[42990, 64999, 68320, 70229],1 Applegate House London England E20 1GF,,,
MARKETDOUH LTD,16399801,active,ltd,,,2025-04-22,,2025-04-22,[28990, 59112, 63120, 73110],71-75 Shelton Street London United Kingdom WC2H 9JQ,https://marketdouhltd.com,,Confirmed
NGB ARCH DESIGNERS LTD,16365231,active,ltd,,,2025-04-04,,2025-04-04,[71111],Flat 265, 13, Colnmore Court Meath Crescent London England E2 0QF,,,
FP&A LTD,16356065,active,ltd,,,2025-04-01,,2025-04-01,[70229],71-75 Shelton Street London United Kingdom WC2H 9JQ,,,
OLIPTUS SOLUTIONS LTD,16371349,active,ltd,,,2025-04-07,,2025-04-07,[68100, 68209],71-75 Shelton Street London United Kingdom WC2H 9JQ,,,
SKUBOX LIMITED,16421120,active,ltd,,,2025-04-30,,2025-04-30,[64209],Suite 5 Suite 5, Fulham Business Exchange London England SW6 2TL,,,
TAGLORIA HOUSE LIMITED,16366238,active,ltd,,,2025-04-04,,2025-04-04,[47910],71-75 Shelton Street London United Kingdom WC2H 9JQ,tagsthx.com,,Likely
SHARK PACKAGING SOLUTIONS LTD,16390929,active,ltd,,,2025-04-16,,2025-04-16,[82920],71-75 Shelton Street London United Kingdom WC2H 9JQ,https://www.sharkpackaging.co.uk,,Confirmed
WHITE RAVEN INTELLIGENCE LTD,16406353,active,ltd,,,2025-04-24,,2025-04-24,[70229],167-169 Great Portland Street London England W1W 5PF,,,
THIS IS THE BENCH LTD,16402880,active,ltd,,,2025-04-23,,2025-04-23,[32990, 46730, 70229],128 City Road London United Kingdom EC1V 2NX,,,
16357714 LTD,16357714,active,ltd,,,2025-04-01,,2025-04-01,[62012],128 City Road London United Kingdom EC1V 2NX,,,
UNIFAIRENTERPRISE UK LIMITED,16366494,active,ltd,,,2025-04-04,,2025-04-04,[49410, 52290],Flat 9 Anson London England NW9 5LT,https://www.unifairenterprise.com,unifairenterprise@gmail.com,Confirmed
SHERSH HOLDING LTD,16369326,active,ltd,,,2025-04-07,,2025-04-07,[64209],167 Great Portland Street London England W1W 5PF,,,
NEWPATH SOLUTIONS LTD,16377097,active,ltd,,,2025-04-09,,2025-04-09,[85590],The Studio Beckenham United Kingdom BR3 1FE,,,
GROWN SNACKS LIMITED,16404093,active,ltd,,,2025-04-23,,2025-04-23,[46900, 47290, 47910, 82920],60 Tottenham Court Road Office 473 London England W1T 2EW,,,
VIEW ME MEDIA LTD,16357835,active,ltd,,,2025-04-01,,2025-04-01,[59112, 64209, 64991, 64999],20 Wenlock Road London England N1 7GU,,,
V1 SCAFFOLDING LTD,16357529,active,ltd,,,2025-04-01,,2025-04-01,[43390, 43991],Blake Tower, Floor Lg 12 2 Fann Street London EC2Y 8AF,,,
LONDON BUSINESS HUB LTD,16412210,active,ltd,,,2025-04-28,,2025-04-28,[68310, 70229],7 Barking Road London United Kingdom E6 1PW,,,
CHESTERMARK LTD,16380075,active,ltd,,,2025-04-10,,2025-04-10,[66190, 68310, 70221],167-169 Great Portland Street London England W1W 5PF,,,
LIMESLIME LTD,16405548,active,ltd,,,2025-04-24,,2025-04-24,[62011, 62012, 62020, 62090],124 City Road London EC1V 2NX,,,
AXACT CONSULTANTS LTD,16391730,active,ltd,,,2025-04-16,,2025-04-16,[69202, 70229, 82990],Office Number 201a 133 High Street, London United Kingdom IG6 2AJ,,,
ORIGINAL TEMA LTD,16376227,active,ltd,,,2025-04-09,,2025-04-09,[62012, 62090, 72190, 82301],66 Paul Street London EC2A 4NA,,,
DIGITALAND LTD,16365430,active,ltd,,,2025-04-04,,2025-04-04,[47910],71-75 Shelton Street London England WC2H 9JQ,,,
THIRD NOTION LIMITED,16378309,active,ltd,,,2025-04-09,,2025-04-09,[47910],167-169 Great Portland Street London United Kingdom W1W 5PF,,,
CRUST EMPIRE LIMITED,16414133,active,ltd,,,2025-04-28,,2025-04-28,[78200],Flat 26 Citrine House London United Kingdom NW9 4GD,,,
AUTOCENTRE AB LTD,16390126,active,ltd,,,2025-04-15,,2025-04-15,[45112],35 Warfield Road Bedfont TW14 8AD,,,
PICK AIRLINE LTD,16372817,active,ltd,,,2025-04-08,,2025-04-08,[51101, 51102, 51210],124 City Road London United Kingdom EC1V 2NX,https://pickairlines.com,info@pickairlines.com,Confirmed
GOOD2CLEAN SERVICES LTD,16402893,active,ltd,,,2025-04-23,,2025-04-23,[81210, 81222, 81229, 81299],Office 19472 182-184  High Street North London England E6 2JA,good2cleanservices.com,,Confirmed
HANO LIVING LTD,16407888,active,ltd,,,2025-04-25,,2025-04-25,[47910],71-75 Shelton Street London United Kingdom WC2H 9JQ,hanoliving.co.uk,,Confirmed
XS GLOBAL UK AFFINITY, LIMITED,16375973,active,ltd,,,2025-04-09,,2025-04-09,[64205],Leadenhall Street 40 Leadenhall Street London England EC3A 2AD,xsglobal.com,,Confirmed
XS GLOBAL UK HOLDINGS, LIMITED,16370367,active,ltd,,,2025-04-07,,2025-04-07,[64205],Leadenhall Street 40 Leadenhall Street London England EC3A 2AD,https://xsglobal.co.uk,,Confirmed
NEXUS LUXURY PROPERTIES LTD,16399653,active,ltd,,,2025-04-22,,2025-04-22,[56101, 68310],Silverstream House Fitzroy Street London England W1T 6EB,,,
BEYOND WORDS COPY LTD,16356322,active,ltd,,,2025-04-01,,2025-04-01,[73110],167-169 Great Portland Street London England W1W 5PF,,,
LCAD PROPERTIES LTD,16403958,active,ltd,,,2025-04-23,,2025-04-23,[68100, 68310],128 City Road London United Kingdom EC1V 2NX,,,
RASCHELLA ART LTD,16418335,active,ltd,,,2025-04-29,,2025-04-29,[90030],71-75 Shelton Street London England WC2H 9JQ,,,
NETFABRIC LTD,16384972,active,ltd,,,2025-04-14,,2025-04-14,[62012, 63990, 95110],Acumen , 37th Floor, 1 Canada Square London England E14 5DY,https://netfabric.co.uk,,Confirmed
NISANOVA LTD,16412060,active,ltd,,,2025-04-28,,2025-04-28,[47910],71-75 Shelton Street London United Kingdom WC2H 9JQ,,,
JB URBAN BUILD LTD,16414538,active,ltd,,,2025-04-28,,2025-04-28,[41202],128 City Road London United Kingdom EC1V 2NX,,,
FLOOD DR LTD,16396838,active,ltd,,,2025-04-20,,2025-04-20,[43390, 43999, 81210, 81229],Silverstream House 4th Floor Silverstream House Fitzrovia England W1T 6EB,https://www.flooddoctor.co.uk,,Confirmed
THE MOON WOLF LTD,16356625,active,ltd,,,2025-04-01,,2025-04-01,[90010, 90020, 90030],71-75 Shelton Street London United Kingdom WC2H 9JQ,,,
THEMCS LTD,16360132,active,ltd,,,2025-04-02,,2025-04-02,[47910],1a Falmer Court Uckfield England TN22 1HN,,,
KANNZO LTD,16374546,active,ltd,,,2025-04-08,,2025-04-08,[47910],4 Raven Road, Unit 1c3-708 London United Kingdom E18 1HB,https://kannzo.com,,Confirmed
WELLINGTON REALTY ESTATE LIMITED,16378538,active,ltd,,,2025-04-10,,2025-04-10,[68209],Flat 70 9, Albert Embankment London England SE1 7HD,,,
ERICOM EDUCATION LIMITED,16383197,active,ltd,,,2025-04-11,,2025-04-11,[85600],Suite Ra01 195-197 Wood Street London England E17 3NU,,,
BOXLESS LAB LTD,16410378,active,ltd,,,2025-04-26,,2025-04-26,[62012, 62020, 63120, 72190],483 Green Lanes London England N13 4BS,https://boxlesslab.com,,Confirmed
EATS4U LTD,16406928,active,ltd,,,2025-04-24,,2025-04-24,[56290],43-45 Seven Sisters Road London England N7 6AX,,,
STRATEVA INSIGHT LTD,16367617,active,ltd,,,2025-04-06,,2025-04-06,[73200],66 Paul Street London England EC2A 4NA,,,
KHALIQUE BROTHERS LTD,16413007,active,ltd,,,2025-04-28,,2025-04-28,[68100, 68209],26 Princelet Street (Ground Floor) London England E1 6QH,,,
BACTRIA CONSULTING LIMITED,16371707,active,ltd,,,2025-04-07,,2025-04-07,[82990],167-169 Great Portland Street London England W1W 5PF,,,
OPENWEB SOLUTIONS LIMITED,16399627,active,ltd,,,2025-04-22,,2025-04-22,[47910],30 Riverhead Close London United Kingdom E17 5PY,https://owsol.net,owsol44@gmail.com,Confirmed
QYRONIS LTD,16415698,active,ltd,,,2025-04-29,,2025-04-29,[46420, 47750, 47910],Unit 203 Flat 501 Wayfare House North 9 Escapade Place London United Kingdom E14 0WJ,,,
THE SAVVY ACCOUNTANT LTD,16397692,active,ltd,,,2025-04-22,,2025-04-22,[69201],114 Power Road London England W4 5PY,,,
LONDON HOME STUDENT LTD,16405742,active,ltd,,,2025-04-24,,2025-04-24,[68209],2 Greenshank House London England NW9 7DS,,,
RUTLAND 1 HOLDINGS LTD,16376480,active,ltd,,,2025-04-09,,2025-04-09,[41202],1 Kings Avenue London United Kingdom N21 3NA,,,
PHASE-ELECTROTECH LTD,16390910,active,ltd,,,2025-04-16,,2025-04-16,[43210],1 Woodfarrs London United Kingdom SE5 8EX,,,
RENT PRO GROUP LTD,16356958,active,ltd,,,2025-04-01,,2025-04-01,[68209],19 Surlingham Close London England SE28 8NE,,,
FJ MOTORWERKES LTD,16382876,active,ltd,,,2025-04-11,,2025-04-11,[45310, 45320],152 Forest Road London England E17 6JQ,https://www.fjmotorwerkes.net,,Confirmed
ROHI CARES LTD,16412463,active,ltd,,,2025-04-28,,2025-04-28,[78200, 87900, 88100],71-75 Shelton Street London United Kingdom WC2H 9JQ,,,
DIASPORA ENTERTAINMENT LIMITED,16375287,active,ltd,,,2025-04-09,,2025-04-09,[85600, 90010],68 Freemasons Road London England E16 3NA,,,
PHOTOSYNTH AI LIMITED,16379930,active,ltd,,,2025-04-10,,2025-04-10,[74909],71-75 Shelton Street London United Kingdom WC2H 9JQ,photosynth.ai,,Likely
H-STACK MEDIA LTD,16367102,active,ltd,,,2025-04-04,,2025-04-04,[73110],120 City Road London England EC1V 2NX,,,
1ST CLASS PHYSICAL RESTRAINT TRAINING LTD,16408847,active,ltd,,,2025-04-25,,2025-04-25,[85590],9 Hockett Close London England SE8 3PX,,,
ZANTEA LIMITED,16385875,active,ltd,,,2025-04-14,,2025-04-14,[10890, 20420, 47290, 47910],113a Anerley Road, Flat 3 113a Anerley Road London England SE20 8AJ,,,
JADE'S JONES AND DAUGHTER ESTATES LTD,16355824,active,ltd,,,2025-04-01,,2025-04-01,[68100, 68201, 68320, 98000],20 Wenlock Road London England N1 7GU,,,
AFRICAN HUB LTD,16355825,active,ltd,,,2025-04-01,,2025-04-01,[68209, 68320],71-75 Shelton Street London United Kingdom WC2H 9JQ,,,
SHREEVE DECORATING LTD,16355793,active,ltd,,,2025-04-01,,2025-04-01,[43341],25 Devonshire Road London United Kingdom SW19 2EJ,shreeveandsons.co.uk,info@shreeveandsons.co.uk,Confirmed
ELONA LTD,16356013,active,ltd,,,2025-04-01,,2025-04-01,[63990],128 City Road London United Kingdom EC1V 2NX,,,
FEBE SHOPP LTD,16356102,active,ltd,,,2025-04-01,,2025-04-01,[46450, 46460, 47749, 47750],2 Frederick Street London United Kingdom WC1X 0ND,https://febeshopp.uk,admin@febeshopp.uk,Confirmed
P&C MULTISERVICES LTD,16356482,active,ltd,,,2025-04-01,,2025-04-01,[41202],Suite 206, Britannia House 1- 11 Glenthorne Road London England W6 0LH,https://www.pecmultiservices.co.uk,,Likely
SBC BUILDING SERVICES LTD,16356483,active,ltd,,,2025-04-01,,2025-04-01,[41202, 43120, 43310, 43910],28 Woodstock Crescent London England N9 7LY,,,
NEXAWATT ENERGY LTD,16356444,active,ltd,,,2025-04-01,,2025-04-01,[35110],4th Floor, Silverstream House, 45 Fitzroy Street London England W1T 6EB,https://nexawatt.uk,,Confirmed
LIVEWELL PROPERTY SOLUTIONS GB LTD,16356445,active,ltd,,,2025-04-01,,2025-04-01,[68100, 68209],14 Tillotson Road Harrow England HA3 6PS,https://livewellpropertysolutionsgb.com,livewell2100@gmail.com,Confirmed
VANGUARD DIGITAL LTD,16356430,active,ltd,,,2025-04-01,,2025-04-01,[73110],20 Wenlock Road London England N1 7GU,,,
INDUSTRY VALLEY LTD,16356462,active,ltd,,,2025-04-01,,2025-04-01,[46140, 46520, 46690, 82990],71-75 Shelton Street London United Kingdom WC2H 9JQ,,,
CJPD PRODUCTION LTD,16356601,active,ltd,,,2025-04-01,,2025-04-01,[90030, 93290],121a Queenstown Road London United Kingdom SW8 3RH,,,
SARKYAN LTD,16356644,active,ltd,,,2025-04-01,,2025-04-01,[43390],Flat 3 Miller House London England N15 3DR,,,
CUSTOM BUILD PLOTS LTD,16356611,active,ltd,,,2025-04-01,,2025-04-01,[68310],128 City Road London United Kingdom EC1V 2NX,,,
VC TEAM LTD,16356591,active,ltd,,,2025-04-01,,2025-04-01,[82990],20 Wenlock Road London England N1 7GU,,,
DON'T TRIP LTD,16356632,active,ltd,,,2025-04-01,,2025-04-01,[56101],Flat 94, 130, Charles Dickens House Mansford Street London United Kingdom E2 6LU,,,
YECO VENTURES LIMITED,16356882,active,ltd,,,2025-04-01,,2025-04-01,[68209],239-241 Kennington Lane London United Kingdom SE11 5QU,,,
PLACE 2 M LIMITED,16356874,active,ltd,,,2025-04-01,,2025-04-01,[41100],38-40 Chamberlayne Road London England NW10 3JE,,,
MANIFESTABUNDANT LTD,16357035,active,ltd,,,2025-04-01,,2025-04-01,[47910],Flat 48 De Havilland Court London England N17 9FJ,,,
ORANGE SQUEEZE THEATRE LTD,16357052,active,ltd,,,2025-04-01,,2025-04-01,[90010],28a Millfields Road London England E5 0SB,,,
FAIR PLAY (LEGAL SERVICES) LIMITED,16357063,active,ltd,,,2025-04-01,,2025-04-01,[69109],20 Wenlock Road London England N1 7GU,,,
KHAYAT CORPORATION LTD,16357208,active,ltd,,,2025-04-01,,2025-04-01,[47710, 47721],Basement Flat London England W9 1AU,,,
MMLUXE LTD,16357212,active,ltd,,,2025-04-01,,2025-04-01,[96020],20 Otterbourne Road London England E4 6LL,,,
FUNETICAL LIMITED,16357218,active,ltd,,,2025-04-01,,2025-04-01,[62020],128 City Road London United Kingdom EC1V 2NX,,,
NEW HORIZONS (MEC) LTD,16357435,active,ltd,,,2025-04-01,,2025-04-01,[82990],124-128 City Road London England EC1V 2NX,,,
ACRU LIMITED,16357420,active,ltd,,,2025-04-01,,2025-04-01,[69201, 69202],118 Clapham Common West Side London England SW4 9BA,,,
OEGEN SG 2 LIMITED,16357440,active,ltd,,,2025-04-01,,2025-04-01,[64209],Uk House, 5th Floor London United Kingdom W1D 1NN,,,
TITIAN VENTURES LTD,16357638,active,ltd,,,2025-04-01,,2025-04-01,[58190, 62020, 62090, 94990],71-75 Shelton Street London United Kingdom WC2H 9JQ,titianventures.uk,,Confirmed
BASAR A LTD,16357620,active,ltd,,,2025-04-01,,2025-04-01,[47990, 68320],Flat 14 Orchard House London England SE16 2XF,basara.uk,,Confirmed
QATAR AERODREAMS LTD,16357612,active,ltd,,,2025-04-01,,2025-04-01,[51101, 51102, 55100],128 City Road London United Kingdom EC1V 2NX,https://qataraerodreams.co.uk,,Confirmed
CLEATS CLUB APP LIMITED,16358150,active,ltd,,,2025-04-01,,2025-04-01,[47990, 62090],Acre House London United Kingdom NW1 3ER,https://cleatsclubapp.uk,,Confirmed
COOL WEB TOOL LIMITED,16355732,active,ltd,,,2025-04-01,,2025-04-01,[62012],Apartment 21 Metro Central Heights London England SE1 6BA,https://coolwebtool.com,,Confirmed
CANDO COLLINS LTD,16355883,active,ltd,,,2025-04-01,,2025-04-01,[82110],20 Wenlock Road London England N1 7GU,,,
FELIZ JOSE ECOM LIMITED,16355882,active,ltd,,,2025-04-01,,2025-04-01,[47710],47 Hyde Park Street Tyburnia United Kingdom W2 2JZ,,,
PDS FIRE SOLUTIONS LTD,16355876,active,ltd,,,2025-04-01,,2025-04-01,[84250],20 Wenlock Road London England N1 7GU,,,
SKILL LINKER AI LTD,16356279,active,ltd,,,2025-04-01,,2025-04-01,[62020],Suite G04 1 Quality Court, Chancery Lane London England WC2A 1HR,https://skilllinkerai.uk,admin@skilllinkerai.uk,Confirmed
I LIGHT HAPPY LTD,16356278,active,ltd,,,2025-04-01,,2025-04-01,[32990, 46470, 47190, 47910],71-75 Shelton Street London United Kingdom WC2H 9JQ,,,
TOORNEST LTD,16356293,active,ltd,,,2025-04-01,,2025-04-01,[47990],5 Talgarth Walk London United Kingdom NW9 7HW,,,
LEDA LIFE LTD,16356252,active,ltd,,,2025-04-01,,2025-04-01,[74909, 86900, 96040],71-75 Shelton Street London United Kingdom WC2H 9JQ,,,
INDEPENDENT VEHICLE RESCUE SERVICES LTD,16356516,active,ltd,,,2025-04-01,,2025-04-01,[52290],3rd Floor, 86-90 Paul Street London England EC2A 4NE,,,
BOURARRO RESIDENCES LTD,16356491,active,ltd,,,2025-04-01,,2025-04-01,[68100, 68209],64 Boundary Road London United Kingdom E13 9QG,,,
SOULMAN CONSULTING LTD,16356511,active,ltd,,,2025-04-01,,2025-04-01,[41100, 41201, 70229],2nd Floor College House Ruislip, United Kingdom HA4 7AE,https://soulmanconsulting.uk,,Confirmed
KARNESS TECH LTD,16356512,active,ltd,,,2025-04-01,,2025-04-01,[62090],47 Ellora Road London England SW16 6JG,,,
MAISON EVOKE LTD,16356513,active,ltd,,,2025-04-01,,2025-04-01,[14132, 46420, 47820, 74100],Unit 1 1 Pickle Mews London England SW9 0FJ,,,
SUN II LIMITED,16356773,active,ltd,,,2025-04-01,,2025-04-01,[64209],280 Bishopsgate London United Kingdom EC2M 4AG,,,
WHOS HIRING LTD,16356776,active,ltd,,,2025-04-01,,2025-04-01,[62012],Flat 801-1508 20 Palace Street London England SW1E 5BB,,,
OMM CARES LIMITED,16356777,active,ltd,,,2025-04-01,,2025-04-01,[88910],Flat 35 Emberton Court London England EC1V 0EP,,,
ALBIONIS LTD,16356778,active,ltd,,,2025-04-01,,2025-04-01,[46190, 46900, 47910, 82990],124 City Road London United Kingdom EC1V 2NX,,,
HIGHLAND HOME IMPROVEMENTS (SCOTLAND) LTD,SC843469,active,ltd,,,2025-04-01,,2025-04-01,[43290, 43320, 43330, 43390],Yard 4 2420 London Road Glasgow Scotland G32 8XZ,,,
MOBIMOD LTD,16356788,active,ltd,,,2025-04-01,,2025-04-01,[58290, 62011, 62012],Suite 8841 5 Brayford Square London United Kingdom E1 0SG,,,
XC4U LTD.,16356998,active,ltd,,,2025-04-01,,2025-04-01,[70229],128 City Road London United Kingdom EC1V 2NX,,,
STAX VENTURES LIMITED,16357030,active,ltd,,,2025-04-01,,2025-04-01,[64303],843 Finchley Road London England NW11 8NA,,,
CLAPLAND CONSULT LIMITED,16357022,active,ltd,,,2025-04-01,,2025-04-01,[70229, 78109, 78200, 78300],3rd Floor, 86-90 Paul Street London England EC2A 4NE,,,
GLAMIRON LTD,16357147,active,ltd,,,2025-04-01,,2025-04-01,[46420, 46470, 46480, 46520],27 Old Gloucester Street London United Kingdom WC1N 3AX,,,
YAS UK TTF LIMITED,16357153,active,ltd,,,2025-04-01,,2025-04-01,[62090, 63990, 70229],124 City Road London United Kingdom EC1V 2NX,,,
MANTA CAPITAL LIMITED,16357363,active,ltd,,,2025-04-01,,2025-04-01,[68100, 68320],1 Fore Street Avenue London England EC2Y 9DT,mantacapital.com,,Confirmed
STUDIO TOLSTOY LTD,16357379,active,ltd,,,2025-04-01,,2025-04-01,[74100],49 Hamilton Park West London England N5 1AE,https://www.studiotolstoy.co.uk,,Confirmed
ADB-MAINTENANCE LTD,16357370,active,ltd,,,2025-04-01,,2025-04-01,[41100],International House London United Kingdom N1 7SR,,,
ROLODANIA LTD,16357366,active,ltd,,,2025-04-01,,2025-04-01,[56101],2 Ascot Parade London United Kingdom SW4 7EY,,,
KAMO2020 LTD,16357687,active,ltd,,,2025-04-01,,2025-04-01,[58210, 62011, 62090],71-75 Shelton Street London United Kingdom WC2H 9JQ,,,
ADE LAND & HOLDINGS LTD,16357695,active,ltd,,,2025-04-01,,2025-04-01,[68100],73 Cornhill London England EC3V 3QQ,,,
DAN METALS LIMITED,16357941,active,ltd,,,2025-04-01,,2025-04-01,[46720, 47799],1st Floor 10 St. Cross Street London England EC1N 8UB,,,
PUSH HR LIMITED,16357933,active,ltd,,,2025-04-01,,2025-04-01,[70229],2nd Floor College House Ruislip, United Kingdom HA4 7AE,,,
KYV GROUP LTD,16358108,active,ltd,,,2025-04-01,,2025-04-01,[82990],71-75 Shelton Street London United Kingdom WC2H 9JQ,,,
DEJARD LABS LIMITED,16358117,active,ltd,,,2025-04-01,,2025-04-01,[62012],Suite F6, Wood Street Business Centre London England E17 3NU,https://www.dejardlabs.com,,Confirmed
STAXNEX LTD,16358135,active,ltd,,,2025-04-01,,2025-04-01,[47910, 52103],71-75 Shelton Street London United Kingdom WC2H 9JQ,,,
AGENTIC MONEY LTD,16358130,active,ltd,,,2025-04-01,,2025-04-01,[62090, 63990, 69203],71-75 Shelton Street London United Kingdom WC2H 9JQ,https://www.agenticmoney.co.uk,,Confirmed
BARDS RAILWAY LTD,16358110,active,ltd,,,2025-04-01,,2025-04-01,[42120],1 Anglia Close London England N17 0LB,,,
KK GARDEN STUDIO LIMITED,16358124,active,ltd,,,2025-04-01,,2025-04-01,[74100],169 New London Road Chelmsford England CM2 0AE,,,
JJ'S HOLIDAY CLUB LTD,16358341,active,ltd,,,2025-04-01,,2025-04-01,[88910],1 Smith Close London England SE16 5PB,,,
TERBUNI BROTHERS LIMITED,16358327,active,ltd,,,2025-04-01,,2025-04-01,[68100, 68209],54 Henrietta Close London England SE8 3EJ,,,
DUBB DEVELOPMENTS LTD,16358395,active,ltd,,,2025-04-01,,2025-04-01,[68100, 68201, 68209, 68320],37 Ratcliff Road London England E7 8DD,,,
ONENESSBUILDING SERVICE LTD,16358391,active,ltd,,,2025-04-01,,2025-04-01,[43310, 43320, 43341, 43390],2nd Floor College House Ruislip, United Kingdom HA4 7AE,,,
EASY RUNNINGS LTD,16358384,active,ltd,,,2025-04-01,,2025-04-01,[98000],71-75 Shelton Street London England WC2H 9JQ,,,
DAM CONTRACTORS LIMITED,16355758,active,ltd,,,2025-04-01,,2025-04-01,[70221],100 Carlingford Road London United Kingdom N15 3ER,,,
STOREHOUSE HEALTH LTD,16355833,active,ltd,,,2025-04-01,,2025-04-01,[86220],71-75 Shelton Street London United Kingdom WC2H 9JQ,,,
VANTAGE HOME SERVICES LTD.,16355840,active,ltd,,,2025-04-01,,2025-04-01,[68209],C/O Getground London England W6 0NB,,,
INNOCULTURAL LTD,16355986,active,ltd,,,2025-04-01,,2025-04-01,[46900],Chase Business Centre London United Kingdom N14 5BP,,,
TS GARAGE LTD,16355990,active,ltd,,,2025-04-01,,2025-04-01,[45200, 68209],44-45 Beaufort Court London United Kingdom E14 9XL,,,
LUX VERTEX LIMITED,16356128,active,ltd,,,2025-04-01,,2025-04-01,[64209],22 Baker Street London United Kingdom W1U 3BW,,,
SIS LONDON LIFE UK LTD,16356164,active,ltd,,,2025-04-01,,2025-04-01,[55900],50 Northwold Road London England E5 8RN,,,
ORIONIS SERVICES LTD,16356162,active,ltd,,,2025-04-01,,2025-04-01,[58290, 62011, 63110, 73110],85 Great Portland Street London England W1W 7LT,,,
MISSION XTREME MEDIA LTD,16356134,active,ltd,,,2025-04-01,,2025-04-01,[58110, 58141, 58190, 59112],128 City Road London United Kingdom EC1V 2NX,https://missionxtreme.media,,Confirmed
LLDD TECHNOLOGIES LIMITED,16356157,active,ltd,,,2025-04-01,,2025-04-01,[58210],128 City Road London United Kingdom EC1V 2NX,,,
MSP FINANCIAL SOLUTIONS LTD,16356154,active,ltd,,,2025-04-01,,2025-04-01,[64922],71-75 Shelton Street Covent Garden London United Kingdom WC2H 9JQ,https://www.mspfinancial.co.uk,info@mspfinancial.co.uk,Confirmed
GAYLE COURIER LTD,16356331,active,ltd,,,2025-04-01,,2025-04-01,[49410],Flat 5 Aneurin Bevan Court London England NW2 6EE,,,
CZ&EZ CONSULTING LTD,16356338,active,ltd,,,2025-04-01,,2025-04-01,[68310, 82110, 98000],Flat 7 Arrandene House London England NW7 1PQ,,,
TEAM BADASS LTD,16356347,active,ltd,,,2025-04-01,,2025-04-01,[73110],71-75 Shelton Street London United Kingdom WC2H 9JQ,,,
MAE CREATIVE SERVICES LTD,16356687,active,ltd,,,2025-04-01,,2025-04-01,[90020],128 City Road London England EC1V 2NX,,,
TES MEDIA LIMITED,16356857,active,ltd,,,2025-04-01,,2025-04-01,[62012, 70229, 73110],Flat 3 Warwick House London England W14 0UQ,,,
HEIRONG LTD,16356856,active,ltd,,,2025-04-01,,2025-04-01,[62012],71-75 Shelton Street London United Kingdom WC2H 9JQ,,,
CENTRAL LIVE CATERING CONCESSIONS LTD,16356861,active,ltd,,,2025-04-01,,2025-04-01,[56103],189 Chase Side Enfield England EN2 0QZ,,,
GOSCO LIMITED,16356852,active,ltd,,,2025-04-01,,2025-04-01,[64304],3rd Floor 1 London Square Guildford United Kingdom GU1 1UN,,,
HEALTH AND WELLNESS CLUB LIMITED,16357121,active,ltd,,,2025-04-01,,2025-04-01,[47910],Suite Ra01 195-197 Wood Street London United Kingdom E17 3NU,,,
DMC TRAVEL LTD,16357120,active,ltd,,,2025-04-01,,2025-04-01,[64209],First Floor London United Kingdom EC4M 7RD,,,
MIHRI MEDIA LTD,16357287,active,ltd,,,2025-04-01,,2025-04-01,[59112, 70229, 73110, 73120],179a Moselle Avenue London United Kingdom N22 6EY,,,
GDSR CONSULTING LTD,16357286,active,ltd,,,2025-04-01,,2025-04-01,[70229],455 Archway Road London United Kingdom N6 4HT,,,
ZYPHR TRADING LIMITED,16357479,active,ltd,,,2025-04-01,,2025-04-01,[46160, 46190, 47750, 47910],Unit Fs.113a Fleet Street 154-160 Fleet Street London United Kingdom EC4A 2DQ,,,
MEADOWBROOK HOUSE LTD,16357483,active,ltd,,,2025-04-01,,2025-04-01,[88990],20 Wenlock Road London England N1 7GU,,,
MD WHOLESALE LIMITED,16357507,active,ltd,,,2025-04-01,,2025-04-01,[46420],International House London United Kingdom E16 2DQ,,,
PURE3 CLOUD SOLUTIONS LTD,16357756,active,ltd,,,2025-04-01,,2025-04-01,[70221],30 Market Place London England W1W 8AP,pure3.cloud,,Confirmed
DE SA MOTORBIKES LTD,16357759,active,ltd,,,2025-04-01,,2025-04-01,[45112],Flat 8 Rundell Tower London England SW8 1JB,,,
WIP 1 LTD,16357795,active,ltd,,,2025-04-01,,2025-04-01,[59200],47 Mowlem Street London England E2 9HE,,,
ELEVATE PROPERTIES INVESTMENT LTD,16357768,active,ltd,,,2025-04-01,,2025-04-01,[68100],86-90 Paul Street London England EC2A 4NE,,,
BOATNOVIC LTD,16357784,active,ltd,,,2025-04-01,,2025-04-01,[32120],Flat 25 Whitby Court London England N11 3GF,,,
ROSEVA CREATIONS LIMITED,16357799,active,ltd,,,2025-04-01,,2025-04-01,[56210, 73110, 82302, 90020],Unit 9 Queens Yard London England E9 5EN,roseva-creations.uk,,Confirmed
SILK ROAD TRADING ENTERPRISES LIMITED,16358049,active,ltd,,,2025-04-01,,2025-04-01,[46900, 47190, 47910],Suite Ra01 195-197 Wood Street London United Kingdom E17 3NU,silkroadtradingenterprises.co.uk,silkroadtradingenterprises@gmail.com,Confirmed
BOLTS HOMES LTD,16358021,active,ltd,,,2025-04-01,,2025-04-01,[68100, 68201, 68310, 68320],71-75 Shelton Street London United Kingdom WC2H 9JQ,,,
JIVOUI LIMITED,16358285,active,ltd,,,2025-04-01,,2025-04-01,[47710],207 Regent Street London England W1B 3HH,,,
RUSSELL NICHOLSON LTD,16358288,active,ltd,,,2025-04-01,,2025-04-01,[69102],57 Casewick Road London England SE27 0TB,,,
MARCO CANESTRARI CONSULTING LTD,16358290,active,ltd,,,2025-04-01,,2025-04-01,[62020],Flat 22 57 Kingsland High Street London England E8 2FA,marcocanestrari.it,,Likely
VAS RETROFITS LTD,16358276,active,ltd,,,2025-04-01,,2025-04-01,[45320, 45400],85 Great Portland Street London England W1W 7LT,https://www.vasretrofits.com,,Likely
JSA CAPITAL LIMITED,16355698,active,ltd,,,2025-04-01,,2025-04-01,[68209],78 Canary View 23 Dowells Street London England SE10 9DY,,,
NASH TRADING EUROPE LTD,16355899,active,ltd,,,2025-04-01,,2025-04-01,[46900, 52241, 64929],20 Wenlock Road London England N1 7GU,https://www.nash-trading.com,,Likely
BIZZEXPERTS LTD,16355914,active,ltd,,,2025-04-01,,2025-04-01,[62020, 62030, 63110],20 Wenlock Road London England N1 7GU,,,
JULIA LOU LTD,16355907,active,ltd,,,2025-04-01,,2025-04-01,[59111, 59120, 62011, 62020],71-75 Shelton Street London United Kingdom WC2H 9JQ,,,
TESTY RESTAURANT LTD,16356022,active,ltd,,,2025-04-01,,2025-04-01,[56101],7-8 New Parade Dorking England RH4 1RQ,,Testyrestaurant@hotmail.com,Confirmed
TOURBILLON ONE LIMITED,16356084,active,ltd,,,2025-04-01,,2025-04-01,[55209, 68209, 68320],9 Great Chesterford Court Great Chesterford United Kingdom CB10 1PF,,,
VANYSHA ESTATES LTD,16356211,active,ltd,,,2025-04-01,,2025-04-01,[68209, 68310],128 City Road London United Kingdom EC1V 2NX,,,
JEPSTEINRICHARDS LTD,16356573,active,ltd,,,2025-04-01,,2025-04-01,[74100],Suite 5 315 Regents Park Road London United Kingdom N3 1DP,,,
ENDEAVOUR PRODUCTIONS LIMITED,16356556,active,ltd,,,2025-04-01,,2025-04-01,[59120],C/O Auria London United Kingdom W1B 5AW,,,
VELORUMLABS LIMITED,16356557,active,ltd,,,2025-04-01,,2025-04-01,[62012],128 City Road London United Kingdom EC1V 2NX,velorumlabslimited.uk,,Confirmed
SNOWBRIDGE LIMITED,16356541,active,ltd,,,2025-04-01,,2025-04-01,[73110],71-75 Shelton Street London England WC2H 9JQ,,,
SSPROPERTYPIONEERS LTD,16356799,active,ltd,,,2025-04-01,,2025-04-01,[68209, 68310, 68320],20 Wenlock Road London England N1 7GU,,,
SURFMINE LIMITED,16356809,active,ltd,,,2025-04-01,,2025-04-01,[62012],27 Constance Street London England E16 2DQ,,,
BLOSSOM DEW LTD,16356795,active,ltd,,,2025-04-01,,2025-04-01,[99999],Athene House, Suite Q London United Kingdom NW7 3TD,,,
LALA R LTD,16356977,active,ltd,,,2025-04-01,,2025-04-01,[56210],Flat 14 Chartham House London England SE1 4DX,,,
INTERACTIVE COMPANIES LIMITED,16357095,active,ltd,,,2025-04-01,,2025-04-01,[62011, 62012, 62020, 63120],128 City Road London United Kingdom EC1V 2NX,,,
TWENTY THREE CREATIVE LTD,16357093,active,ltd,,,2025-04-01,,2025-04-01,[73110],3rd Floor 86 - 90 Paul Street London United Kingdom EC2A 4NE,,,
SMART TEST TECHNOLOGIES LIMITED,16357068,active,ltd,,,2025-04-01,,2025-04-01,[26512, 26513, 27120, 27900],71-75 Shelton Street London United Kingdom WC2H 9JQ,,,
MYSTIC WELLNESS LIMITED,16357188,active,ltd,,,2025-04-01,,2025-04-01,[47990, 85590, 86900, 96040],98 Semley Road London England SW16 4PJ,,,
A&W MARKETING LTD,16357723,active,ltd,,,2025-04-01,,2025-04-01,[63990],124-128 City Road London England EC1V 2NX,,,
SKG SERVICES LTD,16357725,active,ltd,,,2025-04-01,,2025-04-01,[47910, 62020],20 Wenlock Road London England N1 7GU,,,
GROOVY GARMENTS AND GOODS LTD,16357705,active,ltd,,,2025-04-01,,2025-04-01,[95290],20 Wenlock Road London England N1 7GU,,,
STRATEGIC PROGRAMME DELIVERY LTD,16357741,active,ltd,,,2025-04-01,,2025-04-01,[62020],124 City Road London United Kingdom EC1V 2NX,,,
SIGHAWK LIMITED,16357745,active,ltd,,,2025-04-01,,2025-04-01,[26511, 61200, 62020, 62090],85 Great Portland Street London United Kingdom W1W 7LT,,,
KCMA PROPERTIES LTD,16357712,active,ltd,,,2025-04-01,,2025-04-01,[68310],20 Wenlock Road London England N1 7GU,,,
CYBERPHORM, UK LTD,16358008,active,ltd,,,2025-04-01,,2025-04-01,[62020],124 City  Road London United Kingdom EC1V 2NX,,,
NIFTAD LIMITED,16358010,active,ltd,,,2025-04-01,,2025-04-01,[62012, 62020, 62090, 74909],71-75 Shelton Street London United Kingdom WC2H 9JQ,,,
ALMOND TREE SERVICES LTD,16357985,active,ltd,,,2025-04-01,,2025-04-01,[62012, 62020, 62090],71-75 Shelton Street London United Kingdom WC2H 9JQ,,,
MEDICAL CENTRE DEVELOPMENTS (UK) LIMITED,16357971,active,ltd,,,2025-04-01,,2025-04-01,[41100],54 Weymouth Street London United Kingdom W1G 6NU,medicalcentres.co.uk,,Confirmed
PURVIAN LTD,16358209,active,ltd,,,2025-04-01,,2025-04-01,[47910],71-75 Shelton Street London United Kingdom WC2H 9JQ,,,
AVP STUDIO LTD,16358208,active,ltd,,,2025-04-01,,2025-04-01,[73110, 90010, 90030],20 Wenlock Road London England N1 7GU,,,
LANZ DIRECT LTD,16358210,active,ltd,,,2025-04-01,,2025-04-01,[61900],Flat 50 Baldwin House London England SW2 3BZ,,,
DBK CARIBBEAN FOOD LIMITED,16358233,active,ltd,,,2025-04-01,,2025-04-01,[56103],Flat 68 Wenham House London England SW8 4DZ,,,
FINCLUSION HOLDINGS LIMITED,16358222,active,ltd,,,2025-04-01,,2025-04-01,[64205],1 Heddon Street London England W1B 4BD,finclusion.co.uk,,Confirmed
THE GATE BARBERS LTD,16358227,active,ltd,,,2025-04-01,,2025-04-01,[96020],125 Notting Hill Gate London England W11 3LB,,,
ANYTIME REFRIGERATION LTD,16358362,active,ltd,,,2025-04-01,,2025-04-01,[71129],Flat 4 Rosemont Court London England W3 9LS,,,
UK EXPMIND LTD,16355785,active,ltd,,,2025-04-01,,2025-04-01,[62090],27 Old Gloucester Street London United Kingdom WC1N 3AX,,,
LDN FORGE LTD,16355784,active,ltd,,,2025-04-01,,2025-04-01,[41202],26 Batman Close London United Kingdom W12 7NU,,,
7QUAN LTD,16355782,active,ltd,,,2025-04-01,,2025-04-01,[47190, 63990, 73120, 93290],Unit Fs.113a Fleet Street 154-160 Fleet Street London United Kingdom EC4A 2DQ,,,
SYLSY LTD,16355779,active,ltd,,,2025-04-01,,2025-04-01,[68100],71-75 Shelton Street London United Kingdom WC2H 9JQ,,,
ARLINGTON CONSOLIDATED LIMITED,16355781,active,ltd,,,2025-04-01,,2025-04-01,[64209],71-75 Shelton Street London United Kingdom WC2H 9JQ,,,
OLDSOLES UK LTD,16355928,active,ltd,,,2025-04-01,,2025-04-01,[46420],71-75 Shelton Street London United Kingdom WC2H 9JQ,,,
REFINED CHARMS LTD,16355939,active,ltd,,,2025-04-01,,2025-04-01,[46900],Chase Business Centre London United Kingdom N14 5BP,,,
KT DENT LTD,16356171,active,ltd,,,2025-04-01,,2025-04-01,[86230],Flat 22 Martin House London England SE1 6QP,,,
HEALTH ON TAP LTD,16356173,active,ltd,,,2025-04-01,,2025-04-01,[46341],28 Oakwood Road London England NW11 6RL,,,
HYDER STRATEGIES LTD,16356199,active,ltd,,,2025-04-01,,2025-04-01,[70210],9 Lydden Road London England SW18 4LT,,,
CHAIN EXCHANGE HOLDING LIMITED,16356187,active,ltd,,,2025-04-01,,2025-04-01,[58290, 62020, 63990],128 City Road London United Kingdom EC1V 2NX,,,
BUTTONHOLE LIMITED,16356367,active,ltd,,,2025-04-01,,2025-04-01,[47910],29456 Office Suite 29a, 3/F., 23 Wharf Street London United Kingdom SE8 3GG,,,
AED DEGUTYTE PROPERTY LTD,16356402,active,ltd,,,2025-04-01,,2025-04-01,[68209, 82990],. C/O Profit Strategies Ltd London England N19 5SG,,,
GOLDEN BIRD TRADING ENTERPRISE LTD,16356403,active,ltd,,,2025-04-01,,2025-04-01,[46390, 46900, 47110, 47290],128 City Road London United Kingdom EC1V 2NX,,,
IPAPPS LTD,16356392,active,ltd,,,2025-04-01,,2025-04-01,[58290],71-75 Shelton Street London United Kingdom WC2H 9JQ,,,
PERFECT BRICKS GROUP LTD,16356721,active,ltd,,,2025-04-01,,2025-04-01,[68310],20 Wenlock Road London England N1 7GU,,,
QU ARTISTS LTD,16356919,active,ltd,,,2025-04-01,,2025-04-01,[90020],1st Floor 104 Oxford Street Fitzrovia United Kingdom W1D 1LP,,,
KATE AND TOT LIMITED,16356920,active,ltd,,,2025-04-01,,2025-04-01,[56101],86 Royal Hill London England SE10 8RT,,,
JENNIEUK LTD,16357101,active,ltd,,,2025-04-01,,2025-04-01,[68100, 68201, 68202, 68209],128 City Road London United Kingdom EC1V 2NX,,,
SID HIRE LTD,16357100,active,ltd,,,2025-04-01,,2025-04-01,[77110],Suite 416, 394 Muswell Hill Broadway Muswell Hill London United Kingdom N10 1DJ,,,
OLFA ONE LTD,16357110,active,ltd,,,2025-04-01,,2025-04-01,[46450],86-90 Paul Street London England EC2A 4NE,,,
MEDEDIA LTD,16357228,active,ltd,,,2025-04-01,,2025-04-01,[47910, 73110],Office 12226 182-184 High Street North London United Kingdom E6 2JA,,,
SAPIENS GO LTD,16357226,active,ltd,,,2025-04-01,,2025-04-01,[62012],Flat 3 50 Cannon Street Road London England E1 0BH,,,
LIFESTYLE MEDICINE ACCELERATOR LTD,16357308,active,ltd,,,2025-04-01,,2025-04-01,[84120],29 Woodsyre London United Kingdom SE26 6SS,lifestylemedicineaccelerator.co.uk,,Confirmed
EIM PROPERTIES LIMITED,16357318,active,ltd,,,2025-04-01,,2025-04-01,[68100, 68209],850 Green Lanes London United Kingdom N21 2RS,,,
SFVN LTD,16357324,active,ltd,,,2025-04-01,,2025-04-01,[43220],15 Bond Street London England E15 1LT,,,
THE BORING LAB LIMITED,16357321,active,ltd,,,2025-04-01,,2025-04-01,[58290, 62020],128 City Road London United Kingdom EC1V 2NX,theboringlab.com,support@theboringlab.com,Confirmed
ISLAND ENGINEERING SOLUTIONS (IOW) LTD,16357537,active,ltd,,,2025-04-01,,2025-04-01,[71129],20 Wenlock Road London England N1 7GU,,,
ANAX CONSTRUCTIONS LIMITED,16357546,active,ltd,,,2025-04-01,,2025-04-01,[41201, 81229],Bloom East Flat 1220 London United Kingdom SW11 7DS,,,
MESMAY MEDICAL LTD,16357560,active,ltd,,,2025-04-01,,2025-04-01,[86210],71-75 Shelton Street London United Kingdom WC2H 9JQ,gp-london.com,,Confirmed
FLETCHER & CO. PROPERTIES LTD,16357535,active,ltd,,,2025-04-01,,2025-04-01,[68209],27 Old Gloucester Street London United Kingdom WC1N 3AX,,,
TURBOBYTE LTD,16357553,active,ltd,,,2025-04-01,,2025-04-01,[62012, 62020, 62090],71-75 Shelton Street London United Kingdom WC2H 9JQ,,,
EDMATCH LTD,16357517,active,ltd,,,2025-04-01,,2025-04-01,[85600],71-75 Shelton Street London United Kingdom WC2H 9JQ,,,
DOGOOLLE LTD,16357520,active,ltd,,,2025-04-01,,2025-04-01,[62012, 82200, 96090],Carlyle House 235-237 Vauxhall Bridge Road London United Kingdom SW1V 1EJ,,,
VALLEY ROOFERS LTD,16357523,active,ltd,,,2025-04-01,,2025-04-01,[41201, 41202, 43910],20 Wenlock Road London England N1 7GU,,,
LABZZ LTD,16357571,active,ltd,,,2025-04-01,,2025-04-01,[53100],18 Brookehowse Road London England SE6 3TL,,,
PAWPHECY LTD,16357567,active,ltd,,,2025-04-01,,2025-04-01,[46190, 47760, 47910],71-75 Shelton Street London United Kingdom WC2H 9JQ,,,
LEG PUPPY LIMITED,16357816,active,ltd,,,2025-04-01,,2025-04-01,[78300],4th Floor 4 Tabernacle Street London United Kingdom EC2A 4LU,,,
UCKFIELD BESS LTD,16357809,active,ltd,,,2025-04-01,,2025-04-01,[82990],128 City Road London United Kingdom EC1V 2NX,,,
SINGDOLA BARA LTD,16357848,active,ltd,,,2025-04-01,,2025-04-01,[47910],20 Wenlock Road London England N1 7GU,,,
UST FINX LTD,16358095,active,ltd,,,2025-04-01,,2025-04-01,[62090],2nd Floor 7 Seymour Street London United Kingdom W1H 7JW,,,
VICOLO LOUNGE LTD,16358103,active,ltd,,,2025-04-01,,2025-04-01,[56102],25a-27a London Road Liverpool United Kingdom L3 8HR,,,
ZORA STUDIO BRANDS LTD,16356864,active,ltd,,,2025-04-01,,2025-04-01,[47910],92 Clyfford Road Ruislip England HA4 6PT,,,
VZM VENTURES LIMITED,16358194,active,ltd,,,2025-04-01,,2025-04-01,[68100, 68209],128 City Road London United Kingdom EC1V 2NX,,,
GREY MATTER CLOTHING LIMITED,16358485,active,ltd,,,2025-04-01,,2025-04-01,[46420],Flat 10 The Shrubbery London England SW11 1DL,,,
VA PRODUCTION LTD,16358572,active,ltd,,,2025-04-01,,2025-04-01,[96090],Flat 6 Crochet House London England E2 6HQ,,,
J A LOWRIE LTD,16358708,active,ltd,,,2025-04-01,,2025-04-01,[70229],3rd Floor, 86-90 Paul Street London England EC2A 4NE,,,
AM ELITE ACCESSORIES LIMITED,16358720,active,ltd,,,2025-04-01,,2025-04-01,[29320],594 Fulham Road London England SW6 5NT,,,
PATH PROGRAMMES LIMITED,16358910,active,ltd,,,2025-04-01,,2025-04-01,[70229],93 Yerbury Road London England N19 4RW,,,
FOXY ANALYTICS LTD,16358953,active,ltd,,,2025-04-01,,2025-04-01,[62020, 63110],167-169 Great Portland Street London England W1W 5PF,,,
URBAN NODE LOGISTICS LTD,16359004,active,ltd,,,2025-04-02,,2025-04-02,[53202],86-90 Paul Street London England EC2A 4NE,,,
JPL COMPLETE SOLUTION LTD,16359357,active,ltd,,,2025-04-02,,2025-04-02,[82990],71-75 Shelton Street London United Kingdom WC2H 9JQ,,,
92 REALTY LIMITED,16359380,active,ltd,,,2025-04-02,,2025-04-02,[68209],C/O Getground London England W6 0NB,,,
RHF CONSULTING LIMITED,16359385,active,ltd,,,2025-04-02,,2025-04-02,[82990],Cascade Tower London United Kingdom E14 8JW,,,
E.SYTECH LTD,16359367,active,ltd,,,2025-04-02,,2025-04-02,[62012],20 Wenlock Road London England N1 7GU,esytechltd.uk,,Confirmed
A2B CHAUFFEUR & TOUR SERVICES LTD,16359369,active,ltd,,,2025-04-02,,2025-04-02,[52219, 53201, 79120, 79901],71-75 Shelton Street London United Kingdom WC2H 9JQ,a2bchauffeur-tours.com,,Likely
ANTICRYPTOFRAUDATTORNEY LTD,16359409,active,ltd,,,2025-04-02,,2025-04-02,[69101, 69109, 70221],5 Brayford Square London United Kingdom E1 0SG,,,
ZION'S DRIVING SCHOOL LIMITED,16359405,active,ltd,,,2025-04-02,,2025-04-02,[85530],55 Jasmine Grove London England SE20 8JY,,,
HANS HUNG & CO (ACCOUNTANTS) LTD,16359400,active,ltd,,,2025-04-02,,2025-04-02,[69201, 69203],1st Floor, 267 High Road Leyton United Kingdom E10 5QN,hans-hung.co.uk,,Confirmed
ANTEYCO CONSTRUCTION LTD,16359398,active,ltd,,,2025-04-02,,2025-04-02,[41100, 41202, 43390, 43999],71-75 Shelton Street London United Kingdom WC2H 9JQ,,,
PREMIUM LANDSCAPE AND DESIGN LTD,16359654,active,ltd,,,2025-04-02,,2025-04-02,[81300],128 City Road London United Kingdom EC1V 2NX,,,
SPICE OF JAFFNA LTD,16359658,active,ltd,,,2025-04-02,,2025-04-02,[56101, 56102, 56103],82 Newquay Road London England SE6 2NP,,,
WHAT YOU LOOKING AT? LTD,16359677,active,ltd,,,2025-04-02,,2025-04-02,[43290],8 Northumberland Avenue London England E12 5HF,,,
ZENWELL PROPERTIES LTD,16359640,active,ltd,,,2025-04-02,,2025-04-02,[68209],124 City Road London United Kingdom EC1V 2NX,,,
MRP & CO ACCOUNTANTS LTD,16359931,active,ltd,,,2025-04-02,,2025-04-02,[69201, 69202, 69203, 70229],Downham Court, Flat 6 London United Kingdom N1 3HG,,,
REN EQUESTRIAN LIMITED,16359957,active,ltd,,,2025-04-02,,2025-04-02,[01430],Flat 1511 8 Casson Square London United Kingdom SE1 7GU,,,
UK RAYSON INTERNATIONAL GROUP CO., LTD,16359900,active,ltd,,,2025-04-02,,2025-04-02,[20150, 47760],41 Devonshire Street Ground Floor Office 1 London United Kingdom W1G 7AJ,,,
RJM SURVEYS LTD,16359922,active,ltd,,,2025-04-02,,2025-04-02,[61100],71-75 Shelton Street London United Kingdom WC2H 9JQ,,,
GIOV ADVERTISING LIMITED,16359946,active,ltd,,,2025-04-02,,2025-04-02,[73110],27 Monmouth Street London England WC2H 9EU,,,
TRAVEL CHERRY GHOST 7 LTD,16359940,active,ltd,,,2025-04-02,,2025-04-02,[96090],2a Station Road London England E17 8AA,,,
EFFLUX LTD,16360197,active,ltd,,,2025-04-02,,2025-04-02,[62090],128 City Road London United Kingdom EC1V 2NX,,,
DR WILLIAM CROUCH PSYCHOANALYST LTD,16360176,active,ltd,,,2025-04-02,,2025-04-02,[86220],Flat 22 Fyfe House London England N8 7RZ,,willjgcrouch@gmail.com,Confirmed
BEST ONE STORES LTD,16360183,active,ltd,,,2025-04-02,,2025-04-02,[47110],145 Arthur Road London United Kingdom SW19 8AB,,,
OLIVIA DOBSON LIMITED,16360456,active,ltd,,,2025-04-02,,2025-04-02,[74209],Afe Accountants Limited Building 4, North London Business Park London England N11 1GN,,,
BABY'S BAR LTD,16360507,active,ltd,,,2025-04-02,,2025-04-02,[56302],11 Colyton Road London United Kingdom SE22 0NE,,,
STEADMAN & CHASE LTD,16360741,active,ltd,,,2025-04-02,,2025-04-02,[78109],86-90 Paul Street London England EC2A 4NE,steadmanchase.com,enquiries@steadmanchase.com,Confirmed
AQAJOON INVESTMENTS LIMITED,16360738,active,ltd,,,2025-04-02,,2025-04-02,[68209],128 City Road London United Kingdom EC1V 2NX,,,
HOSHI F&B LIMITED,16358468,active,ltd,,,2025-04-01,,2025-04-01,[56103],106 Weymouth Terrace London England E2 8LR,,,
P B GREEN LTD,16358466,active,ltd,,,2025-04-01,,2025-04-01,[41202],71-75 Shelton Street London United Kingdom WC2H 9JQ,,,
HYBRID RELOCATIONS LIMITED,16358649,active,ltd,,,2025-04-01,,2025-04-01,[55209],97 Crowborough Road London England SW17 9QD,hybridrelocations.co.uk,,Confirmed
ASHMOOR HOMES LIMITED,16358991,active,ltd,,,2025-04-02,,2025-04-02,[41100],54 Eversleigh Road London England N3 1JA,,,
AMBALA DECORS LTD,16358987,active,ltd,,,2025-04-02,,2025-04-02,[47910],4 Westbury Terrace London England E7 8BY,,,
THE MEXICANNOS LTD,16359016,active,ltd,,,2025-04-02,,2025-04-02,[56103],375 London Road St. Leonards-On-Sea England TN37 6PA,,,
LA CASITA MAINTENANCE LTD,16359050,active,ltd,,,2025-04-02,,2025-04-02,[43390],5 Brayford Square London England E1 0SG,lacasitamaintenanceltd.co.uk,jobs@lacasitamaintenanceltd.co.uk,Confirmed
LOTUS EYE HOLDINGS LTD,16359042,active,ltd,,,2025-04-02,,2025-04-02,[64209],71-75 Shelton Street London England WC2H 9JQ,,,
KC PUB LIMITED,16359144,active,ltd,,,2025-04-02,,2025-04-02,[56302],52 Canonbury Road London England N1 2HS,myddletonarms.co.uk,,Likely
INSYNC PROJECTS LTD,16359213,active,ltd,,,2025-04-02,,2025-04-02,[70229],71-75 Shelton Street London United Kingdom WC2H 9JQ,,,
LOLITA DAVIES REAL ESTATE LTD,16359302,active,ltd,,,2025-04-02,,2025-04-02,[68100],1 Ravensbourne Place London United Kingdom SE8 4AS,laurels.co.uk,,Confirmed
SOMERFORD ENERGY CONSULTANCY LIMITED,16359349,active,ltd,,,2025-04-02,,2025-04-02,[74901],71-75 Shelton Street London United Kingdom WC2H 9JQ,somerfordenergy.co.uk,,Confirmed
MOLOLA LTD,16359332,active,ltd,,,2025-04-02,,2025-04-02,[46190, 68209],71-75 Shelton Street London United Kingdom WC2H 9JQ,,,
SIMPLYSMARTE LTD,16359323,active,ltd,,,2025-04-02,,2025-04-02,[47190, 47410],128 City Road London United Kingdom EC1V 2NX,,,
DP COOPER LTD,16359521,active,ltd,,,2025-04-02,,2025-04-02,[47910],71-75 Shelton Street London United Kingdom WC2H 9JQ,,,
SOMRATO LTD,16359519,active,ltd,,,2025-04-02,,2025-04-02,[47910],24-26 Arcadia Avenue, Fin0000 London United Kingdom N3 2JU,,,
WANSTEAD JOICE LTD,16359541,active,ltd,,,2025-04-02,,2025-04-02,[56102],141 High Street Wanstead London England E11 2RL,joicecafe.co.uk,marketing@joicecafe.co.uk,Confirmed
GAP WORLDWIDE LTD.,16359727,active,ltd,,,2025-04-02,,2025-04-02,[64304, 64991],2nd Floor College House Ruislip, United Kingdom HA4 7AE,,,
MDC CONSULTANTS LTD,16359748,active,ltd,,,2025-04-02,,2025-04-02,[70229],94 Fallowcourt Avenue London England N12 0BG,,,
OASIS BAY LTD,16359971,active,ltd,,,2025-04-02,,2025-04-02,[47190, 47240],20 Wenlock Road London England N1 7GU,,,
RECTORY CONSULTING LIMITED,16360042,active,ltd,,,2025-04-02,,2025-04-02,[41100],128 City Road London United Kingdom EC1V 2NX,,,
PLATINUM PERKS LIMITED,16360039,active,ltd,,,2025-04-02,,2025-04-02,[47990],Flat 38 Lawson House London England W12 7PZ,,,
STUDIO MICHELANGELO VENTURES LTD,16360036,active,ltd,,,2025-04-02,,2025-04-02,[70229, 71121, 74909],128 City Road London United Kingdom EC1V 2NX,,,
PREMIER CLOUD SOLUTIONS LTD,16359981,active,ltd,,,2025-04-02,,2025-04-02,[63990],128 City Road London United Kingdom EC1V 2NX,,,
ERC GROUP LIMITED,16359985,active,ltd,,,2025-04-02,,2025-04-02,[46900],41a Priory Park Road London England NW6 7UP,,,
OXYGEN EXPRESS LTD,16359992,active,ltd,,,2025-04-02,,2025-04-02,[47990],27 Wimpole Street London England W1G 8GN,,,
LONDON BRIDGE HEALTHCARE LTD,16360258,active,ltd,,,2025-04-02,,2025-04-02,[86210],71-75 Shelton Street London United Kingdom WC2H 9JQ,londonbridgehealthcare.co.uk,info@londonbridgehealthcare.co.uk,Confirmed
DEWAN AND ASSOCIATES LIMITED,16360254,active,ltd,,,2025-04-02,,2025-04-02,[70229],275 New North Road Islington #1370 N17aa London United Kingdom N1 7AA,dewanandassociates.com,london.services@dewanandassociates.com,Confirmed
SYED NOOR UK LIMITED,16360247,active,ltd,,,2025-04-02,,2025-04-02,[70229],459 High Street North London England E12 6TJ,,,
SIGNATURE CIRCUITS LTD,16360261,active,ltd,,,2025-04-02,,2025-04-02,[43210],195-197, Suite Ra01 Wood Street London United Kingdom E17 3NU,,,
NYLISH FASHION LTD,16360267,active,ltd,,,2025-04-02,,2025-04-02,[47910],Flat 7 Kinglake House London United Kingdom UB2 4FZ,,,
CLIQO LTD,16360218,active,ltd,,,2025-04-02,,2025-04-02,[62012],Flat 211 Alaska Building Deals Gateway London England SE13 7QU,,,
ROSEWOOD GATES LIMITED,16360234,active,ltd,,,2025-04-02,,2025-04-02,[68100, 68209, 68320],4a Roman Road East Ham United Kingdom E6 3RX,,,
VERTEX REMOVAL GROUP LTD,16360581,active,ltd,,,2025-04-02,,2025-04-02,[49420],351a Green Street London England E13 9AR,,,
CARBON TRUST SCHEME OWNER LIMITED,16360551,active,ltd,,,2025-04-02,,2025-04-02,[74909],Level 5 Arbor London United Kingdom SE1 9AX,carbontrust.com,,Confirmed
ESSAIMPEX LTD,16360554,active,ltd,,,2025-04-02,,2025-04-02,[47910, 47990],51 Fourth Avenue London England E12 6DP,,,
FASTO LTD,16360515,active,ltd,,,2025-04-02,,2025-04-02,[14190],128 City Road London United Kingdom EC1V 2NX,,,
ENER SERVICES LTD,16360776,active,ltd,,,2025-04-02,,2025-04-02,[96090],71-75 Shelton Street London United Kingdom WC2H 9JQ,,,
TOPOFTHEGREEN LTD,16358475,active,ltd,,,2025-04-01,,2025-04-01,[64209],128 City Road London United Kingdom EC1V 2NX,,,
EVERPATH LIMITED,16358523,active,ltd,,,2025-04-01,,2025-04-01,[74901],12-14 Ansdell Street London United Kingdom W8 5BN,everpath.earth,,Confirmed
SUCCESS MEDIA EDUCATION GROUP LTD,16358626,active,ltd,,,2025-04-01,,2025-04-01,[85590, 85600],246-250 Romford Road London United Kingdom E7 9HZ,,,
LIFE SCIENCES CONSULTING LTD,16358624,active,ltd,,,2025-04-01,,2025-04-01,[74909],85 Great Portland Street London England W1W 7LT,,,
AFAQ BALAD ALSALAM TRADE LIMITED,16358669,active,ltd,,,2025-04-01,,2025-04-01,[46150, 46160, 46450],Flat 107 25 Indescon Square London England E14 9DG,,,
DERMA CARE WH LTD,16358770,active,ltd,,,2025-04-01,,2025-04-01,[96020],215 West End Lane London England NW6 1XJ,dermacarelondon.com,WH@dermacarelondon.co.uk,Confirmed
DREAMORA LIMITED,16358847,active,ltd,,,2025-04-01,,2025-04-01,[47770],348 St. John Street London England EC1V 4NT,,,
PARAGON FRUITS AND VEGETABLES SUPPLIERS LIMITED,16358985,active,ltd,,,2025-04-02,,2025-04-02,[46310, 47190],Flat 1 Rochelle Court London England E1 0HF,,,
BM DESIGN BUILD LTD,16358981,active,ltd,,,2025-04-02,,2025-04-02,[41100, 41202, 68100, 71129],37 Temple Road London England NW2 6PJ,,,
LOCAL LEAGUE LEGENDS LTD,16359234,active,ltd,,,2025-04-02,,2025-04-02,[93290],128 City Road London United Kingdom EC1V 2NX,https://www.localleaguelegends.co.uk,,Likely
NSII HEALTHCARE 1 LTD,16359469,active,ltd,,,2025-04-02,,2025-04-02,[66300],First Floor, 50 Marshall Street London United Kingdom W1F 9BQ,,,
ZAHRA JESSA CONSULTING LIMITED,16359807,active,ltd,,,2025-04-02,,2025-04-02,[86900],Apartment 602 17 Cleveland Street London United Kingdom W1T 4AJ,,,
E.O.O HEALTHCARE LIMITED,16359775,active,ltd,,,2025-04-02,,2025-04-02,[86210],94 Elmwood Road London England SE24 9NR,,,
HUNTERS TREE SERVICES LIMITED,16359817,active,ltd,,,2025-04-02,,2025-04-02,[81300],85 Great Portland Street London England W1W 7LT,,,
R&O CONSULTANCY LTD,16359802,active,ltd,,,2025-04-02,,2025-04-02,[70229],20 Wenlock Road London England N1 7GU,,,
KHALSA WORKFORCE LTD,16359797,active,ltd,,,2025-04-02,,2025-04-02,[41202, 78200],3rd Floor, 86-90 Paul Street London England EC2A 4NE,,,
ALL PRINT GROUNDWORKS LTD,16360057,active,ltd,,,2025-04-02,,2025-04-02,[43999],3rd Floor, 86-90 Paul Street London England EC2A 4NE,,,
VORTEX 3D LIMITED,16360055,active,ltd,,,2025-04-02,,2025-04-02,[22290],128 City Road London United Kingdom EC1V 2NX,,,
DARIAN INTERNATIONAL TRADING CO., LTD,16360068,active,ltd,,,2025-04-02,,2025-04-02,[46190, 46900, 47190, 47910],Unit Fs.113a Fleet Street 154-160 Fleet Street London United Kingdom EC4A 2DQ,,,
ARCTEK GROUP LTD,16360098,active,ltd,,,2025-04-02,,2025-04-02,[43290],128 City Road London United Kingdom EC1V 2NX,https://arctek-group.com,arctekgroup@outlook.com,Confirmed
NSO FITNESS LIMITED,16360093,active,ltd,,,2025-04-02,,2025-04-02,[86900, 93130],20 Seymour Mews London England W1H 6BQ,,,
DFCF LTD,16360080,active,ltd,,,2025-04-02,,2025-04-02,[68100],20 Wenlock Road London England N1 7GU,,,
ICLOUD CONSULTING LTD,16360073,active,ltd,,,2025-04-02,,2025-04-02,[62020],71-75 Shelton Street London United Kingdom WC2H 9JQ,,,
HIPPO TECH LTD,16360074,active,ltd,,,2025-04-02,,2025-04-02,[62020],The Sati Room London England W1G 0JR,,,
GEUM SUPPLIER LTD,16360692,active,ltd,,,2025-04-02,,2025-04-02,[47910],63 Highstone Mansions, S08 London United Kingdom NW1 9DY,,,
INDRESKA LIMITED,16360677,active,ltd,,,2025-04-02,,2025-04-02,[69102],15 Montpelier Vale London England SE3 0TA,,,
CALUMET LIMITED,16360704,active,ltd,,,2025-04-02,,2025-04-02,[47910],29157 Office Suite 29a, 3/F., 23 Wharf Street London United Kingdom SE8 3GG,,,
LEARNWITHNATHALIE LTD,16358610,active,ltd,,,2025-04-01,,2025-04-01,[85590],75 Stane Grove London United Kingdom SW9 9AL,https://linktr.ee/learnwithnathalie,,Likely
BABOA LTD,16358760,active,ltd,,,2025-04-01,,2025-04-01,[47910],Flat 53 Ritchie House London England N19 3LX,,,
EOYRN TRADING LIMITED,16359079,active,ltd,,,2025-04-02,,2025-04-02,[46160, 46190, 47750, 47910],Unit Fs.113a Fleet Street 154-160 Fleet Street London United Kingdom EC4A 2DQ,,,
HEAVENLY NEST LTD,16359103,active,ltd,,,2025-04-02,,2025-04-02,[55100, 96090],32 Jephson Road London England E7 8LZ,,,
EXTERIOR PROPERTY SHIELDS LIMITED,16359094,active,ltd,,,2025-04-02,,2025-04-02,[41100, 41202],55 Princes Gate Exhibition Road London England SW7 2PN,,,
OKRS APPLIED LTD,16359134,active,ltd,,,2025-04-02,,2025-04-02,[64209, 70229],3rd Floor, 86-90 Paul Street London England EC2A 4NE,,,
SUPRO RENOVATION LTD,16359126,active,ltd,,,2025-04-02,,2025-04-02,[43220, 43310, 43330, 43341],128 City Road London United Kingdom EC1V 2NX,https://www.suproconstruction.com,,Likely
SMITH AND GOODE FOODS LTD,16359168,active,ltd,,,2025-04-02,,2025-04-02,[10890],167 - 169 Great Portland Street London England W1W 5PF,,,
CACTUS SELF STORAGE HOLDINGS LIMITED,16359295,active,ltd,,,2025-04-02,,2025-04-02,[64209],36 Walpole Street London United Kingdom SW3 4QS,https://cactus.storage,,Likely
PERFORMANCE AGENCY LTD,16359425,active,ltd,,,2025-04-02,,2025-04-02,[73110],71-75 Shelton Street London United Kingdom WC2H 9JQ,,,
NSII HEALTHCARE 2 LTD,16359426,active,ltd,,,2025-04-02,,2025-04-02,[66300],First Floor, 50 Marshall Street London United Kingdom W1F 9BQ,,,
KELLY CHIU MARKETING LTD,16359639,active,ltd,,,2025-04-02,,2025-04-02,[70229],Michelin House London England SW3 6RD,https://www.kellychiumarketing.com,,Confirmed
DIGITAL S LABS LTD,16359635,active,ltd,,,2025-04-02,,2025-04-02,[46420],Unit #6451 275 New North Road London United Kingdom N1 7AA,,,
NOVATURE SOLUTIONS LTD,16359620,active,ltd,,,2025-04-02,,2025-04-02,[70229],29 Hazelbourne Road London England SW12 9NU,https://novaturesolutions.co.uk,,Confirmed
VERT CLEANING SERVICES LIMITED,16359623,active,ltd,,,2025-04-02,,2025-04-02,[81299],Flat 36 32 Grosvenor Street London England W1K 4QS,,,
MODERN CENTRAL SERVICES LTD,16359599,active,ltd,,,2025-04-02,,2025-04-02,[93199],20 Wenlock Road London England N1 7GU,,,
PLACE 2 M B LIMITED,16359867,active,ltd,,,2025-04-02,,2025-04-02,[41100],38-40 Chamberlayne Road London England NW10 3JE,,,
DYNAMIC MAINTENANCE SERVICES LTD,16359857,active,ltd,,,2025-04-02,,2025-04-02,[43390],Suite 206, Britannia House 11 Glenthorne Road London England W6 0LH,,,
WILD AND FREEE LTD,16359853,active,ltd,,,2025-04-02,,2025-04-02,[90010],Flat 12 440 North Woolwich Road London England E16 2ZP,,,
DE AMBASSADOR CLUB UK LTD,16359881,active,ltd,,,2025-04-02,,2025-04-02,[94990],31 Stoddart House Meadow Road London United Kingdom SW8 1NB,,,
MANS94 LTD,16359896,active,ltd,,,2025-04-02,,2025-04-02,[68209],74 Brent Street London England NW4 2ES,,,
S AND E RESIINVEST LTD,16360111,active,ltd,,,2025-04-02,,2025-04-02,[68209],126 Green Dragon Lane London United Kingdom N21 1HA,,,
GUTT & WIRTH CAPITAL LTD,16360151,active,ltd,,,2025-04-02,,2025-04-02,[68100, 68209],5 North End Road London England NW11 7RJ,,,
MATAGI ASSOCIATES LTD,16360130,active,ltd,,,2025-04-02,,2025-04-02,[68100, 68209, 68320],395 Rotherhithe New Road London United Kingdom SE16 3FP,,,
UNBOUND IT UK LTD,16360398,active,ltd,,,2025-04-02,,2025-04-02,[62020, 62090],45 Albemarle Street London England W1S 4JL,https://unbound-it.co.uk,info@unbound-it.co.uk,Confirmed
PERI PERI SPICE LTD,16360379,active,ltd,,,2025-04-02,,2025-04-02,[56103],35 London Road Gloucester England GL1 3HF,,,
PLUMBDIRECTLONDON LTD,16360422,active,ltd,,,2025-04-02,,2025-04-02,[43220],3rd Floor, 86-90 Paul Street London United Kingdom EC2A 4NE,,,
E & C HOLDINGS LIMITED,16360424,active,ltd,,,2025-04-02,,2025-04-02,[68209],3rd Floor City Reach London England E14 9NN,,,
PRISTINE ACCOUNTANTS LTD,16360430,active,ltd,,,2025-04-02,,2025-04-02,[69201, 69203],3 Woodman Parade London England E16 2LL,,,
COMPUTER CHAP - DIGITAL COWBOY SCHOOL - GOOGLE MY BUSINESS PROFILE MAPS MARKETING AND AI SERVICES LIMITED,16360624,active,ltd,,,2025-04-02,,2025-04-02,[96090],2nd Floor College House Ruislip, United Kingdom HA4 7AE,,,
32EIGHT PROPERTY VENTURES LTD,16360650,active,ltd,,,2025-04-02,,2025-04-02,[68100, 68209],7 Hawthorne Crescent London England SE10 9GA,,,
STAR SPAN TECHNOLOGIES UK LIMITED,16360644,active,ltd,,,2025-04-02,,2025-04-02,[62012],71-75 Shelton Street London United Kingdom WC2H 9JQ,https://starspantechnologies.uk,,Confirmed
KANAK ESTATES LTD,16360651,active,ltd,,,2025-04-02,,2025-04-02,[41100, 41201, 41202, 68100],128 City Road London United Kingdom EC1V 2NX,,,
TURO CAFE LTD,16360628,active,ltd,,,2025-04-02,,2025-04-02,[56102],500 White Hart Lane London England N17 7NA,,,
REFRAKT DIGITAL LTD,16360632,active,ltd,,,2025-04-02,,2025-04-02,[73110],3rd Floor, 86-90 Paul Street London United Kingdom EC2A 4NE,https://refraktdigital.co.uk,,Confirmed
SPG TREES AND MAINTENANCE LTD,16360794,active,ltd,,,2025-04-02,,2025-04-02,[81300],76 Pembroke Road London England N10 2HT,https://spgtreecareltd-london.co.uk,,Likely
INNOMAR SERVICES LTD,16360852,active,ltd,,,2025-04-02,,2025-04-02,[43390, 68209],272 Rowley Gardens London England N4 1HW,,,
IRONCLAD PROPERTY GROUP LTD,16360828,active,ltd,,,2025-04-02,,2025-04-02,[68310],20 Wenlock Road London England N1 7GU,,,
NEIXSAFE LTD,16360959,active,ltd,,,2025-04-02,,2025-04-02,[58290, 62020, 63120, 63990],128 City Road London United Kingdom EC1V 2NX,,,
CMOORE COLLECTIVE LTD,16360950,active,ltd,,,2025-04-02,,2025-04-02,[73110, 74100],100 Lakeside Road London England W14 0DY,,,
THE FOUNDRY COLLECTIVE BAR LTD,16360947,active,ltd,,,2025-04-02,,2025-04-02,[56302],Acorn House London United Kingdom W3 6AY,https://thefoundrycollective.org,,Confirmed
GYLYX LTD,16360926,active,ltd,,,2025-04-02,,2025-04-02,[70229],128 City Road London United Kingdom EC1V 2NX,,,
OPTIMIZED SENSE LTD,16360951,active,ltd,,,2025-04-02,,2025-04-02,[58290, 62012, 62020, 63110],71-75 Shelton Street London United Kingdom WC2H 9JQ,https://o-sense.com,theteam@o-sense.com,Confirmed
CREOMIND LTD,16360986,active,ltd,,,2025-04-02,,2025-04-02,[71122],56 Sydney Road London England SE2 9RX,,,
COMPLETE MAINTENANCE HUB LTD,16360983,active,ltd,,,2025-04-02,,2025-04-02,[62090],71-75 Shelton Street London England WC2H 9JQ,,,
THE RHULE ORGANISATION LIMITED,16361010,active,ltd,,,2025-04-02,,2025-04-02,[68209],C/O Getground London England W6 0NB,,,
BURAQ TECH SOLUTIONS LIMITED,16361097,active,ltd,,,2025-04-02,,2025-04-02,[62090],Office 12241 182-184 High Street North London United Kingdom E6 2JA,,,
E&Y TAKEAWAY LTD,16361127,active,ltd,,,2025-04-02,,2025-04-02,[56103],500 White Hart Lane London England N17 7NA,,,
NEW YORK BOUTIQUE LTD,16361094,active,ltd,,,2025-04-02,,2025-04-02,[47910],284 Chase Road London United Kingdom N14 6HF,,,
NOVORA HOUSE LTD,16361103,active,ltd,,,2025-04-02,,2025-04-02,[87200],2nd Floor College House Ruislip, United Kingdom HA4 7AE,,,
MR WHIPPY'S ICECREAMS LTD,16361122,active,ltd,,,2025-04-02,,2025-04-02,[10520],13 Medesenge Way London England N13 6DZ,,,
DEVDOPING LTD,16361418,active,ltd,,,2025-04-02,,2025-04-02,[47910],10-16 Tiller Road London United Kingdom E14 8PX,,,
SAFE HAVEN HOMES1983 LTD,16361395,active,ltd,,,2025-04-02,,2025-04-02,[87200],10 Goodson Rd London United Kingdom NW10 9LR,,,
CROW-FAMILY LTD,16361501,active,ltd,,,2025-04-02,,2025-04-02,[01120, 94110, 95210, 96090],128 City Road London United Kingdom EC1V 2NX,,,
BAHM GROUP TRANSPORT LIMITED,16361499,active,ltd,,,2025-04-02,,2025-04-02,[52290],128 City Road London United Kingdom EC1V 2NX,,,
LONG RETAIL LIMITED,16361484,active,ltd,,,2025-04-02,,2025-04-02,[47110],139a Park Road London England NW8 7HT,,,
INSPIRE BUSINESS COMMUNITY LTD,16361483,active,ltd,,,2025-04-02,,2025-04-02,[82990],Atbs House Beccles England NR34 8TS,https://inspirebusiness.community,,Likely
LOVEWE UK LIMITED,16361556,active,ltd,,,2025-04-02,,2025-04-02,[68202, 82301],Flat 107 25 Indescon Square London England E14 9DG,,,
DECENTRIC HOLDINGS LTD,16361552,active,ltd,,,2025-04-02,,2025-04-02,[64209],3rd Floor, Great Titchfield House London United Kingdom W1W 8BD,,,
89 CLOTHING LTD,16361518,active,ltd,,,2025-04-02,,2025-04-02,[47710, 47910],71-75 Shelton Street London United Kingdom WC2H 9JQ,,,
UNIFY MARKETPLACE LTD,16361742,active,ltd,,,2025-04-02,,2025-04-02,[63120],Old House London England NW8 0PL,,,
PERYTON INTELLIGENCE LTD,16361751,active,ltd,,,2025-04-02,,2025-04-02,[70210, 70229, 85590],20 Wenlock Road London England N1 7GU,,,
STACKWISE LTD,16361756,active,ltd,,,2025-04-02,,2025-04-02,[58290, 62012, 62020, 62090],128 City Road London United Kingdom EC1V 2NX,,,
FNI TECH LTD,16361784,active,ltd,,,2025-04-02,,2025-04-02,[46510, 62020, 77330, 95110],124-128 City Road London England EC1V 2NX,,,
DEWONI LTD,16361943,active,ltd,,,2025-04-02,,2025-04-02,[01490, 10130, 31090, 78109],27 Old Gloucester Street London United Kingdom WC1N 3AX,,,
CROWLEY CONSTRUCTION ACTIVITY LTD,16361926,active,ltd,,,2025-04-02,,2025-04-02,[43999],20 Wenlock Road London England N1 7GU,,,
SYNC LOGIC LTD,16361957,active,ltd,,,2025-04-02,,2025-04-02,[62012, 62020, 62090, 71200],128 City Road London United Kingdom EC1V 2NX,,,
MEHEDAN LTD,16362064,active,ltd,,,2025-04-02,,2025-04-02,[47910],24-26 Arcadia Avenue, Fin0000 London United Kingdom N3 2JU,,,
NAFSOOR LIMITED,16362194,active,ltd,,,2025-04-02,,2025-04-02,[56102],4 Vesey Path London England E14 6BT,,,
5 CORE GROUP - TRAINING LIMITED,16363001,active,ltd,,,2025-04-03,,2025-04-03,[85410],Suite G04 1 Quality Court, Chancery Lane London England WC2A 1HR,,,
AMERICAN PRIVATE JET (UK) LTD,16363072,active,ltd,,,2025-04-03,,2025-04-03,[51101, 51102, 51210],128 City Road London United Kingdom EC1V 2NX,,,
SABB DEVELOPMENTS LTD,16361958,active,ltd,,,2025-04-02,,2025-04-02,[41100, 68100],204 Victoria Road London England N9 9SQ,,,
RYAN GARDEN SERVICES (R.G.S) LTD,16363041,active,ltd,,,2025-04-03,,2025-04-03,[41202, 81300],Flat 87 Barons Court London England NW9 8AG,,,
WORLD TRAINING CENTRE LTD,16363061,active,ltd,,,2025-04-03,,2025-04-03,[59112, 85600],20 Wenlock Road London England N1 7GU,,,
PROFESSIONAL TOOLS UK LIMITED,16363123,active,ltd,,,2025-04-03,,2025-04-03,[32990],70 Gracechurch Street, Suite 423 London England EC3V 0HR,,,
ENTI GROUP LTD,16363157,active,ltd,,,2025-04-03,,2025-04-03,[52290],71-75 Shelton Street London United Kingdom WC2H 9JQ,,,
AKJ FX LTD,16363153,active,ltd,,,2025-04-03,,2025-04-03,[66110, 66120, 66300],128 City Road London United Kingdom EC1V 2NX,https://www.akjfx.com,,Confirmed
REYA INVESTMENTS LIMITED,16363149,active,ltd,,,2025-04-03,,2025-04-03,[68100],Level 5a Maple House London United Kingdom W1T 7NF,,,
SOS TOWING LTD,16363303,active,ltd,,,2025-04-03,,2025-04-03,[52290],20 Wenlock Road London England N1 7GU,,,
THEOPHISH LTD,16363301,active,ltd,,,2025-04-03,,2025-04-03,[14190, 46420, 47599, 47910],71-75 Shelton Street London United Kingdom WC2H 9JQ,https://theophish.com,,Confirmed
ATRIUM LIGHTING LTD,16363294,active,ltd,,,2025-04-03,,2025-04-03,[46470],6th Floor Capital Tower London United Kingdom SE1 8RT,,,
MELLOW MATRIX LTD,16363336,active,ltd,,,2025-04-03,,2025-04-03,[62012, 62020, 62090, 63110],20 Wenlock Road London England N1 7GU,,,
NOMAD PROTOTYPES LTD,16363439,active,ltd,,,2025-04-03,,2025-04-03,[32990, 58190, 71122, 72190],71-75 Shelton Street London United Kingdom WC2H 9JQ,,,
DANO AI LTD,16363510,active,ltd,,,2025-04-03,,2025-04-03,[73110],128 City Road London United Kingdom EC1V 2NX,,,
DEVOLABS LTD,16363511,active,ltd,,,2025-04-03,,2025-04-03,[62012],71-75 Shelton Street London United Kingdom WC2H 9JQ,https://devolabsmon.com,,Confirmed
BLUE MAPLE PROPERTY LTD,16363606,active,ltd,,,2025-04-03,,2025-04-03,[68100],2nd Floor Connaught House, 1-3 Mount Street London United Kingdom W1K 3NB,,,
MYRIA MEDIA LTD,16363603,active,ltd,,,2025-04-03,,2025-04-03,[60200, 61900, 63910, 63990],128 City Road London United Kingdom EC1V 2NX,,,
TEST2HEALTH LTD,16363596,active,ltd,,,2025-04-03,,2025-04-03,[86900],20 Wenlock Road London England N1 7GU,,,
YOU THERAPIES LTD,16363609,active,ltd,,,2025-04-03,,2025-04-03,[86900],23 Crispin Road London England HA8 9EN,,,
CASSYAN SECURITY LIMITED,16363643,active,ltd,,,2025-04-03,,2025-04-03,[80200],14 Dearden House West Gate London England W5 1BS,,,
LEADERVERSE LTD,16363690,active,ltd,,,2025-04-03,,2025-04-03,[70229],167 - 169 Great Portland Street London England W1W 5PF,https://www.leaderversegroup.com,,Confirmed
ECLIPSE BEAMS LTD,16363697,active,ltd,,,2025-04-03,,2025-04-03,[46470, 47599, 47910],128 City Road London United Kingdom EC1V 2NX,https://eclipsebeams.com,,Confirmed
MICHAEL OKO PROPERTY LIMITED,16363700,active,ltd,,,2025-04-03,,2025-04-03,[68100, 68209, 68320],1-4 London Road Spalding England PE11 2TA,,,
HORIZON LEX LTD,16363709,active,ltd,,,2025-04-03,,2025-04-03,[69102, 69109],25 Cabot Square London United Kingdom E14 4QA,,,
A MEET POINT UK LTD,16363849,active,ltd,,,2025-04-03,,2025-04-03,[56103],261 Green Lanes London England N13 4XE,,,
YOUR THEATRE BREAKS LIMITED,16363832,active,ltd,,,2025-04-03,,2025-04-03,[96090],Cloister Court 22-26 Farringdon Lane London England EC1R 3AJ,,,
BUCKSLUXE LIMITED,16363963,active,ltd,,,2025-04-03,,2025-04-03,[47910],Gemma House London England NW8 8SS,,,
DESSERTHAUS LIMITED,16363968,active,ltd,,,2025-04-03,,2025-04-03,[56103],60 Bounces Road London England N9 8HX,,,
AK HOLDCO LIMITED,16363962,active,ltd,,,2025-04-03,,2025-04-03,[68100, 68209],26 Lucas House Coleridge Gardens London England SW10 0RE,,,
VESPERALS LTD,16363984,active,ltd,,,2025-04-03,,2025-04-03,[59200, 62011, 85590, 90030],94 Gildersome Street London England SE18 4EZ,,,
MIYA MOREA LTD,16364238,active,ltd,,,2025-04-03,,2025-04-03,[47710],124-128 City Road London England EC1V 2NX,,,
MJ BROTHERS LTD,16364240,active,ltd,,,2025-04-03,,2025-04-03,[98000],17 Chalton Street London England NW1 1JD,,,
EL MANABA LONDON LTD,16364276,active,ltd,,,2025-04-03,,2025-04-03,[56101],Eagle Yard Arch 145 Walworth Road London England SE1 6SP,,,
BLOOM FASHIONS UK LTD,16364331,active,ltd,,,2025-04-03,,2025-04-03,[47910],17 Chase Gardens London England E4 8LB,,,
G W SOUTHERN WINDOWS LTD,16360861,active,ltd,,,2025-04-02,,2025-04-02,[43290, 43342],23a The Precinct Waterlooville United Kingdom PO7 7DT,,,
REDWARDENINFOSEC LTD,16360816,active,ltd,,,2025-04-02,,2025-04-02,[62012, 63110],124-128 City Road London England EC1V 2NX,,,
LMC LEGAL CONSULTANCY LTD,16360834,active,ltd,,,2025-04-02,,2025-04-02,[69109],52 Tufnell Park Road London England N7 0DT,,,
RELO INVESTMENTS LIMITED,16360868,active,ltd,,,2025-04-02,,2025-04-02,[68100, 68209],128 City Road London United Kingdom EC1V 2NX,,,
FINFORMANT LIMITED,16360851,active,ltd,,,2025-04-02,,2025-04-02,[58190],Flat 2 45 Cadogan Square London United Kingdom SW1X 0HX,,,
COURSER LTD,16361074,active,ltd,,,2025-04-02,,2025-04-02,[64209],Bkl London United Kingdom N3 1XW,,,
PACEUP INVEST LIMITED,16360907,active,ltd,,,2025-04-02,,2025-04-02,[70229],Apartment 25 Chancery Building London England SW11 7AS,,,
OUR LADY OF PERPETUAL SUCCOUR ESTATES LTD,16360892,active,ltd,,,2025-04-02,,2025-04-02,[68100],5 Hasler Close London England SE28 8LB,,,
CAEDRYN LIMITED,16361044,active,ltd,,,2025-04-02,,2025-04-02,[70100],71-75 Shelton Street London United Kingdom WC2H 9JQ,https://www.caedryn.com,,Confirmed
GIRAFFE MEDIA DISTRIBUTIONS LTD,16361137,active,ltd,,,2025-04-02,,2025-04-02,[63990],128 City Road London United Kingdom EC1V 2NX,,,
EDUASSIST PARTNER LTD,16361132,active,ltd,,,2025-04-02,,2025-04-02,[73110, 73120, 96090],182-184 High Street North London England E6 2JA,,,
INDICUISINE LTD,16361641,active,ltd,,,2025-04-02,,2025-04-02,[47910, 56290, 85590],71-75 Shelton Street London United Kingdom WC2H 9JQ,,,
STALACTITE NATURAL STONE LIMITED,16361777,active,ltd,,,2025-04-02,,2025-04-02,[08990, 23700],275 New North Road London England N1 7AA,,,
BYTESTATION LTD,16361776,active,ltd,,,2025-04-02,,2025-04-02,[62012, 62090, 63120, 63990],3rd Floor, 86-90 Paul Street London United Kingdom EC2A 4NE,,,
SAHARA FARMS AGTECH LTD,16361843,active,ltd,,,2025-04-02,,2025-04-02,[62020, 62030, 63110, 63120],2nd Floor College House Ruislip, United Kingdom HA4 7AE,https://saharafarms.co,,Confirmed
R N CONSULTING LONDON LTD,16361827,active,ltd,,,2025-04-02,,2025-04-02,[69201, 69203],62 Meadow Close London England SW20 9JB,,,
AMX CREATIVE LIMITED,16361979,active,ltd,,,2025-04-02,,2025-04-02,[47910],71-75 Shelton Street London United Kingdom WC2H 9JQ,,,
BIO ENERGY EUROPE LTD,16362039,active,ltd,,,2025-04-02,,2025-04-02,[35110, 35120, 35130, 35140],71-75 Shelton Street London United Kingdom WC2H 9JQ,,,
SKYFORD LOGISTICS LTD,16362016,active,ltd,,,2025-04-02,,2025-04-02,[49410, 52103, 52219],73 Cornhill London United Kingdom EC3V 3QQ,https://skyford.uk,,Confirmed
APP LOAF LTD,16362029,active,ltd,,,2025-04-02,,2025-04-02,[58290],71-75 Shelton Street London England WC2H 9JQ,,,
HOUSE OF 3D LTD,16362026,active,ltd,,,2025-04-02,,2025-04-02,[90030],124-128 City Road London England EC1V 2NX,,,
PLUS WASTE LTD,16362236,active,ltd,,,2025-04-02,,2025-04-02,[38110],Flat 2 63 Great Titchfield Street London England W1W 7PR,https://pluswaste.co.uk,,Confirmed
SPACE MEDIA TECHNO LTD,16362347,active,ltd,,,2025-04-02,,2025-04-02,[62020],63-66 Hatton Garden London England EC1N 8LE,https://spacemedia.uk,,Confirmed
SHARDA GLOBAL LTD,16362345,active,ltd,,,2025-04-02,,2025-04-02,[99999],Flat 3 5 Boulcott Street London England E1 0HR,,,
ARTORIUM LTD,16362428,active,ltd,,,2025-04-02,,2025-04-02,[47710, 47791, 47820, 74100],18 Higham Hill Road London England E17 6ER,,,
VELVET ORCHID CONTENT LTD,16362532,active,ltd,,,2025-04-03,,2025-04-03,[59112, 59131, 62012, 90030],128 City Road London United Kingdom EC1V 2NX,,,
MEAL DEAL STUDIO LTD,16362522,active,ltd,,,2025-04-03,,2025-04-03,[74100],1a Waldram Place London England SE23 2LB,,,
ANIMAZIONI MECCANICHE LTD,16362560,active,ltd,,,2025-04-03,,2025-04-03,[59111, 59112, 59113],3rd Floor, 86-90 Paul Street London United Kingdom EC2A 4NE,,,
RETAIL CHECKER LTD,16362573,active,ltd,,,2025-04-03,,2025-04-03,[47910, 63110],71-75 Shelton Street London United Kingdom WC2H 9JQ,https://retail-checker.com,,Confirmed
TIM STOUT LIMITED,16362624,active,ltd,,,2025-04-03,,2025-04-03,[56302],Seymour Chambers Liverpool United Kingdom L3 5NW,,,
QUANTIMILL LIMITED,16362628,active,ltd,,,2025-04-03,,2025-04-03,[96090],71-75 Shelton Street London United Kingdom WC2H 9JQ,,,
SORTING YOU GROUP LTD,16362642,active,ltd,,,2025-04-03,,2025-04-03,[64209],20 Wenlock Road London England N1 7GU,,,
ANNAFI CATALYST SOLUTION LTD,16362650,active,ltd,,,2025-04-03,,2025-04-03,[82990, 85520, 85600],128 City Road London United Kingdom EC1V 2NX,https://annafi.co.uk,,Likely
MBJR SOLUTIONS LIMITED,16362687,active,ltd,,,2025-04-03,,2025-04-03,[47540, 47770, 47910, 47990],71-75 Shelton Street London United Kingdom WC2H 9JQ,,,
WITHDRAW LIMITED,16362675,active,ltd,,,2025-04-03,,2025-04-03,[46190, 64999],29 Brecknock Road London England N7 0BT,,,
ANEWMORE LTD,16362720,active,ltd,,,2025-04-03,,2025-04-03,[47910],128 City Road London United Kingdom EC1V 2NX,,,
VCV RENOVATION LIMITED,16362822,active,ltd,,,2025-04-03,,2025-04-03,[43999, 81299, 96090],1364a High Road London England N20 9HJ,,,
STEREO71 LTD,16362829,active,ltd,,,2025-04-03,,2025-04-03,[47990, 90020, 96090],128 City Road London United Kingdom EC1V 2NX,,,
CATMAN FUDGE LIMITED,16362849,active,ltd,,,2025-04-03,,2025-04-03,[32409, 47190],Flat 14 Dagmar Court London England E14 3JF,,,
LONDON CASK BOTTLERS LTD,16362873,active,ltd,,,2025-04-03,,2025-04-03,[46342],3rd Floor Capital Tower London United Kingdom SE1 8RT,,,
LOCKSMITH ON CALL LTD,16362870,active,ltd,,,2025-04-03,,2025-04-03,[74909, 80200],13 Oak Tree Dell London England NW9 0AB,,,
SHENMI LTD,16362896,active,ltd,,,2025-04-03,,2025-04-03,[68209],C/O Getground London England W6 0NB,,,
JUTT HUT LTD,16363034,active,ltd,,,2025-04-03,,2025-04-03,[47910],Flat 53 Hudson Court Wimbledon England SW19 2LF,,,
MENDOS GRILL LTD,16363013,active,ltd,,,2025-04-03,,2025-04-03,[56103],Flat 19 Millers Court Canterbury Road London England CR0 3FG,,,
K MACKIE WINDOWS AND DOORS LTD,16363040,active,ltd,,,2025-04-03,,2025-04-03,[43342, 43390],Blake Tower, Floor Lg 12, Barbican England EC2Y 8AF,,,
APEXCRAFT LTD,16363112,active,ltd,,,2025-04-03,,2025-04-03,[43999],3rd Floor, 86-90 Paul Street London United Kingdom EC2A 4NE,,,
ISLESTONE CONSULTING LIMITED,16363097,active,ltd,,,2025-04-03,,2025-04-03,[69109],3rd Floor, 86-90 Paul Street London United Kingdom EC2A 4NE,,,
VIBE PROPERTY SOLUTIONS LTD,16363220,active,ltd,,,2025-04-03,,2025-04-03,[68100, 68310],20 Wenlock Road London England N1 7GU,https://vibepropertysolutions.co.uk,,Likely
PTP MANAGEMENT UK LIMITED,16363235,active,ltd,,,2025-04-03,,2025-04-03,[68320, 70229],73 Cornhill London United Kingdom EC3V 3QQ,,,
WISEANDSILENT UK PTY LTD,16363270,active,ltd,,,2025-04-03,,2025-04-03,[65120, 66220, 66290],128 City Road London United Kingdom EC1V 2NX,https://wiseandsilent.com,hello@wiseandsilent.com,Confirmed
MELIUS PROPERTY ACQUISITIONS LTD,16363319,active,ltd,,,2025-04-03,,2025-04-03,[68100, 68209],128 City Road London United Kingdom EC1V 2NX,,,
MIRA REFURBISHMENTS LTD,16363404,active,ltd,,,2025-04-03,,2025-04-03,[41201, 41202],167 Birchanger Road London England SE25 5BS,,,
ECLIPSE ENTERTAINMENT LTD,16363479,active,ltd,,,2025-04-03,,2025-04-03,[93290, 96090],128 City Road London United Kingdom EC1V 2NX,,,
SMOOTH TRADE MOTORS LTD,16363495,active,ltd,,,2025-04-03,,2025-04-03,[45112],128 City Road London United Kingdom EC1V 2NX,,,
STEFANIE CONSULT LTD,16363483,active,ltd,,,2025-04-03,,2025-04-03,[62020, 62090],19 The Circle Queen Elizabeth Street London United Kingdom SE1 2JE,,,
VINTORA LTD,16363476,active,ltd,,,2025-04-03,,2025-04-03,[47910],71-75 Shelton Street London United Kingdom WC2H 9JQ,https://vintora.uk,,Confirmed
MED CISSE LTD,16363572,active,ltd,,,2025-04-03,,2025-04-03,[47910, 62020, 73110],20 Wenlock Road London England N1 7GU,,,
LE PETITE PARISIEN LTD,16363578,active,ltd,,,2025-04-03,,2025-04-03,[56101, 56102],128 City Road London United Kingdom EC1V 2NX,,,
GROSAFRICA LTD,16363575,active,ltd,,,2025-04-03,,2025-04-03,[46190, 46499, 46900, 47910],20 Wenlock Road London England N1 7GU,,,
DALL G ROOM LIMITED,16363728,active,ltd,,,2025-04-03,,2025-04-03,[96020],70 Bounces Road London England N9 8JS,,,
AESTHETICA AUTO DETAILING LTD,16363755,active,ltd,,,2025-04-03,,2025-04-03,[45200],71-75 Shelton Street London United Kingdom WC2H 9JQ,,,
EKHLAS MURRAY STREET LIMITED,16364036,active,ltd,,,2025-04-03,,2025-04-03,[68100],22 Goodge Place London England W1T 4SL,,,
GRAND HABESHA BUSINESS EVENTS LTD,16364067,active,ltd,,,2025-04-03,,2025-04-03,[82301],Unit 14 30b Wilds Rents London United Kingdom SE1 4QG,https://grandhabeshabusinessevent.com,,Confirmed
ELLA SU LIMITED,16364071,active,ltd,,,2025-04-03,,2025-04-03,[56102],25-27 Kirkdale Road London England E11 1HP,,,
SHABAAN LIMITED,16364077,active,ltd,,,2025-04-03,,2025-04-03,[56102],98 Marchmont Street London England WC1N 1AG,,,
BLOOMS LONDON BRIDGE LIMITED,16364122,active,ltd,,,2025-04-03,,2025-04-03,[47760],109 Borough High Street London United Kingdom SE1 1NL,,,
LUMINARY PATHWAYS LIMITED,16364213,active,ltd,,,2025-04-03,,2025-04-03,[84120, 87900],47-49 Park Royal Road London England NW10 7LQ,,,
BOA MKTG LTD,16364254,active,ltd,,,2025-04-03,,2025-04-03,[59112, 73110, 73120],3rd Floor, 86-90 Paul Street London England EC2A 4NE,,,
ENDURE APPAREL LTD,16364263,active,ltd,,,2025-04-03,,2025-04-03,[47910],26 Mutrix Road London England NW6 4QG,,,
THEMEEK LIMITED,16364368,active,ltd,,,2025-04-03,,2025-04-03,[46420],34 Atalanta Street London England SW6 6TR,,,
FRASER WELLNESS LTD,16364384,active,ltd,,,2025-04-03,,2025-04-03,[86900],Flat 16 Dobson Court London England EC1N 7AA,,,
MSA FINANCE LTD,16364383,active,ltd,,,2025-04-03,,2025-04-03,[70221],Msa Finance Ltd London England EC1V 2NX,,,
HY-LINK PRIVATE LTD,16364390,active,ltd,,,2025-04-03,,2025-04-03,[74909],Suite 5, Clarendon House, 117 George Lane London United Kingdom E18 1AN,,,
RISE UP SIX LTD,16364412,active,ltd,,,2025-04-04,,2025-04-04,[74100],Flat 63 Vanguard House London England E8 3QQ,https://riseupsix.co.uk,,Confirmed
WATERFALL 2025 LIMITED,16361225,active,ltd,,,2025-04-02,,2025-04-02,[41201, 41202, 43390],105 Thornsbeach Road London England SE6 1EY,,,
NEXGLOB LTD,16361275,active,ltd,,,2025-04-02,,2025-04-02,[82110],128 City Road London United Kingdom EC1V 2NX,,,
CLINB LTD,16361244,active,ltd,,,2025-04-02,,2025-04-02,[58110],71-75 Shelton Street London United Kingdom WC2H 9JQ,,,
I&I PROPERTY HUB LTD,16361241,active,ltd,,,2025-04-02,,2025-04-02,[41100, 68100],128 City Road London United Kingdom EC1V 2NX,,,
IRIC LTD,16361243,active,ltd,,,2025-04-02,,2025-04-02,[66300],71-75 Shelton Street London United Kingdom WC2H 9JQ,,,
SERENITY NAILS & SPA LTD,16361269,active,ltd,,,2025-04-02,,2025-04-02,[96020],432 Edgware Road London United Kingdom W2 1EG,,,
SHAFTSBURY LTD,16361273,active,ltd,,,2025-04-02,,2025-04-02,[47910],27 Old Gloucester Street London United Kingdom WC1N 3AX,,,
JAMDEN LUXURY INVESTMENTS LTD,16361283,active,ltd,,,2025-04-02,,2025-04-02,[68310, 68320],Office 12239 182-184 High Street North London United Kingdom E6 2JA,,,
STATIONARY UK RETAIL LTD,16361309,active,ltd,,,2025-04-02,,2025-04-02,[47620],4 Alexander Road London United Kingdom N19 3PQ,,,
EPIC GROUP HOLDINGS LIMITED,16361335,active,ltd,,,2025-04-02,,2025-04-02,[32990],29 Charles Street Mayfair United Kingdom W1J 5DT,,,
HIRE EQUIP LTD,16361298,active,ltd,,,2025-04-02,,2025-04-02,[77320],71-75 Shelton Street London United Kingdom WC2H 9JQ,,,
CJO LAW LTD,16361455,active,ltd,,,2025-04-02,,2025-04-02,[82990],1 Kings Avenue London United Kingdom N21 3NA,,,
KATALIZ CONSULTING LTD,16361437,active,ltd,,,2025-04-02,,2025-04-02,[47990],20 Wenlock Road London England N1 7GU,,,
LOGICWAVE LABS LTD,16361566,active,ltd,,,2025-04-02,,2025-04-02,[62012, 62020, 63990],2nd Floor College House Ruislip, United Kingdom HA4 7AE,,,
MIKELANDERSON LTD,16361592,active,ltd,,,2025-04-02,,2025-04-02,[74902],57 Hiley Road London England NW10 5PT,,,
DOMESTIC APPLIANCES SALES & REPAIRS LTD,16361562,active,ltd,,,2025-04-02,,2025-04-02,[33140, 47540, 95220],560 Harrow Road London England W9 3QH,,,
CLADDING INSTALLATIONS LIMITED,16361600,active,ltd,,,2025-04-02,,2025-04-02,[43999],280a Chingford Road London United Kingdom E17 5AL,,,
EFFICIENT TRADING & CONTRACTING LTD,16361683,active,ltd,,,2025-04-02,,2025-04-02,[43210, 43220, 43390, 43910],115 London Road Morden England SM4 5HP,,,
REILLY CHOUDHURY LAW LIMITED,16361694,active,ltd,,,2025-04-02,,2025-04-02,[69102],50 Colney Hatch Lane London England N10 1EA,,,
TALLYHUB LTD,16361860,active,ltd,,,2025-04-02,,2025-04-02,[62012],20 Wenlock Road London England N1 7GU,,,
WLAZEL BUILDERS LTD,16361888,active,ltd,,,2025-04-02,,2025-04-02,[41202],Flat 43 Hindhead Point London England SW15 4AW,,,
KENMARIO AFRICAN FOODS UK LTD,16361885,active,ltd,,,2025-04-02,,2025-04-02,[56103, 56290],128 City Road London United Kingdom EC1V 2NX,,,
SEIHT STUDIO LTD,16361999,active,ltd,,,2025-04-02,,2025-04-02,[70229, 74100, 90030],International House London England SW9 7QD,,,
HITHER GREEN ESTATE LTD,16362107,active,ltd,,,2025-04-02,,2025-04-02,[68209],Temple Chambers London United Kingdom EC4Y 0DT,,,
BANDOSKES LTD,16362099,active,ltd,,,2025-04-02,,2025-04-02,[47910],24-26 Arcadia Avenue, Fin0000 London United Kingdom N3 2JU,,,
TEACH ART LTD,16362163,active,ltd,,,2025-04-02,,2025-04-02,[70229, 78101, 90030],323 Watford Way London United Kingdom NW4 4TE,,,
BEARLY BLACK LTD,16362259,active,ltd,,,2025-04-02,,2025-04-02,[68209],5 Technology Park Colindeep Lane London United Kingdom NW9 6BX,,,
MAGENTAE LIMITED,16359262,active,ltd,,,2025-04-02,,2025-04-02,[82110],71-75 Shelton Street London United Kingdom WC2H 9JQ,,,
LIN'S NAIL&WELLNESS CLINIC LIMITED,16362311,active,ltd,,,2025-04-02,,2025-04-02,[86900, 96040],3 New College Parade London England NW3 5EP,,,
RA & S PROPERTIES LTD,16362386,active,ltd,,,2025-04-02,,2025-04-02,[68100, 68209],370 Forest Road London England E17 5JF,,,
DIGIDIVA LIMITED,16362566,active,ltd,,,2025-04-03,,2025-04-03,[46160, 46420, 47910, 82990],41 Devonshire Street Ground Floor Office 1 London United Kingdom W1G 7AJ,,,
ZUMAZZ LIMITED,16362597,active,ltd,,,2025-04-03,,2025-04-03,[64209, 68209],45 Corfton Road London United Kingdom W5 2HR,,,
RIXBOROH PROPERTY LTD,16362611,active,ltd,,,2025-04-03,,2025-04-03,[68100, 68209],71-75 Shelton Street London United Kingdom WC2H 9JQ,,,
DBLV RETAIL LIMITED,16362663,active,ltd,,,2025-04-03,,2025-04-03,[47110, 47210],Flat 7 2a Tyler Street London England SE10 9FB,,,
AS INTERNATIONAL GROUP LTD,16362690,active,ltd,,,2025-04-03,,2025-04-03,[64209, 64999, 66300, 70229],128 City Road London United Kingdom EC1V 2NX,,,
JULIE RAMBALDI LTD,16362689,active,ltd,,,2025-04-03,,2025-04-03,[46460, 47910],Unit #2308 275 New North Road London United Kingdom N1 7AA,,,
BK05 LIMITED,16362694,active,ltd,,,2025-04-03,,2025-04-03,[41100, 43999, 68320, 74902],128 City Road London United Kingdom EC1V 2NX,,,
OAK & STONE LIVING LTD,16362754,active,ltd,,,2025-04-03,,2025-04-03,[68100, 68209, 68320],128 City Road London United Kingdom EC1V 2NX,,,
WINEHOUSEUK LTD,16362769,active,ltd,,,2025-04-03,,2025-04-03,[82990],Wine House St. Leonards-On-Sea England TN37 6AY,,,
SIMON GRAY CONSULTING LIMITED,16362882,active,ltd,,,2025-04-03,,2025-04-03,[70229],30 Old Bailey London United Kingdom EC4M 7AU,,,
EMINENCE DESIGN AND BUILD LTD,16363077,active,ltd,,,2025-04-03,,2025-04-03,[41100, 41201, 41202],128 City Road London United Kingdom EC1V 2NX,,,
EVENTOZ LTD,16363078,active,ltd,,,2025-04-03,,2025-04-03,[96090],128 City Road London United Kingdom EC1V 2NX,,,
AKERNOVA LTD,16363091,active,ltd,,,2025-04-03,,2025-04-03,[46160, 46190, 47190, 47770],128 City Road London United Kingdom EC1V 2NX,,,
MAJESTICA LTD,16363134,active,ltd,,,2025-04-03,,2025-04-03,[47910],40 Settles Street London England E1 1JP,,,
N CHOWDHURY LTD,16363187,active,ltd,,,2025-04-03,,2025-04-03,[56103],101 Adamson Road London United Kingdom E16 3QB,,,
PERRY ESTATES PROPERTY MANAGEMENT LTD,16363247,active,ltd,,,2025-04-03,,2025-04-03,[68209, 68320, 98000],20 Wenlock Road London England N1 7GU,,,
IDEASOFT HOLDING LTD,16363238,active,ltd,,,2025-04-03,,2025-04-03,[62012, 64209, 71121, 74100],41 Devonshire Street London United Kingdom W1G 7AJ,,,
BASAMA CONSUMER NO.2 LTD,16363282,active,ltd,,,2025-04-03,,2025-04-03,[64999],10th Floor 5 Churchill Place London United Kingdom E14 5HU,,,
REGIONAL PRIME JOINT VENTURE LIMITED,16363290,active,ltd,,,2025-04-03,,2025-04-03,[68100],Sloane Square House London England SW1W 8NS,,,
ASP CARE DEVELOPMENTS - WHITSTABLE LIMITED,16363291,active,ltd,,,2025-04-03,,2025-04-03,[68100],45 London Road Reigate England RH2 9PY,,,
PITTA PATTA DAY NURSERY HOLDINGS LIMITED,16363274,active,ltd,,,2025-04-03,,2025-04-03,[64209],48 St. German's Road London England SE23 1RX,,,
AMG FIRE CONSULTANCY LTD,16363356,active,ltd,,,2025-04-03,,2025-04-03,[70229],C/O The Accountancy Partnership Suite 5, 5th Floor, City Reach London United Kingdom E14 9NN,,,
7 CHOLMLEY INVEST LTD,16363350,active,ltd,,,2025-04-03,,2025-04-03,[68100],13 Denver Road London England N16 5JL,,,
SON-DEN HOLDINGS LTD,16363409,active,ltd,,,2025-04-03,,2025-04-03,[68100, 68209],71-75 Shelton Street London United Kingdom WC2H 9JQ,,,
PURE MEDITERRANEAN FOOD LIMITED,16363454,active,ltd,,,2025-04-03,,2025-04-03,[56290],850 Green Lanes London United Kingdom N21 2RS,,,
TAZE JD LTD,16363445,active,ltd,,,2025-04-03,,2025-04-03,[43341],128 City Road London United Kingdom EC1V 2NX,,,
FIRMA (90SL) LTD,16363538,active,ltd,,,2025-04-03,,2025-04-03,[82990],First Floor Winston House London United Kingdom N3 1DH,,,
PANTALENT LTD,16363547,active,ltd,,,2025-04-03,,2025-04-03,[78109],124 City  Road London United Kingdom EC1V 2NX,,,
CHAOS PUB COMPANY LIMITED,16356676,active,ltd,,,2025-04-01,,2025-04-01,[56302],71-75 Shelton Street London United Kingdom WC2H 9JQ,,,
BRIGHT O&H ELECTRIC LTD,16363624,active,ltd,,,2025-04-03,,2025-04-03,[33140, 43210, 82990],398 Sherrard Road London England E12 6UQ,,,
INICIO DEBT ADVISORY LIMITED,16363684,active,ltd,,,2025-04-03,,2025-04-03,[64999],40 Mortimer Street London England W1W 7RQ,,,
AR AUTO SPAS LIMITED,16363784,active,ltd,,,2025-04-03,,2025-04-03,[81222],Flat 7 Densham House 9-25 Cochrane Street London England NW8 7NT,,,
KK UK PROPERTIES LTD,16363866,active,ltd,,,2025-04-03,,2025-04-03,[68100, 68209, 68320],15 Montpelier Vale London England SE3 0TA,,,
KRISHNA DECORS LIMITED,16363859,active,ltd,,,2025-04-03,,2025-04-03,[46650],Flat 35 Ferrier Point London England E16 1QN,,,
SDJM LTD,16364008,active,ltd,,,2025-04-03,,2025-04-03,[68100, 68209, 68310, 68320],71-75 Shelton Street London United Kingdom WC2H 9JQ,,,
PETIT POOCH LTD,16363999,active,ltd,,,2025-04-03,,2025-04-03,[47910],Flat 3 58 Fordwych Road London United Kingdom NW2 3TH,,,
ORSON CORPORATE LIMITED,16364085,active,ltd,,,2025-04-03,,2025-04-03,[74909],85 Great Portland Street, First Floor London England W1W 7LT,,,
NEXT-LEVEL CONTRUCTIONS LTD,16364320,active,ltd,,,2025-04-03,,2025-04-03,[43290, 43390],294 North Circular Road London England N13 6BJ,,,
RIFINO LTD,16364370,active,ltd,,,2025-04-03,,2025-04-03,[68209],37 Wentworth Street London England E1 7TD,,,
J SMITH RENTALS LIMITED,16364399,active,ltd,,,2025-04-03,,2025-04-03,[77110],11 Benn Street London England E9 5SU,,,
NASEEHAH LIMITED,16367826,active,ltd,,,2025-04-06,,2025-04-06,[62020],49 Dalrymple Close London England N14 4LJ,,,
PARKWAY TRADING HOMES LIMITED,16367827,active,ltd,,,2025-04-06,,2025-04-06,[68100, 68209],86 Queen Elizabeths Walk London England N16 5UQ,,,
FIRST CHOICE PARENTING COMPANY LTD,16367817,active,ltd,,,2025-04-06,,2025-04-06,[68209],3rd Floor, 86-90 Paul Street London England EC2A 4NE,,,
ALMAK TAKEAWAY LTD,16367867,active,ltd,,,2025-04-06,,2025-04-06,[56103],98 Donaldson Road London England SE18 3JY,,,
D-TECH SOLUTIONS LIMITED,16367881,active,ltd,,,2025-04-06,,2025-04-06,[62090],51 Stillness Road London England SE23 1NG,https://d-techsolutions.co.uk,,Confirmed
C&S PAINTING AND REFORMS LIMITED,16367882,active,ltd,,,2025-04-06,,2025-04-06,[41202, 43310, 43341, 43910],60 Hawstead Road London England SE6 4JJ,,,
OTG EVENTS LTD,16367898,active,ltd,,,2025-04-06,,2025-04-06,[93290],12 Trinity Street London England SE1 1DB,,,
SYROCCO LTD,16367934,active,ltd,,,2025-04-06,,2025-04-06,[41202, 43220],50 Hilltop Avenue London England NW10 8RZ,,,
MOLLY BOND LIMITED,16367959,active,ltd,,,2025-04-06,,2025-04-06,[11070],5 Brayford Square London England E1 0SG,,,
EL ORIGEN LTD,16367988,active,ltd,,,2025-04-06,,2025-04-06,[56101],260 High Road London England N15 4AJ,,,
POSITIVE OUTCOMES EMPOWERMENT CENTRE LTD,16368013,active,ltd,,,2025-04-06,,2025-04-06,[85590],3rd Floor, 86-90 Paul Street London United Kingdom EC2A 4NE,https://www.pochub.org.uk/pocec/,,Confirmed
DIANA NICHOLAS LIMITED,16368084,active,ltd,,,2025-04-06,,2025-04-06,[62020],3rd Floor, 86-90 Paul Street London United Kingdom EC2A 4NE,,,
PEPPA LIMITED,16368107,active,ltd,,,2025-04-07,,2025-04-07,[47710],3 Elm Bank Gardens London England SW13 0NU,,,
PM MEDICAL SERVICES LTD,16368162,active,ltd,,,2025-04-07,,2025-04-07,[86220],C/O Ashley Richmond Accountants Ltd Joel Street Northwood Hills England HA6 1NW,,,
ARIR LIMITED,16368191,active,ltd,,,2025-04-07,,2025-04-07,[47910],23 Atlas Road London England E13 0AG,arirgroup.uk,,Likely
COUNTEASY LIMITED,16368223,active,ltd,,,2025-04-07,,2025-04-07,[47910],Dalton House 60 Windsor Road London United Kingdom SW19 2RR,,,
PROJEX INTERNATIONAL DEVELOPMENT LTD,16368213,active,ltd,,,2025-04-07,,2025-04-07,[70229, 84220],4th Floor Office London England W1B 4HB,,,
AQUA POSEIDON LIMITED,16368232,active,ltd,,,2025-04-07,,2025-04-07,[66120],95 Greencroft Gardens London England NW6 3PG,,,
GEMINI ENTERTAINMENT, MERCH & STUDIOS LTD,16368271,active,ltd,,,2025-04-07,,2025-04-07,[47910, 73110, 90030],C/O The Accountancy Partnership Suite 5, 5th Floor, City Reach London United Kingdom E14 9NN,g-e-m-s.world,,Confirmed
VIRTUS CAPITAL INVESTMENTS LTD,16368298,active,ltd,,,2025-04-07,,2025-04-07,[68100, 68209],Ashley House Office 304 235-239 High Road London United Kingdom N22 8HF,,,
MOOJOO WORKS LIMITED,16366007,active,ltd,,,2025-04-04,,2025-04-04,[20411, 46450, 47190, 47910],124 City Road London United Kingdom EC1V 2NX,,,
PAWSITIVE INSIGHTS CONSULTING LTD,16368330,active,ltd,,,2025-04-07,,2025-04-07,[46190],2 Frederick Street London United Kingdom WC1X 0ND,,,
TRANNGOCHA LTD,16368392,active,ltd,,,2025-04-07,,2025-04-07,[46160],24-26, Arcadia Avenue Fin0000 London United Kingdom N3 2JU,tranngocha.com,hello@tranngocha.com,Confirmed
THE FAMILY HEALTH COACH LTD,16368391,active,ltd,,,2025-04-07,,2025-04-07,[86900, 96040],128 City Road London United Kingdom EC1V 2NX,thefamilyhealthcoach.co.uk,hello@thefamilyhealthcoach.co.uk,Confirmed
FOREVENT SERVICES LIMITED,16368378,active,ltd,,,2025-04-07,,2025-04-07,[70229],73 Cornhill London United Kingdom EC3V 3QQ,,,
TRENDY GLOBAL TEES LTD,16368380,active,ltd,,,2025-04-07,,2025-04-07,[47910],24-26, Arcadia Avenue Fin0000 London United Kingdom N3 2JU,trendyglobaltees.com,,Likely
AHMAD.YUSUF LTD,16368404,active,ltd,,,2025-04-07,,2025-04-07,[47910, 47990],2 Frederick Street London United Kingdom WC1X 0ND,,,
FLOW EP LTD,16368441,active,ltd,,,2025-04-07,,2025-04-07,[36000],377 High Road London United Kingdom N2 8HS,,,
COBY PHILIPS EXECUTIVE LTD,16368440,active,ltd,,,2025-04-07,,2025-04-07,[82990],Cookham House Winchmore Hill England N21 1HS,cobyphilips.co.uk,info@cobyphilips.co.uk,Likely
BLOSSOM BOTANICALS BEAUTY LIMITED,16368447,active,ltd,,,2025-04-07,,2025-04-07,[47750],124-128 City Road London England EC1V 2NX,,,
BAVUERA LTD,16368499,active,ltd,,,2025-04-07,,2025-04-07,[68320],128 City Road London United Kingdom EC1V 2NX,,,
FITSCRIPT LTD,16368516,active,ltd,,,2025-04-07,,2025-04-07,[93130, 96040],3rd Floor, 86-90 Paul Street London England EC2A 4NE,,,
HIREAWAY LTD,16368528,active,ltd,,,2025-04-07,,2025-04-07,[62012],124-128 City Road London England EC1V 2NX,,,
MANUKIND UK LTD,16368548,active,ltd,,,2025-04-07,,2025-04-07,[46499, 47190, 47789, 47910],128 City Road London United Kingdom EC1V 2NX,manukindapp.com,,Likely
GREENS GARDEN & HOME SERVICES LTD,16368593,active,ltd,,,2025-04-07,,2025-04-07,[81300],23 London Road Downham Market England PE38 9BJ,,,
CAPITAL ROOF CARE LTD,16368662,active,ltd,,,2025-04-07,,2025-04-07,[43910],20 Wenlock Road London England N1 7GU,capitalroofcare.co.uk,,Confirmed
RISKAGENT LIMITED,16368718,active,ltd,,,2025-04-07,,2025-04-07,[62012, 62020],C/O Oldfield & Co Camberley United Kingdom GU15 3HL,riskagent.co.uk,,Confirmed
BELLO FLOWERS LTD,16368743,active,ltd,,,2025-04-07,,2025-04-07,[47760],506 Kingsbury Road London United Kingdom NW9 9HE,,,
TATE HUDSON GROUP LTD,16368749,active,ltd,,,2025-04-07,,2025-04-07,[47910],128 City Road London United Kingdom EC1V 2NX,,,
SAVVY PROPERTY HOLDINGS LTD,16368797,active,ltd,,,2025-04-07,,2025-04-07,[64209],325 Bowes Road London England N11 1BA,,,
OYO CHOICE LTD,16368768,active,ltd,,,2025-04-07,,2025-04-07,[47910, 47990],Suite10 Capital House London United Kingdom E8 1LL,,,
SHAZTECH LIMITED,16368792,active,ltd,,,2025-04-07,,2025-04-07,[62012, 62020, 62090],12 London Road Morden England SM4 5BQ,,,
FIBERWAY SOURCE LTD,16368761,active,ltd,,,2025-04-07,,2025-04-07,[01610, 46110, 96090],128 City Road London United Kingdom EC1V 2NX,,,
SAIDAI GROUP LIMITED,16368810,active,ltd,,,2025-04-07,,2025-04-07,[62011, 62012, 62090],71-75 Shelton Street London United Kingdom WC2H 9JQ,,,
BUA CONSULTING LIMITED,16368826,active,ltd,,,2025-04-07,,2025-04-07,[70229],70 Ravensbourne Park London United Kingdom SE6 4XZ,,,
SUPER SMALL SIDED LTD,16368805,active,ltd,,,2025-04-07,,2025-04-07,[93199],128 City Road London United Kingdom EC1V 2NX,,,
SIGMATIC SERVICES LTD,16368878,active,ltd,,,2025-04-07,,2025-04-07,[82990],27 Old Gloucester Street London United Kingdom WC1N 3AX,,,
DAN ON DRAUGHT LTD,16368873,active,ltd,,,2025-04-07,,2025-04-07,[56302],108 Forest Hill Road London England SE22 0RS,,,
ELECTRICAL FIELD SERVICES LTD,16368913,active,ltd,,,2025-04-07,,2025-04-07,[71129],124 City Road London United Kingdom EC1V 2NX,,,
SIR LARRY ENTERTAINMENT LTD,16368860,active,ltd,,,2025-04-07,,2025-04-07,[56210],Flat 32, Samuel Jones Court London England SE15 6FG,,,
N & J LIVING LIMITED,16368911,active,ltd,,,2025-04-07,,2025-04-07,[68209],Ground Floor Cooper House London United Kingdom N3 2JX,,,
PLUMSTEAD ONE LTD,16368968,active,ltd,,,2025-04-07,,2025-04-07,[68100],28 Woodlands Close London United Kingdom NW11 9QR,,,
LUMINOUS HORIZONS LTD,16368929,active,ltd,,,2025-04-07,,2025-04-07,[70210, 70229, 74909, 85590],320 Garratt Lane London England SW18 4EJ,,,
HOMESAFE LIVING LTD,16368954,active,ltd,,,2025-04-07,,2025-04-07,[68209, 68310],128 City Road London United Kingdom EC1V 2NX,,,
AURAKORE IT SOLUTIONS UK LTD,16368942,active,ltd,,,2025-04-07,,2025-04-07,[62020],71-75 Shelton Street London United Kingdom WC2H 9JQ,,,
SQUIRREL & OTTER LTD,16369010,active,ltd,,,2025-04-07,,2025-04-07,[68209],C/O Getground London England W6 0NB,,,
COEUS HOLDINGS LTD,16369011,active,ltd,,,2025-04-07,,2025-04-07,[82990],Acorn House London United Kingdom W3 6AY,,,
CHICHI SERVICES LONDON TRANSPORT LTD,16369058,active,ltd,,,2025-04-07,,2025-04-07,[49390],Flat 28 Rainsford House London England SW2 1SH,,,
LE FIL ROUGE LINGERIE LIMITED,16369046,active,ltd,,,2025-04-07,,2025-04-07,[47710],124-128 City Road London England EC1V 2NX,,,
KEW DESIGN AND BUILD LTD,16369053,active,ltd,,,2025-04-07,,2025-04-07,[41100, 41202],128 City Road London United Kingdom EC1V 2NX,,,
SKA COLIVING LIMITED,16369087,active,ltd,,,2025-04-07,,2025-04-07,[68100, 68209],710 Great West Road Isleworth England TW7 5LT,,,
CENTILITY CAPITAL LTD,16369136,active,ltd,,,2025-04-07,,2025-04-07,[64304, 64999],20 Wenlock Road London England N1 7GU,,,
MAC PROPERTY PARTNERS LTD,16369135,active,ltd,,,2025-04-07,,2025-04-07,[68209, 68320],124 City Road London England EC1V 2NX,,,
CRIZLY LTD,16369123,active,ltd,,,2025-04-07,,2025-04-07,[81299],20 Wenlock Road London England N1 7GU,,,
TECHNICAL PLASTIC ENGINEERING LTD,16369119,active,ltd,,,2025-04-07,,2025-04-07,[22290, 52243, 52290, 96090],71-75 Shelton Street London United Kingdom WC2H 9JQ,,,
ALDERLEY PARTNERSHIPS (MR) LIMITED,16369173,active,ltd,,,2025-04-07,,2025-04-07,[41100],50 Sloane Avenue Chelsea London United Kingdom SW3 3DD,alderley-group.com,,Likely
AL KHALEEJ GLOBAL LTD,16369177,active,ltd,,,2025-04-07,,2025-04-07,[52290, 53202],6 Rabbits Road London England E12 5HZ,,,
407 SERVICES LTD,16369189,active,ltd,,,2025-04-07,,2025-04-07,[47410],128 City Road London United Kingdom EC1V 2NX,,,
SWEETHAMILTON LIMITED,16369194,active,ltd,,,2025-04-07,,2025-04-07,[47789],5 Brayford Square London England E1 0SG,sweethamilton.com,,Likely
ALOE ENGINEERING DESIGN LTD,16369170,active,ltd,,,2025-04-07,,2025-04-07,[71121, 74100],128 City Road London United Kingdom EC1V 2NX,,,
SOFT FOCUS LTD,16369166,active,ltd,,,2025-04-07,,2025-04-07,[59112],184a Drakefell Road London England SE4 2DS,,,
ALDERLEY PARTNERSHIPS (POV) LIMITED,16369127,active,ltd,,,2025-04-07,,2025-04-07,[41100],50 Sloane Avenue Chelsea London United Kingdom SW3 3DD,alderley-group.com,,Likely
TSWC LIMITED,16369128,active,ltd,,,2025-04-07,,2025-04-07,[70229],57 Stroud Green Road London United Kingdom N4 3EG,,,
LDN BRICKS LTD,16369144,active,ltd,,,2025-04-07,,2025-04-07,[68310],1238, Arka House High Road London United Kingdom N20 0LH,,,
ELEVURE LTD,16369196,active,ltd,,,2025-04-07,,2025-04-07,[70229, 85590],5 Brayford Square London United Kingdom E1 0SG,,,
ALTEA FED. LIMITED,16369266,active,ltd,,,2025-04-07,,2025-04-07,[62020],2nd Floor 55 London United Kingdom EC4M 7JW,,,
BRAND MACHINE LICENCES GROUP LIMITED,16369214,active,ltd,,,2025-04-07,,2025-04-07,[46420],Centro 4 Mandela Street London England NW1 0DU,,,
ELANTRIS CONSULTING LIMITED,16356373,active,ltd,,,2025-04-01,,2025-04-01,[69201, 70229],128 City Road London United Kingdom EC1V 2NX,elantrisconsulting.com,,Likely
WALLWORX. LTD,16369329,active,ltd,,,2025-04-07,,2025-04-07,[41201, 41202, 43390],6 Lawson Close London England E16 3LU,,,
NOBLE CUTS LTD,16369273,active,ltd,,,2025-04-07,,2025-04-07,[96020],20 High Street London England E17 7LD,,,
ROCKS BARBER LTD,16369272,active,ltd,,,2025-04-07,,2025-04-07,[96020],92 Lower Clapton Road London England E5 0QR,,,
NITUTECH LTD,16369370,active,ltd,,,2025-04-07,,2025-04-07,[46510, 62020],20 Wenlock Road London England N1 7GU,,,
TAVA RAKH LTD,16369376,active,ltd,,,2025-04-07,,2025-04-07,[56290],Unit 5 133a Rye Lane London England SE15 4BQ,tavarakh.com,,Confirmed
NAP20 PROPERTIES LIMITED,16369402,active,ltd,,,2025-04-07,,2025-04-07,[41100, 68100],Unit G31 Hastingwood Trading Estate London England N18 3HT,,,
ALL IN PROPERTY GROUP LTD,16369355,active,ltd,,,2025-04-07,,2025-04-07,[68209],3rd Floor, 86-90 Paul Street London United Kingdom EC2A 4NE,,,
CLICK CLO LTD,16369480,active,ltd,,,2025-04-07,,2025-04-07,[53202],2 Nightingale House, London England SW6 3JH,,,
247 FLEETS LTD,16369502,active,ltd,,,2025-04-07,,2025-04-07,[77110],Suite Ra01 195-197 Wood Street London United Kingdom E17 3NU,,,
IB CEILING LTD,16369535,active,ltd,,,2025-04-07,,2025-04-07,[96090],340 West End Lane London England NW6 1LN,,,
INFINITUM IMAGERY LIMITED,16369579,active,ltd,,,2025-04-07,,2025-04-07,[73120],86-90 Paul Street London United Kingdom EC2A 4NE,,,
NEXIRA LTD,16369643,active,ltd,,,2025-04-07,,2025-04-07,[70229],86-90 Paul Street London England EC2A 4NE,,,
CHEKA COFFEE LIMITED,16369604,active,ltd,,,2025-04-07,,2025-04-07,[10832, 46370, 47290, 47910],Flat 5910 10 Marsh Wall London United Kingdom E14 9GU,cheka.coffee,,Confirmed
D.R.C PTE LIMITED,16369661,active,ltd,,,2025-04-07,,2025-04-07,[47749],8 Blenheim House London England SE1 2SF,,,
TKN ON SEA LIMITED,16369667,active,ltd,,,2025-04-07,,2025-04-07,[68209, 68320],286a Chase Road Southgate United Kingdom N14 6HF,,,
FORDS FLOWERS LTD,16369659,active,ltd,,,2025-04-07,,2025-04-07,[47760],6 Wharton Street London England WC1X 9PX,,,
CHLEMO PROJECTS LTD,16369683,active,ltd,,,2025-04-07,,2025-04-07,[82990],3rd Floor, 86-90 Paul Street London England EC2A 4NE,,,
ARINZE GROUP LTD,16369675,active,ltd,,,2025-04-07,,2025-04-07,[63120, 70229, 85590, 86900],124-128 City Road London England EC1V 2NX,,,
FLYING GAOYANG LTD,16369725,active,ltd,,,2025-04-07,,2025-04-07,[46460, 47910],Unit #2308 275 New North Road London United Kingdom N1 7AA,,,
ASSET SECURITY LIMITED,16369702,active,ltd,,,2025-04-07,,2025-04-07,[80100],123a Mitcham Road London England SW17 9PE,assetsecurity.uk,info@assetsecurity.uk,Confirmed
THE SMART CHAUFFEURS LTD,16369716,active,ltd,,,2025-04-07,,2025-04-07,[79110],167-169 Great Portland Street London United Kingdom W1W 5PF,smartchauffeurs.com,,Confirmed
NAP19 PROPERTIES LIMITED,16369760,active,ltd,,,2025-04-07,,2025-04-07,[41100, 68100],Unit G31 Hastingwood Trading Estate London England N18 3HT,,,
BEYOND REAL GLOBAL LIMITED,16369769,active,ltd,,,2025-04-07,,2025-04-07,[99999],27 Mortimer Street London England W1T 3BL,,,
ORGANIC&FOOD&COFFE LTD,16369779,active,ltd,,,2025-04-07,,2025-04-07,[56101],95 Seven Sisters Road London England N7 7QP,,,
SGA ECOMMERCE LIMITED,16369836,active,ltd,,,2025-04-07,,2025-04-07,[96090],2nd Floor College House Ruislip, United Kingdom HA4 7AE,,,
AUTONOMY ANTENATAL LTD,16369825,active,ltd,,,2025-04-07,,2025-04-07,[85590],85 Great Portland Street London United Kingdom W1W 7LT,,,
FINANCE AND MARKET LTD,16369869,active,ltd,,,2025-04-07,,2025-04-07,[45112],26 Hatchard Road London England N19 4NH,,,
RENT A DRESS UK LIMITED,16369872,active,ltd,,,2025-04-07,,2025-04-07,[77299],Flat 107 2a St. Luke's Avenue London England SW4 7EB,,,
RUKEYA ART AND CRAFT LTD,16369892,active,ltd,,,2025-04-07,,2025-04-07,[31090, 47520, 47530, 47599],71-75 Shelton Street London United Kingdom WC2H 9JQ,,,
PRAYANA LTD,16369910,active,ltd,,,2025-04-07,,2025-04-07,[56210, 93130],Flat 35 Peaberry Court London England NW4 4JE,,,
HIGH END PROPERTY LTD,16369901,active,ltd,,,2025-04-07,,2025-04-07,[68320],3a Vicarage Lane London United Kingdom E6 6AD,,,
ELVIZO LTD,16369924,active,ltd,,,2025-04-07,,2025-04-07,[47910],Flat 4 296 London Road Leicester England LE2 2AG,,,
SOTURI GLOBAL LLC LIMITED,16369947,active,ltd,,,2025-04-07,,2025-04-07,[72200, 84220, 94920],127 Richmond Avenue London England N1 0LR,,,
EXCIDIUM RESEARCH LIMITED,16369944,active,ltd,,,2025-04-07,,2025-04-07,[64304],64 Eccleston Square London England SW1V 1PH,excidium.co.uk,,Confirmed
TREES AND BEES LTD,16369955,active,ltd,,,2025-04-07,,2025-04-07,[91040],171 Wardour Street London England W1F 8WS,,,
SAFEHAVEN INS LTD,16369985,active,ltd,,,2025-04-07,,2025-04-07,[65120],36b Claxton Grove Hammersmith London London United Kingdom W6 8HF,,,
AIRDND LIMITED,16369993,active,ltd,,,2025-04-07,,2025-04-07,[68320],Flat 17 Broxbourne House London England E3 3LJ,airdnd.co.uk,,Confirmed
APEXMCLOUD LTD,16370012,active,ltd,,,2025-04-07,,2025-04-07,[62020, 62090, 63990],26/28 Bedford Row London United Kingdom WC1R 4LP,,,
EKHLAS MURRAY STREET SEVEN LTD,16370041,active,ltd,,,2025-04-07,,2025-04-07,[68100],22 Goodge Place London England W1T 4SL,,,
EQUITY CONSULTING GROUP LTD,16370020,active,ltd,,,2025-04-07,,2025-04-07,[62020, 70229, 74909, 82990],52 Vicarage Road London England N17 0BD,,,
ALLISON DUNNING LTD,16370097,active,ltd,,,2025-04-07,,2025-04-07,[86900],98 Edith Grove London England SW10 0NH,,,
TRINITY HEALTH AND SAFETY FOOD HYGIENE SERVICES. LTD,16370078,active,ltd,,,2025-04-07,,2025-04-07,[85590],20 Wenlock Road London England N1 7GU,trinityhealthandsafetyservices.co.uk,,Likely
BROLLY PUBLISHING LTD,16370171,active,ltd,,,2025-04-07,,2025-04-07,[58110, 58190],132 Church Road London England SE19 2NT,,,
MACNETIS MARKETING SOLUTIONS LIMITED,16370193,active,ltd,,,2025-04-07,,2025-04-07,[62020, 62090, 73110],New London House London England EC3R 7LP,macnetis.com,,Confirmed
HARMONY LONDON LEGAL & CONSULTANCY LTD,16370247,active,ltd,,,2025-04-07,,2025-04-07,[69109, 70229, 86900, 96090],Flat 6 Falkirk Court London England N14 7PF,,,
ABSOLUTE 360 CLEANING SERVICES LIMITED,16370236,active,ltd,,,2025-04-07,,2025-04-07,[81210],19 Hothfield Place London England SE16 2XJ,,,
RONALD LIFE HOME PRODUCTS LTD,16370221,active,ltd,,,2025-04-07,,2025-04-07,[47910],275 New North Road London England N1 7AA,,,
SMART&INVEST LTD,16370290,active,ltd,,,2025-04-07,,2025-04-07,[68209],Flat 24 Frewell Building London England EC1N 7UT,,,
PRISTINE PRACTICES LTD,16370297,active,ltd,,,2025-04-07,,2025-04-07,[81222],167-169 Great Portland Street London England W1W 5PF,pristinepractices.co.uk,,Confirmed
COGNITECH(UK) LIMITED,16370309,active,ltd,,,2025-04-07,,2025-04-07,[62090, 63110],71-75 Shelton Street London United Kingdom WC2H 9JQ,cognitech.uk,,Confirmed
TRIOAK CAPITAL LIMITED,16369245,active,ltd,,,2025-04-07,,2025-04-07,[70229],9 London Road Cheltenham United Kingdom GL52 6EX,trioakcapital.com,,Confirmed
HONEYBUTTERUK LTD,16370331,active,ltd,,,2025-04-07,,2025-04-07,[47710],Flat 50 9 Evan Cook Close London England SE15 2HL,,,
MELANORI LANDSCAPING LTD,16370346,active,ltd,,,2025-04-07,,2025-04-07,[41202, 81300],2 Savona Court London United Kingdom SW20 8HY,,,
CHUZI TRADING LIMITED,16370396,active,ltd,,,2025-04-07,,2025-04-07,[46210],Flat 3 Greville House London England SW1X 8EY,chuzitrading.online,,Likely
HARKNESS PROPERTY LTD,16370423,active,ltd,,,2025-04-07,,2025-04-07,[68100, 68209, 68320],167-169 Great Portland Street London England W1W 5PF,,,
MONTENEGRO SERVICES LTD,16370458,active,ltd,,,2025-04-07,,2025-04-07,[73110],3rd Floor, 86-90 Paul Street London United Kingdom EC2A 4NE,,,
ALLEGIANT HOMES LTD,16370453,active,ltd,,,2025-04-07,,2025-04-07,[41100, 41201, 41202],128 City Road London United Kingdom EC1V 2NX,,,
MERIVIO LIMITED,16370456,active,ltd,,,2025-04-07,,2025-04-07,[82990],Kingshead House Beaconsfield England HP9 2HN,merivio.com,,Confirmed
SAKI SONG TRADING LIMITED,16370503,active,ltd,,,2025-04-07,,2025-04-07,[46160, 46190, 47750, 47910],85 Great Portland Street London England W1W 7LT,,,
JPT CONSULTANCY LIMITED,16370495,active,ltd,,,2025-04-07,,2025-04-07,[70229],36 Bargery Road London England SE6 2LN,,,
ALERTH ALNABAWI LTD,16370597,active,ltd,,,2025-04-07,,2025-04-07,[59113, 59120],167-169 Great Portland Street London England W1W 5PF,,,
AABEAUMONT LTD,16370629,active,ltd,,,2025-04-07,,2025-04-07,[62020],41 Pitfield Street London United Kingdom N1 6DA,,,
SANDERSON LOGISTICS SERVICES LIMITED,16370626,active,ltd,,,2025-04-07,,2025-04-07,[62090],Unit 4 11 Regency Parade London United Kingdom NW3 5EG,,,
NUVAGLOW LTD,16370611,active,ltd,,,2025-04-07,,2025-04-07,[47750],Flat 50, Albert Bigg Point London United Kingdom E15 2SF,nuvaglow.uk,,Confirmed
@THE4FRONT LTD,16370576,active,ltd,,,2025-04-07,,2025-04-07,[70229, 85590],24 Hanson Close London United Kingdom SW14 7SH,,,
MOHAN SINGH AND HARNAM KAUR POTIWAL LTD,16370583,active,ltd,,,2025-04-07,,2025-04-07,[64306, 70100, 70229, 98000],115 Chingford Road London England E17 4PN,,,
L’ADIBELLE LTD,16370637,active,ltd,,,2025-04-07,,2025-04-07,[47750],3rd Floor, 86-90 Paul Street London United Kingdom EC2A 4NE,l-adibelle.com,,Confirmed
CONNECT THE PLANET LTD,16370639,active,ltd,,,2025-04-07,,2025-04-07,[82990],1 Engleheart Road London England SE6 2HN,,,
MM DECORATING LTD,16370651,active,ltd,,,2025-04-07,,2025-04-07,[43999],Flat 4 30 Devonia Gardens London United Kingdom N18 1AF,,,
JF DEVELOPMENT HOLDINGS LTD,16370657,active,ltd,,,2025-04-07,,2025-04-07,[64209, 68100, 68209],85 Great Portland Street, First Floor London England W1W 7LT,,,
BRAEFIELD BUILDING CONSULTANCY LIMITED,16370713,active,ltd,,,2025-04-07,,2025-04-07,[94120],94 Fulham Palace Road London England W6 9PL,braefieldbc.co.uk,enquiries@braefieldbc.co.uk,Confirmed
JEAN GENIE YACHTING LTD,16370716,active,ltd,,,2025-04-07,,2025-04-07,[93290],60a Belsize Lane London England NW3 5AR,,,
CLAIMSIFY LIMITED,16370745,active,ltd,,,2025-04-07,,2025-04-07,[82990],124 City Road London United Kingdom EC1V 2NX,,,
HIWISE GLOBAL LTD,16370742,active,ltd,,,2025-04-07,,2025-04-07,[85590, 85600],79a Sinclair Road London England W14 0NR,hiwise.co.uk,,Confirmed
OLI'S BAKERY LTD,16370724,active,ltd,,,2025-04-07,,2025-04-07,[10710],Eagle Yard Arch 141 Walworth Road London England SE1 6SP,,,
AA PHARMX LTD,16370831,active,ltd,,,2025-04-07,,2025-04-07,[86900],20 Wenlock Road London England N1 7GU,,,
SHAHZAIB SULTAN LIMITED,16370822,active,ltd,,,2025-04-07,,2025-04-07,[47910, 47990],124-128 City Road London England EC1V 2NX,,,
LOL DIGITAL LTD,16370789,active,ltd,,,2025-04-07,,2025-04-07,[62020],199 Portland Road London England N15 4SZ,,,
FIREAWAY CAMBRIDGE LTD,16370791,active,ltd,,,2025-04-07,,2025-04-07,[56103, 56290],221-223 Wimbledon Park Road London United Kingdom SW18 5RH,fireaway.co.uk,,Likely
THINKCLERK LTD,16370814,active,ltd,,,2025-04-07,,2025-04-07,[69201, 69202, 70229, 85590],Flat 42 Dunnock House London England NW9 7DR,,,
SOMETHING LABS GROUP LTD,16370903,active,ltd,,,2025-04-07,,2025-04-07,[62012, 62020, 70229],Suite Ra01 195-197 Wood Street London England E17 3NU,somethinglabsgroup.com,,Confirmed
MOVE ELITE LTD,16370880,active,ltd,,,2025-04-07,,2025-04-07,[49420],7c Calderon Place London United Kingdom W10 6QJ,,,
ALIAS TRADING UK LTD,16370870,active,ltd,,,2025-04-07,,2025-04-07,[46720, 46900, 47910, 47990],7-15 Greatorex Street London England E1 5NF,aliastradinguk.com,,Likely
GREENEST PACK LTD,16370854,active,ltd,,,2025-04-07,,2025-04-07,[47990],Suite Ra01 195-197 Wood Street London United Kingdom E17 3NU,,,
EKHLAS MURRAY STREET 8 LTD,16370967,active,ltd,,,2025-04-07,,2025-04-07,[68100],22 Goodge Place London England W1T 4SL,,,
EXCEL HERITAGE HOUSE LTD,16370964,active,ltd,,,2025-04-07,,2025-04-07,[68209],63 Chase Way London England N14 5EA,,,
TROUBLESHOOT TERMINAL LIMITED,16371009,active,ltd,,,2025-04-07,,2025-04-07,[46510, 62090, 85600, 95110],Stapeley House London Road Nantwich England CW5 7JW,,,
IMPERISS LTD,16370994,active,ltd,,,2025-04-07,,2025-04-07,[46420, 46480],Unit #6422 275 New North Road London United Kingdom N1 7AA,,,
A&S CONSTRUCTION SERVICES LIMITED,16371016,active,ltd,,,2025-04-07,,2025-04-07,[41201, 41202, 81210, 98000],75 Fishponds Road London England SW17 7LH,https://www.asconstructionservicesltd.com/,,Confirmed
LITHIS PSYCHOLOGY LTD,16371012,active,ltd,,,2025-04-07,,2025-04-07,[85590],1 Celandine Grove London England N14 4BP,,,
GLANZ SHOP LTD,16371046,active,ltd,,,2025-04-07,,2025-04-07,[47910],Suite10 Capital House London United Kingdom E8 1LL,,,
SVM PRIVATE HEALTHCARE LTD,16371081,active,ltd,,,2025-04-07,,2025-04-07,[86101, 86900],5 Howcroft Crescent London England N3 1PA,,,
JMM COMMERCE LTD,16371093,active,ltd,,,2025-04-07,,2025-04-07,[47910],128 City Road London United Kingdom EC1V 2NX,,,
NIDHI VENTURES LIMITED,16371141,active,ltd,,,2025-04-07,,2025-04-07,[64303],503b Kingsbury Road London England NW9 9EG,,,
THAMES ANALYTICS LTD,16371162,active,ltd,,,2025-04-07,,2025-04-07,[70229],41 Willesden Lane London England NW6 7RF,,,
MOONSPAN LTD,16371189,active,ltd,,,2025-04-07,,2025-04-07,[68320],3rd Floor, 86-90 Paul Street London United Kingdom EC2A 4NE,,,
CHUN FASHION BOUTIQUE LIMITED,16371224,active,ltd,,,2025-04-07,,2025-04-07,[47820],12 Stoneyard Lane London England E14 0BY,,,
OPREIM LTD,16371226,active,ltd,,,2025-04-07,,2025-04-07,[64303],Flat 81 Leith Mansions London England W9 1LJ,,,
SNAP HAPPY LTD,16371247,active,ltd,,,2025-04-07,,2025-04-07,[74209, 90030, 93290],71-75 Shelton Street London United Kingdom WC2H 9JQ,https://www.snaphappy.uk/,,Likely
STUDIO SDK LTD,16371278,active,ltd,,,2025-04-07,,2025-04-07,[59112, 59120, 90030],3rd Floor, 86-90 Paul Street London England EC2A 4NE,,,
MVSHARMA LTD,16371305,active,ltd,,,2025-04-07,,2025-04-07,[70229],Apartment 3 Causeway House London England SW18 1AG,,,
NEUTALENT LIMITED,16371307,active,ltd,,,2025-04-07,,2025-04-07,[78109, 78200, 78300],24 Douglas Avenue London England E17 5BW,,,
FACEVUE AI SOLUTIONS LIMITED,16371343,active,ltd,,,2025-04-07,,2025-04-07,[63110],7 The Mount Square London England NW3 6SY,https://www.facevueai.com/,,Likely
PINECREST TAILOR LIMITED,16371355,active,ltd,,,2025-04-07,,2025-04-07,[64209],1 Water Lane London England E15 4LU,,,
RAYES GROUP LTD,16371411,active,ltd,,,2025-04-07,,2025-04-07,[46190, 47910, 70229, 78109],71-75 Shelton Street London United Kingdom WC2H 9JQ,https://rayes.co.uk/,,Likely
NOVA STEAKHOUSE LTD,16371432,active,ltd,,,2025-04-07,,2025-04-07,[56103],Unit 2 Royale Kendal Avenue London United Kingdom W3 0PA,https://novaparkroyal.com/,,Confirmed
SLONA LIMITED,16371539,active,ltd,,,2025-04-07,,2025-04-07,[47910],Flat 3 55 Vincent Square London England SW1P 2NR,,,
THE HERBAL RESET LTD,16371519,active,ltd,,,2025-04-07,,2025-04-07,[47890, 47910],71-75 Shelton Street London United Kingdom WC2H 9JQ,,,
BRAD ROMANO LTD,16371514,active,ltd,,,2025-04-07,,2025-04-07,[86900],3rd Floor, 86-90 Paul Street London United Kingdom EC2A 4NE,,,
KB PROPERTY SERVICES LIMITED,16371548,active,ltd,,,2025-04-07,,2025-04-07,[43341, 43390, 68310, 68320],115 Dorchester Avenue London England N13 5DY,,,
END TO END UK SERVICE LIMITED,16371616,active,ltd,,,2025-04-07,,2025-04-07,[96090],Flat 161 Fulham Court Fulham Road London England SW6 5PG,,,
LONDON SS11PH LTD,16371628,active,ltd,,,2025-04-07,,2025-04-07,[68100],86 Osbaldeston Road London England N16 6NL,,,
DIN PROPERTY SERVICES LTD,16371664,active,ltd,,,2025-04-07,,2025-04-07,[41202, 81229, 98000],Flat 22 Crofts House London England E2 8RB,,,
EMOJI LTD,16369303,active,ltd,,,2025-04-07,,2025-04-07,[47710, 47799],134 Stoke Newington Church Street London England N16 0JU,,,
BAR 61 RESTAURANT LTD,16371671,active,ltd,,,2025-04-07,,2025-04-07,[56101],61a Streatham Hill London England SW2 4TX,https://bar61.com/,,Confirmed
MOTOR EDGE LIMITED,16371672,active,ltd,,,2025-04-07,,2025-04-07,[45112, 45190, 45200, 77110],3rd Floor, 86-90 Paul Street London England EC2A 4NE,,,
ISHTARMOON LTD,16371673,active,ltd,,,2025-04-07,,2025-04-07,[47190],Apartment 903 Besant House 3 Chatteris Way London England SE17 1HD,,,
LONDONEX SOLUTIONS LIMITED,16371745,active,ltd,,,2025-04-07,,2025-04-07,[85600],177 Plashet Road London England E13 0QZ,,,
COMPASS CONSULTING LTD,16371752,active,ltd,,,2025-04-07,,2025-04-07,[70221, 74909],3rd Floor, 86-90 Paul Street London United Kingdom EC2A 4NE,,,
STATNUMERICS LIMITED,16371778,active,ltd,,,2025-04-08,,2025-04-08,[72190],Flat 61 The Sphere London England E16 1BE,,,
ZK ELECTRICS LTD,16371792,active,ltd,,,2025-04-08,,2025-04-08,[43210],3rd Floor, 86-90 Paul Street London United Kingdom EC2A 4NE,https://zkelectrics.co.uk/,,Confirmed
BYOUQUETS LTD,16371791,active,ltd,,,2025-04-08,,2025-04-08,[47760],22, Haden Court Lennox Road London United Kingdom N4 3HS,https://www.byouquets.com/,,Confirmed
CONTABILIDAD LIMITED,16371876,active,ltd,,,2025-04-08,,2025-04-08,[69201, 69202, 74909],71-75 Shelton Street London United Kingdom WC2H 9JQ,,,
VOICE THERAPY WITH EMILY LIMITED,16371868,active,ltd,,,2025-04-08,,2025-04-08,[86900],Flat 407 Casson Apartments 43 Upper North Street London England E14 6FY,,,
LA SERENISSIMA GROUP LTD,16371889,active,ltd,,,2025-04-08,,2025-04-08,[56101],3rd Floor, 86-90 Paul Street London United Kingdom EC2A 4NE,,,
NFGB 250303 LTD,16371883,active,ltd,,,2025-04-08,,2025-04-08,[64209],71-75 Shelton Street London United Kingdom WC2H 9JQ,,,
FROST IQ TECHNOLOGIES LTD,16371887,active,ltd,,,2025-04-08,,2025-04-08,[26511, 62012],86-90 Paul Street London England EC2A 4NE,,,
THE SKIN SANCTUARY LDN LIMITED,16371911,active,ltd,,,2025-04-08,,2025-04-08,[96020],380 Old Kent Road London England SE1 5AA,https://theskinsanctuaryldn.setmore.com/,,Confirmed
BKVOYAGE LTD,16371930,active,ltd,,,2025-04-08,,2025-04-08,[79110, 79120],Flat 8 Abbot House London England E14 0HD,,,
NUBLEND LIMITED,16371927,active,ltd,,,2025-04-08,,2025-04-08,[47910],71-75 Shelton Street London United Kingdom WC2H 9JQ,,,
RUFICANUS CONSULTING LTD,16371926,active,ltd,,,2025-04-08,,2025-04-08,[70229],71-75 Shelton Street London United Kingdom WC2H 9JQ,https://www.ruficanus.co.uk/,,Confirmed
FEATHEREDFABLES LTD,16371915,active,ltd,,,2025-04-08,,2025-04-08,[47910],71-75 Shelton Street London United Kingdom WC2H 9JQ,https://featheredfables.com/,,Confirmed
PSYCHPRO LTD,16371948,active,ltd,,,2025-04-08,,2025-04-08,[62012, 86220],20 Wenlock Road London England N1 7GU,,,
THE CLUELESS AGENCY LIMITED,16371972,active,ltd,,,2025-04-08,,2025-04-08,[69109, 70210, 72200, 73120],71-75 Shelton Street London United Kingdom WC2H 9JQ,https://www.thecluelessagency.com/,,Confirmed
SCANDINAVIAN METALS LTD,16371950,active,ltd,,,2025-04-08,,2025-04-08,[46720],27 Greville Street London England EC1N 8SU,,,
WJ HOUSING LTD,16372012,active,ltd,,,2025-04-08,,2025-04-08,[68201],2nd Floor College House Ruislip, United Kingdom HA4 7AE,,,
BLUE DIAMONDS RETAILS LTD,16372026,active,ltd,,,2025-04-08,,2025-04-08,[47910],Unit 40, The Link Building London England SW2 1BZ,,,
MIDDLE HOUSE CONSULTING LTD,16372016,active,ltd,,,2025-04-08,,2025-04-08,[62020],Flat 5 Acacia House London England N16 0PX,,,
LEADX PARTNERS LTD,16372013,active,ltd,,,2025-04-08,,2025-04-08,[70229, 73110, 82110],Dept 5394, 196 High Road London United Kingdom N22 8HH,,,
CROWNAI LTD,16372060,active,ltd,,,2025-04-08,,2025-04-08,[87900],167-169 Great Portland Street London England W1W 5PF,https://crownai.co.uk/,,Likely
DRONEHAWK SOLUTIONS LTD,16372049,active,ltd,,,2025-04-08,,2025-04-08,[74209],20 Wenlock Road London England N1 7GU,https://dronehawksolutions.com/,,Likely
PARM NETWORKS LTD,16372066,active,ltd,,,2025-04-08,,2025-04-08,[62020],71-75 Shelton Street London United Kingdom WC2H 9JQ,,,
GOOD BOI SOFTWARE LTD,16372084,active,ltd,,,2025-04-08,,2025-04-08,[96090],71-75 Shelton Street London United Kingdom WC2H 9JQ,,contact@discdogs.app,Confirmed
LOCAL LYNX TRAVEL LTD,16372081,active,ltd,,,2025-04-08,,2025-04-08,[79120],Monomark House London England WC1N 3AX,https://www.locallynx.travel/,,Confirmed
LAHORE LAHORE EH LTD,16372075,active,ltd,,,2025-04-08,,2025-04-08,[56210, 56290],155a-155b High Street North London England E6 1JB,,,
DATA CENTRE JOB SEARCH LTD,16372100,active,ltd,,,2025-04-08,,2025-04-08,[63120, 73110],128 City Road London United Kingdom EC1V 2NX,,,
STORY IN PIX LTD,16372093,active,ltd,,,2025-04-08,,2025-04-08,[59112, 63120],20 Wenlock Road London England N1 7GU,,,
MIXZY LTD,16372095,active,ltd,,,2025-04-08,,2025-04-08,[46420],71-75 Shelton Street London United Kingdom WC2H 9JQ,,,
LAKE GARDA ITALY LIMITED,16372105,active,ltd,,,2025-04-08,,2025-04-08,[73110],20 Wenlock Road London England N1 7GU,,,
THE LAB BY TOM BISSON LTD,16372126,active,ltd,,,2025-04-08,,2025-04-08,[93130],1st Floor Arthur Stanley House London United Kingdom W1T 4RN,https://www.tombisson.com/,,Confirmed
NATURRA LTD,16372131,active,ltd,,,2025-04-08,,2025-04-08,[47910],128 City Road London United Kingdom EC1V 2NX,https://feelnuyu.com/,,Confirmed
PRIVILEDGE KONSULT LIMITED,16364460,active,ltd,,,2025-04-04,,2025-04-04,[46190, 70229, 78300, 82301],128 City Road London United Kingdom EC1V 2NX,,,
MY WAY ACADEMY LTD,16364517,active,ltd,,,2025-04-04,,2025-04-04,[85590, 85600],27 Old Gloucester Street London United Kingdom WC1N 3AX,,,
CRAIGELLACHIE VENTURES LIMITED,16364601,active,ltd,,,2025-04-04,,2025-04-04,[77400],50 Riffel Road London England NW2 4PH,,,
REDHAVEN BOOKS LTD,16364605,active,ltd,,,2025-04-04,,2025-04-04,[58110],71-75 Shelton Street London United Kingdom WC2H 9JQ,,,
AEMZ ELECTRONICS LTD,16364616,active,ltd,,,2025-04-04,,2025-04-04,[58290, 62012],71-75 Shelton Street London United Kingdom WC2H 9JQ,,,
SKYLINE KEY LTD,16364594,active,ltd,,,2025-04-04,,2025-04-04,[68209],460b Bowes Road London England N11 1NL,,,
EIDRIX LTD,16364595,active,ltd,,,2025-04-04,,2025-04-04,[62012],71-75 Shelton Street London United Kingdom WC2H 9JQ,,,
ARISTO COMMERCE LTD,16364614,active,ltd,,,2025-04-04,,2025-04-04,[47910],71-75 Shelton Street London United Kingdom WC2H 9JQ,,,
LUNA BAG LTD,16364638,active,ltd,,,2025-04-04,,2025-04-04,[47910, 47990],124-128 City Road London England EC1V 2NX,,,
ELITECENTURY LTD,16364633,active,ltd,,,2025-04-04,,2025-04-04,[47910],3rd Floor, 86-90 Paul Street London United Kingdom EC2A 4NE,,,
VELO ROOM LTD,16364632,active,ltd,,,2025-04-04,,2025-04-04,[47640],3rd Floor, 86-90 Paul Street London United Kingdom EC2A 4NE,,,
WESTON ROAD INVESTMENT SUB 1 LTD,16364646,active,ltd,,,2025-04-04,,2025-04-04,[68100],C/O 32 Castlewood Road London United Kingdom N16 6DW,,,
SETSFORALL LTD,16364683,active,ltd,,,2025-04-04,,2025-04-04,[47910, 62090, 74100],2nd Floor College House Ruislip, United Kingdom HA4 7AE,,,
STRAIGHT UP LIFTS LTD,16364742,active,ltd,,,2025-04-04,,2025-04-04,[43999],14-16 Powis Street London England SE18 6LF,,,
NABB LTD,16364741,active,ltd,,,2025-04-04,,2025-04-04,[70229],32 Altura Tower Bridges Court Road London United Kingdom SW11 3GZ,,,
MAKE TRIP LTD,16364781,active,ltd,,,2025-04-04,,2025-04-04,[96040],86-90 Paul Street London England EC2A 4NE,,,
WARDOUR 1 HOLDCO LIMITED,16364808,active,ltd,,,2025-04-04,,2025-04-04,[64209],Wsm, Connect House 133-137 Alexandra Road London United Kingdom SW19 7JY,,,
GUA BOOKS LTD,16365038,active,ltd,,,2025-04-04,,2025-04-04,[47610, 90030],2nd Floor College House Ruislip, United Kingdom HA4 7AE,,,
CLASSIC ALBUMS LIVE UK LTD,16365050,active,ltd,,,2025-04-04,,2025-04-04,[90010],20 Wenlock Road London England N1 7GU,https://classicalbumslive.com/,,Confirmed
ALPHA FUSION LTD,16365142,active,ltd,,,2025-04-04,,2025-04-04,[47910],124 City Road London United Kingdom EC1V 2NX,,,
DOMNEY BOOKS LIMITED,16365109,active,ltd,,,2025-04-04,,2025-04-04,[58110],4a Mattison Road London England N4 1BD,http://domneybooks.com/home,,Confirmed
LONDON GLOBAL COLLEGE LTD,16365225,active,ltd,,,2025-04-04,,2025-04-04,[85410, 85421, 85422, 85590],167 - 169 Great Portland Street London England W1W 5PF,https://www.londonglobalcollege.co.uk/,,Confirmed
ARS EQUITIES LTD,16365219,active,ltd,,,2025-04-04,,2025-04-04,[66120, 66300],86-90 Paul Street London England EC2A 4NE,,,
CACTUS SELF STORAGE LIMITED,16365224,active,ltd,,,2025-04-04,,2025-04-04,[52103],36 Walpole Street London United Kingdom SW3 4QS,https://www.cactus.storage/,,Confirmed
TARG LTD,16365213,active,ltd,,,2025-04-04,,2025-04-04,[68209],20 Commerce Road London England N22 8ED,,,
NOIR PRESTIGE LTD,16365251,active,ltd,,,2025-04-04,,2025-04-04,[80300],20 Wenlock Road London England N1 7GU,,,
HADLEY CONSULTING LTD,16365244,active,ltd,,,2025-04-04,,2025-04-04,[70229],71-75 Shelton Street London United Kingdom WC2H 9JQ,,,
TASSO POTW LTD,16365296,active,ltd,,,2025-04-04,,2025-04-04,[68100, 68209, 68320],2 Frederick Street London United Kingdom WC1X 0ND,,,
6 HIGH STREET LTD,16365295,active,ltd,,,2025-04-04,,2025-04-04,[41100],200 First Central, 6th Floor London United Kingdom NW10 7FQ,,,
TERTIUM CONSULTANTS LTD.,16365312,active,ltd,,,2025-04-04,,2025-04-04,[66190],128 City Road London United Kingdom EC1V 2NX,,,
WARDOUR 1 PROPCO LIMITED,16365305,active,ltd,,,2025-04-04,,2025-04-04,[68209],Wsm, Connect House 133-137 Alexandra Road London United Kingdom SW19 7JY,,,
MOYS PROPERTY LIMITED,16365300,active,ltd,,,2025-04-04,,2025-04-04,[68100, 70229, 71111],Britannia House 1-11 Glenthorne Road London England W6 0LH,,,
GMG TECHNOLOGY LTD,16365372,active,ltd,,,2025-04-04,,2025-04-04,[62020],368 Forest Road London United Kingdom E17 5JF,,,
EST DEVELOPMENTS LTD,16365374,active,ltd,,,2025-04-04,,2025-04-04,[43210],33 Rivers Apartments Cannon Road London England N17 8FE,,,
OUREAH LTD,16365387,active,ltd,,,2025-04-04,,2025-04-04,[46150, 46180, 46190, 47190],349 Royal College Street London United Kingdom NW1 9QS,,,
SHE EVENTS LTD,16365399,active,ltd,,,2025-04-04,,2025-04-04,[82301, 93290],4 Chelsea Crescent, St. Cuthberts Road London England NW2 3QP,,,
CARL HANCOCKS QA NDT LTD,16365378,active,ltd,,,2025-04-04,,2025-04-04,[42990],Seymour Chambers Liverpool United Kingdom L3 5NW,,,
KELVIN ECO PRODUCTS LTD,16365443,active,ltd,,,2025-04-04,,2025-04-04,[96090],71-75 Shelton Street London United Kingdom WC2H 9JQ,https://kelvinecoproducts.com/,,Confirmed
SHANDONG RAYAN DECOR MATERIALS CO., LTD,16365654,active,ltd,,,2025-04-04,,2025-04-04,[17240, 22290, 46130],Flat 107 25 Indescon Square London England E14 9DG,,,
CARS TRADE ACCOUNT LIMITED,16365655,active,ltd,,,2025-04-04,,2025-04-04,[45112],40 Goldfinch Road London England SE28 0DF,,,
EH STUDIO LTD,16365658,active,ltd,,,2025-04-04,,2025-04-04,[56102, 62012],Flat 16 1 Stevens Street London England SE1 3FT,,,
LUNARIS INTERNATIONAL LTD,16365609,active,ltd,,,2025-04-04,,2025-04-04,[47910, 96090],124 City  Road London United Kingdom EC1V 2NX,,,
SIGVALDI CONSULTING LTD,16365726,active,ltd,,,2025-04-04,,2025-04-04,[70229],71-75 Shelton Street London United Kingdom WC2H 9JQ,,,
MOMENTS NETWORK LIMITED,16365844,active,ltd,,,2025-04-04,,2025-04-04,[59112, 73110],Silverstream House 45 Fitzroy Street London England W1T 6EB,,,
MEDIPORT LIMITED,16365835,active,ltd,,,2025-04-04,,2025-04-04,[47910],20-22 Wenlock Road London England N1 7GU,,,
BANG! AVERAGE SUCKS LTD,16365819,active,ltd,,,2025-04-04,,2025-04-04,[70210],124 City Road London United Kingdom EC1V 2NX,,,
CB CONSULTING ENGINEERS LTD,16365931,active,ltd,,,2025-04-04,,2025-04-04,[71121, 71122, 71129],2nd Floor College House Ruislip, United Kingdom HA4 7AE,,,
NAVARIS TRADING LIMITED,16365926,active,ltd,,,2025-04-04,,2025-04-04,[46120, 46190],128 City Road London United Kingdom EC1V 2NX,,,
NAZOLI LTD,16365952,active,ltd,,,2025-04-04,,2025-04-04,[41202, 74100],347 Barking Road London England E13 8EE,https://nazoli.co.uk/home/,,Confirmed
DWOJACKI LIMITED,16365946,active,ltd,,,2025-04-04,,2025-04-04,[41201, 41202],Flat 4 89-91 Turnpike Lane London England N8 0DY,,,
TAYASSUR GROUP LTD,16365973,active,ltd,,,2025-04-04,,2025-04-04,[62012],275 New North Road London United Kingdom N1 7AA,,,
MITCH POLLEY DESIGN LTD,16365977,active,ltd,,,2025-04-04,,2025-04-04,[31090],11 Avarn Road London England SW17 9HB,https://www.mitchpolleydesign.com/,,Confirmed
SAVE FRY-OIL LTD,16366056,active,ltd,,,2025-04-04,,2025-04-04,[96090],2nd Floor College House Ruislip, United Kingdom HA4 7AE,https://savefryoil.com/,,Confirmed
MASOOMS & CO. LIMITED,16366064,active,ltd,,,2025-04-04,,2025-04-04,[62012],128 City Road London United Kingdom EC1V 2NX,,,
ALAN TAYLOR LIMITED,16366125,active,ltd,,,2025-04-04,,2025-04-04,[82190, 85590],Blake Tower, Floor Lg 12 Barbican England EC2Y 8AF,,,
DEALI LIMITED,16366113,active,ltd,,,2025-04-04,,2025-04-04,[68100, 68209, 68310],235 Regents Park Road London England N3 3LF,,,
DIAMANTE BEVERAGES LIMITED,16366198,active,ltd,,,2025-04-04,,2025-04-04,[46342],20 Wenlock Road London England N1 7GU,,,
FREAK SCENE BALHAM LTD,16366173,active,ltd,,,2025-04-04,,2025-04-04,[56101],28 Parsons Green Lane London England SW6 4HS,https://www.freakscenerestaurants.com/,,Confirmed
BOOST OUT OF HOME LIMITED,16366245,active,ltd,,,2025-04-04,,2025-04-04,[73110],167 - 169 Great Portland Street London England W1W 5PF,,,
SEEK TO ASPIRE LTD,16366271,active,ltd,,,2025-04-04,,2025-04-04,[47910],71-75 Shelton Street London United Kingdom WC2H 9JQ,,,
KIRICA GROUP LIMITED,16366264,active,ltd,,,2025-04-04,,2025-04-04,[32120, 47770, 47910],100 Hatton Garden London England EC1N 8NX,,,
NS HEALTH GROUP LTD,16366275,active,ltd,,,2025-04-04,,2025-04-04,[47910],71-75 Shelton Street London United Kingdom WC2H 9JQ,,,
COHERE CONSULTING LTD,16366273,active,ltd,,,2025-04-04,,2025-04-04,[70229],77 Horn Park Lane London United Kingdom SE12 8AP,,,
EXMOOR FUNDING 2025-1 HOLDINGS LIMITED,16366354,active,ltd,,,2025-04-04,,2025-04-04,[64999],10th Floor 5 Churchill Place London United Kingdom E14 5HU,,,
DILAN ASSOCIATES LIMITED,16366366,active,ltd,,,2025-04-04,,2025-04-04,[69201, 69202, 69203],271a Whitechapel Road London England E1 1BY,,,
LUXE LINE CHAUFFEURING LTD,16366344,active,ltd,,,2025-04-04,,2025-04-04,[82990],128 City Road London United Kingdom EC1V 2NX,,,
VAULTIX LTD,16366531,active,ltd,,,2025-04-04,,2025-04-04,[47710, 47722, 47770, 47910],71-75 Shelton Street London United Kingdom WC2H 9JQ,,,
DIRECT SELLER LTD,16366562,active,ltd,,,2025-04-04,,2025-04-04,[46520],1 Highcroft London England NW9 0SE,,,
I SHINE LOGISTICS LTD,16366554,active,ltd,,,2025-04-04,,2025-04-04,[52103],17a Linthorpe Road London England N16 5RE,,,
TXBFI LTD,16366627,active,ltd,,,2025-04-04,,2025-04-04,[62012, 62090, 68100, 68209],Unit Da2 Sutherland House London England E17 6BU,https://txbfi.com/,,Confirmed
JOHAR LONDON HALAL MEAT LTD,16366655,active,ltd,,,2025-04-04,,2025-04-04,[47220],168 Fore Street London England N18 2JB,,,
JEAN FRITTS LIMITED,16366644,active,ltd,,,2025-04-04,,2025-04-04,[90030],45 Albemarle Street London England W1S 4JL,,,
TRILL HEADQUARTERS LTD,16366715,active,ltd,,,2025-04-04,,2025-04-04,[14190, 58190, 64209, 93199],71-75 Shelton Street London United Kingdom WC2H 9JQ,,,
ONE TOUCH GROUP LTD,16366834,active,ltd,,,2025-04-04,,2025-04-04,[41202],9 Chigwell Road London England E18 1LR,https://onetouchgroup.co.uk/,info@onetouchgroup.co.uk,Confirmed
WONDAFIBRE LTD,16366820,active,ltd,,,2025-04-04,,2025-04-04,[61900],16 Drylands Road London England N8 9HN,,,
OYM COACHING LTD,16366866,active,ltd,,,2025-04-04,,2025-04-04,[96090],8 Blandfield Road London England SW12 8BG,,,
ALEX 2025 LTD,16366912,active,ltd,,,2025-04-04,,2025-04-04,[47110],328 High Road London England N15 4BN,,,
NORTH START PROPERTY SERVICES LIMITED,16366926,active,ltd,,,2025-04-04,,2025-04-04,[68209],6 Archway Court London England SE18 5AB,,,
MULTIMEDIA GROUPS LTD,16359479,active,ltd,,,2025-04-02,,2025-04-02,[58130, 58141, 58142, 58290],167-169 Great Portland Street Great Portland Street London England W1W 5PF,,,
SAMSON HOUSING GROUP LTD,16366986,active,ltd,,,2025-04-04,,2025-04-04,[68201],271 High Street London England E15 2TF,https://www.samsonhousing.org.uk/,,Confirmed
GARDEN OF PIECE LTD,16366996,active,ltd,,,2025-04-04,,2025-04-04,[47190, 47910],438 Lea Bridge Road London England E10 7DY,,,
TYLER YOUNG LIMITED,16367034,active,ltd,,,2025-04-04,,2025-04-04,[68310, 68320],507b Holloway Road London England N19 4BY,,,
KIPEO AND CO LTD,16367167,active,ltd,,,2025-04-05,,2025-04-05,[47789, 47910, 85590],86-90 Paul Street London England EC2A 4NE,https://www.kipeoandco.com/,,Confirmed
ELIZABETH E SCHUCH LIMITED,16367172,active,ltd,,,2025-04-05,,2025-04-05,[90030],124-128 City Road London England EC1V 2NX,,,
MARYAM TRADING LIMITED,16367284,active,ltd,,,2025-04-05,,2025-04-05,[82990],43 Park Road London England E15 3QP,,,
MARADA PROPERTY LTD,16367332,active,ltd,,,2025-04-05,,2025-04-05,[68100],25 Elthorne Road London England NW9 8BH,,,
SANDALE SERVICES LTD,16367348,active,ltd,,,2025-04-05,,2025-04-05,[49320, 82990],5 Brayford Square London England E1 0SG,,,
TIMIKA MALINDA LUCKLY LIMITED,16367388,active,ltd,,,2025-04-05,,2025-04-05,[99999],572 Middle Park Avenue London England SE9 5QS,,,
AMJAD & PARTNERS LIMITED,16367402,active,ltd,,,2025-04-05,,2025-04-05,[47910],Flat 301 Douglass Tower, 9 Goodluck Hope Walk London United Kingdom E14 0XD,,,
ER & KA LIMITED,16367398,active,ltd,,,2025-04-05,,2025-04-05,[49390],12 Chaseville Park Road London England N21 1PG,,,
SOMA YOGA SCHOOL LTD,16367454,active,ltd,,,2025-04-05,,2025-04-05,[85510, 96040],Flat 70 Flotilla House London England SW18 1FX,https://www.wandsworthyoga.com/,,Likely
HERCULES HOME REFURBS LTD,16367491,active,ltd,,,2025-04-05,,2025-04-05,[41202],83a Lime Grove London England W12 8EE,,,
KESTAL-UK LTD,16367534,active,ltd,,,2025-04-06,,2025-04-06,[43999],3rd Floor, 86-90 Paul Street London United Kingdom EC2A 4NE,,,
PIXEL VERSE STUDIOS LTD,16367623,active,ltd,,,2025-04-06,,2025-04-06,[58210],Centro House 20-23 Mandela Street London England NW1 0DU,,,
COOK DESIGNS LTD,16367630,active,ltd,,,2025-04-06,,2025-04-06,[74100],22 Harvard Road London England W4 4EA,,,
VENTUM LTD,16367712,active,ltd,,,2025-04-06,,2025-04-06,[64999],33 Longfield Avenue London England NW7 2EH,,,
TYRESE LINDO KERR EQUITY LIMITED,16367735,active,ltd,,,2025-04-06,,2025-04-06,[64209, 64303, 70100],Flat 1, Godwin House London England E2 8PH,,,
EIRNIE LIMITED,16367727,active,ltd,,,2025-04-06,,2025-04-06,[65120],85 Great Portland Street London England W1W 7LT,,,
REAL RECOGNISES REAL LTD,16364430,active,ltd,,,2025-04-04,,2025-04-04,[59111],34 Raywood Mansions 5 West Park Walk London England E20 1DG,,,
THIS TRANSPORT LTD,16364453,active,ltd,,,2025-04-04,,2025-04-04,[53201],3rd Floor, 86-90 Paul Street London England EC2A 4NE,,,
WELLHEART LONDON LTD,16364483,active,ltd,,,2025-04-04,,2025-04-04,[86210],Acorn House London United Kingdom W3 6AY,,,
SUN SOLARIS LTD,16364493,active,ltd,,,2025-04-04,,2025-04-04,[41201, 43210, 43220, 43390],27 Old Gloucester Street London United Kingdom WC1N 3AX,,,
JANNAT KAUR PROPERTIES LTD,16364494,active,ltd,,,2025-04-04,,2025-04-04,[68100, 68209, 68320],Acorn House London United Kingdom W3 6AY,,,
FAST DESIGN SERVICES LTD,16364538,active,ltd,,,2025-04-04,,2025-04-04,[62020, 74100, 82920],167 - 169 Great Portland Street London England W1W 5PF,,,
SJLB CONSULTING LTD,16364532,active,ltd,,,2025-04-04,,2025-04-04,[68209],3rd Floor, 86-90 Paul Street London United Kingdom EC2A 4NE,,,
PPHU GRABOWSKI LTD,16364546,active,ltd,,,2025-04-04,,2025-04-04,[10710, 10720, 46360, 47240],27 Old Gloucester Street London United Kingdom WC1N 3AX,,,
THE RUSTIC GINGER LTD,16364673,active,ltd,,,2025-04-04,,2025-04-04,[47910],19 Handforth Road London England SW9 0LL,,,
TYTO.A LIMITED,16364667,active,ltd,,,2025-04-04,,2025-04-04,[64209],71 Queen Victoria Street London England EC4V 4BE,,,
UPO CLEANING LTD,16364717,active,ltd,,,2025-04-04,,2025-04-04,[81210, 81299],Upo 4 Severin Court London England SE17 2FS,,,
ARDOR & CO UK LIMITED,16364774,active,ltd,,,2025-04-04,,2025-04-04,[96020],69-70 Long Lane London United Kingdom EC1A 9EJ,https://ardorbeautystudio.co.uk/,,Likely
TEMPLARS COLBOURNE LTD,16364751,active,ltd,,,2025-04-04,,2025-04-04,[68100],5 North End Road London England NW11 7RJ,,,
MAYAMONA UK LIMITED,16364769,active,ltd,,,2025-04-04,,2025-04-04,[68209],C/O Getground London England W6 0NB,,,
CAFFCOM UK LTD,16364831,active,ltd,,,2025-04-04,,2025-04-04,[68100, 68209],128 City Road London United Kingdom EC1V 2NX,,,
ASEMAN ONE LTD,16364888,active,ltd,,,2025-04-04,,2025-04-04,[41100],5 Brayford Square London England E1 0SG,,,
CHOWDHURY GROUP LIMTED LTD,16364866,active,ltd,,,2025-04-04,,2025-04-04,[64209],20 Wenlock Road London England N1 7GU,,,
VONECT LTD,16364997,active,ltd,,,2025-04-04,,2025-04-04,[56290],Flat 1 Raphael House 322b Coldharbour Lane London England SW9 8QH,,,
CAROLINE MEE CREATIVE LIMITED,16364980,active,ltd,,,2025-04-04,,2025-04-04,[74100],61 London Road Maidstone England ME16 8TX,,,
FULHAM BOXING GYM LTD,16365004,active,ltd,,,2025-04-04,,2025-04-04,[93130],28 Longcroft Watford United Kingdom WD19 4JX,,,
JUST RED SPICE LTD,16365002,active,ltd,,,2025-04-04,,2025-04-04,[56103],1b Just Red Spice Camden Town United Kingdom NW1 8RP,https://redspicecamden.co.uk/,,Confirmed
FH 95 LTD,16365033,active,ltd,,,2025-04-04,,2025-04-04,[56103],95 London Road Colchester England CO6 1EB,,,
RAEASSOCIATES LIMITED,16365097,active,ltd,,,2025-04-04,,2025-04-04,[71129, 74902],128 City Road London United Kingdom EC1V 2NX,,,
AAD MANAGMENT LTD,16365150,active,ltd,,,2025-04-04,,2025-04-04,[68310],244 Edgware Road London England W2 1DS,,,
TOOL CREATIVE LTD,16365291,active,ltd,,,2025-04-04,,2025-04-04,[62020],327 Tollgate Road London England E6 5YF,,,
SHEFS LIMITED,16365257,active,ltd,,,2025-04-04,,2025-04-04,[56290],14 Bermar House 37 London Road Newbury England RG14 1JL,,,
AUREAN LABS LTD,16365343,active,ltd,,,2025-04-04,,2025-04-04,[62020, 63120, 71129],Flat 29, 1, Churchbank Teresa Mews London United Kingdom E17 3BE,,,
ILIAS SERVICES LTD,16365598,active,ltd,,,2025-04-04,,2025-04-04,[47190, 47910, 47990],71-75 Shelton Street London United Kingdom WC2H 9JQ,,,
NAP10 PROPERTIES LIMITED,16365606,active,ltd,,,2025-04-04,,2025-04-04,[41100, 68100],Unit G31 Hastingwood Trading Estate London England N18 3HT,,,
THE MATH LAB LIMITED,16365665,active,ltd,,,2025-04-04,,2025-04-04,[78109, 85590],4th Floor, Silverstream House London England W1T 6EB,,,
TEAMFRESH PERFORMANCE LTD,16365673,active,ltd,,,2025-04-04,,2025-04-04,[47190],Olympia House Preston England PR1 4AP,https://teamfresh.co.uk/,info@teamfresh.co.uk,Confirmed
DOCSG (UK) LTD,16365670,active,ltd,,,2025-04-04,,2025-04-04,[56102],85 Tooting High Street London England SW17 0SU,,,
TEDIO LTD,16365780,active,ltd,,,2025-04-04,,2025-04-04,[68310],99 Cranworth Gardens London England SW9 0NT,,,
CAMBORIX LIMITED,16365787,active,ltd,,,2025-04-04,,2025-04-04,[64209],Flat 47 Somerset Place London England SW2 1EG,,,
JAB VENTURES AND HOLDINGS LTD,16365884,active,ltd,,,2025-04-04,,2025-04-04,[64303, 64999, 66120, 66300],128 City Road London United Kingdom EC1V 2NX,,,
AELS INVESTMENTS LIMITED,16365874,active,ltd,,,2025-04-04,,2025-04-04,[68209],Sterling House Walthamstow England E17 4EE,,,
FASTFIX365 LIMITED,16365867,active,ltd,,,2025-04-04,,2025-04-04,[62090, 82990],38 Manger Road London England N7 9TQ,,,
TRADEMASTRS LTD,16365911,active,ltd,,,2025-04-04,,2025-04-04,[63120, 85320, 85590, 85600],20 Wenlock Road London England N1 7GU,,,
CAZ COMMERCE LTD,16366157,active,ltd,,,2025-04-04,,2025-04-04,[47910],128 City Road London United Kingdom EC1V 2NX,,,
HEALING SPACE ONLINE LTD,16366143,active,ltd,,,2025-04-04,,2025-04-04,[86900],124-128 City Road London England EC1V 2NX,https://healing-space.co.uk/,becca@healingspaceonline.com,Confirmed
CAMDEN MEWS MOTORS LTD,16366146,active,ltd,,,2025-04-04,,2025-04-04,[45200],64 Southwark Bridge Road London England SE1 0AS,,,
OLPU COLLECTIONS LTD,16366227,active,ltd,,,2025-04-04,,2025-04-04,[47910],203 Lower Clapton Road London England E5 8EG,,,
FREAK MOMMA LTD,16366214,active,ltd,,,2025-04-04,,2025-04-04,[56101],28 Parsons Green Lane London England SW6 4HS,https://www.freakscenerestaurants.com/,,Confirmed
QUECTO AI LTD,16366300,active,ltd,,,2025-04-04,,2025-04-04,[62012, 62020],167-169 Great Portland Street London England W1W 5PF,,,
DAID ENTERPRISES LTD,16366280,active,ltd,,,2025-04-04,,2025-04-04,[70229],Daid Enterprises London England EC1V 2NX,,,
VERVE FILM LTD,16366301,active,ltd,,,2025-04-04,,2025-04-04,[77390],Unit 3, Glengall Business Centre London England SE15 6NF,https://verve.film/,info@verve.film,Confirmed
VALUETRUST PARTNERS LTD,16366296,active,ltd,,,2025-04-04,,2025-04-04,[70229],5 Calico House London United Kingdom N4 2UQ,,,
KEYMARK HOLDINGS LTD,16366323,active,ltd,,,2025-04-04,,2025-04-04,[68100],71-75 Shelton Street London United Kingdom WC2H 9JQ,,,
GLIMZA MART LTD,16366429,active,ltd,,,2025-04-04,,2025-04-04,[47990],Unit 590 1 Bartholomew Lane London England EC2N 2AX,,,
MAD TRADING LTD,16366459,active,ltd,,,2025-04-04,,2025-04-04,[47910],71-75 Shelton Street London United Kingdom WC2H 9JQ,,,
OASISSKYY TRADING LIMITED,16366611,active,ltd,,,2025-04-04,,2025-04-04,[47910],71-75 Shelton Street London United Kingdom WC2H 9JQ,,,
CATCY HOMES LIMITED,16366737,active,ltd,,,2025-04-04,,2025-04-04,[68100, 68209],135 Amersham Avenue London England N18 1DZ,,,
SOVIN2025 LTD,16366766,active,ltd,,,2025-04-04,,2025-04-04,[47210],500 White Hart Lane London England N17 7NA,,,
MUBASHIR GOODS LIMITED,16366862,active,ltd,,,2025-04-04,,2025-04-04,[47910],12a Aquila Street London England NW8 6PN,,,
SHE MAKEUP GROUP LTD,16366943,active,ltd,,,2025-04-04,,2025-04-04,[47750, 82990],3rd Floor, 86-90 Paul Street London United Kingdom EC2A 4NE,,,
CHARZFITNESS LTD,16367014,active,ltd,,,2025-04-04,,2025-04-04,[86900],Flat 2 Lowell House London England SE5 0XW,,,
JOHN'S FOOD AND COFFEE LTD,16367124,active,ltd,,,2025-04-04,,2025-04-04,[56102],11a Herbert Road London England SE18 3TB,,,
STUDIO ARTISAN LIMITED,16367421,active,ltd,,,2025-04-05,,2025-04-05,[71111],31 All Saints Road London England W11 1HE,https://studioartisan.com/,info@studioartisan.com,Confirmed
IHSAN CATERING LTD,16367456,active,ltd,,,2025-04-05,,2025-04-05,[56101],234-236 Whitechapel Road London England E1 1BJ,,,
CHA-ZING LTD,16367475,active,ltd,,,2025-04-05,,2025-04-05,[11070],Flat 7 Bloomsbury Mansions 13-16 Russell Square London England WC1B 5ER,,,
CLUBHOUSE PRODUCTIONS LTD,16367496,active,ltd,,,2025-04-05,,2025-04-05,[59111, 59113],Apartment 62 1 Blackfriars Road London England SE1 9GD,,,
GENIX PLUMBING LTD,16367509,active,ltd,,,2025-04-05,,2025-04-05,[43220],407d New Cross Road London England SE14 6LA,,,
NOMOS SECURE LTD,16367568,active,ltd,,,2025-04-06,,2025-04-06,[49410],86-90 Paul Street London England EC2A 4NE,https://nomossecure.com/,,Confirmed
HJN ENTERPRISE LTD,16367653,active,ltd,,,2025-04-06,,2025-04-06,[68209],85 Great Portland Street London England W1W 7LT,,,
DAVID HARTLEY LTD,16367716,active,ltd,,,2025-04-06,,2025-04-06,[90030],3rd Floor, 86-90 Paul Street London United Kingdom EC2A 4NE,,,
SCF PROP LTD,16367749,active,ltd,,,2025-04-06,,2025-04-06,[68100],37 Garrick Avenue London England NW11 9AR,,,
PARADIGM CONSULTING PARTNERS LIMITED,16367757,active,ltd,,,2025-04-06,,2025-04-06,[62020, 70229],48 St. John's Villas London England N19 3EG,,,
ALLOWIN LIMITED,16367776,active,ltd,,,2025-04-06,,2025-04-06,[70229],44-48 Paul Street London England EC2A 4LB,,,
AL-AWADI INTERNATIONAL TRADE AND IMPORT LTD,16372143,active,ltd,,,2025-04-08,,2025-04-08,[46900, 96090],2nd Floor College House Ruislip, United Kingdom HA4 7AE,,,
BAMLAD LTD,16372161,active,ltd,,,2025-04-08,,2025-04-08,[47781, 63990],Office 12250 182-184 High Street North London United Kingdom E6 2JA,,,
DAVIN APP LTD,16372173,active,ltd,,,2025-04-08,,2025-04-08,[58290, 62011, 62012],Suite 8895 5 Brayford Square London United Kingdom E1 0SG,,,
LEVOREY LIMITED,16372176,active,ltd,,,2025-04-08,,2025-04-08,[47910],128 City Road London United Kingdom EC1V 2NX,,,
KTB PROPERTY HOLDINGS LIMITED,16372228,active,ltd,,,2025-04-08,,2025-04-08,[68209],7 Ludgate Broadway London United Kingdom EC4V 6DX,,,
SG PICCADILLY HOLDCO LIMITED,16372251,active,ltd,,,2025-04-08,,2025-04-08,[64209],5th Floor 20 Fenchurch Street London United Kingdom EC3M 3BY,,,
LEADENHALL FANSHAW LTD,16372252,active,ltd,,,2025-04-08,,2025-04-08,[68100, 68209],3 Gillett Square London United Kingdom N16 8JN,,,
MASHIKO LTD,16372244,active,ltd,,,2025-04-08,,2025-04-08,[47910],24-26 Arcadia Avenue, Fin0000 London United Kingdom N3 2JU,,,
SPARK MARIN LIMITED,16372216,active,ltd,,,2025-04-08,,2025-04-08,[43210],29d Northfield Road London United Kingdom N16 5RL,,,
CMPS PROPERTIES LTD,16372292,active,ltd,,,2025-04-08,,2025-04-08,[68100, 68209],2nd Floor College House Ruislip, United Kingdom HA4 7AE,,,
RNTR LTD,16372280,active,ltd,,,2025-04-08,,2025-04-08,[62020],20 Wenlock Road London England N1 7GU,,,
DEVTOWER LTD,16372352,active,ltd,,,2025-04-08,,2025-04-08,[62012, 62020, 62090, 63120],71-75 Shelton Street London United Kingdom WC2H 9JQ,,,
WREN TS LTD,16372366,active,ltd,,,2025-04-08,,2025-04-08,[52290, 71111, 71112, 71129],20 Wenlock Road London England N1 7GU,,,
SURE PAUL TRUSTEE LTD,16372377,active,ltd,,,2025-04-08,,2025-04-08,[69203, 82990],20 Wenlock Road London England N1 7GU,,,
NESLILEX LIMITED,16372380,active,ltd,,,2025-04-08,,2025-04-08,[56102],368 High Road London England NW10 2EA,,,
FIRSTGEN INVESTMENT LTD,16372361,active,ltd,,,2025-04-08,,2025-04-08,[68100],40 Smithwood Close London England SW19 6JL,,,
B A CONTRACTING SERVICES LTD,16372382,active,ltd,,,2025-04-08,,2025-04-08,[62020],128 City Road London United Kingdom EC1V 2NX,,,
SPECTRE GLOBAL SOLUTIONS LTD,16372447,active,ltd,,,2025-04-08,,2025-04-08,[70229],Office 1 1 Coldbath Square Farringdon, London United Kingdom EC1R 5HL,,,
SPUR ASSOCIATES SW13 LIMITED,16372501,active,ltd,,,2025-04-08,,2025-04-08,[56302],Jubilee House London England NW9 8TZ,,,
VOLTRAX LTD,16372502,active,ltd,,,2025-04-08,,2025-04-08,[26400, 35110, 43210, 62020],128 City Road London United Kingdom EC1V 2NX,https://voltrax.uk/,,Confirmed
MERMAID TRADING LTD,16372472,active,ltd,,,2025-04-08,,2025-04-08,[46190],Xiang Burrell House, 44 London United Kingdom E15 1XH,,,
ZEPHYR INTERNATIONAL TRADING CO., LTD,16372459,active,ltd,,,2025-04-08,,2025-04-08,[46190, 46900, 47190, 47910],Unit Fs.113a Fleet Street 154-160 Fleet Street London United Kingdom EC4A 2DQ,,,
A & S SURREY LTD,16372558,active,ltd,,,2025-04-08,,2025-04-08,[56210],513 London Road Sutton England SM3 8JR,,,
50 CHERINGTON ROAD MANAGEMENT LIMITED,16372551,active,ltd,,,2025-04-08,,2025-04-08,[98000],209 Fulham Palace Road London England W6 8QX,,,
ENTENTE CORDIALE WINES LIMITED,16372515,active,ltd,,,2025-04-08,,2025-04-08,[46342],1579 London Road Leigh On Sea United Kingdom SS9 2SG,https://www.ententecordialewines.co.uk/,,Confirmed
MCGLASHANS INTERIORS LIMITED,16372514,active,ltd,,,2025-04-08,,2025-04-08,[47599],108 Crawford Street London United Kingdom W1H 2JB,https://www.mcglashansinteriors.co.uk/,interiors@mcglashans.co.uk,Confirmed
NATY SHOP LTD,16372563,active,ltd,,,2025-04-08,,2025-04-08,[46160, 46170, 46190, 47190],128 City Road London United Kingdom EC1V 2NX,https://natyshop.com/en,contact@natyshop.com,Confirmed
NORTHWIX LTD,16372611,active,ltd,,,2025-04-08,,2025-04-08,[47910],Northwix Ltd London United Kingdom WC2H 9JQ,,,
OZATKAN HEALTH LTD,16372640,active,ltd,,,2025-04-08,,2025-04-08,[86210, 86900],Unit 3b Berol House London United Kingdom N17 9LJ,,,
OPAL SMILES LTD,16372638,active,ltd,,,2025-04-08,,2025-04-08,[86230],19 Martindale London England SW14 7AL,,,
STAMFORD HD SUB LTD,16372653,active,ltd,,,2025-04-08,,2025-04-08,[68209],162 Osbaldeston Road London England N16 6NJ,,,
FRAGRANT HUANG TRAD LIMITED,16372655,active,ltd,,,2025-04-08,,2025-04-08,[46160, 46190, 47750, 47910],85 Great Portland Street London England W1W 7LT,,,
THE COSY OVEN LTD,16372755,active,ltd,,,2025-04-08,,2025-04-08,[10710, 47110, 56103, 56290],20 Wenlock Road London England N1 7GU,https://www.the-cosy-oven.online/,,Likely
AMPLIFY ALLIANCE LTD,16372802,active,ltd,,,2025-04-08,,2025-04-08,[59120, 62012, 73110],20 Wenlock Road London England N1 7GU,,,
FLAMELIGHT LTD,16372805,active,ltd,,,2025-04-08,,2025-04-08,[63120],71-75 Shelton Street London United Kingdom WC2H 9JQ,https://flamelightai.com/,,Confirmed
JRL RETAIL LIMITED,16372850,active,ltd,,,2025-04-08,,2025-04-08,[47910],71-75 Shelton Street London United Kingdom WC2H 9JQ,,jrlretail@gmail.com,Confirmed
KTA ENTERPRISE LTD,16372811,active,ltd,,,2025-04-08,,2025-04-08,[47910],86-90 Paul Street London England EC2A 4NE,https://www.ktaenterprise.co.uk/,hello@ktaenterprise.co.uk,Confirmed
RICHARD HOWARD INGLEBY LIMITED,16372839,active,ltd,,,2025-04-08,,2025-04-08,[99999],15 The Fountains Finchley England N3 1NL,,,
COLORFUL HAN TRAD LIMITED,16372833,active,ltd,,,2025-04-08,,2025-04-08,[46160, 46190, 47750, 47910],85 Great Portland Street London England W1W 7LT,,,
XHAL.UK LTD,16372872,active,ltd,,,2025-04-08,,2025-04-08,[62020, 62090],20 Wenlock Road London England N1 7GU,https://xhal.org/,,Confirmed
KHANAN EMPIRE LTD,16372877,active,ltd,,,2025-04-08,,2025-04-08,[68100],Foresters Hall 25-27 Westow Street London England SE19 3RY,,,
MICROSOFT SOFTWARES LTD,16372902,active,ltd,,,2025-04-08,,2025-04-08,[47410],71-75 Shelton Street London United Kingdom WC2H 9JQ,,,
LIVUOR LTD,16372924,active,ltd,,,2025-04-08,,2025-04-08,[46420, 46450, 47710],71-75 Shelton Street London United Kingdom WC2H 9JQ,,,
OWN YOUR ENERGY COACHING LTD,16372932,active,ltd,,,2025-04-08,,2025-04-08,[88990],71-75 Shelton Street London United Kingdom WC2H 9JQ,,,
TRADE-IN GOLD LIMITED,16372927,active,ltd,,,2025-04-08,,2025-04-08,[46190],Pexor House Office 4-5-6 Staffa Road London United Kingdom E10 7QZ,,,
JOE THE PLUMBER LIMITED,16372946,active,ltd,,,2025-04-08,,2025-04-08,[43220],23 Northfield Road London United Kingdom W13 9SY,,,
AS & CO ESTATES LTD,16372947,active,ltd,,,2025-04-08,,2025-04-08,[68100, 68209],20 Wenlock Road London England N1 7GU,,,
LEVEL UP HCS HOLDING LIMITED,16372978,active,ltd,,,2025-04-08,,2025-04-08,[78109],80 Coleman Street London England EC2R 5BJ,https://www.leveluphcs.com/en-gb/,,Confirmed
NEON BRANDS LTD,16373007,active,ltd,,,2025-04-08,,2025-04-08,[56290],10-16 Tiller Road London England E14 8PX,,,
MANREET PROPERTIES LTD,16373028,active,ltd,,,2025-04-08,,2025-04-08,[68100, 68209],Flat 2 1123a London Road London England SW16 4XD,,,
TRICKLABEL LTD,16373036,active,ltd,,,2025-04-08,,2025-04-08,[90030],71-75 Shelton Street London United Kingdom WC2H 9JQ,,,
STICK N SKIN LTD,16373033,active,ltd,,,2025-04-08,,2025-04-08,[47910, 47990],Flat 57 Celeste House London England NW9 4DT,,,
ROWE-MCKENZIE HOLDINGS LIMITED,16372982,active,ltd,,,2025-04-08,,2025-04-08,[64209],56 Fortune Gate Road London England NW10 9RE,,,
INTARNEX LIMITED,16372990,active,ltd,,,2025-04-08,,2025-04-08,[47910, 62090, 63120],128 City Road London United Kingdom EC1V 2NX,,,
ZOLO MART LTD,16372997,active,ltd,,,2025-04-08,,2025-04-08,[47990],Office 12200 182-184 High Street North East Ham London United Kingdom E6 2JA,,,
EMRIYA GROUP LTD,16372999,active,ltd,,,2025-04-08,,2025-04-08,[96090],8762 182-184 High Street North London England E6 2JA,,,
BUILD CREATIVE LTD,16373041,active,ltd,,,2025-04-08,,2025-04-08,[58210],15 Amery Gardens London United Kingdom RM2 6RX,,,
R.V VINTAGE LTD,16373108,active,ltd,,,2025-04-08,,2025-04-08,[46420],Unit #6425 275 New North Road London United Kingdom N1 7AA,,,
GRITAI LTD,16373114,active,ltd,,,2025-04-08,,2025-04-08,[74909],71-75 Shelton Street London United Kingdom WC2H 9JQ,,,
TRANSFORMING BASKETBALL LTD,16373130,active,ltd,,,2025-04-08,,2025-04-08,[85510],71-75 Shelton Street London United Kingdom WC2H 9JQ,https://transformingbball.com/,,Confirmed
EADE POWER LIMITED,16373123,active,ltd,,,2025-04-08,,2025-04-08,[82990],5 Brayford Square London United Kingdom E1 0SG,,,
AI DASH SYSTEMS LTD,16373272,active,ltd,,,2025-04-08,,2025-04-08,[62012, 62020, 71122],20 Wenlock Road London England N1 7GU,,,
BANGALIANAUK LTD,16373252,active,ltd,,,2025-04-08,,2025-04-08,[47910],Flat 15 Julius House London England E14 0NN,https://www.bangalianauk.com/,,Confirmed
GUITAR CLUB LONDON LIMITED,16373248,active,ltd,,,2025-04-08,,2025-04-08,[90010],6f Wyfold Road London United Kingdom SW6 6SJ,,,
CLARENTRA LIMITED,16373250,active,ltd,,,2025-04-08,,2025-04-08,[70229],71-75 Shelton Street London United Kingdom WC2H 9JQ,,,
ANNAFI SOLUTIONS LTD,16373224,active,ltd,,,2025-04-08,,2025-04-08,[74909],110 Stockwell Gardens London United Kingdom SW9 0RZ,,,
AAGS TRADING LTD,16373262,active,ltd,,,2025-04-08,,2025-04-08,[09100, 46711],4 Princes Street London England W1B 2LE,,,
TABERNA ROMA LTD,16373229,active,ltd,,,2025-04-08,,2025-04-08,[47290, 56101, 56103, 56210],Damac Tower 67 Bondway London United Kingdom SW8 1GS,,,
AURUM CREATIVE LTD,16373278,active,ltd,,,2025-04-08,,2025-04-08,[74100],5 Poole House London United Kingdom SE11 6ND,,,
LISE COLETTE LTD,16373305,active,ltd,,,2025-04-08,,2025-04-08,[47910],128 City Road London United Kingdom EC1V 2NX,,,
ONEIM RE HOLDINGS (UK) LTD,16373308,active,ltd,,,2025-04-08,,2025-04-08,[64209],25 Park Lane London United Kingdom W1K 1RA,https://www.oneimgroup.com/,,Confirmed
KODEE LABS LTD,16373358,active,ltd,,,2025-04-08,,2025-04-08,[47910, 51101, 51102, 79110],85 Great Portland Street London England W1W 7LT,,,
B-SIDE C-SIDE LIMITED,16373354,active,ltd,,,2025-04-08,,2025-04-08,[68100, 68209, 68320],5 Highbridge Wharf London England SE10 9PS,,,
RABATY FOOD CENTRE LTD,16373336,active,ltd,,,2025-04-08,,2025-04-08,[47110],288 London Road Mitcham England CR4 3NB,,,
THE INTERNATIONAL LINKED SOLUTIONS LTD,16373374,active,ltd,,,2025-04-08,,2025-04-08,[58290, 62012, 63120],27 Old Gloucester Street London United Kingdom WC1N 3AX,,,
SLATE EUROPEAN IV (QAHC) LIMITED,16373364,active,ltd,,,2025-04-08,,2025-04-08,[64209],25 Maddox Street Floor 5 London United Kingdom W1S 2QN,https://www.slateam.com,,Likely
FRESH NAN HIGH STREET LTD,16373359,active,ltd,,,2025-04-08,,2025-04-08,[56290],143 High Street London England E17 7DB,,,
LIBERTY LIFESTYLE & LOGISTICS LIMITED,16373414,active,ltd,,,2025-04-08,,2025-04-08,[68201, 68209, 98000],48a Shooters Hill Road London England SE3 7BG,,,
HASELSA LTD,16373402,active,ltd,,,2025-04-08,,2025-04-08,[47210, 56103, 56210, 56290],Ashley House 235-239 High Road London United Kingdom N22 8HF,,,
ARTLUNE LIMITED,16373396,active,ltd,,,2025-04-08,,2025-04-08,[47781, 47910, 82990, 90030],128 City Road London England EC1V 2NX,https://www.artlune.com,,Likely
PROSPERITY PATHWAY LTD,16373449,active,ltd,,,2025-04-08,,2025-04-08,[62020, 62090, 70210],85 Great Portland Street London United Kingdom W1W 7LT,,,
PHOENIX FLAME LTD,16373446,active,ltd,,,2025-04-08,,2025-04-08,[49320, 64306],37 Greenview Close London England W3 7DZ,,,
ATRIVIO CONSULTING LTD,16373445,active,ltd,,,2025-04-08,,2025-04-08,[47910],85 Great Portland Street London England W1W 7LT,,,
NEELA BIOTECH LTD,16373482,active,ltd,,,2025-04-08,,2025-04-08,[20590, 71121],86-90 Paul Street London England EC2A 4NE,,,
KAT ELECTRICAL SERVICES LTD,16373461,active,ltd,,,2025-04-08,,2025-04-08,[43210],109 Crosslet Vale London United Kingdom SE10 8DL,,,
NUXA SCENTS LTD.,16373489,active,ltd,,,2025-04-08,,2025-04-08,[47910],128 City Road London United Kingdom EC1V 2NX,https://nuxascents.com,,Confirmed
WIZDM LIMITED,16373543,active,ltd,,,2025-04-08,,2025-04-08,[46160],Aurora Head Spa London United Kingdom NW7 1RP,,,
NUNOO GROCERY UK LTD,16373582,active,ltd,,,2025-04-08,,2025-04-08,[47220],60 Kingwell Road London United Kingdom EN4 0HY,,,
ROSELLA MARKET LTD,16373597,active,ltd,,,2025-04-08,,2025-04-08,[47910],60a Glenelg Road London England SW2 5JT,,,
BALTIC LABS LTD,16373632,active,ltd,,,2025-04-08,,2025-04-08,[62012],128 City Road London United Kingdom EC1V 2NX,,,
AARON FASTS LIMITED,16373616,active,ltd,,,2025-04-08,,2025-04-08,[46370, 46499, 85600],109 The Fairway London England N14 4NL,,,
ALEXANDRIA EUROPE LIMITED,16373742,active,ltd,,,2025-04-08,,2025-04-08,[70229],C/O Cms Cameron Mckenna Nabarro Olswang Llp Cannon Place London United Kingdom EC4N 6AF,,,
FITT-ON GROUP LTD,16373767,active,ltd,,,2025-04-08,,2025-04-08,[85590],3rd Floor, 86-90 Paul Street London United Kingdom EC2A 4NE,,,
LONDON FASHIONED LTD,16373772,active,ltd,,,2025-04-08,,2025-04-08,[47710, 47750, 47910],Building Number 6 Studio 2 London United Kingdom W6 0QA,,,
NATURES SUPPLEMENTS LIMITED,16373802,active,ltd,,,2025-04-08,,2025-04-08,[86900],Silverstream House London England W1T 6EB,,,
MAISON QAHWA LTD,16373793,active,ltd,,,2025-04-08,,2025-04-08,[56102],Flat 69 Malcolmson House London England SW1V 3RR,,,
SONCO PROPERTY MANAGEMENT LTD,16373828,active,ltd,,,2025-04-08,,2025-04-08,[68209, 68320],Qube London United Kingdom SE17 1HS,,,
AROGYA LABS LTD,16373848,active,ltd,,,2025-04-08,,2025-04-08,[62012, 62020],20 Wenlock Road London England N1 7GU,,,
MEENSA LIMITED,16373846,active,ltd,,,2025-04-08,,2025-04-08,[47220],20 Wenlock Road London England N1 7GU,,,
3D WORKS LTD,16373882,active,ltd,,,2025-04-08,,2025-04-08,[41100, 41202],Flat 4 47 Adelaide Road London United Kingdom NW3 3QB,,,
NOVA AEVUM AI LTD,16373856,active,ltd,,,2025-04-08,,2025-04-08,[78109],124 City Road London United Kingdom EC1V 2NX,,,
MINDSTAKES LIMITED,16373907,active,ltd,,,2025-04-08,,2025-04-08,[32409],Flat 45 Dunbar Wharf 108-124 Narrow Street London England E14 8BB,,,
ROLAXAI LTD,16373906,active,ltd,,,2025-04-08,,2025-04-08,[56290, 62090, 63990, 73120],24-26, Arcadia Avenue Fin0000 London United Kingdom N3 2JU,,,
BLUE OCEAN DROPSHIP LTD,16373927,active,ltd,,,2025-04-08,,2025-04-08,[47910],24-26, Arcadia Avenue Fin0000 London United Kingdom N3 2JU,,,
FLUXAER LIMITED,16370552,active,ltd,,,2025-04-07,,2025-04-07,[30300, 62012, 71122, 72190],86-90 Paul Street London England EC2A 4NE,,,
TERRASOLUTIONS LAB LTD,16373895,active,ltd,,,2025-04-08,,2025-04-08,[99999],16a Forest Drive East London England E11 1JY,,,
USE MEDIA LTD,16373901,active,ltd,,,2025-04-08,,2025-04-08,[58190],3rd Floor, 86-90 Paul Street London United Kingdom EC2A 4NE,,,
XINGTAIDA LIMITED,16373953,active,ltd,,,2025-04-08,,2025-04-08,[26400, 46160, 46342],Unit Fs.113a Fleet Street 154-160 Fleet Street London United Kingdom EC4A 2DQ,,,
BLUEWATER LOGITRADE UK LIMITED,16374086,active,ltd,,,2025-04-08,,2025-04-08,[46520, 46730],86-90 Paul Street London England EC2A 4NE,,,
HAPPY CRIBS LTD,16374111,active,ltd,,,2025-04-08,,2025-04-08,[68100, 68209],18 Ferry Street London England E14 3DT,,,
AU ROC (2025) LTD,16374104,active,ltd,,,2025-04-08,,2025-04-08,[41202, 43120],128 City Road London United Kingdom EC1V 2NX,,,
ISKLIFEVFX LTD,16374130,active,ltd,,,2025-04-08,,2025-04-08,[59112, 59120, 59132],71-75 Shelton Street London United Kingdom WC2H 9JQ,https://isklifevfx.com,,Confirmed
WORLDCUPKIT LTD,16374133,active,ltd,,,2025-04-08,,2025-04-08,[47640],71-75 Shelton Street London United Kingdom WC2H 9JQ,https://worldcupkit.com,,Confirmed
R.U. COMMUNICATIONS LTD,16374168,active,ltd,,,2025-04-08,,2025-04-08,[70210],63 Keslake Road London England NW6 6DH,,,
BRAND MACHINE MANAGEMENT LIMITED,16374184,active,ltd,,,2025-04-08,,2025-04-08,[64209],Centro 4 Mandela Street London England NW1 0DU,,,
TOR ASSOCIATES LTD,16374229,active,ltd,,,2025-04-08,,2025-04-08,[71122],20 Wenlock Road London England N1 7GU,,,
R&F PROPERTY GROUP LTD,16374261,active,ltd,,,2025-04-08,,2025-04-08,[68100, 68201, 68209, 68320],29 Neeld Crescent London England NW4 3RP,,,
DETAI PROSPEROUS TECHNOLOGIES LIMITED,16374257,active,ltd,,,2025-04-08,,2025-04-08,[63990, 70229],22 Victoria Parade London England SE10 9FR,,,
BC THETA LIMITED,16374291,active,ltd,,,2025-04-08,,2025-04-08,[64209],Seymour Mews House 26-37 Seymour Mews London England W1H 6BN,,,
CHARMSCHARMSCHARMS LTD,16374289,active,ltd,,,2025-04-08,,2025-04-08,[10520, 56103],71-75 Shelton Street London United Kingdom WC2H 9JQ,,,
ACADEMY OF BUSINESS ADAPTATION LIMITED,16374274,active,ltd,,,2025-04-08,,2025-04-08,[82110, 85520, 85590, 85600],1st Floor C/O Aacsl Accountants London United Kingdom CM20 1YS,https://academyofbusinessadaptation.co.uk,,Confirmed
TARKLE LIMITED,16374355,active,ltd,,,2025-04-08,,2025-04-08,[62012],Suite10 Capital House London United Kingdom E8 1LL,https://tarkle.com,,Confirmed
SADA SHIVA SUSHI LTD,16374360,active,ltd,,,2025-04-08,,2025-04-08,[56101, 56103],61 Alliance Road London England SE18 2AZ,,,
ROAS GROUP LTD,16374322,active,ltd,,,2025-04-08,,2025-04-08,[47910],71-75 Shelton Street London England WC2H 9JQ,,,
ESTEEMED HEALTHCARE LIMITED,16374372,active,ltd,,,2025-04-08,,2025-04-08,[87100, 87200, 87300, 88100],20 Wenlock Road London England N1 7GU,,,
HAMMERSON (BRENT CROSS NO.3) LIMITED,16374333,active,ltd,,,2025-04-08,,2025-04-08,[99999],Marble Arch House London England W1H 5BX,https://www.hammerson.com,,Likely
103 CORPORATE SERVICES LIMITED,16374366,active,ltd,,,2025-04-08,,2025-04-08,[70229],28 Old Brompton Road London England SW7 3SS,,,
ECLAT CONSULTING LTD,16374352,active,ltd,,,2025-04-08,,2025-04-08,[70229],71-75 Shelton Street London United Kingdom WC2H 9JQ,,,
LAND & PLAN AMBERLEY LTD,16374402,active,ltd,,,2025-04-08,,2025-04-08,[68100],Acorn House London United Kingdom W3 6AY,,,
OFNI LTD,16374380,active,ltd,,,2025-04-08,,2025-04-08,[68100],20 Wenlock Road London England N1 7GU,,,
AK CLL BIDCO LIMITED,16374442,active,ltd,,,2025-04-08,,2025-04-08,[82990],C/O Accel-Kkr London United Kingdom SW1H 9BU,https://www.accel-kkr.com,,Likely
EDEN GRACE HOLDINGS LTD,16374462,active,ltd,,,2025-04-08,,2025-04-08,[64209],167 - 169 Great Portland Street London England W1W 5PF,,,
ROBERTS GARMENT CARE LIMITED,16374505,active,ltd,,,2025-04-08,,2025-04-08,[96010],1386 London Road Leigh-On-Sea England SS9 2UJ,,,
THE EVENTS PLANNER LTD,16374501,active,ltd,,,2025-04-08,,2025-04-08,[96090],Highland House 165-167 The Broadway London England SW19 1NE,,,
MALINOV INVESTING COMPANY - MIC LIMITED,16374515,active,ltd,,,2025-04-08,,2025-04-08,[64209],3rd Floor 86-90 Paul Street London United Kingdom EC2A 4NE,,,
MOMKO LTD,16374543,active,ltd,,,2025-04-08,,2025-04-08,[41201],163 Empire Avenue London England N18 1AP,,,
M.C.AESTHETIC CLINIC ACADEMY LTD,16374536,active,ltd,,,2025-04-08,,2025-04-08,[96020],81a Lower Sloane Street London United Kingdom SW1W 8DA,,,
IRIS AVE LTD,16374537,active,ltd,,,2025-04-08,,2025-04-08,[96020],3 Jeymer Avenue London England NW2 4PJ,,,
MEHTA INTERNATIONAL LIMITED,16374533,active,ltd,,,2025-04-08,,2025-04-08,[74909],167-169 Great Portland Street London England W1W 5PF,,,
FOURTEEN INC LIMITED,16374577,active,ltd,,,2025-04-08,,2025-04-08,[70210],4th Floor, Fitzrovia House London England W1T 6QW,,,
HITCHIN SMILES LTD,16374596,active,ltd,,,2025-04-08,,2025-04-08,[86230],Aston House London United Kingdom N3 1LF,https://www.hitchindentalcare.co.uk,,Confirmed
FARHAN AKRAM LTD,16374607,active,ltd,,,2025-04-08,,2025-04-08,[47190],Office 12229 182-184 High Street North London United Kingdom E6 2JA,,,
MOBILE BUBBLE DETAILING LTD,16374623,active,ltd,,,2025-04-08,,2025-04-08,[45200, 81299],55a South End Road London England NW3 2QB,,,
GOODSEESENTIALS LTD,16374617,active,ltd,,,2025-04-08,,2025-04-08,[47990],124 City Road London United Kingdom EC1V 2NX,,,
YUNNY TRADING LIMITED,16374615,active,ltd,,,2025-04-08,,2025-04-08,[46160, 46190, 47750, 47910],Unit Fs.113a Fleet Street 154-160 Fleet Street London United Kingdom EC4A 2DQ,,,
AXIS CONSTRUCTION LONDON LTD,16374691,active,ltd,,,2025-04-08,,2025-04-08,[41201, 43220],Flat 2 Holmefield House London England W10 5FR,,,
SEVEN SPICE 7 LIMITED,16374675,active,ltd,,,2025-04-08,,2025-04-08,[56103],757 Green Lanes London England N21 3SA,,,
AK CONSULTING PARTNERS LTD,16374699,active,ltd,,,2025-04-08,,2025-04-08,[70229],Flat 54 Napier House London England W3 7FF,,,
VN ACCOUNTANTS LTD,16374701,active,ltd,,,2025-04-08,,2025-04-08,[96090],115 Boundary Road London England N22 6AR,,,
RAFAA ART LIMITED,16374725,active,ltd,,,2025-04-08,,2025-04-08,[85590],1053 London Road Leigh-On-Sea United Kingdom SS9 3JP,,,
KAFEDAKI LTD,16374726,active,ltd,,,2025-04-08,,2025-04-08,[56102],320 Uxbridge Road London England W3 9QP,https://www.kafedaki.co.uk,kafedaki.patisserie@gmail.com,Confirmed
M.FATHY LTD,16374744,active,ltd,,,2025-04-08,,2025-04-08,[47910, 73110, 85590, 86230],Office 6647 182-184 High Street North London United Kingdom E6 2JA,,,
SWEEK GROUP LTD,16374765,active,ltd,,,2025-04-08,,2025-04-08,[43910, 81210],136 Park Lane London England N17 0JP,https://www.sweekgroupltd.info,,Confirmed
ORXY HOLDING LTD,16374758,active,ltd,,,2025-04-08,,2025-04-08,[68100, 68201, 68310, 68320],128 City Road London United Kingdom EC1V 2NX,,,
PRIMROSE HILL GALLERY LTD,16374760,active,ltd,,,2025-04-08,,2025-04-08,[46190, 47781, 47910, 90040],17 Princess Road London England NW1 8JR,,,
M&T TRADE LIMITED,16374782,active,ltd,,,2025-04-08,,2025-04-08,[47710],60 St. Martin's Lane London England WC2N 4JS,,,
TMCWIZZ LTD,16374820,active,ltd,,,2025-04-08,,2025-04-08,[42110],Flat 69 Lohmann House London England SE11 5BX,,,
ORGANIC GROCERIES SF LTD,16374824,active,ltd,,,2025-04-08,,2025-04-08,[47210],8 Gees Court London England W1U 1JQ,,,
PALATE WAVES LTD,16374857,active,ltd,,,2025-04-08,,2025-04-08,[56102, 56103],65 Old Church Road London England E4 6ST,,,
BLACK POLITICOS CLUB LTD,16374871,active,ltd,,,2025-04-08,,2025-04-08,[78109, 82990, 94110, 94120],64 Nile Street London England N1 7SR,,,
LINFIELDS HOLT LIMITED,16374876,active,ltd,,,2025-04-08,,2025-04-08,[70229],32 Poulett Gardens Twickenham England TW1 4QR,,,
MSMB LTD,16374868,active,ltd,,,2025-04-08,,2025-04-08,[41201, 41202, 68209],65 Vicarage Road London England E10 5EF,,,
MAYFAIR ESTATES GROUP LIMITED,16374897,active,ltd,,,2025-04-08,,2025-04-08,[68100, 68201, 68209, 68310],Flat 40 70 Hanger Lane London United Kingdom W5 2UD,,,
MARWIN MERCHANT LTD,16374960,active,ltd,,,2025-04-08,,2025-04-08,[46470],49 Frederick Square London England SE16 5XR,,,
AL MUHAMMAD LTD,16375001,active,ltd,,,2025-04-08,,2025-04-08,[47910],97 Sherrard Road London England E7 8DN,,,
J DUKA FINANCIAL CONSULTING LTD,16375006,active,ltd,,,2025-04-08,,2025-04-08,[64999, 69201, 70221, 70229],7 Iffley Road London England W6 0PB,,,
BLACK BUSHE UK LTD,16373864,active,ltd,,,2025-04-08,,2025-04-08,[46210, 68100, 68209],124-128 City Road London England EC1V 2NX,https://blackbushegroup.com,,Likely
SO STEAKHOUSE LTD,16375051,active,ltd,,,2025-04-08,,2025-04-08,[56101],401 Lordship Lane London England N17 6AE,,,
AMAZING MATERIAL LIMITED,16375070,active,ltd,,,2025-04-08,,2025-04-08,[46420],International House London United Kingdom WC1X 9LP,,,
MONTICOLA LTD,16375093,active,ltd,,,2025-04-08,,2025-04-08,[58190],3rd Floor, 86-90 Paul Street London United Kingdom EC2A 4NE,,,
RAHMAN RETAIL LTD,16375095,active,ltd,,,2025-04-08,,2025-04-08,[47910],124-128 City Road London England EC1V 2NX,,,
AJRLONDON LTD,16375114,active,ltd,,,2025-04-09,,2025-04-09,[69109, 70229, 85590, 98000],22 Berkeley Road London England E12 6RW,,,
ACCUVIEW LTD,16376073,active,ltd,,,2025-04-09,,2025-04-09,[69201, 70229],128 City Road London United Kingdom EC1V 2NX,,,
LAND-U COACHING LTD,16376076,active,ltd,,,2025-04-09,,2025-04-09,[74909],128 City Road London United Kingdom EC1V 2NX,,,
OPTIMA HEALTH LONDON PHYSIO LIMITED,16372494,active,ltd,,,2025-04-08,,2025-04-08,[86900],Suite G04 1 Quality Court, Chancery Lane London England WC2A 1HR,https://www.optimahlphysio.org,,Confirmed
NC85 MANAGEMENT LTD,16376412,active,ltd,,,2025-04-09,,2025-04-09,[77210, 93110, 93199],20 Wenlock Road London England N1 7GU,,,
RAVON BEVERAGES LTD,16376384,active,ltd,,,2025-04-09,,2025-04-09,[11070],124 City Road London England EC1V 2NX,,,
MIKOS RESTAURANT LTD,16376591,active,ltd,,,2025-04-09,,2025-04-09,[56101, 56290, 81100],17 Sayer Street London United Kingdom SE17 1FY,,,
ALIBI LONDON JV LTD,16376604,active,ltd,,,2025-04-09,,2025-04-09,[56302],249a Mare Street London England E8 3NS,,,
HAIR WE CUT LTD,16376606,active,ltd,,,2025-04-09,,2025-04-09,[47190, 62012],Unit 1 Watling Gate 297-303 Edgware Road London England NW9 6NB,,,
TZJ ESTATES LTD,16376764,active,ltd,,,2025-04-09,,2025-04-09,[68100],C/O 32 Castlewood Road London United Kingdom N16 6DW,,,
MITRON PROPERTY LTD,16376937,active,ltd,,,2025-04-09,,2025-04-09,[41100],20 Wenlock Road London England N1 7GU,,,
CLEAR BOOKINGS LTD,16376934,active,ltd,,,2025-04-09,,2025-04-09,[66300],Railway Arch 463 Andre Street London England E8 2AA,,,
418 KINGSLAND ROAD LTD,16376940,active,ltd,,,2025-04-09,,2025-04-09,[56103],418 Kingsland Road London England E8 4AA,,,
DRAGAN LABS LTD,16376946,active,ltd,,,2025-04-09,,2025-04-09,[86900],85 Great Portland Street London England W1W 7LT,,,
THE FINER DETAIL GROUP LTD,16377181,active,ltd,,,2025-04-09,,2025-04-09,[45200, 81222],Flat 8, Connaught Mansions London United Kingdom N16 9PB,,,
TECHWEDIA LTD,16377191,active,ltd,,,2025-04-09,,2025-04-09,[58290, 62020, 62090, 73110],915 High Road London England N12 8QJ,https://www.techwedia.com,tech@techwedia.com,Confirmed
LONG TONGUE LITTLE LEGS LTD,16377467,active,ltd,,,2025-04-09,,2025-04-09,[47810],72 Rosebery Avenue London England N17 9SA,,,
LADY NOBLE BOUTIQUE LIMITED,16377457,active,ltd,,,2025-04-09,,2025-04-09,[47710],128 City Road London United Kingdom EC1V 2NX,,,
HASHMATE SPORTS LIMITED,16377879,active,ltd,,,2025-04-09,,2025-04-09,[46420, 47640, 47890, 93199],71-75 Shelton Street London United Kingdom WC2H 9JQ,,,
FI INTERNATIONAL LTD,16377881,active,ltd,,,2025-04-09,,2025-04-09,[82990],71-75 Shelton Street London United Kingdom WC2H 9JQ,,,
THORNDALE HOMES LIMITED,16378082,active,ltd,,,2025-04-09,,2025-04-09,[55209],8 Little London Road Heathfield England TN21 0BN,,,
CAMDEN PLACE LTD,16378282,active,ltd,,,2025-04-09,,2025-04-09,[68100],250 Salmon Street London England NW9 8XY,,,
QWIKLIE LIMITED,16378362,active,ltd,,,2025-04-10,,2025-04-10,[96090],Flat 2 16 Chinbrook Road London England SE12 9TH,,,
SIPPI DESIGN LTD,16378492,active,ltd,,,2025-04-10,,2025-04-10,[47770],30 Meadway London England N14 6NL,,,
ATOMIC GROWTH STRATEGIES LTD,16378667,active,ltd,,,2025-04-10,,2025-04-10,[70229],3rd Floor, 3 Belgrave Gardens London United Kingdom NW8 0QY,,,
TEDUNET LTD,16378843,active,ltd,,,2025-04-10,,2025-04-10,[85600],20 Wenlock Road London England N1 7GU,,,
CONGOMUSE LTD,16378938,active,ltd,,,2025-04-10,,2025-04-10,[58190],27 Old Gloucester St London United Kingdom WC1N 3AX,,,
TULSA GROUP LTD,16378946,active,ltd,,,2025-04-10,,2025-04-10,[68100, 96090],50 Sach Road London United Kingdom E5 9LJ,,,
NAVY CAPITAL HOLDINGS LTD,16378943,active,ltd,,,2025-04-10,,2025-04-10,[96090],16 Great Queen Street London England WC2B 5AH,,,
JSMART LTD,16378949,active,ltd,,,2025-04-10,,2025-04-10,[47910, 47990],124 City Road London United Kingdom EC1V 2NX,,,
SEVEN ONE THREE PARTNERS LTD,16379156,active,ltd,,,2025-04-10,,2025-04-10,[70210, 73110, 90020],Flat 57 Candlemakers Apartments London England SW11 3RS,,,
SERP AND MOLOT LTD,16379529,active,ltd,,,2025-04-10,,2025-04-10,[16230],Flat 3 21 Barter Street London England WC1A 2ED,,,
RANNAS GROUP HOLDINGS LIMITED,16379537,active,ltd,,,2025-04-10,,2025-04-10,[64209],71-75 Shelton Street London United Kingdom WC2H 9JQ,,,
COMPUGRA SYSTEMS INC LIMITED,16379531,active,ltd,,,2025-04-10,,2025-04-10,[62020],The Mille Brentford England TW8 9DW,https://www.compugra.com,,Confirmed
JODROCK LTD,16379536,active,ltd,,,2025-04-10,,2025-04-10,[10390, 46420, 58190, 78300],128 City Road London United Kingdom EC1V 2NX,,,
PREMIUM RENEWABLE SERVICES LTD,16379542,active,ltd,,,2025-04-10,,2025-04-10,[43210],128 City Road London United Kingdom EC1V 2NX,,,
YELLOWTAIL LIMITED,16379548,active,ltd,,,2025-04-10,,2025-04-10,[68100, 68209, 68320],283 Green Lanes London England N13 4XS,,,
CLICKSHOP79 LTD,16379616,active,ltd,,,2025-04-10,,2025-04-10,[47910],Office 12333 182-184 High Street North East Ham United Kingdom E6 2JA,,,
SLICE CLUB PIZZA COMPANY POP UPS LTD,16379982,active,ltd,,,2025-04-10,,2025-04-10,[47810],20 Wenlock Road London England N1 7GU,https://sliceclubpizza.uk,,Confirmed
THE TRIP COMPANY PVT LTD,16379972,active,ltd,,,2025-04-10,,2025-04-10,[79110],124 City Road London United Kingdom EC1V 2NX,,,
AIRLY YOURS LTD,16379954,active,ltd,,,2025-04-10,,2025-04-10,[68209],20 Wenlock Road London England N1 7GU,,,
HASS PROPERTY LIMITED,16380229,active,ltd,,,2025-04-10,,2025-04-10,[68100, 68201, 68209, 68320],8 Winton Close London United Kingdom N9 8ER,,,
FTT HOLIDAYS LIMITED,16375139,active,ltd,,,2025-04-09,,2025-04-09,[79110],Monomark House London England WC1N 3AX,,,
SIGMA FLOW CONSULTING LTD,16375182,active,ltd,,,2025-04-09,,2025-04-09,[62020],71-75 Shelton Street London United Kingdom WC2H 9JQ,,,
GREAT START LTD,16375180,active,ltd,,,2025-04-09,,2025-04-09,[46510, 47910, 62011, 62012],71-75 Shelton Street London United Kingdom WC2H 9JQ,,,
CAMDEN CLOUDS LTD,16375214,active,ltd,,,2025-04-09,,2025-04-09,[47190],Gnd F 84 Camden Road London United Kingdom NW1 9DY,,,
AINTALL LTD,16375198,active,ltd,,,2025-04-09,,2025-04-09,[58290, 62012, 62020, 63120],71-75 Shelton Street London United Kingdom WC2H 9JQ,https://aintall.com,,Confirmed
PLATTERS & BOARDS LTD,16375292,active,ltd,,,2025-04-09,,2025-04-09,[56210],124 City Road London United Kingdom EC1V 2NX,,,
PADDOX DEVELOPMENTS LIMITED,16375274,active,ltd,,,2025-04-09,,2025-04-09,[41100, 68100, 68209],140-146 Camden Street London England NW1 9PF,,,
SENTRAVIZ LTD,16375332,active,ltd,,,2025-04-09,,2025-04-09,[62020, 80100],20 Wenlock Road London England N1 7GU,,,
VULUMIA LTD,16375334,active,ltd,,,2025-04-09,,2025-04-09,[47910, 62011, 62020, 62090],128 City Road London United Kingdom EC1V 2NX,,,
RAILBACK LTD,16375369,active,ltd,,,2025-04-09,,2025-04-09,[71122],Mistral, Flat 52 Sceaux Gardens London United Kingdom SE5 7DS,,,
JUSTDOERS LTD,16375367,active,ltd,,,2025-04-09,,2025-04-09,[58290, 70229],71-75 Shelton Street London United Kingdom WC2H 9JQ,,,
SISTERS JACKSON LTD,16375377,active,ltd,,,2025-04-09,,2025-04-09,[47910],71-75 Shelton Street London United Kingdom WC2H 9JQ,,,
BLINK PADEL LIMITED,16375416,active,ltd,,,2025-04-09,,2025-04-09,[47910],128 City Road London United Kingdom EC1V 2NX,,,
JETGO TRAVELS LTD,16375441,active,ltd,,,2025-04-09,,2025-04-09,[79110],118 Marmion Avenue London United Kingdom E4 8EH,,,
BRIGHT UNICORNS DIGITAL LTD,16375434,active,ltd,,,2025-04-09,,2025-04-09,[62012],Flat 5 6 Crane Mead London England SE16 2AT,https://brightunicorns.digital,contact@brightunicorns.digital,Confirmed
ALPHA & OMEGA GOODS LTD,16375501,active,ltd,,,2025-04-09,,2025-04-09,[47910],124-128 City Road London England EC1V 2NX,,,
CEYLON DIVINE GEMS LTD,16375506,active,ltd,,,2025-04-09,,2025-04-09,[47770, 47910],182-184 High Street North London England E6 2JA,https://www.ceylondivinegems.com,,Confirmed
KAPITI LTD,16375511,active,ltd,,,2025-04-09,,2025-04-09,[85590, 85600],9 Worlingham Road London England SE22 9HD,,,
LOUXORIA LTD,16375503,active,ltd,,,2025-04-09,,2025-04-09,[47910],24 Cambridge Circus London England WC2H 8AA,,,
REFORM DIGITAL SOLUTIONS LTD,16375590,active,ltd,,,2025-04-09,,2025-04-09,[62090, 63110, 74100],27 Old Gloucester Street, London United Kingdom WC1N 3AX,,,
PARAMOUNT SKIN CHECK LTD,16375591,active,ltd,,,2025-04-09,,2025-04-09,[86220],71-75 Shelton Street London United Kingdom WC2H 9JQ,https://www.paramountskincheck.com,,Confirmed
PRIMETIME BUILD LIMITED,16375677,active,ltd,,,2025-04-09,,2025-04-09,[41100],220 The Vale London England NW11 8SR,,,
RIALTO ASSET MANAGEMENT LIMITED,16372822,active,ltd,,,2025-04-08,,2025-04-08,[68320],4th Floor Cardinal House London United Kingdom W1S 4TE,,,
MHS VENTURES LTD.,16375870,active,ltd,,,2025-04-09,,2025-04-09,[47910, 47990],9 Abbey Drive London United Kingdom SW17 9PN,,,
OHANA TRADE INVESTMENTS LIMITED,16375897,active,ltd,,,2025-04-09,,2025-04-09,[64999, 70229],67 Grosvenor Street London England W1K 3JN,,,
VIRK-MODE PROPERTY LIMITED,16375880,active,ltd,,,2025-04-09,,2025-04-09,[68209],71-75 Shelton Street London United Kingdom WC2H 9JQ,,,
KEERTHI SERVICES LTD,16375857,active,ltd,,,2025-04-09,,2025-04-09,[62020, 63120],8b Chapel Market London England N1 9EZ,,,
PETE WELLS LTD,16376116,active,ltd,,,2025-04-09,,2025-04-09,[70229],Unit 215 Anerley Works 183a Anerley Road London London United Kingdom SE20 8EF,,,
OLD STELLAR LTD,16376112,active,ltd,,,2025-04-09,,2025-04-09,[47710, 47721],128 City Road London United Kingdom EC1V 2NX,,,
IVES INTERIORS LTD,16376132,active,ltd,,,2025-04-09,,2025-04-09,[41202],Unit 6 Green Lane Business Park 238-240 Green Lane London England SE9 3TL,https://ivesinteriors.co.uk,,Confirmed
TOPS FIELD HOSPITALITY LTD,16376117,active,ltd,,,2025-04-09,,2025-04-09,[56101],C/O Cwa Lockkeepers Cottage Waltham Abbey United Kingdom EN9 1FJ,,,
COMMSTACK IP LIMITED,16376110,active,ltd,,,2025-04-09,,2025-04-09,[77400],1-2 Charterhouse Mews London United Kingdom EC1M 6BB,https://commstack.co.uk,,Likely
CONTAINER UNLOADING SERVICES LTD,16376375,active,ltd,,,2025-04-09,,2025-04-09,[52243],20 Wenlock Road London England N1 7GU,,,
LEX GROUP LTD,16376584,active,ltd,,,2025-04-09,,2025-04-09,[22220],24a Darlan Road London England SW6 5BT,,,
SELECT BUILDING LIMITED,16376731,active,ltd,,,2025-04-09,,2025-04-09,[41100, 41201, 41202],20 Wenlock Road London England N1 7GU,,,
99 CAFE LTD,16376747,active,ltd,,,2025-04-09,,2025-04-09,[56102],30 The Piazza Jubilee Hall Trust London United Kingdom WC2E 8BE,,,
SCENT OF HEAVEN LTD,16376769,active,ltd,,,2025-04-09,,2025-04-09,[47820, 47890, 47990, 90030],124 City Road London United Kingdom EC1V 2NX,https://scentofheaven.co.uk,,Confirmed
FD FIRE SAFETY LTD,16377034,active,ltd,,,2025-04-09,,2025-04-09,[41201],21 St Margarets Road London United Kingdom N17 6TY,,,
VANTAGE TECHNOLOGY GROUP LTD,16377021,active,ltd,,,2025-04-09,,2025-04-09,[62012],71-75 Shelton Street London United Kingdom WC2H 9JQ,https://vantagetechnologygroup.com,info@vantagetechnologygroup.com,Confirmed
MARRS GLOBAL LIMITED,16377025,active,ltd,,,2025-04-09,,2025-04-09,[70229, 71122],167-169 Great Portland Street London England W1W 5PF,https://marrsglobal.com,,Confirmed
THE WOMEN SURGEONS CLINIC LTD,16377023,active,ltd,,,2025-04-09,,2025-04-09,[86220],9 Whitehall Park London England N19 3TS,,,
THE INFLUENCER SUITE LIMITED,16377046,active,ltd,,,2025-04-09,,2025-04-09,[63110, 63990],55 Loudoun Road London England NW8 0DL,,,
CORPORATE CALM LTD,16377279,active,ltd,,,2025-04-09,,2025-04-09,[86900],52 - 58 Basement Commercial Rd London England E1 1LP,https://corporate-calm.co.uk,,Confirmed
VALERIATARASOVA LTD,16377261,active,ltd,,,2025-04-09,,2025-04-09,[47910, 62020, 62090, 85590],Suite 8890 5 Brayford Square London United Kingdom E1 0SG,,,
MARINA STUDIOS LTD,16377577,active,ltd,,,2025-04-09,,2025-04-09,[46160],75 Tottenham Lane London England N8 9BE,,,
CREATIVE PURPOSE AGENCY LTD,16377612,active,ltd,,,2025-04-09,,2025-04-09,[73110],128 City Road London United Kingdom EC1V 2NX,,,
IBV WEST GHYLL ENERGY PARK LTD,16377919,active,ltd,,,2025-04-09,,2025-04-09,[35110],2nd Floor 127 Cheapside London United Kingdom EC2V 6BT,,,
DETROIT BIDCO LIMITED,16377915,active,ltd,,,2025-04-09,,2025-04-09,[64209],29 Buckingham Gate London United Kingdom SW1E 6NF,,,
AI & DATA DYNAMICS SOLUTIONS LTD,16378182,active,ltd,,,2025-04-09,,2025-04-09,[62020, 62090, 71200],Flat 1 Baxter House London England SE23 3BJ,,,
JK GORDONS LTD,16370613,active,ltd,,,2025-04-07,,2025-04-07,[64999, 66110, 66290, 66300],128 City Road London United Kingdom EC1V 2NX,,,
LAIKA CONSULTING LIMITED,16378381,active,ltd,,,2025-04-10,,2025-04-10,[63990],C/O Bareham & Co London United Kingdom E14 4QZ,,,
ILORI STREAMLINE LTD,16378536,active,ltd,,,2025-04-10,,2025-04-10,[70229],20 Wenlock Road London England N1 7GU,https://www.iloristreamline.com,,Confirmed
BAT AUDIO LTD,16378537,active,ltd,,,2025-04-10,,2025-04-10,[27900, 47430],19 Seymour Place Marble Arch London United Kingdom W1H 5BG,,,
STUDIO CMD LIMITED,16378531,active,ltd,,,2025-04-10,,2025-04-10,[62012],Studio Cmd 3rd Floor London United Kingdom EC2A 4NE,,,
IDD3 LTD,16378549,active,ltd,,,2025-04-10,,2025-04-10,[58110, 58141, 73110, 85320],Office Suite 29a, 3/F., 23 Wharf Street London England SE8 3GG,,,
MICROFUSETECH LTD,16378543,active,ltd,,,2025-04-10,,2025-04-10,[32500, 62012],20 Wenlock Road London England N1 7GU,https://www.microfusetech.com,,Confirmed
MARLOW HOUSE ADMINISTRATIVE SERVICES LIMITED,16378750,active,ltd,,,2025-04-10,,2025-04-10,[82110],4 Sycamore Court London England SE10 8PD,,,
BLYNO-PARIS LTD,16378743,active,ltd,,,2025-04-10,,2025-04-10,[47910],27 Old Gloucester Street London United Kingdom WC1N 3AX,,,
PIPER ENTERPRISE LTD,16378738,active,ltd,,,2025-04-10,,2025-04-10,[96090],71-75 Shelton Street London United Kingdom WC2H 9JQ,,,
IBV WEST HOUSE ENERGY PARK LTD,16378744,active,ltd,,,2025-04-10,,2025-04-10,[35110],2nd Floor 127 Cheapside London United Kingdom EC2V 6BT,,,
RETT FREM LTD,16379264,active,ltd,,,2025-04-10,,2025-04-10,[71129],3rd Floor, 86-90 Paul Street London United Kingdom EC2A 4NE,https://rettfrem.com,,Confirmed
SJT COOLING & AIRCON SOLUTIONS LTD,16379466,active,ltd,,,2025-04-10,,2025-04-10,[35300],Flat 26 Four Acres London England N12 7DD,,,
NURIMAN LTD,16379726,active,ltd,,,2025-04-10,,2025-04-10,[56102],338a Regents Park Road London United Kingdom N3 2LN,,,
HOUSE OF BRITISH ARTISANS LTD,16379735,active,ltd,,,2025-04-10,,2025-04-10,[90030, 90040],128 City Road London United Kingdom EC1V 2NX,https://www.houseofbritishartisans.uk,,Likely
VHOS UK HOT 3 LTD,16379739,active,ltd,,,2025-04-10,,2025-04-10,[55100, 68209],135 High Street Stratford London United Kingdom E15 2RB,,,
OXIN CARPENTRY LTD,16379732,active,ltd,,,2025-04-10,,2025-04-10,[16230],19 Sibley Grove London England E12 6SD,,,
VHOS UK HOT 7 LTD,16380017,active,ltd,,,2025-04-10,,2025-04-10,[41100],135 High Street Stratford London United Kingdom E15 2RB,,,
ETERNAL LOVE CLOTHING LTD,16380014,active,ltd,,,2025-04-10,,2025-04-10,[47820],9 Miles Close London England SE28 0NJ,https://eternallo.com,,Confirmed
YONGLI LONDON LIMITED,16380418,active,ltd,,,2025-04-10,,2025-04-10,[56102],90 Brick Lane London England E1 6RL,,,
CR FENCING AND LANDSCAPING LTD,16376306,active,ltd,,,2025-04-09,,2025-04-09,[43290, 81300],2nd Floor, Premier House London United Kingdom N12 8LY,,,
AA TWINS LTD,16376522,active,ltd,,,2025-04-09,,2025-04-09,[64209],128 City Road London United Kingdom EC1V 2NX,,,
THE CENTRAL ADMINISTRATION LTD,16377310,active,ltd,,,2025-04-09,,2025-04-09,[68100, 68209, 68320],104b Church Street London United Kingdom N9 9AS,,,
AMA CONSTRUCTION LTD,16377778,active,ltd,,,2025-04-09,,2025-04-09,[43390],Forest House Business Centre London England E11 1HT,https://www.ama-construction.co.uk,,Likely
RASCASSE ENGINEERING LIMITED,16378062,active,ltd,,,2025-04-09,,2025-04-09,[71122, 93199],146 New London Road Chelmsford England CM2 0AW,,,
EL HELWE BURGER LTD,16378146,active,ltd,,,2025-04-09,,2025-04-09,[56103],200 Blackfriars Road London England SE1 8NJ,,,
SILVA KLEAN LIMITED,16378140,active,ltd,,,2025-04-09,,2025-04-09,[81210, 81299],9 Matthew Close London England W10 5YJ,,,
NAB CONTRACTOR SERVICES LTD,16378513,active,ltd,,,2025-04-10,,2025-04-10,[96090],Churchill House Management London United Kingdom NW4 4DJ,,,
POLISH FOOD INDUSTRIES LTD,16378505,active,ltd,,,2025-04-10,,2025-04-10,[10890, 47290],45 3rd Floor Mayfair United Kingdom W1S 4JL,,,
SEAR TRADING LIMITED,16378518,active,ltd,,,2025-04-10,,2025-04-10,[56103],10 Dulwich Wood Avenue London United Kingdom SE19 1HX,,,
PHOTOGRAPHYBYYASH LIMITED,16378682,active,ltd,,,2025-04-10,,2025-04-10,[74209],6a Rancliffe Road London United Kingdom E6 3HN,,,
TGP HEALTH LIMITED,16378684,active,ltd,,,2025-04-10,,2025-04-10,[86900],Aston House London United Kingdom N3 1LF,,,
KDMSUPPLY LTD,16378697,active,ltd,,,2025-04-10,,2025-04-10,[47910, 47990],128 City Road London United Kingdom EC1V 2NX,,,
WAMIMICHI CATER LIMITED,16379064,active,ltd,,,2025-04-10,,2025-04-10,[56103],244-246 Hendon Way London England NW4 3NL,https://www.wamimichihendon.co.uk,,Confirmed
ALMENOWEB LTD,16379105,active,ltd,,,2025-04-10,,2025-04-10,[62012, 62020, 73110, 73200],91 Battersea Park Road London England SW8 4DU,,,
FORTUNE COMPOUND LTD,16379114,active,ltd,,,2025-04-10,,2025-04-10,[70229],Room 2c09 South Bank Techno Park London United Kingdom SE1 6LN,,,
RGP CONSULTANCY LIMITED,16379304,active,ltd,,,2025-04-10,,2025-04-10,[70229],Prebend House Leicester England LE2 0QR,,,
MINDKIND FLOW LTD,16379384,active,ltd,,,2025-04-10,,2025-04-10,[10890, 47810, 85590, 96040],Flat 12 Ivanhoe House London England E3 5TW,,,
MACTEE PRODUCTIONS LIMITED,16379416,active,ltd,,,2025-04-10,,2025-04-10,[90030],128 City Road London United Kingdom EC1V 2NX,,,
FINEST CART LTD,16379412,active,ltd,,,2025-04-10,,2025-04-10,[47910],Finest Cart Ltd London United Kingdom EC1V 2NX,,,
CUFF ESTATES LTD,16379609,active,ltd,,,2025-04-10,,2025-04-10,[68100],C/O 32 Castlewood Road London United Kingdom N16 6DW,,,
VIEXO LTD.,16379770,active,ltd,,,2025-04-10,,2025-04-10,[47990],20 Wenlock Road London England N1 7GU,,,
VINCULE LTD,16379826,active,ltd,,,2025-04-10,,2025-04-10,[45310, 47910],Unit 265 Ground Floor Capital House London United Kingdom E8 1LL,,,
WALEEDISMAIL LTD,16376049,active,ltd,,,2025-04-09,,2025-04-09,[47910],Flat No.83 St Marry House 13 King Edwards Road Barking United Kingdom IG11 7ZZ,,,
ANTIDOTE ARTS LTD,16376047,active,ltd,,,2025-04-09,,2025-04-09,[70229],16 Baronet Road London England N17 0LU,,,
HAWKER-SMITH HOLDINGS LTD,16376018,active,ltd,,,2025-04-09,,2025-04-09,[68100, 68209],2a Connaught Avenue London United Kingdom E4 7AA,,,
GLODON (UK) TECHNOLOGY LIMITED,16376358,active,ltd,,,2025-04-09,,2025-04-09,[62012, 62090, 63110, 63120],Office Suite 29a 3/F London England SE8 3GG,,,
MANLOE CREATIONS LTD,16376333,active,ltd,,,2025-04-09,,2025-04-09,[96040],184 Peckham Rye London England SE22 9QA,,,
VALUEGENTIC LTD,16376350,active,ltd,,,2025-04-09,,2025-04-09,[74909],3rd Floor, 86-90 Paul Street London United Kingdom EC2A 4NE,,,
AL-TAYBA IMP AND EXP CO., LTD,16376488,active,ltd,,,2025-04-09,,2025-04-09,[99999],41 Devonshire Street Ground Floor Office 1 London United Kingdom W1G 7AJ,,,
365 CLEAN TEAM LIMITED,16376477,active,ltd,,,2025-04-09,,2025-04-09,[81222],50 St. Marys Crescent London England NW4 4LH,,,
KOTUN AND CO LTD,16376479,active,ltd,,,2025-04-09,,2025-04-09,[70221, 70229, 73200, 74909],27 Old Gloucester Street London United Kingdom WC1N 3AX,,,
SALVA AI LTD,16376629,active,ltd,,,2025-04-09,,2025-04-09,[62020],4th Floor, Silverstream House, 45 Fitzroy Street, London United Kingdom W1T 6EB,,,
MODABEL LIMITED,16376802,active,ltd,,,2025-04-09,,2025-04-09,[46160, 46410, 46420, 47710],167-169 Great Portland Street London England W1W 5PF,,,
NAR PROPERTY SERVICES LTD,16376810,active,ltd,,,2025-04-09,,2025-04-09,[68209],16-18 Palace Gates Road London England N22 7BN,,,
CONFIDENTLY LTD,16376963,active,ltd,,,2025-04-09,,2025-04-09,[58290, 62012, 62020, 62090],71-75 Shelton Street London United Kingdom WC2H 9JQ,,,
MODJO MUSIC LTD,16376959,active,ltd,,,2025-04-09,,2025-04-09,[90030, 90040],128 City Road London United Kingdom EC1V 2NX,,,
COWLING LEGAL SERVICES LTD,16377205,active,ltd,,,2025-04-09,,2025-04-09,[70229],23a The Precinct Waterlooville United Kingdom PO7 7DT,,,
NEWPEACH LEASCO LIMITED,16377212,active,ltd,,,2025-04-09,,2025-04-09,[68100],Hallswelle House London England NW11 0DH,,,
MAGIC MRI LIMITED,16377224,active,ltd,,,2025-04-09,,2025-04-09,[26600],20 Wenlock Road London England N1 7GU,,,
NAVO WEALTH MANAGEMENT LTD,16377221,active,ltd,,,2025-04-09,,2025-04-09,[64999, 70229, 85590],71-75 Shelton Street London United Kingdom WC2H 9JQ,,,
KHAN HOUSEHOLD LIMITED,16377233,active,ltd,,,2025-04-09,,2025-04-09,[47190],22 Electric Avenue London England SW9 8JR,,,
COSMOS MEDICAL COMMUNICATIONS LTD,16377413,active,ltd,,,2025-04-09,,2025-04-09,[74909],71-75 Shelton Street London United Kingdom WC2H 9JQ,,,
QUANTAPOINT LTD,16377744,active,ltd,,,2025-04-09,,2025-04-09,[64209],4 Gunnersbury Gardens London England W3 9AF,,,
THE RYL MISSION LTD,16377730,active,ltd,,,2025-04-09,,2025-04-09,[85590],2nd Floor College House Ruislip, United Kingdom HA4 7AE,,,
LITTLESECONDS LIMITED,16377731,active,ltd,,,2025-04-09,,2025-04-09,[62090],Littleseconds London United Kingdom W1T 6EB,,,
JUST SHOPPER LTD,16377758,active,ltd,,,2025-04-09,,2025-04-09,[47910],2nd Floor College House Ruislip, United Kingdom HA4 7AE,,,
BOTTLES BLISS LIMITED,16378113,active,ltd,,,2025-04-09,,2025-04-09,[47910],3rd Floor, 86-90 Paul Street London United Kingdom EC2A 4NE,,,
TRANSITION CONSULTANCY GROUP LIMITED,16378258,active,ltd,,,2025-04-09,,2025-04-09,[41100, 41202],2a Connaught Avenue London United Kingdom E4 7AA,,,
GURUNG SISTERS LIMITED,16378261,active,ltd,,,2025-04-09,,2025-04-09,[68100, 68209],57 Southwell Grove Road London England E11 4PP,,,
BLANCOTTON LTD,16378387,active,ltd,,,2025-04-10,,2025-04-10,[47710, 47910],6 St Albans Ln London United Kingdom NW11 7QE,,,
32 MHR FREEHOLD LIMITED,16378388,active,ltd,,,2025-04-10,,2025-04-10,[98000],1a Strathearn Road London United Kingdom SW19 7LH,,,
DDRAIG BACH LTD,16378587,active,ltd,,,2025-04-10,,2025-04-10,[68100, 68209],172 Arlington Road London England NW1 7HL,,,
TINNED LAUGHTER LIMITED,16378777,active,ltd,,,2025-04-10,,2025-04-10,[90010],96 Archel Road London England W14 9QP,,,
MATEEN GROUP LTD,16378876,active,ltd,,,2025-04-10,,2025-04-10,[47910, 47990],124 City Road London United Kingdom EC1V 2NX,,,
ROBERTS FAMILY COMPANY LIMITED,16378873,active,ltd,,,2025-04-10,,2025-04-10,[64209],1st Floor Sackville House London England EC3M 6BL,,,
SHALOM BUILDING MATERIALS LIMITED,16379138,active,ltd,,,2025-04-10,,2025-04-10,[46730],85a High Road London England NW10 2SU,,,
ISABRY LTD,16379140,active,ltd,,,2025-04-10,,2025-04-10,[68100],128 City Road London United Kingdom EC1V 2NX,,,
ATELIER NOIRE LTD,16368555,active,ltd,,,2025-04-07,,2025-04-07,[93290],195-197 Wood Street London England E17 3NU,,,
REDROCK SKILLTECH LTD,16379123,active,ltd,,,2025-04-10,,2025-04-10,[85320, 85590, 85600],2nd Floor College House Ruislip, United Kingdom HA4 7AE,,,
ALBION DESIGN & BUILD LIMITED,16379135,active,ltd,,,2025-04-10,,2025-04-10,[41100, 41201, 41202],128 City Road London United Kingdom EC1V 2NX,,,
JALLA TECH LTD,16379309,active,ltd,,,2025-04-10,,2025-04-10,[62012, 62090, 85590, 85600],275 New N Rd # 3193 London United Kingdom N1 7AA,,,
TTPRO LTD,16379433,active,ltd,,,2025-04-10,,2025-04-10,[58290, 62012, 73110, 93199],124 City Road London United Kingdom EC1V 2NX,,,
EJB RESEARCH AND ADVISORY LTD,16379806,active,ltd,,,2025-04-10,,2025-04-10,[70229],7 Ashlone Road London England SW15 1LS,,,
UK-NORWAY PROPERTY LIMITED,16379871,active,ltd,,,2025-04-10,,2025-04-10,[68209],C/O Getground London England W6 0NB,,,
EPISO 6 TIGER HOTELS LTD,16379859,active,ltd,,,2025-04-10,,2025-04-10,[64209],Berkeley Square House London United Kingdom W1J 6DB,,,
MONOVANCE LTD,16379928,active,ltd,,,2025-04-10,,2025-04-10,[58290, 62012, 62020, 63120],71-75 Shelton Street London United Kingdom WC2H 9JQ,,,
TERALUX LTD,16379944,active,ltd,,,2025-04-10,,2025-04-10,[47430, 47540, 47910, 47990],71-75 Shelton Street London United Kingdom WC2H 9JQ,,,
ASBURY PROPERTIES LTD,16379938,active,ltd,,,2025-04-10,,2025-04-10,[82990],71-75 Shelton Street London United Kingdom WC2H 9JQ,,,
ECOMMERCE NINJA SOLUTIONS LTD,16379937,active,ltd,,,2025-04-10,,2025-04-10,[47910],Suite C29 4 - 6, Greatorex Street London United Kingdom E1 5NF,,,
NICUSTEEL LTD,16380109,active,ltd,,,2025-04-10,,2025-04-10,[43999],7 Robin Crescent London England E6 5XA,,,
CYFRWY LIMITED,16380096,active,ltd,,,2025-04-10,,2025-04-10,[74990],10 Duke Of York Square London United Kingdom SW3 4LY,,,
VITASLIM INNOVE LTD,16380369,active,ltd,,,2025-04-10,,2025-04-10,[47910],Unit 266 Ground Floor Capital House London United Kingdom E8 1LL,https://vitasliminnove.com,,Confirmed
GUTMAUS LIMITED,16376182,active,ltd,,,2025-04-09,,2025-04-09,[63120],108 Gurney Road London England E15 1SL,,,
RADIO HALCYON LIMITED,16376165,active,ltd,,,2025-04-09,,2025-04-09,[58190, 59200, 60100, 90010],12 Old Bond Street Mayfair, London United Kingdom W1S 4PW,,,
DAYLIGHT CONCEPTS LTD,16376191,active,ltd,,,2025-04-09,,2025-04-09,[62020],86-90 Paul Street London England EC2A 4NE,,,
ULTIMATE GROUP HOLDINGS LTD,16376445,active,ltd,,,2025-04-09,,2025-04-09,[82190],78 York Street London United Kingdom W1H 1DP,,,
EIGHTY-NINE VENTURES LTD,16376441,active,ltd,,,2025-04-09,,2025-04-09,[86900],3rd Floor, 86-90 Paul Street London United Kingdom EC2A 4NE,,,
LONDON PROSPECTS ACADEMY LTD,16376420,active,ltd,,,2025-04-09,,2025-04-09,[93199],77 Cornwallis Road London United Kingdom N19 4BX,,,
7OAK GROUP LIMITED,16376425,active,ltd,,,2025-04-09,,2025-04-09,[64209],95 Woolwich Road London England SE2 0DY,,,
ROSANNA ADVERTENCY LIMITED,16376648,active,ltd,,,2025-04-09,,2025-04-09,[86102, 86210, 86220, 87200],20 Wenlock Road London England N1 7GU,,,
FRANCOIS HUNTER COUNSELLING LTD,16377084,active,ltd,,,2025-04-09,,2025-04-09,[86900],167-169 Great Portland Street London United Kingdom W1W 5PF,https://www.francoismartinhuntercounselling.com,,Likely
ROMANSLICKSTYLE LTD,16377807,active,ltd,,,2025-04-09,,2025-04-09,[96020],373 Roman Road London England E3 5QR,,,
LONDON MEDICAL CONSULTANCY LTD,16377820,active,ltd,,,2025-04-09,,2025-04-09,[70229],71-75 Shelton Street London United Kingdom WC2H 9JQ,,,
SOTERIA PEOPLE TEMP LIMITED,16377824,active,ltd,,,2025-04-09,,2025-04-09,[78109, 78200],80 Nightingale Lane London England E11 2EZ,,,
MG SUPPLY CHAIN CONSULTING LIMITED,16377804,active,ltd,,,2025-04-09,,2025-04-09,[70229],2nd Floor College House Ruislip, United Kingdom HA4 7AE,,,
SHI SHI LAB LTD,16377811,active,ltd,,,2025-04-09,,2025-04-09,[96020, 96040],77 Atlantic Road London England SW9 8PU,,,
POPPYGALE LTD,16378015,active,ltd,,,2025-04-09,,2025-04-09,[82190],3rd Floor, 86-90 Paul Street London United Kingdom EC2A 4NE,,,
PLAYING FIELD SHOWROOM LTD,16378120,active,ltd,,,2025-04-09,,2025-04-09,[46420, 82301],8 Hedge Lane London England N13 5SH,,,
MUBË ESSENTIALS LTD,16378179,active,ltd,,,2025-04-09,,2025-04-09,[46900, 47910, 93290],22 David Wildman Lane London England NW7 1FH,https://www.mubeessentials.co.uk,,Confirmed
ADAM CHASE LEGAL LTD,16378336,active,ltd,,,2025-04-10,,2025-04-10,[69102],1 Canada Square London United Kingdom E14 5AA,,,
WERONIKA'S GLAM STUDIO LTD,16378333,active,ltd,,,2025-04-10,,2025-04-10,[96020],82 Morden Road London England SW19 3BP,,,
NEW RENEWABLE SOLUTIONS LIMITED,16378476,active,ltd,,,2025-04-10,,2025-04-10,[95220],25 Scarborough Road London England E11 4AL,,,
EMMA ROBERTS LTD,16378709,active,ltd,,,2025-04-10,,2025-04-10,[41100, 82990],71-75 Shelton Street London United Kingdom WC2H 9JQ,,,
CONFORTA LTD,16378700,active,ltd,,,2025-04-10,,2025-04-10,[46410, 46420, 46480],20 Wenlock Road London England N1 7GU,,,
DARKHOUSE PICTURES LTD,16378736,active,ltd,,,2025-04-10,,2025-04-10,[59111],Flat 1, 40 Maxwell Road London England SW6 2HR,,,
19$5 LIMITED,16379049,active,ltd,,,2025-04-10,,2025-04-10,[47910],Suite G04 1 Quality Court, Chancery Lane London England WC2A 1HR,,,
WILL OF GOD-ATO CONSULT GLOBAL LIMITED,16379265,active,ltd,,,2025-04-10,,2025-04-10,[58190, 79110, 85421, 86210],14/2e Docklands Business Centre 10-16 Tiller Road London United Kingdom E14 8PX,,,
KEY KING LOCKSMITH LIMITED,16379257,active,ltd,,,2025-04-10,,2025-04-10,[80100],128 City Road London United Kingdom EC1V 2NX,https://www.thekeyking.co.uk,,Likely
ENVERA LTD,16379238,active,ltd,,,2025-04-10,,2025-04-10,[62012, 62020, 62090],86-90 Paul Street London United Kingdom EC2A 4NE,,,
COTE AZUR TENDER GROUP LTD,16379588,active,ltd,,,2025-04-10,,2025-04-10,[99999],27 Old Gloucester Street London United Kingdom WC1N 3AX,,,
NOBLELESSE LIMITED,16379600,active,ltd,,,2025-04-10,,2025-04-10,[62012, 63120, 64999, 68320],124-128 City Road London England EC1V 2NX,,,
YOGA ISLAND LTD,16380195,active,ltd,,,2025-04-10,,2025-04-10,[55100, 56101, 93199],233 Bethnal Green Road London England E2 6AB,,,
ABSOLUTELY FINANCIAL LTD,16379006,active,ltd,,,2025-04-10,,2025-04-10,[66190],14/2e Docklands Business Centre London England E14 8PX,,,
ENVY REAL ESTATE LTD,16380297,active,ltd,,,2025-04-10,,2025-04-10,[41100, 68100, 68209, 68320],128 City Road London United Kingdom EC1V 2NX,https://www.envyrealestatepros.com,,Confirmed
SPARADISE MASSAGE SPA LTD,16380299,active,ltd,,,2025-04-10,,2025-04-10,[96040],Flat 5, Sumner Court London United Kingdom SW8 2BA,,sparadise_massage@outlook.com,Confirmed
OUTSOURCE EDGE LTD,16380287,active,ltd,,,2025-04-10,,2025-04-10,[63120, 70229, 79909, 82990],115 London Road Morden England SM4 5HP,,,
FRANKLIN BUILDING LTD,16375249,active,ltd,,,2025-04-09,,2025-04-09,[43999],Blake Tower, Floor Lg 12 Barbican England EC2Y 8AF,,,
BEBLISS LTD,16375297,active,ltd,,,2025-04-09,,2025-04-09,[47910],86-90 Paul Street London England EC2A 4NE,,,
PLUTUS IMPORTS LIMITED,16375358,active,ltd,,,2025-04-09,,2025-04-09,[46499, 47190],18 Sussex Place London England W2 2TP,,,
COCOJ LTD,16375336,active,ltd,,,2025-04-09,,2025-04-09,[47910],128 City Road London United Kingdom EC1V 2NX,,,
MELLER LIVING LTD,16375354,active,ltd,,,2025-04-09,,2025-04-09,[68209],124 City  Road London United Kingdom EC1V 2NX,,,
IHSAN DYNAMICS LTD,16375472,active,ltd,,,2025-04-09,,2025-04-09,[62012],128 City Road London United Kingdom EC1V 2NX,,,
G CODE LTD,16375530,active,ltd,,,2025-04-09,,2025-04-09,[46190, 47910, 58290, 85590],71-75 Shelton Street London United Kingdom WC2H 9JQ,,,
LEADFUEL LTD,16375540,active,ltd,,,2025-04-09,,2025-04-09,[63120],128 City Road London United Kingdom EC1V 2NX,,,
DATANEUTRAL LTD,16375541,active,ltd,,,2025-04-09,,2025-04-09,[63120],46 Devonshire Close London England W1G 7BG,,,
TERIS VERSION LIMITED,16375563,active,ltd,,,2025-04-09,,2025-04-09,[47910],29352 Office Suite 29a, 3/F., 23 Wharf Street London England SE8 3GG,,,
PURE VINYL NEW LIMITED,16375646,active,ltd,,,2025-04-09,,2025-04-09,[47630],Unit 6 8 Nursery Road London England SW9 8BP,,,
STEPPAZ ELEVATE CIC,16375645,active,ltd,community-interest-company,,2025-04-09,,2025-04-09,[85520, 85590, 90010, 90020],Unit 1 Enterprise Building Bernie Grant Arts Centre London England N15 4RX,https://www.steppaz.co.uk,,Confirmed
ACCIOD GROUP LIMITED,16375629,active,ltd,,,2025-04-09,,2025-04-09,[58290, 62020, 74901],First Floor London United Kingdom EC4M 7RD,https://www.acciod-group.com,,Confirmed
FREEDS ENTERPRISES LIMITED,16375802,active,ltd,,,2025-04-09,,2025-04-09,[47910],124 City  Road London United Kingdom EC1V 2NX,,,
ALPHA WING LTD,16375805,active,ltd,,,2025-04-09,,2025-04-09,[47910],Suite C26 4 - 6, Greatorex Street London United Kingdom E1 5NF,,,
PETLIVO LTD,16375841,active,ltd,,,2025-04-09,,2025-04-09,[47190],128 City Road London United Kingdom EC1V 2NX,,,
AN ENTERPRICES LTD,16375991,active,ltd,,,2025-04-09,,2025-04-09,[47910],128 City Road London United Kingdom EC1V 2NX,,,
PANA INVESTMENTS LIMITED,16375987,active,ltd,,,2025-04-09,,2025-04-09,[68100, 68320],Flat 7 281 Finchley Road London United Kingdom NW3 6ND,,,
BIRNE LTD,16375999,active,ltd,,,2025-04-09,,2025-04-09,[68209],Flat 102, Chesil Court Chelsea Manor Street London England SW3 5QS,,,
SOLER HOLDING LIMITED,16376200,active,ltd,,,2025-04-09,,2025-04-09,[68209],88 Bevington Road London England W10 5TW,,,
WAN CHENG LTD,16376544,active,ltd,,,2025-04-09,,2025-04-09,[47190, 63990, 73120, 93290],Unit Fs.113a Fleet Street 154-160 Fleet Street London United Kingdom EC4A 2DQ,,,
CYBERSHIELD RISK MANAGEMENT LTD,16376567,active,ltd,,,2025-04-09,,2025-04-09,[62020],128 City Road London United Kingdom EC1V 2NX,https://www.cybershieldriskmanagement.com,info@cybershieldriskmanagement.com,Confirmed
3DSKETCHDIP LTD,16376566,active,ltd,,,2025-04-09,,2025-04-09,[71121],71-75 Shelton Street London United Kingdom WC2H 9JQ,https://3dsketchdipltd.shop,,Confirmed
DIGITAL CROWN LTD,16376887,active,ltd,,,2025-04-09,,2025-04-09,[47910, 62012, 73110],71-75 Shelton Street London United Kingdom WC2H 9JQ,,,
JW PROJECT MANAGEMENT LTD,16376898,active,ltd,,,2025-04-09,,2025-04-09,[74909],3rd Floor, 86-90 Paul Street London United Kingdom EC2A 4NE,,,
FIGMENT CREATIVE WORKS LTD,16376897,active,ltd,,,2025-04-09,,2025-04-09,[93290],3rd Floor, 86-90 Paul Street London United Kingdom EC2A 4NE,,,
THE ECONOMIC CLUB OF LONDON LTD,16376880,active,ltd,,,2025-04-09,,2025-04-09,[94120],64 Nile Street London England N1 7SR,,,
HYPER PALATABLE LTD,16377385,active,ltd,,,2025-04-09,,2025-04-09,[56101, 56302],250 Capworth Street London England E10 7BG,,,
HONEY APPLE EVENTS LTD,16377372,active,ltd,,,2025-04-09,,2025-04-09,[96090],71-75 Shelton Street London United Kingdom WC2H 9JQ,,,
VENTUREBLOOM GLOBAL LIMITED,16377339,active,ltd,,,2025-04-09,,2025-04-09,[70229],82 Wandsworth Bridge Road London England SW6 2TF,,,
TJRP PROPERTIES LTD,16377396,active,ltd,,,2025-04-09,,2025-04-09,[68201],8 Harford Close London England E4 7NH,,,
ALAN ELITE DECORATORS LTD,16377715,active,ltd,,,2025-04-09,,2025-04-09,[41202, 43310, 43341, 43390],Flat 5 35 Bell Green London England SE26 4EJ,,,
MICHAELA LINKS LTD,16377683,active,ltd,,,2025-04-09,,2025-04-09,[62020],Flat 1303 Aster Apartments 822 Seven Sisters Road London England N15 5EZ,,,
MICHAEL SEVILLA REAL ESTATE LIMITED,16377681,active,ltd,,,2025-04-09,,2025-04-09,[68310, 68320, 70229],58 Acacia Road London United Kingdom NW8 6AG,https://michaelsevillarealestate.com,,Confirmed
PERSUIT UK INVESTMENTS LIMITED,16377711,active,ltd,,,2025-04-09,,2025-04-09,[62012],35 Ballards Lane London United Kingdom N3 1XW,,,
NATURE'S RANGE LTD,16377705,active,ltd,,,2025-04-09,,2025-04-09,[86900],71-75 Shelton Street London United Kingdom WC2H 9JQ,,,
H O COMMERCIAL & CONTRACTING SERVICES LTD,16377717,active,ltd,,,2025-04-09,,2025-04-09,[70229],Flat 23 Marsh Court London England E8 3AB,,,
ADKBELLA LIMITED,16378126,active,ltd,,,2025-04-09,,2025-04-09,[43290],46 Avondale Road London England N13 4DU,,,
COZYLUX UK LTD,16378204,active,ltd,,,2025-04-09,,2025-04-09,[47910],3 Liverpool Road London United Kingdom E16 4LU,,,
RELIABLE RENT2RENT LIMITED,16378619,active,ltd,,,2025-04-10,,2025-04-10,[68209],20 Wenlock Road London England N1 7GU,,,
GAGAXIANG CHINESE RESTAURANT LTD,16378620,active,ltd,,,2025-04-10,,2025-04-10,[56103],101 Plaistow Road London England E15 3ET,,,
MAGNET CO. LTD,16378627,active,ltd,,,2025-04-10,,2025-04-10,[99999],Third Floor London England W1B 3HH,,,
IRCW LTD,16378646,active,ltd,,,2025-04-10,,2025-04-10,[93290],3rd Floor 11-15 Borough High Street London United Kingdom SE1 9SE,https://icerinkcanarywharf.co.uk,,Confirmed
ASTON AND LICHFIELD LTD,16378602,active,ltd,,,2025-04-10,,2025-04-10,[99999],20 Wenlock Road London England N1 7GU,,,
REACTIVE HOMES LTD,16378793,active,ltd,,,2025-04-10,,2025-04-10,[68100, 68209],1-4 London Road Spalding England PE11 2TA,,,
BEYOND CASUAL MEDIA UK LIMITED,16378961,active,ltd,,,2025-04-10,,2025-04-10,[59111, 64209],Elsley Court London United Kingdom W1W 8BE,,,
OTO HOMES LIMITED,16378983,active,ltd,,,2025-04-10,,2025-04-10,[68100],121 Junction Road London England N19 5PX,,,
ZEERA INDIAN CUISINE LTD,16378969,active,ltd,,,2025-04-10,,2025-04-10,[56103],101 Chinbrook Road London United Kingdom SE12 9QL,https://zeeratakeaway.com,,Confirmed
ES1 MIDCO LIMITED,16378974,active,ltd,,,2025-04-10,,2025-04-10,[64209],Fourth Floor Burlington Building London England W1B 4BG,,,
CHERWELL BATTERIES LTD,16378971,active,ltd,,,2025-04-10,,2025-04-10,[27200, 71122, 72190],125 Wood Street London United Kingdom EC2V 7AW,,,
SHOPONE MEDIA LTD,16378965,active,ltd,,,2025-04-10,,2025-04-10,[47910, 93290],12 Severn Way London England NW10 2UX,,,
NEXT PAGE PROPERTY LTD,16379561,active,ltd,,,2025-04-10,,2025-04-10,[68100, 68209],128 City Road London United Kingdom EC1V 2NX,,,
CARRIE BIRKIN LTD,16379560,active,ltd,,,2025-04-10,,2025-04-10,[47910],29375 Office Suite 29a, 3/F. 23 Wharf Street London England SE8 3GG,,,
MEVIC CONSULTANTS LIMITED,16379566,active,ltd,,,2025-04-10,,2025-04-10,[41100, 71111, 71129, 74901],124 City Road London United Kingdom EC1V 2NX,,,
XEN HEALTH UK LIMITED,16379556,active,ltd,,,2025-04-10,,2025-04-10,[86220],Unit 503 332 Ladbroke Grove London United Kingdom W10 5AD,https://xenhealthclinics.co.uk,,Confirmed
GREENLIGHT ECOLOGY LTD,16379559,active,ltd,,,2025-04-10,,2025-04-10,[74901],Flat 1 12-14 St. Mary's Road London England SE15 2DW,https://www.greenlightecology.co.uk,greenlightecologyltd@gmail.com,Confirmed
CHRISTINA GRACE LTD,16379580,active,ltd,,,2025-04-10,,2025-04-10,[47910],128 City Road London United Kingdom EC1V 2NX,,,
ZAY BEAUTY LIMITED,16379553,active,ltd,,,2025-04-10,,2025-04-10,[14132],Flat 40 Roycroft Close London England SW2 3PE,,,
RISEBRAND LTD,16379764,active,ltd,,,2025-04-10,,2025-04-10,[62012, 62020, 84130],167-169 Great Portland Street London England W1W 5PF,,,
HAPPY HIVE CLUB LTD,16379762,active,ltd,,,2025-04-10,,2025-04-10,[85600, 88910],3-19 Wakefield Street London England N18 2BZ,,,
VHOS UK HOT 6 LTD,16379740,active,ltd,,,2025-04-10,,2025-04-10,[41100],135 High Street Stratford London United Kingdom E15 2RB,,,
NOVASCALE LTD,16379751,active,ltd,,,2025-04-10,,2025-04-10,[46190, 47910],128 City Road London United Kingdom EC1V 2NX,,,
FINAL HOST LTD,16379837,active,ltd,,,2025-04-10,,2025-04-10,[62012, 62020, 62030, 62090],71-75 Shelton Street London United Kingdom WC2H 9JQ,,,
BRIGHTNESS TRADING LIMITED,16380079,active,ltd,,,2025-04-10,,2025-04-10,[46160, 46190, 47750, 47910],85 Great Portland Street London England W1W 7LT,,,
DOUBLE CLOTH STUDIO LTD,16380052,active,ltd,,,2025-04-10,,2025-04-10,[13921, 74100],71-75 Shelton Street London United Kingdom WC2H 9JQ,,,
ENTERCORRECT LTD,16380090,active,ltd,,,2025-04-10,,2025-04-10,[82990],71-75 Shelton Street London England WC2H 9JQ,,,
DELHI LOOKS LTD,16380337,active,ltd,,,2025-04-10,,2025-04-10,[82990],Flat 4 Mak House London England E7 8LD,,,
LIQUID STAKING PROTOCOL LTD,16380325,active,ltd,,,2025-04-10,,2025-04-10,[64301, 64304, 66300],40 Bank Street London United Kingdom E14 5NR,,,
ALA LONDON HOLDINGS LIMITED,16380350,active,ltd,,,2025-04-10,,2025-04-10,[64209],869 High Road London United Kingdom N12 8QA,,,
THR GLOBAL TRADING LIMITED,16375801,active,ltd,,,2025-04-09,,2025-04-09,[47190, 47789, 47910, 47990],27 Old Gloucester Street London United Kingdom WC1N 3AX,,,
MAS SOURCING LIMITED,16375758,active,ltd,,,2025-04-09,,2025-04-09,[46420],184 Portway London England E15 3QW,,,
ACQUILA PARTNERS LIMITED,16375735,active,ltd,,,2025-04-09,,2025-04-09,[70229],83 Edgeley Road London England SW4 6HD,,,
TEMPUS RHEI LTD,16375924,active,ltd,,,2025-04-09,,2025-04-09,[20420, 46450],128 City Road London United Kingdom EC1V 2NX,,,
PLUTUS LI MANAGEMENT LTD,16375908,active,ltd,,,2025-04-09,,2025-04-09,[96090],Acorn House London United Kingdom W3 6AY,,,
ESIM BUDDY LTD,16375946,active,ltd,,,2025-04-09,,2025-04-09,[61200, 61900],71-75 Shelton Street London United Kingdom WC2H 9JQ,,,
JEN NARFORD LTD,16375958,active,ltd,,,2025-04-09,,2025-04-09,[68100],63a Elm Park Avenue London England N15 6UN,,,
ROBYN & REISS LTD,16375947,active,ltd,,,2025-04-09,,2025-04-09,[47110],133 West Hendon Broadway London England NW9 7DY,,,
PERFECT LIVING SERVICES LIMITED,16376249,active,ltd,,,2025-04-09,,2025-04-09,[41202, 43220, 81299],111 Dames Road London England E7 0DZ,https://www.perfectlivingservices.com,,Likely
SJWL INVESTMENTS LTD,16376252,active,ltd,,,2025-04-09,,2025-04-09,[68209],25 Marsh Lane London England NW7 4QN,,,
STONE ORCHARD LTD,16376517,active,ltd,,,2025-04-09,,2025-04-09,[59111],12 Malling Way London United Kingdom BR2 7PJ,,,
WISELY HOLDING LTD,16376503,active,ltd,,,2025-04-09,,2025-04-09,[64209, 68100],3rd Floor 107 Jermyn Street London United Kingdom SW1Y 6EE,,,
WINGO PARTNERS LIMITED,16376701,active,ltd,,,2025-04-09,,2025-04-09,[96090],128 City Road London United Kingdom EC1V 2NX,,,
SWIFT MOOVE LTD,16376706,active,ltd,,,2025-04-09,,2025-04-09,[49420],Pexor House Office 4-5-6 Staffa Road London United Kingdom E10 7QZ,,,
KAMY GOLDY LTD,16376711,active,ltd,,,2025-04-09,,2025-04-09,[64999, 66190],20 Wenlock Road London England N1 7GU,,,
EQUIVUS LTD,16376712,active,ltd,,,2025-04-09,,2025-04-09,[68310, 68320],20 Wenlock Road London England N1 7GU,,,
SUDBURY HAND VALETING LTD,16376685,active,ltd,,,2025-04-09,,2025-04-09,[81299],G C Forest & Co, 190 London United Kingdom E17 5DX,,,
SPACED TECHNOLOGIES LTD,16376999,active,ltd,,,2025-04-09,,2025-04-09,[62090, 71122],71-75 Shelton Street London United Kingdom WC2H 9JQ,,,
TRAVEL & HOSPITALITY IT SERVICES LTD,16377011,active,ltd,,,2025-04-09,,2025-04-09,[62020],37 Brisbane Avenue London England SW19 3AF,,,
HOMETOWN MEDIA LTD,16377006,active,ltd,,,2025-04-09,,2025-04-09,[73120],71-75 Shelton Street London United Kingdom WC2H 9JQ,,,
SAYAKAT LOG LTD,16377100,active,ltd,,,2025-04-09,,2025-04-09,[52290],Flat 4 Hascombe House London England SW15 4AT,,,
ALPHALLM LTD,16377117,active,ltd,,,2025-04-09,,2025-04-09,[70229],71-75 Shelton Street London United Kingdom WC2H 9JQ,,,
STOLEN STUFF LIMITED,16377657,active,ltd,,,2025-04-09,,2025-04-09,[90030],2d Gloucester Circus London England SE10 8RX,,,
VYTALIX LTD.,16377637,active,ltd,,,2025-04-09,,2025-04-09,[10890, 47910, 82990],Suite Ra01 195-197 Wood Street London United Kingdom E17 3NU,,,
NON-GENERIC LIVING LTD,16377624,active,ltd,,,2025-04-09,,2025-04-09,[47910],20 Wenlock Road London England N1 7GU,,,
LA MAISON DE BERKELEY LIMITED,16377852,active,ltd,,,2025-04-09,,2025-04-09,[68310],4th Floor 33 Cavendish Square London England W1G 0PW,,,
QUANTAPOINT PROPERTY LTD,16377841,active,ltd,,,2025-04-09,,2025-04-09,[68209],4 Gunnersbury Gardens London England W3 9AF,,,
ASCEND IT INTERNATIONAL LTD,16377845,active,ltd,,,2025-04-09,,2025-04-09,[47410, 62020, 62030],Unit A, 32-34 Horseferry Place London England SE10 9BB,,,
DAMAQ HOLDINGS LIMITED,16377992,active,ltd,,,2025-04-09,,2025-04-09,[68100],6 Cresswell Way London England N21 1AE,,,
TNTEE LTD.,16378269,active,ltd,,,2025-04-09,,2025-04-09,[47710],Flat B-C London England E8 3AR,,,
LEADS MEDIA GROUP LIMITED,16380242,active,ltd,,,2025-04-10,,2025-04-10,[73110],302 Wightman Road London United Kingdom N8 0LT,https://leadsmediagroup.uk/,support@leadsmediagroup.uk,Confirmed
BEA CONNECT AND CLEAN LTD,16380472,active,ltd,,,2025-04-10,,2025-04-10,[81210],85 Great Portland Street London England W1W 7LT,,,
MM ITECH LIMITED,16400194,active,ltd,,,2025-04-22,,2025-04-22,[62020],Flat 36 Reed House London England SW19 8GU,,,
JOSHS RETAIL SPECIAL LTD,16400116,active,ltd,,,2025-04-22,,2025-04-22,[47990],Flat 6 115 Denmark Road London England SE5 9JP,,,
ANVIKA ENTERTAINMENT LTD,16400192,active,ltd,,,2025-04-22,,2025-04-22,[59112, 59120, 78101, 90020],124 City Road, London United Kingdom EC1V 2NX,,,
S S RAJAN FAST FOOD LTD,16400319,active,ltd,,,2025-04-22,,2025-04-22,[56103],317a High Street North London England E12 6SL,,,
PTC INVESTMENT PARTNERS LIMITED,16400320,active,ltd,,,2025-04-22,,2025-04-22,[64205],70 Mayday Gardens London England SE3 8NW,,,
CAPITAL PARTS LTD,16400366,active,ltd,,,2025-04-22,,2025-04-22,[45320],20 Wenlock Road London England N1 7GU,,,
BFG ADV INTERNATIONAL LIMITED,16400538,active,ltd,,,2025-04-22,,2025-04-22,[64209],19 The Circle Queen Elizabeth Street London United Kingdom SE1 2JE,,,
MAEVE MORES LTD,16400660,active,ltd,,,2025-04-22,,2025-04-22,[47789, 47890],22 Osborn Street London England E1 6TD,,,
OLAS TRANSPORT AND LOGISTICS LTD,16400661,active,ltd,,,2025-04-22,,2025-04-22,[49410],Flat 7 Vantage House London England SW19 8UX,,,
LOVINGFORREAL LTD,16400652,active,ltd,,,2025-04-22,,2025-04-22,[82990, 96090],20 Wenlock Road London England N1 7GU,,,
LETTERKENNYS LIMITED,16400685,active,ltd,,,2025-04-22,,2025-04-22,[42120, 43290, 43999, 78200],282a Lewisham High Street London England SE13 6JZ,,,
OLA PINCH OF YEMEN LIMITED,16400684,active,ltd,,,2025-04-22,,2025-04-22,[56103],163 Hendon Way London England NW2 2NB,,,
SILVER TIN LIMITED,16400860,active,ltd,,,2025-04-22,,2025-04-22,[71122],124-128 City Road London England EC1V 2NJ,,,
LION MANAGEMENT GROUP LTD,16400862,active,ltd,,,2025-04-22,,2025-04-22,[70221],40 Pitfield Street London England N1 6EU,,,
DFA DEVELOPMENT LTD,16400891,active,ltd,,,2025-04-22,,2025-04-22,[41100],22 Robert Owen House London England SW6 6JA,,,
COMMONS REPAIRS LIMITED,16400955,active,ltd,,,2025-04-22,,2025-04-22,[41100, 43390],Flat 11 Dawson House London England SE5 8UR,,,
HELLO CLOUD LTD,16401097,active,ltd,,,2025-04-22,,2025-04-22,[55209],403 Sunflower House 1 Sunrise Close London England E20 1LY,https://hellocloudltd.co.uk,,Confirmed
ETHEREAL CAFE LTD,16401117,active,ltd,,,2025-04-23,,2025-04-23,[56101],32 High Street London England N14 6EE,,,
MAROWSTORE LTD,16374242,active,ltd,,,2025-04-08,,2025-04-08,[47190],3 Dunmow Road London England E15 1TZ,,,
BEST HAULAGE INTERNATIONAL LTD,16401692,active,ltd,,,2025-04-23,,2025-04-23,[52290],85 Great Portland Street London England W1W 7LT,,,
NET TECHNOLOGY LIMITED,16401731,active,ltd,,,2025-04-23,,2025-04-23,[62020],85 Great Portland Street London United Kingdom W1W 7LT,,,
THE HALL APPROACH LTD,16401755,active,ltd,,,2025-04-23,,2025-04-23,[85590, 85600],Flat 2 79 Alexandra Road London England SW19 7LE,,,
HOMETOWN LTD,16401754,active,ltd,,,2025-04-23,,2025-04-23,[47789],312 Uxbridge Road London United Kingdom W12 7LJ,,,
POKEGRAY LTD,16401711,active,ltd,,,2025-04-23,,2025-04-23,[47650],124-128 City Road London United Kingdom EC1V 2NX,,,
MKK PROPERTY SERVICES LIMITED,16401777,active,ltd,,,2025-04-23,,2025-04-23,[68100, 68209, 68320],38 Basement London England NW1 8AJ,,,
DAVEDEN DIGITAL LTD,16401801,active,ltd,,,2025-04-23,,2025-04-23,[62090],44 Watford Way London England NW4 3AL,https://daveden.co.uk,,Likely
GREEN GLO CLEANING CO LTD,16393366,active,ltd,,,2025-04-17,,2025-04-17,[81210],85 Great Portland Street London England W1W 7LT,https://greenglocleaningco.com,,Confirmed
DEE CLEANING SERVICE LTD,16401800,active,ltd,,,2025-04-23,,2025-04-23,[81210],3rd Floor, 86-90 Paul Street London England EC2A 4NE,,,
ORYX INTERNATIONAL LTD,16401813,active,ltd,,,2025-04-23,,2025-04-23,[70229, 85590],71-75 Shelton Street London England WC2H 9JQ,,,
JOURNEYSTACK LIMITED,16401791,active,ltd,,,2025-04-23,,2025-04-23,[70229],3rd Floor, 86-90 Paul Street London United Kingdom EC2A 4NE,,,
EGGSCAPED LTD,16401875,active,ltd,,,2025-04-23,,2025-04-23,[10850, 10890, 47290],3 Royal Victor Place London United Kingdom E3 5SS,,,
VANDALAY INDUSTRIES LIMITED,16401891,active,ltd,,,2025-04-23,,2025-04-23,[59200],57 Chevening Road London England SE10 0LA,,,
FIGHTSCHOOL LTD,16401888,active,ltd,,,2025-04-23,,2025-04-23,[47910],Suite 8970 5 Brayford Square London United Kingdom E1 0SG,,,
CINDERMAST LTD,16401919,active,ltd,,,2025-04-23,,2025-04-23,[58210],3rd Floor, 86-90 Paul Street London United Kingdom EC2A 4NE,,,
MOD TRADING CO., LIMITED,16401939,active,ltd,,,2025-04-23,,2025-04-23,[46150, 46190, 96090],Flat 107 25 Indescon Square London England E14 9DG,,,
SNAP FIT INTERIORS FURNITURE LTD,16391911,active,ltd,,,2025-04-16,,2025-04-16,[47599],48 Pennell House 116 Cockfosters Road London England EN4 0FT,https://snapfitinteriors.co.uk,,Confirmed
QTHON TRADING LIMITED,16401950,active,ltd,,,2025-04-23,,2025-04-23,[46160, 46190, 47750, 47910],Unit Fs.113a Fleet Street 154-160 Fleet Street London United Kingdom EC4A 2DQ,,,
THIS IS LIFE LTD,16401946,active,ltd,,,2025-04-23,,2025-04-23,[85590],71-75 Shelton Street London United Kingdom WC2H 9JQ,,,
HOME EXPRESS TRADING LTD,16401926,active,ltd,,,2025-04-23,,2025-04-23,[47990],85 Great Portland Street London England W1W 7LT,,,
THE HOUSE OF PURITY LTD,16401951,active,ltd,,,2025-04-23,,2025-04-23,[47910],71-75 Shelton Street London United Kingdom WC2H 9JQ,,,
SAYAD ALMADINA TRADING LTD,16401965,active,ltd,,,2025-04-23,,2025-04-23,[46439, 46499, 47540],2nd Floor College House Ruislip, United Kingdom HA4 7AE,,,
TITAN INVESTORS UK HOLDINGS LIMITED,16401993,active,ltd,,,2025-04-23,,2025-04-23,[82302],C/O Mishcon De Reya Africa House London United Kingdom WC2B 6AH,,,
CHIPPY25 LTD,16402001,active,ltd,,,2025-04-23,,2025-04-23,[56101, 56103, 56210, 56302],Flat 12 Anguilla House London England N7 8ET,,,
VKTR TRADING LIMITED,16401996,active,ltd,,,2025-04-23,,2025-04-23,[46160, 46190, 47750, 47910],Unit Fs.113a Fleet Street 154-160 Fleet Street London United Kingdom EC4A 2DQ,,,
SECHI SERVICES LTD,16402024,active,ltd,,,2025-04-23,,2025-04-23,[38110, 81210],32 Cumberland Road London England N9 8LX,,,
ZEPHYRIFT TRADING LIMITED,16402046,active,ltd,,,2025-04-23,,2025-04-23,[46160, 46190, 47750, 47910],Unit Fs.113a Fleet Street 154-160 Fleet Street London United Kingdom EC4A 2DQ,,,
RTRH SERVICES LTD,16402042,active,ltd,,,2025-04-23,,2025-04-23,[74201],5 Elm Road London England E7 9HN,,,
POSADA CAPITAL LTD,16402088,active,ltd,,,2025-04-23,,2025-04-23,[62012, 62020, 64991],71-75 Shelton Street London United Kingdom WC2H 9JQ,,,
GG-239-539 LIMITED,16402072,active,ltd,,,2025-04-23,,2025-04-23,[68209],C/O Getground London England W6 0NB,,,
RCHAIN PROPERTY LTD,16402096,active,ltd,,,2025-04-23,,2025-04-23,[68100, 68209],809 Salisbury House 29 Finsbury Circus London United Kingdom EC2M 7AQ,,,
ROWOODEN LTD,16402100,active,ltd,,,2025-04-23,,2025-04-23,[47910],24-26, Arcadia Avenue Fin0000 London United Kingdom N3 2JU,,,
GG-911-251 LIMITED,16402133,active,ltd,,,2025-04-23,,2025-04-23,[68209],C/O Getground London England W6 0NB,,,
CALLIENT TECH LIMITED,16402170,active,ltd,,,2025-04-23,,2025-04-23,[58290, 61900, 62012],2nd Floor College House Ruislip, United Kingdom HA4 7AE,,,
HUMA ALI LTD,16402137,active,ltd,,,2025-04-23,,2025-04-23,[74100],Flat 16 Granary Court London England E15 1PD,,,
TS RECOVERY & TOWING LIMITED,16402172,active,ltd,,,2025-04-23,,2025-04-23,[45112, 49410],2 Princes Way London England SW19 6QE,,,
ST.DORA LIMITED,16402187,active,ltd,,,2025-04-23,,2025-04-23,[47710, 47721, 47910],71-75 Shelton Street London United Kingdom WC2H 9JQ,,,
24 NZOU CONSULTING LTD,16402249,active,ltd,,,2025-04-23,,2025-04-23,[74909],3rd Floor, 86-90 Paul Street London United Kingdom EC2A 4NE,,,
QUARTET.IO LTD,16402277,active,ltd,,,2025-04-23,,2025-04-23,[62012],International House London United Kingdom N1 7SR,https://quartet.io,,Confirmed
19 ENTERTAINMENT AND DIGITAL WORLD LIMITED,16402255,active,ltd,,,2025-04-23,,2025-04-23,[73110, 78101, 82302, 90030],124-128 City Road London England EC1V 2NX,,,
DIRECTWAY IMMIGRATION LIMITED,16402298,active,ltd,,,2025-04-23,,2025-04-23,[69109, 96090],23 Nansen Road London England SW11 5NS,https://www.directwayimmigration.co.uk,,Confirmed
TKN DIGITAL SOLUTIONS LIMITED,16402300,active,ltd,,,2025-04-23,,2025-04-23,[47910, 62020],86-90 Paul Street London England EC2A 4NE,,,
CB-SPOTLESS CLEANING SERVICES LIMITED,16402291,active,ltd,,,2025-04-23,,2025-04-23,[81299],69 Stoneycroft Close London England SE12 0SN,https://www.cb-spotlesscleaningservices.co.uk,,Confirmed
ALI RAZA TRADER LTD,16402420,active,ltd,,,2025-04-23,,2025-04-23,[47990],Ideliverd #9009 2 Lansdowne Rd, Croydon London United Kingdom CR9 2ER,,,
BARKVISUALS LTD,16402453,active,ltd,,,2025-04-23,,2025-04-23,[59120],71-75 Shelton Street London United Kingdom WC2H 9JQ,,,
GLOBAL ADVISORY CONSULTING GROUP LTD,16402434,active,ltd,,,2025-04-23,,2025-04-23,[62020, 64209, 71122],2nd Floor College House Ruislip, United Kingdom HA4 7AE,,,
GHEEWALA CONSULTING LTD,16402427,active,ltd,,,2025-04-23,,2025-04-23,[70229],85 Tooting High Street London England SW17 0SU,,,
RISING TITANS LIMITED,16402545,active,ltd,,,2025-04-23,,2025-04-23,[70210, 70229, 74909],71-75 Shelton Street London United Kingdom WC2H 9JQ,,,
INTEGRATED CARE DEVICES LTD,16402523,active,ltd,,,2025-04-23,,2025-04-23,[46690],20 Wenlock Road London England N1 7GU,,,
APEXX LIFE LTD,16402511,active,ltd,,,2025-04-23,,2025-04-23,[62090],20 Wenlock Road London England N1 7GU,,,
REMIPEY UK LTD,16402608,active,ltd,,,2025-04-23,,2025-04-23,[47990, 96090],71-75 Shelton Street London United Kingdom WC2H 9JQ,,,
THE FUEL VAULT LTD,16402594,active,ltd,,,2025-04-23,,2025-04-23,[47910, 47990, 77390, 82990],71-75 Shelton Street London United Kingdom WC2H 9JQ,,,
TAIWANESE BUBBLE LTD,16402599,active,ltd,,,2025-04-23,,2025-04-23,[56103],2nd Floor College House Ruislip, United Kingdom HA4 7AE,,,
IMMERSIVE PROPERTY SOLUTIONS LTD,16402576,active,ltd,,,2025-04-23,,2025-04-23,[68209],71-75 Shelton Street London United Kingdom WC2H 9JQ,,,
VAULTNEST LTD,16402670,active,ltd,,,2025-04-23,,2025-04-23,[68201, 68310, 68320, 98000],Flat 9 Omega Court Romford England RM7 9QJ,,,
FREEGET LTD,16402696,active,ltd,,,2025-04-23,,2025-04-23,[47910],128 City Road London United Kingdom EC1V 2NX,,,
HADAR BRISTOL LTD,16402694,active,ltd,,,2025-04-23,,2025-04-23,[68100],63a Elm Park Avenue London England N15 6UN,,,
ELSOMELIVING LIMITED,16402678,active,ltd,,,2025-04-23,,2025-04-23,[68100, 68209, 68320, 87200],Flat 6 Lavenham House London England E17 5AS,,,
NEXTGEN PRIME ESTATES LTD,16402647,active,ltd,,,2025-04-23,,2025-04-23,[68100, 68209],Flat 27 Seymour Court London England N16 6AU,,,
CYCLOPES LTD,16402732,active,ltd,,,2025-04-23,,2025-04-23,[47910],Suite 8974 5 Brayford Square London United Kingdom E1 0SG,,,
AVALA GALLERY LIMITED,16402737,active,ltd,,,2025-04-23,,2025-04-23,[47781],29 Elthorne Avenue London England W7 2JY,,,
WANPIGN LTD,16402731,active,ltd,,,2025-04-23,,2025-04-23,[47910],Unit 276 Ground Floor Capital House London United Kingdom E8 1LL,,,
NEURODERMA LTD,16402704,active,ltd,,,2025-04-23,,2025-04-23,[47910],128 City Road London United Kingdom EC1V 2NX,,,
STRATMINED ADVISORY LTD,16402788,active,ltd,,,2025-04-23,,2025-04-23,[70229],20 Wenlock Road London England N1 7GU,,,
OMZ LTD,16402777,active,ltd,,,2025-04-23,,2025-04-23,[47910],128 City Road London United Kingdom EC1V 2NX,,,
PRONEXUS EUROPE LTD,16402791,active,ltd,,,2025-04-23,,2025-04-23,[64209],20 Wenlock Road London England N1 7GU,,,
SLOANE SEARCH GROUP LIMITED,16402868,active,ltd,,,2025-04-23,,2025-04-23,[78109],4th Floor Silverstream House London United Kingdom W1T 6EB,sloanesearch.group,,Confirmed
FABENT LTD,16402931,active,ltd,,,2025-04-23,,2025-04-23,[86220],158 Buckingham Palace Road London England SW1W 9TR,,,
ANTITHINK LABS LTD,16402933,active,ltd,,,2025-04-23,,2025-04-23,[63110],Office 12482 182-184 High Street North East Ham London United Kingdom E6 2JA,,,
YOUNG BALLERZ BASKETBALL FRANCHISING LIMITED,16402890,active,ltd,,,2025-04-23,,2025-04-23,[70229],Turnpike House 1208-1210 London Road Leigh-On-Sea England SS9 2UA,youngballerzbasketball.co.uk,,Confirmed
LONDON ESTATE AGENCY LTD,16402916,active,ltd,,,2025-04-23,,2025-04-23,[68201, 68202, 68310, 68320],71-75 Shelton Street London United Kingdom WC2H 9JQ,,,
AL SHALABE GIRL HOME LTD,16402996,active,ltd,,,2025-04-23,,2025-04-23,[56103],Embassy Tea House 195-205 Union Street London England SE1 0LN,,,
CEYLON2WORLD LTD,16403032,active,ltd,,,2025-04-23,,2025-04-23,[46370, 47250, 47290, 47910],Flat 1 Coutts Court London England E14 7GS,ceylon2world.com,,Confirmed
MO DEVELOPMENTS UK LIMITED,16403041,active,ltd,,,2025-04-23,,2025-04-23,[41100, 68100, 68320],20 Wenlock Road London England N1 7GU,,,
MULECRAFT LIMITED,16403042,active,ltd,,,2025-04-23,,2025-04-23,[62012, 62020, 62090],3rd Floor, 86-90 Paul Street London England EC2A 4NE,,,
ACADEMY OF BLOOD CHEMISTRY LTD,16403087,active,ltd,,,2025-04-23,,2025-04-23,[86900],2 Woodberry Grove London United Kingdom N12 0DR,,,
SHIKOU XIAOYAN LTD,16403130,active,ltd,,,2025-04-23,,2025-04-23,[46460, 47910],Unit #2308 275 New North Road London United Kingdom N1 7AA,,,
NOYAN MARINE LTD,16403169,active,ltd,,,2025-04-23,,2025-04-23,[99999],Third Floor London England W1B 3HH,,,
BLACKSTONE CONSTRUCTION GRP LTD,16403150,active,ltd,,,2025-04-23,,2025-04-23,[41202, 43210],71-75 Shelton Street London United Kingdom WC2H 9JQ,blackstoneconstructiongrp.co.uk,info@blackstoneconstructiongrp.co.uk,Confirmed
BEST BUY EMART LTD,16403143,active,ltd,,,2025-04-23,,2025-04-23,[47910, 47990],124-128 City Road London England EC1V 2NX,,,
HERITAGE FUTURES LTD,16403197,active,ltd,,,2025-04-23,,2025-04-23,[68209],143 Beauchamp Road London England SE19 3DA,,,
LEGIONAREX LTD,16403224,active,ltd,,,2025-04-23,,2025-04-23,[47910],71-75 Shelton Street London United Kingdom WC2H 9JQ,,,
SILICONCELL LIMITED,16403230,active,ltd,,,2025-04-23,,2025-04-23,[62011, 62012, 62020],71-75 Shelton Street London United Kingdom WC2H 9JQ,siliconcell.uk,support@siliconcell.uk,Confirmed
USSA CANDLES LIMITED,16403211,active,ltd,,,2025-04-23,,2025-04-23,[32990],1 Cremer House St. Leonards-On-Sea England TN37 6PE,,,
SPORTS LEAGUES LTD,16403207,active,ltd,,,2025-04-23,,2025-04-23,[93199],27 Old Gloucester Street London United Kingdom WC1N 3AX,,,
DLBS INVESTMENTS LTD,16403203,active,ltd,,,2025-04-23,,2025-04-23,[68209],19 Spring Hill London United Kingdom E5 9BE,,,
SAMA EXPORT & IMPORT CO., LTD,16403259,active,ltd,,,2025-04-23,,2025-04-23,[99999],41 Devonshire Street Ground Floor Office 1 London United Kingdom W1G 7AJ,,,
SENTRYHC LTD,16403279,active,ltd,,,2025-04-23,,2025-04-23,[68100, 68201, 68320],71-75 Shelton Street London United Kingdom WC2H 9JQ,sentryhc.com,,Confirmed
SPYROZ LTD,16403302,active,ltd,,,2025-04-23,,2025-04-23,[96090],71-75 Shelton Street London United Kingdom WC2H 9JQ,,,
DIGISPRING INTERNATIONAL LTD,16403334,active,ltd,,,2025-04-23,,2025-04-23,[46900, 62020, 69109, 70229],128 City Road London United Kingdom EC1V 2NX,,,
LAUNCHEDROCKETBYTE LTD,16403290,active,ltd,,,2025-04-23,,2025-04-23,[62012],71-75 Shelton Street London United Kingdom WC2H 9JQ,,,
SAROC DEVELOPMENTS LTD,16403367,active,ltd,,,2025-04-23,,2025-04-23,[68100],128 City Road London United Kingdom EC1V 2NX,sarocdevelopments.co.uk,,Confirmed
MINT CHINA GROUP LTD,16403405,active,ltd,,,2025-04-23,,2025-04-23,[46420, 46900, 47910],41 Devonshire Street Ground Floor Office 1 London United Kingdom W1G 7AJ,,,
TP BENCHMARK UK LTD,16403394,active,ltd,,,2025-04-23,,2025-04-23,[69203],71-75 Shelton Street London United Kingdom WC2H 9JQ,,,
MICROMOBILITY SOLUTIONS LTD,16403443,active,ltd,,,2025-04-23,,2025-04-23,[47640],71-75 Shelton Street London United Kingdom WC2H 9JQ,,,
A KNIGHT COMMUNICATIONS LTD,16403433,active,ltd,,,2025-04-23,,2025-04-23,[70210],147 Station Road North Chingford London United Kingdom E4 6AG,,,
AIMACHI LIMITED,16403436,active,ltd,,,2025-04-23,,2025-04-23,[62012],175 Wilkinson Way London England W4 5XF,,,
SUMMIT BD LTD,16403478,active,ltd,,,2025-04-23,,2025-04-23,[70229],4th Floor Office London England W1B 4HB,,,
ASTRA MOON AI LTD,16403457,active,ltd,,,2025-04-23,,2025-04-23,[62012],71-75 Shelton Street London United Kingdom WC2H 9JQ,astramoonai.xyz,,Confirmed
PEPERONCINO ITALIANO LIMITED,16403482,active,ltd,,,2025-04-23,,2025-04-23,[56101],Monomark House London England WC1N 3AX,,,
RAMPESNA SOFTWARE LTD,16403455,active,ltd,,,2025-04-23,,2025-04-23,[62012, 62020],2nd Floor College House Ruislip, United Kingdom HA4 7AE,,,
BLENHEIM AUCTIONS LTD,16403448,active,ltd,,,2025-04-23,,2025-04-23,[47791],124 City Road London United Kingdom EC1V 2NX,blenheimauctions.co.uk,info@blenheimauctions.co.uk,Confirmed
LOBOJ LTD,16403494,active,ltd,,,2025-04-23,,2025-04-23,[81210],36 Glenhurst Road London England N12 9UB,,,
L.N ADVANCE PAINTING AND DECORATING LTD,16403531,active,ltd,,,2025-04-23,,2025-04-23,[41201, 41202],19 Sale Place London England W2 1PX,,,
KNOWRIC LTD,16403520,active,ltd,,,2025-04-23,,2025-04-23,[47910],71-75 Shelton Street London United Kingdom WC2H 9JQ,knowric.com,,Likely
AMBRUNEI LTD,16403499,active,ltd,,,2025-04-23,,2025-04-23,[47910],71-75 Shelton Street London United Kingdom WC2H 9JQ,zalle.com.tr,support@zalle.com.tr,Likely
BAB MANSOUR LONDON LIMITED,16403543,active,ltd,,,2025-04-23,,2025-04-23,[56101],57 Endell Street London England WC2H 9AJ,babmansour.co.uk,info@babmansour.co.uk,Confirmed
MIDDAY PICTURES LTD,16403565,active,ltd,,,2025-04-23,,2025-04-23,[90030],71-75 Shelton Street London United Kingdom WC2H 9JQ,,,
BIOVELLO LTD,16403600,active,ltd,,,2025-04-23,,2025-04-23,[47910],Flat 2 26 College Crescent London England NW3 5LH,,,
STAGGER LEE LONDON, LTD,16403592,active,ltd,,,2025-04-23,,2025-04-23,[82990, 90010],7 Savoy Court London United Kingdom WC2R 0EX,,,
EBON LABEL LTD,16403614,active,ltd,,,2025-04-23,,2025-04-23,[47710, 47910, 74100],128 City Road London United Kingdom EC1V 2NX,ebonlabel.co.uk,,Confirmed
ALI BABA NETFLEX LTD,16403694,active,ltd,,,2025-04-23,,2025-04-23,[47990],Ideliverd #9008 2 Lansdowne Rd, Croydon London United Kingdom CR9 2ER,,,
GKADIRI & CO LTD,16403687,active,ltd,,,2025-04-23,,2025-04-23,[68100, 68209, 68310, 68320],20 Wenlock Road London England N1 7GU,,,
CI UK NEWCO HOLDINGS LIMITED,16403695,active,ltd,,,2025-04-23,,2025-04-23,[64209],72 Welbeck Street London United Kingdom W1G 0AY,,,
HAWKERIDGE OAK LTD,16403700,active,ltd,,,2025-04-23,,2025-04-23,[56302],20 Wenlock Road London England N1 7GU,,,
MMAG GROUP LTD,16403646,active,ltd,,,2025-04-23,,2025-04-23,[47910],71-75 Shelton Street London United Kingdom WC2H 9JQ,,,
PERENCO MEXICO LIMITED,16403674,active,ltd,,,2025-04-23,,2025-04-23,[82990],8 Hanover Square London United Kingdom W1S 1HQ,perenco.com,,Likely
AFRICA NOTIFY-IC UK LTD,16403679,active,ltd,,,2025-04-23,,2025-04-23,[62012, 62020],86-90 Paul Street London England EC2A 4NE,notifyic.africa,,Confirmed
LNC GARDEN ROOMS LTD,16387811,active,ltd,,,2025-04-15,,2025-04-15,[43999],71-75 Shelton Street London United Kingdom WC2H 9JQ,lncgardenrooms.com,Lnc.Enquiries@outlook.com,Confirmed
FRENCH COFFEE CONSULTING LTD,16377846,active,ltd,,,2025-04-09,,2025-04-09,[70221, 70229],124 City Road London England EC1V 2NX,,,
DROPIT EUROPE LIMITED,16403808,active,ltd,,,2025-04-23,,2025-04-23,[46900],167-169 Great Portland Street London England W1W 5PF,dropit.shop,,Likely
EVMAR LTD,16403791,active,ltd,,,2025-04-23,,2025-04-23,[64209],The Sati Room London England W1G 0JR,,,
GIGANTEC LTD,16403802,active,ltd,,,2025-04-23,,2025-04-23,[62090],20 Wenlock Road London England N1 7GU,,,
PADEL SOCIAL HOUSE LTD,16403847,active,ltd,,,2025-04-23,,2025-04-23,[93110],86-90 Paul Street London England EC2A 4NE,,,
BRANDILITY LTD,16403842,active,ltd,,,2025-04-23,,2025-04-23,[99999],20 Wenlock Road London England N1 7GU,,,
VENTRICAP HOLDINGS LTD,16403839,active,ltd,,,2025-04-23,,2025-04-23,[64209],3rd Floor 86-90 Paul Street London United Kingdom EC2A 4NE,,,
HANNY CARE LIMITED,16403856,active,ltd,,,2025-04-23,,2025-04-23,[86102],71-75 Shelton Street London United Kingdom WC2H 9JQ,,,
TECH RECYCLING SOLUTIONS LTD,16403870,active,ltd,,,2025-04-23,,2025-04-23,[95110],71-75 Shelton Street London United Kingdom WC2H 9JQ,techrecyclingltd.co.uk,,Likely
ALPHA ELITE GLOBAL LTD,16403876,active,ltd,,,2025-04-23,,2025-04-23,[86900],71-75 Shelton Street London United Kingdom WC2H 9JQ,,,
FIVE TREES MEDICAL LTD,16403906,active,ltd,,,2025-04-23,,2025-04-23,[86220],71-75 Shelton Street London England WC2H 9JQ,,,
CRAFT IRISH WHISKEY LTD,16403918,active,ltd,,,2025-04-23,,2025-04-23,[11010],71-75 Shelton Street London United Kingdom WC2H 9JQ,craftirishwhiskey.com,,Likely
TALLIS & STONE LTD,16403957,active,ltd,,,2025-04-23,,2025-04-23,[43999],3rd Floor, 86-90 Paul Street London United Kingdom EC2A 4NE,,,
AMVII ADVISORY LTD,16403978,active,ltd,,,2025-04-23,,2025-04-23,[70229],20 Wenlock Road London England N1 7GU,,,
PAISLEY HENNA LTD,16403952,active,ltd,,,2025-04-23,,2025-04-23,[47750],3rd Floor, 86-90 Paul Street London United Kingdom EC2A 4NE,paisleyhennatattoo.co.uk,,Confirmed
46 GRAFTON ROAD FREEHOLD LIMITED,16403964,active,ltd,,,2025-04-23,,2025-04-23,[98000],46 Grafton Road London England W3 6PB,,,
CROWN EQUESTRIAN LTD,16404002,active,ltd,,,2025-04-23,,2025-04-23,[41100, 41201, 41202, 43320],20 Wenlock Road London England N1 7GU,,,
MOTOAU LTD,16404020,active,ltd,,,2025-04-23,,2025-04-23,[82990],20 Wenlock Road London England N1 7GU,,,
CHEER PARAMOUNT LIMITED,16404067,active,ltd,,,2025-04-23,,2025-04-23,[64205],Flat 107 25 Indescon Square London England E14 9DG,,,
THERMA LTD,16404066,active,ltd,,,2025-04-23,,2025-04-23,[96090],458 Robeson Street London United Kingdom E3 4JA,,,
LOVEGYROS2024 LTD,16404034,active,ltd,,,2025-04-23,,2025-04-23,[56102],43 London Road Stockton Heath Warrington England WA4 6SG,,,
YANG STYLE BUTTERFLY GATE CULTURE MEDIA CO., LTD,16400274,active,ltd,,,2025-04-22,,2025-04-22,[46150, 46160, 46420, 46499],Unit Fs.113a Fleet Street 154-160 Fleet Street London United Kingdom EC4A 2DQ,,,
PROJECTCO CHURCH LIMITED,16400271,active,ltd,,,2025-04-22,,2025-04-22,[68100],2 Fitzroy Place London United Kingdom W1T 3JJ,,,
KWEIDER LIMITED,16400293,active,ltd,,,2025-04-22,,2025-04-22,[10822, 47240, 56102],184 High St. London United Kingdom W3 9NN,kweidersweets.co.uk,info@kweidersweets.co.uk,Confirmed
PEOPLEANDPIPPO LTD,16400463,active,ltd,,,2025-04-22,,2025-04-22,[59200],19 Pinewood Road London England SE2 0RY,,,
GALLERY 230 LTD,16400451,active,ltd,,,2025-04-22,,2025-04-22,[47781, 68202, 90040],230 Portobello Road London England W11 1LJ,,,
SCOOTOPIAUK LTD,16400605,active,ltd,,,2025-04-22,,2025-04-22,[46190],20 Wenlock Road London England N1 7GU,,,
CAMERA READY COMMUNICATIONS LIMITED,16400572,active,ltd,,,2025-04-22,,2025-04-22,[70229],28 Iveley Road London England SW4 0EW,camerareadycomms.com,,Confirmed
TRINITY ROW LTD,16400578,active,ltd,,,2025-04-22,,2025-04-22,[55900, 68209],31 St. Josephs Close London England W10 5GL,,,
LILI LUSSI LTD,16400814,active,ltd,,,2025-04-22,,2025-04-22,[01430],3a Oakley Street London England SW3 5NN,,,
DOTCOM TECHNO LTD,16400906,active,ltd,,,2025-04-22,,2025-04-22,[62090],241e High Street North London United Kingdom E12 6SJ,,,
V&R VENTURE LTD,16400907,active,ltd,,,2025-04-22,,2025-04-22,[56101],78-79 Leadenhall Street London United Kingdom EC3A 3DH,,,
CASASMART LTD,16355709,active,ltd,,,2025-04-01,,2025-04-01,[68100, 68209],C/O Getground, 1 London England W6 0NB,,,
ADKLOUT LTD,16400917,active,ltd,,,2025-04-22,,2025-04-22,[62020],Flat 6 405 London Road Croydon England CR0 3PE,,,
RAPID PRINT PRO LIMITED,16400905,active,ltd,,,2025-04-22,,2025-04-22,[18129],27 Tabard Street London England SE1 4LA,rapidprintpro.com,hello@rapidprintpro.com,Confirmed
PINT-SIZED PLAYHOUSE LTD,16400975,active,ltd,,,2025-04-22,,2025-04-22,[56102, 93290],86-90 Paul Street London England EC2A 4NE,pint-sizedplayhouse.com,,Confirmed
SALERNO CAPITAL LTD,16401031,active,ltd,,,2025-04-22,,2025-04-22,[64209],124-128 City Road London England EC1V 2NX,,,
CAMPHOR LIMITED,16401142,active,ltd,,,2025-04-23,,2025-04-23,[47910],29748 Office Suite 29a, 3/F., 23 Wharf Street London United Kingdom SE8 3GG,,,
GETIFIT TRADING LIMITED,16401157,active,ltd,,,2025-04-23,,2025-04-23,[46160, 46190, 47750, 47910],85 Great Portland Street London England W1W 7LT,,,
NUVOHAUS LTD,16401161,active,ltd,,,2025-04-23,,2025-04-23,[68209, 98000],154 Colney Hatch Lane London England N10 1ER,,,
ETVOUS LTD,16401166,active,ltd,,,2025-04-23,,2025-04-23,[47770, 47799, 47910],3rd Floor 86-90 Paul Street London England EC2A 4NE,etvous.co.uk,,Confirmed
LEATHER TICKS LTD,16401184,active,ltd,,,2025-04-23,,2025-04-23,[47910],47 Ellora Road London England SW16 6JG,,,
CREZEMO LIMITED,16401248,active,ltd,,,2025-04-23,,2025-04-23,[62012, 62090, 73110, 74100],Flat 29 Baker House London England W7 1DS,crezemo.com,,Confirmed
NELM WELLNESS LTD,16401252,active,ltd,,,2025-04-23,,2025-04-23,[96040],Nelm Wellness London United Kingdom EC1V 2NX,nelmwellness.com,,Confirmed
SECURE IMMEDIATELY LIMITED,16401258,active,ltd,,,2025-04-23,,2025-04-23,[80100],13 Bravey House Southall United Kingdom UB1 1FN,,,
QUICK STOP VAPE SHOP LTD,16401296,active,ltd,,,2025-04-23,,2025-04-23,[47290],96 London Road East Grinstead England RH19 1EP,,,
DIVBOOK SOLUTION LTD,16401339,active,ltd,,,2025-04-23,,2025-04-23,[58110, 74100],Flat 2 49 Belvedere Road London England SE19 2HP,,,
RENHOLT LIMITED,16401361,active,ltd,,,2025-04-23,,2025-04-23,[68209, 68320],Unit 107 China House 401 Edgware Road London England NW2 6GY,,,
LAW AID INTERNATIONAL LTD,16401395,active,ltd,,,2025-04-23,,2025-04-23,[69109],20 Wenlock Road London England N1 7GU,,,
ZILA CART LIMITED,16401380,active,ltd,,,2025-04-23,,2025-04-23,[47910],Unit 5 High Street London United Kingdom W3 6ND,,,
VIOLOKEN LIMITED,16401384,active,ltd,,,2025-04-23,,2025-04-23,[58210, 62011],128 City Road London England EC1V 2NX,,,
ISIM GLOBAL LTD,16401427,active,ltd,,,2025-04-23,,2025-04-23,[61200],86-90 Paul Street London England EC2A 4NE,,,
MODE VIVANTE LTD,16401513,active,ltd,,,2025-04-23,,2025-04-23,[47710],24-26, Arcadia Avenue Fin0000 London United Kingdom N3 2JU,,,
ROLL & PATROL LTD,16401504,active,ltd,,,2025-04-23,,2025-04-23,[56103],23 De Morgan Road London England SW6 2RP,,,
MONDEA PROPERTIES LIMITED,16401547,active,ltd,,,2025-04-23,,2025-04-23,[68100, 68209],Flat 43 Ashbourne Court London United Kingdom N12 8SA,,,
FLYING NUN RECORDS LIMITED,16390654,active,ltd,,,2025-04-16,,2025-04-16,[59132, 73120],Suite 126 Westlink House London United Kingdom TW8 9DN,flyingnun.co.uk,,Likely
SM FIXTURES LTD,16390653,active,ltd,,,2025-04-16,,2025-04-16,[25120, 43342],Beaumont House London England SW20 0LW,,,
GROUP BARBOSA LTD,16390667,active,ltd,,,2025-04-16,,2025-04-16,[46420],20 Wenlock Road London England N1 7GU,,,
PUREA LTD,16390675,active,ltd,,,2025-04-16,,2025-04-16,[68209],C/O Getground London England W6 0NB,,,
SAKE HOLDCO LTD,16390689,active,ltd,,,2025-04-16,,2025-04-16,[70229],29 - 31 Euston Road London England NW1 2SD,,,
A3RS CONSULTING LIMITED,16390708,active,ltd,,,2025-04-16,,2025-04-16,[62020],The Long Lodge Wimbledon United Kingdom SW19 3NW,,,
LOST TO HOME LTD,16390784,active,ltd,,,2025-04-16,,2025-04-16,[58110, 58190, 63120],1 Sedlescombe Road London England SW6 1RE,,,
GALLEA LTD,16390782,active,ltd,,,2025-04-16,,2025-04-16,[46900, 73200, 74300, 74909],71-75 Shelton Street London United Kingdom WC2H 9JQ,,,
NORSET LTD,16390779,active,ltd,,,2025-04-16,,2025-04-16,[41100, 68100, 68310],Pexor House Staffa Road London United Kingdom E10 7QZ,,,
DESERTBOYS GROUP LTD,16390791,active,ltd,,,2025-04-16,,2025-04-16,[47910],Apartment 3107 Hampton Tower 75 Marsh Wall London England E14 9RW,,,
LUXURY AESTHETICS LTD,16390810,active,ltd,,,2025-04-16,,2025-04-16,[96020],44 London Road St. Albans England AL1 1NG,,,
NEURAL NOMAD LTD.,16390823,active,ltd,,,2025-04-16,,2025-04-16,[68100, 68209, 68310, 68320],71-75 Shelton Street London United Kingdom WC2H 9JQ,,,
LESTARI LABS LTD,16390816,active,ltd,,,2025-04-16,,2025-04-16,[46450, 47750, 47990],71-75 Shelton Street London United Kingdom WC2H 9JQ,,,
QUEST COMMERCIAL CLEANING LTD,16390827,active,ltd,,,2025-04-16,,2025-04-16,[81210, 81222, 81229],Thames House Leigh-On-Sea England SS9 2QQ,questcleaning.co.uk,,Confirmed
TROY VISION LTD,16390844,active,ltd,,,2025-04-16,,2025-04-16,[41201, 41202, 43390],71-75 Shelton Street London United Kingdom WC2H 9JQ,,,
TRACKBOY LIMITED,16390870,active,ltd,,,2025-04-16,,2025-04-16,[29310],167 - 169 Great Portland Street London England W1W 5PF,trackboy.co.uk,,Likely
SORORA LIMITED,16390847,active,ltd,,,2025-04-16,,2025-04-16,[68320],2nd Floor College House Ruislip, United Kingdom HA4 7AE,,,
LUMIQ PROPERTIES LTD,16390896,active,ltd,,,2025-04-16,,2025-04-16,[68100, 68209],71-75 Shelton Street London United Kingdom WC2H 9JQ,,,
GRD PRODUCTIONS LIMITED,16390946,active,ltd,,,2025-04-16,,2025-04-16,[90030],2nd Floor, Northumberland House 303-306 High Holborn London England WC1V 7JZ,,,
AKVAMARIN LTD,16390967,active,ltd,,,2025-04-16,,2025-04-16,[70221, 70229],71-75 Shelton Street London United Kingdom WC2H 9JQ,,,
THE MANBROIDERER LIMITED,16390977,active,ltd,,,2025-04-16,,2025-04-16,[47910, 90030],71-75 Shelton Street London United Kingdom WC2H 9JQ,themanbroiderer.com,,Confirmed
PHOENYX OPS LTD,16391078,active,ltd,,,2025-04-16,,2025-04-16,[70100, 70210, 71122, 74909],2nd Floor College House Ruislip, United Kingdom HA4 7AE,,,
ROBUSTA COFFEE LTD,16391080,active,ltd,,,2025-04-16,,2025-04-16,[10832],77 Marsh Wall London England E14 9SH,,,
ELITE TELECOM TECHNOLOGY LTD,16391109,active,ltd,,,2025-04-16,,2025-04-16,[61900],Space House Abbey Road London United Kingdom NW10 7SU,,,
UK TAX SERVICES LTD,16391126,active,ltd,,,2025-04-16,,2025-04-16,[69201, 69202, 69203],27 Old Gloucester Street London United Kingdom WC1N 3AX,,,
DEVALENIUS LTD,16391491,active,ltd,,,2025-04-16,,2025-04-16,[58290, 62011, 62012, 62090],30 Bruton Way 2nd Floor London United Kingdom W13 0BY,fantasiaflows.com,info@fantasiaflows.com,Confirmed
JASPER PAWS LIMITED,16391489,active,ltd,,,2025-04-16,,2025-04-16,[47910],71-75 Shelton Street London United Kingdom WC2H 9JQ,,,
VALRAO LIMITED,16391505,active,ltd,,,2025-04-16,,2025-04-16,[41100, 41201, 41202],43a Settles Street London England E1 1JN,valrao.com,,Confirmed
BREAM HOLDINGS UK LTD,16391484,active,ltd,,,2025-04-16,,2025-04-16,[64209],20 Wenlock Road London England N1 7GU,,,
JC SPICE LIMITED,16391688,active,ltd,,,2025-04-16,,2025-04-16,[56101],261 Barking Road London England E13 8EQ,,,
NK STOREZ LTD,16391706,active,ltd,,,2025-04-16,,2025-04-16,[47910],124 City  Road London United Kingdom EC1V 2NX,,,
DIGICHAIN CONSULTING LIMITED,16391695,active,ltd,,,2025-04-16,,2025-04-16,[62020],17 Barber Close London England N21 1BE,,,
VIRTUAL REACH POINT LTD,16391800,active,ltd,,,2025-04-16,,2025-04-16,[18129, 47910, 62012, 74100],2 Frederick Street London United Kingdom WC1X 0ND,,,
ORDERPRIMEPICKS LTD,16391799,active,ltd,,,2025-04-16,,2025-04-16,[46610, 47190, 47910, 47990],2 Frederick Street London United Kingdom WC1X 0ND,,,
HYPERZOOM CLOTHING LIMITED,16391798,active,ltd,,,2025-04-16,,2025-04-16,[46420],35 Ballards Lane London United Kingdom N3 1XW,,,
YOPHIY LTD,16391812,active,ltd,,,2025-04-16,,2025-04-16,[20420, 47750],167 - 169 Great Portland Street London England W1W 5PF,,,
PURPLE COW LIMITED,16391804,active,ltd,,,2025-04-16,,2025-04-16,[70229],Flat 7 18 Romeyn Road London England SW16 2NU,,,
SBS COACHING LTD,16391801,active,ltd,,,2025-04-16,,2025-04-16,[85510, 93199],35 Grafton Way London England W1T 5DB,,,
FOCUSED HOMES LTD,16391960,active,ltd,,,2025-04-16,,2025-04-16,[68209],71-75 Shelton Street London United Kingdom WC2H 9JQ,,,
ELVASTON ASSOCIATES LIMITED,16391950,active,ltd,,,2025-04-16,,2025-04-16,[82990],15 Dora Road Wimbledon London United Kingdom SW19 7EZ,,,
SOLARYN TECHNOLOGY LIMITED,16391944,active,ltd,,,2025-04-16,,2025-04-16,[62012],Silverstream House London England W1T 6EB,,,
INSIDEOUT MEDIA LIMITED,16392100,active,ltd,,,2025-04-16,,2025-04-16,[59120, 59131, 60200, 90030],8 Selborne Gardens London United Kingdom NW4 4SJ,,,
MARMODE LTD,16392225,active,ltd,,,2025-04-16,,2025-04-16,[86900],130 Shaftesbury Avenue London England W1D 5AR,,,
BILLY HEALTH LTD,16392710,active,ltd,,,2025-04-16,,2025-04-16,[21200, 46499, 47910, 86900],73 Newman Street London England W1T 3EJ,,,
HIGHBURY ASSETS LIMITED,16392862,active,ltd,,,2025-04-16,,2025-04-16,[68209],C/O Hoffman & Cohen London England SW3 1JD,,,
DISCOURSELAB LTD,16393032,active,ltd,,,2025-04-16,,2025-04-16,[74909],3rd Floor, 86-90 Paul Street London United Kingdom EC2A 4NE,discourselab.ai,,Likely
LOOMWELL STUDIOS LIMITED,16373689,active,ltd,,,2025-04-08,,2025-04-08,[58190, 62012, 70229, 73110],71-75 Shelton Street London England WC2H 9JQ,loomwellstudios.com,,Confirmed
CAMEL FINANCE LIMITED,16393229,active,ltd,,,2025-04-16,,2025-04-16,[64921],201 Stoke Newington Church Street London England N16 9ES,,,
ASTERNIS GLOBAL LTD,16393311,active,ltd,,,2025-04-17,,2025-04-17,[82990],International House London United Kingdom EC3V 3NG,,,
NEELAM C LTD,16401598,active,ltd,,,2025-04-23,,2025-04-23,[68100],119 Crescent Road London United Kingdom SE18 7AH,,,
XINTREX LTD,16401559,active,ltd,,,2025-04-23,,2025-04-23,[47910],47 Ellora Road London England SW16 6JG,,,
BRIT NOVA INNOVATIONS LTD,16401611,active,ltd,,,2025-04-23,,2025-04-23,[47990],701 London Road Sutton England SM3 9DL,,,
TALK2TOM CAPITAL LTD,16401570,active,ltd,,,2025-04-23,,2025-04-23,[64209, 64991],166 River Heights, 90 High Street London England E15 2GQ,,,
ST APPLIANCE SERVICES LTD,16406462,active,ltd,,,2025-04-24,,2025-04-24,[95220],1 Cheapside North Circular Road London United Kingdom N13 5ED,,,
SAFE STANDS INITIATIVE C.I.C.,16406527,active,ltd,community-interest-company,,2025-04-24,,2025-04-24,[62012, 70229, 96090],197a Whitecross Street London England EC1Y 8QP,,,
NICOLAS OLIVER LTD,16406493,active,ltd,,,2025-04-24,,2025-04-24,[46460, 47910],Unit #2308 275 New North Road London United Kingdom N1 7AA,,,
REAL LENDING & FINANCIAL SERVICES LTD,16406499,active,ltd,,,2025-04-24,,2025-04-24,[64922, 65110, 65120, 66220],128 City Road London United Kingdom EC1V 2NX,,,
KYNRO LTD,16406498,active,ltd,,,2025-04-24,,2025-04-24,[47910, 47990],71-75 Shelton Street London United Kingdom WC2H 9JQ,,,
OPMG FINANCIAL LTD,16406480,active,ltd,,,2025-04-24,,2025-04-24,[64922],Suite 428b, 4th Floor 33 Cavendish Square London United Kingdom W1G 0PW,,,
CARL CHRIS & CO LTD,16406476,active,ltd,,,2025-04-24,,2025-04-24,[43210, 43310, 43320, 43341],71-75 Shelton Street London United Kingdom WC2H 9JQ,carlchris.co.uk,,Confirmed
ORI ZVI LAVIE LTD,16406425,active,ltd,,,2025-04-24,,2025-04-24,[46460, 47910],Unit #2308 275 New North Road London United Kingdom N1 7AA,,,
BSD RY INV LTD,16406423,active,ltd,,,2025-04-24,,2025-04-24,[68100],127 Craven Park Road London England N15 6BP,,,
BSD INVESTMENTS 2 LTD,16406570,active,ltd,,,2025-04-24,,2025-04-24,[68209],Building B Oriental Carpet Centre London England N4 1TJ,,,
MONIBLE LIMITED,16406547,active,ltd,,,2025-04-24,,2025-04-24,[64999],71-75 Shelton Street London United Kingdom WC2H 9JQ,,,
OPERATIONAL DATA INSIGHTS AND NAVIGATION LIMITED,16406607,active,ltd,,,2025-04-24,,2025-04-24,[70229],29 Charles Street Mayfair United Kingdom W1J 5DT,,,
ELDEN GROUP LTD,16406583,active,ltd,,,2025-04-24,,2025-04-24,[41100, 43290, 43320, 43390],71-75 Shelton Street London United Kingdom WC2H 9JQ,eldengroup.co.uk,,Confirmed
GONZALEZ VILLENA M D L N N FINISHING LIMITED,16406639,active,ltd,,,2025-04-24,,2025-04-24,[43999],507 Barking Road London England E6 2LN,,,
MIDNIGHT AT THE PALACE LIMITED,16406622,active,ltd,,,2025-04-24,,2025-04-24,[90020],124 Finchley Road London United Kingdom NW3 5JS,,,
BOOST AID LTD,16406621,active,ltd,,,2025-04-24,,2025-04-24,[96090],410 Sonic House London United Kingdom E3 2NP,,,
FLIXAPAY (UK) LIMITED,16406676,active,ltd,,,2025-04-24,,2025-04-24,[62090],128 City Road London United Kingdom EC1V 2NX,flixapaygroup.com,,Likely
1WAYBET LTD,16406669,active,ltd,,,2025-04-24,,2025-04-24,[62012, 66190, 74909, 82990],3 Red Cross Cottages London England SE1 1EX,,,
CODEDISCO LTD,16406648,active,ltd,,,2025-04-24,,2025-04-24,[58290, 62012, 62090, 63110],71-75 Shelton Street London United Kingdom WC2H 9JQ,,,
AHMAD RYA LTD,16406696,active,ltd,,,2025-04-24,,2025-04-24,[47910],128 City Road London United Kingdom EC1V 2NX,,,
FSA ESTATES LTD,16406684,active,ltd,,,2025-04-24,,2025-04-24,[41100, 68100, 68209, 68310],96 Marco Polo Tower London England E16 2BN,,,
RED BY LIU LTD,16406702,active,ltd,,,2025-04-24,,2025-04-24,[56101],Flat 1 857 Fulham Road London England SW6 5HJ,,,
BLOQ.IT LIMITED,16406679,active,ltd,,,2025-04-24,,2025-04-24,[62090],1st Floor 8 Bridle Close Kingston Upon Thames United Kingdom KT1 2JW,bloq.it,,Confirmed
BETTA BUILDERS LIMITED,16406747,active,ltd,,,2025-04-24,,2025-04-24,[41100, 41201, 41202, 43910],128 City Road London United Kingdom EC1V 2NX,,,
STALLION P.I.C LTD,16406724,active,ltd,,,2025-04-24,,2025-04-24,[68100, 68209],128 City Road London United Kingdom EC1V 2NX,,,
JGM CARPENTRY LIMITED,16406772,active,ltd,,,2025-04-24,,2025-04-24,[16230],Flat 25 Swanley House London England SE17 2LF,,,
REMAI GROUP LTD,16406790,active,ltd,,,2025-04-24,,2025-04-24,[70100],Unit 14 328 Bath Road London United Kingdom TW4 7HW,,,
JVP UK PROPERTIES LTD,16406789,active,ltd,,,2025-04-24,,2025-04-24,[68209, 68320],128 City Road London United Kingdom EC1V 2NX,,,
DADO CREATIVE STUDIOS LIMITED,16406875,active,ltd,,,2025-04-24,,2025-04-24,[62090, 70210, 73110, 74100],Flat 3 Frye Court London England E3 2AZ,,,
SAMADICY LTD,16406850,active,ltd,,,2025-04-24,,2025-04-24,[47910],128 City Road London United Kingdom EC1V 2NX,,,
HOCL HUB LTD,16406845,active,ltd,,,2025-04-24,,2025-04-24,[96090],128 City Road London United Kingdom EC1V 2NX,hoclhub.com,,Confirmed
TOC VENTURES LTD,16406847,active,ltd,,,2025-04-24,,2025-04-24,[64205, 64209, 82990],124 City  Road London United Kingdom EC1V 2NX,,,
MTJ LEGAL LIMITED,16406905,active,ltd,,,2025-04-24,,2025-04-24,[69102],128 City Road London United Kingdom EC1V 2NX,,,
SOFIT COOL LIMITED,16406902,active,ltd,,,2025-04-24,,2025-04-24,[47910],29097 Office Suite 29a, 3/F., 23 Wharf Street London England SE8 3GG,,,
HADILAB LTD,16406879,active,ltd,,,2025-04-24,,2025-04-24,[62012, 62020, 73110, 82990],128 City Road London United Kingdom EC1V 2NX,,,
AVENO LIMITED,16406895,active,ltd,,,2025-04-24,,2025-04-24,[56102],15 Ashcombe Park London England NW2 7QU,,,
A2A NETWORK LTD,16406894,active,ltd,,,2025-04-24,,2025-04-24,[63110, 63120],128 City Road London United Kingdom EC1V 2NX,,,
NEMESIS-IMMERSIVE HOSPITALITY LTD,16406884,active,ltd,,,2025-04-24,,2025-04-24,[70229],128 City Road London United Kingdom EC1V 2NX,,,
FEVER THE MOVIE LTD,16406886,active,ltd,,,2025-04-24,,2025-04-24,[59111],22d Belsize Grove London United Kingdom NW3 4TR,,,
PLRO LTD,16406877,active,ltd,,,2025-04-24,,2025-04-24,[86900],Flat 1, 8 Mount Road London United Kingdom NW4 3PU,,,
PURERMIN LTD,16406929,active,ltd,,,2025-04-24,,2025-04-24,[47910],124 City Road London United Kingdom EC1V 2NX,,,
POTENS INC LTD,16406938,active,ltd,,,2025-04-24,,2025-04-24,[47910],Suite Ra01 64 Nile Street London United Kingdom N1 7SR,,,
KARAT KLUB LTD,16406937,active,ltd,,,2025-04-24,,2025-04-24,[46480],C/O Carter Pearson Limited London England E12 6PG,,,
ADE LAND & HOLDINGS 5 LTD,16406942,active,ltd,,,2025-04-24,,2025-04-24,[68100],73 Cornhill London England EC3V 3QQ,,,
FIRST DIESEL PARTS PTE. LTD,16406983,active,ltd,,,2025-04-24,,2025-04-24,[46690],124 City  Road London United Kingdom EC1V 2NX,,,
GA MULTILENS LIMITED,16406960,active,ltd,,,2025-04-24,,2025-04-24,[47782, 47910],2 Leman Street London United Kingdom E1W 9US,,ganesh@multifolks.com,Likely
WGP SERVICES LTD,16406976,active,ltd,,,2025-04-24,,2025-04-24,[81210],Flat 507 12 Western Gateway London England E16 1YX,,,
2020 GROWTH LIMITED,16407009,active,ltd,,,2025-04-24,,2025-04-24,[73110],Flat 18 Elmton Court London England NW8 8JU,,,
MORVEX FX LTD,16407055,active,ltd,,,2025-04-24,,2025-04-24,[66110, 66300],71-75 Shelton Street London United Kingdom WC2H 9JQ,morvexfx.com,morvexfxapp@gmail.com,Confirmed
FERRGOOD STUDIO LTD,16407052,active,ltd,,,2025-04-24,,2025-04-24,[74100],71-75 Shelton Street London United Kingdom WC2H 9JQ,ferrgoodstudio.com,,Confirmed
APEX 13 LTD,16407037,active,ltd,,,2025-04-24,,2025-04-24,[47722],71-75 Shelton Street London United Kingdom WC2H 9JQ,,,
DISTRICT ELEVEN RECORDS LTD,16407036,active,ltd,,,2025-04-24,,2025-04-24,[90030],71-75 Shelton Street London United Kingdom WC2H 9JQ,,,
BUILD DAILY LIMITED,16407068,active,ltd,,,2025-04-24,,2025-04-24,[47910],29966 Office Suite 29a, 3/F., 23 Wharf Street London England SE8 3GG,,,
MARKETIKAT LTD,16407087,active,ltd,,,2025-04-24,,2025-04-24,[47910, 70210, 70229],Flat 40 Spenlow Apartments London England N1 7GH,,,
BULLDOG BARS 2025 LTD,16407078,active,ltd,,,2025-04-24,,2025-04-24,[56302],3rd Floor, 86-90 Paul Street London England EC2A 4NE,,,
CHESHAM HOLDINGS LTD,16407146,active,ltd,,,2025-04-24,,2025-04-24,[68100],73 Cornhill London England EC3V 3QQ,,,
ELET PRODUCTS LIMITED,16407153,active,ltd,,,2025-04-24,,2025-04-24,[47910],29961 Office Suite 29a, 3/F., 23 Wharf Street London England SE8 3GG,,,
ASZ KITCHEN LIMITED,16407174,active,ltd,,,2025-04-24,,2025-04-24,[56290],Zaj Associates 41-A Mill Lane London United Kingdom NW6 1NB,,,
HOUSING MANAGEMENT SERVICES LTD,16407170,active,ltd,,,2025-04-24,,2025-04-24,[68320],128 City Road London United Kingdom EC1V 2NX,,,
ELEMENTAL KITCHENS & BATH LTD,16407180,active,ltd,,,2025-04-24,,2025-04-24,[41100, 46150, 68100, 68209],3rd Floor, 86-90 Paul Street London United Kingdom EC2A 4NE,,,
I-WALK CLUB LTD,16407175,active,ltd,,,2025-04-24,,2025-04-24,[74909],3rd Floor, 86-90 Paul Street London United Kingdom EC2A 4NE,,,
HANUMIND LIMITED,16407188,active,ltd,,,2025-04-24,,2025-04-24,[62020],3rd Floor 86-90 Paul Street London United Kingdom EC2A 4NE,,,
AMAI HAUSU LIMITED,16407213,active,ltd,,,2025-04-24,,2025-04-24,[47910],124 City  Road London United Kingdom EC1V 2NX,,,
ANMAK LIMITED,16407220,active,ltd,,,2025-04-24,,2025-04-24,[64999],Flat 3 Portman Heights London England NW3 7TW,,,
BEAM CONSULTING LTD,16407221,active,ltd,,,2025-04-24,,2025-04-24,[70229],3rd Floor, 86-90 Paul Street London England EC2A 4NE,,,
BAILEY COUNTRY ESTATES LTD,16407286,active,ltd,,,2025-04-24,,2025-04-24,[68209],190 London Road Westerham United Kingdom TN16 2DJ,,,
THE FRAGRANCE BAY LTD,16407309,active,ltd,,,2025-04-24,,2025-04-24,[47910],15 Hepdon Mews London United Kingdom SW17 0GP,,,
AM NEXTGEN LIMITED,16407300,active,ltd,,,2025-04-24,,2025-04-24,[62020],35 Harvey Road London England N8 9PD,,,
GALLERY X ADVISORY LTD,16407348,active,ltd,,,2025-04-24,,2025-04-24,[46190],3rd Floor, 86-90 Paul Street London United Kingdom EC2A 4NE,,,
BITSTREAM G CSERVICES LIMITED,16407387,active,ltd,,,2025-04-24,,2025-04-24,[62012],Flat D London England SW5 9UL,,,
VIVEE BRAND LIMITED,16407434,active,ltd,,,2025-04-24,,2025-04-24,[47910],Apartment 701 6 New Lion Way London England SE17 1GW,,,
OAHIBBERT LIMITED,16407432,active,ltd,,,2025-04-24,,2025-04-24,[62020],27 Canham Road London England SE25 6RZ,,,
JMMBUPHOLSTERY LTD,16407469,active,ltd,,,2025-04-24,,2025-04-24,[31090, 47599],3rd Floor, 86-90 Paul Street London England EC2A 4NE,,,
VLAH GROUP LTD,16407495,active,ltd,,,2025-04-25,,2025-04-25,[58110, 62012, 70229, 85590],19 Radlix Road London England E10 7BD,,,
GOHOPE LIMITED,16407501,active,ltd,,,2025-04-25,,2025-04-25,[47910],29361 Office Suite 29a, 3/F., 23 Wharf Street London England SE8 3GG,,,
SC BUSINESS SCHOOL LONDON LTD,16407505,active,ltd,,,2025-04-25,,2025-04-25,[70229, 85590],Building 7 Chiswick Park London England W4 5YG,,,
J&M ESCAPES LTD,16407540,active,ltd,,,2025-04-25,,2025-04-25,[55209, 68209, 68320],20 Wenlock Road London England N1 7GU,,,
AMVII LTD,16407557,active,ltd,,,2025-04-25,,2025-04-25,[47190, 70229],20 Wenlock Road London England N1 7GU,,,
VOICES SOCIAL HOUSING CONSULTANTS LTD,16407603,active,ltd,,,2025-04-25,,2025-04-25,[80300],71-75 Shelton Street London United Kingdom WC2H 9JQ,,,
ROSE MAX LIMITED,16407588,active,ltd,,,2025-04-25,,2025-04-25,[46900, 47910, 47990],29603 Office Suite 29a, 3/F. 23 Wharf Street London England SE8 3GG,,,
NURS NEST LTD,16407639,active,ltd,,,2025-04-25,,2025-04-25,[68209],128 City Road London United Kingdom EC1V 2NX,,,
IMPERIOMARKETS LTD,16407643,active,ltd,,,2025-04-25,,2025-04-25,[64999],2nd Floor College House Ruislip, United Kingdom HA4 7AE,imperiomarkets.com,aimperiomarkets@gmail.com,Confirmed
DARTANK LTD,16407674,active,ltd,,,2025-04-25,,2025-04-25,[46470, 47530, 47540, 47760],71-75 Shelton Street London United Kingdom WC2H 9JQ,,,
RHINO STUDIO LTD,16407666,active,ltd,,,2025-04-25,,2025-04-25,[74202, 82190],Room 5 22 St  Albans Lane Golders Green England NW11 7QE,,,
ONE GREEN LANE LTD,16407681,active,ltd,,,2025-04-25,,2025-04-25,[68100],1 Green Lane London United Kingdom NW4 2NL,,,
RIZ SHOPNXT LIMITED,16407731,active,ltd,,,2025-04-25,,2025-04-25,[47910],3 Morden Court Parade Morden United Kingdom SM4 5HJ,,,
SNACKS2GO LTD,16407745,active,ltd,,,2025-04-25,,2025-04-25,[47990],31 Thomas Street London England SE18 6HU,,,
AGILE ANALYTICS AND SYSTEMS LLC LIMITED,16407737,active,ltd,,,2025-04-25,,2025-04-25,[68209],C/O Getground London England W6 0NB,,,
77 WALTON STREET LTD,16407785,active,ltd,,,2025-04-25,,2025-04-25,[68209],C/O Psb Accountants Ltd Jubilee House London United Kingdom NW9 8TZ,,,
LIONSGATE PROPERTY DEVELOPMENT LTD,16407773,active,ltd,,,2025-04-25,,2025-04-25,[68100],3rd Floor 207 Regent Street London United Kingdom W1B 3HH,,,
PARVATI APP LTD,16407783,active,ltd,,,2025-04-25,,2025-04-25,[63120],68 Haberdasher Street London England N1 6EJ,,,
TORUK MAGIC DEEP TECH LTD,16407823,active,ltd,,,2025-04-25,,2025-04-25,[58290, 62012],Unit 8, Dock Offices London England SE16 2XU,torukdeep.tech,,Confirmed
JUST HUNGRY LTD,16407817,active,ltd,,,2025-04-25,,2025-04-25,[56102, 56103],Ground Floor London United Kingdom E1 0ND,,,
ARA25 INVESTMENTS LIMITED,16407819,active,ltd,,,2025-04-25,,2025-04-25,[64209],19 Leyden Street London England E1 7LE,,,
BOLLUK LTD,16407803,active,ltd,,,2025-04-25,,2025-04-25,[56103],500 White Hart Lane London England N17 7NA,,,
FU YUAN (ELY) LIMITED,16407837,active,ltd,,,2025-04-25,,2025-04-25,[56103],Suite 21 Cameo House London United Kingdom WC2H 7AS,,,
GG-613-116 LIMITED,16407898,active,ltd,,,2025-04-25,,2025-04-25,[68209],C/O Getground London England W6 0NB,,,
GOODFELLOW PROJECT SERVICES LTD,16407900,active,ltd,,,2025-04-25,,2025-04-25,[41100, 41201, 42220, 42990],128 City Road London United Kingdom EC1V 2NX,,,
BEKILA CHIMERA TECH SOLUTIONS LTD,16407920,active,ltd,,,2025-04-25,,2025-04-25,[62012, 62020, 62090, 63990],17d Danvers Street London United Kingdom SW3 5AY,,,
FUTURA TRADING LTD,16407975,active,ltd,,,2025-04-25,,2025-04-25,[47910],15 Aneurin Bevan Court London United Kingdom NW2 6EE,,,
HAPPY SHOPPING DAY LTD,16407960,active,ltd,,,2025-04-25,,2025-04-25,[47910],4th Floor Office London England W1B 4HB,,,
MANAZIL DESIGN & BUILD LTD,16407988,active,ltd,,,2025-04-25,,2025-04-25,[41100, 41201, 41202, 43390],2 Penfold Place London England NW1 6RF,,,
DING DONG CONSTRUCTION LIMITED,16408023,active,ltd,,,2025-04-25,,2025-04-25,[41201, 41202, 43220, 43341],273 Norbury Avenue London England SW16 3RW,,,
TAILOR SEO LTD,16408015,active,ltd,,,2025-04-25,,2025-04-25,[73110],Flat 1 Strutton Court London England SW1P 2HH,tailorseo.com,,Confirmed
STANCIA LIMITED,16408027,active,ltd,,,2025-04-25,,2025-04-25,[70229],71-75 Shelton Street London United Kingdom WC2H 9JQ,stancia.co.uk,,Confirmed
WILDOAK PROPERTY DEVELOPMENTS LTD,16408067,active,ltd,,,2025-04-25,,2025-04-25,[68100, 68209],3rd Floor, 86-90 Paul Street London United Kingdom EC2A 4NE,,,
YOOMATA UK LIMITED,16369356,active,ltd,,,2025-04-07,,2025-04-07,[55100],C/O Hamlins Llp, London England WC2B 6AN,,,
SOUL PROPERTY PARTNERS LTD,16408090,active,ltd,,,2025-04-25,,2025-04-25,[55100, 68209, 68320],20 Wenlock Road London England N1 7GU,,,
STS (PC LONGTON) LTD,16408119,active,ltd,,,2025-04-25,,2025-04-25,[68100, 68209],20 Wenlock Road London England N1 7GU,,,
LIFESERV LTD,16408103,active,ltd,,,2025-04-25,,2025-04-25,[46750, 46900, 47910],128 City Road London United Kingdom EC1V 2NX,,,
INFORMATIONAL THERAPEUTICS LTD,16408132,active,ltd,,,2025-04-25,,2025-04-25,[47290, 47910, 86900, 96040],20 Wenlock Road London England N1 7GU,,,
THE BARBERS +5CINCO LIMITED,16408180,active,ltd,,,2025-04-25,,2025-04-25,[96020],224 Horn Lane London England W3 6TG,,,
MENTLY LABS LTD,16408206,active,ltd,,,2025-04-25,,2025-04-25,[85600],128 City Road London United Kingdom EC1V 2NX,,,
MAGIC VIEW DIGITAL EXPERIENCES LTD,16408213,active,ltd,,,2025-04-25,,2025-04-25,[62012],203-205 The Vale London England W3 7QS,,,
TIMBALE LTD,16408260,active,ltd,,,2025-04-25,,2025-04-25,[47910],International House London United Kingdom SW11 5RQ,,,
JABALX LTD,16408246,active,ltd,,,2025-04-25,,2025-04-25,[47910, 62012, 62090, 63110],Office 12381 182-184 High Street North London United Kingdom E6 2JA,,,
MEDLEVELS CONSULTING LTD,16408240,active,ltd,,,2025-04-25,,2025-04-25,[70229, 74909, 82990, 85590],20 Wenlock Road London England N1 7GU,,,
LFNW SERVICES LTD,16408294,active,ltd,,,2025-04-25,,2025-04-25,[43999, 68209, 81222, 96090],128 City Road London United Kingdom EC1V 2NX,,,
ACADEMY OF IRMBR LTD,16408298,active,ltd,,,2025-04-25,,2025-04-25,[47910, 85310],30 Riverhead Close London England E17 5PY,,,
VOLARY LTD,16408271,active,ltd,,,2025-04-25,,2025-04-25,[62012],167-169 Great Portland Street London England W1W 5PF,,,
AURUM FINANCIAL STRATEGIC GROUP LTD,16408305,active,ltd,,,2025-04-25,,2025-04-25,[69201, 69202, 69203],71-75 Shelton Street London United Kingdom WC2H 9JQ,,,
W-SEEDS LIMITED,16408333,active,ltd,,,2025-04-25,,2025-04-25,[68100, 68202, 68209, 68320],128 City Road London United Kingdom EC1V 2NX,,,
OPTIMAL II LTD,16408373,active,ltd,,,2025-04-25,,2025-04-25,[86101],2nd Floor College House Ruislip, United Kingdom HA4 7AE,,,
BRACE CONSULTING LTD,16408374,active,ltd,,,2025-04-25,,2025-04-25,[82990],71-75 Shelton Street London United Kingdom WC2H 9JQ,,,
GJETA ELECTRICIAN 247 LTD,16408407,active,ltd,,,2025-04-25,,2025-04-25,[43999],118 Sydenham Road London United Kingdom SE26 5JX,,,
REFINED LDN LIMITED,16408403,active,ltd,,,2025-04-25,,2025-04-25,[47910],Flat 7 Owendale London England SE19 3BN,,,
INTEGRATED PRIORITY SERVICES LIMITED,16408405,active,ltd,,,2025-04-25,,2025-04-25,[68209, 68320],71-75 Shelton Street London United Kingdom WC2H 9JQ,,,
GLOBAL TRIUMPH ESTATES LTD,16408462,active,ltd,,,2025-04-25,,2025-04-25,[68310],3rd Floor, 86-90 Paul Street London England EC2A 4NE,,,
KARACHI KANTEEN LTD,16408457,active,ltd,,,2025-04-25,,2025-04-25,[56101],2-4 Gateforth Street London England NW8 8EH,karachikanteenuk.com,,Confirmed
KANSAL TECHNOLOGIES LTD,16408461,active,ltd,,,2025-04-25,,2025-04-25,[62012],71-75 Shelton Street London England WC2H 9JQ,,,
JUNIPER CAPITAL MANAGEMENT LIMITED,16408464,active,ltd,,,2025-04-25,,2025-04-25,[64209],127 Trinity Road London England SW17 7HJ,,,
COMPASSION  HEALTHCARE LTD,16408475,active,ltd,,,2025-04-25,,2025-04-25,[87200, 87900],20 Wenlock Road London England N1 7GU,,,
BIZNETIC LIMITED,16408485,active,ltd,,,2025-04-25,,2025-04-25,[45400],20 Westerham Avenue London England N9 9BU,,,
EURO CURATE LTD,16408527,active,ltd,,,2025-04-25,,2025-04-25,[46160, 46190],128 City Road London United Kingdom EC1V 2NX,,,
DIGITAL SOLUTIONS PAL LIMITED,16408504,active,ltd,,,2025-04-25,,2025-04-25,[46190, 46900, 47910, 62012],128 City Road London United Kingdom EC1V 2NX,,,
SUTHERLAND MERCHANTS LTD,16408516,active,ltd,,,2025-04-25,,2025-04-25,[47910],3 Vincent Road London England N22 6NE,,,
FORTEUX LTD,16408530,active,ltd,,,2025-04-25,,2025-04-25,[47770],3rd Floor, 86-90 Paul Street London United Kingdom EC2A 4NE,,,
FAIC HEALTH LTD,16408574,active,ltd,,,2025-04-25,,2025-04-25,[47910, 86900],3rd Floor, 86-90 Paul Street London United Kingdom EC2A 4NE,,,
IXRCISE LTD,16408640,active,ltd,,,2025-04-25,,2025-04-25,[58290],27 Harley Road London England NW10 8BA,,,
BARTERLY LTD,16408623,active,ltd,,,2025-04-25,,2025-04-25,[47910],128 City Road London United Kingdom EC1V 2NX,,,
OAKLEIGH COFFEE LTD,16408620,active,ltd,,,2025-04-25,,2025-04-25,[56102],408 Oakleigh Road North London United Kingdom N20 0SG,,,
AFGHAN STREET FOOD BRIXTON LTD,16408633,active,ltd,,,2025-04-25,,2025-04-25,[56103],34 Elsiemaud Road London England SE4 1HW,,,
GOOD VIBES FEST LTD,16408707,active,ltd,,,2025-04-25,,2025-04-25,[47910],Good Vibes Fest Ltd London United Kingdom EC1V 2NX,,,
VIJOY CHAWALLA LTD,16408686,active,ltd,,,2025-04-25,,2025-04-25,[56102],268-270 Green Street London England E7 8LF,,,
EDINÉ LIMITED,16408687,active,ltd,,,2025-04-25,,2025-04-25,[46370, 56102],Unit V307 Vox Studios 1-45 Durham Street London England SE11 5AP,edinecoffee.com,,Confirmed
SKIN GAME MEDIA LIMITED,16408657,active,ltd,,,2025-04-25,,2025-04-25,[73110],27 Holywell Row London England EC2A 4JB,skingamemedia.com,,Confirmed
XP LONDON LIMITED,16408655,active,ltd,,,2025-04-25,,2025-04-25,[47910],124-128 City Road London United Kingdom EC1V 2NX,,,
BETHANY JEWEL VILLARREAL LTD,16408748,active,ltd,,,2025-04-25,,2025-04-25,[47910],49 Featherstone Street London United Kingdom EC1Y 8SY,,,
PL LONDON AESTHETICS LIMITED,16408740,active,ltd,,,2025-04-25,,2025-04-25,[96020],290-294 Latimer Road London England W10 6QW,,,
SANMU TECH LIMITED,16408717,active,ltd,,,2025-04-25,,2025-04-25,[47910],29618 Office Suite 29a London United Kingdom SE8 3GG,,,
MARK ANTHONY-BANKS LTD,16408809,active,ltd,,,2025-04-25,,2025-04-25,[69201],4 Fairwyn Road London England SE26 4AE,,,
DIRECTLYS LIMITED,16408795,active,ltd,,,2025-04-25,,2025-04-25,[47910],Office 12514 182-184 High Street North,East Ham London United Kingdom E6 2JA,,,
PUFFIN TRADING LTD,16408853,active,ltd,,,2025-04-25,,2025-04-25,[64991],128 City Road London United Kingdom EC1V 2NX,,,
PEGASUS NOTION LTD,16379866,active,ltd,,,2025-04-10,,2025-04-10,[43910],45a Lorn Road London England SW9 0AB,,,
GRASPER LTD,16408932,active,ltd,,,2025-04-25,,2025-04-25,[58290, 62012, 85590],124-128 City Road London England EC1V 2NX,,,
DAYBREAK CARE LTD,16408936,active,ltd,,,2025-04-25,,2025-04-25,[86900],71-75 Shelton Street London United Kingdom WC2H 9JQ,,,
SILVER BIRCH TECHNOLOGY LIMITED,16408945,active,ltd,,,2025-04-25,,2025-04-25,[64209],C/O Tc Citroen Wells Limited 3 Dorset Rise England EC4Y 8EN,,,
EUNOTIA LTD,16408915,active,ltd,,,2025-04-25,,2025-04-25,[74901],124 City Road London United Kingdom EC1V 2NX,,,
35 CHURCH INVEST LTD,16408919,active,ltd,,,2025-04-25,,2025-04-25,[68100],13 Denver Road London England N16 5JL,,,
SANA THERAPY LIMITED,16408914,active,ltd,,,2025-04-25,,2025-04-25,[86220, 86900],16 Beaufort Court Admirals Way London England E14 9XL,,,
BLUE FAT LTD,16408995,active,ltd,,,2025-04-25,,2025-04-25,[58290, 62012, 63120],71-75 Shelton Street London United Kingdom WC2H 9JQ,,,
ARCITY TECH LTD,16408971,active,ltd,,,2025-04-25,,2025-04-25,[62012, 62020],128 City Road London United Kingdom EC1V 2NX,,,
APPOTHECARY LTD,16408969,active,ltd,,,2025-04-25,,2025-04-25,[62012],71-75 Shelton Street London United Kingdom WC2H 9JQ,appothecaryltd.com,info@appothecaryltd.com,Confirmed
ALORYSIEL LIMITED,16409018,active,ltd,,,2025-04-25,,2025-04-25,[62012],Flat 122 The Oxygen 18 Western Gateway London England E16 1BQ,,,
VITAMINTV LIMITED,16408990,active,ltd,,,2025-04-25,,2025-04-25,[46439],124 City Rd London United Kingdom EC1V 2NX,,,
SKY SCAN LTD,16409048,active,ltd,,,2025-04-25,,2025-04-25,[81210, 81229],86-90 Paul Street London England EC2A 4NE,,,
OPTIMUS LONDON PROPERTY MANAGEMENT LTD,16409035,active,ltd,,,2025-04-25,,2025-04-25,[98000],1st Floor 73-77 Brook Street London United Kingdom W1K 4HX,optimuslondon.co.uk,,Confirmed
PALACE GATE PROPERTIES LTD,16409023,active,ltd,,,2025-04-25,,2025-04-25,[68209],Rr Business-4th Floor London England W6 8DA,,,
DOUGHY'S TAKEAWAY LTD,16409062,active,ltd,,,2025-04-25,,2025-04-25,[56103],500 White Hart Lane London England N17 7NA,,,
HAYESWOOD COMMS LTD,16409083,active,ltd,,,2025-04-25,,2025-04-25,[42220, 42990],20 Wenlock Road London England N1 7GU,,,
A  AND M ADEN PROPERTIES LTD,16409095,active,ltd,,,2025-04-25,,2025-04-25,[68100, 68209, 68320],14 Wellmeadow Road London England W7 2AL,,,
CROXLEY HOUSE LTD,16409110,active,ltd,,,2025-04-25,,2025-04-25,[68209],Aston House London England N3 1LF,,,
AIZENN LTD,16409120,active,ltd,,,2025-04-25,,2025-04-25,[77110],157d Chevening Road London United Kingdom NW6 6DZ,,,
HEROASSIST LTD,16409119,active,ltd,,,2025-04-25,,2025-04-25,[85422],71-75 Shelton Street London United Kingdom WC2H 9JQ,,,
YANDIL LIMITED,16409113,active,ltd,,,2025-04-25,,2025-04-25,[62020],50 Craignair Road London England SW2 2DG,,,
KENSINGTON STRATEGY PARTNERS LIMITED,16409143,active,ltd,,,2025-04-25,,2025-04-25,[70229],1602 Private 2 Baltimore Wharf London United Kingdom E14 9ER,,,
MUZAFFERTOKAL LTD,16409161,active,ltd,,,2025-04-25,,2025-04-25,[47910],Suite 9018 5 Brayford Square London United Kingdom E1 0SG,,,
EATON READING LTD,16409153,active,ltd,,,2025-04-25,,2025-04-25,[68100],C/O 32 Castlewood Road London United Kingdom N16 6DW,,,
SYNDICATED INVESTMENT LTD,16409167,active,ltd,,,2025-04-25,,2025-04-25,[64303, 64999, 66190],20 Wenlock Road London England N1 7GU,,,
NMG WORLDWIDE LTD,16409168,active,ltd,,,2025-04-25,,2025-04-25,[59200, 82990],20 Wenlock Road London England N1 7GU,,,
VISUAL BUKKS LTD,16409235,active,ltd,,,2025-04-25,,2025-04-25,[59112, 73110, 74201, 74202],Flat 13 Trower House London England E9 5AR,visualbukks.com,info@visualbukks.com,Confirmed
DIGITAL EMPIRE LABS LTD,16409271,active,ltd,,,2025-04-25,,2025-04-25,[62090],71-75 Shelton Street London United Kingdom WC2H 9JQ,,,
HIRE MINIBUS LTD,16409264,active,ltd,,,2025-04-25,,2025-04-25,[52290],2nd Floor College House Ruislip, United Kingdom HA4 7AE,,,
HOME AND AWAY EDUCATION LTD,16409269,active,ltd,,,2025-04-25,,2025-04-25,[85590],20 Wenlock Road London England N1 7GU,homeandaway.education,info@homeandaway.education,Confirmed
LUXEFLUSH LIMITED,16409253,active,ltd,,,2025-04-25,,2025-04-25,[47910],Silverstream House London England W1T 6EB,,,
METROPOLIS CAPITAL MANAGEMENT LTD,16409287,active,ltd,,,2025-04-25,,2025-04-25,[41202, 68100],3rd Floor, 86-90 Paul Street London United Kingdom EC2A 4NE,,,
GRINGOTTS HOLDINGS LTD,16409278,active,ltd,,,2025-04-25,,2025-04-25,[64209],19 Redesdale Street London England SW3 4BL,,,
CMB GIVEAWAY LTD,16409335,active,ltd,,,2025-04-25,,2025-04-25,[45111, 45112, 73110],3rd Floor East London United Kingdom W1W 6DR,cmb1.com,,Confirmed
BRAD STUDIO MEDIA LTD,16409326,active,ltd,,,2025-04-25,,2025-04-25,[59112],5 Badminton Road London England SW12 8BN,,,
GENYX LTD,16409395,active,ltd,,,2025-04-25,,2025-04-25,[72190, 82990, 85590],128 City Road London United Kingdom EC1V 2NX,,,
SEISSENSE COMPANY LIMITED,16409373,active,ltd,,,2025-04-25,,2025-04-25,[47190, 47789, 47910],Office 11404 182-184 High Street North London United Kingdom E6 2JA,,,
NOUR NOBI LTD,16409356,active,ltd,,,2025-04-25,,2025-04-25,[47910],31 Clova Road London England E7 9AQ,,,
IRON COACHING LTD,16409385,active,ltd,,,2025-04-25,,2025-04-25,[96040],2nd Floor College House Ruislip, United Kingdom HA4 7AE,,,
GERTIE HOLDINGS LTD,16409382,active,ltd,,,2025-04-25,,2025-04-25,[68100],73 Cornhill London England EC3V 3QQ,,,
AA&W GLOBAL ADVISORS LTD,16409418,active,ltd,,,2025-04-25,,2025-04-25,[70210, 70221, 70229, 71121],71-75 Shelton Street London United Kingdom WC2H 9JQ,,,
SYMLION LTD,16409427,active,ltd,,,2025-04-25,,2025-04-25,[46900, 71122, 71129, 96090],Flat 2902 Legacy Point 4 Victoria Road London England W3 6FJ,,,
IIOWN LTD,16409468,active,ltd,,,2025-04-25,,2025-04-25,[14190],128 City Road London United Kingdom EC1V 2NX,,,
KD PROPERTY GROUP NW LTD,16368524,active,ltd,,,2025-04-07,,2025-04-07,[68310],20 Wenlock Road London England N1 7GU,,,
LOCHLOMONDHOTEL LIMITED,16409506,active,ltd,,,2025-04-25,,2025-04-25,[55100],71-75 Shelton Street London United Kingdom WC2H 9JQ,,,
HT SEALING SERVICES LTD,16391952,active,ltd,,,2025-04-16,,2025-04-16,[43290],124 City Road London England EC1V 2NX,,,
AVIGUNS LTD,16409569,active,ltd,,,2025-04-25,,2025-04-25,[47910],10a East Walk Hayes England UB3 3JJ,,,
AGA-B LTD,16409572,active,ltd,,,2025-04-25,,2025-04-25,[47910],Suite 9031 5 Brayford Square London United Kingdom E1 0SG,,,
A I PARADIGM LTD,16409564,active,ltd,,,2025-04-25,,2025-04-25,[96090],71-75 Shelton Street London United Kingdom WC2H 9JQ,,,
SAFEFIX LIMITED,16409605,active,ltd,,,2025-04-25,,2025-04-25,[80200],Unit 28 Cumberland Business Park London United Kingdom NW10 7RT,safefix.co.uk,,Confirmed
TECHVOY TRADE LTD,16409643,active,ltd,,,2025-04-25,,2025-04-25,[46900, 47910],5 Brayford Square London United Kingdom E1 0SG,,,
CT FOODS LIMITED,16409688,active,ltd,,,2025-04-25,,2025-04-25,[56290],First Floor Sawbridgeworth England CM21 9JS,,,
PROPERTY HOLDINGS AP LTD,16409680,active,ltd,,,2025-04-25,,2025-04-25,[68209],First Floor London United Kingdom N12 0DA,,,
GROWTH LENDING HOLDCO LIMITED,16409697,active,ltd,,,2025-04-25,,2025-04-25,[64209],19th Floor 1 Westfield Avenue London United Kingdom E20 1HZ,,,
DIIGR LTD,16409723,active,ltd,,,2025-04-25,,2025-04-25,[62011],4th Floor Office London England W1B 4HB,,,
ALLIGO LIMITED,16409772,active,ltd,,,2025-04-25,,2025-04-25,[47190, 47890, 47910],128 City Road London United Kingdom EC1V 2NX,,,
CNR SOFTWARE LTD,16409812,active,ltd,,,2025-04-25,,2025-04-25,[62012],71-75 Shelton Street London United Kingdom WC2H 9JQ,,,
PREMIER STRATEGIC SOLUTIONS LTD,16409151,active,ltd,,,2025-04-25,,2025-04-25,[62020],71-75 Shelton Street London England WC2H 9JQ,premierstrategicsolutions.co.uk,,Confirmed
WHITEHEART GROUP LTD,16409833,active,ltd,,,2025-04-25,,2025-04-25,[79110, 85600],43 Ben Jonson Road London England E1 4SA,,,
RBLSHK LIMITED,16402547,active,ltd,,,2025-04-23,,2025-04-23,[46420],45 Albemarle Street Mayfair London London England W1S 4JL,,,
WESTSTAR BUSINESS CONNECTIONS LTD,16409911,active,ltd,,,2025-04-25,,2025-04-25,[82990],71-75 Shelton Street London United Kingdom WC2H 9JQ,,,
MOUNT EPHRAIM LANE FREEHOLD MANAGEMENT COMPANY LTD,16402887,active,ltd,,,2025-04-23,,2025-04-23,[68100, 68201, 68209, 68320],21a Mount Ephraim Lane London England SW16 1JF,,,
ECYH ESTATES LTD,16409952,active,ltd,,,2025-04-25,,2025-04-25,[68100],C/O 32 Castlewood Road London United Kingdom N16 6DW,,,
CHEN PROPERTY INVESTMENT LIMITED,16410002,active,ltd,,,2025-04-25,,2025-04-25,[68209],128 City Road London United Kingdom EC1V 2NX,,,
OI VEY LIMITED,16410008,active,ltd,,,2025-04-25,,2025-04-25,[82990, 93290],208 Green Lanes London England N13 5UE,,,
CORESPARK IT LTD,16410009,active,ltd,,,2025-04-25,,2025-04-25,[62020, 62090],128 City Road London United Kingdom EC1V 2NX,,,
ROSE MARKET LIMITED,16410022,active,ltd,,,2025-04-25,,2025-04-25,[47810],158 Portway London England E15 3QW,,,
CALIVENDER LTD,16410059,active,ltd,,,2025-04-25,,2025-04-25,[47710],71-75 Shelton Street London United Kingdom WC2H 9JQ,,,
MIDNIGHT CODE LTD,16404429,active,ltd,,,2025-04-23,,2025-04-23,[62012],128 City Road London England EC1V 2NX,,,
A4 VIP SECURITY'S LTD,16410101,active,ltd,,,2025-04-25,,2025-04-25,[80100],F36b Expressway Studios London England E16 1AH,,,
PARALIGN LIMITED,16380546,active,ltd,,,2025-04-10,,2025-04-10,[70229],11 Old Jewry London England EC2R 8DU,,,
NEW COTTON CLUB LTD,16380979,active,ltd,,,2025-04-11,,2025-04-11,[96010],57 Ground Floor London England NW6 1NB,,,
ARTNOE LTD,16381090,active,ltd,,,2025-04-11,,2025-04-11,[16290, 58290, 59112, 63120],20 Wenlock Road London England N1 7GU,,,
GLOBORIS LTD,16381083,active,ltd,,,2025-04-11,,2025-04-11,[47640, 47910],71-75 Shelton Street London United Kingdom WC2H 9JQ,,,
ZUHIME LTD,16381099,active,ltd,,,2025-04-11,,2025-04-11,[20412, 47910],71-75 Shelton Street London United Kingdom WC2H 9JQ,,,
NOMILI INVESTMENTS LIMITED,16381187,active,ltd,,,2025-04-11,,2025-04-11,[64991],201 Haverstock Hill London United Kingdom NW3 4QG,,,
DROP KENIA LTD,16381185,active,ltd,,,2025-04-11,,2025-04-11,[96090],27 Old Gloucester Street London United Kingdom WC1N 3AX,,,
TASARA SPA LTD,16381189,active,ltd,,,2025-04-11,,2025-04-11,[47910, 88910, 96040, 96090],351a Green Street London England E13 9AR,,,
POLO OFFICIAL LONDON & BORROCCO LUXURY GROUP LIMITED,16381718,active,ltd,,,2025-04-11,,2025-04-11,[14110, 14131, 14132, 15120],128 City Road London United Kingdom EC1V 2NX,,,
PORTOBELLONISTA LTD,16381852,active,ltd,,,2025-04-11,,2025-04-11,[47710],265 Portobello Road London England W11 1LR,portobellonista.co.uk,,Confirmed
TRUSTED CHILDCARE LTD,16382132,active,ltd,,,2025-04-11,,2025-04-11,[88910],128 City Road London United Kingdom EC1V 2NX,,,
CANECRETE LTD,16362199,active,ltd,,,2025-04-02,,2025-04-02,[46342],Suite 3.06 Canterbury Court Kennington Park London England SW9 6DE,,,
JKBREPORTS LTD,16382421,active,ltd,,,2025-04-11,,2025-04-11,[86220],128 City Road London United Kingdom EC1V 2NX,,,
MALIBU BAR LTD,16382642,active,ltd,,,2025-04-11,,2025-04-11,[56301, 56302],3rd Floor, 86-90 Paul Street London England EC2A 4NE,,,
YUDALA LTD,16382627,active,ltd,,,2025-04-11,,2025-04-11,[68100],71-75 Shelton Street London United Kingdom WC2H 9JQ,,,
HARTFIELD CLEANING LONDON LIMITED,16382814,active,ltd,,,2025-04-11,,2025-04-11,[81299],36 A Hartfield Crescent London England SW19 3SD,hartfieldservices.co.uk,,Likely
RIVO GLOBAL LTD,16382824,active,ltd,,,2025-04-11,,2025-04-11,[47910],4 Raven Road, Unit 1c3-714 London United Kingdom E18 1HB,,,
YZYSITE LTD,16383159,active,ltd,,,2025-04-11,,2025-04-11,[62012, 63120],71-75 Shelton Street London United Kingdom WC2H 9JQ,yzysiteltd.com,contact@yzysiteltd.com,Confirmed
GOVBUY LTD,16383158,active,ltd,,,2025-04-11,,2025-04-11,[46110, 46120, 46130, 46160],128 City Road London United Kingdom EC1V 2NX,,,
MAKSYMVIRT LIMITED,16383417,active,ltd,,,2025-04-11,,2025-04-11,[41202, 43310, 43910],52 Limeharbour London England E14 9TS,,,
PEAKY PAWS LTD,16383511,active,ltd,,,2025-04-12,,2025-04-12,[96090],5 London Road Hassocks England BN6 9NT,,,
FIRST CHANCE LTD,16383647,active,ltd,,,2025-04-12,,2025-04-12,[81222],144 Bisterne Avenue London England E17 3QT,,,
TAHIYAAN & RUQAYYA INVESTMENTS LTD,16383748,active,ltd,,,2025-04-12,,2025-04-12,[68100, 68320],88 Montpelier Gardens London England E6 3JF,,,
WOLF: TECHNOLOGY AND SERVICES LTD,16383811,active,ltd,,,2025-04-12,,2025-04-12,[62020, 62090],86-90 Paul Street London England EC2A 4NE,,,
LAD'I LONDON LIMITED,16383807,active,ltd,,,2025-04-12,,2025-04-12,[14142, 47710, 47722, 74100],40 Belmont Park Road London England E10 6AX,,,
AIM & CLEAR LTD,16383993,active,ltd,,,2025-04-13,,2025-04-13,[47910],97b Grosvenor Park London England SE5 0NJ,,,
ALT PRIME GLOBAL LTD,16383999,active,ltd,,,2025-04-13,,2025-04-13,[66300],22 Second Avenue London England W3 7RX,,,
MSY TRADERS LTD,16384151,active,ltd,,,2025-04-13,,2025-04-13,[47910, 47990],239 Neasden Lane London England NW10 1QG,,,
TRUDIE FIELDER LTD,16384469,active,ltd,,,2025-04-14,,2025-04-14,[68100],Flat 3, Isis House London United Kingdom NW8 8HH,trudiefielder.co.uk,,Likely
MAMAR INTERNATIONAL LIMITED,16384476,active,ltd,,,2025-04-14,,2025-04-14,[42910, 46730, 68100, 68209],71-75 Shelton Street London United Kingdom WC2H 9JQ,,,
RED SEA ROAD LTD,16384473,active,ltd,,,2025-04-14,,2025-04-14,[56290],167-169 Great Portland Street, Fifth Floor London England W1W 5PF,,,
TRYDISTING LTD,16384784,active,ltd,,,2025-04-14,,2025-04-14,[10320, 11070],128 City Road London United Kingdom EC1V 2NX,,,
AMACH AVIATION LIMITED,16385218,active,ltd,,,2025-04-14,,2025-04-14,[62020],124 City Road London United Kingdom EC1V 2NJ,,,
COMPLYO LTD,16385211,active,ltd,,,2025-04-14,,2025-04-14,[74909],71-75 Shelton Street London United Kingdom WC2H 9JQ,complyo.co.uk,,Likely
KSHETRY & CO. LEGAL ADVISORS LTD,16385412,active,ltd,,,2025-04-14,,2025-04-14,[69102],128 City Road London United Kingdom EC1V 2NX,kshetrylegal.com,,Confirmed
JENZY GLOBAL LTD,16385436,active,ltd,,,2025-04-14,,2025-04-14,[47890],42 Unit#1 Halley Road London United Kingdom E7 8DS,,,
HUCK BOLTING SERVICES LTD,16385806,active,ltd,,,2025-04-14,,2025-04-14,[71129],20 Wenlock Road London England N1 7GU,,,
DIGITAL WEALTH CREATION LTD,16385840,active,ltd,,,2025-04-14,,2025-04-14,[73110],3rd Floor, 86-90 Paul Street London United Kingdom EC2A 4NE,,,
POPIN NORTHCOTE ROAD LTD,16385829,active,ltd,,,2025-04-14,,2025-04-14,[47290],35a Castletown Road London England W14 9HF,,,
GXS GLOBAL LTD,16385826,active,ltd,,,2025-04-14,,2025-04-14,[46719],2nd Floor College House Ruislip, United Kingdom HA4 7AE,,,
PRIVATE AI SYSTEMS LTD,16385835,active,ltd,,,2025-04-14,,2025-04-14,[62012, 62090, 70229, 85590],20 Wenlock Road London England N1 7GU,,,
KEGATE LTD,16386054,active,ltd,,,2025-04-14,,2025-04-14,[47410, 47910, 62012, 62020],14/2e Docklands Business Centre 10-16 Tiller Road London United Kingdom E14 8PX,,,
KARINA TONON AESTHETIC LTD,16386511,active,ltd,,,2025-04-14,,2025-04-14,[96020],Flat 6 Kazakh House London England NW2 7FR,,,
SPEEDY TEST LTD,16386489,active,ltd,,,2025-04-14,,2025-04-14,[85530],292-296 Barking Road London England E6 3BA,,,
XIAOYU BOR LTD,16386576,active,ltd,,,2025-04-14,,2025-04-14,[46450],29959 Office Suite 29a, 3/F., 23 Wharf Street London England SE8 3GG,,,
THE POKEMANC LTD,16386571,active,ltd,,,2025-04-14,,2025-04-14,[47910],71-75 Shelton Street London England WC2H 9JQ,,,
COSSHAM HOMES LIMITED,16386757,active,ltd,,,2025-04-14,,2025-04-14,[41202],Unit1 75 London Road Liverpool United Kingdom L3 8HY,,,
LONDON AUDIO SOLUTIONS LTD,16386746,active,ltd,,,2025-04-14,,2025-04-14,[90020],51 Northfield Avenue London England W13 9QP,londonaudiosolutions.com,,Confirmed
TESA IMPORTS AND EXPORTS LTD,16386918,active,ltd,,,2025-04-14,,2025-04-14,[10890],114 Bow Common Lane London England E3 4GD,,,
H B S PROPERTY HOLDINGS LIMITED,16386910,active,ltd,,,2025-04-14,,2025-04-14,[68100, 68209],Zaj Associates 41-A Mill Lane London United Kingdom NW6 1NB,,,
K AND K BODYSHOP LTD,16386974,active,ltd,,,2025-04-14,,2025-04-14,[45200, 45400],Ilderton Wharf London England SE15 1EP,,,
MIMM'S UK LIMITED,16387118,active,ltd,,,2025-04-14,,2025-04-14,[56102],45 Pasteur Gardens London England N18 1JN,,,
KARBHARI CONSULTING LIMITED,16387394,active,ltd,,,2025-04-15,,2025-04-15,[74902],First Floor 104 London United Kingdom E4 6AP,,,
SAYNOSTIC LIMITED,16387380,active,ltd,,,2025-04-15,,2025-04-15,[62012, 70229, 73200, 74300],124 City Road London United Kingdom EC1V 2NX,saynostic.com,,Confirmed
LOUDTECH LIMITED,16387533,active,ltd,,,2025-04-15,,2025-04-15,[62090],62 Crayford Road London England N7 0ND,,,
UNITED CREATION ENTERPRISE LTD,16387529,active,ltd,,,2025-04-15,,2025-04-15,[26511, 46520],41 Devonshire Street Ground Floor Office 1 London United Kingdom W1G 7AJ,,,
SIRIS TECHNOLOGIES LTD,16387535,active,ltd,,,2025-04-15,,2025-04-15,[22290, 62012, 62020, 63110],20 Wenlock Road London England N1 7GU,,,
ELEVEN & STONE LTD,16387788,active,ltd,,,2025-04-15,,2025-04-15,[82990],22 Lavington Street London United Kingdom SE1 0NZ,,,
RELIANT TELECOMS UK LTD,16387764,active,ltd,,,2025-04-15,,2025-04-15,[61900],20 Wenlock Road London England N1 7GU,,,
THE K COCKTAIL LIMITED,16387754,active,ltd,,,2025-04-15,,2025-04-15,[46450],128 City Road London United Kingdom EC1V 2NX,,,
MILEVA SECURITY LABS LTD,16388115,active,ltd,,,2025-04-15,,2025-04-15,[62020],49 Greek Street London England W1D 4EG,milevalabs.com,,Confirmed
PROPELPETS LTD,16388129,active,ltd,,,2025-04-15,,2025-04-15,[10920],128 City Road London United Kingdom EC1V 2NX,,,
FROM PAPHOS WITH LOVE LTD,16388099,active,ltd,,,2025-04-15,,2025-04-15,[79110],2nd Floor College House Ruislip, United Kingdom HA4 7AE,,,
SHOKAI LIMITED,16388126,active,ltd,,,2025-04-15,,2025-04-15,[74909],71-75 Shelton Street London United Kingdom WC2H 9JQ,,,
ATALANTE MANAGEMENT LTD,16388384,active,ltd,,,2025-04-15,,2025-04-15,[70221],Monomark House London England WC1N 3AX,,,
BUBCAIT DEVELOPMENTS LTD,16388383,active,ltd,,,2025-04-15,,2025-04-15,[41100, 68100],Ground Floor, Victor House London Colney England AL2 1BJ,bubcaitdevelopments.co.uk,,Confirmed
INNOVA HEALTH CONSULTING LTD,16388415,active,ltd,,,2025-04-15,,2025-04-15,[82990],27 Old Gloucester Street London United Kingdom WC1N 3AX,,,
EVISION LTD,16388747,active,ltd,,,2025-04-15,,2025-04-15,[47910],Suite C33 4 - 6, Greatorex Street London United Kingdom E1 5NF,,,
THE HIDEAWAY HOUSE GROUP LTD,16389091,active,ltd,,,2025-04-15,,2025-04-15,[55209],4th Floor Office London England W1B 4HB,,,
THAMESTEK MARINE LTD,16389092,active,ltd,,,2025-04-15,,2025-04-15,[50200],35 Millpond Estate London United Kingdom SE16 4LZ,,,
OUDLIXIR LTD,16389078,active,ltd,,,2025-04-15,,2025-04-15,[47789],1304, 142, Phoenix Heights West Byng Street London United Kingdom E14 9AE,,,
DRIVE & DWELL SERVICES LTD,16389088,active,ltd,,,2025-04-15,,2025-04-15,[49320, 68320],124 City  Road London United Kingdom EC1V 2NX,,,
VICARAGE ELECTRICS LDN LTD,16389276,active,ltd,,,2025-04-15,,2025-04-15,[46520],217a Vicarage Road London England E10 7HQ,,,
KEMBLE SPORTING LIMITED,16389295,active,ltd,,,2025-04-15,,2025-04-15,[93290],2nd Floor College House Ruislip, United Kingdom HA4 7AE,,,
16 THE GLEN LTD,16389296,active,ltd,,,2025-04-15,,2025-04-15,[68209],C/O Getground London England W6 0NB,,,
FAST TECH GLOBAL LTD,16389743,active,ltd,,,2025-04-15,,2025-04-15,[62020],124 City Road London England EC1V 2NX,,,
AKJ BUILDING LTD,16386310,active,ltd,,,2025-04-14,,2025-04-14,[43390],60 Palmerston Road London England N22 8RF,,,
BLUELAGOON STORE LTD,16389750,active,ltd,,,2025-04-15,,2025-04-15,[47910],4 Raven Road, Unit 1c3-722 London United Kingdom E18 1HB,,,
AMANAH AK GROUP LTD,16389748,active,ltd,,,2025-04-15,,2025-04-15,[70229],234-236 Whitechapel Road London England E1 1BJ,,,
RONI LIMITED,16390084,active,ltd,,,2025-04-15,,2025-04-15,[74990],Monomark House London England WC1N 3AX,,,
GREEN MOON GRAPHICS LTD,16390553,active,ltd,,,2025-04-15,,2025-04-15,[74100],3rd Floor, 86-90 Paul Street London United Kingdom EC2A 4NE,,,
LIFE TALKS BY AYO FAWOLE LTD,16390557,active,ltd,,,2025-04-15,,2025-04-15,[90020],31 Anson Road London England N7 0RB,lifetalksbyayofawole.co.uk,,Likely
G & L ROOFING SPECIALISTS LTD,16380641,active,ltd,,,2025-04-10,,2025-04-10,[43910],Flat 12 Griffin Court London England W4 2LL,,,
ADAM CHASE HOLDINGS LTD,16380640,active,ltd,,,2025-04-10,,2025-04-10,[64306, 68100],1 Canada Square London United Kingdom E14 5AA,,,
HIGHBURY MORTGAGES LTD,16380642,active,ltd,,,2025-04-10,,2025-04-10,[64999],86-90 Paul Street London England EC2A 4NE,,,
THAWRI LIMITED,16380849,active,ltd,,,2025-04-10,,2025-04-10,[62020],21 Ive Farm Close London England E10 5HQ,,,
TRIREME TECHNOLOGIES LTD,16381071,active,ltd,,,2025-04-11,,2025-04-11,[62020],Parker Russell, Level 30 The Leadenhall Building London United Kingdom EC3V 4AB,,,
ECLIPSE INTERACTIVE LTD,16381062,active,ltd,,,2025-04-11,,2025-04-11,[58210, 62011],128 City Road London United Kingdom EC1V 2NX,,,
B&T SOLUTIONS GROUP LTD,16381209,active,ltd,,,2025-04-11,,2025-04-11,[78200],15 Whitburn Road London England SE13 7UQ,,,
KDANA LTD,16381200,active,ltd,,,2025-04-11,,2025-04-11,[47910],71-75 Shelton Street London United Kingdom WC2H 9JQ,,,
XYPHER CONSULTING LTD,16381433,active,ltd,,,2025-04-11,,2025-04-11,[62020, 82990],6 Ravenings House Ilford, London England IG3 9NR,,,
THE VIBES DJ ACADEMY AND STUDIO LTD,16381456,active,ltd,,,2025-04-11,,2025-04-11,[59200, 85590, 90010, 90020],71-75 Shelton Street London United Kingdom WC2H 9JQ,thevibesdjacademy.com,thevibesdjacademyuk@gmail.com,Confirmed
G9 AUTOS LTD,16381431,active,ltd,,,2025-04-11,,2025-04-11,[45200, 96090],Unit 4 61 Sutherland Road London United Kingdom E17 6BH,,,
ADESYN LTD,16381729,active,ltd,,,2025-04-11,,2025-04-11,[68100],102 Abbeville Road Lambeth England SW4 9LU,,,
INVERFORT PROPERTY GROUP LTD,16381737,active,ltd,,,2025-04-11,,2025-04-11,[68100, 68209, 68310, 68320],20 Wenlock Road London England N1 7GU,,,
CEYDA TUTORING LTD,16381788,active,ltd,,,2025-04-11,,2025-04-11,[85590, 85600],C/O Unit 4, Kinetica London United Kingdom E8 2FD,ceydatutoring.com,,Confirmed
DATARA CONSULTING LIMITED,16381791,active,ltd,,,2025-04-11,,2025-04-11,[70229],20 Wenlock Road London England N1 7GU,,,
LUGGAGEZONE LIMITED,16381794,active,ltd,,,2025-04-11,,2025-04-11,[47910],Churchill House London England NW4 4DJ,,,
CARBON DATA LIMITED,16382068,active,ltd,,,2025-04-11,,2025-04-11,[63110],64 Nile Street London England N1 7SR,,,
ASCENSION ASSET MANAGEMENT LIMITED,16366453,active,ltd,,,2025-04-04,,2025-04-04,[68100, 68209],98 Holland Road London England W14 8BD,,,
NEXFIN LIMITED,16382078,active,ltd,,,2025-04-11,,2025-04-11,[70229],19 Lyndale Avenue London England NW2 2QB,,,
TST ENTERPRISES LIMITED,16382077,active,ltd,,,2025-04-11,,2025-04-11,[70229],342 Regents Park Road London England N3 2LJ,,,
EXPERT GROUP FOR REAL ESTATE AND TRAVEL LTD,16382321,active,ltd,,,2025-04-11,,2025-04-11,[64306, 64922, 68100, 79110],128 City Road London United Kingdom EC1V 2NX,,,
CHAUDHRY AVIATION LIMITED,16382326,active,ltd,,,2025-04-11,,2025-04-11,[70229, 85590],128 City Road London United Kingdom EC1V 2NX,,,
BRAVOO TRANSPORT LTD,16382347,active,ltd,,,2025-04-11,,2025-04-11,[49390, 49410],Unit 227, Tudorleaf Business Centre London United Kingdom N15 4QL,,,
ASTAR ENT LDN LTD,16382351,active,ltd,,,2025-04-11,,2025-04-11,[59200],20 Wenlock Road London England N1 7GU,,,
WIRRAL SERVICES LTD,16382337,active,ltd,,,2025-04-11,,2025-04-11,[45200],190 Billet Road London United Kingdom E17 5DX,,,
MONDODUCK LTD,16382314,active,ltd,,,2025-04-11,,2025-04-11,[46160],128 City Road London United Kingdom EC1V 2NX,,,
CCCCCRISPPPPP LTD,16382649,active,ltd,,,2025-04-11,,2025-04-11,[90030],128 City Road London United Kingdom EC1V 2NX,,,
COSMO INVESTMENT PROPERTIES LTD,16382658,active,ltd,,,2025-04-11,,2025-04-11,[68100, 68209, 68310, 68320],12b Manor Road London England E10 7AL,,,
SERENITY HOUSING CHILDREN'S HOME LTD,16382899,active,ltd,,,2025-04-11,,2025-04-11,[87200],320 City Road London England EC1V 2NZ,,,
RAW GROUP SUB 3 LTD,16382910,active,ltd,,,2025-04-11,,2025-04-11,[68209],Acorn House London United Kingdom W3 6AY,,,
TREASURY RISK TRAINING SOLUTIONS LTD,16383170,active,ltd,,,2025-04-11,,2025-04-11,[85590],71-75 Shelton Street London United Kingdom WC2H 9JQ,trts.uk,,Confirmed
CODERSS LTD,16383238,active,ltd,,,2025-04-11,,2025-04-11,[46510, 58290, 62011, 62012],71-75 Shelton Street London United Kingdom WC2H 9JQ,,,
REALIVES LTD,16383301,active,ltd,,,2025-04-11,,2025-04-11,[78101],Flat 2, Gatesden London United Kingdom WC1H 8EA,,,
POLISH GROUP LONDON - REMOVALS AND STORAGE LTD,16383958,active,ltd,,,2025-04-13,,2025-04-13,[49420],176 Kilburn Lane London England W10 4AS,,,
SAHRA’S SWEET KITCHEN LTD,16384438,active,ltd,,,2025-04-14,,2025-04-14,[56210],Flat 12 Gaymead Abbey Road London England NW8 0BB,,,
TWO RESTORE YOU HOLDINGS LTD,16384424,active,ltd,,,2025-04-14,,2025-04-14,[68209],C/O Getground London England W6 0NB,,,
RESILEUM LABS LTD,16384647,active,ltd,,,2025-04-14,,2025-04-14,[58290, 62012, 62090, 63110],71-75 Shelton Street London United Kingdom WC2H 9JQ,,,
CELLAR 8T WHISKY LTD,16384658,active,ltd,,,2025-04-14,,2025-04-14,[11010, 46342, 47250, 47910],Flat 37 Adelaide Court London United Kingdom E9 5RF,cellar8twhisky.com,,Likely
SIMONA WISE HOLDING LTD,16384652,active,ltd,,,2025-04-14,,2025-04-14,[64209, 68100],3rd Floor 107 Jermyn Street London United Kingdom SW1Y 6EE,,,
AVENUE INVESTING LTD,16384828,active,ltd,,,2025-04-14,,2025-04-14,[68209],20 Wenlock Road London England N1 7GU,,,
FUNUKAS LTD,16385138,active,ltd,,,2025-04-14,,2025-04-14,[46420],24-26, Arcadia Avenue Fin0000 London United Kingdom N3 2JU,,,
AHF REITCO LIMITED,16385279,active,ltd,,,2025-04-14,,2025-04-14,[64209],Third Floor London EC4M 9AF,,,
GRAND LUXE GROUP LTD,16385685,active,ltd,,,2025-04-14,,2025-04-14,[64209],Suite Ra01 195-197 Wood Street London United Kingdom E17 3NU,,,
REGIS ARCANUM LTD,16385674,active,ltd,,,2025-04-14,,2025-04-14,[47910, 64991],Office 12365 182-184 High Street North East Ham United Kingdom E6 2JA,,,
NEXT LEVEL TROWEL LTD,16385702,active,ltd,,,2025-04-14,,2025-04-14,[41202],70b Bounces Road London England N9 8JS,nextleveltrowel.co.uk,,Likely
HUMANIST TAG LTD,16386189,active,ltd,,,2025-04-14,,2025-04-14,[47910],Office 12372 182-184 High Street North East Ham London United Kingdom E6 2JA,,,
MAYDI LIMITED,16386810,active,ltd,,,2025-04-14,,2025-04-14,[96040],Acre House London United Kingdom NW1 3ER,,,
HUTCHINGS GARDENERS LTD,16387339,active,ltd,,,2025-04-15,,2025-04-15,[74100],Flat 4, 39, Marlborough Mansions Bromells Road London United Kingdom SW4 0BA,,,
CARLA G BIDCO LTD,16387337,active,ltd,,,2025-04-15,,2025-04-15,[64205],Flat G.03 1 Bolander Grove London England SW6 1EQ,,,
BL ACTON HOLDCO 1 LIMITED,16388032,active,ltd,,,2025-04-15,,2025-04-15,[64209],101 New Cavendish Street London United Kingdom W1W 6XH,,,
DR G COLLINS LTD,16388031,active,ltd,,,2025-04-15,,2025-04-15,[86220],71-75 Shelton Street London United Kingdom WC2H 9JQ,,,
CRESTLINE VISION TRADING LTD,16387998,active,ltd,,,2025-04-15,,2025-04-15,[46520, 47421],128 City Road London United Kingdom EC1V 2NX,,,
REBOSA LIMITED,16388022,active,ltd,,,2025-04-15,,2025-04-15,[59111],2 Old Court Mews London England N14 6JS,,,
SNG REALTY LIMITED,16388544,active,ltd,,,2025-04-15,,2025-04-15,[68100, 68209, 68320],25 Jamestown Way London England E14 2DE,,,
OCTANSER TECHNOLOGIES LIMITED,16388576,active,ltd,,,2025-04-15,,2025-04-15,[62020],128 City Road London United Kingdom EC1V 2NX,,,
VELIRA LTD,16388571,active,ltd,,,2025-04-15,,2025-04-15,[47910],2nd Floor College House Ruislip, United Kingdom HA4 7AE,velira.co.uk,,Confirmed
K&K BOWES PROPERTIES LTD,16388598,active,ltd,,,2025-04-15,,2025-04-15,[68100, 68209, 68320],Flat 1 Wynborne Court London England SE20 7UT,,,
KBM DESIGN AND BUILD LTD,16388795,active,ltd,,,2025-04-15,,2025-04-15,[43999],Flat 16, 10 Bruton House Daffodil Crescent Barnet England EN4 0EA,,,
NEAPOLIS CONSTRUCTION LTD,16388814,active,ltd,,,2025-04-15,,2025-04-15,[43999],Studio 5.28 326 Ladbroke Grove London England W10 5AD,,,
KARACAM GROUP LTD,16389700,active,ltd,,,2025-04-15,,2025-04-15,[47910],4 Raven Road, Unit 1c3-721 London United Kingdom E18 1HB,,,
URCASH FINANCIAL PLATFORM SERVICES UK LIMITED,16389705,active,ltd,,,2025-04-15,,2025-04-15,[64205, 64999, 82911, 82912],20 Wenlock Road London England N1 7GU,urcash.co.uk,,Confirmed
CHERRYLEEN LTD,16389669,active,ltd,,,2025-04-15,,2025-04-15,[68100],124 Bizspace 8 Lombard Road London England SW19 3TZ,,,
AMANAH CORPORATION LTD,16389675,active,ltd,,,2025-04-15,,2025-04-15,[68209],14/2g Docklands Business Centre London United Kingdom E14 8PX,,,
URBAN HAVEN & HEARTH LTD,16389679,active,ltd,,,2025-04-15,,2025-04-15,[55900],128 City Road London United Kingdom EC1V 2NX,,,
SEMPLICITA LTD,16389689,active,ltd,,,2025-04-15,,2025-04-15,[47990],71-75 Shelton Street London United Kingdom WC2H 9JQ,,,
STAR PROPERTY GLOBAL LIMITED,16389652,active,ltd,,,2025-04-15,,2025-04-15,[68100],451 High Street North London England E12 6TJ,,,
GRACIE GROUP LIMITED,16390401,active,ltd,,,2025-04-15,,2025-04-15,[41100],73 Cornhill London United Kingdom EC3V 3QQ,,,
EAGLECREST GLOBAL SERVICES LIMITED,16390473,active,ltd,,,2025-04-15,,2025-04-15,[81210, 81222, 81229, 81299],Flat 19 Henderson Court London England SE14 5RX,https://www.eaglecrestgsl.co.uk/,,Confirmed
MS12 GROUPS LIMITED,16390524,active,ltd,,,2025-04-15,,2025-04-15,[56101],146 Uxbridge Road London England W13 8SB,,,
ELYSIUMSPOT LTD,16380518,active,ltd,,,2025-04-10,,2025-04-10,[47910, 47990],Flat 4 27 Whitworth Road London England SE25 6XQ,,,
PSC SWISS SYSTEMS LTD,16380626,active,ltd,,,2025-04-10,,2025-04-10,[43999, 46130, 46730],44 Broadway London England E15 1XH,,,
SALMON & CO PROPERTIES LTD,16380738,active,ltd,,,2025-04-10,,2025-04-10,[68100, 68209, 82990],Flat 11 Herbert House London England SW19 4JP,,,
FIX LEMON LTD,16380665,active,ltd,,,2025-04-10,,2025-04-10,[46480, 47910],Tower 42 International Financial Centre London England EC2N 1HN,,,
DELUX TRADERS LTD,16381477,active,ltd,,,2025-04-11,,2025-04-11,[47910],128 City Road London United Kingdom EC1V 2NX,,,
BIG STRUDEL LIMITED,16381484,active,ltd,,,2025-04-11,,2025-04-11,[62020],Big Strudel Limited London England EC1V 2NX,,,
FIDRA ENERGY HOLDINGS LIMITED,16381499,active,ltd,,,2025-04-11,,2025-04-11,[64209],20 St. James's Street London England SW1A 1ES,,,
WEYRO LTD,16381888,active,ltd,,,2025-04-11,,2025-04-11,[63110],128 City Road London United Kingdom EC1V 2NX,https://weyro.net,,Confirmed
ZAKERI MEDICAL LTD,16381873,active,ltd,,,2025-04-11,,2025-04-11,[86900],28 Guardhouse Way London England NW7 1FX,,,
CUTTICASHOP LIMITED,16382301,active,ltd,,,2025-04-11,,2025-04-11,[47910],Flat 10 24a Auckland Rise London England SE19 2EA,,,
DUWA HOLDINGS LIMITED,16382288,active,ltd,,,2025-04-11,,2025-04-11,[68100, 68209],414 Barking Road London England E13 8HJ,,,
BANDERA AI LTD,16382278,active,ltd,,,2025-04-11,,2025-04-11,[62012],128 City Road London United Kingdom EC1V 2NX,,,
OLLIX SOLUTIONS LIMITED,16382519,active,ltd,,,2025-04-11,,2025-04-11,[46140],D S Burge And Co Ltd London United Kingdom SW19 4DW,https://ollixsolutions.com/,,Confirmed
DROP-IN SURF LTD,16382530,active,ltd,,,2025-04-11,,2025-04-11,[49390, 94990],71-75 Shelton Street London United Kingdom WC2H 9JQ,https://www.drop-in.surf/,,Likely
INNCITY PUBCO LIMITED,16382958,active,ltd,,,2025-04-11,,2025-04-11,[56302, 93290],21 Drury Lane London United Kingdom WC2B 5RH,,,
UKN 2020 LTD,16383192,active,ltd,,,2025-04-11,,2025-04-11,[74909, 82110],196 Suite 3, 196 Freston Road London United Kingdom W10 6TT,,,
NEOVERDE LTD,16383179,active,ltd,,,2025-04-11,,2025-04-11,[70229, 71122, 74901],11 Ravenscroft Avenue London England NW11 0SA,,,
UBER CREATIVE ADVERTISING LTD,16383190,active,ltd,,,2025-04-11,,2025-04-11,[70210, 73110, 73120, 73200],110 Bishopsgate London England EC2N 4AY,,,
MODISH BRIT LTD,16383402,active,ltd,,,2025-04-11,,2025-04-11,[47990],Flat 52 Healey House London England SW9 6NF,,,
ZHANGLALA LTD,16383560,active,ltd,,,2025-04-12,,2025-04-12,[47910],212 High Street North London England E6 2JA,,,
AKROUCHE&SONS LIMITED,16383771,active,ltd,,,2025-04-12,,2025-04-12,[68320],35 Croyland Road London England N9 7BB,,,
ONWARD GLOBAL LTD,16384376,active,ltd,,,2025-04-14,,2025-04-14,[82990],71-75 Shelton Street London United Kingdom WC2H 9JQ,,,
JPE INTERNATIONAL HOLDINGS UK LIMITED,16384457,active,ltd,,,2025-04-14,,2025-04-14,[47710],Suite 1, 7th Floor 50 Broadway London United Kingdom SW1H 0DB,,,
TEMPLARIS HOLDING LTD,16385098,active,ltd,,,2025-04-14,,2025-04-14,[64209],20 Wenlock Road London England N1 7GU,,,
CENTURIN LIMITED,16385202,active,ltd,,,2025-04-14,,2025-04-14,[63990],Palliser House, London United Kingdom W14 9EB,,,
LIMA- M SERVICES LTD,16385189,active,ltd,,,2025-04-14,,2025-04-14,[96090],166 Chase Road London England N14 4LH,,,
MAYPOLE BUTCHERS LTD.,16385191,active,ltd,,,2025-04-14,,2025-04-14,[47220],128 City Road London United Kingdom EC1V 2NX,,,
VERIDIAN CAPITAL LIMITED,16385182,active,ltd,,,2025-04-14,,2025-04-14,[68209],71-75 Shelton Street London United Kingdom WC2H 9JQ,,,
SPILT NOT SPOILT LTD,16385454,active,ltd,,,2025-04-14,,2025-04-14,[14190, 47910],128 City Road London United Kingdom EC1V 2NX,,,
NIA NEZA HOLDINGS LTD,16385445,active,ltd,,,2025-04-14,,2025-04-14,[96090],44 Second Avenue London United Kingdom E17 9QH,,,
LUMINI INTERIORS LTD,16385748,active,ltd,,,2025-04-14,,2025-04-14,[74100],124 City Road London England EC1V 2NX,https://www.luminiinteriors.com/,,Confirmed
OBA CONSULTING LTD,16385736,active,ltd,,,2025-04-14,,2025-04-14,[70229, 85590, 96090],4 Raven Road, Unit 1c3-717 London United Kingdom E18 1HB,,,
SOPHONOVA LTD,16386321,active,ltd,,,2025-04-14,,2025-04-14,[62090],59 Railway Side London England SW13 0PQ,,,
A2B FOOD LIMITED,16386320,active,ltd,,,2025-04-14,,2025-04-14,[56103],205 Cricklewood Broadway Cricklewood United Kingdom NW2 3HS,,,
LONDON AIRPORT TRANSFER SERVICE LTD,16386346,active,ltd,,,2025-04-14,,2025-04-14,[49320, 96090],Flat 4 3 Fieldgate Street London England E1 1JU,,,
PEACH SOUND LTD,16386642,active,ltd,,,2025-04-14,,2025-04-14,[59200],Flat 308 Falcon Works Court London England E3 4RT,,,
KHUDARY TECH & CONSULTING LTD,16386644,active,ltd,,,2025-04-14,,2025-04-14,[47910, 62020],20 Wenlock Road London England N1 7GU,,,
GGAI LTD,16386621,active,ltd,,,2025-04-14,,2025-04-14,[82990],128 City Road London United Kingdom EC1V 2NX,,,
HERBS X SPICES LTD,16386631,active,ltd,,,2025-04-14,,2025-04-14,[56210],66-72 Church Street London England NW8 8ET,,,
KILIC PROPERTIES LTD,16386771,active,ltd,,,2025-04-14,,2025-04-14,[68100, 68320],22 Shearling Way London England N7 9TP,,,
DAISY CHAIN CONSULTANTS LTD,16387109,active,ltd,,,2025-04-14,,2025-04-14,[41100, 70229],3rd Floor, 86-90 Paul Street London England EC2A 4NE,,,
SOFTWARE FOR PUBLISHING AND DEVELOPING ENTERTAINMENT AND INTERACTIVE APPLICATIONS AND GAMES LTD,16387275,active,ltd,,,2025-04-15,,2025-04-15,[58210, 58290, 62011, 62012],4 Portal Way London England W3 6RT,,,
LOCKWOOD ENERGY LIMITED,16387288,active,ltd,,,2025-04-15,,2025-04-15,[71121, 71122, 71129, 72190],261 Camden Road London England N7 0HS,,,
INNOVATIVE 4 RETAIL LTD,16387292,active,ltd,,,2025-04-15,,2025-04-15,[46341],Costcutter Supermarket, 8 Sheaveshill Avenue London United Kingdom NW9 6RS,,,
KOT ARC GROUP LTD,16387651,active,ltd,,,2025-04-15,,2025-04-15,[82990],71-75 Shelton Street London United Kingdom WC2H 9JQ,,,
BABAEV LTD,16387642,active,ltd,,,2025-04-15,,2025-04-15,[47910],Suite 8928 5 Brayford Square London United Kingdom E1 0SG,,,
AMJEO LTD,16387646,active,ltd,,,2025-04-15,,2025-04-15,[62012],86-90 Paul Street London England EC2A 4NE,,,
EAST GATE TOURS LTD,16387836,active,ltd,,,2025-04-15,,2025-04-15,[79120],Dept 4911, 196 High Road London United Kingdom N22 8HH,https://eastgatetours.com/,,Confirmed
HOLOTWINS UK LIMITED,16387835,active,ltd,,,2025-04-15,,2025-04-15,[62012, 63110],71-75 Shelton Street London United Kingdom WC2H 9JQ,https://holotwins.co.uk/,contact@holotwins.co.uk,Confirmed
OMNILINK MEDIA LIMITED,16387807,active,ltd,,,2025-04-15,,2025-04-15,[73110, 73120],71-75 Shelton Street London United Kingdom WC2H 9JQ,,,
EDEN AURA LTD,16387819,active,ltd,,,2025-04-15,,2025-04-15,[68100, 68209, 70229],71-75 Shelton Street London United Kingdom WC2H 9JQ,,,
THE SALES CENTRE LTD,16387826,active,ltd,,,2025-04-15,,2025-04-15,[82110, 82200],71-75 Shelton Street London United Kingdom WC2H 9JQ,,,
APEX ASPIRE LIMITED,16387803,active,ltd,,,2025-04-15,,2025-04-15,[62090],71-75 Shelton Street London United Kingdom WC2H 9JQ,,,
IBMARISH HEALTHCARE LIMITED,16388155,active,ltd,,,2025-04-15,,2025-04-15,[86220],88 Morant Place London England N22 8HT,,,
CSJ SPECIALIST SURVEYORS LTD,16388146,active,ltd,,,2025-04-15,,2025-04-15,[42110, 74902],3rd Floor, 86-90 Paul Street London England EC2A 4NE,,,
JAKSTYLE LTD,16388135,active,ltd,,,2025-04-15,,2025-04-15,[43290, 43390, 46130],Flat 11 Tannery House London United Kingdom E16 2EF,,,
AMOVEO CONSULTING LTD,16388657,active,ltd,,,2025-04-15,,2025-04-15,[70229, 78200],207 Regent Street, Suite 8, Third Floor London United Kingdom W1B 3HH,,,
NEXSTRUCT LIMITED,16388656,active,ltd,,,2025-04-15,,2025-04-15,[41201, 41202, 96090],40 Studley Road London England E7 9LX,,,
FALCOR SOLUTIONS LTD,16388683,active,ltd,,,2025-04-15,,2025-04-15,[41100],128 City Road London United Kingdom EC1V 2NX,,,
DARNA COFFEE CO LTD,16388934,active,ltd,,,2025-04-15,,2025-04-15,[10832],66 Jade Close London England E16 3TZ,,,
GUMUS 2025 LIMITED,16388941,active,ltd,,,2025-04-15,,2025-04-15,[56103],105 Thornsbeach Road London England SE6 1EY,,,
FREDON MAGASIN LTD,16388964,active,ltd,,,2025-04-15,,2025-04-15,[47910, 73110],20 Wenlock Road London England N1 7GU,,,
VELOCIPAY LIMITED,16388931,active,ltd,,,2025-04-15,,2025-04-15,[62090, 64999],133 Whitechapel High Street London England E1 7QA,,,
DEXTER GROVE PROPERTY LTD,16389367,active,ltd,,,2025-04-15,,2025-04-15,[68209],C/O Getground London England W6 0NB,,,
IDX FREIGHT NETWORK LTD,16389394,active,ltd,,,2025-04-15,,2025-04-15,[49410, 52102, 53100, 53202],20 Wenlock Road London England N1 7GU,,,
HOSTIMATIC LTD,16389363,active,ltd,,,2025-04-15,,2025-04-15,[62090],. 124 City Road London United Kingdom EC1V 2NX,,,
CORNERSTONE TECHNOLOGY LIMITED,16389588,active,ltd,,,2025-04-15,,2025-04-15,[62020, 62090],Flat 9, 27-29 London England N4 3NR,,,
SUDAN HOUSE LTD,16389579,active,ltd,,,2025-04-15,,2025-04-15,[94990],71-75 Shelton Street London United Kingdom WC2H 9JQ,,,
PECAZIA LTD,16389624,active,ltd,,,2025-04-15,,2025-04-15,[47910],128 City Road London United Kingdom EC1V 2NX,,,
OMNI LYST LTD,16389625,active,ltd,,,2025-04-15,,2025-04-15,[47910],86-90 Paul Street London England EC2A 4NE,https://www.omnilyst.co/,,Likely
ALPHA B INVESTMENTS CORP LTD,16389634,active,ltd,,,2025-04-15,,2025-04-15,[66110, 66300],1 Canada Square London England E14 5AB,,,
HAUPTSACHE DEUTSCH LTD,16389591,active,ltd,,,2025-04-15,,2025-04-15,[58110, 85590, 85600],Stoney Works London United Kingdom SE19 3BD,,,
FOUR NINE NINE LTD,16389592,active,ltd,,,2025-04-15,,2025-04-15,[58110, 62090, 70229, 73110],3 Floor 86-90 Paul Street London United Kingdom EC2E 4NE,,,
DIGICREW LIMITED,16389629,active,ltd,,,2025-04-15,,2025-04-15,[59120],35 Lichfield Grove London England N3 2JJ,,,
ASAP ROOFING SOLUTIONS LTD,16389999,active,ltd,,,2025-04-15,,2025-04-15,[43910],81 Durning Road London England SE19 1JS,,,
EPC4LESS LTD,16390210,active,ltd,,,2025-04-15,,2025-04-15,[74909],71-75 Shelton Street London United Kingdom WC2H 9JQ,https://www.epc4less.com/,,Confirmed
KINGDOM MGNT LTD,16390203,active,ltd,,,2025-04-15,,2025-04-15,[64209],86-90 Paul Street London England EC2A 4NE,,,
CHAKRA HOLIDAYS & EVENTS LIMITED,16390194,active,ltd,,,2025-04-15,,2025-04-15,[56210, 79110, 79120],Flat 4 Woodside Court London England N12 8AP,https://chakraholidays.com/,,Confirmed
ABBEY HOTEL SHEPHERDS BUSH LIMITED,16380764,active,ltd,,,2025-04-10,,2025-04-10,[55100, 56290],23 Wood Lane London England W12 7DP,,,
WILD ROSE THERAPY AND COACHING LTD,16380777,active,ltd,,,2025-04-10,,2025-04-10,[86900],4th Floor Silverstream House London England W1T 6EB,,,
WESTA PROPERTY MANAGEMENT LTD,16380808,active,ltd,,,2025-04-10,,2025-04-10,[98000],20 Cecil Road London England E13 0LX,,,
NO LABEL WORKS LIMITED,16381047,active,ltd,,,2025-04-11,,2025-04-11,[59113, 70229],32 Hannay House London United Kingdom SW15 3PD,,,
TZUR BUILD LIMITED,16381050,active,ltd,,,2025-04-11,,2025-04-11,[68100],128 City Road London United Kingdom EC1V 2NX,,,
NEWBUILD REAL ESTATES LIMITED,16381254,active,ltd,,,2025-04-11,,2025-04-11,[68209],71-75 Shelton Street London United Kingdom WC2H 9JQ,,,
SHAALAN LTD,16381417,active,ltd,,,2025-04-11,,2025-04-11,[47910],128 City Road London United Kingdom EC1V 2NX,,,
ELAASAR LTD,16381665,active,ltd,,,2025-04-11,,2025-04-11,[86220, 86900],128 City Road London United Kingdom EC1V 2NX,,,
MOBILESPYKE LTD,16381642,active,ltd,,,2025-04-11,,2025-04-11,[47910],Suite C30 4 - 6, Greatorex Street London United Kingdom E1 5NF,,,
BYTEBLOOM TRAINING LIMITED,16382061,active,ltd,,,2025-04-11,,2025-04-11,[78300],30 Greenhaven Drive London England SE28 8FR,,,
ARGENTO FUNDING LIMITED,16382059,active,ltd,,,2025-04-11,,2025-04-11,[64999],10th Floor 5 Churchill Place London United Kingdom E14 5HU,,,
KONNEXA DIGITAL LTD,16382426,active,ltd,,,2025-04-11,,2025-04-11,[70210, 73110],124-128 City Road London England EC1V 2NX,https://konnexadigital.co.uk/,info@konnexadigital.co.uk,Confirmed
CARLYON BAY PROJECT LIMITED,16382580,active,ltd,,,2025-04-11,,2025-04-11,[68209],Sloane Square House London England SW1W 8NS,,,
DILDA FASHIONS LIMITED,16382855,active,ltd,,,2025-04-11,,2025-04-11,[46160, 46420, 47710, 47820],25 New Road London England E1 1HE,,,
THE JUNCTION BECKENHAM LIMITED,16382860,active,ltd,,,2025-04-11,,2025-04-11,[56102, 96020],Unit 2 1 Empire Mews London England SW16 2BF,,,
SHOPIYO LTD,16383014,active,ltd,,,2025-04-11,,2025-04-11,[47910],161 Colman Road London United Kingdom E16 3JZ,,,
C365 NATIONWIDE LTD,16383010,active,ltd,,,2025-04-11,,2025-04-11,[68100],3rd Floor, 86-90 Paul Street London United Kingdom EC2A 4NE,,,
ELUFIA LTD,16383091,active,ltd,,,2025-04-11,,2025-04-11,[46380, 47910],124 City Road London United Kingdom EC1V 2NX,,,
BKGT (AK) LTD,16383326,active,ltd,,,2025-04-11,,2025-04-11,[47110],31 Herbert Road London England SE18 3SZ,,,
RENTMATES LTD,16383378,active,ltd,,,2025-04-11,,2025-04-11,[68209],41 Ravenscroft Street London England E2 7SH,,,
A-STARS BUSINESS LTD,16383455,active,ltd,,,2025-04-12,,2025-04-12,[47990],14 Jacob House Chambers Street London England SE16 4EN,,,
KU NETWORK MARKETING LTD,16383457,active,ltd,,,2025-04-12,,2025-04-12,[47770],3 Gower Street London England WC1E 6HA,,,
STARDUST & SAND LTD,16383554,active,ltd,,,2025-04-12,,2025-04-12,[68209],105 Beck Square London England E10 7FY,,,
AMPLIFY CP LTD,16383611,active,ltd,,,2025-04-12,,2025-04-12,[96020],14 Minerva Road London England E4 8SF,,,
FADE FACTORY 89 LIMITED,16383676,active,ltd,,,2025-04-12,,2025-04-12,[96020],72a Bedford Hill London England SW12 9HR,,,
ZARA SURVEYING LTD,16383880,active,ltd,,,2025-04-13,,2025-04-13,[74902],3rd Floor, 86-90 Paul Street London United Kingdom EC2A 4NE,,,
EMOTE GROUP LIMITED,16383890,active,ltd,,,2025-04-13,,2025-04-13,[70229],75, Coda Residences 6 York Place London United Kingdom SW11 3JD,,,
HARLOW STRENGTH COLLECTIVE LTD,16384529,active,ltd,,,2025-04-14,,2025-04-14,[93130],5 Cypress Gardens London England SE4 2FB,,,
WESLEY HOUSE PUBLISHING LTD,16384743,active,ltd,,,2025-04-14,,2025-04-14,[58110],71-75 Shelton Street London United Kingdom WC2H 9JQ,https://www.wesleyhousepublishing.com/,,Confirmed
CLOSETSIGNAL LTD,16385028,active,ltd,,,2025-04-14,,2025-04-14,[47710],26b Quex Road London England NW6 4PG,,,
UK REALTY X LTD,16385024,active,ltd,,,2025-04-14,,2025-04-14,[68209],Office 101450 Regent Street London United Kingdom W1A 6US,,,
EMBERGUARD RISK CONSULTANTS LTD,16385049,active,ltd,,,2025-04-14,,2025-04-14,[71129, 71200, 74909],128 City Road London United Kingdom EC1V 2NX,,,
JACKWOOD ESTATES LTD,16385038,active,ltd,,,2025-04-14,,2025-04-14,[68100],20 Wenlock Road London England N1 7GU,,,
TOOUL LTD,16385473,active,ltd,,,2025-04-14,,2025-04-14,[32500, 47749, 74100],167-169 Great Portland Street London England W1W 5PF,,,
KAKI STONE LTD,16385488,active,ltd,,,2025-04-14,,2025-04-14,[14190, 20420, 32120, 47910],124-128 City Road London England EC1V 2NX,,,
LDN2 LTD,16385485,active,ltd,,,2025-04-14,,2025-04-14,[95110],Unit 407 Omega Works 4 Roach Road London England E3 2LX,,,
BROOKS DIGITAL CONSULTING LTD,16385618,active,ltd,,,2025-04-14,,2025-04-14,[62020, 73200],128 City Road London United Kingdom EC1V 2NX,,,
SHEPHERD CONSULTANCY LIMITED,16386125,active,ltd,,,2025-04-14,,2025-04-14,[70229],11 Reeds Place London England NW1 9NA,,,
BAWA. IGNITE CHANGE LTD,16386112,active,ltd,,,2025-04-14,,2025-04-14,[46420],131 Finsbury Pavement London England EC2A 1NT,,,
AAKHRI STUDIOS LTD,16386397,active,ltd,,,2025-04-14,,2025-04-14,[47710, 47910],3rd Floor, 86-90 Paul Street London England EC2A 4NE,https://www.aakhristudios.com/,,Confirmed
60 JWD UK LTD,16384394,active,ltd,,,2025-04-14,,2025-04-14,[56102],Unit A3, Gateway Tower London England E16 1YL,,,
AJ ABELLA CONSULTING LTD,16386446,active,ltd,,,2025-04-14,,2025-04-14,[73110],3rd Floor, 86-90 Paul Street London United Kingdom EC2A 4NE,,,
BABYDOLL LIMITED,16386436,active,ltd,,,2025-04-14,,2025-04-14,[46450],20 Wenlock Road London England N1 7GU,,,
ELEVATEPROPERTYSOLUTIONSUK LIMITED,16386408,active,ltd,,,2025-04-14,,2025-04-14,[98000],Monomark House London England WC1N 3AX,,,
CREATIVE ARTS CAMP LIMITED,16386648,active,ltd,,,2025-04-14,,2025-04-14,[88910],Flat 41 Morrison House London England SW2 3PP,,,
GI HEALTH CONSULTANCY & INVEST LTD,16384719,active,ltd,,,2025-04-14,,2025-04-14,[86220],8 Station Parade London England E11 1QF,,,
TGC LOGISTICS SOLUTIONS UK LTD,16386678,active,ltd,,,2025-04-14,,2025-04-14,[71129],2nd Floor College House Ruislip, United Kingdom HA4 7AE,,,
OYA TEAM LTD,16386857,active,ltd,,,2025-04-14,,2025-04-14,[59112],155 Bishopsgate London England EC2M 3TQ,,,
WESTBERKSHIREPLUG LTD,16386847,active,ltd,,,2025-04-14,,2025-04-14,[47710],3rd Floor, 86-90 Paul Street London United Kingdom EC2A 4NE,,,
HM NEXUS LTD,16387018,active,ltd,,,2025-04-14,,2025-04-14,[81210],124-128 City Road London England EC1V 2NX,,,
CRYSTAL PALACE CLEANING SERVICES LTD,16387017,active,ltd,,,2025-04-14,,2025-04-14,[81299],195 Wood Street London United Kingdom E17 3NU,,,
JACK TRADES REPAIR LTD,16387254,active,ltd,,,2025-04-15,,2025-04-15,[43999],124-128 City Road London England EC1V 2NX,,,
BAUST STUDIO LTD,16387560,active,ltd,,,2025-04-15,,2025-04-15,[41100, 71111, 71112, 71122],71-75 Shelton Street London United Kingdom WC2H 9JQ,,,
DAWNING EAST LTD,16387553,active,ltd,,,2025-04-15,,2025-04-15,[58120, 58190, 58210, 58290],71-75 Shelton Street London United Kingdom WC2H 9JQ,,,
ALGBRA INTERNATIONAL LIMITED,16387981,active,ltd,,,2025-04-15,,2025-04-15,[64209],22 Upper Brook Street London England W1K 7PZ,https://www.algbra.com/,,Likely
SUNDAY & SONS PROPERTIES LTD,16387989,active,ltd,,,2025-04-15,,2025-04-15,[68100, 68201, 68209, 68310],128 City Road London United Kingdom EC1V 2NX,,,
MYIDEALPAD LTD,16377901,active,ltd,,,2025-04-09,,2025-04-09,[68100, 68209],71-75 Shelton Street London United Kingdom WC2H 9JQ,,,
BOLADE BANJO LTD,16388366,active,ltd,,,2025-04-15,,2025-04-15,[74202],54 Peak Hill London England SE26 4LR,https://www.bolade-banjo.com/,,Likely
JMD INTERIORS LTD,16388346,active,ltd,,,2025-04-15,,2025-04-15,[41100, 41201, 41202],24a Sydenham Road London United Kingdom SE26 5QW,,,
PARZIVAL LIMITED,16388349,active,ltd,,,2025-04-15,,2025-04-15,[46510],483 Green Lanes London England N13 4BS,,,
ESTUARY KITCHENS LIMITED,16388703,active,ltd,,,2025-04-15,,2025-04-15,[43390, 43999],1208-1210 London Road Leigh-On-Sea United Kingdom SS9 2UA,https://estuarykitchens.co.uk/,,Confirmed
METROMOVE LOGISTIC LTD,16389048,active,ltd,,,2025-04-15,,2025-04-15,[53201],162 Belgrave Road London United Kingdom E17 8QG,,,
ALNG LIMITED,16389007,active,ltd,,,2025-04-15,,2025-04-15,[46120, 70229],27 Old Gloucester Street London England WC1N 3AX,,,
COWBOYS & RANCHERS LTD,16389005,active,ltd,,,2025-04-15,,2025-04-15,[56102],1745 London Road Leigh-On-Sea England SS9 2SW,,,
A K MEAT & GROCERIES LTD,16389028,active,ltd,,,2025-04-15,,2025-04-15,[47220],120 Upper Tooting Road London United Kingdom SW17 7EN,,,
TARGETED MARKETING LTD,16389407,active,ltd,,,2025-04-15,,2025-04-15,[47910],30 Riverhead Close London England E17 5PY,,,
GREENBYTE HOLDINGS LTD,16389396,active,ltd,,,2025-04-15,,2025-04-15,[64209],20 Wenlock Road London England N1 7GU,,,
SANDPIPER FINCH CONSULTING LTD,16389822,active,ltd,,,2025-04-15,,2025-04-15,[70229],7 Bell Yard London England WC2A 2JR,,,
LIFE WITH DETTE LTD,16389826,active,ltd,,,2025-04-15,,2025-04-15,[59112, 73120],20 Wenlock Road London England N1 7GU,,,
HADI KHALISADAR LTD,16389828,active,ltd,,,2025-04-15,,2025-04-15,[70229],234-236 Whitechapel Road London England E1 1BJ,,,
NEXT LEVEL LABS LTD,16390028,active,ltd,,,2025-04-15,,2025-04-15,[47190],4th Floor Office London England W1B 4HB,,,
A &Z BUIDING SOLUTION LIMITED,16390057,active,ltd,,,2025-04-15,,2025-04-15,[41201, 41202, 81299],156 London Road Bedford England MK42 0PS,,,
SERVPULSE LTD,16390236,active,ltd,,,2025-04-15,,2025-04-15,[62012],Flat 202 Jacquard Court 32 Bishops Way London England E2 9HB,,,
DISTROTOPIA LTD,16390336,active,ltd,,,2025-04-15,,2025-04-15,[47910],Flat B, 109 Park Street London United Kingdom W1K 7JF,https://distrotopia.com/,,Confirmed
COMING WAVE LTD,16380475,active,ltd,,,2025-04-10,,2025-04-10,[62020, 70229, 82990],71-75 Shelton Street London United Kingdom WC2H 9JQ,,,
NYSALD LTD,16374891,active,ltd,,,2025-04-08,,2025-04-08,[62090],124 City Road London England EC1V 2NX,,,
TRIREME LTD,16381039,active,ltd,,,2025-04-11,,2025-04-11,[64999],Parker Russell, Level 30 The Leadenhall Building London United Kingdom EC3V 4AB,,,
INVESTMENTS COMMERCE LTD,16381030,active,ltd,,,2025-04-11,,2025-04-11,[96090],Harben House 13a Harben Parade London United Kingdom NW3 6LH,,,
SWEET ENDEAVOURS LIMITED,16381036,active,ltd,,,2025-04-11,,2025-04-11,[56102, 56103],112b Portland Road London England SE25 4PJ,,,
ILLUMINATA LAW OFFICES LTD,16381113,active,ltd,,,2025-04-11,,2025-04-11,[68100, 68209, 68320, 69109],27 Old Gloucester Street London United Kingdom WC1N 3AX,,,
MEDIAOK LIMITED,16381218,active,ltd,,,2025-04-11,,2025-04-11,[58210, 58290, 62020, 85600],19 Panmuir Road London England SW20 0PZ,https://www.mediaok.uk/,,Confirmed
ZEBU GROUP LIMITED,16381335,active,ltd,,,2025-04-11,,2025-04-11,[70210],73 Cornhill London United Kingdom EC3V 3QQ,,,
TTALI LTD,16381545,active,ltd,,,2025-04-11,,2025-04-11,[94200, 94920, 95110],71-75 Shelton Street London United Kingdom WC2H 9JQ,,,
UK UP SKILLS AND TRAINING LIMITED,16381863,active,ltd,,,2025-04-11,,2025-04-11,[85320, 85421, 85600],Unit B107 Trident Business Centre London England SW17 9SH,,,
ELITE GLOBAL SERVICES LTD,16381935,active,ltd,,,2025-04-11,,2025-04-11,[84250],85 Great Portland Street London England W1W 7LT,,,
ZAY & ROSSAN LTD,16382246,active,ltd,,,2025-04-11,,2025-04-11,[96020],128 City Road London United Kingdom EC1V 2NX,,,
WYNE TECHNOLOGIES LIMITED,16382256,active,ltd,,,2025-04-11,,2025-04-11,[73110],85 Great Portland Street London England W1W 7LT,,,
FARES PROPERTY GROUP LTD,16382236,active,ltd,,,2025-04-11,,2025-04-11,[68100],63 Burdett Road London England E3 4TN,,,
PHONEPARTS FACTORY LTD,16382206,active,ltd,,,2025-04-11,,2025-04-11,[26301, 26309],Unit 19 Millmead Business Centre London England N17 9QU,,,
WAVERTREE BAY INVESTMENTS LTD,16382702,active,ltd,,,2025-04-11,,2025-04-11,[64209],101 New Cavendish Street London England W1W 6XH,,,
ROSE MALL LTD,16382714,active,ltd,,,2025-04-11,,2025-04-11,[47910],4 Raven Road, Unit 1c3-713 London United Kingdom E18 1HB,,,
EMMANUEL ADDAE LIMITED,16382709,active,ltd,,,2025-04-11,,2025-04-11,[13931],8 Osborne Road London England NW2 5DP,,,
TECHADOP LTD,16382897,active,ltd,,,2025-04-11,,2025-04-11,[58290, 62012],128 City Road London United Kingdom EC1V 2NX,https://techadop.myshopify.com/,,Likely
FILIPINA LIFE PARTNER LTD,16369102,active,ltd,,,2025-04-07,,2025-04-07,[96040],513 London Road Sutton England SM3 8JR,https://www.filipinalifepartner.co.uk/,,Confirmed
SMS RENOVATIONS LTD,16382985,active,ltd,,,2025-04-11,,2025-04-11,[41100],128 City Road London United Kingdom EC1V 2NX,,,
LLG GROCERIES LTD,16383137,active,ltd,,,2025-04-11,,2025-04-11,[47190],31 High Street London England SE25 6HA,,,
KAAJ INVESTMENTS LTD,16383125,active,ltd,,,2025-04-11,,2025-04-11,[68100, 68209],75 Montagu Road London England NW4 3ER,,,
CABONO LIMITED,16383274,active,ltd,,,2025-04-11,,2025-04-11,[77110],Flat 18 Scoulding House London England E14 8NP,,,
TTRADESFX LIMITED,16383632,active,ltd,,,2025-04-12,,2025-04-12,[64991, 66190],2 Eltham Green London England SE9 5JZ,,,
VALUEGROVE LTD,16383741,active,ltd,,,2025-04-12,,2025-04-12,[47910],17 Crantock Road London England SE6 2QS,,,
DR IUVENTUS LTD,16383837,active,ltd,,,2025-04-12,,2025-04-12,[46450, 47750, 72110],124-128 City Road London England EC1V 2NX,,,
SUMMERLAND MANAGEMENT LIMITED,16383944,active,ltd,,,2025-04-13,,2025-04-13,[73120],Tempo House London England SW11 2PJ,,,
FLORIN TECH SERVICES LTD,16371639,active,ltd,,,2025-04-07,,2025-04-07,[47421],205 Monega Road Monega Road London England E12 6TT,,,
NIMBLEAI LTD,16384135,active,ltd,,,2025-04-13,,2025-04-13,[32409, 46499, 47910, 62090],Flat 1502 Kitson House 6 Corsican Square London England E3 3ZH,,,
FIRST CLASSER LTD,16384626,active,ltd,,,2025-04-14,,2025-04-14,[79909],52 Pembridge Villas London England W11 3EG,,,
TECHSPIRE SERVICES LIMITED,16384606,active,ltd,,,2025-04-14,,2025-04-14,[47910],205 Plashet Grove London England E6 1BX,,,
LAW ENTERPRISES LTD,16384633,active,ltd,,,2025-04-14,,2025-04-14,[47910],124 City Road London United Kingdom EC1V 2NX,,,
SOLIT.ME LTD,16384906,active,ltd,,,2025-04-14,,2025-04-14,[47910],128 City Road London United Kingdom EC1V 2NX,,,
DIGITALS SOLUTIONS LTD,16385080,active,ltd,,,2025-04-14,,2025-04-14,[62090],71-75 Shelton Street London United Kingdom WC2H 9JQ,,,
LUMA CIVIL ENGINEERING LTD,16385081,active,ltd,,,2025-04-14,,2025-04-14,[41100, 41202, 42990],71-75 Shelton Street London United Kingdom WC2H 9JQ,,,
SAG INVESTMENTS LIMITED,16385071,active,ltd,,,2025-04-14,,2025-04-14,[68100, 68209],74 Balham High Road London England SW12 9AG,,,
C N GROUP HOLDINGS LTD,16385255,active,ltd,,,2025-04-14,,2025-04-14,[82990],63 Garman Road London United Kingdom N17 0UN,,,
CYCORE SECURITY LTD,16385266,active,ltd,,,2025-04-14,,2025-04-14,[62020],124 City  Road London United Kingdom EC1V 2NX,https://www.cycoresecurity.co.uk/,,Confirmed
SHOOP BEST LIMITED,16385876,active,ltd,,,2025-04-14,,2025-04-14,[47910],29883 Office Suite 29a, 3/F., 23 Wharf Street London England SE8 3GG,,,
YAT BAKERY LIMITED,16386176,active,ltd,,,2025-04-14,,2025-04-14,[10710, 47240],128 City Road London United Kingdom EC1V 2NX,,,
SIMPLE BE LIMITED,16386145,active,ltd,,,2025-04-14,,2025-04-14,[46420],International House London United Kingdom E16 2DQ,,,
LYNCH UTILITIES LTD,16386147,active,ltd,,,2025-04-14,,2025-04-14,[42910],40 Grosse Way London England SW15 5DQ,,,
CHIDDI & CO SOLICITORS LTD,16386454,active,ltd,,,2025-04-14,,2025-04-14,[69102],822 High Road London England N17 0EY,http://www.chiddisolicitors.com/,,Confirmed
HAUS OF POSTBAU LTD,16386602,active,ltd,,,2025-04-14,,2025-04-14,[47910, 74100],3rd Floor, 86-90 Paul Street London England EC2A 4NE,,,
CHE MUSA HOLDINGS LTD,16386612,active,ltd,,,2025-04-14,,2025-04-14,[99999],Flat 9 Thistle Court London England SE6 1BB,,,
R & N ASSETS LTD,16386585,active,ltd,,,2025-04-14,,2025-04-14,[68100, 68202, 68209],20 Wenlock Road London England N1 7GU,,,
SCORPION LOUNGE LTD,16386925,active,ltd,,,2025-04-14,,2025-04-14,[56301],7 Hall Lane London England E4 8HH,,,
ONALLWHEELS LTD,16387032,active,ltd,,,2025-04-14,,2025-04-14,[49390, 49410],Flat 14, Franklin House London United Kingdom E14 0NL,,,
HARRIS LEE LTD,16387033,active,ltd,,,2025-04-14,,2025-04-14,[78109],71-75 Shelton Street London England WC2H 9JQ,,,
SS8 CONSULTING LTD,16387084,active,ltd,,,2025-04-14,,2025-04-14,[47910, 47990, 70229],3rd Floor, 86-90 Paul Street London England EC2A 4NE,,,
DISCOVER RECRUITMENT LTD,16387513,active,ltd,,,2025-04-15,,2025-04-15,[78300],128 City Road London United Kingdom EC1V 2NX,,,
WIZ WAY LIMITED,16387514,active,ltd,,,2025-04-15,,2025-04-15,[45112, 53201],36b Leamore Street London England W6 0JZ,https://wiz-way.com/,,Confirmed
MONEY TIGER LTD,16387519,active,ltd,,,2025-04-15,,2025-04-15,[47190, 63990, 73120, 93290],Unit Fs.113a Fleet Street 154-160 Fleet Street London United Kingdom EC4A 2DQ,,,
CONTROLSAUTOMATIONUSA LIMITED,16387710,active,ltd,,,2025-04-15,,2025-04-15,[62020],71-75 Shelton Street London United Kingdom WC2H 9JQ,,,
SUNNINGDALE HONEY LTD,16387726,active,ltd,,,2025-04-15,,2025-04-15,[47290],71-75 Shelton Street London United Kingdom WC2H 9JQ,,,
ALPHA HERB UK LTD,16387719,active,ltd,,,2025-04-15,,2025-04-15,[32990, 46190, 47190],4 Somerford Way London United Kingdom SE16 6QW,https://alpha-herb.com,support@alpha-herb.com,Confirmed
ALL MAJOR ARTS (AMA) TALENT AGENCY LTD,16388078,active,ltd,,,2025-04-15,,2025-04-15,[78109],Suite Ra01 195 Wood Street London United Kingdom E17 3NU,,,
BH LEGAL LTD,16388074,active,ltd,,,2025-04-15,,2025-04-15,[69102],282 Kilburn Lane London England W10 4BW,,,
PRIME YOUTH FOOTBALL CLUB CIC,16388079,active,ltd,community-interest-company,,2025-04-15,,2025-04-15,[85510],Flat 17 Durnford House London England SE6 2TA,,,
NCI FINANCIAL CONCEPT LTD,16388237,active,ltd,,,2025-04-15,,2025-04-15,[64992, 66300],71-75 Shelton Street London United Kingdom WC2H 9JQ,,,
DANNY COOKE LIMITED,16388262,active,ltd,,,2025-04-15,,2025-04-15,[46180],Flat 45 Booth Court Thurston Road London United Kingdom SE13 7GU,,,
SOLAMIDE UTILITIES LTD,16388251,active,ltd,,,2025-04-15,,2025-04-15,[96090],13e The Heights London United Kingdom SE7 8JJ,,,
100YGB LIMITED,16388651,active,ltd,,,2025-04-15,,2025-04-15,[64209],First Floor Office London United Kingdom W8 4LZ,,,
LET'S PLAY MOVIE LTD,16388869,active,ltd,,,2025-04-15,,2025-04-15,[59111],71 Queen Victoria Street London United Kingdom EC4V 4BE,,,
KASHAN SHOP LTD,16388865,active,ltd,,,2025-04-15,,2025-04-15,[47190],364 Old London Road Hastings England TN35 5BB,,,
CYEG LTD,16388872,active,ltd,,,2025-04-15,,2025-04-15,[58290],194 Neville Road London England E7 9QN,,,
PORTSMOUTH DARTS LIMITED,16388874,active,ltd,,,2025-04-15,,2025-04-15,[93110],1a-2b The Clockhouse Waterlooville England PO7 7HE,,,
COUSINS MEMS CAFE LTD,16388926,active,ltd,,,2025-04-15,,2025-04-15,[56102],500 White Hart Lane London England N17 7NA,,,
PIE PROPERTY HOLDINGS LIMITED,16388921,active,ltd,,,2025-04-15,,2025-04-15,[68209],2 Old Court Mews London United Kingdom N14 6JS,,,
PVB HOLDINGS LTD,16389223,active,ltd,,,2025-04-15,,2025-04-15,[64209],90 Brixton Hill London England SW2 1QN,,,
PUPPET MEISTERS LTD,16368480,active,ltd,,,2025-04-07,,2025-04-07,[59112, 59113, 59120, 74100],39 Long Acre London England WC2E 9LG,,,
NAVY CARE LTD,16389235,active,ltd,,,2025-04-15,,2025-04-15,[86900, 87900],Rainville Court, 112 Rainville Road London England W6 9HJ,,,
FINIA LIMITED,16389249,active,ltd,,,2025-04-15,,2025-04-15,[62012],128 City Road London United Kingdom EC1V 2NX,,,
ABK COMPANIES LTD,16389506,active,ltd,,,2025-04-15,,2025-04-15,[47910],86-90 Paul Street London England EC2A 4NE,,,
SFS ANALYTICS LTD,16389572,active,ltd,,,2025-04-15,,2025-04-15,[63110],56 Lynwood Road London England W5 1JJ,,,
EA & MKJK LTD,16389921,active,ltd,,,2025-04-15,,2025-04-15,[82990],Flat 165 Park West Edgware Road London England W2 2QP,,,
CALYPSO MOUNTAIN LIMITED,16389922,active,ltd,,,2025-04-15,,2025-04-15,[10390, 10822, 10890],32 Salisbury Road London United Kingdom N22 6NX,,,
Z & Z INVESTMENT PROPERTIES LIMITED,16390262,active,ltd,,,2025-04-15,,2025-04-15,[68100],161 Forest Road London England E17 6HE,,,
PLATED PERFECTION LTD,16390263,active,ltd,,,2025-04-15,,2025-04-15,[56210],3rd Floor, 86-90 Paul Street London United Kingdom EC2A 4NE,,,
HAAP DESIGN STUDIO LTD,16390275,active,ltd,,,2025-04-15,,2025-04-15,[71111],71-75 Shelton Street London England WC2H 9JQ,https://www.haapdesignstudio.co.uk/,,Confirmed
M&D STUDIOS LTD,16390270,active,ltd,,,2025-04-15,,2025-04-15,[18201],46 Pilgrims Way London England N19 3UX,,,
MORRISES PROPERTY GROUP LTD,16390451,active,ltd,,,2025-04-15,,2025-04-15,[68310],59 Sheen Lane London United Kingdom SW14 8AB,,,
AITECA LTD,16390612,active,ltd,,,2025-04-16,,2025-04-16,[82302],Flat 306 30 Harbord Square London England E14 9NJ,,,
JPA IT SOLUTIONS LIMITED,16390615,active,ltd,,,2025-04-16,,2025-04-16,[62020, 62090],Flat 104 Taplow Adelaide Road London England NW3 3NX,,,
ADAM CHASE FINANCIAL LTD,16380573,active,ltd,,,2025-04-10,,2025-04-10,[64205, 64304, 70221],1 Canada Square London United Kingdom E14 5AA,,,
UK BD TIMES LTD,16362446,active,ltd,,,2025-04-02,,2025-04-02,[18130, 58190, 63910, 73110],292-296 Barking Road London England E6 3BA,,,
MIRCEA MCLENNAN LTD,16380756,active,ltd,,,2025-04-10,,2025-04-10,[68100, 68209, 68320],62 Churchill Terrace London England E4 8BZ,,,
YAMEEN ESTATES LTD,16381310,active,ltd,,,2025-04-11,,2025-04-11,[68209],20 Wenlock Road London England N1 7GU,,,
AMAZZAL LTD,16381316,active,ltd,,,2025-04-11,,2025-04-11,[96090],128 City Road London United Kingdom EC1V 2NX,,,
ASKEW RENTAL LTD,16381585,active,ltd,,,2025-04-11,,2025-04-11,[68209],66 Askew Road London England W12 9BJ,,,
RIVERPOINT LIMITED,16373087,active,ltd,,,2025-04-08,,2025-04-08,[82990],27 Mortimer Street London England W1T 3BL,,,
CASUAL PRODUCTIONS LTD,16381781,active,ltd,,,2025-04-11,,2025-04-11,[59112],Flat A-C London England E1 5JL,,,
NEIL WILSON CONSULTANCY SERVICES LTD,16381757,active,ltd,,,2025-04-11,,2025-04-11,[70229],128 City Road London United Kingdom EC1V 2NX,,,
SUPER STREAT FOOD LIMITED,16381903,active,ltd,,,2025-04-11,,2025-04-11,[56102, 56103, 56210, 56290],67 Thomas Baines Road London England SW11 2HH,,,
ZEH CONSULTANT LIMITED,16381908,active,ltd,,,2025-04-11,,2025-04-11,[70229],204 Sierra Quebec Bravo, (Sqb) London England E14 9SH,,,
SCOTT & ROGERSON TRADING LTD,16381909,active,ltd,,,2025-04-11,,2025-04-11,[47910],4th Floor Silverstream House Fitzrovia United Kingdom W1T 6EB,,,
TIK ELEVATE LTD,16382185,active,ltd,,,2025-04-11,,2025-04-11,[47990],275 New North Road London England N1 7AA,,,
JEM RESIDENCES LIMITED,16364109,active,ltd,,,2025-04-03,,2025-04-03,[55900],5 Brayford Square London England E1 0SG,https://jemresidences.co.uk/,info@jemresidences.co.uk,Confirmed
SELFSEED LTD,16382453,active,ltd,,,2025-04-11,,2025-04-11,[47760],128 City Road London United Kingdom EC1V 2NX,,,
B3C LIMITED,16382779,active,ltd,,,2025-04-11,,2025-04-11,[74100],20 Wenlock Road London England N1 7GU,,,
ZANTO SOLUTIONS LTD,16382800,active,ltd,,,2025-04-11,,2025-04-11,[62012],20 Wenlock Road London England N1 7GU,https://zanto.eu,info@zanto.eu,Confirmed
PERLEY TRADING LIMITED,16382942,active,ltd,,,2025-04-11,,2025-04-11,[46160, 46190, 47750, 47910],Unit Fs.113a Fleet Street 154-160 Fleet Street London United Kingdom EC4A 2DQ,,,
PRIVATE DENIS LTD,16383116,active,ltd,,,2025-04-11,,2025-04-11,[59111],62 Nevill Road London England N16 0SX,,,
KUPPA LTD,16383117,active,ltd,,,2025-04-11,,2025-04-11,[62011],Flat 3 Lymington Mansions London England NW6 1SF,,,
MONTARO LONDON LTD,16383281,active,ltd,,,2025-04-11,,2025-04-11,[47910],299 Katherine Road London England E7 8PJ,,,
VINIT MEHTA SOLUTIONS LTD,16383488,active,ltd,,,2025-04-12,,2025-04-12,[62090],167 St. James's Crescent London England SW9 7HS,,,
TO THE TABLE LTD,16383534,active,ltd,,,2025-04-12,,2025-04-12,[56210],Flat 45 Cobden House London England NW1 7LL,,,
SPRINGHANDLES LTD,16383670,active,ltd,,,2025-04-12,,2025-04-12,[81299],45 Albemarle Street London England W1S 4JL,,,
NGK LTD,16383850,active,ltd,,,2025-04-12,,2025-04-12,[41202],85 Great Portland Street London United Kingdom W1W 7LT,,,
FAJR CONSULTANCY LTD,16384022,active,ltd,,,2025-04-13,,2025-04-13,[70229, 82990],167-169 Great Portland Street London England W1W 5PF,,,
ARIYA & CO. UK LTD,16383517,active,ltd,,,2025-04-12,,2025-04-12,[47770],3rd Floor 86-90 Paul Street London England EC2A 4NE,https://ariyaandco.com/,,Confirmed
ASMAZON LTD,16384572,active,ltd,,,2025-04-14,,2025-04-14,[47910],Office 12343 182-184 High Street North London United Kingdom E6 2JA,,,
WORTEP LTD,16384890,active,ltd,,,2025-04-14,,2025-04-14,[49410],Flat 3 College House London England SW15 6BF,,,
MAAREER INVESTMENTS LTD,16384887,active,ltd,,,2025-04-14,,2025-04-14,[68100],255 High Street London England W3 9BY,,,
THYMIO CONSTRUCTION LTD,16385167,active,ltd,,,2025-04-14,,2025-04-14,[43390],99 Castle Road London England NW1 8SU,,,
PASTIDES SOLUTIONS LTD,16385173,active,ltd,,,2025-04-14,,2025-04-14,[68209],1 Cheapside North Circular Road London United Kingdom N13 5ED,,,
NULO U.K. LTD,16385177,active,ltd,,,2025-04-14,,2025-04-14,[10920],6th Floor One London Wall London United Kingdom EC2Y 5EB,,,
DAJARA TRADINGS LIMITED,16385341,active,ltd,,,2025-04-14,,2025-04-14,[47910],12 Limes Avenue London England NW11 9TJ,,,
SHREYUSH HOLDINGS LIMITED,16385971,active,ltd,,,2025-04-14,,2025-04-14,[70229],1 Kings Avenue London England N21 3NA,,,
AYOKA FOLAKE LTD,16385965,active,ltd,,,2025-04-14,,2025-04-14,[90030],24 Lonsdale Close London England E6 3PU,,,
MELA AM LIMITED,16386229,active,ltd,,,2025-04-14,,2025-04-14,[56101],103 London Road Aylesbury England HP22 5LD,,,
NOVEALIS LTD,16386740,active,ltd,,,2025-04-14,,2025-04-14,[70229],85 Great Portland Street London England W1W 7LT,,,
PARO HEALTH LTD,16386741,active,ltd,,,2025-04-14,,2025-04-14,[86900],3rd Floor, 86-90 Paul Street London United Kingdom EC2A 4NE,,,
YWC TAX LTD,16386737,active,ltd,,,2025-04-14,,2025-04-14,[69201, 69202],1st Floor Front London England W1D 5QA,ywcllp.uk,,Likely
KAMY GLOBAL RESOURCES LTD,16386731,active,ltd,,,2025-04-14,,2025-04-14,[49390],30 Gilbert Close London United Kingdom SE18 4PT,,,
FIRSTCOME UK LTD,16386738,active,ltd,,,2025-04-14,,2025-04-14,[52242, 82990],Flat 15 Allington Court London England SW8 3LH,,,
IONA COMMERCE LTD,16386834,active,ltd,,,2025-04-14,,2025-04-14,[82990],14th Floor 33 Cavendish Square London United Kingdom W1G 0PW,ionacommerce.com,,Confirmed
VARWIN CONSULTANTS PRIVATE LIMITED,16386831,active,ltd,,,2025-04-14,,2025-04-14,[46190, 62012, 62020],20 Wenlock Road London England N1 7GU,,,
EMPIRE CAESAR LTD,16386838,active,ltd,,,2025-04-14,,2025-04-14,[47990],128 City Road London United Kingdom EC1V 2NX,,,
ASP & CO CHAMBERS LTD,16386941,active,ltd,,,2025-04-14,,2025-04-14,[69101],3rd Floor, 86-90 Paul Street London United Kingdom EC2A 4NE,,,
JULIET & ROMEO CARE AGENCY LTD,16386959,active,ltd,,,2025-04-14,,2025-04-14,[86900, 87900],32 Alanthus Close London England SE12 8RE,,,
JROCK AUTOS AND SERVICES LTD,16386937,active,ltd,,,2025-04-14,,2025-04-14,[45112, 45200],167-169 Great Portland Street London England W1W 5PF,jrockautos.co.uk,info@jrockautos.co.uk,Confirmed
THE WI-FI GROUP LTD,16387205,active,ltd,,,2025-04-14,,2025-04-14,[61100],3rd Floor, 86-90 Paul Street London England EC2A 4NE,,,
TAJMEE LTD,16387279,active,ltd,,,2025-04-15,,2025-04-15,[62012],15 Waldeck Road London England W13 8LY,,,
LONG LANE CAFE & CURRY HOUSE LTD,16387428,active,ltd,,,2025-04-15,,2025-04-15,[56102, 56103, 56210],15 Monega Road London England E7 8EN,,,
MIGHTY ROOTS PROPERTIES LTD,16387435,active,ltd,,,2025-04-15,,2025-04-15,[68209],128 City Road London United Kingdom EC1V 2NX,,,
BUZZKART LTD,16387625,active,ltd,,,2025-04-15,,2025-04-15,[47910, 47990],20 Wenlock Road London England N1 7GU,,,
SAIDUL ISLAM (LONDON) LIMITED,16387879,active,ltd,,,2025-04-15,,2025-04-15,[49320, 53202],93-101 93 -101 Greenfield Road East London Busienss Centre United Kingdom E1 1EJ,,,
ORIGIN SPECIES LTD,16387894,active,ltd,,,2025-04-15,,2025-04-15,[62012, 62020, 62090, 63990],71-75 Shelton Street London United Kingdom WC2H 9JQ,,,
N&Y GLOBAL LTD,16387910,active,ltd,,,2025-04-15,,2025-04-15,[47910],71-75 Shelton Street London United Kingdom WC2H 9JQ,,,
NEOSPHERE AI LTD,16387891,active,ltd,,,2025-04-15,,2025-04-15,[78109],128 City Road London United Kingdom EC1V 2NX,,,
REGENFUTURE LIMITED,16388318,active,ltd,,,2025-04-15,,2025-04-15,[70229, 73120],Aston House London England N3 1LF,,,
LONDON & CENTRAL PROPERTY SERVICES LTD,16388315,active,ltd,,,2025-04-15,,2025-04-15,[77400],76 Elm Park Road London England N3 1EB,londonandcentralproperties.com,,Confirmed
AAMU HALAL MEAT & BAKERY LTD,16388340,active,ltd,,,2025-04-15,,2025-04-15,[47210, 47220, 47250, 56103],163 Queens Crescent London England NW5 4EA,,,
CRAFTED COMFORTS & HANDMADE JACKETS LTD,16388324,active,ltd,,,2025-04-15,,2025-04-15,[14110, 14120, 14131, 47910],128 City Road London United Kingdom EC1V 2NX,,,
TREADSTONE STUDIO LTD,16388759,active,ltd,,,2025-04-15,,2025-04-15,[73110],20 Wenlock Road London England N1 7GU,,,
PWITS LTD,16389114,active,ltd,,,2025-04-15,,2025-04-15,[47820, 47910],189 Chase Side Enfield England EN2 0QZ,,,
LUXORA LONDON LTD,16389120,active,ltd,,,2025-04-15,,2025-04-15,[47910],124 City  Road London United Kingdom EC1V 2NX,luxoralondon.co.uk,,Confirmed
AHMAD MURTAZA LTD,16389144,active,ltd,,,2025-04-15,,2025-04-15,[47910, 47990],124 City Road London United Kingdom EC1V 2NX,,,
ECOMNEST LIMITED,16389143,active,ltd,,,2025-04-15,,2025-04-15,[47910],36 Melbourne Road London England E17 6LR,,,
HK & SONS PROPERTY LIMITED,16389125,active,ltd,,,2025-04-15,,2025-04-15,[68209],Magnolia House Edgware England HA8 7EB,,,
H E ZOOM LTD,16389123,active,ltd,,,2025-04-15,,2025-04-15,[47990],Office 12393 182-184 High Street North East Ham London United Kingdom E6 2JA,,,
SYED BROTHERS TRADE HUB LTD,16389446,active,ltd,,,2025-04-15,,2025-04-15,[47910, 56101],4th Floor, Silverstream House London United Kingdom W1T 6EB,,,
ORDERNOW LTD,16389454,active,ltd,,,2025-04-15,,2025-04-15,[47910, 47990],19 New Court House Bethnal Green London United Kingdom E2 0EG,,,
TELGEA LIMITED,16389453,active,ltd,,,2025-04-15,,2025-04-15,[61900],585a Fulham Road London England SW6 5UA,telgea.com,,Likely
POLSKI KSIEGOWY LTD,16389899,active,ltd,,,2025-04-15,,2025-04-15,[69201, 69202, 69203, 70229],27 Old Gloucester Street London United Kingdom WC1N 3AX,,,
THAI ELEPHANT (BRIGHTON) LIMITED,16389902,active,ltd,,,2025-04-15,,2025-04-15,[56101, 56103],Flat 2 Boat Race House London England SW14 8AJ,,,
NO CALLER ID LTD,16390244,active,ltd,,,2025-04-15,,2025-04-15,[47910],869 Sidcup Road London England SE9 3PP,,,
ROBYN LEAH NALTY LTD,16390503,active,ltd,,,2025-04-15,,2025-04-15,[86900],Flat 51 Renton Close London England SW2 1EZ,,,
KGS CONSTRUCTION LIMITED,16380889,active,ltd,,,2025-04-11,,2025-04-11,[41201, 41202, 77320],2 Frognal Lane London England NW3 7DU,,,
AD ASTRA PICTURES LTD,16380903,active,ltd,,,2025-04-11,,2025-04-11,[59111, 59112, 59113],Flat 6 Chain Court London England NW9 5EY,,,
ADAM CHASE PHILANTHROPY LTD,16380897,active,ltd,,,2025-04-11,,2025-04-11,[41100, 42910, 56290],1 Canada Square London United Kingdom E14 5AA,adam-chase.com,,Confirmed
FORTRESS OF GAINS LTD,16380904,active,ltd,,,2025-04-11,,2025-04-11,[93130, 96040],Unit 1 Rear Of 2-16 Hale End Road London England E17 4BQ,fortressofgains.co.uk,,Confirmed
AK LEX LTD,16380907,active,ltd,,,2025-04-11,,2025-04-11,[96090],11 Madeira Road London England E11 4AG,,,
CM8 LOGISTICS LTD,16381160,active,ltd,,,2025-04-11,,2025-04-11,[49410],20 Wenlock Road London England N1 7GU,,,
STAR STORE GLOBAL LTD,16381283,active,ltd,,,2025-04-11,,2025-04-11,[47910],4 Raven Road, Unit 1c3-711 London United Kingdom E18 1HB,,,
STAGEFIELD MANAGEMENT UK LIMITED,16381262,active,ltd,,,2025-04-11,,2025-04-11,[70229],Elsley Court London United Kingdom W1W 8BE,,,
TOUROPEDIA LTD,16381696,active,ltd,,,2025-04-11,,2025-04-11,[79110],18 Brainton Avenue Feltham England TW14 0AY,touropedia.co.uk,,Likely
VSNZ LTD,16381672,active,ltd,,,2025-04-11,,2025-04-11,[73110],124 City Road London United Kingdom EC1V 2NX,,,
ARK DIGITAL SERVICES LTD,16381683,active,ltd,,,2025-04-11,,2025-04-11,[62012, 63110, 63120, 73110],20 Wenlock Road London England N1 7GU,,,
CEWLIK TAKEAWAY LTD,16381685,active,ltd,,,2025-04-11,,2025-04-11,[56103],500 White Hart Lane London England N17 7NA,,,
LEADERSHIPX LTD,16381688,active,ltd,,,2025-04-11,,2025-04-11,[74909],3rd Floor, 86-90 Paul Street London United Kingdom EC2A 4NE,,,
SS MOBILE LTD,16381975,active,ltd,,,2025-04-11,,2025-04-11,[47421],104 Cricklewood Broadway London England NW2 3EJ,,,
LM FAB SERVICES LTD,16381979,active,ltd,,,2025-04-11,,2025-04-11,[25990],3rd Floor, 86-90 Paul Street London England EC2A 4NE,,,
IPC NEXUS LIMITED,16381999,active,ltd,,,2025-04-11,,2025-04-11,[46120, 46210, 46690, 46720],105 Bentinck House 34 Monck Street London United Kingdom SW1P 2BF,,,
BLUEBREW LTD,16382004,active,ltd,,,2025-04-11,,2025-04-11,[56102],114-116 High Street London England W3 6QX,,,
SUBMIT APPLICATION LIMITED,16382002,active,ltd,,,2025-04-11,,2025-04-11,[61900, 70229, 82110],Unit 3-4, Pure Life London United Kingdom UB1 3EJ,,,
UBIPOS INTELLIGENT MOBILITY LTD,16382365,active,ltd,,,2025-04-11,,2025-04-11,[71121, 71122, 71129],71-75 Shelton Street London United Kingdom WC2H 9JQ,ubipos.co.uk,,Likely
VONTADE LTD,16382392,active,ltd,,,2025-04-11,,2025-04-11,[62030],128 City Road London United Kingdom EC1V 2NX,,,
STREETERS LANDSCAPING LTD,16382401,active,ltd,,,2025-04-11,,2025-04-11,[71112],3rd Floor, 86-90 Paul Street London United Kingdom EC2A 4NE,,,
ECE OZKAL LTD,16382552,active,ltd,,,2025-04-11,,2025-04-11,[47910],71-75 Shelton Street London United Kingdom WC2H 9JQ,,,
FXF ALGO LIMITED,16382572,active,ltd,,,2025-04-11,,2025-04-11,[62012],71-75 Shelton Street London England WC2H 9JQ,,,
HAIR BY MY STYLIST LTD,16382575,active,ltd,,,2025-04-11,,2025-04-11,[99999],- Lower Ground Floor London England W6 7PJ,,,
SKAI JUICE LIMITED,16382562,active,ltd,,,2025-04-11,,2025-04-11,[46180],Flat 23 Gray House London England SE17 1DT,,,
BETTER@WORK LIMITED,16382853,active,ltd,,,2025-04-11,,2025-04-11,[82990],22 Chancery Lane London United Kingdom WC2A 1LS,,,
SIGNED BY THEA LTD,16383036,active,ltd,,,2025-04-11,,2025-04-11,[32130, 47910],20 Wenlock Road London England N1 7GU,signedbythea.com,,Confirmed
ALGRIIM LTD,16383210,active,ltd,,,2025-04-11,,2025-04-11,[43290, 52290],Glebe House London England W1T 6DP,algriim.com,,Confirmed
AR ULTIMA LTD,16383200,active,ltd,,,2025-04-11,,2025-04-11,[47990],Office 12320 182-184 High Street North East Ham London United Kingdom E6 2JA,,,
WINDRUSH COFFEE HOUSE LTD,16383363,active,ltd,,,2025-04-11,,2025-04-11,[10832],184 Stoke Newington High Street London England N16 7JD,,,
NORTH SOUTH ART AND DESIGN LIMITED,16383574,active,ltd,,,2025-04-12,,2025-04-12,[74100],103 Clerkenwell Road London England EC1R 5BX,northsouthad.com,,Confirmed
GLOW DRIVING SCHOOL LIMITED,16384358,active,ltd,,,2025-04-14,,2025-04-14,[85530],176 Glen Albyn Road London England SW19 6HG,glowdrivingschool.co.uk,info@glowdrivingschool.co.uk,Confirmed
FESTMONT LIMITED,16384390,active,ltd,,,2025-04-14,,2025-04-14,[56210],27 Empress Avenue London England E12 5ET,,,
WELLCLEAN4U LTD,16384539,active,ltd,,,2025-04-14,,2025-04-14,[94990],2nd Floor College House Ruislip, United Kingdom HA4 7AE,,,
RUMBLEBEE LTD,16384561,active,ltd,,,2025-04-14,,2025-04-14,[13939, 14131, 14132, 14190],24-26, Arcadia Avenue Fin0000 London United Kingdom N3 2JU,,,
180 LEISURE LTD,16384717,active,ltd,,,2025-04-14,,2025-04-14,[56101, 56302],20 Wenlock Road London England N1 7GU,,,
MONTAGUE COURT (HACKNEY) COMPANY LTD,16384706,active,ltd,,,2025-04-14,,2025-04-14,[68320],40 Bowling Green Lane London United Kingdom EC1R 0NE,,,
SOLIDMARK PROPERTY INVESTMENT LTD,16384734,active,ltd,,,2025-04-14,,2025-04-14,[68100, 68209, 70229],106 Great Portland Street 2nd Floor London United Kingdom W1W 6PF,,,
NONPROFITCARE INITIATIVE LTD,16384697,active,ltd,,,2025-04-14,,2025-04-14,[88990],71-75 Shelton Street London United Kingdom WC2H 9JQ,nonprofitcare.co.uk,,Likely
CANADA MIGRATION SERVICES LTD,16384710,active,ltd,,,2025-04-14,,2025-04-14,[79110, 79909, 82200, 96090],24-26 Arcadia Avenue, Fin0000 London United Kingdom N3 2JU,,,
LAKESIDE STUDIOS LIMITED,16384983,active,ltd,,,2025-04-14,,2025-04-14,[62012],1503 Block C, London United Kingdom SE1 9NX,,,
GMNT DISTRIBUTION LTD,16385006,active,ltd,,,2025-04-14,,2025-04-14,[47910],71-75 Shelton Street London United Kingdom WC2H 9JQ,gmntdistribution.com,,Confirmed
CLASSIC PROPERTIES (MIDLANDS) LIMITED,16384964,active,ltd,,,2025-04-14,,2025-04-14,[68100, 68209],Acre House London United Kingdom NW1 3ER,,,
VELVET AESTHETICS LTD,16384927,active,ltd,,,2025-04-14,,2025-04-14,[96020],114 Beechmount Avenue London England W7 3AQ,,,
AURAVERSE LTD,16384937,active,ltd,,,2025-04-14,,2025-04-14,[47910, 47990],128 City Road London United Kingdom EC1V 2NX,auraverse.co.uk,,Confirmed
THE SABRE & SADDLE CIGAR CO. LTD.,16384926,active,ltd,,,2025-04-14,,2025-04-14,[46350, 47260],5 Brayford Square London United Kingdom E1 0SG,sabreandsaddle.com,,Confirmed
BARK PINE LTD,16368017,active,ltd,,,2025-04-06,,2025-04-06,[47910],Office 12368 182-184 High Street North London England E6 2JA,,,
AG BELTANE OBS HOLDING LIMITED,16385761,active,ltd,,,2025-04-14,,2025-04-14,[64209],23 Savile Row London United Kingdom W1S 2ET,,,
GARDEZI JAY LTD,16385896,active,ltd,,,2025-04-14,,2025-04-14,[69201, 69202],4a The Avenue Highams Park England E4 9LD,gardezijay.co.uk,,Confirmed
AJ PRIME PROPERTY LIMITED,16386293,active,ltd,,,2025-04-14,,2025-04-14,[68100],259 High Road Leytonstone London England E11 4HH,,,
DROPPSO LTD,16386302,active,ltd,,,2025-04-14,,2025-04-14,[47910, 62090, 82990],85 Great Portland Street London United Kingdom W1W 7LT,,,
NOBEL FORTY LTD,16386299,active,ltd,,,2025-04-14,,2025-04-14,[70229],71-75 Shelton Street London England WC2H 9JQ,,,
BUYORA LTD,16386254,active,ltd,,,2025-04-14,,2025-04-14,[47910, 47990, 82110],47b Abbott Road London United Kingdom E14 0NA,,,
X LONDON GROUP LTD,16386545,active,ltd,,,2025-04-14,,2025-04-14,[46520, 47190, 47910],339 Oxford Street London England W1S 1SQ,,,
HEALTH JOURNEYS MEDICAL TRAVEL LTD,16386527,active,ltd,,,2025-04-14,,2025-04-14,[79909, 86900, 96090],Apartment 12.02 Otto Building Downs Road London England E5 8DE,,,
BLACK MILL QUANTITY SURVEYING SERVICES LIMITED,16386542,active,ltd,,,2025-04-14,,2025-04-14,[74902],20 Wenlock Road London England N1 7GU,,,
REVIVE TECH SOLUTIONS LTD,16376490,active,ltd,,,2025-04-09,,2025-04-09,[95210],21 Ancona Road London England NW10 5YD,,,
HOLDCO INVESTMENT HOLDINGS SPV II LIMITED,16387092,active,ltd,,,2025-04-14,,2025-04-14,[64209],80 Coleman Street London England EC2R 5BJ,,,
JUNGLE SPIRITS LTD,16387095,active,ltd,,,2025-04-14,,2025-04-14,[78101],5 Coombs Street London United Kingdom N1 8DJ,,,
SVEN BROTHERS LTD,16387094,active,ltd,,,2025-04-14,,2025-04-14,[52290],38 Boreham Avenue London United Kingdom E16 3AG,,,
AHMEDS M&R LTD,16387248,active,ltd,,,2025-04-15,,2025-04-15,[68209],Flat 42 James Hammett House London England E2 7QH,,,
SOULTECH ENTERTAINMENT LTD,16387251,active,ltd,,,2025-04-15,,2025-04-15,[82301],3rd Floor, 86-90 Paul Street London United Kingdom EC2A 4NE,,,
PLUMB POWER PRO LTD,16387443,active,ltd,,,2025-04-15,,2025-04-15,[43210, 43220],Flat 3 August House London England NW2 7TS,,,
KJS PROPERTY RENTALS LTD,16387922,active,ltd,,,2025-04-15,,2025-04-15,[68209],2nd Floor College House Ruislip, United Kingdom HA4 7AE,,,
ISCOM ENERGY LIMITED,16387923,active,ltd,,,2025-04-15,,2025-04-15,[64205],128 City Road London United Kingdom EC1V 2NX,,,
SRI RANGANATHA LIMITED,16387944,active,ltd,,,2025-04-15,,2025-04-15,[68100, 68209, 68320],35 Easternville Gardens Ilford England IG2 6AB,,,
KINGWESTON LTD,16388190,active,ltd,,,2025-04-15,,2025-04-15,[68310, 70229, 74909],27 Elvaston Mews London England SW7 5HZ,,,
GEM QUALITY CARE LTD,16388834,active,ltd,,,2025-04-15,,2025-04-15,[87300, 87900],Flat 213 Besant Court 4 Titmuss Avenue London England SE28 8BL,gemqualitycare.co.uk,,Confirmed
CUST ART LTD,16388850,active,ltd,,,2025-04-15,,2025-04-15,[90030],55a Birnam Road London United Kingdom N4 3LJ,,,
SEDUIREBEAUTY LIMITED,16388848,active,ltd,,,2025-04-15,,2025-04-15,[47910, 96020],8 Mackintosh Lane London England E9 6AB,seduirebeauty.co.uk,,Likely
VERTEX BUSINESS LTD,16388853,active,ltd,,,2025-04-15,,2025-04-15,[43390, 46499, 47789, 47910],Office 12380 182-184 High Street North London United Kingdom E6 2JA,,,
AUDIO FLOW LTD,16388852,active,ltd,,,2025-04-15,,2025-04-15,[71129],22e Martello Street London England E8 3PE,,,
ZAGROS SEED LTD,16389162,active,ltd,,,2025-04-15,,2025-04-15,[47760],18 Clementine Close London England W13 9UB,,,
WAAW TWINS LTD,16389490,active,ltd,,,2025-04-15,,2025-04-15,[90010],Flat 15 Lawrence House London England SW1P 4ED,,,
REZONATE INVESTMENTS LIMITED,16389487,active,ltd,,,2025-04-15,,2025-04-15,[64209],5 Marble Arch London United Kingdom W1H 7EJ,,,
TFBL SOLUTIONS LIMITED,16389786,active,ltd,,,2025-04-15,,2025-04-15,[85510],10 Capel Close London England N20 0QU,,,
EALING RESTAURANTS LIMITED,16389789,active,ltd,,,2025-04-15,,2025-04-15,[56101],162 Northfield Avenue London England W13 9SB,,,
SOUNDMODA UK LTD,16389769,active,ltd,,,2025-04-15,,2025-04-15,[90030],71-75 Shelton Street London United Kingdom WC2H 9JQ,,,
FIX&PAINT LIMITED,16389967,active,ltd,,,2025-04-15,,2025-04-15,[41202],24 Belmont Avenue London United Kingdom N17 6AX,,,
ORANGE LOGIC UK LTD,16389956,active,ltd,,,2025-04-15,,2025-04-15,[58290],124 City Road London United Kingdom EC1V 2NX,,,
NUTRITION A-Z LTD,16389951,active,ltd,,,2025-04-15,,2025-04-15,[10890, 20420, 47910, 86900],Taxassist Accountants London England NW3 6NG,,,
PRESSURE PERFECTION LTD,16390148,active,ltd,,,2025-04-15,,2025-04-15,[81229],3rd Floor, 86-90 Paul Street London United Kingdom EC2A 4NE,,,
MISS HYPERGLAM LTD,16390320,active,ltd,,,2025-04-15,,2025-04-15,[90030],3rd Floor, 86-90 Paul Street London England EC2A 4NE,,,
SWEET POTATO PRODUCTIONS LIMITED,16391660,active,ltd,,,2025-04-16,,2025-04-16,[73110],The Ceramic Works Flat 34 London United Kingdom E9 6FS,,,
ICARESKINCARE LTD,16391781,active,ltd,,,2025-04-16,,2025-04-16,[47750],6 Durban Road London England E17 5EA,icareskincare.co.uk,,Confirmed
EXTENSA LIMITED,16392034,active,ltd,,,2025-04-16,,2025-04-16,[64209, 64303, 74909, 82990],27 Old Gloucester Street London United Kingdom WC1N 3AX,,,
BETELGEUSE TRADE LIMITED,16392045,active,ltd,,,2025-04-16,,2025-04-16,[64999, 66110, 66120],Golden Cross House London England WC2N 4JF,,,
WOILOP LTD,16392048,active,ltd,,,2025-04-16,,2025-04-16,[15200, 26520, 32120, 32130],128 City Road London United Kingdom EC1V 2NX,,,
INFINITE CONSULTANT LIMITED,16392270,active,ltd,,,2025-04-16,,2025-04-16,[70229],1st Floor Flat 55 Prothero Road London United Kingdom SW6 7LY,,,
UNLIMITED AURA LTD,16392284,active,ltd,,,2025-04-16,,2025-04-16,[47910],71-75 Shelton Street London England WC2H 9JQ,,,
BENGA BARS LTD,16392289,active,ltd,,,2025-04-16,,2025-04-16,[46360, 56103],Unit 20 Angel Yard London England N18 2FD,bengabars.com,,Confirmed
PHOTONIQ LTD,16392489,active,ltd,,,2025-04-16,,2025-04-16,[62012, 62020],4th Floor Office London England W1B 4HB,,,
GABRIEL PRECIU LTD,16392476,active,ltd,,,2025-04-16,,2025-04-16,[42220],11 Wallace Close London England SE28 8NL,,,
GOODBOOK STUDIOS LTD,16392485,active,ltd,,,2025-04-16,,2025-04-16,[59111, 59112, 59120],128 City Road London United Kingdom EC1V 2NX,,,
SENTRA SUPPLEMENTS LTD,16392664,active,ltd,,,2025-04-16,,2025-04-16,[10890, 47290, 47910, 86900],Suite G04 1 Quality Court, Chancery Lane London England WC2A 1HR,sentrasupplements.com,,Confirmed
SO DIGITAL CONSULTING LTD,16392670,active,ltd,,,2025-04-16,,2025-04-16,[70229],Dalton House 60 Windsor Road London United Kingdom SW19 2RR,sodigitalconsulting.com,,Confirmed
MODEVE LTD,16392683,active,ltd,,,2025-04-16,,2025-04-16,[46420],275 New North Road London England N1 7AA,modeve.co,,Confirmed
AMJ PROPERTIES AND MANAGEMENT LTD,16392684,active,ltd,,,2025-04-16,,2025-04-16,[98000],14 Meadow Close St. Albans England AL2 1RQ,,,
BRD TRNK LTD,16392936,active,ltd,,,2025-04-16,,2025-04-16,[47910, 90030],Flat 3 14 Tufnell Park Road London England N7 0DP,,,
ROOZ CONSULTANCY LTD,16392995,active,ltd,,,2025-04-16,,2025-04-16,[61900],73 Ashenden Road London England E5 0DT,,,
HOUSE OF LATTE LTD,16393177,active,ltd,,,2025-04-16,,2025-04-16,[47110],5 Brayford Square London England E1 0SG,,,
KEELING ENTERPRISES LIMITED,16393180,active,ltd,,,2025-04-16,,2025-04-16,[62012],6 Goodhart Place London England E14 8EG,,,
SUSHI EATS LIMITED,16393304,active,ltd,,,2025-04-17,,2025-04-17,[56102, 56103, 56290],29 Pepper Street London England E14 9RP,,,
AREFI LTD,16393301,active,ltd,,,2025-04-17,,2025-04-17,[70229],Flat 7 16 Selby Street London England E1 5BX,,,
DUNMORE PARTNERS LTD,16391263,active,ltd,,,2025-04-16,,2025-04-16,[68209],223 Wimbledon Park Road London United Kingdom SW18 5RH,,,
THREE HOUNDS BAR AND BREWERY LIMITED,16391259,active,ltd,,,2025-04-16,,2025-04-16,[11050, 46342, 56302],57 Beckenham Road London United Kingdom BR3 4PR,threehoundsbeerco.com,,Confirmed
IVY & WICK LTD,16391245,active,ltd,,,2025-04-16,,2025-04-16,[32990, 47789, 47910],124-128 City Road London England EC1V 2NX,,,
SUN FRESH CLEANING LTD,16391244,active,ltd,,,2025-04-16,,2025-04-16,[52290],20 Wagtail Apartments 110 Hylands Road London England E17 4FU,,,
ASM INSPIRIT LIMITED,16391417,active,ltd,,,2025-04-16,,2025-04-16,[62020],The Long Lodge Wimbledon United Kingdom SW19 3NW,,,
GROWING TOGETHER COLLECTIVE LTD,16391421,active,ltd,,,2025-04-16,,2025-04-16,[86900],20 Wenlock Road London England N1 7GU,,,
SPLITHEMS LTD,16391420,active,ltd,,,2025-04-16,,2025-04-16,[46160],128 City Road London United Kingdom EC1V 2NX,splithems.com,,Likely
KRUNCHI LIMITED,16391589,active,ltd,,,2025-04-16,,2025-04-16,[10890],1b Trafalgar Mews London England E9 5JG,,,
AMPLE PROTEINS LIMITED,16391593,active,ltd,,,2025-04-16,,2025-04-16,[72110, 72190],71-75 Shelton Street London United Kingdom WC2H 9JQ,,,
INVESTMENTS NORTH LTD,16391578,active,ltd,,,2025-04-16,,2025-04-16,[68100, 68209, 68320],71-75 Shelton Street London United Kingdom WC2H 9JQ,,,
C&C PAYROLL LTD,16391591,active,ltd,,,2025-04-16,,2025-04-16,[69202, 82990],71-75 Shelton Street London United Kingdom WC2H 9JQ,,,
PAINT&BODY LTD,16391642,active,ltd,,,2025-04-16,,2025-04-16,[45112, 45200],32 Park Royal Road London England NW10 7LN,paintbody.co.uk,,Confirmed
THE CATCH POSTA LTD,16391839,active,ltd,,,2025-04-16,,2025-04-16,[56290],105 Thornsbeach Road London England SE6 1EY,,,
CLOAKSOFT LTD,16391833,active,ltd,,,2025-04-16,,2025-04-16,[96090],128 City Road London United Kingdom EC1V 2NX,,,
GHOUSE3 LIMITED,16391927,active,ltd,,,2025-04-16,,2025-04-16,[56102, 56103],42 Stroud Green Road London England N4 3ES,,,
LADY STYLE LTD,16391906,active,ltd,,,2025-04-16,,2025-04-16,[46440],Room 1, Unit 11 First Floor, Building 1 London England HA9 7UR,,,
BLACKHEATH WHIP LIMITED,16358785,active,ltd,,,2025-04-01,,2025-04-01,[56103],276 Burnt Ash Hill London England SE12 0QD,,,
ONEIM RE HOLDINGS II (UK) LTD,16391905,active,ltd,,,2025-04-16,,2025-04-16,[68209],Duo Level 6 London United Kingdom EC2M 4RB,oneimgroup.com,,Likely
IL LAW LTD,16392186,active,ltd,,,2025-04-16,,2025-04-16,[70229, 82990],Palliser House, London United Kingdom W14 9EB,,,
JORDAN BUILDER FIRST LTD,16392768,active,ltd,,,2025-04-16,,2025-04-16,[43330],128 City Road London United Kingdom EC1V 2NX,,,
LYRA STRATEGY LIMITED,16392778,active,ltd,,,2025-04-16,,2025-04-16,[70229],128 City Road London United Kingdom EC1V 2NX,lyrastrategy.co.uk,,Confirmed
DMI OPTIMUM ELECTRICAL LIMITED,16392760,active,ltd,,,2025-04-16,,2025-04-16,[43210],1st Flr Flat, 20-26 Bedford Road London England SW4 7HJ,,,
DAVID LEE CARE LTD,16392813,active,ltd,,,2025-04-16,,2025-04-16,[87900],85 Great Portland Street London England W1W 7LT,,,
MJK247 LTD,16392977,active,ltd,,,2025-04-16,,2025-04-16,[70221, 70229],247 Wynford Road London England N1 9TX,,,
BUKES AND BEDFORD BUILDING SERVICES LTD,16392970,active,ltd,,,2025-04-16,,2025-04-16,[41202, 43310],3rd Floor, 86-90 Paul Street London United Kingdom EC2A 4NE,bukesandbedford.co.uk,bukesandbedford@gmail.com,Confirmed
12 SEASONS LTD,16393027,active,ltd,,,2025-04-16,,2025-04-16,[74100],112 Princes Gardens London England W3 0LJ,,,
THE WINDRUSH GENERATION GAME COMPANY LIMITED,16393255,active,ltd,,,2025-04-16,,2025-04-16,[47650],17a Electric Lane London England SW9 8LA,thewggame.com,,Confirmed
CLAY CLUB LONDON LTD,16393292,active,ltd,,,2025-04-17,,2025-04-17,[85520],164 Chatsworth Road London England E5 0LT,clayclubhackney.com,hello@clayclubhackney.com,Confirmed
PIZ NAIR ADVISORS LTD,16393587,active,ltd,,,2025-04-17,,2025-04-17,[70229],124 City Road London United Kingdom EC1V 2NX,,,
MRTG LTD,16393713,active,ltd,,,2025-04-17,,2025-04-17,[64922, 66220],20 Wenlock Road London England N1 7GU,mrtgapp.co.uk,,Likely
BOUSEN GREEN LTD,16393710,active,ltd,,,2025-04-17,,2025-04-17,[68209],71-75 Shelton Street London United Kingdom WC2H 9JQ,,,
WOODLANE TRANSPORT SERVICES LTD,16393741,active,ltd,,,2025-04-17,,2025-04-17,[49390],64 Valley Side London United Kingdom E4 7SP,,,
UNCOMMON COACHING LTD,16391070,active,ltd,,,2025-04-16,,2025-04-16,[96090],128 City Road London United Kingdom EC1V 2NX,,,
DEAN GROUP MANAGEMENT UK LIMITED,16391225,active,ltd,,,2025-04-16,,2025-04-16,[55100],1st Floor 8 Bridle Close Kingston Upon Thames United Kingdom KT1 2JW,,,
SULTANS TASTE LTD,16391200,active,ltd,,,2025-04-16,,2025-04-16,[56101, 56103, 56210, 56290],500 White Hart Lane London England N17 7NA,,,
GEM HAYES PROPERTIES LIMITED,16391302,active,ltd,,,2025-04-16,,2025-04-16,[68209],C/O Ida&Co Building  3 Chiswick Business Park London United Kingdom W4 5YA,,,
STAG AND STONE LTD,16391329,active,ltd,,,2025-04-16,,2025-04-16,[47890],128 City Road London United Kingdom EC1V 2NX,stagandstone.co.uk,,Likely
RESOLVE EXPERTS LTD,16391326,active,ltd,,,2025-04-16,,2025-04-16,[84110, 84120],55 -B2- 426  Oxgate House Oxgate Lane London United Kingdom NW2 7FQ,,,
CTENSE LTD,16391343,active,ltd,,,2025-04-16,,2025-04-16,[70229, 78300, 82302, 82990],128 City Road London United Kingdom EC1V 2NX,ctense.com,,Confirmed
QID HOLDINGS LIMITED,16391517,active,ltd,,,2025-04-16,,2025-04-16,[72190],128 City Road London United Kingdom EC1V 2NX,,,
HYPERAD LAB LTD,16391721,active,ltd,,,2025-04-16,,2025-04-16,[62090],41 Devonshire Street London United Kingdom W1G 7AJ,,,
SAINT NIECE LTD,16391869,active,ltd,,,2025-04-16,,2025-04-16,[47910],195-197, Suite Ra01 Wood Street London United Kingdom E17 3NU,,,
DIGITAL BRIDGE LTD,16391870,active,ltd,,,2025-04-16,,2025-04-16,[63990],71-75 Shelton Street London United Kingdom WC2H 9JQ,,,
WENTWORTH & LOWE LTD,16392007,active,ltd,,,2025-04-16,,2025-04-16,[68209],20 Wenlock Road London England N1 7GU,,,
PAC ENGINEERING CONSULTING LIMITED,16392148,active,ltd,,,2025-04-16,,2025-04-16,[71122, 71129],C/O Randall Robinson Office 3.14 London United Kingdom EC2V 7NQ,,,
SD MANAGEMENT SERVICES LTD,16392129,active,ltd,,,2025-04-16,,2025-04-16,[62020, 70229],71-75 Shelton Street London United Kingdom WC2H 9JQ,,,
ZABAWA LTD,16392130,active,ltd,,,2025-04-16,,2025-04-16,[90010],3 Imperial  Works London United Kingdom N15 4QL,,,
OUR REDEEMER CHILDMINDER GROUP LIMITED,16392154,active,ltd,,,2025-04-16,,2025-04-16,[88910],Flat 40 Heron House London England SE15 5NJ,,,
CAMBERWELL ART SERVICES LTD,16392405,active,ltd,,,2025-04-16,,2025-04-16,[90030],F7 Chartwell Business Park London England SE5 9HW,owenherbert.co.uk/cas,,Confirmed
ESTAGE MANAGEMENT LTD,16392391,active,ltd,,,2025-04-16,,2025-04-16,[68209],23 Golden Square London England W1F 9JP,,,
ELEVARE AFRICA LIMITED,16392418,active,ltd,,,2025-04-16,,2025-04-16,[72200, 78300],Flat 18 29 Cosway Street London United Kingdom NW1 6TH,elevareafricaconsulting.com,,Confirmed
ORKA TRADING PVT LTD,16392397,active,ltd,,,2025-04-16,,2025-04-16,[47110],96 Shelley Avenue London England E12 6PU,,,
LANCASHIRE & CUMBRIA HOME IMPROVEMENTS LTD,16392628,active,ltd,,,2025-04-16,,2025-04-16,[43999],3rd Floor, 86-90 Paul Street London United Kingdom EC2A 4NE,lancashireandcumbriahomeimprovementsltd.co.uk,,Confirmed
PLEVNELI LTD,16392656,active,ltd,,,2025-04-16,,2025-04-16,[99999],71-75 Shelton Street London United Kingdom WC2H 9JQ,,,
PRETTY RAMASHOP LTD,16392822,active,ltd,,,2025-04-16,,2025-04-16,[46110],54 Farren Road London England SE23 2EA,,,
20 FORTESS ROAD LTD,16392895,active,ltd,,,2025-04-16,,2025-04-16,[98000],107 Holloway Road London United Kingdom N7 8LT,,,
BISMARK LOGISTICS & DISTRIBUTION LIMITED,16392894,active,ltd,,,2025-04-16,,2025-04-16,[49410],Three Mile House London Road Chelmsford England CM2 8TF,bismarklogistic.com,,Likely
XMXDEUS LTD,16393009,active,ltd,,,2025-04-16,,2025-04-16,[62012, 62020],Flat 6 Legacy House London England SE15 3NL,,,
BEN BROBBEY LIMITED,16393054,active,ltd,,,2025-04-16,,2025-04-16,[33170],2 Vickers Court London England N17 9FP,,,
STREET VYBZ FLAVA LTD,16393329,active,ltd,,,2025-04-17,,2025-04-17,[56103],281 High Street South London England E6 3PG,streetvybzflava.co.uk,,Confirmed
CHALKY PEAKS LTD,16393352,active,ltd,,,2025-04-17,,2025-04-17,[62090, 73110, 74209],3rd Floor, 86-90 Paul Street London United Kingdom EC2A 4NE,,,
X-CODINGERA LTD,16393346,active,ltd,,,2025-04-17,,2025-04-17,[62012, 62020, 62090, 63110],3rd Floor, 86-90 Paul Street London United Kingdom EC2A 4NE,,,
ESTIA GROUP LTD,16393394,active,ltd,,,2025-04-17,,2025-04-17,[55209, 68100, 68310, 68320],Flat 4 Fleetfield London England WC1H 8BP,,,
LAVANDULA FINANCE LTD,16393460,active,ltd,,,2025-04-17,,2025-04-17,[69202, 70221],128 City Road London United Kingdom EC1V 2NX,,,
JOYSELECTION LTD,16393623,active,ltd,,,2025-04-17,,2025-04-17,[32409],71-75 Shelton Street London United Kingdom WC2H 9JQ,,,
APOTHEOSIS TRADING LIMITED,16393651,active,ltd,,,2025-04-17,,2025-04-17,[46160, 46190, 47750, 47910],85 Great Portland Street London England W1W 7LT,,,
TASTEFULLY DRESSED LTD,16391452,active,ltd,,,2025-04-16,,2025-04-16,[73120],Apartment 30 Red House London England N15 4GL,tastefullydressed.co.uk,,Likely
SOFTWARE4 LTD,16391449,active,ltd,,,2025-04-16,,2025-04-16,[62012],71-75 Shelton Street London United Kingdom WC2H 9JQ,software4.co.uk,,Confirmed
SIMONNA LTD,16391894,active,ltd,,,2025-04-16,,2025-04-16,[43390],223 Mount Pleasant Road London England N17 6JH,,,
SEINOVS EMPIRE LTD,16391887,active,ltd,,,2025-04-16,,2025-04-16,[16230],Flat 5 120 Whitfield Street London England W1T 5EG,,,
NEXA GUARD HOLDINGS LTD,16391878,active,ltd,,,2025-04-16,,2025-04-16,[64209, 70100, 70221],22 Denning Road London England NW3 1SU,,,
LONDON PUB TRADING LTD,16391882,active,ltd,,,2025-04-16,,2025-04-16,[56302],20 Wenlock Road London England N1 7GU,,,
GOOD DEAL SOLUTIONS LTD,16392068,active,ltd,,,2025-04-16,,2025-04-16,[73120],30 Cavendish Drive London England E11 1DN,,,
GRAY ENGINEERING SOLUTIONS LTD,16392061,active,ltd,,,2025-04-16,,2025-04-16,[71129],20 Wenlock Road London England N1 7GU,,,
BEHUCHA LIMITED,16392380,active,ltd,,,2025-04-16,,2025-04-16,[43999],Flat 4 16 Princeton Street London England WC1R 4BB,,,
CRAIG VEAL COACHING LIMITED,16392378,active,ltd,,,2025-04-16,,2025-04-16,[85510],Linen Hall, Room 252-254 162-168 Regent Street London England W1B 5TB,,,
MATRIX DENTAL ACADEMY LTD,16392379,active,ltd,,,2025-04-16,,2025-04-16,[85590],97 Judd Street London England WC1H 9JG,,,
MASTER LAUNDRY NEAR ME LTD,16392836,active,ltd,,,2025-04-16,,2025-04-16,[96010],Unit 23 Dalmeyer Road London England NW10 2XA,,,
LURONITY LTD,16392917,active,ltd,,,2025-04-16,,2025-04-16,[46160],5 Brayford Square London United Kingdom E1 0SG,,,
CHASE FAST FOOD LTD,16393105,active,ltd,,,2025-04-16,,2025-04-16,[56103],336 Kingston Road London England SW20 8LR,,,
GENIUS PRIME INVESTMENT LTD,16393106,active,ltd,,,2025-04-16,,2025-04-16,[68100, 68209, 68320],6 Geere Road London England E15 3PN,,,
VIKRUS PROPERTIES LIMITED,16393361,active,ltd,,,2025-04-17,,2025-04-17,[68209],231 Kenton Road Harrow England HA3 0HD,,,
FORCOMFORT.STORE LTD,16393367,active,ltd,,,2025-04-17,,2025-04-17,[41100, 41201, 43120],128 City Road London United Kingdom EC1V 2NX,,,
BNP SPORTS LTD,16393368,active,ltd,,,2025-04-17,,2025-04-17,[93199],389, Chiswick Tower, Westwing 17th Floor Chiswick High Road London United Kingdom W4 4AN,,,
CROMWELL REGENCY INVESTMENTS LTD,16393415,active,ltd,,,2025-04-17,,2025-04-17,[68100, 68201, 68209, 68320],O M G Chartered Certified Accountants, 111a London United Kingdom E18 1AN,,,
CIKOLATTA LTD,16393463,active,ltd,,,2025-04-17,,2025-04-17,[46170, 46360, 47910],Suite 8952 5 Brayford Square London United Kingdom E1 0SG,,,
ARTEFACTUAL SYSTEMS LIMITED,16393663,active,ltd,,,2025-04-17,,2025-04-17,[62012],71-75 Shelton Street London United Kingdom WC2H 9JQ,,,
MOHAMMED SAZZADUR RAHMAN LTD,16393671,active,ltd,,,2025-04-17,,2025-04-17,[47910],4th Floor Office London England W1B 4HB,,,
APAI INVESTMENTS LTD,16391135,active,ltd,,,2025-04-16,,2025-04-16,[68100, 68209, 68310, 68320],71-75 Shelton Street London United Kingdom WC2H 9JQ,,,
NATIVO HOTELS LTD,16391182,active,ltd,,,2025-04-16,,2025-04-16,[55100, 70229, 77400, 79909],14th Floor 33 Cavendish Square London United Kingdom W1G 0PW,nativohotels.com,,Likely
FLEMINGTON VENTURES LTD,16391157,active,ltd,,,2025-04-16,,2025-04-16,[70229],20 Wenlock Road London England N1 7GU,,,
FBA JODU LTD,16391178,active,ltd,,,2025-04-16,,2025-04-16,[47910],10, 21, Buttercup Court Linden Way London United Kingdom N14 4LY,,,
BRITEU EXPRESS LTD,16391171,active,ltd,,,2025-04-16,,2025-04-16,[49410],86-90 Paul Street London England EC2A 4NE,,,
DRUCKSTER INVESTMENTS LTD.,16388744,active,ltd,,,2025-04-15,,2025-04-15,[64999, 68320, 70221, 70229],38 Craven Street London England WC2N 5NG,,,
GEREDA AGENTIA LTD,16392572,active,ltd,,,2025-04-16,,2025-04-16,[70229],124-128 City Road London England EC1V 2NX,,,
GRANT WORKFORCE LTD,16392557,active,ltd,,,2025-04-16,,2025-04-16,[74909],128 City Road London United Kingdom EC1V 2NX,,,
5 HIGHGATE AVENUE LTD,16392550,active,ltd,,,2025-04-16,,2025-04-16,[98000],107 Holloway Road London United Kingdom N7 8LT,,,
59 PARKHURST ROAD LTD,16392547,active,ltd,,,2025-04-16,,2025-04-16,[98000],107 Holloway Road London United Kingdom N7 8LT,,,
S&R VENTURES LIMITED,16392542,active,ltd,,,2025-04-16,,2025-04-16,[64209, 64991],124 City Road London United Kingdom EC1V 2NX,,,
TOKYO JAMES LTD,16392785,active,ltd,,,2025-04-16,,2025-04-16,[47710, 47721, 47722, 47750],Flat 1 Fraser Court London England SW11 3TF,tokyojames.co.uk,,Likely
HUGH ENGINEERING LTD,16392881,active,ltd,,,2025-04-16,,2025-04-16,[71129],5 Brayford Square London United Kingdom E1 0SG,,,
PALATE AI LTD,16392993,active,ltd,,,2025-04-16,,2025-04-16,[58290, 62011, 63990, 79909],9a Crosswall London England EC3N 2JY,,,
NEXORI LTD,16393238,active,ltd,,,2025-04-16,,2025-04-16,[58290],140 Mitcham Road London England E6 3NF,,,
CEND RESOURCES LIMITED,16393268,active,ltd,,,2025-04-16,,2025-04-16,[62012, 62020, 78300],London Office 167-169 Great Portland Street London England W1W 5PF,,,
HENCEL CONSULTING LTD,16393264,active,ltd,,,2025-04-16,,2025-04-16,[70229],16 Muirdown Avenue London England SW14 8JX,,,
XYMERONTECH LTD,16393316,active,ltd,,,2025-04-17,,2025-04-17,[62020],20 Cordelia Street London England E14 6DZ,,,
WASBAS LTD,16393373,active,ltd,,,2025-04-17,,2025-04-17,[47190, 47910],128 City Road London United Kingdom EC1V 2NX,,,
SPS QUALITYS MANAGEMENT LTD,16393446,active,ltd,,,2025-04-17,,2025-04-17,[42990, 43999],27 Old Gloucester Street London United Kingdom WC1N 3AX,,,
LUMEVA GLOBAL LTD,16393444,active,ltd,,,2025-04-17,,2025-04-17,[47910],4 Raven Road, Unit 1c3-725 London United Kingdom E18 1HB,,,
AMR EYECARE LTD,16393505,active,ltd,,,2025-04-17,,2025-04-17,[86900],71-75 Shelton Street London United Kingdom WC2H 9JQ,,,
LARZZARO LTD,16393519,active,ltd,,,2025-04-17,,2025-04-17,[47910],71-75 Shelton Street London United Kingdom WC2H 9JQ,,,
MAZUR BUILDING LTD,16393770,active,ltd,,,2025-04-17,,2025-04-17,[41202, 43390],1 Devonshire Crescent London England NW7 1DN,,,
INDIEGOWEB LTD,16393762,active,ltd,,,2025-04-17,,2025-04-17,[47910, 62012],86-90 Paul Street London England EC2A 4NE,indiegoweb.com,contact@indiegoweb.com,Confirmed
AUSTINPIPS LIMITED,16394229,active,ltd,,,2025-04-17,,2025-04-17,[64999, 66110, 66190],2nd Floor College House Ruislip, United Kingdom HA4 7AE,austinpips.com,,Confirmed
LCR LONDON LTD,16394250,active,ltd,,,2025-04-17,,2025-04-17,[56101],306 Kingston Road London England SW20 8LX,,,
MHBARSNEWRY LTD,16394249,active,ltd,,,2025-04-17,,2025-04-17,[56101],71-75 Shelton Street London United Kingdom WC2H 9JQ,,,
PROFEED TECHNOLOGY COMPANY LTD,16394292,active,ltd,,,2025-04-17,,2025-04-17,[46510, 58290, 62012, 62020],278 Langham Road London England N15 3NP,,,
CADOBOOK LIMITED,16394283,active,ltd,,,2025-04-17,,2025-04-17,[58290],128 City Road London United Kingdom EC1V 2NX,,,
CHINA LION UK LEGAL ADVISORY LIMITED,16394290,active,ltd,,,2025-04-17,,2025-04-17,[69102, 70229, 80300, 85600],23 Hancock House 20 Love Lane London England SE18 6GU,,,
MILA FURNISHINGS LTD,16394313,active,ltd,,,2025-04-17,,2025-04-17,[47599],3rd Floor, 86-90 Paul Street London United Kingdom EC2A 4NE,,,
BUROOJ TECH LTD,16394337,active,ltd,,,2025-04-17,,2025-04-17,[46510, 46520],115 London Road Morden England SM4 5HP,,,
FAKH-AIDE LTD,16393934,active,ltd,,,2025-04-17,,2025-04-17,[85100, 88910],3rd Floor, 86-90 Paul Street London England EC2A 4NE,,,
GUNTER PRODUCTIONS LIMITED,16394052,active,ltd,,,2025-04-17,,2025-04-17,[59111],Elsley Court London United Kingdom W1W 8BE,,,
NLY SALOON LTD,16394046,active,ltd,,,2025-04-17,,2025-04-17,[96020],221 Garratt Lane London England SW18 4DT,,,
MAGG TRADE LTD,16394211,active,ltd,,,2025-04-17,,2025-04-17,[47910],71-75 Shelton Street London United Kingdom WC2H 9JQ,,,
MOTITA LTD,16394191,active,ltd,,,2025-04-17,,2025-04-17,[70229],41 Devonshire Street London United Kingdom W1G 7AJ,,,
AMPIRA LTD,16394396,active,ltd,,,2025-04-17,,2025-04-17,[47910],71-75 Shelton Street London United Kingdom WC2H 9JQ,,,
4 FARE HOUSE LIMITED,16394395,active,ltd,,,2025-04-17,,2025-04-17,[68201, 68209],55 Walnut Tree Close London England SW13 9QP,,,
ROECKNER TRADE LIMITED,16394378,active,ltd,,,2025-04-17,,2025-04-17,[47540, 47599, 47640, 47820],Unit Fs.113a Fleet Street 154-160 Fleet Street London United Kingdom EC4A 2DQ,,,
KD BUILDING & DESIGN LTD,16394403,active,ltd,,,2025-04-17,,2025-04-17,[41201, 41202, 43390],80 Acacia Road London England N22 5SB,,,
NEXO CAPITAL LTD,16395050,active,ltd,,,2025-04-17,,2025-04-17,[70229],225 Clapham Road London England SW9 9BE,,,
BHATTI PROPERTY CONSULTANTS LTD,16395047,active,ltd,,,2025-04-17,,2025-04-17,[98000],3rd Floor, 86-90 Paul Street London England EC2A 4NE,,,
RESQEYE LTD,16395043,active,ltd,,,2025-04-17,,2025-04-17,[62012],128 City Road London United Kingdom EC1V 2NX,,,
TOMETRIX LIMITED,16395233,active,ltd,,,2025-04-17,,2025-04-17,[70229],57 Lordship Road London England N16 0QJ,,,
VINSE ACTIVE LIMITED,16395236,active,ltd,,,2025-04-17,,2025-04-17,[93199],66 Whithworth House London England SE1 6RN,,,
ACME FOOD CO LIMITED,16395218,active,ltd,,,2025-04-17,,2025-04-17,[56102, 56103, 56210],124 City Road London United Kingdom EC1V 2NX,,,
WEBB-STARR LTD,16395358,active,ltd,,,2025-04-17,,2025-04-17,[46750, 46760, 46900, 47910],128 City Road London United Kingdom EC1V 2NX,,,
SMB CONSULTANCY LIMITED,16395516,active,ltd,,,2025-04-17,,2025-04-17,[70229],5 Brayford Square London England E1 0SG,,,
LAWRENCE ANDREWS CONSULTANCY LTD,16395496,active,ltd,,,2025-04-17,,2025-04-17,[70229],47 Quentin Road London England SE13 5DG,,,
OCTOPUS ENERGY NETWORKS LIMITED,16395501,active,ltd,,,2025-04-17,,2025-04-17,[35130, 62012],Uk House, 5th Floor London United Kingdom W1D 1NN,octopusenergy.co.uk,,Likely
TECHGLOBALUK LTD,16395589,active,ltd,,,2025-04-17,,2025-04-17,[47410],5 Bordon Walk London England SW15 4JG,,,
URUK INDUSTRY AND INVESTMENTS LTD.,16395573,active,ltd,,,2025-04-17,,2025-04-17,[29100, 29320, 32990, 64301],27 Old Gloucester Street London United Kingdom WC1N 3AX,,,
TIER ONE NETWORK LIMITED,16395798,active,ltd,,,2025-04-18,,2025-04-18,[62090],Suite 17, Ensign House London United Kingdom E14 9XQ,,,
THE COTTON EDIT. LTD,16395801,active,ltd,,,2025-04-18,,2025-04-18,[47910],3rd Floor, 86-90 Paul Street London England EC2A 4NE,,,
PYRAMID BASE LTD,16395884,active,ltd,,,2025-04-18,,2025-04-18,[41201, 41202, 81210],Unit 3 6 South Road Southall United Kingdom UB1 1RT,,,
LUMOXA LTD,16395967,active,ltd,,,2025-04-18,,2025-04-18,[73110],7 Murillo Road London England SE13 5QF,,,
BOURKEYS HEATING & PLUMBING LTD,16396007,active,ltd,,,2025-04-18,,2025-04-18,[43220],1 Cotleigh Road London United Kingdom NW6 2NL,bourkeys.co.uk,,Confirmed
SO & FG CONSULTING LTD,16396434,active,ltd,,,2025-04-19,,2025-04-19,[68209, 68320, 70229],23 Down Street London United Kingdom W1J 7AR,,,
SNP MARINA LTD,16396622,active,ltd,,,2025-04-20,,2025-04-20,[56103],3rd Floor, 86-90 Paul Street London United Kingdom EC2A 4NE,,,
ANNA LEE LTD,16396708,active,ltd,,,2025-04-20,,2025-04-20,[47710],27 Bethune Road London England N16 5DA,,,
UNICYCLE SOLUTIONS LTD,16396705,active,ltd,,,2025-04-20,,2025-04-20,[62012],9 Ruthven Street London England E9 7HL,,,
PRC ACCOUNTING LTD,16396721,active,ltd,,,2025-04-20,,2025-04-20,[69201],3rd Floor, 86-90 Paul Street London England EC2A 4NE,,,
HARTINGTON ACCOMMODATIONS LTD,16396833,active,ltd,,,2025-04-20,,2025-04-20,[55209, 68209],63 Hartington Road London England SW8 2HL,,,
MK THE JEWELLER LIMITED,16396877,active,ltd,,,2025-04-20,,2025-04-20,[32120],58a Hatton Garden London England EC1N 8LX,,,
ONYZER LTD,16380963,active,ltd,,,2025-04-11,,2025-04-11,[47910, 62020, 70210, 73110],240 Plashet Grove East Ham London United Kingdom E6 1DQ,,,
CHRISTIANA EDIT LTD,16397069,active,ltd,,,2025-04-21,,2025-04-21,[47910],3rd Floor, 86-90 Paul Street London England EC2A 4NE,,,
AL HEZLIN KITCHEN LTD,16397135,active,ltd,,,2025-04-21,,2025-04-21,[47990],54 Mafeking Avenue London England E6 3BH,,,
ECTORAS CONSULTANCY LIMITED,16397166,active,ltd,,,2025-04-21,,2025-04-21,[70229],Suite 6 Beaufort Court London England E14 9XL,,,
ENDYNAMOSIS LIMITED,16397180,active,ltd,,,2025-04-21,,2025-04-21,[85600],43 Mornington Road London England E4 7DT,,,
COLLAB CHEST LTD,16397178,active,ltd,,,2025-04-21,,2025-04-21,[63120, 73110],9 Epirus Mews London England SW6 7UP,,,
TUCKNGO LTD,16385723,active,ltd,,,2025-04-14,,2025-04-14,[10890, 47290, 47910],The Hoxton Mix 3rd Floor, 86-90 Paul Street London England EC2A 4NE,,,
CALYPSO ORIENT FURNITURE LIMITED,16397316,active,ltd,,,2025-04-21,,2025-04-21,[46650],Unit 6 Block 2 Woolwich Church Street London England SE18 5PQ,calypso-orient.co.uk,support@calypso-orient.co.uk,Confirmed
BYRON MURGATROYD LTD,16397375,active,ltd,,,2025-04-21,,2025-04-21,[71122],Flat 11a Stuart Tower London England W9 1UH,,,
VNJ HOMES LTD,16397441,active,ltd,,,2025-04-21,,2025-04-21,[68100, 68209, 68320],Flat 14 Heron Place London England E16 2FJ,,,
RESILIENT HQ LTD,16397447,active,ltd,,,2025-04-21,,2025-04-21,[82990],31 Devonshire Road London England SW19 2EJ,resilienthq.co.uk,contact@resilienthq.co.uk,Likely
MJ&H LIMITED,16397474,active,ltd,,,2025-04-21,,2025-04-21,[46190],Flat 3 Norwood House London England E14 0AR,,,
ELESSE LIVING LTD,16397467,active,ltd,,,2025-04-21,,2025-04-21,[47599, 47781, 47910, 74100],45 Albemarle Street London England W1S 4JL,elesseliving.com,,Likely
NMMA CONSULTING LIMITED,16397524,active,ltd,,,2025-04-22,,2025-04-22,[62020],2nd Floor College House Ruislip, United Kingdom HA4 7AE,,,
MACROARRAY DIAGNOSTICS UK LTD,16397521,active,ltd,,,2025-04-22,,2025-04-22,[47749],71 Queen Victoria Street London United Kingdom EC4V 4BE,,,
ASIAN PLATE LIMITED,16397590,active,ltd,,,2025-04-22,,2025-04-22,[56102, 56103],56 Robson Avenue London England NW10 3SG,,,
HYPETRAFFIC LTD,16397695,active,ltd,,,2025-04-22,,2025-04-22,[73110],International House London United Kingdom SW11 5RQ,,,
RODRIGUEZ ENTERTAINMENT LTD,16397842,active,ltd,,,2025-04-22,,2025-04-22,[78101],56 Boston Road London England W7 3TR,,,
ERMAO BROTHER LIMITED,16397860,active,ltd,,,2025-04-22,,2025-04-22,[46510, 47410, 62020, 95110],124 City Road London England EC1V 2NX,,,
MOTSON LIGHTING LIMITED,16397864,active,ltd,,,2025-04-22,,2025-04-22,[90020],57 Chevening Road London England SE10 0LA,,,
THRYONIXTECH LTD,16398109,active,ltd,,,2025-04-22,,2025-04-22,[62020],11 Ealdham Square London England SE9 6BP,,,
CSNCO LTD,16398120,active,ltd,,,2025-04-22,,2025-04-22,[64209, 68100],3rd Floor 107 Jermyn Street London United Kingdom SW1Y 6EE,,,
BLUESTACK PROJECTS LIMITED,16398220,active,ltd,,,2025-04-22,,2025-04-22,[74902],17 Pennine Parade Pennine Drive London United Kingdom NW2 1NT,,,
RAZ INDUSTRIES LTD,16398234,active,ltd,,,2025-04-22,,2025-04-22,[96090],128 City Road London United Kingdom EC1V 2NX,,,
INTERNATIONAL (WORLDWIDE) CPD CERTIFICATION LTD,16398319,active,ltd,,,2025-04-22,,2025-04-22,[82990, 85590, 85600, 94120],128 City Road London United Kingdom EC1V 2NX,cpdcertification.net,info@cpdcertification.net,Confirmed
GRAND SLAM VENTURES LTD,16398409,active,ltd,,,2025-04-22,,2025-04-22,[56302, 93110, 93120, 93290],20 Wenlock Road London England N1 7GU,,,
HAGGLEHUB GROCERIES LTD,16398424,active,ltd,,,2025-04-22,,2025-04-22,[47190, 47210, 47240],North London Business Hub Barnet And Southgate College Southgate United Kingdom N14 6BS,hagglehub.co.uk,customer.service@hagglehub.co.uk,Confirmed
M SOLUTIONS LTD,16398431,active,ltd,,,2025-04-22,,2025-04-22,[70229, 78109],71-75 Shelton Street London United Kingdom WC2H 9JQ,,,
DI MEDIA LIMITED,16398442,active,ltd,,,2025-04-22,,2025-04-22,[59112, 73110],86-90 Paul Street London England EC2A 4NE,,,
CARTZIO LTD,16398419,active,ltd,,,2025-04-22,,2025-04-22,[47910, 47990],124 City Road London United Kingdom EC1V 2NX,,,
AXARO LTD,16398588,active,ltd,,,2025-04-22,,2025-04-22,[62020],124-128 City Road London England EC1V 2NX,,,
LIRA NOIRE LTD,16398624,active,ltd,,,2025-04-22,,2025-04-22,[47910],128 City Road London United Kingdom EC1V 2NX,,,
HELNOWETH HILL LIMITED,16398628,active,ltd,,,2025-04-22,,2025-04-22,[41100],103d Wilberforce Road London United Kingdom N4 2SP,,,
GR UK PROPERTIES LIMITED,16398609,active,ltd,,,2025-04-22,,2025-04-22,[55209, 68100, 68209, 68320],51 Janson Close London England NW10 0EG,,,
CERTAINTY SYSTEMS LIMITED,16398789,active,ltd,,,2025-04-22,,2025-04-22,[62090],27 Old Gloucester Street London United Kingdom WC1N 3AX,,,
M & AS PROPERTY LIMITED,16398766,active,ltd,,,2025-04-22,,2025-04-22,[68100, 68320],4 Alderton Close London United Kingdom NW10 0EW,,,
SPAGNUM LIMITED,16398739,active,ltd,,,2025-04-22,,2025-04-22,[64209],C/O Avery Law Llp London United Kingdom SW1P 3AY,,,
FAB CONCEPT TRADING LTD,16399058,active,ltd,,,2025-04-22,,2025-04-22,[46730, 46740],115 London Road Morden England SM4 5HP,,,
SMITH GROUP PROPERTY SOLUTIONS LIMITED,16399032,active,ltd,,,2025-04-22,,2025-04-22,[68209],20 Wenlock Road London England N1 7GU,smithgrouppropertysolutions.com,,Likely
BENCHMARK OFFICESPACE LTD,16399052,active,ltd,,,2025-04-22,,2025-04-22,[68209],The Gate House London United Kingdom EC4A 1BL,,,
WORLD CENTRE FOR SUSTAINABLE DEVELOPMENT LTD,16399216,active,ltd,,,2025-04-22,,2025-04-22,[63990, 70229, 82302, 85590],86 90 86 Paul Street London United Kingdom EC2A 4NE,,,
FCP UK TOPCO LIMITED,16399408,active,ltd,,,2025-04-22,,2025-04-22,[64209],C/O Cogency Global (Uk) Limited 6 Lloyds Avenue London United Kingdom EC3N 3AX,,,
THE STAGING ALCHEMISTS LTD,16399440,active,ltd,,,2025-04-22,,2025-04-22,[74100],Flat 4.11 Aragon Tower George Beard Road London England SE8 3AH,,,
IRONFORGE CONSULTING LIMITED,16399423,active,ltd,,,2025-04-22,,2025-04-22,[74909],43, Garden Royal Kersfield Road London United Kingdom SW15 3HE,,,
TOPEMB LTD,16399468,active,ltd,,,2025-04-22,,2025-04-22,[47910],30 Riverhead Close London England E17 5PY,,,
CAMISMAEL LTD,16399464,active,ltd,,,2025-04-22,,2025-04-22,[49410, 52290],72 Vivian Avenue London England NW4 3XG,,,
JESS EXPRESS LIMITED,16399737,active,ltd,,,2025-04-22,,2025-04-22,[49410],Flat 21 Lorne Court London England SW15 6RX,,,
WECARE HEALTH LTD,16399741,active,ltd,,,2025-04-22,,2025-04-22,[86900],71-75 Shelton Street London England WC2H 9JQ,,,
MICHAEL P PROPERTIES LTD,16400026,active,ltd,,,2025-04-22,,2025-04-22,[68100],20 Wenlock Road London England N1 7GU,,,
SHOBARA MART LTD,16400006,active,ltd,,,2025-04-22,,2025-04-22,[47910],124-128 City Road London England EC1V 2NX,shobaramart.co.uk,,Confirmed
PIXEL PULSE MEDIA 2.0 LTD,16400003,active,ltd,,,2025-04-22,,2025-04-22,[96090],27 Old Gloucester Street London United Kingdom WC1N 3AX,,,
CHANTELLE ENTERPRISES LTD,16400072,active,ltd,,,2025-04-22,,2025-04-22,[41100, 64305, 68100, 72110],Tower House London United Kingdom N4 3HF,,,
BY A2 LIMITED,16400077,active,ltd,,,2025-04-22,,2025-04-22,[70229],334-336 Goswell Road London England EC1V 7RP,,,
ROCKBAY ASSOCIATES LTD,16400076,active,ltd,,,2025-04-22,,2025-04-22,[69109, 70229, 73120, 82990],75 Stonebridge Road London England N15 5NY,,,
LINGTWINKLE LTD,16400047,active,ltd,,,2025-04-22,,2025-04-22,[47910, 62020, 70229],Flat 48 Waterside Heights London England E16 2GP,,,
VGF CONSULTING LTD,16394020,active,ltd,,,2025-04-17,,2025-04-17,[73110],71-75 Shelton Street London United Kingdom WC2H 9JQ,,,
THE PORTSMOUTH DOG TRAINER LTD,16393815,active,ltd,,,2025-04-17,,2025-04-17,[96090],23a The Precinct Waterlooville United Kingdom PO7 7DT,,,
M & G CONSTRUCTION (LONDON) LTD,16394106,active,ltd,,,2025-04-17,,2025-04-17,[43310, 43330, 43341, 43910],286b Chase Road London England N14 6HF,,,
FRONTHAND LTD,16394165,active,ltd,,,2025-04-17,,2025-04-17,[47890],Office 12413 182-184 High Street North London United Kingdom E6 2JA,,,
ABSOL AI LTD,16390022,active,ltd,,,2025-04-15,,2025-04-15,[58290, 62012, 62020, 63110],Absol Ai Ltd. London England EC1V 2NX,,,
GALAXY DIGITAL GROUP LTD,16394168,active,ltd,,,2025-04-17,,2025-04-17,[62090],3 Seaford Road London England N15 5DU,,,
72 AND SUNNY LTD,16394175,active,ltd,,,2025-04-17,,2025-04-17,[70210, 73110, 73120, 73200],52 Lime Street London England EC3M 7AF,,,
LETTIUM LTD,16394649,active,ltd,,,2025-04-17,,2025-04-17,[68100, 68209],3rd Floor, 86-90 Paul Street London United Kingdom EC2A 4NE,,,
ACORA PILATES LIMITED,16390104,active,ltd,,,2025-04-15,,2025-04-15,[47910],128 City Road, London 128 City Road London England EC1V 2NX,acorapilates.com,,Likely
SIDEWALK SECURITY SERVICES LTD,16394738,active,ltd,,,2025-04-17,,2025-04-17,[96090],3 Hugh Dalton Avenue London England SW6 7TG,,,
LA CARTE NOIRE LTD,16394750,active,ltd,,,2025-04-17,,2025-04-17,[90010, 90030],Flow Dance, Unit 3 1-3 Brixton Road London England SW9 6DE,,,
ULTRA JEWELLERY LTD,16394863,active,ltd,,,2025-04-17,,2025-04-17,[14190, 32120, 47190, 90030],71-75 Shelton Street London United Kingdom WC2H 9JQ,ultrajewellery.uk,,Confirmed
APTAI LTD,16394877,active,ltd,,,2025-04-17,,2025-04-17,[58290, 62012, 62020, 63110],128 City Road London United Kingdom EC1V 2NX,,,
INFINSET GOODLUCK LTD,16395078,active,ltd,,,2025-04-17,,2025-04-17,[47910],80 Lanacre Avenue London England NW9 5FE,,,
PANDANGREEN HOLDING LIMITED,16395080,active,ltd,,,2025-04-17,,2025-04-17,[64205],207 Regent Street London United Kingdom W1B 3HH,pandangreen.com,,Likely
ROCKETRECRUIT LTD,16395083,active,ltd,,,2025-04-17,,2025-04-17,[78109],128 City Road London United Kingdom EC1V 2NX,,,
BOQ CONSULTING SERVICES LIMITED,16395114,active,ltd,,,2025-04-17,,2025-04-17,[70229],128 City Road London United Kingdom EC1V 2NX,boqcs.com,info@boqcs.com,Confirmed
PRESTIGE PROPERTY & CONSULTING GROUP LTD,16395117,active,ltd,,,2025-04-17,,2025-04-17,[68209, 70229],124 City  Road London United Kingdom EC1V 2NX,,,
AIXELA LTD,16395284,active,ltd,,,2025-04-17,,2025-04-17,[82110, 82190, 82301, 82990],42-44 Bishopsgate London England EC2N 4AH,,,
FAB AUTO SERVICE LTD,16395259,active,ltd,,,2025-04-17,,2025-04-17,[45200],20 Wenlock Road London England N1 7GU,fabautoservicesltd.co.uk,,Confirmed
ENVIRONMENT SAFETY LTD,16395421,active,ltd,,,2025-04-17,,2025-04-17,[35130],128 City Road London United Kingdom EC1V 2NX,,,
NOSTALGIA BY RAHIM LTD,16395403,active,ltd,,,2025-04-17,,2025-04-17,[96090],71-75 Shelton Street London United Kingdom WC2H 9JQ,nostalgiabyrahim.co.uk,,Confirmed
PUNCTUM & STUDIUM LIMITED,16395471,active,ltd,,,2025-04-17,,2025-04-17,[82990],Flat 2 Waterfall House London England SW2 1BF,,,
LACHEENI LTD,16395562,active,ltd,,,2025-04-17,,2025-04-17,[14132, 47710, 47820],399-405 Oxford Street London England W1C 2BU,lacheeni.com,,Confirmed
TNA ELECTRICS LTD,16395633,active,ltd,,,2025-04-17,,2025-04-17,[71122],24 Barkworth Road London United Kingdom SE16 3BZ,,,
FREYA JEWELLERY LTD,16395960,active,ltd,,,2025-04-18,,2025-04-18,[46480, 47770, 47910],112 Princes Gardens London England W3 0LJ,freyajewellery.uk,,Confirmed
VENN FP LIMITED,16394680,active,ltd,,,2025-04-17,,2025-04-17,[64999],44 Royal Parade Mews London United Kingdom SE3 0TN,,,
IKASU LTD,16396054,active,ltd,,,2025-04-18,,2025-04-18,[82301],313 Brentano Suite, 915 High Road London England N12 8QJ,ikasulondon.com,,Likely
SOHAL RESERVE LIMITED,16396106,active,ltd,,,2025-04-18,,2025-04-18,[46190, 47990, 82990],86-90 Paul Street London England EC2A 4NE,,,
INCANTO FURNITURE COMPANY LTD,16396292,active,ltd,,,2025-04-19,,2025-04-19,[31090],124-128 City Road London England EC1V 2NX,,,
DIMITAPAYOTO-B.T.W. LTD,16396355,active,ltd,,,2025-04-19,,2025-04-19,[95250],47 Montpelier Gardens London England E6 3JB,,,
SENSORY STATION LIMITED,16396419,active,ltd,,,2025-04-19,,2025-04-19,[86900],Flat 28 Verity House London England E3 4LR,,,
SCARMAK PRODUCTIONS LTD,16396474,active,ltd,,,2025-04-19,,2025-04-19,[59111],Flat 3 1 Edward Mews London United Kingdom NW1 4AT,,,
THE CREDIBLE ATELIER LIMITED,16396512,active,ltd,,,2025-04-19,,2025-04-19,[14131, 46420, 47721, 47910],8a Grange Crescent London England SE28 8EX,thecredibleatelier.com,,Likely
VIP FULHAM BARBERS LTD,16396634,active,ltd,,,2025-04-20,,2025-04-20,[96020],8 Farm Lane London England SW6 1PP,bandofbarbersvip.com,,Likely
SKIN BY ANNA LTD,16396633,active,ltd,,,2025-04-20,,2025-04-20,[96020],4 London Road Biggleswade England SG18 8EB,,,
ATHLETIQAH LTD,16396731,active,ltd,,,2025-04-20,,2025-04-20,[46420],124-128 City Road London England EC1V 2NX,,,
JUST CAR PARTS LTD,16396813,active,ltd,,,2025-04-20,,2025-04-20,[45320],166 Midland Road London England E10 6JT,,,
RANDFORGE LTD,16396809,active,ltd,,,2025-04-20,,2025-04-20,[62012],124-128 City Road London England EC1V 2NX,,,
THE BRIDES BESTIE LTD,16396889,active,ltd,,,2025-04-20,,2025-04-20,[56210, 96090],29 Holly Park Estate London England N4 4BD,bridesbestie.com,,Likely
D&D HOMES & INVESTMENTS LTD,16397274,active,ltd,,,2025-04-21,,2025-04-21,[68209],Unit 2 Iron Bridge Close London United Kingdom NW10 0UF,,,
HP BROTHERS LIMITED,16397386,active,ltd,,,2025-04-21,,2025-04-21,[46900],37 Myatts Fields South London England SW9 6PE,,,
JAMES CIRCLE GROUP LTD,16397408,active,ltd,,,2025-04-21,,2025-04-21,[56210],49 Battersby Road London England SE6 1SA,,,
GOALBODYUK LTD,16397420,active,ltd,,,2025-04-21,,2025-04-21,[47190],139 Kilburn Park Road London England NW6 5LD,,,
SERAPHOR LTD,16397496,active,ltd,,,2025-04-22,,2025-04-22,[73110],34c Barretts Grove London United Kingdom N16 8AJ,,,
GRANTON FACTORS LTD,16397568,active,ltd,,,2025-04-22,,2025-04-22,[64992],Second Floor London United Kingdom EC3M 7AT,,,
STREAMLINE BRANDS GROUP LTD,16397580,active,ltd,,,2025-04-22,,2025-04-22,[47750, 47990],128 City Road London United Kingdom EC1V 2NX,,,
SUPREME MARKETPLACES LTD,16397653,active,ltd,,,2025-04-22,,2025-04-22,[45111, 45112, 45190],128 City Road London United Kingdom EC1V 2NX,,,
MARINO MEDICAL TECHNOLOGIES CONSULTING LTD,16397789,active,ltd,,,2025-04-22,,2025-04-22,[82990],124-128 City Road London England EC1V 2NX,,,
AKI BUILDING LIMITED,16397955,active,ltd,,,2025-04-22,,2025-04-22,[43390],2nd Floor 136 London United Kingdom W1U 6UD,,,
PRAGMATIC INTERNATIONAL TRADING CO., LTD,16398108,active,ltd,,,2025-04-22,,2025-04-22,[46190, 46900, 47190, 47910],Unit Fs.113a Fleet Street 154-160 Fleet Street London United Kingdom EC4A 2DQ,,,
MARR PARFUMS LTD,16398251,active,ltd,,,2025-04-22,,2025-04-22,[20420],20 Wenlock Road London England N1 7GU,,,
MOSAIC HEALTH AI LIMITED,16398270,active,ltd,,,2025-04-22,,2025-04-22,[62012],Second Floor Windsor House London England W1W 8LU,,,
KERB APPEAL HOME AND GARDEN LTD,16398386,active,ltd,,,2025-04-22,,2025-04-22,[41100, 43310, 43320, 43342],71-75 Shelton Street London United Kingdom WC2H 9JQ,,,
ATU GROUP LIMITED,16398392,active,ltd,,,2025-04-22,,2025-04-22,[46410],72 Kingsland High Street London England E8 2NS,,,
L & O PROPERTY INVESTMENTS LIMITED,16398530,active,ltd,,,2025-04-22,,2025-04-22,[68100],1386 London Road Leigh On Sea England SS9 2UJ,,,
CORNERSTONE PROPERTY CONSULTING SERVICES LTD,16398715,active,ltd,,,2025-04-22,,2025-04-22,[96090],128 City Road London United Kingdom EC1V 2NX,,,
ELLENSBURY TRADE CO LTD,16398980,active,ltd,,,2025-04-22,,2025-04-22,[46499],71-75 Shelton Street London United Kingdom WC2H 9JQ,,,
SHEYUMOUDE LTD,16398963,active,ltd,,,2025-04-22,,2025-04-22,[47820, 47890, 47910],71-75 Shelton Street London United Kingdom WC2H 9JQ,,,
MOMBU PLUTO LTD,16399005,active,ltd,,,2025-04-22,,2025-04-22,[62012],Unit 501 Leroy House London England N1 3QP,,,
FORETIQ LIMITED,16399274,active,ltd,,,2025-04-22,,2025-04-22,[69201],124 City Road London England EC1V 2NX,,,
F8 WELLBEING LTD,16399276,active,ltd,,,2025-04-22,,2025-04-22,[86900],71-75 Shelton Street London United Kingdom WC2H 9JQ,,,
VITAL HOMES PROPCO 5 LTD,16399309,active,ltd,,,2025-04-22,,2025-04-22,[41100, 68100],20 Rowsley Avenue London United Kingdom NW4 1AJ,,,
MZHORIZON LTD,16399271,active,ltd,,,2025-04-22,,2025-04-22,[55100, 68209, 68320],20 Wenlock Road London England N1 7GU,,,
OCEANS MEDIA LTD,16399272,active,ltd,,,2025-04-22,,2025-04-22,[73120],11 Woodcock Way Enfield United Kingdom EN3 4QY,,,
ALTERATIONS BOUTIQUE MARYLEBONE LTD,16365758,active,ltd,,,2025-04-04,,2025-04-04,[95290],14 New Quebec Street London England W1H 7RS,alterationsboutique.co.uk,,Confirmed
DERMA SKETCH LTD,16399681,active,ltd,,,2025-04-22,,2025-04-22,[96020],3 Park Parade London England NW10 4JH,dermasketch.co.uk,info@dermasketch.co.uk,Confirmed
XINYU MEDIA CO., LTD,16399712,active,ltd,,,2025-04-22,,2025-04-22,[46150, 46160, 46420, 46499],Unit Fs.113a Fleet Street 154-160 Fleet Street London United Kingdom EC4A 2DQ,,,
KARTIS LTD,16399889,active,ltd,,,2025-04-22,,2025-04-22,[45320],Arch 18 61 Markfield Road London United Kingdom N15 4QA,,,
BOHO LEATHER LTD,16399912,active,ltd,,,2025-04-22,,2025-04-22,[14110],8 Raynes Avenue London England E11 2LS,,,
YM TEXTILE LTD,16399870,active,ltd,,,2025-04-22,,2025-04-22,[47910],Unit 501 Leroy House London England N1 3QP,ym-textile.com,,Likely
ALLEGRO REAL ESTATE LIMITED,16394436,active,ltd,,,2025-04-17,,2025-04-17,[68320],101 New Cavendish Street London England W1W 6XH,allegrorealestate.co.uk,,Confirmed
FUTURE MERCHANT LTD,16394438,active,ltd,,,2025-04-17,,2025-04-17,[62012, 62020, 62090, 74909],71-75 Shelton Street London United Kingdom WC2H 9JQ,,,
TAKEOFF ASSOCIATES LTD,16394642,active,ltd,,,2025-04-17,,2025-04-17,[70229],10-16 Tiller Road London England E14 8PX,,,
DABUR UK TRADING LIMITED,16394633,active,ltd,,,2025-04-17,,2025-04-17,[46330, 46380, 46450, 46499],First Central 200 2 Lakeside Drive, Park Royal London United Kingdom NW10 7FQ,dabur.co.uk,,Confirmed
PEN VAL FOODS LTD,16394684,active,ltd,,,2025-04-17,,2025-04-17,[46320],Old Post Office St Austell United Kingdom PL26 7AR,,,
STAY FOR CONTRACTORS LTD,16394685,active,ltd,,,2025-04-17,,2025-04-17,[68209],20 Wenlock Road London England N1 7GU,stayforcontractors.com,,Confirmed
AMBANK ASSET MANAGEMENT LTD,16394677,active,ltd,,,2025-04-17,,2025-04-17,[64205, 64999, 66300, 70100],4th Floor Silverstream House London United Kingdom W1T 6EB,ambank.group,info@ambank.group,Confirmed
WAKEFIELD COURT FREEHOLD LIMITED,16394804,active,ltd,,,2025-04-17,,2025-04-17,[98000],Flat 5, Wakefield Court, 30 Park Road London United Kingdom E10 7BF,,,
IK DRYLINING SOLUTIONS LTD,16395022,active,ltd,,,2025-04-17,,2025-04-17,[43390],71-75 Shelton Street London United Kingdom WC2H 9JQ,,,
CKB SOURCING CO. LIMITED,16394987,active,ltd,,,2025-04-17,,2025-04-17,[68310],20-22 Wenlock Road London England N1 7GU,,,
THE PTXPERIENCE LTD,16394970,active,ltd,,,2025-04-17,,2025-04-17,[56101, 56103],124 City  Road London United Kingdom EC1V 2NX,,,
KBA STRATEGIC CONSULTING LTD,16395188,active,ltd,,,2025-04-17,,2025-04-17,[70229],71-75 Shelton Street London United Kingdom WC2H 9JQ,,,
LJ PERFORMANCE SALES LTD,16395176,active,ltd,,,2025-04-17,,2025-04-17,[45112],20 Wenlock Road London England N1 7GU,,,
NESEEL LTD,16395183,active,ltd,,,2025-04-17,,2025-04-17,[47910],71-75 Shelton Street London United Kingdom WC2H 9JQ,,,
COOKEY&CO LTD,16395182,active,ltd,,,2025-04-17,,2025-04-17,[47910],3rd Floor, 86-90 Paul Street London United Kingdom EC2A 4NE,,,
JKS INVESTMENT PORTFOLIO LTD,16371013,active,ltd,,,2025-04-07,,2025-04-07,[68100, 68209],4th Floor Office London England W1B 4HB,,,
GLOK PROPERTIES LTD,16395385,active,ltd,,,2025-04-17,,2025-04-17,[68100, 68209, 68320],39 Ludgate Hill London England EC4M 7JN,,,
PREMIER DIAMONDS LONDON LIMITED,16395531,active,ltd,,,2025-04-17,,2025-04-17,[46480],New Burlington House London England NW11 0PU,,,
SOFTDIGS LIMITED,16395563,active,ltd,,,2025-04-17,,2025-04-17,[41100, 68100, 68209, 68320],133 Fieldfare Road London England SE28 8HP,,,
NEXAPP LTD,16395621,active,ltd,,,2025-04-17,,2025-04-17,[58210, 58290, 59112],20 Wenlock Road London England N1 7GU,,,
LIMITACTIVE LTD,16395612,active,ltd,,,2025-04-17,,2025-04-17,[56290, 93130],Flat 39 Magnus Heights London England N8 0EL,,,
WITTY M PRIME LIMITED,16395664,active,ltd,,,2025-04-17,,2025-04-17,[47910],21 Worthing Close London England E15 3JQ,,,
YOMI KADEJO CREATIVE LTD,16395674,active,ltd,,,2025-04-17,,2025-04-17,[74202],Flat 17, Newbridge Court London United Kingdom SW17 0UE,,,
THRYVE HEALTH LIMITED,16395783,active,ltd,,,2025-04-18,,2025-04-18,[47910],Apartment 102 5 Pearson Square London England W1T 3BQ,,,
AARBI COLLECTIONS LIMITED,16395778,active,ltd,,,2025-04-18,,2025-04-18,[47429],30 Lascotts Road London England N22 8JN,,,
MASALA ADDA LTD,16395891,active,ltd,,,2025-04-18,,2025-04-18,[47290, 56103],152 Strone Road London England E7 8ES,,,
BORLAND ADVISORY LTD,16396094,active,ltd,,,2025-04-18,,2025-04-18,[70229],3rd Floor, 86-90 Paul Street London United Kingdom EC2A 4NE,,,
IMPI STREET FOOD LTD,16396166,active,ltd,,,2025-04-18,,2025-04-18,[56103],5 Sandhurst Place London Road Cheltenham England GL52 6YN,,,
SAFESHOUT LTD,16396248,active,ltd,,,2025-04-18,,2025-04-18,[62012, 70229, 88990],3rd Floor, 86-90 Paul Street London England EC2A 4NE,,,
THE-HOWSE LTD,16396415,active,ltd,,,2025-04-19,,2025-04-19,[47540],35-37 Ludgate Hill London England EC4M 7JN,,,
PARVATI CONSORTIUM LTD,16396468,active,ltd,,,2025-04-19,,2025-04-19,[84130],167-169 Great Portland Street London England W1W 5PF,,,
ANECDOTE STUDIO LTD,16396609,active,ltd,,,2025-04-20,,2025-04-20,[74100],8 Coleman Road London United Kingdom SE5 7TG,,,
NERVE X LTD,16396597,active,ltd,,,2025-04-20,,2025-04-20,[58210, 59112, 59200, 71129],Nb1, Selby Centre London United Kingdom N17 8JL,,,
MA HOMES LONDON LIMITED,16396659,active,ltd,,,2025-04-20,,2025-04-20,[68100, 68209],45 Rensburg Road London England E17 7HL,,,
PLATINUM GOODS LIMITED,16397231,active,ltd,,,2025-04-21,,2025-04-21,[47910],298a Wightman Road London England N8 0LT,,,
EQUALITY CARE SERVICES LIMITED,16397354,active,ltd,,,2025-04-21,,2025-04-21,[87200],23 Hessel Street London England E1 2LR,,,
ARYMAX CONSTRUCTION LTD,16397450,active,ltd,,,2025-04-21,,2025-04-21,[41201, 41202, 46900, 47190],87 John Silkin Lane London England SE8 5BE,,,
ZESTY COMMUNICATION LIMITED,16397479,active,ltd,,,2025-04-22,,2025-04-22,[63120, 73110],Flat 87 Rosse Gardens London England SE13 6PD,,,
ANVIL FORGED LTD,16397544,active,ltd,,,2025-04-22,,2025-04-22,[47750],24 Reservoir Road London England N14 4BG,,,
ISOALL UK LIMITED,16397635,active,ltd,,,2025-04-22,,2025-04-22,[62020],First Floor London United Kingdom EC4M 7RD,,,
AVIRTONI LTD,16397626,active,ltd,,,2025-04-22,,2025-04-22,[62020, 74909],86-90 Paul Street London England EC2A 4NE,,,
H33 TRADE LTD,16397753,active,ltd,,,2025-04-22,,2025-04-22,[47990],Suite 123, Office 405 Screenworks 22 Highbury Grove London United Kingdom N5 2ER,,,
GREAT EAGLE WINDOW CLEANING LTD,16397914,active,ltd,,,2025-04-22,,2025-04-22,[81221],286b Chase Road London England N14 6HF,https://www.greateaglewindowcleaning.com,,Confirmed
LUXIPAIN LTD,16397911,active,ltd,,,2025-04-22,,2025-04-22,[47749],128 City Road London United Kingdom EC1V 2NX,,,
SHILLAMEDIA LTD,16397918,active,ltd,,,2025-04-22,,2025-04-22,[73110],10 Sabra 155 Battersea Rise London United Kingdom SW11 1HP,,,
RAMBLER MOVIE LTD,16397910,active,ltd,,,2025-04-22,,2025-04-22,[59111],71-75 Shelton Street London United Kingdom WC2H 9JQ,,,
EBUYER SOLUTIONS LTD,16398175,active,ltd,,,2025-04-22,,2025-04-22,[47910],128 City Road London United Kingdom EC1V 2NX,,,
EMPOWERING PEOPLE IN TECH (EPI-TECH) LTD,16398367,active,ltd,,,2025-04-22,,2025-04-22,[62090, 70229, 78109, 85590],128 City Road London United Kingdom EC1V 2NX,https://epi-tech.org,,Likely
MACL COMMISSIONING MANAGEMENT LTD,16398503,active,ltd,,,2025-04-22,,2025-04-22,[43999],100 London Road Whitchurch England RG28 7LT,,,
SMARTLINK 77 SERVICES LTD,16398489,active,ltd,,,2025-04-22,,2025-04-22,[70229, 81100, 82990],8 Eldon Road London England N9 8LG,,,
KUNDALINI MUSIC LTD,16398488,active,ltd,,,2025-04-22,,2025-04-22,[90010],C/O - Bigstar Business Management Ltd 303 The Pill Box London United Kingdom E2 6GH,,,
ROOKFELL LTD,16398495,active,ltd,,,2025-04-22,,2025-04-22,[86900],71-75 Shelton Street London United Kingdom WC2H 9JQ,,,
GREIFENHAGEN LTD,16398498,active,ltd,,,2025-04-22,,2025-04-22,[86900],71-75 Shelton Street London United Kingdom WC2H 9JQ,,,
HEADCORN PET SURGERY LIMITED,16398668,active,ltd,,,2025-04-22,,2025-04-22,[75000],77 Avery Hill Road London United Kingdom SE9 2BJ,,,
MY FUTUREFIT LTD,16398881,active,ltd,,,2025-04-22,,2025-04-22,[47190, 86900, 93199],3rd Floor, 86-90 Paul Street London United Kingdom EC2A 4NE,,,
ICONICHUB LTD,16399152,active,ltd,,,2025-04-22,,2025-04-22,[47910],71-75 Shelton Street London United Kingdom WC2H 9JQ,,,
IDEALNESTS PROPERTY MANAGEMENT LTD,16399148,active,ltd,,,2025-04-22,,2025-04-22,[68320],20 Wenlock Road London England N1 7GU,https://idealnests.co.uk,,Likely
MIGGS LIMITED,16399117,active,ltd,,,2025-04-22,,2025-04-22,[14190, 73110],Flat F London United Kingdom E9 5NZ,,,
DELUXE FLAVOUR CATERING SERVICES LIMITED,16399136,active,ltd,,,2025-04-22,,2025-04-22,[56210],4a Roman Road London United Kingdom E6 3RX,,,
TITHI CONSTRUCTION LIMITED,16399137,active,ltd,,,2025-04-22,,2025-04-22,[41201, 41202],52 Pipers Green London England NW9 8UH,,,
SON4SAZON LTD,16399486,active,ltd,,,2025-04-22,,2025-04-22,[56103],Flat 36 Rathbone House London England NW6 6QH,,,
EMERALD CROWN PROPERTY INVESTMENTS LTD,16399664,active,ltd,,,2025-04-22,,2025-04-22,[68100, 68201, 68209],124-128 City Road London England EC1V 2NX,,,
SAMIRE JOS MAINTENANCE CARE LTD,16399987,active,ltd,,,2025-04-22,,2025-04-22,[41100, 41202, 43999, 68100],5 Prince Regent Lane London England E13 8RH,,,
FRANCIS PROPERTY LTD,16399962,active,ltd,,,2025-04-22,,2025-04-22,[68100],39 Goldney Road London England W9 2AR,,,
NADVIRNA LTD,16399964,active,ltd,,,2025-04-22,,2025-04-22,[43310],Flat London England W1T 5EH,,,
STRATTANS LTD,16393834,active,ltd,,,2025-04-17,,2025-04-17,[58290],128 City Road London United Kingdom EC1V 2NX,,,
EAGLES ON TIME LIMITED,16393845,active,ltd,,,2025-04-17,,2025-04-17,[49410],283 Green Lanes London England N13 4XS,,,
OPENWAY TECHNOLOGIES LTD,16393775,active,ltd,,,2025-04-17,,2025-04-17,[62012, 62020, 62090, 63120],128 City Road London United Kingdom EC1V 2NX,,,
HYDRALASE CLINIC LIMITED,16393810,active,ltd,,,2025-04-17,,2025-04-17,[96020],New Burlington House London United Kingdom NW11 0PU,,,
HUAN TONGI TECHNOLOGY LIMITED,16393789,active,ltd,,,2025-04-17,,2025-04-17,[13939, 14120, 58290, 62012],Flat 601 Ontario Tower London United Kingdom E14 9JA,,,
KEYSTONES PROPERTY MANAGEMENT LTD,16393911,active,ltd,,,2025-04-17,,2025-04-17,[68100],71-75 Shelton Street London United Kingdom WC2H 9JQ,,,
ASHWICK TRADE CO LTD,16393914,active,ltd,,,2025-04-17,,2025-04-17,[47190],71-75 Shelton Street London United Kingdom WC2H 9JQ,,,
YOURLVLS LTD,16394127,active,ltd,,,2025-04-17,,2025-04-17,[47290, 47910],9 Berners Place London England W1T 3AD,,,
PROWHEEL REFURB LIMITED,16394355,active,ltd,,,2025-04-17,,2025-04-17,[45200],Unit 16 Alis Body Work Ltd London United Kingdom E3 4HA,,,
ELEGBE LTD,16392795,active,ltd,,,2025-04-16,,2025-04-16,[68320],101 Whitechapel High Street, 4th Floor London England E1 7RA,,,
THE MASTER SI GROUP LIMITED,16394496,active,ltd,,,2025-04-17,,2025-04-17,[82990],C/O Tc Citroen Wells Limited 3 Dorset Rise England EC4Y 8EN,,,
FORTRESS FACILITIES LTD,16394715,active,ltd,,,2025-04-17,,2025-04-17,[43341],128 City Road London United Kingdom EC1V 2NX,,,
ASHFIELD ADVISORS LIMITED,16394703,active,ltd,,,2025-04-17,,2025-04-17,[70229],124 City Road London United Kingdom EC1V 2NX,,,
GIATD LTD,16394707,active,ltd,,,2025-04-17,,2025-04-17,[70229, 85590],71-75 Shelton Street London United Kingdom WC2H 9JQ,,,
THE ADMISSIONS COLLEGE LTD,16394777,active,ltd,,,2025-04-17,,2025-04-17,[85600],3rd Floor 45 Albemarle Street, Mayfair London United Kingdom W1S 4JL,,,
MOTION VEHICLE RENTALS LIMITED,16394775,active,ltd,,,2025-04-17,,2025-04-17,[77110],10-16 Tiller Road London England E14 8PX,,,
AR CITY CHAUFFEURS LTD,16394781,active,ltd,,,2025-04-17,,2025-04-17,[49320],146 Hayward Gardens London England SW15 3BY,,,
TURKISH BUSINESS CENTRE LTD,16394789,active,ltd,,,2025-04-17,,2025-04-17,[68209],66 Flempton Road London England E10 7NH,,,
AURORA DIGITAL ASSETS LTD,16394765,active,ltd,,,2025-04-17,,2025-04-17,[62020],Silverstream House 45 Fitzroy Street London England W1T 6EB,,,
ROVAK LIMITED,16394795,active,ltd,,,2025-04-17,,2025-04-17,[43341],Flat 2 17 - 19 Lever Street London England EC1V 3QU,,,
OBSIDIAN REACH LTD,16394927,active,ltd,,,2025-04-17,,2025-04-17,[71129],3rd Floor, 86-90 Paul Street London United Kingdom EC2A 4NE,https://obsidianreach.tech,,Likely
ZAROKAT LTD,16394948,active,ltd,,,2025-04-17,,2025-04-17,[46190, 47540, 47710],2nd Floor College House Ruislip, United Kingdom HA4 7AE,,,
TMF AUTO’S LTD,16395135,active,ltd,,,2025-04-17,,2025-04-17,[41100, 41202, 43341, 43390],3rd Floor, 86-90 Paul Street London England EC2A 4NE,,,
MITM GROUP LIMITED,16395145,active,ltd,,,2025-04-17,,2025-04-17,[77110],596 Kingsland Road London England E8 4AH,,,
AY LUXE LIVING LTD,16395134,active,ltd,,,2025-04-17,,2025-04-17,[68310],20 Wenlock Road London England N1 7GU,,,
FEDLI PIDE HOUSE LTD,16395305,active,ltd,,,2025-04-17,,2025-04-17,[56103],500 White Hart Lane London England N17 7NA,,,
ANNICK & SON NETWORK LIMITED,16395314,active,ltd,,,2025-04-17,,2025-04-17,[96030],71-75 Shelton Street London United Kingdom WC2H 9JQ,,,
FRACTIONAL SUSTAINABILITY LTD,16395324,active,ltd,,,2025-04-17,,2025-04-17,[70229, 74901],71-75 Shelton Street London United Kingdom WC2H 9JQ,https://www.fractionalsustainability.co.uk,hello@fractionalsustainability.co.uk,Confirmed
ONLINE METAL STORE LTD,16395461,active,ltd,,,2025-04-17,,2025-04-17,[25990, 33110],128 City Road London United Kingdom EC1V 2NX,https://onlinemetalstore.co.uk,sales@onlinemetalstore.co.uk,Confirmed
TRADE SWIFT LIMITED,16373754,active,ltd,,,2025-04-08,,2025-04-08,[47190],17-19 New Broadway London England W5 5AW,,,
UAA CONSULTING LIMITED,16384400,active,ltd,,,2025-04-14,,2025-04-14,[69201],C/O Ajn Accountants London England SW16 2BF,,,
LUMINEXTECH LTD,16395808,active,ltd,,,2025-04-18,,2025-04-18,[62020],26 Highcombe London England SE7 7HR,,,
OTP HOLDING CORPORATION LTD,16358444,active,ltd,,,2025-04-01,,2025-04-01,[46760, 70229],128 City Road London United Kingdom EC1V 2NX,,,
EXA INTERNATIONAL UK LTD,16377658,active,ltd,,,2025-04-09,,2025-04-09,[47910],60 Kingsmead Avenue London England NW9 7NN,,,
SHEIKH'S DESSERTS LIMITED,16395899,active,ltd,,,2025-04-18,,2025-04-18,[56103],214 High Street London England E17 7JH,,,
MASTERS SOLUTION LTD,16368233,active,ltd,,,2025-04-07,,2025-04-07,[41201, 70229, 78109, 80200],7 Marchwood Close London England SE5 7HD,https://www.masterssolution.co.uk,Info@masterssolution.co.uk,Confirmed
SWAPSHOP LTD,16395948,active,ltd,,,2025-04-18,,2025-04-18,[47799, 47910, 62012, 63120],3rd Floor, 86-90 Paul Street London United Kingdom EC2A 4NE,,,
GFL REAL ESTATE TECHNOLOGY GROUP LTD,16396199,active,ltd,,,2025-04-18,,2025-04-18,[62090, 63110, 63120],85 Great Portland Street London England W1W 7LT,,,
THEHIREUK LTD,16396457,active,ltd,,,2025-04-19,,2025-04-19,[77291, 77390],Philly & Son London United Kingdom NW10 4AE,,,
R.MORIAN LIMITED,16396547,active,ltd,,,2025-04-19,,2025-04-19,[46450, 86900],Flat 15 Barracouta House London England SE18 2AF,,,
RALLY GROUP HOLDINGS LTD,16396583,active,ltd,,,2025-04-19,,2025-04-19,[64209],10-16 Tiller Road London England E14 8PX,,,
H.Y FASHION STUDIO LIMITED,16396751,active,ltd,,,2025-04-20,,2025-04-20,[90030],606 Rutherford Heights Rodney Road London England SE17 1AS,,,
SETTLEWISE LIVING LTD,16396845,active,ltd,,,2025-04-20,,2025-04-20,[55900],5 Brayford Square London England E1 0SG,,,
GHEORGHIU M&G LTD,16397035,active,ltd,,,2025-04-21,,2025-04-21,[81210],Flat A London England SE6 4XB,,,
ALDOORY LTD,16397148,active,ltd,,,2025-04-21,,2025-04-21,[74901],14 Orchard Close London England W10 5RA,,,
ITSF CONSULTANCY LIMITED,16397262,active,ltd,,,2025-04-21,,2025-04-21,[68310],45 Terrace Road London England E13 0PP,,,
LEACH SERVICES LTD,16397422,active,ltd,,,2025-04-21,,2025-04-21,[59112],10 Frank Bailey Walk London England E12 6JF,,,
CODE CRESCENT LTD,16397503,active,ltd,,,2025-04-22,,2025-04-22,[62012],Office 12479 182-184 High Street North London United Kingdom E6 2JA,,,
GRANIXEL LTD,16397504,active,ltd,,,2025-04-22,,2025-04-22,[47910],1 Clipstone Street London England W1W 6BA,,,
JUNGLE PETZ LIMITED,16397709,active,ltd,,,2025-04-22,,2025-04-22,[62011, 62020, 62090, 73120],16 Upper Woburn Place London England WC1H 0AF,,,
ZENITY SOLUTIONS LIMITED,16397720,active,ltd,,,2025-04-22,,2025-04-22,[47910],3 Third Avenue London England E12 6DX,,,
DM BREWING LTD,16397697,active,ltd,,,2025-04-22,,2025-04-22,[11010, 11060],519a Highland House 165-167 London England SW19 1NE,,,
T.E.Z LTD,16397816,active,ltd,,,2025-04-22,,2025-04-22,[46450, 86900],2 Fairholme Gardens London England N3 3EB,,,
INTERNATIONAL CONSULTING OPEN EDU LTD,16397809,active,ltd,,,2025-04-22,,2025-04-22,[70229, 85600],7 Merganser Gardens London United Kingdom SE28 0DH,,,
PISTON PROFESSIONALS LTD,16392493,active,ltd,,,2025-04-16,,2025-04-16,[45190, 45320],Jhumat House Office 318 Barking England IG11 8BB,https://pistonpros.co.uk,,Likely
CARLYLE DIGITAL AND TECH CONSULTING SERVICES LIMITED,16397820,active,ltd,,,2025-04-22,,2025-04-22,[74909],25 Butler Court Hyde Lane London United Kingdom SW11 3EX,,,
AQUAPRO SERVICES LTD,16397975,active,ltd,,,2025-04-22,,2025-04-22,[43220],3rd Floor, 86-90 Paul Street London United Kingdom EC2A 4NE,,,
IBARI CONSULT LTD,16398008,active,ltd,,,2025-04-22,,2025-04-22,[09100, 70229, 71121, 71122],128 City Road London United Kingdom EC1V 2NX,,,
MCM HIGHWAY LTD,16398146,active,ltd,,,2025-04-22,,2025-04-22,[56102],92 Kings Highway London England SE18 2BG,,,
TOMO CORPORATION LTD,16398141,active,ltd,,,2025-04-22,,2025-04-22,[10390, 47190, 47910, 72190],Suite 8965 5 Brayford Square London United Kingdom E1 0SG,,,
RESERVATION DESK LIMITED,16398151,active,ltd,,,2025-04-22,,2025-04-22,[79110],Office 4269 182-184 High Street North East Ham United Kingdom E6 2JA,,,
MONEE FINANCIAL TECHNOLOGIES LTD,16398284,active,ltd,,,2025-04-22,,2025-04-22,[64205, 64999, 66110, 66120],71-75 Shelton Street London United Kingdom WC2H 9JQ,,,
INDIE LIGHT HOUSE LTD,16398466,active,ltd,,,2025-04-22,,2025-04-22,[74201, 85520],86 Wallis Road London England E9 5LN,,,
SHARPFOKUS LTD,16398452,active,ltd,,,2025-04-22,,2025-04-22,[70229],27 Stories Road London United Kingdom SE5 8JJ,,,
STUMP RAT BREWING CO LTD,16398473,active,ltd,,,2025-04-22,,2025-04-22,[11050],71-75 Shelton Street London United Kingdom WC2H 9JQ,https://www.stumprat.com,,Confirmed
ZEN SCALE LTD,16398455,active,ltd,,,2025-04-22,,2025-04-22,[62012, 62020],71-75 Shelton Street London United Kingdom WC2H 9JQ,,,
BLUENILE RESTAURANT LONDON LTD,16398572,active,ltd,,,2025-04-22,,2025-04-22,[56101],182 Seven Sisthers Road London England N17 7PX,https://bluenilelondon.co.uk,,Confirmed
AUBIRDY MEDIA LTD,16381034,active,ltd,,,2025-04-11,,2025-04-11,[58290, 59112],4th Floor, Silverstream House London England W1T 6EB,,,
FIN ADVISORY LTD,16398813,active,ltd,,,2025-04-22,,2025-04-22,[70221],Marlborough House 179-189 Finchlery Road London United Kingdom NW3 6LB,,,
AMIRA SERHANI INTERNATIONAL LTD,16398860,active,ltd,,,2025-04-22,,2025-04-22,[70210],Level 5a Maple House London United Kingdom W1T 7NF,,,
BUBBLE GAMES LTD,16398843,active,ltd,,,2025-04-22,,2025-04-22,[85510, 93120, 93199],17 Blanchedowne London England SE5 8HT,,,
SCHUMANN BUILDING SERVICES LIMITED,16398940,active,ltd,,,2025-04-22,,2025-04-22,[43220],The Gallery East Dulwich United Kingdom SE22 9EE,,,
NIHARI JUNCTION LIMITED,16399164,active,ltd,,,2025-04-22,,2025-04-22,[56102],34 Spring Street London England W2 1JA,,,
VINTUS LTD,16399180,active,ltd,,,2025-04-22,,2025-04-22,[47110, 47510, 47750, 47789],71-75 Shelton Street London United Kingdom WC2H 9JQ,,,
TF BUILDERS & RENOVATORS LTD,16399201,active,ltd,,,2025-04-22,,2025-04-22,[41201, 41202, 43220, 43390],20 Wenlock Road London England N1 7GU,,,
DOMINION LUX HOLDINGS LIMITED,16399171,active,ltd,,,2025-04-22,,2025-04-22,[58110, 68100, 85590, 94910],71-75 Shelton Street London United Kingdom WC2H 9JQ,,,
CLINFLO LIMITED,16399202,active,ltd,,,2025-04-22,,2025-04-22,[62012, 62020, 62090, 72110],86-90 Paul Street London England EC2A 4NE,https://www.clinflo.com,info@clinflo.com,Confirmed
NOZHOK LIMITED,16399176,active,ltd,,,2025-04-22,,2025-04-22,[16230],Flat 3 22 Theobalds Road London United Kingdom WC1X 8PF,,,
SEYF SPACE LIMITED,16399341,active,ltd,,,2025-04-22,,2025-04-22,[86900],233 High Street London England W3 9BY,,,
OLLIENS LTD,16399331,active,ltd,,,2025-04-22,,2025-04-22,[96090],3rd Floor, 86-90 Paul Street London England EC2A 4NE,,,
GW SOLAR LIMITED,16399356,active,ltd,,,2025-04-22,,2025-04-22,[46190, 46900, 47599, 47910],5 Brayford Square London United Kingdom E1 0SG,,,
O.S.F.M. LTD,16399362,active,ltd,,,2025-04-22,,2025-04-22,[93199],3rd Floor 207 Regent Street London United Kingdom W1B 3HH,,,
CIRCUIT CITY ESTATES LTD,16399580,active,ltd,,,2025-04-22,,2025-04-22,[68320],124-128 City Road London England EC1V 2NX,,,
THE PRIVILEGE LONDON LTD,16399594,active,ltd,,,2025-04-22,,2025-04-22,[96020],7b Crawford Place London England W1H 4LD,https://www.salonalmomeiz.com,,Confirmed
YUNUS EMREE LTD,16399833,active,ltd,,,2025-04-22,,2025-04-22,[47910],Suite 8969 5 Brayford Square London United Kingdom E1 0SG,,,
DIGIZENSHIP LTD,16399787,active,ltd,,,2025-04-22,,2025-04-22,[58290, 62012],86-90 Paul Street London England EC2A 4NE,,,
MARBILUX LTD,16399798,active,ltd,,,2025-04-22,,2025-04-22,[47910],Suite 8980 5 Brayford Square London United Kingdom E1 0SG,,,
LANYING LIMITED,16399792,active,ltd,,,2025-04-22,,2025-04-22,[46460, 47910],Unit #2308 275 New North Road London United Kingdom N1 7AA,,,
ORYAN ESTATES LIMITED,16399803,active,ltd,,,2025-04-22,,2025-04-22,[68209],124 City Road London England EC1V 2NX,https://www.oryanestates.com,,Likely
CHESJUN LTD,16400086,active,ltd,,,2025-04-22,,2025-04-22,[47910],Unit 271 Ground Floor Capital House London United Kingdom E8 1LL,,,
AIRVANA LTD,16400183,active,ltd,,,2025-04-22,,2025-04-22,[71129],41 Rodmarton Street London England W1U 8BL,,,
SUN RECORDS THE CONCERT INTL LTD,16400202,active,ltd,,,2025-04-22,,2025-04-22,[90020],Sterling House Walthamstow England E17 4EE,,,
PJMF LTD,16400203,active,ltd,,,2025-04-22,,2025-04-22,[62020],20 Southborough Road London England E9 7EF,,,
GREENLIGHT ROOFING AND BUILDING LTD,16400218,active,ltd,,,2025-04-22,,2025-04-22,[43910],37 Gloucester Road London England E17 6AE,,,
TJ CONSULTING PARTNERS LTD,16400415,active,ltd,,,2025-04-22,,2025-04-22,[62020],124 City Road London England EC1V 2NX,,,
SKATECORE LTD,16400409,active,ltd,,,2025-04-22,,2025-04-22,[47910],3 Boathouse Walk London England SE15 6JT,,,
AI FINTECH LTD,16400426,active,ltd,,,2025-04-22,,2025-04-22,[62012, 62090, 63990, 70229],20 Wenlock Road London England N1 7GU,,,
NTA ELECTRICALS LTD,16400521,active,ltd,,,2025-04-22,,2025-04-22,[43210],24 Barkworth Road London England SE16 3BZ,,,
LEBNAN GRILL LTD,16400508,active,ltd,,,2025-04-22,,2025-04-22,[56102],153 Holloway Road London England N7 8LX,,,
ARHAMSOFT LTD,16400514,active,ltd,,,2025-04-22,,2025-04-22,[58290, 62012],18a Ingersoll Road London England W12 7BD,,,
BETTER HEALTH-CONSULTING LIMITED,16400483,active,ltd,,,2025-04-22,,2025-04-22,[86210, 86900],51 Torridon Road London England SE6 1RQ,,,
STUDIO LENNOX LTD,16400638,active,ltd,,,2025-04-22,,2025-04-22,[74100],57 Watcombe Road London England SE25 4XA,,,
DR AMY JEBREEL LIMITED,16400628,active,ltd,,,2025-04-22,,2025-04-22,[86220],124-128 City Road London England EC1V 2NX,https://dramyjebreel.com,,Likely
RED PEPPER & PIZZA LIMITED,16400727,active,ltd,,,2025-04-22,,2025-04-22,[56103],8 Prince Regent Lane London England E13 8QG,https://redpepper-newham.co.uk,,Confirmed
NANTRIDGE LIMITED,16400799,active,ltd,,,2025-04-22,,2025-04-22,[82990],Quadrant House London United Kingdom E1W 1YW,,,
WESTIEZ 3DZ LTD,16400683,active,ltd,,,2025-04-22,,2025-04-22,[47190],20 Wenlock Road London England N1 7GU,,,
HABITATZ LTD,16401076,active,ltd,,,2025-04-22,,2025-04-22,[47230, 47760, 81300],3rd Floor, 86-90 Paul Street London United Kingdom EC2A 4NE,,,
HAFEEZ HAMEED PROPERTY HOLDINGS LTD,16401079,active,ltd,,,2025-04-22,,2025-04-22,[68209],22 Marquess Heights Queen Mary Avenue London England E18 2FS,,,
ONYYX LIMITED,16401120,active,ltd,,,2025-04-23,,2025-04-23,[46499, 96090],54 Lanacre Avenue London England NW9 5FN,,,
HOLLY TOURS LIMITED,16404158,active,ltd,,,2025-04-23,,2025-04-23,[79110],26b Exning Road London England E16 4NA,,,
REALITY RENTAL CARS LIMITED,16404139,active,ltd,,,2025-04-23,,2025-04-23,[77110],Suite G04 1 Quality Court, Chancery Lane London England WC2A 1HR,,,
MY PHYSIO CLINIC LTD,16404138,active,ltd,,,2025-04-23,,2025-04-23,[86900],Suite Ra01, 195-197 Wood Street, London, United Kingdom E17 3NU,,,
KHANNA INNOVATIVE SOLUTIONS LTD,16395202,active,ltd,,,2025-04-17,,2025-04-17,[96090],No15, 1st Floor, Princeton Mews 167-169 London Road Kingston Upon Thames United Kingdom KT2 6PT,,,
G110 STUDIOS LTD,16404162,active,ltd,,,2025-04-23,,2025-04-23,[58210],3rd Floor, 86-90 Paul Street London United Kingdom EC2A 4NE,,,
BLOOM JEWELS LTD,16404181,active,ltd,,,2025-04-23,,2025-04-23,[32120, 46480, 47770, 47910],20 Wenlock Road London England N1 7GU,,,
PRODUCED BY LOU LTD,16404274,active,ltd,,,2025-04-23,,2025-04-23,[58290, 62012, 62020, 63990],71-75 Shelton Street London United Kingdom WC2H 9JQ,,,
MANSAHAIR LTD,16404283,active,ltd,,,2025-04-23,,2025-04-23,[96020],71-75 Shelton Street London United Kingdom WC2H 9JQ,https://www.mansahair.com,,Likely
MEHDALI LTD,16404293,active,ltd,,,2025-04-23,,2025-04-23,[47990],71-75 Shelton Street London United Kingdom WC2H 9JQ,,,
JK71GROUP LIMITED,16404292,active,ltd,,,2025-04-23,,2025-04-23,[47910],235 B The Eye Clinic Mitcham United Kingdom CR4 3NH,,,
ANGLIA CO-LIVING LTD,16404316,active,ltd,,,2025-04-23,,2025-04-23,[68209],1 London Road Ipswich England IP1 2HA,,,
LUXURY NAILS EALING LTD,16399506,active,ltd,,,2025-04-22,,2025-04-22,[96020],83 Broadway London England W13 9BP,https://luxurynailsealing.loviebooking.co.uk,,Confirmed
EASTRIDGE ESTATES LTD,16404354,active,ltd,,,2025-04-23,,2025-04-23,[68310],21 Palamos Road London England E10 7JF,,,
CHIDINMA ANYIAM SERVICES LIMITED,16404381,active,ltd,,,2025-04-23,,2025-04-23,[62012, 62020, 62090, 70229],119 Shardeloes Road London England SE14 6RU,,,
TALES AND TASTE LTD,16404192,active,ltd,,,2025-04-23,,2025-04-23,[73120],6 Windsor Avenue London England E17 5NL,,,
APS BUILDING MANAGEMENT LIMITED,16404246,active,ltd,,,2025-04-23,,2025-04-23,[98000],Bishops House London England NW11 0AH,,,
VELURE PROPERTIES LTD,16404394,active,ltd,,,2025-04-23,,2025-04-23,[68100, 68209, 68320],11 Oakfield Road London England E17 5RN,,,
OBSIDIAN WORKS LIMITED,16404436,active,ltd,,,2025-04-23,,2025-04-23,[41202, 43390, 68100],Flat 4 198 Sumner Road London England SE15 5GA,,,
TALVRY LTD,16404477,active,ltd,,,2025-04-23,,2025-04-23,[70229, 90030],Apartment 15 5 Peter Street London England W1F 0DN,,,
DHEDTEC LIMITED,16404479,active,ltd,,,2025-04-23,,2025-04-23,[62012],10 Bermondsey Square London England SE1 3UN,,,
ROCKSTONE FITNESS LTD,16404517,active,ltd,,,2025-04-23,,2025-04-23,[47710],Unit 8 Submarine Cable Depot London England SE18 5NX,,,
TAR-FIX LTD,16404529,active,ltd,,,2025-04-23,,2025-04-23,[43999],3rd Floor, 86-90 Paul Street London England EC2A 4NE,,,
CHERAE LTD,16404534,active,ltd,,,2025-04-23,,2025-04-23,[46420, 47710],10-16 Tiller Road London England E14 8PX,,,
AARUSHI EVENTS LTD,16404551,active,ltd,,,2025-04-23,,2025-04-23,[47910, 47990, 56210],70 Honeypot Lane London England NW9 9QR,,,
MERCURIOUS VENTURES LTD,16404581,active,ltd,,,2025-04-23,,2025-04-23,[68320],Flat 16 Brunswick House London England E1 7PR,,,
XAVIER RACING LTD,16404573,active,ltd,,,2025-04-23,,2025-04-23,[93110],75 Audley Road London England NW4 3EU,,,
NEW GREENS ADVISORY LTD,16404616,active,ltd,,,2025-04-23,,2025-04-23,[70229],40 Bushey Avenue London United Kingdom E18 2DS,,,
TIDY PRO LTD,16404661,active,ltd,,,2025-04-24,,2025-04-24,[81299],Flat 50 Windsor Court London England NW11 9PR,,,
PARBIT LTD,16404692,active,ltd,,,2025-04-24,,2025-04-24,[93290],71-75 Shelton Street London United Kingdom WC2H 9JQ,,,
RESONATE CONSULTING LTD,16404673,active,ltd,,,2025-04-24,,2025-04-24,[74909],2nd Floor College House Ruislip, United Kingdom HA4 7AE,,,
BARMAN COFFEE COMPANY LIMITED,16404683,active,ltd,,,2025-04-24,,2025-04-24,[56102],Pexor House Office 4-5-6 Staffa Road London United Kingdom E10 7QZ,,,
SLASHCART PRIVATE LIMITED,16404697,active,ltd,,,2025-04-24,,2025-04-24,[47910],30 Riverhead Close London England E17 5PY,,,
HD MANAGEMENT SERVICES LIMITED,16404739,active,ltd,,,2025-04-24,,2025-04-24,[68209, 68320],415a Roman Road London United Kingdom E3 5QS,,,
DIAMOND ASSOCIATES REAL ESTATE LTD,16404747,active,ltd,,,2025-04-24,,2025-04-24,[68320],71-75 Shelton Street London United Kingdom WC2H 9JQ,,,
MC & CO CONSULTANCY LTD,16404752,active,ltd,,,2025-04-24,,2025-04-24,[70229],Apartment 203 Counter House 5 Gauging Square London England E1W 2AE,,,
IRN GROUP LIMITED,16404755,active,ltd,,,2025-04-24,,2025-04-24,[64209, 68209, 82990],5 Brayford Square London England E1 0SG,,,
CHEERFUL JOY LIMITED,16404759,active,ltd,,,2025-04-24,,2025-04-24,[46900, 47910, 47990],Suite 22 Unit 39 St Olavs Court Business Centre London, England SE16 2XB,,,
BAWAN BEANS LIMITED,16404770,active,ltd,,,2025-04-24,,2025-04-24,[56102],33 Seven Sisters Road London England N7 6AX,,,
KENDAL HOLIDAY HOMES LTD,16404771,active,ltd,,,2025-04-24,,2025-04-24,[55209, 68320],86-90 Paul Street London England EC2A 4NE,,,
LAAH PRODUCTIONS LTD,16404785,active,ltd,,,2025-04-24,,2025-04-24,[90030],92 Wellesley Road Chiswick England W4 3AL,,,
FORTAVA HEALTHCARE BIDCO LIMITED,16392751,active,ltd,,,2025-04-16,,2025-04-16,[64209],10 Lower Thames Street London England EC3R 6AF,https://fortavahealthcare.co.uk,,Likely
DEE&KAY CATERING LTD,16404797,active,ltd,,,2025-04-24,,2025-04-24,[56210],29 Elmer Road London England SE6 2HA,,,
NEXUS MEDPHARM & IT SOLUTIONS LTD,16404817,active,ltd,,,2025-04-24,,2025-04-24,[46460, 47190, 62090, 66220],36 Garlies Road London United Kingdom SE23 2RT,,,
ESM STATION LTD,16404829,active,ltd,,,2025-04-24,,2025-04-24,[68100, 68209],71-75 Shelton Street London United Kingdom WC2H 9JQ,,,
AURORA GF LTD,16404837,active,ltd,,,2025-04-24,,2025-04-24,[70221],71-75 Shelton Street London United Kingdom WC2H 9JQ,,,
ROYALTIES ZONE OUEST LTD,16404847,active,ltd,,,2025-04-24,,2025-04-24,[90030, 90040],128 City Road London United Kingdom EC1V 2NX,,,
GLOPAYTIC LTD,16404850,active,ltd,,,2025-04-24,,2025-04-24,[62090, 64999, 70229, 82990],71-75 Shelton Street London United Kingdom WC2H 9JQ,,,
QM CERTIFICATION & ASSESSMENT LIMITED,16404866,active,ltd,,,2025-04-24,,2025-04-24,[99000],37 Constance Street London England E16 2DQ,,,
CMM CONSULTING SERVICES LIMITED,16404904,active,ltd,,,2025-04-24,,2025-04-24,[70229],124 City Road London United Kingdom EC1V 2NX,,,
SIX WOLVES LTD,16404909,active,ltd,,,2025-04-24,,2025-04-24,[96090],71-75 Shelton Street London United Kingdom WC2H 9JQ,https://www.sixwolves.com,,Likely
RICH PROPERTY INVEN LTD,16404895,active,ltd,,,2025-04-24,,2025-04-24,[98000],Flat 11 Edgecombe House London England SE5 8HY,,,
MANOR ROAD FREEHOLD WALTHAMSTOW LIMITED,16404936,active,ltd,,,2025-04-24,,2025-04-24,[98000],27 Manor Road London England E17 5RY,,,
WISE WORLD HOLDING LTD,16404918,active,ltd,,,2025-04-24,,2025-04-24,[64205],71-75 Shelton Street London United Kingdom WC2H 9JQ,,,
TELIPORTER PEOPLE LTD,16404948,active,ltd,,,2025-04-24,,2025-04-24,[78109],19 Bardolph Road London England N7 0NJ,,,
CONCEPT 27 LIMITED,16404977,active,ltd,,,2025-04-24,,2025-04-24,[68209],71-75 Shelton Street London United Kingdom WC2H 9JQ,,,
RIVERVIEW ENVIRONMENTAL SERVICES LIMITED,16404966,active,ltd,,,2025-04-24,,2025-04-24,[38110],Suite G04 1 Quality Court, Chancery Lane London England WC2A 1HR,,,
DIGITAL NEXUS IT LTD,16405011,active,ltd,,,2025-04-24,,2025-04-24,[47910, 62011, 62012, 62020],128 City Road London United Kingdom EC1V 2NX,,,
BRISBANE ESTATES LTD,16405042,active,ltd,,,2025-04-24,,2025-04-24,[68209, 68320],62 Fairholt Road London England N16 5HN,,,
POLABOOTH LTD,16405053,active,ltd,,,2025-04-24,,2025-04-24,[74202],359 Rochester Way London England SE9 6PG,https://polabooth.co.uk,hire@polabooth.co.uk,Confirmed
AVELCO-AEROSPACE LTD,16405045,active,ltd,,,2025-04-24,,2025-04-24,[71129],Unit 3, 1st Floor, 6/7 St Mary At Hill London England EC3R 8EE,,,
DEEPSOLUTIONS LIMITED,16405061,active,ltd,,,2025-04-24,,2025-04-24,[82990],80 Paul Street London England EC2A 4NE,,,
FOR THE GLAM LTD,16405080,active,ltd,,,2025-04-24,,2025-04-24,[96020],195-197, Suite Ra01 Wood Street London United Kingdom E17 3NU,,,
DP44 TOURING LIMITED,16405075,active,ltd,,,2025-04-24,,2025-04-24,[90030],50 Liverpool Street London England EC2M 7PY,,,
CAFE ITALY LTD,16405141,active,ltd,,,2025-04-24,,2025-04-24,[56102],749 Barking Road London United Kingdom E13 9ER,,,
HAULAGE PRO LTD,16405143,active,ltd,,,2025-04-24,,2025-04-24,[38110, 38120, 49410, 49420],71-75 Shelton Street London United Kingdom WC2H 9JQ,,,
LONDON AI SUSTAINABLE DEVELOPMENT NETWORK LTD,16405134,active,ltd,,,2025-04-24,,2025-04-24,[62090],Level 5a Maple House London United Kingdom W1T 7NF,,,
BAPTT SUBCONTRACTING LTD,16405129,active,ltd,,,2025-04-24,,2025-04-24,[16230, 25990, 43320],2nd Floor College House Ruislip, United Kingdom HA4 7AE,,,
AEQUITAS PD PARTNERS LTD,16405213,active,ltd,,,2025-04-24,,2025-04-24,[41100],8 Alderson Court Croydon England CR0 2ND,,,
HIFLEET LTD,16405153,active,ltd,,,2025-04-24,,2025-04-24,[62012],124 City Road London England EC1V 2NX,,,
THE DRUNKEN PANDA DESIGNS CO. LTD,16405162,active,ltd,,,2025-04-24,,2025-04-24,[46160],3rd Floor, 86-90 Paul Street London England EC2A 4NE,https://drunkenpandadesigns.com,,Likely
AI2 GROUP EUROPE LIMITED,16405155,active,ltd,,,2025-04-24,,2025-04-24,[62020],Terminal House London England SW1W 0AU,,,
SKIMYS LTD,16405206,active,ltd,,,2025-04-24,,2025-04-24,[46150, 46160, 46180, 46190],71-75 Shelton Street London United Kingdom WC2H 9JQ,https://skimys.com,info@skimys.com,Confirmed
STIR ARCHITECTS LTD,16405229,active,ltd,,,2025-04-24,,2025-04-24,[71111],The Studio London England N13 4SJ,https://www.stir.london,,Confirmed
CURZON ADVISORY LIMITED,16405241,active,ltd,,,2025-04-24,,2025-04-24,[70229],71-75 Shelton Street London United Kingdom WC2H 9JQ,,,
SEMPER VITAE LTD,16405239,active,ltd,,,2025-04-24,,2025-04-24,[87100, 87200, 87300, 87900],128 City Road London United Kingdom EC1V 2NX,,,
MIREOS RESEARCH LIMITED,16405273,active,ltd,,,2025-04-24,,2025-04-24,[66190],71-75 Shelton Street London United Kingdom WC2H 9JQ,,,
NJX TECHNOLOGIES LTD,16405274,active,ltd,,,2025-04-24,,2025-04-24,[58110, 58290, 62012, 62020],71-75 Shelton Street London United Kingdom WC2H 9JQ,,,
TOMMYS CONSTRUCTION LTD,16405224,active,ltd,,,2025-04-24,,2025-04-24,[41202],128 City Road London United Kingdom EC1V 2NX,,,
THE YELLOWINTENTIONS GROUP LIMITED,16405283,active,ltd,,,2025-04-24,,2025-04-24,[47990],71-75 Shelton Street London United Kingdom WC2H 9JQ,,,
IMMERSIONUK LIMITED,16405280,active,ltd,,,2025-04-24,,2025-04-24,[82990],163a Wells House Road London England NW10 6EA,,,
TAURUS CONSULTING EUROPEAN LTD,16405287,active,ltd,,,2025-04-24,,2025-04-24,[47910],71-75 Shelton Street London United Kingdom WC2H 9JQ,,,
SHOJIN OAST FARM KENT LIMITED,16405361,active,ltd,,,2025-04-24,,2025-04-24,[68100],C/O Leaman Mattei Suite 1 London England W1W 6AN,https://www.shojin.co.uk,,Likely
C&S PAPER LTD,16405340,active,ltd,,,2025-04-24,,2025-04-24,[46900],1 Springvale Terrace London England W14 0AE,,,
CREATE GREATNESS LTD,16405383,active,ltd,,,2025-04-24,,2025-04-24,[93290],2, 89 Chamberlayne Road London United Kingdom NW10 3ND,,,
CLAREMONT KITCHENS & INTERIORS LIMITED,16405365,active,ltd,,,2025-04-24,,2025-04-24,[94990, 96090],128 City Road London United Kingdom EC1V 2NX,,,
TEMPO TECHNOLOGY LIMITED,16405372,active,ltd,,,2025-04-24,,2025-04-24,[78109],124-128 City Road London England EC1V 2NX,,,
SILENCED TRAINING, CONSULTANCY & RESEARCH LTD,16405411,active,ltd,,,2025-04-24,,2025-04-24,[85600],7 Bell Yard London England WC2A 2JR,https://www.silenced.org.uk,,Confirmed
JOHANNESSON STUDIO LTD,16405395,active,ltd,,,2025-04-24,,2025-04-24,[74100],Office 7 35-37 Ludgate Hill London United Kingdom EC4M 7JN,,,
DKB MEDIA LTD,16405399,active,ltd,,,2025-04-24,,2025-04-24,[82302],Flat 505 Indiana Building Deals Gateway London England SE13 7QD,,,
BADRY TRADING AND CONTRACTING LTD,16405435,active,ltd,,,2025-04-24,,2025-04-24,[46450, 74990],483 Green Lanes London United Kingdom N13 4BS,,,
FAST & SOULFUL LTD,16405427,active,ltd,,,2025-04-24,,2025-04-24,[59200],1st Floor 104 Oxford Street London United Kingdom W1D 1LP,,,
CLIENTFLOW ACQUISITION LTD,16405476,active,ltd,,,2025-04-24,,2025-04-24,[70229],128 City Road London United Kingdom EC1V 2NX,https://clientflowacquisition.com,,Confirmed
GRINDHE LIMITED,16405439,active,ltd,,,2025-04-24,,2025-04-24,[62012, 62020, 62090],128 City Road London United Kingdom EC1V 2NX,,,
THE REST IS SHOP LIMITED,16405491,active,ltd,,,2025-04-24,,2025-04-24,[47610, 47782],Flat 1 110 Vineyard Hill Road London United Kingdom SW19 7JJ,,,
THE HOSSAIN'S PROPERTIES LTD,16405496,active,ltd,,,2025-04-24,,2025-04-24,[68100, 68201, 68209, 68320],32 Latymer Way London United Kingdom N9 9UA,,,
SILVERLINE MEDIA SERVICES LTD,16405487,active,ltd,,,2025-04-24,,2025-04-24,[63990],71-75 Shelton Street London United Kingdom WC2H 9JQ,,,
