company_name,company_number,company_status,company_type,company_subtype,dissolution_date,incorporation_date,removed_date,registered_date,nature_of_business,registered_office_address,website,email,match_confidence
MEDIA HIVE GROUP LIMITED,17251785,active,ltd,,,2026-06-01,,2026-06-01,[70210],128 City Road London United Kingdom EC1V 2NX,,,
EMDASA LIMITED,17251782,active,ltd,,,2026-06-01,,2026-06-01,"[46370, 47910, 62090, 68209]",The Link London England SW2 1BZ,emdasa.site,contact@emdasa.site,Confirmed
242242 LIMITED,17251767,active,ltd,,,2026-06-01,,2026-06-01,[70229],320 Garratt Lane London England SW18 4EJ,,,
TANGENT EVENTS MANAGEMENT LTD,17251764,active,ltd,,,2026-06-01,,2026-06-01,[82301],71-75 Shelton Street London United Kingdom WC2H 9JQ,wearetangent.co.uk,info@wearetangent.co.uk,Confirmed
MC LEISURE PROPERTIES ONE LTD,17251789,active,ltd,,,2026-06-01,,2026-06-01,[68209],1 Kings Avenue Winchmore Hill United Kingdom N21 3NA,,,
TAYLORSTAYSUK LTD,17251815,active,ltd,,,2026-06-01,,2026-06-01,[68209],20 Wenlock Road London England N1 7GU,,,
PEACE HOUSE PROPERTIES LTD,17251804,active,ltd,,,2026-06-01,,2026-06-01,"[68100, 68209]",51b Turnpike Lane London United Kingdom N8 0EP,,,
JWD MULTI MEDIA LTD,17251799,active,ltd,,,2026-06-01,,2026-06-01,[59200],20 Wenlock Road London England N1 7GU,,,
QS WORKS LTD,17251822,active,ltd,,,2026-06-01,,2026-06-01,[74902],71-75 Shelton Street London United Kingdom WC2H 9JQ,,,
RW SECURITIES LIMITED,17251820,active,ltd,,,2026-06-01,,2026-06-01,[64209],15 Cavendish Square London United Kingdom W1G 0AN,,,
GREENTIDE COMMODITIES LTD,17251835,active,ltd,,,2026-06-01,,2026-06-01,[46370],71-75 Shelton Street London United Kingdom WC2H 9JQ,,,
ROOT TO AZADI LTD,17251830,active,ltd,,,2026-06-01,,2026-06-01,[47910],Flat 6 Halesia House London United Kingdom NW9 4DW,,,
M2CLICK LTD,17251869,active,ltd,,,2026-06-01,,2026-06-01,"[59112, 62012, 73110, 74100]",71-75 Shelton Street London United Kingdom WC2H 9JQ,mobilecasinohrvatska.com,support@mobilecasinohrvatska.com,Confirmed
FELLOWSHIP COFFEE LTD,17251846,active,ltd,,,2026-06-01,,2026-06-01,"[56102, 56103]",128 City Road London United Kingdom EC1V 2NX,,,
CHESTERONT PROPERTY LIMITED,17251852,active,ltd,,,2026-06-01,,2026-06-01,[68209],C/O Getground London England W6 0NB,,,
GG-968-568 LIMITED,17251855,active,ltd,,,2026-06-01,,2026-06-01,[68209],C/O Getground London England W6 0NB,,,
NT TECHNOLOGY SERVICES LTD,17251891,active,ltd,,,2026-06-01,,2026-06-01,[62020],71-75 Shelton Street London United Kingdom WC2H 9JQ,,,
IMPERIAL FLOW LTD,17251887,active,ltd,,,2026-06-01,,2026-06-01,[43220],20 Courtland Avenue London England SW16 3BE,,,
DOUBLE STAR (UK) LIMITED,17251888,active,ltd,,,2026-06-01,,2026-06-01,"[46900, 47640, 47910]",71-75 Shelton Street London United Kingdom WC2H 9JQ,,,
PADELTAC LTD,17251884,active,ltd,,,2026-06-01,,2026-06-01,[47910],Suite Ra01 195 - 197 Wood Street London United Kingdom E17 3NU,,,
DEE SPACE HOLDINGS LTD,17251881,active,ltd,,,2026-06-01,,2026-06-01,"[68100, 68209]",71-75 Shelton Street London United Kingdom WC2H 9JQ,,,
CARATESS EVENTS LTD,17251903,active,ltd,,,2026-06-01,,2026-06-01,[96090],167-169 Great Portland Street London England W1W 5PF,,,
CROWN SUPPORT SERVICES GROUP LIMITED,17251877,active,ltd,,,2026-06-01,,2026-06-01,"[84220, 84240, 86101]",71-75 Shelton Street London United Kingdom WC2H 9JQ,,,
ENTOBUY LIMITED,17251936,active,ltd,,,2026-06-01,,2026-06-01,"[46900, 47910, 62012, 63110]",Office 19278 182-184 High Street North London United Kingdom E6 2JA,,,
WORKLYFE GROUP LTD,17251916,active,ltd,,,2026-06-01,,2026-06-01,[73110],5 Brookwood Road London England SW18 5BL,,,
MAIA VISION LTD,17251920,active,ltd,,,2026-06-01,,2026-06-01,"[62012, 62020, 72190]","167-169, 5th Floor Great Portland Street London United Kingdom W1W 5PF",maiavision.co.uk,azwan.ismail@maiavision.co.uk,Confirmed
CYMATIC ORBITALS LTD,17251952,active,ltd,,,2026-06-01,,2026-06-01,"[71121, 71122, 71200, 72190]",71-75 Shelton Street London United Kingdom WC2H 9JQ,cymaticorbitals.com,CymaticOrbitals@proton.me,Confirmed
CENOTIAN (UK) LIMITED,17251945,active,ltd,,,2026-06-01,,2026-06-01,[64209],6th Floor 125 Wood Street London England EC2V 7AN,,,
BUILDERS.AI LTD,17251944,active,ltd,,,2026-06-01,,2026-06-01,[62012],Office 18851 182-184 High Street North London United Kingdom E6 2JA,,,
AIP UK LEASECO II LIMITED,17251994,active,ltd,,,2026-06-01,,2026-06-01,[64205],1st Floor 40 Queen Street London United Kingdom EC4R 1DD,,,
RAMOO'S LTD,17251996,active,ltd,,,2026-06-01,,2026-06-01,[47910],Office 1321 60 Tottenham Court Road London United Kingdom W1T 2EW,,,
A-TEAM MARINE LTD,17251985,active,ltd,,,2026-06-01,,2026-06-01,[74909],66 Paul Street London England EC2A 4NA,atmarine.co.uk,,Likely
SAINT CATHERINE ACADEMY LTD,17251963,active,ltd,,,2026-06-01,,2026-06-01,[85590],128 City Road London United Kingdom EC1V 2NX,saintcatherineacademy.co.uk,admission@saintcatherineacademy.co.uk,Confirmed
OPTIMUMHEALTHUK LTD,17251977,active,ltd,,,2026-06-01,,2026-06-01,[86900],Suite 607 - Britannia Hous 1-11 Glenthorne Road London England W6 0LH,optimumhealthuk.com,,Likely
PRIME ROSE PROPERTY LTD,17252015,active,ltd,,,2026-06-01,,2026-06-01,"[68310, 70229]","4th Floor, Silverstream House Fitzrovia, London United Kingdom W1T 6EB",,,
MAKE BELIEVE KINGDOM LTD,17252005,active,ltd,,,2026-06-01,,2026-06-01,[93290],71-75 Shelton Street London United Kingdom WC2H 9JQ,,,
SIMPLECOACH LTD,17252007,active,ltd,,,2026-06-01,,2026-06-01,"[49320, 49390]",128 City Road London United Kingdom EC1V 2NX,,,
ALGRETA UK LTD,17252059,active,ltd,,,2026-06-01,,2026-06-01,[56103],50a Great Suffolk Street London England SE1 0BL,,,
FLOWCOM LTD,17252066,active,ltd,,,2026-06-01,,2026-06-01,[47910],71-75 Shelton Street London United Kingdom WC2H 9JQ,,,
CERNARA LTD,17252115,active,ltd,,,2026-06-01,,2026-06-01,[47910],6 East Acton Lane London United Kingdom W3 7EG,,,
AIP UK LEASECO III LIMITED,17252091,active,ltd,,,2026-06-01,,2026-06-01,[64205],1st Floor 40 Queen Street London United Kingdom EC4R 1DD,,,
JK BUSINESS TRANSFORMATION SERVICES LTD,17252089,active,ltd,,,2026-06-01,,2026-06-01,[70229],71-75 Shelton Street London United Kingdom WC2H 9JQ,,,
WHITE PEARL LONDON LTD,17252097,active,ltd,,,2026-06-01,,2026-06-01,[47710],17 Carlton Terrace Green Street London United Kingdom E7 8LH,,,
WELCOME STEP GROUP LIMITED,17252139,active,ltd,,,2026-06-01,,2026-06-01,"[47190, 47599, 47910, 96090]",128 City Road London United Kingdom EC1V 2NX,,,
PRAMO SUSHI LTD,17252136,active,ltd,,,2026-06-01,,2026-06-01,[56103],103 Island Business Centre Woolwich United Kingdom SE18 6PF,,,
BURNT OAK PRODUCTIONS LTD,17252158,active,ltd,,,2026-06-01,,2026-06-01,[73110],Level 5a Maple House London United Kingdom W1T 7NF,,,
TRANSJECTUAL LTD,17252143,active,ltd,,,2026-06-01,,2026-06-01,[86220],59 Westbourne Grove London England W2 4UA,transjectual.com,info@transjectual.com,Confirmed
CHEFFINGTONS EXPRESS BRIXTON LTD,17252147,active,ltd,,,2026-06-01,,2026-06-01,"[56101, 56103, 56290]",66 Paul Street London United Kingdom EC2A 4NA,cheffingtons.co.uk,,Likely
OOOZE COFFEE LTD,17252159,active,ltd,,,2026-06-01,,2026-06-01,[56103],66 Paul Street London England EC2A 4NA,,,
ENABLERP LTD,17252178,active,ltd,,,2026-06-01,,2026-06-01,"[58290, 62012, 62020]",Suite10 Capital House London United Kingdom E8 1LL,,,
LEE RUDDLE PROPERTY LTD,17252213,active,ltd,,,2026-06-01,,2026-06-01,[68209],3 Boston Vale London United Kingdom W7 2AP,,,
ARCPOINT CONSULTING LTD,17252241,active,ltd,,,2026-06-01,,2026-06-01,[70229],71-75 Shelton Street London United Kingdom WC2H 9JQ,,,
INSOMNIA LONDON LTD,17252229,active,ltd,,,2026-06-01,,2026-06-01,[99999],17 Broads Foundry Trumpers Way London England W7 2QP,,,
YUNSHENG LTD,17252232,active,ltd,,,2026-06-01,,2026-06-01,[41202],20 Cranbourne Road London United Kingdom E15 2DB,,,
SBH COLLECTIVE LTD.,17252217,active,ltd,,,2026-06-01,,2026-06-01,[68209],C/O Getground London England W6 0NB,,,
ALERTSTREAM LTD,17252266,active,ltd,,,2026-06-01,,2026-06-01,"[62012, 62020]",128 City Road London United Kingdom EC1V 2NX,,,
RD RENEWABLES LTD,17252278,active,ltd,,,2026-06-01,,2026-06-01,[43210],20 Wenlock Road London England N1 7GU,,,
LUMEN BUSINESS SOLUTIONS LTD,17252280,active,ltd,,,2026-06-01,,2026-06-01,"[69201, 69202, 70221, 85590]","6, Westmount Court London United Kingdom W5 3AE",,,
RED KONDOR LIMITED,17252270,active,ltd,,,2026-06-01,,2026-06-01,[62020],Crown House London United Kingdom WC1N 3AX,,,
LA REMONTADA LTD,17252303,active,ltd,,,2026-06-01,,2026-06-01,[47750],71-75 Shelton Street London United Kingdom WC2H 9JQ,,,
RYAN GLOBAL SERVICES LTD,17252310,active,ltd,,,2026-06-01,,2026-06-01,[62012],"2nd Floor College House Ruislip, United Kingdom HA4 7AE",gouppy.com,,Confirmed
ALPAKA CORE TECHNOLOGIES LTD,17252312,active,ltd,,,2026-06-01,,2026-06-01,"[62012, 62020, 63110, 72190]",27 Old Gloucester Street London United Kingdom WC1N 3AX,alpakacore.com,,Confirmed
MKW GALLERY LIMITED,17252321,active,ltd,,,2026-06-01,,2026-06-01,[96090],C/O Hilton Consulting Limited Canalot Studios London United Kingdom W10 5BN,mckaywilliamson.com,Art.Advisory@mckaywilliamson.com,Likely
PATTERN & PACE LTD,17252327,active,ltd,,,2026-06-01,,2026-06-01,"[62020, 70229, 73110]",71-75 Shelton Street London United Kingdom WC2H 9JQ,patternandpace.co.uk,,Likely
SYNTHOSY MARKETPLACE LTD,17252333,active,ltd,,,2026-06-01,,2026-06-01,"[47910, 62090]",167-169 Great Portland Street London England W1W 5PF,synthosy.com,hello@synthosy.com,Confirmed
NOVYTRON LTD,17252352,active,ltd,,,2026-06-01,,2026-06-01,"[62012, 62090, 63120, 74901]",Office 1361 60 Tottenham Court Road London United Kingdom W1T 2EW,,,
IZRITO LTD,17252358,active,ltd,,,2026-06-01,,2026-06-01,"[47410, 62012]",20 Wenlock Road London England N1 7GU,izrito.co.uk,,Confirmed
NEXORA CREATIVE STUDIO LTD,17252332,active,ltd,,,2026-06-01,,2026-06-01,"[62012, 62020, 62090, 74100]",296 London Road Croydon United Kingdom CR0 2TG,nexorastudio.uk,contact@nexorastudio.uk,Confirmed
LEVEL UP TECHNOLOGY LTD,17252350,active,ltd,,,2026-06-01,,2026-06-01,[85590],66 Paul Street London United Kingdom EC2A 4NA,,,
G WOKING LIMITED,17252394,active,ltd,,,2026-06-01,,2026-06-01,[68100],Unit 4 The Technology Park London United Kingdom NW9 6BX,,,
MES PROPERTY LIMITED,17252402,active,ltd,,,2026-06-01,,2026-06-01,"[68100, 68201, 68209, 68320]",Unit 3b Berol House London United Kingdom N17 9LJ,,,
HUNTLEY & HEATH DEVELOPMENTS LTD,17252439,active,ltd,,,2026-06-01,,2026-06-01,"[43390, 43910]",71-75 Shelton Street London United Kingdom WC2H 9JQ,,,
THE STONE KINGDOM COVENANT LIMITED,17252419,active,ltd,,,2026-06-01,,2026-06-01,"[94910, 94990]",71-75 Shelton Street London United Kingdom WC2H 9JQ,,,
LIVING FASHION LTD,17252461,active,ltd,,,2026-06-01,,2026-06-01,"[68100, 68310, 68320]",5 Crescent Row London England EC1Y 0SP,,,
ELIAB COMMERCE LTD,17252445,active,ltd,,,2026-06-01,,2026-06-01,[47910],9 Somerset Close London United Kingdom N17 6DL,,,
ONLIMA LTD,17252495,active,ltd,,,2026-06-01,,2026-06-01,[96090],71-75 Shelton Street London United Kingdom WC2H 9JQ,,,
10REV LTD,17252496,active,ltd,,,2026-06-01,,2026-06-01,"[62020, 62090, 70229]",71-75 Shelton Street London United Kingdom WC2H 9JQ,,,
A3 ELECTRICAL CONTRACTORS LTD,17252486,active,ltd,,,2026-06-01,,2026-06-01,[43210],207 Shroffold Road Bromley United Kingdom BR1 5JG,,,
PEBLOR LIMITED,17252479,active,ltd,,,2026-06-01,,2026-06-01,"[62012, 62020, 62090, 63110]",15 London End Beaconsfield United Kingdom HP9 2HN,peblor.com,contact@peblor.com,Confirmed
NATIONAL SCHOOL SERVICES LIMITED,17252470,active,ltd,,,2026-06-01,,2026-06-01,[85600],Flat 87 Vanguard Building London England E14 8LZ,,,
OML GROUP LTD,17252511,active,ltd,,,2026-06-01,,2026-06-01,"[49410, 52290]",Suite 5 Clarendon House London United Kingdom E18 1AN,,,
ECO DRY CLEANERS LONDON LIMITED,17252527,active,ltd,,,2026-06-01,,2026-06-01,"[81299, 96010]",64 Grove Road Sutton London United Kingdom SM1 1BT,,,
THE FIFTH ROOM ORGANISATION LIMITED,17252534,active,ltd,,,2026-06-01,,2026-06-01,[96090],Flat 93 Exeter House London England SW15 3TQ,,,
A J B HULME LTD,17252532,active,ltd,,,2026-06-01,,2026-06-01,[68209],"10 Ravenswood Court, 10 Ravenswood Court Stanley Road London United Kingdom W3 8GQ",,,
REYHA LIMITED,17252526,active,ltd,,,2026-06-01,,2026-06-01,"[62012, 62090, 86900]",76 Hecham Close London England E17 5QT,reyha.app,tatum@reyha.app,Confirmed
PROVENDER HOLDINGS LIMITED,17252525,active,ltd,,,2026-06-01,,2026-06-01,[56101],17 High Street Wanstead London England E11 2AA,,,
VECTORPOINT SYSTEMS LTD,17252537,active,ltd,,,2026-06-01,,2026-06-01,"[47421, 47540]",20 Wenlock Road London England N1 7GU,vectorpointsystems.net,hello@vectorpointsys.co.uk,Confirmed
PADEL PLAYGROUND LTD,17252507,active,ltd,,,2026-06-01,,2026-06-01,[93110],128 City Road London United Kingdom EC1V 2NX,,,
TANIMA RETAIL LTD,17252550,active,ltd,,,2026-06-01,,2026-06-01,[47910],"2nd Floor College House Ruislip, United Kingdom HA4 7AE",,,
LIFELINE BY S&S LTD,17252547,active,ltd,,,2026-06-01,,2026-06-01,[86220],35 Melrose Avenue London United Kingdom SW16 4RU,,,
PUREVENTA LTD,17252544,active,ltd,,,2026-06-01,,2026-06-01,[47910],71-75 Shelton Street London United Kingdom WC2H 9JQ,,,
ORELISA LTD,17252542,active,ltd,,,2026-06-01,,2026-06-01,"[47770, 47910]",71-75 Shelton Street London United Kingdom WC2H 9JQ,,,
MARNER MANAGEMENT LTD,17252564,active,ltd,,,2026-06-01,,2026-06-01,"[68100, 68209]",Flat 147 Marner Point 1 Jefferson Plaza London England E3 3QE,,,
PROVANT ACHIEVE CONSULTANCY LIMITED,17252558,active,ltd,,,2026-06-01,,2026-06-01,[70229],182-184 Office 19046 East Ham United Kingdom E6 2JA,,,
VERMA ASSETS LIMITED,17252569,active,ltd,,,2026-06-01,,2026-06-01,[68209],272 London Road Wallington United Kingdom SM6 7DJ,,,
MOMO LABS LTD,17252557,active,ltd,,,2026-06-01,,2026-06-01,"[62012, 70229, 71121]",71-75 Shelton Street London United Kingdom WC2H 9JQ,momolabs.co.uk,info@momolabs.co.uk,Confirmed
BROOKWOOD DINE LTD,17252577,active,ltd,,,2026-06-01,,2026-06-01,[56102],Unit 6 80a Ashfield Street London England E1 2BJ,,,
LAMAREEN LTD,17252587,active,ltd,,,2026-06-01,,2026-06-01,[62012],Office 19247 182-184 High Street North London United Kingdom E6 2JA,,,
AYDA STAYS LTD,17252621,active,ltd,,,2026-06-01,,2026-06-01,[98000],Unit 4 Green Lane Business Park 238-240 Green Lane London England SE9 3TL,,,
CANARY MOBILITY LTD,17252608,active,ltd,,,2026-06-01,,2026-06-01,"[30920, 32990, 71122]",14 Blurton Road London England E5 0NL,,,
PROSPERAXIS GROUP LTD,17252611,active,ltd,,,2026-06-01,,2026-06-01,"[70229, 74909]",30 Brookfield Avenue London England NW7 2DD,prosperaxisgroup.com,contact@prosperaxisgroup.com,Confirmed
DELTA LOGIC LABS LTD,17252627,active,ltd,,,2026-06-01,,2026-06-01,"[62012, 62020, 63110, 70229]",124 City Road London United Kingdom EC1V 2NX,,,
SPICED AND STEAMED LTD,17252665,active,ltd,,,2026-06-01,,2026-06-01,[56290],Flat 104 Maurer Court Renaissance Walk London England SE10 0SR,,,
BRITANNIA FOOD BROKERS FBO LTD,17252709,active,ltd,,,2026-06-01,,2026-06-01,[46170],124 City Road London England EC1V 2NX,,,
KDDROPS LTD,17252708,active,ltd,,,2026-06-01,,2026-06-01,[47910],4 Wilmot Road London England E10 5LU,,,
YOYO ESTATES LIMITED,17252702,active,ltd,,,2026-06-01,,2026-06-01,[68100],97 Woodstock Avenue London United Kingdom NW11 9RH,,,
RCB TECHNICAL SERVICES LTD,17252695,active,ltd,,,2026-06-01,,2026-06-01,[71121],71-75 Shelton Street London United Kingdom WC2H 9JQ,,,
NORTON PIZZERIA LTD,17252715,active,ltd,,,2026-06-01,,2026-06-01,[56103],66 Paul Street London United Kingdom EC2A 4NA,,,
NOVUM ADVISORY LTD,17252735,active,ltd,,,2026-06-01,,2026-06-01,"[70221, 70229]","14, 10 Corsica Street London United Kingdom N5 1FT",,,
WHALPEX GLOBAL BUSINESS SERVICES UK LTD,17252731,active,ltd,,,2026-06-01,,2026-06-01,"[62020, 69201, 70229, 82990]","3rd Floor 45 Albemarle Steet, London, United Kingdom W1S 4JL",whalpexgbs.com,enquiries@whalpexgbs.com,Confirmed
MONAVIDA 1 LIMITED,17252738,active,ltd,,,2026-06-01,,2026-06-01,"[68100, 68209]",128 City Road London United Kingdom EC1V 2NX,,,
NATURE UBUNTU LTD,17252730,active,ltd,,,2026-06-01,,2026-06-01,"[71111, 72190, 74100, 90030]",128 City Road London United Kingdom EC1V 2NX,,,
SOL LEONE PROPERTY MANAGEMENT LTD,17252771,active,ltd,,,2026-06-01,,2026-06-01,[68320],71-75 Shelton Street London United Kingdom WC2H 9JQ,,,
PEACHTREE24 LIMITED,17252772,active,ltd,,,2026-06-01,,2026-06-01,"[43999, 68310]",339-443 High Road Leyton London England E10 5EL,,,
THE SITAR KITCHEN LTD,17252785,active,ltd,,,2026-06-01,,2026-06-01,"[56102, 56103, 56290]",149 Strand London England United Kingdom WC2R 1JA,,,
BEST CHOICE ROOFING AND PROPERTY MAINTENANCE LTD,17252817,active,ltd,,,2026-06-01,,2026-06-01,[43910],66 Paul Street London England EC2A 4NA,,,
ADVANCED METAL MATERIALS TECHNOLOGY LTD,17252806,active,ltd,,,2026-06-01,,2026-06-01,[25990],128 City Road London United Kingdom EC1V 2NX,,,
ASCENTEC LIMITED,17252810,active,ltd,,,2026-06-01,,2026-06-01,"[62020, 62090, 69202]",128 City Road London United Kingdom EC1V 2NX,,,
CARTER JACKSON ENTERPRISES LIMITED,17252801,active,ltd,,,2026-06-01,,2026-06-01,[68320],4th Floor 193 Fleet Street London United Kingdom EC4A 2AH,,,
LANTERN ESTATES LTD,17252849,active,ltd,,,2026-06-01,,2026-06-01,"[68310, 68320]",71-75 Shelton Street London United Kingdom WC2H 9JQ,,,
THE VAULT ENTERTAINMENT GROUP LTD,17252851,active,ltd,,,2026-06-01,,2026-06-01,[93290],71-75 Shelton Street London United Kingdom WC2H 9JQ,thevaultuk.co.uk,hello@thevaultuk.co.uk,Confirmed
O.M MEDICAL MANAGEMENT LTD,17252846,active,ltd,,,2026-06-01,,2026-06-01,"[70229, 82110]",31 Belgrave Road London England E13 8RT,,,
DOMINUS PROJECT COMPANY 31 LIMITED,17252832,active,ltd,,,2026-06-01,,2026-06-01,[68320],1 London Street Reading England RG1 4PN,,,
JP & D CONSULTING LTD,17252864,active,ltd,,,2026-06-01,,2026-06-01,[62020],Flat 5 Heslop Court London England SW12 8HH,,,
NR CLEAN CO LTD,17252914,active,ltd,,,2026-06-01,,2026-06-01,[81222],"Flat 4, 213, Maple House Junction Road London United Kingdom N19 5QA",,,
NOTAVERAGE LTD,17252927,active,ltd,,,2026-06-01,,2026-06-01,[74909],3rd Floor 114a Cromwell Road London England SW7 4AG,,,
FAMAPLUS LTD,17252903,active,ltd,,,2026-06-01,,2026-06-01,"[47910, 47990]",Office 19337 182-184 High Street North London United Kingdom E6 2JA,,,
SAFEGUARD MAINTENANCE LTD,17252913,active,ltd,,,2026-06-01,,2026-06-01,"[33190, 43210, 43220, 96090]",20 Wenlock Road London England N1 7GU,,,
YORDA SUPPLY CO LTD,17252942,active,ltd,,,2026-06-01,,2026-06-01,[46900],124-128 City Road London England EC1V 2NX,,,
BOFOH HOLDINGS LIMITED,17252938,active,ltd,,,2026-06-01,,2026-06-01,[62090],167 - 169 Great Portland Street London England W1W 5PF,,,
AKEHURST FASHION HOUSE LTD,17252941,active,ltd,,,2026-06-01,,2026-06-01,[47910],71-75 Shelton Street London United Kingdom WC2H 9JQ,,,
AI SIGNALS LTD,17252974,active,ltd,,,2026-06-01,,2026-06-01,"[82302, 93290]",71-75 Shelton Street London United Kingdom WC2H 9JQ,aisignals.org.uk,,Confirmed
PATHAN LIMITED,17253023,active,ltd,,,2026-06-01,,2026-06-01,[47910],136a Upton Lane London England E7 9LW,,,
ZIFENAB LIMITED,17253012,active,ltd,,,2026-06-01,,2026-06-01,"[85600, 88910]",25 Ampleforth Road London England SE2 9BD,,,
BAVANELS LTD,17253037,active,ltd,,,2026-06-01,,2026-06-01,"[68100, 68209]",66 Paul Street London United Kingdom EC2A 4NA,,,
NORTH CHANNEL HOLDINGS LTD,17253030,active,ltd,,,2026-06-01,,2026-06-01,[64209],71-75 Shelton Street London United Kingdom WC2H 9JQ,,,
GOLD PAN LABS LTD,17253029,active,ltd,,,2026-06-01,,2026-06-01,[62012],71-75 Shelton Street London United Kingdom WC2H 9JQ,,,
GRAYSON ELLIS LTD,17253076,active,ltd,,,2026-06-01,,2026-06-01,"[78109, 78200]",124 City Road London England EC1V 2NX,graysonellis.com,Alisha.Hussain@Graysonellis.com,Confirmed
AVALIE PROPERTY LTD,17253075,active,ltd,,,2026-06-01,,2026-06-01,[68209],Vpc Accountants Harrow England HA1 1BQ,,,
NOURA AGENCY LTD,17253082,active,ltd,,,2026-06-01,,2026-06-01,[47910],66 Paul Street London England EC2A 4NA,,,
BY PRO MOTION LTD,17253080,active,ltd,,,2026-06-01,,2026-06-01,"[18203, 60200]","8, Lombard Business Park London United Kingdom SW19 3TZ",,,
STUDIO KAISO LTD,17253084,active,ltd,,,2026-06-01,,2026-06-01,"[62012, 70229, 73110, 74100]",20 Wenlock Road London England N1 7GU,studiokaiso.co.uk,,Confirmed
CITAHOST LTD,17253044,active,ltd,,,2026-06-01,,2026-06-01,"[62090, 63110]",Office 19243 182-184 High Street North East Ham United Kingdom E6 2JA,citahost.com,support@citahost.com,Confirmed
ACA EDUCATION LTD,17253054,active,ltd,,,2026-06-01,,2026-06-01,[85600],50 Abbey Gardens London United Kingdom NW8 9AT,,,
HAUGHTON ALEXANDER LTD,17253062,active,ltd,,,2026-06-01,,2026-06-01,[47910],71-75 Shelton Street London United Kingdom WC2H 9JQ,,,
PHOSPHA LTD,17253096,active,ltd,,,2026-06-01,,2026-06-01,[47910],78 Regina Road London England N4 3PP,,,
VEGA QUANTUM LIMITED,17253093,active,ltd,,,2026-06-01,,2026-06-01,[64999],71-75 Shelton Street London United Kingdom WC2H 9JQ,,,
COMPLETE CONSULTANT SERVICES LTD,17253103,active,ltd,,,2026-06-01,,2026-06-01,"[36000, 71112, 96090]",71-75 Shelton Street London United Kingdom WC2H 9JQ,,,
FLIPNATION STORES LTD,17253107,active,ltd,,,2026-06-01,,2026-06-01,[47910],66 Paul Street London United Kingdom EC2A 4NA,,,
SOLAR YPS OPCO LIMITED,17253105,active,ltd,,,2026-06-01,,2026-06-01,[68209],16 Beaufort Court Admirals Way London England E14 9XL,,,
CIRA TRADING LTD,17253116,active,ltd,,,2026-06-01,,2026-06-01,"[45112, 68209, 68320, 81100]",15 Montpelier Vale London England SE3 0TA,,,
CENTRICLE LTD,17253124,active,ltd,,,2026-06-01,,2026-06-01,"[62012, 63120, 66190]",71-75 Shelton Street London United Kingdom WC2H 9JQ,,,
LUCIDLINE INDUSTRIAL LTD,17253132,active,ltd,,,2026-06-01,,2026-06-01,"[43210, 62012, 62020, 71122]",71-75 Shelton Street London United Kingdom WC2H 9JQ,,,
ALL ASPECTS PLUMBING (NW) LTD,17253117,active,ltd,,,2026-06-01,,2026-06-01,[43220],66 Paul Street London England EC2A 4NA,allaspectsplumbing.co.uk,,Likely
H.GIRALDO LIMITED,17253118,active,ltd,,,2026-06-01,,2026-06-01,[56101],171 Hornsey Road London England N7 6RA,,,
YOLDAGO LIMITED,17253122,active,ltd,,,2026-06-01,,2026-06-01,[63120],167-169 Great Portland Street London England W1W 5PF,,,
TAROOT LTD,17253148,active,ltd,,,2026-06-01,,2026-06-01,[62020],71-75 Shelton Street London United Kingdom WC2H 9JQ,,,
UPLIFTWAVE UK LTD,17253172,active,ltd,,,2026-06-01,,2026-06-01,[47910],71-75 Shelton Street London United Kingdom WC2H 9JQ,,,
AMBAT MULTI-SERVICE COMPANY LIMITED LIMITED,17253154,active,ltd,,,2026-06-01,,2026-06-01,[98000],1 Parker Street London England E16 2DJ,,,
DARREN RADLEY CONTRACTING LTD,17253141,active,ltd,,,2026-06-01,,2026-06-01,[01500],71-75 Shelton Street London United Kingdom WC2H 9JQ,,,
ELUSIVE 9 HQ LTD,17253197,active,ltd,,,2026-06-01,,2026-06-01,"[58110, 62012, 72200, 85590]",40 Bowling Green Lane London England EC1R 0NE,,,
SALEENA ONLINE LTD,17253206,active,ltd,,,2026-06-01,,2026-06-01,[47910],32 Tunley Road London England NW10 9JS,,,
CJRS ASSETS LTD,17253188,active,ltd,,,2026-06-01,,2026-06-01,"[68100, 68209]",Monomark House London England WC1N 3AX,,,
THE LUXE LIBRARY LIMITED,17253190,active,ltd,,,2026-06-01,,2026-06-01,"[47710, 47770, 47910]",71-75 Shelton Street London United Kingdom WC2H 9JQ,,,
OSTRUM LTD,17253212,active,ltd,,,2026-06-01,,2026-06-01,[43999],71-75 Shelton Street London United Kingdom WC2H 9JQ,,,
ROSE'S & RUBY'S LTD,17253178,active,ltd,,,2026-06-01,,2026-06-01,[56103],73 Durnsford Road London England N11 2EN,,,
GLOBAL ALLIED TRADING LTD,17253196,active,ltd,,,2026-06-01,,2026-06-01,[46900],Flat 1114 Houblon Apartments 6 Tyne Street London England E1 7AN,,,
MB MONACO LTD,17253255,active,ltd,,,2026-06-01,,2026-06-01,[47710],128 City Road London United Kingdom EC1V 2NX,,,
PSYCHOLOGISTS THE STREETS DESERVE UK LTD,17253250,active,ltd,,,2026-06-01,,2026-06-01,[86900],67 Gaskell Road London England N6 4DU,psychologiststhestreetsdeserve.com,psychologiststhestreetsdeserve@gmail.com,Likely
LAVANTAFERN LIMITED,17253243,active,ltd,,,2026-06-01,,2026-06-01,[56102],71-75 Shelton Street London United Kingdom WC2H 9JQ,,,
AL-TOURATH BEADS LONDON LTD,17253242,active,ltd,,,2026-06-01,,2026-06-01,"[46180, 46900, 47190]",2 Tatam Road London England NW10 8HT,,,
AXORNE LTD,17253303,active,ltd,,,2026-06-01,,2026-06-01,"[18129, 62012, 74100]",Thakrar Associates Limited Woolwich England SE18 6SW,,,
SIGNATURE LABS LTD,17253305,active,ltd,,,2026-06-01,,2026-06-01,[47910],124 City Road London United Kingdom EC1V 2NX,,,
NATIONAL HOSPITAL VEHICLE SANITATION (NHVS) LTD,17253275,active,ltd,,,2026-06-01,,2026-06-01,[81222],24 Rose Gardens London United Kingdom W5 4JU,nhvs.co.uk,,Likely
ALANA INVESTMENT LTD,17253298,active,ltd,,,2026-06-01,,2026-06-01,"[68100, 68209, 68320]",107 Sherrard Road London England E7 8DN,,,
KAVORYNTH COMMERCE LTD,17253334,active,ltd,,,2026-06-01,,2026-06-01,[46190],"Unit201 Second Floor Capital House 61 Amhurst Road, London United Kingdom E8 1LL",,,
ZIBEN INTELLIGENCE LTD.,17253309,active,ltd,,,2026-06-01,,2026-06-01,[62012],"2nd Floor College House Ruislip, United Kingdom HA4 7AE",,,
ZURI NILOTICA LIMITED,17253351,active,ltd,,,2026-06-01,,2026-06-01,"[46450, 62090, 96020]",Flat 5 Grantham Court London England W3 7AN,,,
ELRICA SERVICES LTD,17253354,active,ltd,,,2026-06-01,,2026-06-01,"[81210, 82990]","Flat 2, 25 Comerford Road London United Kingdom SE4 2BA",,,
OROSSTAFFING LTD,17253318,active,ltd,,,2026-06-01,,2026-06-01,[82990],66 Paul Street London United Kingdom EC2A 4NA,,,
OAKBRIDGE SKILLS LTD,17253394,active,ltd,,,2026-06-01,,2026-06-01,[85590],23a The Precinct Waterlooville United Kingdom PO7 7DT,,,
PFPL PROJECTS (BASINGSTOKE AND DEANE) LIMITED,17253398,active,ltd,,,2026-06-01,,2026-06-01,[93120],305 Gray's Inn Road London United Kingdom WC1X 8QR,,,
SLY CLEANIG LTD,17253429,active,ltd,,,2026-06-01,,2026-06-01,"[43341, 81210, 81299]",39 Tynemouth Road London England SE18 1PH,,,
LUMIDE TECHNOLOGIES LTD,17253419,active,ltd,,,2026-06-01,,2026-06-01,"[62012, 62020, 62090, 63110]",66 Paul Street London United Kingdom EC2A 4NA,lumide.tech,hello@lumide.tech,Confirmed
SALIH HEALTHCARE SERVICES LIMITED,17253453,active,ltd,,,2026-06-01,,2026-06-01,[86900],128 City Road London United Kingdom EC1V 2NX,,,
MONDON.AI LTD,17253436,active,ltd,,,2026-06-01,,2026-06-01,"[62012, 62020, 62090]",1a Mitre Road London England SE1 8PY,mondon.ai,,Confirmed
PELAGIX LTD,17253464,active,ltd,,,2026-06-01,,2026-06-01,"[62020, 62090, 63110]",124-128 City Road London England EC1V 2NX,,,
NRM NEXUS GLOBAL LTD,17253467,active,ltd,,,2026-06-01,,2026-06-01,"[47910, 47990]",20 Wenlock Road London England N1 7GU,nrmnexus.com,,Confirmed
JAAZA LTD,17253542,active,ltd,,,2026-06-01,,2026-06-01,[68100],12 Horsenden Avenue London United Kingdom UB6 0JB,,,
M2D2 LTD,17253523,active,ltd,,,2026-06-01,,2026-06-01,[32990],71-75 Shelton Street London United Kingdom WC2H 9JQ,m2d2.co.uk,hello@m2d2.co.uk,Confirmed
STERLING KESTREL PROPERTY GROUP LTD,17253486,active,ltd,,,2026-06-01,,2026-06-01,"[68100, 68209, 68320, 70229]",71-75 Shelton Street London United Kingdom WC2H 9JQ,sterlingkestrelproperty.co.uk,info@sterlingkestrelproperty.co.uk,Confirmed
ASHA AIR INSTALL LTD,17253510,active,ltd,,,2026-06-01,,2026-06-01,[43220],180 Shooters Hill Road London United Kingdom SE3 8RP,,,
BELGRAVIA COFFEE INDUSTRY CO. LTD,17253497,active,ltd,,,2026-06-01,,2026-06-01,[46370],"915, 915, Solar House High Road London United Kingdom N12 8QJ",,,
LIGHTHOUSE COSMETICS LIMITED,17253499,active,ltd,,,2026-06-01,,2026-06-01,[20420],71-75 Shelton Street London United Kingdom WC2H 9JQ,,,
SUNSCREAM BEACHWEAR LIMITED,17253578,active,ltd,,,2026-06-01,,2026-06-01,[47710],71-75 Shelton Street London United Kingdom WC2H 9JQ,,,
LEKKER SPORTS GROUP LTD,17253557,active,ltd,,,2026-06-01,,2026-06-01,[82301],66 Paul Street London United Kingdom EC2A 4NA,,,
HIDDEN DESIRES LTD,17253548,active,ltd,,,2026-06-01,,2026-06-01,[62011],66 Paul Street London United Kingdom EC2A 4NA,,,
TUDOR CAPITAL HOLDING LTD,17253605,active,ltd,,,2026-06-01,,2026-06-01,[64209],C/O Capshire Uk Llp Castle Court Reigate England RH2 9RJ,,,
BRYKED LIMITED,17253594,active,ltd,,,2026-06-01,,2026-06-01,"[62012, 62020]",66 Paul Street London England EC2A 4NA,bryked.com,hello@bryked.com,Confirmed
MAHIKI COFFEE COMPANY LIMITED,17253617,active,ltd,,,2026-06-01,,2026-06-01,[56102],1st Floor 44 Worship Street London United Kingdom EC2A 2EA,,,
SOLID VOID LTD,17253645,active,ltd,,,2026-06-01,,2026-06-01,[58110],Unit 8e Canonbury Yard London United Kingdom N1 7BJ,,,
BALANCED EXECUTION LTD,17253652,active,ltd,,,2026-06-01,,2026-06-01,[74100, 90020, 93199],55 Fernwood Crescent London England N20 0RP,,,
AUROM ACCOUNTING LIMITED,17253634,active,ltd,,,2026-06-01,,2026-06-01,[69201],124 City Road London United Kingdom EC1V 2NX,,,
ESMOND RECRUITMENT AND TRAINING SERVICES LTD,17253677,active,ltd,,,2026-06-01,,2026-06-01,[78109, 78200, 78300, 85590],5 Brayford Square London England E1 0SG,,,
TASTING TROPICAL LTD,17253660,active,ltd,,,2026-06-01,,2026-06-01,[56290],22 Tent Street London United Kingdom E1 5DB,,,
BRENNAN&SONS GROUP SERVICES LTD,17253694,active,ltd,,,2026-06-01,,2026-06-01,[41202],66 Paul Street London United Kingdom EC2A 4NA,,,
EUBLAH EXOTICS LIMITED,17253686,active,ltd,,,2026-06-01,,2026-06-01,[46230],Second Floor, Sutherland House London United Kingdom NW9 7BT,,,
IHRAH LTD,17253736,active,ltd,,,2026-06-01,,2026-06-01,[62020],Flat 70 Catherwood Court London England N1 7LT,,,
JCEMT LTD,17253739,active,ltd,,,2026-06-01,,2026-06-01,[70229, 82110, 82990],71-75 Shelton Street London United Kingdom WC2H 9JQ,,,
DENZO LABS LTD,17253721,active,ltd,,,2026-06-01,,2026-06-01,[18203],Apartment 78, 87, Georgette Apartments Sidney Street London United Kingdom E1 2FY,,,
WORLD TRIP DMC LTD,17253738,active,ltd,,,2026-06-01,,2026-06-01,[79110, 79120],128 City Road London United Kingdom EC1V 2NX,,,
MARTIN AI LTD,17253730,active,ltd,,,2026-06-01,,2026-06-01,[58290],6 Heathstan Road London United Kingdom W12 0RA,,,
SAFENTRA LTD,17253757,active,ltd,,,2026-06-01,,2026-06-01,[62012],182-184, Office 19350 High Street North East Ham London United Kingdom E6 2JA,safentra.co.uk,,Confirmed
PLATYPUS SOFTWARE SOLUTIONS LTD,17253776,active,ltd,,,2026-06-01,,2026-06-01,[62012],66 Paul Street London United Kingdom EC2A 4NA,,,
RNG ADVISORS LTD,17253769,active,ltd,,,2026-06-01,,2026-06-01,[69201],17 Macleod Road London England N21 1SW,,,
NOVA FINANCIAL TECHNOLOGIES LIMITED,17253785,active,ltd,,,2026-06-01,,2026-06-01,[62012, 62020, 62090, 63110],167-169 Great Portland Street London England W1W 5PF,,,
GT INNOVATIONS LTD,17253791,active,ltd,,,2026-06-01,,2026-06-01,[43210, 80200],66 Paul Street London United Kingdom EC2A 4NA,,,
ROSCKO TRADING LTD,17253799,active,ltd,,,2026-06-01,,2026-06-01,[47910],Flat 22, 20, Elm Court Bromley Road London United Kingdom SE6 2TX,,,
ELDERVANE ADVISORY LTD,17253798,active,ltd,,,2026-06-01,,2026-06-01,[62020],Flat 2608 Amory Tower 203 Marsh Wall London England E14 9ZN,,,
FYS RECORDS LIMITED,17253809,active,ltd,,,2026-06-01,,2026-06-01,[46420, 59200],Flat 36 Threadgold House London England N1 3HN,,,
AURRABLE LTD,17253814,active,ltd,,,2026-06-01,,2026-06-01,[62012],Flat 1, 249, Co Operative House Rye Lane London United Kingdom SE15 4UP,,,
KITE TAX LIMITED,17253815,active,ltd,,,2026-06-01,,2026-06-01,[58290],66 Paul Street London United Kingdom EC2A 4NA,,,
OPTIMUS INTEGRATED SERVICES LTD,17253821,active,ltd,,,2026-06-01,,2026-06-01,[82990],66 Paul Street London United Kingdom EC2A 4NA,,,
LET'S RUBY RUBY LTD,17253852,active,ltd,,,2026-06-01,,2026-06-01,[82301, 90010, 90020, 93290],Flat 5, 152 Grosvenor Road London United Kingdom SW1V 3JL,,,
MURA PRIVATE LTD,17253849,active,ltd,,,2026-06-01,,2026-06-01,[82110],5 Brayford Square London United Kingdom E1 0SG,,,
RECOURSE LTD,17253855,active,ltd,,,2026-06-01,,2026-06-01,[62012],66 Paul Street London United Kingdom EC2A 4NA,,,
MEDTECHSCOPE LTD,17253863,active,ltd,,,2026-06-01,,2026-06-01,[58142],167-169 Great Portland Street London England W1W 5PF,,,
LOOM AND LAYER LTD,17253883,active,ltd,,,2026-06-01,,2026-06-01,[32990, 47910],66 Paul Street London United Kingdom EC2A 4NA,,,
LE BIZARRE BAZAAR LTD,17253895,active,ltd,,,2026-06-01,,2026-06-01,[32990, 47789, 47799, 47910],128 City Road London United Kingdom EC1V 2NX,,,
TC MOMENTUM LTD,17253922,active,ltd,,,2026-06-01,,2026-06-01,[52290],66 Paul Street London United Kingdom EC2A 4NA,,,
MOOLEE LTD,17253942,active,ltd,,,2026-06-01,,2026-06-01,[47760],71-75 Shelton Street London United Kingdom WC2H 9JQ,,,
BABA CHEMICALS TRADING PRIVATE LIMITED,17253929,active,ltd,,,2026-06-01,,2026-06-01,[46900],01 182-184 Office 15452 High Street North East Ham London United Kingdom E6 2JA,,,
CQS GROUP LIMITED,17253950,active,ltd,,,2026-06-01,,2026-06-01,[74902, 74909, 82990],71-75 Shelton Street London United Kingdom WC2H 9JQ,,,
FLUSSO TECHNOLOGIES LTD,17253980,active,ltd,,,2026-06-01,,2026-06-01,[62012, 62020],20 Wenlock Road London England N1 7GU,,,
EXTHUS LTD,17253986,active,ltd,,,2026-06-01,,2026-06-01,[70229],167-169 Great Portland Street London United Kingdom W1W 5PF,,,
BLUNDER LIMITED,17254005,active,ltd,,,2026-06-01,,2026-06-01,[59112],101 New Cavendish Street London United Kingdom W1W 6XH,,,
SAGANA OSHER PROPERTY LTD,17254006,active,ltd,,,2026-06-01,,2026-06-01,[68100, 68209],Flat 14 Thomas York House London England SE18 6EA,,,
MOVEMOTO LTD,17253972,active,ltd,,,2026-06-01,,2026-06-01,[49410],66 Paul Street London United Kingdom EC2A 4NA,,,
FOUNDER FLOW THERAPY LTD,17254040,active,ltd,,,2026-06-01,,2026-06-01,[70229, 86900],6 George Mathers Road London England SE11 4RU,founderflowtherapy.com,,Likely
FELLOWSHIP HOLDINGS LTD,17254061,active,ltd,,,2026-06-01,,2026-06-01,[56102, 56103],128 City Road London United Kingdom EC1V 2NX,,,
LUCKY MEMORIES LTD,17254064,active,ltd,,,2026-06-01,,2026-06-01,[47890],Unit 1b Atlas Business Centre London England NW2 7HJ,,,
VSM PARTNERS LTD,17254073,active,ltd,,,2026-06-01,,2026-06-01,[70229, 82990],71-75 Shelton Street London United Kingdom WC2H 9JQ,,,
SAPPHIRE GLOW LTD,17254087,active,ltd,,,2026-06-01,,2026-06-01,[85590, 96020],38 Thomas Street London England SE18 6HT,,,
LANGFORD PIERCE LIMITED,17254106,active,ltd,,,2026-06-01,,2026-06-01,[68310],Unit 20, The Circle London England SE1 2JE,,danielsinclair1005@gmail.com,Confirmed
THE ADMIN TEMP LTD,17254109,active,ltd,,,2026-06-01,,2026-06-01,[82110],55b Rosebery Avenue London United Kingdom E12 6PY,,,
BLENNER-HASSETT TRANSPORT LIMITED,17254112,active,ltd,,,2026-06-01,,2026-06-01,[49390],Unit 40 The Link London England SW2 1BZ,,,
BRICK AND KEY PROPERTY GROUP LTD,17254117,active,ltd,,,2026-06-01,,2026-06-01,[41100, 68100, 68209],Suite Ra01 195-197 Wood Street London United Kingdom E17 3NU,,,
BLUE PEAK INSIGHT LTD,17254151,active,ltd,,,2026-06-01,,2026-06-01,[70229],First Floor Office London United Kingdom W8 4LZ,,,
FLORICA LIMITED,17254154,active,ltd,,,2026-06-01,,2026-06-01,[62012, 63990],71-75 Shelton Street London United Kingdom WC2H 9JQ,,,
AVE17 LTD,17254143,active,ltd,,,2026-06-01,,2026-06-01,[62090],128 City Road London United Kingdom EC1V 2NX,,,
LOVELLWARE LTD,17254164,active,ltd,,,2026-06-01,,2026-06-01,[62012, 62090],66 Paul Street London United Kingdom EC2A 4NA,,,
SOCIAL CULTURE LTD,17254167,active,ltd,,,2026-06-01,,2026-06-01,[90020, 93290],128 City Road London United Kingdom EC1V 2NX,,,
EDA TRANSPORT SERVICES LTD,17254198,active,ltd,,,2026-06-01,,2026-06-01,[49410],500 White Hart Lane London United Kingdom N17 7NA,,,
LIVEDITSTUDIOS LTD,17254174,active,ltd,,,2026-06-01,,2026-06-01,[59112, 73110],66 Paul Street London United Kingdom EC2A 4NA,,,
VERITY & WEST CONSULTING LTD,17254189,active,ltd,,,2026-06-01,,2026-06-01,[73110],66 Paul Street London United Kingdom EC2A 4NA,,,
WAK3 LTD,17254188,active,ltd,,,2026-06-01,,2026-06-01,[47110],Unit 1 Emer Court London United Kingdom N17 7AW,,,
ABDUL’S FRUIT & VEG LONDON LTD,17254227,active,ltd,,,2026-06-01,,2026-06-01,[47210],41 Electric Avenue London England SW9 8JP,,,
BLACKSTREET LTD,17254212,active,ltd,,,2026-06-01,,2026-06-01,[26512],Suite 10890 5 Brayford Square London United Kingdom E1 0SG,,,
KAJBES LTD,17254214,active,ltd,,,2026-06-01,,2026-06-01,[46711],71-75 Shelton Street London United Kingdom WC2H 9JQ,,,
CANNPRESCRIBE LTD,17254251,active,ltd,,,2026-06-01,,2026-06-01,[85590, 86220],71-75 Shelton Street London United Kingdom WC2H 9JQ,,,
VICTORIA CITY LIVE LTD,17254293,active,ltd,,,2026-06-01,,2026-06-01,[62012, 62090, 63120],128 City Road London United Kingdom EC1V 2NX,,,
LOAY RASOOL COMPANY LIMITED,17254312,active,ltd,,,2026-06-01,,2026-06-01,[68209],C/O Getground London England W6 0NB,,,
R8 PROPERTY SOLUTIONS LTD,17254326,active,ltd,,,2026-06-01,,2026-06-01,[68320, 96090, 98000],3rd Floor 45 Albemarle Street London United Kingdom W1S 4JL,,,
RIGHTGATE PROPERTIES LIMITED,17254328,active,ltd,,,2026-06-01,,2026-06-01,[68100, 68209, 68310, 68320],128 City Road London United Kingdom EC1V 2NX,,,
READYLOG LTD,17254307,active,ltd,,,2026-06-01,,2026-06-01,[62012],71-75 Shelton Street London United Kingdom WC2H 9JQ,,,
MINESOCIAL LTD,17254344,active,ltd,,,2026-06-01,,2026-06-01,[62012],71-75 Shelton Street London United Kingdom WC2H 9JQ,,,
LINCS GATEWAY CAMPUS HOLDINGS LIMITED,17254353,active,ltd,,,2026-06-01,,2026-06-01,[68209],128 City Road London United Kingdom EC1V 2NX,,,
UPPER PROPERTY RESI LTD,17254351,active,ltd,,,2026-06-01,,2026-06-01,[68100, 68209],46 Linthorpe Road London England N16 5RF,,,
GAIL PHILIP LTD,17254383,active,ltd,,,2026-06-01,,2026-06-01,[70229, 74909, 85590, 90030],66 Paul Street London England EC2A 4NA,,,
HARBURY MURRAY CONSULTING LIMITED,17254360,active,ltd,,,2026-06-01,,2026-06-01,[82990],36-38 Cornhill London United Kingdom EC3V 3NG,,,
RYLOCA LTD,17254378,active,ltd,,,2026-06-01,,2026-06-01,[62020],128 City Road London United Kingdom EC1V 2NX,,,
PATMOS HOLDINGS LTD,17254359,active,ltd,,,2026-06-01,,2026-06-01,[64209],71-75 Shelton Street London United Kingdom WC2H 9JQ,,,
NORTH HORIZON SOLUTIONS LTD,17254411,active,ltd,,,2026-06-01,,2026-06-01,[70229, 78109, 82990],71-75 Shelton Street London United Kingdom WC2H 9JQ,,,
SANCTUARY OF SPIRIT LTD,17254402,active,ltd,,,2026-06-01,,2026-06-01,[96040],2nd Floor College House Ruislip, United Kingdom HA4 7AE,,,
PROXENTUM LIMITED,17254426,active,ltd,,,2026-06-01,,2026-06-01,[47910, 70229, 74909, 82990],71-75 Shelton Street London United Kingdom WC2H 9JQ,,,
VIRELLI HOLDINGS LIMITED,17254415,active,ltd,,,2026-06-01,,2026-06-01,[64209],43 Upton Lane Forest Gate London United Kingdom E7 9PA,,,
GLOWGOSPRAYTANNING LTD,17254452,active,ltd,,,2026-06-01,,2026-06-01,[96020],71-75 Shelton Street London United Kingdom WC2H 9JQ,,,
SICUREZZA FIRE AND SECURITY SERVICES LTD,17254479,active,ltd,,,2026-06-01,,2026-06-01,[80200, 84250],71-75 Shelton Street London United Kingdom WC2H 9JQ,,,
DRY FEN LIMITED,17254481,active,ltd,,,2026-06-01,,2026-06-01,[64209],7th Floor Portman House London England W1H 6DU,,,
HASTA PARTNERS LIMITED,17254488,active,ltd,,,2026-06-01,,2026-06-01,[64303, 66300],27 Old Gloucester Street London United Kingdom WC1N 3AX,,,
RIZWAN PRIME LTD,17254500,active,ltd,,,2026-06-01,,2026-06-01,[47990],Siu Office London United Kingdom E1 5NF,,,
BLADE STRATEGY LTD,17254516,active,ltd,,,2026-06-01,,2026-06-01,[70229, 74100],71-75 Shelton Street London United Kingdom WC2H 9JQ,,,
OFF CENTER PERFORMANCE LTD,17254513,active,ltd,,,2026-06-01,,2026-06-01,[74909, 85510, 90020, 93199],71-75 Shelton Street London United Kingdom WC2H 9JQ,,,
KEEP SMYLIN CLEANING LIMITED,17254531,active,ltd,,,2026-06-01,,2026-06-01,[81210, 81221, 81222, 81299],55 Jasmine Grove London England SE20 8JY,,,
NAMUK CONSULTANCY LIMITED,17254535,active,ltd,,,2026-06-01,,2026-06-01,[66290],32 Woodstock Grove London England W12 8LE,,,
ANIWELL PVT LTD,17254540,active,ltd,,,2026-06-01,,2026-06-01,[47910],167-169 Great Portland Street London United Kingdom W1W 5PF,,,
K:HAMA LTD,17254584,active,ltd,,,2026-06-01,,2026-06-01,[49410, 52290, 53201, 53202],66 Paul Street London England EC2A 4NA,,,
ANTALYA FABRIC WORLD LTD,17254622,active,ltd,,,2026-06-01,,2026-06-01,[46190, 46410, 46420],74 High Street London England E17 7LD,,,
TURWIN SERVICE GROUP LTD,17254603,active,ltd,,,2026-06-01,,2026-06-01,[78200],Flat 33, Arden House, 52-54 Thurston Road London England SE13 7GT,,,
MKE STORE LIMITED,17254605,active,ltd,,,2026-06-01,,2026-06-01,[47910],278 Langham Road London England N15 3NP,,,
1411 LIMITED,17254626,active,ltd,,,2026-06-01,,2026-06-01,[70229],Merchant Chambers 427-431 London Road Sheffield England S2 4HJ,,,
PLANNING TECHNOLOGIES LTD,17254636,active,ltd,,,2026-06-01,,2026-06-01,[62012],187 Parnell Road London England E3 2JW,,,
PROPERTY MOVE & CLEARANCE LTD,17254654,active,ltd,,,2026-06-01,,2026-06-01,[49420],Office First Floor / Room P-24 London United Kingdom W1D 5JX,,,
FLEETFIXER LTD,17254651,active,ltd,,,2026-06-01,,2026-06-01,[62012],167-169 Great Portland Street London England W1W 5PF,,,
BOBBY PAINTERS LTD,17254673,active,ltd,,,2026-06-01,,2026-06-01,[41201, 43341],119 Chandos Road London England E15 1TU,,,
NAK TEC LTD,17254684,active,ltd,,,2026-06-01,,2026-06-01,[47910],2 Dalberg Way London United Kingdom SE2 9SL,,,
YOUZSE LTD,17254677,active,ltd,,,2026-06-01,,2026-06-01,[62012, 62090, 63110, 63120],66 Paul Street London England EC2A 4NA,,,
THEIA OPTICS LTD,17254690,active,ltd,,,2026-06-01,,2026-06-01,[47782, 86900],Machine Works House Hayes England UB3 1FD,,,
DRAGON PRO LTD,17254693,active,ltd,,,2026-06-01,,2026-06-01,[56101, 56302],17 Bell Lane London England NW4 2BP,,,
SMART CLEARANCE & REMOVALS LTD,17254702,active,ltd,,,2026-06-01,,2026-06-01,[49420],Office First Floor / Room T-13, London United Kingdom W1D 5JX,,,
ROHDEA LIMITED,17254728,active,ltd,,,2026-06-01,,2026-06-01,[62012, 62020],182-184 High Street North London United Kingdom E6 2JA,,,
RJ CLEANING GROUP LTD,17254794,active,ltd,,,2026-06-01,,2026-06-01,[17220],6 Duffield Drive London United Kingdom N15 4UH,,,
GOLDEN STOOL HOLDINGS LTD,17254801,active,ltd,,,2026-06-01,,2026-06-01,[17220],23 Whitworth Road London England SE25 6XQ,,,
DANI ESTATE LIMITED,17254818,active,ltd,,,2026-06-01,,2026-06-01,[68209, 68320],122 Burnt Ash Road London England SE12 8PU,,,
SINFULLYSWEETPATISSERIE LTD,17254836,active,ltd,,,2026-06-01,,2026-06-01,[10710, 10821],66 Paul Street London United Kingdom EC2A 4NA,,,
AB PRIME CAPITAL LTD,17254870,active,ltd,,,2026-06-01,,2026-06-01,[45112],66 Paul Street London England EC2A 4NA,,,
BOBSPARKS CERTS 4 U LIMITED,17254879,active,ltd,,,2026-06-01,,2026-06-01,[43210, 43390],67 Dunsmure Road London England N16 5PT,,,
HEART TO HEART COMPANION LTD,17254894,active,ltd,,,2026-06-01,,2026-06-01,[96090],66 Paul Street London England EC2A 4NA,,,
SARASWATI CLEANING SERVICES LTD,17254908,active,ltd,,,2026-06-01,,2026-06-01,[81222],Flat 2 1 Colney Hatch Lane London England N11 3DB,,,
ON PADEL FLINT LTD,17254928,active,ltd,,,2026-06-01,,2026-06-01,[93110],London House 29a London Road Warrington England WA4 6SG,,,
IMMERCA LTD,17254929,active,ltd,,,2026-06-01,,2026-06-01,[47910],Flat 71 Starling Court London England SE2 9FJ,,,
OMNI FOOD LTD,17254936,active,ltd,,,2026-06-01,,2026-06-01,[46370, 46390],25 Regal Court London England N18 2XU,,,
OAKMONT PROPERTY PARTNERS LTD,17254947,active,ltd,,,2026-06-01,,2026-06-01,[68209],Monomark House London England WC1N 3AX,,,
RSBRM CONSTRUCTION LTD,17254946,active,ltd,,,2026-06-01,,2026-06-01,[41202],52 Lingwood Road London England E5 9BN,,,
KINDTAP LTD,17254972,active,ltd,,,2026-06-02,,2026-06-02,[58290],66 Paul Street London United Kingdom EC2A 4NA,,,
CHELSEA PHOTOS LIMITED,17254984,active,ltd,,,2026-06-02,,2026-06-02,[74201],Sterling House Walthamstow England E17 4EE,,,
SLOW PEACH LTD,17254992,active,ltd,,,2026-06-02,,2026-06-02,[59111],1 Mentmore Terrace London England E8 3PN,,,
PRIME NEXUS GROUP LTD,17255001,active,ltd,,,2026-06-02,,2026-06-02,[46190, 46380, 70229, 93199],Flat 36 Rushmere House London England SW15 4LZ,,,
OE MECHANICS LTD,17255002,active,ltd,,,2026-06-02,,2026-06-02,[45200],66 Paul Street London United Kingdom EC2A 4NA,,,
DO MORE MAINTENANCE LTD,17255024,active,ltd,,,2026-06-02,,2026-06-02,[43999],66 Paul Street London United Kingdom EC2A 4NA,domoremaintenance.com,,Confirmed
EE&D TRADING LIMITED,17255039,active,ltd,,,2026-06-02,,2026-06-02,[47910],Office 19363 182-184 High Street North East Ham United Kingdom E6 2JA,,,
MJ PRIME EXPORT LTD,17255037,active,ltd,,,2026-06-02,,2026-06-02,[47782],Office 1359 60 Tottenham Court Road London United Kingdom W1T 2EW,,,
GO POINT TRAVEL LIMITED,17255059,active,ltd,,,2026-06-02,,2026-06-02,[63990, 73110],66 Paul Street London United Kingdom EC2A 4NA,,,
HAZEEZI LTD,17255058,active,ltd,,,2026-06-02,,2026-06-02,[96020],610 Romford Road London England E12 5AF,,,
MERIDIAN PHARMA SUPPLY LIMITED,17255061,active,ltd,,,2026-06-02,,2026-06-02,[96090],2nd Floor College House Ruislip, United Kingdom HA4 7AE,,,
MOT PROPERTIES LTD,17255070,active,ltd,,,2026-06-02,,2026-06-02,[68100, 68201, 68209],128 City Road London United Kingdom EC1V 2NX,,,
ROOT TEA LTD,17255084,active,ltd,,,2026-06-02,,2026-06-02,[46370],15 Spindrift Avenue London England E14 9US,,,
R&R AIRPORT TRANSFERS LIMITED,17255130,active,ltd,,,2026-06-02,,2026-06-02,[49320],Flat 10 Beckett House London England E1 3BN,,,
TRENDING PICKS LTD,17255132,active,ltd,,,2026-06-02,,2026-06-02,[73110],71-75 Shelton Street London United Kingdom WC2H 9JQ,,,
W4YLABS LTD,17255151,active,ltd,,,2026-06-02,,2026-06-02,[62012, 62020, 62090, 63110],71-75 Shelton Street London United Kingdom WC2H 9JQ,,,
WE ARE MELI LIMITED,17255160,active,ltd,,,2026-06-02,,2026-06-02,[58190],71-75 Shelton Street London United Kingdom WC2H 9JQ,,,
BEYOND IMAGINATION LETTINGS LTD,17255162,active,ltd,,,2026-06-02,,2026-06-02,[68320],Hyde House London England NW9 6LH,,,
ATLAS AURA LIMITED,17255140,active,ltd,,,2026-06-02,,2026-06-02,[96090],99 Fourth Avenue London United Kingdom E12 6DP,,,
RESET ENVIRONMENTS LTD,17255177,active,ltd,,,2026-06-02,,2026-06-02,[46650],66 Paul Street London United Kingdom EC2A 4NA,,,
AMNE PROPERTY GROUP LTD,17255199,active,ltd,,,2026-06-02,,2026-06-02,[68100, 68209],20 Wenlock Road London England N1 7GU,,,
INTER TRADING LIMITED,17255197,active,ltd,,,2026-06-02,,2026-06-02,[96090],128 City Road London United Kingdom EC1V 2NX,,,
A2B TECH CONSULTANCY LTD,17255257,active,ltd,,,2026-06-02,,2026-06-02,[60200, 62020, 70229],31 Frobisher Road London United Kingdom N8 0QT,,,
JNH ADVISORY LTD,17255276,active,ltd,,,2026-06-02,,2026-06-02,[70229, 88100],20 Wenlock Road London England N1 7GU,,,
DRAGONS BREATH DISTILLERY LTD,17255270,active,ltd,,,2026-06-02,,2026-06-02,[11010],20 Wenlock Road London England N1 7GU,,,
SSA INVESTMENTS LTD,17255279,active,ltd,,,2026-06-02,,2026-06-02,[68100, 68209],Unit 8, Dock Offices London England SE16 2XU,,,
RAISA FAST LOGISTIC LTD,17255303,active,ltd,,,2026-06-02,,2026-06-02,[49410],124 City Road London United Kingdom EC1V 2NX,,,
LAYERCORE LTD,17255293,active,ltd,,,2026-06-02,,2026-06-02,[41100, 41202],38 Carnbrook Road London England SE3 8AE,,,
BYV LABS LTD,17255294,active,ltd,,,2026-06-02,,2026-06-02,[62012, 62020, 62090, 63990],71-75 Shelton Street London United Kingdom WC2H 9JQ,,,
MEMBERIQ LTD,17255301,active,ltd,,,2026-06-02,,2026-06-02,[58290],5 Gunnersbury Crescent London United Kingdom W3 9AA,,,
8BIT SPORTS LTD,17251468,active,ltd,,,2026-06-01,,2026-06-01,[58210, 62011],34 Windsor Way London England W14 0UA,,,
NJANGI LIMITED,17251500,active,ltd,,,2026-06-01,,2026-06-01,[62020, 62090],289 Arnold Estate, Druid Street London England SE1 2XN,,,
IGNIS VENTURES LIMITED,17251509,active,ltd,,,2026-06-01,,2026-06-01,[10832, 46370],34a Manor View London England N3 2SR,,,
BINDGRID LTD,17251514,active,ltd,,,2026-06-01,,2026-06-01,[70229],66 Paul Street London United Kingdom EC2A 4NA,,,
GJRMANAGEMENTS LTD,17251533,active,ltd,,,2026-06-01,,2026-06-01,[82990],167-169 Great Portland Street London England W1W 5PF,,,
ASSURIX CONSULTING LIMITED,17251528,active,ltd,,,2026-06-01,,2026-06-01,[71122, 82990, 96090],Flat 1 Beecholme London England N12 8RF,,,
AP CITADEL LTD,17251523,active,ltd,,,2026-06-01,,2026-06-01,[70229],411 Oxford Street London England W1C 2PE,,,
SOP.GE CARPENTRY LTD,17251561,active,ltd,,,2026-06-01,,2026-06-01,[16230],58 Hornsey Park Road London England N8 0JY,,,
STORYFORCE LTD,17251588,active,ltd,,,2026-06-01,,2026-06-01,[58190, 59120, 62012, 73110],66 Paul Street London United Kingdom EC2A 4NA,,,
MAG FOREST LIMITED,17251573,active,ltd,,,2026-06-01,,2026-06-01,[43999],Flat 2, 166 Sebert Road London United Kingdom E7 0NN,,,
CHATTYPE LTD,17251578,active,ltd,,,2026-06-01,,2026-06-01,[62012, 62090, 63120],71-75 Shelton Street London United Kingdom WC2H 9JQ,,,
TERRA NI GLOBAL LTD,17251585,active,ltd,,,2026-06-01,,2026-06-01,[08910, 46390, 46900, 47990],167-169 Great Portland Street London United Kingdom W1W 5PF,,,
IFARLO LTD,17251655,active,ltd,,,2026-06-01,,2026-06-01,[62012],71-75 Shelton Street London United Kingdom WC2H 9JQ,,,
THE REYLAND COMPANY LTD,17251659,active,ltd,,,2026-06-01,,2026-06-01,[46190, 46900, 47910, 59132],4-6, Siu Offices Greatorex Street London United Kingdom E1 5NF,,,
STACKLINE TECHNOLOGY CONSULTANCY LTD,17251636,active,ltd,,,2026-06-01,,2026-06-01,[62012, 62020, 62030, 62090],71-75 Shelton Street London United Kingdom WC2H 9JQ,,,
ADOBE.SCOT LTD,17251672,active,ltd,,,2026-06-01,,2026-06-01,[62012, 62020, 62090, 63120],Suite Ra01 195-197 Wood Street London England E17 3NU,,,
RHODES EDUCATION GROUP LTD,17251665,active,ltd,,,2026-06-01,,2026-06-01,[85590, 85600],71-75 Shelton Street London United Kingdom WC2H 9JQ,,,
GENERATIVE INNOVATIONS LTD,17251677,active,ltd,,,2026-06-01,,2026-06-01,[62012],167-169 Great Portland Street London United Kingdom W1W 5PF,,,
TASKIN DIGITAL VENTURES LTD,17251689,active,ltd,,,2026-06-01,,2026-06-01,[62020, 64999, 70229, 73110],College House 17 King Edwards Road Ruislip United Kingdom HA4 7AE,,,
SMILECART ECOMMERCE LTD,17251696,active,ltd,,,2026-06-01,,2026-06-01,[47910, 47990],167-169 Great Portland Street London England W1W 5PF,,,
DANA CREATIVE LTD,17251700,active,ltd,,,2026-06-01,,2026-06-01,[96090],71-75 Shelton Street London United Kingdom WC2H 9JQ,,,
FUTURE IMPACT VENTURES HOLDINGS LIMITED,17251729,active,ltd,,,2026-06-01,,2026-06-01,[64205],27 Old Gloucester Street London United Kingdom WC1N 3AX,,,
ISEKAIDIGITAL LTD,17251760,active,ltd,,,2026-06-01,,2026-06-01,[62020, 62090, 73110],167-169 Great Portland Street London England W1W 5PF,,,
SHOPORACARTIVA LTD,17255372,active,ltd,,,2026-06-02,,2026-06-02,[47990],182-184 High Street North London England E6 2JA,,,
ELLAVIE LTD,17255356,active,ltd,,,2026-06-02,,2026-06-02,[47910],Office 19166 182-184 High Street North London United Kingdom E6 2JA,,,
HARPUTZONE LTD,17255353,active,ltd,,,2026-06-02,,2026-06-02,[47910],Office 19310 182-184 High Street North London United Kingdom E6 2JA,,,
TOFEX LTD,17255360,active,ltd,,,2026-06-02,,2026-06-02,[47910],Office 19170 182-184 High Street North London United Kingdom E6 2JA,,,
MEK GLOBAL LTD,17255361,active,ltd,,,2026-06-02,,2026-06-02,[47910],Office 19258 182-184 High Street North London United Kingdom E6 2JA,,,
JWS PREMIUM ACCESS LTD,17255390,active,ltd,,,2026-06-02,,2026-06-02,[79909],20 Wenlock Road London England N1 7GU,,,
THE COMPLIMENTARY CLINIC LTD,17255393,active,ltd,,,2026-06-02,,2026-06-02,[20420, 47750, 74909, 86230],33 Bancroft Avenue London England N2 0AR,,,
NOVA ADVISORY SOLUTIONS LTD,17255438,active,ltd,,,2026-06-02,,2026-06-02,[62020, 70229],20 Wenlock Road London United Kingdom N1 7GU,,,
HOPE POINTING FOOD LTD,17255404,active,ltd,,,2026-06-02,,2026-06-02,[56290],36 Cargill Road London England SW18 3EB,,,
PATRONUS LIVE LIMITED,17255406,active,ltd,,,2026-06-02,,2026-06-02,[90020],49 South Molton Street London United Kingdom W1K 5LH,,,
OZAY1 LTD,17255441,active,ltd,,,2026-06-02,,2026-06-02,[47910],Office 19086 182-184 High Street North London United Kingdom E6 2JA,,,
C FRITEA LIMITED,17255442,active,ltd,,,2026-06-02,,2026-06-02,[41201, 41202],65 Boundary Road London England E17 8NQ,,,
SENSORY HEROES LTD,17255453,active,ltd,,,2026-06-02,,2026-06-02,[86900],29 Alveston Square London England E18 1AQ,,,
AVIONEX LTD,17255452,active,ltd,,,2026-06-02,,2026-06-02,[47910],Office 19151 182-184 High Street North London United Kingdom E6 2JA,,,
GODWIN CONSTRUCTION WORKS LTD,17255450,active,ltd,,,2026-06-02,,2026-06-02,[41202, 43390],Office 18 241e High Street North London England E12 6SJ,,,
KONKINENT HEALTHCARE SERVICES LTD,17255465,active,ltd,,,2026-06-02,,2026-06-02,[88100],71-75 Shelton Street London United Kingdom WC2H 9JQ,,,
EVT DATA LTD,17255478,active,ltd,,,2026-06-02,,2026-06-02,[62012, 62020, 63110],71-75 Shelton Street London United Kingdom WC2H 9JQ,,,
LUNA IV HOLDING LIMITED,17255498,active,ltd,,,2026-06-02,,2026-06-02,[64209],280 Bishopsgate London United Kingdom EC2M 4AG,,,
VALETLY LTD,17255496,active,ltd,,,2026-06-02,,2026-06-02,[62090],Flat 6 29 Cheniston Gardens London United Kingdom W8 6TG,valetly.uk,,Likely
SYNEXSOFT TECHNOLOGY LTD,17255510,active,ltd,,,2026-06-02,,2026-06-02,[73110, 73120],20 Wenlock Road London United Kingdom N1 7GU,,,
VEHICLE BRAKE SYSTEM INNOVATION LTD,17255549,active,ltd,,,2026-06-02,,2026-06-02,[29320],66 Paul Street London United Kingdom EC2A 4NA,,,
LANARKSHIRE AUTOCARE AND TYRES LTD,17255551,active,ltd,,,2026-06-02,,2026-06-02,[45200],66 Paul Street London United Kingdom EC2A 4NA,,,
AKN DEVELOPMENTS LTD,17255582,active,ltd,,,2026-06-02,,2026-06-02,[64203],C/O Thomas Emlyn Ltd 7 Bellefield House Chelmsford United Kingdom CM2 0RG,,,
JG PROJECTS LONDON LTD,17255604,active,ltd,,,2026-06-02,,2026-06-02,[41100, 43390, 81229],378 Kings Road London England SW3 5UZ,,,
SARDAR BAZAAR LTD,17255605,active,ltd,,,2026-06-02,,2026-06-02,[47910],Office 19268 182-184 High Street North London United Kingdom E6 2JA,,,
GOLDSTAR BUYS LTD,17255593,active,ltd,,,2026-06-02,,2026-06-02,[47910],128 City Road London United Kingdom EC1V 2NX,,,
ORION TECHNICAL TRADING COMPANY LTD,17255606,active,ltd,,,2026-06-02,,2026-06-02,[47910, 82990],Suite 4945a 60 Tottenham Court Road London United Kingdom W1T 2EW,,,
KENDAIR LTD,17255610,active,ltd,,,2026-06-02,,2026-06-02,[79110],128 City Road London United Kingdom EC1V 2NX,,,
RECLAIMIT LTD,17255631,active,ltd,,,2026-06-02,,2026-06-02,[64999, 66190, 82990, 96090],66 Paul Street London England EC2A 4NA,,,
AMH TRADING GROUP LIMITED,17255652,active,ltd,,,2026-06-02,,2026-06-02,[85590],105 Seven Sisters Road London United Kingdom N7 7QR,,,
NORTHGRAIN LTD,17255672,active,ltd,,,2026-06-02,,2026-06-02,[46499, 47599, 47910],71-75 Shelton Street London United Kingdom WC2H 9JQ,,,
SD BRICKWORK AND HOME IMPROVEMENTS LIMITED,17255663,active,ltd,,,2026-06-02,,2026-06-02,[41202, 43999, 81210, 81300],124-128 City Road London England EC1V 2NX,,,
ZEM TRADING LIMITED,17255667,active,ltd,,,2026-06-02,,2026-06-02,[46190, 46900, 47190, 47910],Office 18666 182-184 High Street North,East Ham London England E6 2JA,,,
OSPREY AND SABLE ESTATES LTD,17255713,active,ltd,,,2026-06-02,,2026-06-02,[68100],10-12 Barnes High Street London United Kingdom SW13 9LW,,,
JAY APEX LTD,17255703,active,ltd,,,2026-06-02,,2026-06-02,[73110],71-75 Shelton Street London United Kingdom WC2H 9JQ,,,
LORRAINE.LEE.VINTAGE&FASHION LIMITED,17255697,active,ltd,,,2026-06-02,,2026-06-02,[47710, 96020, 96090],Unit Sb.202 China Works London United Kingdom SE1 7SJ,,,
RIDGEWAY RECRUITMENT LTD,17255691,active,ltd,,,2026-06-02,,2026-06-02,[78109],2nd Floor College House Ruislip, United Kingdom HA4 7AE,,,
PERENNIAL & CO. LTD,17255683,active,ltd,,,2026-06-02,,2026-06-02,[96090],71-75 Shelton Street London United Kingdom WC2H 9JQ,,,
KIVAROX LIMITED,17255720,active,ltd,,,2026-06-02,,2026-06-02,[47910],36 Green Street London United Kingdom E7 8BZ,,,
BELLEVILLE HCI LIMITED,17255718,active,ltd,,,2026-06-02,,2026-06-02,[68100],4th Floor 3 More London Riverside London United Kingdom SE1 2AQ,,,
WESTKIN PERSONNEL LIMITED,17255716,active,ltd,,,2026-06-02,,2026-06-02,[82990],Maddox House London England W1S 2PZ,,,
SAVILE LABS LONDON LTD,17255732,active,ltd,,,2026-06-02,,2026-06-02,[20420, 46450, 47750],Office 354 Unit 5, 399-405 Oxford Street, Mayfair London United Kingdom W1C 2BU,,,
SMART LET LONDON LTD,17255752,active,ltd,,,2026-06-02,,2026-06-02,[68100, 68209],Flat 12 Curve Court London England NW4 2AF,,,
PE LUNA HOLDING OFFSHORE LIMITED,17255779,active,ltd,,,2026-06-02,,2026-06-02,[64209],280 Bishopsgate London United Kingdom EC2M 4AG,,,
REFINED HANDS LTD,17255777,active,ltd,,,2026-06-02,,2026-06-02,[73110],66 Paul Street London United Kingdom EC2A 4NA,,,
JAVIAN JUDAH LTD,17255784,active,ltd,,,2026-06-02,,2026-06-02,[90010, 90030],1c Kirkstall Road London United Kingdom SW2 4HD,,,
INNES STIRLING LIMITED,17255771,active,ltd,,,2026-06-02,,2026-06-02,[70229],27 Occupation Lane London England SE18 3JQ,,,
SK MONARC LIMITED,17255772,active,ltd,,,2026-06-02,,2026-06-02,[98000],159 Kilburn High Road London England NW6 7HU,,,
JMH TRADING LTD,17255787,active,ltd,,,2026-06-02,,2026-06-02,[46130],71-75 Shelton Street London United Kingdom WC2H 9JQ,,,
PLENTIFIC SERVICES LTD,17255786,active,ltd,,,2026-06-02,,2026-06-02,[71129, 71200, 74902],119-121 Third Floor Yarnwicke Cannon Street United Kingdom EC4N 5AT,,,
KME COMMUNICATIONS LTD,17255792,active,ltd,,,2026-06-02,,2026-06-02,[56210, 82301, 82302, 90020],The Hoxton Mix Ltd. 66 Paul Street London United Kingdom EC2A 4NA,,,
EUROPEAN COMMON FOREIGN RESEARCH LIMITED,17255803,active,ltd,,,2026-06-02,,2026-06-02,[72200, 85590],C/O Sedulo London, Office 605, Albert House London United Kingdom EC1V 9DD,,,
HOUSE OF UMSHA LTD,17255806,active,ltd,,,2026-06-02,,2026-06-02,[14190, 46420, 47190, 47820],27 Old Gloucester Street London United Kingdom WC1N 3AX,,,
SMLACEDIT LTD,17255805,active,ltd,,,2026-06-02,,2026-06-02,[96020],128 City Road London United Kingdom EC1V 2NX,,,
INFINITY UNITED KINGDOM GROUP LIMITED,17255795,active,ltd,,,2026-06-02,,2026-06-02,[64209],6th Floor One London Wall London United Kingdom EC2Y 5EB,,,
NSCALE GPU HOLDINGS LIMITED,17255841,active,ltd,,,2026-06-02,,2026-06-02,[64209],Level 5, 16 New Burlington Place London England W1S 2HX,nscale.com,,Likely
TANVIR TRADING COMPANY LTD,17255819,active,ltd,,,2026-06-02,,2026-06-02,[47910, 82990],Suite 4945a 60 Tottenham Court Road London United Kingdom W1T 2EW,,,
AAMER LTD,17255821,active,ltd,,,2026-06-02,,2026-06-02,[47910],71-75 Shelton Street London United Kingdom WC2H 9JQ,,,
ROWAL CAPITAL LTD,17255820,active,ltd,,,2026-06-02,,2026-06-02,[85590],71-75 Shelton Street London United Kingdom WC2H 9JQ,rowalcapital.com,,Likely
GO FS REPLY LIMITED,17255843,active,ltd,,,2026-06-02,,2026-06-02,[99999],36 Grosvenor Gardens London England SW1W 0EB,,,
BEYOND BLUE CONSULTING LTD,17255850,active,ltd,,,2026-06-02,,2026-06-02,[86230],17 Lillie Road London England SW6 1UE,,,
FULL HALO LTD,17255853,active,ltd,,,2026-06-02,,2026-06-02,[62012, 63120],71-75 Shelton Street London United Kingdom WC2H 9JQ,,,
BAAGUL MARKETING LTD,17255857,active,ltd,,,2026-06-02,,2026-06-02,[73110],128 City Road London United Kingdom EC1V 2NX,,,
NOON MAYFAIR LTD,17255877,active,ltd,,,2026-06-02,,2026-06-02,[46160],Lower Ground Floor West London United Kingdom W1U 5EW,,,
LIYANA SOCIAL CARE &PRACTICE CONSULTANCY LTD,17255912,active,ltd,,,2026-06-02,,2026-06-02,[87200, 87300, 88100, 88990],71-75 Shelton Street London United Kingdom WC2H 9JQ,,,
VANTAR LTD,17255923,active,ltd,,,2026-06-02,,2026-06-02,[62012, 62020],7, Victoria Hall, Flat 32 Wesley Avenue London United Kingdom E16 1SR,,,
JAT DISTRIBUTIONS LTD,17255966,active,ltd,,,2026-06-02,,2026-06-02,[47910],40 Ridgebrook Road London United Kingdom SE3 9QN,,,
TPF EVENTS LTD,17255987,active,ltd,,,2026-06-02,,2026-06-02,[93199],31 Dakota Gardens London England E6 5YT,tpf.london,,Likely
KRAYO AI LTD,17256022,active,ltd,,,2026-06-02,,2026-06-02,[62012],50 Bolingbroke Road London United Kingdom W14 0AH,krayo.ai,,Likely
HA COMMERCE LTD,17256043,active,ltd,,,2026-06-02,,2026-06-02,[47910],Unit A1312 4-6 Greatorex Street London United Kingdom E1 5NF,,,
STONEWOODPARK LTD,17256041,active,ltd,,,2026-06-02,,2026-06-02,[62012, 62020],128 City Road London United Kingdom EC1V 2NX,,,
BAMBAM CARE LIMITED LIMITED,17256061,active,ltd,,,2026-06-02,,2026-06-02,[87300, 87900, 88100, 88990],Suite G04 1 Quality Court, Chancery Lane London England WC2A 1HR,,,
SAI SMILE SOLUTIONS LIMITED,17256098,active,ltd,,,2026-06-02,,2026-06-02,[86230],Office Gold Building 7, Floor 5, 566 Chiswick High Road London United Kingdom W4 5YG,,,
ZAREMBA CONSTRUCTION LTD,17256100,active,ltd,,,2026-06-02,,2026-06-02,[41201, 41202],14 Windmill Lane London England E15 1PG,,,
SOE AND THEINT LTD,17256087,active,ltd,,,2026-06-02,,2026-06-02,[68209],First Floor Leicester United Kingdom LE2 0PF,,,
JACOPO DUCATO RUGGERI LTD,17256129,active,ltd,,,2026-06-02,,2026-06-02,[71111, 71112, 81300],43 Bedford Street London England WC2E 9HA,,,
SA GLOBAL HUB LTD,17256133,active,ltd,,,2026-06-02,,2026-06-02,[47910],17 Waveney Close London England E1W 2JL,,,
DENITA TICARET LTD,17256145,active,ltd,,,2026-06-02,,2026-06-02,[47910],Office 19089 182-184 High Street North London United Kingdom E6 2JA,,,
CIRCULAR MATZERO LIMITED,17256155,active,ltd,,,2026-06-02,,2026-06-02,[71122, 71129, 72190, 82990],Silverstream House London England W1T 6EB,,,
KINTSUGI ENTERTAINMENT LTD,17256188,active,ltd,,,2026-06-02,,2026-06-02,[59111, 59112, 59131, 74909],66 Paul Street London England EC2A 4NA,,,
CHAMPPREP LTD,17256169,active,ltd,,,2026-06-02,,2026-06-02,[85600],1 Hillgate Place London England W8 7SL,,,
EUROPA ACCOUNTANCY LTD,17256206,active,ltd,,,2026-06-02,,2026-06-02,[69201, 69202],28a Overstone Road London England W6 0AA,,,
GBP AGENT LTD,17256218,active,ltd,,,2026-06-02,,2026-06-02,[62090, 70229, 73110],8-9 Greville Street London England EC1N 8SB,,,
OAK AND STONE PROPERTY SOLUTIONS LTD,17256270,active,ltd,,,2026-06-02,,2026-06-02,[41202],66 Paul Street London United Kingdom EC2A 4NA,,,
EAR PIERCING LONDON LTD,17256268,active,ltd,,,2026-06-02,,2026-06-02,[96020],Suite Ra01 195-197 Wood Street London United Kingdom E17 3NU,,,
LUNA CORPS ECOM LIMITED,17256269,active,ltd,,,2026-06-02,,2026-06-02,[47910],128 City Road London United Kingdom EC1V 2NX,,,
KATARI LIMITED,17256252,active,ltd,,,2026-06-02,,2026-06-02,[46730],109 Camden High Street London England NW1 7JN,,,
TOGETHER ASSET BACKED SECURITISATION 16 2026-1ST2 HOLDINGS LIMITED,17256273,active,ltd,,,2026-06-02,,2026-06-02,[64999],10th Floor 5 Churchill Place London United Kingdom E14 5HU,,,
OCTAVE BYTES LTD,17256291,active,ltd,,,2026-06-02,,2026-06-02,[62020, 62090],128 City Road London United Kingdom EC1V 2NX,,,
HAMZA718 LTD,17256309,active,ltd,,,2026-06-02,,2026-06-02,[47910],6 Bromley Road London England E10 7AD,hamza718solutions.com,,Likely
LOCKHARTSTABLES LIMITED,17256317,active,ltd,,,2026-06-02,,2026-06-02,[81100],31 Lockhart Street London United Kingdom E3 4BL,,,
JASMINE DRY CLEANERS LTD,17256319,active,ltd,,,2026-06-02,,2026-06-02,[96010],131 Church Road London England SW13 9HR,,,
KOLLECTOR LTD,17256324,active,ltd,,,2026-06-02,,2026-06-02,[47910],Suite Ra01 195-197 Wood Street London United Kingdom E17 3NU,kollector.co.uk,,Confirmed
J E REINSTATEMENT LTD,17256369,active,ltd,,,2026-06-02,,2026-06-02,[42210, 42220],20 Wenlock Road London England N1 7GU,,,
RB JONES COMMERCIAL LIMITED,17256380,active,ltd,,,2026-06-02,,2026-06-02,[64999],30 St. Mary Axe London England EC3A 8BF,,,
INVISIBLE MOUNTAIN LTD,17256388,active,ltd,,,2026-06-02,,2026-06-02,[90030],C/O Sedulo London Office 605, Albert House London United Kingdom EC1V 9DD,,,
ELANUH LTD,17256393,active,ltd,,,2026-06-02,,2026-06-02,[47910],27 Old Gloucester Street London United Kingdom WC1N 3AX,,,
SYPKO & CO LIMITED,17256403,active,ltd,,,2026-06-02,,2026-06-02,[70210, 70229, 82990, 96090],Apartment N5.1 22 Hanover Square London England W1S 1JP,,,
TINY ANGELS CARE LTD,17256396,active,ltd,,,2026-06-02,,2026-06-02,[86900],27 Old Gloucester Street London United Kingdom WC1N 3AX,,,
H & S HOMES LIMITED,17256436,active,ltd,,,2026-06-02,,2026-06-02,[68100, 68201, 68209, 68320],14 Park Avenue Road London United Kingdom N17 0HX,,,
PARANOMICRESUME LTD,17256463,active,ltd,,,2026-06-02,,2026-06-02,[74909],71-75 Shelton Street London United Kingdom WC2H 9JQ,,,
DARENT LABS LTD,17256459,active,ltd,,,2026-06-02,,2026-06-02,[62012, 62090, 63110],71-75 Shelton Street London United Kingdom WC2H 9JQ,,,
TRIPLE SEVEN FOOD LTD,17256466,active,ltd,,,2026-06-02,,2026-06-02,[47110, 47220, 56210],10 Long Lane London England N3 2PT,,,
CLEARWAY ACCOUNTANTS LIMITED,17256453,active,ltd,,,2026-06-02,,2026-06-02,[69201, 69202, 70229],66 Paul Street London England EC2A 4NA,,,
BAFFOE BEKOE HOLDINGS LTD,17256460,active,ltd,,,2026-06-02,,2026-06-02,[64209, 70100],Third Floor London England W1B 3HH,,,
BLACKVECTOR LIMITED,17256449,active,ltd,,,2026-06-02,,2026-06-02,[71122],128 City Road London United Kingdom EC1V 2NX,,,
STUDIO MOI LTD,17256448,active,ltd,,,2026-06-02,,2026-06-02,[71111],Flat 110 Halton Mansions Halton Road London England N1 2BX,,,
HORSESDON'TSTOP LTD,17256484,active,ltd,,,2026-06-02,,2026-06-02,[73110],71-75 Shelton Street London United Kingdom WC2H 9JQ,,,
YULO FINANCE LTD,17256477,active,ltd,,,2026-06-02,,2026-06-02,[74909],71-75 Shelton Street London United Kingdom WC2H 9JQ,,,
ESTUARY AND BAY HOMES LTD,17256486,active,ltd,,,2026-06-02,,2026-06-02,[68100, 68209],Office 2 The Reach Westcliff On Sea United Kingdom SS0 9PA,,,
GUIDED LAB LTD,17256485,active,ltd,,,2026-06-02,,2026-06-02,[32500],71-75 Shelton Street London United Kingdom WC2H 9JQ,,,
EMERGENCY GLAZING AND BOARD LDN LTD,17256483,active,ltd,,,2026-06-02,,2026-06-02,[43342, 43999],4th Floor Office London England W1B 4HB,,,
DEE POSTERITY LTD,17256506,active,ltd,,,2026-06-02,,2026-06-02,[85510, 85520, 85590, 88910],71-75 Shelton Street London United Kingdom WC2H 9JQ,,,
DIAMOND UK MARKET LTD,17256489,active,ltd,,,2026-06-02,,2026-06-02,[47890],Flat 54 Monarch Court London England N2 0RA,,,
CLARK FAMILY LIMITED,17256504,active,ltd,,,2026-06-02,,2026-06-02,[68209],2 Leman Street London United Kingdom E1W 9US,,,
HOODI INTELLIGENCE LTD,17256527,active,ltd,,,2026-06-02,,2026-06-02,[62090, 63110, 63990],Flat 7 Highgrove House London United Kingdom SE5 8LH,,,
SADAA AL AHDAF COMPANY LTD,17256529,active,ltd,,,2026-06-02,,2026-06-02,[14110, 29100, 45310, 46370],20 Wenlock Road London England N1 7GU,,,
ETB LIMITED,17256509,active,ltd,,,2026-06-02,,2026-06-02,[47910],Suite 10894 5 Brayford Square London United Kingdom E1 0SG,,,
BLUECART GLOBAL LIMITED,17256518,active,ltd,,,2026-06-02,,2026-06-02,[47910],Office 3, 4a Nelson Road London England SE10 9JB,,,
4 ALBION PLACE LIMITED,17256510,active,ltd,,,2026-06-02,,2026-06-02,[41100, 68100, 68209],128 City Road London United Kingdom EC1V 2NX,,,
XS-SIF SUPPLEMENTS LTD,17256561,active,ltd,,,2026-06-02,,2026-06-02,[10890, 46460, 47290, 47910],66 Paul Street London United Kingdom EC2A 4NA,,,
NEURASAL TECHNOLOGIES LTD,17256549,active,ltd,,,2026-06-02,,2026-06-02,[62012, 62020, 62090, 63110],20 Wenlock Road London England N1 7GU,,,
STRATA INTERIORS & CONTRACTING LTD,17256577,active,ltd,,,2026-06-02,,2026-06-02,[16230, 41201, 43320, 43390],124-128 City Road London England EC1V 2NX,,,
AEGIS HEALTHCARE ADVISORY LIMITED,17256579,active,ltd,,,2026-06-02,,2026-06-02,[62020, 62090],167-169 Great Portland Street London England W1W 5PF,aegishealthcareadvisory.co.uk,,Likely
SB FOOTBALL LIMITED,17256604,active,ltd,,,2026-06-02,,2026-06-02,[68100],71-75 Shelton Street London United Kingdom WC2H 9JQ,,,
MELTELLA LTD,17256178,active,ltd,,,2026-06-02,,2026-06-02,[47240],183 East India Dock Road 183 East India Dock Road London England E14 0EA,,,
BY B LONDON LTD,17256608,active,ltd,,,2026-06-02,,2026-06-02,[47990],71-75 Shelton Street London United Kingdom WC2H 9JQ,,,
BARKIE BY ALFIE LTD,17256595,active,ltd,,,2026-06-02,,2026-06-02,[47890, 47910],34 Biggin Way London England SE19 3XF,,,
ALSMANI LTD,17256636,active,ltd,,,2026-06-02,,2026-06-02,[47220, 47910],71-75 Shelton Street London United Kingdom WC2H 9JQ,,,
JUMISO UK LTD,17256666,active,ltd,,,2026-06-02,,2026-06-02,[47910],Unit 317 48 Waterside Heights London United Kingdom E16 2GP,,,
SAVVY MEDIA SERVICES LIMITED,17256672,active,ltd,,,2026-06-02,,2026-06-02,[70229],Flat 8 County Hall South Block 1a London England SE1 7GB,,,
CHERDIK LTD,17256684,active,ltd,,,2026-06-02,,2026-06-02,[47910],Suite 10893 5 Brayford Square London United Kingdom E1 0SG,,,
JALACE GROUP LTD,17256658,active,ltd,,,2026-06-02,,2026-06-02,[47910, 82301, 82990, 90020],71-75 Shelton Street London United Kingdom WC2H 9JQ,jalacegroup.com,,Likely
NAZIR INTERNATIONAL LTD,17256651,active,ltd,,,2026-06-02,,2026-06-02,[47910],24 Millicent Road London United Kingdom E10 7LG,,,
IRIS SHOP LTD,17256667,active,ltd,,,2026-06-02,,2026-06-02,[47290],281 London Road Sheffield England S2 4NF,,,
MRS AKOSUA SERWAH FOSUH LIMITED,17256701,active,ltd,,,2026-06-02,,2026-06-02,[47910],5 Brayford Square London England E1 0SG,,,
COAST ESTATES LTD,17256719,active,ltd,,,2026-06-02,,2026-06-02,[68209],32 Paget Road London England N16 5NQ,,,
RONDEL STRATEGIC CONSULTING LTD,17256727,active,ltd,,,2026-06-02,,2026-06-02,[58142, 63910],71-75 Shelton Street London United Kingdom WC2H 9JQ,,,
EASTECO LTD,17256734,active,ltd,,,2026-06-02,,2026-06-02,[46170, 46380, 46390],65 London Wall London England EC2M 5TU,,,
WAGGR LTD,17256745,active,ltd,,,2026-06-02,,2026-06-02,[96090],66 Paul Street London United Kingdom EC2A 4NA,,,
EDEN STAFFING GROUP LTD,17256735,active,ltd,,,2026-06-02,,2026-06-02,[78109, 78200],167-169 Great Portland Street 5th Floor London United Kingdom W1W 5PF,,,
2-THE-POINT MARKETING LTD,17256764,active,ltd,,,2026-06-02,,2026-06-02,[85590],71-75 Shelton Street London United Kingdom WC2H 9JQ,,,
PLUMB AI LTD,17256788,active,ltd,,,2026-06-02,,2026-06-02,[62012],Flat 4 Highwood Court London England N5 1RX,,,
LEGACY MOTOR COMPANY CARDIFF LTD,17256792,active,ltd,,,2026-06-02,,2026-06-02,[45190, 45200],66 Paul Street London United Kingdom EC2A 4NA,,,
AFTERPARTY LTD,17256798,active,ltd,,,2026-06-02,,2026-06-02,[59200, 70229, 74909, 90030],89 Ledbury Road London United Kingdom W11 2AG,,,
PURLEY MEAT LIMITED,17256791,active,ltd,,,2026-06-02,,2026-06-02,[47220],2 Mayday Gardens London England SE3 8NN,,,
HARRINGTON COOPER GROUP LIMITED,17256856,active,ltd,,,2026-06-02,,2026-06-02,[64205, 74990],The Royal Exchange London England EC3V 3DG,harringtoncooper.com,team@harringtoncooper.com,Likely
GLOBAL GAMER2Z LIMITED,17256845,active,ltd,,,2026-06-02,,2026-06-02,[47910, 62012, 63120],71-75 Shelton Street London United Kingdom WC2H 9JQ,,,
ORMISCAN LTD,17256833,active,ltd,,,2026-06-02,,2026-06-02,[86900],71-75 Shelton Street London United Kingdom WC2H 9JQ,,,
MONO PROPERTY INVESTMENTS LTD,17256839,active,ltd,,,2026-06-02,,2026-06-02,[68100, 68209],Flat 7, Jasmin Lodge London United Kingdom SE16 3JA,,,
1M15 PROPERTY MANAGEMENT LTD,17256853,active,ltd,,,2026-06-02,,2026-06-02,[68209],20 Wenlock Road London England N1 7GU,,,
LBE INC LTD,17256870,active,ltd,,,2026-06-02,,2026-06-02,[96090],94-96 Seymour Place London United Kingdom W1H 1NB,,,
ALPHSTACK LTD,17256864,active,ltd,,,2026-06-02,,2026-06-02,[62020],19 Kingsley Road London United Kingdom E7 9PP,,,
IRKALLA INDUSTRIES LTD,17256880,active,ltd,,,2026-06-02,,2026-06-02,[23700, 28990, 62012, 72190],71-75 Shelton Street London United Kingdom WC2H 9JQ,irkalla.co,,Confirmed
BINARIO INVEST LTD,17256887,active,ltd,,,2026-06-02,,2026-06-02,[64301, 64306, 66120],27 Old Gloucester St London United Kingdom WC1N 3AX,,,
KRIOVATE LTD,17256908,active,ltd,,,2026-06-02,,2026-06-02,[62012],167-169 Great Portland Street London England W1W 5PF,,,
EXCANTARE HOLDINGS LTD,17256898,active,ltd,,,2026-06-02,,2026-06-02,[64209],71-75 Shelton Street London United Kingdom WC2H 9JQ,,,
HYBRIDIUM CONSULTING LTD,17256928,active,ltd,,,2026-06-02,,2026-06-02,[62020],71-75 Shelton Street London United Kingdom WC2H 9JQ,,,
BOMA DEVELOPMENTS UK LTD,17256922,active,ltd,,,2026-06-02,,2026-06-02,[41100],167-169 Great Portland Street London England W1W 5PF,,,
REACTIVATION PARTNERS LTD,17256914,active,ltd,,,2026-06-02,,2026-06-02,[70229, 82990],128 City Road London United Kingdom EC1V 2NX,,,
FRACTICO LIMITED,17256939,active,ltd,,,2026-06-02,,2026-06-02,[69201],Unit 53c Abbey Road London England NW10 7TR,,,
KAAPU AI LIMITED,17256948,active,ltd,,,2026-06-02,,2026-06-02,[86900],124-128, City Road London England United Kingdom EC1V 2NX,,,
TON WORLD LIMITED,17256959,active,ltd,,,2026-06-02,,2026-06-02,[58190],4th Floor 100 Fenchurch Street London United Kingdom EC3M 5JD,,,
EDGEPOINT ADVISORY LTD,17256962,active,ltd,,,2026-06-02,,2026-06-02,[70229],Flat 2 37-39 West Heath Drive London England NW11 7QG,,,
THE PANINI SHACK LONDON LTD,17256981,active,ltd,,,2026-06-02,,2026-06-02,[56102, 56103],128 City Road London United Kingdom EC1V 2NX,,,
KNS FOUND LTD,17256970,active,ltd,,,2026-06-02,,2026-06-02,[46740],71-75 Shelton Street London United Kingdom WC2H 9JQ,,,
FOURBRIDGE HOLDINGS LTD,17257015,active,ltd,,,2026-06-02,,2026-06-02,[68209],167 - 169 Great Portland Street London England W1W 5PF,,,
7SPOTLESS LTD,17256987,active,ltd,,,2026-06-02,,2026-06-02,[78200, 81210],45a Whitworth Road London England SE25 6XH,,,
DSP NILE LIMITED,17257036,active,ltd,,,2026-06-02,,2026-06-02,[59111],3 Shortlands London United Kingdom W6 8DA,,,
KEYSTONE MARITIME CAPITAL LTD,17257010,active,ltd,,,2026-06-02,,2026-06-02,[68100],167 - 169 Great Portland Street London England W1W 5PF,,,
FROST AND BITES LTD,17257018,active,ltd,,,2026-06-02,,2026-06-02,[47250, 56103, 56210, 56290],71-75 Shelton Street London United Kingdom WC2H 9JQ,,,
KEBAB PLACE LTD,17257044,active,ltd,,,2026-06-02,,2026-06-02,[56103],1365 London Road London England SW16 4BE,kebabplace.co.uk,,Confirmed
BLOOMSBURY MEDICAL LIMITED,17257046,active,ltd,,,2026-06-02,,2026-06-02,[86220],101 New Cavendish Street London England W1W 6XH,,,
TRAP LEGENDS LTD,17257053,active,ltd,,,2026-06-02,,2026-06-02,[46420, 47910],66 Paul Street London England EC2A 4NA,,,
GK LEARNING HUB LTD,17257052,active,ltd,,,2026-06-02,,2026-06-02,[85590, 85600],71-75 Shelton Street London United Kingdom WC2H 9JQ,,,
THE BIO CODERS LTD,17257077,active,ltd,,,2026-06-02,,2026-06-02,[86220],66 Paul Street London United Kingdom EC2A 4NA,,,
ARABIAN STALLION VENTURE GROUP LTD,17257072,active,ltd,,,2026-06-02,,2026-06-02,[64209, 82990],71-75 Shelton Street London United Kingdom WC2H 9JQ,,,
ADIZ PROPERTIES LIMITED,17257071,active,ltd,,,2026-06-02,,2026-06-02,[41100, 55100, 68209, 68320],87 Mcleod Road London England SE2 0BW,,,
TIMELESS DECKWORKS LTD,17257078,active,ltd,,,2026-06-02,,2026-06-02,[32409, 47910],167-169 Great Portland Street London England W1W 5PF,,,
MRL LONGEVITY TECH LTD,17257084,active,ltd,,,2026-06-02,,2026-06-02,[62012, 62020, 86900],262a Fulham Road London England SW10 9EL,,,
ILXR LTD,17257095,active,ltd,,,2026-06-02,,2026-06-02,[47910],66 Paul Street London United Kingdom EC2A 4NA,,,
BLUENEST CARE RECRUITMENT LTD,17257115,active,ltd,,,2026-06-02,,2026-06-02,[78300, 86900],71-75 Shelton Street London United Kingdom WC2H 9JQ,bluenestcare.co.uk,info@bluenestcare.co.uk,Likely
PEARLS CLEANING AND LAUNDRY LTD,17257118,active,ltd,,,2026-06-02,,2026-06-02,[96010],22 Churchfield Road London England W3 6EG,pearlsdrycleaners.co.uk,info@pearlsdrycleaners.co.uk,Confirmed
ROUTE PLANNING LTD,17257164,active,ltd,,,2026-06-02,,2026-06-02,[42990, 49320, 68209, 71122],20 Wenlock Road London England N1 7GU,,,
EQAR LTD,17257174,active,ltd,,,2026-06-02,,2026-06-02,[68209, 68320],294 Merton Road London United Kingdom SW18 5JW,,,
MAGUIRE-MELO LTD,17257217,active,ltd,,,2026-06-02,,2026-06-02,[47910],20 Red Lion Street London England WC1R 4PS,,,
MAISON EXECUTIVE PROPERTIES LTD,17257195,active,ltd,,,2026-06-02,,2026-06-02,[68320],37 Enderby Street London United Kingdom SE10 9PF,,,
STUDIOCADDE LTD,17257212,active,ltd,,,2026-06-02,,2026-06-02,[74100],Flat 29, Harris House London United Kingdom SW9 7JT,,,
PDC TRADING LTD,17257204,active,ltd,,,2026-06-02,,2026-06-02,[47910],66, Paul Street London England United Kingdom EC2A 4NA,,,
YESHTURDIYEV LTD,17257258,active,ltd,,,2026-06-02,,2026-06-02,[47990],182-184 High Street North London England E6 2JA,,,
APPLIED CLEANING SERVICES LTD,17257250,active,ltd,,,2026-06-02,,2026-06-02,[81222],International House Suite 10 Beaufort Court London England E14 9XL,,,
FIRMOBY LTD,17257245,active,ltd,,,2026-06-02,,2026-06-02,[70229],128 City Road London United Kingdom EC1V 2NX,,,
FINBOOST LIMITED,17257273,active,ltd,,,2026-06-02,,2026-06-02,[64921],2 Stone Buildings London England WC2A 3TH,,,
EDITT LTD,17257276,active,ltd,,,2026-06-02,,2026-06-02,[74100],Flat 2.05, 151-161 Kensington High Street London United Kingdom W8 6SU,,,
KCC2026 LTD,17257262,active,ltd,,,2026-06-02,,2026-06-02,[47190],71-75 Shelton Street London United Kingdom WC2H 9JQ,,,
CULPRITS LTD,17257275,active,ltd,,,2026-06-02,,2026-06-02,[59112, 74100],20 Wenlock Road London England N1 7GU,,,
NCN AEROSPACE HOLDINGS LIMITED,17257298,active,ltd,,,2026-06-02,,2026-06-02,[64209],Prebend House Leicester England LE2 0QR,,,
SG SKIN CLINIC LTD,17257288,active,ltd,,,2026-06-02,,2026-06-02,[86900],66 Paul Street London United Kingdom EC2A 4NA,,,
COMMONER LABS LTD,17257305,active,ltd,,,2026-06-02,,2026-06-02,[62020],167-169 Great Portland Street London United Kingdom W1W 5PF,,,
LLOYD PROPERTY GROUP LIMITED,17256078,active,ltd,,,2026-06-02,,2026-06-02,[68100],71-75 Shelton Street London United Kingdom WC2H 9JQ,,,
FIVE STARS LONDON LTD,17257334,active,ltd,,,2026-06-02,,2026-06-02,[56103],10 Crescent Road London England E6 1ED,,,
HUDSON FILM SPV LIMITED,17257331,active,ltd,,,2026-06-02,,2026-06-02,[59111],5th Floor, 30-31 Furnival Street London United Kingdom EC4A 1JQ,,,
DOV CARE LIMITED,17257344,active,ltd,,,2026-06-02,,2026-06-02,[87200],71-75 Shelton Street London United Kingdom WC2H 9JQ,,,
MT & DJ ASSOCIATES LTD,17257354,active,ltd,,,2026-06-02,,2026-06-02,[68100, 68209],68 Mottingham Lane London England SE12 9AW,,,
PROJECT GOLF EC4 LIMITED,17257353,active,ltd,,,2026-06-02,,2026-06-02,[93110],48-54 Moorgate London United Kingdom EC2R 6EJ,project.golf,contact@project.golf,Likely
KT CUTS LTD,17257343,active,ltd,,,2026-06-02,,2026-06-02,[96020],546 Kingsland Road London United Kingdom E8 4AH,,,
JOHN & JENNIE LTD,17257372,active,ltd,,,2026-06-02,,2026-06-02,[56101],C/O Accountsco, London United Kingdom N1 1QB,,,
VALDEX FINANCIAL SERVICES LTD,17257388,active,ltd,,,2026-06-02,,2026-06-02,[64205],Spectrum House Beehive Ring Road Gatwick England RH6 0LG,,,
THE WRONG TOMATO LIMITED,17257379,active,ltd,,,2026-06-02,,2026-06-02,[56102, 56103],45a Damask Crescent London England E16 4PQ,,,
AS EAST GROUP LTD,17257392,active,ltd,,,2026-06-02,,2026-06-02,[56301],34 Plashet Grove London United Kingdom E6 1AE,,,
AGRIPERSEM TRADE GROUP LTD,17256993,active,ltd,,,2026-06-02,,2026-06-02,[46190, 47540, 47710],2nd Floor College House Ruislip, United Kingdom HA4 7AE,,,
CRYOCLEAR LTD,17257406,active,ltd,,,2026-06-02,,2026-06-02,[96090],20-22 Wenlock Road London England N1 7TA,,,
CABSON TECHNOLOGIES LTD,17257405,active,ltd,,,2026-06-02,,2026-06-02,[49320],62 Wanlip Road London England E13 8QP,,,
SWUK ACCOUNTANCY LIMITED,17257433,active,ltd,,,2026-06-02,,2026-06-02,[69201],Apex House London United Kingdom N12 0EH,,,
VIP APPS LIMITED,17257453,active,ltd,,,2026-06-02,,2026-06-02,[62012],14 Windsor Way London England W14 0UA,,,
SEW ON ALTERATIONS DRY CLEANING LTD,17257469,active,ltd,,,2026-06-02,,2026-06-02,[96010, 96090],42b The Broadway London England NW7 3LH,,,
FORTYFOUR PUBLICATIONS LIMITED,17257474,active,ltd,,,2026-06-02,,2026-06-02,[47910],44 Belgrave Square London England SW1X 8QS,,,
99 DEVELOPERS LTD,17257492,active,ltd,,,2026-06-02,,2026-06-02,[58290, 62012],55 Queen's Gate London England SW7 5JW,,,
STAYVA LTD,17257484,active,ltd,,,2026-06-02,,2026-06-02,[86900],Apartment A.1204 Aster House North Wharf Road London England W2 1EZ,,,
HUBYDO SOFTWARE AND TECHNOLOGY LTD,17257485,active,ltd,,,2026-06-02,,2026-06-02,[58290, 62012, 62020, 74909],167-169 Great Portland Street London England W1W 5PF,,,
CBAKES LTD,17257481,active,ltd,,,2026-06-02,,2026-06-02,[46360],66 Paul Street London United Kingdom EC2A 4NA,,,
TAILWIND FINANCE LTD,17257498,active,ltd,,,2026-06-02,,2026-06-02,[66190],44 Bolingbroke Grove London England SW11 6EH,,,
IMPACT PRODUCTION MANAGEMENT LTD,17257514,active,ltd,,,2026-06-02,,2026-06-02,[10130],66 Paul Street London United Kingdom EC2A 4NA,,,
D'SOUL COLLECTIVE LTD,17257513,active,ltd,,,2026-06-02,,2026-06-02,[90010, 90020],167-169 Great Portland Street London England W1W 5PF,,,
MOZUSI ENTERTAINMENT LTD,17257566,active,ltd,,,2026-06-02,,2026-06-02,[90010, 90020, 90030],66 Paul Street London England EC2A 4NA,,,
P9 PROPERTIES LTD,17257605,active,ltd,,,2026-06-02,,2026-06-02,[41201],341 Garratt Lane London England SW18 4DX,,,
DUNAMIS LTD,17257637,active,ltd,,,2026-06-02,,2026-06-02,[27110, 71122, 72190, 74909],112a Chestnut Rise London United Kingdom SE18 1RL,,,
ZURELLIA LIMITED,17257656,active,ltd,,,2026-06-03,,2026-06-03,[47910],26 Edencourt Road London England SW16 6QP,,,
SME SECURE LTD,17257667,active,ltd,,,2026-06-03,,2026-06-03,[62020],20 Romanfield Road London England SW2 2UL,,,
GENERATA GROUP LIMITED,17299521,active,ltd,,,2026-06-24,,2026-06-24,[52290, 70229],66 Paul Street London England EC2A 4NA,,,
BLUE BUTTERFLY ESTATES LTD,17299511,active,ltd,,,2026-06-24,,2026-06-24,[68209],1 Bell Street London United Kingdom NW1 5BY,,,
VOICE OF PATIENTS LTD,17299787,active,ltd,,,2026-06-24,,2026-06-24,[63120, 63990, 70229, 73200],115 London Road, Morden United Kingdom SM4 5HP,,,
PJ AVIATION LIMITED,17299913,active,ltd,,,2026-06-24,,2026-06-24,[51102],71-75 Shelton Street London United Kingdom WC2H 9JQ,,,
ANDTHEREITIS LTD,17299901,active,ltd,,,2026-06-24,,2026-06-24,[58210, 62011],24 Beechwood Avenue London England N3 3AX,,,
CHEVALET ARTS LTD,17299886,active,ltd,,,2026-06-24,,2026-06-24,[47781, 56101, 56302, 90030],66 Paul Street London England EC2A 4NA,,,
WLPM LIMITED,17300170,active,ltd,,,2026-06-24,,2026-06-24,[98000],99 Highlever Road London England W10 6PW,,,
JR TECH SERVICES LTD,17300236,active,ltd,,,2026-06-24,,2026-06-24,[47410],66 Paul Street London United Kingdom EC2A 4NA,,,
RKP INTERNATIONAL LTD,17300244,active,ltd,,,2026-06-24,,2026-06-24,[82990],20 Wenlock Road London England N1 7GU,,,
FROYO AND TOPPINGS LTD,17300235,active,ltd,,,2026-06-24,,2026-06-24,[56102],32-33 Upper Street London England N1 0PN,,,
THREE OCEANS CAPITAL LTD,17300242,active,ltd,,,2026-06-24,,2026-06-24,[64209, 64303, 64999, 70229],71-75 Shelton Street London United Kingdom WC2H 9JQ,,,
OMB AUTOMOTIVE LIMITED,17300412,active,ltd,,,2026-06-24,,2026-06-24,[77110],167-169 Great Portland Street London England W1W 5PF,,,
LE ENGINEERING GROUP LTD,17300415,active,ltd,,,2026-06-24,,2026-06-24,[71122, 71129],128 City Road London United Kingdom EC1V 2NX,lecompany.co.uk,,Likely
KESTON GROUP LTD,17300417,active,ltd,,,2026-06-24,,2026-06-24,[62020, 62090],71-75 Shelton Street London United Kingdom WC2H 9JQ,,,
CLIMACOLD (CENTRAL) LIMITED,17300652,active,ltd,,,2026-06-25,,2026-06-25,[46690],128 City Road London United Kingdom EC1V 2NX,,,
ASHWIN STREET LIMITED,17300640,active,ltd,,,2026-06-25,,2026-06-25,[68100],Flat 2 59 Dalston Lane London United Kingdom E8 2NG,,,
VENDOR LUXE LTD,17300642,active,ltd,,,2026-06-25,,2026-06-25,[82301],432 High Street North London United Kingdom E12 6RH,,,
ES EN LONDON LIMITED,17300753,active,ltd,,,2026-06-25,,2026-06-25,[15120],124 City Road London United Kingdom EC1V 2NX,,,
WOLFMOTION YOGA LTD,17300766,active,ltd,,,2026-06-25,,2026-06-25,[96040],71-75 Shelton Street London United Kingdom WC2H 9JQ,,,
BARCOM ARABIA TRADING LIMITED,17300755,active,ltd,,,2026-06-25,,2026-06-25,[46900],01 182-184 Office 15452 High Street North East Ham London United Kingdom E6 2JA,,,
MVV TECHNOLOGIES LIMITED,17300982,active,ltd,,,2026-06-25,,2026-06-25,[74909],18 - 24 Turnham Green Terrace London United Kingdom W4 1QP,,,
AXTIQ LTD,17301148,active,ltd,,,2026-06-25,,2026-06-25,[62012, 62090],20 Wenlock Road London England N1 7GU,,,
MAS BESS FINCO 002 LIMITED,17301140,active,ltd,,,2026-06-25,,2026-06-25,[64209],4 Kingdom Street London United Kingdom W2 6BD,,,
COLERIDGE CLUBS LTD,17301142,active,ltd,,,2026-06-25,,2026-06-25,[88910],171 Ferme Park Road London England N8 9BP,,,
ROTHWELL FAMILY HOLDINGS LIMITED,17301136,active,ltd,,,2026-06-25,,2026-06-25,[64209, 68100],71-75 Shelton Street London United Kingdom WC2H 9JQ,,,
CY4S3C LTD,17301288,active,ltd,,,2026-06-25,,2026-06-25,[62020],20 Wenlock Road London England N1 7GU,,,
AURORA WEALTH LTD.,17301283,active,ltd,,,2026-06-25,,2026-06-25,[64991],71-75 Shelton Street London United Kingdom WC2H 9JQ,,,
RAW RESIDENTIAL PROPERTY INVESTMENTS LIMITED,17301402,active,ltd,,,2026-06-25,,2026-06-25,[68209],71-75 Shelton Street London England WC2H 9JQ,,,
DO HANDYMAN SERVICES LTD,17301396,active,ltd,,,2026-06-25,,2026-06-25,[43390],Flat 19 Longman House London England E2 0QT,dohandyman.space,,Confirmed
RADIUM ACTIVITIES LIMITED,17301397,active,ltd,,,2026-06-25,,2026-06-25,[58210, 58290, 62012, 63110],71-75 Shelton Street London United Kingdom WC2H 9JQ,,,
VEETRENDS LTD,17301395,active,ltd,,,2026-06-25,,2026-06-25,[47910],71-75 Shelton Street London United Kingdom WC2H 9JQ,,,
INSITE INTERNATIONAL RECRUITMENT LIMITED,17301518,active,ltd,,,2026-06-25,,2026-06-25,[78109, 78200],128 City Road London United Kingdom EC1V 2NX,,,
RELOVERETAIL LTD,17301577,active,ltd,,,2026-06-25,,2026-06-25,[47910],Flat 8, Beech House London England N16 0PU,,,
ARTISTIC VERGE LTD,17301637,active,ltd,,,2026-06-25,,2026-06-25,[47910, 58290],Unit A1329 4-6 Greatorex Street London United Kingdom E1 5NF,,,
NIMBLE CREATIVE STUDIO LTD,17301835,active,ltd,,,2026-06-25,,2026-06-25,[59120, 62011, 74100],Flat 135 Manhattan Building, 60, Bow Quarter Fairfield Road London United Kingdom E3 2UG,,,
CEGLE LTD,17301838,active,ltd,,,2026-06-25,,2026-06-25,[56103],57 Baring Road London England SE12 0JS,,,
HOXARA LTD,17301860,active,ltd,,,2026-06-25,,2026-06-25,[14190, 47910],66 Paul Street London United Kingdom EC2A 4NA,,,
JEEA CONSULTING LTD,17301846,active,ltd,,,2026-06-25,,2026-06-25,[70229],66 Paul Street London United Kingdom EC2A 4NA,,,
TIDE DEVELOPMENTS (16) LIMITED,17302121,active,ltd,,,2026-06-25,,2026-06-25,[68100],4th Floor 11 - 15 Wigmore Street Marylebone United Kingdom W1U 1PF,tideconstruction.co.uk,,Likely
SAD MELI FITZROVIA LTD,17302127,active,ltd,,,2026-06-25,,2026-06-25,[56101],Flat 6 Grain Apartments London England E16 2AQ,,,
ADABAILEY LTD,17302116,active,ltd,,,2026-06-25,,2026-06-25,[47190, 47910],359 City Road London United Kingdom EC1V 1LR,,,
STONEHAVEN BUILD PROJECTS LTD,17302123,active,ltd,,,2026-06-25,,2026-06-25,[41202],Flat 5 Guinness Court London England EC1V 3TR,,,
BECKY BOSTON LTD,17302260,active,ltd,,,2026-06-25,,2026-06-25,[47910],30 Mitcham Road London England SW17 9NA,,,
EDAMOR LTD.,17302233,active,ltd,,,2026-06-25,,2026-06-25,[47910],128 City Road London United Kingdom EC1V 2NX,edamor.com,,Likely
MODERN HEALTH GROUP HOLDINGS LIMITED,17302236,active,ltd,,,2026-06-25,,2026-06-25,[64209],71-75 Shelton Street London England WC2H 9JQ,modernhealthgroup.co.uk,,Likely
KYN HOLDINGS LTD,17302304,active,ltd,,,2026-06-25,,2026-06-25,[64209],Suite 631 Sixth Floor Linen Hall 162-168 London England W1B 5TG,,,
BROAD COMMON ESTATE LTD,17302306,active,ltd,,,2026-06-25,,2026-06-25,[68209],147 Stamford Hill London England N16 5LG,,,
SUMMER JUICE UK LTD,17302756,active,ltd,,,2026-06-26,,2026-06-26,[47190, 56102, 56103],30-34 New Oxford Street London England WC1A 1AP,,,
SILO FURNITURES LTD,17303002,active,ltd,,,2026-06-26,,2026-06-26,[31010],Suite 10968 5 Brayford Square London United Kingdom E1 0SG,silofurnitures.com,,Confirmed
OMARI HOLDINGS LTD,17303004,active,ltd,,,2026-06-26,,2026-06-26,[46190, 47910, 47990],2 Frederick Street London United Kingdom WC1X 0ND,,,
DOLYA LTD,17303003,active,ltd,,,2026-06-26,,2026-06-26,[62012],Office 19599 182-184 High Street North London England E6 2JA,,,
FELDMAN CLOSE LTD,17303013,active,ltd,,,2026-06-26,,2026-06-26,[68100],66 Kyverdale Road London United Kingdom N16 6PJ,,,
ASTEKRO LTD,17303090,active,ltd,,,2026-06-26,,2026-06-26,[47910],Flat 4 Pitcairn House London England E9 6PT,,,
BLACKHAWKS SECURITY SERVICES LTD,17303095,active,ltd,,,2026-06-26,,2026-06-26,[80100],851 Forest Road London England E17 4AT,,,
ALBI FINANCE LIMITED,17303187,active,ltd,,,2026-06-26,,2026-06-26,[64999],The Carpenters Workshop Unit 4 Hoadlands Farm London Road Haywards Heath England RH17 6HB,,,
TAILWIND PERFORMANCE LIMITED,17303280,active,ltd,,,2026-06-26,,2026-06-26,[47640],5 Brayford Square London England E1 0SG,,,
GOLDEN FILO UK LTD,17303283,active,ltd,,,2026-06-26,,2026-06-26,[10890],Hale House Unit 5 Palmers Green United Kingdom N13 5TW,,,
SIMON LAW EXPLORER DAYS LTD,17303486,active,ltd,,,2026-06-26,,2026-06-26,[79901],90 Mill Lane London England NW6 1NL,,,
SIGNAL LANGIS LTD,17289815,active,ltd,,,2026-06-20,,2026-06-20,[62012],3rd Floor, Great Titchfield House London United Kingdom W1W 8BD,,,
WASTEFULL LTD,17303504,active,ltd,,,2026-06-26,,2026-06-26,[62012, 63120],6 Highworth Road London England N11 2SJ,,,
CARDIOLOGY LONDON LTD,17303711,active,ltd,,,2026-06-26,,2026-06-26,[86220],Flat 2 St Giles House London United Kingdom SE5 7UD,,,
PLK TRADING LTD,17303712,active,ltd,,,2026-06-26,,2026-06-26,[46900, 47910],128 City Road London United Kingdom EC1V 2NX,,,
NCR REALTY LTD,17303718,active,ltd,,,2026-06-26,,2026-06-26,[68100, 68209],105 Eade Road London England N4 1TJ,,,
LIDIME RETAIL LTD,17303821,active,ltd,,,2026-06-26,,2026-06-26,[47110],61 Stanstead Road London England SE23 1HG,,,
XTR26 LTD,17303942,active,ltd,,,2026-06-26,,2026-06-26,[68100, 68209],C/O Merit Accountants, London England WC1H 0AF,,,
VOIYCE AI LTD,17304048,active,ltd,,,2026-06-26,,2026-06-26,[62012, 62020, 62090, 63110],1011b Nash House Old Oak Lane London United Kingdom NW10 6FF,,,
WHITECOMPASS AI AGENCY LTD,17304160,active,ltd,,,2026-06-26,,2026-06-26,[63110],128 City Road London United Kingdom EC1V 2NX,,,
MERUNA GROUP LIMITED,17304222,active,ltd,,,2026-06-26,,2026-06-26,[46190, 46900, 70229, 74909],196 High Road London England N22 8HH,,,
NETRA INTELLIGENCE LIMITED,17304216,active,ltd,,,2026-06-26,,2026-06-26,[62012, 62090, 63110, 63990],Silverstream House 4th Floor London England W1T 6EB,,,
DVS MARKETING SOLUTIONS LTD,17304215,active,ltd,,,2026-06-26,,2026-06-26,[73110],128 City Road London United Kingdom EC1V 2NX,,,
MONABU LTD,17304351,active,ltd,,,2026-06-26,,2026-06-26,[47910],Office 19700 182-184 High Street North London United Kingdom E6 2JA,,,
ORYVA LTD,17304352,active,ltd,,,2026-06-26,,2026-06-26,[47910],Office 19683 182-184 High Street North London United Kingdom E6 2JA,,,
H.OZMEN LTD,17304380,active,ltd,,,2026-06-26,,2026-06-26,[47910],Office 19603 182-184 High Street North London United Kingdom E6 2JA,,,
VANDORIX LTD,17304390,active,ltd,,,2026-06-26,,2026-06-26,[47910],71-75 Shelton Street London United Kingdom WC2H 9JQ,,,
FREETIMING LTD,17304385,active,ltd,,,2026-06-26,,2026-06-26,[47910],128 City Road London United Kingdom EC1V 2NX,,,
JIUYAO MEDIA LIMITED,17304502,active,ltd,,,2026-06-26,,2026-06-26,[47430, 47540, 47710, 47910],291492 Office Suite 29a, 3/F 23 Wharf Street London England SE8 3GG,,,
BETA RELOCATION LIMITED,17304493,active,ltd,,,2026-06-26,,2026-06-26,[49420],20 Chesterton Road London England E13 8BA,,,
LEO LIGHTNING COURIERS LIMITED,17304606,active,ltd,,,2026-06-26,,2026-06-26,[53201],66 Paul Street London England EC2A 4NA,,,
ALTRAVENTIS LTD,17304603,active,ltd,,,2026-06-26,,2026-06-26,[16230, 43320],143 Ramsay Road London England E7 9EP,,,
PAYMYFINES LTD,17304655,active,ltd,,,2026-06-27,,2026-06-27,[62012, 63120],66 Paul Street London England EC2A 4NA,,,
S7VEN LTD,17304725,active,ltd,,,2026-06-27,,2026-06-27,[82301],66 Paul Street London United Kingdom EC2A 4NA,,,
SIMPLE TAX CO. LIMITED,17304755,active,ltd,,,2026-06-27,,2026-06-27,[69201],Flat 55 Banstead Court London England W12 0QJ,,,
OD PROPERTY & BUSINESS SERVICES LTD,17304758,active,ltd,,,2026-06-27,,2026-06-27,[41202, 68320, 69202, 70229],Flat 16 Marbleford Court London England N6 5NJ,,,
HANAA ATELIER LTD,17304782,active,ltd,,,2026-06-27,,2026-06-27,[46900, 47910, 70229],71-75 Shelton Street London United Kingdom WC2H 9JQ,,,
MADE BY LANNI LTD,17305004,active,ltd,,,2026-06-28,,2026-06-28,[47890],66 Paul Street London United Kingdom EC2A 4NA,,,
F ARSHAD ENTERPRISES LIMITED,17305003,active,ltd,,,2026-06-28,,2026-06-28,[47910],120 Bisson Road London England E15 2RF,,,
DYNAMO HOLDINGS LTD,17305040,active,ltd,,,2026-06-28,,2026-06-28,[64209],25 Cheriton Queens Crescent London England NW5 4EZ,,,
SURGENODE LTD,17305200,active,ltd,,,2026-06-28,,2026-06-28,[63110],71-75 Shelton Street London United Kingdom WC2H 9JQ,,,
A SHEHI CONSTRUCTION LTD,17305209,active,ltd,,,2026-06-28,,2026-06-28,[43390],Flat 18 Carlton Court London England SE19 2RS,,,
STEADPATH LIVING LTD,17305370,active,ltd,,,2026-06-28,,2026-06-28,[87200, 87900, 88100, 88990],Apartment 18 Ravel House London England SW11 3BD,,,
COOKHAM MOTORS LTD,17305433,active,ltd,,,2026-06-29,,2026-06-29,[45112, 45190, 45200, 45310],71-75 Shelton Street London United Kingdom WC2H 9JQ,,,
GROWTH FUNDING LTD,17305519,active,ltd,,,2026-06-29,,2026-06-29,[64999],71-75 Shelton Street London United Kingdom WC2H 9JQ,,,
NEXUM CAPITAL LTD,17305513,active,ltd,,,2026-06-29,,2026-06-29,[63110, 74909],71-75 Shelton Street London United Kingdom WC2H 9JQ,,,
VERDANTAZ LTD,17305516,active,ltd,,,2026-06-29,,2026-06-29,[96090],71-75 Shelton Street London United Kingdom WC2H 9JQ,,,
TOSEVAR LTD,17305630,active,ltd,,,2026-06-29,,2026-06-29,[82200, 82990],128 City Road London United Kingdom EC1V 2NX,,,
ODD PROBLEMS LTD,17305701,active,ltd,,,2026-06-29,,2026-06-29,[58290, 62011, 62012],275 New North Road London England N1 7AA,,,
VOSS24 UK LIMITED,17305696,active,ltd,,,2026-06-29,,2026-06-29,[47910],275 New N Rd Pmb 3181 London United Kingdom N1 7AA,,,
AMPLE STUDIOS LIMITED,17305837,active,ltd,,,2026-06-29,,2026-06-29,[41100, 42990],128 City Road London United Kingdom EC1V 2NX,,,
ELVONA LIMITED,17305843,active,ltd,,,2026-06-29,,2026-06-29,[47910, 62012],Office 1528 60 Tottenham Court Road London United Kingdom W1T 2EW,,,
MADEVA LOGISTICS LTD,17305950,active,ltd,,,2026-06-29,,2026-06-29,[49410],66 Paul Street London United Kingdom EC2A 4NA,,,
LGR ELECTRICS LIMITED,17305980,active,ltd,,,2026-06-29,,2026-06-29,[43210],Flat 2 95 Forest Road London United Kingdom E8 3BH,,,
KRAMSON CAPITAL LTD,17305964,active,ltd,,,2026-06-29,,2026-06-29,[68209],1601 Sky View Tower 12 High Street London England E15 2GT,,,
ALPHA BUILDING AND REPAIR LTD,17306240,active,ltd,,,2026-06-29,,2026-06-29,[41100],20 Wenlock Road London England N1 7GU,,,
JKX CONSULTING LIMITED,17306228,active,ltd,,,2026-06-29,,2026-06-29,[70229],45 Loampit Hill London United Kingdom SE13 7SZ,,,
FG DIGITAL LIMITED,17306231,active,ltd,,,2026-06-29,,2026-06-29,[47910],Suite 10983 5 Brayford Square London United Kingdom E1 0SG,,,
WITHEMOTION LTD,17306246,active,ltd,,,2026-06-29,,2026-06-29,[74100],71-75 Shelton Street London United Kingdom WC2H 9JQ,,,
DM LABS LIMITED,17306352,active,ltd,,,2026-06-29,,2026-06-29,[62012],Better Space, London England EC1R 3DA,,,
BARCELONA STUDIOS LIMITED,17306360,active,ltd,,,2026-06-29,,2026-06-29,[90040],York House 1 Seagrave Road London United Kingdom SW6 1RP,,,
LUDEN TECHNOLOGY LTD,17306374,active,ltd,,,2026-06-29,,2026-06-29,[62012, 62020],71-75 Shelton Street London United Kingdom WC2H 9JQ,,,
ALTOSALE LTD,17306376,active,ltd,,,2026-06-29,,2026-06-29,[47910, 47990],71-75 Shelton Street London United Kingdom WC2H 9JQ,,,
DUBB BUILD AND DEVELOPMENTS LTD,17306664,active,ltd,,,2026-06-29,,2026-06-29,[43390],74a High Street Wanstead London United Kingdom E11 2RJ,,,
ARGYLL CAPITAL LIMITED,17306672,active,ltd,,,2026-06-29,,2026-06-29,[68100, 68209],71-75 Shelton Street London United Kingdom WC2H 9JQ,,,
GRE (IM) LTD,17306680,active,ltd,,,2026-06-29,,2026-06-29,[41100],66 St James's Street London United Kingdom SW1A 1NE,gre-ltd.co.uk,,Likely
LANDINGNEXT LTD,17306659,active,ltd,,,2026-06-29,,2026-06-29,[62012, 62090, 63110, 63120],20 Wenlock Road London England N1 7GU,,,
ELUVIS HURST GREEN LTD,17306794,active,ltd,,,2026-06-29,,2026-06-29,[41100],Unit 149, Cannon Workshops Cannon Drive London United Kingdom E14 4AS,,,
REVOLVA LIMITED,17306887,active,ltd,,,2026-06-29,,2026-06-29,[58290, 62012, 62020, 63110],66 Paul Street London England EC2A 4NA,revolva.co.uk,,Likely
ZONTALLYAI LTD,17306881,active,ltd,,,2026-06-29,,2026-06-29,[62012],66 Paul Street London United Kingdom EC2A 4NA,zontally.com,,Likely
CORE LIVING LIMITED,17307207,active,ltd,,,2026-06-29,,2026-06-29,[41100, 68100, 68320],71-75 Shelton Street London United Kingdom WC2H 9JQ,,,
PUNK LABS LTD,17307364,active,ltd,,,2026-06-29,,2026-06-29,[62020],71-75 Shelton Street London United Kingdom WC2H 9JQ,,,
DRACO YACHTING LTD,17307372,active,ltd,,,2026-06-29,,2026-06-29,[96090],71-75 Shelton Street London United Kingdom WC2H 9JQ,,,
JAMES KENNEDY ELECTRICALS LTD,17307538,active,ltd,,,2026-06-29,,2026-06-29,[43210],71-75 Shelton Street London United Kingdom WC2H 9JQ,,,
CMCEP LTD,17307552,active,ltd,,,2026-06-29,,2026-06-29,[56210],20 Wenlock Road London England N1 7GU,,,
ALG DRIVING SOLUTIONS LIMITED,17307702,active,ltd,,,2026-06-29,,2026-06-29,[49320, 82990],First Floor Office Number 7 London United Kingdom SW6 4HH,,,
BHILLFOOD LIMITED,17307783,active,ltd,,,2026-06-29,,2026-06-29,[56103, 56290],159 London Road Burgess Hill England RH15 8LH,,,
A&R ESCAPES LIMITED,17307881,active,ltd,,,2026-06-29,,2026-06-29,[68209, 68320],124 City Road London England EC1V 2NX,,,
UNITRADERZ LTD,17307915,active,ltd,,,2026-06-29,,2026-06-29,[47910],17 Ethel Road London United Kingdom E16 3AT,,,
BARRATT BROTHER GAMES LTD,17307912,active,ltd,,,2026-06-29,,2026-06-29,[47650],20 John Mckenna Walk London England SE16 4SW,,,
AZ IT SERVICES LTD,17307917,active,ltd,,,2026-06-29,,2026-06-29,[62020],21 Parfett Street London England E1 1JR,,,
NOIRE FILMS LIMITED,17308026,active,ltd,,,2026-06-29,,2026-06-29,[59111],Flat 101 Chelsea Court 24 Embankment Gardens London England SW3 4LS,,,
SAINT CHRISTOPHE ISLE TRADING AND INVESTMENT COMPANY LTD,17308028,active,ltd,,,2026-06-29,,2026-06-29,[46450],63 Griffin Close London England NW10 1LN,,,
CMR PRODUCTCONSULT LTD,17308268,active,ltd,,,2026-06-30,,2026-06-30,[62012],40 Taeping Street London United Kingdom E14 9UT,,,
THE FERAL FORK LTD,17308274,active,ltd,,,2026-06-30,,2026-06-30,[10890, 56210, 56290, 70210],7 Montana Road London England SW17 8SN,,,
VENTURO AUTO LTD,17308266,active,ltd,,,2026-06-30,,2026-06-30,[45112],195-197 Wood Street London United Kingdom E17 3NU,,,
COAGENCY CONSULTING LTD,17308279,active,ltd,,,2026-06-30,,2026-06-30,[70229, 78109],124 City Road London England EC1V 2NX,,,
AGR DIGITAL LTD,17308547,active,ltd,,,2026-06-30,,2026-06-30,[62012, 63110, 73110],27 Old Gloucester Street London United Kingdom WC1N 3AX,,,
TITIL LTD,17308546,active,ltd,,,2026-06-30,,2026-06-30,[62012, 62090],71-75 Shelton Street London United Kingdom WC2H 9JQ,,,
MODESTER AESTHETICS LTD,17308549,active,ltd,,,2026-06-30,,2026-06-30,[96020],124-128 City Road London England EC1V 2NX,,,
BELPARK HAYES LTD,17308590,active,ltd,,,2026-06-30,,2026-06-30,[68100],220 The Vale London England NW11 8SR,,,
REVERSE CHRONIC PAIN LTD,17308600,active,ltd,,,2026-06-30,,2026-06-30,[62090, 86900],31 Yeoman Close London England SE27 0PS,,,
APEX MULTI AGENCY LTD,17308750,active,ltd,,,2026-06-30,,2026-06-30,[47410, 62012, 74100],66 Paul Street London England EC2A 4NA,,,
STAIR GROUP CONTRACTS LTD,17308732,active,ltd,,,2026-06-30,,2026-06-30,[16230],20 Wenlock Road London England N1 7GU,,,
COURT CUBS LTD,17308728,active,ltd,,,2026-06-30,,2026-06-30,[85510, 93110],6a Dalebury Road London England SW17 7HH,,,
CLEARBAYZ LIMITED,17308763,active,ltd,,,2026-06-30,,2026-06-30,[62090],71-75 Shelton Street London United Kingdom WC2H 9JQ,,,
FRONTIER INTELLIGENCE SYSTEMS LTD,17308960,active,ltd,,,2026-06-30,,2026-06-30,[62012, 62020],71-75 Shelton Street London United Kingdom WC2H 9JQ,,,
MAISON LUME STUDIOS LTD,17308962,active,ltd,,,2026-06-30,,2026-06-30,[47760],71-75 Shelton Street London United Kingdom WC2H 9JQ,,,
FAVILLA LTD,17308971,active,ltd,,,2026-06-30,,2026-06-30,[62090],71-75 Shelton Street London United Kingdom WC2H 9JQ,,,
LONGEVITY ELITE LTD,17308972,active,ltd,,,2026-06-30,,2026-06-30,[82990, 85590, 96090],71-75 Shelton Street London United Kingdom WC2H 9JQ,,,
AETHER FARMS HOLDINGS LTD,17309125,active,ltd,,,2026-06-30,,2026-06-30,[01130, 01470, 64201, 64209],First Floor Office London United Kingdom W8 4LZ,,,
AUTOCARE GROUP LTD,17309130,active,ltd,,,2026-06-30,,2026-06-30,[45200],3 Colts Corner London United Kingdom E2 6EH,,,
MARITIME ELECTRICAL SERVICES (MES PAT TESTING) LTD,17309122,active,ltd,,,2026-06-30,,2026-06-30,[96090],71-75 Shelton Street London United Kingdom WC2H 9JQ,,,
LABLOGIC LTD,17309147,active,ltd,,,2026-06-30,,2026-06-30,[70229],71-75 Shelton Street London United Kingdom WC2H 9JQ,,,
LEGACY ATHLETE LIMITED,17309143,active,ltd,,,2026-06-30,,2026-06-30,[70229],21-23 Mossop Street London England SW3 2LY,,,
AGILO INC LTD,17309239,active,ltd,,,2026-06-30,,2026-06-30,[73110],Unit A1331 4-6 Greatorex Street London United Kingdom E1 5NF,,,
NARA PSYCHOLOGY LTD,17309240,active,ltd,,,2026-06-30,,2026-06-30,[86900],71-75 Shelton Street London United Kingdom WC2H 9JQ,,,
GDPR GATEWAY LIMITED,17309242,active,ltd,,,2026-06-30,,2026-06-30,[62020],Suite Ra01 195-197 Wood Street London United Kingdom E17 3NU,,,
PRINCE PRIME STAYS LTD,17309246,active,ltd,,,2026-06-30,,2026-06-30,[68320],60 Tottenham Court Road Fitzrovia United Kingdom W1T 2EW,,,
RISE OF THE CREATIVES LTD,17309379,active,ltd,,,2026-06-30,,2026-06-30,[59112, 59113, 85520, 90020],5 Brayford Square London England E1 0SG,,,
TELDA LTD,17309380,active,ltd,,,2026-06-30,,2026-06-30,[68320, 70229, 78200],236 Coldharbour Lane London England SW9 8SD,,,
GREENSTOCK FARM LTD,17309482,active,ltd,,,2026-06-30,,2026-06-30,[62090, 70229, 74909, 82990],66 Paul Street London United Kingdom EC2A 4NA,,,
KH CAR SALES LIMITED,17309515,active,ltd,,,2026-06-30,,2026-06-30,[45112],190 London Road Sheffield England S2 4LT,,,
LONG POWER LTD,17252551,active,ltd,,,2026-06-01,,2026-06-01,[38210, 58290, 74909],10 John Street London England WC1N 2EB,,,
MEHGUN TEXTILES LTD,17309628,active,ltd,,,2026-06-30,,2026-06-30,[47510],380 Bethnal Green Road London England E2 0AH,,,
AMY CLARK INTERIORS LTD,17309658,active,ltd,,,2026-06-30,,2026-06-30,[74100],1 Kings Avenue Winchmore Hill United Kingdom N21 3NA,,,
AGSTORESUK LTD,17309777,active,ltd,,,2026-06-30,,2026-06-30,[47910],66 Paul Street London United Kingdom EC2A 4NA,,,
NEURO SUPPORT ACADEMY LTD,17309778,active,ltd,,,2026-06-30,,2026-06-30,[85600],124-128 City Road London England EC1V 2NX,,,
PROJECT VIRTUOUS LIMITED,17309765,active,ltd,,,2026-06-30,,2026-06-30,[64921],5th Floor 11 Berkeley Street London United Kingdom W1J 8DS,,,
NAETOS AI LTD,17309770,active,ltd,,,2026-06-30,,2026-06-30,[62012, 62020, 62090, 63110],71-75 Shelton Street London United Kingdom WC2H 9JQ,,,
AAIH LTD,17309784,active,ltd,,,2026-06-30,,2026-06-30,[63120, 63990],71-75 Shelton Street London United Kingdom WC2H 9JQ,,,
TENLAND DEAN PARK LIMITED,17309782,active,ltd,,,2026-06-30,,2026-06-30,[68100],72 Charteris Road London England NW6 7EX,,,
ACE CAPITAL HOLDINGS LTD,17309991,active,ltd,,,2026-06-30,,2026-06-30,[64209],124-128 City Road London England EC1V 2NX,,,
NUI TO LTD,17309988,active,ltd,,,2026-06-30,,2026-06-30,[62020, 74100],71-75 Shelton Street London United Kingdom WC2H 9JQ,,,
CREOFY LTD,17310018,active,ltd,,,2026-06-30,,2026-06-30,[62012, 62020, 62090, 63110],71-75 Shelton Street London United Kingdom WC2H 9JQ,,,
ARGO HUB LTD,17310355,active,ltd,,,2026-06-30,,2026-06-30,[62090],71-75 Shelton Street London United Kingdom WC2H 9JQ,,,
RICHARD WHITEHOUSE ADVISORY LTD,17310349,active,ltd,,,2026-06-30,,2026-06-30,[70229, 71121, 71122],71-75 Shelton Street London United Kingdom WC2H 9JQ,,,
RAVENHURST HOLDINGS LTD,17310354,active,ltd,,,2026-06-30,,2026-06-30,[64209],71-75 Shelton Street London United Kingdom WC2H 9JQ,,,
SDL DESIGN & BUILD LTD,17310359,active,ltd,,,2026-06-30,,2026-06-30,[41202],66 Paul Street London United Kingdom EC2A 4NA,,,
ROOFERS CORNER LIMITED,17310344,active,ltd,,,2026-06-30,,2026-06-30,[47910],20 Wenlock Road London England N1 7GU,,,
WE WANT 2 WORK LTD,17310338,active,ltd,,,2026-06-30,,2026-06-30,[78109],66 Paul Street London England EC2A 4NA,,,
ANYTHING ANYWHERE COURIERS LIMITED,17310685,active,ltd,,,2026-06-30,,2026-06-30,[52290],66 Paul Street London United Kingdom EC2A 4NA,,,
STREAMLINE BUSINESS COACHING LIMITED,17310691,active,ltd,,,2026-06-30,,2026-06-30,[96090],128 City Road London United Kingdom EC1V 2NX,,,
BANAT SERVICE LTD,17310782,active,ltd,,,2026-06-30,,2026-06-30,[62090],Flat 81, Peabody Tower London England EC1Y 0RX,,,
LETOPTION PROPERTY MANAGEMENT LTD,17310781,active,ltd,,,2026-06-30,,2026-06-30,[55209, 68320],3rd Floor 45 Albemarle Street London United Kingdom W1S 4JL,,,
MOSHAV ETHAN PROPERTY ONE LTD,17299474,active,ltd,,,2026-06-24,,2026-06-24,[68100],18 Heriot Road London England NW4 2DG,,,
MINI ME DAYCARE LTD,17299831,active,ltd,,,2026-06-24,,2026-06-24,[85100, 88910],115 Craven Park Road London England N15 6BL,,,
HOUSE OF CLASSICS LTD,17299855,active,ltd,,,2026-06-24,,2026-06-24,[47910],124-128 City Road London England EC1V 2NX,,,
JENSENHARLOW LTD,17299852,active,ltd,,,2026-06-24,,2026-06-24,[81210, 81222, 81299],66 Paul Street London England EC2A 4NA,,,
OSRA HOUSE LTD,17299566,active,ltd,,,2026-06-24,,2026-06-24,[47910, 49320, 49390],Room 2c Kimmerston House London England SW1P 2PR,,,
M I N A CONSTRUCTIONS LTD,17299563,active,ltd,,,2026-06-24,,2026-06-24,[41201, 41202],422 Katherine Road London England E7 8NP,,,
BAITAK LIMITED,17268826,active,ltd,,,2026-06-08,,2026-06-08,[68209],1 Northwick Terrace London England NW8 8JJ,,,
SOVTRR LIMITED,17299569,active,ltd,,,2026-06-24,,2026-06-24,[70229, 82990],4th Floor Office London England W1B 4HB,,,
SADO CONSULTING LTD,17299664,active,ltd,,,2026-06-24,,2026-06-24,[70229],66 Paul Street London United Kingdom EC2A 4NA,sadoconsulting.com,info@sadoconsulting.com,Confirmed
AKIRA TECHNOLOGIES LIMITED,17299662,active,ltd,,,2026-06-24,,2026-06-24,[59200, 63120],71-75 Shelton Street London United Kingdom WC2H 9JQ,,,
KBX SYSTEMS LTD,17299866,active,ltd,,,2026-06-24,,2026-06-24,[71129],66 Paul Street London England EC2A 4NA,,,
CROSSFIRE PAYCO LIMITED,17299954,active,ltd,,,2026-06-24,,2026-06-24,[64209],5 New Street Square London United Kingdom EC4A 3TW,,,
HOHO BEST LTD,17299941,active,ltd,,,2026-06-24,,2026-06-24,[56103],394 London Road Reading England RG6 1BA,,,
NOMICS EDUCATION LTD.,17300521,active,ltd,,,2026-06-24,,2026-06-24,[58290, 62011, 63120, 85590],Flat 23 Pinehurst Court 1-3 Colville Gardens London England W11 2BH,nomicsapp.com,contact@nomicsapp.com,Confirmed
GLARE STUDIO LTD,17300517,active,ltd,,,2026-06-24,,2026-06-24,[43330, 47910, 74100, 90030],Trident Business Centre London England SW17 9SH,,,
MCENTAGGART CONSULTING LTD,17300573,active,ltd,,,2026-06-24,,2026-06-24,[72200, 74909],83a Fitzjohns Avenue London England NW3 6NY,,,
BELLS AUTOMOTIVE LTD,17300941,active,ltd,,,2026-06-25,,2026-06-25,[45112, 45190],128 City Road London United Kingdom EC1V 2NX,,,
LUKA PARTNERS LTD,17290038,active,ltd,,,2026-06-20,,2026-06-20,[43210],71-75 Shelton Street London United Kingdom WC2H 9JQ,,,
JP COLLECTIBLES LTD,17301087,active,ltd,,,2026-06-25,,2026-06-25,[47910],27 Old Gloucester Street London United Kingdom WC1N 3AX,,,
DIGITAL TRIPS LTD,17301084,active,ltd,,,2026-06-25,,2026-06-25,[70229, 73110],128 City Road London United Kingdom EC1V 2NX,,,
AIZANEX LIMITED,17301068,active,ltd,,,2026-06-25,,2026-06-25,[47910],Siu Offices London United Kingdom E1 5NF,,,
TURNER RUTTER & ASSOCIATES LTD,17301153,active,ltd,,,2026-06-25,,2026-06-25,[70229],Flat 11 Donne Court London England SE24 9HH,,,
AL MADANI INTERNATIONAL LTD,17301160,active,ltd,,,2026-06-25,,2026-06-25,[46390, 46450, 46900],128 City Road London United Kingdom EC1V 2NX,,,
OOPP GROUP LTD,17301500,active,ltd,,,2026-06-25,,2026-06-25,[62012, 63120],167-169 Great Portland Street London England W1W 5PF,,,
ALCANE LTD,17301514,active,ltd,,,2026-06-25,,2026-06-25,[73110],66 Paul Street London United Kingdom EC2A 4NA,,,
BERRISTONE LTD,17301494,active,ltd,,,2026-06-25,,2026-06-25,[46450, 47910],Suite 65 Churchill House London United Kingdom NW4 4DJ,,,
BARNT 26 LTD,17301730,active,ltd,,,2026-06-25,,2026-06-25,[46150],20 Wenlock Road London England N1 7GU,,,
ARL & KO LTD,17301744,active,ltd,,,2026-06-25,,2026-06-25,[64209],12 Melody Road London England SW18 2QF,,,
LANTERN ADVISORY LIMITED,17301875,active,ltd,,,2026-06-25,,2026-06-25,[70229],21 Arlington Street London England SW1A 1RN,,,
SOM ENGINEERING LTD,17301874,active,ltd,,,2026-06-25,,2026-06-25,[45200],Office 416, Crown House North Circular Road London England NW10 7PN,,,
SMARTPLAN HOMES 02 LTD,17301865,active,ltd,,,2026-06-25,,2026-06-25,[68209],6 Park Road London England N14 6HG,,,
MCS MANAGEMENT CONSULTANCY SERVICES LIMITED,17302022,active,ltd,,,2026-06-25,,2026-06-25,[13300, 18129, 18202],128 City Road London United Kingdom EC1V 2NX,,,
GFM MANAGEMENT LTD,17302024,active,ltd,,,2026-06-25,,2026-06-25,[70229],First Floor, 14-15 Berners Street London United Kingdom W1T 3LJ,,,
1ST ACCOUNTING LTD,17302181,active,ltd,,,2026-06-25,,2026-06-25,[99999],71-75 Shelton Street London United Kingdom WC2H 9JQ,,,
PARAMELA LTD,17277271,active,ltd,,,2026-06-17,,2026-06-17,[70221, 70229],71-75 Shelton Street London United Kingdom WC2H 9JQ,,,
BAYT AL ATTAR LTD,17302351,active,ltd,,,2026-06-25,,2026-06-25,[47910],8 Junction Mews London United Kingdom W2 1PN,,,
CP THERAPEUTICS LTD,17302421,active,ltd,,,2026-06-25,,2026-06-25,[72110],167-169 Great Portland Street London England W1W 5PF,,,
OZADVICE LTD,17302413,active,ltd,,,2026-06-25,,2026-06-25,[62020],Flat 701 Drake Apartments 26 Heygate Street London England SE17 1FP,,,
SEEKRS PLATFORM LTD,17286746,active,ltd,,,2026-06-19,,2026-06-19,[58290],167-169 Great Portland Street London England W1W 5PF,,,
MAYANI CONSTRUCTION LIMITED,17302465,active,ltd,,,2026-06-25,,2026-06-25,[71122],Flat 14 Powlesland Building London England E1 0NE,,,
SH STRUCTURED SERVICES LTD,17302546,active,ltd,,,2026-06-26,,2026-06-26,[68100, 68209, 87200, 88100],9 Wilson Court London England NW9 5WQ,,,
MEADOW ON BETHNAL LTD,17302592,active,ltd,,,2026-06-26,,2026-06-26,[56102],Flat 27, Morris House London United Kingdom E2 0HP,,,
TWENTYFIFTEEN LTD,17302588,active,ltd,,,2026-06-26,,2026-06-26,[14110],592 Finchley Road London United Kingdom NW11 7RX,,,
DOGUMENT LTD,17302753,active,ltd,,,2026-06-26,,2026-06-26,[62012],71-75 Shelton Street London United Kingdom WC2H 9JQ,,,
ARCHEMIND LTD,17302747,active,ltd,,,2026-06-26,,2026-06-26,[62012],66 Paul Street London United Kingdom EC2A 4NA,,,
TRYFINSIGHT LTD,17302850,active,ltd,,,2026-06-26,,2026-06-26,[63120],71-75 Shelton Street London United Kingdom WC2H 9JQ,,,
BLANKITA WEST GREEN LTD,17302838,active,ltd,,,2026-06-26,,2026-06-26,[10890],36 West Green Road London England N15 5NP,,,
FIELDFETCH LTD,17302837,active,ltd,,,2026-06-26,,2026-06-26,[46390],299 Victoria Park Road London England E9 5DY,,,
WECLEANCARS LIMITED,17302834,active,ltd,,,2026-06-26,,2026-06-26,[45200],124 City Road London England EC1V 2NX,,,
PB MOVIE LIMITED,17302844,active,ltd,,,2026-06-26,,2026-06-26,[59111],21a Brownlow Mews London England WC1N 2LA,,,
STRATIFY INSIGHTS LTD,17303064,active,ltd,,,2026-06-26,,2026-06-26,[62012, 70229, 85590],2nd Floor College House Ruislip, United Kingdom HA4 7AE,stratify-insights.com,,Likely
MONRAC LTD,17303148,active,ltd,,,2026-06-26,,2026-06-26,[47910],Suite 10985 5 Brayford Square London United Kingdom E1 0SG,,,
BLACKBOOT FOOTBALL INTELLIGENCE LTD,17303320,active,ltd,,,2026-06-26,,2026-06-26,[62090],20 Wenlock Road London England N1 7GU,,,
Y FAMILY LTD,17303325,active,ltd,,,2026-06-26,,2026-06-26,[56102, 56103],3 Greenleaf Road London United Kingdom E6 1DX,,,
MODERN PALACE SUITES LTD,17303307,active,ltd,,,2026-06-26,,2026-06-26,[55209, 68320, 73110],167-169 Great Portland Street London England W1W 5PF,,,
EP EDUCATION LTD,17303326,active,ltd,,,2026-06-26,,2026-06-26,[62020, 62090, 85590],167-169 Great Portland Street London England W1W 5PF,,,
LORE TECHNOLOGIES LTD,17303424,active,ltd,,,2026-06-26,,2026-06-26,[62012],71-75 Shelton Street London United Kingdom WC2H 9JQ,,,
OMNINGAGE HOLDINGS LIMITED,17303613,active,ltd,,,2026-06-26,,2026-06-26,[62012],C/O City, Chartered Accountants Suite 540 5fth Floor Linen Hall London United Kingdom W1B 5TF,,,
K1 HOLDINGS LTD,17303667,active,ltd,,,2026-06-26,,2026-06-26,[68100, 68209, 68320],128 City Road London United Kingdom EC1V 2NX,,,
DWT CLEANING LIMITED,17303858,active,ltd,,,2026-06-26,,2026-06-26,[81299],860-862 Garratt Lane London United Kingdom SW17 0NB,,,
BUILD & BALANCE LIMITED,17291529,active,ltd,,,2026-06-20,,2026-06-20,[47650, 47910],45 4th Floor, Silverstream House London England W1T 6EB,,,
COCOON BLANKETS HOLDINGS LIMITED,17303904,active,ltd,,,2026-06-26,,2026-06-26,[64209],16 Great Queen Street London United Kingdom WC2B 5AH,,,
NOVAGREX LIMITED,17304024,active,ltd,,,2026-06-26,,2026-06-26,[58290, 62011, 62012, 62020],66 Paul Street London United Kingdom EC2A 4NA,,,
WORLDWIDE MISSION CRITICAL UK LIMITED,17304154,active,ltd,,,2026-06-26,,2026-06-26,[64209],7th Floor 50 Broadway London United Kingdom SW1H 0DB,,,
LONDON INVENTORY SCHOOL LTD,17304159,active,ltd,,,2026-06-26,,2026-06-26,[85590],71-75 Shelton Street London United Kingdom WC2H 9JQ,,,
LONDON ROAD OILS LTD,17304156,active,ltd,,,2026-06-26,,2026-06-26,[38210],20 Wenlock Road London England N1 7GU,,,
CAL AFFINIUS EUROPEAN DEBT LENDCO 7 LIMITED,17304401,active,ltd,,,2026-06-26,,2026-06-26,[64929],7th Floor Swan House London United Kingdom W1C 1BQ,,,
NOVA PRISM LTD,17304404,active,ltd,,,2026-06-26,,2026-06-26,[62012, 62020, 63110, 63990],71-75 Shelton Street London United Kingdom WC2H 9JQ,,,
KKR BUILD LTD,17304699,active,ltd,,,2026-06-27,,2026-06-27,[41201, 41202, 43290],Flat 28 Lysander House London England NW10 6FJ,,,
PSC STUDIOS LTD,17304711,active,ltd,,,2026-06-27,,2026-06-27,[73120],1434 London Road Leigh-On-Sea England SS9 2UL,,,
ZD MANAGEMENT SERVICES LTD,17277966,active,ltd,,,2026-06-17,,2026-06-17,[74902],Flat 4 Oldman Court London England SE12 9PY,,,
IGUANIFY LTD,17304816,active,ltd,,,2026-06-27,,2026-06-27,[62012, 62090, 63120],71-75 Shelton Street London United Kingdom WC2H 9JQ,iguanify.com,support@iguanify.com,Confirmed
PICKLED WIG LTD,17304827,active,ltd,,,2026-06-27,,2026-06-27,[47910],71-75 Shelton Street London United Kingdom WC2H 9JQ,,,
MD FISH & CHIPS LTD,17304808,active,ltd,,,2026-06-27,,2026-06-27,[56102],57 Vicarage Lane London England E15 4HG,,,
EZZIA LDN LTD,17304832,active,ltd,,,2026-06-27,,2026-06-27,[47190],62 Edgware Road London England W2 2EH,,,
ALL KINDA FRIES LTD,17304908,active,ltd,,,2026-06-27,,2026-06-27,[47290],66 Paul Street London United Kingdom EC2A 4NA,,,
MCKILIC LTD,17304915,active,ltd,,,2026-06-27,,2026-06-27,[56102],71-75 Shelton Street London United Kingdom WC2H 9JQ,,,
AAU LOGISTICS LTD,17304937,active,ltd,,,2026-06-27,,2026-06-27,[49410, 52103],66 Paul Street London England EC2A 4NA,,,
HELLO CONSUMER LTD,17304996,active,ltd,,,2026-06-28,,2026-06-28,[73110],66 Paul Street London United Kingdom EC2A 4NA,,,
CATQUOTE LTD,17305050,active,ltd,,,2026-06-28,,2026-06-28,[62012, 63120],1 Kings Avenue London England N21 3NA,,,
VISI CONSTRUCTION LTD,17305107,active,ltd,,,2026-06-28,,2026-06-28,[41202],125 Earlham Grove London England E7 9AP,,,
PLANNIO LTD,17305114,active,ltd,,,2026-06-28,,2026-06-28,[62012],124-128 City Road London England EC1V 2NX,,,
ORIGINAL GG LTD,17305296,active,ltd,,,2026-06-28,,2026-06-28,[68320],39 Bodley Manor Way London United Kingdom SW2 2QJ,,,
MADONSELE LIMITED,17305305,active,ltd,,,2026-06-28,,2026-06-28,[47910],66 Paul Street London England EC2A 4NA,,,
SYNBOXOS LTD,17305475,active,ltd,,,2026-06-29,,2026-06-29,[62012, 62020],71-75 Shelton Street London United Kingdom WC2H 9JQ,,,
GG-093-068 LIMITED,17305480,active,ltd,,,2026-06-29,,2026-06-29,[68209],C/O Getground London England W6 0NB,,,
VENDRIX LIMITED,17305648,active,ltd,,,2026-06-29,,2026-06-29,[47910],71-75 Shelton Street London United Kingdom WC2H 9JQ,,,
HIDEALOOHOMECARE LIMITED,17305654,active,ltd,,,2026-06-29,,2026-06-29,[25990, 32990, 86900],81 Rivington Street London United Kingdom EC2A 3AY,,,
REALMPARK MG LIMITED,17305866,active,ltd,,,2026-06-29,,2026-06-29,[68209],31a Fairholt Road London United Kingdom N16 5EW,,,
SCHOOL OHS LTD,17306081,active,ltd,,,2026-06-29,,2026-06-29,[62012, 62090, 70229, 85600],128 City Road London United Kingdom EC1V 2NX,,,
SMALL SPORTS CAR COMPANY LIMITED,17306087,active,ltd,,,2026-06-29,,2026-06-29,[45111, 45310],128 City Road London United Kingdom EC1V 2NX,smallsportscars.co.uk,,Likely
PARK GROVE INVEST LTD,17306075,active,ltd,,,2026-06-29,,2026-06-29,[68100],13 Denver Road London England N16 5JL,,,
STUDIO ASH LTD,17306102,active,ltd,,,2026-06-29,,2026-06-29,[93130],71-75 Shelton Street London United Kingdom WC2H 9JQ,,,
BURSTON RIDGE INVESTMENTS 1 LTD,17306104,active,ltd,,,2026-06-29,,2026-06-29,[68320],261 City Road London United Kingdom EC1V 1JX,,,
KAMMOON LTD,17306161,active,ltd,,,2026-06-29,,2026-06-29,[56290],19 Seymour Place Marble Arch London United Kingdom W1H 5BG,,,
IP HUB HOLDINGS LIMITED,17306164,active,ltd,,,2026-06-29,,2026-06-29,[69109],128 City Road London United Kingdom EC1V 2NX,,,
SA PROCONSULT LIMITED,17306148,active,ltd,,,2026-06-29,,2026-06-29,[74909],155 Fyfield Road London England E17 3RA,,,
TBERHANU CONSULTANT LTD,17306145,active,ltd,,,2026-06-29,,2026-06-29,[62020, 70229],Flat 13 Talbot Grove House London England W11 1SQ,,,
DING PINGYANG LIMITED,17306156,active,ltd,,,2026-06-29,,2026-06-29,[46520, 46900, 47910],292943 Office Suite 29a, 3/F., 23 Wharf Street London England SE8 3GG,,,
FUN PARTY INTERNET SALES LTD,17306149,active,ltd,,,2026-06-29,,2026-06-29,[90010],128 City Road London United Kingdom EC1V 2NX,,,
RAPPRT LTD,17306334,active,ltd,,,2026-06-29,,2026-06-29,[62012],124-128 City Road London England EC1V 2NX,,,
LEGAD GROUP LTD,17306326,active,ltd,,,2026-06-29,,2026-06-29,[70221, 70229, 74909, 82990],71-75 Shelton Street London United Kingdom WC2H 9JQ,,,
DRIVE ME SMOOTH LTD,17306520,active,ltd,,,2026-06-29,,2026-06-29,[85530],Flat 8, Strafford House London United Kingdom SE8 5RD,,,
EARND LTD,17306534,active,ltd,,,2026-06-29,,2026-06-29,[69201, 69203],20 Wenlock Road London England N1 7GU,,,
KP&M PROPERTIES LTD,17299816,active,ltd,,,2026-06-24,,2026-06-24,[68100, 98000],Unit 6 80a  Ashfield Street London England E1 2BJ,,,
DYNAPLXSYSTEMS LTD,17306510,active,ltd,,,2026-06-29,,2026-06-29,[72190],124-128 City Road London United Kingdom EC1V 2NX,,,
TR CAPITAL LTD,17306788,active,ltd,,,2026-06-29,,2026-06-29,[70229],15 Garfield Road London United Kingdom E4 7DG,,,
TECTREE SOFTWARE CONSULTING UK LTD,17306780,active,ltd,,,2026-06-29,,2026-06-29,[62020],66 Paul Street London England EC2A 4NA,,,
IO AND ASSOCIATES UK LTD,17306775,active,ltd,,,2026-06-29,,2026-06-29,[46690],19 Manuka Heights 35 Victory Parade London England E20 1GH,,,
QLAQLO LTD,17306959,active,ltd,,,2026-06-29,,2026-06-29,[62012, 63120],124-128 City Road London England EC1V 2NX,,,
TITTLE IMAGES PRODUCTIONS LIMITED,17306970,active,ltd,,,2026-06-29,,2026-06-29,[59111],18 Sneyd Road London England NW2 6AN,,,
WORLDHIRE GLOBAL LTD,17306978,active,ltd,,,2026-06-29,,2026-06-29,[63110, 63120, 78109],124 City  Road London United Kingdom EC1V 2NX,worldhire.com,connect@worldhire.com,Confirmed
DEVRAN GROUP LTD,17307055,active,ltd,,,2026-06-29,,2026-06-29,[47910],Suite 10984 5 Brayford Square London United Kingdom E1 0SG,,,
MUSARRAT GLOBAL UK LTD,17307232,active,ltd,,,2026-06-29,,2026-06-29,[47910],76 Crusoe Road Mitcham, London United Kingdom CR4 3LG,,,
ABBOTTONIANS TRADERS LTD,17307247,active,ltd,,,2026-06-29,,2026-06-29,[46520, 47540, 47910],Office 19456 182-184 High Street North London United Kingdom E6 2JA,,,
AMMA PROJECTS LTD,17307245,active,ltd,,,2026-06-29,,2026-06-29,[47910],60 Tottenham Court Road Office 1539 London United Kingdom W1T 2EW,,,
SMART HOME PROPERTY LTD,17307249,active,ltd,,,2026-06-29,,2026-06-29,[68100, 68209],33 St Anns Road London England W11 4ST,,,
HOLDOVER LTD,17307259,active,ltd,,,2026-06-29,,2026-06-29,[59111, 59113, 59131, 59133],48 Hornsey Lane Gardens London England N6 5PB,,,
ANESI CAPITAL MARKETS LIMITED,17307267,active,ltd,,,2026-06-29,,2026-06-29,[64209],1-2 Charterhouse Mews London United Kingdom EC1M 6BB,,,
CHRONOSQUARE LTD,17307471,active,ltd,,,2026-06-29,,2026-06-29,[62020, 70229],Flat 29 Evelyn Denington Court London England N1 1UQ,,,
SALISBURY GENERAL LIMITED,17307461,active,ltd,,,2026-06-29,,2026-06-29,[62012],34 Glenburnie Road London England SW17 7PY,,,
FRALMEKY SERVICE LTD,17307463,active,ltd,,,2026-06-29,,2026-06-29,[96090],Second Floor 150 Fleet Street London United Kingdom EC4A 2DQ,,,
VERIFI SECURITY LTD,17307675,active,ltd,,,2026-06-29,,2026-06-29,[58290, 62090],Flat 19, Culver House London United Kingdom WC1R 4BG,,,
NBS SERVICES AND CONSULTANCY LIMITED,17307682,active,ltd,,,2026-06-29,,2026-06-29,[82990],167-169 Great Portland Street London United Kingdom W1W 5PF,,,
PETRISOR MADALIN LINCAN LTD,17307990,active,ltd,,,2026-06-29,,2026-06-29,[41201],60 Leigh Road London England E6 2AS,,,
SCENTBOOST LTD,17308058,active,ltd,,,2026-06-29,,2026-06-29,[47750],124-128 City Road London England EC1V 2NX,,,
ZYGO MARKET LTD,17289054,active,ltd,,,2026-06-19,,2026-06-19,[47910],5th Floor 167-169 Great Portland Street London England W1W 5PF,,,
SMARTINVEST UK GROUP LTD,17256232,active,ltd,,,2026-06-02,,2026-06-02,[68100],14/2e 10-16 Tiller Road London England E14 8PX,,,
FATMA FATAYA LTD,17308153,active,ltd,,,2026-06-30,,2026-06-30,[56103],2e Newton Road London England N15 4PJ,,,
ARSHA IR UK LTD,17308213,active,ltd,,,2026-06-30,,2026-06-30,[74300, 82110, 82990],Galleria House Receptionist Galleria House London United Kingdom TW8 0RZ,,,
PS.4LMS 91 LTD,17308202,active,ltd,,,2026-06-30,,2026-06-30,[74100],128 City Road London United Kingdom EC1V 2NX,,,
RISEX LTD,17308212,active,ltd,,,2026-06-30,,2026-06-30,[47190],Office 19707 182-184 High Street North London United Kingdom E6 2JA,,,
ATHL HAUS LTD,17308216,active,ltd,,,2026-06-30,,2026-06-30,[93199],71-75 Shelton Street London United Kingdom WC2H 9JQ,,,
SUKOOON WELLNESS LTD,17308363,active,ltd,,,2026-06-30,,2026-06-30,[47190],Unit A1201 4-6 Greatorex Street London United Kingdom E1 5NF,,,
AL NAS GLOBAL ENTERPRISES LIMITED,17308366,active,ltd,,,2026-06-30,,2026-06-30,[46900],01 182-184 Office 15452 High Street North East Ham London United Kingdom E6 2JA,,,
WHILEAWAY LTD,17308481,active,ltd,,,2026-06-30,,2026-06-30,[55209, 68320, 74100, 79909],124 City Road London United Kingdom EC1V 2NX,,,
KAGER INTERNATIONAL LTD,17308488,active,ltd,,,2026-06-30,,2026-06-30,[10720, 46370],71a New Broadway London United Kingdom W5 5AL,,,
DIUMED GLOBAL LIMITED,17308496,active,ltd,,,2026-06-30,,2026-06-30,[63990, 64209, 70229],124 City Road London United Kingdom EC1V 2NX,,,
SOULFUL HOSTING LTD,17308498,active,ltd,,,2026-06-30,,2026-06-30,[63110],71-75 Shelton Street London United Kingdom WC2H 9JQ,,,
NORVANI LTD,17308494,active,ltd,,,2026-06-30,,2026-06-30,[47910],2 Queensborough Terrace London England W2 3TA,norvani.com,,Confirmed
NOVA FAM LTD,17308693,active,ltd,,,2026-06-30,,2026-06-30,[68100, 68209],4 Altair Close London England N17 0BW,,,
TASS HEAVY HAULAGE TRADING LIMITED,17308678,active,ltd,,,2026-06-30,,2026-06-30,[46900],01 182-184 Office 15452 High Street North East Ham London United Kingdom E6 2JA,,,
KEY TUTORS LTD,17308943,active,ltd,,,2026-06-30,,2026-06-30,[85421],6 Kendal Close London United Kingdom N20 0SU,,,
11:11 PRODUCTIONS LTD,17308947,active,ltd,,,2026-06-30,,2026-06-30,[47710, 59113, 59120, 70210],6a Dunraven Road London England W12 7QY,,,
LIBERTY FINANCIAL ACADEMY LTD,17308945,active,ltd,,,2026-06-30,,2026-06-30,[85590],Ground Floor Office, Octavia House London United Kingdom W1H 4NX,,,
NODE STACK LTD,17309105,active,ltd,,,2026-06-30,,2026-06-30,[62012, 62020, 62090, 63120],128 City Road London United Kingdom EC1V 2NX,,,
ENTRUSTED CONTRACTORS LTD,17309112,active,ltd,,,2026-06-30,,2026-06-30,[73110],66 Paul Street London United Kingdom EC2A 4NA,,,
WORKBRIDGE NEXUS LTD,17309116,active,ltd,,,2026-06-30,,2026-06-30,[78109, 85590],66 Paul Street London United Kingdom EC2A 4NA,,,
VALMAG ELITE COMPETITIONS LIMITED,17309115,active,ltd,,,2026-06-30,,2026-06-30,[93290],5 Brayford Square London England E1 0SG,,,
CORNERSTONE HERITAGE LTD,17309174,active,ltd,,,2026-06-30,,2026-06-30,[41201, 41202],225 Clapham Road London England SW9 9BE,,,
FOCUS POCUS PHOTOGRAPHY LTD,17309173,active,ltd,,,2026-06-30,,2026-06-30,[47430, 74201, 74202, 74209],66 Paul Street London United Kingdom EC2A 4NA,,,
VITAL CORPORATE LTD,17309185,active,ltd,,,2026-06-30,,2026-06-30,[70229],20 Wenlock Road London England N1 7GU,,,
PIXEL PARTNERS DIGITAL CONSULTING LTD,17309321,active,ltd,,,2026-06-30,,2026-06-30,[62020],3, 93, Abbott's Wharf Stainsby Road London United Kingdom E14 6JL,,,
MORTIMER 2026-1 PARENT LIMITED,17309326,active,ltd,,,2026-06-30,,2026-06-30,[64921],8th Floor 100 Bishopsgate London United Kingdom EC2N 4AG,,,
BLUE CANARY GAMES LTD,17309387,active,ltd,,,2026-06-30,,2026-06-30,[58210],128 City Road London United Kingdom EC1V 2NX,,,
GULAYSTE BS LTD,17282897,active,ltd,,,2026-06-30,,2026-06-30,[70229],69-71 Lambeth Walk London England SE11 6DX,,,
PADISHA LTD,17309396,active,ltd,,,2026-06-30,,2026-06-30,[56302],305 Hertford Road London England N9 7ET,,,
KILLAK LTD,17309398,active,ltd,,,2026-06-30,,2026-06-30,[47190],22 Shingly Place London United Kingdom E4 6AE,,,
WDYM LTD,17309407,active,ltd,,,2026-06-30,,2026-06-30,[70210, 70229],66 Paul Street London England EC2A 4NA,,,
NOB LTD,17309393,active,ltd,,,2026-06-30,,2026-06-30,[47910],42 Oldhill Street London England N16 6NA,,,
BOOKSESH UK LIMITED,17309403,active,ltd,,,2026-06-30,,2026-06-30,[62090],71-75 Shelton Street London United Kingdom WC2H 9JQ,booksesh.com,,Likely
STRATHMORE CONSULTING LIMITED,17309583,active,ltd,,,2026-06-30,,2026-06-30,[70229],71-75 Shelton Street London United Kingdom WC2H 9JQ,,,
TIM ROBERTS MARKETING SERVICES LIMITED,17309747,active,ltd,,,2026-06-30,,2026-06-30,[73110],6 Nethercourt Close Burghfield Common United Kingdom RG7 3YN,,,
CYPRESS LABS UK LTD,17309758,active,ltd,,,2026-06-30,,2026-06-30,[62012],Africa House London United Kingdom WC2B 6AH,,,
BERNOLLY LTD,17309760,active,ltd,,,2026-06-30,,2026-06-30,[47910],20 Wenlock Road London England N1 7GU,,,
MMA ENTERPRISE GROUP LTD,17309754,active,ltd,,,2026-06-30,,2026-06-30,[82990],Suite Ra01, 195-197 Wood Street London United Kingdom E17 3NU,,,
BARNABAS RENTAL LTD,17309796,active,ltd,,,2026-06-30,,2026-06-30,[68209],Flat 18 Barnabas Apartments 40a Holden Road London England N12 7AW,,,
SCARLETT SOFIE LTD,17309805,active,ltd,,,2026-06-30,,2026-06-30,[47910],Silverstream House 4th Floor, Silverstream House London England W1T 6EB,,,
RIVAXEON LTD,17309824,active,ltd,,,2026-06-30,,2026-06-30,[70229],124 City Road London United Kingdom EC1V 2NX,,,
TEMGIRE CONSULTANCY SERVICES UK LTD,17310073,active,ltd,,,2026-06-30,,2026-06-30,[70229],60 Tottenham Court Road London United Kingdom W1T 2EW,,,
SHOWTIME, FOLKS PRODUCTIONS LTD,17310071,active,ltd,,,2026-06-30,,2026-06-30,[59111, 59120],85b Sydenham Road London England SE26 5EZ,,,
ALSA DENT LTD,17301388,active,ltd,,,2026-06-30,,2026-06-30,[86230],C/O Melon Accountants Ltd London United Kingdom SW1V 1DW,,,
JLALL SERVICES LIMITED,17310179,active,ltd,,,2026-06-30,,2026-06-30,[43999],55a Sylvan Avenue London England N22 5JA,,,
OHAD PROJECTS LTD,17310306,active,ltd,,,2026-06-30,,2026-06-30,[41202],Flat 16 Hayles Buildings London England SE11 4TA,,,
AURO ONLINE LIMITED,17310305,active,ltd,,,2026-06-30,,2026-06-30,[47910],131 Finsbury Pavement London England EC2A 1NT,,,
STAN-DAN HOLDINGS LTD,17310330,active,ltd,,,2026-06-30,,2026-06-30,[64209],20 Wenlock Road London England N1 7GU,,,
HCG HANNA CONSULTING GROUP LTD,17310326,active,ltd,,,2026-06-30,,2026-06-30,[70229],71-75 Shelton Street London United Kingdom WC2H 9JQ,,,
CLASSIC LOFTS (DULWICH) LTD,17310325,active,ltd,,,2026-06-30,,2026-06-30,[43910],Lcs Accountants, 55 North Cross Road London United Kingdom SE22 9ET,classicloftslondon.co.uk,,Likely
LYNDGATE CONSULTING LTD,17310464,active,ltd,,,2026-06-30,,2026-06-30,[70229],128 City Road London United Kingdom EC1V 2NX,,,
VEHICLEIQ LTD,17310478,active,ltd,,,2026-06-30,,2026-06-30,[45200],Office 210, Crown House North Circular Park Royal London United Kingdom NW10 7PN,,,
THOU ALGHENA GARAGE LTD,17310586,active,ltd,,,2026-06-30,,2026-06-30,[45200],135 Fleetwood Road London England NW10 1NP,,,
LUXWORTH FRONTIER LTD,17310581,active,ltd,,,2026-06-30,,2026-06-30,[70229],66 Paul Street London United Kingdom EC2A 4NA,,,
HOURS LONDON LTD,17310709,active,ltd,,,2026-06-30,,2026-06-30,[47910],Flat A London England SE4 1QG,,,
GOCIAL LTD,17310717,active,ltd,,,2026-06-30,,2026-06-30,[70229],Flat 3 87 Union Road London England SW4 6JD,,,
KSMM LTD,17310733,active,ltd,,,2026-06-30,,2026-06-30,[47910],1 Charles Flemwell Mews London United Kingdom E16 1TL,,,
SSOFT NAILS AND BEAUTY LTD,17310737,active,ltd,,,2026-06-30,,2026-06-30,[96020],Flat 47 Canada Court London England SE18 6BJ,,,
GULF2TEACH LTD,17299706,active,ltd,,,2026-06-24,,2026-06-24,[85600],275 New North Road London England N1 7AA,,,
STEEPY MOUNTAIN LIMITED,17299708,active,ltd,,,2026-06-24,,2026-06-24,[47910],12 Devonshire Hill Lane London England N17 8LH,,,
ALICEHOUSE CONSULTANCY LTD,17299730,active,ltd,,,2026-06-24,,2026-06-24,[70229],66 Paul Street London England EC2A 4NA,,,
LONDON SKIN HEALTH LTD,17299751,active,ltd,,,2026-06-24,,2026-06-24,[86900],71-75 Shelton Street London United Kingdom WC2H 9JQ,,,
ASHWELL TECHNOLOGY CONSULTING LTD,17299733,active,ltd,,,2026-06-24,,2026-06-24,[62020],Second Floor, Office C21 London United Kingdom W1F 8EW,,,
MIDWIFE CONNECT LTD,17299717,active,ltd,,,2026-06-24,,2026-06-24,[86900],124-128 City Road London England EC1V 2NX,,,
PYTHON PADL LIMITED,17299731,active,ltd,,,2026-06-24,,2026-06-24,[62012],80 Park Drive London England N21 2LS,,,
EXCELLENCE ELEVATED LTD,17295371,active,ltd,,,2026-06-24,,2026-06-24,[85590],71-75 Shelton Street London United Kingdom WC2H 9JQ,,,
ANDERS DE WIART ASSOCIATES SOLUTIONS LTD,17300082,active,ltd,,,2026-06-24,,2026-06-24,[70229],Michelin House London England SW3 6RD,,,
CUZZYCO VENTURES LTD,17300097,active,ltd,,,2026-06-24,,2026-06-24,[47910],Flat F 154-160 Watkinson Road London England N7 8EU,,,
EVENTSBOARD LTD,17300101,active,ltd,,,2026-06-24,,2026-06-24,[63120],28 Flotilla House London England SW18 1FX,,,
YUF LTD,17300214,active,ltd,,,2026-06-24,,2026-06-24,[47910],336 Bethnal Green Road London England E2 0AG,,,
ANACO HOLDINGS LIMITED,17300217,active,ltd,,,2026-06-24,,2026-06-24,[64209],124-128 City Road London England EC1V 2NX,,,
KAMAYAN HOLDING LTD,17300228,active,ltd,,,2026-06-24,,2026-06-24,[56101],19 Kenway Road London United Kingdom SW5 0RP,kamayanlondon.co.uk,kamayanlondon05@gmail.com,Likely
MESCIOGLU UK LTD,17300221,active,ltd,,,2026-06-24,,2026-06-24,[71129],17 Green Lanes London England N16 9BS,,,
DENTURE TECH MOBILE SERVICE LTD,17300293,active,ltd,,,2026-06-24,,2026-06-24,[86230],128 City Road London United Kingdom EC1V 2NX,,,
SMART ENTERTAINMENT HOLDINGS LIMITED,17300310,active,ltd,,,2026-06-24,,2026-06-24,[90020],167-169 Great Portland Street London United Kingdom W1W 5PF,,,
DRESSIO LTD,17300397,active,ltd,,,2026-06-24,,2026-06-24,[47710],71-75 Shelton Street London United Kingdom WC2H 9JQ,,,
STIX TOGETHER LTD,17300385,active,ltd,,,2026-06-24,,2026-06-24,[47910],71-75 Shelton Street London United Kingdom WC2H 9JQ,,,
METRO FABRIC LIMITED,17300387,active,ltd,,,2026-06-24,,2026-06-24,[46410],6th Floor 9 Appold Street London United Kingdom EC2A 2AP,,,
MARUTI PVT LTD,17300433,active,ltd,,,2026-06-24,,2026-06-24,[70229],71-75 Shelton Street London United Kingdom WC2H 9JQ,,,
LEVANT SERVICES LIMITED,17300440,active,ltd,,,2026-06-24,,2026-06-24,[70229],40 Granville Gardens London England W5 3PA,,,
BEACOVA LTD,17300434,active,ltd,,,2026-06-24,,2026-06-24,[47910],128 City Road London United Kingdom EC1V 2NX,,,
MEALNER LTD,17300595,active,ltd,,,2026-06-24,,2026-06-24,[56302],155 Swaythling Close London England N18 2QQ,,,
ZAIFI SHOPSPHERE LIMITED,17300590,active,ltd,,,2026-06-24,,2026-06-24,[47910],Flat 24 Genoa House London England E1 4RD,,,
ARDENNEN HOUSING LTD,17300597,active,ltd,,,2026-06-24,,2026-06-24,[68209],123e Clapton Common London England E5 9AB,,,
REV3 LTD,17300708,active,ltd,,,2026-06-24,,2026-06-24,[70229],128 City Road London United Kingdom EC1V 2NX,,,
MEDIA IS THE HUSTLE LTD,17300864,active,ltd,,,2026-06-24,,2026-06-24,[73110],20 Wenlock Road London England N1 7GU,,,
STREAM PAYMENTS LIMITED,17295355,active,ltd,,,2026-06-24,,2026-06-24,[64999],Stream Ventures Ltd C/O Fora 9th Floor One Canada Square London United Kingdom E14 5AA,,,
BIDCORP LOGISTICS LIMITED,17300870,active,ltd,,,2026-06-24,,2026-06-24,[52290],66 Paul Street London England EC2A 4NA,,,
CYBERMARKETING CONCEPTS LTD,17300863,active,ltd,,,2026-06-24,,2026-06-24,[73110],71-75 Shelton Street London United Kingdom WC2H 9JQ,,,
STEELRIDGE STRATEGIC HOLDINGS LTD,17301036,active,ltd,,,2026-06-24,,2026-06-24,[43910],71-75 Shelton Street London United Kingdom WC2H 9JQ,,,
AKH HOTELS LTD,17301034,active,ltd,,,2026-06-24,,2026-06-24,[55100],71-75 Shelton Street London United Kingdom WC2H 9JQ,,,
ECLIPSE RECRUITMENT SOFTWARE LTD,17301040,active,ltd,,,2026-06-24,,2026-06-24,[62012],2nd Floor College House Ruislip, United Kingdom HA4 7AE,,,
SAFE HEAT SOLUTIONS LTD,17301015,active,ltd,,,2026-06-24,,2026-06-24,[43221],41 Hassocks Road London England SW16 5EU,safeheatsolutions.co.uk,,Confirmed
SIPP TECHNOLOGIES LIMITED,17301024,active,ltd,,,2026-06-24,,2026-06-24,[62012],8-10 Station Road London England E12 5BT,,,
STACK IT HOLDINGS LIMITED,17301172,active,ltd,,,2026-06-24,,2026-06-24,[64209],71-75 Shelton Street London United Kingdom WC2H 9JQ,,,
NORELLE STORE LTD,17301166,active,ltd,,,2026-06-24,,2026-06-24,[47910],71-75 Shelton Street London United Kingdom WC2H 9JQ,,,
DUNCE TWICE LTD,17301174,active,ltd,,,2026-06-24,,2026-06-24,[47910, 59110, 73110],71-75 Shelton Street London United Kingdom WC2H 9JQ,,,
XEDGE GLOBAL LTD,17301180,active,ltd,,,2026-06-24,,2026-06-24,[70229],66 Paul Street London United Kingdom EC2A 4NA,,,
D C S NAILS & BEAUTY LTD,17301179,active,ltd,,,2026-06-24,,2026-06-24,[96020],596 Green Lanes London United Kingdom N13 5RY,,,
JUWARA CLINICAL LEGAL CONSULTING LTD,17301170,active,ltd,,,2026-06-24,,2026-06-24,[69101],10 Logan Close London England E20 1EY,,,
SCCC HEALTHCARE LTD,17301263,active,ltd,,,2026-06-24,,2026-06-24,[86900],66 Paul Street London England EC2A 4NA,,,
HEALTHORA CARE AGENCY LTD,17301333,active,ltd,,,2026-06-24,,2026-06-24,[86900],66 Paul Street London England EC2A 4NA,,,
APROP NO. 8 LTD,17301341,active,ltd,,,2026-06-24,,2026-06-24,[68209],220 The Vale London England NW11 8SR,,,
ASHVALE CAPITAL LTD,17301470,active,ltd,,,2026-06-24,,2026-06-24,[70229],66 Paul Street London England EC2A 4NA,,,
EMS DISTRIBUTIONS LTD,17301627,active,ltd,,,2026-06-24,,2026-06-24,[46900],121 Denzil Road London United Kingdom NW10 2XB,,,
SWISS MARINE LTD,17301697,active,ltd,,,2026-06-24,,2026-06-24,[50200],Third Floor London England W1B 3HH,,,
CEO INTERNATIONAL LIMITED,17301707,active,ltd,,,2026-06-24,,2026-06-24,[70229],Pons Davis Vicarage House 58-60 Kensington Church Street London England W8 4DB,,,
PAVILION ONE LTD,17301781,active,ltd,,,2026-06-24,,2026-06-24,[68209],71-75 Shelton Street London England WC2H 9JQ,,,
FARYADIYAN LTD,17301766,active,ltd,,,2026-06-24,,2026-06-24,[47910],20 Bevan Street London England N1 7DY,,,
AETHEREOS LTD,17301786,active,ltd,,,2026-06-24,,2026-06-24,[62012],66 Paul Street London United Kingdom EC2A 4NA,,,
FONDATORE LITE LTD,17301787,active,ltd,,,2026-06-24,,2026-06-24,[47910],49 Mountearl Gardens London England SW16 2NL,,,
ANYE MANAGEMENT LTD,17301951,active,ltd,,,2026-06-24,,2026-06-24,[70229],47 Goodge Street London England W1T 1TD,,,
HOUSE OF PAZ LTD,17301982,active,ltd,,,2026-06-24,,2026-06-24,[47910],26a Hoe Street London United Kingdom E17 4PH,,,
WESTBRIDGE GROWTH LIMITED,17301972,active,ltd,,,2026-06-24,,2026-06-24,[70229],71-75 Shelton Street London United Kingdom WC2H 9JQ,,,
KMM FERRIES LTD,17301985,active,ltd,,,2026-06-24,,2026-06-24,[50200],128 City Road London United Kingdom EC1V 2NX,kmminvest.com,,Confirmed
EPIC WORKPLACE TECH LIMITED,17259516,active,ltd,,,2026-06-03,,2026-06-03,[33200],74 Southway London England SW20 9JQ,,,
ALBRIDGE CONSULTANCY LIMITED,17302094,active,ltd,,,2026-06-24,,2026-06-24,[70229],First Floor London United Kingdom N12 0DA,,,
GO EXPERIENCES LTD,17302078,active,ltd,,,2026-06-24,,2026-06-24,[79110],79a Tuskar Street London England SE10 9UZ,,,
BOKULA LTD,17302193,active,ltd,,,2026-06-24,,2026-06-24,[47910],13 Burrard Road London England E16 3QL,,,
DRIP HEALTH LTD,17302194,active,ltd,,,2026-06-24,,2026-06-24,[86900],29 Bagshot Street London England SE17 2QW,,,
KERRISON PARTNERS LIMITED,17302198,active,ltd,,,2026-06-24,,2026-06-24,[70229],105-107 Farringdon Road London England EC1R 3BU,,,
RJE PROPERTIES PLYMOUTH LIMITED,17302326,active,ltd,,,2026-06-24,,2026-06-24,[68209],3 Coldbath Square London England EC1R 5HL,,,
OPTOMEN MEDIA SERVICES LIMITED,17302333,active,ltd,,,2026-06-24,,2026-06-24,[59120],Berkshire House London United Kingdom WC1V 7AA,optomen.com,,Likely
DNDF ESTATES LTD,17302328,active,ltd,,,2026-06-24,,2026-06-24,[68209],9 St. Georges Road London England NW11 0LU,,,
GOOSE ENTERPRISES LTD,17302336,active,ltd,,,2026-06-24,,2026-06-24,[47910],Flat 198 Castellain Mansions Castellain Road London England W9 1HD,,,
ANORA LABS LTD,17302338,active,ltd,,,2026-06-24,,2026-06-24,[62012],119a Tufnell Park Road London United Kingdom N7 0PS,,,
CHINA CULTURAL CENTRE UK LTD,17302471,active,ltd,,,2026-06-24,,2026-06-24,[94990],C/O Ywc Llp, 1st Floor Front Office London United Kingdom W1D 5QA,,,
KGK DOMESTIC & COMMERCIAL CLEANING LTD,17302484,active,ltd,,,2026-06-24,,2026-06-24,[81210],Unit 8 Holles House London England SW9 7AP,kgkcleaners.co.uk,contact@kgkcleaners.co.uk,Confirmed
ALIN CONSTRUCT LTD,17302493,active,ltd,,,2026-06-24,,2026-06-24,[43999],132 Caulfield Road London England E6 2DG,,,
MULTIDEALS COLLECTION LTD,17302645,active,ltd,,,2026-06-24,,2026-06-24,[47910],182-184 High Street North East Ham London United Kingdom E6 2JA,,,
KEYSTONE INVESTORS LTD,17302659,active,ltd,,,2026-06-24,,2026-06-24,[70229],8 Sackville Street London England W1S 3DG,,,
73 MARKENTREPRENOR INVEST LIMITED,17302658,active,ltd,,,2026-06-26,,2026-06-26,[70229],27 Old Gloucester Street London England WC1N 3AX,,,
DSR MARINE SOLUTIONS LTD,17303122,active,ltd,,,2026-06-26,,2026-06-26,[33150],128 City Road London United Kingdom EC1V 2NX,,,
ASHLAR HOUSE LTD,17303130,active,ltd,,,2026-06-26,,2026-06-26,[68209],Flat 56, 254, Trinity Court Gray's Inn Road London United Kingdom WC1X 8JZ,,,
THE CERTIFIED METHOD LTD,17303128,active,ltd,,,2026-06-26,,2026-06-26,[85590],14/2e Docklands Business Centre London United Kingdom E14 8PX,,,
QURESHI CLEANING AND MAINTENANCE SERVICE LIMITED,17303144,active,ltd,,,2026-06-26,,2026-06-26,[43341],107a Plumstead High Street London England SE18 1SE,,,
UNCLEJAYS LTD,17303143,active,ltd,,,2026-06-26,,2026-06-26,[47910],128 City Road London United Kingdom EC1V 2NX,,,
LEARN WITH ALEKS EDUCATION GROUP LTD,17288993,active,ltd,,,2026-06-19,,2026-06-19,[85590],71-75 Shelton Street London United Kingdom WC2H 9JQ,,,
SPIM LTD,17303268,active,ltd,,,2026-06-26,,2026-06-26,[70229],20 Wenlock Road London England N1 7GU,,,
WORLD OF DESSERTS LIMITED,17303251,active,ltd,,,2026-06-26,,2026-06-26,[56302],71-75 Shelton Street London United Kingdom WC2H 9JQ,,,
LANDSCAPE DEVELOPMENTS LIMITED,17303274,active,ltd,,,2026-06-26,,2026-06-26,[43999],Quadrant House London United Kingdom E1W 1YW,,,
UMAS IT LIMITED,17303262,active,ltd,,,2026-06-26,,2026-06-26,[62012],2, Flat 1 Cloud Street London United Kingdom E15 2YX,,,
YORXEN LTD,17303256,active,ltd,,,2026-06-26,,2026-06-26,[70229],71-75 Shelton Street London United Kingdom WC2H 9JQ,,,
VERVE CREATIVE STUDIO LTD,17303412,active,ltd,,,2026-06-26,,2026-06-26,[59112, 59120, 74209, 90030],71-75 Shelton Street London United Kingdom WC2H 9JQ,,,
D&D BUILDING & RENOVATION LTD,17303395,active,ltd,,,2026-06-26,,2026-06-26,[43310, 43330, 43341, 43390],Office 403 Screenworks 22 Highbury Grove London United Kingdom N5 2ER,,,
7A RESULTS LTD,17303526,active,ltd,,,2026-06-26,,2026-06-26,[62012],66 Paul Street London United Kingdom EC2A 4NA,,,
M'BOUTANY LTD,17303519,active,ltd,,,2026-06-26,,2026-06-26,[64202],124-128 City Road London United Kingdom EC1V 2NX,,,
MIMOSA MANAGEMENT LIMITED,17303654,active,ltd,,,2026-06-26,,2026-06-26,[68320],Hurlingham Studios Ranelagh Gardens London United Kingdom SW6 3PA,,,
SDAWE CONSULTANT LIMITED,17303780,active,ltd,,,2026-06-26,,2026-06-26,[70221, 70229, 82990],66 Paul Street London England EC2A 4NA,,,
EVOPSIAN LTD,17303795,active,ltd,,,2026-06-26,,2026-06-26,[70229],66 Paul Street London United Kingdom EC2A 4NA,,,
FYT RENTALS LTD,17303783,active,ltd,,,2026-06-26,,2026-06-26,[77110],49 Sheringham Avenue London United Kingdom E12 5PB,,,
SKYE LONDON LTD,17303851,active,ltd,,,2026-06-26,,2026-06-26,[51102],124-128 City Road London England EC1V 2NX,,,
GRAFTERUK LTD,17303977,active,ltd,,,2026-06-26,,2026-06-26,[62020, 70229, 73110, 74909],71-75 Shelton Street London United Kingdom WC2H 9JQ,,,
RTT TRADING LTD,17303976,active,ltd,,,2026-06-26,,2026-06-26,[56101],126 Fulham Road London United Kingdom SW3 6HU,,,
LORNA KIRTLAND MANAGEMENT LTD,17303986,active,ltd,,,2026-06-26,,2026-06-26,[68209],Jackson House London United Kingdom E4 7BU,,,
STONE WALL REAL ESTATE LTD,17304109,active,ltd,,,2026-06-26,,2026-06-26,[68310],86-90 Paul Street London United Kingdom EC2A 4NE,,,
BREVA LTD,17304114,active,ltd,,,2026-06-26,,2026-06-26,[68100],71-75 Shelton Street London United Kingdom WC2H 9JQ,,,
SOFTNOVA CONSULTING LIMITED,17304191,active,ltd,,,2026-06-26,,2026-06-26,[62020],66 Paul Street London England EC2A 4NA,,,
FINESTA LTD,17304188,active,ltd,,,2026-06-26,,2026-06-26,[59113, 71111, 72200, 85590],71-75 Shelton Street London United Kingdom WC2H 9JQ,,,
MRBUMBLES LIMITED,17304336,active,ltd,,,2026-06-26,,2026-06-26,[47910],Flat 4 16 Percy Circus London England WC1X 9EE,,,
HARMONOFY LIMITED,17304534,active,ltd,,,2026-06-26,,2026-06-26,[86900],71-75 Shelton Street London United Kingdom WC2H 9JQ,,,
SOUL LIGHT LTD,17260401,active,ltd,,,2026-06-04,,2026-06-04,[85590],71-75 Shelton Street London United Kingdom WC2H 9JQ,,,
PEMBROOK LIMITED,17304545,active,ltd,,,2026-06-26,,2026-06-26,[41202],Apex House Grand Arcade London England N12 0EH,,,
ASIANA IMPORTS LIMITED,17304639,active,ltd,,,2026-06-27,,2026-06-27,[49410, 52290],66 Paul Street London England EC2A 4NA,,,
VICE SERVICES LTD,17304644,active,ltd,,,2026-06-27,,2026-06-27,[62012, 62020, 62090, 63120],66 Paul Street London England EC2A 4NA,,,
KINDI TECH LTD,17304716,active,ltd,,,2026-06-27,,2026-06-27,[62020],5 St. Mary's Approach London United Kingdom E12 6HG,,,
NINA HARTL ARTS LTD,17304887,active,ltd,,,2026-06-27,,2026-06-27,[46180, 96090],10 Chesterford Gardens London England NW3 7DE,,,
LOOGE LTD,17304881,active,ltd,,,2026-06-27,,2026-06-27,[58290],Suite Ra01, 195 Wood Street London United Kingdom E17 3NU,,,
ORIGINAL TASTE 2026 LIMITED,17304954,active,ltd,,,2026-06-27,,2026-06-27,[56102],536 High Road Leytonstone London England E11 3DH,,,
SY BATHROOM SOLUTIONS LTD,17304957,active,ltd,,,2026-06-27,,2026-06-27,[43290],33 High View Road London England E18 2HL,,,
9 ELMS CONSTRUCTION SERVICES LTD,17305062,active,ltd,,,2026-06-28,,2026-06-28,[43390],71-75 Shelton Street London United Kingdom WC2H 9JQ,,,
AEVENNA LTD,17305068,active,ltd,,,2026-06-28,,2026-06-28,[58290, 62012, 63120],155 Swaythling Close London England N18 2QQ,,,
HINDS STUDIO LTD,17305125,active,ltd,,,2026-06-28,,2026-06-28,[74100],70 City Walk Apartments London England SE23 2AR,,,
BROWNBROTHERSSOLUTIONS LTD,17305230,active,ltd,,,2026-06-28,,2026-06-28,[41202, 43341, 49420],73 Nelgarde Road London England SE6 4TB,,,
DRIVEN LOGISTICS LTD,17292934,active,ltd,,,2026-06-21,,2026-06-21,[49410],124 City Road London England EC1V 2NJ,,,
ATLAS PROPERTIES NW LTD,17305342,active,ltd,,,2026-06-28,,2026-06-28,[41100, 68209],124-128 City Road London England EC1V 2NX,,,
MS DISTRIBUTOR LIMITED,17305341,active,ltd,,,2026-06-28,,2026-06-28,[47910],170 St. Pauls Crescent London United Kingdom NW1 9XZ,,,
ZEEBLOX LTD,17305428,active,ltd,,,2026-06-29,,2026-06-29,[46900, 47910],Flat 1 41 Witham Road London England W13 0FT,,,
MAIMBRE LIMITED,17305691,active,ltd,,,2026-06-29,,2026-06-29,[64209],147 Station Road North Chingford London United Kingdom E4 6AG,,,
ISOTROPIC LABS LTD,17305675,active,ltd,,,2026-06-29,,2026-06-29,[62012, 62020, 72190],66 Paul Street London United Kingdom EC2A 4NA,,,
ALLABOUT BUILDING LTD,17305808,active,ltd,,,2026-06-29,,2026-06-29,[43999],Flat 6, Wolfson Apartments London United Kingdom N4 1BF,,,
ADEEL TRADERS AM LTD,17305928,active,ltd,,,2026-06-29,,2026-06-29,[56290],213 Warner Road London England SE5 9LY,,,
EARTHBOOKINGS LTD.,17305953,active,ltd,,,2026-06-29,,2026-06-29,[79110, 79909],71-75 Shelton Street London United Kingdom WC2H 9JQ,,,
DR SAMI FACIAL AESTHETICS TRAINING LONDON LTD,17306203,active,ltd,,,2026-06-29,,2026-06-29,[85590],Flat 14 Trafford House London England N1 6TJ,,,
MEANT4U MENTORING LTD,17306212,active,ltd,,,2026-06-29,,2026-06-29,[85600],128 City Road London United Kingdom EC1V 2NX,,,
GG-191-850 LIMITED,17306422,active,ltd,,,2026-06-29,,2026-06-29,[68209],C/O Getground London England W6 0NB,,,
GREEN GORILLA STORAGE LTD,17306441,active,ltd,,,2026-06-29,,2026-06-29,[77390],124 City Road London United Kingdom EC1V 2NX,,,
ELEVEN 87 HOLDINGS LIMITED,17306449,active,ltd,,,2026-06-29,,2026-06-29,[64209],The Old School House Upper 5 65a London Road Leicester United Kingdom LE2 5DN,,,
COSMIC BAGEL LTD,17306432,active,ltd,,,2026-06-29,,2026-06-29,[73110],128 City Road London United Kingdom EC1V 2NX,,,
DAFFODIL PHARMACHEM UK LTD,17306426,active,ltd,,,2026-06-29,,2026-06-29,[46390, 46460, 46750, 46900],128 City Road London United Kingdom EC1V 2NX,,,
ALLVEDO GROUP LTD,17306580,active,ltd,,,2026-06-29,,2026-06-29,[64999, 66190],71 Kensington Church Street London England W8 4BG,,,
AXONICA LABS UK LIMITED,17306724,active,ltd,,,2026-06-29,,2026-06-29,[72190],C/O Preiskel & Co Llp London United Kingdom EC4Y 7DL,,,
AMINAHANIFHOLDINGS LTD,17306732,active,ltd,,,2026-06-29,,2026-06-29,[47910],Office 19330 182-184 High Street North London United Kingdom E6 2JA,,,
KOBURA SPORTS LTD,17306954,active,ltd,,,2026-06-29,,2026-06-29,[47910, 47990],71-75 Shelton Street London United Kingdom WC2H 9JQ,,,
ARIA CASTLE LTD,17306925,active,ltd,,,2026-06-29,,2026-06-29,[58190, 62012, 63120],128 City Road London United Kingdom EC1V 2NX,,,
SITE PL6 5WR LTD,17306934,active,ltd,,,2026-06-29,,2026-06-29,[68100],86-90 Paul Street London United Kingdom EC2A 4NE,,,
GOLDEN TOUCH CLEANING LTD,17306909,active,ltd,,,2026-06-29,,2026-06-29,[81210],581 Barking Road London England E13 9EZ,,,
ANDREW KENNEALLY LTD,17307213,active,ltd,,,2026-06-29,,2026-06-29,[70229],Flat 504 4 Hawthorne Crescent London England SE10 9GN,,,
HOLLYDALE BIDCO LIMITED,17307231,active,ltd,,,2026-06-29,,2026-06-29,[64209],1-2 Charterhouse Mews London United Kingdom EC1M 6BB,,,
MERDS ACQUISITIONS LTD,17307233,active,ltd,,,2026-06-29,,2026-06-29,[96090],128 City Road London United Kingdom EC1V 2NX,,,
LOURO HOLDINGS LIMITED,17307350,active,ltd,,,2026-06-29,,2026-06-29,[64209],Apartment 207 22 Enterprise Way London England SW18 1SE,,,
PRIME 360 GROUP LIMITED,17307349,active,ltd,,,2026-06-29,,2026-06-29,[74909, 93199],71-75 Shelton Street London United Kingdom WC2H 9JQ,,,
TEMPEST STUDIOS LTD,17307351,active,ltd,,,2026-06-29,,2026-06-29,[62012],First Floor Office London United Kingdom W8 4LZ,,,
RG MANAGEMENT GROUP LIMITED,17307340,active,ltd,,,2026-06-29,,2026-06-29,[55100],Third Floor London United Kingdom EC4M 7AN,,,
ELLE & MILA STORYTIME LTD,17307354,active,ltd,,,2026-06-29,,2026-06-29,[47910, 58110],128 City Road London United Kingdom EC1V 2NX,,,
BADDIIE ARMY LTD,17307602,active,ltd,,,2026-06-29,,2026-06-29,[82301],Flat 6, 22, Loweswater House Southern Grove London United Kingdom E3 4PY,,,
WILLESDEN LIBRARY DENT CLINIC LTD,17307594,active,ltd,,,2026-06-29,,2026-06-29,[86230],Dental Surgery London United Kingdom NW10 2SL,,,
FAIRWAY CLUBHAUS LIMITED,17307803,active,ltd,,,2026-06-29,,2026-06-29,[93290],71-75 Shelton Street London United Kingdom WC2H 9JQ,,,
ROSEFORGE TRADING LIMITED,17307810,active,ltd,,,2026-06-29,,2026-06-29,[46760],71-75 Shelton Street London United Kingdom WC2H 9JQ,,,
SGPD SERVICE LIMITED,17307852,active,ltd,,,2026-06-29,,2026-06-29,[43210],C/O Hard Hat Group London United Kingdom EC1V 2NZ,,,
KKR FASHION LTD,17307908,active,ltd,,,2026-06-29,,2026-06-29,[46420],Your Hive London United Kingdom E1 4BG,,,
KAPOOR'S TRADING LTD,17307984,active,ltd,,,2026-06-29,,2026-06-29,[47110],740 Green Lanes London England N21 3RE,,,
BEEFEATER MEDIA LTD,17308115,active,ltd,,,2026-06-29,,2026-06-29,[59112, 59200, 62012, 74100],84 Layard Square London England SE16 2JF,,,
CLEBARN LTD,17308263,active,ltd,,,2026-06-30,,2026-06-30,[81210],Icon Offices East Ham United Kingdom E6 2JA,,,
KARDO FOOD LIMITED,17308254,active,ltd,,,2026-06-30,,2026-06-30,[56103],72 Hampden Lane London England N17 0AS,,,
ZARO KITCHEN & GRILL LTD,17308297,active,ltd,,,2026-06-30,,2026-06-30,[56102],Flat 7, 25a Bavaria Road London United Kingdom N19 4EU,,,
SHIVORA LIMITED,17308289,active,ltd,,,2026-06-30,,2026-06-30,[62012],66 Paul Street London United Kingdom EC2A 4NA,,,
CHILLUX NAILS LTD,17308386,active,ltd,,,2026-06-30,,2026-06-30,[96020],133 Creek Road London England SE8 3BU,,,
WRPT CONSULTING LTD,17308800,active,ltd,,,2026-06-30,,2026-06-30,[69102],Level, London United Kingdom W1F 0EQ,,,
EVENTDOM LTD,17308777,active,ltd,,,2026-06-30,,2026-06-30,[96090],21 Selcroft House Glenister Road London United Kingdom SE10 0HL,,,
OLLIES MEDIA LTD,17308791,active,ltd,,,2026-06-30,,2026-06-30,[73110],71-75 Shelton Street London United Kingdom WC2H 9JQ,,,
BARATOMART LTD,17309027,active,ltd,,,2026-06-30,,2026-06-30,[47910],Siu Offices London United Kingdom E1 5NF,,,
TEAM LANCELOT LTD,17309020,active,ltd,,,2026-06-30,,2026-06-30,[43390],Office 403 Screenworks 22 Highbury Grove London United Kingdom N5 2ER,,,
WIMIT LTD,17309013,active,ltd,,,2026-06-30,,2026-06-30,[62012, 82990, 94990],71-75 Shelton Street London United Kingdom WC2H 9JQ,,,
ASTLEY PROPERTY MANAGEMENT LTD,17309055,active,ltd,,,2026-06-30,,2026-06-30,[68100, 68209],71-75 Shelton Street London United Kingdom WC2H 9JQ,,,
NEXT HORIZON GROUP LTD,17309052,active,ltd,,,2026-06-30,,2026-06-30,[47910, 56210, 62090, 79901],71-75 Shelton Street London United Kingdom WC2H 9JQ,,,
LITTLE LOVING CARE COLLEGE LIMITED,17309056,active,ltd,,,2026-06-30,,2026-06-30,[85590],71-75 Shelton Street London United Kingdom WC2H 9JQ,,,
ROAMBOX LTD,17306085,active,ltd,,,2026-06-29,,2026-06-29,[61900],71-75 Shelton Street London United Kingdom WC2H 9JQ,https://roambox.co.uk,,Confirmed
HEATHMERE DESIGN AND LANDSCAPE LONDON LTD,17309274,active,ltd,,,2026-06-30,,2026-06-30,[71112],66 Paul Street London United Kingdom EC2A 4NA,,,
AEROVEX GROUP LTD,17309885,active,ltd,,,2026-06-30,,2026-06-30,[46180, 46190, 70229, 74909],71-75 Shelton Street London United Kingdom WC2H 9JQ,,,
RUDGE PROPERTY LTD,17309870,active,ltd,,,2026-06-30,,2026-06-30,[68100, 68209],20-22 Wenlock Road London England N1 7GU,,,
BLUEBRIDGE RECYCLING LTD,17309875,active,ltd,,,2026-06-30,,2026-06-30,[38320],66 Paul Street London United Kingdom EC2A 4NA,,,
ABUZ LTD,17309878,active,ltd,,,2026-06-30,,2026-06-30,[47110],221-223 Camberwell New Road London United Kingdom SE5 0TJ,,,
ROOT RECORDS LTD,17309879,active,ltd,,,2026-06-30,,2026-06-30,[58110, 59111, 59131, 59200],71-75 Shelton Street London United Kingdom WC2H 9JQ,,,
MONSTER-DG LTD,17309882,active,ltd,,,2026-06-30,,2026-06-30,[47910, 47990, 62090, 73110],20 Wenlock Road London England N1 7GU,,,
ETEVILA LTD,17310049,active,ltd,,,2026-06-30,,2026-06-30,[47910],71-75 Shelton Street London United Kingdom WC2H 9JQ,,,
LOMAI COLLECTIVE LTD,17310237,active,ltd,,,2026-06-30,,2026-06-30,[46450, 47710, 47750, 47910],27 Old Gloucester Street London United Kingdom WC1N 3AX,,,
ALTEVA COMPOSITES UK LTD,17310216,active,ltd,,,2026-06-30,,2026-06-30,[22290],128 City Road London United Kingdom EC1V 2NX,,,
CLARIONYX LTD,17310230,active,ltd,,,2026-06-30,,2026-06-30,[70229, 81100, 81210, 81222],35 Neptune Street London United Kingdom SE16 7JR,,,
8 HASLEMERE ABC LTD,17310206,active,ltd,,,2026-06-30,,2026-06-30,[68320],8 Haslemere Road London England N8 9QX,,,
M.I.O PROPERTY LTD,17310367,active,ltd,,,2026-06-30,,2026-06-30,[68100],71-75 Shelton Street London United Kingdom WC2H 9JQ,,,
AAI MG LTD,17310537,active,ltd,,,2026-06-30,,2026-06-30,[96090],128 City Road London United Kingdom EC1V 2NX,,,
OZANER MEAT LTD,17310538,active,ltd,,,2026-06-30,,2026-06-30,[46320, 47220],760 Barking Road London United Kingdom E13 9PJ,,,
POKUTLUMUHENDIS LTD,17310534,active,ltd,,,2026-06-30,,2026-06-30,[47910],71-75 Shelton Street London United Kingdom WC2H 9JQ,,,
TAKIAH LTD,17310533,active,ltd,,,2026-06-30,,2026-06-30,[62011, 63120],71-75 Shelton Street London United Kingdom WC2H 9JQ,,,
ITBA HOLDINGS LIMITED,17310530,active,ltd,,,2026-06-30,,2026-06-30,[64209],4th Floor Charles House London United Kingdom NW3 5JJ,,,
KF HOLDINGS 3 LIMITED,17310759,active,ltd,,,2026-06-30,,2026-06-30,[68100],31 Fairholt Road London England N16 5EW,,,
ZIYARAH LTD,17310760,active,ltd,,,2026-06-30,,2026-06-30,[79120, 79909],37 Rainhill Way London England E3 3HP,,,
LYUCERA LIMITED,17294195,active,ltd,,,2026-06-22,,2026-06-22,[69202],124 City Road London England EC1V 2NX,,,
STAYCOMPOSEDUK LTD,17299527,active,ltd,,,2026-06-24,,2026-06-24,[73110],81 Myatts Fields South London United Kingdom SW9 6PB,,,
TURBOTREND LIMITED,17299683,active,ltd,,,2026-06-24,,2026-06-24,[47910],27 Old Gloucester St London United Kingdom WC1N 3AX,,,
H & C WELLNESS LTD,17300187,active,ltd,,,2026-06-24,,2026-06-24,[86900],10-11 The Arcade London England SE9 1BE,,,
CURATE INTELLIGENCE LTD,17300182,active,ltd,,,2026-06-24,,2026-06-24,[62012, 62090, 63120],17a Pitfield St London United Kingdom N1 6HB,,,
DATASINQ LTD,17300209,active,ltd,,,2026-06-24,,2026-06-24,[58290, 62012, 63110],128 City Road London United Kingdom EC1V 2NX,,,
OBSCURATECH MANUFACTURING LTD,17300201,active,ltd,,,2026-06-24,,2026-06-24,[28990, 32990],124-128 City Road London United Kingdom EC1V 2NX,,,
WELLPATH COMMUNITY SERVICES LTD,17300334,active,ltd,,,2026-06-24,,2026-06-24,[49320, 52290, 53202, 88100],66 Paul Street London England EC2A 4NA,,,
NEXT PHASE CAPITAL LIMITED,17300337,active,ltd,,,2026-06-24,,2026-06-24,[64999],20 London Road Crewe England CW3 9SF,,,
LUMOR ADVISORY LTD,17300341,active,ltd,,,2026-06-24,,2026-06-24,[70229],Flat 12, Cromwell Tower London United Kingdom EC2Y 8DD,,,
SERA HEALTH GROUP LIMITED,17300329,active,ltd,,,2026-06-24,,2026-06-24,[86900],1579 London Road Leigh On Sea United Kingdom SS9 2SG,,,
GRAPPLE NOMINEE LTD,17300321,active,ltd,,,2026-06-24,,2026-06-24,[64209, 66190],Fox Court London England WC1X 8HN,,,
ANN DEMEULEMEESTER UK LTD,17287493,active,ltd,,,2026-06-19,,2026-06-19,[47710],5th Floor 10 Brook Street London United Kingdom W1S 1BG,https://www.anndemeulemeester.com,,Likely
LATAMFLAVOURS & CATERING LTD,17300533,active,ltd,,,2026-06-24,,2026-06-24,[56101],171 Hornsey Road , London United Kingdom N7 6RA,,,
XANARIOS IMPACT LTD,17300669,active,ltd,,,2026-06-25,,2026-06-25,[85590, 85600, 88990, 96090],66 Paul Street London England EC2A 4NA,,,
CRAFTIVA LTD,17300668,active,ltd,,,2026-06-25,,2026-06-25,[96090],128 City Road London United Kingdom EC1V 2NX,,,
RESIDENTIAL COMPLIANCE GROUP LTD,17300658,active,ltd,,,2026-06-25,,2026-06-25,[71111, 71122],124 City  Road London United Kingdom EC1V 2NX,,,
YUANTHAREL LTD,17300674,active,ltd,,,2026-06-25,,2026-06-25,[47910],Unit245 Second Floor Capital House 61 Amhurst Road, London United Kingdom E8 1LL,,,
MALI COLLECTIVE LTD,17300673,active,ltd,,,2026-06-25,,2026-06-25,[94990, 96090],128 City Road London United Kingdom EC1V 2NX,,,
DIVISION 1 SYSTEMS LTD,17300786,active,ltd,,,2026-06-25,,2026-06-25,[62012, 63110],128 City Road London United Kingdom EC1V 2NX,,,
5G BTL LTD,17300798,active,ltd,,,2026-06-25,,2026-06-25,[68209],71-75 Shelton Street London United Kingdom WC2H 9JQ,,,
M WAY GLOBAL LTD,17300917,active,ltd,,,2026-06-25,,2026-06-25,[77400],5th Floor 10 Brook Street London United Kingdom W1S 1BG,,,
K SPENCER HOLDINGS LIMITED,17301312,active,ltd,,,2026-06-25,,2026-06-25,[64209],Quadrant House London United Kingdom E1W 1YW,,,
OZMEM LTD,17301311,active,ltd,,,2026-06-25,,2026-06-25,[56103],258 Grand Drive London England SW20 9NE,,,
HOWARD ENITITIES LTD,17301299,active,ltd,,,2026-06-25,,2026-06-25,[47710],1 Cranhurst Road London England NW2 4LJ,,,
PROSPERA ANCIENT ART . LTD,17301242,active,ltd,,,2026-06-25,,2026-06-25,[47791, 47910],54 Stoneleigh Terrace London United Kingdom N19 5TZ,,,
CRESTVIEW LIVINGS LTD,17301676,active,ltd,,,2026-06-25,,2026-06-25,[41100],Flat 5, 144 Hoxton Street London England N1 6SH,,,
ANYIWE GROUP LTD,17301672,active,ltd,,,2026-06-25,,2026-06-25,[68100, 68209],20 Wenlock Road London England N1 7GU,,,
PENTECH SOLUTIONS LTD,17301679,active,ltd,,,2026-06-25,,2026-06-25,[62020],Office 19631 182-184 High Street North London United Kingdom E6 2JA,,,
BROMPTON PSYCHOLOGY LTD,17273950,active,ltd,,,2026-06-10,,2026-06-10,[86900],189 Brompton Road London United Kingdom SW3 1NE,,,
AM TO PM TALENT LTD,17301807,active,ltd,,,2026-06-25,,2026-06-25,[78101],20 Wenlock Road London England N1 7GU,,,
RHZ PROPERTY LTD,17302019,active,ltd,,,2026-06-25,,2026-06-25,[55100, 55900],71-75 Shelton Street London United Kingdom WC2H 9JQ,,,
STEADY HEALTH LTD,17302077,active,ltd,,,2026-06-25,,2026-06-25,[58290],30 Churchill Place London United Kingdom E14 5RE,,,
CORELO AI LTD,17302072,active,ltd,,,2026-06-25,,2026-06-25,[62012],124-128 City Road London England EC1V 2NX,,,
RUSINKO MEDIA LTD,17302067,active,ltd,,,2026-06-25,,2026-06-25,[59132],71-75 Shelton Street London United Kingdom WC2H 9JQ,,,
SCART LIMITED,17302057,active,ltd,,,2026-06-25,,2026-06-25,[68100, 68209],Unit Da2 London United Kingdom E17 6BU,,,
STENVRA LTD,17302064,active,ltd,,,2026-06-25,,2026-06-25,[62012, 62020, 62090, 63110],71-75 Shelton Street London United Kingdom WC2H 9JQ,,,
CELINA TEAGUE LIMITED,17302058,active,ltd,,,2026-06-25,,2026-06-25,[47910],7 Stratford Place London United Kingdom W1C 1AY,,,
LOVED BY MADLY LTD,17302149,active,ltd,,,2026-06-25,,2026-06-25,[46160, 46420, 47710, 47910],Flat 1, Loretta Wharf London England W4 3PN,,,
GOSAI DATA SERVICES LTD,17302152,active,ltd,,,2026-06-25,,2026-06-25,[62012, 62020, 62090],66 Paul Street London United Kingdom EC2A 4NA,,,
ELEGANTLY SCULPTED LTD,17302300,active,ltd,,,2026-06-25,,2026-06-25,[93130],11 Seagull Lane London United Kingdom E16 1EY,,,
PINNACLE MANAGEMENT INTERNATIONAL LTD,17270528,active,ltd,,,2026-06-09,,2026-06-09,[82302],20 Wenlock Road London England N1 7GU,,,
ARTIFIS LTD,17302295,active,ltd,,,2026-06-25,,2026-06-25,[43210, 43220],128 City Road London United Kingdom EC1V 2NX,,,
RENAISSANCE-21 LTD,17302296,active,ltd,,,2026-06-25,,2026-06-25,[70229, 85520, 90010, 90020],167-169 Great Portland Street London United Kingdom W1W 5PF,,,
LEGACY BASKETBALL ACADEMIES COACHING LTD,17302376,active,ltd,,,2026-06-25,,2026-06-25,[85510, 85600, 93120, 93199],167-169 Great Portland Street London England W1W 5PF,,,
CHAPMAN COTTAGE LTD,17302499,active,ltd,,,2026-06-25,,2026-06-25,[68209],70a Lordship Lane London England SE22 8HF,,,
CZX LIMITED,17302504,active,ltd,,,2026-06-25,,2026-06-25,[56102],43 Cobalt Tower Moulding Lane London England SE14 6BF,,,
MERMER CAPITAL LTD,17302601,active,ltd,,,2026-06-26,,2026-06-26,[46730, 47190, 47520],8 Clock House Parade London England N13 6BG,,,
SWH PORTFOLIO UK LTD,17302639,active,ltd,,,2026-06-26,,2026-06-26,[68100],C/O 32 Castlewood Road London England N16 6DW,,,
DOPOMAIN LTD,17302635,active,ltd,,,2026-06-26,,2026-06-26,[62012],128 City Road London United Kingdom EC1V 2NX,,,
AIRAVON LTD,17302890,active,ltd,,,2026-06-26,,2026-06-26,[46420, 47710, 47910],115 115 Long Lane London United Kingdom SE1 4PH,,,
NEOCEM LTD,17303116,active,ltd,,,2026-06-26,,2026-06-26,[23990, 72190],38 Windermere Road London England W5 4TD,,,
SENTRIC LTD,17303111,active,ltd,,,2026-06-26,,2026-06-26,[43210, 81210, 81229, 95110],355 Southwark Park Road London United Kingdom SE16 2JN,,,
S95 INVESTMENTS LTD,17303114,active,ltd,,,2026-06-26,,2026-06-26,[68100, 68209, 68320],87 High Street South London England E6 6EJ,,,
BHP AGENCY LTD,17303103,active,ltd,,,2026-06-26,,2026-06-26,[70229, 73110, 73120],20 Wenlock Road London England N1 7GU,,,
VIGILAXIS LTD,17303362,active,ltd,,,2026-06-26,,2026-06-26,[62012, 63110, 70229],167-169 Great Portland Street London England W1W 5PF,,,
GRAVES & VALE LTD,17291526,active,ltd,,,2026-06-20,,2026-06-20,[47910, 58110, 70229, 74909],66 Paul Street London England EC2A 4NA,,,
SOLO INVESTMENTS PROPERTY 3 LIMITED,17303496,active,ltd,,,2026-06-26,,2026-06-26,[64209],Angel Square 4th Floor London England EC1V 1NY,,,
ALHUDA EDUCATION LTD,17303499,active,ltd,,,2026-06-26,,2026-06-26,[85600],124 City Road London United Kingdom EC1V 2NX,,,
LOOKOMORE LABS LTD,17303492,active,ltd,,,2026-06-26,,2026-06-26,[62012],124-128 City Road London England EC1V 2NX,,,
CONWAY MEDIA LIMITED,17268988,active,ltd,,,2026-06-08,,2026-06-08,[70210, 90030],Suite 2a, 7th Floor 5 Greenwich View Place London England E14 9NN,,,
EXPERIENCE INC LTD,17303749,active,ltd,,,2026-06-26,,2026-06-26,[74909],66 Paul Street London United Kingdom EC2A 4NA,,,
BCB&BMB FINANCIAL SECURITIES LTD,17303878,active,ltd,,,2026-06-26,,2026-06-26,[64205, 70221],4th Floor Office London England W1B 4HB,,,
SWEET HEART CHILD CARE LTD,17303881,active,ltd,,,2026-06-26,,2026-06-26,[88910],11 Clapton Common London United Kingdom E5 9AA,,,
ELLIOT IMPEY TRUCKS LTD,17304004,active,ltd,,,2026-06-26,,2026-06-26,[49410],71-75 Shelton Street London United Kingdom WC2H 9JQ,,,
QUANTUM DEVELOPMENTS LIMITED,17304122,active,ltd,,,2026-06-26,,2026-06-26,[68209],Apartment B2405 8 Carnation Way London England SW8 5JE,,,
LA FOGLIA GREENWICH LIMITED,17253362,active,ltd,,,2026-06-01,,2026-06-01,[56101, 56102, 56103, 56290],Office 5-8 50 River Gardens Walk London England SE10 0UB,,,
DORSELL LIMITED,17304125,active,ltd,,,2026-06-26,,2026-06-26,[68209],147 Stamford Hill London England N16 5LG,,,
MPOUGELO LTD,17304419,active,ltd,,,2026-06-26,,2026-06-26,[74990, 99999],128 City Road London United Kingdom EC1V 2NX,,,
LED LIGHTS UK LTD,17304413,active,ltd,,,2026-06-26,,2026-06-26,[47910, 62012],20 Wenlock Road London England N1 7GU,,,
ARVONE PRODUCTIONS LIMITED,17304437,active,ltd,,,2026-06-26,,2026-06-26,[58190, 59112, 59113, 59200],71-75 Shelton Street London United Kingdom WC2H 9JQ,,,
AGATHE B. YOGA LTD,17304436,active,ltd,,,2026-06-26,,2026-06-26,[96040],86a Cecilia Road London England E8 2ET,,,
ORBIT STAR LTD,17304633,active,ltd,,,2026-06-26,,2026-06-26,[62090, 64999, 70229, 82990],60 Tottenham Court Road London England W1T 2EW,,,
LSMARINE LTD,17304683,active,ltd,,,2026-06-27,,2026-06-27,[33150, 43341],66 Paul Street London United Kingdom EC2A 4NA,,,
CW FINANCIAL CONSULTANCY LTD,17304870,active,ltd,,,2026-06-27,,2026-06-27,[62020, 70221],167-169 Great Portland Street London United Kingdom W1W 5PF,,,
WRAPRIG LTD,17293197,active,ltd,,,2026-06-22,,2026-06-22,[47910],167-169 Great Portland Street, 5th Floor London England W1W 5PF,,,
OLD STREET LTD,17304973,active,ltd,,,2026-06-27,,2026-06-27,[55209, 68209],107 Aldersgate Street London England EC1A 4JQ,,,
HYPNOS LONDON LTD,17304980,active,ltd,,,2026-06-27,,2026-06-27,[47910],Flat 8 71 Beaumont Road London England W4 5AL,,,
HUUFA PROPERTY LIMITED,17305100,active,ltd,,,2026-06-28,,2026-06-28,[68100, 68209],11a Pratt Street London England NW1 0AE,,,
A&K WOCH PROPERTIES LTD,17305093,active,ltd,,,2026-06-28,,2026-06-28,[68209],67 Marmadon Road London England SE18 1EA,,,
OUTSIDE LABS LTD,17305261,active,ltd,,,2026-06-28,,2026-06-28,[62012, 63120],15 Bessemer Place London United Kingdom SE10 0GQ,,,
BEDRAMIN LTD,17305390,active,ltd,,,2026-06-28,,2026-06-28,[73110],195 Wood Street London United Kingdom E17 3NU,,,
JET DEVELOPMENTS ESSEX LIMITED,17305444,active,ltd,,,2026-06-29,,2026-06-29,[41100],9 Great Chesterford Court Great Chesterford United Kingdom CB10 1PF,,,
ESMERALDA PARTNERS LTD,17305590,active,ltd,,,2026-06-29,,2026-06-29,[64209, 70229, 82990],71-75 Shelton Street London United Kingdom WC2H 9JQ,,,
STATION LONDON INTELLIGENCE LTD,17305595,active,ltd,,,2026-06-29,,2026-06-29,[80300],128 City Road London United Kingdom EC1V 2NX,,,
NUTTY CAKES COMPANY LTD,17305661,active,ltd,,,2026-06-29,,2026-06-29,[10710, 10720, 47240],20 Wenlock Road London England N1 7GU,,,
HIGHCROFT PARTNERS LIMITED,17305711,active,ltd,,,2026-06-29,,2026-06-29,[70229],29 Highcroft Gardens London England NW11 0LY,,,
SALON INTELLIGENCE LTD,17305717,active,ltd,,,2026-06-29,,2026-06-29,[96020],20 Wenlock Road London United Kingdom N1 7GU,,,
PD521 LIMITED,17305715,active,ltd,,,2026-06-29,,2026-06-29,[43999],28 Fairlight Avenue London England E4 6PA,,,
KAELVORA LTD,17305880,active,ltd,,,2026-06-29,,2026-06-29,[68100, 68209],2nd Floor College House Ruislip, United Kingdom HA4 7AE,,,
KALLIS GROUP BRANDS LTD,17305885,active,ltd,,,2026-06-29,,2026-06-29,[46110, 47910, 47990],128 City Road London United Kingdom EC1V 2NX,,,
PAKVAL HOLDINGS LTD,17306011,active,ltd,,,2026-06-29,,2026-06-29,[47910],Flat 2803 3 Pan Peninsula Square London United Kingdom E14 9HQ,,,
PLATINUM DESIRES LTD,17306023,active,ltd,,,2026-06-29,,2026-06-29,[86900],128 City Road London United Kingdom EC1V 2NX,https://platinumdesires.co.uk,,Likely
319 FREEHOLD LIMITED,17305991,active,ltd,,,2026-06-29,,2026-06-29,[68209, 98000],Flat 1-2 319 Caledonian Road London England N1 1DR,,,
FUSEBOX ENTERTAINMENT LIMITED,17306032,active,ltd,,,2026-06-29,,2026-06-29,[59113, 59133, 70229],163 Herne Hill London England SE24 9LR,,,
ROLANDMELOS LTD,17306031,active,ltd,,,2026-06-29,,2026-06-29,[78109],86-90 Paul Street London England EC2A 4NE,https://www.rolandmelos.com,,Likely
A.T.A.N INDUSTRIES LTD,17306187,active,ltd,,,2026-06-29,,2026-06-29,[62012, 62090, 63110, 63120],483 Green Lanes London England N13 4FG,,,
FOR RELIEF LTD,17306194,active,ltd,,,2026-06-29,,2026-06-29,[88990],71-75 Shelton Street London United Kingdom WC2H 9JQ,,,
HASTINGS GUR LTD,17306317,active,ltd,,,2026-06-29,,2026-06-29,[68100, 68209],128 Kyverdale Road London United Kingdom N16 6PR,,,
WEB DESIGN STUDIO LONDON LTD,17306308,active,ltd,,,2026-06-29,,2026-06-29,[62012, 62020, 62090],71-75 Shelton Street London United Kingdom WC2H 9JQ,,,
EGLINTON INV SUB LTD,17306503,active,ltd,,,2026-06-29,,2026-06-29,[68209],143-145 Clapton Common London United Kingdom E5 9AE,,,
ABLOOM LIVING LTD,17306552,active,ltd,,,2026-06-29,,2026-06-29,[68100, 68209],128 City Road London United Kingdom EC1V 2NX,,,
BSA UK CATERING LTD,17306751,active,ltd,,,2026-06-29,,2026-06-29,[46310],500 White Hart Lane London England N17 7NA,,,
EMIRED SCHOOL LTD,17306812,active,ltd,,,2026-06-29,,2026-06-29,[85590],128 City Road London United Kingdom EC1V 2NX,,,
MODICOM LTD,17307078,active,ltd,,,2026-06-29,,2026-06-29,[62090, 63990],128 City Road London United Kingdom EC1V 2NX,,,
ROOMWERSE LTD,17307107,active,ltd,,,2026-06-29,,2026-06-29,[47910],Suite 10986 5 Brayford Square London United Kingdom E1 0SG,,,
TEMPLESTONE CONSULTING LIMITED,17307115,active,ltd,,,2026-06-29,,2026-06-29,[70229],124 City Road London England EC1V 2NX,,,
REALMPARK IG LIMITED,17307118,active,ltd,,,2026-06-29,,2026-06-29,[68209],31a Fairholt Road London United Kingdom N16 5EW,,,
O.M.TEXTILES LTD,17307132,active,ltd,,,2026-06-29,,2026-06-29,[14132],A-08 Florentia Village London United Kingdom N4 1TD,,,
M CURTIS AND SONS BUILDING LTD,17307130,active,ltd,,,2026-06-29,,2026-06-29,[41202],66 Paul Street London United Kingdom EC2A 4NA,,,
KOYLINK SERVICES LTD,17307120,active,ltd,,,2026-06-29,,2026-06-29,[43390, 49420, 81100, 81210],Flat 1, 6 Bromley Road London United Kingdom SE6 2TP,https://www.koylinkservices.co.uk,,Likely
KP C & C HOLDING LTD,17307306,active,ltd,,,2026-06-29,,2026-06-29,[64202, 64203],66 Paul Street London United Kingdom EC2A 4NA,,,
LIVERLOOP LTD,17307290,active,ltd,,,2026-06-29,,2026-06-29,[62012, 62020, 62090, 63110],66 Paul Street London United Kingdom EC2A 4NA,,,
PRUDENTIA INVESTMENTS LTD,17307516,active,ltd,,,2026-06-29,,2026-06-29,[68209],C/O Getground London England W6 0NB,,,
MOUSTACHE BAR NORTH LONDON LIMITED,17307513,active,ltd,,,2026-06-29,,2026-06-29,[56302],86b High Road Second Floor London England E18 2NA,,,
LE MAISON LEBEAU LIMITED,17307540,active,ltd,,,2026-06-29,,2026-06-29,[99999],71-75 Shelton Street London United Kingdom WC2H 9JQ,,,
PATAGONIA GARDEN STUDIO LTD,17307527,active,ltd,,,2026-06-29,,2026-06-29,[71112],128 City Road London United Kingdom EC1V 2NX,,,
FOUNDERS HUB UK LIMITED,17307587,active,ltd,,,2026-06-29,,2026-06-29,[70229],2nd Floor College House Ruislip, United Kingdom HA4 7AE,,,
DORU RAUTA LTD,17307591,active,ltd,,,2026-06-29,,2026-06-29,[49410],11 Maybury Road London England E13 8RZ,,,
GREATFIELDS1 LIMITED,17307574,active,ltd,,,2026-06-29,,2026-06-29,[68100],Flat 11 Amhurst Court London England N16 5AX,,,
DR SHAHAB MIRJAFARI PROPERTIES LTD,17307580,active,ltd,,,2026-06-29,,2026-06-29,[68209],11 Gloucester Drive London United Kingdom NW11 6BH,,,
SHARIQ OVERSEAS LTD,17307713,active,ltd,,,2026-06-29,,2026-06-29,[79110],Office 19708 182-184 High Street North London United Kingdom E6 2JA,,,
CULTURAL TRADITION LTD,17307724,active,ltd,,,2026-06-29,,2026-06-29,[47781, 47791, 47990, 82990],128 City Road London United Kingdom EC1V 2NX,,,
MATELORYN ASSET REQUESTS LTD,17307733,active,ltd,,,2026-06-29,,2026-06-29,[62012, 62020, 62090, 63120],5 Brayford Square London England E1 0SG,,,
PROPTECH SOLUTIONS LTD,17307822,active,ltd,,,2026-06-29,,2026-06-29,[58290, 62090],66 Paul Street London United Kingdom EC2A 4NA,,,
247 EXPERT ROOFING LTD,17307889,active,ltd,,,2026-06-29,,2026-06-29,[43910],66 Paul Street London England EC2A 4NA,,,
HIGHFIELD LA LIMITED,17307892,active,ltd,,,2026-06-29,,2026-06-29,[56102],5 London Road Sheffield England S2 4LA,,,
ZERO 21 RECORDS LIMITED,17308001,active,ltd,,,2026-06-29,,2026-06-29,[59112, 59200, 90010],31 Dairyman Close London England NW2 1EP,,,
E15 INVESTMENTS LIMITED,17308085,active,ltd,,,2026-06-29,,2026-06-29,[64304],69 King William Street London England EC4N 7HR,,,
KAVYA'S KITCHEN LTD,17308141,active,ltd,,,2026-06-30,,2026-06-30,[56210],53 Pilgrims Close London England N13 4HY,,,
THE PROTECTION ADVOCATE LTD,17308233,active,ltd,,,2026-06-30,,2026-06-30,[65110, 65202, 66220, 85590],66 Paul Street London England EC2A 4NA,,,
ACTION ON DEMENTIA CIC,17308354,active,ltd,community-interest-company,,2026-06-30,,2026-06-30,[49390, 88100, 88990],60 Tottenham Court Road London England W1T 2EW,,,
M LIFE LTD,17308352,active,ltd,,,2026-06-30,,2026-06-30,[73110],71-75 Shelton Street London United Kingdom WC2H 9JQ,,,
MARAKEZONE LTD,17308359,active,ltd,,,2026-06-30,,2026-06-30,[47910],20 Wenlock Road London England N1 7GU,,,
DOZUS LTD,17308398,active,ltd,,,2026-06-30,,2026-06-30,[59200, 62012],Flat 1 48 Gloucester Place London England W1U 8HG,,,
DPFL MEDIA LTD,17308577,active,ltd,,,2026-06-30,,2026-06-30,[58110, 59112],71-75 Shelton Street London United Kingdom WC2H 9JQ,,,
MEDCOMPASS LTD,17308837,active,ltd,,,2026-06-30,,2026-06-30,[58290, 62012, 62090, 85600],124 City Road London United Kingdom EC1V 2NX,,,
APPLIED LEVERAGE LIMITED,17308816,active,ltd,,,2026-06-30,,2026-06-30,[70229],71-75 Shelton Street London United Kingdom WC2H 9JQ,,,
HEALTHCARE HUB DIGITAL LIMITED,17308843,active,ltd,,,2026-06-30,,2026-06-30,[59112],167-169 Great Portland Street London England W1W 5PF,,,
VORTEX 2 LTD,17308842,active,ltd,,,2026-06-30,,2026-06-30,[81222],25a Mabley Street London England E9 5RH,,,
EAZZY LIVING SOLUTION LTD,17308844,active,ltd,,,2026-06-30,,2026-06-30,[55201, 68320, 85600],66 Paul Street London United Kingdom EC2A 4NA,,,
GROUPCHAT LTD,17308828,active,ltd,,,2026-06-30,,2026-06-30,[62012, 93290],71-75 Shelton Street London United Kingdom WC2H 9JQ,,,
BATCHE LTD,17308823,active,ltd,,,2026-06-30,,2026-06-30,[62012],71-75 Shelton Street London United Kingdom WC2H 9JQ,,,
MEHR HOUSE CONSTRUCTION SERVICES LIMITED,17308813,active,ltd,,,2026-06-30,,2026-06-30,[41202, 43290, 43320, 43390],29 Kentmere Road London England SE18 1DL,,,
NORVANT GROUP LTD,17308902,active,ltd,,,2026-06-30,,2026-06-30,[78109, 78200, 78300, 82990],66 Paul Street London United Kingdom EC2A 4NA,,,
GREEN SML FREEHOLD LIMITED,17309089,active,ltd,,,2026-06-30,,2026-06-30,[68209],Holiday Inn London Heathrow M4 J4 West Drayton United Kingdom UB7 0JU,,,
SERRA PARTNERS LIMITED,17309073,active,ltd,,,2026-06-30,,2026-06-30,[68320],Apartment 207 22 Enterprise Way London England SW18 1SE,,,
KINGSTON TAILORING LIMITED,17309071,active,ltd,,,2026-06-30,,2026-06-30,[14190, 47510],46a Old London Road Kingston Upon Thames England KT2 6QF,,,
SPICE DISTRICT LTD,17309074,active,ltd,,,2026-06-30,,2026-06-30,[56290],507 Kingston Road London United Kingdom SW20 8SF,,,
OSPRI HEALTH LTD,17309088,active,ltd,,,2026-06-30,,2026-06-30,[46460],4th Floor 3 More London Riverside London United Kingdom SE1 2AQ,,,
ALLERGY CARE CLINIC LTD,17309085,active,ltd,,,2026-06-30,,2026-06-30,[86220],71-75 Shelton Street London United Kingdom WC2H 9JQ,,,
FOREVANTIS LTD,17309287,active,ltd,,,2026-06-30,,2026-06-30,[62012, 62020, 63110, 63990],128 City Road London United Kingdom EC1V 2NX,,,
DIGITAL MEDIA HAMPTON LIMITED,17309288,active,ltd,,,2026-06-30,,2026-06-30,[62012, 62020, 63120],Flat 205 Headwater Point 2 Dipper Drive London England E3 3YQ,,,
ROMOLA & CO LONDON LTD,17309286,active,ltd,,,2026-06-30,,2026-06-30,[70229],66 Paul Street London United Kingdom EC2A 4NA,,,
BOOT UP THE NETWORK LTD,17309329,active,ltd,,,2026-06-30,,2026-06-30,[90030],C/O L&C Llp City Bridge House London United Kingdom SE1 1RU,,,
REINFORCELABS LTD,17309331,active,ltd,,,2026-06-30,,2026-06-30,[62012, 62020],20 Wenlock Road London England N1 7GU,,,
BOKEH PRODUCTIONS LTD,17309334,active,ltd,,,2026-06-30,,2026-06-30,[59112],71-75 Shelton Street London United Kingdom WC2H 9JQ,,,
BRAMBLE AND PAW LTD,17309487,active,ltd,,,2026-06-30,,2026-06-30,[47910],228 Plashet Grove London England E6 1DA,https://brambleandpaw.co.uk,info@brambleandpaw.co.uk,Confirmed
BIG DAL LTD,17309561,active,ltd,,,2026-06-30,,2026-06-30,[10890, 47190],124-128 City Road London United Kingdom EC1V 2NX,,,
NEW HORIZON LEADING COMPANY LTD,17309738,active,ltd,,,2026-06-30,,2026-06-30,[46900],128 City Road London United Kingdom EC1V 2NX,,,
HUB4LASER LTD,17309724,active,ltd,,,2026-06-30,,2026-06-30,[33130, 46690, 47990, 85590],71-75 Shelton Street London United Kingdom WC2H 9JQ,,,
GRACE GIANT NURSERY LTD,17309730,active,ltd,,,2026-06-30,,2026-06-30,[85100],69 Plumstead Common Road London England SE18 3AS,,,
HOAS CLOTHING LTD,17309868,active,ltd,,,2026-06-30,,2026-06-30,[46180],66 Paul Street London United Kingdom EC2A 4NA,,,
212 COLLECTION LTD,17309861,active,ltd,,,2026-06-30,,2026-06-30,[81222],102 Linden Way London United Kingdom N14 4NH,,,
STAR OFFICE SUPPORT LIMITED,17309854,active,ltd,,,2026-06-30,,2026-06-30,[82190],Flat 8 Meads Court London England E15 4LB,,,
BIG MOUNTAIN PROPERTY LIMITED,17270918,active,ltd,,,2026-06-09,,2026-06-09,[68209],167-169 Great Portland Street London England W1W 5PF,,,
HACH LONDON LTD,17310034,active,ltd,,,2026-06-30,,2026-06-30,[47910],71-75 Shelton Street London United Kingdom WC2H 9JQ,,,
CHERRY TREE ACTUARIAL LTD,17310045,active,ltd,,,2026-06-30,,2026-06-30,[66290],Flat 78, 49 Hallam Street London England W1W 6JP,,,
AI4MEE LTD,17310041,active,ltd,,,2026-06-30,,2026-06-30,[47410, 62012, 62020, 63110],71-75 Shelton Street London United Kingdom WC2H 9JQ,,,
HH CATERING 288 LTD,17310198,active,ltd,,,2026-06-30,,2026-06-30,[56103],288 Uxbridge Road London England W12 7JA,,,
UPRETYSONS LTD,17282822,active,ltd,,,2026-06-18,,2026-06-18,[68100],63 Floyd Road London United Kingdom SE7 8AR,,,
NØRA JEWELLERY LIMITED,17310186,active,ltd,,,2026-06-30,,2026-06-30,[47910],167-169 Great Portland Street London England W1W 5PF,,,
LB IT CONSULTANCY SERVICE LTD,17310445,active,ltd,,,2026-06-30,,2026-06-30,[62020],163 Herne Hill London United Kingdom SE24 9LR,,,
STUDIO AKT LTD,17310448,active,ltd,,,2026-06-30,,2026-06-30,[74100],66 Paul Street London England EC2A 4NA,,,
DTRNMY8.18 LTD,17310438,active,ltd,,,2026-06-30,,2026-06-30,[90030],128 City Road London United Kingdom EC1V 2NX,,,
WINTHORPE PRODUCTIONS LTD,17310620,active,ltd,,,2026-06-30,,2026-06-30,[59120],5 Brayford Square London United Kingdom E1 0SG,,,
ATLASMATCH AI LTD,17285262,active,ltd,,,2026-06-19,,2026-06-19,[62012, 62020, 63120, 90020],5 Brayford Square London England E1 0SG,,,
ELOWEN GLOBAL LIMITED,17310693,active,ltd,,,2026-06-30,,2026-06-30,[14190, 15200],Office 19841 182-184 High Street North East Ham United Kingdom E6 2JA,,,
AL HADI COMMERCE LIMITED,17310822,active,ltd,,,2026-06-30,,2026-06-30,[47910],Flat 5 Gordon House London England W5 1EY,,,
PAREA PROTECTION LTD,17310820,active,ltd,,,2026-06-30,,2026-06-30,[68320, 80100],4-6 Greatorex Street London England E1 5NF,,,
MSM AUDIO LTD,17310838,active,ltd,,,2026-06-30,,2026-06-30,[59200, 62012, 74100, 74909],60 Tottenham Court Road London United Kingdom W1T 2EW,,,
BETTER MADE CO LTD,17310844,active,ltd,,,2026-06-30,,2026-06-30,[46380],Apartment 1603 Aviator Point 1 Odyssey Way London England SW18 1EH,,,
TAPPED TALENT LTD,17299961,active,ltd,,,2026-06-24,,2026-06-24,[90010],124, Tapped Talent Ltd City Road London United Kingdom EC1V 2NX,,,
AR RIHLA GROUP LTD,17299977,active,ltd,,,2026-06-24,,2026-06-24,[79110, 79120, 79901, 85600],71-75 Shelton Street London United Kingdom WC2H 9JQ,,,
LEATHERATTIRE LTD,17299995,active,ltd,,,2026-06-24,,2026-06-24,[47910],Unit A1325 4-6 Greatorex Street London United Kingdom E1 5NF,,,
PENCO HOLDINGS LTD,17299982,active,ltd,,,2026-06-24,,2026-06-24,[64209],83 Haberdasher Street London United Kingdom N1 6EH,,,
CREATEDVENTURES LTD,17300031,active,ltd,,,2026-06-24,,2026-06-24,[62020, 62090, 70229],66 Paul Street London England EC2A 4NA,,,
BK HOSPITALITY GROUP LIMITED,17300028,active,ltd,,,2026-06-24,,2026-06-24,[64209],26 Curzon Street London England W1J 7TQ,,,
NEXT LEVEL GROUP ELECTRICAL LTD,17300120,active,ltd,,,2026-06-24,,2026-06-24,[43210],298a White Hart Lane London United Kingdom N17 8LA,,,
FRAME THE MARKET LTD,17300116,active,ltd,,,2026-06-24,,2026-06-24,[73110],66 Paul Street London United Kingdom EC2A 4NA,,,
ELITE TRAVELS AND TOURS LTD,17300122,active,ltd,,,2026-06-24,,2026-06-24,[79110],Office 19719 182-184 High Street North East Ham London United Kingdom E6 2JA,,,
THEBRIXTONBARKYARD LTD,17300128,active,ltd,,,2026-06-24,,2026-06-24,[47910],3rd Floor, 86-90 Paul Street London United Kingdom EC2A 4NE,,,
UEL P PROPERTY GROUP LTD,17300258,active,ltd,,,2026-06-24,,2026-06-24,[68100, 68209, 68320],167-169 Great Portland Street, 5th Floor London England W1W 5PF,,,
TODITO LIMITED,17300252,active,ltd,,,2026-06-24,,2026-06-24,[41201, 43290],123 Jeremys Green London England N18 2ND,,,
DEDAM VENTURE LTD,17300259,active,ltd,,,2026-06-24,,2026-06-24,[47890],128 City Road London United Kingdom EC1V 2NX,,,
REVIVAL BIO PEP LTD,17300357,active,ltd,,,2026-06-24,,2026-06-24,[46390, 46460, 47910],71-75 Shelton Street London United Kingdom WC2H 9JQ,,,
V&R FIX LIMITED,17300348,active,ltd,,,2026-06-24,,2026-06-24,[41201, 43290],128 Montagu Road London England N18 2NS,,,
HA OCEANCREST LTD,17300458,active,ltd,,,2026-06-24,,2026-06-24,[47910],20 Wenlock Road London United Kingdom N1 7GU,,,
HTX GROUP LTD,17300445,active,ltd,,,2026-06-24,,2026-06-24,[64209],128 City Road London United Kingdom EC1V 2NX,,,
CHIEKOARTSTT LTD,17300623,active,ltd,,,2026-06-25,,2026-06-25,[47781, 90030],66 Paul Street London United Kingdom EC2A 4NA,,,
VINISOT LTD,17300626,active,ltd,,,2026-06-25,,2026-06-25,[47110],Flat 1, Montrose Court London England NW11 6AG,,,
UK LIGHTING GROUP LTD,17300772,active,ltd,,,2026-06-25,,2026-06-25,[35110, 96090],First Floor Office London United Kingdom W8 4LZ,,,
ALTIRAWI SERVICES LTD,17300783,active,ltd,,,2026-06-25,,2026-06-25,[59112, 86900],38 Mapesbury Road London England NW2 4JD,,,
SR CLAIMS AND FLEET SOLUTIONS LTD,17300782,active,ltd,,,2026-06-25,,2026-06-25,[45112, 77110, 82990],18 Peto Apartments 5 Wallis Walk London England E16 2XY,,,
SICRA CLUB LIMITED,17300891,active,ltd,,,2026-06-25,,2026-06-25,[64209],Ground Floor Cooper House London United Kingdom N3 2JX,,,
SAHAL CAFE LTD,17300903,active,ltd,,,2026-06-25,,2026-06-25,[56101],232 West Hendon Broadway London United Kingdom NW9 7ED,,,
ABBERTON SPORTS LIMITED,17300895,active,ltd,,,2026-06-25,,2026-06-25,[93199],71-75 Shelton Street London United Kingdom WC2H 9JQ,,,
EAST 22ND STREET LIMITED,17300896,active,ltd,,,2026-06-25,,2026-06-25,[82990],Aston House London England N3 1LF,,,
NUMIO ACCOUNTING LTD,17300954,active,ltd,,,2026-06-25,,2026-06-25,[62012, 69201, 69202, 69203],124 City Road London United Kingdom EC1V 2NX,,,
STEELCREST STRATEGIC HOLDINGS LTD,17301225,active,ltd,,,2026-06-25,,2026-06-25,[41201, 41202, 64209, 71121],71-75 Shelton Street London United Kingdom WC2H 9JQ,,,
PATTERNED PROPERTY MAINTENANCE LTD,17301235,active,ltd,,,2026-06-25,,2026-06-25,[43390],66 Paul Street London United Kingdom EC2A 4NA,,,
AW HAIRDRESSING LTD,17268567,active,ltd,,,2026-06-08,,2026-06-08,[96020],50 Drayton Gardens London England N21 2NS,,,
YOYO VENDING LIMITED,17301373,active,ltd,,,2026-06-25,,2026-06-25,[46690, 47110, 56290],66 Paul Street London England EC2A 4NA,,,
SOUP FACTORY LTD,17301363,active,ltd,,,2026-06-25,,2026-06-25,[56103],124-128 City Road London United Kingdom EC1V 2NX,,,
RBR BUILDING GROUP 1 LTD,17301367,active,ltd,,,2026-06-25,,2026-06-25,[41202],146 Lewis Gardens London England N16 5PJ,,,
SERISM LTD,17301358,active,ltd,,,2026-06-25,,2026-06-25,[68100, 68201, 68209, 68320],190 Billet Road London England E17 5DX,,,
E24F LTD,17301426,active,ltd,,,2026-06-25,,2026-06-25,[56101],94-96 Seymour Place London United Kingdom W1H 1NB,,,
VESA KALHO ADVISORY LIMITED,17287351,active,ltd,,,2026-06-19,,2026-06-19,[70229],71-75 Shelton Street London United Kingdom WC2H 9JQ,,,
CHARLIE SOMAUROO LTD,17301541,active,ltd,,,2026-06-25,,2026-06-25,[74902],25 Belgrave Road London United Kingdom E17 8QD,,,
LORDSHIP LANE BARBERS LTD,17301545,active,ltd,,,2026-06-25,,2026-06-25,[96020],Demsa Accounts London England N8 0RL,,,
TSALELHSCH LIMITED,17301563,active,ltd,,,2026-06-25,,2026-06-25,[47910, 47990],71-75 Shelton Street London United Kingdom WC2H 9JQ,,,
PRICE O'CALLAGHAN ARCHITECTS LTD,17301559,active,ltd,,,2026-06-25,,2026-06-25,[71111],70 Cowcross Street London United Kingdom EC1M 6EJ,,,
MCI CORPORATION LTD,17301562,active,ltd,,,2026-06-25,,2026-06-25,[64209],26 Corfton Road London United Kingdom W5 2HT,,,
COFFEEVILLE UK LIMITED,17301658,active,ltd,,,2026-06-25,,2026-06-25,[56102],7 London Road Waterlooville England PO7 7DT,,,
FPI HOLDINGS LTD,17301656,active,ltd,,,2026-06-25,,2026-06-25,[41202, 68100, 68320],34-38 Dalstone Lane London England E8 3AZ,,,
ACBEAUTYXO LTD,17301652,active,ltd,,,2026-06-25,,2026-06-25,[96020],128 City Road London United Kingdom EC1V 2NX,,,
MOCKORA LTD,17301635,active,ltd,,,2026-06-25,,2026-06-25,[62012, 62020, 74100],66 Paul Street London United Kingdom EC2A 4NA,,,
PLAYSTASTIC LTD,17301756,active,ltd,,,2026-06-25,,2026-06-25,[47910],128 City Road London United Kingdom EC1V 2NX,,,
BARIS COMMERCE LTD,17301931,active,ltd,,,2026-06-25,,2026-06-25,[47910],71-75 Shelton Street London United Kingdom WC2H 9JQ,,,
COREPROTOCOL LTD,17301917,active,ltd,,,2026-06-25,,2026-06-25,[81100, 93199],66 Paul Street London United Kingdom EC2A 4NA,,,
MR OPTICS LTD,17301993,active,ltd,,,2026-06-25,,2026-06-25,[47782],Office 5850 R C 60 Tottenham Court Road London United Kingdom W1T 2EW,,,
SPARKLY CLEAN SERVICES LTD,17302102,active,ltd,,,2026-06-25,,2026-06-25,[81299],Flat 6 Brigstock House London England SE5 9QE,,,
BALAIKA LTD,17302111,active,ltd,,,2026-06-25,,2026-06-25,[47910],10 Bluebell Avenue London England E12 6UJ,,,
CLIMACRAFT LTD,17262225,active,ltd,,,2026-06-04,,2026-06-04,[43220],Siu Offices London England E1 5NF,,,
HARTLEY REAL ESTATE LTD,17302208,active,ltd,,,2026-06-25,,2026-06-25,[68100],10 Woodlands Close London England NW11 9QP,,,
EJAZHUB ECO LTD,17302285,active,ltd,,,2026-06-25,,2026-06-25,[47190],Office 19231 182-184 High Street North London United Kingdom E6 2JA,,,
DEAR DAIRY LTD,17302442,active,ltd,,,2026-06-25,,2026-06-25,[46330],6 Basin Approach London England E14 7JA,,,
PROFOM SERVICES LTD,17302527,active,ltd,,,2026-06-25,,2026-06-25,[81100, 81210, 81229],16 Fermain Court West London United Kingdom N1 5TB,,,
NOVATHRA GLOBAL LTD,17302799,active,ltd,,,2026-06-26,,2026-06-26,[47990],128 City Road London United Kingdom EC1V 2NX,,,
HEALTHBURG NUTRITION LTD,17302778,active,ltd,,,2026-06-26,,2026-06-26,[46190, 46390, 47910, 47990],128 City Road London United Kingdom EC1V 2NX,,,
TRIPLE S SECURITY PROTECTION SERVICES LTD,17302930,active,ltd,,,2026-06-26,,2026-06-26,[80100],66 Paul Street London United Kingdom EC2A 4NA,,,
THE TRAVEL CONSULTANT AGENCY LTD,17302941,active,ltd,,,2026-06-26,,2026-06-26,[79120],66 Paul Street London England EC2A 4NA,,,
ABS & TAN ENTERPRISES LTD,17302937,active,ltd,,,2026-06-26,,2026-06-26,[96090],355b Green Street London United Kingdom E13 9AR,,,
SOFTIE BEVERAGES LIMITED,17302922,active,ltd,,,2026-06-26,,2026-06-26,[56102],124 City Road London United Kingdom EC1V 2NX,,,
PRIME SUPPLY CHAIN LTD,17303196,active,ltd,,,2026-06-26,,2026-06-26,[47910],Papermill House 138 Oxford Road London United Kingdom UB8 1WN,,,
